pid,draft_year,source_id,publisher,mock_rank,listed_count,source_url,archive_url,source_last_updated_date,capture_utc,draft_date,rank_facts_sha256,table_sha256,match_method
Pb9c495a67d,2015,dx_2015,dx,2,60,http://www.draftexpress.com/nba-mock-draft/2015/,https://web.archive.org/web/20150623175013id_/http://www.draftexpress.com/nba-mock-draft/2015/,2015-06-22,2015-06-23T17:50:13+00:00,2015-06-25,0a231e0576e7415e261451b526226f75e1762e60fb2fce1d95fe4310b3fde642,2ecc74d1bc6cda1ec60e9d905b7d9e28369b1bd84a9ac693a1b969eeba1032ea,unique_exact_normalized_same_cohort_name
P67cf99c3eb,2015,dx_2015,dx,3,60,http://www.draftexpress.com/nba-mock-draft/2015/,https://web.archive.org/web/20150623175013id_/http://www.draftexpress.com/nba-mock-draft/2015/,2015-06-22,2015-06-23T17:50:13+00:00,2015-06-25,0a231e0576e7415e261451b526226f75e1762e60fb2fce1d95fe4310b3fde642,2ecc74d1bc6cda1ec60e9d905b7d9e28369b1bd84a9ac693a1b969eeba1032ea,unique_exact_normalized_same_cohort_name
Pf1eb0b11c1,2015,dx_2015,dx,4,60,http://www.draftexpress.com/nba-mock-draft/2015/,https://web.archive.org/web/20150623175013id_/http://www.draftexpress.com/nba-mock-draft/2015/,2015-06-22,2015-06-23T17:50:13+00:00,2015-06-25,0a231e0576e7415e261451b526226f75e1762e60fb2fce1d95fe4310b3fde642,2ecc74d1bc6cda1ec60e9d905b7d9e28369b1bd84a9ac693a1b969eeba1032ea,unique_exact_normalized_same_cohort_name
Pc3390f55d0,2015,dx_2015,dx,5,60,http://www.draftexpress.com/nba-mock-draft/2015/,https://web.archive.org/web/20150623175013id_/http://www.draftexpress.com/nba-mock-draft/2015/,2015-06-22,2015-06-23T17:50:13+00:00,2015-06-25,0a231e0576e7415e261451b526226f75e1762e60fb2fce1d95fe4310b3fde642,2ecc74d1bc6cda1ec60e9d905b7d9e28369b1bd84a9ac693a1b969eeba1032ea,unique_exact_normalized_same_cohort_name
P11ed05516e,2015,dx_2015,dx,6,60,http://www.draftexpress.com/nba-mock-draft/2015/,https://web.archive.org/web/20150623175013id_/http://www.draftexpress.com/nba-mock-draft/2015/,2015-06-22,2015-06-23T17:50:13+00:00,2015-06-25,0a231e0576e7415e261451b526226f75e1762e60fb2fce1d95fe4310b3fde642,2ecc74d1bc6cda1ec60e9d905b7d9e28369b1bd84a9ac693a1b969eeba1032ea,unique_exact_normalized_same_cohort_name
P3e493925a2,2015,dx_2015,dx,7,60,http://www.draftexpress.com/nba-mock-draft/2015/,https://web.archive.org/web/20150623175013id_/http://www.draftexpress.com/nba-mock-draft/2015/,2015-06-22,2015-06-23T17:50:13+00:00,2015-06-25,0a231e0576e7415e261451b526226f75e1762e60fb2fce1d95fe4310b3fde642,2ecc74d1bc6cda1ec60e9d905b7d9e28369b1bd84a9ac693a1b969eeba1032ea,unique_exact_normalized_same_cohort_name
Pff77feae98,2015,dx_2015,dx,8,60,http://www.draftexpress.com/nba-mock-draft/2015/,https://web.archive.org/web/20150623175013id_/http://www.draftexpress.com/nba-mock-draft/2015/,2015-06-22,2015-06-23T17:50:13+00:00,2015-06-25,0a231e0576e7415e261451b526226f75e1762e60fb2fce1d95fe4310b3fde642,2ecc74d1bc6cda1ec60e9d905b7d9e28369b1bd84a9ac693a1b969eeba1032ea,unique_exact_normalized_same_cohort_name
P7d77f683c0,2015,dx_2015,dx,9,60,http://www.draftexpress.com/nba-mock-draft/2015/,https://web.archive.org/web/20150623175013id_/http://www.draftexpress.com/nba-mock-draft/2015/,2015-06-22,2015-06-23T17:50:13+00:00,2015-06-25,0a231e0576e7415e261451b526226f75e1762e60fb2fce1d95fe4310b3fde642,2ecc74d1bc6cda1ec60e9d905b7d9e28369b1bd84a9ac693a1b969eeba1032ea,unique_exact_normalized_same_cohort_name
Pec96a14b85,2015,dx_2015,dx,10,60,http://www.draftexpress.com/nba-mock-draft/2015/,https://web.archive.org/web/20150623175013id_/http://www.draftexpress.com/nba-mock-draft/2015/,2015-06-22,2015-06-23T17:50:13+00:00,2015-06-25,0a231e0576e7415e261451b526226f75e1762e60fb2fce1d95fe4310b3fde642,2ecc74d1bc6cda1ec60e9d905b7d9e28369b1bd84a9ac693a1b969eeba1032ea,unique_exact_normalized_same_cohort_name
P9b0b27ae5d,2015,dx_2015,dx,11,60,http://www.draftexpress.com/nba-mock-draft/2015/,https://web.archive.org/web/20150623175013id_/http://www.draftexpress.com/nba-mock-draft/2015/,2015-06-22,2015-06-23T17:50:13+00:00,2015-06-25,0a231e0576e7415e261451b526226f75e1762e60fb2fce1d95fe4310b3fde642,2ecc74d1bc6cda1ec60e9d905b7d9e28369b1bd84a9ac693a1b969eeba1032ea,unique_exact_normalized_same_cohort_name
Peaf1686cc0,2015,dx_2015,dx,12,60,http://www.draftexpress.com/nba-mock-draft/2015/,https://web.archive.org/web/20150623175013id_/http://www.draftexpress.com/nba-mock-draft/2015/,2015-06-22,2015-06-23T17:50:13+00:00,2015-06-25,0a231e0576e7415e261451b526226f75e1762e60fb2fce1d95fe4310b3fde642,2ecc74d1bc6cda1ec60e9d905b7d9e28369b1bd84a9ac693a1b969eeba1032ea,unique_exact_normalized_same_cohort_name
P2297a93a7f,2015,dx_2015,dx,13,60,http://www.draftexpress.com/nba-mock-draft/2015/,https://web.archive.org/web/20150623175013id_/http://www.draftexpress.com/nba-mock-draft/2015/,2015-06-22,2015-06-23T17:50:13+00:00,2015-06-25,0a231e0576e7415e261451b526226f75e1762e60fb2fce1d95fe4310b3fde642,2ecc74d1bc6cda1ec60e9d905b7d9e28369b1bd84a9ac693a1b969eeba1032ea,unique_exact_normalized_same_cohort_name
Pce2a43b358,2015,dx_2015,dx,14,60,http://www.draftexpress.com/nba-mock-draft/2015/,https://web.archive.org/web/20150623175013id_/http://www.draftexpress.com/nba-mock-draft/2015/,2015-06-22,2015-06-23T17:50:13+00:00,2015-06-25,0a231e0576e7415e261451b526226f75e1762e60fb2fce1d95fe4310b3fde642,2ecc74d1bc6cda1ec60e9d905b7d9e28369b1bd84a9ac693a1b969eeba1032ea,unique_exact_normalized_same_cohort_name
P5492e07ad3,2015,dx_2015,dx,16,60,http://www.draftexpress.com/nba-mock-draft/2015/,https://web.archive.org/web/20150623175013id_/http://www.draftexpress.com/nba-mock-draft/2015/,2015-06-22,2015-06-23T17:50:13+00:00,2015-06-25,0a231e0576e7415e261451b526226f75e1762e60fb2fce1d95fe4310b3fde642,2ecc74d1bc6cda1ec60e9d905b7d9e28369b1bd84a9ac693a1b969eeba1032ea,unique_exact_normalized_same_cohort_name
P3cfad83e39,2015,dx_2015,dx,17,60,http://www.draftexpress.com/nba-mock-draft/2015/,https://web.archive.org/web/20150623175013id_/http://www.draftexpress.com/nba-mock-draft/2015/,2015-06-22,2015-06-23T17:50:13+00:00,2015-06-25,0a231e0576e7415e261451b526226f75e1762e60fb2fce1d95fe4310b3fde642,2ecc74d1bc6cda1ec60e9d905b7d9e28369b1bd84a9ac693a1b969eeba1032ea,unique_exact_normalized_same_cohort_name
P9a02cf437c,2015,dx_2015,dx,18,60,http://www.draftexpress.com/nba-mock-draft/2015/,https://web.archive.org/web/20150623175013id_/http://www.draftexpress.com/nba-mock-draft/2015/,2015-06-22,2015-06-23T17:50:13+00:00,2015-06-25,0a231e0576e7415e261451b526226f75e1762e60fb2fce1d95fe4310b3fde642,2ecc74d1bc6cda1ec60e9d905b7d9e28369b1bd84a9ac693a1b969eeba1032ea,unique_exact_normalized_same_cohort_name
P8d6369038a,2015,dx_2015,dx,19,60,http://www.draftexpress.com/nba-mock-draft/2015/,https://web.archive.org/web/20150623175013id_/http://www.draftexpress.com/nba-mock-draft/2015/,2015-06-22,2015-06-23T17:50:13+00:00,2015-06-25,0a231e0576e7415e261451b526226f75e1762e60fb2fce1d95fe4310b3fde642,2ecc74d1bc6cda1ec60e9d905b7d9e28369b1bd84a9ac693a1b969eeba1032ea,unique_exact_normalized_same_cohort_name
P94d904f95a,2015,dx_2015,dx,20,60,http://www.draftexpress.com/nba-mock-draft/2015/,https://web.archive.org/web/20150623175013id_/http://www.draftexpress.com/nba-mock-draft/2015/,2015-06-22,2015-06-23T17:50:13+00:00,2015-06-25,0a231e0576e7415e261451b526226f75e1762e60fb2fce1d95fe4310b3fde642,2ecc74d1bc6cda1ec60e9d905b7d9e28369b1bd84a9ac693a1b969eeba1032ea,unique_exact_normalized_same_cohort_name
P16f77dc0c6,2015,dx_2015,dx,21,60,http://www.draftexpress.com/nba-mock-draft/2015/,https://web.archive.org/web/20150623175013id_/http://www.draftexpress.com/nba-mock-draft/2015/,2015-06-22,2015-06-23T17:50:13+00:00,2015-06-25,0a231e0576e7415e261451b526226f75e1762e60fb2fce1d95fe4310b3fde642,2ecc74d1bc6cda1ec60e9d905b7d9e28369b1bd84a9ac693a1b969eeba1032ea,unique_exact_normalized_same_cohort_name
Pb4e1522182,2015,dx_2015,dx,22,60,http://www.draftexpress.com/nba-mock-draft/2015/,https://web.archive.org/web/20150623175013id_/http://www.draftexpress.com/nba-mock-draft/2015/,2015-06-22,2015-06-23T17:50:13+00:00,2015-06-25,0a231e0576e7415e261451b526226f75e1762e60fb2fce1d95fe4310b3fde642,2ecc74d1bc6cda1ec60e9d905b7d9e28369b1bd84a9ac693a1b969eeba1032ea,unique_exact_normalized_same_cohort_name
P1c43036b93,2015,dx_2015,dx,23,60,http://www.draftexpress.com/nba-mock-draft/2015/,https://web.archive.org/web/20150623175013id_/http://www.draftexpress.com/nba-mock-draft/2015/,2015-06-22,2015-06-23T17:50:13+00:00,2015-06-25,0a231e0576e7415e261451b526226f75e1762e60fb2fce1d95fe4310b3fde642,2ecc74d1bc6cda1ec60e9d905b7d9e28369b1bd84a9ac693a1b969eeba1032ea,unique_exact_normalized_same_cohort_name
P1b292d5147,2015,dx_2015,dx,24,60,http://www.draftexpress.com/nba-mock-draft/2015/,https://web.archive.org/web/20150623175013id_/http://www.draftexpress.com/nba-mock-draft/2015/,2015-06-22,2015-06-23T17:50:13+00:00,2015-06-25,0a231e0576e7415e261451b526226f75e1762e60fb2fce1d95fe4310b3fde642,2ecc74d1bc6cda1ec60e9d905b7d9e28369b1bd84a9ac693a1b969eeba1032ea,unique_exact_normalized_same_cohort_name
Pd0eaa15469,2015,dx_2015,dx,25,60,http://www.draftexpress.com/nba-mock-draft/2015/,https://web.archive.org/web/20150623175013id_/http://www.draftexpress.com/nba-mock-draft/2015/,2015-06-22,2015-06-23T17:50:13+00:00,2015-06-25,0a231e0576e7415e261451b526226f75e1762e60fb2fce1d95fe4310b3fde642,2ecc74d1bc6cda1ec60e9d905b7d9e28369b1bd84a9ac693a1b969eeba1032ea,unique_exact_normalized_same_cohort_name
Pcf63b744fe,2015,dx_2015,dx,26,60,http://www.draftexpress.com/nba-mock-draft/2015/,https://web.archive.org/web/20150623175013id_/http://www.draftexpress.com/nba-mock-draft/2015/,2015-06-22,2015-06-23T17:50:13+00:00,2015-06-25,0a231e0576e7415e261451b526226f75e1762e60fb2fce1d95fe4310b3fde642,2ecc74d1bc6cda1ec60e9d905b7d9e28369b1bd84a9ac693a1b969eeba1032ea,unique_exact_normalized_same_cohort_name
Pb067831a66,2015,dx_2015,dx,27,60,http://www.draftexpress.com/nba-mock-draft/2015/,https://web.archive.org/web/20150623175013id_/http://www.draftexpress.com/nba-mock-draft/2015/,2015-06-22,2015-06-23T17:50:13+00:00,2015-06-25,0a231e0576e7415e261451b526226f75e1762e60fb2fce1d95fe4310b3fde642,2ecc74d1bc6cda1ec60e9d905b7d9e28369b1bd84a9ac693a1b969eeba1032ea,unique_exact_normalized_same_cohort_name
P128f74a48f,2015,dx_2015,dx,29,60,http://www.draftexpress.com/nba-mock-draft/2015/,https://web.archive.org/web/20150623175013id_/http://www.draftexpress.com/nba-mock-draft/2015/,2015-06-22,2015-06-23T17:50:13+00:00,2015-06-25,0a231e0576e7415e261451b526226f75e1762e60fb2fce1d95fe4310b3fde642,2ecc74d1bc6cda1ec60e9d905b7d9e28369b1bd84a9ac693a1b969eeba1032ea,unique_exact_normalized_same_cohort_name
Pe71646e585,2015,dx_2015,dx,30,60,http://www.draftexpress.com/nba-mock-draft/2015/,https://web.archive.org/web/20150623175013id_/http://www.draftexpress.com/nba-mock-draft/2015/,2015-06-22,2015-06-23T17:50:13+00:00,2015-06-25,0a231e0576e7415e261451b526226f75e1762e60fb2fce1d95fe4310b3fde642,2ecc74d1bc6cda1ec60e9d905b7d9e28369b1bd84a9ac693a1b969eeba1032ea,unique_exact_normalized_same_cohort_name
Pf634b73f97,2015,dx_2015,dx,31,60,http://www.draftexpress.com/nba-mock-draft/2015/,https://web.archive.org/web/20150623175013id_/http://www.draftexpress.com/nba-mock-draft/2015/,2015-06-22,2015-06-23T17:50:13+00:00,2015-06-25,0a231e0576e7415e261451b526226f75e1762e60fb2fce1d95fe4310b3fde642,2ecc74d1bc6cda1ec60e9d905b7d9e28369b1bd84a9ac693a1b969eeba1032ea,unique_exact_normalized_same_cohort_name
Pa24dadc449,2015,dx_2015,dx,34,60,http://www.draftexpress.com/nba-mock-draft/2015/,https://web.archive.org/web/20150623175013id_/http://www.draftexpress.com/nba-mock-draft/2015/,2015-06-22,2015-06-23T17:50:13+00:00,2015-06-25,0a231e0576e7415e261451b526226f75e1762e60fb2fce1d95fe4310b3fde642,2ecc74d1bc6cda1ec60e9d905b7d9e28369b1bd84a9ac693a1b969eeba1032ea,unique_exact_normalized_same_cohort_name
P2e8c779b09,2015,dx_2015,dx,36,60,http://www.draftexpress.com/nba-mock-draft/2015/,https://web.archive.org/web/20150623175013id_/http://www.draftexpress.com/nba-mock-draft/2015/,2015-06-22,2015-06-23T17:50:13+00:00,2015-06-25,0a231e0576e7415e261451b526226f75e1762e60fb2fce1d95fe4310b3fde642,2ecc74d1bc6cda1ec60e9d905b7d9e28369b1bd84a9ac693a1b969eeba1032ea,unique_exact_normalized_same_cohort_name
P4a125216bc,2015,dx_2015,dx,37,60,http://www.draftexpress.com/nba-mock-draft/2015/,https://web.archive.org/web/20150623175013id_/http://www.draftexpress.com/nba-mock-draft/2015/,2015-06-22,2015-06-23T17:50:13+00:00,2015-06-25,0a231e0576e7415e261451b526226f75e1762e60fb2fce1d95fe4310b3fde642,2ecc74d1bc6cda1ec60e9d905b7d9e28369b1bd84a9ac693a1b969eeba1032ea,unique_exact_normalized_same_cohort_name
Pd3473cff83,2015,dx_2015,dx,38,60,http://www.draftexpress.com/nba-mock-draft/2015/,https://web.archive.org/web/20150623175013id_/http://www.draftexpress.com/nba-mock-draft/2015/,2015-06-22,2015-06-23T17:50:13+00:00,2015-06-25,0a231e0576e7415e261451b526226f75e1762e60fb2fce1d95fe4310b3fde642,2ecc74d1bc6cda1ec60e9d905b7d9e28369b1bd84a9ac693a1b969eeba1032ea,unique_exact_normalized_same_cohort_name
Pf21d262b1c,2015,dx_2015,dx,40,60,http://www.draftexpress.com/nba-mock-draft/2015/,https://web.archive.org/web/20150623175013id_/http://www.draftexpress.com/nba-mock-draft/2015/,2015-06-22,2015-06-23T17:50:13+00:00,2015-06-25,0a231e0576e7415e261451b526226f75e1762e60fb2fce1d95fe4310b3fde642,2ecc74d1bc6cda1ec60e9d905b7d9e28369b1bd84a9ac693a1b969eeba1032ea,unique_exact_normalized_same_cohort_name
P83f630794b,2015,dx_2015,dx,41,60,http://www.draftexpress.com/nba-mock-draft/2015/,https://web.archive.org/web/20150623175013id_/http://www.draftexpress.com/nba-mock-draft/2015/,2015-06-22,2015-06-23T17:50:13+00:00,2015-06-25,0a231e0576e7415e261451b526226f75e1762e60fb2fce1d95fe4310b3fde642,2ecc74d1bc6cda1ec60e9d905b7d9e28369b1bd84a9ac693a1b969eeba1032ea,unique_exact_normalized_same_cohort_name
Pea73008ab4,2015,dx_2015,dx,42,60,http://www.draftexpress.com/nba-mock-draft/2015/,https://web.archive.org/web/20150623175013id_/http://www.draftexpress.com/nba-mock-draft/2015/,2015-06-22,2015-06-23T17:50:13+00:00,2015-06-25,0a231e0576e7415e261451b526226f75e1762e60fb2fce1d95fe4310b3fde642,2ecc74d1bc6cda1ec60e9d905b7d9e28369b1bd84a9ac693a1b969eeba1032ea,unique_exact_normalized_same_cohort_name
P0ba0d4e186,2015,dx_2015,dx,43,60,http://www.draftexpress.com/nba-mock-draft/2015/,https://web.archive.org/web/20150623175013id_/http://www.draftexpress.com/nba-mock-draft/2015/,2015-06-22,2015-06-23T17:50:13+00:00,2015-06-25,0a231e0576e7415e261451b526226f75e1762e60fb2fce1d95fe4310b3fde642,2ecc74d1bc6cda1ec60e9d905b7d9e28369b1bd84a9ac693a1b969eeba1032ea,unique_exact_normalized_same_cohort_name
P5849f19551,2015,dx_2015,dx,44,60,http://www.draftexpress.com/nba-mock-draft/2015/,https://web.archive.org/web/20150623175013id_/http://www.draftexpress.com/nba-mock-draft/2015/,2015-06-22,2015-06-23T17:50:13+00:00,2015-06-25,0a231e0576e7415e261451b526226f75e1762e60fb2fce1d95fe4310b3fde642,2ecc74d1bc6cda1ec60e9d905b7d9e28369b1bd84a9ac693a1b969eeba1032ea,unique_exact_normalized_same_cohort_name
P944090784f,2015,dx_2015,dx,45,60,http://www.draftexpress.com/nba-mock-draft/2015/,https://web.archive.org/web/20150623175013id_/http://www.draftexpress.com/nba-mock-draft/2015/,2015-06-22,2015-06-23T17:50:13+00:00,2015-06-25,0a231e0576e7415e261451b526226f75e1762e60fb2fce1d95fe4310b3fde642,2ecc74d1bc6cda1ec60e9d905b7d9e28369b1bd84a9ac693a1b969eeba1032ea,unique_exact_normalized_same_cohort_name
P84b2e1b413,2015,dx_2015,dx,46,60,http://www.draftexpress.com/nba-mock-draft/2015/,https://web.archive.org/web/20150623175013id_/http://www.draftexpress.com/nba-mock-draft/2015/,2015-06-22,2015-06-23T17:50:13+00:00,2015-06-25,0a231e0576e7415e261451b526226f75e1762e60fb2fce1d95fe4310b3fde642,2ecc74d1bc6cda1ec60e9d905b7d9e28369b1bd84a9ac693a1b969eeba1032ea,unique_exact_normalized_same_cohort_name
Pe7f5f31a46,2015,dx_2015,dx,47,60,http://www.draftexpress.com/nba-mock-draft/2015/,https://web.archive.org/web/20150623175013id_/http://www.draftexpress.com/nba-mock-draft/2015/,2015-06-22,2015-06-23T17:50:13+00:00,2015-06-25,0a231e0576e7415e261451b526226f75e1762e60fb2fce1d95fe4310b3fde642,2ecc74d1bc6cda1ec60e9d905b7d9e28369b1bd84a9ac693a1b969eeba1032ea,unique_exact_normalized_same_cohort_name
Pcfe0d93659,2015,dx_2015,dx,48,60,http://www.draftexpress.com/nba-mock-draft/2015/,https://web.archive.org/web/20150623175013id_/http://www.draftexpress.com/nba-mock-draft/2015/,2015-06-22,2015-06-23T17:50:13+00:00,2015-06-25,0a231e0576e7415e261451b526226f75e1762e60fb2fce1d95fe4310b3fde642,2ecc74d1bc6cda1ec60e9d905b7d9e28369b1bd84a9ac693a1b969eeba1032ea,unique_exact_normalized_same_cohort_name
P831df49905,2015,dx_2015,dx,50,60,http://www.draftexpress.com/nba-mock-draft/2015/,https://web.archive.org/web/20150623175013id_/http://www.draftexpress.com/nba-mock-draft/2015/,2015-06-22,2015-06-23T17:50:13+00:00,2015-06-25,0a231e0576e7415e261451b526226f75e1762e60fb2fce1d95fe4310b3fde642,2ecc74d1bc6cda1ec60e9d905b7d9e28369b1bd84a9ac693a1b969eeba1032ea,unique_exact_normalized_same_cohort_name
P9e418f4c91,2015,dx_2015,dx,53,60,http://www.draftexpress.com/nba-mock-draft/2015/,https://web.archive.org/web/20150623175013id_/http://www.draftexpress.com/nba-mock-draft/2015/,2015-06-22,2015-06-23T17:50:13+00:00,2015-06-25,0a231e0576e7415e261451b526226f75e1762e60fb2fce1d95fe4310b3fde642,2ecc74d1bc6cda1ec60e9d905b7d9e28369b1bd84a9ac693a1b969eeba1032ea,unique_exact_normalized_same_cohort_name
P2c58b86e78,2015,dx_2015,dx,54,60,http://www.draftexpress.com/nba-mock-draft/2015/,https://web.archive.org/web/20150623175013id_/http://www.draftexpress.com/nba-mock-draft/2015/,2015-06-22,2015-06-23T17:50:13+00:00,2015-06-25,0a231e0576e7415e261451b526226f75e1762e60fb2fce1d95fe4310b3fde642,2ecc74d1bc6cda1ec60e9d905b7d9e28369b1bd84a9ac693a1b969eeba1032ea,unique_exact_normalized_same_cohort_name
Pb88d2f0541,2015,dx_2015,dx,55,60,http://www.draftexpress.com/nba-mock-draft/2015/,https://web.archive.org/web/20150623175013id_/http://www.draftexpress.com/nba-mock-draft/2015/,2015-06-22,2015-06-23T17:50:13+00:00,2015-06-25,0a231e0576e7415e261451b526226f75e1762e60fb2fce1d95fe4310b3fde642,2ecc74d1bc6cda1ec60e9d905b7d9e28369b1bd84a9ac693a1b969eeba1032ea,unique_exact_normalized_same_cohort_name
P0fde3dedb2,2016,dx_2016,dx,1,60,http://www.draftexpress.com:80/nba-mock-draft/2016,https://web.archive.org/web/20160621174050id_/http://www.draftexpress.com:80/nba-mock-draft/2016,2016-06-20,2016-06-21T17:40:50+00:00,2016-06-23,7cac22b511960927eb7bc99943a21c9789330c74f568982b18d502a5a967323c,4f0e63d057af268b94646df373faabc42baef97cf554c55c6593e2e28fc79522,unique_exact_normalized_same_cohort_name
P117a6c6fb1,2016,dx_2016,dx,2,60,http://www.draftexpress.com:80/nba-mock-draft/2016,https://web.archive.org/web/20160621174050id_/http://www.draftexpress.com:80/nba-mock-draft/2016,2016-06-20,2016-06-21T17:40:50+00:00,2016-06-23,7cac22b511960927eb7bc99943a21c9789330c74f568982b18d502a5a967323c,4f0e63d057af268b94646df373faabc42baef97cf554c55c6593e2e28fc79522,unique_exact_normalized_same_cohort_name
P9155961dd2,2016,dx_2016,dx,3,60,http://www.draftexpress.com:80/nba-mock-draft/2016,https://web.archive.org/web/20160621174050id_/http://www.draftexpress.com:80/nba-mock-draft/2016,2016-06-20,2016-06-21T17:40:50+00:00,2016-06-23,7cac22b511960927eb7bc99943a21c9789330c74f568982b18d502a5a967323c,4f0e63d057af268b94646df373faabc42baef97cf554c55c6593e2e28fc79522,unique_exact_normalized_same_cohort_name
P47380ec945,2016,dx_2016,dx,4,60,http://www.draftexpress.com:80/nba-mock-draft/2016,https://web.archive.org/web/20160621174050id_/http://www.draftexpress.com:80/nba-mock-draft/2016,2016-06-20,2016-06-21T17:40:50+00:00,2016-06-23,7cac22b511960927eb7bc99943a21c9789330c74f568982b18d502a5a967323c,4f0e63d057af268b94646df373faabc42baef97cf554c55c6593e2e28fc79522,unique_exact_normalized_same_cohort_name
P4ec4ee54f1,2016,dx_2016,dx,5,60,http://www.draftexpress.com:80/nba-mock-draft/2016,https://web.archive.org/web/20160621174050id_/http://www.draftexpress.com:80/nba-mock-draft/2016,2016-06-20,2016-06-21T17:40:50+00:00,2016-06-23,7cac22b511960927eb7bc99943a21c9789330c74f568982b18d502a5a967323c,4f0e63d057af268b94646df373faabc42baef97cf554c55c6593e2e28fc79522,unique_exact_normalized_same_cohort_name
Pf9ebd1b271,2016,dx_2016,dx,6,60,http://www.draftexpress.com:80/nba-mock-draft/2016,https://web.archive.org/web/20160621174050id_/http://www.draftexpress.com:80/nba-mock-draft/2016,2016-06-20,2016-06-21T17:40:50+00:00,2016-06-23,7cac22b511960927eb7bc99943a21c9789330c74f568982b18d502a5a967323c,4f0e63d057af268b94646df373faabc42baef97cf554c55c6593e2e28fc79522,unique_exact_normalized_same_cohort_name
P53f786523f,2016,dx_2016,dx,7,60,http://www.draftexpress.com:80/nba-mock-draft/2016,https://web.archive.org/web/20160621174050id_/http://www.draftexpress.com:80/nba-mock-draft/2016,2016-06-20,2016-06-21T17:40:50+00:00,2016-06-23,7cac22b511960927eb7bc99943a21c9789330c74f568982b18d502a5a967323c,4f0e63d057af268b94646df373faabc42baef97cf554c55c6593e2e28fc79522,unique_exact_normalized_same_cohort_name
P8a2a3c7c07,2016,dx_2016,dx,8,60,http://www.draftexpress.com:80/nba-mock-draft/2016,https://web.archive.org/web/20160621174050id_/http://www.draftexpress.com:80/nba-mock-draft/2016,2016-06-20,2016-06-21T17:40:50+00:00,2016-06-23,7cac22b511960927eb7bc99943a21c9789330c74f568982b18d502a5a967323c,4f0e63d057af268b94646df373faabc42baef97cf554c55c6593e2e28fc79522,unique_exact_normalized_same_cohort_name
P88f4dbf943,2016,dx_2016,dx,9,60,http://www.draftexpress.com:80/nba-mock-draft/2016,https://web.archive.org/web/20160621174050id_/http://www.draftexpress.com:80/nba-mock-draft/2016,2016-06-20,2016-06-21T17:40:50+00:00,2016-06-23,7cac22b511960927eb7bc99943a21c9789330c74f568982b18d502a5a967323c,4f0e63d057af268b94646df373faabc42baef97cf554c55c6593e2e28fc79522,unique_exact_normalized_same_cohort_name
P9264b6e63a,2016,dx_2016,dx,10,60,http://www.draftexpress.com:80/nba-mock-draft/2016,https://web.archive.org/web/20160621174050id_/http://www.draftexpress.com:80/nba-mock-draft/2016,2016-06-20,2016-06-21T17:40:50+00:00,2016-06-23,7cac22b511960927eb7bc99943a21c9789330c74f568982b18d502a5a967323c,4f0e63d057af268b94646df373faabc42baef97cf554c55c6593e2e28fc79522,unique_exact_normalized_same_cohort_name
Pd856e50561,2016,dx_2016,dx,11,60,http://www.draftexpress.com:80/nba-mock-draft/2016,https://web.archive.org/web/20160621174050id_/http://www.draftexpress.com:80/nba-mock-draft/2016,2016-06-20,2016-06-21T17:40:50+00:00,2016-06-23,7cac22b511960927eb7bc99943a21c9789330c74f568982b18d502a5a967323c,4f0e63d057af268b94646df373faabc42baef97cf554c55c6593e2e28fc79522,unique_exact_normalized_same_cohort_name
P620501ed0d,2016,dx_2016,dx,13,60,http://www.draftexpress.com:80/nba-mock-draft/2016,https://web.archive.org/web/20160621174050id_/http://www.draftexpress.com:80/nba-mock-draft/2016,2016-06-20,2016-06-21T17:40:50+00:00,2016-06-23,7cac22b511960927eb7bc99943a21c9789330c74f568982b18d502a5a967323c,4f0e63d057af268b94646df373faabc42baef97cf554c55c6593e2e28fc79522,unique_exact_normalized_same_cohort_name
Pc1c99fe2be,2016,dx_2016,dx,15,60,http://www.draftexpress.com:80/nba-mock-draft/2016,https://web.archive.org/web/20160621174050id_/http://www.draftexpress.com:80/nba-mock-draft/2016,2016-06-20,2016-06-21T17:40:50+00:00,2016-06-23,7cac22b511960927eb7bc99943a21c9789330c74f568982b18d502a5a967323c,4f0e63d057af268b94646df373faabc42baef97cf554c55c6593e2e28fc79522,unique_exact_normalized_same_cohort_name
P9668122fb9,2016,dx_2016,dx,16,60,http://www.draftexpress.com:80/nba-mock-draft/2016,https://web.archive.org/web/20160621174050id_/http://www.draftexpress.com:80/nba-mock-draft/2016,2016-06-20,2016-06-21T17:40:50+00:00,2016-06-23,7cac22b511960927eb7bc99943a21c9789330c74f568982b18d502a5a967323c,4f0e63d057af268b94646df373faabc42baef97cf554c55c6593e2e28fc79522,unique_exact_normalized_same_cohort_name
P6f92e02de4,2016,dx_2016,dx,17,60,http://www.draftexpress.com:80/nba-mock-draft/2016,https://web.archive.org/web/20160621174050id_/http://www.draftexpress.com:80/nba-mock-draft/2016,2016-06-20,2016-06-21T17:40:50+00:00,2016-06-23,7cac22b511960927eb7bc99943a21c9789330c74f568982b18d502a5a967323c,4f0e63d057af268b94646df373faabc42baef97cf554c55c6593e2e28fc79522,unique_exact_normalized_same_cohort_name
Pd50459cb6d,2016,dx_2016,dx,18,60,http://www.draftexpress.com:80/nba-mock-draft/2016,https://web.archive.org/web/20160621174050id_/http://www.draftexpress.com:80/nba-mock-draft/2016,2016-06-20,2016-06-21T17:40:50+00:00,2016-06-23,7cac22b511960927eb7bc99943a21c9789330c74f568982b18d502a5a967323c,4f0e63d057af268b94646df373faabc42baef97cf554c55c6593e2e28fc79522,unique_exact_normalized_same_cohort_name
Pc5a8d9d1d6,2016,dx_2016,dx,20,60,http://www.draftexpress.com:80/nba-mock-draft/2016,https://web.archive.org/web/20160621174050id_/http://www.draftexpress.com:80/nba-mock-draft/2016,2016-06-20,2016-06-21T17:40:50+00:00,2016-06-23,7cac22b511960927eb7bc99943a21c9789330c74f568982b18d502a5a967323c,4f0e63d057af268b94646df373faabc42baef97cf554c55c6593e2e28fc79522,unique_exact_normalized_same_cohort_name
P64adb31e4d,2016,dx_2016,dx,21,60,http://www.draftexpress.com:80/nba-mock-draft/2016,https://web.archive.org/web/20160621174050id_/http://www.draftexpress.com:80/nba-mock-draft/2016,2016-06-20,2016-06-21T17:40:50+00:00,2016-06-23,7cac22b511960927eb7bc99943a21c9789330c74f568982b18d502a5a967323c,4f0e63d057af268b94646df373faabc42baef97cf554c55c6593e2e28fc79522,unique_exact_normalized_same_cohort_name
P88064c1c05,2016,dx_2016,dx,22,60,http://www.draftexpress.com:80/nba-mock-draft/2016,https://web.archive.org/web/20160621174050id_/http://www.draftexpress.com:80/nba-mock-draft/2016,2016-06-20,2016-06-21T17:40:50+00:00,2016-06-23,7cac22b511960927eb7bc99943a21c9789330c74f568982b18d502a5a967323c,4f0e63d057af268b94646df373faabc42baef97cf554c55c6593e2e28fc79522,unique_exact_normalized_same_cohort_name
P07954fea73,2016,dx_2016,dx,23,60,http://www.draftexpress.com:80/nba-mock-draft/2016,https://web.archive.org/web/20160621174050id_/http://www.draftexpress.com:80/nba-mock-draft/2016,2016-06-20,2016-06-21T17:40:50+00:00,2016-06-23,7cac22b511960927eb7bc99943a21c9789330c74f568982b18d502a5a967323c,4f0e63d057af268b94646df373faabc42baef97cf554c55c6593e2e28fc79522,unique_exact_normalized_same_cohort_name
Pa466887b08,2016,dx_2016,dx,24,60,http://www.draftexpress.com:80/nba-mock-draft/2016,https://web.archive.org/web/20160621174050id_/http://www.draftexpress.com:80/nba-mock-draft/2016,2016-06-20,2016-06-21T17:40:50+00:00,2016-06-23,7cac22b511960927eb7bc99943a21c9789330c74f568982b18d502a5a967323c,4f0e63d057af268b94646df373faabc42baef97cf554c55c6593e2e28fc79522,unique_exact_normalized_same_cohort_name
Pddcf4609af,2016,dx_2016,dx,25,60,http://www.draftexpress.com:80/nba-mock-draft/2016,https://web.archive.org/web/20160621174050id_/http://www.draftexpress.com:80/nba-mock-draft/2016,2016-06-20,2016-06-21T17:40:50+00:00,2016-06-23,7cac22b511960927eb7bc99943a21c9789330c74f568982b18d502a5a967323c,4f0e63d057af268b94646df373faabc42baef97cf554c55c6593e2e28fc79522,unique_exact_normalized_same_cohort_name
P4a1b07df85,2016,dx_2016,dx,26,60,http://www.draftexpress.com:80/nba-mock-draft/2016,https://web.archive.org/web/20160621174050id_/http://www.draftexpress.com:80/nba-mock-draft/2016,2016-06-20,2016-06-21T17:40:50+00:00,2016-06-23,7cac22b511960927eb7bc99943a21c9789330c74f568982b18d502a5a967323c,4f0e63d057af268b94646df373faabc42baef97cf554c55c6593e2e28fc79522,unique_exact_normalized_same_cohort_name
P1a32cd4176,2016,dx_2016,dx,27,60,http://www.draftexpress.com:80/nba-mock-draft/2016,https://web.archive.org/web/20160621174050id_/http://www.draftexpress.com:80/nba-mock-draft/2016,2016-06-20,2016-06-21T17:40:50+00:00,2016-06-23,7cac22b511960927eb7bc99943a21c9789330c74f568982b18d502a5a967323c,4f0e63d057af268b94646df373faabc42baef97cf554c55c6593e2e28fc79522,unique_exact_normalized_same_cohort_name
P25bfc6427b,2016,dx_2016,dx,28,60,http://www.draftexpress.com:80/nba-mock-draft/2016,https://web.archive.org/web/20160621174050id_/http://www.draftexpress.com:80/nba-mock-draft/2016,2016-06-20,2016-06-21T17:40:50+00:00,2016-06-23,7cac22b511960927eb7bc99943a21c9789330c74f568982b18d502a5a967323c,4f0e63d057af268b94646df373faabc42baef97cf554c55c6593e2e28fc79522,unique_exact_normalized_same_cohort_name
Pfa4c05beee,2016,dx_2016,dx,29,60,http://www.draftexpress.com:80/nba-mock-draft/2016,https://web.archive.org/web/20160621174050id_/http://www.draftexpress.com:80/nba-mock-draft/2016,2016-06-20,2016-06-21T17:40:50+00:00,2016-06-23,7cac22b511960927eb7bc99943a21c9789330c74f568982b18d502a5a967323c,4f0e63d057af268b94646df373faabc42baef97cf554c55c6593e2e28fc79522,unique_exact_normalized_same_cohort_name
Pbfe4edf289,2016,dx_2016,dx,30,60,http://www.draftexpress.com:80/nba-mock-draft/2016,https://web.archive.org/web/20160621174050id_/http://www.draftexpress.com:80/nba-mock-draft/2016,2016-06-20,2016-06-21T17:40:50+00:00,2016-06-23,7cac22b511960927eb7bc99943a21c9789330c74f568982b18d502a5a967323c,4f0e63d057af268b94646df373faabc42baef97cf554c55c6593e2e28fc79522,unique_exact_normalized_same_cohort_name
Pd7c989b67a,2016,dx_2016,dx,31,60,http://www.draftexpress.com:80/nba-mock-draft/2016,https://web.archive.org/web/20160621174050id_/http://www.draftexpress.com:80/nba-mock-draft/2016,2016-06-20,2016-06-21T17:40:50+00:00,2016-06-23,7cac22b511960927eb7bc99943a21c9789330c74f568982b18d502a5a967323c,4f0e63d057af268b94646df373faabc42baef97cf554c55c6593e2e28fc79522,unique_exact_normalized_same_cohort_name
Pcf60b82b9d,2016,dx_2016,dx,32,60,http://www.draftexpress.com:80/nba-mock-draft/2016,https://web.archive.org/web/20160621174050id_/http://www.draftexpress.com:80/nba-mock-draft/2016,2016-06-20,2016-06-21T17:40:50+00:00,2016-06-23,7cac22b511960927eb7bc99943a21c9789330c74f568982b18d502a5a967323c,4f0e63d057af268b94646df373faabc42baef97cf554c55c6593e2e28fc79522,unique_exact_normalized_same_cohort_name
P0edb7d3b99,2016,dx_2016,dx,33,60,http://www.draftexpress.com:80/nba-mock-draft/2016,https://web.archive.org/web/20160621174050id_/http://www.draftexpress.com:80/nba-mock-draft/2016,2016-06-20,2016-06-21T17:40:50+00:00,2016-06-23,7cac22b511960927eb7bc99943a21c9789330c74f568982b18d502a5a967323c,4f0e63d057af268b94646df373faabc42baef97cf554c55c6593e2e28fc79522,unique_exact_normalized_same_cohort_name
P9c2d575f48,2016,dx_2016,dx,34,60,http://www.draftexpress.com:80/nba-mock-draft/2016,https://web.archive.org/web/20160621174050id_/http://www.draftexpress.com:80/nba-mock-draft/2016,2016-06-20,2016-06-21T17:40:50+00:00,2016-06-23,7cac22b511960927eb7bc99943a21c9789330c74f568982b18d502a5a967323c,4f0e63d057af268b94646df373faabc42baef97cf554c55c6593e2e28fc79522,unique_exact_normalized_same_cohort_name
Paca468f5b5,2016,dx_2016,dx,35,60,http://www.draftexpress.com:80/nba-mock-draft/2016,https://web.archive.org/web/20160621174050id_/http://www.draftexpress.com:80/nba-mock-draft/2016,2016-06-20,2016-06-21T17:40:50+00:00,2016-06-23,7cac22b511960927eb7bc99943a21c9789330c74f568982b18d502a5a967323c,4f0e63d057af268b94646df373faabc42baef97cf554c55c6593e2e28fc79522,unique_exact_normalized_same_cohort_name
P4b59f5fe56,2016,dx_2016,dx,36,60,http://www.draftexpress.com:80/nba-mock-draft/2016,https://web.archive.org/web/20160621174050id_/http://www.draftexpress.com:80/nba-mock-draft/2016,2016-06-20,2016-06-21T17:40:50+00:00,2016-06-23,7cac22b511960927eb7bc99943a21c9789330c74f568982b18d502a5a967323c,4f0e63d057af268b94646df373faabc42baef97cf554c55c6593e2e28fc79522,unique_exact_normalized_same_cohort_name
Pe2eac4ddf4,2016,dx_2016,dx,38,60,http://www.draftexpress.com:80/nba-mock-draft/2016,https://web.archive.org/web/20160621174050id_/http://www.draftexpress.com:80/nba-mock-draft/2016,2016-06-20,2016-06-21T17:40:50+00:00,2016-06-23,7cac22b511960927eb7bc99943a21c9789330c74f568982b18d502a5a967323c,4f0e63d057af268b94646df373faabc42baef97cf554c55c6593e2e28fc79522,unique_exact_normalized_same_cohort_name
P83cf60968a,2016,dx_2016,dx,39,60,http://www.draftexpress.com:80/nba-mock-draft/2016,https://web.archive.org/web/20160621174050id_/http://www.draftexpress.com:80/nba-mock-draft/2016,2016-06-20,2016-06-21T17:40:50+00:00,2016-06-23,7cac22b511960927eb7bc99943a21c9789330c74f568982b18d502a5a967323c,4f0e63d057af268b94646df373faabc42baef97cf554c55c6593e2e28fc79522,unique_exact_normalized_same_cohort_name
Pf20205fffb,2016,dx_2016,dx,41,60,http://www.draftexpress.com:80/nba-mock-draft/2016,https://web.archive.org/web/20160621174050id_/http://www.draftexpress.com:80/nba-mock-draft/2016,2016-06-20,2016-06-21T17:40:50+00:00,2016-06-23,7cac22b511960927eb7bc99943a21c9789330c74f568982b18d502a5a967323c,4f0e63d057af268b94646df373faabc42baef97cf554c55c6593e2e28fc79522,unique_exact_normalized_same_cohort_name
P85fbcb1dce,2016,dx_2016,dx,42,60,http://www.draftexpress.com:80/nba-mock-draft/2016,https://web.archive.org/web/20160621174050id_/http://www.draftexpress.com:80/nba-mock-draft/2016,2016-06-20,2016-06-21T17:40:50+00:00,2016-06-23,7cac22b511960927eb7bc99943a21c9789330c74f568982b18d502a5a967323c,4f0e63d057af268b94646df373faabc42baef97cf554c55c6593e2e28fc79522,unique_exact_normalized_same_cohort_name
Pb3a7a6f86b,2016,dx_2016,dx,43,60,http://www.draftexpress.com:80/nba-mock-draft/2016,https://web.archive.org/web/20160621174050id_/http://www.draftexpress.com:80/nba-mock-draft/2016,2016-06-20,2016-06-21T17:40:50+00:00,2016-06-23,7cac22b511960927eb7bc99943a21c9789330c74f568982b18d502a5a967323c,4f0e63d057af268b94646df373faabc42baef97cf554c55c6593e2e28fc79522,unique_exact_normalized_same_cohort_name
Pf5fb4e36b6,2016,dx_2016,dx,44,60,http://www.draftexpress.com:80/nba-mock-draft/2016,https://web.archive.org/web/20160621174050id_/http://www.draftexpress.com:80/nba-mock-draft/2016,2016-06-20,2016-06-21T17:40:50+00:00,2016-06-23,7cac22b511960927eb7bc99943a21c9789330c74f568982b18d502a5a967323c,4f0e63d057af268b94646df373faabc42baef97cf554c55c6593e2e28fc79522,unique_exact_normalized_same_cohort_name
P8e900c2247,2016,dx_2016,dx,45,60,http://www.draftexpress.com:80/nba-mock-draft/2016,https://web.archive.org/web/20160621174050id_/http://www.draftexpress.com:80/nba-mock-draft/2016,2016-06-20,2016-06-21T17:40:50+00:00,2016-06-23,7cac22b511960927eb7bc99943a21c9789330c74f568982b18d502a5a967323c,4f0e63d057af268b94646df373faabc42baef97cf554c55c6593e2e28fc79522,unique_exact_normalized_same_cohort_name
P8935abbbb4,2016,dx_2016,dx,46,60,http://www.draftexpress.com:80/nba-mock-draft/2016,https://web.archive.org/web/20160621174050id_/http://www.draftexpress.com:80/nba-mock-draft/2016,2016-06-20,2016-06-21T17:40:50+00:00,2016-06-23,7cac22b511960927eb7bc99943a21c9789330c74f568982b18d502a5a967323c,4f0e63d057af268b94646df373faabc42baef97cf554c55c6593e2e28fc79522,unique_exact_normalized_same_cohort_name
Pd5a40a7ee0,2016,dx_2016,dx,47,60,http://www.draftexpress.com:80/nba-mock-draft/2016,https://web.archive.org/web/20160621174050id_/http://www.draftexpress.com:80/nba-mock-draft/2016,2016-06-20,2016-06-21T17:40:50+00:00,2016-06-23,7cac22b511960927eb7bc99943a21c9789330c74f568982b18d502a5a967323c,4f0e63d057af268b94646df373faabc42baef97cf554c55c6593e2e28fc79522,unique_exact_normalized_same_cohort_name
P55d1c5e102,2016,dx_2016,dx,48,60,http://www.draftexpress.com:80/nba-mock-draft/2016,https://web.archive.org/web/20160621174050id_/http://www.draftexpress.com:80/nba-mock-draft/2016,2016-06-20,2016-06-21T17:40:50+00:00,2016-06-23,7cac22b511960927eb7bc99943a21c9789330c74f568982b18d502a5a967323c,4f0e63d057af268b94646df373faabc42baef97cf554c55c6593e2e28fc79522,unique_exact_normalized_same_cohort_name
Pa7cb2c7354,2016,dx_2016,dx,49,60,http://www.draftexpress.com:80/nba-mock-draft/2016,https://web.archive.org/web/20160621174050id_/http://www.draftexpress.com:80/nba-mock-draft/2016,2016-06-20,2016-06-21T17:40:50+00:00,2016-06-23,7cac22b511960927eb7bc99943a21c9789330c74f568982b18d502a5a967323c,4f0e63d057af268b94646df373faabc42baef97cf554c55c6593e2e28fc79522,unique_exact_normalized_same_cohort_name
P55f0d03e7b,2016,dx_2016,dx,50,60,http://www.draftexpress.com:80/nba-mock-draft/2016,https://web.archive.org/web/20160621174050id_/http://www.draftexpress.com:80/nba-mock-draft/2016,2016-06-20,2016-06-21T17:40:50+00:00,2016-06-23,7cac22b511960927eb7bc99943a21c9789330c74f568982b18d502a5a967323c,4f0e63d057af268b94646df373faabc42baef97cf554c55c6593e2e28fc79522,unique_exact_normalized_same_cohort_name
Pfd95ad31d4,2016,dx_2016,dx,51,60,http://www.draftexpress.com:80/nba-mock-draft/2016,https://web.archive.org/web/20160621174050id_/http://www.draftexpress.com:80/nba-mock-draft/2016,2016-06-20,2016-06-21T17:40:50+00:00,2016-06-23,7cac22b511960927eb7bc99943a21c9789330c74f568982b18d502a5a967323c,4f0e63d057af268b94646df373faabc42baef97cf554c55c6593e2e28fc79522,unique_exact_normalized_same_cohort_name
Pa307fde308,2016,dx_2016,dx,52,60,http://www.draftexpress.com:80/nba-mock-draft/2016,https://web.archive.org/web/20160621174050id_/http://www.draftexpress.com:80/nba-mock-draft/2016,2016-06-20,2016-06-21T17:40:50+00:00,2016-06-23,7cac22b511960927eb7bc99943a21c9789330c74f568982b18d502a5a967323c,4f0e63d057af268b94646df373faabc42baef97cf554c55c6593e2e28fc79522,unique_exact_normalized_same_cohort_name
P9260f65add,2016,dx_2016,dx,55,60,http://www.draftexpress.com:80/nba-mock-draft/2016,https://web.archive.org/web/20160621174050id_/http://www.draftexpress.com:80/nba-mock-draft/2016,2016-06-20,2016-06-21T17:40:50+00:00,2016-06-23,7cac22b511960927eb7bc99943a21c9789330c74f568982b18d502a5a967323c,4f0e63d057af268b94646df373faabc42baef97cf554c55c6593e2e28fc79522,unique_exact_normalized_same_cohort_name
Pf8b83ac1f0,2016,dx_2016,dx,56,60,http://www.draftexpress.com:80/nba-mock-draft/2016,https://web.archive.org/web/20160621174050id_/http://www.draftexpress.com:80/nba-mock-draft/2016,2016-06-20,2016-06-21T17:40:50+00:00,2016-06-23,7cac22b511960927eb7bc99943a21c9789330c74f568982b18d502a5a967323c,4f0e63d057af268b94646df373faabc42baef97cf554c55c6593e2e28fc79522,unique_exact_normalized_same_cohort_name
Pbd6175d1ad,2016,dx_2016,dx,57,60,http://www.draftexpress.com:80/nba-mock-draft/2016,https://web.archive.org/web/20160621174050id_/http://www.draftexpress.com:80/nba-mock-draft/2016,2016-06-20,2016-06-21T17:40:50+00:00,2016-06-23,7cac22b511960927eb7bc99943a21c9789330c74f568982b18d502a5a967323c,4f0e63d057af268b94646df373faabc42baef97cf554c55c6593e2e28fc79522,unique_exact_normalized_same_cohort_name
Pd46f6361f5,2016,dx_2016,dx,58,60,http://www.draftexpress.com:80/nba-mock-draft/2016,https://web.archive.org/web/20160621174050id_/http://www.draftexpress.com:80/nba-mock-draft/2016,2016-06-20,2016-06-21T17:40:50+00:00,2016-06-23,7cac22b511960927eb7bc99943a21c9789330c74f568982b18d502a5a967323c,4f0e63d057af268b94646df373faabc42baef97cf554c55c6593e2e28fc79522,unique_exact_normalized_same_cohort_name
P16f60c6002,2016,dx_2016,dx,59,60,http://www.draftexpress.com:80/nba-mock-draft/2016,https://web.archive.org/web/20160621174050id_/http://www.draftexpress.com:80/nba-mock-draft/2016,2016-06-20,2016-06-21T17:40:50+00:00,2016-06-23,7cac22b511960927eb7bc99943a21c9789330c74f568982b18d502a5a967323c,4f0e63d057af268b94646df373faabc42baef97cf554c55c6593e2e28fc79522,unique_exact_normalized_same_cohort_name
P25e61f80f8,2017,dx_2017,dx,1,60,http://www.draftexpress.com/nba-mock-draft/2017/,https://web.archive.org/web/20170621152558id_/http://www.draftexpress.com/nba-mock-draft/2017/,2017-06-20,2017-06-21T15:25:58+00:00,2017-06-22,3b55795b0684b6f7a5cf5284510c8ecd0c43543686ff0f3a6129214a1805d87e,1e199914662a00b2dad618c3a9b809ced1257ec1d0a4a09e589b6349d492e856,unique_exact_normalized_same_cohort_name
P6e7d02b021,2017,dx_2017,dx,2,60,http://www.draftexpress.com/nba-mock-draft/2017/,https://web.archive.org/web/20170621152558id_/http://www.draftexpress.com/nba-mock-draft/2017/,2017-06-20,2017-06-21T15:25:58+00:00,2017-06-22,3b55795b0684b6f7a5cf5284510c8ecd0c43543686ff0f3a6129214a1805d87e,1e199914662a00b2dad618c3a9b809ced1257ec1d0a4a09e589b6349d492e856,unique_exact_normalized_same_cohort_name
P8a2034c01d,2017,dx_2017,dx,3,60,http://www.draftexpress.com/nba-mock-draft/2017/,https://web.archive.org/web/20170621152558id_/http://www.draftexpress.com/nba-mock-draft/2017/,2017-06-20,2017-06-21T15:25:58+00:00,2017-06-22,3b55795b0684b6f7a5cf5284510c8ecd0c43543686ff0f3a6129214a1805d87e,1e199914662a00b2dad618c3a9b809ced1257ec1d0a4a09e589b6349d492e856,unique_exact_normalized_same_cohort_name
Pe56ae9c7aa,2017,dx_2017,dx,4,60,http://www.draftexpress.com/nba-mock-draft/2017/,https://web.archive.org/web/20170621152558id_/http://www.draftexpress.com/nba-mock-draft/2017/,2017-06-20,2017-06-21T15:25:58+00:00,2017-06-22,3b55795b0684b6f7a5cf5284510c8ecd0c43543686ff0f3a6129214a1805d87e,1e199914662a00b2dad618c3a9b809ced1257ec1d0a4a09e589b6349d492e856,unique_exact_normalized_same_cohort_name
P6f43cf2ee3,2017,dx_2017,dx,5,60,http://www.draftexpress.com/nba-mock-draft/2017/,https://web.archive.org/web/20170621152558id_/http://www.draftexpress.com/nba-mock-draft/2017/,2017-06-20,2017-06-21T15:25:58+00:00,2017-06-22,3b55795b0684b6f7a5cf5284510c8ecd0c43543686ff0f3a6129214a1805d87e,1e199914662a00b2dad618c3a9b809ced1257ec1d0a4a09e589b6349d492e856,unique_exact_normalized_same_cohort_name
Pe3864f9800,2017,dx_2017,dx,6,60,http://www.draftexpress.com/nba-mock-draft/2017/,https://web.archive.org/web/20170621152558id_/http://www.draftexpress.com/nba-mock-draft/2017/,2017-06-20,2017-06-21T15:25:58+00:00,2017-06-22,3b55795b0684b6f7a5cf5284510c8ecd0c43543686ff0f3a6129214a1805d87e,1e199914662a00b2dad618c3a9b809ced1257ec1d0a4a09e589b6349d492e856,unique_exact_normalized_same_cohort_name
Pf62abcdcde,2017,dx_2017,dx,7,60,http://www.draftexpress.com/nba-mock-draft/2017/,https://web.archive.org/web/20170621152558id_/http://www.draftexpress.com/nba-mock-draft/2017/,2017-06-20,2017-06-21T15:25:58+00:00,2017-06-22,3b55795b0684b6f7a5cf5284510c8ecd0c43543686ff0f3a6129214a1805d87e,1e199914662a00b2dad618c3a9b809ced1257ec1d0a4a09e589b6349d492e856,unique_exact_normalized_same_cohort_name
P4a000d48b0,2017,dx_2017,dx,8,60,http://www.draftexpress.com/nba-mock-draft/2017/,https://web.archive.org/web/20170621152558id_/http://www.draftexpress.com/nba-mock-draft/2017/,2017-06-20,2017-06-21T15:25:58+00:00,2017-06-22,3b55795b0684b6f7a5cf5284510c8ecd0c43543686ff0f3a6129214a1805d87e,1e199914662a00b2dad618c3a9b809ced1257ec1d0a4a09e589b6349d492e856,unique_exact_normalized_same_cohort_name
Pe6fe5c747b,2017,dx_2017,dx,10,60,http://www.draftexpress.com/nba-mock-draft/2017/,https://web.archive.org/web/20170621152558id_/http://www.draftexpress.com/nba-mock-draft/2017/,2017-06-20,2017-06-21T15:25:58+00:00,2017-06-22,3b55795b0684b6f7a5cf5284510c8ecd0c43543686ff0f3a6129214a1805d87e,1e199914662a00b2dad618c3a9b809ced1257ec1d0a4a09e589b6349d492e856,unique_exact_normalized_same_cohort_name
Pdb3bcb3fc8,2017,dx_2017,dx,11,60,http://www.draftexpress.com/nba-mock-draft/2017/,https://web.archive.org/web/20170621152558id_/http://www.draftexpress.com/nba-mock-draft/2017/,2017-06-20,2017-06-21T15:25:58+00:00,2017-06-22,3b55795b0684b6f7a5cf5284510c8ecd0c43543686ff0f3a6129214a1805d87e,1e199914662a00b2dad618c3a9b809ced1257ec1d0a4a09e589b6349d492e856,unique_exact_normalized_same_cohort_name
P71b16faf7a,2017,dx_2017,dx,12,60,http://www.draftexpress.com/nba-mock-draft/2017/,https://web.archive.org/web/20170621152558id_/http://www.draftexpress.com/nba-mock-draft/2017/,2017-06-20,2017-06-21T15:25:58+00:00,2017-06-22,3b55795b0684b6f7a5cf5284510c8ecd0c43543686ff0f3a6129214a1805d87e,1e199914662a00b2dad618c3a9b809ced1257ec1d0a4a09e589b6349d492e856,unique_exact_normalized_same_cohort_name
P49d50fc2b5,2017,dx_2017,dx,13,60,http://www.draftexpress.com/nba-mock-draft/2017/,https://web.archive.org/web/20170621152558id_/http://www.draftexpress.com/nba-mock-draft/2017/,2017-06-20,2017-06-21T15:25:58+00:00,2017-06-22,3b55795b0684b6f7a5cf5284510c8ecd0c43543686ff0f3a6129214a1805d87e,1e199914662a00b2dad618c3a9b809ced1257ec1d0a4a09e589b6349d492e856,unique_exact_normalized_same_cohort_name
P46cfb45fde,2017,dx_2017,dx,14,60,http://www.draftexpress.com/nba-mock-draft/2017/,https://web.archive.org/web/20170621152558id_/http://www.draftexpress.com/nba-mock-draft/2017/,2017-06-20,2017-06-21T15:25:58+00:00,2017-06-22,3b55795b0684b6f7a5cf5284510c8ecd0c43543686ff0f3a6129214a1805d87e,1e199914662a00b2dad618c3a9b809ced1257ec1d0a4a09e589b6349d492e856,unique_exact_normalized_same_cohort_name
P2c3a1eb46b,2017,dx_2017,dx,15,60,http://www.draftexpress.com/nba-mock-draft/2017/,https://web.archive.org/web/20170621152558id_/http://www.draftexpress.com/nba-mock-draft/2017/,2017-06-20,2017-06-21T15:25:58+00:00,2017-06-22,3b55795b0684b6f7a5cf5284510c8ecd0c43543686ff0f3a6129214a1805d87e,1e199914662a00b2dad618c3a9b809ced1257ec1d0a4a09e589b6349d492e856,unique_exact_normalized_same_cohort_name
P24e5e8b7dc,2017,dx_2017,dx,16,60,http://www.draftexpress.com/nba-mock-draft/2017/,https://web.archive.org/web/20170621152558id_/http://www.draftexpress.com/nba-mock-draft/2017/,2017-06-20,2017-06-21T15:25:58+00:00,2017-06-22,3b55795b0684b6f7a5cf5284510c8ecd0c43543686ff0f3a6129214a1805d87e,1e199914662a00b2dad618c3a9b809ced1257ec1d0a4a09e589b6349d492e856,unique_exact_normalized_same_cohort_name
P0af0ac79ae,2017,dx_2017,dx,17,60,http://www.draftexpress.com/nba-mock-draft/2017/,https://web.archive.org/web/20170621152558id_/http://www.draftexpress.com/nba-mock-draft/2017/,2017-06-20,2017-06-21T15:25:58+00:00,2017-06-22,3b55795b0684b6f7a5cf5284510c8ecd0c43543686ff0f3a6129214a1805d87e,1e199914662a00b2dad618c3a9b809ced1257ec1d0a4a09e589b6349d492e856,unique_exact_normalized_same_cohort_name
Pf18fe42b62,2017,dx_2017,dx,18,60,http://www.draftexpress.com/nba-mock-draft/2017/,https://web.archive.org/web/20170621152558id_/http://www.draftexpress.com/nba-mock-draft/2017/,2017-06-20,2017-06-21T15:25:58+00:00,2017-06-22,3b55795b0684b6f7a5cf5284510c8ecd0c43543686ff0f3a6129214a1805d87e,1e199914662a00b2dad618c3a9b809ced1257ec1d0a4a09e589b6349d492e856,unique_exact_normalized_same_cohort_name
Pcc7ddb9ab9,2017,dx_2017,dx,19,60,http://www.draftexpress.com/nba-mock-draft/2017/,https://web.archive.org/web/20170621152558id_/http://www.draftexpress.com/nba-mock-draft/2017/,2017-06-20,2017-06-21T15:25:58+00:00,2017-06-22,3b55795b0684b6f7a5cf5284510c8ecd0c43543686ff0f3a6129214a1805d87e,1e199914662a00b2dad618c3a9b809ced1257ec1d0a4a09e589b6349d492e856,unique_exact_normalized_same_cohort_name
P1e22570fac,2017,dx_2017,dx,20,60,http://www.draftexpress.com/nba-mock-draft/2017/,https://web.archive.org/web/20170621152558id_/http://www.draftexpress.com/nba-mock-draft/2017/,2017-06-20,2017-06-21T15:25:58+00:00,2017-06-22,3b55795b0684b6f7a5cf5284510c8ecd0c43543686ff0f3a6129214a1805d87e,1e199914662a00b2dad618c3a9b809ced1257ec1d0a4a09e589b6349d492e856,unique_exact_normalized_same_cohort_name
Pd808e1b5f8,2017,dx_2017,dx,21,60,http://www.draftexpress.com/nba-mock-draft/2017/,https://web.archive.org/web/20170621152558id_/http://www.draftexpress.com/nba-mock-draft/2017/,2017-06-20,2017-06-21T15:25:58+00:00,2017-06-22,3b55795b0684b6f7a5cf5284510c8ecd0c43543686ff0f3a6129214a1805d87e,1e199914662a00b2dad618c3a9b809ced1257ec1d0a4a09e589b6349d492e856,unique_exact_normalized_same_cohort_name
P459acdec33,2017,dx_2017,dx,22,60,http://www.draftexpress.com/nba-mock-draft/2017/,https://web.archive.org/web/20170621152558id_/http://www.draftexpress.com/nba-mock-draft/2017/,2017-06-20,2017-06-21T15:25:58+00:00,2017-06-22,3b55795b0684b6f7a5cf5284510c8ecd0c43543686ff0f3a6129214a1805d87e,1e199914662a00b2dad618c3a9b809ced1257ec1d0a4a09e589b6349d492e856,unique_exact_normalized_same_cohort_name
P63f00af37c,2017,dx_2017,dx,23,60,http://www.draftexpress.com/nba-mock-draft/2017/,https://web.archive.org/web/20170621152558id_/http://www.draftexpress.com/nba-mock-draft/2017/,2017-06-20,2017-06-21T15:25:58+00:00,2017-06-22,3b55795b0684b6f7a5cf5284510c8ecd0c43543686ff0f3a6129214a1805d87e,1e199914662a00b2dad618c3a9b809ced1257ec1d0a4a09e589b6349d492e856,unique_exact_normalized_same_cohort_name
Pc4f84bc197,2017,dx_2017,dx,24,60,http://www.draftexpress.com/nba-mock-draft/2017/,https://web.archive.org/web/20170621152558id_/http://www.draftexpress.com/nba-mock-draft/2017/,2017-06-20,2017-06-21T15:25:58+00:00,2017-06-22,3b55795b0684b6f7a5cf5284510c8ecd0c43543686ff0f3a6129214a1805d87e,1e199914662a00b2dad618c3a9b809ced1257ec1d0a4a09e589b6349d492e856,unique_exact_normalized_same_cohort_name
Pe5fb05fea3,2017,dx_2017,dx,25,60,http://www.draftexpress.com/nba-mock-draft/2017/,https://web.archive.org/web/20170621152558id_/http://www.draftexpress.com/nba-mock-draft/2017/,2017-06-20,2017-06-21T15:25:58+00:00,2017-06-22,3b55795b0684b6f7a5cf5284510c8ecd0c43543686ff0f3a6129214a1805d87e,1e199914662a00b2dad618c3a9b809ced1257ec1d0a4a09e589b6349d492e856,unique_exact_normalized_same_cohort_name
Pa79b34cca8,2017,dx_2017,dx,27,60,http://www.draftexpress.com/nba-mock-draft/2017/,https://web.archive.org/web/20170621152558id_/http://www.draftexpress.com/nba-mock-draft/2017/,2017-06-20,2017-06-21T15:25:58+00:00,2017-06-22,3b55795b0684b6f7a5cf5284510c8ecd0c43543686ff0f3a6129214a1805d87e,1e199914662a00b2dad618c3a9b809ced1257ec1d0a4a09e589b6349d492e856,unique_exact_normalized_same_cohort_name
P54d4de841c,2017,dx_2017,dx,28,60,http://www.draftexpress.com/nba-mock-draft/2017/,https://web.archive.org/web/20170621152558id_/http://www.draftexpress.com/nba-mock-draft/2017/,2017-06-20,2017-06-21T15:25:58+00:00,2017-06-22,3b55795b0684b6f7a5cf5284510c8ecd0c43543686ff0f3a6129214a1805d87e,1e199914662a00b2dad618c3a9b809ced1257ec1d0a4a09e589b6349d492e856,unique_exact_normalized_same_cohort_name
Pf781dda14b,2017,dx_2017,dx,29,60,http://www.draftexpress.com/nba-mock-draft/2017/,https://web.archive.org/web/20170621152558id_/http://www.draftexpress.com/nba-mock-draft/2017/,2017-06-20,2017-06-21T15:25:58+00:00,2017-06-22,3b55795b0684b6f7a5cf5284510c8ecd0c43543686ff0f3a6129214a1805d87e,1e199914662a00b2dad618c3a9b809ced1257ec1d0a4a09e589b6349d492e856,unique_exact_normalized_same_cohort_name
P2ad4235514,2017,dx_2017,dx,30,60,http://www.draftexpress.com/nba-mock-draft/2017/,https://web.archive.org/web/20170621152558id_/http://www.draftexpress.com/nba-mock-draft/2017/,2017-06-20,2017-06-21T15:25:58+00:00,2017-06-22,3b55795b0684b6f7a5cf5284510c8ecd0c43543686ff0f3a6129214a1805d87e,1e199914662a00b2dad618c3a9b809ced1257ec1d0a4a09e589b6349d492e856,unique_exact_normalized_same_cohort_name
P2e6be7d23b,2017,dx_2017,dx,31,60,http://www.draftexpress.com/nba-mock-draft/2017/,https://web.archive.org/web/20170621152558id_/http://www.draftexpress.com/nba-mock-draft/2017/,2017-06-20,2017-06-21T15:25:58+00:00,2017-06-22,3b55795b0684b6f7a5cf5284510c8ecd0c43543686ff0f3a6129214a1805d87e,1e199914662a00b2dad618c3a9b809ced1257ec1d0a4a09e589b6349d492e856,unique_exact_normalized_same_cohort_name
P032d23c9d9,2017,dx_2017,dx,32,60,http://www.draftexpress.com/nba-mock-draft/2017/,https://web.archive.org/web/20170621152558id_/http://www.draftexpress.com/nba-mock-draft/2017/,2017-06-20,2017-06-21T15:25:58+00:00,2017-06-22,3b55795b0684b6f7a5cf5284510c8ecd0c43543686ff0f3a6129214a1805d87e,1e199914662a00b2dad618c3a9b809ced1257ec1d0a4a09e589b6349d492e856,unique_exact_normalized_same_cohort_name
P204a101867,2017,dx_2017,dx,33,60,http://www.draftexpress.com/nba-mock-draft/2017/,https://web.archive.org/web/20170621152558id_/http://www.draftexpress.com/nba-mock-draft/2017/,2017-06-20,2017-06-21T15:25:58+00:00,2017-06-22,3b55795b0684b6f7a5cf5284510c8ecd0c43543686ff0f3a6129214a1805d87e,1e199914662a00b2dad618c3a9b809ced1257ec1d0a4a09e589b6349d492e856,unique_exact_normalized_same_cohort_name
P551a484de7,2017,dx_2017,dx,34,60,http://www.draftexpress.com/nba-mock-draft/2017/,https://web.archive.org/web/20170621152558id_/http://www.draftexpress.com/nba-mock-draft/2017/,2017-06-20,2017-06-21T15:25:58+00:00,2017-06-22,3b55795b0684b6f7a5cf5284510c8ecd0c43543686ff0f3a6129214a1805d87e,1e199914662a00b2dad618c3a9b809ced1257ec1d0a4a09e589b6349d492e856,unique_exact_normalized_same_cohort_name
P38e6db5ca1,2017,dx_2017,dx,35,60,http://www.draftexpress.com/nba-mock-draft/2017/,https://web.archive.org/web/20170621152558id_/http://www.draftexpress.com/nba-mock-draft/2017/,2017-06-20,2017-06-21T15:25:58+00:00,2017-06-22,3b55795b0684b6f7a5cf5284510c8ecd0c43543686ff0f3a6129214a1805d87e,1e199914662a00b2dad618c3a9b809ced1257ec1d0a4a09e589b6349d492e856,unique_exact_normalized_same_cohort_name
P964dd1e5f4,2017,dx_2017,dx,36,60,http://www.draftexpress.com/nba-mock-draft/2017/,https://web.archive.org/web/20170621152558id_/http://www.draftexpress.com/nba-mock-draft/2017/,2017-06-20,2017-06-21T15:25:58+00:00,2017-06-22,3b55795b0684b6f7a5cf5284510c8ecd0c43543686ff0f3a6129214a1805d87e,1e199914662a00b2dad618c3a9b809ced1257ec1d0a4a09e589b6349d492e856,unique_exact_normalized_same_cohort_name
P74d19df6a2,2017,dx_2017,dx,37,60,http://www.draftexpress.com/nba-mock-draft/2017/,https://web.archive.org/web/20170621152558id_/http://www.draftexpress.com/nba-mock-draft/2017/,2017-06-20,2017-06-21T15:25:58+00:00,2017-06-22,3b55795b0684b6f7a5cf5284510c8ecd0c43543686ff0f3a6129214a1805d87e,1e199914662a00b2dad618c3a9b809ced1257ec1d0a4a09e589b6349d492e856,unique_exact_normalized_same_cohort_name
P16938f3fa9,2017,dx_2017,dx,38,60,http://www.draftexpress.com/nba-mock-draft/2017/,https://web.archive.org/web/20170621152558id_/http://www.draftexpress.com/nba-mock-draft/2017/,2017-06-20,2017-06-21T15:25:58+00:00,2017-06-22,3b55795b0684b6f7a5cf5284510c8ecd0c43543686ff0f3a6129214a1805d87e,1e199914662a00b2dad618c3a9b809ced1257ec1d0a4a09e589b6349d492e856,unique_exact_normalized_same_cohort_name
P1ea9c7c88d,2017,dx_2017,dx,40,60,http://www.draftexpress.com/nba-mock-draft/2017/,https://web.archive.org/web/20170621152558id_/http://www.draftexpress.com/nba-mock-draft/2017/,2017-06-20,2017-06-21T15:25:58+00:00,2017-06-22,3b55795b0684b6f7a5cf5284510c8ecd0c43543686ff0f3a6129214a1805d87e,1e199914662a00b2dad618c3a9b809ced1257ec1d0a4a09e589b6349d492e856,unique_exact_normalized_same_cohort_name
Pc32fe4a167,2017,dx_2017,dx,41,60,http://www.draftexpress.com/nba-mock-draft/2017/,https://web.archive.org/web/20170621152558id_/http://www.draftexpress.com/nba-mock-draft/2017/,2017-06-20,2017-06-21T15:25:58+00:00,2017-06-22,3b55795b0684b6f7a5cf5284510c8ecd0c43543686ff0f3a6129214a1805d87e,1e199914662a00b2dad618c3a9b809ced1257ec1d0a4a09e589b6349d492e856,unique_exact_normalized_same_cohort_name
Pdb78b3595b,2017,dx_2017,dx,42,60,http://www.draftexpress.com/nba-mock-draft/2017/,https://web.archive.org/web/20170621152558id_/http://www.draftexpress.com/nba-mock-draft/2017/,2017-06-20,2017-06-21T15:25:58+00:00,2017-06-22,3b55795b0684b6f7a5cf5284510c8ecd0c43543686ff0f3a6129214a1805d87e,1e199914662a00b2dad618c3a9b809ced1257ec1d0a4a09e589b6349d492e856,unique_exact_normalized_same_cohort_name
P2acab9acdb,2017,dx_2017,dx,44,60,http://www.draftexpress.com/nba-mock-draft/2017/,https://web.archive.org/web/20170621152558id_/http://www.draftexpress.com/nba-mock-draft/2017/,2017-06-20,2017-06-21T15:25:58+00:00,2017-06-22,3b55795b0684b6f7a5cf5284510c8ecd0c43543686ff0f3a6129214a1805d87e,1e199914662a00b2dad618c3a9b809ced1257ec1d0a4a09e589b6349d492e856,unique_exact_normalized_same_cohort_name
P22340c4458,2017,dx_2017,dx,45,60,http://www.draftexpress.com/nba-mock-draft/2017/,https://web.archive.org/web/20170621152558id_/http://www.draftexpress.com/nba-mock-draft/2017/,2017-06-20,2017-06-21T15:25:58+00:00,2017-06-22,3b55795b0684b6f7a5cf5284510c8ecd0c43543686ff0f3a6129214a1805d87e,1e199914662a00b2dad618c3a9b809ced1257ec1d0a4a09e589b6349d492e856,unique_exact_normalized_same_cohort_name
P9d178fdf5d,2017,dx_2017,dx,46,60,http://www.draftexpress.com/nba-mock-draft/2017/,https://web.archive.org/web/20170621152558id_/http://www.draftexpress.com/nba-mock-draft/2017/,2017-06-20,2017-06-21T15:25:58+00:00,2017-06-22,3b55795b0684b6f7a5cf5284510c8ecd0c43543686ff0f3a6129214a1805d87e,1e199914662a00b2dad618c3a9b809ced1257ec1d0a4a09e589b6349d492e856,unique_exact_normalized_same_cohort_name
P5351e63d76,2017,dx_2017,dx,47,60,http://www.draftexpress.com/nba-mock-draft/2017/,https://web.archive.org/web/20170621152558id_/http://www.draftexpress.com/nba-mock-draft/2017/,2017-06-20,2017-06-21T15:25:58+00:00,2017-06-22,3b55795b0684b6f7a5cf5284510c8ecd0c43543686ff0f3a6129214a1805d87e,1e199914662a00b2dad618c3a9b809ced1257ec1d0a4a09e589b6349d492e856,unique_exact_normalized_same_cohort_name
P1804943702,2017,dx_2017,dx,49,60,http://www.draftexpress.com/nba-mock-draft/2017/,https://web.archive.org/web/20170621152558id_/http://www.draftexpress.com/nba-mock-draft/2017/,2017-06-20,2017-06-21T15:25:58+00:00,2017-06-22,3b55795b0684b6f7a5cf5284510c8ecd0c43543686ff0f3a6129214a1805d87e,1e199914662a00b2dad618c3a9b809ced1257ec1d0a4a09e589b6349d492e856,unique_exact_normalized_same_cohort_name
P0d567b6867,2017,dx_2017,dx,50,60,http://www.draftexpress.com/nba-mock-draft/2017/,https://web.archive.org/web/20170621152558id_/http://www.draftexpress.com/nba-mock-draft/2017/,2017-06-20,2017-06-21T15:25:58+00:00,2017-06-22,3b55795b0684b6f7a5cf5284510c8ecd0c43543686ff0f3a6129214a1805d87e,1e199914662a00b2dad618c3a9b809ced1257ec1d0a4a09e589b6349d492e856,unique_exact_normalized_same_cohort_name
P3e5c820c70,2017,dx_2017,dx,51,60,http://www.draftexpress.com/nba-mock-draft/2017/,https://web.archive.org/web/20170621152558id_/http://www.draftexpress.com/nba-mock-draft/2017/,2017-06-20,2017-06-21T15:25:58+00:00,2017-06-22,3b55795b0684b6f7a5cf5284510c8ecd0c43543686ff0f3a6129214a1805d87e,1e199914662a00b2dad618c3a9b809ced1257ec1d0a4a09e589b6349d492e856,unique_exact_normalized_same_cohort_name
Pea59b43adb,2017,dx_2017,dx,52,60,http://www.draftexpress.com/nba-mock-draft/2017/,https://web.archive.org/web/20170621152558id_/http://www.draftexpress.com/nba-mock-draft/2017/,2017-06-20,2017-06-21T15:25:58+00:00,2017-06-22,3b55795b0684b6f7a5cf5284510c8ecd0c43543686ff0f3a6129214a1805d87e,1e199914662a00b2dad618c3a9b809ced1257ec1d0a4a09e589b6349d492e856,unique_exact_normalized_same_cohort_name
P27a35575e9,2017,dx_2017,dx,53,60,http://www.draftexpress.com/nba-mock-draft/2017/,https://web.archive.org/web/20170621152558id_/http://www.draftexpress.com/nba-mock-draft/2017/,2017-06-20,2017-06-21T15:25:58+00:00,2017-06-22,3b55795b0684b6f7a5cf5284510c8ecd0c43543686ff0f3a6129214a1805d87e,1e199914662a00b2dad618c3a9b809ced1257ec1d0a4a09e589b6349d492e856,unique_exact_normalized_same_cohort_name
Pa76a1ce248,2017,dx_2017,dx,56,60,http://www.draftexpress.com/nba-mock-draft/2017/,https://web.archive.org/web/20170621152558id_/http://www.draftexpress.com/nba-mock-draft/2017/,2017-06-20,2017-06-21T15:25:58+00:00,2017-06-22,3b55795b0684b6f7a5cf5284510c8ecd0c43543686ff0f3a6129214a1805d87e,1e199914662a00b2dad618c3a9b809ced1257ec1d0a4a09e589b6349d492e856,unique_exact_normalized_same_cohort_name
P86ef73625c,2017,dx_2017,dx,57,60,http://www.draftexpress.com/nba-mock-draft/2017/,https://web.archive.org/web/20170621152558id_/http://www.draftexpress.com/nba-mock-draft/2017/,2017-06-20,2017-06-21T15:25:58+00:00,2017-06-22,3b55795b0684b6f7a5cf5284510c8ecd0c43543686ff0f3a6129214a1805d87e,1e199914662a00b2dad618c3a9b809ced1257ec1d0a4a09e589b6349d492e856,unique_exact_normalized_same_cohort_name
P10187f6389,2017,dx_2017,dx,58,60,http://www.draftexpress.com/nba-mock-draft/2017/,https://web.archive.org/web/20170621152558id_/http://www.draftexpress.com/nba-mock-draft/2017/,2017-06-20,2017-06-21T15:25:58+00:00,2017-06-22,3b55795b0684b6f7a5cf5284510c8ecd0c43543686ff0f3a6129214a1805d87e,1e199914662a00b2dad618c3a9b809ced1257ec1d0a4a09e589b6349d492e856,unique_exact_normalized_same_cohort_name
Pba3a4faeb9,2017,dx_2017,dx,60,60,http://www.draftexpress.com/nba-mock-draft/2017/,https://web.archive.org/web/20170621152558id_/http://www.draftexpress.com/nba-mock-draft/2017/,2017-06-20,2017-06-21T15:25:58+00:00,2017-06-22,3b55795b0684b6f7a5cf5284510c8ecd0c43543686ff0f3a6129214a1805d87e,1e199914662a00b2dad618c3a9b809ced1257ec1d0a4a09e589b6349d492e856,unique_exact_normalized_same_cohort_name
P5a591d3e24,2015,nbadraft_2015,nbadraft,1,60,http://www.nbadraft.net:80/2015mock_draft,https://web.archive.org/web/20150624022313id_/http://www.nbadraft.net:80/2015mock_draft,2015-06-22,2015-06-24T02:23:13+00:00,2015-06-25,bb3c19252a65a8bab4dc79a034dffda6bee8386123af42e6446d2897bced8819,5b7e09faef50262025253c0889030bb12ea46be3f1773ca9bbf475e10e521c3e,unique_exact_normalized_same_cohort_name
Pb9c495a67d,2015,nbadraft_2015,nbadraft,2,60,http://www.nbadraft.net:80/2015mock_draft,https://web.archive.org/web/20150624022313id_/http://www.nbadraft.net:80/2015mock_draft,2015-06-22,2015-06-24T02:23:13+00:00,2015-06-25,bb3c19252a65a8bab4dc79a034dffda6bee8386123af42e6446d2897bced8819,5b7e09faef50262025253c0889030bb12ea46be3f1773ca9bbf475e10e521c3e,unique_exact_normalized_same_cohort_name
P67cf99c3eb,2015,nbadraft_2015,nbadraft,3,60,http://www.nbadraft.net:80/2015mock_draft,https://web.archive.org/web/20150624022313id_/http://www.nbadraft.net:80/2015mock_draft,2015-06-22,2015-06-24T02:23:13+00:00,2015-06-25,bb3c19252a65a8bab4dc79a034dffda6bee8386123af42e6446d2897bced8819,5b7e09faef50262025253c0889030bb12ea46be3f1773ca9bbf475e10e521c3e,unique_exact_normalized_same_cohort_name
P3e493925a2,2015,nbadraft_2015,nbadraft,4,60,http://www.nbadraft.net:80/2015mock_draft,https://web.archive.org/web/20150624022313id_/http://www.nbadraft.net:80/2015mock_draft,2015-06-22,2015-06-24T02:23:13+00:00,2015-06-25,bb3c19252a65a8bab4dc79a034dffda6bee8386123af42e6446d2897bced8819,5b7e09faef50262025253c0889030bb12ea46be3f1773ca9bbf475e10e521c3e,unique_exact_normalized_same_cohort_name
Pf1eb0b11c1,2015,nbadraft_2015,nbadraft,5,60,http://www.nbadraft.net:80/2015mock_draft,https://web.archive.org/web/20150624022313id_/http://www.nbadraft.net:80/2015mock_draft,2015-06-22,2015-06-24T02:23:13+00:00,2015-06-25,bb3c19252a65a8bab4dc79a034dffda6bee8386123af42e6446d2897bced8819,5b7e09faef50262025253c0889030bb12ea46be3f1773ca9bbf475e10e521c3e,unique_exact_normalized_same_cohort_name
Pc3390f55d0,2015,nbadraft_2015,nbadraft,6,60,http://www.nbadraft.net:80/2015mock_draft,https://web.archive.org/web/20150624022313id_/http://www.nbadraft.net:80/2015mock_draft,2015-06-22,2015-06-24T02:23:13+00:00,2015-06-25,bb3c19252a65a8bab4dc79a034dffda6bee8386123af42e6446d2897bced8819,5b7e09faef50262025253c0889030bb12ea46be3f1773ca9bbf475e10e521c3e,unique_exact_normalized_same_cohort_name
P11ed05516e,2015,nbadraft_2015,nbadraft,7,60,http://www.nbadraft.net:80/2015mock_draft,https://web.archive.org/web/20150624022313id_/http://www.nbadraft.net:80/2015mock_draft,2015-06-22,2015-06-24T02:23:13+00:00,2015-06-25,bb3c19252a65a8bab4dc79a034dffda6bee8386123af42e6446d2897bced8819,5b7e09faef50262025253c0889030bb12ea46be3f1773ca9bbf475e10e521c3e,unique_exact_normalized_same_cohort_name
P2297a93a7f,2015,nbadraft_2015,nbadraft,8,60,http://www.nbadraft.net:80/2015mock_draft,https://web.archive.org/web/20150624022313id_/http://www.nbadraft.net:80/2015mock_draft,2015-06-22,2015-06-24T02:23:13+00:00,2015-06-25,bb3c19252a65a8bab4dc79a034dffda6bee8386123af42e6446d2897bced8819,5b7e09faef50262025253c0889030bb12ea46be3f1773ca9bbf475e10e521c3e,unique_exact_normalized_same_cohort_name
Pce2a43b358,2015,nbadraft_2015,nbadraft,9,60,http://www.nbadraft.net:80/2015mock_draft,https://web.archive.org/web/20150624022313id_/http://www.nbadraft.net:80/2015mock_draft,2015-06-22,2015-06-24T02:23:13+00:00,2015-06-25,bb3c19252a65a8bab4dc79a034dffda6bee8386123af42e6446d2897bced8819,5b7e09faef50262025253c0889030bb12ea46be3f1773ca9bbf475e10e521c3e,unique_exact_normalized_same_cohort_name
Pff77feae98,2015,nbadraft_2015,nbadraft,10,60,http://www.nbadraft.net:80/2015mock_draft,https://web.archive.org/web/20150624022313id_/http://www.nbadraft.net:80/2015mock_draft,2015-06-22,2015-06-24T02:23:13+00:00,2015-06-25,bb3c19252a65a8bab4dc79a034dffda6bee8386123af42e6446d2897bced8819,5b7e09faef50262025253c0889030bb12ea46be3f1773ca9bbf475e10e521c3e,unique_exact_normalized_same_cohort_name
Peaf1686cc0,2015,nbadraft_2015,nbadraft,12,60,http://www.nbadraft.net:80/2015mock_draft,https://web.archive.org/web/20150624022313id_/http://www.nbadraft.net:80/2015mock_draft,2015-06-22,2015-06-24T02:23:13+00:00,2015-06-25,bb3c19252a65a8bab4dc79a034dffda6bee8386123af42e6446d2897bced8819,5b7e09faef50262025253c0889030bb12ea46be3f1773ca9bbf475e10e521c3e,unique_exact_normalized_same_cohort_name
P5492e07ad3,2015,nbadraft_2015,nbadraft,13,60,http://www.nbadraft.net:80/2015mock_draft,https://web.archive.org/web/20150624022313id_/http://www.nbadraft.net:80/2015mock_draft,2015-06-22,2015-06-24T02:23:13+00:00,2015-06-25,bb3c19252a65a8bab4dc79a034dffda6bee8386123af42e6446d2897bced8819,5b7e09faef50262025253c0889030bb12ea46be3f1773ca9bbf475e10e521c3e,unique_exact_normalized_same_cohort_name
Pec96a14b85,2015,nbadraft_2015,nbadraft,14,60,http://www.nbadraft.net:80/2015mock_draft,https://web.archive.org/web/20150624022313id_/http://www.nbadraft.net:80/2015mock_draft,2015-06-22,2015-06-24T02:23:13+00:00,2015-06-25,bb3c19252a65a8bab4dc79a034dffda6bee8386123af42e6446d2897bced8819,5b7e09faef50262025253c0889030bb12ea46be3f1773ca9bbf475e10e521c3e,unique_exact_normalized_same_cohort_name
P7d77f683c0,2015,nbadraft_2015,nbadraft,15,60,http://www.nbadraft.net:80/2015mock_draft,https://web.archive.org/web/20150624022313id_/http://www.nbadraft.net:80/2015mock_draft,2015-06-22,2015-06-24T02:23:13+00:00,2015-06-25,bb3c19252a65a8bab4dc79a034dffda6bee8386123af42e6446d2897bced8819,5b7e09faef50262025253c0889030bb12ea46be3f1773ca9bbf475e10e521c3e,unique_exact_normalized_same_cohort_name
P94d904f95a,2015,nbadraft_2015,nbadraft,16,60,http://www.nbadraft.net:80/2015mock_draft,https://web.archive.org/web/20150624022313id_/http://www.nbadraft.net:80/2015mock_draft,2015-06-22,2015-06-24T02:23:13+00:00,2015-06-25,bb3c19252a65a8bab4dc79a034dffda6bee8386123af42e6446d2897bced8819,5b7e09faef50262025253c0889030bb12ea46be3f1773ca9bbf475e10e521c3e,unique_exact_normalized_same_cohort_name
Pcf63b744fe,2015,nbadraft_2015,nbadraft,17,60,http://www.nbadraft.net:80/2015mock_draft,https://web.archive.org/web/20150624022313id_/http://www.nbadraft.net:80/2015mock_draft,2015-06-22,2015-06-24T02:23:13+00:00,2015-06-25,bb3c19252a65a8bab4dc79a034dffda6bee8386123af42e6446d2897bced8819,5b7e09faef50262025253c0889030bb12ea46be3f1773ca9bbf475e10e521c3e,unique_exact_normalized_same_cohort_name
P9a02cf437c,2015,nbadraft_2015,nbadraft,18,60,http://www.nbadraft.net:80/2015mock_draft,https://web.archive.org/web/20150624022313id_/http://www.nbadraft.net:80/2015mock_draft,2015-06-22,2015-06-24T02:23:13+00:00,2015-06-25,bb3c19252a65a8bab4dc79a034dffda6bee8386123af42e6446d2897bced8819,5b7e09faef50262025253c0889030bb12ea46be3f1773ca9bbf475e10e521c3e,unique_exact_normalized_same_cohort_name
P1b292d5147,2015,nbadraft_2015,nbadraft,19,60,http://www.nbadraft.net:80/2015mock_draft,https://web.archive.org/web/20150624022313id_/http://www.nbadraft.net:80/2015mock_draft,2015-06-22,2015-06-24T02:23:13+00:00,2015-06-25,bb3c19252a65a8bab4dc79a034dffda6bee8386123af42e6446d2897bced8819,5b7e09faef50262025253c0889030bb12ea46be3f1773ca9bbf475e10e521c3e,unique_exact_normalized_same_cohort_name
P8d6369038a,2015,nbadraft_2015,nbadraft,21,60,http://www.nbadraft.net:80/2015mock_draft,https://web.archive.org/web/20150624022313id_/http://www.nbadraft.net:80/2015mock_draft,2015-06-22,2015-06-24T02:23:13+00:00,2015-06-25,bb3c19252a65a8bab4dc79a034dffda6bee8386123af42e6446d2897bced8819,5b7e09faef50262025253c0889030bb12ea46be3f1773ca9bbf475e10e521c3e,unique_exact_normalized_same_cohort_name
P1c43036b93,2015,nbadraft_2015,nbadraft,22,60,http://www.nbadraft.net:80/2015mock_draft,https://web.archive.org/web/20150624022313id_/http://www.nbadraft.net:80/2015mock_draft,2015-06-22,2015-06-24T02:23:13+00:00,2015-06-25,bb3c19252a65a8bab4dc79a034dffda6bee8386123af42e6446d2897bced8819,5b7e09faef50262025253c0889030bb12ea46be3f1773ca9bbf475e10e521c3e,unique_exact_normalized_same_cohort_name
Pe71646e585,2015,nbadraft_2015,nbadraft,24,60,http://www.nbadraft.net:80/2015mock_draft,https://web.archive.org/web/20150624022313id_/http://www.nbadraft.net:80/2015mock_draft,2015-06-22,2015-06-24T02:23:13+00:00,2015-06-25,bb3c19252a65a8bab4dc79a034dffda6bee8386123af42e6446d2897bced8819,5b7e09faef50262025253c0889030bb12ea46be3f1773ca9bbf475e10e521c3e,unique_exact_normalized_same_cohort_name
P16f77dc0c6,2015,nbadraft_2015,nbadraft,25,60,http://www.nbadraft.net:80/2015mock_draft,https://web.archive.org/web/20150624022313id_/http://www.nbadraft.net:80/2015mock_draft,2015-06-22,2015-06-24T02:23:13+00:00,2015-06-25,bb3c19252a65a8bab4dc79a034dffda6bee8386123af42e6446d2897bced8819,5b7e09faef50262025253c0889030bb12ea46be3f1773ca9bbf475e10e521c3e,unique_exact_normalized_same_cohort_name
Pb067831a66,2015,nbadraft_2015,nbadraft,27,60,http://www.nbadraft.net:80/2015mock_draft,https://web.archive.org/web/20150624022313id_/http://www.nbadraft.net:80/2015mock_draft,2015-06-22,2015-06-24T02:23:13+00:00,2015-06-25,bb3c19252a65a8bab4dc79a034dffda6bee8386123af42e6446d2897bced8819,5b7e09faef50262025253c0889030bb12ea46be3f1773ca9bbf475e10e521c3e,unique_exact_normalized_same_cohort_name
P3cfad83e39,2015,nbadraft_2015,nbadraft,28,60,http://www.nbadraft.net:80/2015mock_draft,https://web.archive.org/web/20150624022313id_/http://www.nbadraft.net:80/2015mock_draft,2015-06-22,2015-06-24T02:23:13+00:00,2015-06-25,bb3c19252a65a8bab4dc79a034dffda6bee8386123af42e6446d2897bced8819,5b7e09faef50262025253c0889030bb12ea46be3f1773ca9bbf475e10e521c3e,unique_exact_normalized_same_cohort_name
Pd0eaa15469,2015,nbadraft_2015,nbadraft,29,60,http://www.nbadraft.net:80/2015mock_draft,https://web.archive.org/web/20150624022313id_/http://www.nbadraft.net:80/2015mock_draft,2015-06-22,2015-06-24T02:23:13+00:00,2015-06-25,bb3c19252a65a8bab4dc79a034dffda6bee8386123af42e6446d2897bced8819,5b7e09faef50262025253c0889030bb12ea46be3f1773ca9bbf475e10e521c3e,unique_exact_normalized_same_cohort_name
Pe7f5f31a46,2015,nbadraft_2015,nbadraft,30,60,http://www.nbadraft.net:80/2015mock_draft,https://web.archive.org/web/20150624022313id_/http://www.nbadraft.net:80/2015mock_draft,2015-06-22,2015-06-24T02:23:13+00:00,2015-06-25,bb3c19252a65a8bab4dc79a034dffda6bee8386123af42e6446d2897bced8819,5b7e09faef50262025253c0889030bb12ea46be3f1773ca9bbf475e10e521c3e,unique_exact_normalized_same_cohort_name
P5849f19551,2015,nbadraft_2015,nbadraft,31,60,http://www.nbadraft.net:80/2015mock_draft,https://web.archive.org/web/20150624022313id_/http://www.nbadraft.net:80/2015mock_draft,2015-06-22,2015-06-24T02:23:13+00:00,2015-06-25,bb3c19252a65a8bab4dc79a034dffda6bee8386123af42e6446d2897bced8819,5b7e09faef50262025253c0889030bb12ea46be3f1773ca9bbf475e10e521c3e,unique_exact_normalized_same_cohort_name
P831df49905,2015,nbadraft_2015,nbadraft,32,60,http://www.nbadraft.net:80/2015mock_draft,https://web.archive.org/web/20150624022313id_/http://www.nbadraft.net:80/2015mock_draft,2015-06-22,2015-06-24T02:23:13+00:00,2015-06-25,bb3c19252a65a8bab4dc79a034dffda6bee8386123af42e6446d2897bced8819,5b7e09faef50262025253c0889030bb12ea46be3f1773ca9bbf475e10e521c3e,unique_exact_normalized_same_cohort_name
P4a125216bc,2015,nbadraft_2015,nbadraft,33,60,http://www.nbadraft.net:80/2015mock_draft,https://web.archive.org/web/20150624022313id_/http://www.nbadraft.net:80/2015mock_draft,2015-06-22,2015-06-24T02:23:13+00:00,2015-06-25,bb3c19252a65a8bab4dc79a034dffda6bee8386123af42e6446d2897bced8819,5b7e09faef50262025253c0889030bb12ea46be3f1773ca9bbf475e10e521c3e,unique_exact_normalized_same_cohort_name
P128f74a48f,2015,nbadraft_2015,nbadraft,34,60,http://www.nbadraft.net:80/2015mock_draft,https://web.archive.org/web/20150624022313id_/http://www.nbadraft.net:80/2015mock_draft,2015-06-22,2015-06-24T02:23:13+00:00,2015-06-25,bb3c19252a65a8bab4dc79a034dffda6bee8386123af42e6446d2897bced8819,5b7e09faef50262025253c0889030bb12ea46be3f1773ca9bbf475e10e521c3e,unique_exact_normalized_same_cohort_name
Pa24dadc449,2015,nbadraft_2015,nbadraft,36,60,http://www.nbadraft.net:80/2015mock_draft,https://web.archive.org/web/20150624022313id_/http://www.nbadraft.net:80/2015mock_draft,2015-06-22,2015-06-24T02:23:13+00:00,2015-06-25,bb3c19252a65a8bab4dc79a034dffda6bee8386123af42e6446d2897bced8819,5b7e09faef50262025253c0889030bb12ea46be3f1773ca9bbf475e10e521c3e,unique_exact_normalized_same_cohort_name
P84b2e1b413,2015,nbadraft_2015,nbadraft,37,60,http://www.nbadraft.net:80/2015mock_draft,https://web.archive.org/web/20150624022313id_/http://www.nbadraft.net:80/2015mock_draft,2015-06-22,2015-06-24T02:23:13+00:00,2015-06-25,bb3c19252a65a8bab4dc79a034dffda6bee8386123af42e6446d2897bced8819,5b7e09faef50262025253c0889030bb12ea46be3f1773ca9bbf475e10e521c3e,unique_exact_normalized_same_cohort_name
Pfd690eb68d,2015,nbadraft_2015,nbadraft,38,60,http://www.nbadraft.net:80/2015mock_draft,https://web.archive.org/web/20150624022313id_/http://www.nbadraft.net:80/2015mock_draft,2015-06-22,2015-06-24T02:23:13+00:00,2015-06-25,bb3c19252a65a8bab4dc79a034dffda6bee8386123af42e6446d2897bced8819,5b7e09faef50262025253c0889030bb12ea46be3f1773ca9bbf475e10e521c3e,unique_exact_normalized_same_cohort_name
Pcfe0d93659,2015,nbadraft_2015,nbadraft,39,60,http://www.nbadraft.net:80/2015mock_draft,https://web.archive.org/web/20150624022313id_/http://www.nbadraft.net:80/2015mock_draft,2015-06-22,2015-06-24T02:23:13+00:00,2015-06-25,bb3c19252a65a8bab4dc79a034dffda6bee8386123af42e6446d2897bced8819,5b7e09faef50262025253c0889030bb12ea46be3f1773ca9bbf475e10e521c3e,unique_exact_normalized_same_cohort_name
P2e8c779b09,2015,nbadraft_2015,nbadraft,41,60,http://www.nbadraft.net:80/2015mock_draft,https://web.archive.org/web/20150624022313id_/http://www.nbadraft.net:80/2015mock_draft,2015-06-22,2015-06-24T02:23:13+00:00,2015-06-25,bb3c19252a65a8bab4dc79a034dffda6bee8386123af42e6446d2897bced8819,5b7e09faef50262025253c0889030bb12ea46be3f1773ca9bbf475e10e521c3e,unique_exact_normalized_same_cohort_name
P4ba2b4830d,2015,nbadraft_2015,nbadraft,43,60,http://www.nbadraft.net:80/2015mock_draft,https://web.archive.org/web/20150624022313id_/http://www.nbadraft.net:80/2015mock_draft,2015-06-22,2015-06-24T02:23:13+00:00,2015-06-25,bb3c19252a65a8bab4dc79a034dffda6bee8386123af42e6446d2897bced8819,5b7e09faef50262025253c0889030bb12ea46be3f1773ca9bbf475e10e521c3e,unique_exact_normalized_same_cohort_name
Pf21d262b1c,2015,nbadraft_2015,nbadraft,45,60,http://www.nbadraft.net:80/2015mock_draft,https://web.archive.org/web/20150624022313id_/http://www.nbadraft.net:80/2015mock_draft,2015-06-22,2015-06-24T02:23:13+00:00,2015-06-25,bb3c19252a65a8bab4dc79a034dffda6bee8386123af42e6446d2897bced8819,5b7e09faef50262025253c0889030bb12ea46be3f1773ca9bbf475e10e521c3e,unique_exact_normalized_same_cohort_name
P83f630794b,2015,nbadraft_2015,nbadraft,46,60,http://www.nbadraft.net:80/2015mock_draft,https://web.archive.org/web/20150624022313id_/http://www.nbadraft.net:80/2015mock_draft,2015-06-22,2015-06-24T02:23:13+00:00,2015-06-25,bb3c19252a65a8bab4dc79a034dffda6bee8386123af42e6446d2897bced8819,5b7e09faef50262025253c0889030bb12ea46be3f1773ca9bbf475e10e521c3e,unique_exact_normalized_same_cohort_name
Pea73008ab4,2015,nbadraft_2015,nbadraft,47,60,http://www.nbadraft.net:80/2015mock_draft,https://web.archive.org/web/20150624022313id_/http://www.nbadraft.net:80/2015mock_draft,2015-06-22,2015-06-24T02:23:13+00:00,2015-06-25,bb3c19252a65a8bab4dc79a034dffda6bee8386123af42e6446d2897bced8819,5b7e09faef50262025253c0889030bb12ea46be3f1773ca9bbf475e10e521c3e,unique_exact_normalized_same_cohort_name
P944090784f,2015,nbadraft_2015,nbadraft,49,60,http://www.nbadraft.net:80/2015mock_draft,https://web.archive.org/web/20150624022313id_/http://www.nbadraft.net:80/2015mock_draft,2015-06-22,2015-06-24T02:23:13+00:00,2015-06-25,bb3c19252a65a8bab4dc79a034dffda6bee8386123af42e6446d2897bced8819,5b7e09faef50262025253c0889030bb12ea46be3f1773ca9bbf475e10e521c3e,unique_exact_normalized_same_cohort_name
Pf634b73f97,2015,nbadraft_2015,nbadraft,50,60,http://www.nbadraft.net:80/2015mock_draft,https://web.archive.org/web/20150624022313id_/http://www.nbadraft.net:80/2015mock_draft,2015-06-22,2015-06-24T02:23:13+00:00,2015-06-25,bb3c19252a65a8bab4dc79a034dffda6bee8386123af42e6446d2897bced8819,5b7e09faef50262025253c0889030bb12ea46be3f1773ca9bbf475e10e521c3e,unique_exact_normalized_same_cohort_name
Pa48064fa8c,2015,nbadraft_2015,nbadraft,52,60,http://www.nbadraft.net:80/2015mock_draft,https://web.archive.org/web/20150624022313id_/http://www.nbadraft.net:80/2015mock_draft,2015-06-22,2015-06-24T02:23:13+00:00,2015-06-25,bb3c19252a65a8bab4dc79a034dffda6bee8386123af42e6446d2897bced8819,5b7e09faef50262025253c0889030bb12ea46be3f1773ca9bbf475e10e521c3e,unique_exact_normalized_same_cohort_name
P2c58b86e78,2015,nbadraft_2015,nbadraft,53,60,http://www.nbadraft.net:80/2015mock_draft,https://web.archive.org/web/20150624022313id_/http://www.nbadraft.net:80/2015mock_draft,2015-06-22,2015-06-24T02:23:13+00:00,2015-06-25,bb3c19252a65a8bab4dc79a034dffda6bee8386123af42e6446d2897bced8819,5b7e09faef50262025253c0889030bb12ea46be3f1773ca9bbf475e10e521c3e,unique_exact_normalized_same_cohort_name
P0ba0d4e186,2015,nbadraft_2015,nbadraft,54,60,http://www.nbadraft.net:80/2015mock_draft,https://web.archive.org/web/20150624022313id_/http://www.nbadraft.net:80/2015mock_draft,2015-06-22,2015-06-24T02:23:13+00:00,2015-06-25,bb3c19252a65a8bab4dc79a034dffda6bee8386123af42e6446d2897bced8819,5b7e09faef50262025253c0889030bb12ea46be3f1773ca9bbf475e10e521c3e,unique_exact_normalized_same_cohort_name
Pd3473cff83,2015,nbadraft_2015,nbadraft,56,60,http://www.nbadraft.net:80/2015mock_draft,https://web.archive.org/web/20150624022313id_/http://www.nbadraft.net:80/2015mock_draft,2015-06-22,2015-06-24T02:23:13+00:00,2015-06-25,bb3c19252a65a8bab4dc79a034dffda6bee8386123af42e6446d2897bced8819,5b7e09faef50262025253c0889030bb12ea46be3f1773ca9bbf475e10e521c3e,unique_exact_normalized_same_cohort_name
P9e418f4c91,2015,nbadraft_2015,nbadraft,57,60,http://www.nbadraft.net:80/2015mock_draft,https://web.archive.org/web/20150624022313id_/http://www.nbadraft.net:80/2015mock_draft,2015-06-22,2015-06-24T02:23:13+00:00,2015-06-25,bb3c19252a65a8bab4dc79a034dffda6bee8386123af42e6446d2897bced8819,5b7e09faef50262025253c0889030bb12ea46be3f1773ca9bbf475e10e521c3e,unique_exact_normalized_same_cohort_name
Pdaafce7eb6,2015,nbadraft_2015,nbadraft,58,60,http://www.nbadraft.net:80/2015mock_draft,https://web.archive.org/web/20150624022313id_/http://www.nbadraft.net:80/2015mock_draft,2015-06-22,2015-06-24T02:23:13+00:00,2015-06-25,bb3c19252a65a8bab4dc79a034dffda6bee8386123af42e6446d2897bced8819,5b7e09faef50262025253c0889030bb12ea46be3f1773ca9bbf475e10e521c3e,unique_exact_normalized_same_cohort_name
P0fde3dedb2,2016,nbadraft_2016_fallback,nbadraft,1,60,http://www.nbadraft.net/2016mock_draft,https://web.archive.org/web/20160620184522id_/http://www.nbadraft.net/2016mock_draft,2016-06-20,2016-06-20T18:45:22+00:00,2016-06-23,1f88c65101d4276466f8ab415afad7f87b0ff71229080dfa71fe5d4f53023129,c08e0bc5c556bed4c1267385a1b9f22693a59a34128ca63ce383ce2e546edebb,unique_exact_normalized_same_cohort_name
P117a6c6fb1,2016,nbadraft_2016_fallback,nbadraft,2,60,http://www.nbadraft.net/2016mock_draft,https://web.archive.org/web/20160620184522id_/http://www.nbadraft.net/2016mock_draft,2016-06-20,2016-06-20T18:45:22+00:00,2016-06-23,1f88c65101d4276466f8ab415afad7f87b0ff71229080dfa71fe5d4f53023129,c08e0bc5c556bed4c1267385a1b9f22693a59a34128ca63ce383ce2e546edebb,unique_exact_normalized_same_cohort_name
P4ec4ee54f1,2016,nbadraft_2016_fallback,nbadraft,3,60,http://www.nbadraft.net/2016mock_draft,https://web.archive.org/web/20160620184522id_/http://www.nbadraft.net/2016mock_draft,2016-06-20,2016-06-20T18:45:22+00:00,2016-06-23,1f88c65101d4276466f8ab415afad7f87b0ff71229080dfa71fe5d4f53023129,c08e0bc5c556bed4c1267385a1b9f22693a59a34128ca63ce383ce2e546edebb,unique_exact_normalized_same_cohort_name
P47380ec945,2016,nbadraft_2016_fallback,nbadraft,4,60,http://www.nbadraft.net/2016mock_draft,https://web.archive.org/web/20160620184522id_/http://www.nbadraft.net/2016mock_draft,2016-06-20,2016-06-20T18:45:22+00:00,2016-06-23,1f88c65101d4276466f8ab415afad7f87b0ff71229080dfa71fe5d4f53023129,c08e0bc5c556bed4c1267385a1b9f22693a59a34128ca63ce383ce2e546edebb,unique_exact_normalized_same_cohort_name
P9155961dd2,2016,nbadraft_2016_fallback,nbadraft,5,60,http://www.nbadraft.net/2016mock_draft,https://web.archive.org/web/20160620184522id_/http://www.nbadraft.net/2016mock_draft,2016-06-20,2016-06-20T18:45:22+00:00,2016-06-23,1f88c65101d4276466f8ab415afad7f87b0ff71229080dfa71fe5d4f53023129,c08e0bc5c556bed4c1267385a1b9f22693a59a34128ca63ce383ce2e546edebb,unique_exact_normalized_same_cohort_name
Pf9ebd1b271,2016,nbadraft_2016_fallback,nbadraft,6,60,http://www.nbadraft.net/2016mock_draft,https://web.archive.org/web/20160620184522id_/http://www.nbadraft.net/2016mock_draft,2016-06-20,2016-06-20T18:45:22+00:00,2016-06-23,1f88c65101d4276466f8ab415afad7f87b0ff71229080dfa71fe5d4f53023129,c08e0bc5c556bed4c1267385a1b9f22693a59a34128ca63ce383ce2e546edebb,unique_exact_normalized_same_cohort_name
P53f786523f,2016,nbadraft_2016_fallback,nbadraft,7,60,http://www.nbadraft.net/2016mock_draft,https://web.archive.org/web/20160620184522id_/http://www.nbadraft.net/2016mock_draft,2016-06-20,2016-06-20T18:45:22+00:00,2016-06-23,1f88c65101d4276466f8ab415afad7f87b0ff71229080dfa71fe5d4f53023129,c08e0bc5c556bed4c1267385a1b9f22693a59a34128ca63ce383ce2e546edebb,unique_exact_normalized_same_cohort_name
P620501ed0d,2016,nbadraft_2016_fallback,nbadraft,8,60,http://www.nbadraft.net/2016mock_draft,https://web.archive.org/web/20160620184522id_/http://www.nbadraft.net/2016mock_draft,2016-06-20,2016-06-20T18:45:22+00:00,2016-06-23,1f88c65101d4276466f8ab415afad7f87b0ff71229080dfa71fe5d4f53023129,c08e0bc5c556bed4c1267385a1b9f22693a59a34128ca63ce383ce2e546edebb,unique_exact_normalized_same_cohort_name
P88f4dbf943,2016,nbadraft_2016_fallback,nbadraft,9,60,http://www.nbadraft.net/2016mock_draft,https://web.archive.org/web/20160620184522id_/http://www.nbadraft.net/2016mock_draft,2016-06-20,2016-06-20T18:45:22+00:00,2016-06-23,1f88c65101d4276466f8ab415afad7f87b0ff71229080dfa71fe5d4f53023129,c08e0bc5c556bed4c1267385a1b9f22693a59a34128ca63ce383ce2e546edebb,unique_exact_normalized_same_cohort_name
P8a2a3c7c07,2016,nbadraft_2016_fallback,nbadraft,10,60,http://www.nbadraft.net/2016mock_draft,https://web.archive.org/web/20160620184522id_/http://www.nbadraft.net/2016mock_draft,2016-06-20,2016-06-20T18:45:22+00:00,2016-06-23,1f88c65101d4276466f8ab415afad7f87b0ff71229080dfa71fe5d4f53023129,c08e0bc5c556bed4c1267385a1b9f22693a59a34128ca63ce383ce2e546edebb,unique_exact_normalized_same_cohort_name
Pd856e50561,2016,nbadraft_2016_fallback,nbadraft,11,60,http://www.nbadraft.net/2016mock_draft,https://web.archive.org/web/20160620184522id_/http://www.nbadraft.net/2016mock_draft,2016-06-20,2016-06-20T18:45:22+00:00,2016-06-23,1f88c65101d4276466f8ab415afad7f87b0ff71229080dfa71fe5d4f53023129,c08e0bc5c556bed4c1267385a1b9f22693a59a34128ca63ce383ce2e546edebb,unique_exact_normalized_same_cohort_name
P6f92e02de4,2016,nbadraft_2016_fallback,nbadraft,12,60,http://www.nbadraft.net/2016mock_draft,https://web.archive.org/web/20160620184522id_/http://www.nbadraft.net/2016mock_draft,2016-06-20,2016-06-20T18:45:22+00:00,2016-06-23,1f88c65101d4276466f8ab415afad7f87b0ff71229080dfa71fe5d4f53023129,c08e0bc5c556bed4c1267385a1b9f22693a59a34128ca63ce383ce2e546edebb,unique_exact_normalized_same_cohort_name
Pc1c99fe2be,2016,nbadraft_2016_fallback,nbadraft,13,60,http://www.nbadraft.net/2016mock_draft,https://web.archive.org/web/20160620184522id_/http://www.nbadraft.net/2016mock_draft,2016-06-20,2016-06-20T18:45:22+00:00,2016-06-23,1f88c65101d4276466f8ab415afad7f87b0ff71229080dfa71fe5d4f53023129,c08e0bc5c556bed4c1267385a1b9f22693a59a34128ca63ce383ce2e546edebb,unique_exact_normalized_same_cohort_name
P9668122fb9,2016,nbadraft_2016_fallback,nbadraft,14,60,http://www.nbadraft.net/2016mock_draft,https://web.archive.org/web/20160620184522id_/http://www.nbadraft.net/2016mock_draft,2016-06-20,2016-06-20T18:45:22+00:00,2016-06-23,1f88c65101d4276466f8ab415afad7f87b0ff71229080dfa71fe5d4f53023129,c08e0bc5c556bed4c1267385a1b9f22693a59a34128ca63ce383ce2e546edebb,unique_exact_normalized_same_cohort_name
P07954fea73,2016,nbadraft_2016_fallback,nbadraft,15,60,http://www.nbadraft.net/2016mock_draft,https://web.archive.org/web/20160620184522id_/http://www.nbadraft.net/2016mock_draft,2016-06-20,2016-06-20T18:45:22+00:00,2016-06-23,1f88c65101d4276466f8ab415afad7f87b0ff71229080dfa71fe5d4f53023129,c08e0bc5c556bed4c1267385a1b9f22693a59a34128ca63ce383ce2e546edebb,unique_exact_normalized_same_cohort_name
P9264b6e63a,2016,nbadraft_2016_fallback,nbadraft,16,60,http://www.nbadraft.net/2016mock_draft,https://web.archive.org/web/20160620184522id_/http://www.nbadraft.net/2016mock_draft,2016-06-20,2016-06-20T18:45:22+00:00,2016-06-23,1f88c65101d4276466f8ab415afad7f87b0ff71229080dfa71fe5d4f53023129,c08e0bc5c556bed4c1267385a1b9f22693a59a34128ca63ce383ce2e546edebb,unique_exact_normalized_same_cohort_name
P88064c1c05,2016,nbadraft_2016_fallback,nbadraft,18,60,http://www.nbadraft.net/2016mock_draft,https://web.archive.org/web/20160620184522id_/http://www.nbadraft.net/2016mock_draft,2016-06-20,2016-06-20T18:45:22+00:00,2016-06-23,1f88c65101d4276466f8ab415afad7f87b0ff71229080dfa71fe5d4f53023129,c08e0bc5c556bed4c1267385a1b9f22693a59a34128ca63ce383ce2e546edebb,unique_exact_normalized_same_cohort_name
P64adb31e4d,2016,nbadraft_2016_fallback,nbadraft,19,60,http://www.nbadraft.net/2016mock_draft,https://web.archive.org/web/20160620184522id_/http://www.nbadraft.net/2016mock_draft,2016-06-20,2016-06-20T18:45:22+00:00,2016-06-23,1f88c65101d4276466f8ab415afad7f87b0ff71229080dfa71fe5d4f53023129,c08e0bc5c556bed4c1267385a1b9f22693a59a34128ca63ce383ce2e546edebb,unique_exact_normalized_same_cohort_name
P4a1b07df85,2016,nbadraft_2016_fallback,nbadraft,20,60,http://www.nbadraft.net/2016mock_draft,https://web.archive.org/web/20160620184522id_/http://www.nbadraft.net/2016mock_draft,2016-06-20,2016-06-20T18:45:22+00:00,2016-06-23,1f88c65101d4276466f8ab415afad7f87b0ff71229080dfa71fe5d4f53023129,c08e0bc5c556bed4c1267385a1b9f22693a59a34128ca63ce383ce2e546edebb,unique_exact_normalized_same_cohort_name
Pd50459cb6d,2016,nbadraft_2016_fallback,nbadraft,21,60,http://www.nbadraft.net/2016mock_draft,https://web.archive.org/web/20160620184522id_/http://www.nbadraft.net/2016mock_draft,2016-06-20,2016-06-20T18:45:22+00:00,2016-06-23,1f88c65101d4276466f8ab415afad7f87b0ff71229080dfa71fe5d4f53023129,c08e0bc5c556bed4c1267385a1b9f22693a59a34128ca63ce383ce2e546edebb,unique_exact_normalized_same_cohort_name
P25bfc6427b,2016,nbadraft_2016_fallback,nbadraft,22,60,http://www.nbadraft.net/2016mock_draft,https://web.archive.org/web/20160620184522id_/http://www.nbadraft.net/2016mock_draft,2016-06-20,2016-06-20T18:45:22+00:00,2016-06-23,1f88c65101d4276466f8ab415afad7f87b0ff71229080dfa71fe5d4f53023129,c08e0bc5c556bed4c1267385a1b9f22693a59a34128ca63ce383ce2e546edebb,unique_exact_normalized_same_cohort_name
Pbfe4edf289,2016,nbadraft_2016_fallback,nbadraft,23,60,http://www.nbadraft.net/2016mock_draft,https://web.archive.org/web/20160620184522id_/http://www.nbadraft.net/2016mock_draft,2016-06-20,2016-06-20T18:45:22+00:00,2016-06-23,1f88c65101d4276466f8ab415afad7f87b0ff71229080dfa71fe5d4f53023129,c08e0bc5c556bed4c1267385a1b9f22693a59a34128ca63ce383ce2e546edebb,unique_exact_normalized_same_cohort_name
Pb3a7a6f86b,2016,nbadraft_2016_fallback,nbadraft,24,60,http://www.nbadraft.net/2016mock_draft,https://web.archive.org/web/20160620184522id_/http://www.nbadraft.net/2016mock_draft,2016-06-20,2016-06-20T18:45:22+00:00,2016-06-23,1f88c65101d4276466f8ab415afad7f87b0ff71229080dfa71fe5d4f53023129,c08e0bc5c556bed4c1267385a1b9f22693a59a34128ca63ce383ce2e546edebb,unique_exact_normalized_same_cohort_name
Pddcf4609af,2016,nbadraft_2016_fallback,nbadraft,25,60,http://www.nbadraft.net/2016mock_draft,https://web.archive.org/web/20160620184522id_/http://www.nbadraft.net/2016mock_draft,2016-06-20,2016-06-20T18:45:22+00:00,2016-06-23,1f88c65101d4276466f8ab415afad7f87b0ff71229080dfa71fe5d4f53023129,c08e0bc5c556bed4c1267385a1b9f22693a59a34128ca63ce383ce2e546edebb,unique_exact_normalized_same_cohort_name
Pa466887b08,2016,nbadraft_2016_fallback,nbadraft,26,60,http://www.nbadraft.net/2016mock_draft,https://web.archive.org/web/20160620184522id_/http://www.nbadraft.net/2016mock_draft,2016-06-20,2016-06-20T18:45:22+00:00,2016-06-23,1f88c65101d4276466f8ab415afad7f87b0ff71229080dfa71fe5d4f53023129,c08e0bc5c556bed4c1267385a1b9f22693a59a34128ca63ce383ce2e546edebb,unique_exact_normalized_same_cohort_name
P4b59f5fe56,2016,nbadraft_2016_fallback,nbadraft,27,60,http://www.nbadraft.net/2016mock_draft,https://web.archive.org/web/20160620184522id_/http://www.nbadraft.net/2016mock_draft,2016-06-20,2016-06-20T18:45:22+00:00,2016-06-23,1f88c65101d4276466f8ab415afad7f87b0ff71229080dfa71fe5d4f53023129,c08e0bc5c556bed4c1267385a1b9f22693a59a34128ca63ce383ce2e546edebb,unique_exact_normalized_same_cohort_name
P1a32cd4176,2016,nbadraft_2016_fallback,nbadraft,30,60,http://www.nbadraft.net/2016mock_draft,https://web.archive.org/web/20160620184522id_/http://www.nbadraft.net/2016mock_draft,2016-06-20,2016-06-20T18:45:22+00:00,2016-06-23,1f88c65101d4276466f8ab415afad7f87b0ff71229080dfa71fe5d4f53023129,c08e0bc5c556bed4c1267385a1b9f22693a59a34128ca63ce383ce2e546edebb,unique_exact_normalized_same_cohort_name
Pc5a8d9d1d6,2016,nbadraft_2016_fallback,nbadraft,31,60,http://www.nbadraft.net/2016mock_draft,https://web.archive.org/web/20160620184522id_/http://www.nbadraft.net/2016mock_draft,2016-06-20,2016-06-20T18:45:22+00:00,2016-06-23,1f88c65101d4276466f8ab415afad7f87b0ff71229080dfa71fe5d4f53023129,c08e0bc5c556bed4c1267385a1b9f22693a59a34128ca63ce383ce2e546edebb,unique_exact_normalized_same_cohort_name
Pfa4c05beee,2016,nbadraft_2016_fallback,nbadraft,32,60,http://www.nbadraft.net/2016mock_draft,https://web.archive.org/web/20160620184522id_/http://www.nbadraft.net/2016mock_draft,2016-06-20,2016-06-20T18:45:22+00:00,2016-06-23,1f88c65101d4276466f8ab415afad7f87b0ff71229080dfa71fe5d4f53023129,c08e0bc5c556bed4c1267385a1b9f22693a59a34128ca63ce383ce2e546edebb,unique_exact_normalized_same_cohort_name
P85fbcb1dce,2016,nbadraft_2016_fallback,nbadraft,33,60,http://www.nbadraft.net/2016mock_draft,https://web.archive.org/web/20160620184522id_/http://www.nbadraft.net/2016mock_draft,2016-06-20,2016-06-20T18:45:22+00:00,2016-06-23,1f88c65101d4276466f8ab415afad7f87b0ff71229080dfa71fe5d4f53023129,c08e0bc5c556bed4c1267385a1b9f22693a59a34128ca63ce383ce2e546edebb,unique_exact_normalized_same_cohort_name
P55d1c5e102,2016,nbadraft_2016_fallback,nbadraft,34,60,http://www.nbadraft.net/2016mock_draft,https://web.archive.org/web/20160620184522id_/http://www.nbadraft.net/2016mock_draft,2016-06-20,2016-06-20T18:45:22+00:00,2016-06-23,1f88c65101d4276466f8ab415afad7f87b0ff71229080dfa71fe5d4f53023129,c08e0bc5c556bed4c1267385a1b9f22693a59a34128ca63ce383ce2e546edebb,unique_exact_normalized_same_cohort_name
Pd7c989b67a,2016,nbadraft_2016_fallback,nbadraft,35,60,http://www.nbadraft.net/2016mock_draft,https://web.archive.org/web/20160620184522id_/http://www.nbadraft.net/2016mock_draft,2016-06-20,2016-06-20T18:45:22+00:00,2016-06-23,1f88c65101d4276466f8ab415afad7f87b0ff71229080dfa71fe5d4f53023129,c08e0bc5c556bed4c1267385a1b9f22693a59a34128ca63ce383ce2e546edebb,unique_exact_normalized_same_cohort_name
Pd5a40a7ee0,2016,nbadraft_2016_fallback,nbadraft,36,60,http://www.nbadraft.net/2016mock_draft,https://web.archive.org/web/20160620184522id_/http://www.nbadraft.net/2016mock_draft,2016-06-20,2016-06-20T18:45:22+00:00,2016-06-23,1f88c65101d4276466f8ab415afad7f87b0ff71229080dfa71fe5d4f53023129,c08e0bc5c556bed4c1267385a1b9f22693a59a34128ca63ce383ce2e546edebb,unique_exact_normalized_same_cohort_name
Pf20205fffb,2016,nbadraft_2016_fallback,nbadraft,37,60,http://www.nbadraft.net/2016mock_draft,https://web.archive.org/web/20160620184522id_/http://www.nbadraft.net/2016mock_draft,2016-06-20,2016-06-20T18:45:22+00:00,2016-06-23,1f88c65101d4276466f8ab415afad7f87b0ff71229080dfa71fe5d4f53023129,c08e0bc5c556bed4c1267385a1b9f22693a59a34128ca63ce383ce2e546edebb,unique_exact_normalized_same_cohort_name
Pa307fde308,2016,nbadraft_2016_fallback,nbadraft,38,60,http://www.nbadraft.net/2016mock_draft,https://web.archive.org/web/20160620184522id_/http://www.nbadraft.net/2016mock_draft,2016-06-20,2016-06-20T18:45:22+00:00,2016-06-23,1f88c65101d4276466f8ab415afad7f87b0ff71229080dfa71fe5d4f53023129,c08e0bc5c556bed4c1267385a1b9f22693a59a34128ca63ce383ce2e546edebb,unique_exact_normalized_same_cohort_name
Pd46f6361f5,2016,nbadraft_2016_fallback,nbadraft,40,60,http://www.nbadraft.net/2016mock_draft,https://web.archive.org/web/20160620184522id_/http://www.nbadraft.net/2016mock_draft,2016-06-20,2016-06-20T18:45:22+00:00,2016-06-23,1f88c65101d4276466f8ab415afad7f87b0ff71229080dfa71fe5d4f53023129,c08e0bc5c556bed4c1267385a1b9f22693a59a34128ca63ce383ce2e546edebb,unique_exact_normalized_same_cohort_name
Pf5fb4e36b6,2016,nbadraft_2016_fallback,nbadraft,41,60,http://www.nbadraft.net/2016mock_draft,https://web.archive.org/web/20160620184522id_/http://www.nbadraft.net/2016mock_draft,2016-06-20,2016-06-20T18:45:22+00:00,2016-06-23,1f88c65101d4276466f8ab415afad7f87b0ff71229080dfa71fe5d4f53023129,c08e0bc5c556bed4c1267385a1b9f22693a59a34128ca63ce383ce2e546edebb,unique_exact_normalized_same_cohort_name
Pf8b83ac1f0,2016,nbadraft_2016_fallback,nbadraft,42,60,http://www.nbadraft.net/2016mock_draft,https://web.archive.org/web/20160620184522id_/http://www.nbadraft.net/2016mock_draft,2016-06-20,2016-06-20T18:45:22+00:00,2016-06-23,1f88c65101d4276466f8ab415afad7f87b0ff71229080dfa71fe5d4f53023129,c08e0bc5c556bed4c1267385a1b9f22693a59a34128ca63ce383ce2e546edebb,unique_exact_normalized_same_cohort_name
P9c2d575f48,2016,nbadraft_2016_fallback,nbadraft,43,60,http://www.nbadraft.net/2016mock_draft,https://web.archive.org/web/20160620184522id_/http://www.nbadraft.net/2016mock_draft,2016-06-20,2016-06-20T18:45:22+00:00,2016-06-23,1f88c65101d4276466f8ab415afad7f87b0ff71229080dfa71fe5d4f53023129,c08e0bc5c556bed4c1267385a1b9f22693a59a34128ca63ce383ce2e546edebb,unique_exact_normalized_same_cohort_name
P55f0d03e7b,2016,nbadraft_2016_fallback,nbadraft,44,60,http://www.nbadraft.net/2016mock_draft,https://web.archive.org/web/20160620184522id_/http://www.nbadraft.net/2016mock_draft,2016-06-20,2016-06-20T18:45:22+00:00,2016-06-23,1f88c65101d4276466f8ab415afad7f87b0ff71229080dfa71fe5d4f53023129,c08e0bc5c556bed4c1267385a1b9f22693a59a34128ca63ce383ce2e546edebb,unique_exact_normalized_same_cohort_name
P0edb7d3b99,2016,nbadraft_2016_fallback,nbadraft,45,60,http://www.nbadraft.net/2016mock_draft,https://web.archive.org/web/20160620184522id_/http://www.nbadraft.net/2016mock_draft,2016-06-20,2016-06-20T18:45:22+00:00,2016-06-23,1f88c65101d4276466f8ab415afad7f87b0ff71229080dfa71fe5d4f53023129,c08e0bc5c556bed4c1267385a1b9f22693a59a34128ca63ce383ce2e546edebb,unique_exact_normalized_same_cohort_name
Pcf60b82b9d,2016,nbadraft_2016_fallback,nbadraft,49,60,http://www.nbadraft.net/2016mock_draft,https://web.archive.org/web/20160620184522id_/http://www.nbadraft.net/2016mock_draft,2016-06-20,2016-06-20T18:45:22+00:00,2016-06-23,1f88c65101d4276466f8ab415afad7f87b0ff71229080dfa71fe5d4f53023129,c08e0bc5c556bed4c1267385a1b9f22693a59a34128ca63ce383ce2e546edebb,unique_exact_normalized_same_cohort_name
P3ea09a4d42,2016,nbadraft_2016_fallback,nbadraft,50,60,http://www.nbadraft.net/2016mock_draft,https://web.archive.org/web/20160620184522id_/http://www.nbadraft.net/2016mock_draft,2016-06-20,2016-06-20T18:45:22+00:00,2016-06-23,1f88c65101d4276466f8ab415afad7f87b0ff71229080dfa71fe5d4f53023129,c08e0bc5c556bed4c1267385a1b9f22693a59a34128ca63ce383ce2e546edebb,unique_exact_normalized_same_cohort_name
P83cf60968a,2016,nbadraft_2016_fallback,nbadraft,53,60,http://www.nbadraft.net/2016mock_draft,https://web.archive.org/web/20160620184522id_/http://www.nbadraft.net/2016mock_draft,2016-06-20,2016-06-20T18:45:22+00:00,2016-06-23,1f88c65101d4276466f8ab415afad7f87b0ff71229080dfa71fe5d4f53023129,c08e0bc5c556bed4c1267385a1b9f22693a59a34128ca63ce383ce2e546edebb,unique_exact_normalized_same_cohort_name
Pa8fc4b7ad7,2016,nbadraft_2016_fallback,nbadraft,54,60,http://www.nbadraft.net/2016mock_draft,https://web.archive.org/web/20160620184522id_/http://www.nbadraft.net/2016mock_draft,2016-06-20,2016-06-20T18:45:22+00:00,2016-06-23,1f88c65101d4276466f8ab415afad7f87b0ff71229080dfa71fe5d4f53023129,c08e0bc5c556bed4c1267385a1b9f22693a59a34128ca63ce383ce2e546edebb,unique_exact_normalized_same_cohort_name
Pa7cb2c7354,2016,nbadraft_2016_fallback,nbadraft,56,60,http://www.nbadraft.net/2016mock_draft,https://web.archive.org/web/20160620184522id_/http://www.nbadraft.net/2016mock_draft,2016-06-20,2016-06-20T18:45:22+00:00,2016-06-23,1f88c65101d4276466f8ab415afad7f87b0ff71229080dfa71fe5d4f53023129,c08e0bc5c556bed4c1267385a1b9f22693a59a34128ca63ce383ce2e546edebb,unique_exact_normalized_same_cohort_name
P85b94bf602,2016,nbadraft_2016_fallback,nbadraft,57,60,http://www.nbadraft.net/2016mock_draft,https://web.archive.org/web/20160620184522id_/http://www.nbadraft.net/2016mock_draft,2016-06-20,2016-06-20T18:45:22+00:00,2016-06-23,1f88c65101d4276466f8ab415afad7f87b0ff71229080dfa71fe5d4f53023129,c08e0bc5c556bed4c1267385a1b9f22693a59a34128ca63ce383ce2e546edebb,unique_exact_normalized_same_cohort_name
P8e900c2247,2016,nbadraft_2016_fallback,nbadraft,58,60,http://www.nbadraft.net/2016mock_draft,https://web.archive.org/web/20160620184522id_/http://www.nbadraft.net/2016mock_draft,2016-06-20,2016-06-20T18:45:22+00:00,2016-06-23,1f88c65101d4276466f8ab415afad7f87b0ff71229080dfa71fe5d4f53023129,c08e0bc5c556bed4c1267385a1b9f22693a59a34128ca63ce383ce2e546edebb,unique_exact_normalized_same_cohort_name
Pb3e495f583,2016,nbadraft_2016_fallback,nbadraft,59,60,http://www.nbadraft.net/2016mock_draft,https://web.archive.org/web/20160620184522id_/http://www.nbadraft.net/2016mock_draft,2016-06-20,2016-06-20T18:45:22+00:00,2016-06-23,1f88c65101d4276466f8ab415afad7f87b0ff71229080dfa71fe5d4f53023129,c08e0bc5c556bed4c1267385a1b9f22693a59a34128ca63ce383ce2e546edebb,unique_exact_normalized_same_cohort_name
P521ea871d2,2016,nbadraft_2016_fallback,nbadraft,60,60,http://www.nbadraft.net/2016mock_draft,https://web.archive.org/web/20160620184522id_/http://www.nbadraft.net/2016mock_draft,2016-06-20,2016-06-20T18:45:22+00:00,2016-06-23,1f88c65101d4276466f8ab415afad7f87b0ff71229080dfa71fe5d4f53023129,c08e0bc5c556bed4c1267385a1b9f22693a59a34128ca63ce383ce2e546edebb,unique_exact_normalized_same_cohort_name
P25e61f80f8,2017,nbadraft_2017,nbadraft,1,60,http://www.nbadraft.net:80/2017mock_draft,https://web.archive.org/web/20170621031432id_/http://www.nbadraft.net:80/2017mock_draft,2017-06-20,2017-06-21T03:14:32+00:00,2017-06-22,29ae778f1d07a6d5f35f3552459da02a62281028f287fd3e10956c6199243891,aed622adb6221d7e747bd3dc34752b7984f1095541317d01a7368c95884a209f,unique_exact_normalized_same_cohort_name
P6e7d02b021,2017,nbadraft_2017,nbadraft,2,60,http://www.nbadraft.net:80/2017mock_draft,https://web.archive.org/web/20170621031432id_/http://www.nbadraft.net:80/2017mock_draft,2017-06-20,2017-06-21T03:14:32+00:00,2017-06-22,29ae778f1d07a6d5f35f3552459da02a62281028f287fd3e10956c6199243891,aed622adb6221d7e747bd3dc34752b7984f1095541317d01a7368c95884a209f,unique_exact_normalized_same_cohort_name
Pe56ae9c7aa,2017,nbadraft_2017,nbadraft,3,60,http://www.nbadraft.net:80/2017mock_draft,https://web.archive.org/web/20170621031432id_/http://www.nbadraft.net:80/2017mock_draft,2017-06-20,2017-06-21T03:14:32+00:00,2017-06-22,29ae778f1d07a6d5f35f3552459da02a62281028f287fd3e10956c6199243891,aed622adb6221d7e747bd3dc34752b7984f1095541317d01a7368c95884a209f,unique_exact_normalized_same_cohort_name
Pe3864f9800,2017,nbadraft_2017,nbadraft,4,60,http://www.nbadraft.net:80/2017mock_draft,https://web.archive.org/web/20170621031432id_/http://www.nbadraft.net:80/2017mock_draft,2017-06-20,2017-06-21T03:14:32+00:00,2017-06-22,29ae778f1d07a6d5f35f3552459da02a62281028f287fd3e10956c6199243891,aed622adb6221d7e747bd3dc34752b7984f1095541317d01a7368c95884a209f,unique_exact_normalized_same_cohort_name
P6f43cf2ee3,2017,nbadraft_2017,nbadraft,5,60,http://www.nbadraft.net:80/2017mock_draft,https://web.archive.org/web/20170621031432id_/http://www.nbadraft.net:80/2017mock_draft,2017-06-20,2017-06-21T03:14:32+00:00,2017-06-22,29ae778f1d07a6d5f35f3552459da02a62281028f287fd3e10956c6199243891,aed622adb6221d7e747bd3dc34752b7984f1095541317d01a7368c95884a209f,unique_exact_normalized_same_cohort_name
P8a2034c01d,2017,nbadraft_2017,nbadraft,6,60,http://www.nbadraft.net:80/2017mock_draft,https://web.archive.org/web/20170621031432id_/http://www.nbadraft.net:80/2017mock_draft,2017-06-20,2017-06-21T03:14:32+00:00,2017-06-22,29ae778f1d07a6d5f35f3552459da02a62281028f287fd3e10956c6199243891,aed622adb6221d7e747bd3dc34752b7984f1095541317d01a7368c95884a209f,unique_exact_normalized_same_cohort_name
P4a000d48b0,2017,nbadraft_2017,nbadraft,7,60,http://www.nbadraft.net:80/2017mock_draft,https://web.archive.org/web/20170621031432id_/http://www.nbadraft.net:80/2017mock_draft,2017-06-20,2017-06-21T03:14:32+00:00,2017-06-22,29ae778f1d07a6d5f35f3552459da02a62281028f287fd3e10956c6199243891,aed622adb6221d7e747bd3dc34752b7984f1095541317d01a7368c95884a209f,unique_exact_normalized_same_cohort_name
P46cfb45fde,2017,nbadraft_2017,nbadraft,8,60,http://www.nbadraft.net:80/2017mock_draft,https://web.archive.org/web/20170621031432id_/http://www.nbadraft.net:80/2017mock_draft,2017-06-20,2017-06-21T03:14:32+00:00,2017-06-22,29ae778f1d07a6d5f35f3552459da02a62281028f287fd3e10956c6199243891,aed622adb6221d7e747bd3dc34752b7984f1095541317d01a7368c95884a209f,unique_exact_normalized_same_cohort_name
Pe6fe5c747b,2017,nbadraft_2017,nbadraft,10,60,http://www.nbadraft.net:80/2017mock_draft,https://web.archive.org/web/20170621031432id_/http://www.nbadraft.net:80/2017mock_draft,2017-06-20,2017-06-21T03:14:32+00:00,2017-06-22,29ae778f1d07a6d5f35f3552459da02a62281028f287fd3e10956c6199243891,aed622adb6221d7e747bd3dc34752b7984f1095541317d01a7368c95884a209f,unique_exact_normalized_same_cohort_name
Pf62abcdcde,2017,nbadraft_2017,nbadraft,11,60,http://www.nbadraft.net:80/2017mock_draft,https://web.archive.org/web/20170621031432id_/http://www.nbadraft.net:80/2017mock_draft,2017-06-20,2017-06-21T03:14:32+00:00,2017-06-22,29ae778f1d07a6d5f35f3552459da02a62281028f287fd3e10956c6199243891,aed622adb6221d7e747bd3dc34752b7984f1095541317d01a7368c95884a209f,unique_exact_normalized_same_cohort_name
P71b16faf7a,2017,nbadraft_2017,nbadraft,12,60,http://www.nbadraft.net:80/2017mock_draft,https://web.archive.org/web/20170621031432id_/http://www.nbadraft.net:80/2017mock_draft,2017-06-20,2017-06-21T03:14:32+00:00,2017-06-22,29ae778f1d07a6d5f35f3552459da02a62281028f287fd3e10956c6199243891,aed622adb6221d7e747bd3dc34752b7984f1095541317d01a7368c95884a209f,unique_exact_normalized_same_cohort_name
P49d50fc2b5,2017,nbadraft_2017,nbadraft,13,60,http://www.nbadraft.net:80/2017mock_draft,https://web.archive.org/web/20170621031432id_/http://www.nbadraft.net:80/2017mock_draft,2017-06-20,2017-06-21T03:14:32+00:00,2017-06-22,29ae778f1d07a6d5f35f3552459da02a62281028f287fd3e10956c6199243891,aed622adb6221d7e747bd3dc34752b7984f1095541317d01a7368c95884a209f,unique_exact_normalized_same_cohort_name
Pdb3bcb3fc8,2017,nbadraft_2017,nbadraft,14,60,http://www.nbadraft.net:80/2017mock_draft,https://web.archive.org/web/20170621031432id_/http://www.nbadraft.net:80/2017mock_draft,2017-06-20,2017-06-21T03:14:32+00:00,2017-06-22,29ae778f1d07a6d5f35f3552459da02a62281028f287fd3e10956c6199243891,aed622adb6221d7e747bd3dc34752b7984f1095541317d01a7368c95884a209f,unique_exact_normalized_same_cohort_name
P2c3a1eb46b,2017,nbadraft_2017,nbadraft,15,60,http://www.nbadraft.net:80/2017mock_draft,https://web.archive.org/web/20170621031432id_/http://www.nbadraft.net:80/2017mock_draft,2017-06-20,2017-06-21T03:14:32+00:00,2017-06-22,29ae778f1d07a6d5f35f3552459da02a62281028f287fd3e10956c6199243891,aed622adb6221d7e747bd3dc34752b7984f1095541317d01a7368c95884a209f,unique_exact_normalized_same_cohort_name
P0af0ac79ae,2017,nbadraft_2017,nbadraft,16,60,http://www.nbadraft.net:80/2017mock_draft,https://web.archive.org/web/20170621031432id_/http://www.nbadraft.net:80/2017mock_draft,2017-06-20,2017-06-21T03:14:32+00:00,2017-06-22,29ae778f1d07a6d5f35f3552459da02a62281028f287fd3e10956c6199243891,aed622adb6221d7e747bd3dc34752b7984f1095541317d01a7368c95884a209f,unique_exact_normalized_same_cohort_name
Pf18fe42b62,2017,nbadraft_2017,nbadraft,17,60,http://www.nbadraft.net:80/2017mock_draft,https://web.archive.org/web/20170621031432id_/http://www.nbadraft.net:80/2017mock_draft,2017-06-20,2017-06-21T03:14:32+00:00,2017-06-22,29ae778f1d07a6d5f35f3552459da02a62281028f287fd3e10956c6199243891,aed622adb6221d7e747bd3dc34752b7984f1095541317d01a7368c95884a209f,unique_exact_normalized_same_cohort_name
P032d23c9d9,2017,nbadraft_2017,nbadraft,18,60,http://www.nbadraft.net:80/2017mock_draft,https://web.archive.org/web/20170621031432id_/http://www.nbadraft.net:80/2017mock_draft,2017-06-20,2017-06-21T03:14:32+00:00,2017-06-22,29ae778f1d07a6d5f35f3552459da02a62281028f287fd3e10956c6199243891,aed622adb6221d7e747bd3dc34752b7984f1095541317d01a7368c95884a209f,unique_exact_normalized_same_cohort_name
P24e5e8b7dc,2017,nbadraft_2017,nbadraft,19,60,http://www.nbadraft.net:80/2017mock_draft,https://web.archive.org/web/20170621031432id_/http://www.nbadraft.net:80/2017mock_draft,2017-06-20,2017-06-21T03:14:32+00:00,2017-06-22,29ae778f1d07a6d5f35f3552459da02a62281028f287fd3e10956c6199243891,aed622adb6221d7e747bd3dc34752b7984f1095541317d01a7368c95884a209f,unique_exact_normalized_same_cohort_name
Pcc7ddb9ab9,2017,nbadraft_2017,nbadraft,20,60,http://www.nbadraft.net:80/2017mock_draft,https://web.archive.org/web/20170621031432id_/http://www.nbadraft.net:80/2017mock_draft,2017-06-20,2017-06-21T03:14:32+00:00,2017-06-22,29ae778f1d07a6d5f35f3552459da02a62281028f287fd3e10956c6199243891,aed622adb6221d7e747bd3dc34752b7984f1095541317d01a7368c95884a209f,unique_exact_normalized_same_cohort_name
Pf781dda14b,2017,nbadraft_2017,nbadraft,21,60,http://www.nbadraft.net:80/2017mock_draft,https://web.archive.org/web/20170621031432id_/http://www.nbadraft.net:80/2017mock_draft,2017-06-20,2017-06-21T03:14:32+00:00,2017-06-22,29ae778f1d07a6d5f35f3552459da02a62281028f287fd3e10956c6199243891,aed622adb6221d7e747bd3dc34752b7984f1095541317d01a7368c95884a209f,unique_exact_normalized_same_cohort_name
P16938f3fa9,2017,nbadraft_2017,nbadraft,23,60,http://www.nbadraft.net:80/2017mock_draft,https://web.archive.org/web/20170621031432id_/http://www.nbadraft.net:80/2017mock_draft,2017-06-20,2017-06-21T03:14:32+00:00,2017-06-22,29ae778f1d07a6d5f35f3552459da02a62281028f287fd3e10956c6199243891,aed622adb6221d7e747bd3dc34752b7984f1095541317d01a7368c95884a209f,unique_exact_normalized_same_cohort_name
P54d4de841c,2017,nbadraft_2017,nbadraft,24,60,http://www.nbadraft.net:80/2017mock_draft,https://web.archive.org/web/20170621031432id_/http://www.nbadraft.net:80/2017mock_draft,2017-06-20,2017-06-21T03:14:32+00:00,2017-06-22,29ae778f1d07a6d5f35f3552459da02a62281028f287fd3e10956c6199243891,aed622adb6221d7e747bd3dc34752b7984f1095541317d01a7368c95884a209f,unique_exact_normalized_same_cohort_name
P1e22570fac,2017,nbadraft_2017,nbadraft,25,60,http://www.nbadraft.net:80/2017mock_draft,https://web.archive.org/web/20170621031432id_/http://www.nbadraft.net:80/2017mock_draft,2017-06-20,2017-06-21T03:14:32+00:00,2017-06-22,29ae778f1d07a6d5f35f3552459da02a62281028f287fd3e10956c6199243891,aed622adb6221d7e747bd3dc34752b7984f1095541317d01a7368c95884a209f,unique_exact_normalized_same_cohort_name
P551a484de7,2017,nbadraft_2017,nbadraft,26,60,http://www.nbadraft.net:80/2017mock_draft,https://web.archive.org/web/20170621031432id_/http://www.nbadraft.net:80/2017mock_draft,2017-06-20,2017-06-21T03:14:32+00:00,2017-06-22,29ae778f1d07a6d5f35f3552459da02a62281028f287fd3e10956c6199243891,aed622adb6221d7e747bd3dc34752b7984f1095541317d01a7368c95884a209f,unique_exact_normalized_same_cohort_name
P459acdec33,2017,nbadraft_2017,nbadraft,27,60,http://www.nbadraft.net:80/2017mock_draft,https://web.archive.org/web/20170621031432id_/http://www.nbadraft.net:80/2017mock_draft,2017-06-20,2017-06-21T03:14:32+00:00,2017-06-22,29ae778f1d07a6d5f35f3552459da02a62281028f287fd3e10956c6199243891,aed622adb6221d7e747bd3dc34752b7984f1095541317d01a7368c95884a209f,unique_exact_normalized_same_cohort_name
Pa79b34cca8,2017,nbadraft_2017,nbadraft,29,60,http://www.nbadraft.net:80/2017mock_draft,https://web.archive.org/web/20170621031432id_/http://www.nbadraft.net:80/2017mock_draft,2017-06-20,2017-06-21T03:14:32+00:00,2017-06-22,29ae778f1d07a6d5f35f3552459da02a62281028f287fd3e10956c6199243891,aed622adb6221d7e747bd3dc34752b7984f1095541317d01a7368c95884a209f,unique_exact_normalized_same_cohort_name
P2ad4235514,2017,nbadraft_2017,nbadraft,30,60,http://www.nbadraft.net:80/2017mock_draft,https://web.archive.org/web/20170621031432id_/http://www.nbadraft.net:80/2017mock_draft,2017-06-20,2017-06-21T03:14:32+00:00,2017-06-22,29ae778f1d07a6d5f35f3552459da02a62281028f287fd3e10956c6199243891,aed622adb6221d7e747bd3dc34752b7984f1095541317d01a7368c95884a209f,unique_exact_normalized_same_cohort_name
P38e6db5ca1,2017,nbadraft_2017,nbadraft,31,60,http://www.nbadraft.net:80/2017mock_draft,https://web.archive.org/web/20170621031432id_/http://www.nbadraft.net:80/2017mock_draft,2017-06-20,2017-06-21T03:14:32+00:00,2017-06-22,29ae778f1d07a6d5f35f3552459da02a62281028f287fd3e10956c6199243891,aed622adb6221d7e747bd3dc34752b7984f1095541317d01a7368c95884a209f,unique_exact_normalized_same_cohort_name
P204a101867,2017,nbadraft_2017,nbadraft,32,60,http://www.nbadraft.net:80/2017mock_draft,https://web.archive.org/web/20170621031432id_/http://www.nbadraft.net:80/2017mock_draft,2017-06-20,2017-06-21T03:14:32+00:00,2017-06-22,29ae778f1d07a6d5f35f3552459da02a62281028f287fd3e10956c6199243891,aed622adb6221d7e747bd3dc34752b7984f1095541317d01a7368c95884a209f,unique_exact_normalized_same_cohort_name
P2e6be7d23b,2017,nbadraft_2017,nbadraft,33,60,http://www.nbadraft.net:80/2017mock_draft,https://web.archive.org/web/20170621031432id_/http://www.nbadraft.net:80/2017mock_draft,2017-06-20,2017-06-21T03:14:32+00:00,2017-06-22,29ae778f1d07a6d5f35f3552459da02a62281028f287fd3e10956c6199243891,aed622adb6221d7e747bd3dc34752b7984f1095541317d01a7368c95884a209f,unique_exact_normalized_same_cohort_name
Pc4f84bc197,2017,nbadraft_2017,nbadraft,34,60,http://www.nbadraft.net:80/2017mock_draft,https://web.archive.org/web/20170621031432id_/http://www.nbadraft.net:80/2017mock_draft,2017-06-20,2017-06-21T03:14:32+00:00,2017-06-22,29ae778f1d07a6d5f35f3552459da02a62281028f287fd3e10956c6199243891,aed622adb6221d7e747bd3dc34752b7984f1095541317d01a7368c95884a209f,unique_exact_normalized_same_cohort_name
P63f00af37c,2017,nbadraft_2017,nbadraft,35,60,http://www.nbadraft.net:80/2017mock_draft,https://web.archive.org/web/20170621031432id_/http://www.nbadraft.net:80/2017mock_draft,2017-06-20,2017-06-21T03:14:32+00:00,2017-06-22,29ae778f1d07a6d5f35f3552459da02a62281028f287fd3e10956c6199243891,aed622adb6221d7e747bd3dc34752b7984f1095541317d01a7368c95884a209f,unique_exact_normalized_same_cohort_name
Pd808e1b5f8,2017,nbadraft_2017,nbadraft,36,60,http://www.nbadraft.net:80/2017mock_draft,https://web.archive.org/web/20170621031432id_/http://www.nbadraft.net:80/2017mock_draft,2017-06-20,2017-06-21T03:14:32+00:00,2017-06-22,29ae778f1d07a6d5f35f3552459da02a62281028f287fd3e10956c6199243891,aed622adb6221d7e747bd3dc34752b7984f1095541317d01a7368c95884a209f,unique_exact_normalized_same_cohort_name
Pdb78b3595b,2017,nbadraft_2017,nbadraft,37,60,http://www.nbadraft.net:80/2017mock_draft,https://web.archive.org/web/20170621031432id_/http://www.nbadraft.net:80/2017mock_draft,2017-06-20,2017-06-21T03:14:32+00:00,2017-06-22,29ae778f1d07a6d5f35f3552459da02a62281028f287fd3e10956c6199243891,aed622adb6221d7e747bd3dc34752b7984f1095541317d01a7368c95884a209f,unique_exact_normalized_same_cohort_name
P1ea9c7c88d,2017,nbadraft_2017,nbadraft,38,60,http://www.nbadraft.net:80/2017mock_draft,https://web.archive.org/web/20170621031432id_/http://www.nbadraft.net:80/2017mock_draft,2017-06-20,2017-06-21T03:14:32+00:00,2017-06-22,29ae778f1d07a6d5f35f3552459da02a62281028f287fd3e10956c6199243891,aed622adb6221d7e747bd3dc34752b7984f1095541317d01a7368c95884a209f,unique_exact_normalized_same_cohort_name
Pd59c0506ca,2017,nbadraft_2017,nbadraft,39,60,http://www.nbadraft.net:80/2017mock_draft,https://web.archive.org/web/20170621031432id_/http://www.nbadraft.net:80/2017mock_draft,2017-06-20,2017-06-21T03:14:32+00:00,2017-06-22,29ae778f1d07a6d5f35f3552459da02a62281028f287fd3e10956c6199243891,aed622adb6221d7e747bd3dc34752b7984f1095541317d01a7368c95884a209f,unique_exact_normalized_same_cohort_name
P0d567b6867,2017,nbadraft_2017,nbadraft,40,60,http://www.nbadraft.net:80/2017mock_draft,https://web.archive.org/web/20170621031432id_/http://www.nbadraft.net:80/2017mock_draft,2017-06-20,2017-06-21T03:14:32+00:00,2017-06-22,29ae778f1d07a6d5f35f3552459da02a62281028f287fd3e10956c6199243891,aed622adb6221d7e747bd3dc34752b7984f1095541317d01a7368c95884a209f,unique_exact_normalized_same_cohort_name
P1804943702,2017,nbadraft_2017,nbadraft,43,60,http://www.nbadraft.net:80/2017mock_draft,https://web.archive.org/web/20170621031432id_/http://www.nbadraft.net:80/2017mock_draft,2017-06-20,2017-06-21T03:14:32+00:00,2017-06-22,29ae778f1d07a6d5f35f3552459da02a62281028f287fd3e10956c6199243891,aed622adb6221d7e747bd3dc34752b7984f1095541317d01a7368c95884a209f,unique_exact_normalized_same_cohort_name
P86ef73625c,2017,nbadraft_2017,nbadraft,45,60,http://www.nbadraft.net:80/2017mock_draft,https://web.archive.org/web/20170621031432id_/http://www.nbadraft.net:80/2017mock_draft,2017-06-20,2017-06-21T03:14:32+00:00,2017-06-22,29ae778f1d07a6d5f35f3552459da02a62281028f287fd3e10956c6199243891,aed622adb6221d7e747bd3dc34752b7984f1095541317d01a7368c95884a209f,unique_exact_normalized_same_cohort_name
Pe5fb05fea3,2017,nbadraft_2017,nbadraft,46,60,http://www.nbadraft.net:80/2017mock_draft,https://web.archive.org/web/20170621031432id_/http://www.nbadraft.net:80/2017mock_draft,2017-06-20,2017-06-21T03:14:32+00:00,2017-06-22,29ae778f1d07a6d5f35f3552459da02a62281028f287fd3e10956c6199243891,aed622adb6221d7e747bd3dc34752b7984f1095541317d01a7368c95884a209f,unique_exact_normalized_same_cohort_name
P964dd1e5f4,2017,nbadraft_2017,nbadraft,47,60,http://www.nbadraft.net:80/2017mock_draft,https://web.archive.org/web/20170621031432id_/http://www.nbadraft.net:80/2017mock_draft,2017-06-20,2017-06-21T03:14:32+00:00,2017-06-22,29ae778f1d07a6d5f35f3552459da02a62281028f287fd3e10956c6199243891,aed622adb6221d7e747bd3dc34752b7984f1095541317d01a7368c95884a209f,unique_exact_normalized_same_cohort_name
Pc32fe4a167,2017,nbadraft_2017,nbadraft,48,60,http://www.nbadraft.net:80/2017mock_draft,https://web.archive.org/web/20170621031432id_/http://www.nbadraft.net:80/2017mock_draft,2017-06-20,2017-06-21T03:14:32+00:00,2017-06-22,29ae778f1d07a6d5f35f3552459da02a62281028f287fd3e10956c6199243891,aed622adb6221d7e747bd3dc34752b7984f1095541317d01a7368c95884a209f,unique_exact_normalized_same_cohort_name
P3e5c820c70,2017,nbadraft_2017,nbadraft,49,60,http://www.nbadraft.net:80/2017mock_draft,https://web.archive.org/web/20170621031432id_/http://www.nbadraft.net:80/2017mock_draft,2017-06-20,2017-06-21T03:14:32+00:00,2017-06-22,29ae778f1d07a6d5f35f3552459da02a62281028f287fd3e10956c6199243891,aed622adb6221d7e747bd3dc34752b7984f1095541317d01a7368c95884a209f,unique_exact_normalized_same_cohort_name
P9d178fdf5d,2017,nbadraft_2017,nbadraft,50,60,http://www.nbadraft.net:80/2017mock_draft,https://web.archive.org/web/20170621031432id_/http://www.nbadraft.net:80/2017mock_draft,2017-06-20,2017-06-21T03:14:32+00:00,2017-06-22,29ae778f1d07a6d5f35f3552459da02a62281028f287fd3e10956c6199243891,aed622adb6221d7e747bd3dc34752b7984f1095541317d01a7368c95884a209f,unique_exact_normalized_same_cohort_name
P5f230da818,2017,nbadraft_2017,nbadraft,51,60,http://www.nbadraft.net:80/2017mock_draft,https://web.archive.org/web/20170621031432id_/http://www.nbadraft.net:80/2017mock_draft,2017-06-20,2017-06-21T03:14:32+00:00,2017-06-22,29ae778f1d07a6d5f35f3552459da02a62281028f287fd3e10956c6199243891,aed622adb6221d7e747bd3dc34752b7984f1095541317d01a7368c95884a209f,unique_exact_normalized_same_cohort_name
P5351e63d76,2017,nbadraft_2017,nbadraft,53,60,http://www.nbadraft.net:80/2017mock_draft,https://web.archive.org/web/20170621031432id_/http://www.nbadraft.net:80/2017mock_draft,2017-06-20,2017-06-21T03:14:32+00:00,2017-06-22,29ae778f1d07a6d5f35f3552459da02a62281028f287fd3e10956c6199243891,aed622adb6221d7e747bd3dc34752b7984f1095541317d01a7368c95884a209f,unique_exact_normalized_same_cohort_name
Pa76a1ce248,2017,nbadraft_2017,nbadraft,54,60,http://www.nbadraft.net:80/2017mock_draft,https://web.archive.org/web/20170621031432id_/http://www.nbadraft.net:80/2017mock_draft,2017-06-20,2017-06-21T03:14:32+00:00,2017-06-22,29ae778f1d07a6d5f35f3552459da02a62281028f287fd3e10956c6199243891,aed622adb6221d7e747bd3dc34752b7984f1095541317d01a7368c95884a209f,unique_exact_normalized_same_cohort_name
P2acab9acdb,2017,nbadraft_2017,nbadraft,55,60,http://www.nbadraft.net:80/2017mock_draft,https://web.archive.org/web/20170621031432id_/http://www.nbadraft.net:80/2017mock_draft,2017-06-20,2017-06-21T03:14:32+00:00,2017-06-22,29ae778f1d07a6d5f35f3552459da02a62281028f287fd3e10956c6199243891,aed622adb6221d7e747bd3dc34752b7984f1095541317d01a7368c95884a209f,unique_exact_normalized_same_cohort_name
P4396f0664b,2017,nbadraft_2017,nbadraft,56,60,http://www.nbadraft.net:80/2017mock_draft,https://web.archive.org/web/20170621031432id_/http://www.nbadraft.net:80/2017mock_draft,2017-06-20,2017-06-21T03:14:32+00:00,2017-06-22,29ae778f1d07a6d5f35f3552459da02a62281028f287fd3e10956c6199243891,aed622adb6221d7e747bd3dc34752b7984f1095541317d01a7368c95884a209f,unique_exact_normalized_same_cohort_name
Pfaef4e4fa0,2017,nbadraft_2017,nbadraft,60,60,http://www.nbadraft.net:80/2017mock_draft,https://web.archive.org/web/20170621031432id_/http://www.nbadraft.net:80/2017mock_draft,2017-06-20,2017-06-21T03:14:32+00:00,2017-06-22,29ae778f1d07a6d5f35f3552459da02a62281028f287fd3e10956c6199243891,aed622adb6221d7e747bd3dc34752b7984f1095541317d01a7368c95884a209f,unique_exact_normalized_same_cohort_name
P55d017c927,2018,nbadraft_2018,nbadraft,1,60,http://www.nbadraft.net/2018mock_draft,https://web.archive.org/web/20180619163210id_/http://www.nbadraft.net/2018mock_draft,2018-06-18,2018-06-19T16:32:10+00:00,2018-06-21,5c4cd64b1fd4c6ebcff1d8cc795fb2e42977b5980f478f9a7e620236cfaebb7e,4a66df3af9055e52e037e50f83ba896c54efe0254fdc7a49e614d92de0457008,unique_exact_normalized_same_cohort_name
Pd4282e2cb6,2018,nbadraft_2018,nbadraft,3,60,http://www.nbadraft.net/2018mock_draft,https://web.archive.org/web/20180619163210id_/http://www.nbadraft.net/2018mock_draft,2018-06-18,2018-06-19T16:32:10+00:00,2018-06-21,5c4cd64b1fd4c6ebcff1d8cc795fb2e42977b5980f478f9a7e620236cfaebb7e,4a66df3af9055e52e037e50f83ba896c54efe0254fdc7a49e614d92de0457008,unique_exact_normalized_same_cohort_name
Pae17b87a4a,2018,nbadraft_2018,nbadraft,4,60,http://www.nbadraft.net/2018mock_draft,https://web.archive.org/web/20180619163210id_/http://www.nbadraft.net/2018mock_draft,2018-06-18,2018-06-19T16:32:10+00:00,2018-06-21,5c4cd64b1fd4c6ebcff1d8cc795fb2e42977b5980f478f9a7e620236cfaebb7e,4a66df3af9055e52e037e50f83ba896c54efe0254fdc7a49e614d92de0457008,unique_exact_normalized_same_cohort_name
Pcaa6f4e965,2018,nbadraft_2018,nbadraft,5,60,http://www.nbadraft.net/2018mock_draft,https://web.archive.org/web/20180619163210id_/http://www.nbadraft.net/2018mock_draft,2018-06-18,2018-06-19T16:32:10+00:00,2018-06-21,5c4cd64b1fd4c6ebcff1d8cc795fb2e42977b5980f478f9a7e620236cfaebb7e,4a66df3af9055e52e037e50f83ba896c54efe0254fdc7a49e614d92de0457008,unique_exact_normalized_same_cohort_name
Peb77360d78,2018,nbadraft_2018,nbadraft,7,60,http://www.nbadraft.net/2018mock_draft,https://web.archive.org/web/20180619163210id_/http://www.nbadraft.net/2018mock_draft,2018-06-18,2018-06-19T16:32:10+00:00,2018-06-21,5c4cd64b1fd4c6ebcff1d8cc795fb2e42977b5980f478f9a7e620236cfaebb7e,4a66df3af9055e52e037e50f83ba896c54efe0254fdc7a49e614d92de0457008,unique_exact_normalized_same_cohort_name
P946b6a7bec,2018,nbadraft_2018,nbadraft,10,60,http://www.nbadraft.net/2018mock_draft,https://web.archive.org/web/20180619163210id_/http://www.nbadraft.net/2018mock_draft,2018-06-18,2018-06-19T16:32:10+00:00,2018-06-21,5c4cd64b1fd4c6ebcff1d8cc795fb2e42977b5980f478f9a7e620236cfaebb7e,4a66df3af9055e52e037e50f83ba896c54efe0254fdc7a49e614d92de0457008,unique_exact_normalized_same_cohort_name
P4467431c36,2018,nbadraft_2018,nbadraft,11,60,http://www.nbadraft.net/2018mock_draft,https://web.archive.org/web/20180619163210id_/http://www.nbadraft.net/2018mock_draft,2018-06-18,2018-06-19T16:32:10+00:00,2018-06-21,5c4cd64b1fd4c6ebcff1d8cc795fb2e42977b5980f478f9a7e620236cfaebb7e,4a66df3af9055e52e037e50f83ba896c54efe0254fdc7a49e614d92de0457008,unique_exact_normalized_same_cohort_name
P1f3e01b488,2018,nbadraft_2018,nbadraft,13,60,http://www.nbadraft.net/2018mock_draft,https://web.archive.org/web/20180619163210id_/http://www.nbadraft.net/2018mock_draft,2018-06-18,2018-06-19T16:32:10+00:00,2018-06-21,5c4cd64b1fd4c6ebcff1d8cc795fb2e42977b5980f478f9a7e620236cfaebb7e,4a66df3af9055e52e037e50f83ba896c54efe0254fdc7a49e614d92de0457008,unique_exact_normalized_same_cohort_name
P57ab80ef44,2018,nbadraft_2018,nbadraft,15,60,http://www.nbadraft.net/2018mock_draft,https://web.archive.org/web/20180619163210id_/http://www.nbadraft.net/2018mock_draft,2018-06-18,2018-06-19T16:32:10+00:00,2018-06-21,5c4cd64b1fd4c6ebcff1d8cc795fb2e42977b5980f478f9a7e620236cfaebb7e,4a66df3af9055e52e037e50f83ba896c54efe0254fdc7a49e614d92de0457008,unique_exact_normalized_same_cohort_name
P6ab3598ab0,2018,nbadraft_2018,nbadraft,16,60,http://www.nbadraft.net/2018mock_draft,https://web.archive.org/web/20180619163210id_/http://www.nbadraft.net/2018mock_draft,2018-06-18,2018-06-19T16:32:10+00:00,2018-06-21,5c4cd64b1fd4c6ebcff1d8cc795fb2e42977b5980f478f9a7e620236cfaebb7e,4a66df3af9055e52e037e50f83ba896c54efe0254fdc7a49e614d92de0457008,unique_exact_normalized_same_cohort_name
P58e5b2eaa8,2018,nbadraft_2018,nbadraft,18,60,http://www.nbadraft.net/2018mock_draft,https://web.archive.org/web/20180619163210id_/http://www.nbadraft.net/2018mock_draft,2018-06-18,2018-06-19T16:32:10+00:00,2018-06-21,5c4cd64b1fd4c6ebcff1d8cc795fb2e42977b5980f478f9a7e620236cfaebb7e,4a66df3af9055e52e037e50f83ba896c54efe0254fdc7a49e614d92de0457008,unique_exact_normalized_same_cohort_name
P26d2a90c5b,2018,nbadraft_2018,nbadraft,19,60,http://www.nbadraft.net/2018mock_draft,https://web.archive.org/web/20180619163210id_/http://www.nbadraft.net/2018mock_draft,2018-06-18,2018-06-19T16:32:10+00:00,2018-06-21,5c4cd64b1fd4c6ebcff1d8cc795fb2e42977b5980f478f9a7e620236cfaebb7e,4a66df3af9055e52e037e50f83ba896c54efe0254fdc7a49e614d92de0457008,unique_exact_normalized_same_cohort_name
P688b157768,2018,nbadraft_2018,nbadraft,21,60,http://www.nbadraft.net/2018mock_draft,https://web.archive.org/web/20180619163210id_/http://www.nbadraft.net/2018mock_draft,2018-06-18,2018-06-19T16:32:10+00:00,2018-06-21,5c4cd64b1fd4c6ebcff1d8cc795fb2e42977b5980f478f9a7e620236cfaebb7e,4a66df3af9055e52e037e50f83ba896c54efe0254fdc7a49e614d92de0457008,unique_exact_normalized_same_cohort_name
P4d03279429,2018,nbadraft_2018,nbadraft,22,60,http://www.nbadraft.net/2018mock_draft,https://web.archive.org/web/20180619163210id_/http://www.nbadraft.net/2018mock_draft,2018-06-18,2018-06-19T16:32:10+00:00,2018-06-21,5c4cd64b1fd4c6ebcff1d8cc795fb2e42977b5980f478f9a7e620236cfaebb7e,4a66df3af9055e52e037e50f83ba896c54efe0254fdc7a49e614d92de0457008,unique_exact_normalized_same_cohort_name
Pd064221ae2,2018,nbadraft_2018,nbadraft,23,60,http://www.nbadraft.net/2018mock_draft,https://web.archive.org/web/20180619163210id_/http://www.nbadraft.net/2018mock_draft,2018-06-18,2018-06-19T16:32:10+00:00,2018-06-21,5c4cd64b1fd4c6ebcff1d8cc795fb2e42977b5980f478f9a7e620236cfaebb7e,4a66df3af9055e52e037e50f83ba896c54efe0254fdc7a49e614d92de0457008,unique_exact_normalized_same_cohort_name
P75b2e5cfed,2018,nbadraft_2018,nbadraft,24,60,http://www.nbadraft.net/2018mock_draft,https://web.archive.org/web/20180619163210id_/http://www.nbadraft.net/2018mock_draft,2018-06-18,2018-06-19T16:32:10+00:00,2018-06-21,5c4cd64b1fd4c6ebcff1d8cc795fb2e42977b5980f478f9a7e620236cfaebb7e,4a66df3af9055e52e037e50f83ba896c54efe0254fdc7a49e614d92de0457008,unique_exact_normalized_same_cohort_name
Pbe6b6d05a9,2018,nbadraft_2018,nbadraft,25,60,http://www.nbadraft.net/2018mock_draft,https://web.archive.org/web/20180619163210id_/http://www.nbadraft.net/2018mock_draft,2018-06-18,2018-06-19T16:32:10+00:00,2018-06-21,5c4cd64b1fd4c6ebcff1d8cc795fb2e42977b5980f478f9a7e620236cfaebb7e,4a66df3af9055e52e037e50f83ba896c54efe0254fdc7a49e614d92de0457008,unique_exact_normalized_same_cohort_name
P8eec131338,2018,nbadraft_2018,nbadraft,26,60,http://www.nbadraft.net/2018mock_draft,https://web.archive.org/web/20180619163210id_/http://www.nbadraft.net/2018mock_draft,2018-06-18,2018-06-19T16:32:10+00:00,2018-06-21,5c4cd64b1fd4c6ebcff1d8cc795fb2e42977b5980f478f9a7e620236cfaebb7e,4a66df3af9055e52e037e50f83ba896c54efe0254fdc7a49e614d92de0457008,unique_exact_normalized_same_cohort_name
Pf507011aa5,2018,nbadraft_2018,nbadraft,27,60,http://www.nbadraft.net/2018mock_draft,https://web.archive.org/web/20180619163210id_/http://www.nbadraft.net/2018mock_draft,2018-06-18,2018-06-19T16:32:10+00:00,2018-06-21,5c4cd64b1fd4c6ebcff1d8cc795fb2e42977b5980f478f9a7e620236cfaebb7e,4a66df3af9055e52e037e50f83ba896c54efe0254fdc7a49e614d92de0457008,unique_exact_normalized_same_cohort_name
P9106a597f3,2018,nbadraft_2018,nbadraft,28,60,http://www.nbadraft.net/2018mock_draft,https://web.archive.org/web/20180619163210id_/http://www.nbadraft.net/2018mock_draft,2018-06-18,2018-06-19T16:32:10+00:00,2018-06-21,5c4cd64b1fd4c6ebcff1d8cc795fb2e42977b5980f478f9a7e620236cfaebb7e,4a66df3af9055e52e037e50f83ba896c54efe0254fdc7a49e614d92de0457008,unique_exact_normalized_same_cohort_name
Pf5ec6d144b,2018,nbadraft_2018,nbadraft,29,60,http://www.nbadraft.net/2018mock_draft,https://web.archive.org/web/20180619163210id_/http://www.nbadraft.net/2018mock_draft,2018-06-18,2018-06-19T16:32:10+00:00,2018-06-21,5c4cd64b1fd4c6ebcff1d8cc795fb2e42977b5980f478f9a7e620236cfaebb7e,4a66df3af9055e52e037e50f83ba896c54efe0254fdc7a49e614d92de0457008,unique_exact_normalized_same_cohort_name
P5da3d9ffcd,2018,nbadraft_2018,nbadraft,30,60,http://www.nbadraft.net/2018mock_draft,https://web.archive.org/web/20180619163210id_/http://www.nbadraft.net/2018mock_draft,2018-06-18,2018-06-19T16:32:10+00:00,2018-06-21,5c4cd64b1fd4c6ebcff1d8cc795fb2e42977b5980f478f9a7e620236cfaebb7e,4a66df3af9055e52e037e50f83ba896c54efe0254fdc7a49e614d92de0457008,unique_exact_normalized_same_cohort_name
P9f769e6678,2018,nbadraft_2018,nbadraft,31,60,http://www.nbadraft.net/2018mock_draft,https://web.archive.org/web/20180619163210id_/http://www.nbadraft.net/2018mock_draft,2018-06-18,2018-06-19T16:32:10+00:00,2018-06-21,5c4cd64b1fd4c6ebcff1d8cc795fb2e42977b5980f478f9a7e620236cfaebb7e,4a66df3af9055e52e037e50f83ba896c54efe0254fdc7a49e614d92de0457008,unique_exact_normalized_same_cohort_name
P82bbff96e6,2018,nbadraft_2018,nbadraft,32,60,http://www.nbadraft.net/2018mock_draft,https://web.archive.org/web/20180619163210id_/http://www.nbadraft.net/2018mock_draft,2018-06-18,2018-06-19T16:32:10+00:00,2018-06-21,5c4cd64b1fd4c6ebcff1d8cc795fb2e42977b5980f478f9a7e620236cfaebb7e,4a66df3af9055e52e037e50f83ba896c54efe0254fdc7a49e614d92de0457008,unique_exact_normalized_same_cohort_name
Paa92a86ff3,2018,nbadraft_2018,nbadraft,33,60,http://www.nbadraft.net/2018mock_draft,https://web.archive.org/web/20180619163210id_/http://www.nbadraft.net/2018mock_draft,2018-06-18,2018-06-19T16:32:10+00:00,2018-06-21,5c4cd64b1fd4c6ebcff1d8cc795fb2e42977b5980f478f9a7e620236cfaebb7e,4a66df3af9055e52e037e50f83ba896c54efe0254fdc7a49e614d92de0457008,unique_exact_normalized_same_cohort_name
Pefc5241948,2018,nbadraft_2018,nbadraft,34,60,http://www.nbadraft.net/2018mock_draft,https://web.archive.org/web/20180619163210id_/http://www.nbadraft.net/2018mock_draft,2018-06-18,2018-06-19T16:32:10+00:00,2018-06-21,5c4cd64b1fd4c6ebcff1d8cc795fb2e42977b5980f478f9a7e620236cfaebb7e,4a66df3af9055e52e037e50f83ba896c54efe0254fdc7a49e614d92de0457008,unique_exact_normalized_same_cohort_name
Pf271325d7b,2018,nbadraft_2018,nbadraft,35,60,http://www.nbadraft.net/2018mock_draft,https://web.archive.org/web/20180619163210id_/http://www.nbadraft.net/2018mock_draft,2018-06-18,2018-06-19T16:32:10+00:00,2018-06-21,5c4cd64b1fd4c6ebcff1d8cc795fb2e42977b5980f478f9a7e620236cfaebb7e,4a66df3af9055e52e037e50f83ba896c54efe0254fdc7a49e614d92de0457008,unique_exact_normalized_same_cohort_name
Pa08fe4841f,2018,nbadraft_2018,nbadraft,37,60,http://www.nbadraft.net/2018mock_draft,https://web.archive.org/web/20180619163210id_/http://www.nbadraft.net/2018mock_draft,2018-06-18,2018-06-19T16:32:10+00:00,2018-06-21,5c4cd64b1fd4c6ebcff1d8cc795fb2e42977b5980f478f9a7e620236cfaebb7e,4a66df3af9055e52e037e50f83ba896c54efe0254fdc7a49e614d92de0457008,unique_exact_normalized_same_cohort_name
Pdb9cad4004,2018,nbadraft_2018,nbadraft,38,60,http://www.nbadraft.net/2018mock_draft,https://web.archive.org/web/20180619163210id_/http://www.nbadraft.net/2018mock_draft,2018-06-18,2018-06-19T16:32:10+00:00,2018-06-21,5c4cd64b1fd4c6ebcff1d8cc795fb2e42977b5980f478f9a7e620236cfaebb7e,4a66df3af9055e52e037e50f83ba896c54efe0254fdc7a49e614d92de0457008,unique_exact_normalized_same_cohort_name
P27d264f43c,2018,nbadraft_2018,nbadraft,39,60,http://www.nbadraft.net/2018mock_draft,https://web.archive.org/web/20180619163210id_/http://www.nbadraft.net/2018mock_draft,2018-06-18,2018-06-19T16:32:10+00:00,2018-06-21,5c4cd64b1fd4c6ebcff1d8cc795fb2e42977b5980f478f9a7e620236cfaebb7e,4a66df3af9055e52e037e50f83ba896c54efe0254fdc7a49e614d92de0457008,unique_exact_normalized_same_cohort_name
P61add2364f,2018,nbadraft_2018,nbadraft,40,60,http://www.nbadraft.net/2018mock_draft,https://web.archive.org/web/20180619163210id_/http://www.nbadraft.net/2018mock_draft,2018-06-18,2018-06-19T16:32:10+00:00,2018-06-21,5c4cd64b1fd4c6ebcff1d8cc795fb2e42977b5980f478f9a7e620236cfaebb7e,4a66df3af9055e52e037e50f83ba896c54efe0254fdc7a49e614d92de0457008,unique_exact_normalized_same_cohort_name
P6786e0dd88,2018,nbadraft_2018,nbadraft,41,60,http://www.nbadraft.net/2018mock_draft,https://web.archive.org/web/20180619163210id_/http://www.nbadraft.net/2018mock_draft,2018-06-18,2018-06-19T16:32:10+00:00,2018-06-21,5c4cd64b1fd4c6ebcff1d8cc795fb2e42977b5980f478f9a7e620236cfaebb7e,4a66df3af9055e52e037e50f83ba896c54efe0254fdc7a49e614d92de0457008,unique_exact_normalized_same_cohort_name
P3f77f707c0,2018,nbadraft_2018,nbadraft,42,60,http://www.nbadraft.net/2018mock_draft,https://web.archive.org/web/20180619163210id_/http://www.nbadraft.net/2018mock_draft,2018-06-18,2018-06-19T16:32:10+00:00,2018-06-21,5c4cd64b1fd4c6ebcff1d8cc795fb2e42977b5980f478f9a7e620236cfaebb7e,4a66df3af9055e52e037e50f83ba896c54efe0254fdc7a49e614d92de0457008,unique_exact_normalized_same_cohort_name
P212def8838,2018,nbadraft_2018,nbadraft,43,60,http://www.nbadraft.net/2018mock_draft,https://web.archive.org/web/20180619163210id_/http://www.nbadraft.net/2018mock_draft,2018-06-18,2018-06-19T16:32:10+00:00,2018-06-21,5c4cd64b1fd4c6ebcff1d8cc795fb2e42977b5980f478f9a7e620236cfaebb7e,4a66df3af9055e52e037e50f83ba896c54efe0254fdc7a49e614d92de0457008,unique_exact_normalized_same_cohort_name
P15b5ca7021,2018,nbadraft_2018,nbadraft,44,60,http://www.nbadraft.net/2018mock_draft,https://web.archive.org/web/20180619163210id_/http://www.nbadraft.net/2018mock_draft,2018-06-18,2018-06-19T16:32:10+00:00,2018-06-21,5c4cd64b1fd4c6ebcff1d8cc795fb2e42977b5980f478f9a7e620236cfaebb7e,4a66df3af9055e52e037e50f83ba896c54efe0254fdc7a49e614d92de0457008,unique_exact_normalized_same_cohort_name
P3e065b4b4e,2018,nbadraft_2018,nbadraft,46,60,http://www.nbadraft.net/2018mock_draft,https://web.archive.org/web/20180619163210id_/http://www.nbadraft.net/2018mock_draft,2018-06-18,2018-06-19T16:32:10+00:00,2018-06-21,5c4cd64b1fd4c6ebcff1d8cc795fb2e42977b5980f478f9a7e620236cfaebb7e,4a66df3af9055e52e037e50f83ba896c54efe0254fdc7a49e614d92de0457008,unique_exact_normalized_same_cohort_name
P379ec45447,2018,nbadraft_2018,nbadraft,47,60,http://www.nbadraft.net/2018mock_draft,https://web.archive.org/web/20180619163210id_/http://www.nbadraft.net/2018mock_draft,2018-06-18,2018-06-19T16:32:10+00:00,2018-06-21,5c4cd64b1fd4c6ebcff1d8cc795fb2e42977b5980f478f9a7e620236cfaebb7e,4a66df3af9055e52e037e50f83ba896c54efe0254fdc7a49e614d92de0457008,unique_exact_normalized_same_cohort_name
P1a46c41bff,2018,nbadraft_2018,nbadraft,49,60,http://www.nbadraft.net/2018mock_draft,https://web.archive.org/web/20180619163210id_/http://www.nbadraft.net/2018mock_draft,2018-06-18,2018-06-19T16:32:10+00:00,2018-06-21,5c4cd64b1fd4c6ebcff1d8cc795fb2e42977b5980f478f9a7e620236cfaebb7e,4a66df3af9055e52e037e50f83ba896c54efe0254fdc7a49e614d92de0457008,unique_exact_normalized_same_cohort_name
P5ff9cbca0f,2018,nbadraft_2018,nbadraft,50,60,http://www.nbadraft.net/2018mock_draft,https://web.archive.org/web/20180619163210id_/http://www.nbadraft.net/2018mock_draft,2018-06-18,2018-06-19T16:32:10+00:00,2018-06-21,5c4cd64b1fd4c6ebcff1d8cc795fb2e42977b5980f478f9a7e620236cfaebb7e,4a66df3af9055e52e037e50f83ba896c54efe0254fdc7a49e614d92de0457008,unique_exact_normalized_same_cohort_name
Pbb5225b691,2018,nbadraft_2018,nbadraft,52,60,http://www.nbadraft.net/2018mock_draft,https://web.archive.org/web/20180619163210id_/http://www.nbadraft.net/2018mock_draft,2018-06-18,2018-06-19T16:32:10+00:00,2018-06-21,5c4cd64b1fd4c6ebcff1d8cc795fb2e42977b5980f478f9a7e620236cfaebb7e,4a66df3af9055e52e037e50f83ba896c54efe0254fdc7a49e614d92de0457008,unique_exact_normalized_same_cohort_name
Pe581c6d22f,2018,nbadraft_2018,nbadraft,54,60,http://www.nbadraft.net/2018mock_draft,https://web.archive.org/web/20180619163210id_/http://www.nbadraft.net/2018mock_draft,2018-06-18,2018-06-19T16:32:10+00:00,2018-06-21,5c4cd64b1fd4c6ebcff1d8cc795fb2e42977b5980f478f9a7e620236cfaebb7e,4a66df3af9055e52e037e50f83ba896c54efe0254fdc7a49e614d92de0457008,unique_exact_normalized_same_cohort_name
Pa129b1725d,2018,nbadraft_2018,nbadraft,55,60,http://www.nbadraft.net/2018mock_draft,https://web.archive.org/web/20180619163210id_/http://www.nbadraft.net/2018mock_draft,2018-06-18,2018-06-19T16:32:10+00:00,2018-06-21,5c4cd64b1fd4c6ebcff1d8cc795fb2e42977b5980f478f9a7e620236cfaebb7e,4a66df3af9055e52e037e50f83ba896c54efe0254fdc7a49e614d92de0457008,unique_exact_normalized_same_cohort_name
P67e5a8f825,2018,nbadraft_2018,nbadraft,56,60,http://www.nbadraft.net/2018mock_draft,https://web.archive.org/web/20180619163210id_/http://www.nbadraft.net/2018mock_draft,2018-06-18,2018-06-19T16:32:10+00:00,2018-06-21,5c4cd64b1fd4c6ebcff1d8cc795fb2e42977b5980f478f9a7e620236cfaebb7e,4a66df3af9055e52e037e50f83ba896c54efe0254fdc7a49e614d92de0457008,unique_exact_normalized_same_cohort_name
P8ecb19c544,2018,nbadraft_2018,nbadraft,57,60,http://www.nbadraft.net/2018mock_draft,https://web.archive.org/web/20180619163210id_/http://www.nbadraft.net/2018mock_draft,2018-06-18,2018-06-19T16:32:10+00:00,2018-06-21,5c4cd64b1fd4c6ebcff1d8cc795fb2e42977b5980f478f9a7e620236cfaebb7e,4a66df3af9055e52e037e50f83ba896c54efe0254fdc7a49e614d92de0457008,unique_exact_normalized_same_cohort_name
P4ebe015218,2018,nbadraft_2018,nbadraft,58,60,http://www.nbadraft.net/2018mock_draft,https://web.archive.org/web/20180619163210id_/http://www.nbadraft.net/2018mock_draft,2018-06-18,2018-06-19T16:32:10+00:00,2018-06-21,5c4cd64b1fd4c6ebcff1d8cc795fb2e42977b5980f478f9a7e620236cfaebb7e,4a66df3af9055e52e037e50f83ba896c54efe0254fdc7a49e614d92de0457008,unique_exact_normalized_same_cohort_name
P00e7133fc6,2019,nbadraft_2019,nbadraft,1,60,https://www.nbadraft.net/2019mock_draft,https://web.archive.org/web/20190521150204id_/https://www.nbadraft.net/2019mock_draft,2019-05-15,2019-05-21T15:02:04+00:00,2019-06-20,af71379d9a7142321f715ce9b3c8a97e100bb128d8be5846b4ef20dc3e957b45,53f3093c806fbf622e7b1745b007fbde974774787924e838ead2f777523e228b,unique_exact_normalized_same_cohort_name
Pfe4fcea486,2019,nbadraft_2019,nbadraft,2,60,https://www.nbadraft.net/2019mock_draft,https://web.archive.org/web/20190521150204id_/https://www.nbadraft.net/2019mock_draft,2019-05-15,2019-05-21T15:02:04+00:00,2019-06-20,af71379d9a7142321f715ce9b3c8a97e100bb128d8be5846b4ef20dc3e957b45,53f3093c806fbf622e7b1745b007fbde974774787924e838ead2f777523e228b,unique_exact_normalized_same_cohort_name
Pa9cae64430,2019,nbadraft_2019,nbadraft,3,60,https://www.nbadraft.net/2019mock_draft,https://web.archive.org/web/20190521150204id_/https://www.nbadraft.net/2019mock_draft,2019-05-15,2019-05-21T15:02:04+00:00,2019-06-20,af71379d9a7142321f715ce9b3c8a97e100bb128d8be5846b4ef20dc3e957b45,53f3093c806fbf622e7b1745b007fbde974774787924e838ead2f777523e228b,unique_exact_normalized_same_cohort_name
P846172a369,2019,nbadraft_2019,nbadraft,4,60,https://www.nbadraft.net/2019mock_draft,https://web.archive.org/web/20190521150204id_/https://www.nbadraft.net/2019mock_draft,2019-05-15,2019-05-21T15:02:04+00:00,2019-06-20,af71379d9a7142321f715ce9b3c8a97e100bb128d8be5846b4ef20dc3e957b45,53f3093c806fbf622e7b1745b007fbde974774787924e838ead2f777523e228b,unique_exact_normalized_same_cohort_name
P43dec358d1,2019,nbadraft_2019,nbadraft,5,60,https://www.nbadraft.net/2019mock_draft,https://web.archive.org/web/20190521150204id_/https://www.nbadraft.net/2019mock_draft,2019-05-15,2019-05-21T15:02:04+00:00,2019-06-20,af71379d9a7142321f715ce9b3c8a97e100bb128d8be5846b4ef20dc3e957b45,53f3093c806fbf622e7b1745b007fbde974774787924e838ead2f777523e228b,unique_exact_normalized_same_cohort_name
P297d12820e,2019,nbadraft_2019,nbadraft,6,60,https://www.nbadraft.net/2019mock_draft,https://web.archive.org/web/20190521150204id_/https://www.nbadraft.net/2019mock_draft,2019-05-15,2019-05-21T15:02:04+00:00,2019-06-20,af71379d9a7142321f715ce9b3c8a97e100bb128d8be5846b4ef20dc3e957b45,53f3093c806fbf622e7b1745b007fbde974774787924e838ead2f777523e228b,unique_exact_normalized_same_cohort_name
Pbc4309c829,2019,nbadraft_2019,nbadraft,7,60,https://www.nbadraft.net/2019mock_draft,https://web.archive.org/web/20190521150204id_/https://www.nbadraft.net/2019mock_draft,2019-05-15,2019-05-21T15:02:04+00:00,2019-06-20,af71379d9a7142321f715ce9b3c8a97e100bb128d8be5846b4ef20dc3e957b45,53f3093c806fbf622e7b1745b007fbde974774787924e838ead2f777523e228b,unique_exact_normalized_same_cohort_name
Ped6b9a1a7c,2019,nbadraft_2019,nbadraft,9,60,https://www.nbadraft.net/2019mock_draft,https://web.archive.org/web/20190521150204id_/https://www.nbadraft.net/2019mock_draft,2019-05-15,2019-05-21T15:02:04+00:00,2019-06-20,af71379d9a7142321f715ce9b3c8a97e100bb128d8be5846b4ef20dc3e957b45,53f3093c806fbf622e7b1745b007fbde974774787924e838ead2f777523e228b,unique_exact_normalized_same_cohort_name
Pbea2d75e26,2019,nbadraft_2019,nbadraft,10,60,https://www.nbadraft.net/2019mock_draft,https://web.archive.org/web/20190521150204id_/https://www.nbadraft.net/2019mock_draft,2019-05-15,2019-05-21T15:02:04+00:00,2019-06-20,af71379d9a7142321f715ce9b3c8a97e100bb128d8be5846b4ef20dc3e957b45,53f3093c806fbf622e7b1745b007fbde974774787924e838ead2f777523e228b,unique_exact_normalized_same_cohort_name
P6a5f6ac2d8,2019,nbadraft_2019,nbadraft,11,60,https://www.nbadraft.net/2019mock_draft,https://web.archive.org/web/20190521150204id_/https://www.nbadraft.net/2019mock_draft,2019-05-15,2019-05-21T15:02:04+00:00,2019-06-20,af71379d9a7142321f715ce9b3c8a97e100bb128d8be5846b4ef20dc3e957b45,53f3093c806fbf622e7b1745b007fbde974774787924e838ead2f777523e228b,unique_exact_normalized_same_cohort_name
P5cd98708f1,2019,nbadraft_2019,nbadraft,12,60,https://www.nbadraft.net/2019mock_draft,https://web.archive.org/web/20190521150204id_/https://www.nbadraft.net/2019mock_draft,2019-05-15,2019-05-21T15:02:04+00:00,2019-06-20,af71379d9a7142321f715ce9b3c8a97e100bb128d8be5846b4ef20dc3e957b45,53f3093c806fbf622e7b1745b007fbde974774787924e838ead2f777523e228b,unique_exact_normalized_same_cohort_name
P9540818d9f,2019,nbadraft_2019,nbadraft,13,60,https://www.nbadraft.net/2019mock_draft,https://web.archive.org/web/20190521150204id_/https://www.nbadraft.net/2019mock_draft,2019-05-15,2019-05-21T15:02:04+00:00,2019-06-20,af71379d9a7142321f715ce9b3c8a97e100bb128d8be5846b4ef20dc3e957b45,53f3093c806fbf622e7b1745b007fbde974774787924e838ead2f777523e228b,unique_exact_normalized_same_cohort_name
Pa4c28f80ad,2019,nbadraft_2019,nbadraft,15,60,https://www.nbadraft.net/2019mock_draft,https://web.archive.org/web/20190521150204id_/https://www.nbadraft.net/2019mock_draft,2019-05-15,2019-05-21T15:02:04+00:00,2019-06-20,af71379d9a7142321f715ce9b3c8a97e100bb128d8be5846b4ef20dc3e957b45,53f3093c806fbf622e7b1745b007fbde974774787924e838ead2f777523e228b,unique_exact_normalized_same_cohort_name
Pd17e70140c,2019,nbadraft_2019,nbadraft,16,60,https://www.nbadraft.net/2019mock_draft,https://web.archive.org/web/20190521150204id_/https://www.nbadraft.net/2019mock_draft,2019-05-15,2019-05-21T15:02:04+00:00,2019-06-20,af71379d9a7142321f715ce9b3c8a97e100bb128d8be5846b4ef20dc3e957b45,53f3093c806fbf622e7b1745b007fbde974774787924e838ead2f777523e228b,unique_exact_normalized_same_cohort_name
P714602a9aa,2019,nbadraft_2019,nbadraft,17,60,https://www.nbadraft.net/2019mock_draft,https://web.archive.org/web/20190521150204id_/https://www.nbadraft.net/2019mock_draft,2019-05-15,2019-05-21T15:02:04+00:00,2019-06-20,af71379d9a7142321f715ce9b3c8a97e100bb128d8be5846b4ef20dc3e957b45,53f3093c806fbf622e7b1745b007fbde974774787924e838ead2f777523e228b,unique_exact_normalized_same_cohort_name
P273938bb97,2019,nbadraft_2019,nbadraft,18,60,https://www.nbadraft.net/2019mock_draft,https://web.archive.org/web/20190521150204id_/https://www.nbadraft.net/2019mock_draft,2019-05-15,2019-05-21T15:02:04+00:00,2019-06-20,af71379d9a7142321f715ce9b3c8a97e100bb128d8be5846b4ef20dc3e957b45,53f3093c806fbf622e7b1745b007fbde974774787924e838ead2f777523e228b,unique_exact_normalized_same_cohort_name
P5277c76d51,2019,nbadraft_2019,nbadraft,20,60,https://www.nbadraft.net/2019mock_draft,https://web.archive.org/web/20190521150204id_/https://www.nbadraft.net/2019mock_draft,2019-05-15,2019-05-21T15:02:04+00:00,2019-06-20,af71379d9a7142321f715ce9b3c8a97e100bb128d8be5846b4ef20dc3e957b45,53f3093c806fbf622e7b1745b007fbde974774787924e838ead2f777523e228b,unique_exact_normalized_same_cohort_name
P4ebfdd4833,2019,nbadraft_2019,nbadraft,21,60,https://www.nbadraft.net/2019mock_draft,https://web.archive.org/web/20190521150204id_/https://www.nbadraft.net/2019mock_draft,2019-05-15,2019-05-21T15:02:04+00:00,2019-06-20,af71379d9a7142321f715ce9b3c8a97e100bb128d8be5846b4ef20dc3e957b45,53f3093c806fbf622e7b1745b007fbde974774787924e838ead2f777523e228b,unique_exact_normalized_same_cohort_name
P2f4b26e6e1,2019,nbadraft_2019,nbadraft,22,60,https://www.nbadraft.net/2019mock_draft,https://web.archive.org/web/20190521150204id_/https://www.nbadraft.net/2019mock_draft,2019-05-15,2019-05-21T15:02:04+00:00,2019-06-20,af71379d9a7142321f715ce9b3c8a97e100bb128d8be5846b4ef20dc3e957b45,53f3093c806fbf622e7b1745b007fbde974774787924e838ead2f777523e228b,unique_exact_normalized_same_cohort_name
Peecc71d248,2019,nbadraft_2019,nbadraft,23,60,https://www.nbadraft.net/2019mock_draft,https://web.archive.org/web/20190521150204id_/https://www.nbadraft.net/2019mock_draft,2019-05-15,2019-05-21T15:02:04+00:00,2019-06-20,af71379d9a7142321f715ce9b3c8a97e100bb128d8be5846b4ef20dc3e957b45,53f3093c806fbf622e7b1745b007fbde974774787924e838ead2f777523e228b,unique_exact_normalized_same_cohort_name
P8df31bfe17,2019,nbadraft_2019,nbadraft,24,60,https://www.nbadraft.net/2019mock_draft,https://web.archive.org/web/20190521150204id_/https://www.nbadraft.net/2019mock_draft,2019-05-15,2019-05-21T15:02:04+00:00,2019-06-20,af71379d9a7142321f715ce9b3c8a97e100bb128d8be5846b4ef20dc3e957b45,53f3093c806fbf622e7b1745b007fbde974774787924e838ead2f777523e228b,unique_exact_normalized_same_cohort_name
P8209ad6040,2019,nbadraft_2019,nbadraft,25,60,https://www.nbadraft.net/2019mock_draft,https://web.archive.org/web/20190521150204id_/https://www.nbadraft.net/2019mock_draft,2019-05-15,2019-05-21T15:02:04+00:00,2019-06-20,af71379d9a7142321f715ce9b3c8a97e100bb128d8be5846b4ef20dc3e957b45,53f3093c806fbf622e7b1745b007fbde974774787924e838ead2f777523e228b,unique_exact_normalized_same_cohort_name
P4832cf3ea3,2019,nbadraft_2019,nbadraft,26,60,https://www.nbadraft.net/2019mock_draft,https://web.archive.org/web/20190521150204id_/https://www.nbadraft.net/2019mock_draft,2019-05-15,2019-05-21T15:02:04+00:00,2019-06-20,af71379d9a7142321f715ce9b3c8a97e100bb128d8be5846b4ef20dc3e957b45,53f3093c806fbf622e7b1745b007fbde974774787924e838ead2f777523e228b,unique_exact_normalized_same_cohort_name
P4a79c6caeb,2019,nbadraft_2019,nbadraft,27,60,https://www.nbadraft.net/2019mock_draft,https://web.archive.org/web/20190521150204id_/https://www.nbadraft.net/2019mock_draft,2019-05-15,2019-05-21T15:02:04+00:00,2019-06-20,af71379d9a7142321f715ce9b3c8a97e100bb128d8be5846b4ef20dc3e957b45,53f3093c806fbf622e7b1745b007fbde974774787924e838ead2f777523e228b,unique_exact_normalized_same_cohort_name
Pb14f594f0a,2019,nbadraft_2019,nbadraft,29,60,https://www.nbadraft.net/2019mock_draft,https://web.archive.org/web/20190521150204id_/https://www.nbadraft.net/2019mock_draft,2019-05-15,2019-05-21T15:02:04+00:00,2019-06-20,af71379d9a7142321f715ce9b3c8a97e100bb128d8be5846b4ef20dc3e957b45,53f3093c806fbf622e7b1745b007fbde974774787924e838ead2f777523e228b,unique_exact_normalized_same_cohort_name
Pb16e641fe9,2019,nbadraft_2019,nbadraft,30,60,https://www.nbadraft.net/2019mock_draft,https://web.archive.org/web/20190521150204id_/https://www.nbadraft.net/2019mock_draft,2019-05-15,2019-05-21T15:02:04+00:00,2019-06-20,af71379d9a7142321f715ce9b3c8a97e100bb128d8be5846b4ef20dc3e957b45,53f3093c806fbf622e7b1745b007fbde974774787924e838ead2f777523e228b,unique_exact_normalized_same_cohort_name
P6a3fce0af3,2019,nbadraft_2019,nbadraft,31,60,https://www.nbadraft.net/2019mock_draft,https://web.archive.org/web/20190521150204id_/https://www.nbadraft.net/2019mock_draft,2019-05-15,2019-05-21T15:02:04+00:00,2019-06-20,af71379d9a7142321f715ce9b3c8a97e100bb128d8be5846b4ef20dc3e957b45,53f3093c806fbf622e7b1745b007fbde974774787924e838ead2f777523e228b,unique_exact_normalized_same_cohort_name
P338a42b9d0,2019,nbadraft_2019,nbadraft,33,60,https://www.nbadraft.net/2019mock_draft,https://web.archive.org/web/20190521150204id_/https://www.nbadraft.net/2019mock_draft,2019-05-15,2019-05-21T15:02:04+00:00,2019-06-20,af71379d9a7142321f715ce9b3c8a97e100bb128d8be5846b4ef20dc3e957b45,53f3093c806fbf622e7b1745b007fbde974774787924e838ead2f777523e228b,unique_exact_normalized_same_cohort_name
P023bbe5ec1,2019,nbadraft_2019,nbadraft,34,60,https://www.nbadraft.net/2019mock_draft,https://web.archive.org/web/20190521150204id_/https://www.nbadraft.net/2019mock_draft,2019-05-15,2019-05-21T15:02:04+00:00,2019-06-20,af71379d9a7142321f715ce9b3c8a97e100bb128d8be5846b4ef20dc3e957b45,53f3093c806fbf622e7b1745b007fbde974774787924e838ead2f777523e228b,unique_exact_normalized_same_cohort_name
Pb1eb09fa94,2019,nbadraft_2019,nbadraft,35,60,https://www.nbadraft.net/2019mock_draft,https://web.archive.org/web/20190521150204id_/https://www.nbadraft.net/2019mock_draft,2019-05-15,2019-05-21T15:02:04+00:00,2019-06-20,af71379d9a7142321f715ce9b3c8a97e100bb128d8be5846b4ef20dc3e957b45,53f3093c806fbf622e7b1745b007fbde974774787924e838ead2f777523e228b,unique_exact_normalized_same_cohort_name
P2084d7c5fc,2019,nbadraft_2019,nbadraft,36,60,https://www.nbadraft.net/2019mock_draft,https://web.archive.org/web/20190521150204id_/https://www.nbadraft.net/2019mock_draft,2019-05-15,2019-05-21T15:02:04+00:00,2019-06-20,af71379d9a7142321f715ce9b3c8a97e100bb128d8be5846b4ef20dc3e957b45,53f3093c806fbf622e7b1745b007fbde974774787924e838ead2f777523e228b,unique_exact_normalized_same_cohort_name
Pf1b3205a09,2019,nbadraft_2019,nbadraft,37,60,https://www.nbadraft.net/2019mock_draft,https://web.archive.org/web/20190521150204id_/https://www.nbadraft.net/2019mock_draft,2019-05-15,2019-05-21T15:02:04+00:00,2019-06-20,af71379d9a7142321f715ce9b3c8a97e100bb128d8be5846b4ef20dc3e957b45,53f3093c806fbf622e7b1745b007fbde974774787924e838ead2f777523e228b,unique_exact_normalized_same_cohort_name
P7c5888ec9d,2019,nbadraft_2019,nbadraft,38,60,https://www.nbadraft.net/2019mock_draft,https://web.archive.org/web/20190521150204id_/https://www.nbadraft.net/2019mock_draft,2019-05-15,2019-05-21T15:02:04+00:00,2019-06-20,af71379d9a7142321f715ce9b3c8a97e100bb128d8be5846b4ef20dc3e957b45,53f3093c806fbf622e7b1745b007fbde974774787924e838ead2f777523e228b,unique_exact_normalized_same_cohort_name
P14a01dedf9,2019,nbadraft_2019,nbadraft,39,60,https://www.nbadraft.net/2019mock_draft,https://web.archive.org/web/20190521150204id_/https://www.nbadraft.net/2019mock_draft,2019-05-15,2019-05-21T15:02:04+00:00,2019-06-20,af71379d9a7142321f715ce9b3c8a97e100bb128d8be5846b4ef20dc3e957b45,53f3093c806fbf622e7b1745b007fbde974774787924e838ead2f777523e228b,unique_exact_normalized_same_cohort_name
Pab169ed872,2019,nbadraft_2019,nbadraft,40,60,https://www.nbadraft.net/2019mock_draft,https://web.archive.org/web/20190521150204id_/https://www.nbadraft.net/2019mock_draft,2019-05-15,2019-05-21T15:02:04+00:00,2019-06-20,af71379d9a7142321f715ce9b3c8a97e100bb128d8be5846b4ef20dc3e957b45,53f3093c806fbf622e7b1745b007fbde974774787924e838ead2f777523e228b,unique_exact_normalized_same_cohort_name
P90a39c14ab,2019,nbadraft_2019,nbadraft,41,60,https://www.nbadraft.net/2019mock_draft,https://web.archive.org/web/20190521150204id_/https://www.nbadraft.net/2019mock_draft,2019-05-15,2019-05-21T15:02:04+00:00,2019-06-20,af71379d9a7142321f715ce9b3c8a97e100bb128d8be5846b4ef20dc3e957b45,53f3093c806fbf622e7b1745b007fbde974774787924e838ead2f777523e228b,unique_exact_normalized_same_cohort_name
Pf450c7fe3d,2019,nbadraft_2019,nbadraft,43,60,https://www.nbadraft.net/2019mock_draft,https://web.archive.org/web/20190521150204id_/https://www.nbadraft.net/2019mock_draft,2019-05-15,2019-05-21T15:02:04+00:00,2019-06-20,af71379d9a7142321f715ce9b3c8a97e100bb128d8be5846b4ef20dc3e957b45,53f3093c806fbf622e7b1745b007fbde974774787924e838ead2f777523e228b,unique_exact_normalized_same_cohort_name
P9b3e496395,2019,nbadraft_2019,nbadraft,44,60,https://www.nbadraft.net/2019mock_draft,https://web.archive.org/web/20190521150204id_/https://www.nbadraft.net/2019mock_draft,2019-05-15,2019-05-21T15:02:04+00:00,2019-06-20,af71379d9a7142321f715ce9b3c8a97e100bb128d8be5846b4ef20dc3e957b45,53f3093c806fbf622e7b1745b007fbde974774787924e838ead2f777523e228b,unique_exact_normalized_same_cohort_name
Pc53511377b,2019,nbadraft_2019,nbadraft,45,60,https://www.nbadraft.net/2019mock_draft,https://web.archive.org/web/20190521150204id_/https://www.nbadraft.net/2019mock_draft,2019-05-15,2019-05-21T15:02:04+00:00,2019-06-20,af71379d9a7142321f715ce9b3c8a97e100bb128d8be5846b4ef20dc3e957b45,53f3093c806fbf622e7b1745b007fbde974774787924e838ead2f777523e228b,unique_exact_normalized_same_cohort_name
P37457bff4f,2019,nbadraft_2019,nbadraft,46,60,https://www.nbadraft.net/2019mock_draft,https://web.archive.org/web/20190521150204id_/https://www.nbadraft.net/2019mock_draft,2019-05-15,2019-05-21T15:02:04+00:00,2019-06-20,af71379d9a7142321f715ce9b3c8a97e100bb128d8be5846b4ef20dc3e957b45,53f3093c806fbf622e7b1745b007fbde974774787924e838ead2f777523e228b,unique_exact_normalized_same_cohort_name
P7ff4af5e7c,2019,nbadraft_2019,nbadraft,48,60,https://www.nbadraft.net/2019mock_draft,https://web.archive.org/web/20190521150204id_/https://www.nbadraft.net/2019mock_draft,2019-05-15,2019-05-21T15:02:04+00:00,2019-06-20,af71379d9a7142321f715ce9b3c8a97e100bb128d8be5846b4ef20dc3e957b45,53f3093c806fbf622e7b1745b007fbde974774787924e838ead2f777523e228b,unique_exact_normalized_same_cohort_name
Pd50729b5d0,2019,nbadraft_2019,nbadraft,49,60,https://www.nbadraft.net/2019mock_draft,https://web.archive.org/web/20190521150204id_/https://www.nbadraft.net/2019mock_draft,2019-05-15,2019-05-21T15:02:04+00:00,2019-06-20,af71379d9a7142321f715ce9b3c8a97e100bb128d8be5846b4ef20dc3e957b45,53f3093c806fbf622e7b1745b007fbde974774787924e838ead2f777523e228b,unique_exact_normalized_same_cohort_name
Pc3b8b90cf8,2019,nbadraft_2019,nbadraft,50,60,https://www.nbadraft.net/2019mock_draft,https://web.archive.org/web/20190521150204id_/https://www.nbadraft.net/2019mock_draft,2019-05-15,2019-05-21T15:02:04+00:00,2019-06-20,af71379d9a7142321f715ce9b3c8a97e100bb128d8be5846b4ef20dc3e957b45,53f3093c806fbf622e7b1745b007fbde974774787924e838ead2f777523e228b,unique_exact_normalized_same_cohort_name
Pb69fbd28c6,2019,nbadraft_2019,nbadraft,52,60,https://www.nbadraft.net/2019mock_draft,https://web.archive.org/web/20190521150204id_/https://www.nbadraft.net/2019mock_draft,2019-05-15,2019-05-21T15:02:04+00:00,2019-06-20,af71379d9a7142321f715ce9b3c8a97e100bb128d8be5846b4ef20dc3e957b45,53f3093c806fbf622e7b1745b007fbde974774787924e838ead2f777523e228b,unique_exact_normalized_same_cohort_name
P18facb688d,2019,nbadraft_2019,nbadraft,53,60,https://www.nbadraft.net/2019mock_draft,https://web.archive.org/web/20190521150204id_/https://www.nbadraft.net/2019mock_draft,2019-05-15,2019-05-21T15:02:04+00:00,2019-06-20,af71379d9a7142321f715ce9b3c8a97e100bb128d8be5846b4ef20dc3e957b45,53f3093c806fbf622e7b1745b007fbde974774787924e838ead2f777523e228b,unique_exact_normalized_same_cohort_name
P1a41a85440,2019,nbadraft_2019,nbadraft,54,60,https://www.nbadraft.net/2019mock_draft,https://web.archive.org/web/20190521150204id_/https://www.nbadraft.net/2019mock_draft,2019-05-15,2019-05-21T15:02:04+00:00,2019-06-20,af71379d9a7142321f715ce9b3c8a97e100bb128d8be5846b4ef20dc3e957b45,53f3093c806fbf622e7b1745b007fbde974774787924e838ead2f777523e228b,unique_exact_normalized_same_cohort_name
Pb14e5c1c97,2019,nbadraft_2019,nbadraft,55,60,https://www.nbadraft.net/2019mock_draft,https://web.archive.org/web/20190521150204id_/https://www.nbadraft.net/2019mock_draft,2019-05-15,2019-05-21T15:02:04+00:00,2019-06-20,af71379d9a7142321f715ce9b3c8a97e100bb128d8be5846b4ef20dc3e957b45,53f3093c806fbf622e7b1745b007fbde974774787924e838ead2f777523e228b,unique_exact_normalized_same_cohort_name
Pd88f1bdac2,2019,nbadraft_2019,nbadraft,56,60,https://www.nbadraft.net/2019mock_draft,https://web.archive.org/web/20190521150204id_/https://www.nbadraft.net/2019mock_draft,2019-05-15,2019-05-21T15:02:04+00:00,2019-06-20,af71379d9a7142321f715ce9b3c8a97e100bb128d8be5846b4ef20dc3e957b45,53f3093c806fbf622e7b1745b007fbde974774787924e838ead2f777523e228b,unique_exact_normalized_same_cohort_name
P6b5b70ee01,2019,nbadraft_2019,nbadraft,57,60,https://www.nbadraft.net/2019mock_draft,https://web.archive.org/web/20190521150204id_/https://www.nbadraft.net/2019mock_draft,2019-05-15,2019-05-21T15:02:04+00:00,2019-06-20,af71379d9a7142321f715ce9b3c8a97e100bb128d8be5846b4ef20dc3e957b45,53f3093c806fbf622e7b1745b007fbde974774787924e838ead2f777523e228b,unique_exact_normalized_same_cohort_name
Pb0f44d6b69,2019,nbadraft_2019,nbadraft,58,60,https://www.nbadraft.net/2019mock_draft,https://web.archive.org/web/20190521150204id_/https://www.nbadraft.net/2019mock_draft,2019-05-15,2019-05-21T15:02:04+00:00,2019-06-20,af71379d9a7142321f715ce9b3c8a97e100bb128d8be5846b4ef20dc3e957b45,53f3093c806fbf622e7b1745b007fbde974774787924e838ead2f777523e228b,unique_exact_normalized_same_cohort_name
P35f0fb7731,2020,nbadraft_2020_fallback,nbadraft,1,60,https://www.nbadraft.net/nba-mock-drafts/,https://web.archive.org/web/20201101015440id_/https://www.nbadraft.net/nba-mock-drafts/,2020-10-19,2020-11-01T01:54:40+00:00,2020-11-18,321101752adaa99a66b04e8055eb3e972fcc02bc1f927c5a96fcc6be548bd34e,640d3b1ad5ccb0bb0752f476f0b4493c07c6426cfcda77c3f0d9332735c1cc0d,unique_exact_normalized_same_cohort_name
Pa430d00e1f,2020,nbadraft_2020_fallback,nbadraft,2,60,https://www.nbadraft.net/nba-mock-drafts/,https://web.archive.org/web/20201101015440id_/https://www.nbadraft.net/nba-mock-drafts/,2020-10-19,2020-11-01T01:54:40+00:00,2020-11-18,321101752adaa99a66b04e8055eb3e972fcc02bc1f927c5a96fcc6be548bd34e,640d3b1ad5ccb0bb0752f476f0b4493c07c6426cfcda77c3f0d9332735c1cc0d,unique_exact_normalized_same_cohort_name
P3ff36ffdc1,2020,nbadraft_2020_fallback,nbadraft,3,60,https://www.nbadraft.net/nba-mock-drafts/,https://web.archive.org/web/20201101015440id_/https://www.nbadraft.net/nba-mock-drafts/,2020-10-19,2020-11-01T01:54:40+00:00,2020-11-18,321101752adaa99a66b04e8055eb3e972fcc02bc1f927c5a96fcc6be548bd34e,640d3b1ad5ccb0bb0752f476f0b4493c07c6426cfcda77c3f0d9332735c1cc0d,unique_exact_normalized_same_cohort_name
Pfe5913c014,2020,nbadraft_2020_fallback,nbadraft,4,60,https://www.nbadraft.net/nba-mock-drafts/,https://web.archive.org/web/20201101015440id_/https://www.nbadraft.net/nba-mock-drafts/,2020-10-19,2020-11-01T01:54:40+00:00,2020-11-18,321101752adaa99a66b04e8055eb3e972fcc02bc1f927c5a96fcc6be548bd34e,640d3b1ad5ccb0bb0752f476f0b4493c07c6426cfcda77c3f0d9332735c1cc0d,unique_exact_normalized_same_cohort_name
P41612ab4e2,2020,nbadraft_2020_fallback,nbadraft,5,60,https://www.nbadraft.net/nba-mock-drafts/,https://web.archive.org/web/20201101015440id_/https://www.nbadraft.net/nba-mock-drafts/,2020-10-19,2020-11-01T01:54:40+00:00,2020-11-18,321101752adaa99a66b04e8055eb3e972fcc02bc1f927c5a96fcc6be548bd34e,640d3b1ad5ccb0bb0752f476f0b4493c07c6426cfcda77c3f0d9332735c1cc0d,unique_exact_normalized_same_cohort_name
P6232d5a44f,2020,nbadraft_2020_fallback,nbadraft,6,60,https://www.nbadraft.net/nba-mock-drafts/,https://web.archive.org/web/20201101015440id_/https://www.nbadraft.net/nba-mock-drafts/,2020-10-19,2020-11-01T01:54:40+00:00,2020-11-18,321101752adaa99a66b04e8055eb3e972fcc02bc1f927c5a96fcc6be548bd34e,640d3b1ad5ccb0bb0752f476f0b4493c07c6426cfcda77c3f0d9332735c1cc0d,unique_exact_normalized_same_cohort_name
Pd70c9ef8df,2020,nbadraft_2020_fallback,nbadraft,7,60,https://www.nbadraft.net/nba-mock-drafts/,https://web.archive.org/web/20201101015440id_/https://www.nbadraft.net/nba-mock-drafts/,2020-10-19,2020-11-01T01:54:40+00:00,2020-11-18,321101752adaa99a66b04e8055eb3e972fcc02bc1f927c5a96fcc6be548bd34e,640d3b1ad5ccb0bb0752f476f0b4493c07c6426cfcda77c3f0d9332735c1cc0d,unique_exact_normalized_same_cohort_name
P7699b7f669,2020,nbadraft_2020_fallback,nbadraft,8,60,https://www.nbadraft.net/nba-mock-drafts/,https://web.archive.org/web/20201101015440id_/https://www.nbadraft.net/nba-mock-drafts/,2020-10-19,2020-11-01T01:54:40+00:00,2020-11-18,321101752adaa99a66b04e8055eb3e972fcc02bc1f927c5a96fcc6be548bd34e,640d3b1ad5ccb0bb0752f476f0b4493c07c6426cfcda77c3f0d9332735c1cc0d,unique_exact_normalized_same_cohort_name
Pba698d642d,2020,nbadraft_2020_fallback,nbadraft,9,60,https://www.nbadraft.net/nba-mock-drafts/,https://web.archive.org/web/20201101015440id_/https://www.nbadraft.net/nba-mock-drafts/,2020-10-19,2020-11-01T01:54:40+00:00,2020-11-18,321101752adaa99a66b04e8055eb3e972fcc02bc1f927c5a96fcc6be548bd34e,640d3b1ad5ccb0bb0752f476f0b4493c07c6426cfcda77c3f0d9332735c1cc0d,unique_exact_normalized_same_cohort_name
P272ac40c3c,2020,nbadraft_2020_fallback,nbadraft,10,60,https://www.nbadraft.net/nba-mock-drafts/,https://web.archive.org/web/20201101015440id_/https://www.nbadraft.net/nba-mock-drafts/,2020-10-19,2020-11-01T01:54:40+00:00,2020-11-18,321101752adaa99a66b04e8055eb3e972fcc02bc1f927c5a96fcc6be548bd34e,640d3b1ad5ccb0bb0752f476f0b4493c07c6426cfcda77c3f0d9332735c1cc0d,unique_exact_normalized_same_cohort_name
P1388f2fd26,2020,nbadraft_2020_fallback,nbadraft,11,60,https://www.nbadraft.net/nba-mock-drafts/,https://web.archive.org/web/20201101015440id_/https://www.nbadraft.net/nba-mock-drafts/,2020-10-19,2020-11-01T01:54:40+00:00,2020-11-18,321101752adaa99a66b04e8055eb3e972fcc02bc1f927c5a96fcc6be548bd34e,640d3b1ad5ccb0bb0752f476f0b4493c07c6426cfcda77c3f0d9332735c1cc0d,unique_exact_normalized_same_cohort_name
P289da7f9c1,2020,nbadraft_2020_fallback,nbadraft,12,60,https://www.nbadraft.net/nba-mock-drafts/,https://web.archive.org/web/20201101015440id_/https://www.nbadraft.net/nba-mock-drafts/,2020-10-19,2020-11-01T01:54:40+00:00,2020-11-18,321101752adaa99a66b04e8055eb3e972fcc02bc1f927c5a96fcc6be548bd34e,640d3b1ad5ccb0bb0752f476f0b4493c07c6426cfcda77c3f0d9332735c1cc0d,unique_exact_normalized_same_cohort_name
Pe6c9de6d86,2020,nbadraft_2020_fallback,nbadraft,13,60,https://www.nbadraft.net/nba-mock-drafts/,https://web.archive.org/web/20201101015440id_/https://www.nbadraft.net/nba-mock-drafts/,2020-10-19,2020-11-01T01:54:40+00:00,2020-11-18,321101752adaa99a66b04e8055eb3e972fcc02bc1f927c5a96fcc6be548bd34e,640d3b1ad5ccb0bb0752f476f0b4493c07c6426cfcda77c3f0d9332735c1cc0d,unique_exact_normalized_same_cohort_name
P90a7395cb0,2020,nbadraft_2020_fallback,nbadraft,14,60,https://www.nbadraft.net/nba-mock-drafts/,https://web.archive.org/web/20201101015440id_/https://www.nbadraft.net/nba-mock-drafts/,2020-10-19,2020-11-01T01:54:40+00:00,2020-11-18,321101752adaa99a66b04e8055eb3e972fcc02bc1f927c5a96fcc6be548bd34e,640d3b1ad5ccb0bb0752f476f0b4493c07c6426cfcda77c3f0d9332735c1cc0d,unique_exact_normalized_same_cohort_name
Pde7308c87b,2020,nbadraft_2020_fallback,nbadraft,16,60,https://www.nbadraft.net/nba-mock-drafts/,https://web.archive.org/web/20201101015440id_/https://www.nbadraft.net/nba-mock-drafts/,2020-10-19,2020-11-01T01:54:40+00:00,2020-11-18,321101752adaa99a66b04e8055eb3e972fcc02bc1f927c5a96fcc6be548bd34e,640d3b1ad5ccb0bb0752f476f0b4493c07c6426cfcda77c3f0d9332735c1cc0d,unique_exact_normalized_same_cohort_name
Pb7d583a85a,2020,nbadraft_2020_fallback,nbadraft,17,60,https://www.nbadraft.net/nba-mock-drafts/,https://web.archive.org/web/20201101015440id_/https://www.nbadraft.net/nba-mock-drafts/,2020-10-19,2020-11-01T01:54:40+00:00,2020-11-18,321101752adaa99a66b04e8055eb3e972fcc02bc1f927c5a96fcc6be548bd34e,640d3b1ad5ccb0bb0752f476f0b4493c07c6426cfcda77c3f0d9332735c1cc0d,unique_exact_normalized_same_cohort_name
P388cb0d5da,2020,nbadraft_2020_fallback,nbadraft,18,60,https://www.nbadraft.net/nba-mock-drafts/,https://web.archive.org/web/20201101015440id_/https://www.nbadraft.net/nba-mock-drafts/,2020-10-19,2020-11-01T01:54:40+00:00,2020-11-18,321101752adaa99a66b04e8055eb3e972fcc02bc1f927c5a96fcc6be548bd34e,640d3b1ad5ccb0bb0752f476f0b4493c07c6426cfcda77c3f0d9332735c1cc0d,unique_exact_normalized_same_cohort_name
P04526b8576,2020,nbadraft_2020_fallback,nbadraft,19,60,https://www.nbadraft.net/nba-mock-drafts/,https://web.archive.org/web/20201101015440id_/https://www.nbadraft.net/nba-mock-drafts/,2020-10-19,2020-11-01T01:54:40+00:00,2020-11-18,321101752adaa99a66b04e8055eb3e972fcc02bc1f927c5a96fcc6be548bd34e,640d3b1ad5ccb0bb0752f476f0b4493c07c6426cfcda77c3f0d9332735c1cc0d,unique_exact_normalized_same_cohort_name
Pa3fa433740,2020,nbadraft_2020_fallback,nbadraft,20,60,https://www.nbadraft.net/nba-mock-drafts/,https://web.archive.org/web/20201101015440id_/https://www.nbadraft.net/nba-mock-drafts/,2020-10-19,2020-11-01T01:54:40+00:00,2020-11-18,321101752adaa99a66b04e8055eb3e972fcc02bc1f927c5a96fcc6be548bd34e,640d3b1ad5ccb0bb0752f476f0b4493c07c6426cfcda77c3f0d9332735c1cc0d,unique_exact_normalized_same_cohort_name
Pa7dbf13041,2020,nbadraft_2020_fallback,nbadraft,21,60,https://www.nbadraft.net/nba-mock-drafts/,https://web.archive.org/web/20201101015440id_/https://www.nbadraft.net/nba-mock-drafts/,2020-10-19,2020-11-01T01:54:40+00:00,2020-11-18,321101752adaa99a66b04e8055eb3e972fcc02bc1f927c5a96fcc6be548bd34e,640d3b1ad5ccb0bb0752f476f0b4493c07c6426cfcda77c3f0d9332735c1cc0d,unique_exact_normalized_same_cohort_name
P0cd98a270c,2020,nbadraft_2020_fallback,nbadraft,22,60,https://www.nbadraft.net/nba-mock-drafts/,https://web.archive.org/web/20201101015440id_/https://www.nbadraft.net/nba-mock-drafts/,2020-10-19,2020-11-01T01:54:40+00:00,2020-11-18,321101752adaa99a66b04e8055eb3e972fcc02bc1f927c5a96fcc6be548bd34e,640d3b1ad5ccb0bb0752f476f0b4493c07c6426cfcda77c3f0d9332735c1cc0d,unique_exact_normalized_same_cohort_name
Pc2d24d5902,2020,nbadraft_2020_fallback,nbadraft,23,60,https://www.nbadraft.net/nba-mock-drafts/,https://web.archive.org/web/20201101015440id_/https://www.nbadraft.net/nba-mock-drafts/,2020-10-19,2020-11-01T01:54:40+00:00,2020-11-18,321101752adaa99a66b04e8055eb3e972fcc02bc1f927c5a96fcc6be548bd34e,640d3b1ad5ccb0bb0752f476f0b4493c07c6426cfcda77c3f0d9332735c1cc0d,unique_exact_normalized_same_cohort_name
P842bafbfda,2020,nbadraft_2020_fallback,nbadraft,24,60,https://www.nbadraft.net/nba-mock-drafts/,https://web.archive.org/web/20201101015440id_/https://www.nbadraft.net/nba-mock-drafts/,2020-10-19,2020-11-01T01:54:40+00:00,2020-11-18,321101752adaa99a66b04e8055eb3e972fcc02bc1f927c5a96fcc6be548bd34e,640d3b1ad5ccb0bb0752f476f0b4493c07c6426cfcda77c3f0d9332735c1cc0d,unique_exact_normalized_same_cohort_name
P3c885ec031,2020,nbadraft_2020_fallback,nbadraft,25,60,https://www.nbadraft.net/nba-mock-drafts/,https://web.archive.org/web/20201101015440id_/https://www.nbadraft.net/nba-mock-drafts/,2020-10-19,2020-11-01T01:54:40+00:00,2020-11-18,321101752adaa99a66b04e8055eb3e972fcc02bc1f927c5a96fcc6be548bd34e,640d3b1ad5ccb0bb0752f476f0b4493c07c6426cfcda77c3f0d9332735c1cc0d,unique_exact_normalized_same_cohort_name
P429838957d,2020,nbadraft_2020_fallback,nbadraft,26,60,https://www.nbadraft.net/nba-mock-drafts/,https://web.archive.org/web/20201101015440id_/https://www.nbadraft.net/nba-mock-drafts/,2020-10-19,2020-11-01T01:54:40+00:00,2020-11-18,321101752adaa99a66b04e8055eb3e972fcc02bc1f927c5a96fcc6be548bd34e,640d3b1ad5ccb0bb0752f476f0b4493c07c6426cfcda77c3f0d9332735c1cc0d,unique_exact_normalized_same_cohort_name
P87be528da0,2020,nbadraft_2020_fallback,nbadraft,28,60,https://www.nbadraft.net/nba-mock-drafts/,https://web.archive.org/web/20201101015440id_/https://www.nbadraft.net/nba-mock-drafts/,2020-10-19,2020-11-01T01:54:40+00:00,2020-11-18,321101752adaa99a66b04e8055eb3e972fcc02bc1f927c5a96fcc6be548bd34e,640d3b1ad5ccb0bb0752f476f0b4493c07c6426cfcda77c3f0d9332735c1cc0d,unique_exact_normalized_same_cohort_name
Pe237a28a37,2020,nbadraft_2020_fallback,nbadraft,29,60,https://www.nbadraft.net/nba-mock-drafts/,https://web.archive.org/web/20201101015440id_/https://www.nbadraft.net/nba-mock-drafts/,2020-10-19,2020-11-01T01:54:40+00:00,2020-11-18,321101752adaa99a66b04e8055eb3e972fcc02bc1f927c5a96fcc6be548bd34e,640d3b1ad5ccb0bb0752f476f0b4493c07c6426cfcda77c3f0d9332735c1cc0d,unique_exact_normalized_same_cohort_name
P076dcdb147,2020,nbadraft_2020_fallback,nbadraft,30,60,https://www.nbadraft.net/nba-mock-drafts/,https://web.archive.org/web/20201101015440id_/https://www.nbadraft.net/nba-mock-drafts/,2020-10-19,2020-11-01T01:54:40+00:00,2020-11-18,321101752adaa99a66b04e8055eb3e972fcc02bc1f927c5a96fcc6be548bd34e,640d3b1ad5ccb0bb0752f476f0b4493c07c6426cfcda77c3f0d9332735c1cc0d,unique_exact_normalized_same_cohort_name
Pe0b660d280,2020,nbadraft_2020_fallback,nbadraft,31,60,https://www.nbadraft.net/nba-mock-drafts/,https://web.archive.org/web/20201101015440id_/https://www.nbadraft.net/nba-mock-drafts/,2020-10-19,2020-11-01T01:54:40+00:00,2020-11-18,321101752adaa99a66b04e8055eb3e972fcc02bc1f927c5a96fcc6be548bd34e,640d3b1ad5ccb0bb0752f476f0b4493c07c6426cfcda77c3f0d9332735c1cc0d,unique_exact_normalized_same_cohort_name
P32d7e7e1eb,2020,nbadraft_2020_fallback,nbadraft,32,60,https://www.nbadraft.net/nba-mock-drafts/,https://web.archive.org/web/20201101015440id_/https://www.nbadraft.net/nba-mock-drafts/,2020-10-19,2020-11-01T01:54:40+00:00,2020-11-18,321101752adaa99a66b04e8055eb3e972fcc02bc1f927c5a96fcc6be548bd34e,640d3b1ad5ccb0bb0752f476f0b4493c07c6426cfcda77c3f0d9332735c1cc0d,unique_exact_normalized_same_cohort_name
Pdc083a80a9,2020,nbadraft_2020_fallback,nbadraft,33,60,https://www.nbadraft.net/nba-mock-drafts/,https://web.archive.org/web/20201101015440id_/https://www.nbadraft.net/nba-mock-drafts/,2020-10-19,2020-11-01T01:54:40+00:00,2020-11-18,321101752adaa99a66b04e8055eb3e972fcc02bc1f927c5a96fcc6be548bd34e,640d3b1ad5ccb0bb0752f476f0b4493c07c6426cfcda77c3f0d9332735c1cc0d,unique_exact_normalized_same_cohort_name
P63236d3a70,2020,nbadraft_2020_fallback,nbadraft,34,60,https://www.nbadraft.net/nba-mock-drafts/,https://web.archive.org/web/20201101015440id_/https://www.nbadraft.net/nba-mock-drafts/,2020-10-19,2020-11-01T01:54:40+00:00,2020-11-18,321101752adaa99a66b04e8055eb3e972fcc02bc1f927c5a96fcc6be548bd34e,640d3b1ad5ccb0bb0752f476f0b4493c07c6426cfcda77c3f0d9332735c1cc0d,unique_exact_normalized_same_cohort_name
P48772fff87,2020,nbadraft_2020_fallback,nbadraft,35,60,https://www.nbadraft.net/nba-mock-drafts/,https://web.archive.org/web/20201101015440id_/https://www.nbadraft.net/nba-mock-drafts/,2020-10-19,2020-11-01T01:54:40+00:00,2020-11-18,321101752adaa99a66b04e8055eb3e972fcc02bc1f927c5a96fcc6be548bd34e,640d3b1ad5ccb0bb0752f476f0b4493c07c6426cfcda77c3f0d9332735c1cc0d,unique_exact_normalized_same_cohort_name
P170284fab5,2020,nbadraft_2020_fallback,nbadraft,36,60,https://www.nbadraft.net/nba-mock-drafts/,https://web.archive.org/web/20201101015440id_/https://www.nbadraft.net/nba-mock-drafts/,2020-10-19,2020-11-01T01:54:40+00:00,2020-11-18,321101752adaa99a66b04e8055eb3e972fcc02bc1f927c5a96fcc6be548bd34e,640d3b1ad5ccb0bb0752f476f0b4493c07c6426cfcda77c3f0d9332735c1cc0d,unique_exact_normalized_same_cohort_name
P9d5ce33ec0,2020,nbadraft_2020_fallback,nbadraft,37,60,https://www.nbadraft.net/nba-mock-drafts/,https://web.archive.org/web/20201101015440id_/https://www.nbadraft.net/nba-mock-drafts/,2020-10-19,2020-11-01T01:54:40+00:00,2020-11-18,321101752adaa99a66b04e8055eb3e972fcc02bc1f927c5a96fcc6be548bd34e,640d3b1ad5ccb0bb0752f476f0b4493c07c6426cfcda77c3f0d9332735c1cc0d,unique_exact_normalized_same_cohort_name
P866e6f90bf,2020,nbadraft_2020_fallback,nbadraft,38,60,https://www.nbadraft.net/nba-mock-drafts/,https://web.archive.org/web/20201101015440id_/https://www.nbadraft.net/nba-mock-drafts/,2020-10-19,2020-11-01T01:54:40+00:00,2020-11-18,321101752adaa99a66b04e8055eb3e972fcc02bc1f927c5a96fcc6be548bd34e,640d3b1ad5ccb0bb0752f476f0b4493c07c6426cfcda77c3f0d9332735c1cc0d,unique_exact_normalized_same_cohort_name
P08bc96e9be,2020,nbadraft_2020_fallback,nbadraft,40,60,https://www.nbadraft.net/nba-mock-drafts/,https://web.archive.org/web/20201101015440id_/https://www.nbadraft.net/nba-mock-drafts/,2020-10-19,2020-11-01T01:54:40+00:00,2020-11-18,321101752adaa99a66b04e8055eb3e972fcc02bc1f927c5a96fcc6be548bd34e,640d3b1ad5ccb0bb0752f476f0b4493c07c6426cfcda77c3f0d9332735c1cc0d,unique_exact_normalized_same_cohort_name
Pb3e461d4cf,2020,nbadraft_2020_fallback,nbadraft,41,60,https://www.nbadraft.net/nba-mock-drafts/,https://web.archive.org/web/20201101015440id_/https://www.nbadraft.net/nba-mock-drafts/,2020-10-19,2020-11-01T01:54:40+00:00,2020-11-18,321101752adaa99a66b04e8055eb3e972fcc02bc1f927c5a96fcc6be548bd34e,640d3b1ad5ccb0bb0752f476f0b4493c07c6426cfcda77c3f0d9332735c1cc0d,unique_exact_normalized_same_cohort_name
P173da90181,2020,nbadraft_2020_fallback,nbadraft,42,60,https://www.nbadraft.net/nba-mock-drafts/,https://web.archive.org/web/20201101015440id_/https://www.nbadraft.net/nba-mock-drafts/,2020-10-19,2020-11-01T01:54:40+00:00,2020-11-18,321101752adaa99a66b04e8055eb3e972fcc02bc1f927c5a96fcc6be548bd34e,640d3b1ad5ccb0bb0752f476f0b4493c07c6426cfcda77c3f0d9332735c1cc0d,unique_exact_normalized_same_cohort_name
P716f6175e4,2020,nbadraft_2020_fallback,nbadraft,43,60,https://www.nbadraft.net/nba-mock-drafts/,https://web.archive.org/web/20201101015440id_/https://www.nbadraft.net/nba-mock-drafts/,2020-10-19,2020-11-01T01:54:40+00:00,2020-11-18,321101752adaa99a66b04e8055eb3e972fcc02bc1f927c5a96fcc6be548bd34e,640d3b1ad5ccb0bb0752f476f0b4493c07c6426cfcda77c3f0d9332735c1cc0d,unique_exact_normalized_same_cohort_name
P69f4c7679c,2020,nbadraft_2020_fallback,nbadraft,44,60,https://www.nbadraft.net/nba-mock-drafts/,https://web.archive.org/web/20201101015440id_/https://www.nbadraft.net/nba-mock-drafts/,2020-10-19,2020-11-01T01:54:40+00:00,2020-11-18,321101752adaa99a66b04e8055eb3e972fcc02bc1f927c5a96fcc6be548bd34e,640d3b1ad5ccb0bb0752f476f0b4493c07c6426cfcda77c3f0d9332735c1cc0d,unique_exact_normalized_same_cohort_name
Pf46613d969,2020,nbadraft_2020_fallback,nbadraft,45,60,https://www.nbadraft.net/nba-mock-drafts/,https://web.archive.org/web/20201101015440id_/https://www.nbadraft.net/nba-mock-drafts/,2020-10-19,2020-11-01T01:54:40+00:00,2020-11-18,321101752adaa99a66b04e8055eb3e972fcc02bc1f927c5a96fcc6be548bd34e,640d3b1ad5ccb0bb0752f476f0b4493c07c6426cfcda77c3f0d9332735c1cc0d,unique_exact_normalized_same_cohort_name
P80eaeaa85d,2020,nbadraft_2020_fallback,nbadraft,46,60,https://www.nbadraft.net/nba-mock-drafts/,https://web.archive.org/web/20201101015440id_/https://www.nbadraft.net/nba-mock-drafts/,2020-10-19,2020-11-01T01:54:40+00:00,2020-11-18,321101752adaa99a66b04e8055eb3e972fcc02bc1f927c5a96fcc6be548bd34e,640d3b1ad5ccb0bb0752f476f0b4493c07c6426cfcda77c3f0d9332735c1cc0d,unique_exact_normalized_same_cohort_name
Pdc49b6ecb0,2020,nbadraft_2020_fallback,nbadraft,47,60,https://www.nbadraft.net/nba-mock-drafts/,https://web.archive.org/web/20201101015440id_/https://www.nbadraft.net/nba-mock-drafts/,2020-10-19,2020-11-01T01:54:40+00:00,2020-11-18,321101752adaa99a66b04e8055eb3e972fcc02bc1f927c5a96fcc6be548bd34e,640d3b1ad5ccb0bb0752f476f0b4493c07c6426cfcda77c3f0d9332735c1cc0d,unique_exact_normalized_same_cohort_name
P34a08a87d4,2020,nbadraft_2020_fallback,nbadraft,48,60,https://www.nbadraft.net/nba-mock-drafts/,https://web.archive.org/web/20201101015440id_/https://www.nbadraft.net/nba-mock-drafts/,2020-10-19,2020-11-01T01:54:40+00:00,2020-11-18,321101752adaa99a66b04e8055eb3e972fcc02bc1f927c5a96fcc6be548bd34e,640d3b1ad5ccb0bb0752f476f0b4493c07c6426cfcda77c3f0d9332735c1cc0d,unique_exact_normalized_same_cohort_name
P9cddcdc1ad,2020,nbadraft_2020_fallback,nbadraft,49,60,https://www.nbadraft.net/nba-mock-drafts/,https://web.archive.org/web/20201101015440id_/https://www.nbadraft.net/nba-mock-drafts/,2020-10-19,2020-11-01T01:54:40+00:00,2020-11-18,321101752adaa99a66b04e8055eb3e972fcc02bc1f927c5a96fcc6be548bd34e,640d3b1ad5ccb0bb0752f476f0b4493c07c6426cfcda77c3f0d9332735c1cc0d,unique_exact_normalized_same_cohort_name
P1cf3ac09b1,2020,nbadraft_2020_fallback,nbadraft,50,60,https://www.nbadraft.net/nba-mock-drafts/,https://web.archive.org/web/20201101015440id_/https://www.nbadraft.net/nba-mock-drafts/,2020-10-19,2020-11-01T01:54:40+00:00,2020-11-18,321101752adaa99a66b04e8055eb3e972fcc02bc1f927c5a96fcc6be548bd34e,640d3b1ad5ccb0bb0752f476f0b4493c07c6426cfcda77c3f0d9332735c1cc0d,unique_exact_normalized_same_cohort_name
Pc74b3d476e,2020,nbadraft_2020_fallback,nbadraft,51,60,https://www.nbadraft.net/nba-mock-drafts/,https://web.archive.org/web/20201101015440id_/https://www.nbadraft.net/nba-mock-drafts/,2020-10-19,2020-11-01T01:54:40+00:00,2020-11-18,321101752adaa99a66b04e8055eb3e972fcc02bc1f927c5a96fcc6be548bd34e,640d3b1ad5ccb0bb0752f476f0b4493c07c6426cfcda77c3f0d9332735c1cc0d,unique_exact_normalized_same_cohort_name
Pee12c1b431,2020,nbadraft_2020_fallback,nbadraft,52,60,https://www.nbadraft.net/nba-mock-drafts/,https://web.archive.org/web/20201101015440id_/https://www.nbadraft.net/nba-mock-drafts/,2020-10-19,2020-11-01T01:54:40+00:00,2020-11-18,321101752adaa99a66b04e8055eb3e972fcc02bc1f927c5a96fcc6be548bd34e,640d3b1ad5ccb0bb0752f476f0b4493c07c6426cfcda77c3f0d9332735c1cc0d,unique_exact_normalized_same_cohort_name
P2b95cb9990,2020,nbadraft_2020_fallback,nbadraft,53,60,https://www.nbadraft.net/nba-mock-drafts/,https://web.archive.org/web/20201101015440id_/https://www.nbadraft.net/nba-mock-drafts/,2020-10-19,2020-11-01T01:54:40+00:00,2020-11-18,321101752adaa99a66b04e8055eb3e972fcc02bc1f927c5a96fcc6be548bd34e,640d3b1ad5ccb0bb0752f476f0b4493c07c6426cfcda77c3f0d9332735c1cc0d,unique_exact_normalized_same_cohort_name
Pceb9387e05,2020,nbadraft_2020_fallback,nbadraft,56,60,https://www.nbadraft.net/nba-mock-drafts/,https://web.archive.org/web/20201101015440id_/https://www.nbadraft.net/nba-mock-drafts/,2020-10-19,2020-11-01T01:54:40+00:00,2020-11-18,321101752adaa99a66b04e8055eb3e972fcc02bc1f927c5a96fcc6be548bd34e,640d3b1ad5ccb0bb0752f476f0b4493c07c6426cfcda77c3f0d9332735c1cc0d,unique_exact_normalized_same_cohort_name
P4cd6438cc3,2020,nbadraft_2020_fallback,nbadraft,57,60,https://www.nbadraft.net/nba-mock-drafts/,https://web.archive.org/web/20201101015440id_/https://www.nbadraft.net/nba-mock-drafts/,2020-10-19,2020-11-01T01:54:40+00:00,2020-11-18,321101752adaa99a66b04e8055eb3e972fcc02bc1f927c5a96fcc6be548bd34e,640d3b1ad5ccb0bb0752f476f0b4493c07c6426cfcda77c3f0d9332735c1cc0d,unique_exact_normalized_same_cohort_name
P6142a39d2b,2020,nbadraft_2020_fallback,nbadraft,59,60,https://www.nbadraft.net/nba-mock-drafts/,https://web.archive.org/web/20201101015440id_/https://www.nbadraft.net/nba-mock-drafts/,2020-10-19,2020-11-01T01:54:40+00:00,2020-11-18,321101752adaa99a66b04e8055eb3e972fcc02bc1f927c5a96fcc6be548bd34e,640d3b1ad5ccb0bb0752f476f0b4493c07c6426cfcda77c3f0d9332735c1cc0d,unique_exact_normalized_same_cohort_name
P61afdc25a4,2021,nbadraft_2021,nbadraft,1,60,https://www.nbadraft.net/nba-mock-drafts/,https://web.archive.org/web/20210722210648id_/https://www.nbadraft.net/nba-mock-drafts/,2021-07-22,2021-07-22T21:06:48+00:00,2021-07-29,94d94c106fc1cfd438dc2a5292a14e32da6173e7addb0109766c841ea19b156e,c30f65bae062e6d9a4c2c38a56111316115e0b9a55442a5595bb4bc8c082c98b,unique_exact_normalized_same_cohort_name
P64263ced9d,2021,nbadraft_2021,nbadraft,2,60,https://www.nbadraft.net/nba-mock-drafts/,https://web.archive.org/web/20210722210648id_/https://www.nbadraft.net/nba-mock-drafts/,2021-07-22,2021-07-22T21:06:48+00:00,2021-07-29,94d94c106fc1cfd438dc2a5292a14e32da6173e7addb0109766c841ea19b156e,c30f65bae062e6d9a4c2c38a56111316115e0b9a55442a5595bb4bc8c082c98b,unique_exact_normalized_same_cohort_name
Pc3e0235987,2021,nbadraft_2021,nbadraft,3,60,https://www.nbadraft.net/nba-mock-drafts/,https://web.archive.org/web/20210722210648id_/https://www.nbadraft.net/nba-mock-drafts/,2021-07-22,2021-07-22T21:06:48+00:00,2021-07-29,94d94c106fc1cfd438dc2a5292a14e32da6173e7addb0109766c841ea19b156e,c30f65bae062e6d9a4c2c38a56111316115e0b9a55442a5595bb4bc8c082c98b,unique_exact_normalized_same_cohort_name
Pc97a1282a3,2021,nbadraft_2021,nbadraft,4,60,https://www.nbadraft.net/nba-mock-drafts/,https://web.archive.org/web/20210722210648id_/https://www.nbadraft.net/nba-mock-drafts/,2021-07-22,2021-07-22T21:06:48+00:00,2021-07-29,94d94c106fc1cfd438dc2a5292a14e32da6173e7addb0109766c841ea19b156e,c30f65bae062e6d9a4c2c38a56111316115e0b9a55442a5595bb4bc8c082c98b,unique_exact_normalized_same_cohort_name
P7dcdc4ccdd,2021,nbadraft_2021,nbadraft,5,60,https://www.nbadraft.net/nba-mock-drafts/,https://web.archive.org/web/20210722210648id_/https://www.nbadraft.net/nba-mock-drafts/,2021-07-22,2021-07-22T21:06:48+00:00,2021-07-29,94d94c106fc1cfd438dc2a5292a14e32da6173e7addb0109766c841ea19b156e,c30f65bae062e6d9a4c2c38a56111316115e0b9a55442a5595bb4bc8c082c98b,unique_exact_normalized_same_cohort_name
P45a39b68c1,2021,nbadraft_2021,nbadraft,6,60,https://www.nbadraft.net/nba-mock-drafts/,https://web.archive.org/web/20210722210648id_/https://www.nbadraft.net/nba-mock-drafts/,2021-07-22,2021-07-22T21:06:48+00:00,2021-07-29,94d94c106fc1cfd438dc2a5292a14e32da6173e7addb0109766c841ea19b156e,c30f65bae062e6d9a4c2c38a56111316115e0b9a55442a5595bb4bc8c082c98b,unique_exact_normalized_same_cohort_name
Pa090759337,2021,nbadraft_2021,nbadraft,7,60,https://www.nbadraft.net/nba-mock-drafts/,https://web.archive.org/web/20210722210648id_/https://www.nbadraft.net/nba-mock-drafts/,2021-07-22,2021-07-22T21:06:48+00:00,2021-07-29,94d94c106fc1cfd438dc2a5292a14e32da6173e7addb0109766c841ea19b156e,c30f65bae062e6d9a4c2c38a56111316115e0b9a55442a5595bb4bc8c082c98b,unique_exact_normalized_same_cohort_name
P721d8fa8f9,2021,nbadraft_2021,nbadraft,8,60,https://www.nbadraft.net/nba-mock-drafts/,https://web.archive.org/web/20210722210648id_/https://www.nbadraft.net/nba-mock-drafts/,2021-07-22,2021-07-22T21:06:48+00:00,2021-07-29,94d94c106fc1cfd438dc2a5292a14e32da6173e7addb0109766c841ea19b156e,c30f65bae062e6d9a4c2c38a56111316115e0b9a55442a5595bb4bc8c082c98b,unique_exact_normalized_same_cohort_name
Pb2632428b5,2021,nbadraft_2021,nbadraft,9,60,https://www.nbadraft.net/nba-mock-drafts/,https://web.archive.org/web/20210722210648id_/https://www.nbadraft.net/nba-mock-drafts/,2021-07-22,2021-07-22T21:06:48+00:00,2021-07-29,94d94c106fc1cfd438dc2a5292a14e32da6173e7addb0109766c841ea19b156e,c30f65bae062e6d9a4c2c38a56111316115e0b9a55442a5595bb4bc8c082c98b,unique_exact_normalized_same_cohort_name
P392363bcf2,2021,nbadraft_2021,nbadraft,10,60,https://www.nbadraft.net/nba-mock-drafts/,https://web.archive.org/web/20210722210648id_/https://www.nbadraft.net/nba-mock-drafts/,2021-07-22,2021-07-22T21:06:48+00:00,2021-07-29,94d94c106fc1cfd438dc2a5292a14e32da6173e7addb0109766c841ea19b156e,c30f65bae062e6d9a4c2c38a56111316115e0b9a55442a5595bb4bc8c082c98b,unique_exact_normalized_same_cohort_name
P69549f38f2,2021,nbadraft_2021,nbadraft,11,60,https://www.nbadraft.net/nba-mock-drafts/,https://web.archive.org/web/20210722210648id_/https://www.nbadraft.net/nba-mock-drafts/,2021-07-22,2021-07-22T21:06:48+00:00,2021-07-29,94d94c106fc1cfd438dc2a5292a14e32da6173e7addb0109766c841ea19b156e,c30f65bae062e6d9a4c2c38a56111316115e0b9a55442a5595bb4bc8c082c98b,unique_exact_normalized_same_cohort_name
P854a3a23a2,2021,nbadraft_2021,nbadraft,12,60,https://www.nbadraft.net/nba-mock-drafts/,https://web.archive.org/web/20210722210648id_/https://www.nbadraft.net/nba-mock-drafts/,2021-07-22,2021-07-22T21:06:48+00:00,2021-07-29,94d94c106fc1cfd438dc2a5292a14e32da6173e7addb0109766c841ea19b156e,c30f65bae062e6d9a4c2c38a56111316115e0b9a55442a5595bb4bc8c082c98b,unique_exact_normalized_same_cohort_name
P2c8aa67899,2021,nbadraft_2021,nbadraft,13,60,https://www.nbadraft.net/nba-mock-drafts/,https://web.archive.org/web/20210722210648id_/https://www.nbadraft.net/nba-mock-drafts/,2021-07-22,2021-07-22T21:06:48+00:00,2021-07-29,94d94c106fc1cfd438dc2a5292a14e32da6173e7addb0109766c841ea19b156e,c30f65bae062e6d9a4c2c38a56111316115e0b9a55442a5595bb4bc8c082c98b,unique_exact_normalized_same_cohort_name
P9e82692a6d,2021,nbadraft_2021,nbadraft,14,60,https://www.nbadraft.net/nba-mock-drafts/,https://web.archive.org/web/20210722210648id_/https://www.nbadraft.net/nba-mock-drafts/,2021-07-22,2021-07-22T21:06:48+00:00,2021-07-29,94d94c106fc1cfd438dc2a5292a14e32da6173e7addb0109766c841ea19b156e,c30f65bae062e6d9a4c2c38a56111316115e0b9a55442a5595bb4bc8c082c98b,unique_exact_normalized_same_cohort_name
P05f9ca4653,2021,nbadraft_2021,nbadraft,15,60,https://www.nbadraft.net/nba-mock-drafts/,https://web.archive.org/web/20210722210648id_/https://www.nbadraft.net/nba-mock-drafts/,2021-07-22,2021-07-22T21:06:48+00:00,2021-07-29,94d94c106fc1cfd438dc2a5292a14e32da6173e7addb0109766c841ea19b156e,c30f65bae062e6d9a4c2c38a56111316115e0b9a55442a5595bb4bc8c082c98b,unique_exact_normalized_same_cohort_name
P0057628fa2,2021,nbadraft_2021,nbadraft,17,60,https://www.nbadraft.net/nba-mock-drafts/,https://web.archive.org/web/20210722210648id_/https://www.nbadraft.net/nba-mock-drafts/,2021-07-22,2021-07-22T21:06:48+00:00,2021-07-29,94d94c106fc1cfd438dc2a5292a14e32da6173e7addb0109766c841ea19b156e,c30f65bae062e6d9a4c2c38a56111316115e0b9a55442a5595bb4bc8c082c98b,unique_exact_normalized_same_cohort_name
Pa0882490f6,2021,nbadraft_2021,nbadraft,18,60,https://www.nbadraft.net/nba-mock-drafts/,https://web.archive.org/web/20210722210648id_/https://www.nbadraft.net/nba-mock-drafts/,2021-07-22,2021-07-22T21:06:48+00:00,2021-07-29,94d94c106fc1cfd438dc2a5292a14e32da6173e7addb0109766c841ea19b156e,c30f65bae062e6d9a4c2c38a56111316115e0b9a55442a5595bb4bc8c082c98b,unique_exact_normalized_same_cohort_name
P606c98790a,2021,nbadraft_2021,nbadraft,19,60,https://www.nbadraft.net/nba-mock-drafts/,https://web.archive.org/web/20210722210648id_/https://www.nbadraft.net/nba-mock-drafts/,2021-07-22,2021-07-22T21:06:48+00:00,2021-07-29,94d94c106fc1cfd438dc2a5292a14e32da6173e7addb0109766c841ea19b156e,c30f65bae062e6d9a4c2c38a56111316115e0b9a55442a5595bb4bc8c082c98b,unique_exact_normalized_same_cohort_name
Pf0fd005549,2021,nbadraft_2021,nbadraft,20,60,https://www.nbadraft.net/nba-mock-drafts/,https://web.archive.org/web/20210722210648id_/https://www.nbadraft.net/nba-mock-drafts/,2021-07-22,2021-07-22T21:06:48+00:00,2021-07-29,94d94c106fc1cfd438dc2a5292a14e32da6173e7addb0109766c841ea19b156e,c30f65bae062e6d9a4c2c38a56111316115e0b9a55442a5595bb4bc8c082c98b,unique_exact_normalized_same_cohort_name
P87ada0d006,2021,nbadraft_2021,nbadraft,21,60,https://www.nbadraft.net/nba-mock-drafts/,https://web.archive.org/web/20210722210648id_/https://www.nbadraft.net/nba-mock-drafts/,2021-07-22,2021-07-22T21:06:48+00:00,2021-07-29,94d94c106fc1cfd438dc2a5292a14e32da6173e7addb0109766c841ea19b156e,c30f65bae062e6d9a4c2c38a56111316115e0b9a55442a5595bb4bc8c082c98b,unique_exact_normalized_same_cohort_name
Pf6213e9937,2021,nbadraft_2021,nbadraft,22,60,https://www.nbadraft.net/nba-mock-drafts/,https://web.archive.org/web/20210722210648id_/https://www.nbadraft.net/nba-mock-drafts/,2021-07-22,2021-07-22T21:06:48+00:00,2021-07-29,94d94c106fc1cfd438dc2a5292a14e32da6173e7addb0109766c841ea19b156e,c30f65bae062e6d9a4c2c38a56111316115e0b9a55442a5595bb4bc8c082c98b,unique_exact_normalized_same_cohort_name
Pb3cfb2c388,2021,nbadraft_2021,nbadraft,23,60,https://www.nbadraft.net/nba-mock-drafts/,https://web.archive.org/web/20210722210648id_/https://www.nbadraft.net/nba-mock-drafts/,2021-07-22,2021-07-22T21:06:48+00:00,2021-07-29,94d94c106fc1cfd438dc2a5292a14e32da6173e7addb0109766c841ea19b156e,c30f65bae062e6d9a4c2c38a56111316115e0b9a55442a5595bb4bc8c082c98b,unique_exact_normalized_same_cohort_name
P4e35bd6add,2021,nbadraft_2021,nbadraft,25,60,https://www.nbadraft.net/nba-mock-drafts/,https://web.archive.org/web/20210722210648id_/https://www.nbadraft.net/nba-mock-drafts/,2021-07-22,2021-07-22T21:06:48+00:00,2021-07-29,94d94c106fc1cfd438dc2a5292a14e32da6173e7addb0109766c841ea19b156e,c30f65bae062e6d9a4c2c38a56111316115e0b9a55442a5595bb4bc8c082c98b,unique_exact_normalized_same_cohort_name
P90b2305671,2021,nbadraft_2021,nbadraft,27,60,https://www.nbadraft.net/nba-mock-drafts/,https://web.archive.org/web/20210722210648id_/https://www.nbadraft.net/nba-mock-drafts/,2021-07-22,2021-07-22T21:06:48+00:00,2021-07-29,94d94c106fc1cfd438dc2a5292a14e32da6173e7addb0109766c841ea19b156e,c30f65bae062e6d9a4c2c38a56111316115e0b9a55442a5595bb4bc8c082c98b,unique_exact_normalized_same_cohort_name
Pfce02776de,2021,nbadraft_2021,nbadraft,28,60,https://www.nbadraft.net/nba-mock-drafts/,https://web.archive.org/web/20210722210648id_/https://www.nbadraft.net/nba-mock-drafts/,2021-07-22,2021-07-22T21:06:48+00:00,2021-07-29,94d94c106fc1cfd438dc2a5292a14e32da6173e7addb0109766c841ea19b156e,c30f65bae062e6d9a4c2c38a56111316115e0b9a55442a5595bb4bc8c082c98b,unique_exact_normalized_same_cohort_name
P82dc635a40,2021,nbadraft_2021,nbadraft,29,60,https://www.nbadraft.net/nba-mock-drafts/,https://web.archive.org/web/20210722210648id_/https://www.nbadraft.net/nba-mock-drafts/,2021-07-22,2021-07-22T21:06:48+00:00,2021-07-29,94d94c106fc1cfd438dc2a5292a14e32da6173e7addb0109766c841ea19b156e,c30f65bae062e6d9a4c2c38a56111316115e0b9a55442a5595bb4bc8c082c98b,unique_exact_normalized_same_cohort_name
P9badd97dfe,2021,nbadraft_2021,nbadraft,30,60,https://www.nbadraft.net/nba-mock-drafts/,https://web.archive.org/web/20210722210648id_/https://www.nbadraft.net/nba-mock-drafts/,2021-07-22,2021-07-22T21:06:48+00:00,2021-07-29,94d94c106fc1cfd438dc2a5292a14e32da6173e7addb0109766c841ea19b156e,c30f65bae062e6d9a4c2c38a56111316115e0b9a55442a5595bb4bc8c082c98b,unique_exact_normalized_same_cohort_name
Pb1d56c9c96,2021,nbadraft_2021,nbadraft,31,60,https://www.nbadraft.net/nba-mock-drafts/,https://web.archive.org/web/20210722210648id_/https://www.nbadraft.net/nba-mock-drafts/,2021-07-22,2021-07-22T21:06:48+00:00,2021-07-29,94d94c106fc1cfd438dc2a5292a14e32da6173e7addb0109766c841ea19b156e,c30f65bae062e6d9a4c2c38a56111316115e0b9a55442a5595bb4bc8c082c98b,unique_exact_normalized_same_cohort_name
P9fd480084b,2021,nbadraft_2021,nbadraft,32,60,https://www.nbadraft.net/nba-mock-drafts/,https://web.archive.org/web/20210722210648id_/https://www.nbadraft.net/nba-mock-drafts/,2021-07-22,2021-07-22T21:06:48+00:00,2021-07-29,94d94c106fc1cfd438dc2a5292a14e32da6173e7addb0109766c841ea19b156e,c30f65bae062e6d9a4c2c38a56111316115e0b9a55442a5595bb4bc8c082c98b,unique_exact_normalized_same_cohort_name
P4110110f37,2021,nbadraft_2021,nbadraft,33,60,https://www.nbadraft.net/nba-mock-drafts/,https://web.archive.org/web/20210722210648id_/https://www.nbadraft.net/nba-mock-drafts/,2021-07-22,2021-07-22T21:06:48+00:00,2021-07-29,94d94c106fc1cfd438dc2a5292a14e32da6173e7addb0109766c841ea19b156e,c30f65bae062e6d9a4c2c38a56111316115e0b9a55442a5595bb4bc8c082c98b,unique_exact_normalized_same_cohort_name
P0326e23b0d,2021,nbadraft_2021,nbadraft,34,60,https://www.nbadraft.net/nba-mock-drafts/,https://web.archive.org/web/20210722210648id_/https://www.nbadraft.net/nba-mock-drafts/,2021-07-22,2021-07-22T21:06:48+00:00,2021-07-29,94d94c106fc1cfd438dc2a5292a14e32da6173e7addb0109766c841ea19b156e,c30f65bae062e6d9a4c2c38a56111316115e0b9a55442a5595bb4bc8c082c98b,unique_exact_normalized_same_cohort_name
P1e1b55c58c,2021,nbadraft_2021,nbadraft,35,60,https://www.nbadraft.net/nba-mock-drafts/,https://web.archive.org/web/20210722210648id_/https://www.nbadraft.net/nba-mock-drafts/,2021-07-22,2021-07-22T21:06:48+00:00,2021-07-29,94d94c106fc1cfd438dc2a5292a14e32da6173e7addb0109766c841ea19b156e,c30f65bae062e6d9a4c2c38a56111316115e0b9a55442a5595bb4bc8c082c98b,unique_exact_normalized_same_cohort_name
Pac178f1473,2021,nbadraft_2021,nbadraft,36,60,https://www.nbadraft.net/nba-mock-drafts/,https://web.archive.org/web/20210722210648id_/https://www.nbadraft.net/nba-mock-drafts/,2021-07-22,2021-07-22T21:06:48+00:00,2021-07-29,94d94c106fc1cfd438dc2a5292a14e32da6173e7addb0109766c841ea19b156e,c30f65bae062e6d9a4c2c38a56111316115e0b9a55442a5595bb4bc8c082c98b,unique_exact_normalized_same_cohort_name
Pc131e1ee6f,2021,nbadraft_2021,nbadraft,39,60,https://www.nbadraft.net/nba-mock-drafts/,https://web.archive.org/web/20210722210648id_/https://www.nbadraft.net/nba-mock-drafts/,2021-07-22,2021-07-22T21:06:48+00:00,2021-07-29,94d94c106fc1cfd438dc2a5292a14e32da6173e7addb0109766c841ea19b156e,c30f65bae062e6d9a4c2c38a56111316115e0b9a55442a5595bb4bc8c082c98b,unique_exact_normalized_same_cohort_name
Pc624860c4a,2021,nbadraft_2021,nbadraft,40,60,https://www.nbadraft.net/nba-mock-drafts/,https://web.archive.org/web/20210722210648id_/https://www.nbadraft.net/nba-mock-drafts/,2021-07-22,2021-07-22T21:06:48+00:00,2021-07-29,94d94c106fc1cfd438dc2a5292a14e32da6173e7addb0109766c841ea19b156e,c30f65bae062e6d9a4c2c38a56111316115e0b9a55442a5595bb4bc8c082c98b,unique_exact_normalized_same_cohort_name
P21372aaded,2021,nbadraft_2021,nbadraft,41,60,https://www.nbadraft.net/nba-mock-drafts/,https://web.archive.org/web/20210722210648id_/https://www.nbadraft.net/nba-mock-drafts/,2021-07-22,2021-07-22T21:06:48+00:00,2021-07-29,94d94c106fc1cfd438dc2a5292a14e32da6173e7addb0109766c841ea19b156e,c30f65bae062e6d9a4c2c38a56111316115e0b9a55442a5595bb4bc8c082c98b,unique_exact_normalized_same_cohort_name
Pba95727095,2021,nbadraft_2021,nbadraft,42,60,https://www.nbadraft.net/nba-mock-drafts/,https://web.archive.org/web/20210722210648id_/https://www.nbadraft.net/nba-mock-drafts/,2021-07-22,2021-07-22T21:06:48+00:00,2021-07-29,94d94c106fc1cfd438dc2a5292a14e32da6173e7addb0109766c841ea19b156e,c30f65bae062e6d9a4c2c38a56111316115e0b9a55442a5595bb4bc8c082c98b,unique_exact_normalized_same_cohort_name
P152905cef4,2021,nbadraft_2021,nbadraft,45,60,https://www.nbadraft.net/nba-mock-drafts/,https://web.archive.org/web/20210722210648id_/https://www.nbadraft.net/nba-mock-drafts/,2021-07-22,2021-07-22T21:06:48+00:00,2021-07-29,94d94c106fc1cfd438dc2a5292a14e32da6173e7addb0109766c841ea19b156e,c30f65bae062e6d9a4c2c38a56111316115e0b9a55442a5595bb4bc8c082c98b,unique_exact_normalized_same_cohort_name
P30aaba02d5,2021,nbadraft_2021,nbadraft,46,60,https://www.nbadraft.net/nba-mock-drafts/,https://web.archive.org/web/20210722210648id_/https://www.nbadraft.net/nba-mock-drafts/,2021-07-22,2021-07-22T21:06:48+00:00,2021-07-29,94d94c106fc1cfd438dc2a5292a14e32da6173e7addb0109766c841ea19b156e,c30f65bae062e6d9a4c2c38a56111316115e0b9a55442a5595bb4bc8c082c98b,unique_exact_normalized_same_cohort_name
Pbfadf35dca,2021,nbadraft_2021,nbadraft,48,60,https://www.nbadraft.net/nba-mock-drafts/,https://web.archive.org/web/20210722210648id_/https://www.nbadraft.net/nba-mock-drafts/,2021-07-22,2021-07-22T21:06:48+00:00,2021-07-29,94d94c106fc1cfd438dc2a5292a14e32da6173e7addb0109766c841ea19b156e,c30f65bae062e6d9a4c2c38a56111316115e0b9a55442a5595bb4bc8c082c98b,unique_exact_normalized_same_cohort_name
Pe225c37146,2021,nbadraft_2021,nbadraft,49,60,https://www.nbadraft.net/nba-mock-drafts/,https://web.archive.org/web/20210722210648id_/https://www.nbadraft.net/nba-mock-drafts/,2021-07-22,2021-07-22T21:06:48+00:00,2021-07-29,94d94c106fc1cfd438dc2a5292a14e32da6173e7addb0109766c841ea19b156e,c30f65bae062e6d9a4c2c38a56111316115e0b9a55442a5595bb4bc8c082c98b,unique_exact_normalized_same_cohort_name
Pe728a39ea0,2021,nbadraft_2021,nbadraft,51,60,https://www.nbadraft.net/nba-mock-drafts/,https://web.archive.org/web/20210722210648id_/https://www.nbadraft.net/nba-mock-drafts/,2021-07-22,2021-07-22T21:06:48+00:00,2021-07-29,94d94c106fc1cfd438dc2a5292a14e32da6173e7addb0109766c841ea19b156e,c30f65bae062e6d9a4c2c38a56111316115e0b9a55442a5595bb4bc8c082c98b,unique_exact_normalized_same_cohort_name
P3364db28a5,2021,nbadraft_2021,nbadraft,52,60,https://www.nbadraft.net/nba-mock-drafts/,https://web.archive.org/web/20210722210648id_/https://www.nbadraft.net/nba-mock-drafts/,2021-07-22,2021-07-22T21:06:48+00:00,2021-07-29,94d94c106fc1cfd438dc2a5292a14e32da6173e7addb0109766c841ea19b156e,c30f65bae062e6d9a4c2c38a56111316115e0b9a55442a5595bb4bc8c082c98b,unique_exact_normalized_same_cohort_name
P90932c4b0a,2021,nbadraft_2021,nbadraft,54,60,https://www.nbadraft.net/nba-mock-drafts/,https://web.archive.org/web/20210722210648id_/https://www.nbadraft.net/nba-mock-drafts/,2021-07-22,2021-07-22T21:06:48+00:00,2021-07-29,94d94c106fc1cfd438dc2a5292a14e32da6173e7addb0109766c841ea19b156e,c30f65bae062e6d9a4c2c38a56111316115e0b9a55442a5595bb4bc8c082c98b,unique_exact_normalized_same_cohort_name
P71399e9935,2021,nbadraft_2021,nbadraft,59,60,https://www.nbadraft.net/nba-mock-drafts/,https://web.archive.org/web/20210722210648id_/https://www.nbadraft.net/nba-mock-drafts/,2021-07-22,2021-07-22T21:06:48+00:00,2021-07-29,94d94c106fc1cfd438dc2a5292a14e32da6173e7addb0109766c841ea19b156e,c30f65bae062e6d9a4c2c38a56111316115e0b9a55442a5595bb4bc8c082c98b,unique_exact_normalized_same_cohort_name
Pcf11d56327,2021,nbadraft_2021,nbadraft,60,60,https://www.nbadraft.net/nba-mock-drafts/,https://web.archive.org/web/20210722210648id_/https://www.nbadraft.net/nba-mock-drafts/,2021-07-22,2021-07-22T21:06:48+00:00,2021-07-29,94d94c106fc1cfd438dc2a5292a14e32da6173e7addb0109766c841ea19b156e,c30f65bae062e6d9a4c2c38a56111316115e0b9a55442a5595bb4bc8c082c98b,unique_exact_normalized_same_cohort_name
Pbfdaa31fd0,2022,nbadraft_2022,nbadraft,2,60,https://www.nbadraft.net/nba-mock-drafts/,https://web.archive.org/web/20220622150918id_/https://www.nbadraft.net/nba-mock-drafts/,2022-06-22,2022-06-22T15:09:18+00:00,2022-06-23,3630b00e3feea0db99dcce779fefcc2583be2b8813e841a96649d7b9f0fa4444,a46cc63a99c2de1b4663b8d8c7331ad05e79269eb2c35da538abaf0dc6cdf5a6,unique_exact_normalized_same_cohort_name
Pfa7a6f2536,2022,nbadraft_2022,nbadraft,3,60,https://www.nbadraft.net/nba-mock-drafts/,https://web.archive.org/web/20220622150918id_/https://www.nbadraft.net/nba-mock-drafts/,2022-06-22,2022-06-22T15:09:18+00:00,2022-06-23,3630b00e3feea0db99dcce779fefcc2583be2b8813e841a96649d7b9f0fa4444,a46cc63a99c2de1b4663b8d8c7331ad05e79269eb2c35da538abaf0dc6cdf5a6,unique_exact_normalized_same_cohort_name
P16b88a2183,2022,nbadraft_2022,nbadraft,4,60,https://www.nbadraft.net/nba-mock-drafts/,https://web.archive.org/web/20220622150918id_/https://www.nbadraft.net/nba-mock-drafts/,2022-06-22,2022-06-22T15:09:18+00:00,2022-06-23,3630b00e3feea0db99dcce779fefcc2583be2b8813e841a96649d7b9f0fa4444,a46cc63a99c2de1b4663b8d8c7331ad05e79269eb2c35da538abaf0dc6cdf5a6,unique_exact_normalized_same_cohort_name
P86df290cda,2022,nbadraft_2022,nbadraft,5,60,https://www.nbadraft.net/nba-mock-drafts/,https://web.archive.org/web/20220622150918id_/https://www.nbadraft.net/nba-mock-drafts/,2022-06-22,2022-06-22T15:09:18+00:00,2022-06-23,3630b00e3feea0db99dcce779fefcc2583be2b8813e841a96649d7b9f0fa4444,a46cc63a99c2de1b4663b8d8c7331ad05e79269eb2c35da538abaf0dc6cdf5a6,unique_exact_normalized_same_cohort_name
Pce7c8a9da0,2022,nbadraft_2022,nbadraft,6,60,https://www.nbadraft.net/nba-mock-drafts/,https://web.archive.org/web/20220622150918id_/https://www.nbadraft.net/nba-mock-drafts/,2022-06-22,2022-06-22T15:09:18+00:00,2022-06-23,3630b00e3feea0db99dcce779fefcc2583be2b8813e841a96649d7b9f0fa4444,a46cc63a99c2de1b4663b8d8c7331ad05e79269eb2c35da538abaf0dc6cdf5a6,unique_exact_normalized_same_cohort_name
P919e355315,2022,nbadraft_2022,nbadraft,7,60,https://www.nbadraft.net/nba-mock-drafts/,https://web.archive.org/web/20220622150918id_/https://www.nbadraft.net/nba-mock-drafts/,2022-06-22,2022-06-22T15:09:18+00:00,2022-06-23,3630b00e3feea0db99dcce779fefcc2583be2b8813e841a96649d7b9f0fa4444,a46cc63a99c2de1b4663b8d8c7331ad05e79269eb2c35da538abaf0dc6cdf5a6,unique_exact_normalized_same_cohort_name
P7d4b1d6e8f,2022,nbadraft_2022,nbadraft,8,60,https://www.nbadraft.net/nba-mock-drafts/,https://web.archive.org/web/20220622150918id_/https://www.nbadraft.net/nba-mock-drafts/,2022-06-22,2022-06-22T15:09:18+00:00,2022-06-23,3630b00e3feea0db99dcce779fefcc2583be2b8813e841a96649d7b9f0fa4444,a46cc63a99c2de1b4663b8d8c7331ad05e79269eb2c35da538abaf0dc6cdf5a6,unique_exact_normalized_same_cohort_name
Pab39ee5462,2022,nbadraft_2022,nbadraft,9,60,https://www.nbadraft.net/nba-mock-drafts/,https://web.archive.org/web/20220622150918id_/https://www.nbadraft.net/nba-mock-drafts/,2022-06-22,2022-06-22T15:09:18+00:00,2022-06-23,3630b00e3feea0db99dcce779fefcc2583be2b8813e841a96649d7b9f0fa4444,a46cc63a99c2de1b4663b8d8c7331ad05e79269eb2c35da538abaf0dc6cdf5a6,unique_exact_normalized_same_cohort_name
P3a5b76349f,2022,nbadraft_2022,nbadraft,10,60,https://www.nbadraft.net/nba-mock-drafts/,https://web.archive.org/web/20220622150918id_/https://www.nbadraft.net/nba-mock-drafts/,2022-06-22,2022-06-22T15:09:18+00:00,2022-06-23,3630b00e3feea0db99dcce779fefcc2583be2b8813e841a96649d7b9f0fa4444,a46cc63a99c2de1b4663b8d8c7331ad05e79269eb2c35da538abaf0dc6cdf5a6,unique_exact_normalized_same_cohort_name
Pa95793f720,2022,nbadraft_2022,nbadraft,11,60,https://www.nbadraft.net/nba-mock-drafts/,https://web.archive.org/web/20220622150918id_/https://www.nbadraft.net/nba-mock-drafts/,2022-06-22,2022-06-22T15:09:18+00:00,2022-06-23,3630b00e3feea0db99dcce779fefcc2583be2b8813e841a96649d7b9f0fa4444,a46cc63a99c2de1b4663b8d8c7331ad05e79269eb2c35da538abaf0dc6cdf5a6,unique_exact_normalized_same_cohort_name
Pe3c0fc5a9e,2022,nbadraft_2022,nbadraft,12,60,https://www.nbadraft.net/nba-mock-drafts/,https://web.archive.org/web/20220622150918id_/https://www.nbadraft.net/nba-mock-drafts/,2022-06-22,2022-06-22T15:09:18+00:00,2022-06-23,3630b00e3feea0db99dcce779fefcc2583be2b8813e841a96649d7b9f0fa4444,a46cc63a99c2de1b4663b8d8c7331ad05e79269eb2c35da538abaf0dc6cdf5a6,unique_exact_normalized_same_cohort_name
P3a3a5bbbef,2022,nbadraft_2022,nbadraft,13,60,https://www.nbadraft.net/nba-mock-drafts/,https://web.archive.org/web/20220622150918id_/https://www.nbadraft.net/nba-mock-drafts/,2022-06-22,2022-06-22T15:09:18+00:00,2022-06-23,3630b00e3feea0db99dcce779fefcc2583be2b8813e841a96649d7b9f0fa4444,a46cc63a99c2de1b4663b8d8c7331ad05e79269eb2c35da538abaf0dc6cdf5a6,unique_exact_normalized_same_cohort_name
Pae46fa4aa5,2022,nbadraft_2022,nbadraft,14,60,https://www.nbadraft.net/nba-mock-drafts/,https://web.archive.org/web/20220622150918id_/https://www.nbadraft.net/nba-mock-drafts/,2022-06-22,2022-06-22T15:09:18+00:00,2022-06-23,3630b00e3feea0db99dcce779fefcc2583be2b8813e841a96649d7b9f0fa4444,a46cc63a99c2de1b4663b8d8c7331ad05e79269eb2c35da538abaf0dc6cdf5a6,unique_exact_normalized_same_cohort_name
P14882ceff6,2022,nbadraft_2022,nbadraft,15,60,https://www.nbadraft.net/nba-mock-drafts/,https://web.archive.org/web/20220622150918id_/https://www.nbadraft.net/nba-mock-drafts/,2022-06-22,2022-06-22T15:09:18+00:00,2022-06-23,3630b00e3feea0db99dcce779fefcc2583be2b8813e841a96649d7b9f0fa4444,a46cc63a99c2de1b4663b8d8c7331ad05e79269eb2c35da538abaf0dc6cdf5a6,unique_exact_normalized_same_cohort_name
P5cba6e4b4b,2022,nbadraft_2022,nbadraft,16,60,https://www.nbadraft.net/nba-mock-drafts/,https://web.archive.org/web/20220622150918id_/https://www.nbadraft.net/nba-mock-drafts/,2022-06-22,2022-06-22T15:09:18+00:00,2022-06-23,3630b00e3feea0db99dcce779fefcc2583be2b8813e841a96649d7b9f0fa4444,a46cc63a99c2de1b4663b8d8c7331ad05e79269eb2c35da538abaf0dc6cdf5a6,unique_exact_normalized_same_cohort_name
P9d848af991,2022,nbadraft_2022,nbadraft,18,60,https://www.nbadraft.net/nba-mock-drafts/,https://web.archive.org/web/20220622150918id_/https://www.nbadraft.net/nba-mock-drafts/,2022-06-22,2022-06-22T15:09:18+00:00,2022-06-23,3630b00e3feea0db99dcce779fefcc2583be2b8813e841a96649d7b9f0fa4444,a46cc63a99c2de1b4663b8d8c7331ad05e79269eb2c35da538abaf0dc6cdf5a6,unique_exact_normalized_same_cohort_name
P4b5f95e771,2022,nbadraft_2022,nbadraft,19,60,https://www.nbadraft.net/nba-mock-drafts/,https://web.archive.org/web/20220622150918id_/https://www.nbadraft.net/nba-mock-drafts/,2022-06-22,2022-06-22T15:09:18+00:00,2022-06-23,3630b00e3feea0db99dcce779fefcc2583be2b8813e841a96649d7b9f0fa4444,a46cc63a99c2de1b4663b8d8c7331ad05e79269eb2c35da538abaf0dc6cdf5a6,unique_exact_normalized_same_cohort_name
Pa89859be17,2022,nbadraft_2022,nbadraft,20,60,https://www.nbadraft.net/nba-mock-drafts/,https://web.archive.org/web/20220622150918id_/https://www.nbadraft.net/nba-mock-drafts/,2022-06-22,2022-06-22T15:09:18+00:00,2022-06-23,3630b00e3feea0db99dcce779fefcc2583be2b8813e841a96649d7b9f0fa4444,a46cc63a99c2de1b4663b8d8c7331ad05e79269eb2c35da538abaf0dc6cdf5a6,unique_exact_normalized_same_cohort_name
P20596267f7,2022,nbadraft_2022,nbadraft,21,60,https://www.nbadraft.net/nba-mock-drafts/,https://web.archive.org/web/20220622150918id_/https://www.nbadraft.net/nba-mock-drafts/,2022-06-22,2022-06-22T15:09:18+00:00,2022-06-23,3630b00e3feea0db99dcce779fefcc2583be2b8813e841a96649d7b9f0fa4444,a46cc63a99c2de1b4663b8d8c7331ad05e79269eb2c35da538abaf0dc6cdf5a6,unique_exact_normalized_same_cohort_name
P8c8d5105c2,2022,nbadraft_2022,nbadraft,22,60,https://www.nbadraft.net/nba-mock-drafts/,https://web.archive.org/web/20220622150918id_/https://www.nbadraft.net/nba-mock-drafts/,2022-06-22,2022-06-22T15:09:18+00:00,2022-06-23,3630b00e3feea0db99dcce779fefcc2583be2b8813e841a96649d7b9f0fa4444,a46cc63a99c2de1b4663b8d8c7331ad05e79269eb2c35da538abaf0dc6cdf5a6,unique_exact_normalized_same_cohort_name
P1191691c20,2022,nbadraft_2022,nbadraft,23,60,https://www.nbadraft.net/nba-mock-drafts/,https://web.archive.org/web/20220622150918id_/https://www.nbadraft.net/nba-mock-drafts/,2022-06-22,2022-06-22T15:09:18+00:00,2022-06-23,3630b00e3feea0db99dcce779fefcc2583be2b8813e841a96649d7b9f0fa4444,a46cc63a99c2de1b4663b8d8c7331ad05e79269eb2c35da538abaf0dc6cdf5a6,unique_exact_normalized_same_cohort_name
Pe22f69b7a0,2022,nbadraft_2022,nbadraft,24,60,https://www.nbadraft.net/nba-mock-drafts/,https://web.archive.org/web/20220622150918id_/https://www.nbadraft.net/nba-mock-drafts/,2022-06-22,2022-06-22T15:09:18+00:00,2022-06-23,3630b00e3feea0db99dcce779fefcc2583be2b8813e841a96649d7b9f0fa4444,a46cc63a99c2de1b4663b8d8c7331ad05e79269eb2c35da538abaf0dc6cdf5a6,unique_exact_normalized_same_cohort_name
Pa5128e8532,2022,nbadraft_2022,nbadraft,25,60,https://www.nbadraft.net/nba-mock-drafts/,https://web.archive.org/web/20220622150918id_/https://www.nbadraft.net/nba-mock-drafts/,2022-06-22,2022-06-22T15:09:18+00:00,2022-06-23,3630b00e3feea0db99dcce779fefcc2583be2b8813e841a96649d7b9f0fa4444,a46cc63a99c2de1b4663b8d8c7331ad05e79269eb2c35da538abaf0dc6cdf5a6,unique_exact_normalized_same_cohort_name
P416088a2b5,2022,nbadraft_2022,nbadraft,27,60,https://www.nbadraft.net/nba-mock-drafts/,https://web.archive.org/web/20220622150918id_/https://www.nbadraft.net/nba-mock-drafts/,2022-06-22,2022-06-22T15:09:18+00:00,2022-06-23,3630b00e3feea0db99dcce779fefcc2583be2b8813e841a96649d7b9f0fa4444,a46cc63a99c2de1b4663b8d8c7331ad05e79269eb2c35da538abaf0dc6cdf5a6,unique_exact_normalized_same_cohort_name
Paac5dcb74c,2022,nbadraft_2022,nbadraft,28,60,https://www.nbadraft.net/nba-mock-drafts/,https://web.archive.org/web/20220622150918id_/https://www.nbadraft.net/nba-mock-drafts/,2022-06-22,2022-06-22T15:09:18+00:00,2022-06-23,3630b00e3feea0db99dcce779fefcc2583be2b8813e841a96649d7b9f0fa4444,a46cc63a99c2de1b4663b8d8c7331ad05e79269eb2c35da538abaf0dc6cdf5a6,unique_exact_normalized_same_cohort_name
Pafb050f1ad,2022,nbadraft_2022,nbadraft,31,60,https://www.nbadraft.net/nba-mock-drafts/,https://web.archive.org/web/20220622150918id_/https://www.nbadraft.net/nba-mock-drafts/,2022-06-22,2022-06-22T15:09:18+00:00,2022-06-23,3630b00e3feea0db99dcce779fefcc2583be2b8813e841a96649d7b9f0fa4444,a46cc63a99c2de1b4663b8d8c7331ad05e79269eb2c35da538abaf0dc6cdf5a6,unique_exact_normalized_same_cohort_name
P4e8883caf8,2022,nbadraft_2022,nbadraft,32,60,https://www.nbadraft.net/nba-mock-drafts/,https://web.archive.org/web/20220622150918id_/https://www.nbadraft.net/nba-mock-drafts/,2022-06-22,2022-06-22T15:09:18+00:00,2022-06-23,3630b00e3feea0db99dcce779fefcc2583be2b8813e841a96649d7b9f0fa4444,a46cc63a99c2de1b4663b8d8c7331ad05e79269eb2c35da538abaf0dc6cdf5a6,unique_exact_normalized_same_cohort_name
P97df826a61,2022,nbadraft_2022,nbadraft,33,60,https://www.nbadraft.net/nba-mock-drafts/,https://web.archive.org/web/20220622150918id_/https://www.nbadraft.net/nba-mock-drafts/,2022-06-22,2022-06-22T15:09:18+00:00,2022-06-23,3630b00e3feea0db99dcce779fefcc2583be2b8813e841a96649d7b9f0fa4444,a46cc63a99c2de1b4663b8d8c7331ad05e79269eb2c35da538abaf0dc6cdf5a6,unique_exact_normalized_same_cohort_name
Pa2e8c74c1f,2022,nbadraft_2022,nbadraft,34,60,https://www.nbadraft.net/nba-mock-drafts/,https://web.archive.org/web/20220622150918id_/https://www.nbadraft.net/nba-mock-drafts/,2022-06-22,2022-06-22T15:09:18+00:00,2022-06-23,3630b00e3feea0db99dcce779fefcc2583be2b8813e841a96649d7b9f0fa4444,a46cc63a99c2de1b4663b8d8c7331ad05e79269eb2c35da538abaf0dc6cdf5a6,unique_exact_normalized_same_cohort_name
P70fa3dc827,2022,nbadraft_2022,nbadraft,35,60,https://www.nbadraft.net/nba-mock-drafts/,https://web.archive.org/web/20220622150918id_/https://www.nbadraft.net/nba-mock-drafts/,2022-06-22,2022-06-22T15:09:18+00:00,2022-06-23,3630b00e3feea0db99dcce779fefcc2583be2b8813e841a96649d7b9f0fa4444,a46cc63a99c2de1b4663b8d8c7331ad05e79269eb2c35da538abaf0dc6cdf5a6,unique_exact_normalized_same_cohort_name
P3b1e823247,2022,nbadraft_2022,nbadraft,36,60,https://www.nbadraft.net/nba-mock-drafts/,https://web.archive.org/web/20220622150918id_/https://www.nbadraft.net/nba-mock-drafts/,2022-06-22,2022-06-22T15:09:18+00:00,2022-06-23,3630b00e3feea0db99dcce779fefcc2583be2b8813e841a96649d7b9f0fa4444,a46cc63a99c2de1b4663b8d8c7331ad05e79269eb2c35da538abaf0dc6cdf5a6,unique_exact_normalized_same_cohort_name
Pd6b4848f72,2022,nbadraft_2022,nbadraft,37,60,https://www.nbadraft.net/nba-mock-drafts/,https://web.archive.org/web/20220622150918id_/https://www.nbadraft.net/nba-mock-drafts/,2022-06-22,2022-06-22T15:09:18+00:00,2022-06-23,3630b00e3feea0db99dcce779fefcc2583be2b8813e841a96649d7b9f0fa4444,a46cc63a99c2de1b4663b8d8c7331ad05e79269eb2c35da538abaf0dc6cdf5a6,unique_exact_normalized_same_cohort_name
P9345155d6a,2022,nbadraft_2022,nbadraft,38,60,https://www.nbadraft.net/nba-mock-drafts/,https://web.archive.org/web/20220622150918id_/https://www.nbadraft.net/nba-mock-drafts/,2022-06-22,2022-06-22T15:09:18+00:00,2022-06-23,3630b00e3feea0db99dcce779fefcc2583be2b8813e841a96649d7b9f0fa4444,a46cc63a99c2de1b4663b8d8c7331ad05e79269eb2c35da538abaf0dc6cdf5a6,unique_exact_normalized_same_cohort_name
Pe54f989cc8,2022,nbadraft_2022,nbadraft,39,60,https://www.nbadraft.net/nba-mock-drafts/,https://web.archive.org/web/20220622150918id_/https://www.nbadraft.net/nba-mock-drafts/,2022-06-22,2022-06-22T15:09:18+00:00,2022-06-23,3630b00e3feea0db99dcce779fefcc2583be2b8813e841a96649d7b9f0fa4444,a46cc63a99c2de1b4663b8d8c7331ad05e79269eb2c35da538abaf0dc6cdf5a6,unique_exact_normalized_same_cohort_name
Pd5316f2e65,2022,nbadraft_2022,nbadraft,40,60,https://www.nbadraft.net/nba-mock-drafts/,https://web.archive.org/web/20220622150918id_/https://www.nbadraft.net/nba-mock-drafts/,2022-06-22,2022-06-22T15:09:18+00:00,2022-06-23,3630b00e3feea0db99dcce779fefcc2583be2b8813e841a96649d7b9f0fa4444,a46cc63a99c2de1b4663b8d8c7331ad05e79269eb2c35da538abaf0dc6cdf5a6,unique_exact_normalized_same_cohort_name
P96bc00aaed,2022,nbadraft_2022,nbadraft,41,60,https://www.nbadraft.net/nba-mock-drafts/,https://web.archive.org/web/20220622150918id_/https://www.nbadraft.net/nba-mock-drafts/,2022-06-22,2022-06-22T15:09:18+00:00,2022-06-23,3630b00e3feea0db99dcce779fefcc2583be2b8813e841a96649d7b9f0fa4444,a46cc63a99c2de1b4663b8d8c7331ad05e79269eb2c35da538abaf0dc6cdf5a6,unique_exact_normalized_same_cohort_name
Pa067c50f94,2022,nbadraft_2022,nbadraft,42,60,https://www.nbadraft.net/nba-mock-drafts/,https://web.archive.org/web/20220622150918id_/https://www.nbadraft.net/nba-mock-drafts/,2022-06-22,2022-06-22T15:09:18+00:00,2022-06-23,3630b00e3feea0db99dcce779fefcc2583be2b8813e841a96649d7b9f0fa4444,a46cc63a99c2de1b4663b8d8c7331ad05e79269eb2c35da538abaf0dc6cdf5a6,unique_exact_normalized_same_cohort_name
P50d6953351,2022,nbadraft_2022,nbadraft,44,60,https://www.nbadraft.net/nba-mock-drafts/,https://web.archive.org/web/20220622150918id_/https://www.nbadraft.net/nba-mock-drafts/,2022-06-22,2022-06-22T15:09:18+00:00,2022-06-23,3630b00e3feea0db99dcce779fefcc2583be2b8813e841a96649d7b9f0fa4444,a46cc63a99c2de1b4663b8d8c7331ad05e79269eb2c35da538abaf0dc6cdf5a6,unique_exact_normalized_same_cohort_name
P123f055136,2022,nbadraft_2022,nbadraft,45,60,https://www.nbadraft.net/nba-mock-drafts/,https://web.archive.org/web/20220622150918id_/https://www.nbadraft.net/nba-mock-drafts/,2022-06-22,2022-06-22T15:09:18+00:00,2022-06-23,3630b00e3feea0db99dcce779fefcc2583be2b8813e841a96649d7b9f0fa4444,a46cc63a99c2de1b4663b8d8c7331ad05e79269eb2c35da538abaf0dc6cdf5a6,unique_exact_normalized_same_cohort_name
Pc69570e4d2,2022,nbadraft_2022,nbadraft,46,60,https://www.nbadraft.net/nba-mock-drafts/,https://web.archive.org/web/20220622150918id_/https://www.nbadraft.net/nba-mock-drafts/,2022-06-22,2022-06-22T15:09:18+00:00,2022-06-23,3630b00e3feea0db99dcce779fefcc2583be2b8813e841a96649d7b9f0fa4444,a46cc63a99c2de1b4663b8d8c7331ad05e79269eb2c35da538abaf0dc6cdf5a6,unique_exact_normalized_same_cohort_name
Pdd8eeaed18,2022,nbadraft_2022,nbadraft,47,60,https://www.nbadraft.net/nba-mock-drafts/,https://web.archive.org/web/20220622150918id_/https://www.nbadraft.net/nba-mock-drafts/,2022-06-22,2022-06-22T15:09:18+00:00,2022-06-23,3630b00e3feea0db99dcce779fefcc2583be2b8813e841a96649d7b9f0fa4444,a46cc63a99c2de1b4663b8d8c7331ad05e79269eb2c35da538abaf0dc6cdf5a6,unique_exact_normalized_same_cohort_name
P76f8234113,2022,nbadraft_2022,nbadraft,48,60,https://www.nbadraft.net/nba-mock-drafts/,https://web.archive.org/web/20220622150918id_/https://www.nbadraft.net/nba-mock-drafts/,2022-06-22,2022-06-22T15:09:18+00:00,2022-06-23,3630b00e3feea0db99dcce779fefcc2583be2b8813e841a96649d7b9f0fa4444,a46cc63a99c2de1b4663b8d8c7331ad05e79269eb2c35da538abaf0dc6cdf5a6,unique_exact_normalized_same_cohort_name
Pa06f6a14b5,2022,nbadraft_2022,nbadraft,49,60,https://www.nbadraft.net/nba-mock-drafts/,https://web.archive.org/web/20220622150918id_/https://www.nbadraft.net/nba-mock-drafts/,2022-06-22,2022-06-22T15:09:18+00:00,2022-06-23,3630b00e3feea0db99dcce779fefcc2583be2b8813e841a96649d7b9f0fa4444,a46cc63a99c2de1b4663b8d8c7331ad05e79269eb2c35da538abaf0dc6cdf5a6,unique_exact_normalized_same_cohort_name
Pbccc770021,2022,nbadraft_2022,nbadraft,51,60,https://www.nbadraft.net/nba-mock-drafts/,https://web.archive.org/web/20220622150918id_/https://www.nbadraft.net/nba-mock-drafts/,2022-06-22,2022-06-22T15:09:18+00:00,2022-06-23,3630b00e3feea0db99dcce779fefcc2583be2b8813e841a96649d7b9f0fa4444,a46cc63a99c2de1b4663b8d8c7331ad05e79269eb2c35da538abaf0dc6cdf5a6,unique_exact_normalized_same_cohort_name
P3ebbedffb1,2022,nbadraft_2022,nbadraft,52,60,https://www.nbadraft.net/nba-mock-drafts/,https://web.archive.org/web/20220622150918id_/https://www.nbadraft.net/nba-mock-drafts/,2022-06-22,2022-06-22T15:09:18+00:00,2022-06-23,3630b00e3feea0db99dcce779fefcc2583be2b8813e841a96649d7b9f0fa4444,a46cc63a99c2de1b4663b8d8c7331ad05e79269eb2c35da538abaf0dc6cdf5a6,unique_exact_normalized_same_cohort_name
P6521ad0003,2022,nbadraft_2022,nbadraft,56,60,https://www.nbadraft.net/nba-mock-drafts/,https://web.archive.org/web/20220622150918id_/https://www.nbadraft.net/nba-mock-drafts/,2022-06-22,2022-06-22T15:09:18+00:00,2022-06-23,3630b00e3feea0db99dcce779fefcc2583be2b8813e841a96649d7b9f0fa4444,a46cc63a99c2de1b4663b8d8c7331ad05e79269eb2c35da538abaf0dc6cdf5a6,unique_exact_normalized_same_cohort_name
P76ebdc8d77,2022,nbadraft_2022,nbadraft,58,60,https://www.nbadraft.net/nba-mock-drafts/,https://web.archive.org/web/20220622150918id_/https://www.nbadraft.net/nba-mock-drafts/,2022-06-22,2022-06-22T15:09:18+00:00,2022-06-23,3630b00e3feea0db99dcce779fefcc2583be2b8813e841a96649d7b9f0fa4444,a46cc63a99c2de1b4663b8d8c7331ad05e79269eb2c35da538abaf0dc6cdf5a6,unique_exact_normalized_same_cohort_name
P22caf129cd,2022,nbadraft_2022,nbadraft,59,60,https://www.nbadraft.net/nba-mock-drafts/,https://web.archive.org/web/20220622150918id_/https://www.nbadraft.net/nba-mock-drafts/,2022-06-22,2022-06-22T15:09:18+00:00,2022-06-23,3630b00e3feea0db99dcce779fefcc2583be2b8813e841a96649d7b9f0fa4444,a46cc63a99c2de1b4663b8d8c7331ad05e79269eb2c35da538abaf0dc6cdf5a6,unique_exact_normalized_same_cohort_name
P144ed94c77,2023,nbadraft_2023,nbadraft,1,60,https://www.nbadraft.net/nba-mock-drafts/,https://web.archive.org/web/20230621061219id_/https://www.nbadraft.net/nba-mock-drafts/,2023-06-21,2023-06-21T06:12:19+00:00,2023-06-22,d76bf9f5f94577ac3367b8e37975d30e0855a7d6bc15839c42f79c0613d97d6e,f0d1b7bbfd68326ae9c84677938391c7a9a7f49c31dad80b76fdcd3fdfe72b57,unique_exact_normalized_same_cohort_name
P664a2ede66,2023,nbadraft_2023,nbadraft,2,60,https://www.nbadraft.net/nba-mock-drafts/,https://web.archive.org/web/20230621061219id_/https://www.nbadraft.net/nba-mock-drafts/,2023-06-21,2023-06-21T06:12:19+00:00,2023-06-22,d76bf9f5f94577ac3367b8e37975d30e0855a7d6bc15839c42f79c0613d97d6e,f0d1b7bbfd68326ae9c84677938391c7a9a7f49c31dad80b76fdcd3fdfe72b57,unique_exact_normalized_same_cohort_name
P51e5ade0ce,2023,nbadraft_2023,nbadraft,3,60,https://www.nbadraft.net/nba-mock-drafts/,https://web.archive.org/web/20230621061219id_/https://www.nbadraft.net/nba-mock-drafts/,2023-06-21,2023-06-21T06:12:19+00:00,2023-06-22,d76bf9f5f94577ac3367b8e37975d30e0855a7d6bc15839c42f79c0613d97d6e,f0d1b7bbfd68326ae9c84677938391c7a9a7f49c31dad80b76fdcd3fdfe72b57,unique_exact_normalized_same_cohort_name
P1999b4880f,2023,nbadraft_2023,nbadraft,4,60,https://www.nbadraft.net/nba-mock-drafts/,https://web.archive.org/web/20230621061219id_/https://www.nbadraft.net/nba-mock-drafts/,2023-06-21,2023-06-21T06:12:19+00:00,2023-06-22,d76bf9f5f94577ac3367b8e37975d30e0855a7d6bc15839c42f79c0613d97d6e,f0d1b7bbfd68326ae9c84677938391c7a9a7f49c31dad80b76fdcd3fdfe72b57,unique_exact_normalized_same_cohort_name
P1e59a7a7a1,2023,nbadraft_2023,nbadraft,5,60,https://www.nbadraft.net/nba-mock-drafts/,https://web.archive.org/web/20230621061219id_/https://www.nbadraft.net/nba-mock-drafts/,2023-06-21,2023-06-21T06:12:19+00:00,2023-06-22,d76bf9f5f94577ac3367b8e37975d30e0855a7d6bc15839c42f79c0613d97d6e,f0d1b7bbfd68326ae9c84677938391c7a9a7f49c31dad80b76fdcd3fdfe72b57,unique_exact_normalized_same_cohort_name
Pa813594724,2023,nbadraft_2023,nbadraft,6,60,https://www.nbadraft.net/nba-mock-drafts/,https://web.archive.org/web/20230621061219id_/https://www.nbadraft.net/nba-mock-drafts/,2023-06-21,2023-06-21T06:12:19+00:00,2023-06-22,d76bf9f5f94577ac3367b8e37975d30e0855a7d6bc15839c42f79c0613d97d6e,f0d1b7bbfd68326ae9c84677938391c7a9a7f49c31dad80b76fdcd3fdfe72b57,unique_exact_normalized_same_cohort_name
P7bf5b1ca03,2023,nbadraft_2023,nbadraft,7,60,https://www.nbadraft.net/nba-mock-drafts/,https://web.archive.org/web/20230621061219id_/https://www.nbadraft.net/nba-mock-drafts/,2023-06-21,2023-06-21T06:12:19+00:00,2023-06-22,d76bf9f5f94577ac3367b8e37975d30e0855a7d6bc15839c42f79c0613d97d6e,f0d1b7bbfd68326ae9c84677938391c7a9a7f49c31dad80b76fdcd3fdfe72b57,unique_exact_normalized_same_cohort_name
Pf0ef0714b6,2023,nbadraft_2023,nbadraft,8,60,https://www.nbadraft.net/nba-mock-drafts/,https://web.archive.org/web/20230621061219id_/https://www.nbadraft.net/nba-mock-drafts/,2023-06-21,2023-06-21T06:12:19+00:00,2023-06-22,d76bf9f5f94577ac3367b8e37975d30e0855a7d6bc15839c42f79c0613d97d6e,f0d1b7bbfd68326ae9c84677938391c7a9a7f49c31dad80b76fdcd3fdfe72b57,unique_exact_normalized_same_cohort_name
Pa4e79c2199,2023,nbadraft_2023,nbadraft,9,60,https://www.nbadraft.net/nba-mock-drafts/,https://web.archive.org/web/20230621061219id_/https://www.nbadraft.net/nba-mock-drafts/,2023-06-21,2023-06-21T06:12:19+00:00,2023-06-22,d76bf9f5f94577ac3367b8e37975d30e0855a7d6bc15839c42f79c0613d97d6e,f0d1b7bbfd68326ae9c84677938391c7a9a7f49c31dad80b76fdcd3fdfe72b57,unique_exact_normalized_same_cohort_name
Pe60cc64195,2023,nbadraft_2023,nbadraft,10,60,https://www.nbadraft.net/nba-mock-drafts/,https://web.archive.org/web/20230621061219id_/https://www.nbadraft.net/nba-mock-drafts/,2023-06-21,2023-06-21T06:12:19+00:00,2023-06-22,d76bf9f5f94577ac3367b8e37975d30e0855a7d6bc15839c42f79c0613d97d6e,f0d1b7bbfd68326ae9c84677938391c7a9a7f49c31dad80b76fdcd3fdfe72b57,unique_exact_normalized_same_cohort_name
P9180c4596b,2023,nbadraft_2023,nbadraft,11,60,https://www.nbadraft.net/nba-mock-drafts/,https://web.archive.org/web/20230621061219id_/https://www.nbadraft.net/nba-mock-drafts/,2023-06-21,2023-06-21T06:12:19+00:00,2023-06-22,d76bf9f5f94577ac3367b8e37975d30e0855a7d6bc15839c42f79c0613d97d6e,f0d1b7bbfd68326ae9c84677938391c7a9a7f49c31dad80b76fdcd3fdfe72b57,unique_exact_normalized_same_cohort_name
P6b4a74f110,2023,nbadraft_2023,nbadraft,13,60,https://www.nbadraft.net/nba-mock-drafts/,https://web.archive.org/web/20230621061219id_/https://www.nbadraft.net/nba-mock-drafts/,2023-06-21,2023-06-21T06:12:19+00:00,2023-06-22,d76bf9f5f94577ac3367b8e37975d30e0855a7d6bc15839c42f79c0613d97d6e,f0d1b7bbfd68326ae9c84677938391c7a9a7f49c31dad80b76fdcd3fdfe72b57,unique_exact_normalized_same_cohort_name
Pfdcf13c664,2023,nbadraft_2023,nbadraft,14,60,https://www.nbadraft.net/nba-mock-drafts/,https://web.archive.org/web/20230621061219id_/https://www.nbadraft.net/nba-mock-drafts/,2023-06-21,2023-06-21T06:12:19+00:00,2023-06-22,d76bf9f5f94577ac3367b8e37975d30e0855a7d6bc15839c42f79c0613d97d6e,f0d1b7bbfd68326ae9c84677938391c7a9a7f49c31dad80b76fdcd3fdfe72b57,unique_exact_normalized_same_cohort_name
P523c5eb5e6,2023,nbadraft_2023,nbadraft,15,60,https://www.nbadraft.net/nba-mock-drafts/,https://web.archive.org/web/20230621061219id_/https://www.nbadraft.net/nba-mock-drafts/,2023-06-21,2023-06-21T06:12:19+00:00,2023-06-22,d76bf9f5f94577ac3367b8e37975d30e0855a7d6bc15839c42f79c0613d97d6e,f0d1b7bbfd68326ae9c84677938391c7a9a7f49c31dad80b76fdcd3fdfe72b57,unique_exact_normalized_same_cohort_name
P0b253c1504,2023,nbadraft_2023,nbadraft,17,60,https://www.nbadraft.net/nba-mock-drafts/,https://web.archive.org/web/20230621061219id_/https://www.nbadraft.net/nba-mock-drafts/,2023-06-21,2023-06-21T06:12:19+00:00,2023-06-22,d76bf9f5f94577ac3367b8e37975d30e0855a7d6bc15839c42f79c0613d97d6e,f0d1b7bbfd68326ae9c84677938391c7a9a7f49c31dad80b76fdcd3fdfe72b57,unique_exact_normalized_same_cohort_name
P47a1cc70a3,2023,nbadraft_2023,nbadraft,19,60,https://www.nbadraft.net/nba-mock-drafts/,https://web.archive.org/web/20230621061219id_/https://www.nbadraft.net/nba-mock-drafts/,2023-06-21,2023-06-21T06:12:19+00:00,2023-06-22,d76bf9f5f94577ac3367b8e37975d30e0855a7d6bc15839c42f79c0613d97d6e,f0d1b7bbfd68326ae9c84677938391c7a9a7f49c31dad80b76fdcd3fdfe72b57,unique_exact_normalized_same_cohort_name
P9a144a10c5,2023,nbadraft_2023,nbadraft,20,60,https://www.nbadraft.net/nba-mock-drafts/,https://web.archive.org/web/20230621061219id_/https://www.nbadraft.net/nba-mock-drafts/,2023-06-21,2023-06-21T06:12:19+00:00,2023-06-22,d76bf9f5f94577ac3367b8e37975d30e0855a7d6bc15839c42f79c0613d97d6e,f0d1b7bbfd68326ae9c84677938391c7a9a7f49c31dad80b76fdcd3fdfe72b57,unique_exact_normalized_same_cohort_name
P0db0d3c576,2023,nbadraft_2023,nbadraft,21,60,https://www.nbadraft.net/nba-mock-drafts/,https://web.archive.org/web/20230621061219id_/https://www.nbadraft.net/nba-mock-drafts/,2023-06-21,2023-06-21T06:12:19+00:00,2023-06-22,d76bf9f5f94577ac3367b8e37975d30e0855a7d6bc15839c42f79c0613d97d6e,f0d1b7bbfd68326ae9c84677938391c7a9a7f49c31dad80b76fdcd3fdfe72b57,unique_exact_normalized_same_cohort_name
P71f8c1b48d,2023,nbadraft_2023,nbadraft,22,60,https://www.nbadraft.net/nba-mock-drafts/,https://web.archive.org/web/20230621061219id_/https://www.nbadraft.net/nba-mock-drafts/,2023-06-21,2023-06-21T06:12:19+00:00,2023-06-22,d76bf9f5f94577ac3367b8e37975d30e0855a7d6bc15839c42f79c0613d97d6e,f0d1b7bbfd68326ae9c84677938391c7a9a7f49c31dad80b76fdcd3fdfe72b57,unique_exact_normalized_same_cohort_name
P0035c2f0b3,2023,nbadraft_2023,nbadraft,24,60,https://www.nbadraft.net/nba-mock-drafts/,https://web.archive.org/web/20230621061219id_/https://www.nbadraft.net/nba-mock-drafts/,2023-06-21,2023-06-21T06:12:19+00:00,2023-06-22,d76bf9f5f94577ac3367b8e37975d30e0855a7d6bc15839c42f79c0613d97d6e,f0d1b7bbfd68326ae9c84677938391c7a9a7f49c31dad80b76fdcd3fdfe72b57,unique_exact_normalized_same_cohort_name
P2a6c79e3dc,2023,nbadraft_2023,nbadraft,26,60,https://www.nbadraft.net/nba-mock-drafts/,https://web.archive.org/web/20230621061219id_/https://www.nbadraft.net/nba-mock-drafts/,2023-06-21,2023-06-21T06:12:19+00:00,2023-06-22,d76bf9f5f94577ac3367b8e37975d30e0855a7d6bc15839c42f79c0613d97d6e,f0d1b7bbfd68326ae9c84677938391c7a9a7f49c31dad80b76fdcd3fdfe72b57,unique_exact_normalized_same_cohort_name
P655613d84a,2023,nbadraft_2023,nbadraft,28,60,https://www.nbadraft.net/nba-mock-drafts/,https://web.archive.org/web/20230621061219id_/https://www.nbadraft.net/nba-mock-drafts/,2023-06-21,2023-06-21T06:12:19+00:00,2023-06-22,d76bf9f5f94577ac3367b8e37975d30e0855a7d6bc15839c42f79c0613d97d6e,f0d1b7bbfd68326ae9c84677938391c7a9a7f49c31dad80b76fdcd3fdfe72b57,unique_exact_normalized_same_cohort_name
P5698276a02,2023,nbadraft_2023,nbadraft,29,60,https://www.nbadraft.net/nba-mock-drafts/,https://web.archive.org/web/20230621061219id_/https://www.nbadraft.net/nba-mock-drafts/,2023-06-21,2023-06-21T06:12:19+00:00,2023-06-22,d76bf9f5f94577ac3367b8e37975d30e0855a7d6bc15839c42f79c0613d97d6e,f0d1b7bbfd68326ae9c84677938391c7a9a7f49c31dad80b76fdcd3fdfe72b57,unique_exact_normalized_same_cohort_name
P89e5a35bc7,2023,nbadraft_2023,nbadraft,30,60,https://www.nbadraft.net/nba-mock-drafts/,https://web.archive.org/web/20230621061219id_/https://www.nbadraft.net/nba-mock-drafts/,2023-06-21,2023-06-21T06:12:19+00:00,2023-06-22,d76bf9f5f94577ac3367b8e37975d30e0855a7d6bc15839c42f79c0613d97d6e,f0d1b7bbfd68326ae9c84677938391c7a9a7f49c31dad80b76fdcd3fdfe72b57,unique_exact_normalized_same_cohort_name
Pd742da0a27,2023,nbadraft_2023,nbadraft,31,60,https://www.nbadraft.net/nba-mock-drafts/,https://web.archive.org/web/20230621061219id_/https://www.nbadraft.net/nba-mock-drafts/,2023-06-21,2023-06-21T06:12:19+00:00,2023-06-22,d76bf9f5f94577ac3367b8e37975d30e0855a7d6bc15839c42f79c0613d97d6e,f0d1b7bbfd68326ae9c84677938391c7a9a7f49c31dad80b76fdcd3fdfe72b57,unique_exact_normalized_same_cohort_name
Pbf5a7a4d5b,2023,nbadraft_2023,nbadraft,33,60,https://www.nbadraft.net/nba-mock-drafts/,https://web.archive.org/web/20230621061219id_/https://www.nbadraft.net/nba-mock-drafts/,2023-06-21,2023-06-21T06:12:19+00:00,2023-06-22,d76bf9f5f94577ac3367b8e37975d30e0855a7d6bc15839c42f79c0613d97d6e,f0d1b7bbfd68326ae9c84677938391c7a9a7f49c31dad80b76fdcd3fdfe72b57,unique_exact_normalized_same_cohort_name
P26ad072598,2023,nbadraft_2023,nbadraft,34,60,https://www.nbadraft.net/nba-mock-drafts/,https://web.archive.org/web/20230621061219id_/https://www.nbadraft.net/nba-mock-drafts/,2023-06-21,2023-06-21T06:12:19+00:00,2023-06-22,d76bf9f5f94577ac3367b8e37975d30e0855a7d6bc15839c42f79c0613d97d6e,f0d1b7bbfd68326ae9c84677938391c7a9a7f49c31dad80b76fdcd3fdfe72b57,unique_exact_normalized_same_cohort_name
P6187cee451,2023,nbadraft_2023,nbadraft,35,60,https://www.nbadraft.net/nba-mock-drafts/,https://web.archive.org/web/20230621061219id_/https://www.nbadraft.net/nba-mock-drafts/,2023-06-21,2023-06-21T06:12:19+00:00,2023-06-22,d76bf9f5f94577ac3367b8e37975d30e0855a7d6bc15839c42f79c0613d97d6e,f0d1b7bbfd68326ae9c84677938391c7a9a7f49c31dad80b76fdcd3fdfe72b57,unique_exact_normalized_same_cohort_name
P2db6f2cc8f,2023,nbadraft_2023,nbadraft,36,60,https://www.nbadraft.net/nba-mock-drafts/,https://web.archive.org/web/20230621061219id_/https://www.nbadraft.net/nba-mock-drafts/,2023-06-21,2023-06-21T06:12:19+00:00,2023-06-22,d76bf9f5f94577ac3367b8e37975d30e0855a7d6bc15839c42f79c0613d97d6e,f0d1b7bbfd68326ae9c84677938391c7a9a7f49c31dad80b76fdcd3fdfe72b57,unique_exact_normalized_same_cohort_name
Pf85863f4bd,2023,nbadraft_2023,nbadraft,37,60,https://www.nbadraft.net/nba-mock-drafts/,https://web.archive.org/web/20230621061219id_/https://www.nbadraft.net/nba-mock-drafts/,2023-06-21,2023-06-21T06:12:19+00:00,2023-06-22,d76bf9f5f94577ac3367b8e37975d30e0855a7d6bc15839c42f79c0613d97d6e,f0d1b7bbfd68326ae9c84677938391c7a9a7f49c31dad80b76fdcd3fdfe72b57,unique_exact_normalized_same_cohort_name
P9aef7770b8,2023,nbadraft_2023,nbadraft,38,60,https://www.nbadraft.net/nba-mock-drafts/,https://web.archive.org/web/20230621061219id_/https://www.nbadraft.net/nba-mock-drafts/,2023-06-21,2023-06-21T06:12:19+00:00,2023-06-22,d76bf9f5f94577ac3367b8e37975d30e0855a7d6bc15839c42f79c0613d97d6e,f0d1b7bbfd68326ae9c84677938391c7a9a7f49c31dad80b76fdcd3fdfe72b57,unique_exact_normalized_same_cohort_name
P7200ebcdd8,2023,nbadraft_2023,nbadraft,39,60,https://www.nbadraft.net/nba-mock-drafts/,https://web.archive.org/web/20230621061219id_/https://www.nbadraft.net/nba-mock-drafts/,2023-06-21,2023-06-21T06:12:19+00:00,2023-06-22,d76bf9f5f94577ac3367b8e37975d30e0855a7d6bc15839c42f79c0613d97d6e,f0d1b7bbfd68326ae9c84677938391c7a9a7f49c31dad80b76fdcd3fdfe72b57,unique_exact_normalized_same_cohort_name
Pc4ba85a58f,2023,nbadraft_2023,nbadraft,40,60,https://www.nbadraft.net/nba-mock-drafts/,https://web.archive.org/web/20230621061219id_/https://www.nbadraft.net/nba-mock-drafts/,2023-06-21,2023-06-21T06:12:19+00:00,2023-06-22,d76bf9f5f94577ac3367b8e37975d30e0855a7d6bc15839c42f79c0613d97d6e,f0d1b7bbfd68326ae9c84677938391c7a9a7f49c31dad80b76fdcd3fdfe72b57,unique_exact_normalized_same_cohort_name
Pd5f2794063,2023,nbadraft_2023,nbadraft,41,60,https://www.nbadraft.net/nba-mock-drafts/,https://web.archive.org/web/20230621061219id_/https://www.nbadraft.net/nba-mock-drafts/,2023-06-21,2023-06-21T06:12:19+00:00,2023-06-22,d76bf9f5f94577ac3367b8e37975d30e0855a7d6bc15839c42f79c0613d97d6e,f0d1b7bbfd68326ae9c84677938391c7a9a7f49c31dad80b76fdcd3fdfe72b57,unique_exact_normalized_same_cohort_name
P9b886526e3,2023,nbadraft_2023,nbadraft,43,60,https://www.nbadraft.net/nba-mock-drafts/,https://web.archive.org/web/20230621061219id_/https://www.nbadraft.net/nba-mock-drafts/,2023-06-21,2023-06-21T06:12:19+00:00,2023-06-22,d76bf9f5f94577ac3367b8e37975d30e0855a7d6bc15839c42f79c0613d97d6e,f0d1b7bbfd68326ae9c84677938391c7a9a7f49c31dad80b76fdcd3fdfe72b57,unique_exact_normalized_same_cohort_name
Pc074e62881,2023,nbadraft_2023,nbadraft,44,60,https://www.nbadraft.net/nba-mock-drafts/,https://web.archive.org/web/20230621061219id_/https://www.nbadraft.net/nba-mock-drafts/,2023-06-21,2023-06-21T06:12:19+00:00,2023-06-22,d76bf9f5f94577ac3367b8e37975d30e0855a7d6bc15839c42f79c0613d97d6e,f0d1b7bbfd68326ae9c84677938391c7a9a7f49c31dad80b76fdcd3fdfe72b57,unique_exact_normalized_same_cohort_name
Pe356195976,2023,nbadraft_2023,nbadraft,45,60,https://www.nbadraft.net/nba-mock-drafts/,https://web.archive.org/web/20230621061219id_/https://www.nbadraft.net/nba-mock-drafts/,2023-06-21,2023-06-21T06:12:19+00:00,2023-06-22,d76bf9f5f94577ac3367b8e37975d30e0855a7d6bc15839c42f79c0613d97d6e,f0d1b7bbfd68326ae9c84677938391c7a9a7f49c31dad80b76fdcd3fdfe72b57,unique_exact_normalized_same_cohort_name
Pf9f33f79e7,2023,nbadraft_2023,nbadraft,46,60,https://www.nbadraft.net/nba-mock-drafts/,https://web.archive.org/web/20230621061219id_/https://www.nbadraft.net/nba-mock-drafts/,2023-06-21,2023-06-21T06:12:19+00:00,2023-06-22,d76bf9f5f94577ac3367b8e37975d30e0855a7d6bc15839c42f79c0613d97d6e,f0d1b7bbfd68326ae9c84677938391c7a9a7f49c31dad80b76fdcd3fdfe72b57,unique_exact_normalized_same_cohort_name
P18c14dbf8f,2023,nbadraft_2023,nbadraft,47,60,https://www.nbadraft.net/nba-mock-drafts/,https://web.archive.org/web/20230621061219id_/https://www.nbadraft.net/nba-mock-drafts/,2023-06-21,2023-06-21T06:12:19+00:00,2023-06-22,d76bf9f5f94577ac3367b8e37975d30e0855a7d6bc15839c42f79c0613d97d6e,f0d1b7bbfd68326ae9c84677938391c7a9a7f49c31dad80b76fdcd3fdfe72b57,unique_exact_normalized_same_cohort_name
P7589e6b4d5,2023,nbadraft_2023,nbadraft,48,60,https://www.nbadraft.net/nba-mock-drafts/,https://web.archive.org/web/20230621061219id_/https://www.nbadraft.net/nba-mock-drafts/,2023-06-21,2023-06-21T06:12:19+00:00,2023-06-22,d76bf9f5f94577ac3367b8e37975d30e0855a7d6bc15839c42f79c0613d97d6e,f0d1b7bbfd68326ae9c84677938391c7a9a7f49c31dad80b76fdcd3fdfe72b57,unique_exact_normalized_same_cohort_name
Pe1411c667e,2023,nbadraft_2023,nbadraft,49,60,https://www.nbadraft.net/nba-mock-drafts/,https://web.archive.org/web/20230621061219id_/https://www.nbadraft.net/nba-mock-drafts/,2023-06-21,2023-06-21T06:12:19+00:00,2023-06-22,d76bf9f5f94577ac3367b8e37975d30e0855a7d6bc15839c42f79c0613d97d6e,f0d1b7bbfd68326ae9c84677938391c7a9a7f49c31dad80b76fdcd3fdfe72b57,unique_exact_normalized_same_cohort_name
P07bb9cb58f,2023,nbadraft_2023,nbadraft,51,60,https://www.nbadraft.net/nba-mock-drafts/,https://web.archive.org/web/20230621061219id_/https://www.nbadraft.net/nba-mock-drafts/,2023-06-21,2023-06-21T06:12:19+00:00,2023-06-22,d76bf9f5f94577ac3367b8e37975d30e0855a7d6bc15839c42f79c0613d97d6e,f0d1b7bbfd68326ae9c84677938391c7a9a7f49c31dad80b76fdcd3fdfe72b57,unique_exact_normalized_same_cohort_name
P659b205e3c,2023,nbadraft_2023,nbadraft,52,60,https://www.nbadraft.net/nba-mock-drafts/,https://web.archive.org/web/20230621061219id_/https://www.nbadraft.net/nba-mock-drafts/,2023-06-21,2023-06-21T06:12:19+00:00,2023-06-22,d76bf9f5f94577ac3367b8e37975d30e0855a7d6bc15839c42f79c0613d97d6e,f0d1b7bbfd68326ae9c84677938391c7a9a7f49c31dad80b76fdcd3fdfe72b57,unique_exact_normalized_same_cohort_name
Pa6029bb5a6,2023,nbadraft_2023,nbadraft,53,60,https://www.nbadraft.net/nba-mock-drafts/,https://web.archive.org/web/20230621061219id_/https://www.nbadraft.net/nba-mock-drafts/,2023-06-21,2023-06-21T06:12:19+00:00,2023-06-22,d76bf9f5f94577ac3367b8e37975d30e0855a7d6bc15839c42f79c0613d97d6e,f0d1b7bbfd68326ae9c84677938391c7a9a7f49c31dad80b76fdcd3fdfe72b57,unique_exact_normalized_same_cohort_name
Pe8ffde2213,2023,nbadraft_2023,nbadraft,54,60,https://www.nbadraft.net/nba-mock-drafts/,https://web.archive.org/web/20230621061219id_/https://www.nbadraft.net/nba-mock-drafts/,2023-06-21,2023-06-21T06:12:19+00:00,2023-06-22,d76bf9f5f94577ac3367b8e37975d30e0855a7d6bc15839c42f79c0613d97d6e,f0d1b7bbfd68326ae9c84677938391c7a9a7f49c31dad80b76fdcd3fdfe72b57,unique_exact_normalized_same_cohort_name
Pa12a517258,2023,nbadraft_2023,nbadraft,55,60,https://www.nbadraft.net/nba-mock-drafts/,https://web.archive.org/web/20230621061219id_/https://www.nbadraft.net/nba-mock-drafts/,2023-06-21,2023-06-21T06:12:19+00:00,2023-06-22,d76bf9f5f94577ac3367b8e37975d30e0855a7d6bc15839c42f79c0613d97d6e,f0d1b7bbfd68326ae9c84677938391c7a9a7f49c31dad80b76fdcd3fdfe72b57,unique_exact_normalized_same_cohort_name
P7075ac01b8,2023,nbadraft_2023,nbadraft,56,60,https://www.nbadraft.net/nba-mock-drafts/,https://web.archive.org/web/20230621061219id_/https://www.nbadraft.net/nba-mock-drafts/,2023-06-21,2023-06-21T06:12:19+00:00,2023-06-22,d76bf9f5f94577ac3367b8e37975d30e0855a7d6bc15839c42f79c0613d97d6e,f0d1b7bbfd68326ae9c84677938391c7a9a7f49c31dad80b76fdcd3fdfe72b57,unique_exact_normalized_same_cohort_name
Paf99c23c4d,2023,nbadraft_2023,nbadraft,60,60,https://www.nbadraft.net/nba-mock-drafts/,https://web.archive.org/web/20230621061219id_/https://www.nbadraft.net/nba-mock-drafts/,2023-06-21,2023-06-21T06:12:19+00:00,2023-06-22,d76bf9f5f94577ac3367b8e37975d30e0855a7d6bc15839c42f79c0613d97d6e,f0d1b7bbfd68326ae9c84677938391c7a9a7f49c31dad80b76fdcd3fdfe72b57,unique_exact_normalized_same_cohort_name
P23152d31e2,2024,nbadraft_2024,nbadraft,1,60,https://www.nbadraft.net/nba-mock-drafts/,https://web.archive.org/web/20240624025349id_/https://www.nbadraft.net/nba-mock-drafts/,2024-06-22,2024-06-24T02:53:49+00:00,2024-06-26,7bc1163b045d1e9be028cf7b6017b871fcd5a452054f238bcdbb6eb4665e3dd6,b1680499fa0b043a9ad8594f52ead33ba4b25258c7f5d3d8c3e54ed30b19fc4b,unique_exact_normalized_same_cohort_name
P473649a3ff,2024,nbadraft_2024,nbadraft,3,60,https://www.nbadraft.net/nba-mock-drafts/,https://web.archive.org/web/20240624025349id_/https://www.nbadraft.net/nba-mock-drafts/,2024-06-22,2024-06-24T02:53:49+00:00,2024-06-26,7bc1163b045d1e9be028cf7b6017b871fcd5a452054f238bcdbb6eb4665e3dd6,b1680499fa0b043a9ad8594f52ead33ba4b25258c7f5d3d8c3e54ed30b19fc4b,unique_exact_normalized_same_cohort_name
P2a77fa93f7,2024,nbadraft_2024,nbadraft,4,60,https://www.nbadraft.net/nba-mock-drafts/,https://web.archive.org/web/20240624025349id_/https://www.nbadraft.net/nba-mock-drafts/,2024-06-22,2024-06-24T02:53:49+00:00,2024-06-26,7bc1163b045d1e9be028cf7b6017b871fcd5a452054f238bcdbb6eb4665e3dd6,b1680499fa0b043a9ad8594f52ead33ba4b25258c7f5d3d8c3e54ed30b19fc4b,unique_exact_normalized_same_cohort_name
Pa5d4a8fef6,2024,nbadraft_2024,nbadraft,5,60,https://www.nbadraft.net/nba-mock-drafts/,https://web.archive.org/web/20240624025349id_/https://www.nbadraft.net/nba-mock-drafts/,2024-06-22,2024-06-24T02:53:49+00:00,2024-06-26,7bc1163b045d1e9be028cf7b6017b871fcd5a452054f238bcdbb6eb4665e3dd6,b1680499fa0b043a9ad8594f52ead33ba4b25258c7f5d3d8c3e54ed30b19fc4b,unique_exact_normalized_same_cohort_name
Pb0cd5d409b,2024,nbadraft_2024,nbadraft,6,60,https://www.nbadraft.net/nba-mock-drafts/,https://web.archive.org/web/20240624025349id_/https://www.nbadraft.net/nba-mock-drafts/,2024-06-22,2024-06-24T02:53:49+00:00,2024-06-26,7bc1163b045d1e9be028cf7b6017b871fcd5a452054f238bcdbb6eb4665e3dd6,b1680499fa0b043a9ad8594f52ead33ba4b25258c7f5d3d8c3e54ed30b19fc4b,unique_exact_normalized_same_cohort_name
Pa245962e52,2024,nbadraft_2024,nbadraft,7,60,https://www.nbadraft.net/nba-mock-drafts/,https://web.archive.org/web/20240624025349id_/https://www.nbadraft.net/nba-mock-drafts/,2024-06-22,2024-06-24T02:53:49+00:00,2024-06-26,7bc1163b045d1e9be028cf7b6017b871fcd5a452054f238bcdbb6eb4665e3dd6,b1680499fa0b043a9ad8594f52ead33ba4b25258c7f5d3d8c3e54ed30b19fc4b,unique_exact_normalized_same_cohort_name
P58407301c7,2024,nbadraft_2024,nbadraft,8,60,https://www.nbadraft.net/nba-mock-drafts/,https://web.archive.org/web/20240624025349id_/https://www.nbadraft.net/nba-mock-drafts/,2024-06-22,2024-06-24T02:53:49+00:00,2024-06-26,7bc1163b045d1e9be028cf7b6017b871fcd5a452054f238bcdbb6eb4665e3dd6,b1680499fa0b043a9ad8594f52ead33ba4b25258c7f5d3d8c3e54ed30b19fc4b,unique_exact_normalized_same_cohort_name
P7a95b991f4,2024,nbadraft_2024,nbadraft,10,60,https://www.nbadraft.net/nba-mock-drafts/,https://web.archive.org/web/20240624025349id_/https://www.nbadraft.net/nba-mock-drafts/,2024-06-22,2024-06-24T02:53:49+00:00,2024-06-26,7bc1163b045d1e9be028cf7b6017b871fcd5a452054f238bcdbb6eb4665e3dd6,b1680499fa0b043a9ad8594f52ead33ba4b25258c7f5d3d8c3e54ed30b19fc4b,unique_exact_normalized_same_cohort_name
P32ff4229d3,2024,nbadraft_2024,nbadraft,11,60,https://www.nbadraft.net/nba-mock-drafts/,https://web.archive.org/web/20240624025349id_/https://www.nbadraft.net/nba-mock-drafts/,2024-06-22,2024-06-24T02:53:49+00:00,2024-06-26,7bc1163b045d1e9be028cf7b6017b871fcd5a452054f238bcdbb6eb4665e3dd6,b1680499fa0b043a9ad8594f52ead33ba4b25258c7f5d3d8c3e54ed30b19fc4b,unique_exact_normalized_same_cohort_name
P424c3aa3f2,2024,nbadraft_2024,nbadraft,12,60,https://www.nbadraft.net/nba-mock-drafts/,https://web.archive.org/web/20240624025349id_/https://www.nbadraft.net/nba-mock-drafts/,2024-06-22,2024-06-24T02:53:49+00:00,2024-06-26,7bc1163b045d1e9be028cf7b6017b871fcd5a452054f238bcdbb6eb4665e3dd6,b1680499fa0b043a9ad8594f52ead33ba4b25258c7f5d3d8c3e54ed30b19fc4b,unique_exact_normalized_same_cohort_name
P9f04775c7a,2024,nbadraft_2024,nbadraft,13,60,https://www.nbadraft.net/nba-mock-drafts/,https://web.archive.org/web/20240624025349id_/https://www.nbadraft.net/nba-mock-drafts/,2024-06-22,2024-06-24T02:53:49+00:00,2024-06-26,7bc1163b045d1e9be028cf7b6017b871fcd5a452054f238bcdbb6eb4665e3dd6,b1680499fa0b043a9ad8594f52ead33ba4b25258c7f5d3d8c3e54ed30b19fc4b,unique_exact_normalized_same_cohort_name
Pa3f4257d20,2024,nbadraft_2024,nbadraft,14,60,https://www.nbadraft.net/nba-mock-drafts/,https://web.archive.org/web/20240624025349id_/https://www.nbadraft.net/nba-mock-drafts/,2024-06-22,2024-06-24T02:53:49+00:00,2024-06-26,7bc1163b045d1e9be028cf7b6017b871fcd5a452054f238bcdbb6eb4665e3dd6,b1680499fa0b043a9ad8594f52ead33ba4b25258c7f5d3d8c3e54ed30b19fc4b,unique_exact_normalized_same_cohort_name
P13f5a8ca49,2024,nbadraft_2024,nbadraft,15,60,https://www.nbadraft.net/nba-mock-drafts/,https://web.archive.org/web/20240624025349id_/https://www.nbadraft.net/nba-mock-drafts/,2024-06-22,2024-06-24T02:53:49+00:00,2024-06-26,7bc1163b045d1e9be028cf7b6017b871fcd5a452054f238bcdbb6eb4665e3dd6,b1680499fa0b043a9ad8594f52ead33ba4b25258c7f5d3d8c3e54ed30b19fc4b,unique_exact_normalized_same_cohort_name
P429241cb33,2024,nbadraft_2024,nbadraft,16,60,https://www.nbadraft.net/nba-mock-drafts/,https://web.archive.org/web/20240624025349id_/https://www.nbadraft.net/nba-mock-drafts/,2024-06-22,2024-06-24T02:53:49+00:00,2024-06-26,7bc1163b045d1e9be028cf7b6017b871fcd5a452054f238bcdbb6eb4665e3dd6,b1680499fa0b043a9ad8594f52ead33ba4b25258c7f5d3d8c3e54ed30b19fc4b,unique_exact_normalized_same_cohort_name
P523c7506e7,2024,nbadraft_2024,nbadraft,17,60,https://www.nbadraft.net/nba-mock-drafts/,https://web.archive.org/web/20240624025349id_/https://www.nbadraft.net/nba-mock-drafts/,2024-06-22,2024-06-24T02:53:49+00:00,2024-06-26,7bc1163b045d1e9be028cf7b6017b871fcd5a452054f238bcdbb6eb4665e3dd6,b1680499fa0b043a9ad8594f52ead33ba4b25258c7f5d3d8c3e54ed30b19fc4b,unique_exact_normalized_same_cohort_name
Pf4a65045a1,2024,nbadraft_2024,nbadraft,18,60,https://www.nbadraft.net/nba-mock-drafts/,https://web.archive.org/web/20240624025349id_/https://www.nbadraft.net/nba-mock-drafts/,2024-06-22,2024-06-24T02:53:49+00:00,2024-06-26,7bc1163b045d1e9be028cf7b6017b871fcd5a452054f238bcdbb6eb4665e3dd6,b1680499fa0b043a9ad8594f52ead33ba4b25258c7f5d3d8c3e54ed30b19fc4b,unique_exact_normalized_same_cohort_name
P74240d498b,2024,nbadraft_2024,nbadraft,19,60,https://www.nbadraft.net/nba-mock-drafts/,https://web.archive.org/web/20240624025349id_/https://www.nbadraft.net/nba-mock-drafts/,2024-06-22,2024-06-24T02:53:49+00:00,2024-06-26,7bc1163b045d1e9be028cf7b6017b871fcd5a452054f238bcdbb6eb4665e3dd6,b1680499fa0b043a9ad8594f52ead33ba4b25258c7f5d3d8c3e54ed30b19fc4b,unique_exact_normalized_same_cohort_name
Pd018d62aee,2024,nbadraft_2024,nbadraft,20,60,https://www.nbadraft.net/nba-mock-drafts/,https://web.archive.org/web/20240624025349id_/https://www.nbadraft.net/nba-mock-drafts/,2024-06-22,2024-06-24T02:53:49+00:00,2024-06-26,7bc1163b045d1e9be028cf7b6017b871fcd5a452054f238bcdbb6eb4665e3dd6,b1680499fa0b043a9ad8594f52ead33ba4b25258c7f5d3d8c3e54ed30b19fc4b,unique_exact_normalized_same_cohort_name
P1ccfa6c1ee,2024,nbadraft_2024,nbadraft,21,60,https://www.nbadraft.net/nba-mock-drafts/,https://web.archive.org/web/20240624025349id_/https://www.nbadraft.net/nba-mock-drafts/,2024-06-22,2024-06-24T02:53:49+00:00,2024-06-26,7bc1163b045d1e9be028cf7b6017b871fcd5a452054f238bcdbb6eb4665e3dd6,b1680499fa0b043a9ad8594f52ead33ba4b25258c7f5d3d8c3e54ed30b19fc4b,unique_exact_normalized_same_cohort_name
Pf120e8dc11,2024,nbadraft_2024,nbadraft,23,60,https://www.nbadraft.net/nba-mock-drafts/,https://web.archive.org/web/20240624025349id_/https://www.nbadraft.net/nba-mock-drafts/,2024-06-22,2024-06-24T02:53:49+00:00,2024-06-26,7bc1163b045d1e9be028cf7b6017b871fcd5a452054f238bcdbb6eb4665e3dd6,b1680499fa0b043a9ad8594f52ead33ba4b25258c7f5d3d8c3e54ed30b19fc4b,unique_exact_normalized_same_cohort_name
Pada60a9da7,2024,nbadraft_2024,nbadraft,25,60,https://www.nbadraft.net/nba-mock-drafts/,https://web.archive.org/web/20240624025349id_/https://www.nbadraft.net/nba-mock-drafts/,2024-06-22,2024-06-24T02:53:49+00:00,2024-06-26,7bc1163b045d1e9be028cf7b6017b871fcd5a452054f238bcdbb6eb4665e3dd6,b1680499fa0b043a9ad8594f52ead33ba4b25258c7f5d3d8c3e54ed30b19fc4b,unique_exact_normalized_same_cohort_name
Pd1401169e8,2024,nbadraft_2024,nbadraft,26,60,https://www.nbadraft.net/nba-mock-drafts/,https://web.archive.org/web/20240624025349id_/https://www.nbadraft.net/nba-mock-drafts/,2024-06-22,2024-06-24T02:53:49+00:00,2024-06-26,7bc1163b045d1e9be028cf7b6017b871fcd5a452054f238bcdbb6eb4665e3dd6,b1680499fa0b043a9ad8594f52ead33ba4b25258c7f5d3d8c3e54ed30b19fc4b,unique_exact_normalized_same_cohort_name
Pcf591b3097,2024,nbadraft_2024,nbadraft,27,60,https://www.nbadraft.net/nba-mock-drafts/,https://web.archive.org/web/20240624025349id_/https://www.nbadraft.net/nba-mock-drafts/,2024-06-22,2024-06-24T02:53:49+00:00,2024-06-26,7bc1163b045d1e9be028cf7b6017b871fcd5a452054f238bcdbb6eb4665e3dd6,b1680499fa0b043a9ad8594f52ead33ba4b25258c7f5d3d8c3e54ed30b19fc4b,unique_exact_normalized_same_cohort_name
P2bc6f2a3aa,2024,nbadraft_2024,nbadraft,28,60,https://www.nbadraft.net/nba-mock-drafts/,https://web.archive.org/web/20240624025349id_/https://www.nbadraft.net/nba-mock-drafts/,2024-06-22,2024-06-24T02:53:49+00:00,2024-06-26,7bc1163b045d1e9be028cf7b6017b871fcd5a452054f238bcdbb6eb4665e3dd6,b1680499fa0b043a9ad8594f52ead33ba4b25258c7f5d3d8c3e54ed30b19fc4b,unique_exact_normalized_same_cohort_name
P35654567c0,2024,nbadraft_2024,nbadraft,29,60,https://www.nbadraft.net/nba-mock-drafts/,https://web.archive.org/web/20240624025349id_/https://www.nbadraft.net/nba-mock-drafts/,2024-06-22,2024-06-24T02:53:49+00:00,2024-06-26,7bc1163b045d1e9be028cf7b6017b871fcd5a452054f238bcdbb6eb4665e3dd6,b1680499fa0b043a9ad8594f52ead33ba4b25258c7f5d3d8c3e54ed30b19fc4b,unique_exact_normalized_same_cohort_name
Pe79de9d05b,2024,nbadraft_2024,nbadraft,30,60,https://www.nbadraft.net/nba-mock-drafts/,https://web.archive.org/web/20240624025349id_/https://www.nbadraft.net/nba-mock-drafts/,2024-06-22,2024-06-24T02:53:49+00:00,2024-06-26,7bc1163b045d1e9be028cf7b6017b871fcd5a452054f238bcdbb6eb4665e3dd6,b1680499fa0b043a9ad8594f52ead33ba4b25258c7f5d3d8c3e54ed30b19fc4b,unique_exact_normalized_same_cohort_name
Pfd3b474513,2024,nbadraft_2024,nbadraft,31,60,https://www.nbadraft.net/nba-mock-drafts/,https://web.archive.org/web/20240624025349id_/https://www.nbadraft.net/nba-mock-drafts/,2024-06-22,2024-06-24T02:53:49+00:00,2024-06-26,7bc1163b045d1e9be028cf7b6017b871fcd5a452054f238bcdbb6eb4665e3dd6,b1680499fa0b043a9ad8594f52ead33ba4b25258c7f5d3d8c3e54ed30b19fc4b,unique_exact_normalized_same_cohort_name
P470eca3f49,2024,nbadraft_2024,nbadraft,32,60,https://www.nbadraft.net/nba-mock-drafts/,https://web.archive.org/web/20240624025349id_/https://www.nbadraft.net/nba-mock-drafts/,2024-06-22,2024-06-24T02:53:49+00:00,2024-06-26,7bc1163b045d1e9be028cf7b6017b871fcd5a452054f238bcdbb6eb4665e3dd6,b1680499fa0b043a9ad8594f52ead33ba4b25258c7f5d3d8c3e54ed30b19fc4b,unique_exact_normalized_same_cohort_name
P0edbaa5011,2024,nbadraft_2024,nbadraft,33,60,https://www.nbadraft.net/nba-mock-drafts/,https://web.archive.org/web/20240624025349id_/https://www.nbadraft.net/nba-mock-drafts/,2024-06-22,2024-06-24T02:53:49+00:00,2024-06-26,7bc1163b045d1e9be028cf7b6017b871fcd5a452054f238bcdbb6eb4665e3dd6,b1680499fa0b043a9ad8594f52ead33ba4b25258c7f5d3d8c3e54ed30b19fc4b,unique_exact_normalized_same_cohort_name
Pa93866e530,2024,nbadraft_2024,nbadraft,34,60,https://www.nbadraft.net/nba-mock-drafts/,https://web.archive.org/web/20240624025349id_/https://www.nbadraft.net/nba-mock-drafts/,2024-06-22,2024-06-24T02:53:49+00:00,2024-06-26,7bc1163b045d1e9be028cf7b6017b871fcd5a452054f238bcdbb6eb4665e3dd6,b1680499fa0b043a9ad8594f52ead33ba4b25258c7f5d3d8c3e54ed30b19fc4b,unique_exact_normalized_same_cohort_name
Pafffac98b2,2024,nbadraft_2024,nbadraft,35,60,https://www.nbadraft.net/nba-mock-drafts/,https://web.archive.org/web/20240624025349id_/https://www.nbadraft.net/nba-mock-drafts/,2024-06-22,2024-06-24T02:53:49+00:00,2024-06-26,7bc1163b045d1e9be028cf7b6017b871fcd5a452054f238bcdbb6eb4665e3dd6,b1680499fa0b043a9ad8594f52ead33ba4b25258c7f5d3d8c3e54ed30b19fc4b,unique_exact_normalized_same_cohort_name
P68ff50da96,2024,nbadraft_2024,nbadraft,36,60,https://www.nbadraft.net/nba-mock-drafts/,https://web.archive.org/web/20240624025349id_/https://www.nbadraft.net/nba-mock-drafts/,2024-06-22,2024-06-24T02:53:49+00:00,2024-06-26,7bc1163b045d1e9be028cf7b6017b871fcd5a452054f238bcdbb6eb4665e3dd6,b1680499fa0b043a9ad8594f52ead33ba4b25258c7f5d3d8c3e54ed30b19fc4b,unique_exact_normalized_same_cohort_name
Pdf5a3388b3,2024,nbadraft_2024,nbadraft,37,60,https://www.nbadraft.net/nba-mock-drafts/,https://web.archive.org/web/20240624025349id_/https://www.nbadraft.net/nba-mock-drafts/,2024-06-22,2024-06-24T02:53:49+00:00,2024-06-26,7bc1163b045d1e9be028cf7b6017b871fcd5a452054f238bcdbb6eb4665e3dd6,b1680499fa0b043a9ad8594f52ead33ba4b25258c7f5d3d8c3e54ed30b19fc4b,unique_exact_normalized_same_cohort_name
P0d7bcc4d57,2024,nbadraft_2024,nbadraft,38,60,https://www.nbadraft.net/nba-mock-drafts/,https://web.archive.org/web/20240624025349id_/https://www.nbadraft.net/nba-mock-drafts/,2024-06-22,2024-06-24T02:53:49+00:00,2024-06-26,7bc1163b045d1e9be028cf7b6017b871fcd5a452054f238bcdbb6eb4665e3dd6,b1680499fa0b043a9ad8594f52ead33ba4b25258c7f5d3d8c3e54ed30b19fc4b,unique_exact_normalized_same_cohort_name
P1a8fd8dc98,2024,nbadraft_2024,nbadraft,39,60,https://www.nbadraft.net/nba-mock-drafts/,https://web.archive.org/web/20240624025349id_/https://www.nbadraft.net/nba-mock-drafts/,2024-06-22,2024-06-24T02:53:49+00:00,2024-06-26,7bc1163b045d1e9be028cf7b6017b871fcd5a452054f238bcdbb6eb4665e3dd6,b1680499fa0b043a9ad8594f52ead33ba4b25258c7f5d3d8c3e54ed30b19fc4b,unique_exact_normalized_same_cohort_name
P7070c905f3,2024,nbadraft_2024,nbadraft,40,60,https://www.nbadraft.net/nba-mock-drafts/,https://web.archive.org/web/20240624025349id_/https://www.nbadraft.net/nba-mock-drafts/,2024-06-22,2024-06-24T02:53:49+00:00,2024-06-26,7bc1163b045d1e9be028cf7b6017b871fcd5a452054f238bcdbb6eb4665e3dd6,b1680499fa0b043a9ad8594f52ead33ba4b25258c7f5d3d8c3e54ed30b19fc4b,unique_exact_normalized_same_cohort_name
P8cc9424d6a,2024,nbadraft_2024,nbadraft,42,60,https://www.nbadraft.net/nba-mock-drafts/,https://web.archive.org/web/20240624025349id_/https://www.nbadraft.net/nba-mock-drafts/,2024-06-22,2024-06-24T02:53:49+00:00,2024-06-26,7bc1163b045d1e9be028cf7b6017b871fcd5a452054f238bcdbb6eb4665e3dd6,b1680499fa0b043a9ad8594f52ead33ba4b25258c7f5d3d8c3e54ed30b19fc4b,unique_exact_normalized_same_cohort_name
P4b73f3a250,2024,nbadraft_2024,nbadraft,43,60,https://www.nbadraft.net/nba-mock-drafts/,https://web.archive.org/web/20240624025349id_/https://www.nbadraft.net/nba-mock-drafts/,2024-06-22,2024-06-24T02:53:49+00:00,2024-06-26,7bc1163b045d1e9be028cf7b6017b871fcd5a452054f238bcdbb6eb4665e3dd6,b1680499fa0b043a9ad8594f52ead33ba4b25258c7f5d3d8c3e54ed30b19fc4b,unique_exact_normalized_same_cohort_name
P82e84aa110,2024,nbadraft_2024,nbadraft,44,60,https://www.nbadraft.net/nba-mock-drafts/,https://web.archive.org/web/20240624025349id_/https://www.nbadraft.net/nba-mock-drafts/,2024-06-22,2024-06-24T02:53:49+00:00,2024-06-26,7bc1163b045d1e9be028cf7b6017b871fcd5a452054f238bcdbb6eb4665e3dd6,b1680499fa0b043a9ad8594f52ead33ba4b25258c7f5d3d8c3e54ed30b19fc4b,unique_exact_normalized_same_cohort_name
Pdbf2a4e286,2024,nbadraft_2024,nbadraft,45,60,https://www.nbadraft.net/nba-mock-drafts/,https://web.archive.org/web/20240624025349id_/https://www.nbadraft.net/nba-mock-drafts/,2024-06-22,2024-06-24T02:53:49+00:00,2024-06-26,7bc1163b045d1e9be028cf7b6017b871fcd5a452054f238bcdbb6eb4665e3dd6,b1680499fa0b043a9ad8594f52ead33ba4b25258c7f5d3d8c3e54ed30b19fc4b,unique_exact_normalized_same_cohort_name
P2c7c71307b,2024,nbadraft_2024,nbadraft,46,60,https://www.nbadraft.net/nba-mock-drafts/,https://web.archive.org/web/20240624025349id_/https://www.nbadraft.net/nba-mock-drafts/,2024-06-22,2024-06-24T02:53:49+00:00,2024-06-26,7bc1163b045d1e9be028cf7b6017b871fcd5a452054f238bcdbb6eb4665e3dd6,b1680499fa0b043a9ad8594f52ead33ba4b25258c7f5d3d8c3e54ed30b19fc4b,unique_exact_normalized_same_cohort_name
Pa306b38c4f,2024,nbadraft_2024,nbadraft,48,60,https://www.nbadraft.net/nba-mock-drafts/,https://web.archive.org/web/20240624025349id_/https://www.nbadraft.net/nba-mock-drafts/,2024-06-22,2024-06-24T02:53:49+00:00,2024-06-26,7bc1163b045d1e9be028cf7b6017b871fcd5a452054f238bcdbb6eb4665e3dd6,b1680499fa0b043a9ad8594f52ead33ba4b25258c7f5d3d8c3e54ed30b19fc4b,unique_exact_normalized_same_cohort_name
Pb1001f743e,2024,nbadraft_2024,nbadraft,51,60,https://www.nbadraft.net/nba-mock-drafts/,https://web.archive.org/web/20240624025349id_/https://www.nbadraft.net/nba-mock-drafts/,2024-06-22,2024-06-24T02:53:49+00:00,2024-06-26,7bc1163b045d1e9be028cf7b6017b871fcd5a452054f238bcdbb6eb4665e3dd6,b1680499fa0b043a9ad8594f52ead33ba4b25258c7f5d3d8c3e54ed30b19fc4b,unique_exact_normalized_same_cohort_name
Pb1c5565b99,2024,nbadraft_2024,nbadraft,52,60,https://www.nbadraft.net/nba-mock-drafts/,https://web.archive.org/web/20240624025349id_/https://www.nbadraft.net/nba-mock-drafts/,2024-06-22,2024-06-24T02:53:49+00:00,2024-06-26,7bc1163b045d1e9be028cf7b6017b871fcd5a452054f238bcdbb6eb4665e3dd6,b1680499fa0b043a9ad8594f52ead33ba4b25258c7f5d3d8c3e54ed30b19fc4b,unique_exact_normalized_same_cohort_name
P9fc884bebd,2024,nbadraft_2024,nbadraft,53,60,https://www.nbadraft.net/nba-mock-drafts/,https://web.archive.org/web/20240624025349id_/https://www.nbadraft.net/nba-mock-drafts/,2024-06-22,2024-06-24T02:53:49+00:00,2024-06-26,7bc1163b045d1e9be028cf7b6017b871fcd5a452054f238bcdbb6eb4665e3dd6,b1680499fa0b043a9ad8594f52ead33ba4b25258c7f5d3d8c3e54ed30b19fc4b,unique_exact_normalized_same_cohort_name
P0f6f43de8d,2024,nbadraft_2024,nbadraft,54,60,https://www.nbadraft.net/nba-mock-drafts/,https://web.archive.org/web/20240624025349id_/https://www.nbadraft.net/nba-mock-drafts/,2024-06-22,2024-06-24T02:53:49+00:00,2024-06-26,7bc1163b045d1e9be028cf7b6017b871fcd5a452054f238bcdbb6eb4665e3dd6,b1680499fa0b043a9ad8594f52ead33ba4b25258c7f5d3d8c3e54ed30b19fc4b,unique_exact_normalized_same_cohort_name
P84e9dcbb3e,2024,nbadraft_2024,nbadraft,55,60,https://www.nbadraft.net/nba-mock-drafts/,https://web.archive.org/web/20240624025349id_/https://www.nbadraft.net/nba-mock-drafts/,2024-06-22,2024-06-24T02:53:49+00:00,2024-06-26,7bc1163b045d1e9be028cf7b6017b871fcd5a452054f238bcdbb6eb4665e3dd6,b1680499fa0b043a9ad8594f52ead33ba4b25258c7f5d3d8c3e54ed30b19fc4b,unique_exact_normalized_same_cohort_name
Pf7cf72315c,2024,nbadraft_2024,nbadraft,56,60,https://www.nbadraft.net/nba-mock-drafts/,https://web.archive.org/web/20240624025349id_/https://www.nbadraft.net/nba-mock-drafts/,2024-06-22,2024-06-24T02:53:49+00:00,2024-06-26,7bc1163b045d1e9be028cf7b6017b871fcd5a452054f238bcdbb6eb4665e3dd6,b1680499fa0b043a9ad8594f52ead33ba4b25258c7f5d3d8c3e54ed30b19fc4b,unique_exact_normalized_same_cohort_name
Pd3ead775c1,2024,nbadraft_2024,nbadraft,58,60,https://www.nbadraft.net/nba-mock-drafts/,https://web.archive.org/web/20240624025349id_/https://www.nbadraft.net/nba-mock-drafts/,2024-06-22,2024-06-24T02:53:49+00:00,2024-06-26,7bc1163b045d1e9be028cf7b6017b871fcd5a452054f238bcdbb6eb4665e3dd6,b1680499fa0b043a9ad8594f52ead33ba4b25258c7f5d3d8c3e54ed30b19fc4b,unique_exact_normalized_same_cohort_name
P3d8ccdb639,2025,nbadraft_2025,nbadraft,1,60,https://www.nbadraft.net/nba-mock-drafts/,https://web.archive.org/web/20250624175411id_/https://www.nbadraft.net/nba-mock-drafts/,2025-06-24,2025-06-24T17:54:11+00:00,2025-06-25,a7d5e6135a580643e1ae067f6b94d4635777810c62d5e7541304660d3f9bc44d,27d4e3181f0ba8690b8ec6f53fe3bea146520e5bb6a779f11a6e0c74aec64a62,unique_exact_normalized_same_cohort_name
Pf3b62cae3c,2025,nbadraft_2025,nbadraft,2,60,https://www.nbadraft.net/nba-mock-drafts/,https://web.archive.org/web/20250624175411id_/https://www.nbadraft.net/nba-mock-drafts/,2025-06-24,2025-06-24T17:54:11+00:00,2025-06-25,a7d5e6135a580643e1ae067f6b94d4635777810c62d5e7541304660d3f9bc44d,27d4e3181f0ba8690b8ec6f53fe3bea146520e5bb6a779f11a6e0c74aec64a62,unique_exact_normalized_same_cohort_name
P4e09db2338,2025,nbadraft_2025,nbadraft,3,60,https://www.nbadraft.net/nba-mock-drafts/,https://web.archive.org/web/20250624175411id_/https://www.nbadraft.net/nba-mock-drafts/,2025-06-24,2025-06-24T17:54:11+00:00,2025-06-25,a7d5e6135a580643e1ae067f6b94d4635777810c62d5e7541304660d3f9bc44d,27d4e3181f0ba8690b8ec6f53fe3bea146520e5bb6a779f11a6e0c74aec64a62,unique_exact_normalized_same_cohort_name
P07268bf0e1,2025,nbadraft_2025,nbadraft,4,60,https://www.nbadraft.net/nba-mock-drafts/,https://web.archive.org/web/20250624175411id_/https://www.nbadraft.net/nba-mock-drafts/,2025-06-24,2025-06-24T17:54:11+00:00,2025-06-25,a7d5e6135a580643e1ae067f6b94d4635777810c62d5e7541304660d3f9bc44d,27d4e3181f0ba8690b8ec6f53fe3bea146520e5bb6a779f11a6e0c74aec64a62,unique_exact_normalized_same_cohort_name
P12ee990c18,2025,nbadraft_2025,nbadraft,5,60,https://www.nbadraft.net/nba-mock-drafts/,https://web.archive.org/web/20250624175411id_/https://www.nbadraft.net/nba-mock-drafts/,2025-06-24,2025-06-24T17:54:11+00:00,2025-06-25,a7d5e6135a580643e1ae067f6b94d4635777810c62d5e7541304660d3f9bc44d,27d4e3181f0ba8690b8ec6f53fe3bea146520e5bb6a779f11a6e0c74aec64a62,unique_exact_normalized_same_cohort_name
P3ee6bf444e,2025,nbadraft_2025,nbadraft,6,60,https://www.nbadraft.net/nba-mock-drafts/,https://web.archive.org/web/20250624175411id_/https://www.nbadraft.net/nba-mock-drafts/,2025-06-24,2025-06-24T17:54:11+00:00,2025-06-25,a7d5e6135a580643e1ae067f6b94d4635777810c62d5e7541304660d3f9bc44d,27d4e3181f0ba8690b8ec6f53fe3bea146520e5bb6a779f11a6e0c74aec64a62,unique_exact_normalized_same_cohort_name
P5f9ce00466,2025,nbadraft_2025,nbadraft,7,60,https://www.nbadraft.net/nba-mock-drafts/,https://web.archive.org/web/20250624175411id_/https://www.nbadraft.net/nba-mock-drafts/,2025-06-24,2025-06-24T17:54:11+00:00,2025-06-25,a7d5e6135a580643e1ae067f6b94d4635777810c62d5e7541304660d3f9bc44d,27d4e3181f0ba8690b8ec6f53fe3bea146520e5bb6a779f11a6e0c74aec64a62,unique_exact_normalized_same_cohort_name
P1a135db58f,2025,nbadraft_2025,nbadraft,8,60,https://www.nbadraft.net/nba-mock-drafts/,https://web.archive.org/web/20250624175411id_/https://www.nbadraft.net/nba-mock-drafts/,2025-06-24,2025-06-24T17:54:11+00:00,2025-06-25,a7d5e6135a580643e1ae067f6b94d4635777810c62d5e7541304660d3f9bc44d,27d4e3181f0ba8690b8ec6f53fe3bea146520e5bb6a779f11a6e0c74aec64a62,unique_exact_normalized_same_cohort_name
Pb9eccb67f7,2025,nbadraft_2025,nbadraft,9,60,https://www.nbadraft.net/nba-mock-drafts/,https://web.archive.org/web/20250624175411id_/https://www.nbadraft.net/nba-mock-drafts/,2025-06-24,2025-06-24T17:54:11+00:00,2025-06-25,a7d5e6135a580643e1ae067f6b94d4635777810c62d5e7541304660d3f9bc44d,27d4e3181f0ba8690b8ec6f53fe3bea146520e5bb6a779f11a6e0c74aec64a62,unique_exact_normalized_same_cohort_name
Pf4e651b50c,2025,nbadraft_2025,nbadraft,11,60,https://www.nbadraft.net/nba-mock-drafts/,https://web.archive.org/web/20250624175411id_/https://www.nbadraft.net/nba-mock-drafts/,2025-06-24,2025-06-24T17:54:11+00:00,2025-06-25,a7d5e6135a580643e1ae067f6b94d4635777810c62d5e7541304660d3f9bc44d,27d4e3181f0ba8690b8ec6f53fe3bea146520e5bb6a779f11a6e0c74aec64a62,unique_exact_normalized_same_cohort_name
Pcb16689c6c,2025,nbadraft_2025,nbadraft,12,60,https://www.nbadraft.net/nba-mock-drafts/,https://web.archive.org/web/20250624175411id_/https://www.nbadraft.net/nba-mock-drafts/,2025-06-24,2025-06-24T17:54:11+00:00,2025-06-25,a7d5e6135a580643e1ae067f6b94d4635777810c62d5e7541304660d3f9bc44d,27d4e3181f0ba8690b8ec6f53fe3bea146520e5bb6a779f11a6e0c74aec64a62,unique_exact_normalized_same_cohort_name
P32fecc73d2,2025,nbadraft_2025,nbadraft,13,60,https://www.nbadraft.net/nba-mock-drafts/,https://web.archive.org/web/20250624175411id_/https://www.nbadraft.net/nba-mock-drafts/,2025-06-24,2025-06-24T17:54:11+00:00,2025-06-25,a7d5e6135a580643e1ae067f6b94d4635777810c62d5e7541304660d3f9bc44d,27d4e3181f0ba8690b8ec6f53fe3bea146520e5bb6a779f11a6e0c74aec64a62,unique_exact_normalized_same_cohort_name
P7ba2fa977b,2025,nbadraft_2025,nbadraft,14,60,https://www.nbadraft.net/nba-mock-drafts/,https://web.archive.org/web/20250624175411id_/https://www.nbadraft.net/nba-mock-drafts/,2025-06-24,2025-06-24T17:54:11+00:00,2025-06-25,a7d5e6135a580643e1ae067f6b94d4635777810c62d5e7541304660d3f9bc44d,27d4e3181f0ba8690b8ec6f53fe3bea146520e5bb6a779f11a6e0c74aec64a62,unique_exact_normalized_same_cohort_name
Pdde13713ff,2025,nbadraft_2025,nbadraft,15,60,https://www.nbadraft.net/nba-mock-drafts/,https://web.archive.org/web/20250624175411id_/https://www.nbadraft.net/nba-mock-drafts/,2025-06-24,2025-06-24T17:54:11+00:00,2025-06-25,a7d5e6135a580643e1ae067f6b94d4635777810c62d5e7541304660d3f9bc44d,27d4e3181f0ba8690b8ec6f53fe3bea146520e5bb6a779f11a6e0c74aec64a62,unique_exact_normalized_same_cohort_name
P15b8c13058,2025,nbadraft_2025,nbadraft,17,60,https://www.nbadraft.net/nba-mock-drafts/,https://web.archive.org/web/20250624175411id_/https://www.nbadraft.net/nba-mock-drafts/,2025-06-24,2025-06-24T17:54:11+00:00,2025-06-25,a7d5e6135a580643e1ae067f6b94d4635777810c62d5e7541304660d3f9bc44d,27d4e3181f0ba8690b8ec6f53fe3bea146520e5bb6a779f11a6e0c74aec64a62,unique_exact_normalized_same_cohort_name
Pd8f68848a0,2025,nbadraft_2025,nbadraft,18,60,https://www.nbadraft.net/nba-mock-drafts/,https://web.archive.org/web/20250624175411id_/https://www.nbadraft.net/nba-mock-drafts/,2025-06-24,2025-06-24T17:54:11+00:00,2025-06-25,a7d5e6135a580643e1ae067f6b94d4635777810c62d5e7541304660d3f9bc44d,27d4e3181f0ba8690b8ec6f53fe3bea146520e5bb6a779f11a6e0c74aec64a62,unique_exact_normalized_same_cohort_name
P3f654a33fe,2025,nbadraft_2025,nbadraft,19,60,https://www.nbadraft.net/nba-mock-drafts/,https://web.archive.org/web/20250624175411id_/https://www.nbadraft.net/nba-mock-drafts/,2025-06-24,2025-06-24T17:54:11+00:00,2025-06-25,a7d5e6135a580643e1ae067f6b94d4635777810c62d5e7541304660d3f9bc44d,27d4e3181f0ba8690b8ec6f53fe3bea146520e5bb6a779f11a6e0c74aec64a62,unique_exact_normalized_same_cohort_name
P318e86822c,2025,nbadraft_2025,nbadraft,20,60,https://www.nbadraft.net/nba-mock-drafts/,https://web.archive.org/web/20250624175411id_/https://www.nbadraft.net/nba-mock-drafts/,2025-06-24,2025-06-24T17:54:11+00:00,2025-06-25,a7d5e6135a580643e1ae067f6b94d4635777810c62d5e7541304660d3f9bc44d,27d4e3181f0ba8690b8ec6f53fe3bea146520e5bb6a779f11a6e0c74aec64a62,unique_exact_normalized_same_cohort_name
Padf63a93ad,2025,nbadraft_2025,nbadraft,21,60,https://www.nbadraft.net/nba-mock-drafts/,https://web.archive.org/web/20250624175411id_/https://www.nbadraft.net/nba-mock-drafts/,2025-06-24,2025-06-24T17:54:11+00:00,2025-06-25,a7d5e6135a580643e1ae067f6b94d4635777810c62d5e7541304660d3f9bc44d,27d4e3181f0ba8690b8ec6f53fe3bea146520e5bb6a779f11a6e0c74aec64a62,unique_exact_normalized_same_cohort_name
P884e8ee6b6,2025,nbadraft_2025,nbadraft,22,60,https://www.nbadraft.net/nba-mock-drafts/,https://web.archive.org/web/20250624175411id_/https://www.nbadraft.net/nba-mock-drafts/,2025-06-24,2025-06-24T17:54:11+00:00,2025-06-25,a7d5e6135a580643e1ae067f6b94d4635777810c62d5e7541304660d3f9bc44d,27d4e3181f0ba8690b8ec6f53fe3bea146520e5bb6a779f11a6e0c74aec64a62,unique_exact_normalized_same_cohort_name
P43b2e2aa2f,2025,nbadraft_2025,nbadraft,23,60,https://www.nbadraft.net/nba-mock-drafts/,https://web.archive.org/web/20250624175411id_/https://www.nbadraft.net/nba-mock-drafts/,2025-06-24,2025-06-24T17:54:11+00:00,2025-06-25,a7d5e6135a580643e1ae067f6b94d4635777810c62d5e7541304660d3f9bc44d,27d4e3181f0ba8690b8ec6f53fe3bea146520e5bb6a779f11a6e0c74aec64a62,unique_exact_normalized_same_cohort_name
P6ddd309f80,2025,nbadraft_2025,nbadraft,24,60,https://www.nbadraft.net/nba-mock-drafts/,https://web.archive.org/web/20250624175411id_/https://www.nbadraft.net/nba-mock-drafts/,2025-06-24,2025-06-24T17:54:11+00:00,2025-06-25,a7d5e6135a580643e1ae067f6b94d4635777810c62d5e7541304660d3f9bc44d,27d4e3181f0ba8690b8ec6f53fe3bea146520e5bb6a779f11a6e0c74aec64a62,unique_exact_normalized_same_cohort_name
Pa29e5f68db,2025,nbadraft_2025,nbadraft,26,60,https://www.nbadraft.net/nba-mock-drafts/,https://web.archive.org/web/20250624175411id_/https://www.nbadraft.net/nba-mock-drafts/,2025-06-24,2025-06-24T17:54:11+00:00,2025-06-25,a7d5e6135a580643e1ae067f6b94d4635777810c62d5e7541304660d3f9bc44d,27d4e3181f0ba8690b8ec6f53fe3bea146520e5bb6a779f11a6e0c74aec64a62,unique_exact_normalized_same_cohort_name
P9b4a07a3b9,2025,nbadraft_2025,nbadraft,27,60,https://www.nbadraft.net/nba-mock-drafts/,https://web.archive.org/web/20250624175411id_/https://www.nbadraft.net/nba-mock-drafts/,2025-06-24,2025-06-24T17:54:11+00:00,2025-06-25,a7d5e6135a580643e1ae067f6b94d4635777810c62d5e7541304660d3f9bc44d,27d4e3181f0ba8690b8ec6f53fe3bea146520e5bb6a779f11a6e0c74aec64a62,unique_exact_normalized_same_cohort_name
P679974836f,2025,nbadraft_2025,nbadraft,28,60,https://www.nbadraft.net/nba-mock-drafts/,https://web.archive.org/web/20250624175411id_/https://www.nbadraft.net/nba-mock-drafts/,2025-06-24,2025-06-24T17:54:11+00:00,2025-06-25,a7d5e6135a580643e1ae067f6b94d4635777810c62d5e7541304660d3f9bc44d,27d4e3181f0ba8690b8ec6f53fe3bea146520e5bb6a779f11a6e0c74aec64a62,unique_exact_normalized_same_cohort_name
P24c85e006b,2025,nbadraft_2025,nbadraft,29,60,https://www.nbadraft.net/nba-mock-drafts/,https://web.archive.org/web/20250624175411id_/https://www.nbadraft.net/nba-mock-drafts/,2025-06-24,2025-06-24T17:54:11+00:00,2025-06-25,a7d5e6135a580643e1ae067f6b94d4635777810c62d5e7541304660d3f9bc44d,27d4e3181f0ba8690b8ec6f53fe3bea146520e5bb6a779f11a6e0c74aec64a62,unique_exact_normalized_same_cohort_name
Pdec9ef7c46,2025,nbadraft_2025,nbadraft,30,60,https://www.nbadraft.net/nba-mock-drafts/,https://web.archive.org/web/20250624175411id_/https://www.nbadraft.net/nba-mock-drafts/,2025-06-24,2025-06-24T17:54:11+00:00,2025-06-25,a7d5e6135a580643e1ae067f6b94d4635777810c62d5e7541304660d3f9bc44d,27d4e3181f0ba8690b8ec6f53fe3bea146520e5bb6a779f11a6e0c74aec64a62,unique_exact_normalized_same_cohort_name
Pc0a66d6cca,2025,nbadraft_2025,nbadraft,31,60,https://www.nbadraft.net/nba-mock-drafts/,https://web.archive.org/web/20250624175411id_/https://www.nbadraft.net/nba-mock-drafts/,2025-06-24,2025-06-24T17:54:11+00:00,2025-06-25,a7d5e6135a580643e1ae067f6b94d4635777810c62d5e7541304660d3f9bc44d,27d4e3181f0ba8690b8ec6f53fe3bea146520e5bb6a779f11a6e0c74aec64a62,unique_exact_normalized_same_cohort_name
P307cead4af,2025,nbadraft_2025,nbadraft,32,60,https://www.nbadraft.net/nba-mock-drafts/,https://web.archive.org/web/20250624175411id_/https://www.nbadraft.net/nba-mock-drafts/,2025-06-24,2025-06-24T17:54:11+00:00,2025-06-25,a7d5e6135a580643e1ae067f6b94d4635777810c62d5e7541304660d3f9bc44d,27d4e3181f0ba8690b8ec6f53fe3bea146520e5bb6a779f11a6e0c74aec64a62,unique_exact_normalized_same_cohort_name
P3651ab0a99,2025,nbadraft_2025,nbadraft,33,60,https://www.nbadraft.net/nba-mock-drafts/,https://web.archive.org/web/20250624175411id_/https://www.nbadraft.net/nba-mock-drafts/,2025-06-24,2025-06-24T17:54:11+00:00,2025-06-25,a7d5e6135a580643e1ae067f6b94d4635777810c62d5e7541304660d3f9bc44d,27d4e3181f0ba8690b8ec6f53fe3bea146520e5bb6a779f11a6e0c74aec64a62,unique_exact_normalized_same_cohort_name
Pec8256037d,2025,nbadraft_2025,nbadraft,35,60,https://www.nbadraft.net/nba-mock-drafts/,https://web.archive.org/web/20250624175411id_/https://www.nbadraft.net/nba-mock-drafts/,2025-06-24,2025-06-24T17:54:11+00:00,2025-06-25,a7d5e6135a580643e1ae067f6b94d4635777810c62d5e7541304660d3f9bc44d,27d4e3181f0ba8690b8ec6f53fe3bea146520e5bb6a779f11a6e0c74aec64a62,unique_exact_normalized_same_cohort_name
Pd4c3f94c64,2025,nbadraft_2025,nbadraft,37,60,https://www.nbadraft.net/nba-mock-drafts/,https://web.archive.org/web/20250624175411id_/https://www.nbadraft.net/nba-mock-drafts/,2025-06-24,2025-06-24T17:54:11+00:00,2025-06-25,a7d5e6135a580643e1ae067f6b94d4635777810c62d5e7541304660d3f9bc44d,27d4e3181f0ba8690b8ec6f53fe3bea146520e5bb6a779f11a6e0c74aec64a62,unique_exact_normalized_same_cohort_name
P49b4c451ec,2025,nbadraft_2025,nbadraft,39,60,https://www.nbadraft.net/nba-mock-drafts/,https://web.archive.org/web/20250624175411id_/https://www.nbadraft.net/nba-mock-drafts/,2025-06-24,2025-06-24T17:54:11+00:00,2025-06-25,a7d5e6135a580643e1ae067f6b94d4635777810c62d5e7541304660d3f9bc44d,27d4e3181f0ba8690b8ec6f53fe3bea146520e5bb6a779f11a6e0c74aec64a62,unique_exact_normalized_same_cohort_name
P259fbebd69,2025,nbadraft_2025,nbadraft,40,60,https://www.nbadraft.net/nba-mock-drafts/,https://web.archive.org/web/20250624175411id_/https://www.nbadraft.net/nba-mock-drafts/,2025-06-24,2025-06-24T17:54:11+00:00,2025-06-25,a7d5e6135a580643e1ae067f6b94d4635777810c62d5e7541304660d3f9bc44d,27d4e3181f0ba8690b8ec6f53fe3bea146520e5bb6a779f11a6e0c74aec64a62,unique_exact_normalized_same_cohort_name
Pad9c27fcb6,2025,nbadraft_2025,nbadraft,41,60,https://www.nbadraft.net/nba-mock-drafts/,https://web.archive.org/web/20250624175411id_/https://www.nbadraft.net/nba-mock-drafts/,2025-06-24,2025-06-24T17:54:11+00:00,2025-06-25,a7d5e6135a580643e1ae067f6b94d4635777810c62d5e7541304660d3f9bc44d,27d4e3181f0ba8690b8ec6f53fe3bea146520e5bb6a779f11a6e0c74aec64a62,unique_exact_normalized_same_cohort_name
P155e770e32,2025,nbadraft_2025,nbadraft,43,60,https://www.nbadraft.net/nba-mock-drafts/,https://web.archive.org/web/20250624175411id_/https://www.nbadraft.net/nba-mock-drafts/,2025-06-24,2025-06-24T17:54:11+00:00,2025-06-25,a7d5e6135a580643e1ae067f6b94d4635777810c62d5e7541304660d3f9bc44d,27d4e3181f0ba8690b8ec6f53fe3bea146520e5bb6a779f11a6e0c74aec64a62,unique_exact_normalized_same_cohort_name
Pc2ef5dcf11,2025,nbadraft_2025,nbadraft,44,60,https://www.nbadraft.net/nba-mock-drafts/,https://web.archive.org/web/20250624175411id_/https://www.nbadraft.net/nba-mock-drafts/,2025-06-24,2025-06-24T17:54:11+00:00,2025-06-25,a7d5e6135a580643e1ae067f6b94d4635777810c62d5e7541304660d3f9bc44d,27d4e3181f0ba8690b8ec6f53fe3bea146520e5bb6a779f11a6e0c74aec64a62,unique_exact_normalized_same_cohort_name
P495dd3afc8,2025,nbadraft_2025,nbadraft,45,60,https://www.nbadraft.net/nba-mock-drafts/,https://web.archive.org/web/20250624175411id_/https://www.nbadraft.net/nba-mock-drafts/,2025-06-24,2025-06-24T17:54:11+00:00,2025-06-25,a7d5e6135a580643e1ae067f6b94d4635777810c62d5e7541304660d3f9bc44d,27d4e3181f0ba8690b8ec6f53fe3bea146520e5bb6a779f11a6e0c74aec64a62,unique_exact_normalized_same_cohort_name
Pf25d15a954,2025,nbadraft_2025,nbadraft,46,60,https://www.nbadraft.net/nba-mock-drafts/,https://web.archive.org/web/20250624175411id_/https://www.nbadraft.net/nba-mock-drafts/,2025-06-24,2025-06-24T17:54:11+00:00,2025-06-25,a7d5e6135a580643e1ae067f6b94d4635777810c62d5e7541304660d3f9bc44d,27d4e3181f0ba8690b8ec6f53fe3bea146520e5bb6a779f11a6e0c74aec64a62,unique_exact_normalized_same_cohort_name
Pf38ea886b7,2025,nbadraft_2025,nbadraft,48,60,https://www.nbadraft.net/nba-mock-drafts/,https://web.archive.org/web/20250624175411id_/https://www.nbadraft.net/nba-mock-drafts/,2025-06-24,2025-06-24T17:54:11+00:00,2025-06-25,a7d5e6135a580643e1ae067f6b94d4635777810c62d5e7541304660d3f9bc44d,27d4e3181f0ba8690b8ec6f53fe3bea146520e5bb6a779f11a6e0c74aec64a62,unique_exact_normalized_same_cohort_name
Pb74dcb5e35,2025,nbadraft_2025,nbadraft,50,60,https://www.nbadraft.net/nba-mock-drafts/,https://web.archive.org/web/20250624175411id_/https://www.nbadraft.net/nba-mock-drafts/,2025-06-24,2025-06-24T17:54:11+00:00,2025-06-25,a7d5e6135a580643e1ae067f6b94d4635777810c62d5e7541304660d3f9bc44d,27d4e3181f0ba8690b8ec6f53fe3bea146520e5bb6a779f11a6e0c74aec64a62,unique_exact_normalized_same_cohort_name
P277e56e049,2025,nbadraft_2025,nbadraft,51,60,https://www.nbadraft.net/nba-mock-drafts/,https://web.archive.org/web/20250624175411id_/https://www.nbadraft.net/nba-mock-drafts/,2025-06-24,2025-06-24T17:54:11+00:00,2025-06-25,a7d5e6135a580643e1ae067f6b94d4635777810c62d5e7541304660d3f9bc44d,27d4e3181f0ba8690b8ec6f53fe3bea146520e5bb6a779f11a6e0c74aec64a62,unique_exact_normalized_same_cohort_name
Pfc563b417e,2025,nbadraft_2025,nbadraft,52,60,https://www.nbadraft.net/nba-mock-drafts/,https://web.archive.org/web/20250624175411id_/https://www.nbadraft.net/nba-mock-drafts/,2025-06-24,2025-06-24T17:54:11+00:00,2025-06-25,a7d5e6135a580643e1ae067f6b94d4635777810c62d5e7541304660d3f9bc44d,27d4e3181f0ba8690b8ec6f53fe3bea146520e5bb6a779f11a6e0c74aec64a62,unique_exact_normalized_same_cohort_name
Pb7270acc46,2025,nbadraft_2025,nbadraft,53,60,https://www.nbadraft.net/nba-mock-drafts/,https://web.archive.org/web/20250624175411id_/https://www.nbadraft.net/nba-mock-drafts/,2025-06-24,2025-06-24T17:54:11+00:00,2025-06-25,a7d5e6135a580643e1ae067f6b94d4635777810c62d5e7541304660d3f9bc44d,27d4e3181f0ba8690b8ec6f53fe3bea146520e5bb6a779f11a6e0c74aec64a62,unique_exact_normalized_same_cohort_name
P75527a2d8c,2025,nbadraft_2025,nbadraft,57,60,https://www.nbadraft.net/nba-mock-drafts/,https://web.archive.org/web/20250624175411id_/https://www.nbadraft.net/nba-mock-drafts/,2025-06-24,2025-06-24T17:54:11+00:00,2025-06-25,a7d5e6135a580643e1ae067f6b94d4635777810c62d5e7541304660d3f9bc44d,27d4e3181f0ba8690b8ec6f53fe3bea146520e5bb6a779f11a6e0c74aec64a62,unique_exact_normalized_same_cohort_name
P445f167264,2025,nbadraft_2025,nbadraft,58,60,https://www.nbadraft.net/nba-mock-drafts/,https://web.archive.org/web/20250624175411id_/https://www.nbadraft.net/nba-mock-drafts/,2025-06-24,2025-06-24T17:54:11+00:00,2025-06-25,a7d5e6135a580643e1ae067f6b94d4635777810c62d5e7541304660d3f9bc44d,27d4e3181f0ba8690b8ec6f53fe3bea146520e5bb6a779f11a6e0c74aec64a62,unique_exact_normalized_same_cohort_name
P694212af03,2025,nbadraft_2025,nbadraft,59,60,https://www.nbadraft.net/nba-mock-drafts/,https://web.archive.org/web/20250624175411id_/https://www.nbadraft.net/nba-mock-drafts/,2025-06-24,2025-06-24T17:54:11+00:00,2025-06-25,a7d5e6135a580643e1ae067f6b94d4635777810c62d5e7541304660d3f9bc44d,27d4e3181f0ba8690b8ec6f53fe3bea146520e5bb6a779f11a6e0c74aec64a62,unique_exact_normalized_same_cohort_name
P8db9055dd7,2026,nbadraft_2026_fallback,nbadraft,1,60,https://www.nbadraft.net/nba-mock-drafts/,https://web.archive.org/web/20260508055636id_/https://www.nbadraft.net/nba-mock-drafts/,2026-05-07,2026-05-08T05:56:36+00:00,2026-06-23,f4ca0622496b6f8773025fca8903b8560a64d7d66939aee36e34da8f01246755,b1c1ab61ed609f14419aa1d89d64ed77f5f1b980a0ad967d064abc18e41b3ca9,unique_exact_normalized_same_cohort_name
P865ed42223,2026,nbadraft_2026_fallback,nbadraft,2,60,https://www.nbadraft.net/nba-mock-drafts/,https://web.archive.org/web/20260508055636id_/https://www.nbadraft.net/nba-mock-drafts/,2026-05-07,2026-05-08T05:56:36+00:00,2026-06-23,f4ca0622496b6f8773025fca8903b8560a64d7d66939aee36e34da8f01246755,b1c1ab61ed609f14419aa1d89d64ed77f5f1b980a0ad967d064abc18e41b3ca9,unique_exact_normalized_same_cohort_name
Paae5adeebf,2026,nbadraft_2026_fallback,nbadraft,3,60,https://www.nbadraft.net/nba-mock-drafts/,https://web.archive.org/web/20260508055636id_/https://www.nbadraft.net/nba-mock-drafts/,2026-05-07,2026-05-08T05:56:36+00:00,2026-06-23,f4ca0622496b6f8773025fca8903b8560a64d7d66939aee36e34da8f01246755,b1c1ab61ed609f14419aa1d89d64ed77f5f1b980a0ad967d064abc18e41b3ca9,unique_exact_normalized_same_cohort_name
Pbbefe0eca9,2026,nbadraft_2026_fallback,nbadraft,4,60,https://www.nbadraft.net/nba-mock-drafts/,https://web.archive.org/web/20260508055636id_/https://www.nbadraft.net/nba-mock-drafts/,2026-05-07,2026-05-08T05:56:36+00:00,2026-06-23,f4ca0622496b6f8773025fca8903b8560a64d7d66939aee36e34da8f01246755,b1c1ab61ed609f14419aa1d89d64ed77f5f1b980a0ad967d064abc18e41b3ca9,unique_exact_normalized_same_cohort_name
P86042c98c9,2026,nbadraft_2026_fallback,nbadraft,6,60,https://www.nbadraft.net/nba-mock-drafts/,https://web.archive.org/web/20260508055636id_/https://www.nbadraft.net/nba-mock-drafts/,2026-05-07,2026-05-08T05:56:36+00:00,2026-06-23,f4ca0622496b6f8773025fca8903b8560a64d7d66939aee36e34da8f01246755,b1c1ab61ed609f14419aa1d89d64ed77f5f1b980a0ad967d064abc18e41b3ca9,unique_exact_normalized_same_cohort_name
P0d5beb0152,2026,nbadraft_2026_fallback,nbadraft,7,60,https://www.nbadraft.net/nba-mock-drafts/,https://web.archive.org/web/20260508055636id_/https://www.nbadraft.net/nba-mock-drafts/,2026-05-07,2026-05-08T05:56:36+00:00,2026-06-23,f4ca0622496b6f8773025fca8903b8560a64d7d66939aee36e34da8f01246755,b1c1ab61ed609f14419aa1d89d64ed77f5f1b980a0ad967d064abc18e41b3ca9,unique_exact_normalized_same_cohort_name
P9ac54b5d6d,2026,nbadraft_2026_fallback,nbadraft,9,60,https://www.nbadraft.net/nba-mock-drafts/,https://web.archive.org/web/20260508055636id_/https://www.nbadraft.net/nba-mock-drafts/,2026-05-07,2026-05-08T05:56:36+00:00,2026-06-23,f4ca0622496b6f8773025fca8903b8560a64d7d66939aee36e34da8f01246755,b1c1ab61ed609f14419aa1d89d64ed77f5f1b980a0ad967d064abc18e41b3ca9,unique_exact_normalized_same_cohort_name
P7235c3ea4e,2026,nbadraft_2026_fallback,nbadraft,10,60,https://www.nbadraft.net/nba-mock-drafts/,https://web.archive.org/web/20260508055636id_/https://www.nbadraft.net/nba-mock-drafts/,2026-05-07,2026-05-08T05:56:36+00:00,2026-06-23,f4ca0622496b6f8773025fca8903b8560a64d7d66939aee36e34da8f01246755,b1c1ab61ed609f14419aa1d89d64ed77f5f1b980a0ad967d064abc18e41b3ca9,unique_exact_normalized_same_cohort_name
P3dfb31f267,2026,nbadraft_2026_fallback,nbadraft,11,60,https://www.nbadraft.net/nba-mock-drafts/,https://web.archive.org/web/20260508055636id_/https://www.nbadraft.net/nba-mock-drafts/,2026-05-07,2026-05-08T05:56:36+00:00,2026-06-23,f4ca0622496b6f8773025fca8903b8560a64d7d66939aee36e34da8f01246755,b1c1ab61ed609f14419aa1d89d64ed77f5f1b980a0ad967d064abc18e41b3ca9,unique_exact_normalized_same_cohort_name
P81fe4dcd33,2026,nbadraft_2026_fallback,nbadraft,12,60,https://www.nbadraft.net/nba-mock-drafts/,https://web.archive.org/web/20260508055636id_/https://www.nbadraft.net/nba-mock-drafts/,2026-05-07,2026-05-08T05:56:36+00:00,2026-06-23,f4ca0622496b6f8773025fca8903b8560a64d7d66939aee36e34da8f01246755,b1c1ab61ed609f14419aa1d89d64ed77f5f1b980a0ad967d064abc18e41b3ca9,unique_exact_normalized_same_cohort_name
Pad2abbabb5,2026,nbadraft_2026_fallback,nbadraft,13,60,https://www.nbadraft.net/nba-mock-drafts/,https://web.archive.org/web/20260508055636id_/https://www.nbadraft.net/nba-mock-drafts/,2026-05-07,2026-05-08T05:56:36+00:00,2026-06-23,f4ca0622496b6f8773025fca8903b8560a64d7d66939aee36e34da8f01246755,b1c1ab61ed609f14419aa1d89d64ed77f5f1b980a0ad967d064abc18e41b3ca9,unique_exact_normalized_same_cohort_name
Pd10e0b97d9,2026,nbadraft_2026_fallback,nbadraft,14,60,https://www.nbadraft.net/nba-mock-drafts/,https://web.archive.org/web/20260508055636id_/https://www.nbadraft.net/nba-mock-drafts/,2026-05-07,2026-05-08T05:56:36+00:00,2026-06-23,f4ca0622496b6f8773025fca8903b8560a64d7d66939aee36e34da8f01246755,b1c1ab61ed609f14419aa1d89d64ed77f5f1b980a0ad967d064abc18e41b3ca9,unique_exact_normalized_same_cohort_name
P0fc299eb1c,2026,nbadraft_2026_fallback,nbadraft,16,60,https://www.nbadraft.net/nba-mock-drafts/,https://web.archive.org/web/20260508055636id_/https://www.nbadraft.net/nba-mock-drafts/,2026-05-07,2026-05-08T05:56:36+00:00,2026-06-23,f4ca0622496b6f8773025fca8903b8560a64d7d66939aee36e34da8f01246755,b1c1ab61ed609f14419aa1d89d64ed77f5f1b980a0ad967d064abc18e41b3ca9,unique_exact_normalized_same_cohort_name
P2086e31fc5,2026,nbadraft_2026_fallback,nbadraft,17,60,https://www.nbadraft.net/nba-mock-drafts/,https://web.archive.org/web/20260508055636id_/https://www.nbadraft.net/nba-mock-drafts/,2026-05-07,2026-05-08T05:56:36+00:00,2026-06-23,f4ca0622496b6f8773025fca8903b8560a64d7d66939aee36e34da8f01246755,b1c1ab61ed609f14419aa1d89d64ed77f5f1b980a0ad967d064abc18e41b3ca9,unique_exact_normalized_same_cohort_name
Pd88150bb39,2026,nbadraft_2026_fallback,nbadraft,18,60,https://www.nbadraft.net/nba-mock-drafts/,https://web.archive.org/web/20260508055636id_/https://www.nbadraft.net/nba-mock-drafts/,2026-05-07,2026-05-08T05:56:36+00:00,2026-06-23,f4ca0622496b6f8773025fca8903b8560a64d7d66939aee36e34da8f01246755,b1c1ab61ed609f14419aa1d89d64ed77f5f1b980a0ad967d064abc18e41b3ca9,unique_exact_normalized_same_cohort_name
P011de6a94b,2026,nbadraft_2026_fallback,nbadraft,19,60,https://www.nbadraft.net/nba-mock-drafts/,https://web.archive.org/web/20260508055636id_/https://www.nbadraft.net/nba-mock-drafts/,2026-05-07,2026-05-08T05:56:36+00:00,2026-06-23,f4ca0622496b6f8773025fca8903b8560a64d7d66939aee36e34da8f01246755,b1c1ab61ed609f14419aa1d89d64ed77f5f1b980a0ad967d064abc18e41b3ca9,unique_exact_normalized_same_cohort_name
P03f35a2855,2026,nbadraft_2026_fallback,nbadraft,20,60,https://www.nbadraft.net/nba-mock-drafts/,https://web.archive.org/web/20260508055636id_/https://www.nbadraft.net/nba-mock-drafts/,2026-05-07,2026-05-08T05:56:36+00:00,2026-06-23,f4ca0622496b6f8773025fca8903b8560a64d7d66939aee36e34da8f01246755,b1c1ab61ed609f14419aa1d89d64ed77f5f1b980a0ad967d064abc18e41b3ca9,unique_exact_normalized_same_cohort_name
P9a9f9fa8f1,2026,nbadraft_2026_fallback,nbadraft,21,60,https://www.nbadraft.net/nba-mock-drafts/,https://web.archive.org/web/20260508055636id_/https://www.nbadraft.net/nba-mock-drafts/,2026-05-07,2026-05-08T05:56:36+00:00,2026-06-23,f4ca0622496b6f8773025fca8903b8560a64d7d66939aee36e34da8f01246755,b1c1ab61ed609f14419aa1d89d64ed77f5f1b980a0ad967d064abc18e41b3ca9,unique_exact_normalized_same_cohort_name
P279cdc2712,2026,nbadraft_2026_fallback,nbadraft,22,60,https://www.nbadraft.net/nba-mock-drafts/,https://web.archive.org/web/20260508055636id_/https://www.nbadraft.net/nba-mock-drafts/,2026-05-07,2026-05-08T05:56:36+00:00,2026-06-23,f4ca0622496b6f8773025fca8903b8560a64d7d66939aee36e34da8f01246755,b1c1ab61ed609f14419aa1d89d64ed77f5f1b980a0ad967d064abc18e41b3ca9,unique_exact_normalized_same_cohort_name
Pfd12de1732,2026,nbadraft_2026_fallback,nbadraft,23,60,https://www.nbadraft.net/nba-mock-drafts/,https://web.archive.org/web/20260508055636id_/https://www.nbadraft.net/nba-mock-drafts/,2026-05-07,2026-05-08T05:56:36+00:00,2026-06-23,f4ca0622496b6f8773025fca8903b8560a64d7d66939aee36e34da8f01246755,b1c1ab61ed609f14419aa1d89d64ed77f5f1b980a0ad967d064abc18e41b3ca9,unique_exact_normalized_same_cohort_name
P7c5fe0ebd3,2026,nbadraft_2026_fallback,nbadraft,24,60,https://www.nbadraft.net/nba-mock-drafts/,https://web.archive.org/web/20260508055636id_/https://www.nbadraft.net/nba-mock-drafts/,2026-05-07,2026-05-08T05:56:36+00:00,2026-06-23,f4ca0622496b6f8773025fca8903b8560a64d7d66939aee36e34da8f01246755,b1c1ab61ed609f14419aa1d89d64ed77f5f1b980a0ad967d064abc18e41b3ca9,unique_exact_normalized_same_cohort_name
Pd8381f9e2c,2026,nbadraft_2026_fallback,nbadraft,25,60,https://www.nbadraft.net/nba-mock-drafts/,https://web.archive.org/web/20260508055636id_/https://www.nbadraft.net/nba-mock-drafts/,2026-05-07,2026-05-08T05:56:36+00:00,2026-06-23,f4ca0622496b6f8773025fca8903b8560a64d7d66939aee36e34da8f01246755,b1c1ab61ed609f14419aa1d89d64ed77f5f1b980a0ad967d064abc18e41b3ca9,unique_exact_normalized_same_cohort_name
P5fe334203a,2026,nbadraft_2026_fallback,nbadraft,26,60,https://www.nbadraft.net/nba-mock-drafts/,https://web.archive.org/web/20260508055636id_/https://www.nbadraft.net/nba-mock-drafts/,2026-05-07,2026-05-08T05:56:36+00:00,2026-06-23,f4ca0622496b6f8773025fca8903b8560a64d7d66939aee36e34da8f01246755,b1c1ab61ed609f14419aa1d89d64ed77f5f1b980a0ad967d064abc18e41b3ca9,unique_exact_normalized_same_cohort_name
Pf02a0c42ed,2026,nbadraft_2026_fallback,nbadraft,27,60,https://www.nbadraft.net/nba-mock-drafts/,https://web.archive.org/web/20260508055636id_/https://www.nbadraft.net/nba-mock-drafts/,2026-05-07,2026-05-08T05:56:36+00:00,2026-06-23,f4ca0622496b6f8773025fca8903b8560a64d7d66939aee36e34da8f01246755,b1c1ab61ed609f14419aa1d89d64ed77f5f1b980a0ad967d064abc18e41b3ca9,unique_exact_normalized_same_cohort_name
P999bb1cbab,2026,nbadraft_2026_fallback,nbadraft,29,60,https://www.nbadraft.net/nba-mock-drafts/,https://web.archive.org/web/20260508055636id_/https://www.nbadraft.net/nba-mock-drafts/,2026-05-07,2026-05-08T05:56:36+00:00,2026-06-23,f4ca0622496b6f8773025fca8903b8560a64d7d66939aee36e34da8f01246755,b1c1ab61ed609f14419aa1d89d64ed77f5f1b980a0ad967d064abc18e41b3ca9,unique_exact_normalized_same_cohort_name
Pa5e266180e,2026,nbadraft_2026_fallback,nbadraft,32,60,https://www.nbadraft.net/nba-mock-drafts/,https://web.archive.org/web/20260508055636id_/https://www.nbadraft.net/nba-mock-drafts/,2026-05-07,2026-05-08T05:56:36+00:00,2026-06-23,f4ca0622496b6f8773025fca8903b8560a64d7d66939aee36e34da8f01246755,b1c1ab61ed609f14419aa1d89d64ed77f5f1b980a0ad967d064abc18e41b3ca9,unique_exact_normalized_same_cohort_name
Pb07d6373bb,2026,nbadraft_2026_fallback,nbadraft,33,60,https://www.nbadraft.net/nba-mock-drafts/,https://web.archive.org/web/20260508055636id_/https://www.nbadraft.net/nba-mock-drafts/,2026-05-07,2026-05-08T05:56:36+00:00,2026-06-23,f4ca0622496b6f8773025fca8903b8560a64d7d66939aee36e34da8f01246755,b1c1ab61ed609f14419aa1d89d64ed77f5f1b980a0ad967d064abc18e41b3ca9,unique_exact_normalized_same_cohort_name
P0b55371179,2026,nbadraft_2026_fallback,nbadraft,35,60,https://www.nbadraft.net/nba-mock-drafts/,https://web.archive.org/web/20260508055636id_/https://www.nbadraft.net/nba-mock-drafts/,2026-05-07,2026-05-08T05:56:36+00:00,2026-06-23,f4ca0622496b6f8773025fca8903b8560a64d7d66939aee36e34da8f01246755,b1c1ab61ed609f14419aa1d89d64ed77f5f1b980a0ad967d064abc18e41b3ca9,unique_exact_normalized_same_cohort_name
P53d139a0c8,2026,nbadraft_2026_fallback,nbadraft,36,60,https://www.nbadraft.net/nba-mock-drafts/,https://web.archive.org/web/20260508055636id_/https://www.nbadraft.net/nba-mock-drafts/,2026-05-07,2026-05-08T05:56:36+00:00,2026-06-23,f4ca0622496b6f8773025fca8903b8560a64d7d66939aee36e34da8f01246755,b1c1ab61ed609f14419aa1d89d64ed77f5f1b980a0ad967d064abc18e41b3ca9,unique_exact_normalized_same_cohort_name
Pd51160cf5e,2026,nbadraft_2026_fallback,nbadraft,37,60,https://www.nbadraft.net/nba-mock-drafts/,https://web.archive.org/web/20260508055636id_/https://www.nbadraft.net/nba-mock-drafts/,2026-05-07,2026-05-08T05:56:36+00:00,2026-06-23,f4ca0622496b6f8773025fca8903b8560a64d7d66939aee36e34da8f01246755,b1c1ab61ed609f14419aa1d89d64ed77f5f1b980a0ad967d064abc18e41b3ca9,unique_exact_normalized_same_cohort_name
Pfc8df2f375,2026,nbadraft_2026_fallback,nbadraft,39,60,https://www.nbadraft.net/nba-mock-drafts/,https://web.archive.org/web/20260508055636id_/https://www.nbadraft.net/nba-mock-drafts/,2026-05-07,2026-05-08T05:56:36+00:00,2026-06-23,f4ca0622496b6f8773025fca8903b8560a64d7d66939aee36e34da8f01246755,b1c1ab61ed609f14419aa1d89d64ed77f5f1b980a0ad967d064abc18e41b3ca9,unique_exact_normalized_same_cohort_name
Pd0d6a519f5,2026,nbadraft_2026_fallback,nbadraft,41,60,https://www.nbadraft.net/nba-mock-drafts/,https://web.archive.org/web/20260508055636id_/https://www.nbadraft.net/nba-mock-drafts/,2026-05-07,2026-05-08T05:56:36+00:00,2026-06-23,f4ca0622496b6f8773025fca8903b8560a64d7d66939aee36e34da8f01246755,b1c1ab61ed609f14419aa1d89d64ed77f5f1b980a0ad967d064abc18e41b3ca9,unique_exact_normalized_same_cohort_name
P3778eacc6f,2026,nbadraft_2026_fallback,nbadraft,42,60,https://www.nbadraft.net/nba-mock-drafts/,https://web.archive.org/web/20260508055636id_/https://www.nbadraft.net/nba-mock-drafts/,2026-05-07,2026-05-08T05:56:36+00:00,2026-06-23,f4ca0622496b6f8773025fca8903b8560a64d7d66939aee36e34da8f01246755,b1c1ab61ed609f14419aa1d89d64ed77f5f1b980a0ad967d064abc18e41b3ca9,unique_exact_normalized_same_cohort_name
P1715fe72c5,2026,nbadraft_2026_fallback,nbadraft,44,60,https://www.nbadraft.net/nba-mock-drafts/,https://web.archive.org/web/20260508055636id_/https://www.nbadraft.net/nba-mock-drafts/,2026-05-07,2026-05-08T05:56:36+00:00,2026-06-23,f4ca0622496b6f8773025fca8903b8560a64d7d66939aee36e34da8f01246755,b1c1ab61ed609f14419aa1d89d64ed77f5f1b980a0ad967d064abc18e41b3ca9,unique_exact_normalized_same_cohort_name
P56746fa0a3,2026,nbadraft_2026_fallback,nbadraft,45,60,https://www.nbadraft.net/nba-mock-drafts/,https://web.archive.org/web/20260508055636id_/https://www.nbadraft.net/nba-mock-drafts/,2026-05-07,2026-05-08T05:56:36+00:00,2026-06-23,f4ca0622496b6f8773025fca8903b8560a64d7d66939aee36e34da8f01246755,b1c1ab61ed609f14419aa1d89d64ed77f5f1b980a0ad967d064abc18e41b3ca9,unique_exact_normalized_same_cohort_name
P8d0ea24592,2026,nbadraft_2026_fallback,nbadraft,48,60,https://www.nbadraft.net/nba-mock-drafts/,https://web.archive.org/web/20260508055636id_/https://www.nbadraft.net/nba-mock-drafts/,2026-05-07,2026-05-08T05:56:36+00:00,2026-06-23,f4ca0622496b6f8773025fca8903b8560a64d7d66939aee36e34da8f01246755,b1c1ab61ed609f14419aa1d89d64ed77f5f1b980a0ad967d064abc18e41b3ca9,unique_exact_normalized_same_cohort_name
P328a9a467a,2026,nbadraft_2026_fallback,nbadraft,50,60,https://www.nbadraft.net/nba-mock-drafts/,https://web.archive.org/web/20260508055636id_/https://www.nbadraft.net/nba-mock-drafts/,2026-05-07,2026-05-08T05:56:36+00:00,2026-06-23,f4ca0622496b6f8773025fca8903b8560a64d7d66939aee36e34da8f01246755,b1c1ab61ed609f14419aa1d89d64ed77f5f1b980a0ad967d064abc18e41b3ca9,unique_exact_normalized_same_cohort_name
P6e67770ba5,2026,nbadraft_2026_fallback,nbadraft,51,60,https://www.nbadraft.net/nba-mock-drafts/,https://web.archive.org/web/20260508055636id_/https://www.nbadraft.net/nba-mock-drafts/,2026-05-07,2026-05-08T05:56:36+00:00,2026-06-23,f4ca0622496b6f8773025fca8903b8560a64d7d66939aee36e34da8f01246755,b1c1ab61ed609f14419aa1d89d64ed77f5f1b980a0ad967d064abc18e41b3ca9,unique_exact_normalized_same_cohort_name
Pbe096a5b87,2026,nbadraft_2026_fallback,nbadraft,52,60,https://www.nbadraft.net/nba-mock-drafts/,https://web.archive.org/web/20260508055636id_/https://www.nbadraft.net/nba-mock-drafts/,2026-05-07,2026-05-08T05:56:36+00:00,2026-06-23,f4ca0622496b6f8773025fca8903b8560a64d7d66939aee36e34da8f01246755,b1c1ab61ed609f14419aa1d89d64ed77f5f1b980a0ad967d064abc18e41b3ca9,unique_exact_normalized_same_cohort_name
P4b7967ab2f,2026,nbadraft_2026_fallback,nbadraft,53,60,https://www.nbadraft.net/nba-mock-drafts/,https://web.archive.org/web/20260508055636id_/https://www.nbadraft.net/nba-mock-drafts/,2026-05-07,2026-05-08T05:56:36+00:00,2026-06-23,f4ca0622496b6f8773025fca8903b8560a64d7d66939aee36e34da8f01246755,b1c1ab61ed609f14419aa1d89d64ed77f5f1b980a0ad967d064abc18e41b3ca9,unique_exact_normalized_same_cohort_name
P1723d857f7,2026,nbadraft_2026_fallback,nbadraft,54,60,https://www.nbadraft.net/nba-mock-drafts/,https://web.archive.org/web/20260508055636id_/https://www.nbadraft.net/nba-mock-drafts/,2026-05-07,2026-05-08T05:56:36+00:00,2026-06-23,f4ca0622496b6f8773025fca8903b8560a64d7d66939aee36e34da8f01246755,b1c1ab61ed609f14419aa1d89d64ed77f5f1b980a0ad967d064abc18e41b3ca9,unique_exact_normalized_same_cohort_name
P169cb5be9a,2026,nbadraft_2026_fallback,nbadraft,55,60,https://www.nbadraft.net/nba-mock-drafts/,https://web.archive.org/web/20260508055636id_/https://www.nbadraft.net/nba-mock-drafts/,2026-05-07,2026-05-08T05:56:36+00:00,2026-06-23,f4ca0622496b6f8773025fca8903b8560a64d7d66939aee36e34da8f01246755,b1c1ab61ed609f14419aa1d89d64ed77f5f1b980a0ad967d064abc18e41b3ca9,unique_exact_normalized_same_cohort_name
P84f7cbd5a8,2026,nbadraft_2026_fallback,nbadraft,57,60,https://www.nbadraft.net/nba-mock-drafts/,https://web.archive.org/web/20260508055636id_/https://www.nbadraft.net/nba-mock-drafts/,2026-05-07,2026-05-08T05:56:36+00:00,2026-06-23,f4ca0622496b6f8773025fca8903b8560a64d7d66939aee36e34da8f01246755,b1c1ab61ed609f14419aa1d89d64ed77f5f1b980a0ad967d064abc18e41b3ca9,unique_exact_normalized_same_cohort_name
P79aaab38df,2026,nbadraft_2026_fallback,nbadraft,58,60,https://www.nbadraft.net/nba-mock-drafts/,https://web.archive.org/web/20260508055636id_/https://www.nbadraft.net/nba-mock-drafts/,2026-05-07,2026-05-08T05:56:36+00:00,2026-06-23,f4ca0622496b6f8773025fca8903b8560a64d7d66939aee36e34da8f01246755,b1c1ab61ed609f14419aa1d89d64ed77f5f1b980a0ad967d064abc18e41b3ca9,unique_exact_normalized_same_cohort_name
Paf6b5cd8b6,2026,nbadraft_2026_fallback,nbadraft,59,60,https://www.nbadraft.net/nba-mock-drafts/,https://web.archive.org/web/20260508055636id_/https://www.nbadraft.net/nba-mock-drafts/,2026-05-07,2026-05-08T05:56:36+00:00,2026-06-23,f4ca0622496b6f8773025fca8903b8560a64d7d66939aee36e34da8f01246755,b1c1ab61ed609f14419aa1d89d64ed77f5f1b980a0ad967d064abc18e41b3ca9,unique_exact_normalized_same_cohort_name
P55d017c927,2018,walter_serious_2018,walter_serious,1,15,http://walterfootball.com/nbadraft2018mock.php,https://web.archive.org/web/20180618125339id_/http://walterfootball.com/nbadraft2018mock.php,2018-06-18,2018-06-18T12:53:39+00:00,2018-06-21,6990295cd5f91b4f31ee4d68d8a6246a827c524d1ec14c31936cc966609cddc8,976fe0d382e1002bf94d1209d6069f3002b40057d2c3adfb8935808b2930c5af,unique_exact_normalized_same_cohort_name
P42b9d239c3,2018,walter_serious_2018,walter_serious,2,15,http://walterfootball.com/nbadraft2018mock.php,https://web.archive.org/web/20180618125339id_/http://walterfootball.com/nbadraft2018mock.php,2018-06-18,2018-06-18T12:53:39+00:00,2018-06-21,6990295cd5f91b4f31ee4d68d8a6246a827c524d1ec14c31936cc966609cddc8,976fe0d382e1002bf94d1209d6069f3002b40057d2c3adfb8935808b2930c5af,unique_exact_normalized_same_cohort_name
Pcaa6f4e965,2018,walter_serious_2018,walter_serious,4,15,http://walterfootball.com/nbadraft2018mock.php,https://web.archive.org/web/20180618125339id_/http://walterfootball.com/nbadraft2018mock.php,2018-06-18,2018-06-18T12:53:39+00:00,2018-06-21,6990295cd5f91b4f31ee4d68d8a6246a827c524d1ec14c31936cc966609cddc8,976fe0d382e1002bf94d1209d6069f3002b40057d2c3adfb8935808b2930c5af,unique_exact_normalized_same_cohort_name
P17f11f33c2,2018,walter_serious_2018,walter_serious,5,15,http://walterfootball.com/nbadraft2018mock.php,https://web.archive.org/web/20180618125339id_/http://walterfootball.com/nbadraft2018mock.php,2018-06-18,2018-06-18T12:53:39+00:00,2018-06-21,6990295cd5f91b4f31ee4d68d8a6246a827c524d1ec14c31936cc966609cddc8,976fe0d382e1002bf94d1209d6069f3002b40057d2c3adfb8935808b2930c5af,unique_exact_normalized_same_cohort_name
Pd4282e2cb6,2018,walter_serious_2018,walter_serious,6,15,http://walterfootball.com/nbadraft2018mock.php,https://web.archive.org/web/20180618125339id_/http://walterfootball.com/nbadraft2018mock.php,2018-06-18,2018-06-18T12:53:39+00:00,2018-06-21,6990295cd5f91b4f31ee4d68d8a6246a827c524d1ec14c31936cc966609cddc8,976fe0d382e1002bf94d1209d6069f3002b40057d2c3adfb8935808b2930c5af,unique_exact_normalized_same_cohort_name
Peb77360d78,2018,walter_serious_2018,walter_serious,8,15,http://walterfootball.com/nbadraft2018mock.php,https://web.archive.org/web/20180618125339id_/http://walterfootball.com/nbadraft2018mock.php,2018-06-18,2018-06-18T12:53:39+00:00,2018-06-21,6990295cd5f91b4f31ee4d68d8a6246a827c524d1ec14c31936cc966609cddc8,976fe0d382e1002bf94d1209d6069f3002b40057d2c3adfb8935808b2930c5af,unique_exact_normalized_same_cohort_name
P6f990ff013,2018,walter_serious_2018,walter_serious,9,15,http://walterfootball.com/nbadraft2018mock.php,https://web.archive.org/web/20180618125339id_/http://walterfootball.com/nbadraft2018mock.php,2018-06-18,2018-06-18T12:53:39+00:00,2018-06-21,6990295cd5f91b4f31ee4d68d8a6246a827c524d1ec14c31936cc966609cddc8,976fe0d382e1002bf94d1209d6069f3002b40057d2c3adfb8935808b2930c5af,unique_exact_normalized_same_cohort_name
P946b6a7bec,2018,walter_serious_2018,walter_serious,10,15,http://walterfootball.com/nbadraft2018mock.php,https://web.archive.org/web/20180618125339id_/http://walterfootball.com/nbadraft2018mock.php,2018-06-18,2018-06-18T12:53:39+00:00,2018-06-21,6990295cd5f91b4f31ee4d68d8a6246a827c524d1ec14c31936cc966609cddc8,976fe0d382e1002bf94d1209d6069f3002b40057d2c3adfb8935808b2930c5af,unique_exact_normalized_same_cohort_name
P4467431c36,2018,walter_serious_2018,walter_serious,11,15,http://walterfootball.com/nbadraft2018mock.php,https://web.archive.org/web/20180618125339id_/http://walterfootball.com/nbadraft2018mock.php,2018-06-18,2018-06-18T12:53:39+00:00,2018-06-21,6990295cd5f91b4f31ee4d68d8a6246a827c524d1ec14c31936cc966609cddc8,976fe0d382e1002bf94d1209d6069f3002b40057d2c3adfb8935808b2930c5af,unique_exact_normalized_same_cohort_name
P50c2524b85,2018,walter_serious_2018,walter_serious,12,15,http://walterfootball.com/nbadraft2018mock.php,https://web.archive.org/web/20180618125339id_/http://walterfootball.com/nbadraft2018mock.php,2018-06-18,2018-06-18T12:53:39+00:00,2018-06-21,6990295cd5f91b4f31ee4d68d8a6246a827c524d1ec14c31936cc966609cddc8,976fe0d382e1002bf94d1209d6069f3002b40057d2c3adfb8935808b2930c5af,unique_exact_normalized_same_cohort_name
P57ab80ef44,2018,walter_serious_2018,walter_serious,14,15,http://walterfootball.com/nbadraft2018mock.php,https://web.archive.org/web/20180618125339id_/http://walterfootball.com/nbadraft2018mock.php,2018-06-18,2018-06-18T12:53:39+00:00,2018-06-21,6990295cd5f91b4f31ee4d68d8a6246a827c524d1ec14c31936cc966609cddc8,976fe0d382e1002bf94d1209d6069f3002b40057d2c3adfb8935808b2930c5af,unique_exact_normalized_same_cohort_name
P00e7133fc6,2019,walter_serious_2019,walter_serious,1,15,http://walterfootball.com/nbadraft2019mock.php,https://web.archive.org/web/20190518055238id_/http://walterfootball.com/nbadraft2019mock.php,2019-05-15,2019-05-18T05:52:38+00:00,2019-06-20,bcca14bd044c5a18d6e7caa6dae075224994de531103f344c2f7b943748c0c60,85c51b1d1660a8b79ab0c8e37755dd33070287cb0cdff28e81e76c7ed68492ff,unique_exact_normalized_same_cohort_name
Pfe4fcea486,2019,walter_serious_2019,walter_serious,2,15,http://walterfootball.com/nbadraft2019mock.php,https://web.archive.org/web/20190518055238id_/http://walterfootball.com/nbadraft2019mock.php,2019-05-15,2019-05-18T05:52:38+00:00,2019-06-20,bcca14bd044c5a18d6e7caa6dae075224994de531103f344c2f7b943748c0c60,85c51b1d1660a8b79ab0c8e37755dd33070287cb0cdff28e81e76c7ed68492ff,unique_exact_normalized_same_cohort_name
Pa9cae64430,2019,walter_serious_2019,walter_serious,3,15,http://walterfootball.com/nbadraft2019mock.php,https://web.archive.org/web/20190518055238id_/http://walterfootball.com/nbadraft2019mock.php,2019-05-15,2019-05-18T05:52:38+00:00,2019-06-20,bcca14bd044c5a18d6e7caa6dae075224994de531103f344c2f7b943748c0c60,85c51b1d1660a8b79ab0c8e37755dd33070287cb0cdff28e81e76c7ed68492ff,unique_exact_normalized_same_cohort_name
Pbc4309c829,2019,walter_serious_2019,walter_serious,4,15,http://walterfootball.com/nbadraft2019mock.php,https://web.archive.org/web/20190518055238id_/http://walterfootball.com/nbadraft2019mock.php,2019-05-15,2019-05-18T05:52:38+00:00,2019-06-20,bcca14bd044c5a18d6e7caa6dae075224994de531103f344c2f7b943748c0c60,85c51b1d1660a8b79ab0c8e37755dd33070287cb0cdff28e81e76c7ed68492ff,unique_exact_normalized_same_cohort_name
P846172a369,2019,walter_serious_2019,walter_serious,5,15,http://walterfootball.com/nbadraft2019mock.php,https://web.archive.org/web/20190518055238id_/http://walterfootball.com/nbadraft2019mock.php,2019-05-15,2019-05-18T05:52:38+00:00,2019-06-20,bcca14bd044c5a18d6e7caa6dae075224994de531103f344c2f7b943748c0c60,85c51b1d1660a8b79ab0c8e37755dd33070287cb0cdff28e81e76c7ed68492ff,unique_exact_normalized_same_cohort_name
P43dec358d1,2019,walter_serious_2019,walter_serious,6,15,http://walterfootball.com/nbadraft2019mock.php,https://web.archive.org/web/20190518055238id_/http://walterfootball.com/nbadraft2019mock.php,2019-05-15,2019-05-18T05:52:38+00:00,2019-06-20,bcca14bd044c5a18d6e7caa6dae075224994de531103f344c2f7b943748c0c60,85c51b1d1660a8b79ab0c8e37755dd33070287cb0cdff28e81e76c7ed68492ff,unique_exact_normalized_same_cohort_name
P297d12820e,2019,walter_serious_2019,walter_serious,7,15,http://walterfootball.com/nbadraft2019mock.php,https://web.archive.org/web/20190518055238id_/http://walterfootball.com/nbadraft2019mock.php,2019-05-15,2019-05-18T05:52:38+00:00,2019-06-20,bcca14bd044c5a18d6e7caa6dae075224994de531103f344c2f7b943748c0c60,85c51b1d1660a8b79ab0c8e37755dd33070287cb0cdff28e81e76c7ed68492ff,unique_exact_normalized_same_cohort_name
Ped6b9a1a7c,2019,walter_serious_2019,walter_serious,9,15,http://walterfootball.com/nbadraft2019mock.php,https://web.archive.org/web/20190518055238id_/http://walterfootball.com/nbadraft2019mock.php,2019-05-15,2019-05-18T05:52:38+00:00,2019-06-20,bcca14bd044c5a18d6e7caa6dae075224994de531103f344c2f7b943748c0c60,85c51b1d1660a8b79ab0c8e37755dd33070287cb0cdff28e81e76c7ed68492ff,unique_exact_normalized_same_cohort_name
Pbea2d75e26,2019,walter_serious_2019,walter_serious,10,15,http://walterfootball.com/nbadraft2019mock.php,https://web.archive.org/web/20190518055238id_/http://walterfootball.com/nbadraft2019mock.php,2019-05-15,2019-05-18T05:52:38+00:00,2019-06-20,bcca14bd044c5a18d6e7caa6dae075224994de531103f344c2f7b943748c0c60,85c51b1d1660a8b79ab0c8e37755dd33070287cb0cdff28e81e76c7ed68492ff,unique_exact_normalized_same_cohort_name
P6f1d3c64d2,2019,walter_serious_2019,walter_serious,11,15,http://walterfootball.com/nbadraft2019mock.php,https://web.archive.org/web/20190518055238id_/http://walterfootball.com/nbadraft2019mock.php,2019-05-15,2019-05-18T05:52:38+00:00,2019-06-20,bcca14bd044c5a18d6e7caa6dae075224994de531103f344c2f7b943748c0c60,85c51b1d1660a8b79ab0c8e37755dd33070287cb0cdff28e81e76c7ed68492ff,unique_exact_normalized_same_cohort_name
P8209ad6040,2019,walter_serious_2019,walter_serious,12,15,http://walterfootball.com/nbadraft2019mock.php,https://web.archive.org/web/20190518055238id_/http://walterfootball.com/nbadraft2019mock.php,2019-05-15,2019-05-18T05:52:38+00:00,2019-06-20,bcca14bd044c5a18d6e7caa6dae075224994de531103f344c2f7b943748c0c60,85c51b1d1660a8b79ab0c8e37755dd33070287cb0cdff28e81e76c7ed68492ff,unique_exact_normalized_same_cohort_name
P9540818d9f,2019,walter_serious_2019,walter_serious,13,15,http://walterfootball.com/nbadraft2019mock.php,https://web.archive.org/web/20190518055238id_/http://walterfootball.com/nbadraft2019mock.php,2019-05-15,2019-05-18T05:52:38+00:00,2019-06-20,bcca14bd044c5a18d6e7caa6dae075224994de531103f344c2f7b943748c0c60,85c51b1d1660a8b79ab0c8e37755dd33070287cb0cdff28e81e76c7ed68492ff,unique_exact_normalized_same_cohort_name
P5cd98708f1,2019,walter_serious_2019,walter_serious,14,15,http://walterfootball.com/nbadraft2019mock.php,https://web.archive.org/web/20190518055238id_/http://walterfootball.com/nbadraft2019mock.php,2019-05-15,2019-05-18T05:52:38+00:00,2019-06-20,bcca14bd044c5a18d6e7caa6dae075224994de531103f344c2f7b943748c0c60,85c51b1d1660a8b79ab0c8e37755dd33070287cb0cdff28e81e76c7ed68492ff,unique_exact_normalized_same_cohort_name
P6a5f6ac2d8,2019,walter_serious_2019,walter_serious,15,15,http://walterfootball.com/nbadraft2019mock.php,https://web.archive.org/web/20190518055238id_/http://walterfootball.com/nbadraft2019mock.php,2019-05-15,2019-05-18T05:52:38+00:00,2019-06-20,bcca14bd044c5a18d6e7caa6dae075224994de531103f344c2f7b943748c0c60,85c51b1d1660a8b79ab0c8e37755dd33070287cb0cdff28e81e76c7ed68492ff,unique_exact_normalized_same_cohort_name
Pba698d642d,2020,walter_serious_2020,walter_serious,1,15,https://walterfootball.com/nbadraft2020mock.php,https://web.archive.org/web/20201028170012id_/https://walterfootball.com/nbadraft2020mock.php,2019-09-25,2020-10-28T17:00:12+00:00,2020-11-18,40a20cb33e26095a77b7a6c19dc1c04584d114d6329a9d9559597f8654485af4,f5e2e6c8e822577e5a57cd89651880c899931d913d1d4c1a650d8d02a0370919,unique_exact_normalized_same_cohort_name
P35f0fb7731,2020,walter_serious_2020,walter_serious,2,15,https://walterfootball.com/nbadraft2020mock.php,https://web.archive.org/web/20201028170012id_/https://walterfootball.com/nbadraft2020mock.php,2019-09-25,2020-10-28T17:00:12+00:00,2020-11-18,40a20cb33e26095a77b7a6c19dc1c04584d114d6329a9d9559597f8654485af4,f5e2e6c8e822577e5a57cd89651880c899931d913d1d4c1a650d8d02a0370919,unique_exact_normalized_same_cohort_name
P3c885ec031,2020,walter_serious_2020,walter_serious,3,15,https://walterfootball.com/nbadraft2020mock.php,https://web.archive.org/web/20201028170012id_/https://walterfootball.com/nbadraft2020mock.php,2019-09-25,2020-10-28T17:00:12+00:00,2020-11-18,40a20cb33e26095a77b7a6c19dc1c04584d114d6329a9d9559597f8654485af4,f5e2e6c8e822577e5a57cd89651880c899931d913d1d4c1a650d8d02a0370919,unique_exact_normalized_same_cohort_name
P388cb0d5da,2020,walter_serious_2020,walter_serious,4,15,https://walterfootball.com/nbadraft2020mock.php,https://web.archive.org/web/20201028170012id_/https://walterfootball.com/nbadraft2020mock.php,2019-09-25,2020-10-28T17:00:12+00:00,2020-11-18,40a20cb33e26095a77b7a6c19dc1c04584d114d6329a9d9559597f8654485af4,f5e2e6c8e822577e5a57cd89651880c899931d913d1d4c1a650d8d02a0370919,unique_exact_normalized_same_cohort_name
Pde7308c87b,2020,walter_serious_2020,walter_serious,5,15,https://walterfootball.com/nbadraft2020mock.php,https://web.archive.org/web/20201028170012id_/https://walterfootball.com/nbadraft2020mock.php,2019-09-25,2020-10-28T17:00:12+00:00,2020-11-18,40a20cb33e26095a77b7a6c19dc1c04584d114d6329a9d9559597f8654485af4,f5e2e6c8e822577e5a57cd89651880c899931d913d1d4c1a650d8d02a0370919,unique_exact_normalized_same_cohort_name
Pe0b660d280,2020,walter_serious_2020,walter_serious,6,15,https://walterfootball.com/nbadraft2020mock.php,https://web.archive.org/web/20201028170012id_/https://walterfootball.com/nbadraft2020mock.php,2019-09-25,2020-10-28T17:00:12+00:00,2020-11-18,40a20cb33e26095a77b7a6c19dc1c04584d114d6329a9d9559597f8654485af4,f5e2e6c8e822577e5a57cd89651880c899931d913d1d4c1a650d8d02a0370919,unique_exact_normalized_same_cohort_name
Pa430d00e1f,2020,walter_serious_2020,walter_serious,7,15,https://walterfootball.com/nbadraft2020mock.php,https://web.archive.org/web/20201028170012id_/https://walterfootball.com/nbadraft2020mock.php,2019-09-25,2020-10-28T17:00:12+00:00,2020-11-18,40a20cb33e26095a77b7a6c19dc1c04584d114d6329a9d9559597f8654485af4,f5e2e6c8e822577e5a57cd89651880c899931d913d1d4c1a650d8d02a0370919,unique_exact_normalized_same_cohort_name
P3ff36ffdc1,2020,walter_serious_2020,walter_serious,8,15,https://walterfootball.com/nbadraft2020mock.php,https://web.archive.org/web/20201028170012id_/https://walterfootball.com/nbadraft2020mock.php,2019-09-25,2020-10-28T17:00:12+00:00,2020-11-18,40a20cb33e26095a77b7a6c19dc1c04584d114d6329a9d9559597f8654485af4,f5e2e6c8e822577e5a57cd89651880c899931d913d1d4c1a650d8d02a0370919,unique_exact_normalized_same_cohort_name
Pa7dbf13041,2020,walter_serious_2020,walter_serious,9,15,https://walterfootball.com/nbadraft2020mock.php,https://web.archive.org/web/20201028170012id_/https://walterfootball.com/nbadraft2020mock.php,2019-09-25,2020-10-28T17:00:12+00:00,2020-11-18,40a20cb33e26095a77b7a6c19dc1c04584d114d6329a9d9559597f8654485af4,f5e2e6c8e822577e5a57cd89651880c899931d913d1d4c1a650d8d02a0370919,unique_exact_normalized_same_cohort_name
P90a7395cb0,2020,walter_serious_2020,walter_serious,11,15,https://walterfootball.com/nbadraft2020mock.php,https://web.archive.org/web/20201028170012id_/https://walterfootball.com/nbadraft2020mock.php,2019-09-25,2020-10-28T17:00:12+00:00,2020-11-18,40a20cb33e26095a77b7a6c19dc1c04584d114d6329a9d9559597f8654485af4,f5e2e6c8e822577e5a57cd89651880c899931d913d1d4c1a650d8d02a0370919,unique_exact_normalized_same_cohort_name
Pad0b972baf,2020,walter_serious_2020,walter_serious,14,15,https://walterfootball.com/nbadraft2020mock.php,https://web.archive.org/web/20201028170012id_/https://walterfootball.com/nbadraft2020mock.php,2019-09-25,2020-10-28T17:00:12+00:00,2020-11-18,40a20cb33e26095a77b7a6c19dc1c04584d114d6329a9d9559597f8654485af4,f5e2e6c8e822577e5a57cd89651880c899931d913d1d4c1a650d8d02a0370919,unique_exact_normalized_same_cohort_name
Pc2d24d5902,2020,walter_serious_2020,walter_serious,15,15,https://walterfootball.com/nbadraft2020mock.php,https://web.archive.org/web/20201028170012id_/https://walterfootball.com/nbadraft2020mock.php,2019-09-25,2020-10-28T17:00:12+00:00,2020-11-18,40a20cb33e26095a77b7a6c19dc1c04584d114d6329a9d9559597f8654485af4,f5e2e6c8e822577e5a57cd89651880c899931d913d1d4c1a650d8d02a0370919,unique_exact_normalized_same_cohort_name
