pid,fy_has_youth,fy_n_tournaments,fy_best_level,fy_age_rel_last,fy_age_rel_min,fy_underage_flag,fy_pts40_z_last,fy_pir40_z_last,fy_ts_z_last,fy_ast40_z_last,fy_stl_blk40_z_last,fy_usage_proxy_z_last,fy_best_pts40_z,fy_best_pir40_z,fy_z_trend,fy_minutes_share_last,fy_team_finish_last,fy_hoop_summit_world
Pfb151947b8,0,0,,,,,,,,,,,,,,,,0
Pb9c8134dba,0,0,,,,,,,,,,,,,,,,0
P70be92ee2a,0,0,,,,,,,,,,,,,,,,0
P7aebb4f3da,0,0,,,,,,,,,,,,,,,,0
Pe4182c4c9a,0,0,,,,,,,,,,,,,,,,0
Pdaa5dc2ffe,0,0,,,,,,,,,,,,,,,,0
P0a16bf5dcd,0,0,,,,,,,,,,,,,,,,0
P4d044e6517,0,0,,,,,,,,,,,,,,,,0
P332366fd23,0,0,,,,,,,,,,,,,,,,0
Pf596e595fa,0,0,,,,,,,,,,,,,,,,0
P2225ba1e79,0,0,,,,,,,,,,,,,,,,0
Pa1cb69e2d5,0,0,,,,,,,,,,,,,,,,0
Pbd1bd31363,0,0,,,,,,,,,,,,,,,,0
P049a006ba4,0,0,,,,,,,,,,,,,,,,0
Pf2b2bf7c90,0,0,,,,,,,,,,,,,,,,0
P382ba08b06,0,0,,,,,,,,,,,,,,,,0
Pdfcccbc0ee,0,0,,,,,,,,,,,,,,,,0
P180bfe573f,0,0,,,,,,,,,,,,,,,,0
P5ea8063b82,0,0,,,,,,,,,,,,,,,,0
P8b55924f31,0,0,,,,,,,,,,,,,,,,0
P360a02c8f3,0,0,,,,,,,,,,,,,,,,0
P8df0a8788c,0,0,,,,,,,,,,,,,,,,0
P22993a7ac8,0,0,,,,,,,,,,,,,,,,0
P52ae6ebde1,0,0,,,,,,,,,,,,,,,,0
P3ef49a42d2,0,0,,,,,,,,,,,,,,,,0
Pa5a2a6e8b9,0,0,,,,,,,,,,,,,,,,0
P91ba0ccfb7,0,0,,,,,,,,,,,,,,,,0
P8b719e2981,0,0,,,,,,,,,,,,,,,,0
Pc3df7f8dbd,0,0,,,,,,,,,,,,,,,,0
P39bae689b5,0,0,,,,,,,,,,,,,,,,0
Pd5c75d3b01,0,0,,,,,,,,,,,,,,,,0
P189ad0416e,0,0,,,,,,,,,,,,,,,,0
Pefcb67dee7,0,0,,,,,,,,,,,,,,,,0
P07fb065f28,0,0,,,,,,,,,,,,,,,,0
P6c17983aad,0,0,,,,,,,,,,,,,,,,0
P0b8d4db24c,0,0,,,,,,,,,,,,,,,,0
P1d1b852c8c,0,0,,,,,,,,,,,,,,,,0
P98015d62ae,0,0,,,,,,,,,,,,,,,,0
P620c88aaa1,0,0,,,,,,,,,,,,,,,,0
P69d740b582,0,0,,,,,,,,,,,,,,,,0
P9c1ee88716,0,0,,,,,,,,,,,,,,,,1
P65db320efe,0,0,,,,,,,,,,,,,,,,0
Pfdb326aa01,0,0,,,,,,,,,,,,,,,,0
Pd764197a9d,0,0,,,,,,,,,,,,,,,,0
P7903308993,0,0,,,,,,,,,,,,,,,,0
P1c5dc0dbc6,0,0,,,,,,,,,,,,,,,,0
Paff659398c,0,0,,,,,,,,,,,,,,,,1
P1f7c85948b,0,0,,,,,,,,,,,,,,,,0
P0e7eb7e056,0,0,,,,,,,,,,,,,,,,0
P497243f189,0,0,,,,,,,,,,,,,,,,0
P8955b1a9c4,0,0,,,,,,,,,,,,,,,,1
P9e0485e8f6,0,0,,,,,,,,,,,,,,,,0
Pd72f71c2bb,0,0,,,,,,,,,,,,,,,,0
P2864fd765b,0,0,,,,,,,,,,,,,,,,0
P530a84e49c,0,0,,,,,,,,,,,,,,,,0
P3cfed129a3,0,0,,,,,,,,,,,,,,,,0
P8105ba296c,0,0,,,,,,,,,,,,,,,,0
P7cf0118ef7,0,0,,,,,,,,,,,,,,,,0
P7b63dad40c,0,0,,,,,,,,,,,,,,,,0
Pbc657442d8,0,0,,,,,,,,,,,,,,,,0
Pa0da0f38dc,0,0,,,,,,,,,,,,,,,,0
P9a587a1a63,0,0,,,,,,,,,,,,,,,,0
P2899765f70,0,0,,,,,,,,,,,,,,,,0
P1f84c6033c,0,0,,,,,,,,,,,,,,,,0
Pcb83527531,0,0,,,,,,,,,,,,,,,,0
P9aa2c80a45,0,0,,,,,,,,,,,,,,,,0
Pd49ad433a6,0,0,,,,,,,,,,,,,,,,0
P1de330dcda,0,0,,,,,,,,,,,,,,,,0
Pe7b575da0a,0,0,,,,,,,,,,,,,,,,0
Pbcfa5eaec6,0,0,,,,,,,,,,,,,,,,0
P3f83cdea39,0,0,,,,,,,,,,,,,,,,0
Pc7c312fdc1,0,0,,,,,,,,,,,,,,,,0
Pff73e1eace,0,0,,,,,,,,,,,,,,,,0
Pe88af25410,0,0,,,,,,,,,,,,,,,,0
P854c694553,0,0,,,,,,,,,,,,,,,,0
P1d7e465328,0,0,,,,,,,,,,,,,,,,0
Peca9b04dbf,0,0,,,,,,,,,,,,,,,,0
P0fd2ff4395,0,0,,,,,,,,,,,,,,,,0
Pac419c235c,0,0,,,,,,,,,,,,,,,,0
P704a5fd478,0,0,,,,,,,,,,,,,,,,0
P0d7e76d154,0,0,,,,,,,,,,,,,,,,0
P98f905fdef,0,0,,,,,,,,,,,,,,,,1
Pdcd864f0fb,0,0,,,,,,,,,,,,,,,,0
P842a2f3c2e,0,0,,,,,,,,,,,,,,,,0
P675a30c147,0,0,,,,,,,,,,,,,,,,0
P563df84956,0,0,,,,,,,,,,,,,,,,0
P3a25271b04,0,0,,,,,,,,,,,,,,,,0
P75d87cd190,0,0,,,,,,,,,,,,,,,,0
Paf6a9c1c9e,0,0,,,,,,,,,,,,,,,,0
P2ee25c689c,0,0,,,,,,,,,,,,,,,,0
P1bd862cc0f,0,0,,,,,,,,,,,,,,,,0
P9650bb1a40,0,0,,,,,,,,,,,,,,,,0
Pcba63fe240,0,0,,,,,,,,,,,,,,,,0
Pd4900db84d,0,0,,,,,,,,,,,,,,,,0
P4da2c7e178,0,0,,,,,,,,,,,,,,,,0
Pfcc31e3705,0,0,,,,,,,,,,,,,,,,0
P3ebb78aaf3,0,0,,,,,,,,,,,,,,,,0
P6dc3d3ca5e,1,3,3,0.325505,0.158138,0,1.29326,1.1643,0.275428,1.53708,0.0741718,0.84268,1.85055,2.821,-1.04989,0.71875,1,1
P2a8e69fc8a,0,0,,,,,,,,,,,,,,,,0
P07655923d4,0,0,,,,,,,,,,,,,,,,0
Pc0571f7238,0,0,,,,,,,,,,,,,,,,0
Pd3b6bf6d79,0,0,,,,,,,,,,,,,,,,0
Paeace7e70c,0,0,,,,,,,,,,,,,,,,0
P989fbfa539,0,0,,,,,,,,,,,,,,,,0
Pe0dd44e42b,0,0,,,,,,,,,,,,,,,,0
Pf532d918b8,0,0,,,,,,,,,,,,,,,,0
Paa277db6ca,0,0,,,,,,,,,,,,,,,,0
P3d1a59b5a2,0,0,,,,,,,,,,,,,,,,0
P002581103b,0,0,,,,,,,,,,,,,,,,0
P6d3c0c239e,0,0,,,,,,,,,,,,,,,,0
P5303425662,0,0,,,,,,,,,,,,,,,,0
P0fee52cfc4,0,0,,,,,,,,,,,,,,,,0
P4f8c953cc8,0,0,,,,,,,,,,,,,,,,1
Pe0f44d3916,0,0,,,,,,,,,,,,,,,,0
Pc5a3285209,0,0,,,,,,,,,,,,,,,,1
P0a2d28a2d0,0,0,,,,,,,,,,,,,,,,0
Pc0e2cf5bcc,0,0,,,,,,,,,,,,,,,,0
Pf65d71b77e,0,0,,,,,,,,,,,,,,,,0
P9aa7ef7a41,0,0,,,,,,,,,,,,,,,,0
P666726f41f,0,0,,,,,,,,,,,,,,,,0
Pd1e82d8666,0,0,,,,,,,,,,,,,,,,0
P820aca19f1,0,0,,,,,,,,,,,,,,,,0
Pf7459f37f3,0,0,,,,,,,,,,,,,,,,0
Pa93cedf1ed,0,0,,,,,,,,,,,,,,,,0
Pbd83a701c7,0,0,,,,,,,,,,,,,,,,0
Pca59ea1b39,0,0,,,,,,,,,,,,,,,,0
P2c0a429f79,0,0,,,,,,,,,,,,,,,,0
Pa33e366fdf,0,0,,,,,,,,,,,,,,,,0
P759a9434cf,0,0,,,,,,,,,,,,,,,,0
P8fba680b01,0,0,,,,,,,,,,,,,,,,0
P6d016b475a,0,0,,,,,,,,,,,,,,,,0
P73f5726100,0,0,,,,,,,,,,,,,,,,0
P0e7fc05f4f,0,0,,,,,,,,,,,,,,,,0
P4caf77098c,0,0,,,,,,,,,,,,,,,,0
Pd06a43915a,0,0,,,,,,,,,,,,,,,,0
Pe929ebb536,0,0,,,,,,,,,,,,,,,,0
P1199724869,0,0,,,,,,,,,,,,,,,,0
P979bc77e15,0,0,,,,,,,,,,,,,,,,0
Pc692096d48,1,2,3,-0.57319,-0.750847,0,1.23562,1.4477,1.03421,-0.513242,-0.591906,0.590034,1.23562,1.4477,0.619008,0.68,0,0
Pa08cb88c9e,0,0,,,,,,,,,,,,,,,,0
P634aaac9d4,0,0,,,,,,,,,,,,,,,,0
P3d9db1cda1,0,0,,,,,,,,,,,,,,,,0
P6031807405,0,0,,,,,,,,,,,,,,,,0
P01fc763e95,0,0,,,,,,,,,,,,,,,,0
P91e42fff83,0,0,,,,,,,,,,,,,,,,0
P7662bd9a71,0,0,,,,,,,,,,,,,,,,0
Pb7f87f6748,0,0,,,,,,,,,,,,,,,,0
P540f972282,0,0,,,,,,,,,,,,,,,,0
P33f4d69488,0,0,,,,,,,,,,,,,,,,1
Pc0e29b5887,0,0,,,,,,,,,,,,,,,,0
P5656ae84e7,0,0,,,,,,,,,,,,,,,,0
P792efcc523,0,0,,,,,,,,,,,,,,,,0
P59cd2b2d22,0,0,,,,,,,,,,,,,,,,0
P71d533551f,0,0,,,,,,,,,,,,,,,,0
P4c416f9cab,0,0,,,,,,,,,,,,,,,,0
P0459b830f2,0,0,,,,,,,,,,,,,,,,0
Pd2dc1d3e0e,0,0,,,,,,,,,,,,,,,,0
P357471422c,0,0,,,,,,,,,,,,,,,,0
Pb74259d44e,0,0,,,,,,,,,,,,,,,,0
P33c766f164,0,0,,,,,,,,,,,,,,,,0
Pd4f1d19d77,0,0,,,,,,,,,,,,,,,,0
P42dd9e15a4,0,0,,,,,,,,,,,,,,,,0
P4cd866005e,0,0,,,,,,,,,,,,,,,,0
Pfdab72198e,0,0,,,,,,,,,,,,,,,,0
P70ecb2ee9d,0,0,,,,,,,,,,,,,,,,0
P780ecd00c5,0,0,,,,,,,,,,,,,,,,1
P2abf5d1b69,0,0,,,,,,,,,,,,,,,,0
P7d55637f90,0,0,,,,,,,,,,,,,,,,0
P39c99a28df,0,0,,,,,,,,,,,,,,,,0
Pe79941522f,0,0,,,,,,,,,,,,,,,,0
P5635d18ecc,0,0,,,,,,,,,,,,,,,,0
Pe961cc9c52,0,0,,,,,,,,,,,,,,,,0
P47eee57e35,0,0,,,,,,,,,,,,,,,,0
P3514cc9b35,0,0,,,,,,,,,,,,,,,,0
P71645345d7,0,0,,,,,,,,,,,,,,,,0
P021e6add75,0,0,,,,,,,,,,,,,,,,0
P830efff813,0,0,,,,,,,,,,,,,,,,1
Pdacee2a50f,0,0,,,,,,,,,,,,,,,,0
P3769bd015c,0,0,,,,,,,,,,,,,,,,0
P4adcc58a26,0,0,,,,,,,,,,,,,,,,1
P648b9117f8,0,0,,,,,,,,,,,,,,,,0
Pebd90a92ff,0,0,,,,,,,,,,,,,,,,0
P187b6721ca,0,0,,,,,,,,,,,,,,,,0
P6d9b6a98b1,0,0,,,,,,,,,,,,,,,,0
P85381afe4a,0,0,,,,,,,,,,,,,,,,0
P2ca94b8a14,0,0,,,,,,,,,,,,,,,,0
P3c40dc7411,0,0,,,,,,,,,,,,,,,,0
Pe932df1062,0,0,,,,,,,,,,,,,,,,0
P83519063cc,0,0,,,,,,,,,,,,,,,,0
Pfe4a1d82f4,0,0,,,,,,,,,,,,,,,,0
P396b44b337,0,0,,,,,,,,,,,,,,,,0
Pa3f1da9bab,0,0,,,,,,,,,,,,,,,,0
P98207c2747,0,0,,,,,,,,,,,,,,,,0
Pcf7f47cd26,0,0,,,,,,,,,,,,,,,,0
P4b934e1435,0,0,,,,,,,,,,,,,,,,0
Pca9a20b4db,0,0,,,,,,,,,,,,,,,,0
Pe09c2486c8,0,0,,,,,,,,,,,,,,,,0
Pd72acae20f,0,0,,,,,,,,,,,,,,,,0
P797b6b2deb,0,0,,,,,,,,,,,,,,,,0
P06b92eaa32,0,0,,,,,,,,,,,,,,,,0
Pd51bbef7c1,0,0,,,,,,,,,,,,,,,,0
Pb3ff680bd6,0,0,,,,,,,,,,,,,,,,0
Pbc5a0470c9,0,0,,,,,,,,,,,,,,,,0
P014b6ed928,1,1,3,-0.805632,-0.805632,0,0.934124,1.75559,1.01255,-0.124743,1.28647,0.373921,0.934124,1.75559,,0.59,0,0
Pae0e6be256,0,0,,,,,,,,,,,,,,,,0
Peab571b95d,0,0,,,,,,,,,,,,,,,,0
P39c1b5b439,0,0,,,,,,,,,,,,,,,,0
P01056a0f18,0,0,,,,,,,,,,,,,,,,0
P7feaaeffcb,0,0,,,,,,,,,,,,,,,,0
P0efa2b4f7d,0,0,,,,,,,,,,,,,,,,0
P3d283763c2,0,0,,,,,,,,,,,,,,,,0
P9dc8436179,0,0,,,,,,,,,,,,,,,,0
Pc5cf3e8f14,1,2,3,0.596557,0.429191,0,0.578891,0.617102,0.0576439,0.0973383,1.18652,0.494704,2.98009,3.15507,-2.53797,0.7,1,0
Pced63c164c,0,0,,,,,,,,,,,,,,,,0
P64b1bc7766,0,0,,,,,,,,,,,,,,,,0
P3c6c730bf2,0,0,,,,,,,,,,,,,,,,0
Pace4fe8116,0,0,,,,,,,,,,,,,,,,0
P539180f113,0,0,,,,,,,,,,,,,,,,0
P5e97ce9bc9,0,0,,,,,,,,,,,,,,,,0
P37455198a4,0,0,,,,,,,,,,,,,,,,0
Pa526a12aa4,0,0,,,,,,,,,,,,,,,,0
Pb7edd3ead7,0,0,,,,,,,,,,,,,,,,0
P38d9dee28f,1,3,3,0.41038,0.243013,0,-0.725318,0.039787,-0.066492,0.763467,0.497891,-0.625399,0.962598,1.36364,-1.32385,0.68125,1,0
P53313a94c2,1,1,3,0.00243157,0.00243157,0,1.23399,0.662699,0.532738,0.972731,0.771474,0.968528,1.23399,0.662699,,0.84375,2,0
P5e60e1df8d,0,0,,,,,,,,,,,,,,,,0
Pc441e97a64,0,0,,,,,,,,,,,,,,,,0
P6294004747,0,0,,,,,,,,,,,,,,,,0
P3dd5c6b05b,0,0,,,,,,,,,,,,,,,,0
Pd0fb9bca1b,0,0,,,,,,,,,,,,,,,,0
Pd8afdd28b5,0,0,,,,,,,,,,,,,,,,0
P82d1799627,0,0,,,,,,,,,,,,,,,,0
Pf4d331b9a5,0,0,,,,,,,,,,,,,,,,0
P47846f7398,0,0,,,,,,,,,,,,,,,,0
P08c56d3590,0,0,,,,,,,,,,,,,,,,0
Pa3bf9b334b,0,0,,,,,,,,,,,,,,,,0
P4649b7d232,0,0,,,,,,,,,,,,,,,,0
P62fd3b7dd9,0,0,,,,,,,,,,,,,,,,0
P9827437e3d,0,0,,,,,,,,,,,,,,,,0
Pa2e0858910,0,0,,,,,,,,,,,,,,,,0
Pe4a1b20238,0,0,,,,,,,,,,,,,,,,0
Pa59b169e09,1,2,3,-1.40004,-1.5777,1,1.50267,1.47647,0.0168163,1.37156,-0.0827708,2.26038,1.52129,1.47647,0.135934,0.8875,0,0
P3a913af04c,0,0,,,,,,,,,,,,,,,,0
P624e80554f,0,0,,,,,,,,,,,,,,,,0
P554dd6632a,0,0,,,,,,,,,,,,,,,,0
P9f79255649,0,0,,,,,,,,,,,,,,,,0
Pce38c03d45,0,0,,,,,,,,,,,,,,,,0
P3e7075c22e,0,0,,,,,,,,,,,,,,,,0
P1f926eb06b,0,0,,,,,,,,,,,,,,,,0
P5895ae6315,0,0,,,,,,,,,,,,,,,,0
Pdbacaefe1b,0,0,,,,,,,,,,,,,,,,0
P3b6ec2df2f,0,0,,,,,,,,,,,,,,,,0
Pce9ab1622f,0,0,,,,,,,,,,,,,,,,0
Pb3905915d4,0,0,,,,,,,,,,,,,,,,0
Pf436b2be04,0,0,,,,,,,,,,,,,,,,0
Pd073d30524,0,0,,,,,,,,,,,,,,,,0
Ped90afeb58,0,0,,,,,,,,,,,,,,,,0
P7d6aa2dfe0,0,0,,,,,,,,,,,,,,,,0
Pae24459193,0,0,,,,,,,,,,,,,,,,0
P05a2123919,0,0,,,,,,,,,,,,,,,,0
Pbd99bc4676,0,0,,,,,,,,,,,,,,,,0
P06d8dc5829,0,0,,,,,,,,,,,,,,,,0
P78dd3f3917,0,0,,,,,,,,,,,,,,,,0
P769efab0d3,0,0,,,,,,,,,,,,,,,,0
P4be402ea04,0,0,,,,,,,,,,,,,,,,0
P3070bdd73b,0,0,,,,,,,,,,,,,,,,0
P85bb3eb8b9,0,0,,,,,,,,,,,,,,,,0
P8bc3dd7f6c,0,0,,,,,,,,,,,,,,,,0
P26a739545e,0,0,,,,,,,,,,,,,,,,0
Pc1693478f0,0,0,,,,,,,,,,,,,,,,0
P18458ff2ec,1,4,3,0.542125,-1.44045,1,2.83924,3.77958,1.89759,-0.368829,1.58259,1.26239,2.83924,3.77958,2.99807,0.809375,2,0
Paaef13df6e,0,0,,,,,,,,,,,,,,,,0
P33f86fa27f,0,0,,,,,,,,,,,,,,,,0
P78473875c4,0,0,,,,,,,,,,,,,,,,0
P42e64d32a8,0,0,,,,,,,,,,,,,,,,0
P2cb7a6fa13,0,0,,,,,,,,,,,,,,,,0
P2631037f25,0,0,,,,,,,,,,,,,,,,0
P269736d407,0,0,,,,,,,,,,,,,,,,0
Pfb5ad97400,0,0,,,,,,,,,,,,,,,,0
Pec20f0f060,0,0,,,,,,,,,,,,,,,,0
Pd353deb783,0,0,,,,,,,,,,,,,,,,0
P5246294b22,0,0,,,,,,,,,,,,,,,,0
P6292223fd6,0,0,,,,,,,,,,,,,,,,0
P8abebd0da5,1,1,3,-0.763696,-0.763696,0,3.51678,3.5458,1.93588,0.116061,-0.286018,2.41479,3.51678,3.5458,,0.99375,0,0
Pcdb1e8afaa,0,0,,,,,,,,,,,,,,,,0
Pff029e3151,0,0,,,,,,,,,,,,,,,,0
P977a8945dd,0,0,,,,,,,,,,,,,,,,0
P5c0fad1503,1,2,3,-1.5688,-1.58867,1,-1.07666,0.891859,0.710566,-0.651138,3.40694,-1.62266,-1.07666,0.891859,0.731833,0.753571,11,0
P679159f4f1,0,0,,,,,,,,,,,,,,,,0
P6e6444ed0f,0,0,,,,,,,,,,,,,,,,0
Pcca6045f01,0,0,,,,,,,,,,,,,,,,0
P67b7122a99,0,0,,,,,,,,,,,,,,,,0
P44f5111142,0,0,,,,,,,,,,,,,,,,0
P25c05d7b38,0,0,,,,,,,,,,,,,,,,0
P0d50e77b95,0,0,,,,,,,,,,,,,,,,0
Pc9a523c1e4,0,0,,,,,,,,,,,,,,,,0
P0b1f22f2d4,0,0,,,,,,,,,,,,,,,,0
P0685226773,0,0,,,,,,,,,,,,,,,,0
Pe4a9ff24c9,0,0,,,,,,,,,,,,,,,,0
Pbc9cc4070d,1,2,3,-0.586218,-0.586218,0,0.918215,-0.156333,0.31457,-1.15583,-1.45645,0.968108,0.918215,0.512437,-0.66877,0.4,6,0
P0ad01302af,0,0,,,,,,,,,,,,,,,,0
Pe6c8b117c8,0,0,,,,,,,,,,,,,,,,0
P6547eb6540,0,0,,,,,,,,,,,,,,,,0
P1b3889c122,0,0,,,,,,,,,,,,,,,,0
P7aeaf13cc2,1,3,3,0.191347,0.0239806,0,0.906117,0.467234,-0.238731,1.50527,2.38012,1.55275,1.49417,2.0503,-0.783066,0.775,9,0
P3dd4b68d3d,0,0,,,,,,,,,,,,,,,,0
P079efef655,0,0,,,,,,,,,,,,,,,,0
Pc02213b2fe,0,0,,,,,,,,,,,,,,,,0
Pffd0721d82,0,0,,,,,,,,,,,,,,,,0
P984d62c606,0,0,,,,,,,,,,,,,,,,0
Pbc201d669f,0,0,,,,,,,,,,,,,,,,0
P8eebd87e26,0,0,,,,,,,,,,,,,,,,0
Pcc92138fb2,0,0,,,,,,,,,,,,,,,,0
Paf7b3d5c90,0,0,,,,,,,,,,,,,,,,0
Pb3e080e381,0,0,,,,,,,,,,,,,,,,0
P8438cd9418,0,0,,,,,,,,,,,,,,,,0
P20571734e6,0,0,,,,,,,,,,,,,,,,0
P46af6c0052,0,0,,,,,,,,,,,,,,,,0
P92a5884e77,1,1,4,-0.60029,-0.60029,0,1.20871,1.98893,1.42148,-1.00333,1.28432,0.966136,1.20871,1.98893,,0.509375,12,0
Pd2c0348ebe,0,0,,,,,,,,,,,,,,,,0
Pfa91aaf1ef,0,0,,,,,,,,,,,,,,,,0
Pe4ea2d8948,0,0,,,,,,,,,,,,,,,,0
Pf2b6b60b16,0,0,,,,,,,,,,,,,,,,0
P379acc01ca,0,0,,,,,,,,,,,,,,,,0
Pc7cce81961,0,0,,,,,,,,,,,,,,,,0
P8176cc6d95,0,0,,,,,,,,,,,,,,,,0
P7d5e80b812,0,0,,,,,,,,,,,,,,,,0
Pd53814d6fa,0,0,,,,,,,,,,,,,,,,0
P6ce52469e7,0,0,,,,,,,,,,,,,,,,0
P35d8517b9d,0,0,,,,,,,,,,,,,,,,0
Pd6e783f74c,0,0,,,,,,,,,,,,,,,,0
P27d4bedf9b,0,0,,,,,,,,,,,,,,,,0
P51ef89c5e3,0,0,,,,,,,,,,,,,,,,0
P391abc2490,0,0,,,,,,,,,,,,,,,,0
P8cdc1bb5f1,0,0,,,,,,,,,,,,,,,,0
P80665441e6,0,0,,,,,,,,,,,,,,,,0
P2b413e3467,0,0,,,,,,,,,,,,,,,,0
P16796cf3ab,0,0,,,,,,,,,,,,,,,,0
P23c2e6b3e7,0,0,,,,,,,,,,,,,,,,0
P868c4004ba,0,0,,,,,,,,,,,,,,,,0
P630cc033c0,0,0,,,,,,,,,,,,,,,,0
P34cc8e28e0,0,0,,,,,,,,,,,,,,,,0
Pddd42c77c5,0,0,,,,,,,,,,,,,,,,0
P099a8d0c1c,1,1,4,0.0814491,0.0814491,0,2.80983,3.60358,1.49798,0.258707,0.464963,2.01068,2.80983,3.60358,,0.840625,1,0
P3470a61a00,0,0,,,,,,,,,,,,,,,,0
P5afd5b991d,1,1,4,0.505825,0.505825,0,-0.0980415,0.251523,-0.268707,3.1171,-1.14741,-0.13349,-0.0980415,0.251523,,0.590625,5,0
P5e4491e5c3,0,0,,,,,,,,,,,,,,,,0
Pc047806c80,0,0,,,,,,,,,,,,,,,,0
Pf804162018,0,0,,,,,,,,,,,,,,,,0
P572a4194e6,0,0,,,,,,,,,,,,,,,,0
P42d0d6de9a,0,0,,,,,,,,,,,,,,,,0
Pcb4360a784,0,0,,,,,,,,,,,,,,,,0
Pff47b96114,0,0,,,,,,,,,,,,,,,,0
P2f15d5867f,1,1,3,-0.720203,-0.720203,0,-0.288584,0.00357606,0.253017,0.320412,-0.48486,-0.51089,-0.288584,0.00357606,,0.444118,6,0
P8a3b7b6860,0,0,,,,,,,,,,,,,,,,0
P9f246cdbe1,0,0,,,,,,,,,,,,,,,,0
Pf4d4553b6f,0,0,,,,,,,,,,,,,,,,0
Pc295aab61a,0,0,,,,,,,,,,,,,,,,0
P471bec0288,0,0,,,,,,,,,,,,,,,,0
P81f3558def,0,0,,,,,,,,,,,,,,,,0
Pdd972253d5,0,0,,,,,,,,,,,,,,,,0
P959d20dcac,0,0,,,,,,,,,,,,,,,,0
P9cbbbfe0cc,0,0,,,,,,,,,,,,,,,,0
Pa4dad52ff4,0,0,,,,,,,,,,,,,,,,0
P311b5f6b41,0,0,,,,,,,,,,,,,,,,0
P6f59c256f3,0,0,,,,,,,,,,,,,,,,0
P5ea12f1777,1,2,3,0.552924,-1.39084,1,1.39503,2.34918,0.747716,-0.247534,1.76865,1.06913,1.39503,2.34918,1.04201,0.629167,3,0
P17786d3599,0,0,,,,,,,,,,,,,,,,0
Pd11ab06c36,1,1,4,-0.0171155,-0.0171155,0,3.69336,2.8789,1.5649,-0.625442,0.100681,2.59563,3.69336,2.8789,,0.8,2,0
P3e3a854ff5,1,1,3,-0.219166,-0.219166,0,-0.0757837,1.26361,1.51971,-0.944719,0.901165,-0.983492,-0.0757837,1.26361,,0.4125,3,0
P8c537f5a4d,0,0,,,,,,,,,,,,,,,,0
Pe68742d859,0,0,,,,,,,,,,,,,,,,0
P13a7a5112c,0,0,,,,,,,,,,,,,,,,0
Pdb057d444b,0,0,,,,,,,,,,,,,,,,0
P690d8b352a,0,0,,,,,,,,,,,,,,,,0
P19de9513b3,0,0,,,,,,,,,,,,,,,,0
Pc6a39f466a,1,1,3,-0.742106,-0.742106,0,2.33583,2.46685,1.69931,-0.714984,-0.421703,0.922258,2.33583,2.46685,,0.645,2,0
Pd382320a3c,1,2,3,-0.334331,-0.334331,0,0.700598,0.755311,0.916333,-0.791557,-0.732083,0.0572673,0.700598,1.12186,-0.366547,0.3375,1,0
Peb2d46202e,0,0,,,,,,,,,,,,,,,,0
P83f985b4bd,0,0,,,,,,,,,,,,,,,,0
P74b9613d69,0,0,,,,,,,,,,,,,,,,0
Pce1d0d3699,0,0,,,,,,,,,,,,,,,,1
P01bc9a886e,0,0,,,,,,,,,,,,,,,,0
P6b0e9b0b2a,0,0,,,,,,,,,,,,,,,,0
P11475d8eed,1,1,3,0.432456,0.432456,0,1.46628,2.61253,1.47213,-0.462036,2.29748,0.601754,1.46628,2.61253,,0.775,9,0
Pf72d9be4b9,0,0,,,,,,,,,,,,,,,,0
P43e7adb565,0,0,,,,,,,,,,,,,,,,0
Pdacd6ab94d,0,0,,,,,,,,,,,,,,,,0
P63a21fbef6,0,0,,,,,,,,,,,,,,,,0
P74b71b0d31,0,0,,,,,,,,,,,,,,,,0
P83f12f36b1,0,0,,,,,,,,,,,,,,,,0
P1378011126,0,0,,,,,,,,,,,,,,,,0
P2b78092e41,0,0,,,,,,,,,,,,,,,,0
Pbb4d6101de,0,0,,,,,,,,,,,,,,,,0
P1dfb3826fd,0,0,,,,,,,,,,,,,,,,0
P38dadf836a,0,0,,,,,,,,,,,,,,,,0
P0820723beb,1,3,3,-0.665618,-0.832984,0,-2.70719,-2.22149,,-1.42166,-1.98505,-3.53734,1.69847,1.87836,-4.09984,0.025,9,0
Pb5af3844f5,0,0,,,,,,,,,,,,,,,,0
P927dcf71a8,0,0,,,,,,,,,,,,,,,,0
Pf4d757d073,0,0,,,,,,,,,,,,,,,,0
P5840594df8,0,0,,,,,,,,,,,,,,,,0
P5b1d935a26,0,0,,,,,,,,,,,,,,,,0
Pc067530e3e,0,0,,,,,,,,,,,,,,,,0
P21b2b49a34,0,0,,,,,,,,,,,,,,,,0
Pb87f242f46,0,0,,,,,,,,,,,,,,,,0
Pd650e439a2,0,0,,,,,,,,,,,,,,,,0
P5104e01e75,0,0,,,,,,,,,,,,,,,,0
P32b8c3a5cb,0,0,,,,,,,,,,,,,,,,0
Pbe0a02c2fd,0,0,,,,,,,,,,,,,,,,0
Pa68189cdce,0,0,,,,,,,,,,,,,,,,0
Pef98a54ad0,0,0,,,,,,,,,,,,,,,,0
P3928bad8a7,0,0,,,,,,,,,,,,,,,,0
Pb945050559,0,0,,,,,,,,,,,,,,,,0
Pf0c178cb1c,0,0,,,,,,,,,,,,,,,,0
P7f2c8eb929,0,0,,,,,,,,,,,,,,,,0
Pd7ea309dee,0,0,,,,,,,,,,,,,,,,0
P16dd82b034,0,0,,,,,,,,,,,,,,,,0
Pc1044ed1f5,0,0,,,,,,,,,,,,,,,,0
P403a83bdf0,0,0,,,,,,,,,,,,,,,,0
Pdf59a363f3,0,0,,,,,,,,,,,,,,,,0
P1259ebdf13,0,0,,,,,,,,,,,,,,,,0
P55b27de869,0,0,,,,,,,,,,,,,,,,0
Pa09c3091c5,0,0,,,,,,,,,,,,,,,,0
P0a4d4ad000,0,0,,,,,,,,,,,,,,,,0
Pf7c6d819f2,0,0,,,,,,,,,,,,,,,,0
P023105521e,0,0,,,,,,,,,,,,,,,,0
P063b0ea350,0,0,,,,,,,,,,,,,,,,0
P4abddfb1a4,0,0,,,,,,,,,,,,,,,,0
P0ad0c7ed95,0,0,,,,,,,,,,,,,,,,0
P26b57d2aae,0,0,,,,,,,,,,,,,,,,0
Pbd8640195d,0,0,,,,,,,,,,,,,,,,0
Pf1999192da,0,0,,,,,,,,,,,,,,,,0
P3914f363fb,0,0,,,,,,,,,,,,,,,,0
P8b388e1924,0,0,,,,,,,,,,,,,,,,0
P6c71d953b6,0,0,,,,,,,,,,,,,,,,0
Pf747d30e9b,0,0,,,,,,,,,,,,,,,,0
Pc378586c43,0,0,,,,,,,,,,,,,,,,0
P485a20a47a,0,0,,,,,,,,,,,,,,,,0
Pff1fab2e32,1,1,3,-1.15608,-1.15608,1,-0.894735,-0.12563,-1.18196,-0.334215,1.17235,-0.411078,-0.894735,-0.12563,,0.35,0,1
P27f732ca1a,0,0,,,,,,,,,,,,,,,,0
P49164b4255,0,0,,,,,,,,,,,,,,,,0
Pd31d743729,0,0,,,,,,,,,,,,,,,,0
P91b09695de,0,0,,,,,,,,,,,,,,,,0
Pa1953f4a95,0,0,,,,,,,,,,,,,,,,0
Pf919ba1bb3,0,0,,,,,,,,,,,,,,,,0
P4634e39421,0,0,,,,,,,,,,,,,,,,0
P4b8155700b,0,0,,,,,,,,,,,,,,,,0
P05061c84a0,0,0,,,,,,,,,,,,,,,,1
P14d000eef5,0,0,,,,,,,,,,,,,,,,0
P4dc7399d2c,0,0,,,,,,,,,,,,,,,,0
P40fd812f54,0,0,,,,,,,,,,,,,,,,0
P058ee51b71,0,0,,,,,,,,,,,,,,,,0
P54e5c21a96,0,0,,,,,,,,,,,,,,,,0
P78afb3722d,0,0,,,,,,,,,,,,,,,,0
Pd47bfc21b1,0,0,,,,,,,,,,,,,,,,0
Pe056071397,0,0,,,,,,,,,,,,,,,,0
Pe5c2b5692d,0,0,,,,,,,,,,,,,,,,0
P74ff916074,0,0,,,,,,,,,,,,,,,,0
P8b41334856,0,0,,,,,,,,,,,,,,,,0
P924fa678bb,0,0,,,,,,,,,,,,,,,,0
P842513fba1,0,0,,,,,,,,,,,,,,,,0
P574724b2cd,0,0,,,,,,,,,,,,,,,,0
P570dcb4282,0,0,,,,,,,,,,,,,,,,0
P6f3dd59527,0,0,,,,,,,,,,,,,,,,0
P20a1183fcf,1,1,3,0.180569,0.180569,0,1.67668,1.45821,1.00092,4.59349,0.0610829,1.91407,1.67668,1.45821,,0.815625,1,1
Pdb7c6b10a9,1,1,4,0.883656,0.883656,0,0.122786,-0.274209,-0.411061,0.0634386,0.078412,0.533208,0.122786,-0.274209,,0.428125,5,0
P1bf2734620,0,0,,,,,,,,,,,,,,,,0
Pb01091942c,0,0,,,,,,,,,,,,,,,,0
P51a666d7f5,0,0,,,,,,,,,,,,,,,,0
P7781579610,0,0,,,,,,,,,,,,,,,,0
Pad940d555c,0,0,,,,,,,,,,,,,,,,0
Pce8689cb8f,0,0,,,,,,,,,,,,,,,,0
P641f1ca8a3,0,0,,,,,,,,,,,,,,,,0
P82e987418b,0,0,,,,,,,,,,,,,,,,0
Pe4baee43bf,0,0,,,,,,,,,,,,,,,,0
Pa760c9001c,1,1,3,-0.474346,-0.474346,0,1.74994,1.89802,0.938241,-1.02082,0.798276,1.32892,1.74994,1.89802,,0.375,0,0
P6565076e45,0,0,,,,,,,,,,,,,,,,0
P2650c293bf,0,0,,,,,,,,,,,,,,,,0
P9a20aba619,0,0,,,,,,,,,,,,,,,,0
Peed487fb04,0,0,,,,,,,,,,,,,,,,0
Pa24efaf8fd,0,0,,,,,,,,,,,,,,,,0
P156589bd1a,0,0,,,,,,,,,,,,,,,,0
P117ae491b1,0,0,,,,,,,,,,,,,,,,0
Pec84345bbc,0,0,,,,,,,,,,,,,,,,0
P4bb660105c,0,0,,,,,,,,,,,,,,,,0
P09caf918fb,0,0,,,,,,,,,,,,,,,,0
P20979c9b9c,0,0,,,,,,,,,,,,,,,,0
Pac436e0a75,0,0,,,,,,,,,,,,,,,,0
Pc858ff68e6,1,1,4,-0.994548,-0.994548,0,0.0510241,0.618837,0.718745,-0.448254,-0.294284,-0.620161,0.0510241,0.618837,,0.3875,4,0
P552922b6fa,0,0,,,,,,,,,,,,,,,,0
Pb8998ddf4a,0,0,,,,,,,,,,,,,,,,0
P7363f8a8b4,0,0,,,,,,,,,,,,,,,,0
P6f687d1dcc,0,0,,,,,,,,,,,,,,,,0
P633e796e6a,0,0,,,,,,,,,,,,,,,,0
Pf037b649bc,0,0,,,,,,,,,,,,,,,,0
P5551ba72f6,0,0,,,,,,,,,,,,,,,,0
Pcbdc976fea,0,0,,,,,,,,,,,,,,,,0
P40d4a587d5,0,0,,,,,,,,,,,,,,,,0
Pd1e1adb03d,0,0,,,,,,,,,,,,,,,,0
P3bad279cb0,1,2,3,0.0407623,0.0407623,0,-0.0586187,-0.0042858,-0.379873,-0.717682,-0.818495,-0.0585216,0.868653,1.04809,-1.05237,0.517857,1,0
P4c433fbf72,0,0,,,,,,,,,,,,,,,,0
P09e349620c,0,0,,,,,,,,,,,,,,,,0
P2611750e05,0,0,,,,,,,,,,,,,,,,0
Pa0908fe6ff,0,0,,,,,,,,,,,,,,,,0
Pe77ed0b343,0,0,,,,,,,,,,,,,,,,0
Pb87d740adf,0,0,,,,,,,,,,,,,,,,0
P3765a7e186,0,0,,,,,,,,,,,,,,,,0
P2815fbec81,0,0,,,,,,,,,,,,,,,,0
Pe047befac5,0,0,,,,,,,,,,,,,,,,0
P5fde6f13a3,0,0,,,,,,,,,,,,,,,,0
P05a3993fb1,0,0,,,,,,,,,,,,,,,,0
Pd12b8cef29,0,0,,,,,,,,,,,,,,,,0
P85ac223123,0,0,,,,,,,,,,,,,,,,0
P15657a7054,0,0,,,,,,,,,,,,,,,,0
P8be75213cc,1,1,4,0.505825,0.505825,0,3.30852,2.34574,1.61451,2.77223,0.00180071,2.50113,3.30852,2.34574,,0.790625,6,0
P9ba3c3f8a6,0,0,,,,,,,,,,,,,,,,0
Pbdc6b072d0,0,0,,,,,,,,,,,,,,,,0
P87e51fede0,0,0,,,,,,,,,,,,,,,,0
P2224af8be2,0,0,,,,,,,,,,,,,,,,0
P5713a8b541,0,0,,,,,,,,,,,,,,,,0
Pba0c961d37,0,0,,,,,,,,,,,,,,,,0
Pbcd324b348,0,0,,,,,,,,,,,,,,,,0
Pea4d2012e7,0,0,,,,,,,,,,,,,,,,0
P23d9f5804f,1,2,4,-2.82895,-2.82895,1,1.2991,1.71436,0.911917,-0.332361,0.91875,1.04086,1.2991,1.71436,,0.84375,14,1
P4a79922b86,0,0,,,,,,,,,,,,,,,,0
Pd35ff5934d,0,0,,,,,,,,,,,,,,,,0
Pad16010a79,0,0,,,,,,,,,,,,,,,,0
P12dc2a4dac,1,1,3,0.350683,0.350683,0,1.13384,1.56273,0.561738,-0.73713,0.601158,0.368308,1.13384,1.56273,,0.55,1,0
P49b077589e,0,0,,,,,,,,,,,,,,,,0
P8bc7e2260e,0,0,,,,,,,,,,,,,,,,0
P25a045baff,0,0,,,,,,,,,,,,,,,,0
Pd84423f7e2,0,0,,,,,,,,,,,,,,,,0
P243742fc34,0,0,,,,,,,,,,,,,,,,0
Pdd125f24cc,0,0,,,,,,,,,,,,,,,,0
P61624e71c6,0,0,,,,,,,,,,,,,,,,0
Pc544b8efa0,1,1,3,0.396863,0.396863,0,1.94232,0.595426,0.208233,0.704972,0.271423,2.0671,1.94232,0.595426,,0.784722,4,0
P2f5200d27c,0,0,,,,,,,,,,,,,,,,0
Pd6f3aa739f,0,0,,,,,,,,,,,,,,,,0
Pb70d7d0b57,0,0,,,,,,,,,,,,,,,,0
P41fad117db,0,0,,,,,,,,,,,,,,,,0
P473b24f6eb,0,0,,,,,,,,,,,,,,,,0
P42adf8ab25,1,2,3,-0.574941,-0.594813,0,1.6718,1.44721,1.11158,0.858472,0.693087,0.895305,1.6718,1.44721,0.526315,0.603571,9,0
Pd9ad951135,0,0,,,,,,,,,,,,,,,,0
P168e9ad8d4,0,0,,,,,,,,,,,,,,,,0
P1311f2955b,0,0,,,,,,,,,,,,,,,,0
P6950e00d3b,0,0,,,,,,,,,,,,,,,,0
P6a22b03d03,0,0,,,,,,,,,,,,,,,,0
P56d107e80a,0,0,,,,,,,,,,,,,,,,0
P971be31864,0,0,,,,,,,,,,,,,,,,0
P40c501f5d6,0,0,,,,,,,,,,,,,,,,0
P7703cc27be,0,0,,,,,,,,,,,,,,,,0
P6525188e53,0,0,,,,,,,,,,,,,,,,0
Pf6d18cb839,0,0,,,,,,,,,,,,,,,,0
P67d2056db6,0,0,,,,,,,,,,,,,,,,0
P8e68185705,1,1,3,-0.353323,-0.353323,0,1.05717,1.53691,1.30691,-1.05037,1.84888,0.352222,1.05717,1.53691,,0.605,0,0
P1a6f58deb5,0,0,,,,,,,,,,,,,,,,0
Pb380360b47,0,0,,,,,,,,,,,,,,,,0
Pcd53db286a,0,0,,,,,,,,,,,,,,,,0
Pcfbeb8a341,0,0,,,,,,,,,,,,,,,,0
P0f110bb83f,0,0,,,,,,,,,,,,,,,,0
P93e1b535ab,1,1,3,-0.396978,-0.396978,0,0.976779,2.69932,0.524434,-0.149575,-0.876028,0.267295,0.976779,2.69932,,0.153571,9,0
Pd1415c96b7,0,0,,,,,,,,,,,,,,,,0
Peefc30f89c,0,0,,,,,,,,,,,,,,,,0
Pf5e2b9f7f1,0,0,,,,,,,,,,,,,,,,0
Pac5bd0e496,0,0,,,,,,,,,,,,,,,,0
Pcb5c1e8ac6,0,0,,,,,,,,,,,,,,,,0
P544e2d56ac,0,0,,,,,,,,,,,,,,,,0
Pa610141ccc,0,0,,,,,,,,,,,,,,,,0
P1605b30cec,0,0,,,,,,,,,,,,,,,,0
Pc86b9a08db,0,0,,,,,,,,,,,,,,,,0
P49a2cdbcb5,0,0,,,,,,,,,,,,,,,,0
Pd5893ad4c2,0,0,,,,,,,,,,,,,,,,0
P71e6d4319f,0,0,,,,,,,,,,,,,,,,0
P586a0d2a81,0,0,,,,,,,,,,,,,,,,0
P02f9f17423,0,0,,,,,,,,,,,,,,,,0
P9bd8ef5672,0,0,,,,,,,,,,,,,,,,0
P801bf131e6,0,0,,,,,,,,,,,,,,,,0
Pd175d5631f,0,0,,,,,,,,,,,,,,,,0
Pc47bd1a1ea,0,0,,,,,,,,,,,,,,,,0
Pa5107e2b9c,0,0,,,,,,,,,,,,,,,,0
Pda7f31dba8,0,0,,,,,,,,,,,,,,,,0
P5c6144028a,0,0,,,,,,,,,,,,,,,,0
Pf75a340b58,0,0,,,,,,,,,,,,,,,,0
P2d45174d7f,0,0,,,,,,,,,,,,,,,,0
P722aa856f7,1,2,4,-0.147034,-0.350221,0,2.34797,2.07969,0.76595,-0.772393,1.42366,2.54921,2.50618,2.5709,-0.491211,0.427778,2,0
P552ea773e2,0,0,,,,,,,,,,,,,,,,0
P67ee7c4408,0,0,,,,,,,,,,,,,,,,0
Pdfe2a49906,0,0,,,,,,,,,,,,,,,,0
Peda84f3898,1,1,3,-0.971556,-0.971556,0,0.666205,0.552664,-0.158169,-0.280754,1.54992,0.785115,0.666205,0.552664,,0.603125,3,0
Pd43d378f42,0,0,,,,,,,,,,,,,,,,0
P2e38e474e2,0,0,,,,,,,,,,,,,,,,0
P376f10f64c,0,0,,,,,,,,,,,,,,,,0
Pab86c7dfaf,0,0,,,,,,,,,,,,,,,,0
P5f07dfebd6,1,1,3,0.0385616,0.0385616,0,0.403698,0.225065,-0.217121,0.137287,0.0722115,0.392294,0.403698,0.225065,,0.6,1,0
P4e0fbd7a78,0,0,,,,,,,,,,,,,,,,0
Pf1e6555cfc,0,0,,,,,,,,,,,,,,,,0
P7c81e9aca5,0,0,,,,,,,,,,,,,,,,0
P7e5e28e6b3,0,0,,,,,,,,,,,,,,,,0
Pdb3f441dab,0,0,,,,,,,,,,,,,,,,0
P4afc5fb3f7,0,0,,,,,,,,,,,,,,,,0
Pfcb4575061,0,0,,,,,,,,,,,,,,,,0
Pffe825f9b7,0,0,,,,,,,,,,,,,,,,0
P3d1eff1bca,1,3,4,0.531967,-0.714192,0,-0.10955,1.01233,0.302013,-0.527964,3.11825,-0.129865,0.4273,1.29701,0.205098,0.519444,3,1
P969f2b1c13,0,0,,,,,,,,,,,,,,,,0
Pd19bde5a19,0,0,,,,,,,,,,,,,,,,0
Pc3a5f10000,1,1,3,0.487134,0.487134,0,3.00762,2.83382,0.446269,-0.925034,2.54303,2.78432,3.00762,2.83382,,0.871875,2,0
P0157d20b94,1,1,3,-0.491714,-0.491714,0,1.72013,2.61795,1.24916,-0.615989,2.11749,0.490211,1.72013,2.61795,,0.820833,4,1
Pda7ff44e77,1,3,4,-0.0758486,-1.32201,1,-0.0206561,0.71941,0.898262,1.62353,0.620816,-0.250527,0.723588,1.2553,0.612448,0.783333,3,0
P0e7908a570,0,0,,,,,,,,,,,,,,,,0
P4b0ccf34e0,0,0,,,,,,,,,,,,,,,,0
Pab534e249b,1,2,4,0.73731,0.534123,0,0.78695,0.206159,0.226262,-0.38538,0.190736,0.815693,1.40313,1.1649,-0.958736,0.2125,2,0
P9f5758481a,0,0,,,,,,,,,,,,,,,,0
P41bc73e83b,0,0,,,,,,,,,,,,,,,,0
Pe67238da8c,0,0,,,,,,,,,,,,,,,,0
Pbbde966f1e,0,0,,,,,,,,,,,,,,,,0
Pad8df3794d,0,0,,,,,,,,,,,,,,,,0
P51f87bc5f4,0,0,,,,,,,,,,,,,,,,0
P7c1c1e7eac,1,1,4,0.323886,0.323886,0,1.56746,1.76503,1.46727,-1.32643,2.53166,1.39242,1.56746,1.76503,,0.213889,2,0
P246009ab63,0,0,,,,,,,,,,,,,,,,0
P486b5c76fa,0,0,,,,,,,,,,,,,,,,0
P82dd1ca59f,0,0,,,,,,,,,,,,,,,,0
P8482acfde2,0,0,,,,,,,,,,,,,,,,0
P2fe87c73a6,0,0,,,,,,,,,,,,,,,,0
P6dfb5df5c6,0,0,,,,,,,,,,,,,,,,0
P1ca581fef0,0,0,,,,,,,,,,,,,,,,0
Pc9371b494a,0,0,,,,,,,,,,,,,,,,0
P4b06d66b80,1,1,3,0.281871,0.281871,0,0.667411,0.750449,0.248658,0.780241,1.25642,1.21056,0.667411,0.750449,,0.555,0,0
Pf14243ec5e,0,0,,,,,,,,,,,,,,,,0
P79f9e777a1,0,0,,,,,,,,,,,,,,,,0
P951f092ec6,0,0,,,,,,,,,,,,,,,,0
Pb047bb4747,0,0,,,,,,,,,,,,,,,,0
P28594efa12,0,0,,,,,,,,,,,,,,,,0
P2bc925c307,0,0,,,,,,,,,,,,,,,,0
P94bbcbe8b9,1,1,3,0.0546249,0.0546249,0,-0.21367,0.0497672,-0.150782,-0.344833,0.429308,-0.219879,-0.21367,0.0497672,,0.386538,2,1
P267f5baf8e,0,0,,,,,,,,,,,,,,,,0
P103e95dd1f,0,0,,,,,,,,,,,,,,,,0
Pc90f94ed67,0,0,,,,,,,,,,,,,,,,0
Pc9bef9c2e0,0,0,,,,,,,,,,,,,,,,0
Pbbe7c2361f,0,0,,,,,,,,,,,,,,,,0
P2528efc939,0,0,,,,,,,,,,,,,,,,0
Pc06b79b843,0,0,,,,,,,,,,,,,,,,0
P8ff779ec76,0,0,,,,,,,,,,,,,,,,0
Pb7bd8922eb,1,1,3,-0.344741,-0.344741,0,,,,,,,,,,,2,0
Pfa9e39fc67,0,0,,,,,,,,,,,,,,,,0
Pb00deeb55d,0,0,,,,,,,,,,,,,,,,0
P6e6a2db0d6,0,0,,,,,,,,,,,,,,,,0
P3b02df9dfc,0,0,,,,,,,,,,,,,,,,0
P4b40cf78ae,0,0,,,,,,,,,,,,,,,,0
P16bd14d8e6,0,0,,,,,,,,,,,,,,,,0
P5c990faeef,0,0,,,,,,,,,,,,,,,,0
Pd2241d6e4b,0,0,,,,,,,,,,,,,,,,0
Pb36450dd54,0,0,,,,,,,,,,,,,,,,0
Pb48635a7c4,0,0,,,,,,,,,,,,,,,,0
P146ec7320a,0,0,,,,,,,,,,,,,,,,0
P26f8dd510c,0,0,,,,,,,,,,,,,,,,0
P2acc089d0e,0,0,,,,,,,,,,,,,,,,0
Pe2d0a4cddd,0,0,,,,,,,,,,,,,,,,0
P22c8154970,1,1,3,-1.16656,-1.16656,1,2.47208,2.64857,1.41874,3.59082,2.93896,1.79257,2.47208,2.64857,,0.696875,5,0
P1738f63a26,1,2,4,-0.223696,-0.426883,0,0.119502,0.360156,0.596376,1.11973,0.969615,-0.259134,0.119502,0.360156,0.0459516,0.605556,2,0
P7b8c6b66e0,1,1,4,0.677076,0.677076,0,0.96377,1.63431,0.900579,1.32332,1.98569,0.521459,0.96377,1.63431,,0.447222,2,0
P3391f209f3,0,0,,,,,,,,,,,,,,,,0
Pad8e6fd6b0,0,0,,,,,,,,,,,,,,,,0
P52f9046b71,0,0,,,,,,,,,,,,,,,,0
P4417860ddd,0,0,,,,,,,,,,,,,,,,0
Pef77516e2b,0,0,,,,,,,,,,,,,,,,0
P4c4f563b8c,0,0,,,,,,,,,,,,,,,,0
Pc430805a15,0,0,,,,,,,,,,,,,,,,0
P7ef2b1cf05,0,0,,,,,,,,,,,,,,,,0
P60425a0c89,0,0,,,,,,,,,,,,,,,,0
Pab257f8a15,0,0,,,,,,,,,,,,,,,,0
P20418f8d52,0,0,,,,,,,,,,,,,,,,0
P0086aec335,0,0,,,,,,,,,,,,,,,,0
Pe79f6d1bdb,0,0,,,,,,,,,,,,,,,,0
P8afd917a6c,0,0,,,,,,,,,,,,,,,,0
P2d06a24aee,1,3,4,0.21437,-1.03179,1,1.20643,1.44349,0.596376,0.355544,0.240202,0.926941,1.24059,1.44349,2.81026,0.775,8,0
P7d7c4d5568,1,3,3,0.157016,-1.84822,1,3.0529,1.95687,0.321588,-0.0877181,0.889669,3.26263,3.0529,1.95687,5.26595,0.690625,11,1
Pcb72b419f2,0,0,,,,,,,,,,,,,,,,0
P57a6e7dc53,0,0,,,,,,,,,,,,,,,,0
P38fd19ed26,0,0,,,,,,,,,,,,,,,,0
P117b8ca478,0,0,,,,,,,,,,,,,,,,0
P6fd4123c4d,0,0,,,,,,,,,,,,,,,,0
Pc99e2f6730,0,0,,,,,,,,,,,,,,,,0
P2805efe438,0,0,,,,,,,,,,,,,,,,0
P4f7ec9f72f,0,0,,,,,,,,,,,,,,,,0
P57802757ed,0,0,,,,,,,,,,,,,,,,0
P3326a2a68b,0,0,,,,,,,,,,,,,,,,0
P977d8b209e,1,1,3,0.610784,0.610784,0,0.946522,-0.271482,-0.250001,-0.987348,-1.48345,1.1966,0.946522,-0.271482,,0.3125,1,0
Pc643573699,0,0,,,,,,,,,,,,,,,,0
P5e4e4a8cf1,0,0,,,,,,,,,,,,,,,,0
P16997d7184,0,0,,,,,,,,,,,,,,,,0
P8514f39741,0,0,,,,,,,,,,,,,,,,0
Pe7ad570728,0,0,,,,,,,,,,,,,,,,0
Pa0dded8876,0,0,,,,,,,,,,,,,,,,0
P917b0d4d70,1,1,4,0.348527,0.348527,0,0.608386,1.78843,1.35381,1.16786,1.88383,-0.443878,0.608386,1.78843,,0.688889,2,0
P56bb4beeed,0,0,,,,,,,,,,,,,,,,0
P922c03ccad,0,0,,,,,,,,,,,,,,,,0
Pb58f931dd3,0,0,,,,,,,,,,,,,,,,0
P456fdc6328,0,0,,,,,,,,,,,,,,,,0
P5500e23cae,0,0,,,,,,,,,,,,,,,,0
P322900af3b,0,0,,,,,,,,,,,,,,,,0
Pfd96fb33e5,0,0,,,,,,,,,,,,,,,,0
P597d181897,0,0,,,,,,,,,,,,,,,,0
P1015da4297,1,1,4,0.26639,0.26639,0,0.763519,0.322286,0.121727,1.91265,0.627539,0.934881,0.763519,0.322286,,0.75,5,0
P4b1ba6339f,0,0,,,,,,,,,,,,,,,,0
P9378e87d91,0,0,,,,,,,,,,,,,,,,0
Pa5aab1aab8,0,0,,,,,,,,,,,,,,,,0
P6aab967db9,0,0,,,,,,,,,,,,,,,,0
Pf31133cc3c,0,0,,,,,,,,,,,,,,,,0
Pfc3cc92a5c,0,0,,,,,,,,,,,,,,,,0
P6f23e4dd26,0,0,,,,,,,,,,,,,,,,0
P37b821fb18,0,0,,,,,,,,,,,,,,,,0
P6d59a1d0fb,0,0,,,,,,,,,,,,,,,,0
P2d536d911b,0,0,,,,,,,,,,,,,,,,0
P1a8bbe3efe,0,0,,,,,,,,,,,,,,,,0
Peb1d9a0135,0,0,,,,,,,,,,,,,,,,0
P4b68bd7095,0,0,,,,,,,,,,,,,,,,0
P8d411cb20c,0,0,,,,,,,,,,,,,,,,0
P0846fd837c,0,0,,,,,,,,,,,,,,,,0
P74435b1e45,0,0,,,,,,,,,,,,,,,,0
Pfe669c03c3,0,0,,,,,,,,,,,,,,,,0
Pdd4e0d785b,0,0,,,,,,,,,,,,,,,,0
P7d184fd756,0,0,,,,,,,,,,,,,,,,0
Pcd4698d422,0,0,,,,,,,,,,,,,,,,0
Pb5a94c877c,0,0,,,,,,,,,,,,,,,,0
Pd01ecb3669,0,0,,,,,,,,,,,,,,,,0
Ped95bfcd7e,0,0,,,,,,,,,,,,,,,,0
Pcc98298533,0,0,,,,,,,,,,,,,,,,0
Peb88f22502,0,0,,,,,,,,,,,,,,,,0
Pb3be83363c,0,0,,,,,,,,,,,,,,,,0
P97ae54051b,0,0,,,,,,,,,,,,,,,,0
Pc58bcc8049,0,0,,,,,,,,,,,,,,,,0
P297adbbd5f,0,0,,,,,,,,,,,,,,,,0
P1402e898dc,1,1,4,0.516748,0.516748,0,0.718631,1.70178,1.08884,0.485371,1.56937,-0.268811,0.718631,1.70178,,0.544444,1,0
P7f86ce09cc,0,0,,,,,,,,,,,,,,,,0
P7e584efe40,0,0,,,,,,,,,,,,,,,,0
P10d0b75bed,0,0,,,,,,,,,,,,,,,,0
P8fac339738,0,0,,,,,,,,,,,,,,,,0
P3f25ee2633,0,0,,,,,,,,,,,,,,,,0
P502aba077e,0,0,,,,,,,,,,,,,,,,0
P6f36cd1fed,0,0,,,,,,,,,,,,,,,,0
P440f6cc00f,0,0,,,,,,,,,,,,,,,,1
P0d0da4d2bc,0,0,,,,,,,,,,,,,,,,0
P871b04878c,0,0,,,,,,,,,,,,,,,,0
Pb46ac34cd7,0,0,,,,,,,,,,,,,,,,0
P54e531f2ec,0,0,,,,,,,,,,,,,,,,0
Pd646388a2b,0,0,,,,,,,,,,,,,,,,0
P780225999f,0,0,,,,,,,,,,,,,,,,0
P38bff88a77,0,0,,,,,,,,,,,,,,,,0
Pa56ca2c36c,0,0,,,,,,,,,,,,,,,,0
Pdc16ca4e2e,0,0,,,,,,,,,,,,,,,,0
P2c1e066057,0,0,,,,,,,,,,,,,,,,0
P4793f789c0,0,0,,,,,,,,,,,,,,,,0
P4d2f3d5dbd,0,0,,,,,,,,,,,,,,,,0
P7072c546bd,0,0,,,,,,,,,,,,,,,,0
Pabb4255b19,0,0,,,,,,,,,,,,,,,,0
P581e368d46,0,0,,,,,,,,,,,,,,,,0
P830611c613,0,0,,,,,,,,,,,,,,,,0
P815e63680a,0,0,,,,,,,,,,,,,,,,0
Pe97fa79993,0,0,,,,,,,,,,,,,,,,0
P24b8a1c556,1,1,4,0.560554,0.560554,0,0.298661,-0.238556,0.209462,-0.820901,-0.134909,0.1194,0.298661,-0.238556,,0.463889,1,0
P96ac6f0cd3,0,0,,,,,,,,,,,,,,,,0
P7a82e40751,0,0,,,,,,,,,,,,,,,,0
P27a3420564,0,0,,,,,,,,,,,,,,,,0
P0aa146e53e,0,0,,,,,,,,,,,,,,,,0
Pe03992058c,0,0,,,,,,,,,,,,,,,,0
Pbd2eb786d3,0,0,,,,,,,,,,,,,,,,0
P966e81614a,0,0,,,,,,,,,,,,,,,,0
P433bbb1ab7,0,0,,,,,,,,,,,,,,,,0
Pe82bc0553e,0,0,,,,,,,,,,,,,,,,0
P3d55371834,1,2,4,0.65791,0.65791,0,0.154325,1.26645,-0.0984632,-0.399018,4.03468,0.692374,2.06444,3.40158,-2.13513,0.575,13,1
P3daa0c9125,0,0,,,,,,,,,,,,,,,,0
Pc62b6f4e46,0,0,,,,,,,,,,,,,,,,0
P989e9714fc,0,0,,,,,,,,,,,,,,,,0
Pec2bc35d4f,0,0,,,,,,,,,,,,,,,,0
Pbbec177bac,0,0,,,,,,,,,,,,,,,,0
Pe6ceea2b5e,0,0,,,,,,,,,,,,,,,,0
P544c115a68,0,0,,,,,,,,,,,,,,,,0
P6ff85cb7e1,0,0,,,,,,,,,,,,,,,,0
P29710a392c,0,0,,,,,,,,,,,,,,,,0
P220e9380db,0,0,,,,,,,,,,,,,,,,0
P13adb32b1d,0,0,,,,,,,,,,,,,,,,0
Pdb8fb82c3b,0,0,,,,,,,,,,,,,,,,0
Pba6ba7bcf4,0,0,,,,,,,,,,,,,,,,0
Pad180fa2f7,0,0,,,,,,,,,,,,,,,,0
P19913201dd,0,0,,,,,,,,,,,,,,,,0
P76dbb66d26,0,0,,,,,,,,,,,,,,,,0
Pb486223088,0,0,,,,,,,,,,,,,,,,0
P4570803785,0,0,,,,,,,,,,,,,,,,0
P11d27a665c,0,0,,,,,,,,,,,,,,,,0
P467d53ba82,0,0,,,,,,,,,,,,,,,,0
Pebc69ca1f1,0,0,,,,,,,,,,,,,,,,0
Pcdba4ddbae,0,0,,,,,,,,,,,,,,,,0
P9c4bb7f4c2,0,0,,,,,,,,,,,,,,,,0
P06e60a886f,0,0,,,,,,,,,,,,,,,,0
P29b17f6d68,0,0,,,,,,,,,,,,,,,,0
Pc9579c50f4,0,0,,,,,,,,,,,,,,,,0
Pc781d37e72,0,0,,,,,,,,,,,,,,,,0
P64a7a54879,0,0,,,,,,,,,,,,,,,,0
P8030960284,0,0,,,,,,,,,,,,,,,,0
P809c73ddd0,0,0,,,,,,,,,,,,,,,,0
P0b3e754c0e,0,0,,,,,,,,,,,,,,,,0
Pdcb8ac9b93,0,0,,,,,,,,,,,,,,,,0
Pbd387aad50,0,0,,,,,,,,,,,,,,,,0
P575f19a655,1,1,3,0.428026,0.428026,0,1.77299,2.06315,0.838776,2.59724,1.02213,1.47725,1.77299,2.06315,,0.515,1,0
Pb035a35ee9,0,0,,,,,,,,,,,,,,,,0
P5969d3ea2a,1,2,3,-0.754094,-1.74461,1,2.60817,4.3015,1.0195,-0.252425,1.06091,2.09148,2.60817,4.3015,1.53575,0.711111,3,1
Pc8dae45369,1,2,4,-0.455209,-0.455209,0,0.516319,0.409674,-0.518001,-0.655628,0.86956,1.00374,0.516319,0.472411,-0.0627365,0.5,7,1
Pb5da2dd439,1,2,3,0.288621,-0.715763,0,2.62066,4.49482,2.23548,-0.772515,1.66917,0.822732,3.01478,4.49482,0.216441,0.755556,1,0
P4ec69893f6,0,0,,,,,,,,,,,,,,,,0
P148aecdd52,0,0,,,,,,,,,,,,,,,,0
P4a7a8900d7,0,0,,,,,,,,,,,,,,,,0
P2e890c30d2,1,1,3,0.46148,0.46148,0,0.815758,0.786144,0.646959,2.36534,-0.1952,0.600405,0.815758,0.786144,,0.7,2,0
P3ef4d7a55a,0,0,,,,,,,,,,,,,,,,0
Pb0e43997bd,1,1,4,0.634478,0.634478,0,0.306637,0.919742,1.08671,0.979422,0.134531,-0.277603,0.306637,0.919742,,0.483333,1,0
P9e7b32dc92,0,0,,,,,,,,,,,,,,,,0
P2d49f5a403,0,0,,,,,,,,,,,,,,,,0
P268ca85d2e,0,0,,,,,,,,,,,,,,,,0
P22add316a5,0,0,,,,,,,,,,,,,,,,0
Pbbfb6a2c4a,0,0,,,,,,,,,,,,,,,,0
P47e2698d94,0,0,,,,,,,,,,,,,,,,0
P701bdb09e4,0,0,,,,,,,,,,,,,,,,0
Pce627023f0,0,0,,,,,,,,,,,,,,,,0
Pce366ff1b3,1,3,4,0.0211865,-1.08169,1,1.90331,1.92785,1.54786,0.806404,0.220262,1.43041,1.90331,1.92785,0.47167,0.695833,9,1
Pa98bcc077b,1,1,3,0.109747,0.109747,0,-0.0971706,0.0731189,0.039637,1.30222,0.117821,0.0929362,-0.0971706,0.0731189,,0.5875,1,0
P0c700e1af1,0,0,,,,,,,,,,,,,,,,0
P31bc34ca23,0,0,,,,,,,,,,,,,,,,1
P9cc36d2c64,0,0,,,,,,,,,,,,,,,,0
Pc5e44c9142,0,0,,,,,,,,,,,,,,,,0
Pe1228b6b2c,0,0,,,,,,,,,,,,,,,,0
P53502448c1,0,0,,,,,,,,,,,,,,,,0
Pd9bc466fd2,0,0,,,,,,,,,,,,,,,,0
P4d8e3ba87c,1,2,4,-0.893274,-2.75626,1,0.594387,-0.00405772,0.208074,0.0315668,-0.728791,0.508933,0.594387,-0.00405772,0.805351,0.766667,7,0
P85135a294f,0,0,,,,,,,,,,,,,,,,0
P495da5b1cd,1,1,3,-0.664356,-0.664356,0,-0.202262,-1.0918,-0.919454,-0.229719,-1.09908,0.211285,-0.202262,-1.0918,,0.675,10,0
P74ab2a2c37,0,0,,,,,,,,,,,,,,,,0
P69e13b90fc,1,1,3,0.334256,0.334256,0,0.757938,1.80227,0.783643,1.13528,2.03067,0.112464,0.757938,1.80227,,0.5375,1,0
P43d78a0411,1,1,4,0.43461,0.43461,0,-0.335704,-0.394787,-0.364531,0.91473,-0.682377,-0.0319969,-0.335704,-0.394787,,0.469444,1,0
P2e873db9ac,0,0,,,,,,,,,,,,,,,,0
P629d2ef8de,0,0,,,,,,,,,,,,,,,,0
P2c06075e55,0,0,,,,,,,,,,,,,,,,0
P749792a28d,0,0,,,,,,,,,,,,,,,,0
P3e5e9d6579,0,0,,,,,,,,,,,,,,,,0
P96af95e7fd,0,0,,,,,,,,,,,,,,,,0
Pde91f9542b,0,0,,,,,,,,,,,,,,,,0
P2606a3d161,1,1,3,-0.231581,-0.231581,0,1.35065,1.45435,0.507439,-0.616535,1.0481,0.769671,1.35065,1.45435,,0.752778,3,0
P52af59d765,0,0,,,,,,,,,,,,,,,,0
P355f728583,0,0,,,,,,,,,,,,,,,,0
P50ca99530f,0,0,,,,,,,,,,,,,,,,0
Pd11fd10026,0,0,,,,,,,,,,,,,,,,0
P36b818b767,0,0,,,,,,,,,,,,,,,,0
Pe6bde91a1f,0,0,,,,,,,,,,,,,,,,0
Pc4acbf93e3,0,0,,,,,,,,,,,,,,,,0
Pbb988d44ca,0,0,,,,,,,,,,,,,,,,0
P4f47ca7b5d,0,0,,,,,,,,,,,,,,,,0
P7f14bdd3aa,0,0,,,,,,,,,,,,,,,,0
Paef9538004,0,0,,,,,,,,,,,,,,,,0
P3ce7981258,0,0,,,,,,,,,,,,,,,,0
P0f2f594f0f,0,0,,,,,,,,,,,,,,,,0
Pa2b1e0c1b9,0,0,,,,,,,,,,,,,,,,0
P16bad3a52e,0,0,,,,,,,,,,,,,,,,0
P4f54eef176,0,0,,,,,,,,,,,,,,,,0
P39e62f008f,0,0,,,,,,,,,,,,,,,,0
P50969329ac,0,0,,,,,,,,,,,,,,,,0
P981540aa5d,0,0,,,,,,,,,,,,,,,,0
P07a1fb349e,0,0,,,,,,,,,,,,,,,,0
P05848850fc,0,0,,,,,,,,,,,,,,,,0
Pc42b84faf5,0,0,,,,,,,,,,,,,,,,0
P8a6c25e945,1,1,3,0.361635,0.361635,0,-1.90423,-2.09152,-2.83712,-1.3425,1.19506,-0.0188172,-1.90423,-2.09152,,0.1125,1,0
Pf755f2c0c0,0,0,,,,,,,,,,,,,,,,0
Pc6eddeb128,0,0,,,,,,,,,,,,,,,,0
P109788f4ba,0,0,,,,,,,,,,,,,,,,0
P762dcd7f87,0,0,,,,,,,,,,,,,,,,0
P9ee45f9ea5,0,0,,,,,,,,,,,,,,,,0
Pa5d1a1783b,0,0,,,,,,,,,,,,,,,,0
Pf7cebccf2c,0,0,,,,,,,,,,,,,,,,0
P0736b54145,0,0,,,,,,,,,,,,,,,,0
P4e1bce542d,0,0,,,,,,,,,,,,,,,,0
P3d4bf642e0,0,0,,,,,,,,,,,,,,,,0
Pe0ab16a2ed,0,0,,,,,,,,,,,,,,,,0
P89d1117940,0,0,,,,,,,,,,,,,,,,0
P7c4530d600,0,0,,,,,,,,,,,,,,,,0
P13a0e44cab,0,0,,,,,,,,,,,,,,,,0
P542c8bbfa1,0,0,,,,,,,,,,,,,,,,0
P47e4bd26a8,0,0,,,,,,,,,,,,,,,,0
P10819fb965,0,0,,,,,,,,,,,,,,,,0
P477dab5e0e,1,1,4,0.609837,0.609837,0,0.746003,1.21575,1.91299,-0.943954,-0.263165,-0.491528,0.746003,1.21575,,0.3375,1,0
P42d7cc83b1,0,0,,,,,,,,,,,,,,,,0
Pc5bce4fd0c,0,0,,,,,,,,,,,,,,,,0
P7df7e92bd1,0,0,,,,,,,,,,,,,,,,0
Pbb710ba6e6,0,0,,,,,,,,,,,,,,,,0
Pd30706ab20,0,0,,,,,,,,,,,,,,,,0
P163aa00374,0,0,,,,,,,,,,,,,,,,0
P272afc1b90,1,1,3,-0.272251,-0.272251,0,2.57995,3.18932,2.04616,0.339544,0.820398,1.24782,2.57995,3.18932,,0.4875,1,0
Pa260a40e68,1,1,3,-0.025839,-0.025839,0,2.19783,1.57649,1.81057,0.0943524,1.84474,1.18998,2.19783,1.57649,,0.653125,1,0
P43f8251240,0,0,,,,,,,,,,,,,,,,0
Pf849910cdc,0,0,,,,,,,,,,,,,,,,0
Pf9e0178b31,0,0,,,,,,,,,,,,,,,,0
Pb5ebcb5d6c,0,0,,,,,,,,,,,,,,,,0
Pc3d030ae81,0,0,,,,,,,,,,,,,,,,0
P4e4e438f6e,1,1,3,-0.143569,-0.143569,0,2.05189,3.25521,1.11203,-0.599833,2.4648,1.58558,2.05189,3.25521,,0.31875,1,0
P2320c27578,1,1,3,0.0693603,0.0693603,0,3.11921,1.75389,2.09947,-0.230727,0.762934,1.45474,3.11921,1.75389,,0.575,1,0
P3f927eeca6,1,1,4,0.686887,0.686887,0,0.525089,2.09477,1.5176,-0.200055,2.41313,-0.317122,0.525089,2.09477,,0.408333,5,0
P4d2e34ba12,1,1,4,0.432261,0.432261,0,1.71378,0.898947,0.00180045,0.185268,1.14088,1.93496,1.71378,0.898947,,0.691667,5,0
Pca1e2194fa,0,0,,,,,,,,,,,,,,,,0
P400aecdd2c,0,0,,,,,,,,,,,,,,,,0
P089ae8ca96,0,0,,,,,,,,,,,,,,,,0
P47044d9385,0,0,,,,,,,,,,,,,,,,0
Pbc5d4fc393,0,0,,,,,,,,,,,,,,,,0
Pcfae2f19b7,0,0,,,,,,,,,,,,,,,,0
Pc2a67f2add,0,0,,,,,,,,,,,,,,,,0
Pefaae49c8b,1,1,3,-1.19763,-1.19763,1,1.89276,1.00004,1.30204,0.315609,0.562499,1.11486,1.89276,1.00004,,0.55,2,0
P83b3d780d7,0,0,,,,,,,,,,,,,,,,0
Pa3f9e715ae,0,0,,,,,,,,,,,,,,,,0
P6d4d3ba13b,0,0,,,,,,,,,,,,,,,,0
P31e884be2b,0,0,,,,,,,,,,,,,,,,0
P52c65c114a,1,1,3,0.182242,0.182242,0,0.298541,0.659639,-0.00669,2.54903,3.20118,0.63654,0.298541,0.659639,,0.509375,1,0
P4bc4764e2a,0,0,,,,,,,,,,,,,,,,0
P8d6fb61ea0,1,1,4,-0.14035,-0.14035,0,-0.232429,1.85072,0.291217,-0.249566,0.033943,-0.874298,-0.232429,1.85072,,0.338889,1,0
Pd2430f6dfc,0,0,,,,,,,,,,,,,,,,0
P838aeb9cb6,1,1,3,0.30271,0.30271,0,-0.045411,0.404275,-0.657254,4.39148,0.820398,0.800632,-0.045411,0.404275,,0.4875,1,0
Pc6c9992e46,0,0,,,,,,,,,,,,,,,,0
Pb172e7dcfc,0,0,,,,,,,,,,,,,,,,0
Pc0b16a51f2,0,0,,,,,,,,,,,,,,,,0
P86f7665380,0,0,,,,,,,,,,,,,,,,0
P0267b55e6b,0,0,,,,,,,,,,,,,,,,0
Pa548aa166c,0,0,,,,,,,,,,,,,,,,0
Pf2c709b50b,0,0,,,,,,,,,,,,,,,,0
Pff7518dc75,0,0,,,,,,,,,,,,,,,,0
P41b1bb4705,1,1,3,-0.229072,-0.229072,0,1.39083,2.21192,1.23953,0.230614,0.327317,0.476754,1.39083,2.21192,,0.585,1,0
P319cf0c2e0,0,0,,,,,,,,,,,,,,,,0
P798e5b71ce,0,0,,,,,,,,,,,,,,,,0
Pd9273beb4e,1,1,4,0.46199,0.46199,0,1.01425,0.626591,0.261554,3.245,0.50316,1.20633,1.01425,0.626591,,0.5375,1,0
P47e358160b,0,0,,,,,,,,,,,,,,,,0
P1ba89514b1,0,0,,,,,,,,,,,,,,,,0
P4b46fb5c89,0,0,,,,,,,,,,,,,,,,0
Pbfcceae701,0,0,,,,,,,,,,,,,,,,0
Pc8a80657b3,1,1,4,0.522224,0.522224,0,-0.0999983,1.51853,1.60656,0.727125,4.02059,-0.637296,-0.0999983,1.51853,,0.361111,1,0
P337fb06bb7,0,0,,,,,,,,,,,,,,,,0
P404f9fdfb6,1,3,4,0.16082,-0.942054,0,0.853301,1.29949,1.54086,-0.440695,1.60411,0.0574176,0.853301,1.29949,2.56366,0.75,2,0
Paa36360f59,0,0,,,,,,,,,,,,,,,,0
Pbf890a872a,1,1,3,-0.287249,-0.287249,0,0.721679,-0.529377,-0.495059,0.301707,-0.982589,1.1193,0.721679,-0.529377,,0.81,4,0
Pf3fb310df6,0,0,,,,,,,,,,,,,,,,0
P0dca4f55c4,1,2,3,0.0262098,-0.964305,0,0.555469,1.67376,1.27625,-0.651767,0.652927,-0.197297,0.555469,1.67376,1.39604,0.461111,3,0
P8e2f7481af,0,0,,,,,,,,,,,,,,,,0
P2db62bcb6f,0,0,,,,,,,,,,,,,,,,0
P2cdeb4bf00,0,0,,,,,,,,,,,,,,,,0
P711641b36d,1,1,3,-0.755431,-0.755431,0,-0.674953,0.373898,0.793803,-1.3425,1.02314,-1.29123,-0.674953,0.373898,,0.76,4,0
P0074b51801,0,0,,,,,,,,,,,,,,,,0
P1edb3aa5e4,0,0,,,,,,,,,,,,,,,,0
P289650de8a,0,0,,,,,,,,,,,,,,,,0
P909613bae5,0,0,,,,,,,,,,,,,,,,0
Pc6095e56a1,0,0,,,,,,,,,,,,,,,,0
P0c0603520c,0,0,,,,,,,,,,,,,,,,0
P10bdb64d5d,0,0,,,,,,,,,,,,,,,,0
P5ed74be24f,0,0,,,,,,,,,,,,,,,,0
Pbe0e1f0064,1,1,3,-0.521429,-0.521429,0,0.0875207,0.209263,0.0895024,2.06325,0.409599,0.597605,0.0875207,0.209263,,0.395,2,0
Pae1e3e2903,0,0,,,,,,,,,,,,,,,,0
P093d3a11ad,0,0,,,,,,,,,,,,,,,,0
Pded0fedf79,0,0,,,,,,,,,,,,,,,,0
P9926013d5a,0,0,,,,,,,,,,,,,,,,0
Pee7c22ed91,0,0,,,,,,,,,,,,,,,,0
Pfa75ae8d76,0,0,,,,,,,,,,,,,,,,0
P64210277c7,0,0,,,,,,,,,,,,,,,,0
P416dc6431a,0,0,,,,,,,,,,,,,,,,0
Pf37ef86b30,0,0,,,,,,,,,,,,,,,,0
Pf0384da7bc,1,2,3,-0.0318995,-1.03179,1,0.74123,2.09857,0.595114,-0.675153,1.03873,0.641154,1.33283,2.09857,0.830727,0.828125,13,0
P8ea6b00194,0,0,,,,,,,,,,,,,,,,0
P9fd176d178,0,0,,,,,,,,,,,,,,,,0
P337ea84d5c,1,1,3,0.806456,0.806456,0,0.379392,-0.334749,-0.236855,-0.788517,-0.590542,0.558845,0.379392,-0.334749,,0.31,2,0
Pd7b7b2dd0a,0,0,,,,,,,,,,,,,,,,0
P46ea49196b,0,0,,,,,,,,,,,,,,,,0
P91c52ea937,0,0,,,,,,,,,,,,,,,,0
P2561e38a80,0,0,,,,,,,,,,,,,,,,0
P3fe42ad9e3,0,0,,,,,,,,,,,,,,,,0
P14fdb083b4,0,0,,,,,,,,,,,,,,,,0
P84b7d3abc9,0,0,,,,,,,,,,,,,,,,0
Pfbbf8d1dd2,0,0,,,,,,,,,,,,,,,,0
P00193b3ed9,1,1,3,0.264379,0.264379,0,2.5376,2.49444,1.73544,-0.695109,1.90954,1.69877,2.5376,2.49444,,0.44,3,1
Pca1c024cab,0,0,,,,,,,,,,,,,,,,0
Pf7f191defd,0,0,,,,,,,,,,,,,,,,0
P84101ffd6c,0,0,,,,,,,,,,,,,,,,0
Pde25a111c0,1,1,3,-0.822969,-0.822969,0,1.85788,3.05882,0.22264,-0.8265,5.11833,1.88034,1.85788,3.05882,,0.725,14,0
P854bff0ae3,0,0,,,,,,,,,,,,,,,,0
P3ede0fa0b1,0,0,,,,,,,,,,,,,,,,0
P6a23d47737,0,0,,,,,,,,,,,,,,,,0
P6258e82584,0,0,,,,,,,,,,,,,,,,0
P3cb5a9e68b,0,0,,,,,,,,,,,,,,,,0
P398088f587,0,0,,,,,,,,,,,,,,,,0
P84dee8d837,0,0,,,,,,,,,,,,,,,,0
P1100d011d0,1,2,4,-0.556512,-0.556512,0,0.403246,0.424796,-0.42473,0.0346058,0.286035,1.23733,0.403246,0.424796,0.963644,0.675,7,0
P93a13b19c2,0,0,,,,,,,,,,,,,,,,0
P2ad610b277,0,0,,,,,,,,,,,,,,,,0
P9702e35c0a,1,2,4,0.276201,0.0857878,0,0.360376,1.62005,0.328075,-0.591523,3.34149,0.340516,1.64427,3.43258,-1.81253,0.603125,9,1
P9dbf445dc5,0,0,,,,,,,,,,,,,,,,0
P36f801ddc1,0,0,,,,,,,,,,,,,,,,0
P824176de50,1,2,4,-0.975023,-1.18437,1,0.963859,0.643941,0.771067,0.436011,-0.0403951,0.42056,0.963859,0.643941,0.215037,0.794444,3,1
Pdbcc4b2801,0,0,,,,,,,,,,,,,,,,0
P17a4a5cfae,0,0,,,,,,,,,,,,,,,,0
P31b4a243f7,1,1,3,0.636706,0.636706,0,0.309248,2.01415,0.263244,0.636356,1.87506,0.371063,0.309248,2.01415,,0.305,2,0
P24a562f4ba,0,0,,,,,,,,,,,,,,,,0
Pf825457ab4,1,1,4,0.637604,0.637604,0,0.852019,0.468467,0.661154,0.522188,0.343117,0.451054,0.852019,0.468467,,0.505556,5,0
Pccb83c9fcb,0,0,,,,,,,,,,,,,,,,0
P70aaa5fb09,0,0,,,,,,,,,,,,,,,,0
Pb18185e9fe,1,1,3,0.148988,0.148988,0,0.363841,1.68004,0.285964,-0.544501,1.0868,0.0990867,0.363841,1.68004,,0.619444,7,0
Pa33d5803eb,0,0,,,,,,,,,,,,,,,,0
P8aa2e06ade,0,0,,,,,,,,,,,,,,,,0
Pcad0645e5a,0,0,,,,,,,,,,,,,,,,0
P56b91ee390,0,0,,,,,,,,,,,,,,,,0
P467b7b3f59,0,0,,,,,,,,,,,,,,,,0
P5d0988f1e1,0,0,,,,,,,,,,,,,,,,0
P488064c36d,0,0,,,,,,,,,,,,,,,,0
Pf209014384,0,0,,,,,,,,,,,,,,,,0
Pd6905b8ed2,0,0,,,,,,,,,,,,,,,,0
P622332ff90,0,0,,,,,,,,,,,,,,,,0
Pef94ae3f83,0,0,,,,,,,,,,,,,,,,0
Pf1323eea4d,0,0,,,,,,,,,,,,,,,,0
Pfb1f867cde,0,0,,,,,,,,,,,,,,,,0
Pd2b56a96a1,0,0,,,,,,,,,,,,,,,,0
Pea46ee56c1,0,0,,,,,,,,,,,,,,,,0
P36eaf9779b,0,0,,,,,,,,,,,,,,,,0
P70fe638043,0,0,,,,,,,,,,,,,,,,0
Pa9d4084dfb,1,2,4,0.462378,0.271965,0,1.50682,0.869299,0.686484,2.04778,0.411899,1.69721,1.50682,0.869299,0.387901,0.65,9,0
P15f2c20d7d,0,0,,,,,,,,,,,,,,,,0
Pb10604e423,0,0,,,,,,,,,,,,,,,,0
P5f6276e4dd,0,0,,,,,,,,,,,,,,,,0
P45b94f1aab,0,0,,,,,,,,,,,,,,,,0
Pa0a2c9503f,0,0,,,,,,,,,,,,,,,,0
P5e50445e82,0,0,,,,,,,,,,,,,,,,0
P74a501a7bb,0,0,,,,,,,,,,,,,,,,0
P55c8e33d89,0,0,,,,,,,,,,,,,,,,0
Pd44ef7a78e,0,0,,,,,,,,,,,,,,,,0
P8ec07e793f,0,0,,,,,,,,,,,,,,,,0
P310fe8e32c,0,0,,,,,,,,,,,,,,,,0
P8d17fbd48e,0,0,,,,,,,,,,,,,,,,0
P58c3f134a2,1,2,4,0.57737,0.386958,0,-0.232335,2.23864,0.0233141,-0.614343,3.73249,-0.450755,0.822141,2.23864,0.0267241,0.394444,5,0
Pd6736ed788,0,0,,,,,,,,,,,,,,,,0
P01a00a5983,0,0,,,,,,,,,,,,,,,,0
P26312e5087,0,0,,,,,,,,,,,,,,,,0
Pecca0a47dd,0,0,,,,,,,,,,,,,,,,0
P85abb7e5de,0,0,,,,,,,,,,,,,,,,0
P83fd4822e5,0,0,,,,,,,,,,,,,,,,0
Pf22b67943e,0,0,,,,,,,,,,,,,,,,0
P591a253b3e,0,0,,,,,,,,,,,,,,,,0
P1497c83aba,1,1,3,0.234262,0.234262,0,0.444383,-0.000447101,-0.587433,-0.263161,0.631282,1.24775,0.444383,-0.000447101,,0.490625,1,0
P05c9e8e43e,1,1,3,0.458186,0.458186,0,1.28181,1.03744,0.787471,0.56581,-0.402566,0.86447,1.28181,1.03744,,0.8125,11,0
P7d52184fb7,0,0,,,,,,,,,,,,,,,,0
P15c3bdbcba,0,0,,,,,,,,,,,,,,,,0
Pe364fefd34,1,1,3,1.95231,1.95231,0,1.0109,0.840614,0.232012,-0.413939,1.99655,1.41694,1.0109,0.840614,,0.916667,0,0
Paf55ace901,1,3,4,0.865991,-0.380168,0,1.17976,1.473,1.38854,-0.489941,-0.22748,0.576604,2.5111,3.88554,1.97316,0.425,1,0
P45450124ed,0,0,,,,,,,,,,,,,,,,0
P38145d33eb,1,2,3,0.12573,-0.880651,0,1.32358,0.70034,0.641105,-0.511269,0.397553,0.978036,1.32358,0.70034,0.892719,0.615625,9,0
P8d3cc27d9f,1,1,4,0.0978479,0.0978479,0,0.843833,-0.138997,0.759128,-0.0311797,-0.689603,0.553503,0.843833,-0.138997,,0.472222,1,0
P2100fc35c8,0,0,,,,,,,,,,,,,,,,0
Pe8dc26218f,0,0,,,,,,,,,,,,,,,,0
P33a3ea1e89,0,0,,,,,,,,,,,,,,,,0
Pbe299942e3,0,0,,,,,,,,,,,,,,,,0
Pcc25131c3d,0,0,,,,,,,,,,,,,,,,0
P73a117bd09,0,0,,,,,,,,,,,,,,,,0
Pebbd613418,1,1,4,0.0540414,0.0540414,0,0.607955,0.264903,1.06873,0.735623,-0.319425,0.243854,0.607955,0.264903,,0.569444,4,0
Pc1b5416459,0,0,,,,,,,,,,,,,,,,0
P4c0b663d25,0,0,,,,,,,,,,,,,,,,0
P19dba9c1fd,0,0,,,,,,,,,,,,,,,,0
P607c704c53,0,0,,,,,,,,,,,,,,,,0
P93861fcc04,0,0,,,,,,,,,,,,,,,,0
Pf1615243ab,0,0,,,,,,,,,,,,,,,,0
Pb5f5bff7e1,0,0,,,,,,,,,,,,,,,,0
P6a5ab4372a,0,0,,,,,,,,,,,,,,,,0
P7d1e9516ee,0,0,,,,,,,,,,,,,,,,0
Pdb1689c286,1,2,3,-0.577927,-1.68227,1,0.858385,0.714714,0.394885,0.0417026,0.321211,0.749715,0.858385,0.714714,0.435853,0.78,3,0
P23f1ba707f,1,1,3,0.291375,0.291375,0,2.9766,2.58622,1.69168,-0.792468,0.831068,2.01205,2.9766,2.58622,,0.41,1,0
P2171d2817b,0,0,,,,,,,,,,,,,,,,0
P11fb43c4ea,1,1,4,-0.834932,-0.834932,0,2.3669,3.00774,1.1354,1.04886,3.2309,1.78325,2.3669,3.00774,,0.472176,1,0
Pc9a1f10582,1,2,4,-0.656968,-0.656968,0,2.01929,0.814583,0.614453,1.70713,0.106824,1.91528,2.01929,0.814583,0.182662,0.737593,4,0
P1044a073cf,1,2,4,0.695558,0.391293,0,1.9583,1.84092,0.815248,2.02802,3.13715,1.75676,1.9583,1.84092,0.69248,0.392037,1,0
P1dca1ecf2b,1,1,3,-0.342467,-0.342467,0,2.40232,2.13588,1.16874,-0.0127743,1.20144,1.76015,2.40232,2.13588,,0.49,1,0
P12d1ca8d35,0,0,,,,,,,,,,,,,,,,0
P0a4bbd8b0a,0,0,,,,,,,,,,,,,,,,0
P7f1d080745,1,1,4,0.728413,0.728413,0,-0.142794,1.08848,1.20713,1.33184,2.49614,-0.74646,-0.142794,1.08848,,0.470972,1,0
Pc7e0f691c6,0,0,,,,,,,,,,,,,,,,0
P3997afa4f2,1,3,4,0.605207,-1.63339,1,2.00493,2.09056,0.832219,2.17647,0.329639,2.27184,2.00493,2.09056,1.01457,0.825648,8,0
P96c6ba4e0f,0,0,,,,,,,,,,,,,,,,0
P49827cf895,0,0,,,,,,,,,,,,,,,,0
Pa9426d162d,0,0,,,,,,,,,,,,,,,,0
Paf95fb158c,0,0,,,,,,,,,,,,,,,,0
Pf7c7a85a9a,0,0,,,,,,,,,,,,,,,,0
Pea7725adea,1,2,4,0.227376,-0.0768896,0,2.43611,0.747091,0.344879,0.805562,-0.552662,2.79377,2.43611,0.747091,0.833911,0.77463,6,0
P465ab55c02,0,0,,,,,,,,,,,,,,,,0
Pe73b4eac92,0,0,,,,,,,,,,,,,,,,0
Pccdaab2014,0,0,,,,,,,,,,,,,,,,0
Pd907989bcb,0,0,,,,,,,,,,,,,,,,0
P2f95e0c256,0,0,,,,,,,,,,,,,,,,0
P5c19a79a93,0,0,,,,,,,,,,,,,,,,0
P360c31499c,0,0,,,,,,,,,,,,,,,,0
Pfe357344e4,0,0,,,,,,,,,,,,,,,,0
P44154d877a,1,2,4,0.213229,0.0038787,0,0.331057,0.643563,0.311112,0.274636,1.30227,0.317904,0.860898,0.643563,0.215774,0.560714,2,0
Pe966e23e9c,0,0,,,,,,,,,,,,,,,,0
Pa5d86611c0,0,0,,,,,,,,,,,,,,,,0
P4f181909b7,0,0,,,,,,,,,,,,,,,,0
Pf78412d8c5,1,1,3,0.110673,0.110673,0,0.625977,1.21841,-0.315192,0.668213,1.66112,1.17711,0.625977,1.21841,,0.614286,10,1
P24fc987f38,0,0,,,,,,,,,,,,,,,,0
P944e30c99c,0,0,,,,,,,,,,,,,,,,0
Pd5729dac8f,0,0,,,,,,,,,,,,,,,,0
P31e153a014,1,2,4,0.854357,0.550091,0,1.68548,1.85611,1.07706,-1.09273,0.150611,0.948984,2.1537,2.03524,-0.179133,0.315463,1,0
Pd6e0b051bb,1,1,3,0.0480845,0.0480845,0,-0.293429,0.278862,-0.576525,-0.830921,0.392519,-0.144844,-0.293429,0.278862,,0.35,1,0
Pab87e9a8b8,0,0,,,,,,,,,,,,,,,,0
Pd8244d9a42,1,1,3,0.374865,0.374865,0,-0.309357,-0.210795,-0.412827,-0.963643,-1.03384,-0.38142,-0.309357,-0.210795,,0.455,1,0
Pdd79d6ef7f,0,0,,,,,,,,,,,,,,,,0
P962232fdc6,1,1,4,-0.262709,-0.262709,0,0.570885,1.27639,0.939004,0.782583,-0.631873,-0.26794,0.570885,1.27639,,0.422917,2,0
Pb51c66667f,0,0,,,,,,,,,,,,,,,,0
Pbac4f67696,0,0,,,,,,,,,,,,,,,,0
Pb59be03b24,0,0,,,,,,,,,,,,,,,,0
P6e49424689,0,0,,,,,,,,,,,,,,,,0
P6cee28a4f3,0,0,,,,,,,,,,,,,,,,0
P83de6de3ec,0,0,,,,,,,,,,,,,,,,0
P9e30954b9f,0,0,,,,,,,,,,,,,,,,0
P8c383a7533,0,0,,,,,,,,,,,,,,,,0
P25150e1302,0,0,,,,,,,,,,,,,,,,0
Pbed27928bf,1,1,4,0.837929,0.837929,0,0.591107,0.364734,0.811526,2.39044,0.0502999,0.639076,0.591107,0.364734,,0.760093,2,0
Pb8a773b356,0,0,,,,,,,,,,,,,,,,0
Pc0fff42784,0,0,,,,,,,,,,,,,,,,0
P9da0cf7014,0,0,,,,,,,,,,,,,,,,0
Pa47459a77d,0,0,,,,,,,,,,,,,,,,0
P25609e2dfe,0,0,,,,,,,,,,,,,,,,0
P1108cb2921,0,0,,,,,,,,,,,,,,,,0
Pf0c15e8037,0,0,,,,,,,,,,,,,,,,0
P17aee771c1,0,0,,,,,,,,,,,,,,,,0
P9c40b5aa37,0,0,,,,,,,,,,,,,,,,0
P331cffbdbb,0,0,,,,,,,,,,,,,,,,0
P59ddf4705a,0,0,,,,,,,,,,,,,,,,0
Pee1a8f2e9d,0,0,,,,,,,,,,,,,,,,0
Pa380a0ce3c,0,0,,,,,,,,,,,,,,,,0
P1b1aa3dc82,0,0,,,,,,,,,,,,,,,,0
Pd856b04e96,0,0,,,,,,,,,,,,,,,,0
Pbda800ed55,0,0,,,,,,,,,,,,,,,,0
Pa76f81d8c3,0,0,,,,,,,,,,,,,,,,0
P2dde5c1214,0,0,,,,,,,,,,,,,,,,0
P23026d4d13,0,0,,,,,,,,,,,,,,,,0
Pb59dd639f9,1,1,3,0.166879,0.166879,0,1.08677,1.10538,0.610494,0.629078,-0.260297,0.474515,1.08677,1.10538,,0.66,0,0
P2dd4d0a4f4,0,0,,,,,,,,,,,,,,,,0
Pcb993abaa5,1,2,4,-0.0769894,-0.267402,0,2.00827,1.56233,0.736872,-0.825418,0.305811,1.9827,2.00827,1.63226,-0.0699294,0.491667,11,0
Pceb2ff7429,0,0,,,,,,,,,,,,,,,,0
P0ee95e3925,0,0,,,,,,,,,,,,,,,,0
Pfa73181e89,0,0,,,,,,,,,,,,,,,,0
Pbbdf67d0e0,0,0,,,,,,,,,,,,,,,,0
P0acc99bae4,1,2,3,0.164061,-0.84232,0,0.000868995,0.817421,0.254401,0.576293,1.33412,-0.20447,0.000868995,0.817421,1.51092,0.783333,15,0
P187235ce4e,0,0,,,,,,,,,,,,,,,,0
P68a89b7756,0,0,,,,,,,,,,,,,,,,0
P88b9812a96,0,0,,,,,,,,,,,,,,,,0
Pe39c876df8,0,0,,,,,,,,,,,,,,,,0
P9df5f3f8bb,0,0,,,,,,,,,,,,,,,,0
P9075a4686f,0,0,,,,,,,,,,,,,,,,0
Pdd3e192436,0,0,,,,,,,,,,,,,,,,0
P7632bd626c,0,0,,,,,,,,,,,,,,,,0
Pd35ff11e6d,0,0,,,,,,,,,,,,,,,,0
P8c2c5e7b71,0,0,,,,,,,,,,,,,,,,0
P80e599186b,1,1,4,0.177636,0.177636,0,-0.715543,0.342105,-0.448591,4.65202,1.76191,0.077731,-0.715543,0.342105,,0.2125,5,0
P98ee7e9798,0,0,,,,,,,,,,,,,,,,0
P645a205457,0,0,,,,,,,,,,,,,,,,0
P5a591d3e24,0,0,,,,,,,,,,,,,,,,0
P67cf99c3eb,0,0,,,,,,,,,,,,,,,,0
Pb9c495a67d,1,2,4,-1.08134,-1.08134,1,3.00316,2.96632,2.29422,-0.754048,0.896413,1.57172,3.00316,2.96632,0.736369,0.35875,1,0
Pf1eb0b11c1,0,0,,,,,,,,,,,,,,,,0
P11ed05516e,1,2,4,0.340657,-2.30838,1,2.82866,2.0618,1.02128,-0.387212,0.996351,2.333,2.82866,2.0618,1.96693,0.69375,3,0
P9b0b27ae5d,0,0,,,,,,,,,,,,,,,,0
P3e493925a2,0,0,,,,,,,,,,,,,,,,1
Pff77feae98,1,2,3,0.393432,-0.916042,0,2.75049,2.11789,0.409027,-0.00836794,2.33373,3.15856,2.75049,2.11789,1.70526,0.405,1,0
Pec96a14b85,0,0,,,,,,,,,,,,,,,,0
Pc3390f55d0,1,3,4,0.568658,-1.36061,1,1.5327,1.76653,0.48011,0.780674,2.82824,1.67517,1.5327,2.23173,-0.465197,0.48,1,0
Peaf1686cc0,1,1,3,0.574133,0.574133,0,0.538341,2.14084,2.01204,-0.914601,4.62005,-0.670216,0.538341,2.14084,,0.385,1,0
P2297a93a7f,1,2,4,-0.971827,-1.27609,1,2.08044,1.04841,0.0563142,-0.781977,-0.126463,2.61235,2.08044,1.53957,-0.491168,0.810238,6,0
P7d77f683c0,0,0,,,,,,,,,,,,,,,,0
Pce2a43b358,0,0,,,,,,,,,,,,,,,,0
Ped4ca8f8d6,0,0,,,,,,,,,,,,,,,,0
Pe71646e585,0,0,,,,,,,,,,,,,,,,0
Pcf63b744fe,0,0,,,,,,,,,,,,,,,,0
P94d904f95a,1,1,3,0.22428,0.22428,0,0.517492,0.336088,0.337448,-1.17165,0.173367,0.0846481,0.517492,0.336088,,0.23,1,0
P8d6369038a,0,0,,,,,,,,,,,,,,,,0
P16f77dc0c6,0,0,,,,,,,,,,,,,,,,0
Pb067831a66,1,1,3,-0.420098,-0.420098,0,1.94781,2.6401,2.33336,-0.664928,3.05281,0.372202,1.94781,2.6401,,0.175,1,0
P5492e07ad3,0,0,,,,,,,,,,,,,,,,0
Pb4e1522182,0,0,,,,,,,,,,,,,,,,0
P9a02cf437c,1,2,3,0.445452,-0.864022,0,0.00962444,0.90738,0.42239,4.25272,0.805239,-0.103896,0.429921,1.47585,-0.568472,0.55,1,0
Pd0eaa15469,0,0,,,,,,,,,,,,,,,,0
Pdaafce7eb6,0,0,,,,,,,,,,,,,,,,0
P3cfad83e39,0,0,,,,,,,,,,,,,,,,0
P128f74a48f,0,0,,,,,,,,,,,,,,,,0
P1c43036b93,0,0,,,,,,,,,,,,,,,,0
P5849f19551,0,0,,,,,,,,,,,,,,,,0
P1b292d5147,0,0,,,,,,,,,,,,,,,,0
P4a125216bc,0,0,,,,,,,,,,,,,,,,0
Pf634b73f97,1,1,4,0.0681197,0.0681197,0,-0.199637,-0.270932,-0.359147,1.32202,0.709954,0.371986,-0.199637,-0.270932,,0.28,5,0
Pa779a7b0cf,1,1,4,0.47105,0.47105,0,2.31979,1.7236,1.68328,-1.29949,0.113399,2.04908,2.31979,1.7236,,0.413472,5,0
P2e8c779b09,0,0,,,,,,,,,,,,,,,,0
Pe7f5f31a46,0,0,,,,,,,,,,,,,,,,0
Pf38454d2db,0,0,,,,,,,,,,,,,,,,0
P944090784f,0,0,,,,,,,,,,,,,,,,0
Pea73008ab4,0,0,,,,,,,,,,,,,,,,0
P6c859977a5,0,0,,,,,,,,,,,,,,,,0
P0ba0d4e186,0,0,,,,,,,,,,,,,,,,0
P831df49905,0,0,,,,,,,,,,,,,,,,0
Pf21d262b1c,1,1,3,-0.231565,-0.231565,0,1.33657,3.23007,2.61166,-1.27101,0.380295,-0.489791,1.33657,3.23007,,0.23125,1,0
Ped46c6be82,0,0,,,,,,,,,,,,,,,,0
Peda2227014,0,0,,,,,,,,,,,,,,,,0
P6f3f385e9b,0,0,,,,,,,,,,,,,,,,0
P7570f82c10,0,0,,,,,,,,,,,,,,,,0
P4ba2b4830d,0,0,,,,,,,,,,,,,,,,0
P04e5776a76,1,2,4,0.328221,0.137808,0,0.352735,1.5392,2.16333,-0.809151,1.12193,-0.601554,0.352735,1.5392,1.50051,0.596875,9,0
Pfc32d168da,1,2,4,0.255438,0.00916914,0,0.537734,0.991217,0.810991,-0.809329,0.512635,0.545053,0.537734,0.991217,1.10616,0.458333,1,0
P0029c9d3a9,0,0,,,,,,,,,,,,,,,,0
P1ef5f1c321,0,0,,,,,,,,,,,,,,,,0
P35fcccf6c9,0,0,,,,,,,,,,,,,,,,0
Pa1aae2a35c,0,0,,,,,,,,,,,,,,,,0
P46c8e8cb1c,0,0,,,,,,,,,,,,,,,,0
Pf326870436,0,0,,,,,,,,,,,,,,,,0
Pef9b8757a6,0,0,,,,,,,,,,,,,,,,0
P65d56567c7,0,0,,,,,,,,,,,,,,,,0
Pca83b848d1,0,0,,,,,,,,,,,,,,,,0
P26e74779f0,1,1,4,0.725217,0.725217,0,0.383562,-0.0201797,0.142641,1.20481,-0.948789,0.447554,0.383562,-0.0201797,,0.255556,5,0
Pa2709c7876,0,0,,,,,,,,,,,,,,,,0
P9990134f41,0,0,,,,,,,,,,,,,,,,0
Pe00e8a81b3,0,0,,,,,,,,,,,,,,,,0
Pa24dadc449,0,0,,,,,,,,,,,,,,,,0
P84b2e1b413,0,0,,,,,,,,,,,,,,,,0
P98102db2bd,0,0,,,,,,,,,,,,,,,,0
Pbb1af08ea5,0,0,,,,,,,,,,,,,,,,0
Paae768e6c1,0,0,,,,,,,,,,,,,,,,0
Pa48064fa8c,0,0,,,,,,,,,,,,,,,,0
Pc2766e3f86,0,0,,,,,,,,,,,,,,,,0
P9cedd79bd8,0,0,,,,,,,,,,,,,,,,0
P83f630794b,0,0,,,,,,,,,,,,,,,,0
P093c255389,0,0,,,,,,,,,,,,,,,,0
P9e418f4c91,0,0,,,,,,,,,,,,,,,,0
P0c888043b8,0,0,,,,,,,,,,,,,,,,0
Pcfe0d93659,1,2,4,-0.282332,-0.282332,0,-0.346201,-0.155954,0.177554,1.07695,0.222227,-0.271358,0.457551,0.814452,-0.970407,0.55,11,0
Pd3473cff83,0,0,,,,,,,,,,,,,,,,0
Pfd690eb68d,0,0,,,,,,,,,,,,,,,,0
P7b91fe948e,0,0,,,,,,,,,,,,,,,,0
Pb88d2f0541,0,0,,,,,,,,,,,,,,,,0
P2c58b86e78,0,0,,,,,,,,,,,,,,,,0
P0fde3dedb2,1,1,3,-1.05841,-1.05841,1,0.586394,1.1873,0.904779,-0.20081,1.31222,0.155709,0.586394,1.1873,,0.515625,2,0
P117a6c6fb1,0,0,,,,,,,,,,,,,,,,0
P8a2a3c7c07,1,1,3,-0.0117787,-0.0117787,0,3.32195,3.19407,1.03979,0.0834478,2.82824,3.0044,3.32195,3.19407,,0.1875,1,0
P53f786523f,0,0,,,,,,,,,,,,,,,,0
P9155961dd2,0,0,,,,,,,,,,,,,,,,0
P4ec4ee54f1,0,0,,,,,,,,,,,,,,,,0
Pf9ebd1b271,1,1,3,0.417716,0.417716,0,1.73418,1.24545,0.755478,1.40851,-0.428732,0.911116,1.73418,1.24545,,0.677024,6,0
P47380ec945,0,0,,,,,,,,,,,,,,,,0
P88f4dbf943,0,0,,,,,,,,,,,,,,,,0
P4b59f5fe56,0,0,,,,,,,,,,,,,,,,1
P620501ed0d,0,0,,,,,,,,,,,,,,,,0
Pc5a8d9d1d6,0,0,,,,,,,,,,,,,,,,0
Paca468f5b5,1,2,4,-0.59629,-0.59629,0,0.310659,2.02121,1.24695,-1.37634,2.55916,-0.778709,0.631536,2.02121,0.668302,0.525952,4,0
P88064c1c05,0,0,,,,,,,,,,,,,,,,0
P7222e0f90b,0,0,,,,,,,,,,,,,,,,0
Pd7c989b67a,0,0,,,,,,,,,,,,,,,,0
Pf93789f1b5,0,0,,,,,,,,,,,,,,,,0
P9264b6e63a,1,1,3,0.52997,0.52997,0,2.49788,2.62911,1.07843,-0.170359,-0.104551,1.62637,2.49788,2.62911,,0.300893,1,0
P4a1b07df85,0,0,,,,,,,,,,,,,,,,0
P55d1c5e102,0,0,,,,,,,,,,,,,,,,0
Pddcf4609af,0,0,,,,,,,,,,,,,,,,0
P6f92e02de4,0,0,,,,,,,,,,,,,,,,0
P1a32cd4176,1,1,4,-0.103467,-0.103467,0,2.30201,1.97706,1.09471,-1.18944,0.578075,1.82341,2.30201,1.97706,,0.489583,2,0
Pcb0e772806,0,0,,,,,,,,,,,,,,,,0
Pbfe4edf289,0,0,,,,,,,,,,,,,,,,0
P07954fea73,1,1,4,-0.653786,-0.653786,0,1.58168,0.918421,1.01373,-0.105902,0.824633,1.29807,1.58168,0.918421,,0.608214,3,0
P85fbcb1dce,0,0,,,,,,,,,,,,,,,,0
Pd856e50561,0,0,,,,,,,,,,,,,,,,1
Pc1c99fe2be,0,0,,,,,,,,,,,,,,,,0
P25bfc6427b,0,0,,,,,,,,,,,,,,,,0
P9668122fb9,0,0,,,,,,,,,,,,,,,,0
P64adb31e4d,1,1,4,-0.303334,-0.303334,0,2.27778,2.57246,2.14641,-0.61757,-0.297453,0.579661,2.27778,2.57246,,0.665119,2,0
Pd50459cb6d,0,0,,,,,,,,,,,,,,,,1
P0edb7d3b99,0,0,,,,,,,,,,,,,,,,0
Pf5fb4e36b6,0,0,,,,,,,,,,,,,,,,0
Pe2eac4ddf4,1,1,4,0.071759,0.071759,0,-0.403351,1.66973,1.6075,-0.843174,3.72128,-1.40997,-0.403351,1.66973,,0.397083,1,0
Pf20205fffb,0,0,,,,,,,,,,,,,,,,0
Pfa4c05beee,1,1,3,0.453309,0.453309,0,1.50996,2.08067,0.628881,0.0284253,2.26436,1.41811,1.50996,2.08067,,0.586726,1,0
Pb3a7a6f86b,1,1,3,0.111427,0.111427,0,1.03708,2.21142,1.04592,-1.15606,2.09586,0.0162024,1.03708,2.21142,,0.395,1,0
Pf8b83ac1f0,0,0,,,,,,,,,,,,,,,,0
P9c2d575f48,1,3,4,0.820825,-1.16896,1,2.11244,3.6839,3.23722,-0.00466453,2.97477,0.0864018,2.11244,3.6839,1.65431,0.469722,1,1
Pa466887b08,0,0,,,,,,,,,,,,,,,,0
P8e900c2247,0,0,,,,,,,,,,,,,,,,0
Pfd95ad31d4,1,1,3,0.388555,0.388555,0,1.74171,2.24754,1.47448,0.0695499,1.55639,0.59044,1.74171,2.24754,,0.305,1,0
Pcf60b82b9d,0,0,,,,,,,,,,,,,,,,0
Pa307fde308,0,0,,,,,,,,,,,,,,,,0
P521ea871d2,0,0,,,,,,,,,,,,,,,,0
Pd5a40a7ee0,0,0,,,,,,,,,,,,,,,,0
Pd46f6361f5,0,0,,,,,,,,,,,,,,,,0
P83cf60968a,1,1,3,-0.0727666,-0.0727666,0,0.463915,0.680249,0.294204,-0.638098,-0.513981,0.298998,0.463915,0.680249,,0.442857,10,0
P9260f65add,0,0,,,,,,,,,,,,,,,,0
P22b18d36a6,0,0,,,,,,,,,,,,,,,,0
P3ea09a4d42,0,0,,,,,,,,,,,,,,,,0
Pc72bfd628e,0,0,,,,,,,,,,,,,,,,0
P85b94bf602,0,0,,,,,,,,,,,,,,,,0
P16f60c6002,0,0,,,,,,,,,,,,,,,,0
Pc381c2ab50,1,1,3,0.365682,0.365682,0,1.14024,1.34271,1.79026,-0.613853,0.0390532,-0.189269,1.14024,1.34271,,0.325,1,0
P9b79feb6a3,1,1,3,0.239738,0.239738,0,-0.0852647,0.977311,0.401161,5.12336,-0.031421,0.14532,-0.0852647,0.977311,,0.53125,1,0
Pc5e9e5bdd9,0,0,,,,,,,,,,,,,,,,0
P9f8d851f22,0,0,,,,,,,,,,,,,,,,0
Pcb1e0b77ca,0,0,,,,,,,,,,,,,,,,0
P4879fe4868,0,0,,,,,,,,,,,,,,,,0
Pce6ddda209,0,0,,,,,,,,,,,,,,,,0
P55f0d03e7b,0,0,,,,,,,,,,,,,,,,0
Pa7cb2c7354,0,0,,,,,,,,,,,,,,,,0
Pa8fc4b7ad7,0,0,,,,,,,,,,,,,,,,0
P251ed0e7a3,0,0,,,,,,,,,,,,,,,,0
Pe40a7b9665,0,0,,,,,,,,,,,,,,,,0
P5f3e1d9a7e,0,0,,,,,,,,,,,,,,,,0
P09fcc624c4,0,0,,,,,,,,,,,,,,,,0
Pd7225b3a0b,0,0,,,,,,,,,,,,,,,,0
Pc01c642a9f,0,0,,,,,,,,,,,,,,,,0
Pbd6175d1ad,0,0,,,,,,,,,,,,,,,,0
P6bc657fff3,0,0,,,,,,,,,,,,,,,,0
P287f82c404,0,0,,,,,,,,,,,,,,,,0
Pa78dfd4260,0,0,,,,,,,,,,,,,,,,0
P049f342950,1,1,3,-0.16175,-0.16175,0,0.652439,1.13603,1.7548,-0.316738,-0.814071,-0.148521,0.652439,1.13603,,0.221429,4,0
P41923cb473,0,0,,,,,,,,,,,,,,,,0
P53698aab75,0,0,,,,,,,,,,,,,,,,0
P94ee422c65,0,0,,,,,,,,,,,,,,,,0
P6f658be6bb,1,1,4,0.0986943,0.0986943,0,0.986027,2.23795,0.824032,-0.414334,0.984695,0.888376,0.986027,2.23795,,0.248698,1,0
Pe0da967ad1,1,3,4,-0.531482,-0.721895,0,0.908554,0.60465,0.616979,-0.409868,1.1229,0.992402,0.908554,0.8811,0.852269,0.497222,4,0
Pdc4a696341,0,0,,,,,,,,,,,,,,,,0
P2bc89b6490,1,2,4,0.656381,0.656381,0,0.484301,0.554446,1.64163,2.77935,-0.102424,0.486505,0.484301,0.554446,0.719421,0.25625,5,0
Pc9bdc2e95f,0,0,,,,,,,,,,,,,,,,0
P7719d3d89b,0,0,,,,,,,,,,,,,,,,0
Pe666c9e1f4,0,0,,,,,,,,,,,,,,,,0
Pc00908f11e,0,0,,,,,,,,,,,,,,,,0
Pd7d10f6f4c,0,0,,,,,,,,,,,,,,,,0
P939e5ded71,0,0,,,,,,,,,,,,,,,,0
Pdb13b813cd,0,0,,,,,,,,,,,,,,,,0
P7c761dbe92,0,0,,,,,,,,,,,,,,,,0
P420da53cac,0,0,,,,,,,,,,,,,,,,0
P401c3c358c,0,0,,,,,,,,,,,,,,,,0
P2a21698f4f,0,0,,,,,,,,,,,,,,,,0
P7758d7472f,0,0,,,,,,,,,,,,,,,,0
Pb3e495f583,0,0,,,,,,,,,,,,,,,,0
P848f12bb0d,0,0,,,,,,,,,,,,,,,,0
Pfff80834af,0,0,,,,,,,,,,,,,,,,0
P608846acfb,0,0,,,,,,,,,,,,,,,,0
P8935abbbb4,0,0,,,,,,,,,,,,,,,,0
P5605a2fa7e,0,0,,,,,,,,,,,,,,,,0
Pfd99951c4d,0,0,,,,,,,,,,,,,,,,0
Pd1cda3e821,0,0,,,,,,,,,,,,,,,,0
P25e61f80f8,1,1,3,0.279674,0.279674,0,1.9617,2.65175,1.56545,2.90939,2.95846,1.01727,1.9617,2.65175,,0.545083,1,0
P6e7d02b021,0,0,,,,,,,,,,,,,,,,0
P8a2034c01d,1,2,4,-1.2616,-1.2616,1,2.00628,1.63278,0.482959,0.258758,1.60581,1.80165,2.06866,1.63278,0.502903,0.55631,1,0
Pe56ae9c7aa,1,2,4,-0.20477,-0.20477,0,1.20812,1.5396,0.711061,0.0394931,1.56245,1.07637,1.30883,2.08558,-0.545975,0.593155,1,0
P6f43cf2ee3,0,0,,,,,,,,,,,,,,,,0
Pe3864f9800,0,0,,,,,,,,,,,,,,,,0
Pf62abcdcde,0,0,,,,,,,,,,,,,,,,0
P46cfb45fde,0,0,,,,,,,,,,,,,,,,0
Pbe6ed6fd51,0,0,,,,,,,,,,,,,,,,0
Pe6fe5c747b,0,0,,,,,,,,,,,,,,,,0
P4a000d48b0,0,0,,,,,,,,,,,,,,,,0
P71b16faf7a,1,1,3,0.322246,0.322246,0,2.6237,2.54883,2.02905,0.204376,1.63418,0.915404,2.6237,2.54883,,0.41,1,0
Pdb3bcb3fc8,0,0,,,,,,,,,,,,,,,,0
Pf18fe42b62,0,0,,,,,,,,,,,,,,,,0
P24e5e8b7dc,0,0,,,,,,,,,,,,,,,,0
P2c3a1eb46b,0,0,,,,,,,,,,,,,,,,0
P459acdec33,0,0,,,,,,,,,,,,,,,,0
Pcc7ddb9ab9,0,0,,,,,,,,,,,,,,,,0
P49d50fc2b5,0,0,,,,,,,,,,,,,,,,0
P3e0fd9667f,1,2,4,-1.3985,-1.3985,1,2.27077,2.2741,0.240765,-0.885723,0.831903,2.89318,2.27077,2.2741,0.266589,0.530714,1,0
P54d4de841c,1,2,4,-1.46694,-1.46694,1,-0.470807,-1.00805,0.11797,-0.672363,-1.2527,-0.976405,0.691227,0.129999,-1.13805,0.551548,1,0
P0af0ac79ae,1,1,3,0.383715,0.383715,0,0.657189,1.04521,0.231393,-0.345731,0.756259,0.568566,0.657189,1.04521,,0.595667,1,0
P1e22570fac,0,0,,,,,,,,,,,,,,,,0
P63f00af37c,1,1,3,0.530327,0.530327,0,-0.0723699,0.993532,0.496721,-0.696986,0.685357,-0.602535,-0.0723699,0.993532,,0.405,1,0
Pe5fb05fea3,0,0,,,,,,,,,,,,,,,,0
P204a101867,1,2,4,-0.388209,-0.388209,0,0.725783,1.1588,1.4369,-0.744609,0.512236,0.324154,1.53309,2.71894,-1.56015,0.345298,1,0
P032d23c9d9,0,0,,,,,,,,,,,,,,,,0
P2e6be7d23b,0,0,,,,,,,,,,,,,,,,0
Pa79b34cca8,0,0,,,,,,,,,,,,,,,,0
P1ea9c7c88d,0,0,,,,,,,,,,,,,,,,0
P38e6db5ca1,0,0,,,,,,,,,,,,,,,,0
P27a35575e9,0,0,,,,,,,,,,,,,,,,0
P57703dc960,0,0,,,,,,,,,,,,,,,,0
P5351e63d76,0,0,,,,,,,,,,,,,,,,0
Pf781dda14b,1,1,3,0.469736,0.469736,0,0.942454,1.55221,2.24158,-0.552189,0.101432,-0.00166511,0.942454,1.55221,,0.249167,1,0
P964dd1e5f4,1,1,4,-1.13063,-1.13063,1,-0.615893,1.10492,0.668923,0.446321,1.7315,-1.35874,-0.615893,1.10492,,0.252188,4,0
Pc4f84bc197,0,0,,,,,,,,,,,,,,,,0
P551a484de7,0,0,,,,,,,,,,,,,,,,0
P16938f3fa9,1,1,4,0.340074,0.340074,0,-1.40679,-0.599661,-0.421867,2.46028,0.432348,-1.34609,-1.40679,-0.599661,,0.312976,1,0
P86ef73625c,0,0,,,,,,,,,,,,,,,,0
P1804943702,1,1,4,0.775401,0.775401,0,2.00038,1.92799,1.92562,-0.169838,0.704563,0.457353,2.00038,1.92799,,0.63744,4,0
P74d19df6a2,0,0,,,,,,,,,,,,,,,,0
P2ad4235514,0,0,,,,,,,,,,,,,,,,0
Pd59c0506ca,0,0,,,,,,,,,,,,,,,,0
Pc32fe4a167,1,2,4,0.849325,0.743884,0,3.01612,1.05851,0.589325,0.473392,-0.288323,4.11304,3.64386,2.86616,-1.80765,0.617014,5,0
P22340c4458,0,0,,,,,,,,,,,,,,,,0
Pd808e1b5f8,0,0,,,,,,,,,,,,,,,,0
P10187f6389,0,0,,,,,,,,,,,,,,,,0
P3e5c820c70,0,0,,,,,,,,,,,,,,,,0
Pa76a1ce248,0,0,,,,,,,,,,,,,,,,0
P2acab9acdb,0,0,,,,,,,,,,,,,,,,0
P2a1ab2724b,0,0,,,,,,,,,,,,,,,,0
P9d178fdf5d,0,0,,,,,,,,,,,,,,,,0
Pba3a4faeb9,1,1,4,0.164404,0.164404,0,0.0309608,0.558702,1.02219,1.46232,-0.71555,-1.01979,0.0309608,0.558702,,0.566806,1,0
Pa0580e3001,0,0,,,,,,,,,,,,,,,,0
Pa4877bedac,0,0,,,,,,,,,,,,,,,,0
P5f230da818,0,0,,,,,,,,,,,,,,,,0
P58604dcdcf,0,0,,,,,,,,,,,,,,,,0
P49f423e70e,0,0,,,,,,,,,,,,,,,,0
P4074fe9b9e,0,0,,,,,,,,,,,,,,,,0
P7312c1c32d,0,0,,,,,,,,,,,,,,,,0
P96a831649e,0,0,,,,,,,,,,,,,,,,0
Pe528778159,0,0,,,,,,,,,,,,,,,,0
Pb920680006,0,0,,,,,,,,,,,,,,,,0
P80ec619552,0,0,,,,,,,,,,,,,,,,0
P982f4d9f47,0,0,,,,,,,,,,,,,,,,0
Pfafab37502,0,0,,,,,,,,,,,,,,,,0
P8e9f5cd10b,0,0,,,,,,,,,,,,,,,,0
Pe1b87bba68,0,0,,,,,,,,,,,,,,,,0
P7e57b76eb8,0,0,,,,,,,,,,,,,,,,0
Pa67da64cf8,0,0,,,,,,,,,,,,,,,,0
P4370ef2bf5,0,0,,,,,,,,,,,,,,,,0
P9ac225720c,0,0,,,,,,,,,,,,,,,,0
Pe75e4da903,0,0,,,,,,,,,,,,,,,,0
Pb571c7aa88,0,0,,,,,,,,,,,,,,,,0
Pdb78b3595b,0,0,,,,,,,,,,,,,,,,0
P0d567b6867,0,0,,,,,,,,,,,,,,,,0
Pea59b43adb,0,0,,,,,,,,,,,,,,,,0
P7697c4ecb8,0,0,,,,,,,,,,,,,,,,0
Pfde95d41d3,0,0,,,,,,,,,,,,,,,,0
P4396f0664b,0,0,,,,,,,,,,,,,,,,0
Pc5ec91aab0,0,0,,,,,,,,,,,,,,,,0
Pe204bd6fa0,0,0,,,,,,,,,,,,,,,,0
Pd13759b893,0,0,,,,,,,,,,,,,,,,0
Pd9320fa884,1,1,3,0.419301,0.419301,0,-0.345786,-0.35562,-0.0564421,2.76682,-0.611307,-0.0390435,-0.345786,-0.35562,,0.70625,1,0
P00fdb72e43,0,0,,,,,,,,,,,,,,,,0
P4d32b8b12e,0,0,,,,,,,,,,,,,,,,0
P420fe29f13,0,0,,,,,,,,,,,,,,,,0
P6358a22feb,0,0,,,,,,,,,,,,,,,,0
Pcac223d7f8,0,0,,,,,,,,,,,,,,,,0
P5fd682a91b,0,0,,,,,,,,,,,,,,,,0
Pba3d18fabf,0,0,,,,,,,,,,,,,,,,0
P2cac6d11e4,0,0,,,,,,,,,,,,,,,,0
P7dfb5a7395,0,0,,,,,,,,,,,,,,,,0
P73cc673745,0,0,,,,,,,,,,,,,,,,0
P95ea622240,0,0,,,,,,,,,,,,,,,,0
Pf0bc046ece,1,2,4,0.547711,0.243446,0,0.631534,-0.76954,-0.514085,0.350455,-0.565601,1.51045,1.30867,0.232362,-1.0019,0.711574,6,0
P163e85d6f0,0,0,,,,,,,,,,,,,,,,0
P705a98169f,0,0,,,,,,,,,,,,,,,,0
P35bbbcf03e,0,0,,,,,,,,,,,,,,,,0
P1ee493f763,0,0,,,,,,,,,,,,,,,,0
Pc0a7512363,0,0,,,,,,,,,,,,,,,,0
Pcdc707f847,0,0,,,,,,,,,,,,,,,,0
P10d6b2ba68,0,0,,,,,,,,,,,,,,,,0
P1223e5ee2c,0,0,,,,,,,,,,,,,,,,0
P8bea6ece5d,0,0,,,,,,,,,,,,,,,,0
Paec8fae19e,0,0,,,,,,,,,,,,,,,,0
P5a43e18763,0,0,,,,,,,,,,,,,,,,0
P122cdb8b56,0,0,,,,,,,,,,,,,,,,0
Pd3b81c81b9,1,1,3,-0.0894383,-0.0894383,0,-0.914864,0.385614,-0.972888,-0.480777,2.8654,-0.673898,-0.914864,0.385614,,0.645,3,0
P8df71877a2,0,0,,,,,,,,,,,,,,,,0
P5aa610b7ff,0,0,,,,,,,,,,,,,,,,0
P3fe5b0aa24,0,0,,,,,,,,,,,,,,,,0
Pfaef4e4fa0,0,0,,,,,,,,,,,,,,,,0
Pbced5f5600,0,0,,,,,,,,,,,,,,,,0
Pb8664aec2d,0,0,,,,,,,,,,,,,,,,0
Pac86c1698b,0,0,,,,,,,,,,,,,,,,0
Pf135ac542c,0,0,,,,,,,,,,,,,,,,0
Pbe8ddcfedd,0,0,,,,,,,,,,,,,,,,0
P6354170b78,0,0,,,,,,,,,,,,,,,,0
Pb57f8a063b,0,0,,,,,,,,,,,,,,,,0
Pe000f38dce,0,0,,,,,,,,,,,,,,,,0
Pe10b161d55,0,0,,,,,,,,,,,,,,,,0
P280da25d92,0,0,,,,,,,,,,,,,,,,0
P518109d62a,0,0,,,,,,,,,,,,,,,,0
P42302cf51e,1,1,4,0.819208,0.819208,0,-0.589994,-0.653912,0.428313,-0.352274,1.12558,-0.86237,-0.589994,-0.653912,,0.340952,1,0
P9f172daeb6,0,0,,,,,,,,,,,,,,,,0
P70f8b46029,0,0,,,,,,,,,,,,,,,,0
P1f842c307e,0,0,,,,,,,,,,,,,,,,0
Pa34ab286f7,0,0,,,,,,,,,,,,,,,,0
P334022cd7d,0,0,,,,,,,,,,,,,,,,0
P097ac7e3e1,0,0,,,,,,,,,,,,,,,,0
P55d017c927,0,0,,,,,,,,,,,,,,,,0
P42b9d239c3,0,0,,,,,,,,,,,,,,,,0
Pcaa6f4e965,0,0,,,,,,,,,,,,,,,,0
Pae17b87a4a,1,1,3,-0.121729,-0.121729,0,-0.272907,1.3498,0.868616,-0.93758,2.08047,-1.11142,-0.272907,1.3498,,0.357917,1,0
Pd4282e2cb6,1,1,3,-0.0297092,-0.0297092,0,-0.232917,0.174883,-0.533385,1.64782,-0.590685,-0.189241,-0.232917,0.174883,,0.473833,1,0
P35e592001a,1,1,3,0.326219,0.326219,0,1.06871,2.43797,1.09871,-0.366279,0.984853,0.120342,1.06871,2.43797,,0.347083,1,0
P6f990ff013,1,1,3,0.294433,0.294433,0,1.87733,3.00127,1.35121,-0.0237395,2.08313,1.42988,1.87733,3.00127,,0.383214,1,0
P4467431c36,1,1,3,0.573699,0.573699,0,3.31411,2.88829,1.80561,3.36853,0.685642,2.66987,3.31411,2.88829,,0.471389,1,0
P946b6a7bec,1,1,3,-0.0259026,-0.0259026,0,1.76163,1.77664,1.36882,-1.02705,2.4531,1.32928,1.76163,1.77664,,0.434583,1,0
Peb77360d78,0,0,,,,,,,,,,,,,,,,0
P50c2524b85,1,1,3,0.159206,0.159206,0,-0.0828548,0.80001,0.260619,2.83047,2.23654,0.189961,-0.0828548,0.80001,,0.576583,2,0
P57ab80ef44,0,0,,,,,,,,,,,,,,,,0
P6ab3598ab0,0,0,,,,,,,,,,,,,,,,0
P17f11f33c2,1,1,3,0.194799,0.194799,0,2.77134,2.75832,1.50018,0.652373,1.84497,1.49848,2.77134,2.75832,,0.526917,1,0
Pcabff956fe,1,1,3,0.0124281,0.0124281,0,0.440117,1.62437,0.945574,1.31106,1.72219,-0.365244,0.440117,1.62437,,0.592798,1,0
P1f3e01b488,0,0,,,,,,,,,,,,,,,,0
P58e5b2eaa8,0,0,,,,,,,,,,,,,,,,0
P5e4a09f56c,0,0,,,,,,,,,,,,,,,,0
P26d2a90c5b,1,2,4,0.126828,0.0332627,0,-0.498801,0.384018,-0.151939,1.52319,-0.0910376,-0.476991,0.351856,0.384018,0.324891,0.355119,3,0
P82bbff96e6,1,1,4,0.113138,0.113138,0,0.0212448,0.702259,-0.492353,0.543716,0.357536,0.429287,0.0212448,0.702259,,0.333988,3,0
Pdb9cad4004,0,0,,,,,,,,,,,,,,,,0
P4d03279429,0,0,,,,,,,,,,,,,,,,0
P75b2e5cfed,0,0,,,,,,,,,,,,,,,,0
Pf271325d7b,0,0,,,,,,,,,,,,,,,,0
P5da3d9ffcd,0,0,,,,,,,,,,,,,,,,0
Pf507011aa5,0,0,,,,,,,,,,,,,,,,0
P8926a62cc8,0,0,,,,,,,,,,,,,,,,0
Pbe6b6d05a9,0,0,,,,,,,,,,,,,,,,0
P61add2364f,1,1,3,0.234199,0.234199,0,4.19788,2.41901,1.12032,0.571649,0.20009,3.8506,4.19788,2.41901,,0.810179,9,0
P688b157768,0,0,,,,,,,,,,,,,,,,0
Pf5ec6d144b,0,0,,,,,,,,,,,,,,,,0
P15b5ca7021,0,0,,,,,,,,,,,,,,,,0
P9f769e6678,1,2,4,0.241509,0.136068,0,1.34407,1.88536,1.91645,2.3576,0.469954,0.0210336,1.34407,1.88536,0.687793,0.659524,1,0
P15b4774186,0,0,,,,,,,,,,,,,,,,0
Pb53e68dfee,0,0,,,,,,,,,,,,,,,,0
Pd064221ae2,0,0,,,,,,,,,,,,,,,,0
P9106a597f3,1,1,3,0.535368,0.535368,0,1.14974,0.731958,0.411393,-0.12262,1.08788,0.872956,1.14974,0.731958,,0.588393,1,0
P8eec131338,0,0,,,,,,,,,,,,,,,,0
Pefc5241948,1,1,4,-1.07238,-1.07238,1,-0.0941333,-0.1733,-0.587638,1.38156,1.03703,0.965114,-0.0941333,-0.1733,,0.503155,5,0
P379ec45447,0,0,,,,,,,,,,,,,,,,0
P3e065b4b4e,0,0,,,,,,,,,,,,,,,,0
Pe581c6d22f,0,0,,,,,,,,,,,,,,,,0
P8ecb19c544,1,2,4,0.200751,0.107186,0,1.90518,1.2498,0.454007,0.695975,0.82759,1.76567,1.90518,1.2498,0.985687,0.45381,3,0
P27d264f43c,0,0,,,,,,,,,,,,,,,,0
P0ca52587ca,0,0,,,,,,,,,,,,,,,,0
P6786e0dd88,0,0,,,,,,,,,,,,,,,,0
P1a46c41bff,0,0,,,,,,,,,,,,,,,,0
Pa129b1725d,0,0,,,,,,,,,,,,,,,,0
Peef8948765,0,0,,,,,,,,,,,,,,,,0
P1597c7370a,0,0,,,,,,,,,,,,,,,,0
Paa92a86ff3,0,0,,,,,,,,,,,,,,,,0
P5ff9cbca0f,1,1,4,0.770236,0.770236,0,1.34229,-0.137502,0.080307,-0.219277,-0.662706,1.60176,1.34229,-0.137502,,0.657262,6,0
P3e655a07ed,0,0,,,,,,,,,,,,,,,,0
Pbb5225b691,0,0,,,,,,,,,,,,,,,,0
Pb5f59c2405,1,1,4,0.81647,0.81647,0,-0.246495,1.54787,0.800293,-1.2027,2.2938,-0.91259,-0.246495,1.54787,,0.219167,1,0
P004efe3965,0,0,,,,,,,,,,,,,,,,0
P4f854a47d9,0,0,,,,,,,,,,,,,,,,1
Pb88771c23a,0,0,,,,,,,,,,,,,,,,0
P7ab7e9a49e,0,0,,,,,,,,,,,,,,,,0
Pb2b564e4f2,0,0,,,,,,,,,,,,,,,,0
P55c2defaf8,1,1,4,0.522612,0.522612,0,1.47432,1.31223,-0.0695786,0.55345,1.16655,1.8555,1.47432,1.31223,,0.652778,6,0
Pf5a8190f4f,0,0,,,,,,,,,,,,,,,,0
Pf3d3c05896,1,1,3,0.519375,0.519375,0,0.150892,1.53934,1.16609,2.45417,-0.326072,-0.699841,0.150892,1.53934,,0.515,1,0
Pf3241f5074,0,0,,,,,,,,,,,,,,,,0
P9bb134b52c,0,0,,,,,,,,,,,,,,,,0
Pa84706eb34,0,0,,,,,,,,,,,,,,,,0
P3f77f707c0,0,0,,,,,,,,,,,,,,,,0
Pa08fe4841f,0,0,,,,,,,,,,,,,,,,0
Pfc813e5d63,0,0,,,,,,,,,,,,,,,,0
Pa5c483aef9,1,2,4,0.863014,0.757573,0,1.19263,0.103274,1.18342,0.110946,-0.155067,1.03641,2.32276,1.62197,-1.5187,0.425139,1,0
P67e5a8f825,0,0,,,,,,,,,,,,,,,,0
P64a44986ea,0,0,,,,,,,,,,,,,,,,0
P2b78ea748d,0,0,,,,,,,,,,,,,,,,0
P8c5417b762,0,0,,,,,,,,,,,,,,,,0
Pb779a9fa56,0,0,,,,,,,,,,,,,,,,0
P88accb87c9,0,0,,,,,,,,,,,,,,,,0
P86827217ed,0,0,,,,,,,,,,,,,,,,0
Pef380f9642,0,0,,,,,,,,,,,,,,,,0
Pf2fe8710f7,0,0,,,,,,,,,,,,,,,,0
P61e8cd7d80,0,0,,,,,,,,,,,,,,,,0
P98ab129fa2,0,0,,,,,,,,,,,,,,,,0
Pc317d28310,0,0,,,,,,,,,,,,,,,,0
P87c0df2ff6,0,0,,,,,,,,,,,,,,,,0
Pda6183deac,0,0,,,,,,,,,,,,,,,,0
P4c0563638d,0,0,,,,,,,,,,,,,,,,0
Pdd2dc8d5b8,0,0,,,,,,,,,,,,,,,,0
Pfa8477edf9,0,0,,,,,,,,,,,,,,,,0
Pdda77ad869,1,1,3,0.105197,0.105197,0,0.696204,0.858256,0.785356,-0.796327,0.368371,0.589537,0.696204,0.858256,,0.3875,1,0
P4e98315e7d,0,0,,,,,,,,,,,,,,,,0
P8fc9787b05,0,0,,,,,,,,,,,,,,,,0
Pefe5f00afd,1,1,4,0.0978479,0.0978479,0,-0.348221,0.636353,-0.31468,-0.130102,0.438288,-0.332384,-0.348221,0.636353,,0.561111,4,0
P4098a4e5cd,0,0,,,,,,,,,,,,,,,,0
Pde1bad3875,0,0,,,,,,,,,,,,,,,,0
P8843180e2e,0,0,,,,,,,,,,,,,,,,0
Pf9200340d9,0,0,,,,,,,,,,,,,,,,0
Pb10189ae74,0,0,,,,,,,,,,,,,,,,0
P82f3368572,0,0,,,,,,,,,,,,,,,,0
P4294404a76,0,0,,,,,,,,,,,,,,,,0
P8c68a86e22,0,0,,,,,,,,,,,,,,,,0
P5c0dd77b3d,0,0,,,,,,,,,,,,,,,,0
P9ce3123e64,1,1,3,-0.447462,-0.447462,0,2.12941,2.53592,1.43024,0.0510912,1.86476,1.68668,2.12941,2.53592,,0.706369,2,0
P7f30d796bb,1,2,3,-0.0522341,-1.05861,1,1.41984,0.186521,0.0871886,0.101913,0.137766,1.5734,1.41984,0.186521,1.07884,0.796875,3,0
Pd125ec3ee3,0,0,,,,,,,,,,,,,,,,0
Pe0f4e51abf,0,0,,,,,,,,,,,,,,,,0
Pd1f1ba6351,0,0,,,,,,,,,,,,,,,,0
P212def8838,1,1,4,0.337647,0.337647,0,2.31062,2.9185,0.842234,-1.14884,2.67134,1.989,2.31062,2.9185,,0.421012,3,0
P480c7bd367,0,0,,,,,,,,,,,,,,,,0
P665ee60687,0,0,,,,,,,,,,,,,,,,0
P16c24a4b1f,0,0,,,,,,,,,,,,,,,,0
P9da71ed5b4,0,0,,,,,,,,,,,,,,,,0
P9425f36257,0,0,,,,,,,,,,,,,,,,0
P503b298309,0,0,,,,,,,,,,,,,,,,0
P5a52d22738,0,0,,,,,,,,,,,,,,,,0
P40b8fb181b,0,0,,,,,,,,,,,,,,,,0
P3da380186d,0,0,,,,,,,,,,,,,,,,0
P4d3e8e1430,0,0,,,,,,,,,,,,,,,,0
Pb670429ce2,0,0,,,,,,,,,,,,,,,,0
Pdc6d30b38b,0,0,,,,,,,,,,,,,,,,0
P967c24e09d,0,0,,,,,,,,,,,,,,,,0
P72c5e8d0fa,0,0,,,,,,,,,,,,,,,,0
P65f2080ef4,0,0,,,,,,,,,,,,,,,,0
Pcdc9c2f7c5,0,0,,,,,,,,,,,,,,,,0
P0984734cb9,0,0,,,,,,,,,,,,,,,,0
P4ebe015218,0,0,,,,,,,,,,,,,,,,0
P9d76a38c5e,1,1,4,0.334598,0.334598,0,0.324516,1.18161,0.740563,-1.18689,1.55421,-0.38725,0.324516,1.18161,,0.624345,8,0
P00e7133fc6,0,0,,,,,,,,,,,,,,,,0
Pfe4fcea486,0,0,,,,,,,,,,,,,,,,0
Pa9cae64430,1,2,4,-1.67198,-1.67198,1,2.68519,2.1103,0.927509,1.12361,0.0922038,2.28215,2.68519,2.1103,0.994714,0.765952,1,0
P846172a369,0,0,,,,,,,,,,,,,,,,0
P297d12820e,0,0,,,,,,,,,,,,,,,,0
Pbc4309c829,0,0,,,,,,,,,,,,,,,,0
P43dec358d1,1,1,3,0.50232,0.50232,0,1.94119,1.24781,0.940046,0.669009,0.205532,1.46319,1.94119,1.24781,,0.548125,1,0
Ped6b9a1a7c,0,0,,,,,,,,,,,,,,,,0
Pbea2d75e26,1,2,4,0.674409,-0.540551,0,2.32682,2.18685,1.18644,-0.195421,0.63756,1.785,2.32682,2.18685,1.76004,0.784702,10,0
P2f61c21e93,1,1,4,-0.886198,-0.886198,0,1.46758,2.37368,2.51093,1.28521,1.76627,-0.166024,1.46758,2.37368,,0.497262,3,0
Pb14f594f0a,0,0,,,,,,,,,,,,,,,,0
P4a79c6caeb,0,0,,,,,,,,,,,,,,,,0
P4ebfdd4833,0,0,,,,,,,,,,,,,,,,0
P714602a9aa,1,1,4,-1.03404,-1.03404,1,2.88549,1.86723,0.465698,0.302125,1.66074,2.53698,2.88549,1.86723,,0.143583,3,0
P9540818d9f,0,0,,,,,,,,,,,,,,,,0
P7c5888ec9d,0,0,,,,,,,,,,,,,,,,0
P6f1d3c64d2,1,1,3,0.0168352,0.0168352,0,1.66364,0.369233,0.725694,-0.795804,0.643988,1.09681,1.66364,0.369233,,0.737333,2,0
P5277c76d51,0,0,,,,,,,,,,,,,,,,0
P9b3e496395,0,0,,,,,,,,,,,,,,,,0
P4832cf3ea3,0,0,,,,,,,,,,,,,,,,0
Peecc71d248,0,0,,,,,,,,,,,,,,,,0
P023bbe5ec1,0,0,,,,,,,,,,,,,,,,0
Pb15c668c3a,0,0,,,,,,,,,,,,,,,,0
Pb16e641fe9,0,0,,,,,,,,,,,,,,,,0
P6a5f6ac2d8,0,0,,,,,,,,,,,,,,,,0
Pf1b3205a09,0,0,,,,,,,,,,,,,,,,0
P8209ad6040,0,0,,,,,,,,,,,,,,,,0
Pefa2378416,0,0,,,,,,,,,,,,,,,,0
Pa4c28f80ad,0,0,,,,,,,,,,,,,,,,0
Pba03162225,0,0,,,,,,,,,,,,,,,,0
Pe661d7acde,1,1,3,-0.60467,-0.60467,0,0.532776,0.371181,-0.550774,-0.76551,2.673,1.00388,0.532776,0.371181,,0.702667,7,0
Pd17e70140c,0,0,,,,,,,,,,,,,,,,0
P14a01dedf9,1,1,4,0.586796,0.586796,0,1.13814,0.661212,1.23836,1.24128,-0.18556,0.260477,1.13814,0.661212,,0.527857,3,0
P5cd98708f1,0,0,,,,,,,,,,,,,,,,0
P2bdd03741b,0,0,,,,,,,,,,,,,,,,0
P1ddfe32e8c,0,0,,,,,,,,,,,,,,,,0
P027da49c30,0,0,,,,,,,,,,,,,,,,0
P2f4b26e6e1,0,0,,,,,,,,,,,,,,,,0
P76650bc6e2,0,0,,,,,,,,,,,,,,,,0
P6336d0d324,0,0,,,,,,,,,,,,,,,,0
P7ff4af5e7c,0,0,,,,,,,,,,,,,,,,0
P2084d7c5fc,0,0,,,,,,,,,,,,,,,,0
Pab169ed872,0,0,,,,,,,,,,,,,,,,0
P273938bb97,0,0,,,,,,,,,,,,,,,,0
P90a39c14ab,0,0,,,,,,,,,,,,,,,,0
P5c11762ec9,0,0,,,,,,,,,,,,,,,,0
Pd50729b5d0,1,1,3,0.562747,0.562747,0,2.03237,1.72251,0.960943,0.300134,-0.447008,1.66562,2.03237,1.72251,,0.535,5,0
P18facb688d,0,0,,,,,,,,,,,,,,,,0
P4797fb50d3,0,0,,,,,,,,,,,,,,,,0
P277650e4b3,0,0,,,,,,,,,,,,,,,,0
Pf6db5ed983,0,0,,,,,,,,,,,,,,,,0
P338a42b9d0,0,0,,,,,,,,,,,,,,,,0
Pdee21247bb,0,0,,,,,,,,,,,,,,,,0
P224fa713e4,1,1,3,-0.0727666,-0.0727666,0,0.900618,0.0794772,-0.244884,-0.191892,0.0771947,1.62576,0.900618,0.0794772,,0.625,5,0
Pb69fbd28c6,0,0,,,,,,,,,,,,,,,,0
P2c24c6affb,0,0,,,,,,,,,,,,,,,,0
Pd88f1bdac2,0,0,,,,,,,,,,,,,,,,0
P8a97dbabe6,0,0,,,,,,,,,,,,,,,,0
P8eb153b63d,0,0,,,,,,,,,,,,,,,,0
P75585aef52,0,0,,,,,,,,,,,,,,,,0
P84a6c851a9,0,0,,,,,,,,,,,,,,,,0
P4a4f2b1371,0,0,,,,,,,,,,,,,,,,0
P9537391b0e,0,0,,,,,,,,,,,,,,,,0
Pf6658be174,1,1,3,0.423192,0.423192,0,1.62199,1.0446,0.761985,1.77611,-0.79667,1.18762,1.62199,1.0446,,0.630179,1,0
P519f028bfb,0,0,,,,,,,,,,,,,,,,0
P4f7a1b04a6,0,0,,,,,,,,,,,,,,,,0
P47c5a2733b,0,0,,,,,,,,,,,,,,,,0
Pc3b8b90cf8,0,0,,,,,,,,,,,,,,,,0
P60e6add6f8,0,0,,,,,,,,,,,,,,,,0
Pa9b6b7ec3f,0,0,,,,,,,,,,,,,,,,0
Pbec5e357b6,1,1,3,-0.0946699,-0.0946699,0,0.562683,0.530275,-0.216115,-0.0350827,0.747018,0.877942,0.562683,0.530275,,0.396875,1,0
P2061b46d22,0,0,,,,,,,,,,,,,,,,0
P9406d39f17,0,0,,,,,,,,,,,,,,,,0
P63de5d6c2a,0,0,,,,,,,,,,,,,,,,0
Pd00fce6a5a,0,0,,,,,,,,,,,,,,,,0
P4862cd71b2,0,0,,,,,,,,,,,,,,,,0
P1d6fd5f29a,0,0,,,,,,,,,,,,,,,,0
Pcb86ff794b,0,0,,,,,,,,,,,,,,,,0
P8534216773,0,0,,,,,,,,,,,,,,,,0
P5a277fef0e,0,0,,,,,,,,,,,,,,,,0
P3022e1c032,0,0,,,,,,,,,,,,,,,,0
P82887a653c,0,0,,,,,,,,,,,,,,,,0
P37457bff4f,0,0,,,,,,,,,,,,,,,,0
P6a3fce0af3,1,1,4,-0.480988,-0.480988,0,0.0349432,0.306416,-0.34807,0.5876,0.870002,0.490413,0.0349432,0.306416,,0.446369,3,0
P6b5b70ee01,0,0,,,,,,,,,,,,,,,,0
Pc1416b3728,0,0,,,,,,,,,,,,,,,,0
P8df31bfe17,0,0,,,,,,,,,,,,,,,,0
Pc53511377b,1,1,4,0.236344,0.236344,0,-0.052969,0.135019,-0.462354,0.823098,0.907833,-0.192804,-0.052969,0.135019,,0.483929,7,0
P484d9844af,0,0,,,,,,,,,,,,,,,,0
P90d8771ad4,0,0,,,,,,,,,,,,,,,,0
P026aafcf31,0,0,,,,,,,,,,,,,,,,0
Ped12aa913a,0,0,,,,,,,,,,,,,,,,0
P2318b539a3,0,0,,,,,,,,,,,,,,,,0
P3e9c3ca3d7,0,0,,,,,,,,,,,,,,,,0
P7d0e11d7f1,0,0,,,,,,,,,,,,,,,,0
Pca926e63d0,0,0,,,,,,,,,,,,,,,,0
P804e0e2e1c,0,0,,,,,,,,,,,,,,,,0
Pe19880ee92,0,0,,,,,,,,,,,,,,,,0
P52c5169542,0,0,,,,,,,,,,,,,,,,0
P0be342d921,0,0,,,,,,,,,,,,,,,,0
P77bf4c6cd4,0,0,,,,,,,,,,,,,,,,0
P2b2d444bdd,0,0,,,,,,,,,,,,,,,,0
P90844406b5,1,1,3,-0.430413,-0.430413,0,0.277187,0.697319,0.307671,-0.062185,0.0981224,0.296484,0.277187,0.697319,,0.615625,11,0
P53a27c701d,0,0,,,,,,,,,,,,,,,,0
P34557a899a,0,0,,,,,,,,,,,,,,,,0
Pf0f9e6d8f5,0,0,,,,,,,,,,,,,,,,0
P6514225148,0,0,,,,,,,,,,,,,,,,0
Pbda39b05ec,0,0,,,,,,,,,,,,,,,,0
P4043f1171e,0,0,,,,,,,,,,,,,,,,0
P20a99f84fd,0,0,,,,,,,,,,,,,,,,0
P41398f1a21,0,0,,,,,,,,,,,,,,,,0
Pfa2560441b,0,0,,,,,,,,,,,,,,,,0
Pf450c7fe3d,0,0,,,,,,,,,,,,,,,,0
P4516ced6d5,0,0,,,,,,,,,,,,,,,,0
P1a41a85440,1,1,3,0.340977,0.340977,0,2.56199,1.69542,1.09376,0.923819,0.432609,2.23899,2.56199,1.69542,,0.72256,6,0
P2185571f79,0,0,,,,,,,,,,,,,,,,0
Pb14e5c1c97,0,0,,,,,,,,,,,,,,,,0
P9308e80088,0,0,,,,,,,,,,,,,,,,0
P19aaf87bc8,0,0,,,,,,,,,,,,,,,,0
Pa5b07b6f43,0,0,,,,,,,,,,,,,,,,0
P1464c171bc,0,0,,,,,,,,,,,,,,,,0
Pbafaf944fd,0,0,,,,,,,,,,,,,,,,0
P25c1384060,0,0,,,,,,,,,,,,,,,,0
P7c241c8e95,0,0,,,,,,,,,,,,,,,,0
Pb0f44d6b69,0,0,,,,,,,,,,,,,,,,0
Pbac78302af,0,0,,,,,,,,,,,,,,,,0
P56aec34978,0,0,,,,,,,,,,,,,,,,0
P76d288c08d,1,1,3,-0.261285,-0.261285,0,0.440926,0.249759,0.747169,0.0984051,-0.50703,0.348571,0.440926,0.249759,,0.560417,2,0
Pb1eb09fa94,0,0,,,,,,,,,,,,,,,,0
P03938af6ae,0,0,,,,,,,,,,,,,,,,0
P7a85c71bc1,0,0,,,,,,,,,,,,,,,,0
Pc7623d005f,0,0,,,,,,,,,,,,,,,,0
P920b587915,0,0,,,,,,,,,,,,,,,,0
P48e78aee32,1,1,3,-0.406502,-0.406502,0,0.756385,0.0426144,0.628107,-0.705564,-1.77769,0.757085,0.756385,0.0426144,,0.568819,3,0
P73b9dbd92b,0,0,,,,,,,,,,,,,,,,0
P71e4b2b4d3,1,1,3,-0.16272,-0.16272,0,-0.158475,-0.215059,-0.0648322,0.189861,0.596106,-0.166422,-0.158475,-0.215059,,0.294107,1,0
P6d3980e9f0,1,1,3,0.505329,0.505329,0,0.870371,0.828869,0.949884,0.183809,-0.0732306,0.272971,0.870371,0.828869,,0.354226,1,0
P35f0fb7731,0,0,,,,,,,,,,,,,,,,0
Pba698d642d,0,0,,,,,,,,,,,,,,,,0
P3ff36ffdc1,0,0,,,,,,,,,,,,,,,,0
P272ac40c3c,0,0,,,,,,,,,,,,,,,,0
P7699b7f669,1,1,3,0.5533,0.5533,0,0.0217552,0.868704,0.757225,0.671148,1.88557,-0.919518,0.0217552,0.868704,,0.31131,1,0
P6232d5a44f,0,0,,,,,,,,,,,,,,,,0
Pfe5913c014,1,1,3,0.0550006,0.0550006,0,1.61265,1.38542,0.973977,1.0683,1.97182,1.11301,1.61265,1.38542,,0.678631,2,0
P41612ab4e2,0,0,,,,,,,,,,,,,,,,0
Pa430d00e1f,0,0,,,,,,,,,,,,,,,,0
P90a7395cb0,0,0,,,,,,,,,,,,,,,,0
Pd70c9ef8df,0,0,,,,,,,,,,,,,,,,0
P1388f2fd26,1,1,4,0.70407,0.70407,0,-0.404766,1.49044,3.11703,3.05156,1.49143,-1.75354,-0.404766,1.49044,,0.624048,1,0
P0df73941d8,1,1,4,-0.396569,-0.396569,0,0.165684,0.553493,1.6674,1.29805,-0.583384,-0.711536,0.165684,0.553493,,0.250714,1,0
Pe6c9de6d86,0,0,,,,,,,,,,,,,,,,0
P388cb0d5da,1,1,3,0.258647,0.258647,0,1.76499,0.966611,0.96011,1.59288,0.531312,1.71833,1.76499,0.966611,,0.533889,1,0
Pe0b660d280,1,1,3,0.235702,0.235702,0,1.75596,3.05717,1.94436,-0.220471,1.13087,0.468905,1.75596,3.05717,,0.45131,1,0
P842bafbfda,1,1,3,-0.361161,-0.361161,0,0.322893,1.51489,-0.275484,0.146959,3.76159,0.999181,0.322893,1.51489,,0.4925,10,0
P0cd98a270c,0,0,,,,,,,,,,,,,,,,0
P04526b8576,0,0,,,,,,,,,,,,,,,,0
Pb7d583a85a,0,0,,,,,,,,,,,,,,,,0
Pa3fa433740,1,1,3,-0.215011,-0.215011,0,0.599352,0.620758,0.775654,0.475983,1.63971,-0.193878,0.599352,0.620758,,0.45125,1,0
Pe237a28a37,0,0,,,,,,,,,,,,,,,,0
P87be528da0,1,1,4,0.170178,0.170178,0,1.02305,-0.224504,0.0188985,0.0480189,-0.429348,1.36414,1.02305,-0.224504,,0.515625,11,1
P3c885ec031,1,1,3,0.520445,0.520445,0,1.64894,1.35252,1.10463,-0.740164,2.1575,1.26709,1.64894,1.35252,,0.312292,1,0
P63236d3a70,1,2,4,-0.678117,-0.678117,0,0.198624,0.249049,1.13475,0.81655,-0.205022,-0.501184,0.198624,0.249049,0.895174,0.458274,3,0
Pf46613d969,1,1,4,0.704526,0.704526,0,1.19517,1.54559,1.58016,1.60056,1.37252,0.327035,1.19517,1.54559,,0.448512,3,0
P08bc96e9be,0,0,,,,,,,,,,,,,,,,0
Pa7dbf13041,0,0,,,,,,,,,,,,,,,,0
P69f4c7679c,0,0,,,,,,,,,,,,,,,,0
P5be180758a,0,0,,,,,,,,,,,,,,,,0
P289da7f9c1,0,0,,,,,,,,,,,,,,,,0
Pad0b972baf,1,1,3,0.471162,0.471162,0,2.42538,3.09123,1.26401,-0.167142,0.514722,1.35519,2.42538,3.09123,,0.380536,1,0
P48772fff87,0,0,,,,,,,,,,,,,,,,1
Pde7308c87b,1,1,3,0.178206,0.178206,0,0.459266,0.594893,0.375882,1.79451,-0.236682,0.609439,0.459266,0.594893,,0.674405,2,0
P1f88525e9f,0,0,,,,,,,,,,,,,,,,0
P32d7e7e1eb,0,0,,,,,,,,,,,,,,,,0
P3bfc12237e,0,0,,,,,,,,,,,,,,,,0
P198bb02a0c,0,0,,,,,,,,,,,,,,,,0
Pdc083a80a9,0,0,,,,,,,,,,,,,,,,0
P04282e0cbf,0,0,,,,,,,,,,,,,,,,0
P716f6175e4,0,0,,,,,,,,,,,,,,,,0
P2b95cb9990,0,0,,,,,,,,,,,,,,,,0
P429838957d,0,0,,,,,,,,,,,,,,,,0
P04b95b58e0,1,1,3,0.216161,0.216161,0,0.509242,1.79443,2.61598,-0.513585,2.17685,-1.23748,0.509242,1.79443,,0.19375,5,0
P9cddcdc1ad,0,0,,,,,,,,,,,,,,,,0
P173da90181,0,0,,,,,,,,,,,,,,,,0
Pc2d24d5902,0,0,,,,,,,,,,,,,,,,1
P866e6f90bf,0,0,,,,,,,,,,,,,,,,0
P2ca61183dc,0,0,,,,,,,,,,,,,,,,0
P625909539a,0,0,,,,,,,,,,,,,,,,0
P1cf3ac09b1,0,0,,,,,,,,,,,,,,,,0
Pb3e461d4cf,0,0,,,,,,,,,,,,,,,,0
Pee12c1b431,0,0,,,,,,,,,,,,,,,,0
Pdc49b6ecb0,0,0,,,,,,,,,,,,,,,,0
P9d5ce33ec0,1,1,4,0.646574,0.646574,0,1.70834,2.10368,0.532525,-0.0951853,1.372,1.64022,1.70834,2.10368,,0.524643,1,0
P170284fab5,0,0,,,,,,,,,,,,,,,,0
P641ed83c9a,0,0,,,,,,,,,,,,,,,,0
P8884c4fd03,0,0,,,,,,,,,,,,,,,,0
P539176b694,0,0,,,,,,,,,,,,,,,,0
Pdd324c8c3a,0,0,,,,,,,,,,,,,,,,0
Pcf413465aa,0,0,,,,,,,,,,,,,,,,0
P007123cefb,0,0,,,,,,,,,,,,,,,,0
Pa5bdbe06a8,0,0,,,,,,,,,,,,,,,,0
P6142a39d2b,0,0,,,,,,,,,,,,,,,,0
P0fec6c7ff1,0,0,,,,,,,,,,,,,,,,0
P076dcdb147,0,0,,,,,,,,,,,,,,,,0
P98391b949f,1,1,4,0.605962,0.605962,0,0.779584,1.03365,0.322838,0.263133,0.103106,1.01298,0.779584,1.03365,,0.697917,7,0
Pc5171d01c1,0,0,,,,,,,,,,,,,,,,0
Pe3d286e6c8,0,0,,,,,,,,,,,,,,,,0
P2943e264b5,0,0,,,,,,,,,,,,,,,,0
P72ce5af049,0,0,,,,,,,,,,,,,,,,0
P34a08a87d4,0,0,,,,,,,,,,,,,,,,0
Pc74b3d476e,0,0,,,,,,,,,,,,,,,,0
P80eaeaa85d,0,0,,,,,,,,,,,,,,,,0
Pceb9387e05,1,1,3,0.4149,0.4149,0,1.30634,0.991475,1.67148,1.2306,-0.0478154,0.404746,1.30634,0.991475,,0.523393,1,0
P4cd6438cc3,1,1,4,0.493251,0.493251,0,0.755633,-0.112523,-0.298082,0.612022,-0.29974,1.37657,0.755633,-0.112523,,0.602798,8,0
P9580c6ee97,0,0,,,,,,,,,,,,,,,,0
P2cd53b2728,0,0,,,,,,,,,,,,,,,,0
Pc09cd8c6d0,0,0,,,,,,,,,,,,,,,,0
P63a2ab1a2a,0,0,,,,,,,,,,,,,,,,0
Pf75af7bb1f,0,0,,,,,,,,,,,,,,,,0
P16e9d60aa9,0,0,,,,,,,,,,,,,,,,0
P4f020a46a6,0,0,,,,,,,,,,,,,,,,0
Pa8a4b42a31,0,0,,,,,,,,,,,,,,,,0
Pc2faa1488c,0,0,,,,,,,,,,,,,,,,0
P12d4263452,0,0,,,,,,,,,,,,,,,,0
P56764c9c75,0,0,,,,,,,,,,,,,,,,0
P3eb05301ef,0,0,,,,,,,,,,,,,,,,0
Pba89c73461,0,0,,,,,,,,,,,,,,,,0
P9c6ee0d9a6,1,2,4,0.118614,0.0250489,0,0.443506,-0.0660069,0.415818,0.321808,-1.22931,0.0943346,0.443506,-0.0660069,1.1987,0.47375,1,0
P837f74ef42,0,0,,,,,,,,,,,,,,,,0
Pe6009787c4,0,0,,,,,,,,,,,,,,,,0
Pf77538a69a,1,3,4,-0.232592,-0.536858,0,0.0482397,-0.15881,-0.939143,0.873254,-0.545978,1.14029,2.64821,2.18118,-2.33999,0.472813,12,0
P2900148dca,0,0,,,,,,,,,,,,,,,,0
P4722b5d5ff,0,0,,,,,,,,,,,,,,,,0
Pc4f35f8bd3,0,0,,,,,,,,,,,,,,,,0
P8943f8c99a,0,0,,,,,,,,,,,,,,,,0
Pa974d0f28b,0,0,,,,,,,,,,,,,,,,0
P4ddb9bf638,0,0,,,,,,,,,,,,,,,,0
Ped501e46cc,0,0,,,,,,,,,,,,,,,,0
P9d7519067e,0,0,,,,,,,,,,,,,,,,0
P92b5b7a56d,0,0,,,,,,,,,,,,,,,,0
P5fdfb73e8f,0,0,,,,,,,,,,,,,,,,0
P5b50a9b58b,0,0,,,,,,,,,,,,,,,,0
Pd3cfd798be,0,0,,,,,,,,,,,,,,,,0
P9b1073be42,0,0,,,,,,,,,,,,,,,,0
Pc76c8c8711,0,0,,,,,,,,,,,,,,,,0
P51e6803c0a,0,0,,,,,,,,,,,,,,,,0
P2dd8b69701,0,0,,,,,,,,,,,,,,,,0
P770d276313,0,0,,,,,,,,,,,,,,,,0
P051c4d4903,0,0,,,,,,,,,,,,,,,,0
Pa9f698b274,0,0,,,,,,,,,,,,,,,,0
P61afdc25a4,1,1,4,-0.867489,-0.867489,0,0.844531,1.2109,-0.252141,2.52226,0.879824,1.32124,0.844531,1.2109,,0.586964,1,0
P64263ced9d,1,2,4,-1.24258,-1.24258,1,0.65383,0.023231,0.0937555,-0.582111,0.758868,0.317912,3.16518,1.79189,-1.76866,0.538571,1,0
Pc3e0235987,1,2,4,-0.596436,-0.596436,0,-0.731038,-0.730201,-1.2512,-1.59067,1.84372,0.432161,1.07531,2.71725,-3.44745,0.09375,1,0
P45a39b68c1,1,2,4,-0.716904,-0.716904,0,0.683097,1.37726,0.921226,0.652819,0.330826,-0.107203,1.16924,1.54834,-0.17108,0.511131,1,0
Pc97a1282a3,1,2,4,-0.555367,-0.555367,0,1.56255,0.562344,-0.366426,0.544902,2.38272,2.33783,1.56255,1.03159,-0.469244,0.395655,1,0
P854a3a23a2,0,0,,,,,,,,,,,,,,,,0
P7dcdc4ccdd,0,0,,,,,,,,,,,,,,,,0
Pb2632428b5,0,0,,,,,,,,,,,,,,,,0
P2c8aa67899,0,0,,,,,,,,,,,,,,,,0
P9e82692a6d,1,1,4,-0.831896,-0.831896,0,1.5467,1.31544,1.06379,0.636369,2.81097,0.895281,1.5467,1.31544,,0.189702,1,0
Pa090759337,0,0,,,,,,,,,,,,,,,,0
P4e35bd6add,1,1,4,-2.11324,-2.11324,1,0.0127641,-0.864872,-0.0645775,-0.318795,-1.32499,-0.290399,0.0127641,-0.864872,,0.276806,8,0
P05f9ca4653,0,0,,,,,,,,,,,,,,,,0
Pa0882490f6,0,0,,,,,,,,,,,,,,,,0
P0057628fa2,0,0,,,,,,,,,,,,,,,,0
Pb3cfb2c388,1,1,3,-0.93886,-0.93886,0,1.36004,1.92339,1.26827,-0.0713457,-0.44886,0.73485,1.36004,1.92339,,0.714405,5,0
P54240b8a24,0,0,,,,,,,,,,,,,,,,0
Pfce02776de,0,0,,,,,,,,,,,,,,,,0
P69549f38f2,0,0,,,,,,,,,,,,,,,,0
P392363bcf2,0,0,,,,,,,,,,,,,,,,0
P721d8fa8f9,0,0,,,,,,,,,,,,,,,,0
P87ada0d006,0,0,,,,,,,,,,,,,,,,0
P4110110f37,0,0,,,,,,,,,,,,,,,,0
Pf6213e9937,0,0,,,,,,,,,,,,,,,,0
P88205fde52,1,1,3,0.277812,0.277812,0,1.5469,1.09695,0.339082,1.13626,1.07113,1.50572,1.5469,1.09695,,0.57625,1,0
P61d8f8df57,0,0,,,,,,,,,,,,,,,,0
Pe28113186c,0,0,,,,,,,,,,,,,,,,0
P90b2305671,0,0,,,,,,,,,,,,,,,,0
Pe728a39ea0,0,0,,,,,,,,,,,,,,,,0
P213b82c86a,0,0,,,,,,,,,,,,,,,,0
Pb1d56c9c96,0,0,,,,,,,,,,,,,,,,0
P5480a34012,1,2,4,0.025069,-0.212273,0,1.7504,2.10401,1.38129,-1.1103,1.69861,0.943314,1.7504,2.70688,-0.602875,0.50256,1,0
P30169adef4,0,0,,,,,,,,,,,,,,,,0
P21372aaded,0,0,,,,,,,,,,,,,,,,0
P606c98790a,0,0,,,,,,,,,,,,,,,,0
Pc624860c4a,0,0,,,,,,,,,,,,,,,,0
P9fd480084b,1,1,3,0.584458,0.584458,0,0.690056,1.05065,1.33367,2.24897,-0.331093,0.0968641,0.690056,1.05065,,0.475694,1,0
P90932c4b0a,0,0,,,,,,,,,,,,,,,,0
P82dc635a40,0,0,,,,,,,,,,,,,,,,0
Pac178f1473,0,0,,,,,,,,,,,,,,,,0
Pbfadf35dca,0,0,,,,,,,,,,,,,,,,0
P6680e3073f,0,0,,,,,,,,,,,,,,,,0
P3364db28a5,0,0,,,,,,,,,,,,,,,,0
Pb149e1d8c2,0,0,,,,,,,,,,,,,,,,0
P152905cef4,0,0,,,,,,,,,,,,,,,,0
P1e1b55c58c,0,0,,,,,,,,,,,,,,,,0
P30aaba02d5,1,1,4,0.578126,0.578126,0,2.5429,3.34982,1.94215,0.0976647,1.98911,1.45474,2.5429,3.34982,,0.643452,7,0
P5705590403,0,0,,,,,,,,,,,,,,,,0
P60da7b4537,0,0,,,,,,,,,,,,,,,,0
P0326e23b0d,0,0,,,,,,,,,,,,,,,,0
P624b2b5afe,0,0,,,,,,,,,,,,,,,,0
Pc131e1ee6f,0,0,,,,,,,,,,,,,,,,0
Pd1118f9ab3,0,0,,,,,,,,,,,,,,,,0
Pba95727095,0,0,,,,,,,,,,,,,,,,0
P2b13664da5,0,0,,,,,,,,,,,,,,,,0
Pa09bdf4e64,0,0,,,,,,,,,,,,,,,,0
Pfb1f04f295,0,0,,,,,,,,,,,,,,,,0
P3ffd955342,0,0,,,,,,,,,,,,,,,,0
P659829b9e5,0,0,,,,,,,,,,,,,,,,0
Pdd3a369707,0,0,,,,,,,,,,,,,,,,0
P64f9a357ca,0,0,,,,,,,,,,,,,,,,0
Pdb02e7ce99,0,0,,,,,,,,,,,,,,,,0
P9161b1752d,0,0,,,,,,,,,,,,,,,,0
Pcc9fe4d64c,0,0,,,,,,,,,,,,,,,,0
P8c6b1e4de6,0,0,,,,,,,,,,,,,,,,0
P6a7cb1d3a8,1,2,4,0.54299,0.449425,0,0.775567,0.232811,-0.463615,1.14936,0.138188,1.88279,1.49132,0.424527,-0.191716,0.697167,1,0
P90d6ceb081,0,0,,,,,,,,,,,,,,,,0
P37de3fe8d7,0,0,,,,,,,,,,,,,,,,0
P6e0353adf2,0,0,,,,,,,,,,,,,,,,0
P18f1dedfcb,0,0,,,,,,,,,,,,,,,,0
P86aa3b2a5e,0,0,,,,,,,,,,,,,,,,0
Pa9952fefb0,0,0,,,,,,,,,,,,,,,,0
Pb52cacc824,0,0,,,,,,,,,,,,,,,,0
Pe225c37146,0,0,,,,,,,,,,,,,,,,0
P6675265e20,0,0,,,,,,,,,,,,,,,,0
P72f09d9c22,0,0,,,,,,,,,,,,,,,,0
P2e4a40f74c,0,0,,,,,,,,,,,,,,,,0
Pe896f378ca,0,0,,,,,,,,,,,,,,,,0
P7f3328bd09,0,0,,,,,,,,,,,,,,,,0
P29e5d27062,0,0,,,,,,,,,,,,,,,,0
P48e5247a2d,0,0,,,,,,,,,,,,,,,,0
P46419801dd,0,0,,,,,,,,,,,,,,,,0
P0d7f7c89fd,0,0,,,,,,,,,,,,,,,,0
Ped12721a79,0,0,,,,,,,,,,,,,,,,0
Pd7c45f2e6c,1,1,3,-0.116573,-0.116573,0,-0.390141,0.167644,-0.228789,2.12199,1.65873,-0.0194145,-0.390141,0.167644,,0.415625,6,0
P85bbbd5241,0,0,,,,,,,,,,,,,,,,0
P41bcb3bebd,0,0,,,,,,,,,,,,,,,,0
P44ea7b86af,0,0,,,,,,,,,,,,,,,,0
Pc9a85d9349,0,0,,,,,,,,,,,,,,,,0
Pc37129efde,0,0,,,,,,,,,,,,,,,,0
Pcf11d56327,0,0,,,,,,,,,,,,,,,,0
Pf2b31fcc76,1,1,3,0.236936,0.236936,0,1.55344,1.73526,1.47671,-0.139874,1.53985,0.754746,1.55344,1.73526,,0.417321,6,0
P71399e9935,0,0,,,,,,,,,,,,,,,,0
Pff95561f44,0,0,,,,,,,,,,,,,,,,0
P130d4826ef,0,0,,,,,,,,,,,,,,,,0
P3692b72eac,1,1,3,0.163013,0.163013,0,-0.409992,0.259402,-0.187341,2.40428,0.084129,-0.6474,-0.409992,0.259402,,0.48506,1,0
Pa8621489c8,0,0,,,,,,,,,,,,,,,,0
P2511a36f77,0,0,,,,,,,,,,,,,,,,0
P77f7109f5b,0,0,,,,,,,,,,,,,,,,0
P3d136e77bf,0,0,,,,,,,,,,,,,,,,0
Pd89d8db6f9,0,0,,,,,,,,,,,,,,,,0
Pcfa1d05a1c,0,0,,,,,,,,,,,,,,,,0
P72048f0a4a,0,0,,,,,,,,,,,,,,,,0
P479c1cba2f,0,0,,,,,,,,,,,,,,,,0
P71e4e7122a,0,0,,,,,,,,,,,,,,,,0
P93a802efd4,0,0,,,,,,,,,,,,,,,,0
Paf9449af91,0,0,,,,,,,,,,,,,,,,0
P40d023c55e,0,0,,,,,,,,,,,,,,,,0
Pd4adc2c99d,0,0,,,,,,,,,,,,,,,,0
Pb4df715600,0,0,,,,,,,,,,,,,,,,0
P4583d7bf3c,0,0,,,,,,,,,,,,,,,,0
P884d72cac4,0,0,,,,,,,,,,,,,,,,0
Pd0398785b7,0,0,,,,,,,,,,,,,,,,0
P70fd4037fb,1,2,4,-0.227574,-0.227574,0,0.54985,0.239752,0.535968,0.748911,0.691179,0.233415,1.11009,0.636191,-0.396439,0.79375,11,0
P31c152a929,0,0,,,,,,,,,,,,,,,,0
P03ad9770c3,0,0,,,,,,,,,,,,,,,,0
Pf10c6bc653,1,1,3,0.445017,0.445017,0,-0.150683,0.497996,0.128853,-1.44472,1.68267,-0.357538,-0.150683,0.497996,,0.342679,6,0
P457b866328,0,0,,,,,,,,,,,,,,,,0
Pcad1dc504f,0,0,,,,,,,,,,,,,,,,0
P1f0712d029,0,0,,,,,,,,,,,,,,,,0
P36846c8c89,0,0,,,,,,,,,,,,,,,,0
P9badd97dfe,1,1,4,0.69038,0.69038,0,2.83523,1.9549,0.866415,0.610555,0.743538,2.40723,2.83523,1.9549,,0.658036,3,0
P030ee18cdd,0,0,,,,,,,,,,,,,,,,0
P9cb019ad12,0,0,,,,,,,,,,,,,,,,0
Pfa7ab0de3c,0,0,,,,,,,,,,,,,,,,0
Pd7fcef8bed,0,0,,,,,,,,,,,,,,,,0
Pe6a7666c97,0,0,,,,,,,,,,,,,,,,0
P91c6876a66,0,0,,,,,,,,,,,,,,,,0
Pe77b8e73a4,0,0,,,,,,,,,,,,,,,,0
P5b6cf4f1ea,0,0,,,,,,,,,,,,,,,,0
P5ea4e3ee4a,0,0,,,,,,,,,,,,,,,,0
P0aa581f174,0,0,,,,,,,,,,,,,,,,0
P8b8dcb5659,0,0,,,,,,,,,,,,,,,,0
P44ba277b42,0,0,,,,,,,,,,,,,,,,0
Pa74bde45e0,0,0,,,,,,,,,,,,,,,,0
P4ff3e30134,0,0,,,,,,,,,,,,,,,,0
Pff631d1742,0,0,,,,,,,,,,,,,,,,0
Pc4eb6bb8ac,0,0,,,,,,,,,,,,,,,,0
Pf0fd005549,0,0,,,,,,,,,,,,,,,,0
Pd00c1b3d5c,0,0,,,,,,,,,,,,,,,,0
Pe0ef621774,0,0,,,,,,,,,,,,,,,,0
Pd2d3c5dc1a,0,0,,,,,,,,,,,,,,,,0
Pfc89c2e5d3,0,0,,,,,,,,,,,,,,,,0
Pf54b3f87be,0,0,,,,,,,,,,,,,,,,0
P300c3416e0,0,0,,,,,,,,,,,,,,,,0
Pf9546cce6b,0,0,,,,,,,,,,,,,,,,0
P150b11f782,0,0,,,,,,,,,,,,,,,,0
P704ac3a95d,0,0,,,,,,,,,,,,,,,,0
P621ab8f1c3,0,0,,,,,,,,,,,,,,,,0
P969b4447cc,0,0,,,,,,,,,,,,,,,,0
Pdda2ebeb84,0,0,,,,,,,,,,,,,,,,0
P9951cfb317,0,0,,,,,,,,,,,,,,,,0
P588407dc89,0,0,,,,,,,,,,,,,,,,0
Pa47e64a2a6,0,0,,,,,,,,,,,,,,,,0
P983ac07ff1,0,0,,,,,,,,,,,,,,,,0
P65cc7bdb71,0,0,,,,,,,,,,,,,,,,0
P0843caad4a,0,0,,,,,,,,,,,,,,,,0
P21808403e2,0,0,,,,,,,,,,,,,,,,0
P082336d76f,0,0,,,,,,,,,,,,,,,,0
P3e86849b89,1,1,4,0.41157,0.41157,0,0.839746,1.06398,-0.153791,0.122028,-0.589244,1.05256,0.839746,1.06398,,0.716845,4,0
Pa99e47f62c,0,0,,,,,,,,,,,,,,,,0
P26d0fde68c,0,0,,,,,,,,,,,,,,,,0
P8af3d1371a,0,0,,,,,,,,,,,,,,,,0
Pa617e8f0a5,0,0,,,,,,,,,,,,,,,,0
Pda7b1a3831,0,0,,,,,,,,,,,,,,,,0
P02bad696ed,0,0,,,,,,,,,,,,,,,,0
P4e2fe9e886,0,0,,,,,,,,,,,,,,,,0
P85b734a34a,0,0,,,,,,,,,,,,,,,,0
P281db24dd9,0,0,,,,,,,,,,,,,,,,0
P5d11abfd72,0,0,,,,,,,,,,,,,,,,0
Paa313fca48,0,0,,,,,,,,,,,,,,,,0
P4230b28232,0,0,,,,,,,,,,,,,,,,0
Pac3967f922,0,0,,,,,,,,,,,,,,,,0
Pdab3fd555f,0,0,,,,,,,,,,,,,,,,0
P8147190bb3,0,0,,,,,,,,,,,,,,,,0
P0c7e217388,0,0,,,,,,,,,,,,,,,,0
P3da5d3f3f2,0,0,,,,,,,,,,,,,,,,0
Pc594742bb0,0,0,,,,,,,,,,,,,,,,0
P460426d8cf,0,0,,,,,,,,,,,,,,,,0
Pf75780948d,0,0,,,,,,,,,,,,,,,,0
P2c6f1d319f,0,0,,,,,,,,,,,,,,,,0
P2e77fdcd5f,0,0,,,,,,,,,,,,,,,,0
Pf3464e2f59,0,0,,,,,,,,,,,,,,,,0
P2c763c66dd,0,0,,,,,,,,,,,,,,,,0
Pb463182292,0,0,,,,,,,,,,,,,,,,0
P35327cfd09,0,0,,,,,,,,,,,,,,,,0
Pe9bc98eac8,0,0,,,,,,,,,,,,,,,,0
P142c728ffd,0,0,,,,,,,,,,,,,,,,0
Pd51997c12f,0,0,,,,,,,,,,,,,,,,0
P10bd72ac44,0,0,,,,,,,,,,,,,,,,0
Pfe62281f0a,0,0,,,,,,,,,,,,,,,,0
P02b23e4abb,0,0,,,,,,,,,,,,,,,,0
Pe21e6b7c7b,0,0,,,,,,,,,,,,,,,,0
P3fe07be031,0,0,,,,,,,,,,,,,,,,0
P832ba46d69,0,0,,,,,,,,,,,,,,,,0
P4dedf6acf4,0,0,,,,,,,,,,,,,,,,0
P71a175d36d,0,0,,,,,,,,,,,,,,,,0
P6696ac3d31,0,0,,,,,,,,,,,,,,,,0
P0790a32ce5,0,0,,,,,,,,,,,,,,,,0
P6bb68789bc,0,0,,,,,,,,,,,,,,,,0
Pc9e1d3e456,0,0,,,,,,,,,,,,,,,,0
Pd74e65b4cd,0,0,,,,,,,,,,,,,,,,0
Pcf6cf087a0,0,0,,,,,,,,,,,,,,,,0
P6c257fc7cf,0,0,,,,,,,,,,,,,,,,0
P1ee807d537,0,0,,,,,,,,,,,,,,,,0
P6c19d2b0fb,0,0,,,,,,,,,,,,,,,,0
P9adb5133bc,1,1,3,0.327094,0.327094,0,1.4661,1.99166,2.16497,-0.0883643,2.15928,-0.335694,1.4661,1.99166,,0.561458,1,0
P5828555cba,0,0,,,,,,,,,,,,,,,,0
Pbe11f21cfa,0,0,,,,,,,,,,,,,,,,0
P03a04d0174,0,0,,,,,,,,,,,,,,,,0
P57cf716ba7,0,0,,,,,,,,,,,,,,,,0
Pfdd109f0e1,0,0,,,,,,,,,,,,,,,,0
Pe0ad9b9ce5,1,1,4,0.0583802,0.0583802,0,0.443296,0.770732,1.33557,-0.189694,2.22996,-0.215636,0.443296,0.770732,,0.643631,5,0
Pe7315ec2ca,0,0,,,,,,,,,,,,,,,,0
P1f2e422e9e,1,1,3,0.326219,0.326219,0,0.714921,1.00734,1.0269,3.22925,0.393064,0.670469,0.714921,1.00734,,0.25375,1,0
Pfe47889811,0,0,,,,,,,,,,,,,,,,0
P32b1031886,0,0,,,,,,,,,,,,,,,,0
P719eb17c3d,0,0,,,,,,,,,,,,,,,,0
Pc46db0f497,0,0,,,,,,,,,,,,,,,,0
P64527f643b,0,0,,,,,,,,,,,,,,,,0
P09c06de7d5,0,0,,,,,,,,,,,,,,,,0
P40472c4e0a,0,0,,,,,,,,,,,,,,,,0
P452df756e1,0,0,,,,,,,,,,,,,,,,0
P727c27e864,0,0,,,,,,,,,,,,,,,,0
P07046a9145,0,0,,,,,,,,,,,,,,,,0
P8379cd574e,0,0,,,,,,,,,,,,,,,,0
Pab6fbc3e77,0,0,,,,,,,,,,,,,,,,0
Pba42781d58,0,0,,,,,,,,,,,,,,,,0
Pb0a8811014,0,0,,,,,,,,,,,,,,,,0
P3096036b7b,0,0,,,,,,,,,,,,,,,,0
Pa0f574a8a8,0,0,,,,,,,,,,,,,,,,0
Pb657fdb74e,0,0,,,,,,,,,,,,,,,,0
P8cbd82dcf2,0,0,,,,,,,,,,,,,,,,0
Pfa7a6f2536,0,0,,,,,,,,,,,,,,,,0
Pbfdaa31fd0,1,1,4,0.43942,0.43942,0,1.46726,2.66565,2.05198,1.09016,2.12114,0.129248,1.46726,2.66565,,0.53256,1,0
P12c0373e62,0,0,,,,,,,,,,,,,,,,0
P86df290cda,0,0,,,,,,,,,,,,,,,,0
P16b88a2183,1,1,4,0.650239,0.650239,0,2.84874,1.83926,0.958272,0.689235,1.89328,2.5328,2.84874,1.83926,,0.412381,1,0
Pce7c8a9da0,1,1,4,0.305262,0.305262,0,1.5785,0.531702,1.16933,-0.367343,-0.984812,0.858149,1.5785,0.531702,,0.705833,3,0
P7d4b1d6e8f,0,0,,,,,,,,,,,,,,,,0
Pab39ee5462,1,1,4,-0.43671,-0.43671,0,1.24659,1.18593,0.299927,1.38167,0.829782,1.23482,1.24659,1.18593,,0.664702,10,0
Pe3c0fc5a9e,0,0,,,,,,,,,,,,,,,,0
P919e355315,1,1,4,0.611908,0.611908,0,-0.173651,-0.0437783,-0.190375,0.441224,0.415217,-0.406971,-0.173651,-0.0437783,,0.310952,1,0
P4b5f95e771,0,0,,,,,,,,,,,,,,,,0
Pa89859be17,0,0,,,,,,,,,,,,,,,,0
P3a3a5bbbef,0,0,,,,,,,,,,,,,,,,0
P9d848af991,0,0,,,,,,,,,,,,,,,,0
P3a5b76349f,0,0,,,,,,,,,,,,,,,,0
Pa95793f720,0,0,,,,,,,,,,,,,,,,0
P14882ceff6,0,0,,,,,,,,,,,,,,,,0
P416088a2b5,0,0,,,,,,,,,,,,,,,,0
P97df826a61,0,0,,,,,,,,,,,,,,,,0
Pae46fa4aa5,0,0,,,,,,,,,,,,,,,,0
P3b1e823247,0,0,,,,,,,,,,,,,,,,0
Pa5128e8532,0,0,,,,,,,,,,,,,,,,0
P63014948f5,0,0,,,,,,,,,,,,,,,,0
P4e8883caf8,0,0,,,,,,,,,,,,,,,,0
P5cba6e4b4b,0,0,,,,,,,,,,,,,,,,0
Pa6b76d042d,1,1,3,-0.0901085,-0.0901085,0,0.619072,0.847622,0.623565,1.01917,0.21348,-0.0282244,0.619072,0.847622,,0.480833,1,0
P1191691c20,1,1,4,-0.666695,-0.666695,0,1.6785,1.44572,0.833069,0.0677614,-0.10508,1.08883,1.6785,1.44572,,0.774821,4,0
P8be99fecd0,1,1,4,-0.110899,-0.110899,0,0.665489,1.33181,0.997108,0.323431,-0.154034,-0.142752,0.665489,1.33181,,0.431071,1,0
Pa408da26a2,0,0,,,,,,,,,,,,,,,,0
Pc69570e4d2,1,1,4,0.0752782,0.0752782,0,-0.247068,1.03442,-0.593115,2.1609,1.89058,0.519145,-0.247068,1.03442,,0.309524,1,0
P76ebdc8d77,1,2,3,0.587195,-0.458492,0,1.19529,1.1888,0.331936,3.68462,1.23139,1.78031,1.19529,1.1888,0.549737,0.675208,2,0
P70fa3dc827,1,2,4,-0.253271,-1.39883,1,1.31445,0.160649,-0.230636,-0.190003,0.317237,1.94802,1.31445,1.89163,-1.73098,0.793214,3,0
P9345155d6a,0,0,,,,,,,,,,,,,,,,0
Pa2e8c74c1f,0,0,,,,,,,,,,,,,,,,0
Paac5dcb74c,0,0,,,,,,,,,,,,,,,,0
P20596267f7,0,0,,,,,,,,,,,,,,,,0
P8c8d5105c2,1,1,4,0.0615886,0.0615886,0,0.237905,0.379312,0.426844,1.39843,0.203436,0.210826,0.237905,0.379312,,0.495595,1,0
Pd5316f2e65,0,0,,,,,,,,,,,,,,,,0
Pe22f69b7a0,0,0,,,,,,,,,,,,,,,,0
P123f055136,0,0,,,,,,,,,,,,,,,,0
Pc5f6ac0bb7,0,0,,,,,,,,,,,,,,,,0
Pafb050f1ad,0,0,,,,,,,,,,,,,,,,0
P76f8234113,0,0,,,,,,,,,,,,,,,,0
P6876f611cb,0,0,,,,,,,,,,,,,,,,0
Pd6b4848f72,0,0,,,,,,,,,,,,,,,,0
P7c29e11a29,0,0,,,,,,,,,,,,,,,,0
P9a2935e78c,0,0,,,,,,,,,,,,,,,,0
Paee04abbe6,0,0,,,,,,,,,,,,,,,,0
Pa067c50f94,0,0,,,,,,,,,,,,,,,,0
Pd3eb42d2a8,0,0,,,,,,,,,,,,,,,,0
Pd4287ba490,1,1,3,-0.0490399,-0.0490399,0,0.380458,0.781012,1.33632,0.552546,0.284862,0.0593942,0.380458,0.781012,,0.802262,6,0
Pdd8eeaed18,0,0,,,,,,,,,,,,,,,,0
P2e38feab3a,0,0,,,,,,,,,,,,,,,,0
P3698c87daf,0,0,,,,,,,,,,,,,,,,0
P9e732e040b,0,0,,,,,,,,,,,,,,,,0
P6521ad0003,0,0,,,,,,,,,,,,,,,,0
P8d79cd923c,0,0,,,,,,,,,,,,,,,,0
P13f00227af,0,0,,,,,,,,,,,,,,,,0
P836329e077,1,2,4,0.328977,0.0916343,0,1.36777,0.446834,0.624433,0.406256,-0.541107,0.961306,1.67817,1.09134,-0.64451,0.725357,8,0
Pfd5185bdf5,0,0,,,,,,,,,,,,,,,,0
Pc064a30c43,0,0,,,,,,,,,,,,,,,,0
Paf2b091294,0,0,,,,,,,,,,,,,,,,0
P50d6953351,0,0,,,,,,,,,,,,,,,,0
Pa06f6a14b5,0,0,,,,,,,,,,,,,,,,0
Pbccc770021,0,0,,,,,,,,,,,,,,,,0
P19ae0a39ff,0,0,,,,,,,,,,,,,,,,0
P868c7d320b,0,0,,,,,,,,,,,,,,,,0
Pe54f989cc8,0,0,,,,,,,,,,,,,,,,0
Pc25f9380ba,0,0,,,,,,,,,,,,,,,,0
Pdeabbe5993,0,0,,,,,,,,,,,,,,,,0
Pc99b219586,0,0,,,,,,,,,,,,,,,,0
P22caf129cd,0,0,,,,,,,,,,,,,,,,0
P0234a21988,0,0,,,,,,,,,,,,,,,,0
P32ad967364,0,0,,,,,,,,,,,,,,,,0
P821b19c2a1,1,1,4,0.15194,0.15194,0,2.62539,2.20229,1.64075,-0.683488,-0.443832,1.08404,2.62539,2.20229,,0.45994,1,0
P9f0e3aa432,0,0,,,,,,,,,,,,,,,,0
P8683784c59,0,0,,,,,,,,,,,,,,,,0
P47d96f257b,1,2,4,-0.686641,-0.686641,0,0.39392,0.0438269,0.47187,-0.370423,-0.261587,0.312927,0.39392,0.0438269,0.225767,0.519643,7,0
P98f4c6dfa5,1,1,3,0.351929,0.351929,0,-0.245232,-0.529321,-0.801214,-1.44472,0.371185,0.480441,-0.245232,-0.529321,,0.542361,11,0
Pc60f6451c1,0,0,,,,,,,,,,,,,,,,0
P017b3a2bee,0,0,,,,,,,,,,,,,,,,0
Pfc4c07b799,1,1,3,-0.247866,-0.247866,0,1.0207,0.450964,0.807115,0.250493,-0.863813,0.796908,1.0207,0.450964,,0.792361,6,0
Pc44acb797a,0,0,,,,,,,,,,,,,,,,0
P719dac14cb,0,0,,,,,,,,,,,,,,,,0
P328e73174e,0,0,,,,,,,,,,,,,,,,0
P39f2672d8d,0,0,,,,,,,,,,,,,,,,0
P750617fadd,0,0,,,,,,,,,,,,,,,,0
P7c732b276f,0,0,,,,,,,,,,,,,,,,0
P93a0142eda,0,0,,,,,,,,,,,,,,,,0
Pec93c68939,0,0,,,,,,,,,,,,,,,,0
P539be6c711,1,2,3,0.038402,-1.22784,1,2.78672,2.72327,1.22193,2.17436,2.32955,2.2602,2.78672,2.72327,2.26752,0.803056,8,0
P96bc00aaed,0,0,,,,,,,,,,,,,,,,0
P6b997b8b4f,0,0,,,,,,,,,,,,,,,,0
P3e1b393a8c,0,0,,,,,,,,,,,,,,,,0
P3ebbedffb1,0,0,,,,,,,,,,,,,,,,0
Pe2f97b33d4,0,0,,,,,,,,,,,,,,,,0
P54ce020bc4,0,0,,,,,,,,,,,,,,,,0
P144ed94c77,1,1,4,-1.23892,-1.23892,1,1.94889,2.61369,0.468307,-0.405012,5.47086,1.9175,1.94889,2.61369,,0.5625,2,
P664a2ede66,0,0,,,,,,,,,,,,,,,,
P51e5ade0ce,0,0,,,,,,,,,,,,,,,,
P1999b4880f,0,0,,,,,,,,,,,,,,,,
P9180c4596b,0,0,,,,,,,,,,,,,,,,
Pa813594724,1,1,3,0.566487,0.566487,0,-0.707011,1.43367,-0.719823,2.90418,3.32773,-0.365144,-0.707011,1.43367,,0.498472,1,
Pa4e79c2199,0,0,,,,,,,,,,,,,,,,
P7bf5b1ca03,0,0,,,,,,,,,,,,,,,,
Pe60cc64195,0,0,,,,,,,,,,,,,,,,
Pf0ef0714b6,0,0,,,,,,,,,,,,,,,,
P0035c2f0b3,0,0,,,,,,,,,,,,,,,,
Pdcc28d7d6b,0,0,,,,,,,,,,,,,,,,
Pfdcf13c664,0,0,,,,,,,,,,,,,,,,
P0b253c1504,0,0,,,,,,,,,,,,,,,,
P6b4a74f110,0,0,,,,,,,,,,,,,,,,
P523c5eb5e6,0,0,,,,,,,,,,,,,,,,
Pf07b0c62fd,0,0,,,,,,,,,,,,,,,,
P3dd06c5ebd,0,0,,,,,,,,,,,,,,,,
P0db0d3c576,0,0,,,,,,,,,,,,,,,,
P1e59a7a7a1,1,1,3,0.101043,0.101043,0,4.1346,3.68652,1.91317,0.53037,0.188852,2.7661,4.1346,3.68652,,0.435556,1,
P9a144a10c5,0,0,,,,,,,,,,,,,,,,
Pd742da0a27,0,0,,,,,,,,,,,,,,,,
P47a1cc70a3,0,0,,,,,,,,,,,,,,,,
Pbcdd20a9f9,0,0,,,,,,,,,,,,,,,,
P26ad072598,0,0,,,,,,,,,,,,,,,,
P2a6c79e3dc,0,0,,,,,,,,,,,,,,,,
Pb4a7c38947,0,0,,,,,,,,,,,,,,,,
P6187cee451,0,0,,,,,,,,,,,,,,,,
P5698276a02,1,1,4,-1.42876,-1.42876,1,2.65384,0.990503,0.37918,-0.750483,-0.263111,2.57673,2.65384,0.990503,,0.718333,6,
P7075ac01b8,0,0,,,,,,,,,,,,,,,,
Pc4ba85a58f,0,0,,,,,,,,,,,,,,,,
P2db6f2cc8f,0,0,,,,,,,,,,,,,,,,
P9b886526e3,0,0,,,,,,,,,,,,,,,,
P89e5a35bc7,0,0,,,,,,,,,,,,,,,,
P737b0588be,0,0,,,,,,,,,,,,,,,,
Pe46a376580,0,0,,,,,,,,,,,,,,,,
Pe356195976,0,0,,,,,,,,,,,,,,,,
P0fe65d2eb8,0,0,,,,,,,,,,,,,,,,
P655613d84a,0,0,,,,,,,,,,,,,,,,
Pf85863f4bd,0,0,,,,,,,,,,,,,,,,
Pf9f33f79e7,0,0,,,,,,,,,,,,,,,,
P71f8c1b48d,0,0,,,,,,,,,,,,,,,,
Pbf5a7a4d5b,0,0,,,,,,,,,,,,,,,,
P7200ebcdd8,0,0,,,,,,,,,,,,,,,,
Pc074e62881,0,0,,,,,,,,,,,,,,,,
P7c2cc1d590,0,0,,,,,,,,,,,,,,,,
P659b205e3c,0,0,,,,,,,,,,,,,,,,
P07bb9cb58f,0,0,,,,,,,,,,,,,,,,
P18c14dbf8f,0,0,,,,,,,,,,,,,,,,
Pdd1f325a63,0,0,,,,,,,,,,,,,,,,
Pa6029bb5a6,0,0,,,,,,,,,,,,,,,,
P0e1f032d1f,0,0,,,,,,,,,,,,,,,,
Pd5f2794063,0,0,,,,,,,,,,,,,,,,
Paf63a5d230,0,0,,,,,,,,,,,,,,,,
P396ba96b58,1,1,3,0.485893,0.485893,0,1.27562,2.26074,2.67039,-0.353849,2.29436,-0.509624,1.27562,2.26074,,0.288125,1,
Paf99c23c4d,0,0,,,,,,,,,,,,,,,,
P9305edebac,0,0,,,,,,,,,,,,,,,,
Pae8a88e0e7,0,0,,,,,,,,,,,,,,,,
P2dc9628338,0,0,,,,,,,,,,,,,,,,
Pc51154c628,0,0,,,,,,,,,,,,,,,,
P8bf21cf88b,0,0,,,,,,,,,,,,,,,,
P2890042448,0,0,,,,,,,,,,,,,,,,
P57690f53ec,0,0,,,,,,,,,,,,,,,,
P5dad28f6cf,0,0,,,,,,,,,,,,,,,,
P5d94de4385,0,0,,,,,,,,,,,,,,,,
P4e9a2418a1,0,0,,,,,,,,,,,,,,,,
Pe8ffde2213,0,0,,,,,,,,,,,,,,,,
P3fd81a75e9,0,0,,,,,,,,,,,,,,,,
P9aef7770b8,0,0,,,,,,,,,,,,,,,,
P3860306e22,0,0,,,,,,,,,,,,,,,,
P441a89e79f,0,0,,,,,,,,,,,,,,,,
P9d84442310,0,0,,,,,,,,,,,,,,,,
Pf213d802cd,0,0,,,,,,,,,,,,,,,,
P8a6f0b4919,0,0,,,,,,,,,,,,,,,,
P9052f13021,0,0,,,,,,,,,,,,,,,,
P4ff854eadf,0,0,,,,,,,,,,,,,,,,
P850a7a2631,0,0,,,,,,,,,,,,,,,,
Pb3227aeb5d,0,0,,,,,,,,,,,,,,,,
P96b57657ed,0,0,,,,,,,,,,,,,,,,
P7589e6b4d5,0,0,,,,,,,,,,,,,,,,
Pe1411c667e,1,1,3,-0.492581,-0.492581,0,-0.0490096,0.679158,-0.233343,-0.704416,-0.0920747,0.227698,-0.0490096,0.679158,,0.450417,12,
P1424b0c02d,0,0,,,,,,,,,,,,,,,,
P16bfe45561,0,0,,,,,,,,,,,,,,,,
P684bfaf734,0,0,,,,,,,,,,,,,,,,
Pc451072a63,0,0,,,,,,,,,,,,,,,,
Pf92c037d4b,0,0,,,,,,,,,,,,,,,,
Pb7b7147bb1,0,0,,,,,,,,,,,,,,,,
P59007d3b10,0,0,,,,,,,,,,,,,,,,
P3a22280810,0,0,,,,,,,,,,,,,,,,
P88b17e8559,0,0,,,,,,,,,,,,,,,,
P4e1f6ff7ed,0,0,,,,,,,,,,,,,,,,
P0252f7ff7f,0,0,,,,,,,,,,,,,,,,
P52f2ddbdea,1,1,3,0.338239,0.338239,0,1.11268,0.392834,-0.118842,0.0276729,0.304122,1.96676,1.11268,0.392834,,0.528333,2,
P7f722372b8,0,0,,,,,,,,,,,,,,,,
P55fe66b9ce,0,0,,,,,,,,,,,,,,,,
Pf091cf9935,0,0,,,,,,,,,,,,,,,,
P41704425e7,0,0,,,,,,,,,,,,,,,,
P7329b5e7c4,0,0,,,,,,,,,,,,,,,,
P4d55024373,0,0,,,,,,,,,,,,,,,,
P4048f3366a,0,0,,,,,,,,,,,,,,,,
Pa12a517258,1,1,4,0.548936,0.548936,0,1.54085,1.37471,0.214675,0.158524,1.35123,1.85354,1.54085,1.37471,,0.731131,6,
P23152d31e2,1,2,4,-0.565706,-0.565706,0,0.248536,0.225637,0.947483,-0.0142376,1.401,0.169894,1.03536,1.57387,-1.34823,0.466964,2,
P65b97df144,1,2,4,-0.614988,-0.614988,0,-0.240961,0.957203,0.0909112,-0.288002,2.66493,-0.504016,2.0853,2.16023,-1.20302,0.563631,2,
P473649a3ff,0,0,,,,,,,,,,,,,,,,
P2a77fa93f7,1,1,3,-0.216554,-0.216554,0,0.0151849,-0.777879,-0.640644,-0.56224,-0.411764,0.324384,0.0151849,-0.777879,,0.383056,1,
Pe083952d4c,1,1,3,0.0584657,0.0584657,0,1.35132,1.7205,1.29397,0.843428,-0.210897,0.588608,1.35132,1.7205,,0.507321,1,
P58407301c7,0,0,,,,,,,,,,,,,,,,
Pb0cd5d409b,0,0,,,,,,,,,,,,,,,,
P74240d498b,0,0,,,,,,,,,,,,,,,,
P1ccfa6c1ee,1,1,4,0.403827,0.403827,0,2.07585,3.06759,0.862955,-1.05349,0.978442,1.52401,2.07585,3.06759,,0.591964,3,
Pa245962e52,1,1,4,-0.185137,-0.185137,0,0.839614,0.751128,0.0656292,-0.285589,0.859751,0.741266,0.839614,0.751128,,0.409167,4,
Pa5d4a8fef6,0,0,,,,,,,,,,,,,,,,
Pd018d62aee,0,0,,,,,,,,,,,,,,,,
P32ff4229d3,0,0,,,,,,,,,,,,,,,,
P4bd2cd3d34,0,0,,,,,,,,,,,,,,,,
Pada60a9da7,1,1,3,0.317338,0.317338,0,2.59894,3.15879,1.81482,-0.575785,1.83343,1.26499,2.59894,3.15879,,0.486042,1,
Pa3f4257d20,1,1,3,0.481612,0.481612,0,1.13863,0.528101,0.281968,0.775192,-0.319103,0.907694,1.13863,0.528101,,0.504583,1,
P7a95b991f4,0,0,,,,,,,,,,,,,,,,
P13f5a8ca49,0,0,,,,,,,,,,,,,,,,
P9f04775c7a,0,0,,,,,,,,,,,,,,,,
Pf120e8dc11,0,0,,,,,,,,,,,,,,,,
P523c7506e7,0,0,,,,,,,,,,,,,,,,
P4bbcd3bc18,0,0,,,,,,,,,,,,,,,,
P7070c905f3,0,0,,,,,,,,,,,,,,,,
Pf4a65045a1,0,0,,,,,,,,,,,,,,,,
Pe79de9d05b,1,1,3,0.00370758,0.00370758,0,-0.0916852,-0.385518,0.404139,1.51912,-0.752522,-0.0681034,-0.0916852,-0.385518,,0.357583,3,
P1a8fd8dc98,0,0,,,,,,,,,,,,,,,,
P086a09588e,0,0,,,,,,,,,,,,,,,,
P0d7bcc4d57,0,0,,,,,,,,,,,,,,,,
P429241cb33,0,0,,,,,,,,,,,,,,,,
Pfd3b474513,0,0,,,,,,,,,,,,,,,,
Pafffac98b2,0,0,,,,,,,,,,,,,,,,
P2bc6f2a3aa,0,0,,,,,,,,,,,,,,,,
P68ff50da96,0,0,,,,,,,,,,,,,,,,
Pd1401169e8,0,0,,,,,,,,,,,,,,,,
P35654567c0,0,0,,,,,,,,,,,,,,,,
Pdf5a3388b3,0,0,,,,,,,,,,,,,,,,
P470eca3f49,0,0,,,,,,,,,,,,,,,,
P0f6f43de8d,0,0,,,,,,,,,,,,,,,,
P9fc884bebd,0,0,,,,,,,,,,,,,,,,
P84e9dcbb3e,1,2,4,-0.466827,-1.61238,1,0.991014,1.65202,2.12386,-0.215238,2.18429,0.195257,0.991014,1.65202,1.43414,0.428512,9,
P367a636ba4,0,0,,,,,,,,,,,,,,,,
Pb1001f743e,0,0,,,,,,,,,,,,,,,,
Pbdde11b624,0,0,,,,,,,,,,,,,,,,
Pcf591b3097,0,0,,,,,,,,,,,,,,,,
P0edbaa5011,0,0,,,,,,,,,,,,,,,,
P3bedf956bf,1,1,4,-0.135541,-0.135541,0,-0.705018,0.0600324,-0.00139534,-0.511537,1.06337,-0.863819,-0.705018,0.0600324,,0.438393,1,
P82e84aa110,0,0,,,,,,,,,,,,,,,,
P7572949d92,0,0,,,,,,,,,,,,,,,,
P0bcbee5c83,0,0,,,,,,,,,,,,,,,,
P4b73f3a250,0,0,,,,,,,,,,,,,,,,
P414be319a7,0,0,,,,,,,,,,,,,,,,
Pf7cf72315c,0,0,,,,,,,,,,,,,,,,
Pd62847824a,0,0,,,,,,,,,,,,,,,,
Pb1c5565b99,0,0,,,,,,,,,,,,,,,,
P8b3507dca4,0,0,,,,,,,,,,,,,,,,
Pf1dc83702a,1,1,4,0.419473,0.419473,0,1.46548,1.2149,0.399881,0.0384893,0.358253,1.80489,1.46548,1.2149,,0.50875,7,
P44f988dfdd,0,0,,,,,,,,,,,,,,,,
Pebbeab0c5c,0,0,,,,,,,,,,,,,,,,
Pf8707c5a5f,0,0,,,,,,,,,,,,,,,,
Pedbe6303e0,1,2,4,0.461323,-0.684234,0,2.17324,1.43782,0.657762,-0.757213,1.226,2.0379,2.17324,1.43782,1.63458,0.593611,14,
P67a293c7ae,0,0,,,,,,,,,,,,,,,,
Pe275ca2256,0,0,,,,,,,,,,,,,,,,
Pc19f23edb3,0,0,,,,,,,,,,,,,,,,
Pc2cfb81ac1,0,0,,,,,,,,,,,,,,,,
P079058f390,0,0,,,,,,,,,,,,,,,,
Pa93866e530,0,0,,,,,,,,,,,,,,,,
P2382218b2e,0,0,,,,,,,,,,,,,,,,
P66484e16cb,0,0,,,,,,,,,,,,,,,,
Peb437378ff,0,0,,,,,,,,,,,,,,,,
P218d8c92b9,0,0,,,,,,,,,,,,,,,,
Pe64515ec9d,0,0,,,,,,,,,,,,,,,,
Pb1d497dd3b,1,2,4,0.16282,-1.68567,1,1.51659,0.959995,0.711007,-0.633832,-0.0549459,1.3065,1.51659,0.959995,0.551619,0.68625,2,
P72ec1785e5,0,0,,,,,,,,,,,,,,,,
P79c8ced5ce,0,0,,,,,,,,,,,,,,,,
Pca5928b452,0,0,,,,,,,,,,,,,,,,
P51e90d8f38,0,0,,,,,,,,,,,,,,,,
P92095a9676,0,0,,,,,,,,,,,,,,,,
Pbe0b54a1e9,0,0,,,,,,,,,,,,,,,,
P8b23f27bc8,0,0,,,,,,,,,,,,,,,,
Pc19957985f,0,0,,,,,,,,,,,,,,,,
P8cc9424d6a,0,0,,,,,,,,,,,,,,,,
Pdbf2a4e286,0,0,,,,,,,,,,,,,,,,
Pa306b38c4f,0,0,,,,,,,,,,,,,,,,
P816913601a,1,1,3,-2.21623,-2.21623,1,-0.234496,1.55788,-0.424067,-0.652661,3.22559,-0.302709,-0.234496,1.55788,,0.229167,15,
P26b4659b22,0,0,,,,,,,,,,,,,,,,
Pd3d2fde686,0,0,,,,,,,,,,,,,,,,
P31a95da41b,0,0,,,,,,,,,,,,,,,,
Pd4ca66045e,0,0,,,,,,,,,,,,,,,,
P0e202d21b8,0,0,,,,,,,,,,,,,,,,
Pd3ead775c1,0,0,,,,,,,,,,,,,,,,
P2524393d71,0,0,,,,,,,,,,,,,,,,
P6696ce1e71,1,1,4,-0.291601,-0.291601,0,-0.175769,0.17172,0.146366,-0.806038,0.113285,-0.77327,-0.175769,0.17172,,0.364881,2,
Pdff50197cb,0,0,,,,,,,,,,,,,,,,
Pbdf853cdec,0,0,,,,,,,,,,,,,,,,
Pe8e75a6d90,0,0,,,,,,,,,,,,,,,,
P233044615c,0,0,,,,,,,,,,,,,,,,
P732be498cd,0,0,,,,,,,,,,,,,,,,
Pf99c720027,0,0,,,,,,,,,,,,,,,,
P1c48d6e24b,0,0,,,,,,,,,,,,,,,,
Pe6c95cf044,0,0,,,,,,,,,,,,,,,,
P99ed7bd6ab,0,0,,,,,,,,,,,,,,,,
P7f11916058,1,1,3,-0.484538,-0.484538,0,1.27407,1.23347,0.313809,2.62365,1.53459,1.03926,1.27407,1.23347,,0.474286,5,
P2c7c71307b,0,0,,,,,,,,,,,,,,,,
P424c3aa3f2,0,0,,,,,,,,,,,,,,,,
Peae8be2d88,0,0,,,,,,,,,,,,,,,,
P75990d7854,0,0,,,,,,,,,,,,,,,,
Paed8dc8f7e,0,0,,,,,,,,,,,,,,,,
Pa757d2e68d,0,0,,,,,,,,,,,,,,,,
Pf59a3a471e,0,0,,,,,,,,,,,,,,,,
Pb8bba3b38a,0,0,,,,,,,,,,,,,,,,
Pae3adc3ef4,0,0,,,,,,,,,,,,,,,,
P36a4ba5e62,1,2,4,0.562312,0.478874,0,2.35942,1.61923,0.629778,1.1054,1.30291,1.79117,2.35942,1.61923,0.117168,0.449107,4,
P1c44c138bb,0,0,,,,,,,,,,,,,,,,
Pf372901c0b,1,1,4,0.0393717,0.0393717,0,1.39849,2.80315,1.59017,0.251909,0.921761,0.304433,1.39849,2.80315,,0.69131,2,
P3d8ccdb639,1,1,3,-1.3981,-1.3981,1,0.845647,2.90232,-0.0118418,0.352103,5.01611,0.92477,0.845647,2.90232,,0.489464,1,
Pf3b62cae3c,1,1,4,-1.46374,-1.46374,1,0.930507,1.56695,0.333069,1.40993,0.713727,0.382291,0.930507,1.56695,,0.471131,4,
P4e09db2338,0,0,,,,,,,,,,,,,,,,
P07268bf0e1,0,0,,,,,,,,,,,,,,,,
P12ee990c18,0,0,,,,,,,,,,,,,,,,
P3ee6bf444e,1,1,4,-1.47743,-1.47743,1,1.81825,1.38072,0.810606,1.08859,-0.317494,1.09448,1.81825,1.38072,,0.451905,4,
P5f9ce00466,1,1,3,-0.114479,-0.114479,0,1.15287,1.7181,-0.324276,2.39345,3.6538,1.75456,1.15287,1.7181,,0.301181,1,
P1a135db58f,0,0,,,,,,,,,,,,,,,,
P5699f03b57,0,0,,,,,,,,,,,,,,,,
Pb9eccb67f7,0,0,,,,,,,,,,,,,,,,
P7ba2fa977b,0,0,,,,,,,,,,,,,,,,
P32fecc73d2,0,0,,,,,,,,,,,,,,,,
P15b8c13058,0,0,,,,,,,,,,,,,,,,
Pf4e651b50c,0,0,,,,,,,,,,,,,,,,
P3f654a33fe,0,0,,,,,,,,,,,,,,,,
P53f54898a1,1,2,4,-0.782,-0.782,0,0.481065,2.11025,0.476697,1.44975,3.45521,0.68352,1.11568,2.86801,-0.757758,0.730714,10,
Pdde13713ff,0,0,,,,,,,,,,,,,,,,
P8048267828,0,0,,,,,,,,,,,,,,,,
Pd8f68848a0,0,0,,,,,,,,,,,,,,,,
Pf54bd6bbc8,0,0,,,,,,,,,,,,,,,,
P884e8ee6b6,0,0,,,,,,,,,,,,,,,,
P9b4a07a3b9,0,0,,,,,,,,,,,,,,,,
Pcb16689c6c,1,2,4,-1.05853,-1.05853,1,0.00814878,1.08378,0.662245,-1.22656,1.59426,-0.797952,1.1681,1.20083,-0.117046,0.529524,4,
P318e86822c,0,0,,,,,,,,,,,,,,,,
P679974836f,0,0,,,,,,,,,,,,,,,,
Pec8256037d,0,0,,,,,,,,,,,,,,,,
P307cead4af,0,0,,,,,,,,,,,,,,,,
P6ddd309f80,1,1,3,-0.524708,-0.524708,0,0.433305,0.152298,0.428019,-0.518739,-0.366136,0.273872,0.433305,0.152298,,0.561726,2,
Padf63a93ad,0,0,,,,,,,,,,,,,,,,
P070f8d3585,0,0,,,,,,,,,,,,,,,,
P43b2e2aa2f,0,0,,,,,,,,,,,,,,,,
Pdec9ef7c46,1,2,4,-0.316556,-0.316556,0,-0.45979,0.150353,-0.0495431,0.503041,-0.052218,-0.420421,0.432155,1.00254,-0.85219,0.609167,2,
P155e770e32,0,0,,,,,,,,,,,,,,,,
Pa29e5f68db,1,1,4,0.724162,0.724162,0,1.29935,2.56214,1.4932,-0.593166,1.34937,-0.158475,1.29935,2.56214,,0.274345,1,
Pad9c27fcb6,0,0,,,,,,,,,,,,,,,,
P259fbebd69,0,0,,,,,,,,,,,,,,,,
Pc0a66d6cca,0,0,,,,,,,,,,,,,,,,
P495dd3afc8,0,0,,,,,,,,,,,,,,,,
P41ae7c3c75,0,0,,,,,,,,,,,,,,,,
Pd4c3f94c64,0,0,,,,,,,,,,,,,,,,
Pf25d15a954,0,0,,,,,,,,,,,,,,,,
P24c85e006b,0,0,,,,,,,,,,,,,,,,
P75527a2d8c,0,0,,,,,,,,,,,,,,,,
P855a9cc2ba,0,0,,,,,,,,,,,,,,,,
Pb7270acc46,1,1,3,-0.951822,-0.951822,0,2.13797,2.91388,1.66583,-1.24826,2.61676,1.20763,2.13797,2.91388,,0.509821,6,
P445f167264,0,0,,,,,,,,,,,,,,,,
P3651ab0a99,1,1,3,0.0447762,0.0447762,0,1.18718,0.684783,0.894184,-0.509298,0.350965,0.850746,1.18718,0.684783,,0.626071,5,
Pc2ef5dcf11,0,0,,,,,,,,,,,,,,,,
P49b4c451ec,0,0,,,,,,,,,,,,,,,,
Pfc563b417e,0,0,,,,,,,,,,,,,,,,
P277e56e049,1,1,3,0.247381,0.247381,0,-0.952024,-0.629137,-1.06934,-0.426115,-0.232968,-0.962145,-0.952024,-0.629137,,0.514405,3,
P16dc90cb0b,0,0,,,,,,,,,,,,,,,,
P3a6abfac78,0,0,,,,,,,,,,,,,,,,
Pb74dcb5e35,0,0,,,,,,,,,,,,,,,,
P34c7aa9885,0,0,,,,,,,,,,,,,,,,
P95c84fe799,0,0,,,,,,,,,,,,,,,,
P98436c11b0,0,0,,,,,,,,,,,,,,,,
P12fddfeea1,0,0,,,,,,,,,,,,,,,,
P7fd9e8becb,0,0,,,,,,,,,,,,,,,,
P07d140dc91,0,0,,,,,,,,,,,,,,,,
P9436ca936e,0,0,,,,,,,,,,,,,,,,
P521d05ff22,0,0,,,,,,,,,,,,,,,,
P0a66817947,0,0,,,,,,,,,,,,,,,,
Pe05466ea0a,0,0,,,,,,,,,,,,,,,,
P7271485ede,0,0,,,,,,,,,,,,,,,,
Pbb5fdc38a3,0,0,,,,,,,,,,,,,,,,
Pb3ce9ad2a9,0,0,,,,,,,,,,,,,,,,
P6146f5260f,0,0,,,,,,,,,,,,,,,,
Pc25108b74d,0,0,,,,,,,,,,,,,,,,
P8d3b3436aa,0,0,,,,,,,,,,,,,,,,
Pe7bcbcc1c2,0,0,,,,,,,,,,,,,,,,
P64fe10bf34,0,0,,,,,,,,,,,,,,,,
Pf38ea886b7,0,0,,,,,,,,,,,,,,,,
P04c242f081,0,0,,,,,,,,,,,,,,,,
Pa0366802b4,0,0,,,,,,,,,,,,,,,,
P07109e12fd,0,0,,,,,,,,,,,,,,,,
P1945d13d34,0,0,,,,,,,,,,,,,,,,
Pedf3dd90d4,0,0,,,,,,,,,,,,,,,,
Pab4be0edd9,0,0,,,,,,,,,,,,,,,,
P80ff3b7db7,0,0,,,,,,,,,,,,,,,,
P5bddeea434,0,0,,,,,,,,,,,,,,,,
P6ce9cb925d,0,0,,,,,,,,,,,,,,,,
Pcb59681372,1,1,4,-0.495133,-0.495133,0,-1.17645,-0.723213,-1.29466,-1.59067,0.964193,-0.52788,-1.17645,-0.723213,,0.124375,5,
P8961a7643a,0,0,,,,,,,,,,,,,,,,
P351397d42c,0,0,,,,,,,,,,,,,,,,
P03328260f7,0,0,,,,,,,,,,,,,,,,
P1cb017a474,0,0,,,,,,,,,,,,,,,,
P648e1b1924,0,0,,,,,,,,,,,,,,,,
P694212af03,1,1,4,-0.417545,-0.417545,0,0.963813,0.517398,0.187834,2.11411,-0.457791,1.07845,0.963813,0.517398,,0.775714,3,
P19a9559b15,0,0,,,,,,,,,,,,,,,,
P9caa5193d5,0,0,,,,,,,,,,,,,,,,
P25ddbfff0e,0,0,,,,,,,,,,,,,,,,
P3b0e47f5ec,0,0,,,,,,,,,,,,,,,,
P04a83dcaaf,0,0,,,,,,,,,,,,,,,,
P98f1a6546b,0,0,,,,,,,,,,,,,,,,
Peb9997d32a,0,0,,,,,,,,,,,,,,,,
P5af1a30da4,0,0,,,,,,,,,,,,,,,,
P0e11075372,0,0,,,,,,,,,,,,,,,,
P522b25bae5,0,0,,,,,,,,,,,,,,,,
P1fe8b7c256,0,0,,,,,,,,,,,,,,,,
Pd83ff943df,0,0,,,,,,,,,,,,,,,,
Pd559eb82c1,0,0,,,,,,,,,,,,,,,,
P14a31d76da,0,0,,,,,,,,,,,,,,,,
P072482f331,0,0,,,,,,,,,,,,,,,,
P43bb69ceef,0,0,,,,,,,,,,,,,,,,
P0eb002afb8,0,0,,,,,,,,,,,,,,,,
P8db9055dd7,,,,,,,,,,,,,,,,,,
P865ed42223,,,,,,,,,,,,,,,,,,
Paae5adeebf,,,,,,,,,,,,,,,,,,
Pbbefe0eca9,,,,,,,,,,,,,,,,,,
P86042c98c9,,,,,,,,,,,,,,,,,,
P8e7fe9e7e9,,,,,,,,,,,,,,,,,,
P36ce80df8e,,,,,,,,,,,,,,,,,,
P0d5beb0152,,,,,,,,,,,,,,,,,,
P9a9f9fa8f1,,,,,,,,,,,,,,,,,,
P3dfb31f267,,,,,,,,,,,,,,,,,,
Pad2abbabb5,,,,,,,,,,,,,,,,,,
Pd8381f9e2c,,,,,,,,,,,,,,,,,,
P9ac54b5d6d,,,,,,,,,,,,,,,,,,
P7235c3ea4e,,,,,,,,,,,,,,,,,,
P5fe334203a,,,,,,,,,,,,,,,,,,
P03f35a2855,,,,,,,,,,,,,,,,,,
P999bb1cbab,,,,,,,,,,,,,,,,,,
Pfd12de1732,,,,,,,,,,,,,,,,,,
P011de6a94b,,,,,,,,,,,,,,,,,,
P7c5fe0ebd3,,,,,,,,,,,,,,,,,,
P0fc299eb1c,,,,,,,,,,,,,,,,,,
P81fe4dcd33,,,,,,,,,,,,,,,,,,
Pd51160cf5e,,,,,,,,,,,,,,,,,,
Pd10e0b97d9,,,,,,,,,,,,,,,,,,
P2b19f4fd38,,,,,,,,,,,,,,,,,,
Pb4d81376d2,,,,,,,,,,,,,,,,,,
Pdf653f9244,,,,,,,,,,,,,,,,,,
P279cdc2712,,,,,,,,,,,,,,,,,,
P53d139a0c8,,,,,,,,,,,,,,,,,,
Pf02a0c42ed,,,,,,,,,,,,,,,,,,
P1fc9b73472,,,,,,,,,,,,,,,,,,
Pbe096a5b87,,,,,,,,,,,,,,,,,,
P2086e31fc5,,,,,,,,,,,,,,,,,,
Pd88150bb39,,,,,,,,,,,,,,,,,,
Pb07d6373bb,,,,,,,,,,,,,,,,,,
Pfc8df2f375,,,,,,,,,,,,,,,,,,
P1715fe72c5,,,,,,,,,,,,,,,,,,
P0b55371179,,,,,,,,,,,,,,,,,,
P79aaab38df,,,,,,,,,,,,,,,,,,
P6e67770ba5,,,,,,,,,,,,,,,,,,
P8d0ea24592,,,,,,,,,,,,,,,,,,
P3778eacc6f,,,,,,,,,,,,,,,,,,
P84f7cbd5a8,,,,,,,,,,,,,,,,,,
Pd084613a9a,,,,,,,,,,,,,,,,,,
P169cb5be9a,,,,,,,,,,,,,,,,,,
P328a9a467a,,,,,,,,,,,,,,,,,,
P9603a14b7f,,,,,,,,,,,,,,,,,,
P4b7967ab2f,,,,,,,,,,,,,,,,,,
Peb3b7288c1,,,,,,,,,,,,,,,,,,
Pd0d6a519f5,,,,,,,,,,,,,,,,,,
P56746fa0a3,,,,,,,,,,,,,,,,,,
Pa5e266180e,,,,,,,,,,,,,,,,,,
P1723d857f7,,,,,,,,,,,,,,,,,,
Pfff8cbaa74,,,,,,,,,,,,,,,,,,
Paf6b5cd8b6,,,,,,,,,,,,,,,,,,
P4eb309e8f6,,,,,,,,,,,,,,,,,,
P9f8f735247,,,,,,,,,,,,,,,,,,
Pf069f7ce7d,,,,,,,,,,,,,,,,,,
P01dc454b71,,,,,,,,,,,,,,,,,,
P3cb9458e5b,,,,,,,,,,,,,,,,,,
P0c63cafc6d,,,,,,,,,,,,,,,,,,
