pid,fiba_id,tid,comp_id,event_id,level,age_group,scope,division,year,date_start,date_end,games,minutes,age_at_tournament,team_finish,field_n_roster,field_n_qual,field_age_mean,field_age_sd,pts40,field_pts_mean,field_pts_sd,reb40,field_reb_mean,field_reb_sd,oreb40,field_oreb_mean,field_oreb_sd,dreb40,field_dreb_mean,field_dreb_sd,ast40,field_ast_mean,field_ast_sd,stl40,field_stl_mean,field_stl_sd,blk40,field_blk_mean,field_blk_sd,tov40,field_tov_mean,field_tov_sd,pir40,field_pir_mean,field_pir_sd,usage40,field_usage_mean,field_usage_sd,ts,field_ts_mean,field_ts_sd,efg,field_efg_mean,field_efg_sd,tpar,field_tpar_mean,field_tpar_sd,ftr,field_ftr_mean,field_ftr_sd,ftpct,field_ftpct_mean,field_ftpct_sd
P00193b3ed9,173518,225_3366,225,3366,2,16,continental,A,2009,2009-06-17,2009-06-21,5,98,16.2714,3,95,73,16.0044,0.426958,28.1633,16.0223,6.73172,15.5102,8.25465,4.28771,6.12245,3.09821,2.4528,9.38776,5.15644,2.49966,1.63265,2.21843,1.6819,1.63265,1.92791,1.2619,3.67347,0.927888,1.28998,1.63265,3.73208,1.65661,38.7755,15.1749,8.32594,23.9184,20.1646,6.21392,0.631868,0.483505,0.109313,0.635417,0.448274,0.113817,0.104167,0.279739,0.230233,0.3125,0.426817,0.304738,0.533333,0.579216,0.200439
P00193b3ed9,173518,249_3924,249,3924,3,17,world,A,2010,2010-07-02,2010-07-11,5,88,17.3255,3,144,123,17.0611,0.420802,30,14.634,6.05534,14.0909,7.23158,3.56787,3.63636,2.36571,1.70469,10.4545,4.86587,2.26597,1.36364,2.8592,2.15155,2.27273,1.87293,1.1407,3.18182,0.761711,1.11447,4.09091,3.58026,1.49053,35.9091,14.7809,8.47015,26.1818,18.1558,4.72464,0.679012,0.491637,0.10797,0.666667,0.45895,0.11802,0.5,0.327866,0.235277,0.357143,0.373086,0.229118,0.666667,0.600608,0.200517
P014b6ed928,137943,235_1897,235,1897,2,16,continental,A,2001,2001-07-13,2001-07-22,8,235,16.0879,1,143,125,16.1405,0.362344,14.6383,13.7865,5.2749,10.8936,7.17602,3.04877,1.87234,2.38119,1.75493,9.02128,4.79483,1.94156,2.21277,2.684,1.74862,0.510638,1.79417,1.11191,1.87234,0.392939,0.610264,3.23404,3.4587,1.46797,16,13.707,6.34279,18.8323,17.5258,4.71195,0.469227,0.489491,0.113442,0.474359,0.448597,0.116424,0.294872,0.284706,0.210767,0.397436,0.380888,0.255162,0.387097,0.67946,0.265466
P014b6ed928,137943,263_2886,263,2886,2,18,continental,A,2002,2002-04-16,2002-05-01,5,118,16.8628,,215,171,17.6684,0.638695,20.339,14.6204,6.12192,13.5593,7.00378,3.82327,2.37288,2.37113,1.9328,11.1864,4.63265,2.45718,2.0339,2.22423,1.5258,1.35593,2.11906,1.25803,3.38983,0.661502,0.980784,3.72881,3.34676,1.59983,28.8136,14.1894,8.33006,19.8644,18.0781,4.77723,0.630252,0.491982,0.136556,0.658537,0.460447,0.145329,0.146341,0.28294,0.203308,0.365854,0.395805,0.29325,0.4,0.630283,0.185994
P0157d20b94,152860,254_3291,254,3291,3,18,continental,A,2006,2006-05-01,2006-08-06,6,197,16.8819,4,116,82,17.3736,0.891782,20.5076,12.0848,4.89663,16.6497,8.5675,4.28692,5.27919,3.04845,2.11795,11.3706,5.51905,2.64333,1.01523,2.15565,1.85137,1.42132,2.33276,1.44923,5.07614,0.666688,1.07261,3.04569,4.64149,1.92752,30.4569,9.78305,7.89695,22.668,20.1904,5.05414,0.522558,0.388918,0.106984,0.493976,0.357494,0.113011,0.0481928,0.252935,0.201203,0.373494,0.391759,0.254518,0.612903,0.523069,0.18353
P027da49c30,224386,235_9787,235,9787,2,16,continental,A,2016,2016-08-12,2016-08-20,7,119.367,16.1947,2,191,173,16.1457,0.420344,18.0955,12.4223,5.36658,7.70734,7.63886,3.3466,2.34571,2.50181,1.73348,5.36163,5.13705,2.20689,3.01592,3.03633,1.84191,1.34041,1.91039,1.13716,0,0.56896,0.698163,3.35102,3.51147,1.64437,17.4253,12.8073,6.51682,19.6102,17.4496,4.68556,0.556472,0.434022,0.108047,0.533333,0.398813,0.121741,0.622222,0.333399,0.230491,0.177778,0.330671,0.215729,0.75,0.615144,0.20155
P027da49c30,224386,263_205004,263,205004,3,18,continental,A,2018,2018-07-28,2018-08-05,7,171.6,18.1523,5,192,166,17.9484,0.486734,20.7459,14.4064,5.75558,5.36131,6.90142,3.12552,1.1655,2.19489,1.66122,4.1958,4.70653,2.01962,4.662,3.24095,2.01549,2.7972,1.5968,1.10658,0.699301,0.554635,0.653217,2.7972,2.86449,1.42016,23.31,15.5605,7.10936,19.2821,16.8438,5.05633,0.629242,0.515968,0.114823,0.6,0.487073,0.116125,0.476923,0.330749,0.2175,0.2,0.31321,0.220466,0.846154,0.663277,0.18489
P04282e0cbf,217278,225_6317,225,6317,2,16,continental,A,2015,2015-06-10,2015-06-14,5,62.7667,15.7265,1,96,76,15.9694,0.407262,17.8439,14.7693,6.26719,12.1083,8.53476,3.76471,4.46097,2.9486,2.24031,7.64737,5.58616,2.15006,1.27456,2.09465,1.50202,2.54912,2.50154,1.41135,0.637281,0.893561,0.993397,3.82369,4.41027,1.88902,21.0303,13.4914,8.83541,20.3675,20.8471,5.51312,0.539291,0.444418,0.119795,0.5,0.404728,0.129254,0.272727,0.266055,0.196672,0.409091,0.400436,0.26658,0.666667,0.614647,0.192868
P049f342950,161021,263_4627,263,4627,3,18,continental,A,2007,2007-08-03,2007-08-12,7,62,17.8128,4,192,160,17.9746,0.494652,17.4194,13.825,5.5091,11.6129,6.84425,3.21748,3.87097,2.17524,1.51025,7.74194,4.66901,2.22325,1.29032,1.73823,1.41414,0,1.78942,1.0756,1.29032,0.543883,0.753666,3.87097,3.22704,1.55184,21.2903,12.8963,7.3889,16.5419,17.235,4.66647,0.687373,0.491426,0.111663,0.705882,0.458165,0.120228,0.470588,0.31971,0.214534,0.352941,0.340492,0.186352,0.5,0.644047,0.191618
P04b95b58e0,216095,235_9179,235,9179,2,16,continental,A,2015,2015-08-06,2015-08-16,8,175,15.8361,12,180,164,16.1589,0.414338,16.9143,12.4324,5.68268,14.8571,7.6053,3.2469,7.31429,2.34261,1.69662,7.54286,5.26269,2.08949,1.37143,2.72723,1.69989,1.6,1.84902,1.01899,0.685714,0.801164,1.0368,2.51429,3.4073,1.56407,24.9143,12.5675,6.84732,17.4994,17.5852,5.46185,0.564369,0.430085,0.106806,0.527273,0.400494,0.116028,0.109091,0.311668,0.216082,0.436364,0.296641,0.190597,0.666667,0.599277,0.203394
P04b95b58e0,216095,261_9876,261,9876,1,18,continental,B,2016,2016-07-29,2016-08-07,8,172.133,16.8135,1,288,273,17.9144,0.531337,16.7312,13.1513,4.99833,10.9218,6.98983,3.13259,3.95043,2.08842,1.46602,6.97134,4.9014,2.09176,2.55616,2.39013,1.64484,2.0914,1.95418,1.20131,2.55616,0.612392,0.853137,2.32378,3.67754,1.56722,29.0473,12.5771,6.68941,13.6452,17.622,4.50419,0.738916,0.465994,0.105809,0.697674,0.43853,0.114144,0.0697674,0.329487,0.226044,0.302326,0.296576,0.204239,0.923077,0.61322,0.211205
P04b95b58e0,216095,263_10443,263,10443,3,18,continental,A,2017,2017-07-29,2017-08-06,7,208.1,17.8101,13,191,167,17.9336,0.547866,23.8347,13.1232,5.109,11.3407,7.05195,2.93316,3.26766,2.3546,1.60915,8.07304,4.69734,1.93146,1.53772,2.68829,1.93294,1.34551,1.82757,1.11905,1.53772,0.621379,0.832275,3.26766,3.21792,1.5076,29.4089,13.6782,6.52972,19.7059,16.8056,4.60607,0.724977,0.478101,0.12281,0.71831,0.437804,0.135947,0.253521,0.324875,0.21689,0.464789,0.34248,0.28942,0.666667,0.674212,0.18909
P04e5776a76,177657,256_3935,256,3935,3,18,continental,A,2010,2010-06-26,2010-06-30,3,13,17.9798,2,96,77,17.842,0.642168,6.15385,14.92,6.47935,12.3077,7.40885,3.62563,3.07692,2.61003,2.12449,9.23077,4.79882,2.16489,0,2.58206,2.14585,0,1.62998,1.0838,3.07692,0.884029,1.47478,3.07692,3.20333,1.67174,15.3846,15.0256,9.28155,8.86154,18.3041,5.14914,0.531915,0.490412,0.12998,0,0.454684,0.13257,1,0.275486,0.216548,2,0.35016,0.263199,1,0.649623,0.198629
P04e5776a76,177657,276_4346,276,4346,4,19,world,A,2011,2011-06-30,2011-07-10,8,191,19.0066,9,192,170,18.6783,0.680358,15.9162,13.9628,5.5381,11.9372,6.96907,3.32639,5.02618,2.2765,1.60615,6.91099,4.69256,2.26884,1.04712,2.54793,1.8548,1.46597,1.36418,0.869805,1.88482,0.642267,0.93216,3.35079,2.87201,1.41472,24.9215,14.0555,7.05949,14.2492,17.0082,4.58642,0.730208,0.486074,0.11285,0.755556,0.453588,0.118095,0,0.291718,0.211296,0.355556,0.314934,0.203526,0.5,0.647068,0.216658
P05c9e8e43e,146399,235_3159,235,3159,2,16,continental,A,2004,2004-07-06,2004-07-15,8,228,16.3645,11,191,172,16.0382,0.503402,23.5088,13.0445,4.99259,4.91228,7.18159,3.70967,1.40351,2.50064,1.91185,3.50877,4.68094,2.19272,4.38596,2.22239,1.53452,1.75439,2.02348,1.18561,0,0.792582,1.08733,5.08772,3.92453,1.51611,19.8246,12.3353,6.47362,25.3684,17.9154,4.56367,0.579585,0.462475,0.102934,0.510204,0.436018,0.107925,0.0918367,0.248646,0.192745,0.408163,0.351582,0.22089,0.85,0.57227,0.203665
P05c9e8e43e,146399,263_4068,263,4068,3,18,continental,A,2006,2006-07-18,2006-07-27,8,260,18.396,11,192,161,17.9378,0.463248,21.2308,14.1964,5.48784,7.07692,7.01645,3.36385,1.07692,2.36669,1.82035,6,4.64975,2.02662,3.07692,2.29341,1.38476,1.84615,1.73085,0.927802,0,0.611494,0.863663,2.92308,3.22115,1.34554,20.6154,14.0597,6.31908,21.6677,17.3038,5.04807,0.566316,0.497884,0.0869021,0.518868,0.46465,0.104206,0.311321,0.303888,0.207608,0.339623,0.383594,0.304429,0.777778,0.629446,0.183775
P0685226773,135118,235_214,235,214,1,16,continental,A,2001,2000-08-02,2000-08-20,4,27,15.5951,,277,198,15.225,0.351382,5.92593,12.7918,6.49654,5.92593,6.58788,3.58284,1.48148,2.46874,2.06945,4.44444,4.11914,2.06544,0,1.76661,1.53955,0,2.1677,1.53675,0,0.0140194,0.0924703,2.96296,3.16734,1.50899,7.40741,11.3421,8.68987,7.40741,16.7918,5.54912,0.666667,0.457692,0.133814,0.666667,0.432184,0.143931,0,0.239713,0.208869,0,0.391707,0.257231,,0.557404,0.241747
P0685226773,135118,235_213,235,213,1,16,continental,A,2001,2001-04-04,2001-04-08,3,25,16.2276,,214,165,15.8924,0.462893,12.8,14.3816,6.0778,14.4,7.31015,3.20006,4.8,2.59754,1.91797,9.6,4.71261,2.06152,0,1.6667,1.40012,0,2.5647,1.38193,0,0.199109,0.472949,4.8,3.65208,1.50762,16,14.0911,7.59774,17.6,17.6298,5.04167,0.5,0.510537,0.139576,0.5,0.480061,0.149592,0,0.246137,0.218186,0,0.39499,0.262573,,0.619102,0.226488
P0685226773,135118,235_1897,235,1897,2,16,continental,A,2001,2001-07-13,2001-07-22,3,24,16.5151,2,143,125,16.1405,0.362344,6.66667,13.7865,5.2749,10,7.17602,3.04877,6.66667,2.38119,1.75493,3.33333,4.79483,1.94156,0,2.684,1.74862,0,1.79417,1.11191,0,0.392939,0.610264,6.66667,3.4587,1.46797,5,13.707,6.34279,13.1333,17.5258,4.71195,0.515464,0.489491,0.113442,0.666667,0.448597,0.116424,0,0.284706,0.210767,0.666667,0.380888,0.255162,0,0.67946,0.265466
P070f8d3585,248664,264_208419,264,208419,1,18,continental,B,2021,2021-08-03,2021-08-08,3,61.5333,18.4042,,382,298,17.7192,0.5765,20.1517,13.777,5.81512,14.9512,7.63314,3.65574,6.50054,2.30223,1.83318,8.4507,5.33091,2.42478,2.60022,3.15853,2.24178,0,2.10172,1.26077,5.20043,0.729244,0.983184,3.25027,3.68721,1.95891,29.2524,14.3677,7.81796,21.9458,18.3515,5.33413,0.538943,0.466242,0.126519,0.555556,0.438414,0.136436,0.111111,0.355961,0.207085,0.148148,0.307845,0.312977,0.25,0.631326,0.24402
P07954fea73,197385,235_7364,235,7364,2,16,continental,A,2013,2013-08-08,2013-08-18,8,262,16.0688,7,192,176,16.1494,0.417776,30.8397,12.0706,5.17484,6.56489,7.3559,3.30485,0.610687,2.33535,1.69878,5.9542,5.02054,2.14859,2.90076,2.5407,1.51138,3.05344,1.76576,0.99107,0.916031,0.751828,0.93185,3.05344,3.31424,1.38043,25.0382,12.1925,6.19516,30.687,16.9868,4.87665,0.558011,0.434476,0.102948,0.558824,0.397849,0.112339,0.517647,0.298159,0.215887,0.147059,0.314844,0.202948,0.48,0.618503,0.187752
P07954fea73,197385,263_7865,263,7865,3,18,continental,A,2014,2014-07-24,2014-08-03,9,180,17.027,1,192,176,17.9913,0.462011,23.1111,12.9726,5.15589,6.22222,7.14215,3.50984,1.77778,2.43117,1.78733,4.44444,4.71098,2.23201,3.33333,2.69449,1.70245,2.66667,1.47393,1.00006,0.888889,0.759594,0.965605,2,2.96367,1.19841,27.1111,13.5376,6.41741,18.3022,16.6288,4.02095,0.708833,0.465813,0.107561,0.676923,0.435883,0.108075,0.353846,0.288309,0.208611,0.292308,0.293083,0.181589,0.842105,0.628737,0.212208
P07954fea73,197385,276_6290,276,6290,4,19,world,A,2015,2015-06-27,2015-07-05,7,170.3,17.947,3,191,180,18.6008,0.756787,22.5484,13.755,5.55959,7.04639,7.3828,3.65745,1.64416,2.49694,1.90522,5.40223,4.88586,2.44791,3.05344,3.28532,2.18966,3.52319,1.90259,1.12162,0.23488,0.672111,0.938022,4.69759,3.43624,1.60082,21.374,14.5182,7.46481,23.892,17.8545,4.65107,0.587372,0.470651,0.115139,0.578947,0.436661,0.120193,0.407895,0.306253,0.220425,0.171053,0.333827,0.227034,0.615385,0.639017,0.184202
P07954fea73,197385,263_9135,263,9135,3,18,continental,A,2015,2015-07-23,2015-08-02,9,284,18.0236,2,192,177,17.9662,0.519657,20.4225,12.9828,5.3337,6.19718,7.27259,3.08145,1.26761,2.32106,1.75843,4.92958,4.95154,1.861,3.80282,2.86759,2.03248,3.38028,1.81922,0.975622,0.140845,0.648987,0.813504,2.67606,3.05876,1.3906,16.7606,13.6602,6.08357,25.4085,16.9507,4.78429,0.449195,0.459152,0.101695,0.407534,0.431772,0.106165,0.465753,0.349507,0.205678,0.239726,0.277712,0.163494,0.742857,0.615139,0.207628
P0820723beb,131949,263_81,263,81,2,18,continental,A,2000,1999-08-01,1999-08-29,4,46,16.2933,,344,267,17.1263,0.461456,24.3478,13.5921,6.3326,8.69565,6.13672,3.28293,0.869565,2.1635,1.59112,7.82609,3.97322,2.21008,0,1.78516,1.62866,7.82609,2.5728,1.69257,0,0,0,5.21739,3.80672,1.78269,26.087,11.5878,7.71907,22.9217,17.7162,5.89145,0.687623,0.481392,0.130991,0.625,0.4488,0.142241,0.166667,0.249945,0.220137,1.58333,0.409068,0.287457,0.684211,0.599967,0.22869
P0820723beb,131949,263_80,263,80,2,18,continental,A,2000,2000-04-11,2000-04-15,5,125,16.923,,215,168,17.5783,0.581802,11.52,13.4831,5.27421,8.32,5.87885,2.98016,2.24,1.90656,1.51803,6.08,3.97229,2.00827,1.28,2.23682,2.06598,0.64,1.49398,1.03332,0,0,0,3.52,3.05999,1.33843,12.16,12.2629,6.76656,14.1952,16.0676,4.41158,0.539568,0.515473,0.1163,0.42,0.472136,0.129376,0.2,0.274626,0.211591,0.76,0.484045,0.37211,0.789474,0.654786,0.20688
P0820723beb,131949,263_1927,263,1927,3,18,continental,A,2000,2000-07-14,2000-07-23,1,1,17.1941,9,143,124,17.8597,0.588259,0,13.5344,4.99944,0,5.13608,2.75372,0,1.69152,1.36508,0,3.44457,1.71182,0,1.67128,1.17559,0,2.27105,1.16485,0,0.0760381,0.197735,0,3.01777,1.28522,0,12.4378,5.59886,0,15.5847,4.40578,,0.537884,0.114907,,0.494632,0.124484,,0.27518,0.210868,,0.450926,0.262913,,0.691974,0.170709
P099a8d0c1c,143395,276_2701,276,2701,4,19,world,A,2003,2003-07-10,2003-07-20,8,269,18.6397,1,191,169,18.5582,0.778566,31.2268,14.7546,5.86231,20.223,7.66681,4.08489,7.88104,2.82725,2.17764,12.342,4.83956,2.42976,2.97398,2.51525,1.77315,1.33829,1.78176,0.971028,1.78439,0.745574,1.06344,3.86617,3.60365,1.61538,42.974,14.9771,7.76918,27.7413,18.2155,4.73759,0.653961,0.499082,0.103392,0.605469,0.466482,0.108614,0.101562,0.286063,0.223708,0.578125,0.381572,0.266311,0.743243,0.6359,0.189796
P0acc99bae4,151448,235_3172,235,3172,2,16,continental,A,2005,2005-07-29,2005-08-09,8,111,16.1317,12,192,165,16.1928,0.392247,9.00901,12.9666,5.61917,7.92793,7.07115,3.4524,2.16216,2.28643,1.74634,5.76577,4.78472,2.33109,1.08108,1.24815,1.09128,3.96396,1.95255,1.09502,1.08108,0.601225,0.864828,2.16216,3.15492,1.27058,12.973,11.9921,6.9286,13.0018,16.8442,4.78386,0.415559,0.46583,0.1135,0.407407,0.436918,0.120671,0.555556,0.283987,0.210397,0.259259,0.329984,0.190373,0.428571,0.597813,0.208122
P0acc99bae4,151448,263_4068,263,4068,3,18,continental,A,2006,2006-07-18,2006-07-27,8,124,17.0955,14,192,161,17.9378,0.463248,7.41935,14.1964,5.48784,5.80645,7.01645,3.36385,0.967742,2.36669,1.82035,4.83871,4.64975,2.02662,2.90323,2.29341,1.38476,3.22581,1.73085,0.927802,0,0.611494,0.863663,3.22581,3.22115,1.34554,9.67742,14.0597,6.31908,12.5806,17.3038,5.04807,0.396552,0.497884,0.0869021,0.396552,0.46465,0.104206,0.586207,0.303888,0.207608,0,0.383594,0.304429,,0.629446,0.183775
P0acc99bae4,151448,263_4627,263,4627,3,18,continental,A,2007,2007-08-03,2007-08-12,6,188,18.1386,15,192,160,17.9746,0.494652,13.8298,13.825,5.5091,8.93617,6.84425,3.21748,1.70213,2.17524,1.51025,7.23404,4.66901,2.22325,2.55319,1.73823,1.41414,3.40426,1.78942,1.0756,0.638298,0.543883,0.753666,2.97872,3.22704,1.55184,18.9362,12.8963,7.3889,16.2809,17.235,4.66647,0.519834,0.491426,0.111663,0.491525,0.458165,0.120228,0.389831,0.31971,0.214534,0.135593,0.340492,0.186352,0.875,0.644047,0.191618
P0af0ac79ae,225770,256_6329,256,6329,3,18,continental,A,2016,2016-07-19,2016-07-23,5,119.133,18.2564,1,94,77,17.8726,0.574362,17.7952,14.0057,5.76617,15.1091,8.21707,3.78513,4.0291,2.56444,1.7462,11.08,5.65263,2.61089,2.35031,3.11392,2.20868,2.01455,1.77441,1.19438,1.67879,0.793203,0.99331,3.02182,3.21626,1.61855,23.1673,14.6071,8.18991,21.8243,18.7001,5.4949,0.473214,0.446887,0.113778,0.466667,0.406604,0.127223,0,0.324753,0.239791,0.555556,0.326277,0.210162,0.44,0.668448,0.188214
P0c63cafc6d,303132,225_208307,225,208307,2,16,continental,A,2021,2021-08-23,2021-08-29,6,112.9,15.1516,1,96,88,16.1425,0.443946,20.1949,14.7528,6.7599,9.21169,8.42836,4.16424,1.77148,2.67764,2.25729,7.44021,5.75072,2.53035,3.54296,3.77685,2.73743,2.48007,2.1231,1.54311,0.354296,0.926836,1.07945,1.77148,3.67918,1.5134,23.3835,16.2909,10.7054,21.2152,19.6104,5.27008,0.519315,0.451601,0.128182,0.518519,0.424954,0.134142,0.351852,0.30895,0.201803,0.037037,0.259559,0.199659,0.5,0.619989,0.216247
P0ca52587ca,195717,235_6848,235,6848,2,16,continental,A,2012,2012-07-19,2012-07-29,7,135,15.1351,12,192,176,16.1096,0.40158,15.7037,12.8957,5.1393,6.51852,7.28115,3.27484,2.96296,2.53061,1.6142,3.55556,4.75054,2.1455,1.77778,2.32455,1.79593,2.37037,1.66324,1.06284,0.296296,0.723676,0.957328,3.85185,3.17391,1.28807,11.2593,12.7939,6.1131,20.8593,17.0911,4.4667,0.461672,0.454765,0.0973089,0.45283,0.417223,0.100403,0.45283,0.278735,0.216581,0.188679,0.348814,0.239972,0.5,0.626435,0.186476
P0ca52587ca,195717,235_7364,235,7364,2,16,continental,A,2013,2013-08-08,2013-08-18,9,331,16.1892,10,192,176,16.1494,0.417776,27.432,12.0706,5.17484,8.70091,7.3559,3.30485,1.45015,2.33535,1.69878,7.25076,5.02054,2.14859,3.74622,2.5407,1.51138,3.62538,1.76576,0.99107,0.845921,0.751828,0.93185,3.74622,3.31424,1.38043,24.1692,12.1925,6.19516,31.0574,16.9868,4.87665,0.502212,0.434476,0.102948,0.437824,0.397849,0.112339,0.393782,0.298159,0.215887,0.388601,0.314844,0.202948,0.773333,0.618503,0.187752
P0ca52587ca,195717,261_7866,261,7866,1,18,continental,B,2014,2014-07-24,2014-08-03,9,238,17.1475,2,261,237,17.8211,0.538707,24.2017,12.02,4.79677,7.05882,7.24838,3.16814,2.18487,2.15792,1.49421,4.87395,5.09045,2.19666,1.68067,2.45367,1.90335,3.02521,1.74161,1.07428,0.168067,0.593376,0.842599,4.87395,3.36847,1.47299,17.6471,12.2457,6.50613,28.2622,16.4929,4.26809,0.51739,0.453412,0.112597,0.471311,0.425727,0.121642,0.409836,0.304478,0.208738,0.319672,0.292819,0.201031,0.74359,0.617402,0.20892
P0dca4f55c4,159965,235_4658,235,4658,2,16,continental,A,2007,2007-07-20,2007-07-29,8,96,15.9702,4,192,165,16.1521,0.336187,10.4167,12.3541,4.59564,12.0833,7.48686,3.65328,5.41667,2.55119,1.80173,6.66667,4.93567,2.29467,0.416667,2.18982,1.69305,1.25,1.94641,1.03035,3.33333,0.660085,0.994941,3.33333,3.73715,1.59913,15,11.557,6.80259,14.7333,17.7128,3.97293,0.456871,0.43747,0.105535,0.473684,0.408067,0.115767,0.0526316,0.296124,0.208775,1,0.34249,0.212342,0.368421,0.577994,0.201034
P0dca4f55c4,159965,263_4956,263,4956,3,18,continental,A,2008,2008-07-25,2008-08-03,8,127,16.986,9,190,167,17.9503,0.536053,7.55906,13.988,5.20746,12.5984,6.93028,3.5822,6.29921,2.24383,1.77763,6.29921,4.68645,2.28417,0.629921,2.32297,1.43874,0.629921,1.79539,1.01503,1.88976,0.509386,0.943808,3.14961,3.24236,1.28108,15.748,13.8074,6.98797,10.5575,17.2371,4.04561,0.510204,0.494636,0.112498,0.5,0.464202,0.115365,0,0.344286,0.205556,0.4,0.32113,0.203579,0.5,0.650715,0.19044
P0dca4f55c4,159965,263_5369,263,5369,3,18,continental,A,2009,2009-07-23,2009-08-02,9,166,17.9826,3,192,172,17.9564,0.515203,16.1446,13.4523,4.84686,13.494,7.0493,3.39971,5.54217,2.30482,1.73801,7.95181,4.74449,2.1617,1.20482,2.29862,1.67821,1.68675,1.76376,0.881262,1.44578,0.630648,0.946697,3.13253,3.12517,1.39684,23.8554,13.2734,6.32229,16.2506,17.0452,4.02754,0.615356,0.479516,0.106437,0.627907,0.449276,0.117717,0.0232558,0.347624,0.215776,0.604651,0.333155,0.243838,0.5,0.618493,0.19843
P0df73941d8,251997,276_208102,276,208102,4,19,world,A,2019,2019-06-29,2019-07-07,7,70.2,18.2509,1,192,168,18.6475,0.728834,15.9544,14.9774,5.89675,4.5584,7.59112,3.57536,1.1396,2.50232,1.90133,3.4188,5.0888,2.25154,6.83761,3.76513,2.367,0.569801,1.8283,1.12827,1.1396,0.752157,0.973827,2.849,3.17443,1.35909,20.5128,16.2674,7.67017,14.8148,18.4721,5.13993,0.666667,0.484167,0.109451,0.666667,0.454807,0.11544,0.571429,0.359548,0.228901,0,0.311439,0.241065,,0.660183,0.20512
P0fc299eb1c,318396,123_208446,123,208446,1,15,zone,B,2022,2022-06-18,2022-06-22,5,122.683,15.1954,3,72,67,14.9367,0.426833,24.7792,14.1403,7.47827,15.9761,8.44039,4.05844,7.17294,3.23458,1.96383,8.80315,5.2058,2.66981,3.58647,2.84979,2.10521,3.26043,2.97142,1.92435,3.26043,0.899715,1.28815,5.86877,4.65917,2.60108,29.0178,13.8657,11.71,30.6611,20.8616,6.06045,0.499737,0.410691,0.154667,0.422414,0.391671,0.153948,0.310345,0.24921,0.18065,0.706897,0.317276,0.244368,0.658537,0.507922,0.270625
P0fc299eb1c,318396,225_208533,225,208533,2,16,continental,A,2023,2023-06-05,2023-06-11,6,200.717,16.1646,7,96,79,15.9325,0.448497,24.5122,13.4723,7.0728,14.5479,8.28531,3.93876,4.78286,2.71767,1.86448,9.76501,5.56764,2.59082,2.98929,2.72826,2.15136,1.395,2.1384,1.58991,3.38786,0.872403,1.05855,5.18143,3.53169,1.62878,27.3022,13.8689,11.3301,27.8283,18.7343,5.48391,0.541183,0.431269,0.136938,0.494382,0.404063,0.143525,0.370787,0.350086,0.199163,0.629213,0.30983,0.221748,0.625,0.572542,0.219864
P0fde3dedb2,195564,249_5078,249,5078,3,17,world,A,2012,2012-06-29,2012-07-08,8,165,15.9675,2,142,127,17.0259,0.435933,17.4545,14.1972,5.55481,10.4242,7.45001,3.12231,3.87879,2.5366,1.74237,6.54545,4.91341,1.92891,2.18182,2.59121,2.03869,2.66667,1.89863,1.07827,1.93939,0.788481,1.13416,3.39394,3.46465,1.79913,23.0303,14.4239,7.24874,18.9382,18.219,4.61878,0.561447,0.473827,0.0968412,0.527778,0.443589,0.101275,0.12963,0.293986,0.229186,0.425926,0.271897,0.197866,0.652174,0.661614,0.195417
P1015da4297,156215,276_3299,276,3299,4,19,world,A,2007,2007-07-12,2007-07-22,9,270,18.9436,5,192,177,18.6772,0.861009,19.8519,15.0242,6.32287,3.7037,7.34207,3.43761,1.03704,2.58309,1.78912,2.66667,4.75898,2.24568,6.07407,2.48739,1.87525,3.55556,2.09591,1.22429,0,0.576986,0.923846,3.85185,3.59835,1.49835,17.3333,14.939,7.42931,23.1289,18.3344,5.1284,0.514909,0.501247,0.112236,0.486239,0.471644,0.119445,0.266055,0.331902,0.236569,0.440367,0.386782,0.254493,0.583333,0.621503,0.199964
P1044a073cf,195962,256_5945,256,5945,3,18,continental,A,2012,2012-06-16,2012-06-20,5,99,18.292,1,96,80,17.9007,0.472012,14.9495,14.2097,6.14818,6.86869,7.7057,3.36499,2.82828,2.6725,1.7711,4.0404,5.0332,2.3477,8.08081,2.47597,2.11325,7.27273,1.65812,1.22673,1.21212,0.702188,0.969721,4.84848,3.18262,1.66406,23.4343,13.6619,8.50932,20.1212,18.4581,5.47669,0.489418,0.462358,0.129545,0.431034,0.429614,0.138616,0.344828,0.263251,0.200682,0.689655,0.403774,0.24661,0.6,0.570351,0.204803
P1044a073cf,195962,276_7488,276,7488,4,19,world,A,2013,2013-06-27,2013-07-07,9,141.133,19.3378,1,190,163,18.6423,0.696247,24.3741,13.7502,5.42509,7.0855,7.333,3.37317,3.40104,2.38567,1.71678,3.68446,4.94733,2.1867,5.6684,2.21367,1.7035,6.23524,1.54796,0.991925,0,0.727447,1.05025,3.68446,3.00673,1.31394,28.0586,13.6671,7.8175,24.941,17.2721,4.36533,0.573333,0.477564,0.117473,0.546875,0.446105,0.124661,0.328125,0.299706,0.235645,0.390625,0.319875,0.182303,0.64,0.62505,0.182817
P1100d011d0,167131,256_3333,256,3333,3,18,continental,A,2008,2008-07-14,2008-07-18,5,68,17.2488,3,96,77,17.7347,0.643628,5.29412,14.7148,5.42816,9.41176,8.35717,3.97278,2.35294,2.8591,2.0267,7.05882,5.49807,2.52666,2.35294,2.75356,1.85568,2.35294,1.86936,1.05046,0.588235,1.01607,1.32938,2.94118,3.61421,1.65584,10.5882,14.9968,8.18143,11.6941,19.2494,4.39093,0.302419,0.469203,0.129223,0.25,0.437811,0.141424,0.428571,0.292826,0.217529,0.142857,0.358231,0.272305,1,0.62142,0.209939
P1100d011d0,167131,276_3348,276,3348,4,19,world,A,2009,2009-07-02,2009-07-12,9,243,18.2317,7,191,165,18.7882,0.690657,16.6255,14.3984,5.52288,12.3457,7.57587,3.44111,4.60905,2.66725,1.77968,7.73663,4.90862,2.14002,2.46914,2.40801,1.76626,1.15226,1.70492,0.965813,1.8107,0.872247,1.01133,4.77366,3.13329,1.42996,18.107,15.1012,7.07592,23.3745,17.5241,4.72826,0.446903,0.495334,0.114029,0.401961,0.463656,0.116858,0.352941,0.308724,0.227753,0.245098,0.312474,0.190442,0.76,0.642985,0.213702
P11475d8eed,143758,263_2703,263,2703,3,18,continental,A,2004,2003-07-30,2004-07-18,14,434,18.3522,9,493,386,17.9197,0.574968,22.1198,13.9298,5.58557,15.023,6.69318,3.18094,5.43779,2.34716,1.63659,9.58525,4.34602,1.99629,1.38249,2.20858,1.78794,2.21198,2.4645,1.29161,4.42396,0.660544,0.907576,3.87097,3.70521,1.86017,33.3641,13.3501,7.66077,20.8922,17.9913,4.82067,0.649773,0.480562,0.114943,0.602113,0.44764,0.122844,0.0774648,0.292519,0.224662,0.683099,0.361925,0.24503,0.71134,0.622708,0.195562
P1191691c20,265234,276_208299,276,208299,4,19,world,A,2021,2021-07-03,2021-07-11,7,216.95,18.0894,4,192,174,18.756,0.680857,23.4155,14.2694,5.44901,10.6937,7.50804,3.46178,2.58124,2.4377,1.71746,8.11247,5.07034,2.26855,3.68749,3.52297,2.42781,0.184374,1.75459,1.14154,2.21249,0.807696,1.25902,2.39687,3.09985,1.702,26.7343,15.501,7.77007,23.0689,17.9679,4.68488,0.566357,0.474649,0.110084,0.54902,0.443733,0.117723,0.323529,0.362644,0.218583,0.22549,0.286997,0.170106,0.652174,0.673577,0.213074
P11ed05516e,183263,276_4346,276,4346,4,19,world,A,2011,2011-06-30,2011-07-10,9,182,16.3699,8,192,170,18.6783,0.680358,15.8242,13.9628,5.5381,4.3956,6.96907,3.32639,1.0989,2.2765,1.60615,3.2967,4.69256,2.26884,2.1978,2.54793,1.8548,1.75824,1.36418,0.869805,0.659341,0.642267,0.93216,1.75824,2.87201,1.41472,14.7253,14.0555,7.05949,16.5538,17.0082,4.58642,0.534759,0.486074,0.11285,0.537879,0.453588,0.118095,0.484848,0.291718,0.211296,0.0454545,0.314934,0.203526,0.333333,0.647068,0.216658
P11ed05516e,183263,235_6392,235,6392,2,16,continental,A,2011,2011-07-28,2011-08-07,9,262,16.4466,1,192,179,16.1188,0.398839,27.4809,12.9622,5.36941,11.2977,6.80125,2.9956,2.44275,2.25598,1.40936,8.85496,4.54527,2.04091,3.66412,2.64245,1.80832,3.05344,1.85522,1.0231,0,0.477887,0.656716,4.8855,3.55796,1.51276,22.9008,12.5779,6.58699,34.2412,17.2823,4.94242,0.468067,0.465276,0.107645,0.420455,0.432676,0.108941,0.426136,0.271484,0.201794,0.210227,0.332399,0.211663,0.864865,0.622716,0.200533
P11ed05516e,183263,249_5078,249,5078,3,17,world,A,2012,2012-06-29,2012-07-08,8,222,17.3665,3,142,127,17.0259,0.435933,29.9099,14.1972,5.55481,10.0901,7.45001,3.12231,1.98198,2.5366,1.74237,8.10811,4.91341,1.92891,1.8018,2.59121,2.03869,3.24324,1.89863,1.07827,0.900901,0.788481,1.13416,2.88288,3.46465,1.79913,29.3694,14.4239,7.24874,28.9946,18.219,4.61878,0.57273,0.473827,0.0968412,0.503968,0.443589,0.101275,0.484127,0.293986,0.229186,0.34127,0.271897,0.197866,0.906977,0.661614,0.195417
P11fb43c4ea,189127,225_4362,225,4362,2,16,continental,A,2011,2011-06-21,2011-06-25,5,112,15.7731,1,96,79,16.0746,0.368321,30.3571,14.8849,7.11669,20,7.98521,3.84187,8.92857,2.63755,2.13904,11.0714,5.34767,2.3398,8.21429,3.07788,2.57357,2.5,2.51032,1.5217,5.71429,0.996203,1.23148,2.85714,3.97283,2.00381,51.7857,15.7288,9.61162,27.5143,19.5233,5.8083,0.615585,0.468404,0.128217,0.66129,0.43123,0.138267,0.016129,0.239806,0.198378,0.258065,0.36962,0.278674,0.1875,0.607853,0.231603
P11fb43c4ea,189127,276_7488,276,7488,4,19,world,A,2013,2013-06-27,2013-07-07,9,169.983,17.8073,1,190,163,18.6423,0.696247,26.5908,13.7502,5.42509,13.1778,7.333,3.37317,4.94166,2.38567,1.71678,8.2361,4.94733,2.1867,4.00039,2.21367,1.7035,4.23571,1.54796,0.991925,2.11785,0.727447,1.05025,3.29444,3.00673,1.31394,37.1801,13.6671,7.8175,25.0566,17.2721,4.36533,0.610943,0.477564,0.117473,0.611765,0.446105,0.124661,0.0352941,0.299706,0.235645,0.2,0.319875,0.182303,0.529412,0.62505,0.182817
P12c0373e62,267782,225_208099,225,208099,2,16,continental,A,2019,2019-06-03,2019-06-09,6,107.95,16.0743,1,96,82,15.9931,0.362163,30.755,14.0207,6.92005,13.7101,8.39512,3.96603,5.92867,3.00093,2.28479,7.78138,5.39419,2.36902,2.22325,3.10598,2.34284,1.11163,2.01293,1.26766,1.48217,0.940448,1.11345,1.48217,3.27809,1.55109,37.0542,15.1855,8.63529,24.8708,18.825,5.93787,0.657478,0.442597,0.113342,0.613208,0.409751,0.124281,0.358491,0.283453,0.207219,0.433962,0.290908,0.222077,0.782609,0.623001,0.223745
P12d1ca8d35,173516,225_3366,225,3366,2,16,continental,A,2009,2009-06-17,2009-06-21,5,76,15.7046,3,95,73,16.0044,0.426958,24.7368,16.0223,6.73172,5.78947,8.25465,4.28771,0.526316,3.09821,2.4528,5.26316,5.15644,2.49966,0.526316,2.21843,1.6819,1.05263,1.92791,1.2619,0.526316,0.927888,1.28998,2.10526,3.73208,1.65661,18.4211,15.1749,8.32594,23.3053,20.1646,6.21392,0.583416,0.483505,0.109313,0.542857,0.448274,0.113817,0.571429,0.279739,0.230233,0.342857,0.426817,0.304738,0.75,0.579216,0.200439
P12dc2a4dac,155226,256_3285,256,3285,3,18,continental,A,2006,2006-06-28,2006-07-02,4,88,18.177,1,83,62,17.8263,0.580995,22.7273,15.9039,6.01791,13.6364,8.01587,4.3489,4.09091,3.03436,2.57069,9.54545,4.98151,2.64958,1.36364,3.02408,2.25258,0.909091,1.90095,1.1992,2.72727,0.917461,1.08796,1.81818,3.8108,1.88879,29.5455,15.9601,8.69337,21.8364,19.8356,5.43243,0.567666,0.497868,0.124253,0.513514,0.459582,0.135608,0,0.314567,0.242206,0.432432,0.41752,0.293171,0.75,0.631609,0.199593
P1388f2fd26,268845,276_208102,276,208102,4,19,world,A,2019,2019-06-29,2019-07-07,7,174.733,19.3515,1,192,168,18.6475,0.728834,12.5906,14.9774,5.89675,3.89164,7.59112,3.57536,1.1446,2.50232,1.90133,2.74704,5.0888,2.25154,10.9882,3.76513,2.367,3.66272,1.8283,1.12827,1.1446,0.752157,0.973827,1.83136,3.17443,1.35909,27.6994,16.2674,7.67017,9.45899,18.4721,5.13993,0.82533,0.484167,0.109451,0.84375,0.454807,0.11544,0.5625,0.359548,0.228901,0.09375,0.311439,0.241065,0.333333,0.660183,0.20512
P1402e898dc,174420,276_3348,276,3348,4,19,world,A,2009,2009-07-02,2009-07-12,9,196,19.305,1,191,165,18.7882,0.690657,18.3673,14.3984,5.52288,10.4082,7.57587,3.44111,4.4898,2.66725,1.77968,5.91837,4.90862,2.14002,3.26531,2.40801,1.76626,2.65306,1.70492,0.965813,2.04082,0.872247,1.01133,1.42857,3.13329,1.42996,27.1429,15.1012,7.07592,16.2531,17.5241,4.72826,0.619493,0.495334,0.114029,0.576271,0.463656,0.116858,0.491525,0.308724,0.227753,0.525424,0.312474,0.190442,0.709677,0.642985,0.213702
P144ed94c77,271303,235_208081,235,208081,2,16,continental,A,2019,2019-08-09,2019-08-17,7,165.2,15.617,2,192,172,16.1637,0.391183,15.2542,12.799,5.41577,16.2228,7.49631,3.38097,5.81114,2.28635,1.64584,10.4116,5.20996,2.19674,2.42131,2.96308,1.91127,2.17918,1.85628,1.17847,8.95884,0.801326,1.16961,3.63196,3.27772,1.44769,33.1719,12.9583,7.56966,17.9758,17.7622,4.77337,0.531735,0.436772,0.117967,0.51,0.410438,0.120239,0.12,0.349918,0.227505,0.42,0.306704,0.203959,0.571429,0.573429,0.209002
P144ed94c77,271303,276_208299,276,208299,4,19,world,A,2021,2021-07-03,2021-07-11,7,157.5,17.5171,2,192,174,18.756,0.680857,24.8889,14.2694,5.44901,13.2063,7.50804,3.46178,3.30159,2.4377,1.71746,9.90476,5.07034,2.26855,2.53968,3.52297,2.42781,1.01587,1.75459,1.14154,10.1587,0.807696,1.25902,3.30159,3.09985,1.702,35.8095,15.501,7.77007,26.9511,17.9679,4.68488,0.526203,0.474649,0.110084,0.481928,0.443733,0.117723,0.26506,0.362644,0.218583,0.277108,0.286997,0.170106,0.782609,0.673577,0.213074
P1497c83aba,174310,225_3366,225,3366,2,16,continental,A,2009,2009-06-17,2009-06-21,5,128,16.2413,1,95,73,16.0044,0.426958,21.5625,16.0223,6.73172,9.0625,8.25465,4.28771,4.375,3.09821,2.4528,4.6875,5.15644,2.49966,4.375,2.21843,1.6819,2.1875,1.92791,1.2619,1.875,0.927888,1.28998,3.125,3.73208,1.65661,27.8125,15.1749,8.32594,20.65,20.1646,6.21392,0.615193,0.483505,0.109313,0.603774,0.448274,0.113817,0.245283,0.279739,0.230233,0.132075,0.426817,0.304738,0.714286,0.579216,0.200439
P1497c83aba,174310,249_3924,249,3924,3,17,world,A,2010,2010-07-02,2010-07-11,8,157,17.2954,1,144,123,17.0611,0.420802,17.3248,14.634,6.05534,8.40764,7.23158,3.56787,4.33121,2.36571,1.70469,4.07643,4.86587,2.26597,2.29299,2.8592,2.15155,3.05732,1.87293,1.1407,0.509554,0.761711,1.11447,3.82166,3.58026,1.49053,14.7771,14.7809,8.47015,24.051,18.1558,4.72464,0.428212,0.491637,0.10797,0.413333,0.45895,0.11802,0.28,0.327866,0.235277,0.133333,0.373086,0.229118,0.6,0.600608,0.200517
P14a01dedf9,236704,276_10628,276,10628,4,19,world,A,2017,2017-07-01,2017-07-09,7,147.8,19.3269,3,192,173,18.7401,0.66399,19.7564,13.572,5.43385,3.24763,7.69236,3.66261,1.08254,2.52264,1.93466,2.16509,5.16972,2.34584,6.22463,3.5206,2.17842,1.62382,1.62705,0.99426,0.270636,0.496983,0.747174,2.43572,3.19164,1.50518,18.9445,14.0574,7.39114,19.1935,17.9216,4.88312,0.58947,0.455339,0.108314,0.574074,0.425426,0.112649,0.537037,0.338891,0.227597,0.333333,0.343196,0.196751,0.611111,0.596167,0.211854
P16938f3fa9,217623,276_6290,276,6290,4,19,world,A,2015,2015-06-27,2015-07-05,7,87.6333,18.9408,1,191,180,18.6008,0.756787,5.93382,13.755,5.55959,1.82579,7.3828,3.65745,0.456447,2.49694,1.90522,1.36934,4.88586,2.44791,8.6725,3.28532,2.18966,3.19513,1.90259,1.12162,0,0.672111,0.938022,4.56447,3.43624,1.60082,10.0418,14.5182,7.46481,11.5938,17.8545,4.65107,0.422078,0.470651,0.115139,0.272727,0.436661,0.120193,0.0909091,0.306253,0.220425,0.909091,0.333827,0.227034,0.7,0.639017,0.184202
P169cb5be9a,271529,235_208081,235,208081,2,16,continental,A,2019,2019-08-09,2019-08-17,7,212.95,15.4445,11,192,172,16.1637,0.391183,32.8716,12.799,5.41577,7.88918,7.49631,3.38097,1.12703,2.28635,1.64584,6.76215,5.20996,2.19674,1.5027,2.96308,1.91127,1.87838,1.85628,1.17847,0.187838,0.801326,1.16961,3.94459,3.27772,1.44769,22.7283,12.9583,7.56966,34.5095,17.7622,4.77337,0.537734,0.436772,0.117967,0.47037,0.410438,0.120239,0.42963,0.349918,0.227505,0.466667,0.306704,0.203959,0.761905,0.573429,0.209002
P16b88a2183,298074,276_208299,276,208299,4,19,world,A,2021,2021-07-03,2021-07-11,7,115.467,19.4063,1,192,174,18.756,0.680857,29.7921,14.2694,5.44901,7.27483,7.50804,3.46178,1.7321,2.4377,1.71746,5.54273,5.07034,2.26855,5.1963,3.52297,2.42781,3.81062,1.75459,1.14154,1.7321,0.807696,1.25902,4.15704,3.09985,1.702,29.7921,15.501,7.77007,29.8337,17.9679,4.68488,0.58014,0.474649,0.110084,0.546875,0.443733,0.117723,0.4375,0.362644,0.218583,0.359375,0.286997,0.170106,0.695652,0.673577,0.213074
P16bfe45561,255557,263_205004,263,205004,3,18,continental,A,2018,2018-07-28,2018-08-05,6,100.267,17.4651,7,192,166,17.9484,0.486734,11.5691,14.4064,5.75558,9.57447,6.90142,3.12552,2.79255,2.19489,1.66122,6.78191,4.70653,2.01962,3.59043,3.24095,2.01549,1.59574,1.5968,1.10658,0.398936,0.554635,0.653217,3.19149,2.86449,1.42016,14.7606,15.5605,7.10936,15.75,16.8438,5.05633,0.46061,0.515968,0.114823,0.416667,0.487073,0.116125,0.0416667,0.330749,0.2175,0.708333,0.31321,0.220466,0.529412,0.663277,0.18489
P16bfe45561,255557,263_208080,263,208080,3,18,continental,A,2019,2019-07-27,2019-08-04,7,198.483,18.4617,8,192,175,17.9631,0.505937,14.7116,13.7178,5.15894,11.0841,7.52048,3.37919,4.43362,2.46928,1.88464,6.65043,5.0512,2.11145,3.62751,3.21833,2.11744,1.61223,1.85798,1.14514,0,0.775413,1.13616,3.02292,3.16101,1.74426,16.9284,14.7221,7.06103,19.9352,17.6749,5.30539,0.434938,0.476616,0.11909,0.427632,0.449355,0.125455,0.184211,0.341734,0.215194,0.236842,0.330997,0.30944,0.444444,0.612867,0.233874
P1738f63a26,155223,256_3285,256,3285,3,18,continental,A,2006,2006-06-28,2006-07-02,4,107,17.3994,1,83,62,17.8263,0.580995,12.7103,15.9039,6.01791,5.60748,8.01587,4.3489,1.49533,3.03436,2.57069,4.11215,4.98151,2.64958,7.85047,3.02408,2.25258,2.61682,1.90095,1.1992,0.373832,0.917461,1.08796,2.99065,3.8108,1.88879,18.6916,15.9601,8.69337,15.8804,19.8356,5.43243,0.493039,0.497868,0.124253,0.351852,0.459582,0.135608,0.333333,0.314567,0.242206,0.62963,0.41752,0.293171,0.882353,0.631609,0.199593
P1738f63a26,155223,276_3299,276,3299,4,19,world,A,2007,2007-07-12,2007-07-22,9,218,18.4535,2,192,177,18.6772,0.861009,15.7798,15.0242,6.32287,3.66972,7.34207,3.43761,0.366972,2.58309,1.78912,3.30275,4.75898,2.24568,4.58716,2.48739,1.87525,4.0367,2.09591,1.22429,0,0.576986,0.923846,3.11927,3.59835,1.49835,17.6147,14.939,7.42931,17.0055,18.3344,5.1284,0.568182,0.501247,0.112236,0.522727,0.471644,0.119445,0.30303,0.331902,0.236569,0.333333,0.386782,0.254493,0.772727,0.621503,0.199964
P17f11f33c2,225704,256_6329,256,6329,3,18,continental,A,2016,2016-07-19,2016-07-23,5,105.383,18.0674,1,94,77,17.8726,0.574362,29.9858,14.0057,5.76617,10.6279,8.21707,3.78513,3.79567,2.56444,1.7462,6.8322,5.65263,2.61089,4.5548,3.11392,2.20868,3.4161,1.77441,1.19438,1.89783,0.793203,0.99331,2.65697,3.21626,1.61855,37.1975,14.6071,8.18991,26.9341,18.7001,5.4949,0.617573,0.446887,0.113778,0.583333,0.406604,0.127223,0.333333,0.324753,0.239791,0.15,0.326277,0.210162,1,0.668448,0.188214
P1804943702,217865,276_6290,276,6290,4,19,world,A,2015,2015-06-27,2015-07-05,7,178.483,19.3762,4,191,180,18.6008,0.756787,24.8763,13.755,5.55959,7.84387,7.3828,3.65745,2.017,2.49694,1.90522,5.82687,4.88586,2.44791,2.91344,3.28532,2.18966,3.13755,1.90259,1.12162,0.448221,0.672111,0.938022,2.017,3.43624,1.60082,28.9103,14.5182,7.46481,19.9817,17.8545,4.65107,0.692365,0.470651,0.115139,0.642857,0.436661,0.120193,0.333333,0.306253,0.220425,0.619048,0.333827,0.227034,0.769231,0.639017,0.184202
P18458ff2ec,134532,263_80,263,80,2,18,continental,A,2000,2000-04-11,2000-04-15,5,98,16.1482,,215,168,17.5783,0.581802,13.8776,13.4831,5.27421,7.34694,5.87885,2.98016,2.44898,1.90656,1.51803,4.89796,3.97229,2.00827,2.44898,2.23682,2.06598,2.44898,1.49398,1.03332,0,0,0,2.44898,3.05999,1.33843,17.551,12.2629,6.76656,14.6286,16.0676,4.41158,0.569705,0.515473,0.1163,0.52,0.472136,0.129376,0.04,0.274626,0.211591,0.44,0.484045,0.37211,0.727273,0.654786,0.20688
P18458ff2ec,134532,263_1927,263,1927,3,18,continental,A,2000,2000-07-14,2000-07-23,7,199,16.4192,9,143,124,17.8597,0.588259,11.0553,13.5344,4.99944,8.0402,5.13608,2.75372,2.21106,1.69152,1.36508,5.82915,3.44457,1.71182,1.40704,1.67128,1.17559,0.40201,2.27105,1.16485,0,0.0760381,0.197735,1.80905,3.01777,1.28522,10.6533,12.4378,5.59886,14.0864,15.5847,4.40578,0.450229,0.537884,0.114907,0.361702,0.494632,0.124484,0.191489,0.27518,0.210868,0.680851,0.450926,0.262913,0.65625,0.691974,0.170709
P18458ff2ec,134532,263_2886,263,2886,2,18,continental,A,2002,2002-04-16,2002-05-01,5,150,18.1907,,215,171,17.6684,0.638695,23.7333,14.6204,6.12192,9.6,7.00378,3.82327,2.66667,2.37113,1.9328,6.93333,4.63265,2.45718,1.6,2.22423,1.5258,2.93333,2.11906,1.25803,1.86667,0.661502,0.980784,3.46667,3.34676,1.59983,27.2,14.1894,8.33006,22.7627,18.0781,4.77723,0.614981,0.491982,0.136556,0.609375,0.460447,0.145329,0.203125,0.28294,0.203308,0.296875,0.395805,0.29325,0.578947,0.630283,0.185994
P18458ff2ec,134532,263_2888,263,2888,3,18,continental,A,2002,2002-07-12,2002-07-21,8,259,18.4124,2,144,121,17.8703,0.557956,29.3436,14.3906,5.26654,13.2819,6.71397,3.12939,4.16988,2.2151,1.69496,9.11197,4.49886,1.94982,1.5444,2.07608,1.44154,1.69884,1.29316,0.888823,1.85328,0.571274,0.765198,2.16216,2.67339,1.00866,37.3745,14.0137,6.18081,22.468,16.7644,4.51804,0.722543,0.516086,0.1088,0.752212,0.474349,0.120006,0.115044,0.284976,0.201016,0.371681,0.371592,0.21432,0.47619,0.687328,0.17851
P18458ff2ec,134532,276_2701,276,2701,4,19,world,A,2003,2003-07-10,2003-07-20,8,250,19.409,7,191,169,18.5582,0.778566,24.32,14.7546,5.86231,12,7.66681,4.08489,4.64,2.82725,2.17764,7.36,4.83956,2.42976,1.44,2.51525,1.77315,1.12,1.78176,0.971028,1.44,0.745574,1.06344,2.72,3.60365,1.61538,28,14.9771,7.76918,22.5536,18.2155,4.73759,0.613101,0.499082,0.103392,0.582569,0.466482,0.108614,0.229358,0.286063,0.223708,0.311927,0.381572,0.266311,0.735294,0.6359,0.189796
P1a135db58f,302222,236_208420,236,208420,1,16,continental,B,2021,2021-08-16,2021-08-21,5,115.883,15.4692,,334,265,16.0475,0.504163,21.0557,12.895,6.11806,6.90349,8.22153,3.99021,1.03552,2.55466,2.07093,5.86797,5.66687,2.67186,3.45175,2.8764,1.92694,3.79692,2.46595,1.73138,0.690349,0.77053,1.05497,6.21315,4.20742,2.26924,16.5684,12.537,8.95239,27.1445,19.4582,5.58752,0.502968,0.416433,0.12656,0.491379,0.385679,0.130521,0.741379,0.324804,0.21472,0.103448,0.332577,0.250497,0.666667,0.566583,0.223386
P1a32cd4176,204617,235_7364,235,7364,2,16,continental,A,2013,2013-08-08,2013-08-18,9,240,16.6191,6,192,176,16.1494,0.417776,20.8333,12.0706,5.17484,19.1667,7.3559,3.30485,7.66667,2.33535,1.69878,11.5,5.02054,2.14859,1.16667,2.5407,1.51138,1,1.76576,0.99107,3.5,0.751828,0.93185,2.16667,3.31424,1.38043,35.3333,12.1925,6.19516,19.3,16.9868,4.87665,0.607977,0.434476,0.102948,0.554217,0.397849,0.112339,0,0.298159,0.215887,0.542169,0.314844,0.202948,0.733333,0.618503,0.187752
P1a32cd4176,204617,263_7865,263,7865,3,18,continental,A,2014,2014-07-24,2014-08-03,9,168,17.5774,3,192,176,17.9913,0.462011,17.619,12.9726,5.15589,15,7.14215,3.50984,5.95238,2.43117,1.78733,9.04762,4.71098,2.23201,0.714286,2.69449,1.70245,0.952381,1.47393,1.00006,2.61905,0.759594,0.965605,3.09524,2.96367,1.19841,24.5238,13.5376,6.41741,19.1143,16.6288,4.02095,0.549941,0.465813,0.107561,0.490196,0.435883,0.108075,0,0.288309,0.208611,0.72549,0.293083,0.181589,0.648649,0.628737,0.212208
P1a32cd4176,204617,276_6290,276,6290,4,19,world,A,2015,2015-06-27,2015-07-05,3,58.75,18.4973,2,191,180,18.6008,0.756787,26.5532,13.755,5.55959,14.2979,7.3828,3.65745,6.80851,2.49694,1.90522,7.48936,4.88586,2.44791,0.680851,3.28532,2.18966,1.3617,1.90259,1.12162,2.04255,0.672111,0.938022,4.08511,3.43624,1.60082,29.2766,14.5182,7.46481,26.3353,17.8545,4.65107,0.596695,0.470651,0.115139,0.478261,0.436661,0.120193,0,0.306253,0.220425,0.956522,0.333827,0.227034,0.772727,0.639017,0.184202
P1a41a85440,218682,235_9179,235,9179,2,16,continental,A,2015,2015-08-06,2015-08-16,9,187,16.3809,5,180,164,16.1589,0.414338,14.7594,12.4324,5.68268,7.70053,7.6053,3.2469,4.70588,2.34261,1.69662,2.99465,5.26269,2.08949,1.92513,2.72723,1.69989,2.35294,1.84902,1.01899,0.641711,0.801164,1.0368,3.42246,3.4073,1.56407,13.6898,12.5675,6.84732,19.2086,17.5852,5.46185,0.46748,0.430085,0.106806,0.453846,0.400494,0.116028,0.261538,0.311668,0.216082,0.307692,0.296641,0.190597,0.5,0.599277,0.203394
P1a41a85440,218682,249_9678,249,9678,3,17,world,A,2016,2016-06-23,2016-07-03,7,202.317,17.2625,6,191,171,16.9215,0.517517,31.0404,13.9298,6.67868,7.90839,8.20946,4.09228,3.55878,2.77559,2.1245,4.34962,5.43387,2.64062,4.34962,2.6531,1.83642,2.37252,1.85697,1.24533,0.790839,0.669885,0.963228,4.54733,3.64504,1.46955,28.0748,13.7052,8.47552,31.1274,18.8523,5.48244,0.583904,0.446186,0.125912,0.526786,0.416886,0.129648,0.25,0.303263,0.224477,0.455357,0.349537,0.221993,0.764706,0.59047,0.214261
P1ccfa6c1ee,252306,276_208299,276,208299,4,19,world,A,2021,2021-07-03,2021-07-11,7,165.75,19.1599,3,192,174,18.756,0.680857,25.5807,14.2694,5.44901,23.8914,7.50804,3.46178,11.825,2.4377,1.71746,12.0664,5.07034,2.26855,0.965309,3.52297,2.42781,0.241327,1.75459,1.14154,3.86124,0.807696,1.25902,2.6546,3.09985,1.702,39.3363,15.501,7.77007,25.1077,17.9679,4.68488,0.569647,0.474649,0.110084,0.56,0.443733,0.117723,0,0.362644,0.218583,0.546667,0.286997,0.170106,0.536585,0.673577,0.213074
P1dca1ecf2b,195959,256_5945,256,5945,3,18,continental,A,2012,2012-06-16,2012-06-20,5,98,17.5582,1,96,80,17.9007,0.472012,28.9796,14.2097,6.14818,13.4694,7.7057,3.36499,4.08163,2.6725,1.7711,9.38776,5.0332,2.3477,2.44898,2.47597,2.11325,2.04082,1.65812,1.22673,2.04082,0.702188,0.969721,4.4898,3.18262,1.66406,31.8367,13.6619,8.50932,28.098,18.4581,5.47669,0.613762,0.462358,0.129545,0.559524,0.429614,0.138616,0.0952381,0.263251,0.200682,0.857143,0.403774,0.24661,0.666667,0.570351,0.204803
P1e59a7a7a1,318766,256_208444,256,208444,3,18,continental,A,2022,2022-06-06,2022-06-12,6,104.533,17.9278,1,95,83,17.8268,0.545377,42.8571,14.2532,6.9182,14.5408,8.67583,3.35701,3.06122,2.84937,1.77982,11.4796,5.82646,2.24575,3.82653,2.81389,1.90932,1.91327,1.67302,0.9706,1.14796,1.1097,1.20579,3.82653,3.24748,1.4123,47.8316,15.5199,8.76482,34.4541,18.6088,5.72837,0.69965,0.456186,0.127257,0.69863,0.42705,0.133365,0.30137,0.323764,0.203699,0.219178,0.290876,0.173337,0.625,0.64198,0.203715
P1f2e422e9e,225696,256_6329,256,6329,3,18,continental,A,2016,2016-07-19,2016-07-23,5,50.75,18.1989,1,94,77,17.8726,0.574362,18.1281,14.0057,5.76617,7.0936,8.21707,3.78513,0.788177,2.56444,1.7462,6.30542,5.65263,2.61089,10.2463,3.11392,2.20868,3.15271,1.77441,1.19438,0,0.793203,0.99331,6.30542,3.21626,1.61855,22.8571,14.6071,8.18991,22.3842,18.7001,5.4949,0.563725,0.446887,0.113778,0.46875,0.406604,0.127223,0.5,0.324753,0.239791,0.625,0.326277,0.210162,0.8,0.668448,0.188214
P204a101867,212131,249_5075,249,5075,3,17,world,A,2014,2014-08-08,2014-08-16,7,97.2667,17.3282,1,192,173,17.0583,0.489002,23.0295,13.6034,6.14842,16.4496,7.6474,3.67246,7.81357,2.55281,1.94621,8.63605,5.0946,2.20776,2.46744,2.14955,1.47007,4.52365,1.80889,1.11705,1.64496,0.718134,1.07747,4.52365,3.23583,1.51772,37.8341,13.5763,8.92179,19.5915,17.7478,5.19007,0.764192,0.460191,0.126088,0.695652,0.428331,0.130989,0,0.299498,0.224593,1.34783,0.302479,0.220999,0.774194,0.637699,0.213798
P204a101867,212131,276_6290,276,6290,4,19,world,A,2015,2015-06-27,2015-07-05,7,96.6833,18.2126,1,191,180,18.6008,0.756787,17.79,13.755,5.55959,12.8254,7.3828,3.65745,3.7235,2.49694,1.90522,9.10188,4.88586,2.44791,1.65489,3.28532,2.18966,1.24117,1.90259,1.12162,2.06861,0.672111,0.938022,5.37838,3.43624,1.60082,23.1684,14.5182,7.46481,19.3622,17.8545,4.65107,0.636095,0.470651,0.115139,0.6,0.436661,0.120193,0,0.306253,0.220425,0.8,0.333827,0.227034,0.65,0.639017,0.184202
P20a1183fcf,147197,263_2703,263,2703,3,18,continental,A,2004,2003-07-30,2004-07-18,8,261,18.1003,1,493,386,17.9197,0.574968,23.295,13.9298,5.58557,5.6705,6.69318,3.18094,0.45977,2.34716,1.63659,5.21073,4.34602,1.99629,10.4215,2.20858,1.78794,2.60536,2.4645,1.29161,0.613027,0.660544,0.907576,7.66284,3.70521,1.86017,24.5211,13.3501,7.66077,27.2184,17.9913,4.82067,0.595611,0.480562,0.114943,0.572727,0.44764,0.122844,0.254545,0.292519,0.224662,0.363636,0.361925,0.24503,0.65,0.622708,0.195562
P212def8838,225982,276_10628,276,10628,4,19,world,A,2017,2017-07-01,2017-07-09,7,117.883,19.0777,3,192,173,18.7401,0.66399,26.1275,13.572,5.43385,19.6805,7.69236,3.66261,9.84024,2.52264,1.93466,9.84024,5.16972,2.34584,1.01796,3.5206,2.17842,1.69659,1.62705,0.99426,3.7325,0.496983,0.747174,3.7325,3.19164,1.50518,35.6284,14.0574,7.39114,27.6341,17.9216,4.88312,0.546564,0.455339,0.108314,0.508475,0.425426,0.112649,0.0169492,0.338891,0.227597,0.440678,0.343196,0.196751,0.653846,0.596167,0.211854
P213b82c86a,238026,235_10522,235,10522,2,16,continental,A,2017,2017-08-11,2017-08-19,7,166.483,16.6054,7,192,171,16.2315,0.379426,15.1367,13.0005,5.38737,9.13004,7.45748,3.36127,3.3637,2.64078,1.6751,5.76634,4.81671,2.34468,2.88317,2.40527,1.64318,2.16238,1.91319,1.04947,0.720793,0.437885,0.600186,1.68185,3.35591,1.43616,18.5004,12.4646,6.84302,17.8757,17.7215,5.02431,0.467359,0.447742,0.10913,0.452381,0.41867,0.122632,0.333333,0.339637,0.209153,0.15873,0.300941,0.219282,0.6,0.623009,0.186015
P213b82c86a,238026,263_208080,263,208080,3,18,continental,A,2019,2019-07-27,2019-08-04,7,196.667,18.563,1,192,175,17.9631,0.505937,25.6271,13.7178,5.15894,10.7797,7.52048,3.37919,3.66102,2.46928,1.88464,7.11864,5.0512,2.11145,3.66102,3.21833,2.11744,2.64407,1.85798,1.14514,3.25424,0.775413,1.13616,1.01695,3.16101,1.74426,32.5424,14.7221,7.06103,23.1783,17.6749,5.30539,0.578194,0.476616,0.11909,0.542553,0.449355,0.125455,0.489362,0.341734,0.215194,0.361702,0.330997,0.30944,0.705882,0.612867,0.233874
P224fa713e4,189079,225_4362,225,4362,2,16,continental,A,2011,2011-06-21,2011-06-25,5,110,15.9155,3,96,79,16.0746,0.368321,20.7273,14.8849,7.11669,14.1818,7.98521,3.84187,5.81818,2.63755,2.13904,8.36364,5.34767,2.3398,2.90909,3.07788,2.57357,1.45455,2.51032,1.5217,1.09091,0.996203,1.23148,6.54545,3.97283,2.00381,22.5455,15.7288,9.61162,25.8327,19.5233,5.8083,0.53733,0.468404,0.128217,0.532609,0.43123,0.138267,0.26087,0.239806,0.198378,0.347826,0.36962,0.278674,0.5,0.607853,0.231603
P224fa713e4,189079,249_5078,249,5078,3,17,world,A,2012,2012-06-29,2012-07-08,8,200,16.9531,5,142,127,17.0259,0.435933,19.2,14.1972,5.55481,8.8,7.45001,3.12231,4.2,2.5366,1.74237,4.6,4.91341,1.92891,2.2,2.59121,2.03869,2.4,1.89863,1.07827,0.4,0.788481,1.13416,4.4,3.46465,1.79913,15,14.4239,7.24874,25.728,18.219,4.61878,0.450113,0.473827,0.0968412,0.387097,0.443589,0.101275,0.27957,0.293986,0.229186,0.333333,0.271897,0.197866,0.774194,0.661614,0.195417
P2297a93a7f,188644,256_5945,256,5945,3,18,continental,A,2012,2012-06-16,2012-06-20,5,139,16.6246,3,96,80,17.9007,0.472012,19.5683,14.2097,6.14818,19.8561,7.7057,3.36499,3.74101,2.6725,1.7711,16.1151,5.0332,2.3477,1.72662,2.47597,2.11325,1.43885,1.65812,1.22673,0.57554,0.702188,0.969721,2.58993,3.18262,1.66406,26.7626,13.6619,8.50932,23.505,18.4581,5.47669,0.467804,0.462358,0.129545,0.444444,0.429614,0.138616,0.206349,0.263251,0.200682,0.349206,0.403774,0.24661,0.545455,0.570351,0.204803
P2297a93a7f,188644,276_7488,276,7488,4,19,world,A,2013,2013-06-27,2013-07-07,7,226.867,17.6705,6,190,163,18.6423,0.696247,25.0367,13.7502,5.42509,12.3421,7.333,3.37317,2.99736,2.38567,1.71678,9.3447,4.94733,2.1867,0.881575,2.21367,1.7035,1.41052,1.54796,0.991925,0.70526,0.727447,1.05025,2.82104,3.00673,1.31394,21.8631,13.6671,7.8175,28.6759,17.2721,4.36533,0.484179,0.477564,0.117473,0.418033,0.446105,0.124661,0.106557,0.299706,0.235645,0.459016,0.319875,0.182303,0.714286,0.62505,0.182817
P22c8154970,152350,235_3172,235,3172,2,16,continental,A,2005,2005-07-29,2005-08-09,8,240,14.8011,3,192,165,16.1928,0.392247,15.1667,12.9666,5.61917,9,7.07115,3.4524,2.5,2.28643,1.74634,6.5,4.78472,2.33109,3.83333,1.24815,1.09128,5.16667,1.95255,1.09502,0.5,0.601225,0.864828,3.5,3.15492,1.27058,21.5,11.9921,6.9286,18.2667,16.8442,4.78386,0.513544,0.46583,0.1135,0.422535,0.436918,0.120671,0.267606,0.283987,0.210397,0.56338,0.329984,0.190373,0.775,0.597813,0.208122
P22c8154970,152350,235_3946,235,3946,2,16,continental,A,2006,2006-08-11,2006-08-20,8,263,15.8306,1,191,169,16.2239,0.372873,28.289,13.8113,5.71626,15.5133,7.44476,3.50097,3.4981,2.44415,1.65485,12.0152,5.00061,2.29487,8.6692,1.71912,1.30558,7.90875,2.10278,1.14243,0.152091,0.583215,0.87731,6.23574,3.66022,1.47796,40.3042,12.6706,7.26337,31.2395,18.1985,4.75452,0.565693,0.462684,0.103392,0.492126,0.429187,0.11473,0.275591,0.299403,0.206289,0.669291,0.37777,0.211605,0.717647,0.592848,0.177018
P22c8154970,152350,263_4627,263,4627,3,18,continental,A,2007,2007-08-03,2007-08-12,8,223,16.808,5,192,160,17.9746,0.494652,27.4439,13.825,5.5091,7.17489,6.84425,3.21748,1.43498,2.17524,1.51025,5.73991,4.66901,2.22325,6.81614,1.73823,1.41414,5.73991,1.78942,1.0756,0.358744,0.543883,0.753666,4.4843,3.22704,1.55184,32.4664,12.8963,7.3889,25.6,17.235,4.66647,0.649847,0.491426,0.111663,0.577778,0.458165,0.120228,0.322222,0.31971,0.214534,0.7,0.340492,0.186352,0.777778,0.644047,0.191618
P23152d31e2,300463,236_208420,236,208420,1,16,continental,B,2021,2021-08-16,2021-08-21,5,112.233,16.3699,,334,265,16.0475,0.504163,18.1764,12.895,6.11806,12.1176,8.22153,3.99021,2.8512,2.55466,2.07093,9.26641,5.66687,2.67186,2.8512,2.8764,1.92694,6.05881,2.46595,1.73138,1.782,0.77053,1.05497,2.4948,4.20742,2.26924,29.5812,12.537,8.95239,18.3047,19.4582,5.58752,0.574842,0.416433,0.12656,0.527778,0.385679,0.130521,0.388889,0.324804,0.21472,0.527778,0.332577,0.250497,0.684211,0.566583,0.223386
P23152d31e2,300463,249_208300,249,208300,3,17,world,A,2022,2022-07-02,2022-07-10,7,145.317,17.2543,3,192,168,16.9494,0.502627,20.094,13.9661,5.91865,8.53309,8.00354,3.81847,2.75261,2.52822,1.91795,5.78048,5.47531,2.5642,4.9547,3.08275,2.02068,1.3763,1.94293,1.17006,2.20209,0.924849,1.14976,1.65157,3.15323,1.4463,28.6271,15.5163,8.33031,16.7799,17.916,5.19339,0.664119,0.466701,0.114119,0.656863,0.443918,0.121251,0.490196,0.333533,0.208066,0.176471,0.246808,0.165743,0.666667,0.600939,0.210643
P23152d31e2,300463,276_208303,276,208303,4,19,world,A,2023,2023-06-24,2023-07-02,7,130.75,18.2317,2,192,171,18.7974,0.613254,15.9082,14.5229,5.57383,6.11855,7.31327,3.5997,2.44742,2.26354,1.97353,3.67113,5.04973,2.36409,3.3652,3.39522,2.10822,4.28298,1.87556,1.05134,0.305927,0.776271,1.07652,5.20076,3.03164,1.41202,17.4379,15.7805,7.34509,18.6126,17.7644,4.99257,0.593066,0.488426,0.11044,0.564103,0.45281,0.117257,0.461538,0.375743,0.229382,0.282051,0.333211,0.259769,0.727273,0.671531,0.195633
P2320c27578,182018,256_3935,256,3935,3,18,continental,A,2010,2010-06-26,2010-06-30,5,115,17.9114,1,96,77,17.842,0.642168,35.1304,14.92,6.47935,3.13043,7.40885,3.62563,1.04348,2.61003,2.12449,2.08696,4.79882,2.16489,2.08696,2.58206,2.14585,3.47826,1.62998,1.0838,0.347826,0.884029,1.47478,2.78261,3.20333,1.67174,31.3043,15.0256,9.28155,25.7948,18.3041,5.14914,0.763301,0.490412,0.12998,0.758333,0.454684,0.13257,0.583333,0.275486,0.216548,0.233333,0.35016,0.263199,0.714286,0.649623,0.198629
P23d9f5804f,143295,258_2996,258,2996,3,18,continental,A,2002,2002-12-16,2002-12-26,3,,15.1653,1,168,0,17.9495,0.903128,,,,,,,,,,,,,,,,,,,,,,,,,,,,,,,4.95868,,,,,,,,,,,,0.636364,,
P23d9f5804f,143295,276_2701,276,2701,4,19,world,A,2003,2003-07-10,2003-07-20,8,270,15.7293,14,191,169,18.5582,0.778566,22.3704,14.7546,5.86231,13.6296,7.66681,4.08489,5.77778,2.82725,2.17764,7.85185,4.83956,2.42976,1.92593,2.51525,1.77315,1.77778,1.78176,0.971028,1.92593,0.745574,1.06344,4.2963,3.60365,1.61538,28.2963,14.9771,7.76918,23.1467,18.2155,4.73759,0.593367,0.499082,0.103392,0.542056,0.466482,0.108614,0.0747664,0.286063,0.223708,0.429907,0.381572,0.266311,0.76087,0.6359,0.189796
P23f1ba707f,189111,225_4362,225,4362,2,16,continental,A,2011,2011-06-21,2011-06-25,5,107,16.2796,1,96,79,16.0746,0.368321,28.785,14.8849,7.11669,11.9626,7.98521,3.84187,2.99065,2.63755,2.13904,8.97196,5.34767,2.3398,1.49533,3.07788,2.57357,3.73832,2.51032,1.5217,0.747664,0.996203,1.23148,4.48598,3.97283,2.00381,29.5327,15.7288,9.61162,28.5458,19.5233,5.8083,0.598198,0.468404,0.128217,0.580357,0.43123,0.138267,0.303571,0.239806,0.198378,0.339286,0.36962,0.278674,0.631579,0.607853,0.231603
P23f1ba707f,189111,249_5078,249,5078,3,17,world,A,2012,2012-06-29,2012-07-08,5,82,17.3173,1,142,127,17.0259,0.435933,30.7317,14.1972,5.55481,11.7073,7.45001,3.12231,3.41463,2.5366,1.74237,8.29268,4.91341,1.92891,0.97561,2.59121,2.03869,2.43902,1.89863,1.07827,1.46341,0.788481,1.13416,3.41463,3.46465,1.79913,33.1707,14.4239,7.24874,27.5122,18.219,4.61878,0.637652,0.473827,0.0968412,0.611111,0.443589,0.101275,0.222222,0.293986,0.229186,0.222222,0.271897,0.197866,0.8,0.661614,0.195417
P24b8a1c556,174419,276_3348,276,3348,4,19,world,A,2009,2009-07-02,2009-07-12,9,167,19.3488,1,191,165,18.7882,0.690657,16.0479,14.3984,5.52288,5.50898,7.57587,3.44111,2.15569,2.66725,1.77968,3.35329,4.90862,2.14002,0.958084,2.40801,1.76626,0.958084,1.70492,0.965813,1.43713,0.872247,1.01133,2.63473,3.13329,1.42996,13.4132,15.1012,7.07592,18.0886,17.5241,4.72826,0.519219,0.495334,0.114029,0.508197,0.463656,0.116858,0.47541,0.308724,0.227753,0.131148,0.312474,0.190442,0.625,0.642985,0.213702
P24c85e006b,271297,235_208081,235,208081,2,16,continental,A,2019,2019-08-09,2019-08-17,6,45.1333,16.3617,2,192,172,16.1637,0.391183,11.5214,12.799,5.41577,12.4077,7.49631,3.38097,6.20384,2.28635,1.64584,6.20384,5.20996,2.19674,5.31758,2.96308,1.91127,0.886263,1.85628,1.17847,0.886263,0.801326,1.16961,4.43131,3.27772,1.44769,15.9527,12.9583,7.56966,19.2851,17.7622,4.77337,0.387828,0.436772,0.117967,0.4,0.410438,0.120239,0,0.349918,0.227505,0.266667,0.306704,0.203959,0.25,0.573429,0.209002
P24e5e8b7dc,189125,225_4362,225,4362,2,16,continental,A,2011,2011-06-21,2011-06-25,5,106,16.244,1,96,79,16.0746,0.368321,19.6226,14.8849,7.11669,6.41509,7.98521,3.84187,0.754717,2.63755,2.13904,5.66038,5.34767,2.3398,2.26415,3.07788,2.57357,2.64151,2.51032,1.5217,2.26415,0.996203,1.23148,2.64151,3.97283,2.00381,21.5094,15.7288,9.61162,20.8302,19.5233,5.8083,0.539419,0.468404,0.128217,0.532609,0.43123,0.138267,0.0869565,0.239806,0.198378,0.108696,0.36962,0.278674,0.6,0.607853,0.231603
P25e61f80f8,225695,256_6329,256,6329,3,18,continental,A,2016,2016-07-19,2016-07-23,5,109.017,18.1523,1,94,77,17.8726,0.574362,25.3172,14.0057,5.76617,7.33833,8.21707,3.78513,1.46767,2.56444,1.7462,5.87066,5.65263,2.61089,9.53983,3.11392,2.20868,5.87066,1.77441,1.19438,1.10075,0.793203,0.99331,4.03608,3.21626,1.61855,36.3247,14.6071,8.18991,24.2899,18.7001,5.4949,0.625,0.446887,0.113778,0.603774,0.406604,0.127223,0.339623,0.324753,0.239791,0.0943396,0.326277,0.210162,1,0.668448,0.188214
P2606a3d161,169406,235_4904,235,4904,2,16,continental,A,2008,2008-08-15,2008-08-24,8,205,15.7813,10,192,174,16.2135,0.407837,15.0244,12.5077,5.2804,6.04878,7.05601,3.46531,2.14634,2.21132,1.56439,3.90244,4.8447,2.40248,0.585366,0.953761,0.795718,1.17073,1.63093,1.02672,0.390244,0.491683,0.69126,2.34146,3.26338,1.41144,9.95122,10.3009,6.66525,18.7239,16.9308,4.67101,0.458552,0.448308,0.104155,0.44375,0.420617,0.117124,0.6625,0.27773,0.210658,0.1125,0.386976,0.243847,0.666667,0.562564,0.19469
P2606a3d161,169406,263_5831,263,5831,3,18,continental,A,2010,2010-07-22,2010-08-01,9,271,17.717,3,192,171,17.9486,0.515214,19.631,13.1391,4.8065,10.1845,7.0875,2.90695,2.95203,2.21226,1.52036,7.23247,4.87524,1.91491,1.47601,2.66002,1.92041,1.47601,1.70641,0.879599,2.06642,0.617153,0.878023,1.77122,3.17333,1.3572,21.9926,13.4495,5.87418,20.1742,16.8985,4.25598,0.533365,0.477146,0.110791,0.508696,0.443458,0.118272,0.573913,0.347536,0.231447,0.191304,0.312866,0.195141,0.727273,0.664571,0.176763
P2606a3d161,169406,276_4346,276,4346,4,19,world,A,2011,2011-06-30,2011-07-10,8,249,18.6561,10,192,170,18.6783,0.680358,19.5984,13.9628,5.5381,8.19277,6.96907,3.32639,2.40964,2.2765,1.60615,5.78313,4.69256,2.26884,2.08835,2.54793,1.8548,1.28514,1.36418,0.869805,0.64257,0.642267,0.93216,3.05221,2.87201,1.41472,15.5823,14.0555,7.05949,24.0257,17.0082,4.58642,0.467218,0.486074,0.11285,0.433333,0.453588,0.118095,0.5,0.291718,0.211296,0.2,0.314934,0.203526,0.75,0.647068,0.216658
P26d2a90c5b,225698,256_6329,256,6329,3,18,continental,A,2016,2016-07-19,2016-07-23,5,84.8167,17.9059,1,94,77,17.8726,0.574362,16.0346,14.0057,5.76617,3.77284,8.21707,3.78513,1.41482,2.56444,1.7462,2.35803,5.65263,2.61089,2.82963,3.11392,2.20868,2.35803,1.77441,1.19438,0.471605,0.793203,0.99331,1.88642,3.21626,1.61855,15.0914,14.6071,8.18991,16.6571,18.7001,5.4949,0.542784,0.446887,0.113778,0.516667,0.406604,0.127223,0.766667,0.324753,0.239791,0.1,0.326277,0.210162,1,0.668448,0.188214
P26d2a90c5b,225698,276_10628,276,10628,4,19,world,A,2017,2017-07-01,2017-07-09,7,99.4333,18.8669,3,192,173,18.7401,0.66399,10.8615,13.572,5.43385,8.04559,7.69236,3.66261,2.81596,2.52264,1.93466,5.22963,5.16972,2.34584,6.83875,3.5206,2.17842,2.0114,1.62705,0.99426,0,0.496983,0.747174,3.21824,3.19164,1.50518,16.8957,14.0574,7.39114,15.5924,17.9216,4.88312,0.438882,0.455339,0.108314,0.413793,0.425426,0.112649,0.448276,0.338891,0.227597,0.137931,0.343196,0.196751,0.75,0.596167,0.211854
P26e74779f0,182002,276_4346,276,4346,4,19,world,A,2011,2011-06-30,2011-07-10,9,92,19.4035,5,192,170,18.6783,0.680358,16.087,13.9628,5.5381,3.91304,6.96907,3.32639,0.869565,2.2765,1.60615,3.04348,4.69256,2.26884,4.78261,2.54793,1.8548,0.434783,1.36418,0.869805,0.434783,0.642267,0.93216,3.04348,2.87201,1.41472,13.913,14.0555,7.05949,19.0609,17.0082,4.58642,0.502172,0.486074,0.11285,0.421875,0.453588,0.118095,0.21875,0.291718,0.211296,0.34375,0.314934,0.203526,0.909091,0.647068,0.216658
P272afc1b90,180411,249_3924,249,3924,3,17,world,A,2010,2010-07-02,2010-07-11,8,156,16.7888,1,144,123,17.0611,0.420802,30.2564,14.634,6.05534,14.8718,7.23158,3.56787,4.87179,2.36571,1.70469,10,4.86587,2.26597,3.58974,2.8592,2.15155,2.5641,1.87293,1.1407,1.28205,0.761711,1.11447,2.82051,3.58026,1.49053,41.7949,14.7809,8.47015,24.0513,18.1558,4.72464,0.71256,0.491637,0.10797,0.650794,0.45895,0.11802,0.0634921,0.327866,0.235277,0.714286,0.373086,0.229118,0.8,0.600608,0.200517
P277e56e049,298563,236_208420,236,208420,1,16,continental,B,2021,2021-08-16,2021-08-21,5,93.3333,16.3124,,334,265,16.0475,0.504163,5.57143,12.895,6.11806,8.14286,8.22153,3.99021,1.71429,2.55466,2.07093,6.42857,5.66687,2.67186,2.57143,2.8764,1.92694,0.857143,2.46595,1.73138,0,0.77053,1.05497,3,4.20742,2.26924,9,12.537,8.95239,10.2857,19.4582,5.58752,0.382353,0.416433,0.12656,0.382353,0.385679,0.130521,0.588235,0.324804,0.21472,0,0.332577,0.250497,,0.566583,0.223386
P277e56e049,298563,249_208300,249,208300,3,17,world,A,2022,2022-07-02,2022-07-10,7,144.033,17.1968,3,192,168,16.9494,0.502627,8.3314,13.9661,5.91865,7.22055,8.00354,3.81847,2.77713,2.52822,1.91795,4.44342,5.47531,2.5642,2.22171,3.08275,2.02068,2.49942,1.94293,1.17006,0,0.924849,1.14976,0.83314,3.15323,1.4463,10.2754,15.5163,8.33031,12.9192,17.916,5.19339,0.344669,0.466701,0.114119,0.35,0.443918,0.121251,0.375,0.333533,0.208066,0.2,0.246808,0.165743,0.25,0.600939,0.210643
P277e56e049,298563,263_208564,263,208564,3,18,continental,A,2023,2023-07-22,2023-07-30,7,158.067,18.2509,4,192,172,17.8257,0.512341,13.4121,14.3028,5.69381,7.84479,7.25277,3.03004,2.27752,2.26854,1.70528,5.56727,4.98423,2.08958,4.8081,3.04741,2.16666,1.51835,1.824,1.05533,0.506116,0.81112,1.10455,1.7714,3.31206,1.50867,19.7385,15.1091,7.1839,13.7663,17.7115,4.89973,0.559072,0.490444,0.111432,0.534884,0.459284,0.119468,0.372093,0.343031,0.214885,0.232558,0.347734,0.228821,0.7,0.63379,0.217634
P289650de8a,150819,261_3162,261,3162,1,18,continental,B,2005,2005-07-13,2005-07-24,9,178,17.9141,1,204,169,17.7696,0.620165,21.573,13.1349,5.30234,11.0112,7.30164,3.26915,5.39326,2.63075,1.7406,5.61798,4.67089,2.11278,0.449438,2.1127,1.31315,1.34831,1.95298,1.0397,4.04494,0.646139,1.00412,4.26966,3.68833,1.53741,25.3933,11.9779,6.86824,21.0247,18.1924,4.94149,0.643777,0.44747,0.10981,0.622642,0.414337,0.128318,0.0188679,0.297621,0.216453,0.924528,0.349863,0.235393,0.612245,0.599014,0.208376
P2a77fa93f7,318756,256_208444,256,208444,3,18,continental,A,2022,2022-06-06,2022-06-12,6,91.9333,17.6102,1,95,83,17.8268,0.545377,14.3582,14.2532,6.9182,5.65627,8.67583,3.35701,0.435098,2.84937,1.77982,5.22117,5.82646,2.24575,1.74039,2.81389,1.90932,1.74039,1.67302,0.9706,0.435098,1.1097,1.20579,1.30529,3.24748,1.4123,8.70196,15.5199,8.76482,20.467,18.6088,5.72837,0.374659,0.456186,0.127257,0.310811,0.42705,0.133365,0.351351,0.323764,0.203699,0.432432,0.290876,0.173337,0.625,0.64198,0.203715
P2ad4235514,204568,235_7608,235,7608,2,16,continental,A,2014,2014-08-20,2014-08-30,8,209,16.3207,7,192,178,16.1846,0.370405,15.6938,12.5028,5.21693,14.1627,6.96225,2.99749,4.01914,2.30535,1.67587,10.1435,4.6569,1.81358,2.87081,2.42548,1.61146,1.72249,1.93369,1.08889,2.29665,0.552882,0.710669,4.01914,3.5349,1.63269,21.6268,12.1635,7.20481,20.9148,17.1365,4.65544,0.464431,0.45362,0.105187,0.416667,0.424757,0.118064,0.152778,0.284335,0.206536,0.513889,0.295501,0.244575,0.594595,0.619749,0.207618
P2ad4235514,204568,263_9135,263,9135,3,18,continental,A,2015,2015-07-23,2015-08-02,9,200,17.2433,8,192,177,17.9662,0.519657,20.8,12.9828,5.3337,15.6,7.27259,3.08145,5.4,2.32106,1.75843,10.2,4.95154,1.861,2.6,2.86759,2.03248,3.2,1.81922,0.975622,1.4,0.648987,0.813504,5.6,3.05876,1.3906,23,13.6602,6.08357,27.968,16.9507,4.78429,0.46495,0.459152,0.101695,0.4375,0.431772,0.106165,0.395833,0.349507,0.205678,0.375,0.277712,0.163494,0.555556,0.615139,0.207628
P2ad4235514,204568,263_9860,263,9860,3,18,continental,A,2016,2016-12-16,2016-12-22,6,154.15,18.6342,4,187,153,18.2767,0.586155,22.8349,13.6139,5.38014,14.7908,7.20568,2.86897,3.37334,2.29364,1.62013,11.4175,4.91204,1.92612,5.44924,2.86705,1.87995,2.59488,1.70741,0.908815,2.59488,0.541701,0.682196,6.48719,3.18055,1.42469,32.4359,13.821,6.33323,24.589,17.4699,4.96346,0.630734,0.471086,0.106715,0.605263,0.436719,0.119665,0.368421,0.36281,0.217588,0.508772,0.297805,0.210876,0.655172,0.674394,0.191011
P2b19f4fd38,300423,249_208300,249,208300,3,17,world,A,2022,2022-07-02,2022-07-10,7,126.85,16.5972,2,192,168,16.9494,0.502627,13.8747,13.9661,5.91865,4.09933,8.00354,3.81847,0.630666,2.52822,1.91795,3.46866,5.47531,2.5642,7.88333,3.08275,2.02068,0.630666,1.94293,1.17006,0.945999,0.924849,1.14976,6.93733,3.15323,1.4463,10.7213,15.5163,8.33031,21.985,17.916,5.19339,0.461023,0.466701,0.114119,0.404762,0.443918,0.121251,0.380952,0.333533,0.208066,0.309524,0.246808,0.165743,0.769231,0.600939,0.210643
P2b19f4fd38,300423,276_208303,276,208303,4,19,world,A,2023,2023-06-24,2023-07-02,7,134.617,17.5746,1,192,171,18.7974,0.613254,12.777,14.5229,5.57383,4.4571,7.31327,3.5997,1.4857,2.26354,1.97353,2.9714,5.04973,2.36409,5.9428,3.39522,2.10822,3.56568,1.87556,1.05134,0,0.776271,1.07652,4.15996,3.03164,1.41202,11.2913,15.7805,7.34509,20.2174,17.7644,4.99257,0.397853,0.488426,0.11044,0.329787,0.45281,0.117257,0.297872,0.375743,0.229382,0.340426,0.333211,0.259769,0.75,0.671531,0.195633
P2bc89b6490,167497,256_3333,256,3333,3,18,continental,A,2008,2008-07-14,2008-07-18,5,85,18.4617,1,96,77,17.7347,0.643628,9.88235,14.7148,5.42816,5.64706,8.35717,3.97278,1.41176,2.8591,2.0267,4.23529,5.49807,2.52666,8.47059,2.75356,1.85568,3.29412,1.86936,1.05046,0.470588,1.01607,1.32938,7.05882,3.61421,1.65584,13.6471,14.9968,8.18143,17.92,19.2494,4.39093,0.454939,0.469203,0.129223,0.425,0.437811,0.141424,0.45,0.292826,0.217529,0.35,0.358231,0.272305,0.571429,0.62142,0.209939
P2bc89b6490,167497,276_3348,276,3348,4,19,world,A,2009,2009-07-02,2009-07-12,8,82,19.4446,5,191,165,18.7882,0.690657,17.0732,14.3984,5.52288,5.36585,7.57587,3.44111,1.46341,2.66725,1.77968,3.90244,4.90862,2.14002,7.31707,2.40801,1.76626,2.43902,1.70492,0.965813,0,0.872247,1.01133,7.31707,3.13329,1.42996,19.0244,15.1012,7.07592,19.8244,17.5241,4.72826,0.682527,0.495334,0.114029,0.652174,0.463656,0.116858,0.565217,0.308724,0.227753,0.26087,0.312474,0.190442,0.833333,0.642985,0.213702
P2d06a24aee,146682,235_3159,235,3159,2,16,continental,A,2004,2004-07-06,2004-07-15,8,182,15.8744,7,191,172,16.0382,0.503402,14.0659,13.0445,4.99259,9.67033,7.18159,3.70967,3.95604,2.50064,1.91185,5.71429,4.68094,2.19272,2.63736,2.22239,1.53452,2.85714,2.02348,1.18561,1.31868,0.792582,1.08733,2.41758,3.92453,1.51611,20.8791,12.3353,6.47362,14.7253,17.9154,4.56367,0.571429,0.462475,0.102934,0.6,0.436018,0.107925,0.0444444,0.248646,0.192745,0.555556,0.351582,0.22089,0.4,0.57227,0.203665
P2d06a24aee,146682,263_3163,263,3163,3,18,continental,A,2005,2005-07-13,2005-07-24,7,69,16.8984,4,191,165,17.9302,0.519728,7.53623,14.0589,5.34016,6.95652,7.16592,3.44355,0.57971,2.37732,1.73515,6.37681,4.78859,2.17947,2.89855,2.29674,1.53676,1.73913,1.77088,0.975643,0,0.485301,0.754804,7.53623,3.24538,1.49478,5.21739,14.194,6.5678,16.2783,17.0641,4.769,0.431034,0.503583,0.109458,0.416667,0.469928,0.1244,0.25,0.301113,0.218055,0.583333,0.391309,0.268723,0.428571,0.6348,0.196629
P2d06a24aee,146682,263_4068,263,4068,3,18,continental,A,2006,2006-07-18,2006-07-27,8,219,17.9059,3,192,161,17.9378,0.463248,21.0046,14.1964,5.48784,9.31507,7.01645,3.36385,2.37443,2.36669,1.82035,6.94064,4.64975,2.02662,1.27854,2.29341,1.38476,1.82648,1.73085,0.927802,1.82648,0.611494,0.863663,2.92237,3.22115,1.34554,21.9178,14.0597,6.31908,21.1507,17.3038,5.04807,0.576152,0.497884,0.0869021,0.55625,0.46465,0.104206,0.225,0.303888,0.207608,0.5625,0.383594,0.304429,0.577778,0.629446,0.183775
P2d06a24aee,146682,276_3299,276,3299,4,19,world,A,2007,2007-07-12,2007-07-22,9,279,18.8916,8,192,177,18.6772,0.861009,22.6523,15.0242,6.32287,11.0394,7.34207,3.43761,3.15412,2.58309,1.78912,7.8853,4.75898,2.24568,3.15412,2.48739,1.87525,2.00717,2.09591,1.22429,1.00358,0.576986,0.923846,3.15412,3.59835,1.49835,25.6631,14.939,7.42931,23.0882,18.3344,5.1284,0.568182,0.501247,0.112236,0.541322,0.471644,0.119445,0.297521,0.331902,0.236569,0.338843,0.386782,0.254493,0.658537,0.621503,0.199964
P2db6f2cc8f,267935,225_208099,225,208099,2,16,continental,A,2019,2019-06-03,2019-06-09,6,42.4667,15.5349,2,96,82,15.9931,0.362163,23.5479,14.0207,6.92005,7.53532,8.39512,3.96603,2.82575,3.00093,2.28479,4.70958,5.39419,2.36902,0.941915,3.10598,2.34284,1.88383,2.01293,1.26766,0,0.940448,1.11345,5.65149,3.27809,1.55109,14.1287,15.1855,8.63529,28.8603,18.825,5.93787,0.507305,0.442597,0.113342,0.477273,0.409751,0.124281,0.5,0.283453,0.207219,0.272727,0.290908,0.222077,0.666667,0.623001,0.223745
P2e890c30d2,167434,256_3333,256,3333,3,18,continental,A,2008,2008-07-14,2008-07-18,5,140,18.1961,2,96,77,17.7347,0.643628,19.1429,14.7148,5.42816,6.57143,8.35717,3.97278,1.42857,2.8591,2.0267,5.14286,5.49807,2.52666,7.14286,2.75356,1.85568,1.71429,1.86936,1.05046,0.857143,1.01607,1.32938,4.57143,3.61421,1.65584,21.4286,14.9968,8.18143,21.8857,19.2494,4.39093,0.552805,0.469203,0.129223,0.527778,0.437811,0.141424,0.296296,0.292826,0.217529,0.277778,0.358231,0.272305,0.666667,0.62142,0.209939
P2f15d5867f,143236,235_2683,235,2683,2,16,continental,A,2003,2003-07-18,2003-07-27,8,187,16.2221,3,405,303,16.1675,0.435103,17.754,14.3213,5.97132,8.12834,7.40167,3.65685,2.99465,2.67084,1.90321,5.13369,4.73083,2.35351,1.49733,1.76462,1.52432,1.49733,2.49009,1.47624,1.49733,0.66082,0.913343,5.34759,3.82059,1.8471,15.4011,13.5089,7.26163,21.938,18.656,6.48963,0.53507,0.480649,0.113238,0.5,0.448682,0.120361,0.298507,0.251575,0.197293,0.358209,0.390381,0.264839,0.666667,0.621916,0.19133
P2f15d5867f,143236,263_2703,263,2703,3,18,continental,A,2004,2003-07-30,2004-07-18,17,302,17.1995,6,493,386,17.9197,0.574968,12.3179,13.9298,5.58557,6.62252,6.69318,3.18094,1.45695,2.34716,1.63659,5.16556,4.34602,1.99629,2.78146,2.20858,1.78794,1.45695,2.4645,1.29161,0.927152,0.660544,0.907576,3.44371,3.70521,1.86017,13.3775,13.3501,7.66077,15.5285,17.9913,4.82067,0.509645,0.480562,0.114943,0.481707,0.44764,0.122844,0.439024,0.292519,0.224662,0.256098,0.361925,0.24503,0.666667,0.622708,0.195562
P2f15d5867f,143236,263_3163,263,3163,3,18,continental,A,2005,2005-07-13,2005-07-24,8,265,18.2153,5,191,165,17.9302,0.519728,19.6226,14.0589,5.34016,9.0566,7.16592,3.44355,2.86792,2.37732,1.73515,6.18868,4.78859,2.17947,2.86792,2.29674,1.53676,2.56604,1.77088,0.975643,0.301887,0.485301,0.754804,3.62264,3.24538,1.49478,22.1887,14.194,6.5678,19.683,17.0641,4.769,0.610902,0.503583,0.109458,0.565934,0.469928,0.1244,0.538462,0.301113,0.218055,0.384615,0.391309,0.268723,0.771429,0.6348,0.196629
P2f61c21e93,217272,276_10628,276,10628,4,19,world,A,2017,2017-07-01,2017-07-09,7,139.233,17.8539,3,192,173,18.7401,0.66399,21.5466,13.572,5.43385,8.61863,7.69236,3.66261,2.2983,2.52264,1.93466,6.32033,5.16972,2.34584,6.32033,3.5206,2.17842,3.44745,1.62705,0.99426,0.861863,0.496983,0.747174,2.2983,3.19164,1.50518,31.6016,14.0574,7.39114,17.1108,17.9216,4.88312,0.727308,0.455339,0.108314,0.670732,0.425426,0.112649,0.585366,0.338891,0.227597,0.585366,0.343196,0.196751,0.833333,0.596167,0.211854
P3022e1c032,150846,261_3162,261,3162,1,18,continental,B,2005,2005-07-13,2005-07-24,4,120,17.769,14,204,169,17.7696,0.620165,13,13.1349,5.30234,4.66667,7.30164,3.26915,1,2.63075,1.7406,3.66667,4.67089,2.11278,2.33333,2.1127,1.31315,3,1.95298,1.0397,0.666667,0.646139,1.00412,4,3.68833,1.53741,8,11.9779,6.86824,20.3733,18.1924,4.94149,0.396987,0.44747,0.10981,0.294872,0.414337,0.128318,0.153846,0.297621,0.216453,0.589744,0.349863,0.235393,0.695652,0.599014,0.208376
P30aaba02d5,211967,235_9179,235,9179,2,16,continental,A,2015,2015-08-06,2015-08-16,9,155,15.335,8,180,164,16.1589,0.414338,8.77419,12.4324,5.68268,12.9032,7.6053,3.2469,3.6129,2.34261,1.69662,9.29032,5.26269,2.08949,1.54839,2.72723,1.69989,1.80645,1.84902,1.01899,1.54839,0.801164,1.0368,5.41935,3.4073,1.56407,13.9355,12.5675,6.84732,16.6194,17.5852,5.46185,0.391705,0.430085,0.106806,0.333333,0.400494,0.116028,0,0.311668,0.216082,0.25641,0.296641,0.190597,0.8,0.599277,0.203394
P30aaba02d5,211967,235_9787,235,9787,2,16,continental,A,2016,2016-08-12,2016-08-20,1,5.41667,16.348,10,191,173,16.1457,0.420344,29.5385,12.4223,5.36658,14.7692,7.63886,3.3466,0,2.50181,1.73348,14.7692,5.13705,2.20689,0,3.03633,1.84191,0,1.91039,1.13716,0,0.56896,0.698163,7.38462,3.51147,1.64437,36.9231,12.8073,6.51682,22.1538,17.4496,4.68556,1,0.434022,0.108047,1,0.398813,0.121741,0,0.333399,0.230491,0,0.330671,0.215729,,0.615144,0.20155
P30aaba02d5,211967,263_10443,263,10443,3,18,continental,A,2017,2017-07-29,2017-08-06,7,96.55,17.309,1,191,167,17.9336,0.547866,15.3288,13.1232,5.109,9.94303,7.05195,2.93316,2.90005,2.3546,1.60915,7.04298,4.69734,1.93146,0,2.68829,1.93294,2.48576,1.82757,1.11905,1.65717,0.621379,0.832275,1.24288,3.21792,1.5076,20.7147,13.6782,6.52972,15.0803,16.8056,4.60607,0.553892,0.478101,0.12281,0.551724,0.437804,0.135947,0,0.324875,0.21689,0.344828,0.34248,0.28942,0.5,0.674212,0.18909
P30aaba02d5,211967,263_205004,263,205004,3,18,continental,A,2018,2018-07-28,2018-08-05,7,191.583,18.3056,1,192,166,17.9484,0.486734,30.6916,14.4064,5.75558,12.736,6.90142,3.12552,4.80209,2.19489,1.66122,7.93388,4.70653,2.01962,4.5933,3.24095,2.01549,1.46151,1.5968,1.10658,1.87908,0.554635,0.653217,4.38452,2.86449,1.42016,37.5816,15.5605,7.10936,27.635,16.8438,5.05633,0.660022,0.515968,0.114823,0.608696,0.487073,0.116125,0.0108696,0.330749,0.2175,0.478261,0.31321,0.220466,0.795455,0.663277,0.18489
P30aaba02d5,211967,276_208102,276,208102,4,19,world,A,2019,2019-06-29,2019-07-07,7,180.167,19.2256,7,192,168,18.6475,0.728834,29.9722,14.9774,5.89675,15.7632,7.59112,3.57536,4.88437,2.50232,1.90133,10.8788,5.0888,2.25154,3.9963,3.76513,2.367,2.44218,1.8283,1.12827,3.10823,0.752157,0.973827,4.44033,3.17443,1.35909,41.9611,16.2674,7.67017,25.9493,18.4721,5.13993,0.696738,0.484167,0.109451,0.662162,0.454807,0.11544,0.0135135,0.359548,0.228901,0.702703,0.311439,0.241065,0.711538,0.660183,0.20512
P31b4a243f7,167428,256_3333,256,3333,3,18,continental,A,2008,2008-07-14,2008-07-18,5,61,18.3714,2,96,77,17.7347,0.643628,16.3934,14.7148,5.42816,19.6721,8.35717,3.97278,5.90164,2.8591,2.0267,13.7705,5.49807,2.52666,3.93443,2.75356,1.85568,1.96721,1.86936,1.05046,3.93443,1.01607,1.32938,4.59016,3.61421,1.65584,31.4754,14.9968,8.18143,20.8787,19.2494,4.39093,0.503221,0.469203,0.129223,0.4,0.437811,0.141424,0.2,0.292826,0.217529,0.55,0.358231,0.272305,0.818182,0.62142,0.209939
P31e153a014,195966,256_5945,256,5945,3,18,continental,A,2012,2012-06-16,2012-06-20,5,102,18.4508,1,96,80,17.9007,0.472012,27.451,14.2097,6.14818,10.9804,7.7057,3.36499,5.09804,2.6725,1.7711,5.88235,5.0332,2.3477,1.96078,2.47597,2.11325,1.56863,1.65812,1.22673,0.392157,0.702188,0.969721,1.96078,3.18262,1.66406,30.9804,13.6619,8.50932,22.7137,18.4581,5.47669,0.661376,0.462358,0.129545,0.688889,0.429614,0.138616,0.0444444,0.263251,0.200682,0.4,0.403774,0.24661,0.444444,0.570351,0.204803
P31e153a014,195966,276_7488,276,7488,4,19,world,A,2013,2013-06-27,2013-07-07,9,113.567,19.4966,1,190,163,18.6423,0.696247,22.894,13.7502,5.42509,14.4409,7.333,3.37317,6.6921,2.38567,1.71678,7.74875,4.94733,2.1867,0.352216,2.21367,1.7035,2.1133,1.54796,0.991925,0.352216,0.727447,1.05025,2.46551,3.00673,1.31394,28.1773,13.6671,7.8175,21.4147,17.2721,4.36533,0.604089,0.477564,0.117473,0.6,0.446105,0.124661,0,0.299706,0.235645,0.444444,0.319875,0.182303,0.55,0.62505,0.182817
P32fecc73d2,320237,235_208468,235,208468,2,16,continental,A,2022,2022-08-12,2022-08-20,7,195.017,15.6718,3,192,170,16.1669,0.389925,18.6651,13.4344,6.24342,8.20443,7.27988,3.50314,4.92266,2.26579,1.80955,3.28177,5.01409,2.38799,1.846,2.8975,1.70523,3.07666,2.05119,1.18652,0.820443,0.65318,0.839245,2.66644,3.60472,1.65091,18.2549,13.2768,7.50197,21.0197,18.17,5.54653,0.508494,0.452821,0.107401,0.478873,0.419064,0.113893,0.15493,0.350441,0.208911,0.591549,0.337299,0.221067,0.547619,0.600701,0.196135
P32fecc73d2,320237,263_208564,263,208564,3,18,continental,A,2023,2023-07-22,2023-07-30,7,119.033,16.6136,4,192,172,17.8257,0.512341,24.867,14.3028,5.69381,10.0812,7.25277,3.03004,2.68832,2.26854,1.70528,7.39289,4.98423,2.08958,2.35228,3.04741,2.16666,2.68832,1.824,1.05533,0.33604,0.81112,1.10455,0.672081,3.31206,1.50867,30.2436,15.1091,7.1839,21.1033,17.7115,4.89973,0.608553,0.490444,0.111432,0.567308,0.459284,0.119468,0.0961538,0.343031,0.214885,0.384615,0.347734,0.228821,0.75,0.63379,0.217634
P337ea84d5c,167420,256_3333,256,3333,3,18,continental,A,2008,2008-07-14,2008-07-18,5,62,18.5411,2,96,77,17.7347,0.643628,16.7742,14.7148,5.42816,7.74194,8.35717,3.97278,3.22581,2.8591,2.0267,4.51613,5.49807,2.52666,1.29032,2.75356,1.85568,1.93548,1.86936,1.05046,0,1.01607,1.32938,2.58065,3.61421,1.65584,12.2581,14.9968,8.18143,21.7032,19.2494,4.39093,0.438596,0.469203,0.129223,0.425926,0.437811,0.141424,0.62963,0.292826,0.217529,0.222222,0.358231,0.272305,0.5,0.62142,0.209939
P35e592001a,225692,256_6329,256,6329,3,18,continental,A,2016,2016-07-19,2016-07-23,5,69.4167,18.1989,1,94,77,17.8726,0.574362,20.1681,14.0057,5.76617,19.0156,8.21707,3.78513,6.33854,2.56444,1.7462,12.6771,5.65263,2.61089,2.30492,3.11392,2.20868,0.57623,1.77441,1.19438,3.45738,0.793203,0.99331,1.72869,3.21626,1.61855,34.5738,14.6071,8.18991,19.3613,18.7001,5.4949,0.571895,0.446887,0.113778,0.5,0.406604,0.127223,0,0.324753,0.239791,0.625,0.326277,0.210162,0.733333,0.668448,0.188214
P360c31499c,174205,233_5375,233,5375,1,16,continental,B,2009,2009-08-06,2009-08-16,6,168,15.2474,18,214,190,16.0698,0.489641,17.381,13.3835,5.41169,11.6667,6.88411,2.87034,4.7619,2.21319,1.42089,6.90476,4.67092,1.95517,0.47619,2.33554,1.56064,1.66667,1.98975,1.16232,2.85714,0.482845,0.830096,3.80952,3.90886,1.61214,21.4286,12.5002,6.55852,19.6857,17.7598,4.83942,0.547391,0.477212,0.106897,0.54386,0.455676,0.119559,0,0.304598,0.222431,0.385965,0.309729,0.23121,0.5,0.582149,0.227042
P360c31499c,174205,233_5819,233,5819,1,16,continental,B,2010,2010-08-05,2010-08-15,8,285,16.244,7,238,210,16.097,0.435745,22.8772,12.2343,5.25306,18.1053,7.1091,3.29315,5.89474,2.4451,1.74307,12.2105,4.664,2.16508,1.12281,1.82339,1.36555,2.10526,1.92431,1.09671,3.22807,0.528665,0.920587,4.35088,3.65945,1.50781,31.4386,11.3645,7.16529,24.5614,17.0059,4.37502,0.565972,0.450731,0.113028,0.536036,0.41927,0.118225,0.0990991,0.304894,0.23473,0.675676,0.301542,0.194209,0.586667,0.618571,0.202801
P360c31499c,174205,261_6168,261,6168,1,18,continental,B,2011,2011-07-21,2011-07-31,7,211,17.2023,13,215,200,17.8142,0.527728,20.8531,12.2101,5.12301,20.8531,7.75668,3.71345,8.34123,2.58318,1.83172,12.5118,5.1735,2.37522,2.46445,2.58821,1.83526,2.46445,2.08531,1.21787,3.22275,0.682121,0.966119,4.73934,3.93508,1.54554,32.7962,12.2869,7.26354,25.327,17.757,4.51294,0.506446,0.438566,0.119312,0.483516,0.411887,0.128168,0.043956,0.306656,0.222389,0.43956,0.285022,0.181524,0.55,0.580406,0.230113
P3651ab0a99,317420,249_208300,249,208300,3,17,world,A,2022,2022-07-02,2022-07-10,7,175.3,16.9942,5,192,168,16.9494,0.502627,20.9926,13.9661,5.91865,8.67085,8.00354,3.81847,2.05362,2.52822,1.91795,6.61723,5.47531,2.5642,2.05362,3.08275,2.02068,1.59726,1.94293,1.17006,1.82544,0.924849,1.14976,3.87906,3.15323,1.4463,21.2208,15.5163,8.33031,22.3343,17.916,5.19339,0.568744,0.466701,0.114119,0.543478,0.443918,0.121251,0.217391,0.333533,0.208066,0.391304,0.246808,0.165743,0.62963,0.600939,0.210643
P3651ab0a99,317420,263_208564,263,208564,3,18,continental,A,2023,2023-07-22,2023-07-30,7,165.867,18.0483,1,192,172,17.8257,0.512341,23.8746,14.3028,5.69381,11.8167,7.25277,3.03004,4.09968,2.26854,1.70528,7.71704,4.98423,2.08958,2.89389,3.04741,2.16666,1.6881,1.824,1.05533,1.6881,0.81112,1.10455,1.20579,3.31206,1.50867,29.1801,15.1091,7.1839,22.2444,17.7115,4.89973,0.5674,0.490444,0.111432,0.477612,0.459284,0.119468,0.313433,0.343031,0.214885,0.686567,0.347734,0.228821,0.76087,0.63379,0.217634
P3692b72eac,217274,225_6317,225,6317,2,16,continental,A,2015,2015-06-10,2015-06-14,5,99.95,16.0304,1,96,76,15.9694,0.407262,13.6068,14.7693,6.26719,8.4042,8.53476,3.76471,1.6008,2.9486,2.24031,6.8034,5.58616,2.15006,2.8014,2.09465,1.50202,3.6018,2.50154,1.41135,0,0.893561,0.993397,3.6018,4.41027,1.88902,13.2066,13.4914,8.83541,19.7699,20.8471,5.51312,0.420792,0.444418,0.119795,0.375,0.404728,0.129254,0.638889,0.266055,0.196672,0.277778,0.400436,0.26658,0.7,0.614647,0.192868
P3692b72eac,217274,249_9678,249,9678,3,17,world,A,2016,2016-06-23,2016-07-03,7,135.817,17.0845,1,191,171,16.9215,0.517517,11.1916,13.9298,6.67868,6.18481,8.20946,4.09228,1.76709,2.77559,2.1245,4.41772,5.43387,2.64062,7.06835,2.6531,1.83642,2.0616,1.85697,1.24533,0.589029,0.669885,0.963228,2.0616,3.64504,1.46955,15.9038,13.7052,8.47552,15.303,18.8523,5.48244,0.422598,0.446186,0.125912,0.402439,0.416886,0.129648,0.487805,0.303263,0.224477,0.219512,0.349537,0.221993,0.555556,0.59047,0.214261
P36a4ba5e62,318750,256_208444,256,208444,3,18,continental,A,2022,2022-06-06,2022-06-12,6,117.133,18.3056,1,95,83,17.8268,0.545377,21.8554,14.2532,6.9182,7.51281,8.67583,3.35701,2.04895,2.84937,1.77982,5.46386,5.82646,2.24575,7.8543,2.81389,1.90932,3.7564,1.67302,0.9706,1.02447,1.1097,1.20579,2.73193,3.24748,1.4123,28.6853,15.5199,8.76482,22.1833,18.6088,5.72837,0.561798,0.456186,0.127257,0.537736,0.42705,0.133365,0.377358,0.323764,0.203699,0.169811,0.290876,0.173337,0.777778,0.64198,0.203715
P36a4ba5e62,318750,276_208303,276,208303,4,19,world,A,2023,2023-06-24,2023-07-02,7,125.75,19.3597,4,192,171,18.7974,0.613254,27.674,14.5229,5.57383,3.8171,7.31327,3.5997,1.59046,2.26354,1.97353,2.22664,5.04973,2.36409,5.72565,3.39522,2.10822,4.13519,1.87556,1.05134,0.318091,0.776271,1.07652,1.90855,3.03164,1.41202,27.674,15.7805,7.34509,26.707,17.7644,4.99257,0.557978,0.488426,0.11044,0.428571,0.45281,0.117257,0.253968,0.375743,0.229382,0.539683,0.333211,0.259769,0.970588,0.671531,0.195633
P36ce80df8e,366738,256_208738,256,208738,3,18,continental,A,2024,2024-06-03,2024-06-09,6,145.1,17.5637,1,96,83,17.7685,0.612958,29.4969,14.6777,5.98858,7.71881,8.53977,4.51507,3.58374,2.77862,2.02871,4.13508,5.76115,3.00848,6.61613,3.42482,2.49957,1.37836,1.86201,1.40334,0,0.986743,1.35054,3.03239,3.02284,1.40321,27.8429,16.8183,9.2143,30.0262,18.5121,4.90346,0.546364,0.466764,0.103093,0.516667,0.429816,0.106833,0.322222,0.328495,0.21637,0.2,0.308035,0.194316,0.777778,0.681645,0.186835
P379ec45447,211930,235_7608,235,7608,2,16,continental,A,2014,2014-08-20,2014-08-30,9,227,16.5643,2,192,178,16.1846,0.370405,21.3216,12.5028,5.21693,9.33921,6.96225,2.99749,2.64317,2.30535,1.67587,6.69604,4.6569,1.81358,2.99559,2.42548,1.61146,2.29075,1.93369,1.08889,1.76211,0.552882,0.710669,5.11013,3.5349,1.63269,17.9736,12.1635,7.20481,27.3551,17.1365,4.65544,0.479246,0.45362,0.105187,0.424528,0.424757,0.118064,0.5,0.284335,0.206536,0.433962,0.295501,0.244575,0.673913,0.619749,0.207618
P38145d33eb,151603,233_3173,233,3173,1,16,continental,B,2005,2005-07-29,2005-08-09,9,204,16.0934,1,213,183,16.0795,0.469724,11.3725,12.856,5.24476,16.8627,8.23237,3.98822,8.43137,3.06088,1.95031,8.43137,5.17149,2.58862,1.37255,1.07024,0.957928,3.13725,2.22035,1.32631,1.37255,0.668422,1.0218,2.94118,4.04177,1.79372,21.9608,11.2131,7.39604,16.6275,18.7005,5.27689,0.415473,0.434615,0.0982785,0.393443,0.408762,0.106365,0.0163934,0.262415,0.204851,0.327869,0.320575,0.209024,0.5,0.5625,0.188512
P38145d33eb,151603,263_4068,263,4068,3,18,continental,A,2006,2006-07-18,2006-07-27,8,218,17.0572,13,192,161,17.9378,0.463248,10.8257,14.1964,5.48784,7.52294,7.01645,3.36385,2.20183,2.36669,1.82035,5.3211,4.64975,2.02662,0.917431,2.29341,1.38476,1.83486,1.73085,0.927802,1.65138,0.611494,0.863663,2.38532,3.22115,1.34554,12.844,14.0597,6.31908,14.011,17.3038,5.04807,0.465593,0.497884,0.0869021,0.472727,0.46465,0.104206,0.0181818,0.303888,0.207608,0.345455,0.383594,0.304429,0.368421,0.629446,0.183775
P38145d33eb,151603,263_4627,263,4627,3,18,continental,A,2007,2007-08-03,2007-08-12,8,197,18.1003,9,192,160,17.9746,0.494652,21.1168,13.825,5.5091,5.48223,6.84425,3.21748,2.03046,2.17524,1.51025,3.45178,4.66901,2.22325,1.01523,1.73823,1.41414,1.82741,1.78942,1.0756,1.01523,0.543883,0.753666,3.04569,3.22704,1.55184,18.0711,12.8963,7.3889,21.799,17.235,4.66647,0.563014,0.491426,0.111663,0.541667,0.458165,0.120228,0.0952381,0.31971,0.214534,0.22619,0.340492,0.186352,0.684211,0.644047,0.191618
P388cb0d5da,251329,256_6366,256,6366,3,18,continental,A,2018,2018-06-10,2018-06-16,6,128.133,18.0866,1,96,77,17.828,0.525502,26.847,15.5566,6.39686,4.05827,7.77187,3.98199,0.936524,2.65775,2.03709,3.12175,5.11411,2.64736,7.80437,3.78512,2.52326,2.18522,1.61263,0.882308,0.936524,0.880985,1.00481,4.9948,2.9353,1.21748,26.5349,17.4064,9.44377,26.8595,18.4751,4.87942,0.613935,0.491529,0.127491,0.571429,0.463231,0.128982,0.365079,0.303395,0.213193,0.253968,0.260848,0.177817,0.875,0.684055,0.226582
P38d9dee28f,133270,263_81,263,81,2,18,continental,A,2000,1999-08-01,1999-08-29,5,123,17.3693,,344,267,17.1263,0.461456,17.8862,13.5921,6.3326,6.17886,6.13672,3.28293,1.62602,2.1635,1.59112,4.55285,3.97322,2.21008,4.55285,1.78516,1.62866,5.20325,2.5728,1.69257,0,0,0,3.57724,3.80672,1.78269,22.1138,11.5878,7.71907,20.1236,17.7162,5.89145,0.540487,0.481392,0.130991,0.55,0.4488,0.142241,0.16,0.249945,0.220137,0.04,0.409068,0.287457,0,0.599967,0.22869
P38d9dee28f,133270,263_80,263,80,2,18,continental,A,2000,2000-04-11,2000-04-15,5,125,17.999,,215,168,17.5783,0.581802,18.56,13.4831,5.27421,8.64,5.87885,2.98016,4.16,1.90656,1.51803,4.48,3.97229,2.00827,4.8,2.23682,2.06598,1.28,1.49398,1.03332,0,0,0,3.84,3.05999,1.33843,19.52,12.2629,6.76656,21.1328,16.0676,4.41158,0.53664,0.515473,0.1163,0.521277,0.472136,0.129376,0.234043,0.274626,0.211591,0.340426,0.484045,0.37211,0.5625,0.654786,0.20688
P38d9dee28f,133270,263_1927,263,1927,3,18,continental,A,2000,2000-07-14,2000-07-23,8,218,18.2701,1,143,124,17.8597,0.588259,9.90826,13.5344,4.99944,5.87156,5.13608,2.75372,1.65138,1.69152,1.36508,4.22018,3.44457,1.71182,2.56881,1.67128,1.17559,2.75229,2.27105,1.16485,0.183486,0.0760381,0.197735,3.48624,3.01777,1.28522,12.6606,12.4378,5.59886,12.8294,15.5847,4.40578,0.530244,0.537884,0.114907,0.488372,0.494632,0.124484,0.116279,0.27518,0.210868,0.418605,0.450926,0.262913,0.666667,0.691974,0.170709
P396ba96b58,251502,256_6366,256,6366,3,18,continental,A,2018,2018-06-10,2018-06-16,6,69.15,18.3139,1,96,77,17.828,0.525502,23.7166,15.5566,6.39686,12.1475,7.77187,3.98199,5.20607,2.65775,2.03709,6.94143,5.11411,2.64736,2.89226,3.78512,2.52326,1.15691,1.61263,0.882308,4.04917,0.880985,1.00481,1.73536,2.9353,1.21748,38.7563,17.4064,9.44377,15.9884,18.4751,4.87942,0.831981,0.491529,0.127491,0.863636,0.463231,0.128982,0,0.303395,0.213193,0.272727,0.260848,0.177817,0.5,0.684055,0.226582
P3997afa4f2,175506,235_5374,235,5374,2,16,continental,A,2009,2009-08-06,2009-08-16,9,266,15.3569,6,192,171,16.1371,0.421519,15.3383,12.9236,5.3337,11.2782,7.21701,2.71056,4.21053,2.36736,1.48131,7.06767,4.84964,1.81661,3.60902,2.41947,1.68763,1.95489,1.95467,1.06567,0.300752,0.730222,0.923357,5.86466,3.65319,1.71435,16.0902,12.8214,6.63318,22.2556,17.4985,4.53206,0.46789,0.458325,0.117592,0.385057,0.427432,0.123945,0.183908,0.306338,0.21002,0.574713,0.295554,0.185024,0.7,0.62549,0.213007
P3997afa4f2,175506,263_5831,263,5831,3,18,continental,A,2010,2010-07-22,2010-08-01,9,261,16.3152,5,192,171,17.9486,0.515214,17.6245,13.1391,4.8065,7.50958,7.0875,2.90695,1.0728,2.21226,1.52036,6.43678,4.87524,1.91491,3.21839,2.66002,1.92041,1.99234,1.70641,0.879599,0.91954,0.617153,0.878023,4.13793,3.17333,1.3572,19.7701,13.4495,5.87418,18.6421,16.8985,4.25598,0.607566,0.477146,0.110791,0.580247,0.443458,0.118272,0.234568,0.347536,0.231447,0.382716,0.312866,0.195141,0.677419,0.664571,0.176763
P3997afa4f2,175506,235_5815,235,5815,2,16,continental,A,2010,2010-08-05,2010-08-15,8,306,16.3535,1,192,175,16.1841,0.37593,25.3595,11.8121,4.62055,12.0261,6.80615,2.82632,2.61438,2.2263,1.50642,9.41176,4.57985,1.86826,6.01307,2.06109,1.51244,2.0915,1.69459,0.965717,1.43791,0.437703,0.666645,6.27451,3.25853,1.54089,29.0196,11.2208,6.2424,28.1307,16.0983,4.17211,0.580144,0.45471,0.10913,0.531469,0.426203,0.115971,0.356643,0.332073,0.220237,0.384615,0.315218,0.198474,0.763636,0.591517,0.206232
P3997afa4f2,175506,276_4346,276,4346,4,19,world,A,2011,2011-06-30,2011-07-10,8,290,17.2543,8,192,170,18.6783,0.680358,20,13.9628,5.5381,11.1724,6.96907,3.32639,2.48276,2.2765,1.60615,8.68966,4.69256,2.26884,3.72414,2.54793,1.8548,1.24138,1.36418,0.869805,1.10345,0.642267,0.93216,3.72414,2.87201,1.41472,23.8621,14.0555,7.05949,21.5393,17.0082,4.58642,0.561319,0.486074,0.11285,0.540179,0.453588,0.118095,0.116071,0.291718,0.211296,0.348214,0.314934,0.203526,0.615385,0.647068,0.216658
P3997afa4f2,175506,263_6841,263,6841,3,18,continental,A,2012,2012-08-09,2012-08-19,8,269,18.3659,1,192,173,18.0077,0.501748,30.4833,13.0795,4.9437,12.0446,6.75668,3.21883,3.56877,2.28163,1.74982,8.47584,4.47505,1.98629,3.86617,2.21655,1.59492,2.08178,1.543,0.814065,1.93309,0.529302,0.784632,4.90706,2.93814,1.32882,31.5242,12.8742,5.87101,31.6015,16.4465,4.58644,0.570967,0.481624,0.100837,0.529221,0.444958,0.113577,0.253247,0.298548,0.215888,0.376623,0.326779,0.221842,0.724138,0.670099,0.189384
P3997afa4f2,175506,276_7488,276,7488,4,19,world,A,2013,2013-06-27,2013-07-07,9,297.233,19.2475,8,190,163,18.6423,0.696247,24.6271,13.7502,5.42509,13.592,7.333,3.37317,3.76808,2.38567,1.71678,9.82393,4.94733,2.1867,5.92127,2.21367,1.7035,1.0766,1.54796,0.991925,1.61489,0.727447,1.05025,5.7867,3.00673,1.31394,30.0101,13.6671,7.8175,27.1894,17.2721,4.36533,0.575327,0.477564,0.117473,0.507692,0.446105,0.124661,0.223077,0.299706,0.235645,0.507692,0.319875,0.182303,0.772727,0.62505,0.182817
P3a3a5bbbef,267741,225_208099,225,208099,2,16,continental,A,2019,2019-06-03,2019-06-09,6,110.45,15.5568,1,96,82,15.9931,0.362163,22.4536,14.0207,6.92005,17.7456,8.39512,3.96603,10.5025,3.00093,2.28479,7.2431,5.39419,2.36902,3.62155,3.10598,2.34284,0.72431,2.01293,1.26766,4.34586,0.940448,1.11345,1.08646,3.27809,1.55109,40.1992,15.1855,8.63529,19.2666,18.825,5.93787,0.61753,0.442597,0.113342,0.625,0.409751,0.124281,0,0.283453,0.207219,0.104167,0.290908,0.222077,0.4,0.623001,0.223745
P3bad279cb0,133271,263_80,263,80,2,18,continental,A,2000,2000-04-11,2000-04-15,3,31,17.6294,,215,168,17.5783,0.581802,18.0645,13.4831,5.27421,23.2258,5.87885,2.98016,12.9032,1.90656,1.51803,10.3226,3.97229,2.00827,0,2.23682,2.06598,0,1.49398,1.03332,0,0,0,7.74194,3.05999,1.33843,19.3548,12.2629,6.76656,29.3677,16.0676,4.41158,0.417661,0.515473,0.1163,0.4,0.472136,0.129376,0.266667,0.274626,0.211591,0.266667,0.484045,0.37211,0.5,0.654786,0.20688
P3bad279cb0,133271,263_1927,263,1927,3,18,continental,A,2000,2000-07-14,2000-07-23,7,145,17.9004,1,143,124,17.8597,0.588259,13.2414,13.5344,4.99944,6.89655,5.13608,2.75372,3.31034,1.69152,1.36508,3.58621,3.44457,1.71182,0.827586,1.67128,1.17559,1.37931,2.27105,1.16485,0,0.0760381,0.197735,1.93103,3.01777,1.28522,12.4138,12.4378,5.59886,15.3269,15.5847,4.40578,0.494234,0.537884,0.114907,0.394737,0.494632,0.124484,0,0.27518,0.210868,0.631579,0.450926,0.262913,0.75,0.691974,0.170709
P3bedf956bf,298073,276_208299,276,208299,4,19,world,A,2021,2021-07-03,2021-07-11,7,122.75,18.6205,1,192,174,18.756,0.680857,10.4277,14.2694,5.44901,9.4501,7.50804,3.46178,4.23625,2.4377,1.71746,5.21385,5.07034,2.26855,2.28106,3.52297,2.42781,3.91039,1.75459,1.14154,0.325866,0.807696,1.25902,2.93279,3.09985,1.702,15.9674,15.501,7.77007,13.921,17.9679,4.68488,0.474496,0.474649,0.110084,0.428571,0.443733,0.117723,0.428571,0.362644,0.218583,0.464286,0.286997,0.170106,0.615385,0.673577,0.213074
P3bfc12237e,215335,233_9197,233,9197,1,16,continental,B,2015,2015-08-06,2015-08-16,9,164,15.1571,16,288,273,16.0536,0.488866,15.122,12.0954,5.03711,6.09756,7.70108,3.22868,0.731707,2.43602,1.57291,5.36585,5.26506,2.1845,2.68293,2.49267,1.59112,2.43902,2.13798,1.12466,0.97561,0.580551,0.751719,6.34146,3.82628,1.80152,12.439,11.7523,6.21852,21.1512,17.7938,5.05444,0.51054,0.427732,0.1052,0.463636,0.399592,0.117268,0.309091,0.307242,0.208161,0.236364,0.318204,0.222891,0.846154,0.568206,0.189089
P3bfc12237e,215335,233_9804,233,9804,1,16,continental,B,2016,2016-08-11,2016-08-20,8,221.25,16.1701,,287,267,16.1037,0.427588,18.4407,12.064,5.65741,6.87006,7.81411,3.71903,1.08475,2.58478,1.81238,5.78531,5.22932,2.45837,5.24294,2.5716,1.74122,2.71186,2.01788,1.12597,0.361582,0.609338,0.949969,4.15819,3.94729,1.72266,20.4294,11.7278,7.63998,20.3788,17.9303,5.48324,0.568435,0.422784,0.11848,0.547619,0.394912,0.125184,0.52381,0.30756,0.227045,0.154762,0.295547,0.188537,0.769231,0.572303,0.212881
P3bfc12237e,215335,261_10460,261,10460,1,18,continental,B,2017,2017-07-28,2017-08-06,7,166.167,17.1311,13,284,256,17.8331,0.551024,20.7021,13.3665,5.26221,8.666,7.38777,3.25951,0.722166,2.4701,1.78299,7.94383,4.91767,2.07005,5.05517,2.94737,1.72896,1.68506,2.00735,1.03898,1.68506,0.531951,0.767571,3.12939,3.64879,1.46803,24.7944,13.7604,6.78308,20.1629,17.7296,4.87422,0.607688,0.467221,0.102887,0.586207,0.438655,0.110364,0.5,0.331545,0.221389,0.5,0.278335,0.193691,0.62069,0.631158,0.222821
P3bfc12237e,215335,261_200005,261,200005,1,18,continental,B,2018,2018-07-27,2018-08-05,6,113.617,18.1277,5,288,260,17.8931,0.518671,23.236,13.7131,5.71917,5.28092,7.17957,3.20894,1.40824,2.21864,1.53702,3.87267,4.96093,2.26018,2.46443,2.71862,1.80107,2.81649,1.92123,1.08713,1.76031,0.594808,0.820515,2.11237,3.30192,1.58381,17.251,13.9067,7.27134,25.2217,17.5073,5.02879,0.502742,0.473789,0.110969,0.480769,0.447346,0.117194,0.461538,0.343972,0.209182,0.596154,0.292038,0.185026,0.516129,0.603627,0.204212
P3c885ec031,235743,225_6349,225,6349,2,16,continental,A,2017,2017-06-14,2017-06-18,5,72.8167,16.359,1,96,81,15.9285,0.450727,24.7196,14.0777,7.13371,8.7892,7.22499,3.47711,2.74662,2.09694,1.52712,6.04257,5.12806,2.44958,7.14122,2.22697,1.59617,4.94392,1.98206,1.51722,0.549325,0.649251,0.855969,1.09865,3.66709,1.75066,33.5088,13.6286,9.57638,22.808,18.0216,5.42217,0.569332,0.477819,0.139787,0.541667,0.452635,0.151814,0.416667,0.279386,0.208295,0.222222,0.33701,0.198038,0.75,0.591627,0.221309
P3c885ec031,235743,249_6362,249,6362,3,17,world,A,2018,2018-06-30,2018-07-08,2,24.9833,17.4131,1,192,164,16.8926,0.549015,24.016,13.6297,6.29877,8.00534,7.82266,3.91205,1.60107,2.57156,1.90715,6.40427,5.2511,2.60945,1.60107,2.92738,1.79192,4.8032,2.03945,1.2786,1.60107,0.8843,1.12185,4.8032,3.58085,1.74045,25.6171,14.2974,8.36935,25.4249,18.3289,5.60027,0.582298,0.451383,0.118515,0.541667,0.422609,0.127554,0.333333,0.299801,0.212952,0.166667,0.310662,0.212748,1,0.624098,0.182167
P3d1eff1bca,146586,235_3159,235,3159,2,16,continental,A,2004,2004-07-06,2004-07-15,2,17,16.192,1,191,172,16.0382,0.503402,11.7647,13.0445,4.99259,7.05882,7.18159,3.70967,4.70588,2.50064,1.91185,2.35294,4.68094,2.19272,0,2.22239,1.53452,7.05882,2.02348,1.18561,0,0.792582,1.08733,4.70588,3.92453,1.51611,11.7647,12.3353,6.47362,18.2588,17.9154,4.56367,0.434028,0.462475,0.102934,0.25,0.436018,0.107925,0,0.248646,0.192745,1,0.351582,0.22089,0.75,0.57227,0.203665
P3d1eff1bca,146586,263_3163,263,3163,3,18,continental,A,2005,2005-07-13,2005-07-24,8,119,17.216,6,191,165,17.9302,0.519728,12.1008,14.0589,5.34016,13.1092,7.16592,3.44355,4.36975,2.37732,1.73515,8.7395,4.78859,2.17947,1.68067,2.29674,1.53676,3.69748,1.77088,0.975643,2.01681,0.485301,0.754804,5.04202,3.24538,1.49478,19.4958,14.194,6.5678,17.6538,17.0641,4.769,0.479744,0.503583,0.109458,0.470588,0.469928,0.1244,0.352941,0.301113,0.218055,0.235294,0.391309,0.268723,0.5,0.6348,0.196629
P3d1eff1bca,146586,263_4068,263,4068,3,18,continental,A,2006,2006-07-18,2006-07-27,8,133,18.2235,1,192,161,17.9378,0.463248,16.5414,14.1964,5.48784,18.0451,7.01645,3.36385,9.32331,2.36669,1.82035,8.7218,4.64975,2.02662,0.601504,2.29341,1.38476,1.80451,1.73085,0.927802,2.10526,0.611494,0.863663,5.11278,3.22115,1.34554,22.2556,14.0597,6.31908,23.8316,17.3038,5.04807,0.441838,0.497884,0.0869021,0.367925,0.46465,0.104206,0.113208,0.303888,0.207608,0.396226,0.383594,0.304429,0.761905,0.629446,0.183775
P3d1eff1bca,146586,276_3299,276,3299,4,19,world,A,2007,2007-07-12,2007-07-22,9,187,19.2092,3,192,177,18.6772,0.861009,14.3316,15.0242,6.32287,10.6952,7.34207,3.43761,2.78075,2.58309,1.78912,7.91444,4.75898,2.24568,1.49733,2.48739,1.87525,1.92513,2.09591,1.22429,5.13369,0.576986,0.923846,4.27807,3.59835,1.49835,22.4599,14.939,7.42931,17.6684,18.3344,5.1284,0.535144,0.501247,0.112236,0.5,0.471644,0.119445,0.142857,0.331902,0.236569,0.267857,0.386782,0.254493,0.733333,0.621503,0.199964
P3d55371834,156731,254_3291,254,3291,3,18,continental,A,2006,2006-05-01,2006-08-06,6,155,18.3768,1,116,82,17.3736,0.891782,22.1935,12.0848,4.89663,18.3226,8.5675,4.28692,7.48387,3.04845,2.11795,10.8387,5.51905,2.64333,1.29032,2.15565,1.85137,2.83871,2.33276,1.44923,4.3871,0.666688,1.07261,3.09677,4.64149,1.92752,36.6452,9.78305,7.89695,22.4826,20.1904,5.05414,0.572417,0.388918,0.106984,0.523077,0.357494,0.113011,0,0.252935,0.201203,0.353846,0.391759,0.254518,0.782609,0.523069,0.18353
P3d55371834,156731,276_3299,276,3299,4,19,world,A,2007,2007-07-12,2007-07-22,5,115,19.3351,13,192,177,18.6772,0.861009,16,15.0242,6.32287,13.5652,7.34207,3.43761,5.91304,2.58309,1.78912,7.65217,4.75898,2.24568,1.73913,2.48739,1.87525,3.47826,2.09591,1.22429,4.86957,0.576986,0.923846,5.56522,3.59835,1.49835,24.3478,14.939,7.42931,21.8852,18.3344,5.1284,0.490196,0.501247,0.112236,0.435897,0.471644,0.119445,0,0.331902,0.236569,0.461538,0.386782,0.254493,0.666667,0.621503,0.199964
P3d8ccdb639,320604,249_208300,249,208300,3,17,world,A,2022,2022-07-02,2022-07-10,7,137.05,15.5513,1,192,168,16.9494,0.502627,18.9712,13.9661,5.91865,20.4305,8.00354,3.81847,9.33966,2.52822,1.91795,11.0908,5.47531,2.5642,3.79424,3.08275,2.02068,4.96169,1.94293,1.17006,5.83729,0.924849,1.14976,2.33491,3.15323,1.4463,39.6935,15.5163,8.33031,22.7187,17.916,5.19339,0.465349,0.466701,0.114119,0.438462,0.443918,0.121251,0.107692,0.333533,0.208066,0.169231,0.246808,0.165743,0.727273,0.600939,0.210643
P3e065b4b4e,217276,225_6317,225,6317,2,16,continental,A,2015,2015-06-10,2015-06-14,5,120.833,16.1975,1,96,76,15.9694,0.407262,16.2207,14.7693,6.26719,12.9103,8.53476,3.76471,5.62759,2.9486,2.24031,7.28276,5.58616,2.15006,3.97241,2.09465,1.50202,2.97931,2.50154,1.41135,1.32414,0.893561,0.993397,3.97241,4.41027,1.88902,22.1793,13.4914,8.83541,22.1263,20.8471,5.51312,0.446754,0.444418,0.119795,0.44,0.404728,0.129254,0.04,0.266055,0.196672,0.22,0.400436,0.26658,0.454545,0.614647,0.192868
P3e0fd9667f,203172,225_5339,225,5339,2,16,continental,A,2013,2013-06-11,2013-06-15,2,24,15.1488,1,96,73,15.869,0.45778,23.3333,13.2565,5.84565,18.3333,8.77675,4.15857,5,3.27951,2.5446,13.3333,5.49724,2.29527,5,2.85525,2.04582,5,2.08748,1.25301,6.66667,1.11343,1.64152,1.66667,3.72731,2.07111,46.6667,13.5197,10.0595,21.2667,19.3832,5.13454,0.595238,0.420538,0.116148,0.6,0.393257,0.123037,0,0.250883,0.223798,0.4,0.367652,0.243795,0.5,0.538447,0.213621
P3e0fd9667f,203172,249_5075,249,5075,3,17,world,A,2014,2014-08-08,2014-08-16,7,137.2,16.3179,1,192,173,17.0583,0.489002,22.1574,13.6034,6.14842,12.5364,7.6474,3.67246,4.37318,2.55281,1.94621,8.16327,5.0946,2.20776,2.62391,2.14955,1.47007,4.66472,1.80889,1.11705,1.74927,0.718134,1.07747,4.08163,3.23583,1.51772,31.4869,13.5763,8.92179,22.5656,17.7478,5.19007,0.599369,0.460191,0.126088,0.59322,0.428331,0.130989,0.0169492,0.299498,0.224593,0.169492,0.302479,0.220999,0.6,0.637699,0.213798
P3e0fd9667f,203172,276_6290,276,6290,4,19,world,A,2015,2015-06-27,2015-07-05,7,148.6,17.2023,1,191,180,18.6008,0.756787,26.3795,13.755,5.55959,19.9192,7.3828,3.65745,6.72948,2.49694,1.90522,13.1898,4.88586,2.44791,1.3459,3.28532,2.18966,1.61507,1.90259,1.12162,2.15343,0.672111,0.938022,4.84522,3.43624,1.60082,31.4939,14.5182,7.46481,31.3109,17.8545,4.65107,0.498373,0.470651,0.115139,0.465116,0.436661,0.120193,0.0116279,0.306253,0.220425,0.325581,0.333827,0.227034,0.642857,0.639017,0.184202
P3e3a854ff5,144585,263_2703,263,2703,3,18,continental,A,2004,2003-07-30,2004-07-18,14,231,17.7006,3,493,386,17.9197,0.574968,13.5065,13.9298,5.58557,12.4675,6.69318,3.18094,4.15584,2.34716,1.63659,8.31169,4.34602,1.99629,0.519481,2.20858,1.78794,1.38528,2.4645,1.29161,3.11688,0.660544,0.907576,2.94372,3.70521,1.86017,23.0303,13.3501,7.66077,13.2502,17.9913,4.82067,0.655242,0.480562,0.114943,0.644444,0.44764,0.122844,0,0.292519,0.224662,0.733333,0.361925,0.24503,0.606061,0.622708,0.195562
P3e5c820c70,205048,233_7365,233,7365,1,16,continental,B,2013,2013-08-08,2013-08-18,8,96,16.3563,4,263,239,16.124,0.410711,12.0833,12.0862,5.32344,9.16667,7.29253,3.23305,2.5,2.40122,1.63881,6.66667,4.89131,2.14269,1.66667,2.36151,1.56242,1.25,2.04559,1.17063,2.08333,0.526736,0.776633,2.5,3.95364,1.57257,14.5833,11.5086,6.64773,16.5667,17.4936,4.63301,0.429502,0.433738,0.111885,0.40625,0.409525,0.118841,0.59375,0.283241,0.214721,0.125,0.284452,0.194005,0.75,0.572961,0.223038
P3e5c820c70,205048,261_7866,261,7866,1,18,continental,B,2014,2014-07-24,2014-08-03,8,149,17.3145,5,261,237,17.8211,0.538707,17.4497,12.02,4.79677,7.78523,7.24838,3.16814,1.07383,2.15792,1.49421,6.71141,5.09045,2.19666,0.536913,2.45367,1.90335,1.87919,1.74161,1.07428,2.41611,0.593376,0.842599,0.805369,3.36847,1.47299,23.0872,12.2457,6.50613,14.196,16.4929,4.26809,0.651564,0.453412,0.112597,0.642857,0.425727,0.121642,0.530612,0.304478,0.208738,0.0408163,0.292819,0.201031,1,0.617402,0.20892
P3e5c820c70,205048,261_9153,261,9153,1,18,continental,B,2015,2015-07-23,2015-08-02,9,189,18.3111,3,288,267,17.8701,0.520067,22.8571,13.194,5.04476,10.1587,7.02904,3.17238,4.2328,2.11261,1.46375,5.92593,4.91643,2.21989,2.32804,2.41503,1.64997,1.26984,1.87914,1.00166,2.96296,0.542965,0.83424,3.1746,3.43139,1.47881,25.3968,12.8779,6.82255,23.1788,17.3284,4.57408,0.571308,0.469377,0.0997962,0.525,0.441843,0.105105,0.375,0.313801,0.222724,0.4125,0.302869,0.190741,0.727273,0.614778,0.202944
P3e86849b89,212000,235_7608,235,7608,2,16,continental,A,2014,2014-08-20,2014-08-30,9,260,16.2933,3,192,178,16.1846,0.370405,16,12.5028,5.21693,8.46154,6.96225,2.99749,3.53846,2.30535,1.67587,4.92308,4.6569,1.81358,1.38462,2.42548,1.61146,0.923077,1.93369,1.08889,1.07692,0.552882,0.710669,1.69231,3.5349,1.63269,17.8462,12.1635,7.20481,15.5015,17.1365,4.65544,0.579323,0.45362,0.105187,0.577922,0.424757,0.118064,0.428571,0.284335,0.206536,0.376623,0.295501,0.244575,0.517241,0.619749,0.207618
P3e86849b89,212000,263_9135,263,9135,3,18,continental,A,2015,2015-07-23,2015-08-02,9,140,17.216,7,192,177,17.9662,0.519657,8.85714,12.9828,5.3337,7.42857,7.27259,3.08145,0.857143,2.32106,1.75843,6.57143,4.95154,1.861,0.285714,2.86759,2.03248,0.285714,1.81922,0.975622,0.571429,0.648987,0.813504,3.14286,3.05876,1.3906,8.85714,13.6602,6.08357,11.7371,16.9507,4.78429,0.515293,0.459152,0.101695,0.481481,0.431772,0.106165,0.740741,0.349507,0.205678,0.259259,0.277712,0.163494,0.714286,0.615139,0.207628
P3e86849b89,212000,276_10628,276,10628,4,19,world,A,2017,2017-07-01,2017-07-09,7,200.717,19.1517,4,192,173,18.7401,0.66399,18.135,13.572,5.43385,15.1457,7.69236,3.66261,3.58715,2.52264,1.93466,11.5586,5.16972,2.34584,3.78643,3.5206,2.17842,0.797144,1.62705,0.99426,0.597858,0.496983,0.747174,2.39143,3.19164,1.50518,21.9214,14.0574,7.39114,23.0614,17.9216,4.88312,0.438681,0.455339,0.108314,0.402299,0.425426,0.112649,0.264368,0.338891,0.227597,0.436782,0.343196,0.196751,0.552632,0.596167,0.211854
P3ee6bf444e,341525,276_208303,276,208303,4,19,world,A,2023,2023-06-24,2023-07-02,7,126.533,17.32,4,192,171,18.7974,0.613254,24.6575,14.5229,5.57383,6.32244,7.31327,3.5997,0.632244,2.26354,1.97353,5.6902,5.04973,2.36409,5.6902,3.39522,2.10822,1.89673,1.87556,1.05134,0.316122,0.776271,1.07652,1.89673,3.03164,1.41202,25.922,15.7805,7.34509,23.2287,17.7644,4.99257,0.577949,0.488426,0.11044,0.516667,0.45281,0.117257,0.466667,0.375743,0.229382,0.283333,0.333211,0.259769,0.941176,0.671531,0.195633
P3f927eeca6,182011,276_4346,276,4346,4,19,world,A,2011,2011-06-30,2011-07-10,9,147,19.3652,5,192,170,18.6783,0.680358,16.8707,13.9628,5.5381,12.7891,6.96907,3.32639,5.44218,2.2765,1.60615,7.34694,4.69256,2.26884,2.17687,2.54793,1.8548,1.08844,1.36418,0.869805,3.80952,0.642267,0.93216,2.72109,2.87201,1.41472,28.8435,14.0555,7.05949,15.5537,17.0082,4.58642,0.657337,0.486074,0.11285,0.634146,0.453588,0.118095,0,0.291718,0.211296,0.341463,0.314934,0.203526,0.714286,0.647068,0.216658
P404f9fdfb6,156235,263_4627,263,4627,3,18,continental,A,2007,2007-08-03,2007-08-12,6,45,17.0325,2,192,160,17.9746,0.494652,4.44444,13.825,5.5091,6.22222,6.84425,3.21748,4.44444,2.17524,1.51025,1.77778,4.66901,2.22325,0,1.73823,1.41414,3.55556,1.78942,1.0756,0,0.543883,0.753666,1.77778,3.22704,1.55184,3.55556,12.8963,7.3889,10.7378,17.235,4.66647,0.248016,0.491426,0.111663,0.142857,0.458165,0.120228,0.428571,0.31971,0.214534,1,0.340492,0.186352,0.428571,0.644047,0.191618
P404f9fdfb6,156235,263_4956,263,4956,3,18,continental,A,2008,2008-07-25,2008-08-03,8,232,18.01,1,190,167,17.9503,0.536053,12.7586,13.988,5.20746,6.55172,6.93028,3.5822,1.89655,2.24383,1.77763,4.65517,4.68645,2.28417,2.06897,2.32297,1.43874,2.06897,1.79539,1.01503,1.37931,0.509386,0.943808,2.06897,3.24236,1.28108,15,13.8074,6.98797,14,17.2371,4.04561,0.534682,0.494636,0.112498,0.526786,0.464202,0.115365,0.392857,0.344286,0.205556,0.535714,0.32113,0.203579,0.5,0.650715,0.19044
P404f9fdfb6,156235,276_3348,276,3348,4,19,world,A,2009,2009-07-02,2009-07-12,9,270,18.9491,2,191,165,18.7882,0.690657,19.1111,14.3984,5.52288,8.74074,7.57587,3.44111,2.66667,2.66725,1.77968,6.07407,4.90862,2.14002,1.62963,2.40801,1.76626,1.62963,1.70492,0.965813,3.11111,0.872247,1.01133,3.55556,3.13329,1.42996,24.2963,15.1012,7.07592,17.7956,17.5241,4.72826,0.671036,0.495334,0.114029,0.639535,0.463656,0.116858,0.395349,0.308724,0.227753,0.267442,0.312474,0.190442,0.826087,0.642985,0.213702
P4110110f37,226986,235_9787,235,9787,2,16,continental,A,2016,2016-08-12,2016-08-20,7,202.767,14.4507,1,191,173,16.1457,0.420344,22.4889,12.4223,5.36658,17.1626,7.63886,3.3466,6.70722,2.50181,1.73348,10.4554,5.13705,2.20689,2.7618,3.03633,1.84191,2.56452,1.91039,1.13716,3.94542,0.56896,0.698163,2.56452,3.51147,1.64437,39.2569,12.8073,6.51682,19.159,17.4496,4.68556,0.677603,0.434022,0.108047,0.716216,0.398813,0.121741,0,0.333399,0.230491,0.310811,0.330671,0.215729,0.347826,0.615144,0.20155
P4110110f37,226986,235_208004,235,208004,2,16,continental,A,2018,2018-08-10,2018-08-18,7,168.533,16.4439,2,192,180,16.1832,0.383342,27.057,13.4252,5.67197,20.4114,7.7921,3.91687,6.40823,2.45196,1.88109,14.0032,5.34014,2.55216,4.74684,3.03349,1.92376,2.8481,1.80554,1.15473,2.61076,0.816337,1.07208,3.32278,3.1074,1.38972,42.2468,14.0635,7.97985,26.7627,17.9227,4.73936,0.577157,0.444561,0.107173,0.55814,0.411934,0.116861,0.174419,0.340561,0.216249,0.337209,0.314365,0.212928,0.62069,0.599958,0.209791
P4110110f37,226986,263_208080,263,208080,3,18,continental,A,2019,2019-07-27,2019-08-04,7,193.683,17.4049,1,192,175,17.9631,0.505937,22.511,13.7178,5.15894,18.587,7.52048,3.37919,6.4022,2.46928,1.88464,12.1848,5.0512,2.11145,3.30436,3.21833,2.11744,2.27175,1.85798,1.14514,3.09784,0.775413,1.13616,3.51089,3.16101,1.74426,32.6306,14.7221,7.06103,26.6662,17.6749,5.30539,0.486086,0.476616,0.11909,0.480392,0.449355,0.125455,0.0784314,0.341734,0.215194,0.22549,0.330997,0.30944,0.478261,0.612867,0.233874
P41b1bb4705,182013,256_3935,256,3935,3,18,continental,A,2010,2010-06-26,2010-06-30,5,117,17.613,1,96,77,17.842,0.642168,23.9316,14.92,6.47935,15.7265,7.40885,3.62563,4.44444,2.61003,2.12449,11.2821,4.79882,2.16489,3.07692,2.58206,2.14585,1.36752,1.62998,1.0838,1.7094,0.884029,1.47478,2.39316,3.20333,1.67174,35.5556,15.0256,9.28155,20.759,18.3041,5.14914,0.651526,0.490412,0.12998,0.604167,0.454684,0.13257,0.333333,0.275486,0.216548,0.270833,0.35016,0.263199,0.923077,0.649623,0.198629
P42302cf51e,216840,276_6290,276,6290,4,19,world,A,2015,2015-06-27,2015-07-05,7,95.4667,19.42,1,191,180,18.6008,0.756787,10.4749,13.755,5.55959,3.35196,7.3828,3.65745,0,2.49694,1.90522,3.35196,4.88586,2.44791,2.51397,3.28532,2.18966,3.77095,1.90259,1.12162,0.418994,0.672111,0.938022,3.77095,3.43624,1.60082,9.63687,14.5182,7.46481,13.8436,17.8545,4.65107,0.519967,0.470651,0.115139,0.470588,0.436661,0.120193,0.529412,0.306253,0.220425,0.941176,0.333827,0.227034,0.5625,0.639017,0.184202
P42adf8ab25,135508,235_214,235,214,1,16,continental,A,2001,2000-08-02,2000-08-20,3,58,15.3788,,277,198,15.225,0.351382,12.4138,12.7918,6.49654,6.2069,6.58788,3.58284,3.44828,2.46874,2.06945,2.75862,4.11914,2.06544,0.689655,1.76661,1.53955,3.44828,2.1677,1.53675,0,0.0140194,0.0924703,3.44828,3.16734,1.50899,9.65517,11.3421,8.68987,18.3724,16.7918,5.54912,0.415896,0.457692,0.133814,0.368421,0.432184,0.143931,0.157895,0.239713,0.208869,0.315789,0.391707,0.257231,0.666667,0.557404,0.241747
P42adf8ab25,135508,235_213,235,213,1,16,continental,A,2001,2001-04-04,2001-04-08,5,119,16.0113,,214,165,15.8924,0.462893,22.8571,14.3816,6.0778,6.72269,7.31015,3.20006,2.01681,2.59754,1.91797,4.70588,4.71261,2.06152,3.36134,1.6667,1.40012,2.35294,2.5647,1.38193,0,0.199109,0.472949,3.36134,3.65208,1.50762,21.8487,14.0911,7.59774,21.9697,17.6298,5.04167,0.614162,0.510537,0.139576,0.585106,0.480061,0.149592,0.531915,0.246137,0.218186,0.404255,0.39499,0.262573,0.684211,0.619102,0.226488
P42adf8ab25,135508,235_1897,235,1897,2,16,continental,A,2001,2001-07-13,2001-07-22,8,179,16.2988,3,143,125,16.1405,0.362344,26.5922,13.7865,5.2749,4.02235,7.17602,3.04877,1.34078,2.38119,1.75493,2.68156,4.79483,1.94156,2.68156,2.684,1.74862,3.57542,1.79417,1.11191,0.446927,0.392939,0.610264,2.23464,3.4587,1.46797,23.4637,13.707,6.34279,24.9743,17.5258,4.71195,0.584709,0.489491,0.113442,0.544944,0.448597,0.116424,0.41573,0.284706,0.210767,0.325843,0.380888,0.255162,0.758621,0.67946,0.265466
P42adf8ab25,135508,263_2886,263,2886,2,18,continental,A,2002,2002-04-16,2002-05-01,5,86,17.0736,,215,171,17.6684,0.638695,20,14.6204,6.12192,5.5814,7.00378,3.82327,2.32558,2.37113,1.9328,3.25581,4.63265,2.45718,2.32558,2.22423,1.5258,4.65116,2.11906,1.25803,0.465116,0.661502,0.980784,0.930233,3.34676,1.59983,21.8605,14.1894,8.33006,19.9814,18.0781,4.77723,0.524902,0.491982,0.136556,0.486486,0.460447,0.145329,0.297297,0.28294,0.203308,0.243243,0.395805,0.29325,0.777778,0.630283,0.185994
P42adf8ab25,135508,263_2888,263,2888,3,18,continental,A,2002,2002-07-12,2002-07-21,7,169,17.2954,9,144,121,17.8703,0.557956,23.1953,14.3906,5.26654,4.73373,6.71397,3.12939,1.18343,2.2151,1.69496,3.5503,4.49886,1.94982,3.31361,2.07608,1.44154,1.89349,1.29316,0.888823,0.710059,0.571274,0.765198,2.60355,2.67339,1.00866,22.9586,14.0137,6.18081,20.8095,16.7644,4.51804,0.637025,0.516086,0.1088,0.594203,0.474349,0.120006,0.333333,0.284976,0.201016,0.26087,0.371592,0.21432,0.888889,0.687328,0.17851
P43d78a0411,174427,276_3348,276,3348,4,19,world,A,2009,2009-07-02,2009-07-12,9,169,19.2228,1,191,165,18.7882,0.690657,12.5444,14.3984,5.52288,6.15385,7.57587,3.44111,1.18343,2.66725,1.77968,4.97041,4.90862,2.14002,4.02367,2.40801,1.76626,1.6568,1.70492,0.965813,0,0.872247,1.01133,3.5503,3.13329,1.42996,12.3077,15.1012,7.07592,17.3728,17.5241,4.72826,0.453767,0.495334,0.114029,0.407407,0.463656,0.116858,0.5,0.308724,0.227753,0.185185,0.312474,0.190442,0.9,0.642985,0.213702
P43dec358d1,251348,256_6366,256,6366,3,18,continental,A,2018,2018-06-10,2018-06-16,6,131.55,18.3303,1,96,77,17.828,0.525502,27.9742,15.5566,6.39686,7.90574,7.77187,3.98199,3.34474,2.65775,2.03709,4.561,5.11411,2.64736,5.4732,3.78512,2.52326,2.43254,1.61263,0.882308,0.304067,0.880985,1.00481,2.7366,2.9353,1.21748,29.1904,17.4064,9.44377,25.6146,18.4751,4.87942,0.611377,0.491529,0.127491,0.575758,0.463231,0.128982,0.515152,0.303395,0.213193,0.318182,0.260848,0.177817,0.761905,0.684055,0.226582
P44154d877a,182399,263_5831,263,5831,3,18,continental,A,2010,2010-07-22,2010-08-01,9,213,17.9525,4,192,171,17.9486,0.515214,17.277,13.1391,4.8065,9.01408,7.0875,2.90695,1.87793,2.21226,1.52036,7.13615,4.87524,1.91491,2.44131,2.66002,1.92041,2.25352,1.70641,0.879599,0.938967,0.617153,0.878023,3.38028,3.17333,1.3572,15.9624,13.4495,5.87418,22.4826,16.8985,4.25598,0.452222,0.477146,0.110791,0.4375,0.443458,0.118272,0.635417,0.347536,0.231447,0.135417,0.312866,0.195141,0.615385,0.664571,0.176763
P44154d877a,182399,276_4346,276,4346,4,19,world,A,2011,2011-06-30,2011-07-10,7,157,18.8916,2,192,170,18.6783,0.680358,15.7962,13.9628,5.5381,8.9172,6.96907,3.32639,0.764331,2.2765,1.60615,8.15287,4.69256,2.26884,3.05732,2.54793,1.8548,2.03822,1.36418,0.869805,1.52866,0.642267,0.93216,3.3121,2.87201,1.41472,18.5987,14.0555,7.05949,18.4662,17.0082,4.58642,0.521184,0.486074,0.11285,0.5,0.453588,0.118095,0.403846,0.291718,0.211296,0.326923,0.314934,0.203526,0.588235,0.647068,0.216658
P445f167264,256157,233_202005,233,202005,1,16,continental,B,2018,2018-08-09,2018-08-18,8,141.9,16.5534,7,288,272,16.1469,0.411194,12.685,13.3592,6.02942,14.6582,7.4326,3.47593,4.22833,2.35988,1.66905,10.4299,5.07272,2.34309,5.074,2.73247,1.82274,1.40944,2.01645,1.26498,2.25511,0.533052,0.787802,5.35588,3.4228,1.59264,16.6314,13.2533,7.3634,22.5173,17.89,5.22907,0.36958,0.44929,0.106415,0.377551,0.422178,0.111145,0.244898,0.311636,0.224428,0.55102,0.326525,0.200689,0.296296,0.587526,0.19713
P445f167264,256157,263_208080,263,208080,3,18,continental,A,2019,2019-07-27,2019-08-04,5,65.5167,17.5144,8,192,175,17.9631,0.505937,7.93691,13.7178,5.15894,8.54744,7.52048,3.37919,4.88425,2.46928,1.88464,3.66319,5.0512,2.11145,0.610532,3.21833,2.11744,0.610532,1.85798,1.14514,1.8316,0.775413,1.13616,1.8316,3.16101,1.74426,8.54744,14.7221,7.06103,13.8957,17.6749,5.30539,0.328947,0.476616,0.11909,0.333333,0.449355,0.125455,0.0555556,0.341734,0.215194,0.222222,0.330997,0.30944,0.25,0.612867,0.233874
P4467431c36,224677,249_9678,249,9678,3,17,world,A,2016,2016-06-23,2016-07-03,6,113.133,17.4952,1,191,171,16.9215,0.517517,36.0636,13.9298,6.67868,8.48556,8.20946,4.09228,4.94991,2.77559,2.1245,3.53565,5.43387,2.64062,8.83913,2.6531,1.83642,3.53565,1.85697,1.24533,0,0.669885,0.963228,6.71774,3.64504,1.46955,38.185,13.7052,8.47552,33.4897,18.8523,5.48244,0.673534,0.446186,0.125912,0.618644,0.416886,0.129648,0.186441,0.303263,0.224477,0.644068,0.349537,0.221993,0.763158,0.59047,0.214261
P457b866328,198076,263_6841,263,6841,3,18,continental,A,2012,2012-08-09,2012-08-19,9,132,17.7088,15,192,173,18.0077,0.501748,10.303,13.0795,4.9437,3.33333,6.75668,3.21883,1.81818,2.28163,1.74982,1.51515,4.47505,1.98629,2.12121,2.21655,1.59492,3.63636,1.543,0.814065,0.30303,0.529302,0.784632,1.81818,2.93814,1.32882,5.75758,12.8742,5.87101,17.3576,16.4465,4.58644,0.331513,0.481624,0.100837,0.293478,0.444958,0.113577,0.565217,0.298548,0.215888,0.26087,0.326779,0.221842,0.583333,0.670099,0.189384
P45a39b68c1,236567,225_6349,225,6349,2,16,continental,A,2017,2017-06-14,2017-06-18,5,70.9333,15.8799,1,96,81,15.9285,0.450727,27.6316,14.0777,7.13371,9.02256,7.22499,3.47711,3.38346,2.09694,1.52712,5.6391,5.12806,2.44958,2.81955,2.22697,1.59617,6.76692,1.98206,1.51722,1.12782,0.649251,0.855969,3.94737,3.66709,1.75066,39.4737,13.6286,9.57638,21.0226,18.0216,5.42217,0.809115,0.477819,0.139787,0.76,0.452635,0.151814,0.08,0.279386,0.208295,0.48,0.33701,0.198038,0.916667,0.591627,0.221309
P45a39b68c1,236567,249_6362,249,6362,3,17,world,A,2018,2018-06-30,2018-07-08,6,108.6,16.934,1,192,164,16.8926,0.549015,20.9945,13.6297,6.29877,12.8913,7.82266,3.91205,4.78821,2.57156,1.90715,8.10313,5.2511,2.60945,5.15654,2.92738,1.79192,2.94659,2.03945,1.2786,1.84162,0.8843,1.12185,4.05157,3.58085,1.74045,27.256,14.2974,8.36935,24.442,18.3289,5.60027,0.514812,0.451383,0.118515,0.510638,0.422609,0.127554,0.0851064,0.299801,0.212952,0.404255,0.310662,0.212748,0.473684,0.624098,0.182167
P45a39b68c1,236567,276_208102,276,208102,4,19,world,A,2019,2019-06-29,2019-07-07,7,143.117,17.9306,1,192,168,18.6475,0.728834,19.0055,14.9774,5.89675,9.50274,7.59112,3.57536,3.07441,2.50232,1.90133,6.42832,5.0888,2.25154,5.31035,3.76513,2.367,1.95645,1.8283,1.12827,1.11797,0.752157,0.973827,1.67695,3.17443,1.35909,26.8313,16.2674,7.67017,17.921,18.4721,5.13993,0.584997,0.484167,0.109451,0.552083,0.454807,0.11544,0.0416667,0.359548,0.228901,0.479167,0.311439,0.241065,0.652174,0.660183,0.20512
P46cfb45fde,211764,235_7608,235,7608,2,16,continental,A,2014,2014-08-20,2014-08-30,9,178,16.0907,1,192,178,16.1846,0.370405,15.0562,12.5028,5.21693,3.14607,6.96225,2.99749,0.674157,2.30535,1.67587,2.47191,4.6569,1.81358,4.04494,2.42548,1.61146,2.02247,1.93369,1.08889,0,0.552882,0.710669,2.69663,3.5349,1.63269,12.809,12.1635,7.20481,17.3213,17.1365,4.65544,0.514751,0.45362,0.105187,0.5,0.424757,0.118064,0.467742,0.284335,0.206536,0.112903,0.295501,0.244575,0.714286,0.619749,0.207618
P46cfb45fde,211764,263_9135,263,9135,3,18,continental,A,2015,2015-07-23,2015-08-02,9,227,17.0134,6,192,177,17.9662,0.519657,13.5683,12.9828,5.3337,4.93392,7.27259,3.08145,0.881057,2.32106,1.75843,4.05286,4.95154,1.861,7.04846,2.86759,2.03248,2.99559,1.81922,0.975622,0.352423,0.648987,0.813504,2.11454,3.05876,1.3906,17.9736,13.6602,6.08357,16.3383,16.9507,4.78429,0.476957,0.459152,0.101695,0.44,0.431772,0.106165,0.413333,0.349507,0.205678,0.173333,0.277712,0.163494,0.846154,0.615139,0.207628
P46cfb45fde,211764,263_9860,263,9860,3,18,continental,A,2016,2016-12-16,2016-12-22,6,166.633,18.4042,1,187,153,18.2767,0.586155,21.8444,13.6139,5.38014,4.08082,7.20568,2.86897,0.480096,2.29364,1.62013,3.60072,4.91204,1.92612,6.4813,2.86705,1.87995,3.12062,1.70741,0.908815,1.68034,0.541701,0.682196,4.80096,3.18055,1.42469,24.7249,13.821,6.33323,21.057,17.4699,4.96346,0.671884,0.471086,0.106715,0.637097,0.436719,0.119665,0.467742,0.36281,0.217588,0.209677,0.297805,0.210876,0.923077,0.674394,0.191011
P470eca3f49,251230,233_202005,233,202005,1,16,continental,B,2018,2018-08-09,2018-08-18,8,206.4,16.1482,9,288,272,16.1469,0.411194,17.8295,13.3592,6.02942,2.90698,7.4326,3.47593,1.16279,2.35988,1.66905,1.74419,5.07272,2.34309,5.62016,2.73247,1.82274,2.51938,2.01645,1.26498,0,0.533052,0.787802,3.87597,3.4228,1.59264,12.4031,13.2533,7.3634,23.2558,17.89,5.22907,0.46,0.44929,0.106415,0.421348,0.422178,0.111145,0.494382,0.311636,0.224428,0.280899,0.326525,0.200689,0.68,0.587526,0.19713
P470eca3f49,251230,261_208085,261,208085,1,18,continental,B,2019,2019-07-26,2019-08-04,8,211.317,17.1092,10,288,271,17.7928,0.546792,20.0647,13.7234,5.46328,3.02863,7.62023,3.57239,0.378579,2.40371,1.76354,2.65005,5.21652,2.30691,4.73223,3.00183,1.7713,2.46076,1.97456,1.08166,0.189289,0.590551,0.812885,2.83934,3.31262,1.42047,16.6575,14.3868,7.43608,21.5108,17.8454,4.66478,0.537307,0.468224,0.112806,0.470588,0.439784,0.116063,0.482353,0.361121,0.224641,0.364706,0.291434,0.18478,0.83871,0.624357,0.217607
P477dab5e0e,174417,276_3348,276,3348,4,19,world,A,2009,2009-07-02,2009-07-12,4,54,19.3981,1,191,165,18.7882,0.690657,18.5185,14.3984,5.52288,9.62963,7.57587,3.44111,4.44444,2.66725,1.77968,5.18519,4.90862,2.14002,0.740741,2.40801,1.76626,0,1.70492,0.965813,2.22222,0.872247,1.01133,2.22222,3.13329,1.42996,23.7037,15.1012,7.07592,15.2,17.5241,4.72826,0.71347,0.495334,0.114029,0.714286,0.463656,0.116858,0,0.308724,0.227753,0.571429,0.312474,0.190442,0.625,0.642985,0.213702
P47d96f257b,205900,237_5331,237,5331,1,16,continental,A,2013,2013-09-26,2013-09-28,3,39,16.1482,1,24,15,16.1466,0.428603,12.3077,13.1757,7.58617,12.3077,7.39573,3.25668,4.10256,2.95391,1.9545,8.20513,4.44183,1.75913,0,1.97683,1.47208,3.07692,0.911639,0.988905,2.05128,0.837199,1.20987,1.02564,3.64639,1.58019,18.4615,12.2974,8.43767,15.1385,17.3774,6.05821,0.436047,0.491976,0.17936,0.416667,0.457622,0.196944,0.333333,0.19392,0.206092,0.333333,0.345721,0.327379,0.5,0.735106,0.226072
P47d96f257b,205900,249_5075,249,5075,3,17,world,A,2014,2014-08-08,2014-08-16,7,46.85,17.0298,2,192,173,17.0583,0.489002,11.0993,13.6034,6.14842,6.83031,7.6474,3.67246,1.70758,2.55281,1.94621,5.12273,5.0946,2.20776,0,2.14955,1.47007,2.56137,1.80889,1.11705,0.853789,0.718134,1.07747,1.70758,3.23583,1.51772,11.953,13.5763,8.92179,14.3095,17.7478,5.19007,0.440379,0.460191,0.126088,0.384615,0.428331,0.130989,0.153846,0.299498,0.224593,0.307692,0.302479,0.220999,0.75,0.637699,0.213798
P47d96f257b,205900,266_5954,266,5954,3,18,continental,A,2014,2014-12-01,2014-12-07,5,62.85,17.3392,1,97,91,17.6951,0.81717,22.2753,12.723,7.33451,10.183,8.38043,3.51566,3.18218,3.16388,1.76541,7.0008,5.21656,2.28534,1.90931,1.65995,1.57394,0.636436,1.19308,0.891812,0.636436,0.582831,0.821641,1.27287,4.92115,2.19442,26.0939,8.83484,11.2148,18.7876,20.3212,5.94964,0.635901,0.391706,0.156931,0.604167,0.377089,0.159762,0.333333,0.221293,0.189881,0.333333,0.308775,0.171949,0.75,0.460392,0.221806
P47d96f257b,205900,276_6290,276,6290,4,19,world,A,2015,2015-06-27,2015-07-05,7,145.5,17.9141,7,191,180,18.6008,0.756787,15.945,13.755,5.55959,7.42268,7.3828,3.65745,2.47423,2.49694,1.90522,4.94845,4.88586,2.44791,2.47423,3.28532,2.18966,1.09966,1.90259,1.12162,1.09966,0.672111,0.938022,4.12371,3.43624,1.60082,14.8454,14.5182,7.46481,19.31,17.8545,4.65107,0.524982,0.470651,0.115139,0.48913,0.436661,0.120193,0.173913,0.306253,0.220425,0.456522,0.333827,0.227034,0.619048,0.639017,0.184202
P48e78aee32,211235,254_8090,254,8090,3,18,continental,A,2014,2014-08-02,2014-08-10,6,136.517,17.3939,3,106,93,17.8004,0.562654,17.2873,12.5587,6.25158,9.66915,8.17892,3.77056,3.22305,2.96922,1.94283,6.4461,5.2097,2.52172,0.879014,2.10515,1.73781,0.293005,1.9187,1.10027,0,0.540185,0.849997,5.56709,4.05164,1.89356,11.7202,11.3729,8.15043,23.0184,18.6295,5.79721,0.495299,0.420199,0.119565,0.469388,0.384973,0.122538,0.0816327,0.245218,0.201975,0.489796,0.363671,0.240757,0.541667,0.575739,0.245333
P495da5b1cd,146684,235_3172,235,3172,2,16,continental,A,2005,2005-07-29,2005-08-09,8,299,16.3097,8,192,165,16.1928,0.392247,23.4114,12.9666,5.61917,4.54849,7.07115,3.4524,1.33779,2.28643,1.74634,3.2107,4.78472,2.33109,0.133779,1.24815,1.09128,3.07692,1.95255,1.09502,0.401338,0.601225,0.864828,3.61204,3.15492,1.27058,16.3211,11.9921,6.9286,24.5779,16.8442,4.78386,0.558321,0.46583,0.1135,0.539286,0.436918,0.120671,0.421429,0.283987,0.210397,0.271429,0.329984,0.190373,0.631579,0.597813,0.208122
P495da5b1cd,146684,263_4068,263,4068,3,18,continental,A,2006,2006-07-18,2006-07-27,6,162,17.2735,10,192,161,17.9378,0.463248,13.0864,14.1964,5.48784,4.69136,7.01645,3.36385,1.48148,2.36669,1.82035,3.20988,4.64975,2.02662,1.97531,2.29341,1.38476,0.740741,1.73085,0.927802,0.246914,0.611494,0.863663,2.71605,3.22115,1.34554,7.16049,14.0597,6.31908,18.3704,17.3038,5.04807,0.417981,0.497884,0.0869021,0.415254,0.46465,0.104206,0.457627,0.303888,0.207608,0.169492,0.383594,0.304429,0.4,0.629446,0.183775
P4b06d66b80,145770,263_2703,263,2703,3,18,continental,A,2004,2003-07-30,2004-07-18,5,111,18.2016,,493,386,17.9197,0.574968,17.6577,13.9298,5.58557,9.00901,6.69318,3.18094,1.44144,2.34716,1.63659,7.56757,4.34602,1.99629,3.6036,2.20858,1.78794,4.32432,2.4645,1.29161,0.720721,0.660544,0.907576,6.48649,3.70521,1.86017,19.0991,13.3501,7.66077,23.827,17.9913,4.82067,0.509144,0.480562,0.114943,0.394737,0.44764,0.122844,0.184211,0.292519,0.224662,0.605263,0.361925,0.24503,0.826087,0.622708,0.195562
P4b5f95e771,271212,235_208081,235,208081,2,16,continental,A,2019,2019-08-09,2019-08-17,7,155.983,16.2413,2,192,172,16.1637,0.391183,15.8991,12.799,5.41577,4.87232,7.49631,3.38097,0.512875,2.28635,1.64584,4.35944,5.20996,2.19674,6.41094,2.96308,1.91127,1.53863,1.85628,1.17847,0.512875,0.801326,1.16961,4.103,3.27772,1.44769,14.1041,12.9583,7.56966,21.0689,17.7622,4.77337,0.468561,0.436772,0.117967,0.425,0.410438,0.120239,0.566667,0.349918,0.227505,0.233333,0.306704,0.203959,0.785714,0.573429,0.209002
P4cd6438cc3,268957,276_208102,276,208102,4,19,world,A,2019,2019-06-29,2019-07-07,7,168.783,19.1407,8,192,168,18.6475,0.728834,19.4332,14.9774,5.89675,7.3467,7.59112,3.57536,1.89592,2.50232,1.90133,5.45078,5.0888,2.25154,5.21378,3.76513,2.367,1.89592,1.8283,1.12827,0.23699,0.752157,0.973827,4.02883,3.17443,1.35909,15.4044,16.2674,7.67017,25.5475,18.4721,5.13993,0.451542,0.484167,0.109451,0.439024,0.454807,0.11544,0.45122,0.359548,0.228901,0.243902,0.311439,0.241065,0.5,0.660183,0.20512
P4d2e34ba12,188891,276_4346,276,4346,4,19,world,A,2011,2011-06-30,2011-07-10,9,249,19.1106,5,192,170,18.6783,0.680358,23.4538,13.9628,5.5381,6.26506,6.96907,3.32639,1.76707,2.2765,1.60615,4.49799,4.69256,2.26884,2.89157,2.54793,1.8548,2.89157,1.36418,0.869805,0.481928,0.642267,0.93216,1.76707,2.87201,1.41472,20.4016,14.0555,7.05949,25.8827,17.0082,4.58642,0.486278,0.486074,0.11285,0.457143,0.453588,0.118095,0.242857,0.291718,0.211296,0.164286,0.314934,0.203526,0.782609,0.647068,0.216658
P4d8e3ba87c,161309,276_3299,276,3299,4,19,world,A,2007,2007-07-12,2007-07-22,8,121,15.9209,10,192,177,18.6772,0.861009,8.92562,15.0242,6.32287,5.28926,7.34207,3.43761,1.65289,2.58309,1.78912,3.63636,4.75898,2.24568,1.65289,2.48739,1.87525,2.31405,2.09591,1.22429,0,0.576986,0.923846,1.65289,3.59835,1.49835,8.92562,14.939,7.42931,11.6231,18.3344,5.1284,0.447613,0.501247,0.112236,0.416667,0.471644,0.119445,0.583333,0.331902,0.236569,0.583333,0.386782,0.254493,0.5,0.621503,0.199964
P4d8e3ba87c,161309,276_3348,276,3348,4,19,world,A,2009,2009-07-02,2009-07-12,9,276,17.895,7,191,165,18.7882,0.690657,17.6812,14.3984,5.52288,5.36232,7.57587,3.44111,1.73913,2.66725,1.77968,3.62319,4.90862,2.14002,2.46377,2.40801,1.76626,1.30435,1.70492,0.965813,0.289855,0.872247,1.01133,2.89855,3.13329,1.42996,15.0725,15.1012,7.07592,19.9304,17.5241,4.72826,0.519061,0.495334,0.114029,0.504386,0.463656,0.116858,0.333333,0.308724,0.227753,0.0701754,0.312474,0.190442,0.875,0.642985,0.213702
P4e35bd6add,268956,276_208102,276,208102,4,19,world,A,2019,2019-06-29,2019-07-07,6,66.4333,16.5342,8,192,168,18.6475,0.728834,15.0527,14.9774,5.89675,3.01054,7.59112,3.57536,1.20421,2.50232,1.90133,1.80632,5.0888,2.25154,3.01054,3.76513,2.367,0,1.8283,1.12827,0.602107,0.752157,0.973827,1.20421,3.17443,1.35909,9.63372,16.2674,7.67017,16.9794,18.4721,5.13993,0.477099,0.484167,0.109451,0.458333,0.454807,0.11544,0.666667,0.359548,0.228901,0.208333,0.311439,0.241065,0.6,0.660183,0.20512
P4e4e438f6e,174318,225_3366,225,3366,2,16,continental,A,2009,2009-06-17,2009-06-21,5,61,15.8634,1,95,73,16.0044,0.426958,28.1967,16.0223,6.73172,22.2951,8.25465,4.28771,11.8033,3.09821,2.4528,10.4918,5.15644,2.49966,0.655738,2.21843,1.6819,1.31148,1.92791,1.2619,5.90164,0.927888,1.28998,2.62295,3.73208,1.65661,37.377,15.1749,8.32594,29.6656,20.1646,6.21392,0.521339,0.483505,0.109313,0.5625,0.448274,0.113817,0,0.279739,0.230233,0.65625,0.426817,0.304738,0.333333,0.579216,0.200439
P4e4e438f6e,174318,249_3924,249,3924,3,17,world,A,2010,2010-07-02,2010-07-11,8,102,16.9175,1,144,123,17.0611,0.420802,27.0588,14.634,6.05534,21.1765,7.23158,3.56787,8.62745,2.36571,1.70469,12.549,4.86587,2.26597,1.56863,2.8592,2.15155,1.17647,1.87293,1.1407,5.09804,0.761711,1.11447,3.52941,3.58026,1.49053,42.3529,14.7809,8.47015,25.6471,18.1558,4.72464,0.611702,0.491637,0.10797,0.634615,0.45895,0.11802,0.0192308,0.327866,0.235277,0.192308,0.373086,0.229118,0.3,0.600608,0.200517
P4e9a2418a1,227312,235_9787,235,9787,2,16,continental,A,2016,2016-08-12,2016-08-20,7,174.433,16.3207,13,191,173,16.1457,0.420344,22.7021,12.4223,5.36658,11.4657,7.63886,3.3466,3.66902,2.50181,1.73348,7.79667,5.13705,2.20689,2.98108,3.03633,1.84191,3.43971,1.91039,1.13716,0.917256,0.56896,0.698163,6.87942,3.51147,1.64437,19.2624,12.8073,6.51682,32.2599,17.4496,4.68556,0.447235,0.434022,0.108047,0.40099,0.398813,0.121741,0.168317,0.333399,0.230491,0.217822,0.330671,0.215729,0.818182,0.615144,0.20155
P4e9a2418a1,227312,261_10460,261,10460,1,18,continental,B,2017,2017-07-28,2017-08-06,8,194.483,17.2817,3,284,256,17.8331,0.551024,20.5673,13.3665,5.26221,7.19856,7.38777,3.25951,1.43971,2.4701,1.78299,5.75885,4.91767,2.07005,3.49644,2.94737,1.72896,2.05673,2.00735,1.03898,1.02837,0.531951,0.767571,3.90779,3.64879,1.46803,19.1276,13.7604,6.78308,23.8416,17.7296,4.87422,0.515889,0.467221,0.102887,0.477528,0.438655,0.110364,0.393258,0.331545,0.221389,0.202247,0.278335,0.193691,0.833333,0.631158,0.222821
P4e9a2418a1,227312,261_200005,261,200005,1,18,continental,B,2018,2018-07-27,2018-08-05,7,187.9,18.2783,4,288,260,17.8931,0.518671,28.3129,13.7131,5.71917,8.51517,7.17957,3.20894,1.70303,2.21864,1.53702,6.81213,4.96093,2.26018,2.55455,2.71862,1.80107,2.12879,1.92123,1.08713,1.0644,0.594808,0.820515,4.68334,3.30192,1.58381,25.7584,13.9067,7.27134,28.9175,17.5073,5.02879,0.584153,0.473789,0.110969,0.520408,0.447346,0.117194,0.306122,0.343972,0.209182,0.367347,0.292038,0.185026,0.861111,0.603627,0.204212
P4ec69893f6,151571,233_3173,233,3173,1,16,continental,B,2005,2005-07-29,2005-08-09,9,126,15.2939,13,213,183,16.0795,0.469724,12.0635,12.856,5.24476,18.7302,8.23237,3.98822,8.57143,3.06088,1.95031,10.1587,5.17149,2.58862,0.952381,1.07024,0.957928,1.5873,2.22035,1.32631,0.634921,0.668422,1.0218,4.12698,4.04177,1.79372,19.3651,11.2131,7.39604,18.9206,18.7005,5.27689,0.407725,0.434615,0.0982785,0.4,0.408762,0.106365,0.1,0.262415,0.204851,0.375,0.320575,0.209024,0.4,0.5625,0.188512
P4ec69893f6,151571,233_3947,233,3947,1,16,continental,B,2006,2006-08-09,2006-08-20,9,283,16.3234,1,215,193,16.0988,0.458267,16.6784,12.6787,5.56046,15.689,7.77495,3.54031,5.08834,2.85168,1.83993,10.6007,4.92326,2.22694,1.27208,1.85616,1.29885,1.69611,2.11648,1.15237,2.26148,0.594732,0.736178,2.9682,4.05108,1.72428,28.5512,11.4694,7.06546,15.5703,18.4004,5.343,0.661732,0.434372,0.102714,0.694444,0.405707,0.108031,0.0138889,0.256989,0.214659,0.541667,0.330141,0.240771,0.461538,0.575458,0.195862
P4ec69893f6,151571,261_4640,261,4640,1,18,continental,B,2007,2007-08-03,2007-08-12,8,225,17.3008,6,239,211,17.8176,0.574367,20.4444,13.2477,5.47814,17.6,7.57083,3.55907,6.4,2.65459,1.83044,11.2,4.91624,2.33197,1.77778,2.07036,1.55097,1.95556,2.06781,1.14501,3.2,0.517867,0.824414,2.31111,3.50857,1.73642,32.8889,13.1791,7.24089,19.712,17.3415,4.84117,0.587454,0.469798,0.11312,0.573333,0.443333,0.122189,0.0266667,0.285372,0.209869,0.693333,0.349568,0.222758,0.557692,0.586228,0.208491
P4ec69893f6,151571,261_4957,261,4957,1,18,continental,B,2008,2008-07-25,2008-08-03,8,240,18.2783,2,239,209,17.8504,0.547054,27.1667,13.7832,5.28451,10.5,6.19907,2.97913,4.16667,2.04482,1.52547,6.33333,4.15425,1.88049,2,1.89565,1.37369,3.16667,1.63008,1.01985,2.16667,0.394607,0.565542,1.66667,3.30465,1.45345,31.3333,12.5942,6.48542,23.84,16.6946,4.35641,0.612598,0.509957,0.109577,0.591346,0.480745,0.115403,0.144231,0.288141,0.210337,0.634615,0.357055,0.23982,0.606061,0.635377,0.177818
P50c2524b85,223794,256_6329,256,6329,3,18,continental,A,2016,2016-07-19,2016-07-23,5,115.317,18.0319,2,94,77,17.8726,0.574362,13.528,14.0057,5.76617,6.93742,8.21707,3.78513,1.73435,2.56444,1.7462,5.20306,5.65263,2.61089,9.36552,3.11392,2.20868,5.20306,1.77441,1.19438,0.693742,0.793203,0.99331,5.54993,3.21626,1.61855,21.1591,14.6071,8.18991,19.7439,18.7001,5.4949,0.47654,0.446887,0.113778,0.409091,0.406604,0.127223,0.0909091,0.324753,0.239791,0.545455,0.326277,0.210162,0.666667,0.668448,0.188214
P5277c76d51,211822,233_9197,233,9197,1,16,continental,B,2015,2015-08-06,2015-08-16,9,269,16.0743,5,288,273,16.0536,0.488866,19.0335,12.0954,5.03711,11.8959,7.70108,3.22868,2.67658,2.43602,1.57291,9.21933,5.26506,2.1845,2.52788,2.49267,1.59112,1.33829,2.13798,1.12466,4.90706,0.580551,0.751719,3.56877,3.82628,1.80152,23.197,11.7523,6.21852,23.9822,17.7938,5.05444,0.4662,0.427732,0.1052,0.446281,0.399592,0.117268,0.14876,0.307242,0.208161,0.305785,0.318204,0.222891,0.540541,0.568206,0.189089
P5277c76d51,211822,261_9876,261,9876,1,18,continental,B,2016,2016-07-29,2016-08-07,8,195.417,17.0517,10,288,273,17.9144,0.531337,18.6269,13.1513,4.99833,16.7846,6.98983,3.13259,4.09382,2.08842,1.46602,12.6908,4.9014,2.09176,2.45629,2.39013,1.64484,1.02345,1.95418,1.20131,6.7548,0.612392,0.853137,4.91258,3.67754,1.56722,29.6802,12.5771,6.68941,22.8517,17.622,4.50419,0.519169,0.465994,0.105809,0.493243,0.43853,0.114144,0.162162,0.329487,0.226044,0.418919,0.296576,0.204239,0.580645,0.61322,0.211205
P52c65c114a,180412,249_3924,249,3924,3,17,world,A,2010,2010-07-02,2010-07-11,8,163,17.2433,1,144,123,17.0611,0.420802,16.4417,14.634,6.05534,2.94479,7.23158,3.56787,1.47239,2.36571,1.70469,1.47239,4.86587,2.26597,8.34356,2.8592,2.15155,6.87117,1.87293,1.1407,0.490798,0.761711,1.11447,4.41718,3.58026,1.49053,20.3681,14.7809,8.47015,21.1632,18.1558,4.72464,0.490914,0.491637,0.10797,0.449153,0.45895,0.11802,0.440678,0.327866,0.235277,0.355932,0.373086,0.229118,0.666667,0.600608,0.200517
P52f2ddbdea,211576,235_7608,235,7608,2,16,continental,A,2014,2014-08-20,2014-08-30,9,180,15.4172,4,192,178,16.1846,0.370405,14.2222,12.5028,5.21693,8.88889,6.96225,2.99749,3.33333,2.30535,1.67587,5.55556,4.6569,1.81358,3.55556,2.42548,1.61146,3.11111,1.93369,1.08889,0.666667,0.552882,0.710669,2,3.5349,1.63269,17.5556,12.1635,7.20481,19.28,17.1365,4.65544,0.411523,0.45362,0.105187,0.401316,0.424757,0.118064,0.276316,0.284335,0.206536,0.0526316,0.295501,0.244575,0.75,0.619749,0.207618
P52f2ddbdea,211576,235_9179,235,9179,2,16,continental,A,2015,2015-08-06,2015-08-16,8,211,16.3782,3,180,164,16.1589,0.414338,33.9336,12.4324,5.68268,8.90995,7.6053,3.2469,0.56872,2.34261,1.69662,8.34123,5.26269,2.08949,2.46445,2.72723,1.69989,2.46445,1.84902,1.01899,1.13744,0.801164,1.0368,5.11848,3.4073,1.56407,27.6777,12.5675,6.84732,35.3668,17.5852,5.46185,0.560918,0.430085,0.106806,0.521739,0.400494,0.116028,0.268116,0.311668,0.216082,0.355072,0.296641,0.190597,0.714286,0.599277,0.203394
P52f2ddbdea,211576,249_9678,249,9678,3,17,world,A,2016,2016-06-23,2016-07-03,7,147.933,17.2598,2,191,171,16.9215,0.517517,21.361,13.9298,6.67868,10.8157,8.20946,4.09228,2.43353,2.77559,2.1245,8.38215,5.43387,2.64062,2.70392,2.6531,1.83642,2.43353,1.85697,1.24533,0.540784,0.669885,0.963228,4.86706,3.64504,1.46955,17.0347,13.7052,8.47552,29.635,18.8523,5.48244,0.431223,0.446186,0.125912,0.417647,0.416886,0.129648,0.247059,0.303263,0.224477,0.176471,0.349537,0.221993,0.533333,0.59047,0.214261
P53313a94c2,132130,263_1927,263,1927,3,18,continental,A,2000,2000-07-14,2000-07-23,8,270,17.8621,2,143,124,17.8597,0.588259,19.7037,13.5344,4.99944,3.55556,5.13608,2.75372,0.740741,1.69152,1.36508,2.81481,3.44457,1.71182,2.81481,1.67128,1.17559,3.25926,2.27105,1.16485,0,0.0760381,0.197735,3.40741,3.01777,1.28522,16.1481,12.4378,5.59886,19.8519,15.5847,4.40578,0.599099,0.537884,0.114907,0.589888,0.494632,0.124484,0.449438,0.27518,0.210868,0.561798,0.450926,0.262913,0.56,0.691974,0.170709
P539be6c711,222098,228_6293,228,6293,2,16,continental,A,2015,2015-10-29,2015-11-07,9,237.2,15.0393,1,177,148,16.0924,0.663503,21.2479,13.2572,6.85091,8.60034,7.86543,3.56723,3.54132,2.81413,1.73021,5.05902,5.05129,2.36716,2.36088,3.2596,2.11545,1.85497,2.08281,1.15948,1.34907,0.686354,0.928413,2.52951,4.0146,1.74761,23.4401,13.475,8.70025,20.1079,18.913,6.04778,0.604375,0.430037,0.117724,0.584211,0.404553,0.119133,0.6,0.272771,0.21282,0.221053,0.274558,0.171543,0.714286,0.591664,0.211854
P539be6c711,222098,249_9678,249,9678,3,17,world,A,2016,2016-06-23,2016-07-03,7,182.15,15.6937,8,191,171,16.9215,0.517517,18.0071,13.9298,6.67868,4.61158,8.20946,4.09228,1.75679,2.77559,2.1245,2.85479,5.43387,2.64062,1.098,2.6531,1.83642,0.878397,1.85697,1.24533,0.878397,0.669885,0.963228,0.658798,3.64504,1.46955,17.5679,13.7052,8.47552,14.555,18.8523,5.48244,0.647914,0.446186,0.125912,0.62931,0.416886,0.129648,0.706897,0.303263,0.224477,0.206897,0.349537,0.221993,0.75,0.59047,0.214261
P539be6c711,222098,258_208014,258,208014,3,18,continental,A,2018,2018-08-05,2018-08-11,6,192.733,17.7991,8,192,149,17.7607,0.717247,32.3763,14.3479,6.46939,12.8675,8.03846,4.03262,4.35835,2.70797,1.98566,8.50917,5.33049,2.6238,7.47146,2.81443,2.14179,4.15081,1.74511,1.10851,1.45278,0.677461,0.975007,4.98098,3.1424,1.93943,38.6026,14.2885,8.92826,32.3182,18.8822,5.9446,0.592165,0.448979,0.117181,0.547826,0.42564,0.125208,0.486957,0.314682,0.224961,0.330435,0.274683,0.203786,0.789474,0.584176,0.231585
P53a27c701d,190724,235_6392,235,6392,2,16,continental,A,2011,2011-07-28,2011-08-07,8,194,16.4165,9,192,179,16.1188,0.398839,16.2887,12.9622,5.36941,8.04124,6.80125,2.9956,2.06186,2.25598,1.40936,5.97938,4.54527,2.04091,4.12371,2.64245,1.80832,2.8866,1.85522,1.0231,0.412371,0.477887,0.656716,2.8866,3.55796,1.51276,21.6495,12.5779,6.58699,16.3134,17.2823,4.94242,0.606572,0.465276,0.107645,0.545455,0.432676,0.108941,0.527273,0.271484,0.201794,0.418182,0.332399,0.211663,0.826087,0.622716,0.200533
P53f54898a1,322220,258_208492,258,208492,3,18,continental,A,2022,2022-08-21,2022-08-28,5,117.05,17.1722,3,120,79,17.8429,0.759201,21.1875,14.634,5.87406,15.7198,7.92842,4.07373,6.15122,2.52109,1.81986,9.56856,5.40733,2.94402,6.15122,3.82725,2.24465,1.0252,2.23851,1.51424,6.15122,0.86843,1.17947,3.75908,3.40216,1.82357,39.6412,16.2729,8.1479,19.8343,18.9748,4.77165,0.659014,0.472464,0.131787,0.6375,0.442009,0.140799,0.05,0.354489,0.214545,0.4,0.271729,0.23788,0.6875,0.669315,0.233758
P53f54898a1,322220,276_208303,276,208303,4,19,world,A,2023,2023-06-24,2023-07-02,7,204.6,18.0154,10,192,171,18.7974,0.613254,17.2043,14.5229,5.57383,14.2717,7.31327,3.5997,1.56403,2.26354,1.97353,12.7077,5.04973,2.36409,6.45161,3.39522,2.10822,0.58651,1.87556,1.05134,6.84262,0.776271,1.07652,5.27859,3.03164,1.41202,31.2805,15.7805,7.34509,21.1769,17.7644,4.99257,0.541072,0.488426,0.11044,0.514493,0.45281,0.117257,0.0869565,0.375743,0.229382,0.405797,0.333211,0.259769,0.607143,0.671531,0.195633
P53f786523f,197440,235_6848,235,6848,2,16,continental,A,2012,2012-07-19,2012-07-29,5,28,14.6971,8,192,176,16.1096,0.40158,20,12.8957,5.1393,10,7.28115,3.27484,2.85714,2.53061,1.6142,7.14286,4.75054,2.1455,1.42857,2.32455,1.79593,0,1.66324,1.06284,0,0.723676,0.957328,8.57143,3.17391,1.28807,18.5714,12.7939,6.1131,22.0571,17.0911,4.4667,0.741525,0.454765,0.0973089,0.777778,0.417223,0.100403,0,0.278735,0.216581,0.111111,0.348814,0.239972,0,0.626435,0.186476
P53f786523f,197440,235_7364,235,7364,2,16,continental,A,2013,2013-08-08,2013-08-18,9,319,15.7512,6,192,176,16.1494,0.417776,11.0345,12.0706,5.17484,12.163,7.3559,3.30485,2.50784,2.33535,1.69878,9.65517,5.02054,2.14859,4.6395,2.5407,1.51138,1.00313,1.76576,0.99107,1.88088,0.751828,0.93185,3.63636,3.31424,1.38043,20.5643,12.1925,6.19516,14.5304,16.9868,4.87665,0.506446,0.434476,0.102948,0.493333,0.397849,0.112339,0.2,0.298159,0.215887,0.36,0.314844,0.202948,0.518519,0.618503,0.187752
P53f786523f,197440,263_7865,263,7865,3,18,continental,A,2014,2014-07-24,2014-08-03,9,261,16.7094,3,192,176,17.9913,0.462011,19.9234,12.9726,5.15589,14.4061,7.14215,3.50984,3.67816,2.43117,1.78733,10.728,4.71098,2.23201,6.7433,2.69449,1.70245,1.53257,1.47393,1.00006,3.06513,0.759594,0.965605,2.29885,2.96367,1.19841,33.1034,13.5376,6.41741,20.4628,16.6288,4.02095,0.548431,0.465813,0.107561,0.519231,0.435883,0.108075,0.355769,0.288309,0.208611,0.317308,0.293083,0.181589,0.666667,0.628737,0.212208
P5480a34012,251346,256_6366,256,6366,3,18,continental,A,2018,2018-06-10,2018-06-16,6,107.983,17.6157,1,96,77,17.828,0.525502,23.7074,15.5566,6.39686,18.8918,7.77187,3.98199,5.92684,2.65775,2.03709,12.965,5.11411,2.64736,5.55641,3.78512,2.52326,3.33385,1.61263,0.882308,1.48171,0.880985,1.00481,3.33385,2.9353,1.21748,42.9696,17.4064,9.44377,21.1736,18.4751,4.87942,0.664452,0.491529,0.127491,0.619048,0.463231,0.128982,0.0238095,0.303395,0.213193,0.333333,0.260848,0.177817,0.857143,0.684055,0.226582
P5480a34012,251346,276_208102,276,208102,4,19,world,A,2019,2019-06-29,2019-07-07,7,140.717,18.6725,1,192,168,18.6475,0.728834,25.2991,14.9774,5.89675,12.5074,7.59112,3.57536,5.11666,2.50232,1.90133,7.39074,5.0888,2.25154,1.13704,3.76513,2.367,3.41111,1.8283,1.12827,1.70555,0.752157,0.973827,3.41111,3.17443,1.35909,32.4055,16.2674,7.67017,23.3206,18.4721,5.13993,0.635351,0.484167,0.109451,0.611111,0.454807,0.11544,0.142857,0.359548,0.228901,0.253968,0.311439,0.241065,0.75,0.660183,0.20512
P54d4de841c,203585,225_5339,225,5339,2,16,continental,A,2013,2013-06-11,2013-06-15,5,92,15.0804,1,96,73,15.869,0.45778,12.6087,13.2565,5.84565,8.26087,8.77675,4.15857,3.47826,3.27951,2.5446,4.78261,5.49724,2.29527,4.34783,2.85525,2.04582,2.6087,2.08748,1.25301,0.434783,1.11343,1.64152,5.21739,3.72731,2.07111,13.0435,13.5197,10.0595,20.1391,19.3832,5.13454,0.422494,0.420538,0.116148,0.424242,0.393257,0.123037,0.575758,0.250883,0.223798,0.0909091,0.367652,0.243795,0.333333,0.538447,0.213621
P54d4de841c,203585,249_5075,249,5075,3,17,world,A,2014,2014-08-08,2014-08-16,7,141.15,16.2495,1,192,173,17.0583,0.489002,17.8533,13.6034,6.14842,2.55048,7.6474,3.67246,1.41693,2.55281,1.94621,1.13355,5.0946,2.20776,3.11725,2.14955,1.47007,1.70032,1.80889,1.11705,0.850159,0.718134,1.07747,3.40064,3.23583,1.51772,14.7361,13.5763,8.92179,18.0914,17.7478,5.19007,0.607639,0.460191,0.126088,0.574468,0.428331,0.130989,0.617021,0.299498,0.224593,0.234043,0.302479,0.220999,0.818182,0.637699,0.213798
P54d4de841c,203585,276_6290,276,6290,4,19,world,A,2015,2015-06-27,2015-07-05,7,154.433,17.1338,1,191,180,18.6008,0.756787,11.1375,13.755,5.55959,2.84913,7.3828,3.65745,1.29506,2.49694,1.90522,1.55407,4.88586,2.44791,1.81308,3.28532,2.18966,0.777034,1.90259,1.12162,0,0.672111,0.938022,1.81308,3.43624,1.60082,6.99331,14.5182,7.46481,13.3132,17.8545,4.65107,0.484234,0.470651,0.115139,0.475,0.436661,0.120193,0.6,0.306253,0.220425,0.25,0.333827,0.227034,0.5,0.639017,0.184202
P55c2defaf8,188250,266_3932,266,3932,2,18,continental,A,2010,2010-09-17,2010-09-19,1,,18.396,1,22,0,18.1828,0.666808,,,,,,,,,,,,,,,,,,,,,,,,,,,,,,,,,,,,,,,,,,,,,
P55c2defaf8,188250,276_4346,276,4346,4,19,world,A,2011,2011-06-30,2011-07-10,9,235,19.2009,6,192,170,18.6783,0.680358,22.1277,13.9628,5.5381,10.5532,6.96907,3.32639,5.10638,2.2765,1.60615,5.44681,4.69256,2.26884,3.57447,2.54793,1.8548,2.55319,1.36418,0.869805,0.851064,0.642267,0.93216,2.38298,2.87201,1.41472,23.3191,14.0555,7.05949,25.5183,17.0082,4.58642,0.478222,0.486074,0.11285,0.440171,0.453588,0.118095,0.0512821,0.291718,0.211296,0.367521,0.314934,0.203526,0.627907,0.647068,0.216658
P5698276a02,269308,276_208102,276,208102,4,19,world,A,2019,2019-06-29,2019-07-07,7,201.133,17.2187,6,192,168,18.6475,0.728834,30.6265,14.9774,5.89675,8.55154,7.59112,3.57536,2.38648,2.50232,1.90133,6.16506,5.0888,2.25154,1.98873,3.76513,2.367,1.59098,1.8283,1.12827,0.596619,0.752157,0.973827,2.58535,3.17443,1.35909,23.8648,16.2674,7.67017,31.7163,18.4721,5.13993,0.525669,0.484167,0.109451,0.496094,0.454807,0.11544,0.359375,0.359548,0.228901,0.328125,0.311439,0.241065,0.642857,0.660183,0.20512
P56b91ee390,189330,263_6167,263,6167,3,18,continental,A,2011,2011-07-21,2011-07-31,9,229,17.9963,1,192,167,17.9267,0.499711,20.6114,13.0901,4.53852,7.51092,6.82577,3.05337,1.39738,2.15448,1.4701,6.11354,4.67129,2.08574,2.09607,2.31054,1.70444,2.79476,2.16501,1.02606,1.74672,0.572783,0.732472,2.09607,3.10584,1.23843,25.3275,13.3438,5.98111,17.3834,16.7564,3.9907,0.674132,0.480029,0.109667,0.623288,0.452251,0.117694,0.561644,0.341229,0.207381,0.452055,0.28617,0.186387,0.818182,0.621596,0.207247
P575f19a655,182010,256_3935,256,3935,3,18,continental,A,2010,2010-06-26,2010-06-30,5,103,18.2701,1,96,77,17.842,0.642168,26.4078,14.92,6.47935,9.70874,7.40885,3.62563,2.3301,2.61003,2.12449,7.37864,4.79882,2.16489,8.15534,2.58206,2.14585,3.1068,1.62998,1.0838,1.16505,0.884029,1.47478,3.8835,3.20333,1.67174,34.1748,15.0256,9.28155,25.9107,18.3041,5.14914,0.599436,0.490412,0.12998,0.558824,0.454684,0.13257,0.254902,0.275486,0.216548,0.254902,0.35016,0.263199,0.846154,0.649623,0.198629
P58407301c7,298589,263_208564,263,208564,3,18,continental,A,2023,2023-07-22,2023-07-30,7,170.717,17.9689,4,192,172,17.8257,0.512341,21.0876,14.3028,5.69381,7.4978,7.25277,3.03004,2.34306,2.26854,1.70528,5.15474,4.98423,2.08958,2.34306,3.04741,2.16666,3.04598,1.824,1.05533,0.234306,0.81112,1.10455,3.04598,3.31206,1.50867,22.0248,15.1091,7.1839,20.2816,17.7115,4.89973,0.611746,0.490444,0.111432,0.595238,0.459284,0.119468,0.412698,0.343031,0.214885,0.380952,0.347734,0.228821,0.625,0.63379,0.217634
P5849f19551,190655,235_6392,235,6392,2,16,continental,A,2011,2011-07-28,2011-08-07,9,222,16.3316,7,192,179,16.1188,0.398839,20,12.9622,5.36941,4.32432,6.80125,2.9956,1.98198,2.25598,1.40936,2.34234,4.54527,2.04091,2.52252,2.64245,1.80832,2.88288,1.85522,1.0231,0,0.477887,0.656716,2.7027,3.55796,1.51276,15.1351,12.5779,6.58699,22.5081,17.2823,4.94242,0.504913,0.465276,0.107645,0.434066,0.432676,0.108941,0.340659,0.271484,0.201794,0.472527,0.332399,0.211663,0.744186,0.622716,0.200533
P5849f19551,190655,263_6841,263,6841,3,18,continental,A,2012,2012-08-09,2012-08-19,8,157,17.3665,9,192,173,18.0077,0.501748,12.9936,13.0795,4.9437,4.58599,6.75668,3.21883,1.01911,2.28163,1.74982,3.56688,4.47505,1.98629,1.78344,2.21655,1.59492,1.78344,1.543,0.814065,0.254777,0.529302,0.784632,1.78344,2.93814,1.32882,11.9745,12.8742,5.87101,14.5325,16.4465,4.58644,0.509592,0.481624,0.100837,0.5,0.444958,0.113577,0.232558,0.298548,0.215888,0.372093,0.326779,0.221842,0.5,0.670099,0.189384
P5849f19551,190655,263_7344,263,7344,3,18,continental,A,2013,2013-07-18,2013-07-28,9,143,18.3056,1,191,174,17.9125,0.508753,14.5455,13.0135,4.58007,5.87413,7.05119,3.208,1.11888,2.27233,1.65453,4.75524,4.77885,2.03852,2.51748,2.35798,1.62572,1.3986,1.48397,0.869493,0.839161,0.609971,0.931135,1.3986,2.93491,1.39893,10.6294,13.0399,6.10422,19.4014,16.6348,4.08793,0.403978,0.470941,0.0888453,0.383929,0.437653,0.0951866,0.375,0.320932,0.214645,0.339286,0.292855,0.172068,0.473684,0.635504,0.213807
P58c3f134a2,182014,256_3935,256,3935,3,18,continental,A,2010,2010-06-26,2010-06-30,5,81,18.229,1,96,77,17.842,0.642168,20.2469,14.92,6.47935,17.284,7.40885,3.62563,6.91358,2.61003,2.12449,10.3704,4.79882,2.16489,2.46914,2.58206,2.14585,0.987654,1.62998,1.0838,3.45679,0.884029,1.47478,0.987654,3.20333,1.67174,35.5556,15.0256,9.28155,17.1852,18.3041,5.14914,0.625,0.490412,0.12998,0.520833,0.454684,0.13257,0.166667,0.275486,0.216548,0.833333,0.35016,0.263199,0.8,0.649623,0.198629
P58c3f134a2,182014,276_4346,276,4346,4,19,world,A,2011,2011-06-30,2011-07-10,9,142,19.2557,5,192,170,18.6783,0.680358,12.6761,13.9628,5.5381,19.1549,6.96907,3.32639,6.47887,2.2765,1.60615,12.6761,4.69256,2.26884,1.40845,2.54793,1.8548,1.97183,1.36418,0.869805,4.50704,0.642267,0.93216,1.97183,2.87201,1.41472,29.8592,14.0555,7.05949,14.9408,17.0082,4.58642,0.488705,0.486074,0.11285,0.461538,0.453588,0.118095,0.0769231,0.291718,0.211296,0.410256,0.314934,0.203526,0.5625,0.647068,0.216658
P5969d3ea2a,159907,235_4658,235,4658,2,16,continental,A,2007,2007-07-20,2007-07-29,8,218,15.1899,4,192,165,16.1521,0.336187,16.3303,12.3541,4.59564,14.3119,7.48686,3.65328,6.78899,2.55119,1.80173,7.52294,4.93567,2.29467,0.917431,2.18982,1.69305,2.01835,1.94641,1.03035,0.550459,0.660085,0.994941,4.40367,3.73715,1.59913,23.4862,11.557,6.80259,18.0477,17.7128,3.97293,0.59844,0.43747,0.105535,0.575758,0.408067,0.115767,0,0.296124,0.208775,0.287879,0.34249,0.212342,0.684211,0.577994,0.201034
P5969d3ea2a,159907,263_4956,263,4956,3,18,continental,A,2008,2008-07-25,2008-08-03,8,268,16.2057,9,190,167,17.9503,0.536053,22.8358,13.988,5.20746,17.4627,6.93028,3.5822,6.26866,2.24383,1.77763,11.194,4.68645,2.28417,0.597015,2.32297,1.43874,1.49254,1.79539,1.01503,1.19403,0.509386,0.943808,3.58209,3.24236,1.28108,33.1343,13.8074,6.98797,20.4716,17.2371,4.04561,0.676034,0.494636,0.112498,0.661458,0.464202,0.115365,0.0208333,0.344286,0.205556,0.40625,0.32113,0.203579,0.666667,0.650715,0.19044
P5969d3ea2a,159907,235_4904,235,4904,2,16,continental,A,2008,2008-08-15,2008-08-24,8,277,16.2632,3,192,174,16.2135,0.407837,26.426,12.5077,5.2804,19.0614,7.05601,3.46531,5.48736,2.21132,1.56439,13.574,4.8447,2.40248,0.144404,0.953761,0.795718,1.01083,1.63093,1.02672,1.73285,0.491683,0.69126,5.19856,3.26338,1.41144,33.7906,10.3009,6.66525,25.3227,16.9308,4.67101,0.656573,0.448308,0.104155,0.642202,0.420617,0.117124,0.0183486,0.27773,0.210658,0.633028,0.386976,0.243847,0.623188,0.562564,0.19469
P5969d3ea2a,159907,263_5369,263,5369,3,18,continental,A,2009,2009-07-23,2009-08-02,9,256,17.2023,3,192,172,17.9564,0.515203,26.0938,13.4523,4.84686,23.125,7.0493,3.39971,7.65625,2.30482,1.73801,15.4688,4.74449,2.1617,1.875,2.29862,1.67821,1.09375,1.76376,0.881262,2.5,0.630648,0.946697,3.28125,3.12517,1.39684,40.4688,13.2734,6.32229,25.4688,17.0452,4.02754,0.588028,0.479516,0.106437,0.55,0.449276,0.117717,0.0333333,0.347624,0.215776,0.416667,0.333155,0.243838,0.7,0.618493,0.19843
P5a591d3e24,191921,128_6556,128,6556,1,17,zone,B,2011,2011-08-03,2011-08-07,4,118,15.7265,5,96,69,16.9025,0.576976,21.3559,14.6585,7.08935,11.5254,9.22034,3.64103,3.05085,3.72856,2.05171,8.47458,5.49178,2.34932,2.71186,2.52682,2.14466,1.35593,2.30018,1.56271,2.0339,1.16412,1.2947,1.69492,3.8044,1.62651,28.1356,14.7158,7.70756,19.539,20.7638,6.81019,0.598404,0.420684,0.100061,0.58,0.389087,0.10243,0.44,0.215509,0.194251,0.12,0.321414,0.210076,0.833333,0.574698,0.193919
P5afd5b991d,143574,276_2701,276,2701,4,19,world,A,2003,2003-07-10,2003-07-20,8,189,19.064,5,191,169,18.5582,0.778566,14.1799,14.7546,5.86231,5.50265,7.66681,4.08489,0.42328,2.82725,2.17764,5.07937,4.83956,2.42976,8.04233,2.51525,1.77315,0.846561,1.78176,0.971028,0.21164,0.745574,1.06344,2.53968,3.60365,1.61538,16.9312,14.9771,7.76918,17.5831,18.2155,4.73759,0.4713,0.499082,0.103392,0.448529,0.466482,0.108614,0.573529,0.286063,0.223708,0.102941,0.381572,0.266311,0.857143,0.6359,0.189796
P5c0fad1503,138001,235_1897,235,1897,2,16,continental,A,2001,2001-07-13,2001-07-22,7,221,15.3049,8,143,125,16.1405,0.362344,20.8145,13.7865,5.2749,12.6697,7.17602,3.04877,5.79186,2.38119,1.75493,6.87783,4.79483,1.94156,1.08597,2.684,1.74862,1.99095,1.79417,1.11191,1.26697,0.392939,0.610264,1.80995,3.4587,1.46797,22.4434,13.707,6.34279,22.6896,17.5258,4.71195,0.49844,0.489491,0.113442,0.520833,0.448597,0.116424,0.0208333,0.284706,0.210767,0.458333,0.380888,0.255162,0.340909,0.67946,0.265466
P5c0fad1503,138001,263_2886,263,2886,2,18,continental,A,2002,2002-04-16,2002-05-01,5,134,16.0797,,215,171,17.6684,0.638695,6.56716,14.6204,6.12192,8.35821,7.00378,3.82327,2.98507,2.37113,1.9328,5.37313,4.63265,2.45718,1.49254,2.22423,1.5258,2.08955,2.11906,1.25803,1.49254,0.661502,0.980784,0.895522,3.34676,1.59983,15.5224,14.1894,8.33006,7.09254,18.0781,4.77723,0.529865,0.491982,0.136556,0.578947,0.460447,0.145329,0,0.28294,0.203308,0.210526,0.395805,0.29325,0,0.630283,0.185994
P5c0fad1503,138001,263_2888,263,2888,3,18,continental,A,2002,2002-07-12,2002-07-21,7,211,16.3015,11,144,121,17.8703,0.557956,8.72038,14.3906,5.26654,9.66825,6.71397,3.12939,4.17062,2.2151,1.69496,5.49763,4.49886,1.94982,1.13744,2.07608,1.44154,1.13744,1.29316,0.888823,4.36019,0.571274,0.765198,2.08531,2.67339,1.00866,19.5261,14.0137,6.18081,9.43318,16.7644,4.51804,0.593395,0.516086,0.1088,0.621622,0.474349,0.120006,0,0.284976,0.201016,0.108108,0.371592,0.21432,0,0.687328,0.17851
P5c0fad1503,138001,263_2703,263,2703,3,18,continental,A,2004,2003-07-30,2004-07-18,5,175,18.2947,12,493,386,17.9197,0.574968,24.9143,13.9298,5.58557,16.4571,6.69318,3.18094,6.4,2.34716,1.63659,10.0571,4.34602,1.99629,2.97143,2.20858,1.78794,4.34286,2.4645,1.29161,5.02857,0.660544,0.907576,5.48571,3.70521,1.86017,30.8571,13.3501,7.66077,30.2263,17.9913,4.82067,0.503511,0.480562,0.114943,0.480519,0.44764,0.122844,0.012987,0.292519,0.224662,0.922078,0.361925,0.24503,0.492958,0.622708,0.195562
P5da3d9ffcd,210175,261_7866,261,7866,1,18,continental,B,2014,2014-07-24,2014-08-03,6,62,17.2707,1,261,237,17.8211,0.538707,20,12.02,4.79677,11.6129,7.24838,3.16814,5.16129,2.15792,1.49421,6.45161,5.09045,2.19666,1.93548,2.45367,1.90335,1.93548,1.74161,1.07428,0.645161,0.593376,0.842599,2.58065,3.36847,1.47299,18.0645,12.2457,6.50613,24.1032,16.4929,4.26809,0.464628,0.453412,0.112597,0.44,0.425727,0.121642,0.04,0.304478,0.208738,0.76,0.292819,0.201031,0.473684,0.617402,0.20892
P5ea12f1777,137443,235_213,235,213,1,16,continental,A,2001,2001-04-04,2001-04-08,5,57,15.1954,,214,165,15.8924,0.462893,3.50877,14.3816,6.0778,9.12281,7.31015,3.20006,6.31579,2.59754,1.91797,2.80702,4.71261,2.06152,0.701754,1.6667,1.40012,4.21053,2.5647,1.38193,2.10526,0.199109,0.472949,2.10526,3.65208,1.50762,7.01754,14.0911,7.59774,13.1649,17.6298,5.04167,0.158629,0.510537,0.139576,0.142857,0.480061,0.149592,0,0.246137,0.218186,0.285714,0.39499,0.262573,0.25,0.619102,0.226488
P5ea12f1777,137443,235_1897,235,1897,2,16,continental,A,2001,2001-07-13,2001-07-22,8,121,15.4829,5,143,125,16.1405,0.362344,15.8678,13.7865,5.2749,18.5124,7.17602,3.04877,9.2562,2.38119,1.75493,9.2562,4.79483,1.94156,0.661157,2.684,1.74862,2.31405,1.79417,1.11191,0.661157,0.392939,0.610264,3.63636,3.4587,1.46797,24.7934,13.707,6.34279,18.7372,17.5258,4.71195,0.525394,0.489491,0.113442,0.527778,0.448597,0.116424,0,0.284706,0.210767,0.611111,0.380888,0.255162,0.454545,0.67946,0.265466
P5ea12f1777,137443,263_2888,263,2888,3,18,continental,A,2002,2002-07-12,2002-07-21,8,172,16.4795,7,144,121,17.8703,0.557956,15.3488,14.3906,5.26654,11.1628,6.71397,3.12939,5.11628,2.2151,1.69496,6.04651,4.49886,1.94982,1.16279,2.07608,1.44154,0.930233,1.29316,0.888823,2.7907,0.571274,0.765198,3.48837,2.67339,1.00866,22.093,14.0137,6.18081,16.0558,16.7644,4.51804,0.610659,0.516086,0.1088,0.595745,0.474349,0.120006,0.0212766,0.284976,0.201016,0.340426,0.371592,0.21432,0.625,0.687328,0.17851
P5ea12f1777,137443,263_2703,263,2703,3,18,continental,A,2004,2003-07-30,2004-07-18,18,453,18.4727,3,493,386,17.9197,0.574968,21.7219,13.9298,5.58557,15.7174,6.69318,3.18094,5.47461,2.34716,1.63659,10.2428,4.34602,1.99629,1.766,2.20858,1.78794,3.35541,2.4645,1.29161,2.47241,0.660544,0.907576,3.97351,3.70521,1.86017,31.3466,13.3501,7.66077,23.1453,17.9913,4.82067,0.566507,0.480562,0.114943,0.52973,0.44764,0.122844,0,0.292519,0.224662,0.394595,0.361925,0.24503,0.684932,0.622708,0.195562
P5f07dfebd6,155219,256_3285,256,3285,3,18,continental,A,2006,2006-06-28,2006-07-02,4,96,17.8648,1,83,62,17.8263,0.580995,18.3333,15.9039,6.01791,7.08333,8.01587,4.3489,3.75,3.03436,2.57069,3.33333,4.98151,2.64958,3.33333,3.02408,2.25258,2.5,1.90095,1.1992,0.416667,0.917461,1.08796,2.5,3.8108,1.88879,17.9167,15.9601,8.69337,21.9667,19.8356,5.43243,0.47089,0.497868,0.124253,0.378049,0.459582,0.135608,0.317073,0.314567,0.242206,0.317073,0.41752,0.293171,1,0.631609,0.199593
P5f9ce00466,341543,256_208738,256,208738,3,18,continental,A,2024,2024-06-03,2024-06-09,6,72.2833,17.654,1,96,83,17.7685,0.612958,21.5817,14.6777,5.98858,8.85405,8.53977,4.51507,2.76689,2.77862,2.02871,6.08716,5.76115,3.00848,9.40742,3.42482,2.49957,9.9608,1.86201,1.40334,0,0.986743,1.35054,2.21351,3.02284,1.40321,32.6493,16.8183,9.2143,27.1155,18.5121,4.90346,0.433333,0.466764,0.103093,0.433333,0.429816,0.106833,0.444444,0.328495,0.21637,0,0.308035,0.194316,,0.681645,0.186835
P5ff9cbca0f,211638,235_7608,235,7608,2,16,continental,A,2014,2014-08-20,2014-08-30,9,252,16.652,10,192,178,16.1846,0.370405,21.9048,12.5028,5.21693,6.66667,6.96225,2.99749,1.74603,2.30535,1.67587,4.92063,4.6569,1.81358,0.952381,2.42548,1.61146,0.952381,1.93369,1.08889,0,0.552882,0.710669,3.49206,3.5349,1.63269,15.3968,12.1635,7.20481,23.6508,17.1365,4.65544,0.543307,0.45362,0.105187,0.512931,0.424757,0.118064,0.456897,0.284335,0.206536,0.215517,0.295501,0.244575,0.76,0.619749,0.207618
P5ff9cbca0f,211638,263_9135,263,9135,3,18,continental,A,2015,2015-07-23,2015-08-02,7,66,17.5746,3,192,177,17.9662,0.519657,7.27273,12.9828,5.3337,7.27273,7.27259,3.08145,1.81818,2.32106,1.75843,5.45455,4.95154,1.861,2.42424,2.86759,2.03248,1.81818,1.81922,0.975622,0.606061,0.648987,0.813504,3.0303,3.05876,1.3906,9.69697,13.6602,6.08357,12.0485,16.9507,4.78429,0.403226,0.459152,0.101695,0.392857,0.431772,0.106165,0.5,0.349507,0.205678,0.142857,0.277712,0.163494,0.5,0.615139,0.207628
P5ff9cbca0f,211638,263_9860,263,9860,3,18,continental,A,2016,2016-12-16,2016-12-22,6,208.083,18.9655,2,187,153,18.2767,0.586155,18.0697,13.6139,5.38014,7.11254,7.20568,2.86897,1.34561,2.29364,1.62013,5.76692,4.91204,1.92612,0.961153,2.86705,1.87995,2.11454,1.70741,0.908815,0.384461,0.541701,0.682196,3.07569,3.18055,1.42469,14.994,13.821,6.33323,20.1688,17.4699,4.96346,0.528565,0.471086,0.106715,0.506173,0.436719,0.119665,0.641975,0.36281,0.217588,0.222222,0.297805,0.210876,0.666667,0.674394,0.191011
P5ff9cbca0f,211638,276_10628,276,10628,4,19,world,A,2017,2017-07-01,2017-07-09,7,184.033,19.5103,6,192,173,18.7401,0.66399,20.8658,13.572,5.43385,5.8685,7.69236,3.66261,0.869408,2.52264,1.93466,4.99909,5.16972,2.34584,3.04293,3.5206,2.17842,1.30411,1.62705,0.99426,0,0.496983,0.747174,3.26028,3.19164,1.50518,13.0411,14.0574,7.39114,25.7432,17.9216,4.88312,0.464037,0.455339,0.108314,0.429348,0.425426,0.112649,0.554348,0.338891,0.227597,0.282609,0.343196,0.196751,0.653846,0.596167,0.211854
P61add2364f,211971,235_7608,235,7608,2,16,continental,A,2014,2014-08-20,2014-08-30,9,339,15.3131,8,192,178,16.1846,0.370405,24.4248,12.5028,5.21693,6.72566,6.96225,2.99749,1.29794,2.30535,1.67587,5.42773,4.6569,1.81358,3.53982,2.42548,1.61146,1.88791,1.93369,1.08889,0.943953,0.552882,0.710669,4.12979,3.5349,1.63269,21.3569,12.1635,7.20481,26.1475,17.1365,4.65544,0.554662,0.45362,0.105187,0.465986,0.424757,0.118064,0.272109,0.284335,0.206536,0.612245,0.295501,0.244575,0.777778,0.619749,0.207618
P61add2364f,211971,235_9179,235,9179,2,16,continental,A,2015,2015-08-06,2015-08-16,9,310,16.2741,1,180,164,16.1589,0.414338,27.0968,12.4324,5.68268,10.4516,7.6053,3.2469,2.83871,2.34261,1.69662,7.6129,5.26269,2.08949,7.35484,2.72723,1.69989,1.80645,1.84902,1.01899,1.29032,0.801164,1.0368,5.54839,3.4073,1.56407,25.5484,12.5675,6.84732,32.8877,17.5852,5.46185,0.495564,0.430085,0.106806,0.446629,0.400494,0.116028,0.280899,0.311668,0.216082,0.432584,0.296641,0.190597,0.662338,0.599277,0.203394
P61add2364f,211971,249_9678,249,9678,3,17,world,A,2016,2016-06-23,2016-07-03,7,226.85,17.1557,9,191,171,16.9215,0.517517,41.9661,13.9298,6.67868,10.0507,8.20946,4.09228,2.11594,2.77559,2.1245,7.93476,5.43387,2.64062,3.70289,2.6531,1.83642,1.76328,1.85697,1.24533,1.05797,0.669885,0.963228,4.23187,3.64504,1.46955,34.2076,13.7052,8.47552,39.963,18.8523,5.48244,0.587248,0.446186,0.125912,0.525641,0.416886,0.129648,0.307692,0.303263,0.224477,0.679487,0.349537,0.221993,0.698113,0.59047,0.214261
P61add2364f,211971,263_9860,263,9860,3,18,continental,A,2016,2016-12-16,2016-12-22,6,200.55,17.6266,6,187,153,18.2767,0.586155,24.1336,13.6139,5.38014,8.17751,7.20568,2.86897,2.79232,2.29364,1.62013,5.38519,4.91204,1.92612,3.98903,2.86705,1.87995,1.79506,1.70741,0.908815,0.199452,0.541701,0.682196,4.98629,3.18055,1.42469,19.9452,13.821,6.33323,27.4046,17.4699,4.96346,0.538256,0.471086,0.106715,0.453488,0.436719,0.119665,0.325581,0.36281,0.217588,0.697674,0.297805,0.210876,0.716667,0.674394,0.191011
P61afdc25a4,268702,276_208102,276,208102,4,19,world,A,2019,2019-06-29,2019-07-07,7,164.35,17.78,1,192,168,18.6475,0.728834,19.9574,14.9774,5.89675,8.27502,7.59112,3.57536,2.19045,2.50232,1.90133,6.08458,5.0888,2.25154,9.73532,3.76513,2.367,2.43383,1.8283,1.12827,1.4603,0.752157,0.973827,3.40736,3.17443,1.35909,25.5552,16.2674,7.67017,25.2632,18.4721,5.13993,0.45657,0.484167,0.109451,0.41358,0.454807,0.11544,0.17284,0.359548,0.228901,0.246914,0.311439,0.241065,0.75,0.660183,0.20512
P620501ed0d,181629,235_6848,235,6848,2,16,continental,A,2012,2012-07-19,2012-07-29,7,203,16.2385,11,192,176,16.1096,0.40158,19.5074,12.8957,5.1393,19.9015,7.28115,3.27484,5.51724,2.53061,1.6142,14.3842,4.75054,2.1455,3.34975,2.32455,1.79593,0.788177,1.66324,1.06284,1.97044,0.723676,0.957328,4.92611,3.17391,1.28807,30.936,12.7939,6.1131,22.0611,17.0911,4.4667,0.569227,0.454765,0.0973089,0.583333,0.417223,0.100403,0.0138889,0.278735,0.216581,0.472222,0.348814,0.239972,0.441176,0.626435,0.186476
P620501ed0d,181629,263_7344,263,7344,3,18,continental,A,2013,2013-07-18,2013-07-28,9,238,17.2351,5,191,174,17.9125,0.508753,21.1765,13.0135,4.58007,17.3109,7.05119,3.208,6.21849,2.27233,1.65453,11.0924,4.77885,2.03852,2.18487,2.35798,1.62572,1.17647,1.48397,0.869493,0.672269,0.609971,0.931135,3.02521,2.93491,1.39893,29.4118,13.0399,6.10422,21.5933,16.6348,4.08793,0.570239,0.470941,0.0888453,0.559783,0.437653,0.0951866,0.0326087,0.320932,0.214645,0.456522,0.292855,0.172068,0.547619,0.635504,0.213807
P620501ed0d,181629,263_7865,263,7865,3,18,continental,A,2014,2014-07-24,2014-08-03,9,257,18.2509,7,192,176,17.9913,0.462011,22.2568,12.9726,5.15589,16.8093,7.14215,3.50984,4.20233,2.43117,1.78733,12.607,4.71098,2.23201,4.98054,2.69449,1.70245,1.71206,1.47393,1.00006,1.55642,0.759594,0.965605,4.51362,2.96367,1.19841,32.6848,13.5376,6.41741,23.751,16.6288,4.02095,0.578479,0.465813,0.107561,0.566038,0.435883,0.108075,0.0943396,0.288309,0.208611,0.377358,0.293083,0.181589,0.575,0.628737,0.212208
P63236d3a70,224678,249_9678,249,9678,3,17,world,A,2016,2016-06-23,2016-07-03,6,111.8,17.0462,1,191,171,16.9215,0.517517,6.79785,13.9298,6.67868,6.44007,8.20946,4.09228,1.78891,2.77559,2.1245,4.65116,5.43387,2.64062,3.22004,2.6531,1.83642,1.78891,1.85697,1.24533,0.715564,0.669885,0.963228,2.14669,3.64504,1.46955,8.22898,13.7052,8.47552,12.7084,18.8523,5.48244,0.321816,0.446186,0.125912,0.269231,0.416886,0.129648,0.615385,0.303263,0.224477,0.307692,0.349537,0.221993,0.625,0.59047,0.214261
P63236d3a70,224678,276_10628,276,10628,4,19,world,A,2017,2017-07-01,2017-07-09,7,128.317,18.062,3,192,173,18.7401,0.66399,14.6513,13.572,5.43385,3.74075,7.69236,3.66261,0.623458,2.52264,1.93466,3.11729,5.16972,2.34584,5.29939,3.5206,2.17842,1.87037,1.62705,0.99426,0,0.496983,0.747174,2.80556,3.19164,1.50518,15.8982,14.0574,7.39114,15.4742,17.9216,4.88312,0.578248,0.455339,0.108314,0.539474,0.425426,0.112649,0.552632,0.338891,0.227597,0.157895,0.343196,0.196751,1,0.596167,0.211854
P63f00af37c,210309,256_5956,256,5956,3,18,continental,A,2014,2014-06-20,2014-06-24,5,81,18.2071,1,96,81,17.6768,0.737825,14.321,14.8401,7.17248,15.8025,7.60001,3.65566,4.93827,2.58774,1.97745,10.8642,5.01227,2.34035,0.987654,2.48714,2.15138,1.48148,1.62935,1.06747,1.97531,0.800831,1.28071,1.97531,3.36171,1.54118,23.7037,14.54,9.22335,15.0716,18.4608,5.62483,0.546757,0.48297,0.128417,0.565217,0.447499,0.128871,0.434783,0.302194,0.236163,0.347826,0.3827,0.227143,0.375,0.61851,0.207815
P64263ced9d,235741,225_6349,225,6349,2,16,continental,A,2017,2017-06-14,2017-06-18,5,83.2333,15.3542,1,96,81,15.9285,0.450727,23.5483,14.0777,7.13371,4.80577,7.22499,3.47711,1.92231,2.09694,1.52712,2.88346,5.12806,2.44958,1.44173,2.22697,1.59617,2.40288,1.98206,1.51722,0.480577,0.649251,0.855969,0.961153,3.66709,1.75066,20.6648,13.6286,9.57638,19.8767,18.0216,5.42217,0.622459,0.477819,0.139787,0.629032,0.452635,0.151814,0.483871,0.279386,0.208295,0.612903,0.33701,0.198038,0.526316,0.591627,0.221309
P64263ced9d,235741,249_6362,249,6362,3,17,world,A,2018,2018-06-30,2018-07-08,7,131.083,16.4083,1,192,164,16.8926,0.549015,33.5664,13.6297,6.29877,4.88239,7.82266,3.91205,3.35664,2.57156,1.90715,1.52575,5.2511,2.60945,3.66179,2.92738,1.79192,3.05149,2.03945,1.2786,0.610299,0.8843,1.12185,1.8309,3.58085,1.74045,29.2943,14.2974,8.36935,28.9892,18.3289,5.60027,0.617978,0.451383,0.118515,0.608974,0.422609,0.127554,0.564103,0.299801,0.212952,0.320513,0.310662,0.212748,0.6,0.624098,0.182167
P64263ced9d,235741,276_208102,276,208102,4,19,world,A,2019,2019-06-29,2019-07-07,7,150.8,17.4049,1,192,168,18.6475,0.728834,18.8329,14.9774,5.89675,3.97878,7.59112,3.57536,1.85676,2.50232,1.90133,2.12202,5.0888,2.25154,2.38727,3.76513,2.367,3.18302,1.8283,1.12827,0.530504,0.752157,0.973827,1.06101,3.17443,1.35909,16.4456,16.2674,7.67017,20.1061,18.4721,5.13993,0.494429,0.484167,0.109451,0.444444,0.454807,0.11544,0.460317,0.359548,0.228901,0.31746,0.311439,0.241065,0.75,0.660183,0.20512
P64adb31e4d,204593,235_7364,235,7364,2,16,continental,A,2013,2013-08-08,2013-08-18,9,63,16.4192,6,192,176,16.1494,0.417776,16.5079,12.0706,5.17484,19.6825,7.3559,3.30485,6.98413,2.33535,1.69878,12.6984,5.02054,2.14859,3.1746,2.5407,1.51138,0,1.76576,0.99107,3.1746,0.751828,0.93185,3.1746,3.31424,1.38043,26.6667,12.1925,6.19516,22.6286,16.9868,4.87665,0.424282,0.434476,0.102948,0.428571,0.397849,0.112339,0,0.298159,0.215887,0.214286,0.314844,0.202948,0.333333,0.618503,0.187752
P64adb31e4d,204593,276_6290,276,6290,4,19,world,A,2015,2015-06-27,2015-07-05,7,186.233,18.2974,2,191,180,18.6008,0.756787,26.4185,13.755,5.55959,11.8131,7.3828,3.65745,5.15482,2.49694,1.90522,6.65831,4.88586,2.44791,1.93306,3.28532,2.18966,0.859137,1.90259,1.12162,1.28871,0.672111,0.938022,2.14784,3.43624,1.60082,33.7211,14.5182,7.46481,20.5506,17.8545,4.65107,0.717787,0.470651,0.115139,0.723684,0.436661,0.120193,0,0.306253,0.220425,0.289474,0.333827,0.227034,0.590909,0.639017,0.184202
P64adb31e4d,204593,263_9135,263,9135,3,18,continental,A,2015,2015-07-23,2015-08-02,8,265,18.3741,12,192,177,17.9662,0.519657,19.0189,12.9828,5.3337,15.5472,7.27259,3.08145,5.28302,2.32106,1.75843,10.2642,4.95154,1.861,1.81132,2.86759,2.03248,1.20755,1.81922,0.975622,3.62264,0.648987,0.813504,4.07547,3.05876,1.3906,28.5283,13.6602,6.08357,21.0536,16.9507,4.78429,0.5601,0.459152,0.101695,0.5,0.431772,0.106165,0,0.349507,0.205678,0.446809,0.277712,0.163494,0.761905,0.615139,0.207628
P65b97df144,280331,236_208420,236,208420,1,16,continental,B,2021,2021-08-16,2021-08-21,5,90.1833,16.3207,,334,265,16.0475,0.504163,27.056,12.895,6.11806,11.9756,8.22153,3.99021,3.54833,2.55466,2.07093,8.42728,5.66687,2.67186,0.887082,2.8764,1.92694,3.54833,2.46595,1.73138,3.54833,0.77053,1.05497,3.99187,4.20742,2.26924,28.8302,12.537,8.95239,28.635,19.4582,5.58752,0.548956,0.416433,0.12656,0.522222,0.385679,0.130521,0.0666667,0.324804,0.21472,0.533333,0.332577,0.250497,0.583333,0.566583,0.223386
P65b97df144,280331,249_208300,249,208300,3,17,world,A,2022,2022-07-02,2022-07-10,7,127.717,17.205,3,192,168,16.9494,0.502627,26.3082,13.9661,5.91865,8.45622,8.00354,3.81847,3.75832,2.52822,1.91795,4.6979,5.47531,2.5642,2.81874,3.08275,2.02068,2.19235,1.94293,1.17006,3.13193,0.924849,1.14976,2.50555,3.15323,1.4463,33.5117,15.5163,8.33031,21.3848,17.916,5.19339,0.696749,0.466701,0.114119,0.672727,0.443918,0.121251,0.163636,0.333533,0.208066,0.218182,0.246808,0.165743,0.833333,0.600939,0.210643
P65b97df144,280331,276_208303,276,208303,4,19,world,A,2023,2023-06-24,2023-07-02,7,157.817,18.1824,2,192,171,18.7974,0.613254,13.1799,14.5229,5.57383,10.3918,7.31327,3.5997,3.0415,2.26354,1.97353,7.3503,5.04973,2.36409,2.78805,3.39522,2.10822,2.78805,1.87556,1.05134,3.54842,0.776271,1.07652,2.02767,3.03164,1.41202,22.8113,15.7805,7.34509,15.2481,17.7644,4.99257,0.498466,0.488426,0.11044,0.478261,0.45281,0.117257,0.152174,0.375743,0.229382,0.304348,0.333211,0.259769,0.571429,0.671531,0.195633
P6696ce1e71,270903,235_208081,235,208081,2,16,continental,A,2019,2019-08-09,2019-08-17,7,175.7,16.5643,2,192,172,16.1637,0.391183,20.4895,12.799,5.41577,8.65111,7.49631,3.38097,4.32555,2.28635,1.64584,4.32555,5.20996,2.19674,2.73193,2.96308,1.91127,1.36596,1.85628,1.17847,1.1383,0.801326,1.16961,3.18725,3.27772,1.44769,20.4895,12.9583,7.56966,21.901,17.7622,4.77337,0.547445,0.436772,0.117967,0.5,0.410438,0.120239,0.347826,0.349918,0.227505,0.434783,0.306704,0.203959,0.7,0.573429,0.209002
P6696ce1e71,270903,276_208299,276,208299,4,19,world,A,2021,2021-07-03,2021-07-11,7,102.167,18.4644,2,192,174,18.756,0.680857,13.3116,14.2694,5.44901,7.83034,7.50804,3.46178,3.13214,2.4377,1.71746,4.69821,5.07034,2.26855,1.56607,3.52297,2.42781,1.56607,1.75459,1.14154,1.17455,0.807696,1.25902,0.783034,3.09985,1.702,16.8352,15.501,7.77007,14.3452,17.9679,4.68488,0.490762,0.474649,0.110084,0.46875,0.443733,0.117723,0.28125,0.362644,0.218583,0.1875,0.286997,0.170106,0.666667,0.673577,0.213074
P694212af03,267659,225_208099,225,208099,2,16,continental,A,2019,2019-06-03,2019-06-09,6,161.6,16.2495,2,96,82,15.9931,0.362163,21.2871,14.0207,6.92005,4.9505,8.39512,3.96603,1.23762,3.00093,2.28479,3.71287,5.39419,2.36902,13.3663,3.10598,2.34284,2.9703,2.01293,1.26766,0.247525,0.940448,1.11345,3.71287,3.27809,1.55109,28.2178,15.1855,8.63529,24.099,18.825,5.93787,0.522098,0.442597,0.113342,0.472973,0.409751,0.124281,0.148649,0.283453,0.207219,0.256757,0.290908,0.222077,0.842105,0.623001,0.223745
P694212af03,267659,276_208299,276,208299,4,19,world,A,2021,2021-07-03,2021-07-11,7,217.2,18.3385,3,192,174,18.756,0.680857,19.5212,14.2694,5.44901,4.78821,7.50804,3.46178,0.92081,2.4377,1.71746,3.8674,5.07034,2.26855,8.65562,3.52297,2.42781,1.84162,1.75459,1.14154,0,0.807696,1.25902,3.31492,3.09985,1.702,19.5212,15.501,7.77007,23.0203,17.9679,4.68488,0.495327,0.474649,0.110084,0.447917,0.443733,0.117723,0.375,0.362644,0.218583,0.260417,0.286997,0.170106,0.8,0.673577,0.213074
P69e13b90fc,155236,256_3285,256,3285,3,18,continental,A,2006,2006-06-28,2006-07-02,4,86,18.1605,1,83,62,17.8263,0.580995,20.4651,15.9039,6.01791,11.6279,8.01587,4.3489,4.65116,3.03436,2.57069,6.97674,4.98151,2.64958,5.5814,3.02408,2.25258,4.18605,1.90095,1.1992,1.39535,0.917461,1.08796,3.25581,3.8108,1.88879,31.6279,15.9601,8.69337,20.4465,19.8356,5.43243,0.595238,0.497868,0.124253,0.560606,0.459582,0.135608,0.30303,0.314567,0.242206,0.272727,0.41752,0.293171,0.777778,0.631609,0.199593
P6a3fce0af3,236705,276_10628,276,10628,4,19,world,A,2017,2017-07-01,2017-07-09,7,124.983,18.2591,3,192,173,18.7401,0.66399,13.7618,13.572,5.43385,9.92132,7.69236,3.66261,3.52047,2.52264,1.93466,6.40085,5.16972,2.34584,4.80064,3.5206,2.17842,2.56034,1.62705,0.99426,0.640085,0.496983,0.747174,3.84051,3.19164,1.50518,16.3222,14.0574,7.39114,20.3163,17.9216,4.88312,0.417638,0.455339,0.108314,0.375,0.425426,0.112649,0.295455,0.338891,0.227597,0.386364,0.343196,0.196751,0.588235,0.596167,0.211854
P6a7cb1d3a8,203439,256_6329,256,6329,3,18,continental,A,2016,2016-07-19,2016-07-23,5,123.867,18.3221,2,94,77,17.8726,0.574362,22.605,14.0057,5.76617,6.45856,8.21707,3.78513,0.968784,2.56444,1.7462,5.48977,5.65263,2.61089,5.48977,3.11392,2.20868,1.29171,1.77441,1.19438,0.968784,0.793203,0.99331,4.52099,3.21626,1.61855,18.084,14.6071,8.18991,27.6039,18.7001,5.4949,0.489647,0.446887,0.113778,0.445312,0.406604,0.127223,0.375,0.324753,0.239791,0.265625,0.326277,0.210162,0.764706,0.668448,0.188214
P6a7cb1d3a8,203439,276_10628,276,10628,4,19,world,A,2017,2017-07-01,2017-07-09,5,139.433,19.2831,1,192,173,18.7401,0.66399,17.7863,13.572,5.43385,10.0406,7.69236,3.66261,4.01626,2.52264,1.93466,6.02438,5.16972,2.34584,6.02438,3.5206,2.17842,1.1475,1.62705,0.99426,1.1475,0.496983,0.747174,5.16376,3.19164,1.50518,15.7781,14.0574,7.39114,27.1155,17.9216,4.88312,0.405123,0.455339,0.108314,0.306452,0.425426,0.112649,0.306452,0.338891,0.227597,0.532258,0.343196,0.196751,0.727273,0.596167,0.211854
P6c257fc7cf,210913,261_9153,261,9153,1,18,continental,B,2015,2015-07-23,2015-08-02,8,106,18.2783,11,288,267,17.8701,0.520067,13.5849,13.194,5.04476,10.566,7.02904,3.17238,1.88679,2.11261,1.46375,8.67925,4.91643,2.21989,0.377358,2.41503,1.64997,0.754717,1.87914,1.00166,2.64151,0.542965,0.83424,2.26415,3.43139,1.47881,20.7547,12.8779,6.82255,13.4943,17.3284,4.57408,0.604839,0.469377,0.0997962,0.589286,0.441843,0.105105,0.107143,0.313801,0.222724,0.142857,0.302869,0.190741,0.75,0.614778,0.202944
P6d3980e9f0,203175,225_5339,225,5339,2,16,continental,A,2013,2013-06-11,2013-06-15,5,82,16.3946,1,96,73,15.869,0.45778,20,13.2565,5.84565,12.6829,8.77675,4.15857,3.41463,3.27951,2.5446,9.26829,5.49724,2.29527,3.41463,2.85525,2.04582,0.97561,2.08748,1.25301,1.95122,1.11343,1.64152,3.41463,3.72731,2.07111,22.439,13.5197,10.0595,23.5902,19.3832,5.13454,0.495648,0.420538,0.116148,0.469697,0.393257,0.123037,0.272727,0.250883,0.223798,0.575758,0.367652,0.243795,0.526316,0.538447,0.213621
P6d3980e9f0,203175,249_5075,249,5075,3,17,world,A,2014,2014-08-08,2014-08-16,7,99.1833,17.5637,1,192,173,17.0583,0.489002,18.9548,13.6034,6.14842,8.06587,7.6474,3.67246,2.41976,2.55281,1.94621,5.64611,5.0946,2.20776,2.41976,2.14955,1.47007,2.41976,1.80889,1.11705,0,0.718134,1.07747,2.82305,3.23583,1.51772,20.9713,13.5763,8.92179,19.1645,17.7478,5.19007,0.579961,0.460191,0.126088,0.554054,0.428331,0.130989,0.27027,0.299498,0.224593,0.216216,0.302479,0.220999,0.75,0.637699,0.213798
P6dc3d3ca5e,127517,263_81,263,81,2,18,continental,A,2000,1999-08-01,1999-08-29,4,106,17.2844,,344,267,17.1263,0.461456,24.9057,13.5921,6.3326,4.5283,6.13672,3.28293,0.754717,2.1635,1.59112,3.77358,3.97322,2.21008,4.90566,1.78516,1.62866,7.54717,2.5728,1.69257,0,0,0,2.26415,3.80672,1.78269,28.6792,11.5878,7.71907,24.3774,17.7162,5.89145,0.56314,0.481392,0.130991,0.519231,0.4488,0.142241,0.230769,0.249945,0.220137,0.288462,0.409068,0.287457,0.8,0.599967,0.22869
P6dc3d3ca5e,127517,263_80,263,80,2,18,continental,A,2000,2000-04-11,2000-04-15,5,148,17.9141,,215,168,17.5783,0.581802,23.2432,13.4831,5.27421,5.13514,5.87885,2.98016,0.27027,1.90656,1.51803,4.86486,3.97229,2.00827,9.72973,2.23682,2.06598,3.51351,1.49398,1.03332,0,0,0,2.43243,3.05999,1.33843,31.3514,12.2629,6.76656,19.7622,16.0676,4.41158,0.670618,0.515473,0.1163,0.62963,0.472136,0.129376,0.351852,0.274626,0.211591,0.425926,0.484045,0.37211,0.782609,0.654786,0.20688
P6dc3d3ca5e,127517,263_1927,263,1927,3,18,continental,A,2000,2000-07-14,2000-07-23,8,230,18.1852,1,143,124,17.8597,0.588259,20,13.5344,4.99944,3.82609,5.13608,2.75372,0.173913,1.69152,1.36508,3.65217,3.44457,1.71182,3.47826,1.67128,1.17559,2.43478,2.27105,1.16485,0,0.0760381,0.197735,1.73913,3.01777,1.28522,18.9565,12.4378,5.59886,19.2974,15.5847,4.40578,0.569532,0.537884,0.114907,0.5,0.494632,0.124484,0.267442,0.27518,0.210868,0.395349,0.450926,0.262913,0.852941,0.691974,0.170709
P6ddd309f80,300763,249_208300,249,208300,3,17,world,A,2022,2022-07-02,2022-07-10,7,157.283,16.4247,2,192,168,16.9494,0.502627,16.5307,13.9661,5.91865,8.90113,8.00354,3.81847,3.05182,2.52822,1.91795,5.84932,5.47531,2.5642,2.03454,3.08275,2.02068,1.27159,1.94293,1.17006,1.01727,0.924849,1.14976,3.30614,3.15323,1.4463,16.785,15.5163,8.33031,19.3383,17.916,5.19339,0.515546,0.466701,0.114119,0.491071,0.443918,0.121251,0.446429,0.333533,0.208066,0.285714,0.246808,0.165743,0.625,0.600939,0.210643
P6ddd309f80,300763,263_208564,263,208564,3,18,continental,A,2023,2023-07-22,2023-07-30,7,175.533,17.4788,2,192,172,17.8257,0.512341,22.7877,14.3028,5.69381,10.4823,7.25277,3.03004,3.41815,2.26854,1.70528,7.06419,4.98423,2.08958,2.73452,3.04741,2.16666,2.05089,1.824,1.05533,2.05089,0.81112,1.10455,3.87391,3.31206,1.50867,27.5731,15.1091,7.1839,22.3046,17.7115,4.89973,0.6182,0.490444,0.111432,0.557971,0.459284,0.119468,0.333333,0.343031,0.214885,0.391304,0.347734,0.228821,0.851852,0.63379,0.217634
P6f1d3c64d2,225019,256_6329,256,6329,3,18,continental,A,2016,2016-07-19,2016-07-23,5,147.467,17.8895,2,94,77,17.8726,0.574362,23.5986,14.0057,5.76617,5.6962,8.21707,3.78513,1.89873,2.56444,1.7462,3.79747,5.65263,2.61089,1.35624,3.11392,2.20868,3.25497,1.77441,1.19438,0.271248,0.793203,0.99331,2.44123,3.21626,1.61855,17.6311,14.6071,8.18991,24.7269,18.7001,5.4949,0.529455,0.446887,0.113778,0.532895,0.406604,0.127223,0.539474,0.324753,0.239791,0.184211,0.326277,0.210162,0.428571,0.668448,0.188214
P6f658be6bb,203622,276_7488,276,7488,4,19,world,A,2013,2013-06-27,2013-07-07,8,79.5833,18.741,1,190,163,18.6423,0.696247,19.0995,13.7502,5.42509,19.0995,7.333,3.37317,6.03141,2.38567,1.71678,13.0681,4.94733,2.1867,1.50785,2.21367,1.7035,1.00524,1.54796,0.991925,2.51309,0.727447,1.05025,4.52356,3.00673,1.31394,31.1623,13.6671,7.8175,21.1502,17.2721,4.36533,0.574365,0.477564,0.117473,0.533333,0.446105,0.124661,0.0666667,0.299706,0.235645,0.233333,0.319875,0.182303,0.857143,0.62505,0.182817
P6f990ff013,217259,225_6317,225,6317,2,16,continental,A,2015,2015-06-10,2015-06-14,5,99.45,16.1619,1,96,76,15.9694,0.407262,27.3504,14.7693,6.26719,17.6973,8.53476,3.76471,10.4575,2.9486,2.24031,7.23982,5.58616,2.15006,2.41327,2.09465,1.50202,2.41327,2.50154,1.41135,3.61991,0.893561,0.993397,5.63097,4.41027,1.88902,36.1991,13.4914,8.83541,29.3293,20.8471,5.51312,0.577054,0.444418,0.119795,0.54902,0.404728,0.129254,0.0196078,0.266055,0.196672,0.352941,0.400436,0.26658,0.666667,0.614647,0.192868
P6f990ff013,217259,249_9678,249,9678,3,17,world,A,2016,2016-06-23,2016-07-03,7,107.3,17.216,1,191,171,16.9215,0.517517,26.4678,13.9298,6.67868,19.3849,8.20946,4.09228,8.2013,2.77559,2.1245,11.1836,5.43387,2.64062,2.60951,2.6531,1.83642,2.98229,1.85697,1.24533,2.60951,0.669885,0.963228,5.21901,3.64504,1.46955,39.1426,13.7052,8.47552,26.6915,18.8523,5.48244,0.616319,0.446186,0.125912,0.598039,0.416886,0.129648,0.0588235,0.303263,0.224477,0.294118,0.349537,0.221993,0.666667,0.59047,0.214261
P70fa3dc827,252297,249_6362,249,6362,3,17,world,A,2018,2018-06-30,2018-07-08,4,46.4667,15.4938,4,192,164,16.8926,0.549015,18.9383,13.6297,6.29877,12.9125,7.82266,3.91205,6.02582,2.57156,1.90715,6.88666,5.2511,2.60945,5.16499,2.92738,1.79192,3.44333,2.03945,1.2786,0.860832,0.8843,1.12185,2.5825,3.58085,1.74045,30.1291,14.2974,8.36935,19.4892,18.3289,5.60027,0.560081,0.451383,0.118515,0.5,0.422609,0.127554,0.235294,0.299801,0.212952,0.352941,0.310662,0.212748,0.833333,0.624098,0.182167
P70fa3dc827,252297,225_208099,225,208099,2,16,continental,A,2019,2019-06-03,2019-06-09,6,172.7,16.4138,2,96,82,15.9931,0.362163,31.7313,14.0207,6.92005,7.4117,8.39512,3.96603,1.85292,3.00093,2.28479,5.55877,5.39419,2.36902,2.77939,3.10598,2.34284,2.31616,2.01293,1.26766,0.694847,0.940448,1.11345,3.011,3.27809,1.55109,25.2461,15.1855,8.63529,31.5738,18.825,5.93787,0.555465,0.442597,0.113342,0.5,0.409751,0.124281,0.37,0.283453,0.207219,0.53,0.290908,0.222077,0.698113,0.623001,0.223745
P70fa3dc827,252297,276_208299,276,208299,4,19,world,A,2021,2021-07-03,2021-07-11,7,222.1,18.5028,3,192,174,18.756,0.680857,21.4318,14.2694,5.44901,7.20396,7.50804,3.46178,1.26069,2.4377,1.71746,5.94327,5.07034,2.26855,3.06168,3.52297,2.42781,2.88158,1.75459,1.14154,0.180099,0.807696,1.25902,3.24178,3.09985,1.702,16.7492,15.501,7.77007,27.0941,17.9679,4.68488,0.44926,0.474649,0.110084,0.400826,0.443733,0.117723,0.479339,0.362644,0.218583,0.214876,0.286997,0.170106,0.846154,0.673577,0.213074
P70fd4037fb,173524,225_3366,225,3366,2,16,continental,A,2009,2009-06-17,2009-06-21,5,145,16.4001,3,95,73,16.0044,0.426958,25.3793,16.0223,6.73172,7.44828,8.25465,4.28771,2.48276,3.09821,2.4528,4.96552,5.15644,2.49966,5.24138,2.21843,1.6819,4.41379,1.92791,1.2619,0,0.927888,1.28998,4.41379,3.73208,1.65661,26.4828,15.1749,8.32594,26.4166,20.1646,6.21392,0.57673,0.483505,0.109313,0.492537,0.448274,0.113817,0.328358,0.279739,0.230233,0.432836,0.426817,0.304738,0.896552,0.579216,0.200439
P70fd4037fb,173524,249_3924,249,3924,3,17,world,A,2010,2010-07-02,2010-07-11,8,236,17.4542,3,144,123,17.0611,0.420802,21.3559,14.634,6.05534,6.77966,7.23158,3.56787,1.35593,2.36571,1.70469,5.42373,4.86587,2.26597,5.59322,2.8592,2.15155,1.69492,1.87293,1.1407,0.169492,0.761711,1.11447,6.27119,3.58026,1.49053,20.1695,14.7809,8.47015,23.8576,18.1558,4.72464,0.60717,0.491637,0.10797,0.56044,0.45895,0.11802,0.505495,0.327866,0.235277,0.318681,0.373086,0.229118,0.827586,0.600608,0.200517
P70fd4037fb,173524,276_4346,276,4346,4,19,world,A,2011,2011-06-30,2011-07-10,8,254,18.4508,11,192,170,18.6783,0.680358,17.0079,13.9628,5.5381,3.77953,6.96907,3.32639,0.787402,2.2765,1.60615,2.99213,4.69256,2.26884,3.93701,2.54793,1.8548,2.67717,1.36418,0.869805,0.15748,0.642267,0.93216,2.51969,2.87201,1.41472,15.748,14.0555,7.05949,18.0787,17.0082,4.58642,0.546559,0.486074,0.11285,0.516667,0.453588,0.118095,0.588889,0.291718,0.211296,0.222222,0.314934,0.203526,0.75,0.647068,0.216658
P711641b36d,154873,256_3285,256,3285,3,18,continental,A,2006,2006-06-28,2006-07-02,5,152,17.0709,4,83,62,17.8263,0.580995,11.8421,15.9039,6.01791,10.7895,8.01587,4.3489,5,3.03436,2.57069,5.78947,4.98151,2.64958,0,3.02408,2.25258,0.263158,1.90095,1.1992,3.94737,0.917461,1.08796,2.89474,3.8108,1.88879,19.2105,15.9601,8.69337,12.8211,19.8356,5.43243,0.596501,0.497868,0.124253,0.5625,0.459582,0.135608,0,0.314567,0.242206,0.40625,0.41752,0.293171,0.692308,0.631609,0.199593
P714602a9aa,224413,276_10628,276,10628,4,19,world,A,2017,2017-07-01,2017-07-09,5,28.7167,17.706,3,192,173,18.7401,0.66399,29.2513,13.572,5.43385,8.35752,7.69236,3.66261,2.78584,2.52264,1.93466,5.57168,5.16972,2.34584,4.17876,3.5206,2.17842,2.78584,1.62705,0.99426,1.39292,0.496983,0.747174,1.39292,3.19164,1.50518,27.8584,14.0574,7.39114,30.3099,17.9216,4.88312,0.50578,0.455339,0.108314,0.447368,0.425426,0.112649,0.473684,0.338891,0.227597,0.210526,0.343196,0.196751,1,0.596167,0.211854
P716f6175e4,217258,225_6317,225,6317,2,16,continental,A,2015,2015-06-10,2015-06-14,5,103.6,15.4308,1,96,76,15.9694,0.407262,8.88031,14.7693,6.26719,11.9691,8.53476,3.76471,3.4749,2.9486,2.24031,8.49421,5.58616,2.15006,6.94981,2.09465,1.50202,7.33591,2.50154,1.41135,0,0.893561,0.993397,4.6332,4.41027,1.88902,23.5521,13.4914,8.83541,15.166,20.8471,5.51312,0.421554,0.444418,0.119795,0.318182,0.404728,0.129254,0.0454545,0.266055,0.196672,0.545455,0.400436,0.26658,0.75,0.614647,0.192868
P719dac14cb,189616,235_6392,235,6392,2,16,continental,A,2011,2011-07-28,2011-08-07,8,212,15.6608,10,192,179,16.1188,0.398839,19.0566,12.9622,5.36941,8.11321,6.80125,2.9956,2.26415,2.25598,1.40936,5.84906,4.54527,2.04091,2.07547,2.64245,1.80832,3.77358,1.85522,1.0231,0.377358,0.477887,0.656716,3.20755,3.55796,1.51276,21.1321,12.5779,6.58699,20.0755,17.2823,4.94242,0.564877,0.465276,0.107645,0.493243,0.432676,0.108941,0.27027,0.271484,0.201794,0.472973,0.332399,0.211663,0.8,0.622716,0.200533
P719dac14cb,189616,263_6841,263,6841,3,18,continental,A,2012,2012-08-09,2012-08-19,9,238,16.6958,7,192,173,18.0077,0.501748,16.1345,13.0795,4.9437,5.37815,6.75668,3.21883,0.672269,2.28163,1.74982,4.70588,4.47505,1.98629,1.68067,2.21655,1.59492,1.51261,1.543,0.814065,0.336134,0.529302,0.784632,2.01681,2.93814,1.32882,13.4454,12.8742,5.87101,17.5731,16.4465,4.58644,0.518583,0.481624,0.100837,0.512195,0.444958,0.113577,0.292683,0.298548,0.215888,0.292683,0.326779,0.221842,0.5,0.670099,0.189384
P719dac14cb,189616,263_7344,263,7344,3,18,continental,A,2013,2013-07-18,2013-07-28,9,271,17.6349,10,191,174,17.9125,0.508753,20.9594,13.0135,4.58007,6.49446,7.05119,3.208,1.77122,2.27233,1.65453,4.72325,4.77885,2.03852,2.06642,2.35798,1.62572,0.885609,1.48397,0.869493,1.03321,0.609971,0.931135,4.13284,2.93491,1.39893,15.4982,13.0399,6.10422,24.3838,16.6348,4.08793,0.517493,0.470941,0.0888453,0.487903,0.437653,0.0951866,0.370968,0.320932,0.214645,0.241935,0.292855,0.172068,0.7,0.635504,0.213807
P71b16faf7a,210268,256_5956,256,5956,3,18,continental,A,2014,2014-06-20,2014-06-24,5,82,17.999,1,96,81,17.6768,0.737825,33.6585,14.8401,7.17248,7.80488,7.60001,3.65566,3.90244,2.58774,1.97745,3.90244,5.01227,2.34035,2.92683,2.48714,2.15138,3.90244,1.62935,1.06747,0.97561,0.800831,1.28071,0.97561,3.36171,1.54118,38.0488,14.54,9.22335,23.6098,18.4608,5.62483,0.743534,0.48297,0.128417,0.72619,0.447499,0.128871,0.690476,0.302194,0.236163,0.238095,0.3827,0.227143,0.8,0.61851,0.207815
P71e4b2b4d3,203140,249_5075,249,5075,3,17,world,A,2014,2014-08-08,2014-08-16,7,82.35,16.8956,1,192,173,17.0583,0.489002,12.629,13.6034,6.14842,4.85732,7.6474,3.67246,0.485732,2.55281,1.94621,4.37158,5.0946,2.20776,2.42866,2.14955,1.47007,2.42866,1.80889,1.11705,0.971463,0.718134,1.07747,2.91439,3.23583,1.51772,11.6576,13.5763,8.92179,16.884,17.7478,5.19007,0.452017,0.460191,0.126088,0.425926,0.428331,0.130989,0.37037,0.299498,0.224593,0.148148,0.302479,0.220999,0.75,0.637699,0.213798
P71f8c1b48d,271298,264_208419,264,208419,1,18,continental,B,2021,2021-08-03,2021-08-08,5,121.35,17.1886,,382,298,17.7192,0.5765,17.4701,13.777,5.81512,7.911,7.63314,3.65574,2.96663,2.30223,1.83318,4.94438,5.33091,2.42478,3.29625,3.15853,2.24178,2.637,2.10172,1.26077,0.329625,0.729244,0.983184,4.61475,3.68721,1.95891,15.4924,14.3677,7.81796,23.9044,18.3515,5.33413,0.452837,0.466242,0.126519,0.427273,0.438414,0.136436,0.2,0.355961,0.207085,0.145455,0.307845,0.312977,0.75,0.631326,0.24402
P71f8c1b48d,271298,263_208467,263,208467,3,18,continental,A,2022,2022-07-30,2022-08-07,7,137.683,18.1852,5,192,178,18.0665,0.458603,16.2692,12.7271,5.13114,7.55356,7.50485,3.42645,1.74313,2.41208,1.79177,5.81043,5.09277,2.34343,4.0673,2.88276,1.95226,4.93887,1.86588,1.11475,0.871565,0.786662,0.980591,3.19574,3.28418,1.47693,18.8839,13.3037,7.03295,21.8124,17.3506,4.89876,0.436954,0.449834,0.108417,0.434426,0.4206,0.112884,0.327869,0.374508,0.220787,0.114754,0.294348,0.207957,0.428571,0.629545,0.240583
P7222e0f90b,195596,263_7344,263,7344,3,18,continental,A,2013,2013-07-18,2013-07-28,9,146,17.832,3,191,174,17.9125,0.508753,15.6164,13.0135,4.58007,8.76712,7.05119,3.208,2.46575,2.27233,1.65453,6.30137,4.77885,2.03852,1.09589,2.35798,1.62572,1.64384,1.48397,0.869493,0.821918,0.609971,0.931135,1.09589,2.93491,1.39893,19.4521,13.0399,6.10422,14.1918,16.6348,4.08793,0.596234,0.470941,0.0888453,0.576923,0.437653,0.0951866,0.205128,0.320932,0.214645,0.512821,0.292855,0.172068,0.6,0.635504,0.213807
P722aa856f7,155221,256_3285,256,3285,3,18,continental,A,2006,2006-06-28,2006-07-02,4,71,17.4761,1,83,62,17.8263,0.580995,30.9859,15.9039,6.01791,18.5915,8.01587,4.3489,8.4507,3.03436,2.57069,10.1408,4.98151,2.64958,3.94366,3.02408,2.25258,3.38028,1.90095,1.1992,1.12676,0.917461,1.08796,5.6338,3.8108,1.88879,38.3099,15.9601,8.69337,32.8789,19.8356,5.43243,0.568652,0.497868,0.124253,0.525,0.459582,0.135608,0,0.314567,0.242206,0.475,0.41752,0.293171,0.684211,0.631609,0.199593
P722aa856f7,155221,276_3299,276,3299,4,19,world,A,2007,2007-07-12,2007-07-22,9,154,18.5302,2,192,177,18.6772,0.861009,29.8701,15.0242,6.32287,12.4675,7.34207,3.43761,5.19481,2.58309,1.78912,7.27273,4.75898,2.24568,1.03896,2.48739,1.87525,3.63636,2.09591,1.22429,1.03896,0.576986,0.923846,5.97403,3.59835,1.49835,30.3896,14.939,7.42931,31.4078,18.3344,5.1284,0.587214,0.501247,0.112236,0.572222,0.471644,0.119445,0.111111,0.331902,0.236569,0.2,0.386782,0.254493,0.666667,0.621503,0.199964
P7235c3ea4e,339855,263_208564,263,208564,3,18,continental,A,2023,2023-07-22,2023-07-30,6,47.7,17.2461,3,192,172,17.8257,0.512341,15.0943,14.3028,5.69381,14.2558,7.25277,3.03004,2.51572,2.26854,1.70528,11.74,4.98423,2.08958,2.51572,3.04741,2.16666,0.838574,1.824,1.05533,0,0.81112,1.10455,2.51572,3.31206,1.50867,23.4801,15.1091,7.1839,16.1006,17.7115,4.89973,0.555556,0.490444,0.111432,0.5,0.459284,0.119468,0,0.343031,0.214885,0.357143,0.347734,0.228821,0.8,0.63379,0.217634
P74240d498b,303118,225_208307,225,208307,2,16,continental,A,2021,2021-08-23,2021-08-29,6,122.567,16.6492,1,96,88,16.1425,0.443946,30.6772,14.7528,6.7599,4.8953,8.42836,4.16424,0.979059,2.67764,2.25729,3.91624,5.75072,2.53035,12.0751,3.77685,2.73743,6.20071,2.1231,1.54311,0.979059,0.926836,1.07945,2.61082,3.67918,1.5134,35.8988,16.2909,10.7054,30.6772,19.6104,5.27008,0.546512,0.451601,0.128182,0.52,0.424954,0.134142,0.426667,0.30895,0.201803,0.333333,0.259559,0.199659,0.64,0.619989,0.216247
P74d19df6a2,203141,225_5339,225,5339,2,16,continental,A,2013,2013-06-11,2013-06-15,5,78,15.8744,1,96,73,15.869,0.45778,25.641,13.2565,5.84565,18.4615,8.77675,4.15857,10.2564,3.27951,2.5446,8.20513,5.49724,2.29527,2.5641,2.85525,2.04582,2.5641,2.08748,1.25301,9.23077,1.11343,1.64152,2.05128,3.72731,2.07111,47.6923,13.5197,10.0595,20.041,19.3832,5.13454,0.712657,0.420538,0.116148,0.666667,0.393257,0.123037,0,0.250883,0.223798,1.52381,0.367652,0.243795,0.6875,0.538447,0.213621
P76650bc6e2,226911,235_9787,235,9787,2,16,continental,A,2016,2016-08-12,2016-08-20,7,108.25,16.0058,10,191,173,16.1457,0.420344,12.933,12.4223,5.36658,14.7806,7.63886,3.3466,5.91224,2.50181,1.73348,8.86836,5.13705,2.20689,0.73903,3.03633,1.84191,1.47806,1.91039,1.13716,1.47806,0.56896,0.698163,5.17321,3.51147,1.64437,16.6282,12.8073,6.51682,19.1852,17.4496,4.68556,0.461498,0.434022,0.108047,0.433333,0.398813,0.121741,0.0666667,0.333399,0.230491,0.6,0.330671,0.215729,0.5,0.615144,0.20155
P7699b7f669,235747,249_6362,249,6362,3,17,world,A,2018,2018-06-30,2018-07-08,7,87.1667,17.4459,1,192,164,16.8926,0.549015,13.7667,13.6297,6.29877,5.96558,7.82266,3.91205,4.13002,2.57156,1.90715,1.83556,5.2511,2.60945,4.13002,2.92738,1.79192,5.0478,2.03945,1.2786,0.917782,0.8843,1.12185,0.458891,3.58085,1.74045,21.5679,14.2974,8.36935,13.1793,18.3289,5.60027,0.541126,0.451383,0.118515,0.522727,0.422609,0.127554,0.181818,0.299801,0.212952,0.590909,0.310662,0.212748,0.538462,0.624098,0.182167
P76d288c08d,205825,237_5331,237,5331,1,16,continental,A,2013,2013-09-26,2013-09-28,2,12,15.9155,1,24,15,16.1466,0.428603,23.3333,13.1757,7.58617,10,7.39573,3.25668,3.33333,2.95391,1.9545,6.66667,4.44183,1.75913,0,1.97683,1.47208,0,0.911639,0.988905,0,0.837199,1.20987,3.33333,3.64639,1.58019,10,12.2974,8.43767,30.2667,17.3774,6.05821,0.433168,0.491976,0.17936,0.2,0.457622,0.196944,0.2,0.19392,0.206092,1.4,0.345721,0.327379,0.714286,0.735106,0.226072
P76d288c08d,205825,249_5075,249,5075,3,17,world,A,2014,2014-08-08,2014-08-16,7,156.917,16.7971,2,192,173,17.0583,0.489002,16.3144,13.6034,6.14842,7.64737,7.6474,3.67246,3.56877,2.55281,1.94621,4.0786,5.0946,2.20776,2.29421,2.14955,1.47007,1.27456,1.80889,1.11705,0.509825,0.718134,1.07747,4.84334,3.23583,1.51772,15.8046,13.5763,8.92179,19.5569,17.7478,5.19007,0.554401,0.460191,0.126088,0.509615,0.428331,0.130989,0.115385,0.299498,0.224593,0.25,0.302479,0.220999,0.846154,0.637699,0.213798
P76ebdc8d77,216664,225_6317,225,6317,2,16,continental,A,2015,2015-06-10,2015-06-14,5,140.45,15.4089,2,96,76,15.9694,0.407262,11.1072,14.7693,6.26719,5.12638,8.53476,3.76471,1.1392,2.9486,2.24031,3.98718,5.58616,2.15006,5.98078,2.09465,1.50202,1.99359,2.50154,1.41135,0.284799,0.893561,0.993397,2.27839,4.41027,1.88902,17.6575,13.4914,8.83541,11.4147,20.8471,5.51312,0.607855,0.444418,0.119795,0.568966,0.404728,0.129254,0.37931,0.266055,0.196672,0.241379,0.400436,0.26658,0.857143,0.614647,0.192868
P76ebdc8d77,216664,249_9678,249,9678,3,17,world,A,2016,2016-06-23,2016-07-03,7,167.35,16.463,5,191,171,16.9215,0.517517,9.08276,13.9298,6.67868,5.01942,8.20946,4.09228,1.1951,2.77559,2.1245,3.82432,5.43387,2.64062,6.21452,2.6531,1.83642,5.01942,1.85697,1.24533,0,0.669885,0.963228,2.15118,3.64504,1.46955,19.1216,13.7052,8.47552,9.38871,18.8523,5.48244,0.627477,0.446186,0.125912,0.62,0.416886,0.129648,0.36,0.303263,0.224477,0.48,0.349537,0.221993,0.583333,0.59047,0.214261
P76ebdc8d77,216664,256_6366,256,6366,3,18,continental,A,2018,2018-06-10,2018-06-16,6,162.05,18.4152,2,96,77,17.828,0.525502,23.2027,15.5566,6.39686,6.41777,7.77187,3.98199,0.740512,2.65775,2.03709,5.67726,5.11411,2.64736,13.0824,3.78512,2.52326,3.9494,1.61263,0.882308,0,0.880985,1.00481,5.43042,2.9353,1.21748,28.6331,17.4064,9.44377,27.162,18.4751,4.87942,0.533848,0.491529,0.127491,0.524691,0.463231,0.128982,0.333333,0.303395,0.213193,0.197531,0.260848,0.177817,0.5625,0.684055,0.226582
P76f8234113,271488,128_208108,128,208108,1,17,zone,B,2019,2019-07-24,2019-07-28,5,172.1,16.6711,7,96,78,16.8031,0.589798,30.215,14.5741,6.58805,10.459,8.36041,3.48699,2.32423,3.05382,2.13353,8.13481,5.3066,2.17819,2.55665,2.78511,1.9113,5.34573,2.32185,1.5014,1.62696,0.973034,1.2491,6.97269,3.76167,2.21054,26.9611,14.7683,8.75522,34.5567,19.6569,5.82299,0.547691,0.453327,0.113542,0.510204,0.426721,0.12398,0.295918,0.272312,0.234555,0.479592,0.365985,0.250084,0.638298,0.561988,0.210937
P79aaab38df,314821,233_208469,233,208469,1,16,continental,B,2022,2022-08-11,2022-08-20,8,151.2,16.5616,1,264,235,16.0939,0.435636,15.6085,13.2498,5.95751,4.49735,7.91132,3.57399,1.0582,2.66092,1.72709,3.43915,5.25039,2.36716,7.40741,3.23542,2.1413,3.96825,2.28727,1.26085,0.529101,0.769455,1.02446,4.2328,3.90441,1.85857,20.1058,13.9222,7.82957,18.5926,18.7033,5.63359,0.543478,0.439521,0.117889,0.489796,0.416873,0.119502,0.428571,0.330725,0.21047,0.244898,0.259192,0.200959,0.916667,0.582838,0.22571
P79aaab38df,314821,263_208564,263,208564,3,18,continental,A,2023,2023-07-22,2023-07-30,7,175.55,17.5034,3,192,172,17.8257,0.512341,15.9499,14.3028,5.69381,6.37995,7.25277,3.03004,1.82284,2.26854,1.70528,4.55711,4.98423,2.08958,4.32925,3.04741,2.16666,4.32925,1.824,1.05533,0.911421,0.81112,1.10455,3.18997,3.31206,1.50867,20.7348,15.1091,7.1839,17.6451,17.7115,4.89973,0.551702,0.490444,0.111432,0.471154,0.459284,0.119468,0.519231,0.343031,0.214885,0.5,0.347734,0.228821,0.807692,0.63379,0.217634
P7a85c71bc1,190066,263_6841,263,6841,3,18,continental,A,2012,2012-08-09,2012-08-19,4,26,17.4459,10,192,173,18.0077,0.501748,16.9231,13.0795,4.9437,0,6.75668,3.21883,0,2.28163,1.74982,0,4.47505,1.98629,0,2.21655,1.59492,0,1.543,0.814065,0,0.529302,0.784632,6.15385,2.93814,1.32882,4.61538,12.8742,5.87101,18.9538,16.4465,4.58644,0.661058,0.481624,0.100837,0.714286,0.444958,0.113577,0.142857,0.298548,0.215888,0.428571,0.326779,0.221842,0.333333,0.670099,0.189384
P7aeaf13cc2,127457,263_81,263,81,2,18,continental,A,2000,1999-08-01,1999-08-29,4,113,17.1502,,344,267,17.1263,0.461456,17.6991,13.5921,6.3326,3.18584,6.13672,3.28293,0.353982,2.1635,1.59112,2.83186,3.97322,2.21008,4.24779,1.78516,1.62866,5.30973,2.5728,1.69257,0,0,0,3.89381,3.80672,1.78269,21.2389,11.5878,7.71907,17.0903,17.7162,5.89145,0.670601,0.481392,0.130991,0.640625,0.4488,0.142241,0.1875,0.249945,0.220137,0.375,0.409068,0.287457,0.75,0.599967,0.22869
P7aeaf13cc2,127457,263_80,263,80,2,18,continental,A,2000,2000-04-11,2000-04-15,5,176,17.78,,215,168,17.5783,0.581802,21.3636,13.4831,5.27421,4.09091,5.87885,2.98016,0.454545,1.90656,1.51803,3.63636,3.97229,2.00827,7.27273,2.23682,2.06598,3.18182,1.49398,1.03332,0,0,0,2.72727,3.05999,1.33843,26.1364,12.2629,6.76656,18.8909,16.0676,4.41158,0.660855,0.515473,0.1163,0.622951,0.472136,0.129376,0.180328,0.274626,0.211591,0.377049,0.484045,0.37211,0.782609,0.654786,0.20688
P7aeaf13cc2,127457,263_1927,263,1927,3,18,continental,A,2000,2000-07-14,2000-07-23,6,186,18.051,9,143,124,17.8597,0.588259,18.0645,13.5344,4.99944,4.08602,5.13608,2.75372,1.50538,1.69152,1.36508,2.58065,3.44457,1.71182,3.44086,1.67128,1.17559,5.16129,2.27105,1.16485,0,0.0760381,0.197735,4.73118,3.01777,1.28522,15.0538,12.4378,5.59886,22.4258,15.5847,4.40578,0.510452,0.537884,0.114907,0.454545,0.494632,0.124484,0.212121,0.27518,0.210868,0.560606,0.450926,0.262913,0.648649,0.691974,0.170709
P7b8c6b66e0,159886,276_3299,276,3299,4,19,world,A,2007,2007-07-12,2007-07-22,9,161,19.3543,2,192,177,18.6772,0.861009,21.118,15.0242,6.32287,8.4472,7.34207,3.43761,1.49068,2.58309,1.78912,6.95652,4.75898,2.24568,4.96894,2.48739,1.87525,5.46584,2.09591,1.22429,0,0.576986,0.923846,3.47826,3.59835,1.49835,27.0807,14.939,7.42931,21.0087,18.3344,5.1284,0.602324,0.501247,0.112236,0.55,0.471644,0.119445,0.566667,0.331902,0.236569,0.4,0.386782,0.254493,0.791667,0.621503,0.199964
P7c1c1e7eac,159891,276_3299,276,3299,4,19,world,A,2007,2007-07-12,2007-07-22,9,77,19.0011,2,192,177,18.6772,0.861009,24.9351,15.0242,6.32287,12.4675,7.34207,3.43761,5.71429,2.58309,1.78912,6.75325,4.75898,2.24568,0,2.48739,1.87525,2.07792,2.09591,1.22429,4.15584,0.576986,0.923846,6.75325,3.59835,1.49835,28.0519,14.939,7.42931,25.4753,18.3344,5.1284,0.665927,0.501247,0.112236,0.689655,0.471644,0.119445,0,0.331902,0.236569,0.551724,0.386782,0.254493,0.5,0.621503,0.199964
P7c5fe0ebd3,341618,225_208533,225,208533,2,16,continental,A,2023,2023-06-05,2023-06-11,6,112.367,15.9182,1,96,79,15.9325,0.448497,14.2391,13.4723,7.0728,13.8831,8.28531,3.93876,6.05162,2.71767,1.86448,7.8315,5.56764,2.59082,1.77989,2.72826,2.15136,1.42391,2.1384,1.58991,6.05162,0.872403,1.05855,3.91575,3.53169,1.62878,23.4945,13.8689,11.3301,18.2688,18.7343,5.48391,0.496032,0.431269,0.136938,0.428571,0.404063,0.143525,0.0357143,0.350086,0.199163,1,0.30983,0.221748,0.571429,0.572542,0.219864
P7d4b1d6e8f,267623,225_208099,225,208099,2,16,continental,A,2019,2019-06-03,2019-06-09,6,129.567,16.0277,2,96,82,15.9931,0.362163,24.0803,14.0207,6.92005,6.79187,8.39512,3.96603,2.46977,3.00093,2.28479,4.3221,5.39419,2.36902,4.3221,3.10598,2.34284,2.46977,2.01293,1.26766,0.617443,0.940448,1.11345,2.16105,3.27809,1.55109,29.946,15.1855,8.63529,18.9555,18.825,5.93787,0.716912,0.442597,0.113342,0.72,0.409751,0.124281,0.24,0.283453,0.207219,0.2,0.290908,0.222077,0.6,0.623001,0.223745
P7d7c4d5568,142668,235_2683,235,2683,2,16,continental,A,2003,2003-07-18,2003-07-27,9,163,15.0941,10,405,303,16.1675,0.435103,10.0613,14.3213,5.97132,11.5337,7.40167,3.65685,3.92638,2.67084,1.90321,7.60736,4.73083,2.35351,0.245399,1.76462,1.52432,2.69939,2.49009,1.47624,0.245399,0.66082,0.913343,4.90798,3.82059,1.8471,9.32515,13.5089,7.26163,20.2798,18.656,6.48963,0.327267,0.480649,0.113238,0.3,0.448682,0.120361,0.0333333,0.251575,0.197293,0.1,0.390381,0.264839,0.833333,0.621916,0.19133
P7d7c4d5568,142668,263_2703,263,2703,3,18,continental,A,2004,2003-07-30,2004-07-18,3,10,16.0715,8,493,386,17.9197,0.574968,0,13.9298,5.58557,0,6.69318,3.18094,0,2.34716,1.63659,0,4.34602,1.99629,0,2.20858,1.78794,0,2.4645,1.29161,0,0.660544,0.907576,8,3.70521,1.86017,-12,13.3501,7.66077,12,17.9913,4.82067,0,0.480562,0.114943,0,0.44764,0.122844,0,0.292519,0.224662,0,0.361925,0.24503,,0.622708,0.195562
P7d7c4d5568,142668,235_3159,235,3159,2,16,continental,A,2004,2004-07-06,2004-07-15,8,195,16.0633,11,191,172,16.0382,0.503402,21.9487,13.0445,4.99259,10.4615,7.18159,3.70967,3.69231,2.50064,1.91185,6.76923,4.68094,2.19272,1.84615,2.22239,1.53452,2.25641,2.02348,1.18561,1.02564,0.792582,1.08733,4.51282,3.92453,1.51611,17.641,12.3353,6.47362,29.0544,17.9154,4.56367,0.447175,0.462475,0.102934,0.410377,0.436018,0.107925,0.150943,0.248646,0.192745,0.292453,0.351582,0.22089,0.645161,0.57227,0.203665
P7d7c4d5568,142668,263_3163,263,3163,3,18,continental,A,2005,2005-07-13,2005-07-24,8,211,17.0873,7,191,165,17.9302,0.519728,21.2322,14.0589,5.34016,7.96209,7.16592,3.44355,2.46445,2.37732,1.73515,5.49763,4.78859,2.17947,1.51659,2.29674,1.53676,2.65403,1.77088,0.975643,0,0.485301,0.754804,3.79147,3.24538,1.49478,16.6825,14.194,6.5678,25.2512,17.0641,4.769,0.4947,0.503583,0.109458,0.48,0.469928,0.1244,0.14,0.301113,0.218055,0.3,0.391309,0.268723,0.533333,0.6348,0.196629
P7d7c4d5568,142668,263_4068,263,4068,3,18,continental,A,2006,2006-07-18,2006-07-27,8,221,18.0948,11,192,161,17.9378,0.463248,30.9502,14.1964,5.48784,10.3167,7.01645,3.36385,3.25792,2.36669,1.82035,7.05882,4.64975,2.02662,2.17195,2.29341,1.38476,2.71493,1.73085,0.927802,0.723982,0.611494,0.863663,4.34389,3.22115,1.34554,26.4253,14.0597,6.31908,33.7738,17.3038,5.04807,0.52583,0.497884,0.0869021,0.506897,0.46465,0.104206,0.144828,0.303888,0.207608,0.275862,0.383594,0.304429,0.6,0.629446,0.183775
P7f11916058,249570,228_208017,228,208017,2,16,continental,A,2018,2018-04-02,2018-04-08,6,103.267,16.934,6,155,113,16.6772,0.515862,12.3951,15.0992,6.62336,9.29632,8.3529,3.59848,1.16204,2.76111,1.92189,8.13428,5.5918,2.55598,10.071,2.60256,1.93851,3.87347,1.92103,1.36325,0,0.461203,0.666667,4.64816,3.32342,1.96145,23.2408,15.0376,8.62503,17.1052,19.3871,6.24548,0.497512,0.470131,0.132457,0.442308,0.439489,0.141063,0.0769231,0.277551,0.212271,0.538462,0.309646,0.227621,0.642857,0.63334,0.249335
P7f11916058,249570,258_208014,258,208014,3,18,continental,A,2018,2018-08-05,2018-08-11,7,132.8,17.2762,5,192,149,17.7607,0.717247,22.5904,14.3479,6.46939,6.3253,8.03846,4.03262,1.20482,2.70797,1.98566,5.12048,5.33049,2.6238,8.43373,2.81443,2.14179,4.51807,1.74511,1.10851,0,0.677461,0.975007,1.80723,3.1424,1.93943,25.3012,14.2885,8.92826,25.0602,18.8822,5.9446,0.485751,0.448979,0.117181,0.445312,0.42564,0.125208,0.234375,0.314682,0.224961,0.46875,0.274683,0.203786,0.6,0.584176,0.231585
P7f1d080745,204029,276_7488,276,7488,4,19,world,A,2013,2013-06-27,2013-07-07,9,169.55,19.3707,1,190,163,18.6423,0.696247,12.9755,13.7502,5.42509,7.07756,7.333,3.37317,2.83102,2.38567,1.71678,4.24653,4.94733,2.1867,4.48245,2.21367,1.7035,4.95429,1.54796,0.991925,0.471837,0.727447,1.05025,3.53878,3.00673,1.31394,22.1763,13.6671,7.8175,14.0136,17.2721,4.36533,0.619369,0.477564,0.117473,0.575,0.446105,0.124661,0.1,0.299706,0.235645,0.25,0.319875,0.182303,0.9,0.62505,0.182817
P7f30d796bb,151706,235_3172,235,3172,2,16,continental,A,2005,2005-07-29,2005-08-09,8,240,15.9155,11,192,165,16.1928,0.392247,24.3333,12.9666,5.61917,3,7.07115,3.4524,0.833333,2.28643,1.74634,2.16667,4.78472,2.33109,1.16667,1.24815,1.09128,1.83333,1.95255,1.09502,0.166667,0.601225,0.864828,3,3.15492,1.27058,15.3333,11.9921,6.9286,25.14,16.8442,4.78386,0.549533,0.46583,0.1135,0.529915,0.436918,0.120671,0.188034,0.283987,0.210397,0.307692,0.329984,0.190373,0.611111,0.597813,0.208122
P7f30d796bb,151706,263_4068,263,4068,3,18,continental,A,2006,2006-07-18,2006-07-27,7,95,16.8792,12,192,161,17.9378,0.463248,18.5263,14.1964,5.48784,2.94737,7.01645,3.36385,0.421053,2.36669,1.82035,2.52632,4.64975,2.02662,0.842105,2.29341,1.38476,1.68421,1.73085,0.927802,0.421053,0.611494,0.863663,4.63158,3.22115,1.34554,8.42105,14.0597,6.31908,22.8042,17.3038,5.04807,0.509731,0.497884,0.0869021,0.472973,0.46465,0.104206,0.459459,0.303888,0.207608,0.378378,0.383594,0.304429,0.642857,0.629446,0.183775
P7f30d796bb,151706,263_4627,263,4627,3,18,continental,A,2007,2007-08-03,2007-08-12,8,255,17.9223,3,192,160,17.9746,0.494652,21.6471,13.825,5.5091,5.17647,6.84425,3.21748,0.941176,2.17524,1.51025,4.23529,4.66901,2.22325,1.88235,1.73823,1.41414,2.35294,1.78942,1.0756,0.156863,0.543883,0.753666,2.98039,3.22704,1.55184,14.2745,12.8963,7.3889,24.5773,17.235,4.66647,0.501162,0.491426,0.111663,0.452991,0.458165,0.120228,0.487179,0.31971,0.214534,0.401709,0.340492,0.186352,0.680851,0.644047,0.191618
P80e599186b,189370,276_4346,276,4346,4,19,world,A,2011,2011-06-30,2011-07-10,8,68,18.856,5,192,170,18.6783,0.680358,10,13.9628,5.5381,4.70588,6.96907,3.32639,0,2.2765,1.60615,4.70588,4.69256,2.26884,11.1765,2.54793,1.8548,4.11765,1.36418,0.869805,0,0.642267,0.93216,5.88235,2.87201,1.41472,16.4706,14.0555,7.05949,17.3647,17.0082,4.58642,0.435451,0.486074,0.11285,0.375,0.453588,0.118095,0,0.291718,0.211296,0.5,0.314934,0.203526,0.625,0.647068,0.216658
P816913601a,224435,249_9678,249,9678,3,17,world,A,2016,2016-06-23,2016-07-03,6,55,14.7053,15,191,171,16.9215,0.517517,12.3636,13.9298,6.67868,18.9091,8.20946,4.09228,10.9091,2.77559,2.1245,8,5.43387,2.64062,1.45455,2.6531,1.83642,2.18182,1.85697,1.24533,5.09091,0.669885,0.963228,1.45455,3.64504,1.46955,26.9091,13.7052,8.47552,17.1927,18.8523,5.48244,0.392791,0.446186,0.125912,0.421053,0.416886,0.129648,0,0.303263,0.224477,0.315789,0.349537,0.221993,0.166667,0.59047,0.214261
P821b19c2a1,298080,276_208299,276,208299,4,19,world,A,2021,2021-07-03,2021-07-11,7,128.783,18.908,1,192,174,18.756,0.680857,28.5751,14.2694,5.44901,11.4922,7.50804,3.46178,5.28019,2.4377,1.71746,6.21198,5.07034,2.26855,1.8636,3.52297,2.42781,1.2424,1.75459,1.14154,0.621198,0.807696,1.25902,1.2424,3.09985,1.702,32.6129,15.501,7.77007,23.0465,17.9679,4.68488,0.655271,0.474649,0.110084,0.649123,0.443733,0.117723,0.0175439,0.362644,0.218583,0.526316,0.286997,0.170106,0.6,0.673577,0.213074
P824176de50,169041,235_5374,235,5374,2,16,continental,A,2009,2009-08-06,2009-08-16,8,255,15.8059,5,192,171,16.1371,0.421519,20.2353,12.9236,5.3337,9.09804,7.21701,2.71056,2.19608,2.36736,1.48131,6.90196,4.84964,1.81661,3.45098,2.41947,1.68763,3.45098,1.95467,1.06567,2.03922,0.730222,0.923357,2.5098,3.65319,1.71435,23.6863,12.8214,6.63318,22.3059,17.4985,4.53206,0.511094,0.458325,0.117592,0.49115,0.427432,0.123945,0.469027,0.306338,0.21002,0.265487,0.295554,0.185024,0.6,0.62549,0.213007
P824176de50,169041,263_5831,263,5831,3,18,continental,A,2010,2010-07-22,2010-08-01,9,258,16.7642,2,192,171,17.9486,0.515214,17.3643,13.1391,4.8065,5.73643,7.0875,2.90695,1.70543,2.21226,1.52036,4.03101,4.87524,1.91491,1.55039,2.66002,1.92041,2.17054,1.70641,0.879599,0.775194,0.617153,0.878023,2.48062,3.17333,1.3572,15.969,13.4495,5.87418,18.7969,16.8985,4.25598,0.532117,0.477146,0.110791,0.5,0.443458,0.118272,0.520833,0.347536,0.231447,0.21875,0.312866,0.195141,0.761905,0.664571,0.176763
P824176de50,169041,276_4346,276,4346,4,19,world,A,2011,2011-06-30,2011-07-10,9,286,17.7033,3,192,170,18.6783,0.680358,19.3007,13.9628,5.5381,5.17483,6.96907,3.32639,0.979021,2.2765,1.60615,4.1958,4.69256,2.26884,3.35664,2.54793,1.8548,1.3986,1.36418,0.869805,0.559441,0.642267,0.93216,2.0979,2.87201,1.41472,18.6014,14.0555,7.05949,18.9371,17.0082,4.58642,0.57309,0.486074,0.11285,0.519048,0.453588,0.118095,0.457143,0.291718,0.211296,0.333333,0.314934,0.203526,0.828571,0.647068,0.216658
P82bbff96e6,236073,276_10628,276,10628,4,19,world,A,2017,2017-07-01,2017-07-09,7,93.5167,18.8532,3,192,173,18.7401,0.66399,13.6874,13.572,5.43385,13.6874,7.69236,3.66261,4.70504,2.52264,1.93466,8.98236,5.16972,2.34584,4.70504,3.5206,2.17842,1.71092,1.62705,0.99426,0.855462,0.496983,0.747174,2.99412,3.19164,1.50518,19.2479,14.0574,7.39114,20.0178,17.9216,4.88312,0.40201,0.455339,0.108314,0.306452,0.425426,0.112649,0.0645161,0.338891,0.227597,0.645161,0.343196,0.196751,0.65,0.596167,0.211854
P836329e077,251505,256_6366,256,6366,3,18,continental,A,2018,2018-06-10,2018-06-16,5,112.583,17.9196,2,96,77,17.828,0.525502,26.2916,15.5566,6.39686,9.59289,7.77187,3.98199,2.48705,2.65775,2.03709,7.10585,5.11411,2.64736,2.13175,3.78512,2.52326,2.48705,1.61263,0.882308,0.710585,0.880985,1.00481,2.13175,2.9353,1.21748,27.7128,17.4064,9.44377,24.1457,18.4751,4.87942,0.597159,0.491529,0.127491,0.577586,0.463231,0.128982,0.431034,0.303395,0.213193,0.155172,0.260848,0.177817,0.777778,0.684055,0.226582
P836329e077,251505,276_208102,276,208102,4,19,world,A,2019,2019-06-29,2019-07-07,7,203.1,18.9764,8,192,168,18.6475,0.728834,23.0428,14.9774,5.89675,5.31758,7.59112,3.57536,0.196947,2.50232,1.90133,5.12063,5.0888,2.25154,4.72674,3.76513,2.367,1.77253,1.8283,1.12827,0,0.752157,0.973827,2.56032,3.17443,1.35909,19.6947,16.2674,7.67017,23.4131,18.4721,5.13993,0.552512,0.484167,0.109451,0.526596,0.454807,0.11544,0.56383,0.359548,0.228901,0.287234,0.311439,0.241065,0.666667,0.660183,0.20512
P838aeb9cb6,173711,249_3924,249,3924,3,17,world,A,2010,2010-07-02,2010-07-11,8,156,17.3638,1,144,123,17.0611,0.420802,14.359,14.634,6.05534,3.84615,7.23158,3.56787,0.25641,2.36571,1.70469,3.58974,4.86587,2.26597,12.3077,2.8592,2.15155,3.58974,1.87293,1.1407,0.25641,0.761711,1.11447,4.87179,3.58026,1.49053,18.2051,14.7809,8.47015,21.9385,18.1558,4.72464,0.420673,0.491637,0.10797,0.357143,0.45895,0.11802,0.178571,0.327866,0.235277,0.428571,0.373086,0.229118,0.666667,0.600608,0.200517
P83cf60968a,190440,249_5078,249,5078,3,17,world,A,2012,2012-06-29,2012-07-08,7,124,16.9531,10,142,127,17.0259,0.435933,16.7742,14.1972,5.55481,11.2903,7.45001,3.12231,5.80645,2.5366,1.74237,5.48387,4.91341,1.92891,1.29032,2.59121,2.03869,0,1.89863,1.07827,1.93548,0.788481,1.13416,2.90323,3.46465,1.79913,19.3548,14.4239,7.24874,19.6,18.219,4.61878,0.502318,0.473827,0.0968412,0.52,0.443589,0.101275,0.02,0.293986,0.229186,0.08,0.271897,0.197866,0,0.661614,0.195417
P83cf60968a,190440,263_7344,263,7344,3,18,continental,A,2013,2013-07-18,2013-07-28,8,183,18.0072,7,191,174,17.9125,0.508753,10.2732,13.0135,4.58007,12.0219,7.05119,3.208,5.02732,2.27233,1.65453,6.99454,4.77885,2.03852,1.0929,2.35798,1.62572,0.874317,1.48397,0.869493,1.53005,0.609971,0.931135,2.84153,2.93491,1.39893,14.2077,13.0399,6.10422,16.2885,16.6348,4.08793,0.38199,0.470941,0.0888453,0.353448,0.437653,0.0951866,0.103448,0.320932,0.214645,0.137931,0.292855,0.172068,0.75,0.635504,0.213807
P842bafbfda,223158,249_6362,249,6362,3,17,world,A,2018,2018-06-30,2018-07-08,7,137.9,16.5315,10,192,164,16.8926,0.549015,15.6635,13.6297,6.29877,16.8238,7.82266,3.91205,3.48078,2.57156,1.90715,13.343,5.2511,2.60945,3.19072,2.92738,1.79192,2.90065,2.03945,1.2786,6.09137,0.8843,1.12185,5.22117,3.58085,1.74045,26.9761,14.2974,8.36935,23.9246,18.3289,5.60027,0.418734,0.451383,0.118515,0.385965,0.422609,0.127554,0.192982,0.299801,0.212952,0.298246,0.310662,0.212748,0.588235,0.624098,0.182167
P842bafbfda,223158,263_208080,263,208080,3,18,continental,A,2019,2019-07-27,2019-08-04,6,149.667,17.6047,10,192,175,17.9631,0.505937,16.0356,13.7178,5.15894,11.4922,7.52048,3.37919,1.60356,2.46928,1.88464,9.88864,5.0512,2.11145,5.87973,3.21833,2.11744,4.27617,1.85798,1.14514,6.41425,0.775413,1.13616,4.81069,3.16101,1.74426,25.9243,14.7221,7.06103,24.0321,17.6749,5.30539,0.41713,0.476616,0.11909,0.367188,0.449355,0.125455,0.484375,0.341734,0.215194,0.28125,0.330997,0.30944,0.722222,0.612867,0.233874
P84dee8d837,176802,237_3921,237,3921,1,16,continental,A,2009,2009-08-20,2009-08-22,3,64,16.0907,2,24,15,16.2666,0.282774,5,13.1522,5.35993,15,7.86757,4.89341,5,2.76151,2.70685,10,5.10606,2.9405,0.625,1.77841,1.52216,1.25,1.49434,1.64852,3.125,0.466029,0.832321,5.625,4.10998,1.22594,11.25,11.2283,7.62591,13.375,18.0954,3.90589,0.322581,0.459743,0.125603,0.375,0.428887,0.117499,0,0.414813,0.271076,1.25,0.475733,0.363747,0.2,0.635114,0.253726
P84e9dcbb3e,254220,249_6362,249,6362,3,17,world,A,2018,2018-06-30,2018-07-08,7,59.55,15.2803,5,192,164,16.8926,0.549015,6.71704,13.6297,6.29877,10.7473,7.82266,3.91205,2.68682,2.57156,1.90715,8.06045,5.2511,2.60945,1.34341,2.92738,1.79192,0,2.03945,1.2786,6.71704,0.8843,1.12185,2.01511,3.58085,1.74045,16.1209,14.2974,8.36935,11.8489,18.3289,5.60027,0.34153,0.451383,0.118515,0.25,0.422609,0.127554,0,0.299801,0.212952,0.5,0.310662,0.212748,0.666667,0.624098,0.182167
P84e9dcbb3e,254220,235_208004,235,208004,2,16,continental,A,2018,2018-08-10,2018-08-18,7,95.8167,15.3925,3,192,180,16.1832,0.383342,6.67942,13.4252,5.67197,16.6986,7.7921,3.91687,6.67942,2.45196,1.88109,10.0191,5.34014,2.55216,1.25239,3.03349,1.92376,0.834928,1.80554,1.15473,3.75718,0.816337,1.07208,1.66986,3.1074,1.38972,23.378,14.0635,7.97985,8.66655,17.9227,4.73936,0.477327,0.444561,0.107173,0.466667,0.411934,0.116861,0,0.340561,0.216249,0.266667,0.314365,0.212928,0.5,0.599958,0.209791
P84e9dcbb3e,254220,263_208080,263,208080,3,18,continental,A,2019,2019-07-27,2019-08-04,7,129.267,16.3535,2,192,175,17.9631,0.505937,10.5209,13.7178,5.15894,11.1398,7.52048,3.37919,4.33213,2.46928,1.88464,6.80763,5.0512,2.11145,1.23775,3.21833,2.11744,1.23775,1.85798,1.14514,3.71325,0.775413,1.13616,3.09438,3.16101,1.74426,18.8757,14.7221,7.06103,12.6003,17.6749,5.30539,0.553385,0.476616,0.11909,0.6,0.449355,0.125455,0,0.341734,0.215194,0.52,0.330997,0.30944,0.307692,0.612867,0.233874
P84e9dcbb3e,254220,235_208081,235,208081,2,16,continental,A,2019,2019-08-09,2019-08-17,7,180.7,16.3891,5,192,172,16.1637,0.391183,21.9148,12.799,5.41577,15.938,7.49631,3.38097,3.76314,2.28635,1.64584,12.1749,5.20996,2.19674,1.10681,2.96308,1.91127,1.54953,1.85628,1.17847,6.19812,0.801326,1.16961,3.9845,3.27772,1.44769,33.2042,12.9583,7.56966,21.8616,17.7622,4.77337,0.612927,0.436772,0.117967,0.639706,0.410438,0.120239,0.0735294,0.349918,0.227505,0.426471,0.306704,0.203959,0.413793,0.573429,0.209002
P84e9dcbb3e,254220,276_208299,276,208299,4,19,world,A,2021,2021-07-03,2021-07-11,7,119.983,18.2892,9,192,174,18.756,0.680857,19.6694,14.2694,5.44901,9.00125,7.50804,3.46178,2.33366,2.4377,1.71746,6.66759,5.07034,2.26855,3.00042,3.52297,2.42781,1.6669,1.75459,1.14154,4.33394,0.807696,1.25902,5.00069,3.09985,1.702,28.3373,15.501,7.77007,18.8826,17.9679,4.68488,0.708453,0.474649,0.110084,0.679487,0.443733,0.117723,0.0512821,0.362644,0.218583,0.153846,0.286997,0.170106,1,0.673577,0.213074
P850a7a2631,211410,235_7608,235,7608,2,16,continental,A,2014,2014-08-20,2014-08-30,9,259,16.3015,14,192,178,16.1846,0.370405,17.4517,12.5028,5.21693,12.0463,6.96225,2.99749,4.32432,2.30535,1.67587,7.72201,4.6569,1.81358,1.08108,2.42548,1.61146,2.00772,1.93369,1.08889,1.85328,0.552882,0.710669,2.62548,3.5349,1.63269,21.9305,12.1635,7.20481,19.6015,17.1365,4.65544,0.51401,0.45362,0.105187,0.472527,0.424757,0.118064,0,0.284335,0.206536,0.472527,0.295501,0.244575,0.627907,0.619749,0.207618
P850a7a2631,211410,263_9135,263,9135,3,18,continental,A,2015,2015-07-23,2015-08-02,8,121,17.2242,15,192,177,17.9662,0.519657,12.2314,12.9828,5.3337,11.9008,7.27259,3.08145,5.95041,2.32106,1.75843,5.95041,4.95154,1.861,0.330579,2.86759,2.03248,1.32231,1.81922,0.975622,1.98347,0.648987,0.813504,1.98347,3.05876,1.3906,16.5289,13.6602,6.08357,16.3702,16.9507,4.78429,0.425092,0.459152,0.101695,0.425,0.431772,0.106165,0,0.349507,0.205678,0.2,0.277712,0.163494,0.375,0.615139,0.207628
P850a7a2631,211410,261_9876,261,9876,1,18,continental,B,2016,2016-07-29,2016-08-07,7,201.783,18.2399,2,288,273,17.9144,0.531337,17.4445,13.1513,4.99833,13.678,6.98983,3.13259,4.95581,2.08842,1.46602,8.72223,4.9014,2.09176,2.18056,2.39013,1.64484,0.594697,1.95418,1.20131,2.57702,0.612392,0.853137,3.96465,3.67754,1.56722,19.4268,12.5771,6.68941,22.2417,17.622,4.50419,0.477223,0.465994,0.105809,0.455882,0.43853,0.114144,0.0147059,0.329487,0.226044,0.808824,0.296576,0.204239,0.472727,0.61322,0.211205
P8514f39741,150867,261_3162,261,3162,1,18,continental,B,2005,2005-07-13,2005-07-24,7,137,18.396,9,204,169,17.7696,0.620165,15.1825,13.1349,5.30234,16.6423,7.30164,3.26915,6.71533,2.63075,1.7406,9.92701,4.67089,2.11278,1.45985,2.1127,1.31315,3.21168,1.95298,1.0397,2.33577,0.646139,1.00412,4.37956,3.68833,1.53741,23.0657,11.9779,6.86824,22.1664,18.1924,4.94149,0.426789,0.44747,0.10981,0.377358,0.414337,0.128318,0.0943396,0.297621,0.216453,0.339623,0.349863,0.235393,0.666667,0.599014,0.208376
P854a3a23a2,269669,250_208117,250,208117,2,17,continental,A,2019,2019-08-18,2019-08-24,5,134.067,16.871,1,88,81,16.5672,0.822062,24.4654,13.2703,6.79654,11.0393,8.2926,3.94284,1.79015,2.91413,2.16871,9.24913,5.37847,2.38452,7.45898,2.26329,1.55397,5.0721,2.33325,1.41301,0.596718,0.485347,0.652972,3.58031,4.53022,2.48935,38.7867,11.2191,10.8348,20.3242,20.1273,6.36393,0.730577,0.411496,0.14787,0.695652,0.391111,0.154371,0.282609,0.304599,0.232499,0.5,0.353062,0.253347,0.782609,0.481177,0.21408
P865ed42223,343123,225_208533,225,208533,2,16,continental,A,2023,2023-06-05,2023-06-11,6,106.2,16.3973,1,96,79,15.9325,0.448497,38.0414,13.4723,7.0728,8.6629,8.28531,3.93876,3.76648,2.71767,1.86448,4.89642,5.56764,2.59082,8.28625,2.72826,2.15136,7.53296,2.1384,1.58991,1.50659,0.872403,1.05855,2.25989,3.53169,1.62878,52.7307,13.8689,11.3301,28.3089,18.7343,5.48391,0.730191,0.431269,0.136938,0.714286,0.404063,0.143525,0.222222,0.350086,0.199163,0.222222,0.30983,0.221748,0.785714,0.572542,0.219864
P87be528da0,236763,333_10683,333,10683,1,17,zone,B,2017,2017-07-15,2017-07-21,6,145.333,16.8573,2,108,86,16.8235,0.615371,22.844,11.3719,5.87796,6.33028,7.40428,3.54596,2.75229,2.44449,1.94241,3.57798,4.95979,2.31191,3.30275,2.4725,1.83304,2.75229,2.53969,1.46861,0.825688,0.742046,1.23915,4.6789,4.42833,2.07928,24.7706,10.475,7.86372,21.0055,18.3888,6.50064,0.699595,0.393032,0.119905,0.689655,0.366067,0.11967,0.448276,0.319485,0.245996,0.0517241,0.271675,0.217114,1,0.557238,0.258474
P87be528da0,236763,276_208102,276,208102,4,19,world,A,2019,2019-06-29,2019-07-07,6,123.75,18.8176,11,192,168,18.6475,0.728834,21.0101,14.9774,5.89675,4.52525,7.59112,3.57536,0.646465,2.50232,1.90133,3.87879,5.0888,2.25154,3.87879,3.76513,2.367,1.29293,1.8283,1.12827,0.646465,0.752157,0.973827,3.87879,3.17443,1.35909,14.5455,16.2674,7.67017,25.4836,18.4721,5.13993,0.486236,0.484167,0.109451,0.443548,0.454807,0.11544,0.483871,0.359548,0.228901,0.177419,0.311439,0.241065,0.909091,0.660183,0.20512
P88205fde52,251336,256_6366,256,6366,3,18,continental,A,2018,2018-06-10,2018-06-16,6,138.3,18.1058,1,96,77,17.828,0.525502,25.4519,15.5566,6.39686,6.94143,7.77187,3.98199,2.02458,2.65775,2.03709,4.91685,5.11411,2.64736,6.65221,3.78512,2.52326,2.89226,1.61263,0.882308,0.867679,0.880985,1.00481,2.02458,2.9353,1.21748,27.7657,17.4064,9.44377,25.8221,18.4751,4.87942,0.534759,0.491529,0.127491,0.532468,0.463231,0.128982,0.324675,0.303395,0.213193,0.155844,0.260848,0.177817,0.5,0.684055,0.226582
P8a2034c01d,203183,225_5339,225,5339,2,16,continental,A,2013,2013-06-11,2013-06-15,5,92,15.2857,1,96,73,15.869,0.45778,21.7391,13.2565,5.84565,10,8.77675,4.15857,4.78261,3.27951,2.5446,5.21739,5.49724,2.29527,4.78261,2.85525,2.04582,3.47826,2.08748,1.25301,1.73913,1.11343,1.64152,2.17391,3.72731,2.07111,24.3478,13.5197,10.0595,26.4522,19.3832,5.13454,0.447708,0.420538,0.116148,0.411765,0.393257,0.123037,0.254902,0.250883,0.223798,0.215686,0.367652,0.243795,0.727273,0.538447,0.213621
P8a2034c01d,203183,249_5075,249,5075,3,17,world,A,2014,2014-08-08,2014-08-16,7,120.05,16.4548,1,192,173,17.0583,0.489002,26.3224,13.6034,6.14842,7.33028,7.6474,3.67246,3.66514,2.55281,1.94621,3.66514,5.0946,2.20776,1.66597,2.14955,1.47007,4.33153,1.80889,1.11705,1.33278,0.718134,1.07747,3.33195,3.23583,1.51772,23.6568,13.5763,8.92179,28.8147,17.7478,5.19007,0.516475,0.460191,0.126088,0.485507,0.428331,0.130989,0.173913,0.299498,0.224593,0.246377,0.302479,0.220999,0.705882,0.637699,0.213798
P8a2034c01d,203183,276_6290,276,6290,4,19,world,A,2015,2015-06-27,2015-07-05,7,155.767,17.3392,1,191,180,18.6008,0.756787,24.9091,13.755,5.55959,8.21742,7.3828,3.65745,2.82474,2.49694,1.90522,5.39268,4.88586,2.44791,3.85192,3.28532,2.18966,3.33833,1.90259,1.12162,1.54077,0.672111,0.938022,2.56794,3.43624,1.60082,26.7066,14.5182,7.46481,26.2341,17.8545,4.65107,0.526259,0.470651,0.115139,0.511628,0.436661,0.120193,0.116279,0.306253,0.220425,0.162791,0.333827,0.227034,0.642857,0.639017,0.184202
P8a2a3c7c07,210254,256_5956,256,5956,3,18,continental,A,2014,2014-06-20,2014-06-24,4,30,17.665,1,96,81,17.6768,0.737825,38.6667,14.8401,7.17248,13.3333,7.60001,3.65566,5.33333,2.58774,1.97745,8,5.01227,2.34035,2.66667,2.48714,2.15138,5.33333,1.62935,1.06747,1.33333,0.800831,1.28071,4,3.36171,1.54118,44,14.54,9.22335,35.36,18.4608,5.62483,0.616497,0.48297,0.128417,0.55,0.447499,0.128871,0.15,0.302194,0.236163,0.4,0.3827,0.227143,0.875,0.61851,0.207815
P8a6c25e945,155240,256_3285,256,3285,3,18,continental,A,2006,2006-06-28,2006-07-02,4,18,18.1879,1,83,62,17.8263,0.580995,4.44444,15.9039,6.01791,8.88889,8.01587,4.3489,2.22222,3.03436,2.57069,6.66667,4.98151,2.64958,0,3.02408,2.25258,4.44444,1.90095,1.1992,0,0.917461,1.08796,4.44444,3.8108,1.88879,-2.22222,15.9601,8.69337,19.7333,19.8356,5.43243,0.145349,0.497868,0.124253,0.166667,0.459582,0.135608,0.166667,0.314567,0.242206,0.333333,0.41752,0.293171,0,0.631609,0.199593
P8abebd0da5,135716,235_214,235,214,1,16,continental,A,2001,2000-08-02,2000-08-20,4,160,15.346,,277,198,15.225,0.351382,29.5,12.7918,6.49654,14.75,6.58788,3.58284,6.5,2.46874,2.06945,8.25,4.11914,2.06544,4.5,1.76661,1.53955,6.5,2.1677,1.53675,0,0.0140194,0.0924703,3.5,3.16734,1.50899,39.75,11.3421,8.68987,27.88,16.7918,5.54912,0.605004,0.457692,0.133814,0.584337,0.432184,0.143931,0.168675,0.239713,0.208869,0.39759,0.391707,0.257231,0.636364,0.557404,0.241747
P8abebd0da5,135716,263_272,263,272,2,18,continental,A,2002,2001-08-01,2001-08-12,4,159,16.3234,,258,182,17.0871,0.567186,39.7484,15.0953,7.01015,14.0881,6.83681,3.52702,4.02516,2.33842,1.90302,10.0629,4.49839,2.26125,2.51572,2.28334,2.00222,2.51572,2.72253,1.79579,0,0.389268,0.842229,4.5283,3.63476,1.71898,44.7799,14.683,8.48801,31.044,18.6087,5.14966,0.749526,0.492944,0.13254,0.696203,0.45252,0.141754,0.113924,0.259706,0.20494,0.759494,0.378731,0.258364,0.8,0.647729,0.234232
P8b3507dca4,238109,235_10522,235,10522,2,16,continental,A,2017,2017-08-11,2017-08-19,7,129.433,15.3542,13,192,171,16.2315,0.379426,11.7435,13.0005,5.38737,19.1604,7.45748,3.36127,7.10791,2.64078,1.6751,12.0525,4.81671,2.34468,0.618079,2.40527,1.64318,2.47232,1.91319,1.04947,3.09039,0.437885,0.600186,4.01751,3.35591,1.43616,25.6503,12.4646,6.84302,16.1566,17.7215,5.02431,0.483707,0.447742,0.10913,0.470588,0.41867,0.122632,0.0294118,0.339637,0.209153,0.352941,0.300941,0.219282,0.5,0.623009,0.186015
P8b3507dca4,238109,235_208004,235,208004,2,16,continental,A,2018,2018-08-10,2018-08-18,7,121.583,16.3508,9,192,180,16.1832,0.383342,22.0425,13.4252,5.67197,13.4887,7.7921,3.91687,5.26388,2.45196,1.88109,8.22481,5.34014,2.55216,2.63194,3.03349,1.92376,1.31597,1.80554,1.15473,2.63194,0.816337,1.07208,2.96093,3.1074,1.38972,27.3064,14.0635,7.97985,23.0558,17.9227,4.73936,0.548461,0.444561,0.107173,0.510638,0.411934,0.116861,0,0.340561,0.216249,0.680851,0.314365,0.212928,0.59375,0.599958,0.209791
P8b3507dca4,238109,263_208080,263,208080,3,18,continental,A,2019,2019-07-27,2019-08-04,7,140.15,17.3118,11,192,175,17.9631,0.505937,20.264,13.7178,5.15894,12.8434,7.52048,3.37919,5.70817,2.46928,1.88464,7.13521,5.0512,2.11145,1.14163,3.21833,2.11744,0.285408,1.85798,1.14514,3.13949,0.775413,1.13616,5.99358,3.16101,1.74426,22.5473,14.7221,7.06103,23.6661,17.6749,5.30539,0.57332,0.476616,0.11909,0.574074,0.449355,0.125455,0.0185185,0.341734,0.215194,0.333333,0.330997,0.30944,0.5,0.612867,0.233874
P8b8dcb5659,237297,263_10443,263,10443,3,18,continental,A,2017,2017-07-29,2017-08-06,6,29.75,17.2652,1,191,167,17.9336,0.547866,12.1008,13.1232,5.109,6.72269,7.05195,2.93316,4.03361,2.3546,1.60915,2.68908,4.69734,1.93146,0,2.68829,1.93294,0,1.82757,1.11905,5.37815,0.621379,0.832275,1.34454,3.21792,1.5076,14.7899,13.6782,6.52972,12.9613,16.8056,4.60607,0.520833,0.478101,0.12281,0.5,0.437804,0.135947,0,0.324875,0.21689,1,0.34248,0.28942,0.5,0.674212,0.18909
P8be75213cc,143414,276_2701,276,2701,4,19,world,A,2003,2003-07-10,2003-07-20,8,253,19.064,6,191,169,18.5582,0.778566,34.1502,14.7546,5.86231,4.90119,7.66681,4.08489,0.948617,2.82725,2.17764,3.95257,4.83956,2.42976,7.43083,2.51525,1.77315,2.52964,1.78176,0.971028,0,0.745574,1.06344,4.42688,3.60365,1.61538,33.2016,14.9771,7.76918,30.0648,18.2155,4.73759,0.666009,0.499082,0.103392,0.637931,0.466482,0.108614,0.331034,0.286063,0.223708,0.268966,0.381572,0.266311,0.794872,0.6359,0.189796
P8be99fecd0,298091,276_208299,276,208299,4,19,world,A,2021,2021-07-03,2021-07-11,7,120.7,18.6451,1,192,174,18.756,0.680857,17.8956,14.2694,5.44901,11.599,7.50804,3.46178,3.6454,2.4377,1.71746,7.9536,5.07034,2.26855,4.3082,3.52297,2.42781,0.9942,1.75459,1.14154,1.3256,0.807696,1.25902,1.9884,3.09985,1.702,25.8492,15.501,7.77007,17.2991,17.9679,4.68488,0.584416,0.474649,0.110084,0.579545,0.443733,0.117723,0.636364,0.362644,0.218583,0.113636,0.286997,0.170106,0.6,0.673577,0.213074
P8bf21cf88b,237956,249_6362,249,6362,3,17,world,A,2018,2018-06-30,2018-07-08,7,177.567,16.8628,2,192,164,16.8926,0.549015,25.9058,13.6297,6.29877,6.98329,7.82266,3.91205,1.57687,2.57156,1.90715,5.40642,5.2511,2.60945,3.37901,2.92738,1.79192,4.73062,2.03945,1.2786,1.12634,0.8843,1.12185,4.28008,3.58085,1.74045,24.7794,14.2974,8.36935,28.636,18.3289,5.60027,0.531817,0.451383,0.118515,0.5,0.422609,0.127554,0.27551,0.299801,0.212952,0.234694,0.310662,0.212748,0.73913,0.624098,0.182167
P8bf21cf88b,237956,263_208080,263,208080,3,18,continental,A,2019,2019-07-27,2019-08-04,7,134.483,17.936,5,192,175,17.9631,0.505937,23.7948,13.7178,5.15894,6.841,7.52048,3.37919,0.892304,2.46928,1.88464,5.94869,5.0512,2.11145,2.97435,3.21833,2.11744,4.16408,1.85798,1.14514,0.892304,0.775413,1.13616,2.67691,3.16101,1.74426,24.0922,14.7221,7.06103,24.806,17.6749,5.30539,0.537634,0.476616,0.11909,0.5,0.449355,0.125455,0.414286,0.341734,0.215194,0.142857,0.330997,0.30944,1,0.612867,0.233874
P8c8d5105c2,297935,276_208299,276,208299,4,19,world,A,2021,2021-07-03,2021-07-11,7,138.767,18.8176,1,192,174,18.756,0.680857,15.5657,14.2694,5.44901,5.76507,7.50804,3.46178,0.864761,2.4377,1.71746,4.90031,5.07034,2.26855,6.91809,3.52297,2.42781,2.88254,1.75459,1.14154,0,0.807696,1.25902,4.03555,3.09985,1.702,18.4482,15.501,7.77007,18.9556,17.9679,4.68488,0.521638,0.474649,0.110084,0.51,0.443733,0.117723,0.46,0.362644,0.218583,0.08,0.286997,0.170106,0.75,0.673577,0.213074
P8d3cc27d9f,174418,276_3348,276,3348,4,19,world,A,2009,2009-07-02,2009-07-12,9,170,18.8861,1,191,165,18.7882,0.690657,19.0588,14.3984,5.52288,4.70588,7.57587,3.44111,1.17647,2.66725,1.77968,3.52941,4.90862,2.14002,2.35294,2.40801,1.76626,0.705882,1.70492,0.965813,0.941176,0.872247,1.01133,3.76471,3.13329,1.42996,14.1176,15.1012,7.07592,20.1412,17.5241,4.72826,0.581897,0.495334,0.114029,0.563492,0.463656,0.116858,0.761905,0.308724,0.227753,0.238095,0.312474,0.190442,0.666667,0.642985,0.213702
P8d6fb61ea0,174421,276_3348,276,3348,4,19,world,A,2009,2009-07-02,2009-07-12,9,122,18.6479,1,191,165,18.7882,0.690657,13.1148,14.3984,5.52288,18.0328,7.57587,3.44111,7.54098,2.66725,1.77968,10.4918,4.90862,2.14002,1.96721,2.40801,1.76626,1.63934,1.70492,0.965813,0.983607,0.872247,1.01133,0.983607,3.13329,1.42996,28.1967,15.1012,7.07592,13.3902,17.5241,4.72826,0.528541,0.495334,0.114029,0.484848,0.463656,0.116858,0,0.308724,0.227753,0.333333,0.312474,0.190442,0.727273,0.642985,0.213702
P8db9055dd7,341473,225_208533,225,208533,2,16,continental,A,2023,2023-06-05,2023-06-11,6,114.217,16.3645,1,96,79,15.9325,0.448497,28.7174,13.4723,7.0728,7.70465,8.28531,3.93876,3.1519,2.71767,1.86448,4.55275,5.56764,2.59082,8.05487,2.72826,2.15136,4.20254,2.1384,1.58991,0.350212,0.872403,1.05855,2.45148,3.53169,1.62878,37.4726,13.8689,11.3301,24.6969,18.7343,5.48391,0.645466,0.431269,0.136938,0.641667,0.404063,0.143525,0.183333,0.350086,0.199163,0.133333,0.30983,0.221748,0.625,0.572542,0.219864
P8db9055dd7,341473,249_208542,249,208542,3,17,world,A,2024,2024-06-29,2024-07-07,7,143.1,17.4377,1,192,182,17.0277,0.451997,27.673,15.2014,6.64423,7.54717,7.39047,3.67308,1.95667,2.31837,1.81084,5.5905,5.0721,2.38354,8.10622,3.81367,2.53975,3.07477,2.09421,1.50172,0.838574,0.856957,0.969581,3.91335,3.3858,1.77576,33.8225,16.9346,9.45878,24.7212,18.393,5.40308,0.664965,0.498274,0.10953,0.642857,0.468337,0.116616,0.349206,0.355655,0.217254,0.412698,0.329716,0.281822,0.692308,0.653021,0.210084
P8e2f7481af,160547,235_4658,235,4658,2,16,continental,A,2007,2007-07-20,2007-07-29,8,235,15.8142,12,192,165,16.1521,0.336187,17.5319,12.3541,4.59564,8.68085,7.48686,3.65328,3.40426,2.55119,1.80173,5.2766,4.93567,2.29467,2.21277,2.18982,1.69305,1.87234,1.94641,1.03035,0.680851,0.660085,0.994941,5.78723,3.73715,1.59913,11.7447,11.557,6.80259,25.2187,17.7128,3.97293,0.451121,0.43747,0.105535,0.448454,0.408067,0.115767,0.226804,0.296124,0.208775,0.402062,0.34249,0.212342,0.410256,0.577994,0.201034
P8e2f7481af,160547,261_4957,261,4957,1,18,continental,B,2008,2008-07-25,2008-08-03,8,221,16.8299,13,239,209,17.8504,0.547054,20.4525,13.7832,5.28451,9.04977,6.19907,2.97913,3.61991,2.04482,1.52547,5.42986,4.15425,1.88049,1.80995,1.89565,1.37369,1.62896,1.63008,1.01985,1.44796,0.394607,0.565542,3.43891,3.30465,1.45345,21.9005,12.5942,6.48542,20.6335,16.6946,4.35641,0.594737,0.509957,0.109577,0.547945,0.480745,0.115403,0.0821918,0.288141,0.210337,0.684932,0.357055,0.23982,0.66,0.635377,0.177818
P8e68185705,143326,263_2703,263,2703,3,18,continental,A,2004,2003-07-30,2004-07-18,5,121,17.5664,,493,386,17.9197,0.574968,19.8347,13.9298,5.58557,10.9091,6.69318,3.18094,4.29752,2.34716,1.63659,6.61157,4.34602,1.99629,0.330579,2.20858,1.78794,1.65289,2.4645,1.29161,4.29752,0.660544,0.907576,3.96694,3.70521,1.86017,25.124,13.3501,7.66077,19.6893,17.9913,4.82067,0.630782,0.480562,0.114943,0.621622,0.44764,0.122844,0,0.292519,0.224662,0.648649,0.361925,0.24503,0.583333,0.622708,0.195562
P8e7fe9e7e9,366631,256_208738,256,208738,3,18,continental,A,2024,2024-06-03,2024-06-09,6,150.25,18.1852,1,96,83,17.7685,0.612958,16.5058,14.6777,5.98858,5.32446,8.53977,4.51507,1.33111,2.77862,2.02871,3.99334,5.76115,3.00848,8.25291,3.42482,2.49957,2.12978,1.86201,1.40334,0,0.986743,1.35054,2.12978,3.02284,1.40321,21.2978,16.8183,9.2143,17.0276,18.5121,4.90346,0.553967,0.466764,0.103093,0.538462,0.429816,0.106833,0.653846,0.328495,0.21637,0.173077,0.308035,0.194316,0.666667,0.681645,0.186835
P8ecb19c544,226681,256_6329,256,6329,3,18,continental,A,2016,2016-07-19,2016-07-23,5,85.8667,17.9798,1,94,77,17.8726,0.574362,17.7019,14.0057,5.76617,10.7143,8.21707,3.78513,4.19255,2.56444,1.7462,6.52174,5.65263,2.61089,3.26087,3.11392,2.20868,1.39752,1.77441,1.19438,0.465839,0.793203,0.99331,3.72671,3.21626,1.61855,16.7702,14.6071,8.18991,22.472,18.7001,5.4949,0.472167,0.446887,0.113778,0.451613,0.406604,0.127223,0.0967742,0.324753,0.239791,0.677419,0.326277,0.210162,0.47619,0.668448,0.188214
P8ecb19c544,226681,276_10628,276,10628,4,19,world,A,2017,2017-07-01,2017-07-09,7,127.067,18.9408,3,192,173,18.7401,0.66399,23.9244,13.572,5.43385,8.49948,7.69236,3.66261,4.40714,2.52264,1.93466,4.09234,5.16972,2.34584,5.03673,3.5206,2.17842,2.51836,1.62705,0.99426,0.629591,0.496983,0.747174,2.83316,3.19164,1.50518,23.2949,14.0574,7.39114,26.5435,17.9216,4.88312,0.504514,0.455339,0.108314,0.47619,0.425426,0.112649,0.15873,0.338891,0.227597,0.444444,0.343196,0.196751,0.571429,0.596167,0.211854
P90844406b5,161042,235_4658,235,4658,2,16,continental,A,2007,2007-07-20,2007-07-29,8,208,16.5041,5,192,165,16.1521,0.336187,20.1923,12.3541,4.59564,15,7.48686,3.65328,5.19231,2.55119,1.80173,9.80769,4.93567,2.29467,2.5,2.18982,1.69305,2.11538,1.94641,1.03035,3.07692,0.660085,0.994941,4.03846,3.73715,1.59913,26.7308,11.557,6.80259,24.7,17.7128,3.97293,0.488645,0.43747,0.105535,0.453125,0.408067,0.115767,0.177083,0.296124,0.208775,0.270833,0.34249,0.212342,0.692308,0.577994,0.201034
P90844406b5,161042,263_4956,263,4956,3,18,continental,A,2008,2008-07-25,2008-08-03,8,197,17.5199,11,190,167,17.9503,0.536053,15.4315,13.988,5.20746,10.3553,6.93028,3.5822,4.26396,2.24383,1.77763,6.09137,4.68645,2.28417,2.2335,2.32297,1.43874,1.21827,1.79539,1.01503,1.21827,0.509386,0.943808,3.85787,3.24236,1.28108,18.6802,13.8074,6.98797,18.4365,17.2371,4.04561,0.529248,0.494636,0.112498,0.484127,0.464202,0.115365,0.15873,0.344286,0.205556,0.31746,0.32113,0.203579,0.75,0.650715,0.19044
P90932c4b0a,237683,261_10460,261,10460,1,18,continental,B,2017,2017-07-28,2017-08-06,8,189.267,18.0674,11,284,256,17.8331,0.551024,17.33,13.3665,5.26221,14.5826,7.38777,3.25951,4.43818,2.4701,1.78299,10.1444,4.91767,2.07005,1.69074,2.94737,1.72896,1.90208,2.00735,1.03898,2.11342,0.531951,0.767571,2.32476,3.64879,1.46803,28.7425,13.7604,6.78308,16.4931,17.7296,4.87422,0.611575,0.467221,0.102887,0.616667,0.438655,0.110364,0.0166667,0.331545,0.221389,0.266667,0.278335,0.193691,0.5,0.631158,0.222821
P9106a597f3,217275,225_6317,225,6317,2,16,continental,A,2015,2015-06-10,2015-06-14,5,112.117,16.4028,1,96,76,15.9694,0.407262,29.9688,14.7693,6.26719,4.9948,8.53476,3.76471,2.14063,2.9486,2.24031,2.85417,5.58616,2.15006,2.85417,2.09465,1.50202,2.85417,2.50154,1.41135,0,0.893561,0.993397,1.42708,4.41027,1.88902,26.7578,13.4914,8.83541,25.6304,20.8471,5.51312,0.619104,0.444418,0.119795,0.611111,0.404728,0.129254,0.555556,0.266055,0.196672,0.174603,0.400436,0.26658,0.636364,0.614647,0.192868
P9106a597f3,217275,249_9678,249,9678,3,17,world,A,2016,2016-06-23,2016-07-03,7,164.75,17.4569,1,191,171,16.9215,0.517517,21.6085,13.9298,6.67868,6.55539,8.20946,4.09228,2.67071,2.77559,2.1245,3.88467,5.43387,2.64062,2.42792,2.6531,1.83642,3.88467,1.85697,1.24533,0.242792,0.669885,0.963228,1.94234,3.64504,1.46955,19.909,13.7052,8.47552,23.6382,18.8523,5.48244,0.497986,0.446186,0.125912,0.475309,0.416886,0.129648,0.333333,0.303263,0.224477,0.234568,0.349537,0.221993,0.631579,0.59047,0.214261
P917b0d4d70,159884,276_3299,276,3299,4,19,world,A,2007,2007-07-12,2007-07-22,9,248,19.0257,2,192,177,18.6772,0.861009,18.871,15.0242,6.32287,7.74194,7.34207,3.43761,2.25806,2.58309,1.78912,5.48387,4.75898,2.24568,4.67742,2.48739,1.87525,5,2.09591,1.22429,0.322581,0.576986,0.923846,1.6129,3.59835,1.49835,28.2258,14.939,7.42931,16.0581,18.3344,5.1284,0.653193,0.501247,0.112236,0.626582,0.471644,0.119445,0.417722,0.331902,0.236569,0.303797,0.386782,0.254493,0.75,0.621503,0.199964
P919e355315,297936,276_208299,276,208299,4,19,world,A,2021,2021-07-03,2021-07-11,7,87.0667,19.368,1,192,174,18.756,0.680857,13.3231,14.2694,5.44901,5.51302,7.50804,3.46178,1.83767,2.4377,1.71746,3.67534,5.07034,2.26855,4.59418,3.52297,2.42781,2.75651,1.75459,1.14154,0.459418,0.807696,1.25902,1.37825,3.09985,1.702,15.1608,15.501,7.77007,16.0613,17.9679,4.68488,0.453692,0.474649,0.110084,0.410714,0.443733,0.117723,0.5,0.362644,0.218583,0.321429,0.286997,0.170106,0.666667,0.673577,0.213074
P9264b6e63a,203170,249_5075,249,5075,3,17,world,A,2014,2014-08-08,2014-08-16,7,84.25,17.5883,1,192,173,17.0583,0.489002,28.9614,13.6034,6.14842,17.092,7.6474,3.67246,6.17211,2.55281,1.94621,10.9199,5.0946,2.20776,1.89911,2.14955,1.47007,2.37389,1.80889,1.11705,0,0.718134,1.07747,1.89911,3.23583,1.51772,37.0326,13.5763,8.92179,26.1887,17.7478,5.19007,0.596169,0.460191,0.126088,0.577778,0.428331,0.130989,0.133333,0.299498,0.224593,0.311111,0.302479,0.220999,0.642857,0.637699,0.213798
P92a5884e77,143505,276_2701,276,2701,4,19,world,A,2003,2003-07-10,2003-07-20,8,163,17.9579,12,191,169,18.5582,0.778566,21.8405,14.7546,5.86231,17.6687,7.66681,4.08489,9.57055,2.82725,2.17764,8.09816,4.83956,2.42976,0.736196,2.51525,1.77315,0.490798,1.78176,0.971028,3.68098,0.745574,1.06344,5.88957,3.60365,1.61538,30.4294,14.9771,7.76918,22.7926,18.2155,4.73759,0.646051,0.499082,0.103392,0.666667,0.466482,0.108614,0,0.286063,0.223708,0.473684,0.381572,0.266311,0.481481,0.6359,0.189796
P93e1b535ab,137482,235_213,235,213,1,16,continental,A,2001,2001-04-04,2001-04-08,4,49,16.1892,,214,165,15.8924,0.462893,20.4082,14.3816,6.0778,10.6122,7.31015,3.20006,4.08163,2.59754,1.91797,6.53061,4.71261,2.06152,0.816327,1.6667,1.40012,0.816327,2.5647,1.38193,2.44898,0.199109,0.472949,1.63265,3.65208,1.50762,25.3061,14.0911,7.59774,17.0122,17.6298,5.04167,0.663482,0.510537,0.139576,0.642857,0.480061,0.149592,0.5,0.246137,0.218186,0.785714,0.39499,0.262573,0.636364,0.619102,0.226488
P93e1b535ab,137482,235_1897,235,1897,2,16,continental,A,2001,2001-07-13,2001-07-22,8,103,16.4767,3,143,125,16.1405,0.362344,11.2621,13.7865,5.2749,5.82524,7.17602,3.04877,0.38835,2.38119,1.75493,5.43689,4.79483,1.94156,1.16505,2.684,1.74862,0.38835,1.79417,1.11191,0,0.392939,0.610264,1.5534,3.4587,1.46797,9.70874,13.707,6.34279,13.0641,17.5258,4.71195,0.489204,0.489491,0.113442,0.481481,0.448597,0.116424,0.592593,0.284706,0.210767,0.222222,0.380888,0.255162,0.5,0.67946,0.265466
P93e1b535ab,137482,263_2888,263,2888,3,18,continental,A,2002,2002-07-12,2002-07-21,7,43,17.4733,9,144,121,17.8703,0.557956,19.5349,14.3906,5.26654,17.6744,6.71397,3.12939,8.37209,2.2151,1.69496,9.30233,4.49886,1.94982,1.86047,2.07608,1.44154,0.930233,1.29316,0.888823,0,0.571274,0.765198,0.930233,2.67339,1.00866,30.6977,14.0137,6.18081,17.9721,16.7644,4.51804,0.573144,0.516086,0.1088,0.558824,0.474349,0.120006,0.235294,0.284976,0.201016,0.176471,0.371592,0.21432,0.666667,0.687328,0.17851
P946b6a7bec,217266,225_6317,225,6317,2,16,continental,A,2015,2015-06-10,2015-06-14,5,95,15.8415,1,96,76,15.9694,0.407262,22.3158,14.7693,6.26719,9.68421,8.53476,3.76471,3.78947,2.9486,2.24031,5.89474,5.58616,2.15006,2.10526,2.09465,1.50202,3.36842,2.50154,1.41135,1.26316,0.893561,0.993397,2.94737,4.41027,1.88902,25.2632,13.4914,8.83541,22.3326,20.8471,5.51312,0.575586,0.444418,0.119795,0.576923,0.404728,0.129254,0.0512821,0.266055,0.196672,0.410256,0.400436,0.26658,0.5,0.614647,0.192868
P946b6a7bec,217266,249_9678,249,9678,3,17,world,A,2016,2016-06-23,2016-07-03,6,104.3,16.8956,1,191,171,16.9215,0.517517,25.6951,13.9298,6.67868,10.3547,8.20946,4.09228,1.91755,2.77559,2.1245,8.4372,5.43387,2.64062,0.767018,2.6531,1.83642,4.98562,1.85697,1.24533,1.15053,0.669885,0.963228,5.36913,3.64504,1.46955,28.7632,13.7052,8.47552,26.14,18.8523,5.48244,0.618538,0.446186,0.125912,0.572917,0.416886,0.129648,0.166667,0.303263,0.224477,0.291667,0.349537,0.221993,0.857143,0.59047,0.214261
P94bbcbe8b9,145958,263_2703,263,2703,3,18,continental,A,2004,2003-07-30,2004-07-18,13,201,17.9744,2,493,386,17.9197,0.574968,12.7363,13.9298,5.58557,8.1592,6.69318,3.18094,3.58209,2.34716,1.63659,4.57711,4.34602,1.99629,1.59204,2.20858,1.78794,0.995025,2.4645,1.29161,2.78607,0.660544,0.907576,3.18408,3.70521,1.86017,13.7313,13.3501,7.66077,16.9313,17.9913,4.82067,0.463231,0.480562,0.114943,0.436364,0.44764,0.122844,0,0.292519,0.224662,0.581818,0.361925,0.24503,0.5,0.622708,0.195562
P94d904f95a,195950,256_5945,256,5945,3,18,continental,A,2012,2012-06-16,2012-06-20,5,46,18.1249,1,96,80,17.9007,0.472012,17.3913,14.2097,6.14818,8.69565,7.7057,3.36499,4.34783,2.6725,1.7711,4.34783,5.0332,2.3477,0,2.47597,2.11325,2.6087,1.65812,1.22673,0,0.702188,0.969721,1.73913,3.18262,1.66406,16.5217,13.6619,8.50932,18.9217,18.4581,5.47669,0.506073,0.462358,0.129545,0.472222,0.429614,0.138616,0.444444,0.263251,0.200682,0.222222,0.403774,0.24661,0.75,0.570351,0.204803
P9540818d9f,225869,263_9860,263,9860,3,18,continental,A,2016,2016-12-16,2016-12-22,6,176.433,15.9976,1,187,153,18.2767,0.586155,24.2585,13.6139,5.38014,9.52201,7.20568,2.86897,2.94729,2.29364,1.62013,6.57472,4.91204,1.92612,0.680144,2.86705,1.87995,1.81372,1.70741,0.908815,1.587,0.541701,0.682196,5.66786,3.18055,1.42469,21.3112,13.821,6.33323,26.4349,17.4699,4.96346,0.584061,0.471086,0.106715,0.527027,0.436719,0.119665,0.283784,0.36281,0.217588,0.540541,0.297805,0.210876,0.725,0.674394,0.191011
P962232fdc6,203055,276_7488,276,7488,4,19,world,A,2013,2013-06-27,2013-07-07,8,135.333,18.3796,2,190,163,18.6423,0.696247,16.8473,13.7502,5.42509,11.8227,7.333,3.37317,3.25123,2.38567,1.71678,8.57143,4.94733,2.1867,3.5468,2.21367,1.7035,0.8867,1.54796,0.991925,0.591133,0.727447,1.05025,1.7734,3.00673,1.31394,23.6453,13.6671,7.8175,16.1025,17.2721,4.36533,0.587871,0.477564,0.117473,0.609756,0.446105,0.124661,0.317073,0.299706,0.235645,0.414634,0.319875,0.182303,0.411765,0.62505,0.182817
P964dd1e5f4,203107,276_7488,276,7488,4,19,world,A,2013,2013-06-27,2013-07-07,8,80.7,17.5117,4,190,163,18.6423,0.696247,10.4089,13.7502,5.42509,11.4002,7.333,3.37317,3.9653,2.38567,1.71678,7.43494,4.94733,2.1867,2.97398,2.21367,1.7035,1.48699,1.54796,0.991925,2.97398,0.727447,1.05025,1.98265,3.00673,1.31394,22.3048,13.6671,7.8175,11.3408,17.2721,4.36533,0.556144,0.477564,0.117473,0.555556,0.446105,0.124661,0.333333,0.299706,0.235645,0.111111,0.319875,0.182303,0.5,0.62505,0.182817
P96bc00aaed,208983,141_7972,141,7972,1,15,zone,B,2014,2014-03-10,2014-03-14,5,138,14.2782,1,70,53,14.6044,0.441881,17.6812,13.4079,8.95126,4.05797,9.74512,6.00691,1.15942,3.42451,2.31047,2.89855,6.32061,4.15418,4.63768,2.98935,2.21341,2.31884,2.87811,1.75076,0.289855,0.780538,1.11584,4.92754,5.22829,2.47667,13.0435,12.7085,11.6232,21.5072,22.0255,7.99698,0.533217,0.37123,0.128725,0.534091,0.357289,0.137272,0.227273,0.156588,0.172025,0.681818,0.299832,0.230951,0.466667,0.418648,0.228574
P96bc00aaed,208983,123_8033,123,8033,1,15,zone,B,2014,2014-07-16,2014-07-20,5,172,14.6286,4,94,78,15.0446,0.421723,16.9767,11.9078,5.79679,2.7907,7.33064,3.63526,0.697674,2.68186,2.00647,2.09302,4.64878,2.24641,2.55814,2.72919,1.71527,2.55814,2.17738,1.39107,0.465116,0.648486,0.841299,4.65116,4.10914,2.02269,7.44186,11.0102,7.3446,24.1953,18.3146,5.62093,0.434317,0.404746,0.115224,0.340909,0.381701,0.11738,0.318182,0.246737,0.194191,0.621212,0.306248,0.247187,0.682927,0.508133,0.242676
P96bc00aaed,208983,143_8628,143,8628,1,16,zone,B,2014,2014-11-12,2014-11-16,5,164.833,14.9544,5,95,72,16.0571,0.567956,23.5389,12.335,6.52546,4.61072,9.08167,4.73669,1.69869,3.1772,2.24441,2.91203,5.90447,3.02167,2.91203,2.86311,1.90966,5.09606,2.92079,1.74833,1.21335,0.935258,1.18312,4.85339,4.62165,2.04841,18.9282,12.2963,9.65696,27.6352,20.4536,5.77289,0.516617,0.375308,0.125615,0.463415,0.349639,0.129082,0.378049,0.197715,0.17772,0.329268,0.292019,0.203844,0.777778,0.517539,0.213252
P9702e35c0a,158989,333_5353,333,5353,1,17,zone,B,2009,2009-05-25,2009-05-31,6,133,16.8463,3,108,88,16.8041,0.584578,16.5414,13.6486,6.10289,16.2406,6.9539,3.68186,4.51128,2.25395,1.61927,11.7293,4.69994,2.5077,2.40602,1.9335,1.53598,1.20301,1.68985,1.12736,6.31579,0.505308,0.923196,2.10526,3.11305,1.42027,33.3835,12.4509,7.63502,15.4707,17.351,5.39152,0.618812,0.472769,0.141227,0.590909,0.443672,0.146022,0.151515,0.292991,0.233462,0.787879,0.420394,0.495264,0.615385,0.589803,0.222825
P9702e35c0a,158989,256_3935,256,3935,3,18,continental,A,2010,2010-06-26,2010-06-30,5,122,17.9278,2,96,77,17.842,0.642168,25.5738,14.92,6.47935,16.3934,7.40885,3.62563,7.21311,2.61003,2.12449,9.18033,4.79882,2.16489,2.62295,2.58206,2.14585,1.96721,1.62998,1.0838,8.85246,0.884029,1.47478,2.62295,3.20333,1.67174,46.8852,15.0256,9.28155,19.9344,18.3041,5.14914,0.738636,0.490412,0.12998,0.727273,0.454684,0.13257,0.0227273,0.275486,0.216548,0.454545,0.35016,0.263199,0.7,0.649623,0.198629
P9702e35c0a,158989,276_4346,276,4346,4,19,world,A,2011,2011-06-30,2011-07-10,8,193,18.9545,9,192,170,18.6783,0.680358,15.9585,13.9628,5.5381,14.5078,6.96907,3.32639,5.18135,2.2765,1.60615,9.32642,4.69256,2.26884,1.45078,2.54793,1.8548,1.24352,1.36418,0.869805,4.76684,0.642267,0.93216,3.31606,2.87201,1.41472,25.4922,14.0555,7.05949,18.5699,17.0082,4.58642,0.523098,0.486074,0.11285,0.446429,0.453588,0.118095,0.0178571,0.291718,0.211296,0.714286,0.314934,0.203526,0.675,0.647068,0.216658
P977d8b209e,155239,256_3285,256,3285,3,18,continental,A,2006,2006-06-28,2006-07-02,4,50,18.4371,1,83,62,17.8263,0.580995,21.6,15.9039,6.01791,10.4,8.01587,4.3489,8,3.03436,2.57069,2.4,4.98151,2.64958,0.8,3.02408,2.25258,0.8,1.90095,1.1992,0,0.917461,1.08796,3.2,3.8108,1.88879,13.6,15.9601,8.69337,26.336,19.8356,5.43243,0.466805,0.497868,0.124253,0.428571,0.459582,0.135608,0,0.314567,0.242206,0.857143,0.41752,0.293171,0.5,0.631609,0.199593
P98391b949f,211767,235_7608,235,7608,2,16,continental,A,2014,2014-08-20,2014-08-30,9,181,16.4877,1,192,178,16.1846,0.370405,28.5083,12.5028,5.21693,19.0055,6.96225,2.99749,10.6077,2.30535,1.67587,8.39779,4.6569,1.81358,3.31492,2.42548,1.61146,2.43094,1.93369,1.08889,2.43094,0.552882,0.710669,1.54696,3.5349,1.63269,45.3039,12.1635,7.20481,23.6552,17.1365,4.65544,0.644742,0.45362,0.105187,0.639785,0.424757,0.118064,0.0322581,0.284335,0.206536,0.172043,0.295501,0.244575,0.625,0.619749,0.207618
P98391b949f,211767,263_9135,263,9135,3,18,continental,A,2015,2015-07-23,2015-08-02,3,37,17.4104,6,192,177,17.9662,0.519657,12.973,12.9828,5.3337,10.8108,7.27259,3.08145,4.32432,2.32106,1.75843,6.48649,4.95154,1.861,0,2.86759,2.03248,3.24324,1.81922,0.975622,0,0.648987,0.813504,3.24324,3.05876,1.3906,15.1351,13.6602,6.08357,16.9081,16.9507,4.78429,0.474684,0.459152,0.101695,0.4,0.431772,0.106165,0.2,0.349507,0.205678,0.6,0.277712,0.163494,0.666667,0.615139,0.207628
P98391b949f,211767,276_10628,276,10628,4,19,world,A,2017,2017-07-01,2017-07-09,7,195.417,19.3461,7,192,173,18.7401,0.66399,17.8081,13.572,5.43385,12.4861,7.69236,3.66261,4.09382,2.52264,1.93466,8.39232,5.16972,2.34584,4.09382,3.5206,2.17842,2.04691,1.62705,0.99426,0.204691,0.496983,0.747174,4.70789,3.19164,1.50518,21.6972,14.0574,7.39114,22.8681,17.9216,4.88312,0.490307,0.455339,0.108314,0.475904,0.425426,0.112649,0.180723,0.338891,0.227597,0.156627,0.343196,0.196751,0.615385,0.596167,0.211854
P98f4c6dfa5,219871,128_9304,128,9304,1,17,zone,B,2015,2015-08-04,2015-08-08,5,138.433,16.3699,3,95,74,16.9301,0.550522,15.3142,13.9863,5.85431,8.95738,8.65468,3.873,3.17843,3.1859,2.22295,5.77895,5.46878,2.35733,3.46737,2.90836,2.05605,1.73369,2.23625,1.47282,0.288948,0.923648,1.34288,4.91211,3.96146,2.06254,16.1811,14.2492,8.23814,20.0067,19.8015,5.00385,0.507274,0.436669,0.120945,0.44186,0.413546,0.126125,0.186047,0.268413,0.245529,0.488372,0.293066,0.210102,0.714286,0.563793,0.197126
P98f4c6dfa5,219871,249_9678,249,9678,3,17,world,A,2016,2016-06-23,2016-07-03,3,65.0833,17.2735,11,191,171,16.9215,0.517517,12.2919,13.9298,6.67868,10.4481,8.20946,4.09228,1.84379,2.77559,2.1245,8.60435,5.43387,2.64062,0,2.6531,1.83642,0.614597,1.85697,1.24533,2.45839,0.669885,0.963228,3.68758,3.64504,1.46955,9.21895,13.7052,8.47552,21.4863,18.8523,5.48244,0.345304,0.446186,0.125912,0.28,0.416886,0.129648,0.32,0.303263,0.224477,0.36,0.349537,0.221993,0.666667,0.59047,0.214261
P9a02cf437c,189130,225_4362,225,4362,2,16,continental,A,2011,2011-06-21,2011-06-25,5,84,15.1242,1,96,79,16.0746,0.368321,10.9524,14.8849,7.11669,4.7619,7.98521,3.84187,0.47619,2.63755,2.13904,4.28571,5.34767,2.3398,13.3333,3.07788,2.57357,1.90476,2.51032,1.5217,0.47619,0.996203,1.23148,4.7619,3.97283,2.00381,22.381,15.7288,9.61162,14.4952,19.5233,5.8083,0.562622,0.468404,0.128217,0.55,0.43123,0.138267,0.2,0.239806,0.198378,0.05,0.36962,0.278674,1,0.607853,0.231603
P9a02cf437c,189130,249_5078,249,5078,3,17,world,A,2012,2012-06-29,2012-07-08,8,164,16.1619,1,142,127,17.0259,0.435933,16.5854,14.1972,5.55481,5.60976,7.45001,3.12231,0.731707,2.5366,1.74237,4.87805,4.91341,1.92891,10.4878,2.59121,2.03869,3.90244,1.89863,1.07827,0,0.788481,1.13416,4.87805,3.46465,1.79913,25.122,14.4239,7.24874,18.761,18.219,4.61878,0.59733,0.473827,0.0968412,0.55102,0.443589,0.101275,0.163265,0.293986,0.229186,0.367347,0.271897,0.197866,0.777778,0.661614,0.195417
P9a02cf437c,189130,256_5956,256,5956,3,18,continental,A,2014,2014-06-20,2014-06-24,5,110,18.1222,1,96,81,17.6768,0.737825,14.9091,14.8401,7.17248,4.36364,7.60001,3.65566,0.363636,2.58774,1.97745,4,5.01227,2.34035,11.6364,2.48714,2.15138,3.63636,1.62935,1.06747,0,0.800831,1.28071,4,3.36171,1.54118,22.9091,14.54,9.22335,17.8764,18.4608,5.62483,0.537212,0.48297,0.128417,0.46875,0.447499,0.128871,0.3125,0.302194,0.236163,0.4375,0.3827,0.227143,0.785714,0.61851,0.207815
P9a9f9fa8f1,366764,256_208738,256,208738,3,18,continental,A,2024,2024-06-03,2024-06-09,6,81.5167,18.3714,1,96,83,17.7685,0.612958,23.5535,14.6777,5.98858,26.4976,8.53977,4.51507,7.85116,2.77862,2.02871,18.6465,5.76115,3.00848,1.96279,3.42482,2.49957,5.88837,1.86201,1.40334,3.43488,0.986743,1.35054,3.43488,3.02284,1.40321,48.0883,16.8183,9.2143,22.1991,18.5121,4.90346,0.627615,0.466764,0.103093,0.62069,0.429816,0.106833,0,0.328495,0.21637,0.724138,0.308035,0.194316,0.571429,0.681645,0.186835
P9ac54b5d6d,366745,256_208738,256,208738,3,18,continental,A,2024,2024-06-03,2024-06-09,6,52.4,17.498,1,96,83,17.7685,0.612958,16.7939,14.6777,5.98858,6.87023,8.53977,4.51507,0.763359,2.77862,2.02871,6.10687,5.76115,3.00848,2.29008,3.42482,2.49957,4.58015,1.86201,1.40334,3.81679,0.986743,1.35054,0.763359,3.02284,1.40321,24.4275,16.8183,9.2143,16.4275,18.5121,4.90346,0.536062,0.466764,0.103093,0.470588,0.429816,0.106833,0.470588,0.328495,0.21637,0.470588,0.308035,0.194316,0.75,0.681645,0.186835
P9adb5133bc,251340,256_6366,256,6366,3,18,continental,A,2018,2018-06-10,2018-06-16,6,134.75,18.1551,1,96,77,17.828,0.525502,24.9351,15.5566,6.39686,9.49907,7.77187,3.98199,3.859,2.65775,2.03709,5.64007,5.11411,2.64736,3.56215,3.78512,2.52326,2.37477,1.61263,0.882308,2.67161,0.880985,1.00481,0.593692,2.9353,1.21748,36.2152,17.4064,9.44377,16.8371,18.4751,4.87942,0.767544,0.491529,0.127491,0.755102,0.463231,0.128982,0.408163,0.303395,0.213193,0.265306,0.260848,0.177817,0.769231,0.684055,0.226582
P9b3e496395,218598,235_9787,235,9787,2,16,continental,A,2016,2016-08-12,2016-08-20,7,257.883,16.6136,4,191,173,16.1457,0.420344,19.2335,12.4223,5.36658,11.3229,7.63886,3.3466,2.17152,2.50181,1.73348,9.15143,5.13705,2.20689,2.94707,3.03633,1.84191,1.24087,1.91039,1.13716,3.10218,0.56896,0.698163,3.72261,3.51147,1.64437,22.6459,12.8073,6.51682,23.409,17.4496,4.68556,0.488497,0.434022,0.108047,0.457983,0.398813,0.121741,0.327731,0.333399,0.230491,0.151261,0.330671,0.215729,0.833333,0.615144,0.20155
P9b3e496395,218598,261_10460,261,10460,1,18,continental,B,2017,2017-07-28,2017-08-06,8,152.067,17.5746,1,284,256,17.8331,0.551024,27.8825,13.3665,5.26221,15.2565,7.38777,3.25951,4.47172,2.4701,1.78299,10.7847,4.91767,2.07005,1.05217,2.94737,1.72896,3.6826,2.00735,1.03898,3.41955,0.531951,0.767571,3.94564,3.64879,1.46803,34.7216,13.7604,6.78308,28.3455,17.7296,4.87422,0.571367,0.467221,0.102887,0.5375,0.438655,0.110364,0.225,0.331545,0.221389,0.3625,0.278335,0.193691,0.689655,0.631158,0.222821
P9b3e496395,218598,263_205004,263,205004,3,18,continental,A,2018,2018-07-28,2018-08-05,6,158.8,18.5712,11,192,166,17.9484,0.486734,25.6927,14.4064,5.75558,11.5869,6.90142,3.12552,3.77834,2.19489,1.66122,7.80856,4.70653,2.01962,2.01511,3.24095,2.01549,0.755668,1.5968,1.10658,2.77078,0.554635,0.653217,4.28212,2.86449,1.42016,26.1965,15.5605,7.10936,26.9521,16.8438,5.05633,0.566667,0.515968,0.114823,0.537975,0.487073,0.116125,0.240506,0.330749,0.2175,0.316456,0.31321,0.220466,0.68,0.663277,0.18489
P9b79feb6a3,174319,225_3366,225,3366,2,16,continental,A,2009,2009-06-17,2009-06-21,5,132,16.2467,1,95,73,16.0044,0.426958,23.6364,16.0223,6.73172,5.45455,8.25465,4.28771,3.33333,3.09821,2.4528,2.12121,5.15644,2.49966,7.57576,2.21843,1.6819,0.606061,1.92791,1.2619,0,0.927888,1.28998,3.93939,3.73208,1.65661,18.4848,15.1749,8.32594,28.2303,20.1646,6.21392,0.486527,0.483505,0.109313,0.459459,0.448274,0.113817,0.391892,0.279739,0.230233,0.189189,0.426817,0.304738,0.714286,0.579216,0.200439
P9b79feb6a3,174319,249_3924,249,3924,3,17,world,A,2010,2010-07-02,2010-07-11,8,170,17.3008,1,144,123,17.0611,0.420802,14.1176,14.634,6.05534,5.64706,7.23158,3.56787,2.11765,2.36571,1.70469,3.52941,4.86587,2.26597,13.8824,2.8592,2.15155,2.35294,1.87293,1.1407,0.235294,0.761711,1.11447,5.64706,3.58026,1.49053,23.0588,14.7809,8.47015,18.8424,18.1558,4.72464,0.53495,0.491637,0.10797,0.5,0.45895,0.11802,0.490566,0.327866,0.235277,0.132075,0.373086,0.229118,1,0.600608,0.200517
P9badd97dfe,218672,235_9787,235,9787,2,16,continental,A,2016,2016-08-12,2016-08-20,7,177.633,16.4603,6,191,173,16.1457,0.420344,17.7895,12.4223,5.36658,10.5836,7.63886,3.3466,2.7022,2.50181,1.73348,7.8814,5.13705,2.20689,3.37774,3.03633,1.84191,3.82811,1.91039,1.13716,0,0.56896,0.698163,4.72884,3.51147,1.64437,20.0413,12.8073,6.51682,22.6264,17.4496,4.68556,0.49698,0.434022,0.108047,0.472222,0.398813,0.121741,0.361111,0.333399,0.230491,0.236111,0.330671,0.215729,0.647059,0.615144,0.20155
P9badd97dfe,218672,263_205004,263,205004,3,18,continental,A,2018,2018-07-28,2018-08-05,7,183.633,18.4179,3,192,166,17.9484,0.486734,23.9608,14.4064,5.75558,5.44563,6.90142,3.12552,1.52478,2.19489,1.66122,3.92086,4.70653,2.01962,3.48521,3.24095,2.01549,2.6139,1.5968,1.10658,0.217825,0.554635,0.653217,4.35651,2.86449,1.42016,21.3469,15.5605,7.10936,25.0586,16.8438,5.05633,0.578704,0.515968,0.114823,0.545455,0.487073,0.116125,0.261364,0.330749,0.2175,0.181818,0.31321,0.220466,0.875,0.663277,0.18489
P9badd97dfe,218672,276_208102,276,208102,4,19,world,A,2019,2019-06-29,2019-07-07,7,184.25,19.3378,3,192,168,18.6475,0.728834,31.6961,14.9774,5.89675,8.46676,7.59112,3.57536,3.25645,2.50232,1.90133,5.21031,5.0888,2.25154,5.21031,3.76513,2.367,3.25645,1.8283,1.12827,0.434193,0.752157,0.973827,3.47354,3.17443,1.35909,31.2619,16.2674,7.67017,30.845,18.4721,5.13993,0.578997,0.484167,0.109451,0.558036,0.454807,0.11544,0.330357,0.359548,0.228901,0.285714,0.311439,0.241065,0.65625,0.660183,0.20512
P9c2d575f48,195577,228_4791,228,4791,2,16,continental,A,2011,2011-10-18,2011-10-28,9,,15.7813,1,165,0,16.3088,0.726327,,,,,,,,,,,,,,,,,,,,,,,,,,,,,,,4.08058,,,,,,,,,,,,0.818182,,
P9c2d575f48,195577,249_5078,249,5078,3,17,world,A,2012,2012-06-29,2012-07-08,8,243,16.4767,7,142,127,17.0259,0.435933,18.4362,14.1972,5.55481,13.3333,7.45001,3.12231,3.45679,2.5366,1.74237,9.87654,4.91341,1.92891,2.46914,2.59121,2.03869,1.97531,1.89863,1.07827,5.26749,0.788481,1.13416,4.27984,3.46465,1.79913,29.1358,14.4239,7.24874,20.5103,18.219,4.61878,0.567951,0.473827,0.0968412,0.481481,0.443589,0.101275,0.0493827,0.293986,0.229186,0.493827,0.271897,0.197866,0.85,0.661614,0.195417
P9c2d575f48,195577,276_7488,276,7488,4,19,world,A,2013,2013-06-27,2013-07-07,7,180.9,17.4733,7,190,163,18.6423,0.696247,17.4682,13.7502,5.42509,13.7092,7.333,3.37317,2.87452,2.38567,1.71678,10.8347,4.94733,2.1867,1.99005,2.21367,1.7035,0.442233,1.54796,0.991925,8.40243,0.727447,1.05025,3.75898,3.00673,1.31394,31.1774,13.6671,7.8175,18.3704,17.2721,4.36533,0.59776,0.477564,0.117473,0.519231,0.446105,0.124661,0.0192308,0.299706,0.235645,0.615385,0.319875,0.182303,0.78125,0.62505,0.182817
P9c2d575f48,195577,258_5953,258,5953,3,18,continental,A,2014,2014-08-19,2014-08-28,9,169.1,18.615,1,165,146,17.7942,0.733164,27.9125,14.217,6.48325,14.6659,8.51974,3.79937,3.31165,3.19168,1.98727,11.3542,5.32806,2.38641,3.5482,3.55911,2.34071,1.18273,2.06673,1.25943,5.67711,0.585974,0.882269,2.60201,3.8114,1.89865,44.7073,13.8543,8.3751,21.0432,20.4913,6.38706,0.756798,0.422237,0.103348,0.714286,0.398599,0.107831,0.015873,0.294731,0.236714,0.539683,0.273587,0.188145,0.823529,0.563282,0.218882
P9c6ee0d9a6,210661,256_6329,256,6329,3,18,continental,A,2016,2016-07-19,2016-07-23,5,47.0667,17.8977,2,94,77,17.8726,0.574362,7.64873,14.0057,5.76617,2.54958,8.21707,3.78513,0.849858,2.56444,1.7462,1.69972,5.65263,2.61089,1.69972,3.11392,2.20868,0.849858,1.77441,1.19438,0,0.793203,0.99331,0.849858,3.21626,1.61855,4.24929,14.6071,8.18991,11.0482,18.7001,5.4949,0.375,0.446887,0.113778,0.375,0.406604,0.127223,1,0.324753,0.239791,0,0.326277,0.210162,,0.668448,0.188214
P9c6ee0d9a6,210661,276_10628,276,10628,4,19,world,A,2017,2017-07-01,2017-07-09,7,132.65,18.8587,1,192,173,18.7401,0.66399,15.9819,13.572,5.43385,4.82473,7.69236,3.66261,0.603091,2.52264,1.93466,4.22164,5.16972,2.34584,4.22164,3.5206,2.17842,0.603091,1.62705,0.99426,0,0.496983,0.747174,2.41236,3.19164,1.50518,13.5695,14.0574,7.39114,18.3822,17.9216,4.88312,0.500378,0.455339,0.108314,0.459184,0.425426,0.112649,0.693878,0.338891,0.227597,0.183673,0.343196,0.196751,0.888889,0.596167,0.211854
P9ce3123e64,205891,237_5331,237,5331,1,16,continental,A,2013,2013-09-26,2013-09-28,3,66,15.7293,1,24,15,16.1466,0.428603,20,13.1757,7.58617,14.5455,7.39573,3.25668,6.66667,2.95391,1.9545,7.87879,4.44183,1.75913,1.21212,1.97683,1.47208,1.81818,0.911639,0.988905,1.81818,0.837199,1.20987,5.45455,3.64639,1.58019,23.0303,12.2974,8.43767,24.4848,17.3774,6.05821,0.525478,0.491976,0.17936,0.518519,0.457622,0.196944,0,0.19392,0.206092,0.37037,0.345721,0.327379,0.5,0.735106,0.226072
P9ce3123e64,205891,249_5075,249,5075,3,17,world,A,2014,2014-08-08,2014-08-16,7,197.783,16.6109,2,192,173,17.0583,0.489002,26.6959,13.6034,6.14842,16.3816,7.6474,3.67246,8.49414,2.55281,1.94621,7.88742,5.0946,2.20776,2.22466,2.14955,1.47007,0.606725,1.80889,1.11705,4.65155,0.718134,1.07747,5.66276,3.23583,1.51772,36.2012,13.5763,8.92179,26.5017,17.7478,5.19007,0.640528,0.460191,0.126088,0.576471,0.428331,0.130989,0,0.299498,0.224593,0.482353,0.302479,0.220999,0.829268,0.637699,0.213798
P9d5ce33ec0,268853,276_208102,276,208102,4,19,world,A,2019,2019-06-29,2019-07-07,7,146.9,19.294,1,192,168,18.6475,0.728834,25.0511,14.9774,5.89675,14.9762,7.59112,3.57536,5.71818,2.50232,1.90133,9.258,5.0888,2.25154,3.53982,3.76513,2.367,2.72294,1.8283,1.12827,1.90606,0.752157,0.973827,3.81212,3.17443,1.35909,32.403,16.2674,7.67017,26.9027,18.4721,5.13993,0.542453,0.484167,0.109451,0.513158,0.454807,0.11544,0.105263,0.359548,0.228901,0.263158,0.311439,0.241065,0.7,0.660183,0.20512
P9d76a38c5e,210287,263_7865,263,7865,3,18,continental,A,2014,2014-07-24,2014-08-03,9,300,18.0154,5,192,176,17.9913,0.462011,13.0667,12.9726,5.15589,14.5333,7.14215,3.50984,5.2,2.43117,1.78733,9.33333,4.71098,2.23201,1.2,2.69449,1.70245,1.33333,1.47393,1.00006,2.53333,0.759594,0.965605,1.73333,2.96367,1.19841,22,13.5376,6.41741,15.8027,16.6288,4.02095,0.464367,0.465813,0.107561,0.450549,0.435883,0.108075,0.021978,0.288309,0.208611,0.362637,0.293083,0.181589,0.484848,0.628737,0.212208
P9d76a38c5e,210287,276_6290,276,6290,4,19,world,A,2015,2015-06-27,2015-07-05,7,174.817,18.9354,8,191,180,18.6008,0.756787,15.5592,13.755,5.55959,11.6694,7.3828,3.65745,3.88979,2.49694,1.90522,7.77958,4.88586,2.44791,0.686433,3.28532,2.18966,1.60168,1.90259,1.12162,3.20336,0.672111,0.938022,2.0593,3.43624,1.60082,23.3387,14.5182,7.46481,16.0534,17.8545,4.65107,0.555919,0.470651,0.115139,0.545455,0.436661,0.120193,0.0363636,0.306253,0.220425,0.254545,0.333827,0.227034,0.571429,0.639017,0.184202
P9dbf445dc5,189145,263_6167,263,6167,3,18,continental,A,2011,2011-07-21,2011-07-31,8,239,17.8731,11,192,167,17.9267,0.499711,18.0753,13.0901,4.53852,4.01674,6.82577,3.05337,0.669456,2.15448,1.4701,3.34728,4.67129,2.08574,6.5272,2.31054,1.70444,2.67782,2.16501,1.02606,0,0.572783,0.732472,5.02092,3.10584,1.23843,14.8954,13.3438,5.98111,22.9891,16.7564,3.9907,0.502981,0.480029,0.109667,0.454545,0.452251,0.117694,0.340909,0.341229,0.207381,0.5,0.28617,0.186387,0.636364,0.621596,0.207247
P9e82692a6d,268857,276_208102,276,208102,4,19,world,A,2019,2019-06-29,2019-07-07,7,53.1167,17.8156,1,192,168,18.6475,0.728834,24.0979,14.9774,5.89675,3.7653,7.59112,3.57536,2.25918,2.50232,1.90133,1.50612,5.0888,2.25154,5.27142,3.76513,2.367,4.51836,1.8283,1.12827,2.25918,0.752157,0.973827,3.01224,3.17443,1.35909,26.3571,16.2674,7.67017,23.0737,18.4721,5.13993,0.600601,0.484167,0.109451,0.604167,0.454807,0.11544,0.458333,0.359548,0.228901,0.25,0.311439,0.241065,0.5,0.660183,0.20512
P9f769e6678,210255,256_5956,256,5956,3,18,continental,A,2014,2014-06-20,2014-06-24,5,111,17.8128,1,96,81,17.6768,0.737825,21.6216,14.8401,7.17248,3.24324,7.60001,3.65566,0.36036,2.58774,1.97745,2.88288,5.01227,2.34035,10.0901,2.48714,2.15138,1.8018,1.62935,1.06747,0,0.800831,1.28071,2.16216,3.36171,1.54118,25.5856,14.54,9.22335,19.3874,18.4608,5.62483,0.627615,0.48297,0.128417,0.589744,0.447499,0.128871,0.384615,0.302194,0.236163,0.512821,0.3827,0.227143,0.7,0.61851,0.207815
P9f769e6678,210255,276_6290,276,6290,4,19,world,A,2015,2015-06-27,2015-07-05,7,184.667,18.8423,1,191,180,18.6008,0.756787,21.2274,13.755,5.55959,4.98195,7.3828,3.65745,0,2.49694,1.90522,4.98195,4.88586,2.44791,8.44765,3.28532,2.18966,3.2491,1.90259,1.12162,0,0.672111,0.938022,2.59928,3.43624,1.60082,28.5921,14.5182,7.46481,17.9523,17.8545,4.65107,0.691309,0.470651,0.115139,0.635593,0.436661,0.120193,0.423729,0.306253,0.220425,0.457627,0.333827,0.227034,0.851852,0.639017,0.184202
P9fd480084b,252134,256_6366,256,6366,3,18,continental,A,2018,2018-06-10,2018-06-16,6,114.167,18.4124,1,96,77,17.828,0.525502,19.9708,15.5566,6.39686,4.90511,7.77187,3.98199,3.50365,2.65775,2.03709,1.40146,5.11411,2.64736,9.45985,3.78512,2.52326,1.75182,1.61263,0.882308,0.350365,0.880985,1.00481,3.85401,2.9353,1.21748,27.3285,17.4064,9.44377,18.9477,18.4751,4.87942,0.66156,0.491529,0.127491,0.625,0.463231,0.128982,0.125,0.303395,0.213193,0.175,0.260848,0.177817,1,0.684055,0.226582
Pa09bdf4e64,218033,235_9179,235,9179,2,16,continental,A,2015,2015-08-06,2015-08-16,8,171,16.6191,13,180,164,16.1589,0.414338,14.269,12.4324,5.68268,4.67836,7.6053,3.2469,0.701754,2.34261,1.69662,3.97661,5.26269,2.08949,2.80702,2.72723,1.69989,3.04094,1.84902,1.01899,0.467836,0.801164,1.0368,5.38012,3.4073,1.56407,10.0585,12.5675,6.84732,20.2105,17.5852,5.46185,0.481073,0.430085,0.106806,0.483051,0.400494,0.116028,0.576271,0.311668,0.216082,0.169492,0.296641,0.190597,0.4,0.599277,0.203394
Pa09bdf4e64,218033,263_9860,263,9860,3,18,continental,A,2016,2016-12-16,2016-12-22,6,92.3167,17.9716,9,187,153,18.2767,0.586155,16.0318,13.6139,5.38014,6.93266,7.20568,2.86897,3.46633,2.29364,1.62013,3.46633,4.91204,1.92612,4.33291,2.86705,1.87995,2.16646,1.70741,0.908815,0,0.541701,0.682196,2.59975,3.18055,1.42469,15.5985,13.821,6.33323,20.1567,17.4699,4.96346,0.456565,0.471086,0.106715,0.432432,0.436719,0.119665,0.459459,0.36281,0.217588,0.216216,0.297805,0.210876,0.625,0.674394,0.191011
Pa09bdf4e64,218033,263_10443,263,10443,3,18,continental,A,2017,2017-07-29,2017-08-06,7,194.883,18.5931,7,191,167,17.9336,0.547866,20.7304,13.1232,5.109,8.82579,7.05195,2.93316,1.02626,2.3546,1.60915,7.79954,4.69734,1.93146,3.28402,2.68829,1.93294,2.25776,1.82757,1.11905,0.615753,0.621379,0.832275,4.51552,3.21792,1.5076,18.0621,13.6782,6.52972,25.1474,16.8056,4.60607,0.502388,0.478101,0.12281,0.465116,0.437804,0.135947,0.465116,0.324875,0.21689,0.383721,0.34248,0.28942,0.636364,0.674212,0.18909
Pa0a2c9503f,160376,235_4658,235,4658,2,16,continental,A,2007,2007-07-20,2007-07-29,8,140,15.8278,6,192,165,16.1521,0.336187,14.8571,12.3541,4.59564,18,7.48686,3.65328,5.42857,2.55119,1.80173,12.5714,4.93567,2.29467,2.57143,2.18982,1.69305,1.42857,1.94641,1.03035,0,0.660085,0.994941,3.42857,3.73715,1.59913,22.5714,11.557,6.80259,20.7429,17.7128,3.97293,0.429043,0.43747,0.105535,0.388889,0.408067,0.115767,0.111111,0.296124,0.208775,0.277778,0.34249,0.212342,0.666667,0.577994,0.201034
Pa12a517258,238520,235_10522,235,10522,2,16,continental,A,2017,2017-08-11,2017-08-19,7,89.5167,15.4117,6,192,171,16.2315,0.379426,15.1927,13.0005,5.38737,13.4053,7.45748,3.36127,5.36213,2.64078,1.6751,8.04319,4.81671,2.34468,0.446844,2.40527,1.64318,0.893688,1.91319,1.04947,0.446844,0.437885,0.600186,3.57475,3.35591,1.43616,14.7459,12.4646,6.84302,21.377,17.7215,5.02431,0.426707,0.447742,0.10913,0.4,0.41867,0.122632,0.4,0.339637,0.209153,0.314286,0.300941,0.219282,0.545455,0.623009,0.186015
Pa12a517258,238520,235_208004,235,208004,2,16,continental,A,2018,2018-08-10,2018-08-18,7,163.8,16.4083,7,192,180,16.1832,0.383342,24.42,13.4252,5.67197,17.8266,7.7921,3.91687,7.57021,2.45196,1.88109,10.2564,5.34014,2.55216,4.6398,3.03349,1.92376,2.1978,1.80554,1.15473,4.6398,0.816337,1.07208,5.12821,3.1074,1.38972,33.9438,14.0635,7.97985,29.7924,17.9227,4.73936,0.49505,0.444561,0.107173,0.494444,0.411934,0.116861,0.133333,0.340561,0.216249,0.277778,0.314365,0.212928,0.44,0.599958,0.209791
Pa12a517258,238520,263_208080,263,208080,3,18,continental,A,2019,2019-07-27,2019-08-04,7,192.65,17.3693,7,192,175,17.9631,0.505937,21.5936,13.7178,5.15894,18.2715,7.52048,3.37919,3.73735,2.46928,1.88464,14.5341,5.0512,2.11145,3.52972,3.21833,2.11744,1.03815,1.85798,1.14514,4.98313,0.775413,1.13616,3.11446,3.16101,1.74426,30.5217,14.7221,7.06103,25.9621,17.6749,5.30539,0.472555,0.476616,0.11909,0.478261,0.449355,0.125455,0.228261,0.341734,0.215194,0.445652,0.330997,0.30944,0.390244,0.612867,0.233874
Pa12a517258,238520,276_208299,276,208299,4,19,world,A,2021,2021-07-03,2021-07-11,7,204.717,19.305,6,192,174,18.756,0.680857,22.6655,14.2694,5.44901,12.1143,7.50804,3.46178,3.90784,2.4377,1.71746,8.20646,5.07034,2.26855,3.90784,3.52297,2.42781,3.32166,1.75459,1.14154,1.36774,0.807696,1.25902,3.90784,3.09985,1.702,26.1825,15.501,7.77007,26.6515,17.9679,4.68488,0.498282,0.474649,0.110084,0.460396,0.443733,0.117723,0.118812,0.362644,0.218583,0.346535,0.286997,0.170106,0.657143,0.673577,0.213074
Pa245962e52,344280,276_208303,276,208303,4,19,world,A,2023,2023-06-24,2023-07-02,7,114.567,18.6123,4,192,171,18.7974,0.613254,19.2028,14.5229,5.57383,8.72854,7.31327,3.5997,2.79313,2.26354,1.97353,5.93541,5.04973,2.36409,2.79313,3.39522,2.10822,2.44399,1.87556,1.05134,1.39657,0.776271,1.07652,2.09485,3.03164,1.41202,21.2976,15.7805,7.34509,21.4652,17.7644,4.99257,0.495674,0.488426,0.11044,0.4375,0.45281,0.117257,0.166667,0.375743,0.229382,0.354167,0.333211,0.259769,0.764706,0.671531,0.195633
Pa260a40e68,173712,225_3366,225,3366,2,16,continental,A,2009,2009-06-17,2009-06-21,5,120,15.9812,1,95,73,16.0044,0.426958,31.6667,16.0223,6.73172,6.66667,8.25465,4.28771,4.33333,3.09821,2.4528,2.33333,5.15644,2.49966,2.66667,2.21843,1.6819,2,1.92791,1.2619,0.666667,0.927888,1.28998,2.33333,3.73208,1.65661,27.3333,15.1749,8.32594,28.8,20.1646,6.21392,0.598237,0.483505,0.109313,0.573333,0.448274,0.113817,0.68,0.279739,0.230233,0.133333,0.426817,0.304738,0.9,0.579216,0.200439
Pa260a40e68,173712,249_3924,249,3924,3,17,world,A,2010,2010-07-02,2010-07-11,8,209,17.0353,1,144,123,17.0611,0.420802,27.9426,14.634,6.05534,5.35885,7.23158,3.56787,2.10526,2.36571,1.70469,3.25359,4.86587,2.26597,3.0622,2.8592,2.15155,3.44498,1.87293,1.1407,1.91388,0.761711,1.11447,3.44498,3.58026,1.49053,28.134,14.7809,8.47015,23.778,18.1558,4.72464,0.687123,0.491637,0.10797,0.675258,0.45895,0.11802,0.670103,0.327866,0.235277,0.216495,0.373086,0.229118,0.714286,0.600608,0.200517
Pa29e5f68db,298078,276_208299,276,208299,4,19,world,A,2021,2021-07-03,2021-07-11,7,76.8167,19.4802,1,192,174,18.756,0.680857,21.3495,14.2694,5.44901,14.5802,7.50804,3.46178,7.8108,2.4377,1.71746,6.76936,5.07034,2.26855,2.08288,3.52297,2.42781,0,1.75459,1.14154,4.68648,0.807696,1.25902,0.52072,3.09985,1.702,35.409,15.501,7.77007,17.2254,17.9679,4.68488,0.639027,0.474649,0.110084,0.62069,0.443733,0.117723,0,0.362644,0.218583,0.241379,0.286997,0.170106,0.714286,0.673577,0.213074
Pa3f4257d20,318723,256_208444,256,208444,3,18,continental,A,2022,2022-06-06,2022-06-12,6,121.1,18.3084,1,95,83,17.8268,0.545377,22.1305,14.2532,6.9182,5.9455,8.67583,3.35701,1.98183,2.84937,1.77982,3.96367,5.82646,2.24575,4.29397,2.81389,1.90932,2.31214,1.67302,0.9706,0,1.1097,1.20579,1.32122,3.24748,1.4123,20.1486,15.5199,8.76482,23.8084,18.6088,5.72837,0.492068,0.456186,0.127257,0.476923,0.42705,0.133365,0.553846,0.323764,0.203699,0.107692,0.290876,0.173337,0.714286,0.64198,0.203715
Pa3f9e715ae,157778,331_4380,331,4380,1,16,zone,B,2006,2006-11-19,2006-11-25,4,9,16.4329,1,72,46,16.2792,0.617909,13.3333,13.3185,5.54415,31.1111,7.85938,4.54375,13.3333,2.36187,2.09236,17.7778,5.49751,2.87549,4.44444,2.60886,1.95048,0,2.33591,1.46155,0,0.575283,0.811105,4.44444,3.62047,1.74089,22.2222,13.0187,8.689,30.5778,18.3798,4.45712,0.255102,0.449567,0.138178,0.2,0.403308,0.147064,0,0.273874,0.218847,0.4,0.557388,0.416405,0.5,0.587386,0.175497
Pa3f9e715ae,157778,333_4704,333,4704,1,17,zone,B,2007,2007-06-14,2007-06-18,5,40,16.9942,4,96,84,16.7355,0.651929,12,12.1538,5.84336,16,4.22042,3.0124,6,1.33616,1.4736,10,2.88425,1.8725,0,1.63555,2.11411,4,3.96188,2.37178,2,0.263584,0.653741,6,3.39025,2.01714,17,10.2685,8.18343,20.64,16.2258,5.48654,0.409836,0.471324,0.14657,0.416667,0.455875,0.151418,0,0.303583,0.233688,0.5,0.412084,0.293479,0.333333,0.491255,0.255544
Pa3fa433740,251343,256_6366,256,6366,3,18,continental,A,2018,2018-06-10,2018-06-16,4,72.2,17.613,1,96,77,17.828,0.525502,19.3906,15.5566,6.39686,4.43213,7.77187,3.98199,0,2.65775,2.03709,4.43213,5.11411,2.64736,4.98615,3.78512,2.52326,3.87812,1.61263,0.882308,0.554017,0.880985,1.00481,1.10803,2.9353,1.21748,23.2687,17.4064,9.44377,17.5291,18.4751,4.87942,0.590418,0.491529,0.127491,0.574074,0.463231,0.128982,0.62963,0.303395,0.213193,0.222222,0.260848,0.177817,0.666667,0.684055,0.226582
Pa430d00e1f,238242,235_10522,235,10522,2,16,continental,A,2017,2017-08-11,2017-08-19,7,222.3,16.6246,11,192,171,16.2315,0.379426,19.2533,13.0005,5.38737,15.8345,7.45748,3.36127,1.4395,2.64078,1.6751,14.395,4.81671,2.34468,6.65767,2.40527,1.64318,2.51912,1.91319,1.04947,1.25956,0.437885,0.600186,1.97931,3.35591,1.43616,31.1291,12.4646,6.84302,21.1534,17.7215,5.02431,0.502065,0.447742,0.10913,0.494792,0.41867,0.122632,0.520833,0.339637,0.209153,0.25,0.300941,0.219282,0.5,0.623009,0.186015
Pa430d00e1f,238242,261_200005,261,200005,1,18,continental,B,2018,2018-07-27,2018-08-05,8,215.983,17.5856,9,288,260,17.8931,0.518671,25.5575,13.7131,5.71917,10.9268,7.17957,3.20894,2.03719,2.21864,1.53702,8.88957,4.96093,2.26018,4.44479,2.71862,1.80107,2.03719,1.92123,1.08713,1.1112,0.594808,0.820515,4.07439,3.30192,1.58381,28.7059,13.9067,7.27134,24.6389,17.5073,5.02879,0.621398,0.473789,0.110969,0.612903,0.447346,0.117194,0.387097,0.343972,0.209182,0.44086,0.292038,0.185026,0.585366,0.603627,0.204212
Pa4877bedac,183329,235_5815,235,5815,2,16,continental,A,2010,2010-08-05,2010-08-15,8,162,15.0256,12,192,175,16.1841,0.37593,13.3333,11.8121,4.62055,7.40741,6.80615,2.82632,2.46914,2.2263,1.50642,4.93827,4.57985,1.86826,0.987654,2.06109,1.51244,0.987654,1.69459,0.965717,0.493827,0.437703,0.666645,2.22222,3.25853,1.54089,12.5926,11.2208,6.2424,15.4272,16.0983,4.17211,0.504862,0.45471,0.10913,0.467391,0.426203,0.115971,0.456522,0.332073,0.220237,0.369565,0.315218,0.198474,0.647059,0.591517,0.206232
Pa4877bedac,183329,235_6392,235,6392,2,16,continental,A,2011,2011-07-28,2011-08-07,9,339,16.0031,15,192,179,16.1188,0.398839,28.7906,12.9622,5.36941,10.5015,6.80125,2.9956,3.06785,2.25598,1.40936,7.43363,4.54527,2.04091,3.77581,2.64245,1.80832,1.88791,1.85522,1.0231,1.88791,0.477887,0.656716,3.65782,3.55796,1.51276,32.2124,12.5779,6.58699,27.0631,17.2823,4.94242,0.615043,0.465276,0.107645,0.586592,0.432676,0.108941,0.234637,0.271484,0.201794,0.24581,0.332399,0.211663,0.772727,0.622716,0.200533
Pa4877bedac,183329,263_6841,263,6841,3,18,continental,A,2012,2012-08-09,2012-08-19,9,296,17.038,8,192,173,18.0077,0.501748,20.2703,13.0795,4.9437,6.89189,6.75668,3.21883,1.89189,2.28163,1.74982,5,4.47505,1.98629,2.2973,2.21655,1.59492,2.2973,1.543,0.814065,0.405405,0.529302,0.784632,2.16216,2.93814,1.32882,21.0811,12.8742,5.87101,19.6811,16.4465,4.58644,0.578525,0.481624,0.100837,0.517241,0.444958,0.113577,0.396552,0.298548,0.215888,0.267241,0.326779,0.221842,0.967742,0.670099,0.189384
Pa4877bedac,183329,263_7344,263,7344,3,18,continental,A,2013,2013-07-18,2013-07-28,9,343,17.9771,15,191,174,17.9125,0.508753,23.5569,13.0135,4.58007,10.7289,7.05119,3.208,2.79883,2.27233,1.65453,7.93003,4.77885,2.03852,3.03207,2.35798,1.62572,1.39942,1.48397,0.869493,0.466472,0.609971,0.931135,2.79883,2.93491,1.39893,26.9388,13.0399,6.10422,21.663,16.6348,4.08793,0.624382,0.470941,0.0888453,0.57971,0.437653,0.0951866,0.376812,0.320932,0.214645,0.391304,0.292855,0.172068,0.777778,0.635504,0.213807
Pa4e79c2199,319075,263_208467,263,208467,3,18,continental,A,2022,2022-07-30,2022-08-07,7,120.667,18.0319,5,192,178,18.0665,0.458603,17.9006,12.7271,5.13114,8.95028,7.50485,3.42645,3.64641,2.41208,1.79177,5.30387,5.09277,2.34343,2.32044,2.88276,1.95226,3.31492,1.86588,1.11475,1.65746,0.786662,0.980591,1.65746,3.28418,1.47693,27.5138,13.3037,7.03295,14.6122,17.3506,4.89876,0.69089,0.449834,0.108417,0.680556,0.4206,0.112884,0.277778,0.374508,0.220787,0.194444,0.294348,0.207957,0.714286,0.629545,0.240583
Pa59b169e09,129927,263_81,263,81,2,18,continental,A,2000,1999-08-01,1999-08-29,5,155,15.5486,,344,267,17.1263,0.461456,23.2258,13.5921,6.3326,11.3548,6.13672,3.28293,5.16129,2.1635,1.59112,6.19355,3.97322,2.21008,1.03226,1.78516,1.62866,1.54839,2.5728,1.69257,0,0,0,4.12903,3.80672,1.78269,21.9355,11.5878,7.71907,24.3716,17.7162,5.89145,0.573687,0.481392,0.130991,0.464286,0.4488,0.142241,0,0.249945,0.220137,0.910714,0.409068,0.287457,0.745098,0.599967,0.22869
Pa59b169e09,129927,263_80,263,80,2,18,continental,A,2000,2000-04-11,2000-04-15,4,142,16.1783,,215,168,17.5783,0.581802,21.4085,13.4831,5.27421,11.5493,5.87885,2.98016,4.78873,1.90656,1.51803,6.76056,3.97229,2.00827,5.07042,2.23682,2.06598,1.40845,1.49398,1.03332,0,0,0,5.35211,3.05999,1.33843,22.2535,12.2629,6.76656,26.0394,16.0676,4.41158,0.517429,0.515473,0.1163,0.483871,0.472136,0.129376,0.0483871,0.274626,0.211591,0.419355,0.484045,0.37211,0.615385,0.654786,0.20688
Pa5c483aef9,210273,256_5956,256,5956,3,18,continental,A,2014,2014-06-20,2014-06-24,5,80,18.4343,1,96,81,17.6768,0.737825,31.5,14.8401,7.17248,4.5,7.60001,3.65566,1,2.58774,1.97745,3.5,5.01227,2.34035,4,2.48714,2.15138,2.5,1.62935,1.06747,0,0.800831,1.28071,4,3.36171,1.54118,29.5,14.54,9.22335,25.54,18.4608,5.62483,0.731198,0.48297,0.128417,0.655172,0.447499,0.128871,0.310345,0.302194,0.236163,1.10345,0.3827,0.227143,0.78125,0.61851,0.207815
Pa5c483aef9,210273,276_6290,276,6290,4,19,world,A,2015,2015-06-27,2015-07-05,6,102.033,19.4638,1,191,180,18.6008,0.756787,20.3855,13.755,5.55959,3.52826,7.3828,3.65745,1.17609,2.49694,1.90522,2.35217,4.88586,2.44791,3.52826,3.28532,2.18966,1.96014,1.90259,1.12162,0.392029,0.672111,0.938022,5.88043,3.43624,1.60082,15.2891,14.5182,7.46481,22.6749,17.8545,4.65107,0.606909,0.470651,0.115139,0.605263,0.436661,0.120193,0.394737,0.306253,0.220425,0.289474,0.333827,0.227034,0.545455,0.639017,0.184202
Pa5e266180e,271666,235_208081,235,208081,2,16,continental,A,2019,2019-08-09,2019-08-17,7,145.567,15.387,15,192,172,16.1637,0.391183,14.5638,12.799,5.41577,12.915,7.49631,3.38097,4.94619,2.28635,1.64584,7.96886,5.20996,2.19674,1.92352,2.96308,1.91127,2.19831,1.85628,1.17847,3.02267,0.801326,1.16961,4.39661,3.27772,1.44769,20.6091,12.9583,7.56966,19.1692,17.7622,4.77337,0.492932,0.436772,0.117967,0.439024,0.410438,0.120239,0.146341,0.349918,0.227505,0.707317,0.306704,0.203959,0.586207,0.573429,0.209002
Pa5e266180e,271666,264_208419,264,208419,1,18,continental,B,2021,2021-08-03,2021-08-08,5,151.3,17.3638,,382,298,17.7192,0.5765,21.4144,13.777,5.81512,15.3338,7.63314,3.65574,4.23001,2.30223,1.83318,11.1038,5.33091,2.42478,3.43688,3.15853,2.24178,1.32188,2.10172,1.26077,5.02313,0.729244,0.983184,2.90813,3.68721,1.95891,32.7826,14.3677,7.81796,22.2921,18.3515,5.33413,0.552373,0.466242,0.126519,0.5,0.438414,0.136436,0.295082,0.355961,0.207085,0.459016,0.307845,0.312977,0.714286,0.631326,0.24402
Pa6b76d042d,235746,225_6349,225,6349,2,16,continental,A,2017,2017-06-14,2017-06-18,5,87.1167,15.7484,1,96,81,15.9285,0.450727,13.7746,14.0777,7.13371,6.88732,7.22499,3.47711,1.83662,2.09694,1.52712,5.0507,5.12806,2.44958,3.67324,2.22697,1.59617,6.88732,1.98206,1.51722,0.459154,0.649251,0.855969,3.67324,3.66709,1.75066,17.907,13.6286,9.57638,19.413,18.0216,5.42217,0.437573,0.477819,0.139787,0.362069,0.452635,0.151814,0.310345,0.279386,0.208295,0.413793,0.33701,0.198038,0.75,0.591627,0.221309
Pa6b76d042d,235746,249_6362,249,6362,3,17,world,A,2018,2018-06-30,2018-07-08,7,134.633,16.8025,1,192,164,16.8926,0.549015,17.5291,13.6297,6.29877,6.23917,7.82266,3.91205,2.67393,2.57156,1.90715,3.56524,5.2511,2.60945,4.75365,2.92738,1.79192,3.26814,2.03945,1.2786,0,0.8843,1.12185,1.48552,3.58085,1.74045,21.3914,14.2974,8.36935,18.1708,18.3289,5.60027,0.525285,0.451383,0.118515,0.48,0.422609,0.127554,0.2,0.299801,0.212952,0.28,0.310662,0.212748,0.785714,0.624098,0.182167
Pa760c9001c,137946,235_1897,235,1897,2,16,continental,A,2001,2001-07-13,2001-07-22,7,75,16.4192,1,143,125,16.1405,0.362344,14.9333,13.7865,5.2749,10.6667,7.17602,3.04877,3.73333,2.38119,1.75493,6.93333,4.79483,1.94156,1.06667,2.684,1.74862,1.06667,1.79417,1.11191,2.13333,0.392939,0.610264,4.26667,3.4587,1.46797,16,13.707,6.34279,19.584,17.5258,4.71195,0.487465,0.489491,0.113442,0.413043,0.448597,0.116424,0.130435,0.284706,0.210767,0.565217,0.380888,0.255162,0.692308,0.67946,0.265466
Pa760c9001c,137946,263_2886,263,2886,2,18,continental,A,2002,2002-04-16,2002-05-01,4,60,17.1941,,215,171,17.6684,0.638695,25.3333,14.6204,6.12192,12.6667,7.00378,3.82327,4.66667,2.37113,1.9328,8,4.63265,2.45718,0.666667,2.22423,1.5258,2,2.11906,1.25803,2,0.661502,0.980784,4,3.34676,1.59983,30,14.1894,8.33006,24.4267,18.0781,4.77723,0.620104,0.491982,0.136556,0.607143,0.460447,0.145329,0,0.28294,0.203308,0.214286,0.395805,0.29325,0.666667,0.630283,0.185994
Pa779a7b0cf,182911,235_5815,235,5815,2,16,continental,A,2010,2010-08-05,2010-08-15,9,198,16.2194,4,192,175,16.1841,0.37593,17.9798,11.8121,4.62055,15.7576,6.80615,2.82632,8.68687,2.2263,1.50642,7.07071,4.57985,1.86826,0,2.06109,1.51244,1.41414,1.69459,0.965717,1.21212,0.437703,0.666645,2.62626,3.25853,1.54089,24.6465,11.2208,6.2424,18.6424,16.0983,4.17211,0.561302,0.45471,0.10913,0.539683,0.426203,0.115971,0,0.332073,0.220237,0.587302,0.315218,0.198474,0.567568,0.591517,0.206232
Pa779a7b0cf,182911,263_6167,263,6167,3,18,continental,A,2011,2011-07-21,2011-07-31,9,163,17.1776,1,192,167,17.9267,0.499711,16.1963,13.0901,4.53852,9.81595,6.82577,3.05337,5.64417,2.15448,1.4701,4.17178,4.67129,2.08574,0.490798,2.31054,1.70444,1.71779,2.16501,1.02606,1.71779,0.572783,0.732472,4.17178,3.10584,1.23843,14.4785,13.3438,5.98111,20.9571,16.7564,3.9907,0.482456,0.480029,0.109667,0.45283,0.452251,0.117694,0.0188679,0.341229,0.207381,0.660377,0.28617,0.186387,0.514286,0.621596,0.207247
Pa779a7b0cf,182911,263_6841,263,6841,3,18,continental,A,2012,2012-08-09,2012-08-19,9,225,18.2317,5,192,173,18.0077,0.501748,22.4,13.0795,4.9437,9.6,6.75668,3.21883,4.97778,2.28163,1.74982,4.62222,4.47505,1.98629,1.95556,2.21655,1.59492,1.42222,1.543,0.814065,1.06667,0.529302,0.784632,4.08889,2.93814,1.32882,22.2222,12.8742,5.87101,23.616,16.4465,4.58644,0.573562,0.481624,0.100837,0.56383,0.444958,0.113577,0,0.298548,0.215888,0.382979,0.326779,0.221842,0.555556,0.670099,0.189384
Pa779a7b0cf,182911,276_7488,276,7488,4,19,world,A,2013,2013-06-27,2013-07-07,9,148.85,19.1133,5,190,163,18.6423,0.696247,26.3352,13.7502,5.42509,13.1676,7.333,3.37317,5.64327,2.38567,1.71678,7.52435,4.94733,2.1867,0,2.21367,1.7035,0.806181,1.54796,0.991925,1.61236,0.727447,1.05025,6.71817,3.00673,1.31394,27.1414,13.6671,7.8175,26.217,17.2721,4.36533,0.675303,0.477564,0.117473,0.677419,0.446105,0.124661,0,0.299706,0.235645,0.387097,0.319875,0.182303,0.583333,0.62505,0.182817
Pa813594724,318752,256_208444,256,208444,3,18,continental,A,2022,2022-06-06,2022-06-12,6,119.633,18.3933,1,95,83,17.8268,0.545377,9.36194,14.2532,6.9182,15.7147,8.67583,3.35701,4.01226,2.84937,1.77982,11.7024,5.82646,2.24575,8.35887,2.81389,1.90932,3.6779,1.67302,0.9706,4.01226,1.1097,1.20579,3.6779,3.24748,1.4123,28.0858,15.5199,8.76482,16.5171,18.6088,5.72837,0.364583,0.456186,0.127257,0.338235,0.42705,0.133365,0.176471,0.323764,0.203699,0.294118,0.290876,0.173337,0.5,0.64198,0.203715
Pa95793f720,267745,225_208099,225,208099,2,16,continental,A,2019,2019-06-03,2019-06-09,4,73.55,15.7895,1,96,82,15.9931,0.362163,29.3678,14.0207,6.92005,9.24541,8.39512,3.96603,4.35078,3.00093,2.28479,4.89463,5.39419,2.36902,5.98232,3.10598,2.34284,7.07002,2.01293,1.26766,0.543848,0.940448,1.11345,1.63154,3.27809,1.55109,36.4378,15.1855,8.63529,27.8232,18.825,5.93787,0.560631,0.442597,0.113342,0.52381,0.409751,0.124281,0.261905,0.283453,0.207219,0.333333,0.290908,0.222077,0.714286,0.623001,0.223745
Pa98bcc077b,155237,256_3285,256,3285,3,18,continental,A,2006,2006-06-28,2006-07-02,4,94,17.936,1,83,62,17.8263,0.580995,15.3191,15.9039,6.01791,6.80851,8.01587,4.3489,2.12766,3.03436,2.57069,4.68085,4.98151,2.64958,5.95745,3.02408,2.25258,2.97872,1.90095,1.1992,0,0.917461,1.08796,5.10638,3.8108,1.88879,16.5957,15.9601,8.69337,20.3404,19.8356,5.43243,0.502793,0.497868,0.124253,0.388889,0.459582,0.135608,0.185185,0.314567,0.242206,0.740741,0.41752,0.293171,0.75,0.631609,0.199593
Pa9cae64430,216798,225_6317,225,6317,2,16,continental,A,2015,2015-06-10,2015-06-14,5,127.733,14.9983,2,96,76,15.9694,0.407262,22.8601,14.7693,6.26719,7.20251,8.53476,3.76471,3.75783,2.9486,2.24031,3.44468,5.58616,2.15006,2.50522,2.09465,1.50202,1.87891,2.50154,1.41135,0,0.893561,0.993397,5.01044,4.41027,1.88902,17.8497,13.4914,8.83541,25.2025,20.8471,5.51312,0.566067,0.444418,0.119795,0.570175,0.404728,0.129254,0.298246,0.266055,0.196672,0.298246,0.400436,0.26658,0.470588,0.614647,0.192868
Pa9cae64430,216798,249_9678,249,9678,3,17,world,A,2016,2016-06-23,2016-07-03,7,179.617,16.0523,5,191,171,16.9215,0.517517,28.7278,13.9298,6.67868,7.12629,8.20946,4.09228,1.78157,2.77559,2.1245,5.34472,5.43387,2.64062,3.56314,2.6531,1.83642,1.11348,1.85697,1.24533,1.33618,0.669885,0.963228,3.34045,3.64504,1.46955,23.1604,13.7052,8.47552,28.3893,18.8523,5.48244,0.573435,0.446186,0.125912,0.536145,0.416886,0.129648,0.240964,0.303263,0.224477,0.807229,0.349537,0.221993,0.597015,0.59047,0.214261
Pa9cae64430,216798,276_10628,276,10628,4,19,world,A,2017,2017-07-01,2017-07-09,7,214.467,17.0681,1,192,173,18.7401,0.66399,28.1629,13.572,5.43385,10.8175,7.69236,3.66261,2.61113,2.52264,1.93466,8.2064,5.16972,2.34584,5.96829,3.5206,2.17842,2.23811,1.62705,0.99426,0,0.496983,0.747174,3.73018,3.19164,1.50518,29.655,14.0574,7.39114,29.0656,17.9216,4.88312,0.555801,0.455339,0.108314,0.481651,0.425426,0.112649,0.192661,0.338891,0.227597,0.559633,0.343196,0.196751,0.754098,0.596167,0.211854
Pa9d4084dfb,163591,333_5353,333,5353,1,17,zone,B,2009,2009-05-25,2009-05-31,6,121,17.0325,3,108,88,16.8041,0.584578,20.4959,13.6486,6.10289,2.64463,6.9539,3.68186,0.330579,2.25395,1.61927,2.31405,4.69994,2.5077,6.61157,1.9335,1.53598,0.991736,1.68985,1.12736,0,0.505308,0.923196,5.28926,3.11305,1.42027,19.8347,12.4509,7.63502,19.9934,17.351,5.39152,0.696942,0.472769,0.141227,0.635135,0.443672,0.146022,0.135135,0.292991,0.233462,0.459459,0.420394,0.495264,0.882353,0.589803,0.222825
Pa9d4084dfb,163591,256_3935,256,3935,3,18,continental,A,2010,2010-06-26,2010-06-30,5,158,18.114,2,96,77,17.842,0.642168,19.4937,14.92,6.47935,7.59494,7.40885,3.62563,1.77215,2.61003,2.12449,5.82278,4.79882,2.16489,6.58228,2.58206,2.14585,2.02532,1.62998,1.0838,0.253165,0.884029,1.47478,6.32911,3.20333,1.67174,19.4937,15.0256,9.28155,23.8481,18.3041,5.14914,0.556358,0.490412,0.12998,0.491071,0.454684,0.13257,0.232143,0.275486,0.216548,0.535714,0.35016,0.263199,0.733333,0.649623,0.198629
Pa9d4084dfb,163591,276_4346,276,4346,4,19,world,A,2011,2011-06-30,2011-07-10,8,208,19.1407,9,192,170,18.6783,0.680358,22.3077,13.9628,5.5381,4.61538,6.96907,3.32639,0.961538,2.2765,1.60615,3.65385,4.69256,2.26884,6.34615,2.54793,1.8548,2.30769,1.36418,0.869805,0.192308,0.642267,0.93216,5,2.87201,1.41472,20.1923,14.0555,7.05949,24.7923,17.0082,4.58642,0.563545,0.486074,0.11285,0.488095,0.453588,0.118095,0.297619,0.291718,0.211296,0.511905,0.314934,0.203526,0.790698,0.647068,0.216658
Paac5dcb74c,267733,225_208099,225,208099,2,16,continental,A,2019,2019-06-03,2019-06-09,6,103.75,16.3261,1,96,82,15.9931,0.362163,21.9759,14.0207,6.92005,7.71084,8.39512,3.96603,1.15663,3.00093,2.28479,6.55422,5.39419,2.36902,2.31325,3.10598,2.34284,1.15663,2.01293,1.26766,2.6988,0.940448,1.11345,1.54217,3.27809,1.55109,21.9759,15.1855,8.63529,21.7446,18.825,5.93787,0.543893,0.442597,0.113342,0.510417,0.409751,0.124281,0.729167,0.283453,0.207219,0.208333,0.290908,0.222077,0.8,0.623001,0.223745
Paae5adeebf,343126,225_208533,225,208533,2,16,continental,A,2023,2023-06-05,2023-06-11,6,127.1,15.899,1,96,79,15.9325,0.448497,31.786,13.4723,7.0728,18.5681,8.28531,3.93876,8.81196,2.71767,1.86448,9.7561,5.56764,2.59082,2.20299,2.72826,2.15136,4.72069,2.1384,1.58991,1.57356,0.872403,1.05855,3.46184,3.53169,1.62878,43.7451,13.8689,11.3301,28.7396,18.7343,5.48391,0.628735,0.431269,0.136938,0.602941,0.404063,0.143525,0.235294,0.350086,0.199163,0.411765,0.30983,0.221748,0.678571,0.572542,0.219864
Paae5adeebf,343126,249_208542,249,208542,3,17,world,A,2024,2024-06-29,2024-07-07,7,140.7,16.9723,1,192,182,17.0277,0.451997,40.0853,15.2014,6.64423,19.6162,7.39047,3.67308,6.53873,2.31837,1.81084,13.0775,5.0721,2.38354,4.26439,3.81367,2.53975,5.40156,2.09421,1.50172,1.42146,0.856957,0.969581,1.42146,3.3858,1.77576,61.123,16.9346,9.45878,28.0085,18.393,5.40308,0.753849,0.498274,0.10953,0.71519,0.468337,0.116616,0.113924,0.355655,0.217254,0.417722,0.329716,0.281822,0.848485,0.653021,0.210084
Pab169ed872,217270,225_6317,225,6317,2,16,continental,A,2015,2015-06-10,2015-06-14,4,52.4833,15.9319,1,96,76,15.9694,0.407262,15.2429,14.7693,6.26719,5.33503,8.53476,3.76471,0,2.9486,2.24031,5.33503,5.58616,2.15006,2.28644,2.09465,1.50202,3.81073,2.50154,1.41135,0,0.893561,0.993397,3.04859,4.41027,1.88902,2.28644,13.4914,8.83541,30.303,20.8471,5.51312,0.279642,0.444418,0.119795,0.264706,0.404728,0.129254,0.411765,0.266055,0.196672,0.117647,0.400436,0.26658,0.5,0.614647,0.192868
Pab39ee5462,261025,221_10649,221,10649,1,15,zone,B,2018,2018-12-04,2018-12-08,6,128.283,15.7293,1,70,67,15.367,0.533866,15.5905,14.4889,7.07664,6.85982,7.18684,3.31039,3.1181,2.24452,1.24726,3.74172,4.94232,2.45301,4.98896,1.56371,1.25738,5.61258,2.49377,1.59133,0,0.448776,0.65547,2.49448,4.52588,2.34079,18.085,11.8862,11.3456,20.9786,19.5186,5.21144,0.421727,0.46781,0.147613,0.425926,0.46324,0.149163,0.314815,0.252854,0.186671,0.222222,0.391543,0.267624,0.333333,0.456093,0.241668
Pab39ee5462,261025,276_208299,276,208299,4,19,world,A,2021,2021-07-03,2021-07-11,7,186.117,18.3193,10,192,174,18.756,0.680857,21.0621,14.2694,5.44901,7.952,7.50804,3.46178,3.22378,2.4377,1.71746,4.72822,5.07034,2.26855,6.87741,3.52297,2.42781,3.4387,1.75459,1.14154,0.429838,0.807696,1.25902,3.00887,3.09985,1.702,24.7157,15.501,7.77007,23.7528,17.9679,4.68488,0.507667,0.474649,0.110084,0.5,0.443733,0.117723,0.462366,0.362644,0.218583,0.0860215,0.286997,0.170106,0.625,0.673577,0.213074
Pab534e249b,155318,256_3285,256,3285,3,18,continental,A,2006,2006-06-28,2006-07-02,4,23,18.3604,1,83,62,17.8263,0.580995,24.3478,15.9039,6.01791,6.95652,8.01587,4.3489,1.73913,3.03436,2.57069,5.21739,4.98151,2.64958,3.47826,3.02408,2.25258,3.47826,1.90095,1.1992,0,0.917461,1.08796,3.47826,3.8108,1.88879,26.087,15.9601,8.69337,22.4,19.8356,5.43243,0.643382,0.497868,0.124253,0.65,0.459582,0.135608,0.1,0.314567,0.242206,0.2,0.41752,0.293171,0.5,0.631609,0.199593
Pab534e249b,155318,276_3299,276,3299,4,19,world,A,2007,2007-07-12,2007-07-22,8,68,19.4145,2,192,177,18.6772,0.861009,20,15.0242,6.32287,7.05882,7.34207,3.43761,2.35294,2.58309,1.78912,4.70588,4.75898,2.24568,1.76471,2.48739,1.87525,1.76471,2.09591,1.22429,1.17647,0.576986,0.923846,3.52941,3.59835,1.49835,16.4706,14.939,7.42931,22.5176,18.3344,5.1284,0.526642,0.501247,0.112236,0.462963,0.471644,0.119445,0.555556,0.331902,0.236569,0.444444,0.386782,0.254493,0.75,0.621503,0.199964
Paca468f5b5,190029,235_6848,235,6848,2,16,continental,A,2012,2012-07-19,2012-07-29,8,145,15.0722,9,192,176,16.1096,0.40158,11.5862,12.8957,5.1393,11.0345,7.28115,3.27484,4.13793,2.53061,1.6142,6.89655,4.75054,2.1455,0.551724,2.32455,1.79593,0,1.66324,1.06284,5.24138,0.723676,0.957328,2.2069,3.17391,1.28807,16.8276,12.7939,6.1131,16.3862,17.0911,4.4667,0.40856,0.454765,0.0973089,0.404255,0.417223,0.100403,0,0.278735,0.216581,0.212766,0.348814,0.239972,0.4,0.626435,0.186476
Paca468f5b5,190029,235_7364,235,7364,2,16,continental,A,2013,2013-08-08,2013-08-18,9,290,16.1263,3,192,176,16.1494,0.417776,17.7931,12.0706,5.17484,12.9655,7.3559,3.30485,3.72414,2.33535,1.69878,9.24138,5.02054,2.14859,0.965517,2.5407,1.51138,0.551724,1.76576,0.99107,2.89655,0.751828,0.93185,2.89655,3.31424,1.38043,21.931,12.1925,6.19516,21.1034,16.9868,4.87665,0.488636,0.434476,0.102948,0.479339,0.397849,0.112339,0,0.298159,0.215887,0.206612,0.314844,0.202948,0.52,0.618503,0.187752
Paca468f5b5,190029,263_7865,263,7865,3,18,continental,A,2014,2014-07-24,2014-08-03,9,145,17.0845,4,192,176,17.9913,0.462011,13.2414,12.9726,5.15589,13.7931,7.14215,3.50984,5.51724,2.43117,1.78733,8.27586,4.71098,2.23201,1.65517,2.69449,1.70245,0.551724,1.47393,1.00006,3.58621,0.759594,0.965605,3.31034,2.96367,1.19841,22.6207,13.5376,6.41741,16.1766,16.6288,4.02095,0.51458,0.465813,0.107561,0.522727,0.435883,0.108075,0,0.288309,0.208611,0.136364,0.293083,0.181589,0.333333,0.628737,0.212208
Paca468f5b5,190029,249_5075,249,5075,3,17,world,A,2014,2014-08-08,2014-08-16,7,137.25,17.1201,12,192,173,17.0583,0.489002,17.4863,13.6034,6.14842,12.8233,7.6474,3.67246,6.99454,2.55281,1.94621,5.82878,5.0946,2.20776,1.74863,2.14955,1.47007,0,1.80889,1.11705,3.20583,0.718134,1.07747,1.16576,3.23583,1.51772,25.6466,13.5763,8.92179,17.6729,17.7478,5.19007,0.529661,0.460191,0.126088,0.537037,0.428331,0.130989,0,0.299498,0.224593,0.111111,0.302479,0.220999,0.333333,0.637699,0.213798
Paca468f5b5,190029,276_6290,276,6290,4,19,world,A,2015,2015-06-27,2015-07-05,7,147.267,18.0045,4,191,180,18.6008,0.756787,15.4821,13.755,5.55959,14.6673,7.3828,3.65745,2.98778,2.49694,1.90522,11.6795,4.88586,2.44791,0.271616,3.28532,2.18966,1.35808,1.90259,1.12162,4.88909,0.672111,0.938022,1.6297,3.43624,1.60082,29.6062,14.5182,7.46481,14.2327,17.8545,4.65107,0.614224,0.470651,0.115139,0.595238,0.436661,0.120193,0,0.306253,0.220425,0.238095,0.333827,0.227034,0.7,0.639017,0.184202
Paca468f5b5,190029,263_9135,263,9135,3,18,continental,A,2015,2015-07-23,2015-08-02,9,257,18.0811,1,192,177,17.9662,0.519657,16.8093,12.9828,5.3337,14.4747,7.27259,3.08145,4.20233,2.32106,1.75843,10.2724,4.95154,1.861,0.311284,2.86759,2.03248,1.08949,1.81922,0.975622,3.42412,0.648987,0.813504,2.17899,3.05876,1.3906,25.9922,13.6602,6.08357,17.7992,16.9507,4.78429,0.538063,0.459152,0.101695,0.521739,0.431772,0.106165,0.0108696,0.349507,0.205678,0.206522,0.277712,0.163494,0.631579,0.615139,0.207628
Pad0b972baf,235735,225_6349,225,6349,2,16,continental,A,2017,2017-06-14,2017-06-18,5,78.1,16.3097,1,96,81,15.9285,0.450727,35.8515,14.0777,7.13371,15.8771,7.22499,3.47711,4.09731,2.09694,1.52712,11.7798,5.12806,2.44958,4.09731,2.22697,1.59617,2.04866,1.98206,1.51722,1.02433,0.649251,0.855969,4.60948,3.66709,1.75066,47.1191,13.6286,9.57638,27.8412,18.0216,5.42217,0.771605,0.477819,0.139787,0.756757,0.452635,0.151814,0,0.279386,0.208295,0.513514,0.33701,0.198038,0.736842,0.591627,0.221309
Pad0b972baf,235735,249_6362,249,6362,3,17,world,A,2018,2018-06-30,2018-07-08,7,106.55,17.3638,1,192,164,16.8926,0.549015,28.9066,13.6297,6.29877,18.0197,7.82266,3.91205,8.63444,2.57156,1.90715,9.38527,5.2511,2.60945,2.62787,2.92738,1.79192,2.25246,2.03945,1.2786,1.50164,0.8843,1.12185,1.87705,3.58085,1.74045,40.1689,14.2974,8.36935,25.9183,18.3289,5.60027,0.601187,0.451383,0.118515,0.596491,0.422609,0.127554,0.0175439,0.299801,0.212952,0.280702,0.310662,0.212748,0.5625,0.624098,0.182167
Pada60a9da7,318765,256_208444,256,208444,3,18,continental,A,2022,2022-06-06,2022-06-12,6,116.65,18.1441,1,95,83,17.8268,0.545377,32.2332,14.2532,6.9182,14.0592,8.67583,3.35701,4.45778,2.84937,1.77982,9.60137,5.82646,2.24575,1.71453,2.81389,1.90932,1.71453,1.67302,0.9706,3.77197,1.1097,1.20579,2.40034,3.24748,1.4123,43.2062,15.5199,8.76482,25.8551,18.6088,5.72837,0.687135,0.456186,0.127257,0.671875,0.42705,0.133365,0.0625,0.323764,0.203699,0.15625,0.290876,0.173337,0.8,0.64198,0.203715
Padf63a93ad,303130,225_208307,225,208307,2,16,continental,A,2021,2021-08-23,2021-08-29,6,84.3667,15.8853,1,96,88,16.1425,0.443946,16.1201,14.7528,6.7599,14.2236,8.42836,4.16424,3.79297,2.67764,2.25729,10.4307,5.75072,2.53035,5.68945,3.77685,2.73743,5.68945,2.1231,1.54311,1.89648,0.926836,1.07945,4.26709,3.67918,1.5134,32.7143,16.2909,10.7054,16.9356,19.6104,5.27008,0.636228,0.451601,0.128182,0.571429,0.424954,0.134142,0.571429,0.30895,0.201803,0.619048,0.259559,0.199659,0.769231,0.619989,0.216247
Pae17b87a4a,224675,249_9678,249,9678,3,17,world,A,2016,2016-06-23,2016-07-03,6,85.9,16.7998,1,191,171,16.9215,0.517517,12.1071,13.9298,6.67868,14.4354,8.20946,4.09228,5.12224,2.77559,2.1245,9.31315,5.43387,2.64062,0.931315,2.6531,1.83642,2.32829,1.85697,1.24533,3.2596,0.669885,0.963228,1.86263,3.64504,1.46955,25.1455,13.7052,8.47552,12.759,18.8523,5.48244,0.555556,0.446186,0.125912,0.526316,0.416886,0.129648,0.0526316,0.303263,0.224477,0.526316,0.349537,0.221993,0.6,0.59047,0.214261
Paee04abbe6,254420,263_205004,263,205004,3,18,continental,A,2018,2018-07-28,2018-08-05,7,165.967,17.3501,16,192,166,17.9484,0.486734,14.4607,14.4064,5.75558,10.6045,6.90142,3.12552,4.33822,2.19489,1.66122,6.26632,4.70653,2.01962,3.61518,3.24095,2.01549,2.41012,1.5968,1.10658,3.13316,0.554635,0.653217,3.61518,2.86449,1.42016,25.5473,15.5605,7.10936,15.82,16.8438,5.05633,0.592417,0.515968,0.114823,0.5625,0.487073,0.116125,0,0.330749,0.2175,0.125,0.31321,0.220466,1,0.663277,0.18489
Paf55ace901,146465,235_3159,235,3159,2,16,continental,A,2004,2004-07-06,2004-07-15,8,187,16.526,9,191,172,16.0382,0.503402,16.6845,13.0445,4.99259,8.98396,7.18159,3.70967,4.06417,2.50064,1.91185,4.91979,4.68094,2.19272,1.49733,2.22239,1.53452,2.13904,2.02348,1.18561,1.28342,0.792582,1.08733,5.7754,3.92453,1.51611,16.4706,12.3353,6.47362,20.6717,17.9154,4.56367,0.560023,0.462475,0.102934,0.535714,0.436018,0.107925,0,0.248646,0.192745,0.553571,0.351582,0.22089,0.580645,0.57227,0.203665
Paf55ace901,146465,263_3163,263,3163,3,18,continental,A,2005,2005-07-13,2005-07-24,5,22,17.55,1,191,165,17.9302,0.519728,7.27273,14.0589,5.34016,10.9091,7.16592,3.44355,1.81818,2.37732,1.73515,9.09091,4.78859,2.17947,0,2.29674,1.53676,1.81818,1.77088,0.975643,0,0.485301,0.754804,5.45455,3.24538,1.49478,10.9091,14.194,6.5678,12.7273,17.0641,4.769,0.5,0.503583,0.109458,0.5,0.469928,0.1244,0,0.301113,0.218055,0,0.391309,0.268723,,0.6348,0.196629
Paf55ace901,146465,263_4068,263,4068,3,18,continental,A,2006,2006-07-18,2006-07-27,8,173,18.5575,5,192,161,17.9378,0.463248,27.9769,14.1964,5.48784,16.185,7.01645,3.36385,6.24277,2.36669,1.82035,9.9422,4.64975,2.02662,5.08671,2.29341,1.38476,1.84971,1.73085,0.927802,0.693642,0.611494,0.863663,4.85549,3.22115,1.34554,38.6127,14.0597,6.31908,25.1006,17.3038,5.04807,0.690955,0.497884,0.0869021,0.636364,0.46465,0.104206,0,0.303888,0.207608,0.742424,0.383594,0.304429,0.755102,0.629446,0.183775
Paf55ace901,146465,276_3299,276,3299,4,19,world,A,2007,2007-07-12,2007-07-22,9,153,19.5432,1,192,177,18.6772,0.861009,22.4837,15.0242,6.32287,12.549,7.34207,3.43761,4.18301,2.58309,1.78912,8.36601,4.75898,2.24568,1.56863,2.48739,1.87525,1.56863,2.09591,1.22429,0.784314,0.576986,0.923846,4.18301,3.59835,1.49835,25.8824,14.939,7.42931,21.2915,18.3344,5.1284,0.65709,0.501247,0.112236,0.604651,0.471644,0.119445,0,0.331902,0.236569,1.18605,0.386782,0.254493,0.666667,0.621503,0.199964
Paf63a5d230,227218,235_9787,235,9787,2,16,continental,A,2016,2016-08-12,2016-08-20,7,192.233,15.5595,14,191,173,16.1457,0.420344,10.404,12.4223,5.36658,6.03433,7.63886,3.3466,1.87272,2.50181,1.73348,4.16161,5.13705,2.20689,1.24848,3.03633,1.84191,1.24848,1.91039,1.13716,0.416161,0.56896,0.698163,3.74545,3.51147,1.64437,3.32929,12.8073,6.51682,19.8509,17.4496,4.68556,0.322997,0.434022,0.108047,0.30137,0.398813,0.121741,0.383562,0.333399,0.230491,0.136986,0.330671,0.215729,0.6,0.615144,0.20155
Paf95fb158c,198147,261_6842,261,6842,1,18,continental,B,2012,2012-08-09,2012-08-19,8,246,17.9908,1,264,237,17.8675,0.562205,25.2033,13.0547,5.37132,17.2358,7.05747,3.16823,5.85366,2.29087,1.65508,11.3821,4.7666,2.07716,1.46341,2.36703,1.59306,2.43902,1.57005,0.946764,2.92683,0.436012,0.744553,4.22764,3.25583,1.44434,34.9593,12.59,7.07363,24.1951,16.9595,4.45963,0.631107,0.467506,0.11363,0.586957,0.439373,0.120567,0.0543478,0.308316,0.221614,0.76087,0.309864,0.227684,0.671429,0.617408,0.194859
Paf99c23c4d,267759,225_208099,225,208099,2,16,continental,A,2019,2019-06-03,2019-06-09,5,97.35,15.6499,1,96,82,15.9931,0.362163,30.4058,14.0207,6.92005,16.4355,8.39512,3.96603,6.98511,3.00093,2.28479,9.45044,5.39419,2.36902,3.698,3.10598,2.34284,2.05444,2.01293,1.26766,2.05444,0.940448,1.11345,2.46533,3.27809,1.55109,37.8017,15.1855,8.63529,30.981,18.825,5.93787,0.533141,0.442597,0.113342,0.492308,0.409751,0.124281,0.261538,0.283453,0.207219,0.153846,0.290908,0.222077,1,0.623001,0.223745
Pb01091942c,150842,261_3162,261,3162,1,18,continental,B,2005,2005-07-13,2005-07-24,8,212,18.459,14,204,169,17.7696,0.620165,20.566,13.1349,5.30234,12.4528,7.30164,3.26915,5.66038,2.63075,1.7406,6.79245,4.67089,2.11278,0.943396,2.1127,1.31315,1.88679,1.95298,1.0397,1.13208,0.646139,1.00412,3.01887,3.68833,1.53741,27.5472,11.9779,6.86824,18.7472,18.1924,4.94149,0.653791,0.44747,0.10981,0.653333,0.414337,0.128318,0,0.297621,0.216453,0.253333,0.349863,0.235393,0.578947,0.599014,0.208376
Pb067831a66,173709,225_3366,225,3366,2,16,continental,A,2009,2009-06-17,2009-06-21,5,32,15.5869,1,95,73,16.0044,0.426958,8.75,16.0223,6.73172,6.25,8.25465,4.28771,0,3.09821,2.4528,6.25,5.15644,2.49966,1.25,2.21843,1.6819,1.25,1.92791,1.2619,5,0.927888,1.28998,5,3.73208,1.65661,8.75,15.1749,8.32594,16.1,20.1646,6.21392,0.394144,0.483505,0.109313,0.4375,0.448274,0.113817,0.5,0.279739,0.230233,0.25,0.426817,0.304738,0,0.579216,0.200439
Pb067831a66,173709,249_3924,249,3924,3,17,world,A,2010,2010-07-02,2010-07-11,8,56,16.641,1,144,123,17.0611,0.420802,26.4286,14.634,6.05534,10.7143,7.23158,3.56787,3.57143,2.36571,1.70469,7.14286,4.86587,2.26597,1.42857,2.8592,2.15155,4.28571,1.87293,1.1407,2.85714,0.761711,1.11447,2.14286,3.58026,1.49053,37.1429,14.7809,8.47015,19.9143,18.1558,4.72464,0.743569,0.491637,0.10797,0.75,0.45895,0.11802,0.333333,0.327866,0.235277,0.0833333,0.373086,0.229118,0.5,0.600608,0.200517
Pb0e43997bd,174426,276_3348,276,3348,4,19,world,A,2009,2009-07-02,2009-07-12,9,174,19.4227,1,191,165,18.7882,0.690657,16.092,14.3984,5.52288,9.1954,7.57587,3.44111,2.06897,2.66725,1.77968,7.12644,4.90862,2.14002,4.13793,2.40801,1.76626,1.37931,1.70492,0.965813,1.37931,0.872247,1.01133,3.21839,3.13329,1.42996,21.6092,15.1012,7.07592,16.2115,17.5241,4.72826,0.61925,0.495334,0.114029,0.622642,0.463656,0.116858,0.584906,0.308724,0.227753,0.150943,0.312474,0.190442,0.5,0.642985,0.213702
Pb1001f743e,238463,235_10522,235,10522,2,16,continental,A,2017,2017-08-11,2017-08-19,7,144.8,16.4849,14,192,171,16.2315,0.379426,17.4033,13.0005,5.38737,11.0497,7.45748,3.36127,5.24862,2.64078,1.6751,5.8011,4.81671,2.34468,2.20994,2.40527,1.64318,3.8674,1.91319,1.04947,0.828729,0.437885,0.600186,6.07735,3.35591,1.43616,12.9834,12.4646,6.84302,29.0276,17.7215,5.02431,0.379153,0.447742,0.10913,0.297101,0.41867,0.122632,0.15942,0.339637,0.209153,0.463768,0.300941,0.219282,0.6875,0.623009,0.186015
Pb1001f743e,238463,261_200005,261,200005,1,18,continental,B,2018,2018-07-27,2018-08-05,8,127.617,17.4459,7,288,260,17.8931,0.518671,11.2838,13.7131,5.71917,10.6569,7.17957,3.20894,4.70158,2.21864,1.53702,5.95533,4.96093,2.26018,4.70158,2.71862,1.80107,2.19407,1.92123,1.08713,1.56719,0.594808,0.820515,2.50751,3.30192,1.58381,21.3138,13.9067,7.27134,13.3525,17.5073,5.02879,0.520231,0.473789,0.110969,0.482143,0.447346,0.117194,0.214286,0.343972,0.209182,0.535714,0.292038,0.185026,0.6,0.603627,0.204212
Pb1001f743e,238463,261_208085,261,208085,1,18,continental,B,2019,2019-07-26,2019-08-04,8,203.717,18.4425,7,288,271,17.7928,0.546792,24.7402,13.7234,5.46328,11.192,7.62023,3.57239,2.94527,2.40371,1.76354,8.24675,5.21652,2.30691,8.63945,3.00183,1.7713,2.94527,1.97456,1.08166,2.74892,0.590551,0.812885,5.49783,3.31262,1.42047,35.3432,14.3868,7.43608,25.7141,17.8454,4.66478,0.611888,0.468224,0.112806,0.568182,0.439784,0.116063,0.181818,0.361121,0.224641,0.386364,0.291434,0.18478,0.764706,0.624357,0.217607
Pb18185e9fe,182177,263_5831,263,5831,3,18,continental,A,2010,2010-07-22,2010-08-01,9,223,18.0976,7,192,171,17.9486,0.515214,14.8879,13.1391,4.8065,14.5291,7.0875,2.90695,3.76682,2.21226,1.52036,10.7623,4.87524,1.91491,1.61435,2.66002,1.92041,0.896861,1.70641,0.879599,2.69058,0.617153,0.878023,2.69058,3.17333,1.3572,23.3184,13.4495,5.87418,17.3202,16.8985,4.25598,0.508828,0.477146,0.110791,0.507042,0.443458,0.118272,0,0.347536,0.231447,0.338028,0.312866,0.195141,0.458333,0.664571,0.176763
Pb1d497dd3b,224986,276_10628,276,10628,4,19,world,A,2017,2017-07-01,2017-07-09,7,46.85,17.0544,1,192,173,18.7401,0.66399,9.39168,13.572,5.43385,10.2455,7.69236,3.66261,4.26894,2.52264,1.93466,5.97652,5.16972,2.34584,5.12273,3.5206,2.17842,0.853789,1.62705,0.99426,0,0.496983,0.747174,0,3.19164,1.50518,17.0758,14.0574,7.39114,12.6019,17.9216,4.88312,0.372629,0.455339,0.108314,0.307692,0.425426,0.112649,0.153846,0.338891,0.227597,0.307692,0.343196,0.196751,0.75,0.596167,0.211854
Pb1d497dd3b,224986,256_6366,256,6366,3,18,continental,A,2018,2018-06-10,2018-06-16,6,164.7,17.9908,2,96,77,17.828,0.525502,25.258,15.5566,6.39686,10.6861,7.77187,3.98199,5.34305,2.65775,2.03709,5.34305,5.11411,2.64736,2.18579,3.78512,2.52326,1.70006,1.61263,0.882308,0.728597,0.880985,1.00481,3.15726,2.9353,1.21748,26.4724,17.4064,9.44377,24.85,18.4751,4.87942,0.582176,0.491529,0.127491,0.558442,0.463231,0.128982,0.0649351,0.303395,0.213193,0.363636,0.260848,0.177817,0.642857,0.684055,0.226582
Pb1d56c9c96,235753,225_6349,225,6349,2,16,continental,A,2017,2017-06-14,2017-06-18,5,80.0833,15.669,1,96,81,15.9285,0.450727,13.486,14.0777,7.13371,12.9865,7.22499,3.47711,2.4974,2.09694,1.52712,10.4891,5.12806,2.44958,1.49844,2.22697,1.59617,1.99792,1.98206,1.51722,3.99584,0.649251,0.855969,6.49324,3.66709,1.75066,14.9844,13.6286,9.57638,22.3767,18.0216,5.42217,0.424528,0.477819,0.139787,0.391304,0.452635,0.151814,0.0869565,0.279386,0.208295,0.869565,0.33701,0.198038,0.45,0.591627,0.221309
Pb2632428b5,227403,235_10522,235,10522,2,16,continental,A,2017,2017-08-11,2017-08-19,5,93.5167,15.9784,13,192,171,16.2315,0.379426,15.8261,13.0005,5.38737,3.42185,7.45748,3.36127,1.28319,2.64078,1.6751,2.13866,4.81671,2.34468,1.28319,2.40527,1.64318,2.13866,1.91319,1.04947,0.427731,0.437885,0.600186,2.56639,3.35591,1.43616,11.121,12.4646,6.84302,17.9134,17.7215,5.02431,0.515608,0.447742,0.10913,0.514286,0.41867,0.122632,0.628571,0.339637,0.209153,0.0571429,0.300941,0.219282,0.5,0.623009,0.186015
Pb2632428b5,227403,263_208080,263,208080,3,18,continental,A,2019,2019-07-27,2019-08-04,6,124.433,17.936,11,192,175,17.9631,0.505937,25.0737,13.7178,5.15894,9.32226,7.52048,3.37919,2.57166,2.46928,1.88464,6.7506,5.0512,2.11145,3.53603,3.21833,2.11744,1.60729,1.85798,1.14514,1.28583,0.775413,1.13616,2.89312,3.16101,1.74426,22.502,14.7221,7.06103,28.4683,17.6749,5.30539,0.490196,0.476616,0.11909,0.456522,0.449355,0.125455,0.347826,0.341734,0.215194,0.347826,0.330997,0.30944,0.625,0.612867,0.233874
Pb3a7a6f86b,210278,256_5956,256,5956,3,18,continental,A,2014,2014-06-20,2014-06-24,5,79,17.7882,1,96,81,17.6768,0.737825,22.2785,14.8401,7.17248,15.6962,7.60001,3.65566,6.58228,2.58774,1.97745,9.11392,5.01227,2.34035,0,2.48714,2.15138,2.53165,1.62935,1.06747,3.03797,0.800831,1.28071,0.506329,3.36171,1.54118,34.9367,14.54,9.22335,18.5519,18.4608,5.62483,0.617284,0.48297,0.128417,0.636364,0.447499,0.128871,0.030303,0.302194,0.236163,0.181818,0.3827,0.227143,0.333333,0.61851,0.207815
Pb3cfb2c388,253997,249_6362,249,6362,3,17,world,A,2018,2018-06-30,2018-07-08,7,200.033,15.9538,5,192,164,16.8926,0.549015,22.1963,13.6297,6.29877,17.1971,7.82266,3.91205,6.99883,2.57156,1.90715,10.1983,5.2511,2.60945,2.79953,2.92738,1.79192,0.999833,2.03945,1.2786,1.1998,0.8843,1.12185,3.99933,3.58085,1.74045,30.3949,14.2974,8.36935,22.4443,18.3289,5.60027,0.601691,0.451383,0.118515,0.590278,0.422609,0.127554,0.111111,0.299801,0.212952,0.638889,0.310662,0.212748,0.565217,0.624098,0.182167
Pb3cfb2c388,253997,235_208004,235,208004,2,16,continental,A,2018,2018-08-10,2018-08-18,7,174.6,16.066,3,192,180,16.1832,0.383342,23.1386,13.4252,5.67197,15.1203,7.7921,3.91687,6.41466,2.45196,1.88109,8.70561,5.34014,2.55216,3.20733,3.03349,1.92376,2.52005,1.80554,1.15473,2.29095,0.816337,1.07208,5.04009,3.1074,1.38972,30.0115,14.0635,7.97985,25.063,17.9227,4.73936,0.577803,0.444561,0.107173,0.583333,0.411934,0.116861,0.125,0.340561,0.216249,0.486111,0.314365,0.212928,0.485714,0.599958,0.209791
Pb3cfb2c388,253997,263_208080,263,208080,3,18,continental,A,2019,2019-07-27,2019-08-04,7,161.317,17.027,2,192,175,17.9631,0.505937,20.5806,13.7178,5.15894,15.6214,7.52048,3.37919,5.45511,2.46928,1.88464,10.1663,5.0512,2.11145,3.47143,3.21833,2.11744,2.72755,1.85798,1.14514,2.97551,0.775413,1.13616,5.70307,3.16101,1.74426,29.7551,14.7221,7.06103,23.3776,17.6749,5.30539,0.582211,0.476616,0.11909,0.554545,0.449355,0.125455,0.109091,0.341734,0.215194,0.672727,0.330997,0.30944,0.594595,0.612867,0.233874
Pb52cacc824,204865,235_7364,235,7364,2,16,continental,A,2013,2013-08-08,2013-08-18,9,187,15.1653,7,192,176,16.1494,0.417776,7.27273,12.0706,5.17484,8.12834,7.3559,3.30485,2.99465,2.33535,1.69878,5.13369,5.02054,2.14859,0.427807,2.5407,1.51138,1.06952,1.76576,0.99107,3.20856,0.751828,0.93185,2.99465,3.31424,1.38043,7.91444,12.1925,6.19516,15.4182,16.9868,4.87665,0.2927,0.434476,0.102948,0.272727,0.397849,0.112339,0,0.298159,0.215887,0.127273,0.314844,0.202948,0.571429,0.618503,0.187752
Pb52cacc824,204865,235_7608,235,7608,2,16,continental,A,2014,2014-08-20,2014-08-30,9,213,16.1975,4,192,178,16.1846,0.370405,25.5399,12.5028,5.21693,13.7089,6.96225,2.99749,4.13146,2.30535,1.67587,9.57746,4.6569,1.81358,0.187793,2.42548,1.61146,0.938967,1.93369,1.08889,2.8169,0.552882,0.710669,3.94366,3.5349,1.63269,28.9202,12.1635,7.20481,25.3671,17.1365,4.65544,0.596073,0.45362,0.105187,0.585,0.424757,0.118064,0.02,0.284335,0.206536,0.32,0.295501,0.244575,0.59375,0.619749,0.207618
Pb52cacc824,204865,263_9135,263,9135,3,18,continental,A,2015,2015-07-23,2015-08-02,9,223,17.1201,2,192,177,17.9662,0.519657,15.7848,12.9828,5.3337,13.991,7.27259,3.08145,5.20179,2.32106,1.75843,8.78924,4.95154,1.861,0.896861,2.86759,2.03248,1.07623,1.81922,0.975622,3.2287,0.648987,0.813504,4.12556,3.05876,1.3906,21.8834,13.6602,6.08357,20.1973,16.9507,4.78429,0.491071,0.459152,0.101695,0.481928,0.431772,0.106165,0.0240964,0.349507,0.205678,0.180723,0.277712,0.163494,0.533333,0.615139,0.207628
Pb59dd639f9,137979,263_2703,263,2703,3,18,continental,A,2004,2003-07-30,2004-07-18,5,132,18.0866,,493,386,17.9197,0.574968,20,13.9298,5.58557,7.87879,6.69318,3.18094,3.93939,2.34716,1.63659,3.93939,4.34602,1.99629,3.33333,2.20858,1.78794,2.42424,2.4645,1.29161,0.30303,0.660544,0.907576,2.12121,3.70521,1.86017,21.8182,13.3501,7.66077,20.2788,17.9913,4.82067,0.550734,0.480562,0.114943,0.519231,0.44764,0.122844,0.192308,0.292519,0.224662,0.346154,0.361925,0.24503,0.666667,0.622708,0.195562
Pb5da2dd439,160232,235_4658,235,4658,2,16,continental,A,2007,2007-07-20,2007-07-29,7,55,15.2282,3,192,165,16.1521,0.336187,11.6364,12.3541,4.59564,14.5455,7.48686,3.65328,3.63636,2.55119,1.80173,10.9091,4.93567,2.29467,0,2.18982,1.69305,0.727273,1.94641,1.03035,4.36364,0.660085,0.994941,5.09091,3.73715,1.59913,17.4545,11.557,6.80259,17.4255,17.7128,3.97293,0.471698,0.43747,0.105535,0.461538,0.408067,0.115767,0,0.296124,0.208775,0.692308,0.34249,0.212342,0.444444,0.577994,0.201034
Pb5da2dd439,160232,235_4904,235,4904,2,16,continental,A,2008,2008-08-15,2008-08-24,8,188,16.3015,1,192,174,16.2135,0.407837,24.2553,12.5077,5.2804,18.9362,7.05601,3.46531,6.59574,2.21132,1.56439,12.3404,4.8447,2.40248,0.212766,0.953761,0.795718,1.48936,1.63093,1.02672,3.82979,0.491683,0.69126,5.10638,3.26338,1.41144,32.766,10.3009,6.66525,25.0128,16.9308,4.67101,0.609235,0.448308,0.104155,0.604167,0.420617,0.117124,0.0277778,0.27773,0.210658,0.680556,0.386976,0.243847,0.55102,0.562564,0.19469
Pb5da2dd439,160232,263_5369,263,5369,3,18,continental,A,2009,2009-07-23,2009-08-02,9,248,17.2406,4,192,172,17.9564,0.515203,28.0645,13.4523,4.84686,15.3226,7.0493,3.39971,5.96774,2.30482,1.73801,9.35484,4.74449,2.1617,0.483871,2.29862,1.67821,1.45161,1.76376,0.881262,3.70968,0.630648,0.946697,2.74194,3.12517,1.39684,40.3226,13.2734,6.32229,21.0839,17.0452,4.02754,0.765037,0.479516,0.106437,0.72093,0.449276,0.117717,0,0.347624,0.215776,0.732558,0.333155,0.243838,0.793651,0.618493,0.19843
Pb5da2dd439,160232,263_5831,263,5831,3,18,continental,A,2010,2010-07-22,2010-08-01,9,272,18.2372,1,192,171,17.9486,0.515214,25.7353,13.1391,4.8065,17.7941,7.0875,2.90695,5.14706,2.21226,1.52036,12.6471,4.87524,1.91491,1.17647,2.66002,1.92041,0.735294,1.70641,0.879599,3.52941,0.617153,0.878023,2.64706,3.17333,1.3572,39.8529,13.4495,5.87418,20.4,16.8985,4.25598,0.724818,0.477146,0.110791,0.677419,0.443458,0.118272,0.0322581,0.347536,0.231447,0.677419,0.312866,0.195141,0.777778,0.664571,0.176763
Pb5da2dd439,160232,276_4346,276,4346,4,19,world,A,2011,2011-06-30,2011-07-10,9,278,19.1763,1,192,170,18.6783,0.680358,29.7842,13.9628,5.5381,17.9856,6.96907,3.32639,5.61151,2.2765,1.60615,12.3741,4.69256,2.26884,1.29496,2.54793,1.8548,1.00719,1.36418,0.869805,4.17266,0.642267,0.93216,2.30216,2.87201,1.41472,42.8777,14.0555,7.05949,24.541,17.0082,4.58642,0.669643,0.486074,0.11285,0.602459,0.453588,0.118095,0.00819672,0.291718,0.211296,0.606557,0.314934,0.203526,0.810811,0.647068,0.216658
Pb5f59c2405,210277,276_6290,276,6290,4,19,world,A,2015,2015-06-27,2015-07-05,7,61.3667,19.4172,1,191,180,18.6008,0.756787,12.3846,13.755,5.55959,14.9919,7.3828,3.65745,5.86638,2.49694,1.90522,9.12548,4.88586,2.44791,0.65182,3.28532,2.18966,2.60728,1.90259,1.12162,3.2591,0.672111,0.938022,2.60728,3.43624,1.60082,26.0728,14.5182,7.46481,13.61,17.8545,4.65107,0.562796,0.470651,0.115139,0.5625,0.436661,0.120193,0,0.306253,0.220425,0.125,0.333827,0.227034,0.5,0.639017,0.184202
Pb7270acc46,314338,228_208429,228,208429,2,16,continental,A,2022,2022-06-12,2022-06-19,6,105.233,15.9401,1,156,114,16.785,0.608222,26.2274,13.81,6.43076,24.3269,7.74534,4.32616,11.0231,2.48205,2.0722,13.3038,5.2633,2.88874,2.66075,2.76142,1.77557,0.760215,2.04736,1.35353,4.9414,0.725579,1.05304,3.42097,3.48373,1.70143,46.3731,13.8422,9.78585,24.0988,18.6432,5.35974,0.634191,0.450281,0.134847,0.66,0.426658,0.149266,0,0.333935,0.21589,0.2,0.275919,0.200637,0.3,0.581726,0.242494
Pb7270acc46,314338,249_208300,249,208300,3,17,world,A,2022,2022-07-02,2022-07-10,7,142.75,15.9976,6,192,168,16.9494,0.502627,26.62,13.9661,5.91865,18.2137,8.00354,3.81847,4.20315,2.52822,1.91795,14.0105,5.47531,2.5642,0.56042,3.08275,2.02068,0.84063,1.94293,1.17006,6.16462,0.924849,1.14976,3.92294,3.15323,1.4463,39.7898,15.5163,8.33031,24.1877,17.916,5.19339,0.656803,0.466701,0.114119,0.633333,0.443918,0.121251,0,0.333533,0.208066,0.466667,0.246808,0.165743,0.678571,0.600939,0.210643
Pb7bd8922eb,142957,258_2996,258,2996,3,18,continental,A,2002,2002-12-16,2002-12-26,2,,17.6047,2,168,0,17.9495,0.903128,,,,,,,,,,,,,,,,,,,,,,,,,,,,,,,7.67045,,,,,,,,,,,,0.75,,
Pb9c495a67d,189115,225_4362,225,4362,2,16,continental,A,2011,2011-06-21,2011-06-25,5,110,15.5267,1,96,79,16.0746,0.368321,26.5455,14.8849,7.11669,16.7273,7.98521,3.84187,6.18182,2.63755,2.13904,10.5455,5.34767,2.3398,0.727273,3.07788,2.57357,1.09091,2.51032,1.5217,2.90909,0.996203,1.23148,3.63636,3.97283,2.00381,38.9091,15.7288,9.61162,21.1345,19.5233,5.8083,0.75852,0.468404,0.128217,0.710526,0.43123,0.138267,0,0.239806,0.198378,0.605263,0.36962,0.278674,0.826087,0.607853,0.231603
Pb9c495a67d,189115,249_5078,249,5078,3,17,world,A,2012,2012-06-29,2012-07-08,8,153,16.5643,1,142,127,17.0259,0.435933,28.4967,14.1972,5.55481,17.2549,7.45001,3.12231,8.62745,2.5366,1.74237,8.62745,4.91341,1.92891,0,2.59121,2.03869,0.522876,1.89863,1.07827,0.784314,0.788481,1.13416,2.61438,3.46465,1.79913,30.5882,14.4239,7.24874,27.4092,18.219,4.61878,0.574652,0.473827,0.0968412,0.594937,0.443589,0.101275,0,0.293986,0.229186,0.455696,0.271897,0.197866,0.416667,0.661614,0.195417
Pb9c495a67d,189115,276_7488,276,7488,4,19,world,A,2013,2013-06-27,2013-07-07,9,129.15,17.5609,1,190,163,18.6423,0.696247,30.0426,13.7502,5.42509,13.3178,7.333,3.37317,5.57491,2.38567,1.71678,7.74293,4.94733,2.1867,0.929152,2.21367,1.7035,2.16802,1.54796,0.991925,1.23887,0.727447,1.05025,4.02633,3.00673,1.31394,36.8564,13.6671,7.8175,24.1332,17.2721,4.36533,0.747073,0.477564,0.117473,0.77193,0.446105,0.124661,0,0.299706,0.235645,0.315789,0.319875,0.182303,0.5,0.62505,0.182817
Pba3a4faeb9,203134,276_7488,276,7488,4,19,world,A,2013,2013-06-27,2013-07-07,9,204.05,18.8067,1,190,163,18.6423,0.696247,13.9182,13.7502,5.42509,4.90076,7.333,3.37317,0.980152,2.38567,1.71678,3.92061,4.94733,2.1867,4.70473,2.21367,1.7035,1.37221,1.54796,0.991925,0,0.727447,1.05025,1.17618,3.00673,1.31394,18.0348,13.6671,7.8175,12.8204,17.2721,4.36533,0.597643,0.477564,0.117473,0.563636,0.446105,0.124661,0.345455,0.299706,0.235645,0.181818,0.319875,0.182303,0.9,0.62505,0.182817
Pba698d642d,235754,225_6349,225,6349,2,16,continental,A,2017,2017-06-14,2017-06-18,5,89.1,16.2166,1,96,81,15.9285,0.450727,25.5892,14.0777,7.13371,11.2233,7.22499,3.47711,4.48934,2.09694,1.52712,6.73401,5.12806,2.44958,2.24467,2.22697,1.59617,1.3468,1.98206,1.51722,2.24467,0.649251,0.855969,4.93827,3.66709,1.75066,29.1807,13.6286,9.57638,25.679,18.0216,5.42217,0.616883,0.477819,0.139787,0.613636,0.452635,0.151814,0,0.279386,0.208295,0.113636,0.33701,0.198038,0.6,0.591627,0.221309
Pbc9cc4070d,134572,263_80,263,80,2,18,continental,A,2000,2000-04-11,2000-04-15,5,89,17.0024,,215,168,17.5783,0.581802,17.5281,13.4831,5.27421,9.88764,5.87885,2.98016,4.04494,1.90656,1.51803,5.8427,3.97229,2.00827,1.34831,2.23682,2.06598,1.79775,1.49398,1.03332,0,0,0,3.14607,3.05999,1.33843,15.7303,12.2629,6.76656,21.2494,16.0676,4.41158,0.484111,0.515473,0.1163,0.414286,0.472136,0.129376,0.657143,0.274626,0.211591,0.342857,0.484045,0.37211,0.833333,0.654786,0.20688
Pbc9cc4070d,134572,263_1927,263,1927,3,18,continental,A,2000,2000-07-14,2000-07-23,8,128,17.2735,6,143,124,17.8597,0.588259,18.125,13.5344,4.99944,5,5.13608,2.75372,2.8125,1.69152,1.36508,2.1875,3.44457,1.71182,0.3125,1.67128,1.17559,0.625,2.27105,1.16485,0,0.0760381,0.197735,4.0625,3.01777,1.28522,11.5625,12.4378,5.59886,19.85,15.5847,4.40578,0.57403,0.537884,0.114907,0.56383,0.494632,0.124484,0.510638,0.27518,0.210868,0.170213,0.450926,0.262913,0.625,0.691974,0.170709
Pbe0e1f0064,167435,256_3333,256,3333,3,18,continental,A,2008,2008-07-14,2008-07-18,5,79,17.2132,2,96,77,17.7347,0.643628,15.1899,14.7148,5.42816,6.58228,8.35717,3.97278,2.02532,2.8591,2.0267,4.55696,5.49807,2.52666,6.58228,2.75356,1.85568,2.53165,1.86936,1.05046,1.01266,1.01607,1.32938,6.07595,3.61421,1.65584,16.7089,14.9968,8.18143,21.8734,19.2494,4.39093,0.480769,0.469203,0.129223,0.448276,0.437811,0.141424,0.275862,0.292826,0.217529,0.172414,0.358231,0.272305,0.8,0.62142,0.209939
Pbea2d75e26,206395,228_5323,228,5323,2,16,continental,A,2013,2013-09-25,2013-10-04,8,258,15.6526,3,168,142,16.1616,0.483153,28.2171,14.4429,5.9154,15.6589,8.77142,4.08278,5.27132,3.20345,2.14248,10.3876,5.56797,2.52336,0.930233,1.77891,1.65352,1.55039,2.00825,1.09834,3.41085,0.744091,1.06269,2.48062,3.64008,1.61422,34.2636,13.0181,8.49065,27.1938,20.4024,6.13578,0.570891,0.429311,0.0975796,0.533835,0.400876,0.104444,0.075188,0.256336,0.222775,0.451128,0.289387,0.242375,0.666667,0.57638,0.203206
Pbea2d75e26,206395,249_5075,249,5075,3,17,world,A,2014,2014-08-08,2014-08-16,7,243.9,16.5178,14,192,173,17.0583,0.489002,25.9123,13.6034,6.14842,7.54408,7.6474,3.67246,2.95203,2.55281,1.94621,4.59205,5.0946,2.20776,0.820008,2.14955,1.47007,1.47601,1.80889,1.11705,1.96802,0.718134,1.07747,2.46002,3.23583,1.51772,17.3842,13.5763,8.92179,30.911,17.7478,5.19007,0.455384,0.460191,0.126088,0.422581,0.428331,0.130989,0.232258,0.299498,0.224593,0.270968,0.302479,0.220999,0.642857,0.637699,0.213798
Pbea2d75e26,206395,276_10628,276,10628,4,19,world,A,2017,2017-07-01,2017-07-09,7,219.717,19.4145,10,192,173,18.7401,0.66399,26.2156,13.572,5.43385,14.0181,7.69236,3.66261,2.91284,2.52264,1.93466,11.1052,5.16972,2.34584,3.09489,3.5206,2.17842,1.09232,1.62705,0.99426,1.82053,0.496983,0.747174,4.18721,3.19164,1.50518,30.2207,14.0574,7.39114,26.6379,17.9216,4.88312,0.583847,0.455339,0.108314,0.52,0.425426,0.112649,0.25,0.338891,0.227597,0.53,0.343196,0.196751,0.754717,0.596167,0.211854
Pbec5e357b6,189128,225_4362,225,4362,2,16,continental,A,2011,2011-06-21,2011-06-25,5,96,15.8936,1,96,79,16.0746,0.368321,20,14.8849,7.11669,7.91667,7.98521,3.84187,1.66667,2.63755,2.13904,6.25,5.34767,2.3398,4.16667,3.07788,2.57357,2.5,2.51032,1.5217,1.25,0.996203,1.23148,1.25,3.97283,2.00381,25,15.7288,9.61162,19.3833,19.5233,5.8083,0.551471,0.468404,0.128217,0.5,0.43123,0.138267,0.425,0.239806,0.198378,0.2,0.36962,0.278674,1,0.607853,0.231603
Pbec5e357b6,189128,249_5078,249,5078,3,17,world,A,2012,2012-06-29,2012-07-08,8,127,16.9312,1,142,127,17.0259,0.435933,17.3228,14.1972,5.55481,9.44882,7.45001,3.12231,2.83465,2.5366,1.74237,6.61417,4.91341,1.92891,2.51969,2.59121,2.03869,3.14961,1.89863,1.07827,0.629921,0.788481,1.13416,3.14961,3.46465,1.79913,18.2677,14.4239,7.24874,22.274,18.219,4.61878,0.452899,0.473827,0.0968412,0.418182,0.443589,0.101275,0.218182,0.293986,0.229186,0.236364,0.271897,0.197866,0.692308,0.661614,0.195417
Pbed27928bf,181243,235_5815,235,5815,2,16,continental,A,2010,2010-08-05,2010-08-15,9,261,16.5862,5,192,175,16.1841,0.37593,11.341,11.8121,4.62055,4.13793,6.80615,2.82632,0.613027,2.2263,1.50642,3.5249,4.57985,1.86826,7.04981,2.06109,1.51244,2.75862,1.69459,0.965717,0,0.437703,0.666645,6.28352,3.25853,1.54089,10.1149,11.2208,6.2424,18.9425,16.0983,4.17211,0.447942,0.45471,0.10913,0.392308,0.426203,0.115971,0.4,0.332073,0.220237,0.615385,0.315218,0.198474,0.575,0.591517,0.206232
Pbed27928bf,181243,263_6167,263,6167,3,18,continental,A,2011,2011-07-21,2011-07-31,9,264,17.5445,2,192,167,17.9267,0.499711,13.7879,13.0901,4.53852,5.75758,6.82577,3.05337,1.36364,2.15448,1.4701,4.39394,4.67129,2.08574,5.90909,2.31054,1.70444,2.87879,2.16501,1.02606,0,0.572783,0.732472,5.45455,3.10584,1.23843,16.6667,13.3438,5.98111,17.5758,16.7564,3.9907,0.56875,0.480029,0.109667,0.514493,0.452251,0.117694,0.246377,0.341229,0.207381,0.362319,0.28617,0.186387,0.8,0.621596,0.207247
Pbed27928bf,181243,276_7488,276,7488,4,19,world,A,2013,2013-06-27,2013-07-07,9,273.633,19.4802,2,190,163,18.6423,0.696247,16.957,13.7502,5.42509,4.97015,7.333,3.37317,0.438543,2.38567,1.71678,4.53161,4.94733,2.1867,6.28578,2.21367,1.7035,2.3389,1.54796,0.991925,0,0.727447,1.05025,5.26252,3.00673,1.31394,16.5185,13.6671,7.8175,20.0619,17.2721,4.36533,0.572896,0.477564,0.117473,0.537037,0.446105,0.124661,0.358025,0.299706,0.235645,0.567901,0.319875,0.182303,0.630435,0.62505,0.182817
Pbf5a7a4d5b,252433,264_208419,264,208419,1,18,continental,B,2021,2021-08-03,2021-08-08,5,108.517,17.3501,,382,298,17.7192,0.5765,14.3757,13.777,5.81512,5.89771,7.63314,3.65574,2.21164,2.30223,1.83318,3.68607,5.33091,2.42478,5.5291,3.15853,2.24178,4.42328,2.10172,1.26077,0.737214,0.729244,0.983184,0.737214,3.68721,1.95891,20.642,14.3677,7.81796,15.2603,18.3515,5.33413,0.494924,0.466242,0.126519,0.5,0.438414,0.136436,0.542857,0.355961,0.207085,0.285714,0.307845,0.312977,0.4,0.631326,0.24402
Pbf5a7a4d5b,252433,263_208467,263,208467,3,18,continental,A,2022,2022-07-30,2022-08-07,7,151.017,18.3467,5,192,178,18.0665,0.458603,20.9248,12.7271,5.13114,9.00563,7.50485,3.42645,3.97307,2.41208,1.79177,5.03256,5.09277,2.34343,5.82717,2.88276,1.95226,4.50281,1.86588,1.11475,1.32436,0.786662,0.980591,3.7082,3.28418,1.47693,27.0169,13.3037,7.03295,22.8001,17.3506,4.89876,0.548002,0.449834,0.108417,0.465517,0.4206,0.112884,0.413793,0.374508,0.220787,0.551724,0.294348,0.207957,0.78125,0.629545,0.240583
Pbf890a872a,154842,256_3285,256,3285,3,18,continental,A,2006,2006-06-28,2006-07-02,5,162,17.539,4,83,62,17.8263,0.580995,20.2469,15.9039,6.01791,3.20988,8.01587,4.3489,0.987654,3.03436,2.57069,2.22222,4.98151,2.64958,3.7037,3.02408,2.25258,1.23457,1.90095,1.1992,0.246914,0.917461,1.08796,2.71605,3.8108,1.88879,11.358,15.9601,8.69337,25.916,19.8356,5.43243,0.436356,0.497868,0.124253,0.416667,0.459582,0.135608,0.333333,0.314567,0.242206,0.1,0.41752,0.293171,0.777778,0.631609,0.199593
Pbfdaa31fd0,298072,276_208299,276,208299,4,19,world,A,2021,2021-07-03,2021-07-11,7,149.117,19.1955,1,192,174,18.756,0.680857,22.2644,14.2694,5.44901,11.5346,7.50804,3.46178,2.41422,2.4377,1.71746,9.12038,5.07034,2.26855,6.16967,3.52297,2.42781,0.804739,1.75459,1.14154,5.09668,0.807696,1.25902,2.68246,3.09985,1.702,36.2133,15.501,7.77007,18.5734,17.9679,4.68488,0.70054,0.474649,0.110084,0.69,0.443733,0.117723,0.26,0.362644,0.218583,0.42,0.286997,0.170106,0.666667,0.673577,0.213074
Pc0b16a51f2,156277,233_3947,233,3947,1,16,continental,B,2006,2006-08-09,2006-08-20,8,53,14.8066,1,215,193,16.0988,0.458267,14.3396,12.6787,5.56046,11.3208,7.77495,3.54031,3.77358,2.85168,1.83993,7.54717,4.92326,2.22694,2.26415,1.85616,1.29885,3.77358,2.11648,1.15237,0,0.594732,0.736178,4.5283,4.05108,1.72428,18.1132,11.4694,7.06546,17.5698,18.4004,5.343,0.549769,0.434372,0.102714,0.541667,0.405707,0.108031,0.25,0.256989,0.214659,1,0.330141,0.240771,0.5,0.575458,0.195862
Pc0b16a51f2,156277,235_4658,235,4658,2,16,continental,A,2007,2007-07-20,2007-07-29,6,219,15.7457,13,192,165,16.1521,0.336187,16.4384,12.3541,4.59564,13.516,7.48686,3.65328,2.00913,2.55119,1.80173,11.5068,4.93567,2.29467,5.11416,2.18982,1.69305,1.82648,1.94641,1.03035,0.913242,0.660085,0.994941,5.2968,3.73715,1.59913,21.1872,11.557,6.80259,22.6776,17.7128,3.97293,0.472888,0.43747,0.105535,0.403846,0.408067,0.115767,0.282051,0.296124,0.208775,0.5,0.34249,0.212342,0.692308,0.577994,0.201034
Pc0b16a51f2,156277,261_4957,261,4957,1,18,continental,B,2008,2008-07-25,2008-08-03,8,267,16.7615,2,239,209,17.8504,0.547054,19.3258,13.7832,5.28451,8.68914,6.19907,2.97913,1.1985,2.04482,1.52547,7.49064,4.15425,1.88049,7.64045,1.89565,1.37369,2.84644,1.63008,1.01985,0.599251,0.394607,0.565542,4.04494,3.30465,1.45345,25.618,12.5942,6.48542,20.9438,16.6946,4.35641,0.571809,0.509957,0.109577,0.521505,0.480745,0.115403,0.387097,0.288141,0.210337,0.483871,0.357055,0.23982,0.711111,0.635377,0.177818
Pc2d24d5902,238466,235_10522,235,10522,2,16,continental,A,2017,2017-08-11,2017-08-19,7,194.5,16.4329,9,192,171,16.2315,0.379426,28.5861,13.0005,5.38737,8.22622,7.45748,3.36127,2.87918,2.64078,1.6751,5.34704,4.81671,2.34468,5.75835,2.40527,1.64318,4.31877,1.91319,1.04947,0,0.437885,0.600186,3.29049,3.35591,1.43616,28.1748,12.4646,6.84302,30.2889,17.7215,5.02431,0.529403,0.447742,0.10913,0.478261,0.41867,0.122632,0.347826,0.339637,0.209153,0.321739,0.300941,0.219282,0.783784,0.623009,0.186015
Pc32fe4a167,210235,256_5956,256,5956,3,18,continental,A,2014,2014-06-20,2014-06-24,5,123,18.4206,2,96,81,17.6768,0.737825,40.9756,14.8401,7.17248,8.45528,7.60001,3.65566,3.25203,2.58774,1.97745,5.20325,5.01227,2.34035,3.57724,2.48714,2.15138,4.22764,1.62935,1.06747,0.650407,0.800831,1.28071,5.20325,3.36171,1.54118,40.9756,14.54,9.22335,34.0423,18.4608,5.62483,0.710419,0.48297,0.128417,0.654412,0.447499,0.128871,0.161765,0.302194,0.236163,0.691176,0.3827,0.227143,0.787234,0.61851,0.207815
Pc32fe4a167,210235,276_6290,276,6290,4,19,world,A,2015,2015-06-27,2015-07-05,6,148.083,19.4501,5,191,180,18.6008,0.756787,30.5234,13.755,5.55959,9.99437,7.3828,3.65745,3.24142,2.49694,1.90522,6.75295,4.88586,2.44791,4.32189,3.28532,2.18966,1.08047,1.90259,1.12162,1.08047,0.672111,0.938022,8.64378,3.43624,1.60082,22.4198,14.5182,7.46481,36.9846,17.8545,4.65107,0.538506,0.470651,0.115139,0.482558,0.436661,0.120193,0.162791,0.306253,0.220425,0.5,0.333827,0.227034,0.697674,0.639017,0.184202
Pc3390f55d0,195630,249_5078,249,5078,3,17,world,A,2012,2012-06-29,2012-07-08,8,183,16.2851,1,142,127,17.0259,0.435933,17.2678,14.1972,5.55481,15.3005,7.45001,3.12231,6.77596,2.5366,1.74237,8.52459,4.91341,1.92891,2.84153,2.59121,2.03869,4.59016,1.89863,1.07827,1.53005,0.788481,1.13416,2.84153,3.46465,1.79913,30.6011,14.4239,7.24874,18.3432,18.219,4.61878,0.556966,0.473827,0.0968412,0.547619,0.443589,0.101275,0.031746,0.293986,0.229186,0.285714,0.271897,0.197866,0.555556,0.661614,0.195417
Pc3390f55d0,195630,276_7488,276,7488,4,19,world,A,2013,2013-06-27,2013-07-07,9,172.817,17.2817,1,190,163,18.6423,0.696247,20.3684,13.7502,5.42509,12.4988,7.333,3.37317,6.48086,2.38567,1.71678,6.01794,4.94733,2.1867,3.24043,2.21367,1.7035,2.31459,1.54796,0.991925,0.925837,0.727447,1.05025,1.62021,3.00673,1.31394,28.4695,13.6671,7.8175,19.6185,17.2721,4.36533,0.565844,0.477564,0.117473,0.523077,0.446105,0.124661,0.0153846,0.299706,0.235645,0.446154,0.319875,0.182303,0.689655,0.62505,0.182817
Pc3390f55d0,195630,256_5956,256,5956,3,18,continental,A,2014,2014-06-20,2014-06-24,5,96,18.2454,1,96,81,17.6768,0.737825,25.8333,14.8401,7.17248,12.5,7.60001,3.65566,4.58333,2.58774,1.97745,7.91667,5.01227,2.34035,4.16667,2.48714,2.15138,4.16667,1.62935,1.06747,2.5,0.800831,1.28071,4.16667,3.36171,1.54118,30.8333,14.54,9.22335,27.8833,18.4608,5.62483,0.544624,0.48297,0.128417,0.561224,0.447499,0.128871,0.163265,0.302194,0.236163,0.367347,0.3827,0.227143,0.388889,0.61851,0.207815
Pc381c2ab50,174312,225_3366,225,3366,2,16,continental,A,2009,2009-06-17,2009-06-21,5,71,16.3727,1,95,73,16.0044,0.426958,17.4648,16.0223,6.73172,9.01408,8.25465,4.28771,2.25352,3.09821,2.4528,6.76056,5.15644,2.49966,1.69014,2.21843,1.6819,1.12676,1.92791,1.2619,0,0.927888,1.28998,5.07042,3.73208,1.65661,16.9014,15.1749,8.32594,18.569,20.1646,6.21392,0.646912,0.483505,0.109313,0.65,0.448274,0.113817,0.5,0.279739,0.230233,0.45,0.426817,0.304738,0.555556,0.579216,0.200439
Pc381c2ab50,174312,249_3924,249,3924,3,17,world,A,2010,2010-07-02,2010-07-11,8,104,17.4268,1,144,123,17.0611,0.420802,21.5385,14.634,6.05534,8.46154,7.23158,3.56787,3.84615,2.36571,1.70469,4.61538,4.86587,2.26597,1.53846,2.8592,2.15155,2.30769,1.87293,1.1407,0.384615,0.761711,1.11447,1.53846,3.58026,1.49053,26.1538,14.7809,8.47015,17.2615,18.1558,4.72464,0.684932,0.491637,0.10797,0.6875,0.45895,0.11802,0.425,0.327866,0.235277,0.05,0.373086,0.229118,0.5,0.600608,0.200517
Pc3a5f10000,161182,263_4627,263,4627,3,18,continental,A,2007,2007-08-03,2007-08-12,8,279,18.4617,2,192,160,17.9746,0.494652,30.3943,13.825,5.5091,14.9104,6.84425,3.21748,3.7276,2.17524,1.51025,11.1828,4.66901,2.22325,0.430108,1.73823,1.41414,1.57706,1.78942,1.0756,4.01434,0.543883,0.753666,2.15054,3.22704,1.55184,33.8351,12.8963,7.3889,30.228,17.235,4.66647,0.541258,0.491426,0.111663,0.52071,0.458165,0.120228,0.130178,0.31971,0.214534,0.360947,0.340492,0.186352,0.590164,0.644047,0.191618
Pc3e0235987,253933,249_6362,249,6362,3,17,world,A,2018,2018-06-30,2018-07-08,7,127.433,17.0544,1,192,164,16.8926,0.549015,20.4028,13.6297,6.29877,12.2417,7.82266,3.91205,4.70834,2.57156,1.90715,7.53335,5.2511,2.60945,3.1389,2.92738,1.79192,2.82501,2.03945,1.2786,5.65001,0.8843,1.12185,2.51112,3.58085,1.74045,37.039,14.2974,8.36935,16.8622,18.3289,5.60027,0.710849,0.451383,0.118515,0.675,0.422609,0.127554,0,0.299801,0.212952,0.325,0.310662,0.212748,0.846154,0.624098,0.182167
Pc3e0235987,253933,276_208102,276,208102,4,19,world,A,2019,2019-06-29,2019-07-07,2,7.5,18.051,1,192,168,18.6475,0.728834,10.6667,14.9774,5.89675,10.6667,7.59112,3.57536,5.33333,2.50232,1.90133,5.33333,5.0888,2.25154,0,3.76513,2.367,0,1.8283,1.12827,5.33333,0.752157,0.973827,5.33333,3.17443,1.35909,10.6667,16.2674,7.67017,20.6933,18.4721,5.13993,0.347222,0.484167,0.109451,0,0.454807,0.11544,0,0.359548,0.228901,1,0.311439,0.241065,1,0.660183,0.20512
Pc46db0f497,236569,225_6349,225,6349,2,16,continental,A,2017,2017-06-14,2017-06-18,5,84.35,16.025,1,96,81,15.9285,0.450727,17.5459,14.0777,7.13371,17.5459,7.22499,3.47711,5.69057,2.09694,1.52712,11.8554,5.12806,2.44958,3.79372,2.22697,1.59617,3.79372,1.98206,1.51722,0.474215,0.649251,0.855969,0.948429,3.66709,1.75066,36.5145,13.6286,9.57638,14.3592,18.0216,5.42217,0.654173,0.477819,0.139787,0.608696,0.452635,0.151814,0,0.279386,0.208295,0.521739,0.33701,0.198038,0.75,0.591627,0.221309
Pc46db0f497,236569,249_6362,249,6362,3,17,world,A,2018,2018-06-30,2018-07-08,7,151.5,17.0791,1,192,164,16.8926,0.549015,15.8416,13.6297,6.29877,15.0495,7.82266,3.91205,5.28053,2.57156,1.90715,9.76898,5.2511,2.60945,4.75248,2.92738,1.79192,5.28053,2.03945,1.2786,2.64026,0.8843,1.12185,1.84818,3.58085,1.74045,33.7954,14.2974,8.36935,17.1512,18.3289,5.60027,0.517598,0.451383,0.118515,0.490741,0.422609,0.127554,0.0925926,0.299801,0.212952,0.166667,0.310662,0.212748,0.777778,0.624098,0.182167
Pc53511377b,211762,235_7608,235,7608,2,16,continental,A,2014,2014-08-20,2014-08-30,9,165,16.1181,1,192,178,16.1846,0.370405,9.93939,12.5028,5.21693,6.30303,6.96225,2.99749,2.18182,2.30535,1.67587,4.12121,4.6569,1.81358,1.93939,2.42548,1.61146,2.18182,1.93369,1.08889,0,0.552882,0.710669,1.45455,3.5349,1.63269,11.6364,12.1635,7.20481,12.5964,17.1365,4.65544,0.44604,0.45362,0.105187,0.416667,0.424757,0.118064,0.380952,0.284335,0.206536,0.214286,0.295501,0.244575,0.666667,0.619749,0.207618
Pc53511377b,211762,263_9860,263,9860,3,18,continental,A,2016,2016-12-16,2016-12-22,6,164.4,18.4316,1,187,153,18.2767,0.586155,12.8954,13.6139,5.38014,8.51582,7.20568,2.86897,2.18978,2.29364,1.62013,6.32603,4.91204,1.92612,4.62287,2.86705,1.87995,2.18978,1.70741,0.908815,0,0.541701,0.682196,2.18978,3.18055,1.42469,17.7616,13.821,6.33323,15.1241,17.4699,4.96346,0.498495,0.471086,0.106715,0.478723,0.436719,0.119665,0.340426,0.36281,0.217588,0.297872,0.297805,0.210876,0.571429,0.674394,0.191011
Pc53511377b,211762,276_10628,276,10628,4,19,world,A,2017,2017-07-01,2017-07-09,7,135.5,18.9764,7,192,173,18.7401,0.66399,13.2841,13.572,5.43385,5.01845,7.69236,3.66261,1.18081,2.52264,1.93466,3.83764,5.16972,2.34584,5.31365,3.5206,2.17842,2.65683,1.62705,0.99426,0.590406,0.496983,0.747174,0.590406,3.19164,1.50518,15.0554,14.0574,7.39114,16.9801,17.9216,4.88312,0.405259,0.455339,0.108314,0.394231,0.425426,0.112649,0.5,0.338891,0.227597,0.153846,0.343196,0.196751,0.5,0.596167,0.211854
Pc544b8efa0,144192,263_2703,263,2703,3,18,continental,A,2004,2003-07-30,2004-07-18,18,565,18.3166,4,493,386,17.9197,0.574968,24.7788,13.9298,5.58557,4.38938,6.69318,3.18094,1.34513,2.34716,1.63659,3.04425,4.34602,1.99629,3.46903,2.20858,1.78794,3.32743,2.4645,1.29161,0.212389,0.660544,0.907576,3.39823,3.70521,1.86017,17.9115,13.3501,7.66077,27.9561,17.9913,4.82067,0.504497,0.480562,0.114943,0.479938,0.44764,0.122844,0.503086,0.292519,0.224662,0.160494,0.361925,0.24503,0.75,0.622708,0.195562
Pc5cf3e8f14,133277,263_81,263,81,2,18,continental,A,2000,1999-08-01,1999-08-29,5,69,17.5555,,344,267,17.1263,0.461456,32.4638,13.5921,6.3326,12.1739,6.13672,3.28293,4.63768,2.1635,1.59112,7.53623,3.97322,2.21008,1.73913,1.78516,1.62866,5.7971,2.5728,1.69257,0,0,0,3.47826,3.80672,1.78269,35.942,11.5878,7.71907,30.2841,17.7162,5.89145,0.605536,0.481392,0.130991,0.540541,0.4488,0.142241,0.108108,0.249945,0.220137,0.567568,0.409068,0.287457,0.761905,0.599967,0.22869
Pc5cf3e8f14,133277,263_1927,263,1927,3,18,continental,A,2000,2000-07-14,2000-07-23,8,224,18.4562,1,143,124,17.8597,0.588259,16.4286,13.5344,4.99944,5.89286,5.13608,2.75372,1.78571,1.69152,1.36508,4.10714,3.44457,1.71182,1.78571,1.67128,1.17559,3.75,2.27105,1.16485,0,0.0760381,0.197735,2.67857,3.01777,1.28522,15.8929,12.4378,5.59886,17.7643,15.5847,4.40578,0.544508,0.537884,0.114907,0.522727,0.494632,0.124484,0.242424,0.27518,0.210868,0.636364,0.450926,0.262913,0.547619,0.691974,0.170709
Pc5f6ac0bb7,254508,235_208004,235,208004,2,16,continental,A,2018,2018-08-10,2018-08-18,7,180.6,16.5726,4,192,180,16.1832,0.383342,17.2757,13.4252,5.67197,15.9468,7.7921,3.91687,8.19491,2.45196,1.88109,7.75194,5.34014,2.55216,1.10742,3.03349,1.92376,1.55039,1.80554,1.15473,0.885936,0.816337,1.07208,2.43632,3.1074,1.38972,22.3699,14.0635,7.97985,20.9612,17.9227,4.73936,0.466284,0.444561,0.107173,0.435714,0.411934,0.116861,0.0714286,0.340561,0.216249,0.442857,0.314365,0.212928,0.548387,0.599958,0.209791
Pc5f6ac0bb7,254508,263_208080,263,208080,3,18,continental,A,2019,2019-07-27,2019-08-04,7,158.733,17.5336,5,192,175,17.9631,0.505937,22.6795,13.7178,5.15894,17.3877,7.52048,3.37919,10.0798,2.46928,1.88464,7.30785,5.0512,2.11145,1.76396,3.21833,2.11744,1.76396,1.85798,1.14514,3.27593,0.775413,1.13616,2.51995,3.16101,1.74426,36.5393,14.7221,7.06103,20.079,17.6749,5.30539,0.645809,0.476616,0.11909,0.65,0.449355,0.125455,0.0166667,0.341734,0.215194,0.366667,0.330997,0.30944,0.545455,0.612867,0.233874
Pc692096d48,129929,263_81,263,81,2,18,continental,A,2000,1999-08-01,1999-08-29,5,129,16.3754,,344,267,17.1263,0.461456,15.1938,13.5921,6.3326,13.0233,6.13672,3.28293,4.34109,2.1635,1.59112,8.68217,3.97322,2.21008,0.930233,1.78516,1.62866,2.48062,2.5728,1.69257,0,0,0,3.72093,3.80672,1.78269,17.9845,11.5878,7.71907,17.8357,17.7162,5.89145,0.538225,0.481392,0.130991,0.516129,0.4488,0.142241,0.193548,0.249945,0.220137,1.06452,0.409068,0.287457,0.515152,0.599967,0.22869
Pc692096d48,129929,263_80,263,80,2,18,continental,A,2000,2000-04-11,2000-04-15,5,136,17.0051,,215,168,17.5783,0.581802,20,13.4831,5.27421,10.5882,5.87885,2.98016,5,1.90656,1.51803,5.58824,3.97229,2.00827,1.17647,2.23682,2.06598,0.882353,1.49398,1.03332,0,0,0,2.94118,3.05999,1.33843,22.0588,12.2629,6.76656,18.6706,16.0676,4.41158,0.635752,0.515473,0.1163,0.619565,0.472136,0.129376,0.304348,0.274626,0.211591,0.369565,0.484045,0.37211,0.647059,0.654786,0.20688
Pc69570e4d2,298089,276_208299,276,208299,4,19,world,A,2021,2021-07-03,2021-07-11,7,86.6667,18.8313,1,192,174,18.756,0.680857,12.9231,14.2694,5.44901,11.0769,7.50804,3.46178,2.76923,2.4377,1.71746,8.30769,5.07034,2.26855,8.76923,3.52297,2.42781,1.84615,1.75459,1.14154,3.69231,0.807696,1.25902,4.61538,3.09985,1.702,23.5385,15.501,7.77007,20.4,17.9679,4.68488,0.409357,0.474649,0.110084,0.375,0.443733,0.117723,0.375,0.362644,0.218583,0.15625,0.286997,0.170106,0.8,0.673577,0.213074
Pc6a39f466a,142655,235_2683,235,2683,2,16,continental,A,2003,2003-07-18,2003-07-27,8,181,16.2002,2,405,303,16.1675,0.435103,27.4033,14.3213,5.97132,16.5746,7.40167,3.65685,4.86188,2.67084,1.90321,11.7127,4.73083,2.35351,0.883978,1.76462,1.52432,3.75691,2.49009,1.47624,1.76796,0.66082,0.913343,3.53591,3.82059,1.8471,33.1492,13.5089,7.26163,28.4641,18.656,6.48963,0.549645,0.480649,0.113238,0.524038,0.448682,0.120361,0.432692,0.251575,0.197293,0.192308,0.390381,0.264839,0.75,0.621916,0.19133
Pc6a39f466a,142655,263_2703,263,2703,3,18,continental,A,2004,2003-07-30,2004-07-18,5,129,17.1776,2,493,386,17.9197,0.574968,26.9767,13.9298,5.58557,13.9535,6.69318,3.18094,3.10078,2.34716,1.63659,10.8527,4.34602,1.99629,0.930233,2.20858,1.78794,1.55039,2.4645,1.29161,0.930233,0.660544,0.907576,2.48062,3.70521,1.86017,32.2481,13.3501,7.66077,22.4372,17.9913,4.82067,0.675886,0.480562,0.114943,0.642857,0.44764,0.122844,0.571429,0.292519,0.224662,0.339286,0.361925,0.24503,0.789474,0.622708,0.195562
Pc858ff68e6,135282,235_214,235,214,1,16,continental,A,2001,2000-08-02,2000-08-20,4,98,14.6505,,277,198,15.225,0.351382,17.1429,12.7918,6.49654,7.34694,6.58788,3.58284,2.44898,2.46874,2.06945,4.89796,4.11914,2.06544,0.408163,1.76661,1.53955,1.22449,2.1677,1.53675,0,0.0140194,0.0924703,3.67347,3.16734,1.50899,16.7347,11.3421,8.68987,16.6204,16.7918,5.54912,0.662043,0.457692,0.133814,0.653846,0.432184,0.143931,0,0.239713,0.208869,0.5,0.391707,0.257231,0.615385,0.557404,0.241747
Pc858ff68e6,135282,235_213,235,213,1,16,continental,A,2001,2001-04-04,2001-04-08,5,105,15.283,,214,165,15.8924,0.462893,10.6667,14.3816,6.0778,15.2381,7.31015,3.20006,4.57143,2.59754,1.91797,10.6667,4.71261,2.06152,1.14286,1.6667,1.40012,3.04762,2.5647,1.38193,0.761905,0.199109,0.472949,3.80952,3.65208,1.50762,24.7619,14.0911,7.59774,11.0781,17.6298,5.04167,0.733753,0.510537,0.139576,0.6875,0.480061,0.149592,0.1875,0.246137,0.218186,0.4375,0.39499,0.262573,0.857143,0.619102,0.226488
Pc858ff68e6,135282,235_1897,235,1897,2,16,continental,A,2001,2001-07-13,2001-07-22,7,201,15.5705,12,143,125,16.1405,0.362344,15.3234,13.7865,5.2749,10.5473,7.17602,3.04877,3.38308,2.38119,1.75493,7.16418,4.79483,1.94156,2.18905,2.684,1.74862,1.59204,1.79417,1.11191,1.99005,0.392939,0.610264,3.18408,3.4587,1.46797,20.6965,13.707,6.34279,16.8915,17.5258,4.71195,0.558943,0.489491,0.113442,0.535088,0.448597,0.116424,0.298246,0.284706,0.210767,0.473684,0.380888,0.255162,0.592593,0.67946,0.265466
Pc858ff68e6,135282,276_2701,276,2701,4,19,world,A,2003,2003-07-10,2003-07-20,6,93,17.5637,4,191,169,18.5582,0.778566,15.0538,14.7546,5.86231,10.7527,7.66681,4.08489,4.73118,2.82725,2.17764,6.02151,4.83956,2.42976,1.72043,2.51525,1.77315,1.72043,1.78176,0.971028,0.430108,0.745574,1.06344,2.15054,3.60365,1.61538,19.7849,14.9771,7.76918,15.2774,18.2155,4.73759,0.573394,0.499082,0.103392,0.555556,0.466482,0.108614,0.62963,0.286063,0.223708,0.296296,0.381572,0.266311,0.625,0.6359,0.189796
Pc8a80657b3,174428,276_3348,276,3348,4,19,world,A,2009,2009-07-02,2009-07-12,9,130,19.3105,1,191,165,18.7882,0.690657,13.8462,14.3984,5.52288,8.61538,7.57587,3.44111,2.15385,2.66725,1.77968,6.46154,4.90862,2.14002,3.69231,2.40801,1.76626,4.30769,1.70492,0.965813,3.69231,0.872247,1.01133,4.30769,3.13329,1.42996,25.8462,15.1012,7.07592,14.5108,17.5241,4.72826,0.678528,0.495334,0.114029,0.62963,0.463656,0.116858,0.148148,0.308724,0.227753,0.518519,0.312474,0.190442,0.785714,0.642985,0.213702
Pc8dae45369,167657,256_3333,256,3333,3,18,continental,A,2008,2008-07-14,2008-07-18,5,123,17.3501,3,96,77,17.7347,0.643628,16.5854,14.7148,5.42816,13.3333,8.35717,3.97278,5.20325,2.8591,2.0267,8.13008,5.49807,2.52666,1.62602,2.75356,1.85568,0.650407,1.86936,1.05046,1.30081,1.01607,1.32938,1.62602,3.61421,1.65584,18.8618,14.9968,8.18143,20.4878,19.2494,4.39093,0.439655,0.469203,0.129223,0.404255,0.437811,0.141424,0.0425532,0.292826,0.217529,0.531915,0.358231,0.272305,0.52,0.62142,0.209939
Pc8dae45369,167657,276_3348,276,3348,4,19,world,A,2009,2009-07-02,2009-07-12,8,160,18.333,7,191,165,18.7882,0.690657,17.25,14.3984,5.52288,11.75,7.57587,3.44111,6,2.66725,1.77968,5.75,4.90862,2.14002,1.25,2.40801,1.76626,2.5,1.70492,0.965813,1.25,0.872247,1.01133,2.5,3.13329,1.42996,18,15.1012,7.07592,22.27,17.5241,4.72826,0.436267,0.495334,0.114029,0.4,0.463656,0.116858,0,0.308724,0.227753,0.492308,0.312474,0.190442,0.53125,0.642985,0.213702
Pc97a1282a3,235752,225_6349,225,6349,2,16,continental,A,2017,2017-06-14,2017-06-18,4,58.7167,16.0414,1,96,81,15.9285,0.450727,20.4371,14.0777,7.13371,7.49361,7.22499,3.47711,2.04371,2.09694,1.52712,5.4499,5.12806,2.44958,2.72495,2.22697,1.59617,2.72495,1.98206,1.51722,0.681238,0.649251,0.855969,4.76866,3.66709,1.75066,20.4371,13.6286,9.57638,22.2356,18.0216,5.42217,0.585023,0.477819,0.139787,0.543478,0.452635,0.151814,0.434783,0.279386,0.208295,0.26087,0.33701,0.198038,0.833333,0.591627,0.221309
Pc97a1282a3,235752,249_6362,249,6362,3,17,world,A,2018,2018-06-30,2018-07-08,7,108.15,17.0955,1,192,164,16.8926,0.549015,22.5613,13.6297,6.29877,6.28756,7.82266,3.91205,1.47943,2.57156,1.90715,4.80814,5.2511,2.60945,7.02728,2.92738,1.79192,8.5067,2.03945,1.2786,0.369857,0.8843,1.12185,6.28756,3.58085,1.74045,22.9311,14.2974,8.36935,30.2839,18.3289,5.60027,0.470099,0.451383,0.118515,0.396226,0.422609,0.127554,0.377358,0.299801,0.212952,0.509434,0.310662,0.212748,0.703704,0.624098,0.182167
Pc97a1282a3,235752,276_208102,276,208102,4,19,world,A,2019,2019-06-29,2019-07-07,7,110.783,18.0921,1,192,168,18.6475,0.728834,24.1914,14.9774,5.89675,6.86024,7.59112,3.57536,1.80533,2.50232,1.90133,5.05491,5.0888,2.25154,5.05491,3.76513,2.367,6.13811,1.8283,1.12827,0,0.752157,0.973827,3.24959,3.17443,1.35909,20.5807,16.2674,7.67017,30.4883,18.4721,5.13993,0.444062,0.484167,0.109451,0.367188,0.454807,0.11544,0.5625,0.359548,0.228901,0.40625,0.311439,0.241065,0.769231,0.660183,0.20512
Pc9a1f10582,185719,237_4792,237,4792,1,16,continental,A,2011,2011-09-22,2011-09-24,2,52,16.2002,1,24,15,16.3555,0.28374,26.9231,12.952,5.254,5.38462,7.87895,3.4185,3.07692,2.67569,1.63937,2.30769,5.20326,2.78581,5.38462,2.38104,2.26838,3.07692,1.24398,1.27642,1.53846,1.15826,1.53611,1.53846,4.1352,2.15856,30,10.778,8.90171,21.8462,19.2879,4.79792,0.662879,0.421608,0.135194,0.704545,0.400927,0.159843,0.272727,0.222554,0.182342,0.454545,0.407048,0.340329,0.4,0.537528,0.261628
Pc9a1f10582,185719,249_5078,249,5078,3,17,world,A,2012,2012-06-29,2012-07-08,8,221,16.9887,2,142,127,17.0259,0.435933,24.9774,14.1972,5.55481,5.97285,7.45001,3.12231,2.35294,2.5366,1.74237,3.61991,4.91341,1.92891,3.61991,2.59121,2.03869,1.62896,1.89863,1.07827,0.361991,0.788481,1.13416,3.07692,3.46465,1.79913,19.0045,14.4239,7.24874,27.533,18.219,4.61878,0.510657,0.473827,0.0968412,0.464912,0.443589,0.101275,0.307018,0.293986,0.229186,0.421053,0.271897,0.197866,0.666667,0.661614,0.195417
Pc9a1f10582,185719,266_5941,266,5941,2,18,continental,A,2012,2012-09-20,2012-09-22,3,91,17.1968,1,24,14,17.8772,0.478706,18.9011,16.3349,6.42054,6.15385,6.38981,4.09584,0.879121,2.86106,3.15423,5.27473,3.52875,1.70675,7.91209,3.87117,3.03875,3.95604,2.16405,1.29059,0.43956,0.89052,1.12263,3.07692,4.1366,1.34589,25.4945,18.4277,10.5357,19.4637,18.2191,4.26707,0.576717,0.57564,0.13122,0.53125,0.542726,0.141837,0.4375,0.263033,0.278863,0.375,0.253772,0.203818,0.75,0.79881,0.192154
Pc9a1f10582,185719,276_7488,276,7488,4,19,world,A,2013,2013-06-27,2013-07-07,9,265.533,17.9853,4,190,163,18.6423,0.696247,24.705,13.7502,5.42509,4.82049,7.333,3.37317,1.05448,2.38567,1.71678,3.76601,4.94733,2.1867,5.12177,2.21367,1.7035,2.2596,1.54796,0.991925,0.15064,0.727447,1.05025,3.16344,3.00673,1.31394,20.0351,13.6671,7.8175,25.6329,17.2721,4.36533,0.549745,0.477564,0.117473,0.516529,0.446105,0.124661,0.421488,0.299706,0.235645,0.528926,0.319875,0.182303,0.609375,0.62505,0.182817
Pc9e1d3e456,204987,233_7365,233,7365,1,16,continental,B,2013,2013-08-08,2013-08-18,7,110,15.3487,17,263,239,16.124,0.410711,12,12.0862,5.32344,6.18182,7.29253,3.23305,2.18182,2.40122,1.63881,4,4.89131,2.14269,4,2.36151,1.56242,2.54545,2.04559,1.17063,0,0.526736,0.776633,2.90909,3.95364,1.57257,12.3636,11.5086,6.64773,16.5964,17.4936,4.63301,0.438363,0.433738,0.111885,0.442857,0.409525,0.118841,0.457143,0.283241,0.214721,0.171429,0.284452,0.194005,0.333333,0.572961,0.223038
Pc9e1d3e456,204987,261_9153,261,9153,1,18,continental,B,2015,2015-07-23,2015-08-02,8,216,17.3036,17,288,267,17.8701,0.520067,13.5185,13.194,5.04476,13.3333,7.02904,3.17238,2.96296,2.11261,1.46375,10.3704,4.91643,2.21989,5.92593,2.41503,1.64997,1.85185,1.87914,1.00166,1.11111,0.542965,0.83424,4.07407,3.43139,1.47881,22.5926,12.8779,6.82255,18.0444,17.3284,4.57408,0.483828,0.469377,0.0997962,0.445312,0.441843,0.105105,0.40625,0.313801,0.222724,0.40625,0.302869,0.190741,0.615385,0.614778,0.202944
Pc9e1d3e456,204987,261_9876,261,9876,1,18,continental,B,2016,2016-07-29,2016-08-07,8,226.267,18.3193,3,288,273,17.9144,0.531337,18.9157,13.1513,4.99833,13.2587,6.98983,3.13259,4.77313,2.08842,1.46602,8.48556,4.9014,2.09176,2.65174,2.39013,1.64484,2.47496,1.95418,1.20131,1.23748,0.612392,0.853137,3.18209,3.67754,1.56722,24.5728,12.5771,6.68941,21.3765,17.622,4.50419,0.519821,0.465994,0.105809,0.458333,0.43853,0.114144,0.202381,0.329487,0.226044,0.511905,0.296576,0.204239,0.697674,0.61322,0.211205
Pcabff956fe,224410,249_9678,249,9678,3,17,world,A,2016,2016-06-23,2016-07-03,7,165.983,16.934,1,191,171,16.9215,0.517517,16.8692,13.9298,6.67868,9.88051,8.20946,4.09228,3.61482,2.77559,2.1245,6.26569,5.43387,2.64062,5.06075,2.6531,1.83642,4.81976,1.85697,1.24533,0.240988,0.669885,0.963228,1.9279,3.64504,1.46955,27.4726,13.7052,8.47552,16.8499,18.8523,5.48244,0.565245,0.446186,0.125912,0.490741,0.416886,0.129648,0.37037,0.303263,0.224477,0.333333,0.349537,0.221993,0.944444,0.59047,0.214261
Pcb16689c6c,320607,249_208300,249,208300,3,17,world,A,2022,2022-07-02,2022-07-10,7,68.9667,16.7615,1,192,168,16.9494,0.502627,20.8797,13.9661,5.91865,11.5998,8.00354,3.81847,7.53987,2.52822,1.91795,4.05993,5.47531,2.5642,0.57999,3.08275,2.02068,1.15998,1.94293,1.17006,1.73997,0.924849,1.14976,2.31996,3.15323,1.4463,25.5196,15.5163,8.33031,19.9517,17.916,5.19339,0.592105,0.466701,0.114119,0.5,0.443918,0.121251,0.192308,0.333533,0.208066,0.384615,0.246808,0.165743,1,0.600939,0.210643
Pcb16689c6c,320607,276_208303,276,208303,4,19,world,A,2023,2023-06-24,2023-07-02,7,148.267,17.7389,4,192,171,18.7974,0.613254,14.5683,14.5229,5.57383,10.5216,7.31327,3.5997,4.85612,2.26354,1.97353,5.66547,5.04973,2.36409,0.809353,3.39522,2.10822,0.539568,1.87556,1.05134,4.31655,0.776271,1.07652,0.809353,3.03164,1.41202,23.741,15.7805,7.34509,13.7806,17.7644,4.99257,0.561564,0.488426,0.11044,0.533333,0.45281,0.117257,0.266667,0.375743,0.229382,0.155556,0.333211,0.259769,0.857143,0.671531,0.195633
Pcb59681372,238349,276_208102,276,208102,4,19,world,A,2019,2019-06-29,2019-07-07,6,29.85,18.1523,5,192,168,18.6475,0.728834,8.0402,14.9774,5.89675,12.0603,7.59112,3.57536,6.70017,2.50232,1.90133,5.36013,5.0888,2.25154,0,3.76513,2.367,0,1.8283,1.12827,4.0201,0.752157,0.973827,4.0201,3.17443,1.35909,10.7203,16.2674,7.67017,15.7588,18.4721,5.13993,0.342466,0.484167,0.109451,0.285714,0.454807,0.11544,0,0.359548,0.228901,0.571429,0.311439,0.241065,0.5,0.660183,0.20512
Pcb59681372,238349,263_208080,263,208080,3,18,continental,A,2019,2019-07-27,2019-08-04,7,60.3833,18.229,6,192,175,17.9631,0.505937,19.873,13.7178,5.15894,11.2614,7.52048,3.37919,3.31217,2.46928,1.88464,7.94921,5.0512,2.11145,1.32487,3.21833,2.11744,1.32487,1.85798,1.14514,3.97461,0.775413,1.13616,2.64974,3.16101,1.74426,25.8349,14.7221,7.06103,19.3166,17.6749,5.30539,0.596184,0.476616,0.11909,0.578947,0.449355,0.125455,0,0.341734,0.215194,0.736842,0.330997,0.30944,0.571429,0.612867,0.233874
Pcb993abaa5,182032,256_3935,256,3935,3,18,continental,A,2010,2010-06-26,2010-06-30,5,57,17.5746,3,96,77,17.842,0.642168,21.0526,14.92,6.47935,13.3333,7.40885,3.62563,8.42105,2.61003,2.12449,4.91228,4.79882,2.16489,1.40351,2.58206,2.14585,2.10526,1.62998,1.0838,2.80702,0.884029,1.47478,0.701754,3.20333,1.67174,30.1754,15.0256,9.28155,20.0982,18.3041,5.14914,0.542692,0.490412,0.12998,0.52,0.454684,0.13257,0,0.275486,0.216548,0.24,0.35016,0.263199,0.666667,0.649623,0.198629
Pcb993abaa5,182032,276_4346,276,4346,4,19,world,A,2011,2011-06-30,2011-07-10,6,118,18.6013,11,192,170,18.6783,0.680358,25.0847,13.9628,5.5381,12.8814,6.96907,3.32639,6.44068,2.2765,1.60615,6.44068,4.69256,2.26884,1.01695,2.54793,1.8548,1.01695,1.36418,0.869805,1.35593,0.642267,0.93216,4.0678,2.87201,1.41472,25.0847,14.0555,7.05949,26.1017,17.0082,4.58642,0.569231,0.486074,0.11285,0.574074,0.453588,0.118095,0.0185185,0.291718,0.211296,0.462963,0.314934,0.203526,0.48,0.647068,0.216658
Pcc7ddb9ab9,203177,261_9153,261,9153,1,18,continental,B,2015,2015-07-23,2015-08-02,9,209,18.2564,2,288,267,17.8701,0.520067,27.7512,13.194,5.04476,14.5455,7.02904,3.17238,4.01914,2.11261,1.46375,10.5263,4.91643,2.21989,3.82775,2.41503,1.64997,1.72249,1.87914,1.00166,2.67943,0.542965,0.83424,2.29665,3.43139,1.47881,35.7895,12.8779,6.82255,26.7407,17.3284,4.57408,0.567648,0.469377,0.0997962,0.54955,0.441843,0.105105,0.045045,0.313801,0.222724,0.342342,0.302869,0.190741,0.605263,0.614778,0.202944
Pce366ff1b3,156152,235_3946,235,3946,2,16,continental,A,2006,2006-08-11,2006-08-20,8,201,15.9155,10,191,169,16.2239,0.372873,22.2886,13.8113,5.71626,13.5323,7.44476,3.50097,4.37811,2.44415,1.65485,9.15423,5.00061,2.29487,1.59204,1.71912,1.30558,2.58706,2.10278,1.14243,1.79104,0.583215,0.87731,3.9801,3.66022,1.47796,26.6667,12.6706,7.26337,23.1085,18.1985,4.75452,0.582605,0.462684,0.103392,0.566667,0.429187,0.11473,0.24,0.299403,0.206289,0.64,0.37777,0.211605,0.5625,0.592848,0.177018
Pce366ff1b3,156152,263_4627,263,4627,3,18,continental,A,2007,2007-08-03,2007-08-12,8,186,16.8929,4,192,160,17.9746,0.494652,23.4409,13.825,5.5091,10.7527,6.84425,3.21748,3.44086,2.17524,1.51025,7.31183,4.66901,2.22325,1.72043,1.73823,1.41414,1.29032,1.78942,1.0756,1.29032,0.543883,0.753666,3.44086,3.22704,1.55184,23.6559,12.8963,7.3889,24.843,17.235,4.66647,0.547629,0.491426,0.111663,0.511765,0.458165,0.120228,0.0588235,0.31971,0.214534,0.388235,0.340492,0.186352,0.666667,0.644047,0.191618
Pce366ff1b3,156152,263_4956,263,4956,3,18,continental,A,2008,2008-07-25,2008-08-03,6,189,17.8703,2,190,167,17.9503,0.536053,23.0688,13.988,5.20746,12.9101,6.93028,3.5822,1.90476,2.24383,1.77763,11.0053,4.68645,2.28417,2.1164,2.32297,1.43874,1.69312,1.79539,1.01503,2.32804,0.509386,0.943808,3.59788,3.24236,1.28108,26.455,13.8074,6.98797,24.8889,17.2371,4.04561,0.54175,0.494636,0.112498,0.487952,0.464202,0.115365,0.192771,0.344286,0.205556,0.481928,0.32113,0.203579,0.7,0.650715,0.19044
Pce366ff1b3,156152,276_3348,276,3348,4,19,world,A,2009,2009-07-02,2009-07-12,6,167,18.8094,9,191,165,18.7882,0.690657,24.9102,14.3984,5.52288,11.497,7.57587,3.44111,1.43713,2.66725,1.77968,10.0599,4.90862,2.14002,3.83234,2.40801,1.76626,1.1976,1.70492,0.965813,1.67665,0.872247,1.01133,5.7485,3.13329,1.42996,28.7425,15.1012,7.07592,24.2874,17.5241,4.72826,0.671835,0.495334,0.114029,0.637097,0.463656,0.116858,0.225806,0.308724,0.227753,0.564516,0.312474,0.190442,0.714286,0.642985,0.213702
Pce7c8a9da0,280796,276_208299,276,208299,4,19,world,A,2021,2021-07-03,2021-07-11,7,197.633,19.0613,3,192,174,18.756,0.680857,22.8706,14.2694,5.44901,5.66706,7.50804,3.46178,2.02395,2.4377,1.71746,3.64311,5.07034,2.26855,2.63114,3.52297,2.42781,0.607185,1.75459,1.14154,0.40479,0.807696,1.25902,3.03593,3.09985,1.702,19.6323,15.501,7.77007,21.9882,17.9679,4.68488,0.603375,0.474649,0.110084,0.55,0.443733,0.117723,0.3625,0.362644,0.218583,0.3875,0.286997,0.170106,0.806452,0.673577,0.213074
Pceb9387e05,217264,225_6317,225,6317,2,16,continental,A,2015,2015-06-10,2015-06-14,5,91.7,16.2823,1,96,76,15.9694,0.407262,32.7154,14.7693,6.26719,6.54308,8.53476,3.76471,2.18103,2.9486,2.24031,4.36205,5.58616,2.15006,4.36205,2.09465,1.50202,4.36205,2.50154,1.41135,0,0.893561,0.993397,3.92585,4.41027,1.88902,27.4809,13.4914,8.83541,33.2912,20.8471,5.51312,0.557041,0.444418,0.119795,0.55303,0.404728,0.129254,0.469697,0.266055,0.196672,0.0454545,0.400436,0.26658,0.666667,0.614647,0.192868
Pceb9387e05,217264,249_9678,249,9678,3,17,world,A,2016,2016-06-23,2016-07-03,7,146.55,17.3364,1,191,171,16.9215,0.517517,22.6544,13.9298,6.67868,4.36711,8.20946,4.09228,1.63767,2.77559,2.1245,2.72944,5.43387,2.64062,4.913,2.6531,1.83642,2.18356,1.85697,1.24533,0.272944,0.669885,0.963228,3.82122,3.64504,1.46955,22.1085,13.7052,8.47552,21.0713,18.8523,5.48244,0.656646,0.446186,0.125912,0.639344,0.416886,0.129648,0.606557,0.303263,0.224477,0.0819672,0.349537,0.221993,1,0.59047,0.214261
Pcf60b82b9d,180826,235_5815,235,5815,2,16,continental,A,2010,2010-08-05,2010-08-15,9,239,16.4877,13,192,175,16.1841,0.37593,17.2385,11.8121,4.62055,6.19247,6.80615,2.82632,2.00837,2.2263,1.50642,4.1841,4.57985,1.86826,2.00837,2.06109,1.51244,2.51046,1.69459,0.965717,0.334728,0.437703,0.666645,4.01674,3.25853,1.54089,14.8954,11.2208,6.2424,20.231,16.0983,4.17211,0.531585,0.45471,0.10913,0.5,0.426203,0.115971,0.352941,0.332073,0.220237,0.317647,0.315218,0.198474,0.666667,0.591517,0.206232
Pcf60b82b9d,180826,263_6167,263,6167,3,18,continental,A,2011,2011-07-21,2011-07-31,8,190,17.4459,11,192,167,17.9267,0.499711,16.2105,13.0901,4.53852,8,6.82577,3.05337,1.68421,2.15448,1.4701,6.31579,4.67129,2.08574,1.68421,2.31054,1.70444,1.89474,2.16501,1.02606,1.05263,0.572783,0.732472,2.73684,3.10584,1.23843,19.3684,13.3438,5.98111,16.6232,16.7564,3.9907,0.583687,0.480029,0.109667,0.564516,0.452251,0.117694,0.209677,0.341229,0.207381,0.145161,0.28617,0.186387,0.777778,0.621596,0.207247
Pcf60b82b9d,180826,263_6841,263,6841,3,18,continental,A,2012,2012-08-09,2012-08-19,6,155,18.5,14,192,173,18.0077,0.501748,13.1613,13.0795,4.9437,7.74194,6.75668,3.21883,1.03226,2.28163,1.74982,6.70968,4.47505,1.98629,3.09677,2.21655,1.59492,1.80645,1.543,0.814065,1.03226,0.529302,0.784632,4.3871,2.93814,1.32882,13.9355,12.8742,5.87101,18.5084,16.4465,4.58644,0.466009,0.481624,0.100837,0.428571,0.444958,0.113577,0.306122,0.298548,0.215888,0.265306,0.326779,0.221842,0.692308,0.670099,0.189384
Pcfe0d93659,181012,249_3924,249,3924,3,17,world,A,2010,2010-07-02,2010-07-11,8,131,17.3994,3,144,123,17.0611,0.420802,17.4046,14.634,6.05534,6.71756,7.23158,3.56787,1.52672,2.36571,1.70469,5.19084,4.86587,2.26597,5.49618,2.8592,2.15155,1.52672,1.87293,1.1407,0,0.761711,1.11447,1.83206,3.58026,1.49053,21.6794,14.7809,8.47015,15.7557,18.1558,4.72464,0.625,0.491637,0.10797,0.602564,0.45895,0.11802,0.461538,0.327866,0.235277,0.384615,0.373086,0.229118,0.666667,0.600608,0.200517
Pcfe0d93659,181012,276_4346,276,4346,4,19,world,A,2011,2011-06-30,2011-07-10,8,176,18.396,11,192,170,18.6783,0.680358,12.0455,13.9628,5.5381,5.45455,6.96907,3.32639,0.681818,2.2765,1.60615,4.77273,4.69256,2.26884,4.54545,2.54793,1.8548,1.81818,1.36418,0.869805,0.454545,0.642267,0.93216,3.86364,2.87201,1.41472,12.9545,14.0555,7.05949,15.7636,17.0082,4.58642,0.506112,0.486074,0.11285,0.454545,0.453588,0.118095,0.386364,0.291718,0.211296,0.431818,0.314934,0.203526,0.684211,0.647068,0.216658
Pd018d62aee,296909,236_208420,236,208420,1,16,continental,B,2021,2021-08-16,2021-08-21,1,23.4667,16.0304,,334,265,16.0475,0.504163,28.9773,12.895,6.11806,13.6364,8.22153,3.99021,1.70455,2.55466,2.07093,11.9318,5.66687,2.67186,8.52273,2.8764,1.92694,5.11364,2.46595,1.73138,0,0.77053,1.05497,1.70455,4.20742,2.26924,44.3182,12.537,8.95239,24.4091,19.4582,5.58752,0.638138,0.416433,0.12656,0.625,0.385679,0.130521,0.166667,0.324804,0.21472,0.25,0.332577,0.250497,0.666667,0.566583,0.223386
Pd018d62aee,296909,263_208564,263,208564,3,18,continental,A,2023,2023-07-22,2023-07-30,7,192.567,17.9689,1,192,172,17.8257,0.512341,22.2261,14.3028,5.69381,5.40073,7.25277,3.03004,0.830881,2.26854,1.70528,4.56985,4.98423,2.08958,7.47793,3.04741,2.16666,2.90808,1.824,1.05533,0.20772,0.81112,1.10455,4.56985,3.31206,1.50867,23.0569,15.1091,7.1839,24.5193,17.7115,4.89973,0.55706,0.490444,0.111432,0.487179,0.459284,0.119468,0.269231,0.343031,0.214885,0.525641,0.347734,0.228821,0.756098,0.63379,0.217634
Pd11ab06c36,135399,235_214,235,214,1,16,continental,A,2001,2000-08-02,2000-08-20,4,95,15.628,,277,198,15.225,0.351382,34.9474,12.7918,6.49654,19.3684,6.58788,3.58284,8,2.46874,2.06945,11.3684,4.11914,2.06544,2.94737,1.76661,1.53955,1.68421,2.1677,1.53675,0,0.0140194,0.0924703,2.94737,3.16734,1.50899,48,11.3421,8.68987,27.4863,16.7918,5.54912,0.71208,0.457692,0.133814,0.698113,0.432184,0.143931,0,0.239713,0.208869,0.226415,0.391707,0.257231,0.75,0.557404,0.241747
Pd11ab06c36,135399,235_213,235,213,1,16,continental,A,2001,2001-04-04,2001-04-08,5,138,16.2604,,214,165,15.8924,0.462893,30.7246,14.3816,6.0778,15.0725,7.31015,3.20006,5.50725,2.59754,1.91797,9.56522,4.71261,2.06152,0.869565,1.6667,1.40012,2.6087,2.5647,1.38193,0,0.199109,0.472949,6.66667,3.65208,1.50762,35.6522,14.0911,7.59774,27.0377,17.6298,5.04167,0.754126,0.510537,0.139576,0.722222,0.480061,0.149592,0.0740741,0.246137,0.218186,0.685185,0.39499,0.262573,0.756757,0.619102,0.226488
Pd11ab06c36,135399,235_1897,235,1897,2,16,continental,A,2001,2001-07-13,2001-07-22,8,261,16.5479,4,143,125,16.1405,0.362344,26.3602,13.7865,5.2749,15.0192,7.17602,3.04877,6.28352,2.38119,1.75493,8.73563,4.79483,1.94156,1.68582,2.684,1.74862,1.83908,1.79417,1.11191,0.613027,0.392939,0.610264,3.21839,3.4587,1.46797,30.0383,13.707,6.34279,25.7287,17.5258,4.71195,0.585512,0.489491,0.113442,0.544248,0.448597,0.116424,0.0530973,0.284706,0.210767,0.681416,0.380888,0.255162,0.636364,0.67946,0.265466
Pd11ab06c36,135399,276_2701,276,2701,4,19,world,A,2003,2003-07-10,2003-07-20,8,256,18.5411,2,191,169,18.5582,0.778566,36.4062,14.7546,5.86231,11.0938,7.66681,4.08489,5.15625,2.82725,2.17764,5.9375,4.83956,2.42976,1.40625,2.51525,1.77315,1.5625,1.78176,0.971028,1.09375,0.745574,1.06344,2.96875,3.60365,1.61538,37.3438,14.9771,7.76918,30.5125,18.2155,4.73759,0.66088,0.499082,0.103392,0.607383,0.466482,0.108614,0.167785,0.286063,0.223708,0.416107,0.381572,0.266311,0.83871,0.6359,0.189796
Pd1f1ba6351,217832,263_9135,263,9135,3,18,continental,A,2015,2015-07-23,2015-08-02,9,161,18.3933,4,192,177,17.9662,0.519657,12.4224,12.9828,5.3337,10.6832,7.27259,3.08145,4.47205,2.32106,1.75843,6.21118,4.95154,1.861,0.993789,2.86759,2.03248,2.48447,1.81922,0.975622,2.48447,0.648987,0.813504,2.48447,3.05876,1.3906,18.6335,13.6602,6.08357,15.2248,16.9507,4.78429,0.48752,0.459152,0.101695,0.478261,0.431772,0.106165,0.217391,0.349507,0.205678,0.26087,0.277712,0.163494,0.5,0.615139,0.207628
Pd382320a3c,131605,263_80,263,80,2,18,continental,A,2000,2000-04-11,2000-04-15,5,137,17.2543,,215,168,17.5783,0.581802,16.3504,13.4831,5.27421,8.17518,5.87885,2.98016,2.91971,1.90656,1.51803,5.25547,3.97229,2.00827,0.875912,2.23682,2.06598,1.45985,1.49398,1.03332,0,0,0,1.45985,3.05999,1.33843,19.854,12.2629,6.76656,13.3956,16.0676,4.41158,0.684932,0.515473,0.1163,0.655172,0.472136,0.129376,0,0.274626,0.211591,0.931034,0.484045,0.37211,0.666667,0.654786,0.20688
Pd382320a3c,131605,263_1927,263,1927,3,18,continental,A,2000,2000-07-14,2000-07-23,8,108,17.5253,1,143,124,17.8597,0.588259,17.037,13.5344,4.99944,7.40741,5.13608,2.75372,2.22222,1.69152,1.36508,5.18519,3.44457,1.71182,0.740741,1.67128,1.17559,1.48148,2.27105,1.16485,0,0.0760381,0.197735,2.59259,3.01777,1.28522,16.6667,12.4378,5.59886,15.837,15.5847,4.40578,0.643177,0.537884,0.114907,0.608696,0.494632,0.124484,0,0.27518,0.210868,1.26087,0.450926,0.262913,0.62069,0.691974,0.170709
Pd3b81c81b9,182027,256_3935,256,3935,3,18,continental,A,2010,2010-06-26,2010-06-30,5,129,17.7526,3,96,77,17.842,0.642168,8.99225,14.92,6.47935,12.093,7.40885,3.62563,4.34109,2.61003,2.12449,7.75194,4.79882,2.16489,1.55039,2.58206,2.14585,0.930233,1.62998,1.0838,6.51163,0.884029,1.47478,2.48062,3.20333,1.67174,18.6047,15.0256,9.28155,14.8341,18.3041,5.14914,0.363956,0.490412,0.12998,0.342857,0.454684,0.13257,0.0571429,0.275486,0.216548,0.314286,0.35016,0.263199,0.454545,0.649623,0.198629
Pd3eb42d2a8,260032,333_208109,333,208109,1,17,zone,B,2019,2019-11-25,2019-12-01,4,96.7,17.4432,1,83,65,17.2194,0.584391,28.1282,13.9451,6.81809,6.61841,7.60742,3.52902,2.4819,2.4666,2.13206,4.1365,5.14083,2.19349,1.6546,2.91669,2.20994,4.96381,2.35129,1.56513,0.827301,0.680431,0.779989,5.37746,3.72557,1.89621,24.4054,14.2911,8.89439,29.4188,18.6408,5.38128,0.584997,0.456975,0.132938,0.520833,0.429611,0.133925,0.354167,0.333363,0.206651,0.479167,0.293653,0.22559,0.782609,0.574516,0.267098
Pd4282e2cb6,225711,256_6329,256,6329,3,18,continental,A,2016,2016-07-19,2016-07-23,5,94.7667,17.8429,1,94,77,17.8726,0.574362,12.6627,14.0057,5.76617,7.59761,8.21707,3.78513,0,2.56444,1.7462,7.59761,5.65263,2.61089,6.75343,3.11392,2.20868,1.68836,1.77441,1.19438,0,0.793203,0.99331,1.26627,3.21626,1.61855,16.0394,14.6071,8.18991,17.6602,18.7001,5.4949,0.3862,0.446887,0.113778,0.279412,0.406604,0.127223,0.617647,0.324753,0.239791,0.323529,0.326277,0.210162,1,0.668448,0.188214
Pd4287ba490,239742,228_208017,228,208017,2,16,continental,A,2018,2018-04-02,2018-04-08,5,129.583,16.5945,1,155,113,16.6772,0.515862,17.2862,15.0992,6.62336,11.4212,8.3529,3.59848,2.16077,2.76111,1.92189,9.26045,5.5918,2.55598,5.55627,2.60256,1.93851,3.08682,1.92103,1.36325,2.46945,0.461203,0.666667,4.63023,3.32342,1.96145,29.3248,15.0376,8.62503,18.1011,19.3871,6.24548,0.641613,0.470131,0.132457,0.621951,0.439489,0.141063,0.243902,0.277551,0.212271,0.146341,0.309646,0.227621,0.833333,0.63334,0.249335
Pd4287ba490,239742,249_6362,249,6362,3,17,world,A,2018,2018-06-30,2018-07-08,7,224.633,16.8436,6,192,164,16.8926,0.549015,16.0261,13.6297,6.29877,9.08147,7.82266,3.91205,2.49295,2.57156,1.90715,6.58851,5.2511,2.60945,3.9175,2.92738,1.79192,1.60261,2.03945,1.2786,1.78068,0.8843,1.12185,5.52011,3.58085,1.74045,20.834,14.2974,8.36935,18.6615,18.3289,5.60027,0.609756,0.451383,0.118515,0.592308,0.422609,0.127554,0.169231,0.299801,0.212952,0.307692,0.310662,0.212748,0.65,0.624098,0.182167
Pd50729b5d0,213325,225_6317,225,6317,2,16,continental,A,2015,2015-06-10,2015-06-14,5,94.0833,16.4302,2,96,76,15.9694,0.407262,19.5571,14.7693,6.26719,15.3056,8.53476,3.76471,5.10186,2.9486,2.24031,10.2037,5.58616,2.15006,3.8264,2.09465,1.50202,1.70062,2.50154,1.41135,1.70062,0.893561,0.993397,4.25155,4.41027,1.88902,20.4074,13.4914,8.83541,28.6895,20.8471,5.51312,0.400139,0.444418,0.119795,0.37,0.404728,0.129254,0.42,0.266055,0.196672,0.34,0.400436,0.26658,0.529412,0.614647,0.192868
Pd50729b5d0,213325,249_9678,249,9678,3,17,world,A,2016,2016-06-23,2016-07-03,7,149.8,17.4843,5,191,171,16.9215,0.517517,27.5033,13.9298,6.67868,12.8171,8.20946,4.09228,4.27236,2.77559,2.1245,8.54473,5.43387,2.64062,3.20427,2.6531,1.83642,1.60214,1.85697,1.24533,0.267023,0.669885,0.963228,3.73832,3.64504,1.46955,28.3044,13.7052,8.47552,27.984,18.8523,5.48244,0.567181,0.446186,0.125912,0.554878,0.416886,0.129648,0.353659,0.303263,0.224477,0.243902,0.349537,0.221993,0.6,0.59047,0.214261
Pd6e0b051bb,174306,225_3366,225,3366,2,16,continental,A,2009,2009-06-17,2009-06-21,5,101,16.0551,1,95,73,16.0044,0.426958,13.4653,16.0223,6.73172,19.4059,8.25465,4.28771,8.71287,3.09821,2.4528,10.6931,5.15644,2.49966,0,2.21843,1.6819,1.9802,1.92791,1.2619,3.56436,0.927888,1.28998,6.73267,3.73208,1.65661,21.3861,15.1749,8.32594,21.8931,20.1646,6.21392,0.444096,0.483505,0.109313,0.454545,0.448274,0.113817,0,0.279739,0.230233,0.363636,0.426817,0.304738,0.333333,0.579216,0.200439
Pd6e0b051bb,174306,249_3924,249,3924,3,17,world,A,2010,2010-07-02,2010-07-11,8,112,17.1092,1,144,123,17.0611,0.420802,12.8571,14.634,6.05534,13.2143,7.23158,3.56787,5,2.36571,1.70469,8.21429,4.86587,2.26597,1.07143,2.8592,2.15155,2.5,1.87293,1.1407,0.714286,0.761711,1.11447,2.5,3.58026,1.49053,17.1429,14.7809,8.47015,17.4714,18.1558,4.72464,0.429389,0.491637,0.10797,0.411765,0.45895,0.11802,0.0294118,0.327866,0.235277,0.529412,0.373086,0.229118,0.444444,0.600608,0.200517
Pd7c45f2e6c,185254,249_5078,249,5078,3,17,world,A,2012,2012-06-29,2012-07-08,8,133,16.9093,6,142,127,17.0259,0.435933,12.0301,14.1972,5.55481,4.81203,7.45001,3.12231,0.300752,2.5366,1.74237,4.51128,4.91341,1.92891,6.91729,2.59121,2.03869,3.60902,1.89863,1.07827,1.50376,0.788481,1.13416,4.81203,3.46465,1.79913,15.6391,14.4239,7.24874,18.1293,18.219,4.61878,0.451671,0.473827,0.0968412,0.397436,0.443589,0.101275,0.461538,0.293986,0.229186,0.307692,0.271897,0.197866,0.75,0.661614,0.195417
Pd7c989b67a,192489,263_7344,263,7344,3,18,continental,A,2013,2013-07-18,2013-07-28,6,135,17.613,7,191,174,17.9125,0.508753,11.8519,13.0135,4.58007,9.18519,7.05119,3.208,2.66667,2.27233,1.65453,6.51852,4.77885,2.03852,2.07407,2.35798,1.62572,2.66667,1.48397,0.869493,0,0.609971,0.931135,2.96296,2.93491,1.39893,17.7778,13.0399,6.10422,12.8237,16.6348,4.08793,0.600962,0.470941,0.0888453,0.607143,0.437653,0.0951866,0.0357143,0.320932,0.214645,0.428571,0.292855,0.172068,0.5,0.635504,0.213807
Pd8244d9a42,195953,256_5945,256,5945,3,18,continental,A,2012,2012-06-16,2012-06-20,5,91,18.2755,1,96,80,17.9007,0.472012,12.3077,14.2097,6.14818,10.989,7.7057,3.36499,3.95604,2.6725,1.7711,7.03297,5.0332,2.3477,0.43956,2.47597,2.11325,0.43956,1.65812,1.22673,0.43956,0.702188,0.969721,1.31868,3.18262,1.66406,11.8681,13.6619,8.50932,16.3692,18.4581,5.47669,0.408879,0.462358,0.129545,0.3,0.429614,0.138616,0.16,0.263251,0.200682,0.84,0.403774,0.24661,0.619048,0.570351,0.204803
Pd8381f9e2c,300454,249_208300,249,208300,3,17,world,A,2022,2022-07-02,2022-07-10,7,129.717,17.257,2,192,168,16.9494,0.502627,27.1361,13.9661,5.91865,10.7928,8.00354,3.81847,2.46692,2.52822,1.91795,8.32584,5.47531,2.5642,3.39201,3.08275,2.02068,1.85019,1.94293,1.17006,4.00874,0.924849,1.14976,4.00874,3.15323,1.4463,35.4619,15.5163,8.33031,23.374,17.916,5.19339,0.700637,0.466701,0.114119,0.712963,0.443918,0.121251,0.037037,0.333533,0.208066,0.37037,0.246808,0.165743,0.55,0.600939,0.210643
Pd8381f9e2c,300454,263_208564,263,208564,3,18,continental,A,2023,2023-07-22,2023-07-30,7,189.6,18.3111,2,192,172,17.8257,0.512341,20.6751,14.3028,5.69381,13.5021,7.25277,3.03004,3.79747,2.26854,1.70528,9.70464,4.98423,2.08958,3.37553,3.04741,2.16666,0.421941,1.824,1.05533,4.00844,0.81112,1.10455,3.79747,3.31206,1.50867,31.6456,15.1091,7.1839,19.5696,17.7115,4.89973,0.655431,0.490444,0.111432,0.612903,0.459284,0.119468,0.016129,0.343031,0.214885,0.467742,0.347734,0.228821,0.758621,0.63379,0.217634
Pd8f68848a0,320259,235_208468,235,208468,2,16,continental,A,2022,2022-08-12,2022-08-20,7,204.467,16.2303,3,192,170,16.1669,0.389925,18.5849,13.4344,6.24342,5.28203,7.27988,3.50314,1.76068,2.26579,1.80955,3.52136,5.01409,2.38799,6.26019,2.8975,1.70523,3.32573,2.05119,1.18652,0.782524,0.65318,0.839245,6.45582,3.60472,1.65091,15.6505,13.2768,7.50197,25.9954,18.17,5.54653,0.475571,0.452821,0.107401,0.443182,0.419064,0.113893,0.318182,0.350441,0.208911,0.306818,0.337299,0.221067,0.62963,0.600701,0.196135
Pd8f68848a0,320259,263_208564,263,208564,3,18,continental,A,2023,2023-07-22,2023-07-30,7,154.033,17.1722,4,192,172,17.8257,0.512341,15.581,14.3028,5.69381,3.89526,7.25277,3.03004,0.779052,2.26854,1.70528,3.11621,4.98423,2.08958,5.71305,3.04741,2.16666,2.85652,1.824,1.05533,0.519368,0.81112,1.10455,2.85652,3.31206,1.50867,14.0229,15.1091,7.1839,21.2214,17.7115,4.89973,0.424208,0.490444,0.111432,0.384615,0.459284,0.119468,0.353846,0.343031,0.214885,0.2,0.347734,0.228821,0.769231,0.63379,0.217634
Pd9273beb4e,174424,276_3348,276,3348,4,19,world,A,2009,2009-07-02,2009-07-12,8,172,19.2502,1,191,165,18.7882,0.690657,20,14.3984,5.52288,3.48837,7.57587,3.44111,1.16279,2.66725,1.77968,2.32558,4.90862,2.14002,8.13953,2.40801,1.76626,3.25581,1.70492,0.965813,0,0.872247,1.01133,4.18605,3.13329,1.42996,19.5349,15.1012,7.07592,23.2279,17.5241,4.72826,0.525159,0.495334,0.114029,0.492857,0.463656,0.116858,0.185714,0.308724,0.227753,0.385714,0.312474,0.190442,0.62963,0.642985,0.213702
Pd9320fa884,143188,235_2683,235,2683,2,16,continental,A,2003,2003-07-18,2003-07-27,8,138,16.3563,1,405,303,16.1675,0.435103,6.95652,14.3213,5.97132,6.95652,7.40167,3.65685,0.57971,2.67084,1.90321,6.37681,4.73083,2.35351,3.76812,1.76462,1.52432,2.02899,2.49009,1.47624,0.289855,0.66082,0.913343,5.7971,3.82059,1.8471,8.98551,13.5089,7.26163,13.6464,18.656,6.48963,0.443131,0.480649,0.113238,0.395833,0.448682,0.120361,0.5,0.251575,0.197293,0.291667,0.390381,0.264839,0.714286,0.621916,0.19133
Pd9320fa884,143188,263_3163,263,3163,3,18,continental,A,2005,2005-07-13,2005-07-24,8,226,18.3495,1,191,165,17.9302,0.519728,12.2124,14.0589,5.34016,4.77876,7.16592,3.44355,0.353982,2.37732,1.73515,4.42478,4.78859,2.17947,6.54867,2.29674,1.53676,1.59292,1.77088,0.975643,0,0.485301,0.754804,4.60177,3.24538,1.49478,11.8584,14.194,6.5678,16.8779,17.0641,4.769,0.497405,0.503583,0.109458,0.483607,0.469928,0.1244,0.639344,0.301113,0.218055,0.311475,0.391309,0.268723,0.526316,0.6348,0.196629
Pda7ff44e77,146596,235_3159,235,3159,2,16,continental,A,2004,2004-07-06,2004-07-15,8,167,15.5842,1,191,172,16.0382,0.503402,15.3293,13.0445,4.99259,7.90419,7.18159,3.70967,2.63473,2.50064,1.91185,5.26946,4.68094,2.19272,4.07186,2.22239,1.53452,0.958084,2.02348,1.18561,3.35329,0.792582,1.08733,3.59281,3.92453,1.51611,18.9222,12.3353,6.47362,19.2287,17.9154,4.56367,0.490196,0.462475,0.102934,0.475,0.436018,0.107925,0.366667,0.248646,0.192745,0.2,0.351582,0.22089,0.583333,0.57227,0.203665
Pda7ff44e77,146596,263_3163,263,3163,3,18,continental,A,2005,2005-07-13,2005-07-24,8,145,16.6081,6,191,165,17.9302,0.519728,11.8621,14.0589,5.34016,8.82759,7.16592,3.44355,5.24138,2.37732,1.73515,3.58621,4.78859,2.17947,3.31034,2.29674,1.53676,0.827586,1.77088,0.975643,0.275862,0.485301,0.754804,1.93103,3.24538,1.49478,14.8966,14.194,6.5678,14.9076,17.0641,4.769,0.457058,0.503583,0.109458,0.3875,0.469928,0.1244,0.55,0.301113,0.218055,0.4,0.391309,0.268723,0.75,0.6348,0.196629
Pda7ff44e77,146596,263_4068,263,4068,3,18,continental,A,2006,2006-07-18,2006-07-27,8,251,17.6157,1,192,161,17.9378,0.463248,18.1673,14.1964,5.48784,10.0398,7.01645,3.36385,3.98406,2.36669,1.82035,6.05578,4.64975,2.02662,2.39044,2.29341,1.38476,1.43426,1.73085,0.927802,1.43426,0.611494,0.863663,2.86853,3.22115,1.34554,21.992,14.0597,6.31908,18.6773,17.3038,5.04807,0.574597,0.497884,0.0869021,0.575581,0.46465,0.104206,0.267442,0.303888,0.207608,0.348837,0.383594,0.304429,0.5,0.629446,0.183775
Pda7ff44e77,146596,276_3299,276,3299,4,19,world,A,2007,2007-07-12,2007-07-22,9,282,18.6013,3,192,177,18.6772,0.861009,14.8936,15.0242,6.32287,7.23404,7.34207,3.43761,2.55319,2.58309,1.78912,4.68085,4.75898,2.24568,5.53191,2.48739,1.87525,3.26241,2.09591,1.22429,0.283688,0.576986,0.923846,4.68085,3.59835,1.49835,20.2837,14.939,7.42931,17.0496,18.3344,5.1284,0.602064,0.501247,0.112236,0.560811,0.471644,0.119445,0.364865,0.331902,0.236569,0.405405,0.386782,0.254493,0.733333,0.621503,0.199964
Pdb1689c286,182082,249_3924,249,3924,3,17,world,A,2010,2010-07-02,2010-07-11,8,133,15.3788,3,144,123,17.0611,0.420802,19.5489,14.634,6.05534,7.81955,7.23158,3.56787,3.90977,2.36571,1.70469,3.90977,4.86587,2.26597,0.902256,2.8592,2.15155,0.601504,1.87293,1.1407,2.10526,0.761711,1.11447,2.70677,3.58026,1.49053,17.1429,14.7809,8.47015,21.8226,18.1558,4.72464,0.511328,0.491637,0.10797,0.471698,0.45895,0.11802,0.0754717,0.327866,0.235277,0.45283,0.373086,0.229118,0.625,0.600608,0.200517
Pdb1689c286,182082,256_5945,256,5945,3,18,continental,A,2012,2012-06-16,2012-06-20,5,156,17.3227,3,96,80,17.9007,0.472012,19.4872,14.2097,6.14818,9.74359,7.7057,3.36499,3.07692,2.6725,1.7711,6.66667,5.0332,2.3477,2.5641,2.47597,2.11325,1.28205,1.65812,1.22673,1.53846,0.702188,0.969721,3.58974,3.18262,1.66406,19.7436,13.6619,8.50932,22.5641,18.4581,5.47669,0.513514,0.462358,0.129545,0.460317,0.429614,0.138616,0.365079,0.263251,0.200682,0.396825,0.403774,0.24661,0.72,0.570351,0.204803
Pdb7c6b10a9,143561,276_2701,276,2701,4,19,world,A,2003,2003-07-10,2003-07-20,8,137,19.4419,5,191,169,18.5582,0.778566,15.4745,14.7546,5.86231,7.0073,7.66681,4.08489,1.16788,2.82725,2.17764,5.83942,4.83956,2.42976,2.62774,2.51525,1.77315,1.75182,1.78176,0.971028,0.875912,0.745574,1.06344,3.79562,3.60365,1.61538,12.8467,14.9771,7.76918,20.7416,18.2155,4.73759,0.456582,0.499082,0.103392,0.431373,0.466482,0.108614,0.392157,0.286063,0.223708,0.313725,0.381572,0.266311,0.5625,0.6359,0.189796
Pdd1f325a63,227067,233_9804,233,9804,1,16,continental,B,2016,2016-08-11,2016-08-20,8,90.4667,16.2851,,287,267,16.1037,0.427588,8.40088,12.064,5.65741,10.1695,7.81411,3.71903,3.53721,2.58478,1.81238,6.63228,5.22932,2.45837,1.76861,2.5716,1.74122,2.21076,2.01788,1.12597,0.884304,0.609338,0.949969,4.86367,3.94729,1.72266,8.40088,11.7278,7.63998,17.8629,17.9303,5.48324,0.323129,0.422784,0.11848,0.28,0.394912,0.125184,0.08,0.30756,0.227045,0.4,0.295547,0.188537,0.5,0.572303,0.212881
Pdda77ad869,189124,225_4362,225,4362,2,16,continental,A,2011,2011-06-21,2011-06-25,5,82,16.0934,1,96,79,16.0746,0.368321,13.1707,14.8849,7.11669,11.2195,7.98521,3.84187,3.90244,2.63755,2.13904,7.31707,5.34767,2.3398,0.487805,3.07788,2.57357,1.46341,2.51032,1.5217,6.82927,0.996203,1.23148,1.95122,3.97283,2.00381,24.3902,15.7288,9.61162,13.2488,19.5233,5.8083,0.582902,0.468404,0.128217,0.588235,0.43123,0.138267,0,0.239806,0.198378,0.823529,0.36962,0.278674,0.5,0.607853,0.231603
Pdda77ad869,189124,249_5078,249,5078,3,17,world,A,2012,2012-06-29,2012-07-08,8,124,17.1311,1,142,127,17.0259,0.435933,18.0645,14.1972,5.55481,11.9355,7.45001,3.12231,5.48387,2.5366,1.74237,6.45161,4.91341,1.92891,0.967742,2.59121,2.03869,0.967742,1.89863,1.07827,2.25806,0.788481,1.13416,4.51613,3.46465,1.79913,20.6452,14.4239,7.24874,20.9419,18.219,4.61878,0.549882,0.473827,0.0968412,0.534884,0.443589,0.101275,0,0.293986,0.229186,0.418605,0.271897,0.197866,0.555556,0.661614,0.195417
Pde25a111c0,173444,235_5374,235,5374,2,16,continental,A,2009,2009-08-06,2009-08-16,5,93,16.1673,15,192,171,16.1371,0.421519,17.2043,12.9236,5.3337,10.3226,7.21701,2.71056,3.44086,2.36736,1.48131,6.88172,4.84964,1.81661,3.87097,2.41947,1.68763,1.29032,1.95467,1.06567,5.5914,0.730222,0.923357,4.73118,3.65319,1.71435,18.4946,12.8214,6.63318,26.9419,17.4985,4.53206,0.387297,0.458325,0.117592,0.377551,0.427432,0.123945,0.183673,0.306338,0.21002,0.122449,0.295554,0.185024,0.5,0.62549,0.213007
Pde25a111c0,173444,263_5831,263,5831,3,18,continental,A,2010,2010-07-22,2010-08-01,9,261,17.1256,14,192,171,17.9486,0.515214,22.069,13.1391,4.8065,15.7854,7.0875,2.90695,6.59004,2.21226,1.52036,9.1954,4.87524,1.91491,1.0728,2.66002,1.92041,2.29885,1.70641,0.879599,5.97701,0.617153,0.878023,2.91188,3.17333,1.3572,31.4176,13.4495,5.87418,24.9011,16.8985,4.25598,0.501812,0.477146,0.110791,0.48,0.443458,0.118272,0.048,0.347536,0.231447,0.336,0.312866,0.195141,0.571429,0.664571,0.176763
Pde7308c87b,226601,235_9787,235,9787,2,16,continental,A,2016,2016-08-12,2016-08-20,7,174.567,15.1899,6,191,173,16.1457,0.420344,13.5192,12.4223,5.36658,6.41589,7.63886,3.3466,0.687416,2.50181,1.73348,5.72847,5.13705,2.20689,3.89536,3.03633,1.84191,3.43708,1.91039,1.13716,0,0.56896,0.698163,4.35364,3.51147,1.64437,15.1232,12.8073,6.51682,17.0204,17.4496,4.68556,0.533647,0.434022,0.108047,0.5,0.398813,0.121741,0.58,0.333399,0.230491,0.24,0.330671,0.215729,0.75,0.615144,0.20155
Pde7308c87b,226601,235_10522,235,10522,2,16,continental,A,2017,2017-08-11,2017-08-19,7,192.467,16.1865,1,192,171,16.2315,0.379426,21.1985,13.0005,5.38737,7.48182,7.45748,3.36127,1.4548,2.64078,1.6751,6.02702,4.81671,2.34468,4.57222,2.40527,1.64318,3.74091,1.91319,1.04947,0.207828,0.437885,0.600186,4.78005,3.35591,1.43616,22.4454,12.4646,6.84302,23.3848,17.7215,5.02431,0.569705,0.447742,0.10913,0.493333,0.41867,0.122632,0.4,0.339637,0.209153,0.44,0.300941,0.219282,0.848485,0.623009,0.186015
Pde7308c87b,226601,249_6362,249,6362,3,17,world,A,2018,2018-06-30,2018-07-08,7,188.833,17.0709,2,192,164,16.8926,0.549015,16.5225,13.6297,6.29877,9.10856,7.82266,3.91205,1.27096,2.57156,1.90715,7.8376,5.2511,2.60945,6.14298,2.92738,1.79192,1.69462,2.03945,1.2786,0.847308,0.8843,1.12185,5.08385,3.58085,1.74045,19.2763,14.2974,8.36935,21.7419,18.3289,5.60027,0.495931,0.451383,0.118515,0.415385,0.422609,0.127554,0.338462,0.299801,0.212952,0.476923,0.310662,0.212748,0.774194,0.624098,0.182167
Pdec9ef7c46,298583,249_208300,249,208300,3,17,world,A,2022,2022-07-02,2022-07-10,6,108.933,17.5034,3,192,168,16.9494,0.502627,16.5239,13.9661,5.91865,9.54712,8.00354,3.81847,3.30477,2.52822,1.91795,6.24235,5.47531,2.5642,4.40636,3.08275,2.02068,5.14076,1.94293,1.17006,0.367197,0.924849,1.14976,3.30477,3.15323,1.4463,23.8678,15.5163,8.33031,18.4186,17.916,5.19339,0.546647,0.466701,0.114119,0.542857,0.443918,0.121251,0.228571,0.333533,0.208066,0.4,0.246808,0.165743,0.5,0.600939,0.210643
Pdec9ef7c46,298583,276_208303,276,208303,4,19,world,A,2023,2023-06-24,2023-07-02,7,170.567,18.4809,2,192,171,18.7974,0.613254,11.9601,14.5229,5.57383,8.91147,7.31327,3.5997,3.51769,2.26354,1.97353,5.39379,5.04973,2.36409,4.45574,3.39522,2.10822,1.8761,1.87556,1.05134,0.703537,0.776271,1.07652,3.28317,3.03164,1.41202,16.8849,15.7805,7.34509,15.6654,17.7644,4.99257,0.482955,0.488426,0.11044,0.431818,0.45281,0.117257,0.181818,0.375743,0.229382,0.454545,0.333211,0.259769,0.65,0.671531,0.195633
Pdf653f9244,369233,249_208542,249,208542,3,17,world,A,2024,2024-06-29,2024-07-07,7,79.85,17.4295,1,192,182,17.0277,0.451997,31.0582,15.2014,6.64423,19.0357,7.39047,3.67308,7.01315,2.31837,1.81084,12.0225,5.0721,2.38354,4.00751,3.81367,2.53975,3.50657,2.09421,1.50172,2.00376,0.856957,0.969581,5.51033,3.3858,1.77576,40.0751,16.9346,9.45878,31.2185,18.393,5.40308,0.604053,0.498274,0.10953,0.564103,0.468337,0.116616,0.205128,0.355655,0.217254,0.717949,0.329716,0.281822,0.642857,0.653021,0.210084
Pe083952d4c,303120,225_208307,225,208307,2,16,continental,A,2021,2021-08-23,2021-08-29,6,129,16.1454,1,96,88,16.1425,0.443946,35.3488,14.7528,6.7599,18.9147,8.42836,4.16424,11.4729,2.67764,2.25729,7.44186,5.75072,2.53035,4.65116,3.77685,2.73743,4.65116,2.1231,1.54311,2.17054,0.926836,1.07945,4.03101,3.67918,1.5134,50.5426,16.2909,10.7054,30.5612,19.6104,5.27008,0.666199,0.451601,0.128182,0.666667,0.424954,0.134142,0.12,0.30895,0.201803,0.32,0.259559,0.199659,0.583333,0.619989,0.216247
Pe083952d4c,303120,249_208300,249,208300,3,17,world,A,2022,2022-07-02,2022-07-10,7,142.05,17.0079,1,192,168,16.9494,0.502627,21.9641,13.9661,5.91865,12.9532,8.00354,3.81847,4.22386,2.52822,1.91795,8.72932,5.47531,2.5642,4.78705,3.08275,2.02068,1.40795,1.94293,1.17006,1.12636,0.924849,1.14976,3.0975,3.15323,1.4463,29.8486,15.5163,8.33031,20.9729,17.916,5.19339,0.614367,0.466701,0.114119,0.607143,0.443918,0.121251,0.339286,0.333533,0.208066,0.303571,0.246808,0.165743,0.588235,0.600939,0.210643
Pe0ad9b9ce5,224980,263_9860,263,9860,3,18,continental,A,2016,2016-12-16,2016-12-22,6,140.883,18.2536,4,187,153,18.2767,0.586155,16.1836,13.6139,5.38014,10.2212,7.20568,2.86897,4.82669,2.29364,1.62013,5.39453,4.91204,1.92612,2.83923,2.86705,1.87995,1.98746,1.70741,0.908815,2.27138,0.541701,0.682196,2.27138,3.18055,1.42469,24.4174,13.821,6.33323,15.752,17.4699,4.96346,0.600253,0.471086,0.106715,0.5875,0.436719,0.119665,0.075,0.36281,0.217588,0.425,0.297805,0.210876,0.588235,0.674394,0.191011
Pe0ad9b9ce5,224980,276_10628,276,10628,4,19,world,A,2017,2017-07-01,2017-07-09,7,180.217,18.7985,5,192,173,18.7401,0.66399,15.9808,13.572,5.43385,6.21474,7.69236,3.66261,1.9976,2.52264,1.93466,4.21715,5.16972,2.34584,3.10737,3.5206,2.17842,2.66346,1.62705,0.99426,2.21955,0.496983,0.747174,3.55128,3.19164,1.50518,19.754,14.0574,7.39114,16.8686,17.9216,4.88312,0.6,0.455339,0.108314,0.581633,0.425426,0.112649,0.102041,0.338891,0.227597,0.510204,0.343196,0.196751,0.6,0.596167,0.211854
Pe0b660d280,235751,249_6362,249,6362,3,17,world,A,2018,2018-06-30,2018-07-08,7,126.367,17.1283,1,192,164,16.8926,0.549015,24.6901,13.6297,6.29877,18.6758,7.82266,3.91205,10.4458,2.57156,1.90715,8.23002,5.2511,2.60945,2.53231,2.92738,1.79192,3.48193,2.03945,1.2786,1.26616,0.8843,1.12185,2.84885,3.58085,1.74045,39.8839,14.2974,8.36935,20.9549,18.3289,5.60027,0.681818,0.451383,0.118515,0.659091,0.422609,0.127554,0,0.299801,0.212952,0.681818,0.310662,0.212748,0.666667,0.624098,0.182167
Pe0da967ad1,170007,329_5290,329,5290,1,15,zone,B,2008,2008-09-17,2008-09-21,4,107,15.3487,1,60,43,15.2521,0.405053,20.5607,11.9537,6.33503,4.11215,3.49064,2.53623,1.49533,0.990888,1.0439,2.61682,2.49975,1.76857,2.24299,2.54972,1.55726,3.36449,4.52136,2.16262,1.86916,0.419236,0.669338,4.85981,4.53494,2.52752,17.5701,9.91454,7.48965,22.4897,17.2335,5.72854,0.583121,0.455223,0.148279,0.585366,0.445236,0.17009,0.390244,0.27655,0.245608,0.341463,0.475782,0.317508,0.5,0.467127,0.265789
Pe0da967ad1,170007,333_5353,333,5353,1,17,zone,B,2009,2009-05-25,2009-05-31,5,74,16.0387,1,108,88,16.8041,0.584578,18.9189,13.6486,6.10289,8.64865,6.9539,3.68186,3.24324,2.25395,1.61927,5.40541,4.69994,2.5077,2.16216,1.9335,1.53598,1.08108,1.68985,1.12736,0.540541,0.505308,0.923196,2.16216,3.11305,1.42027,17.8378,12.4509,7.63502,21.1243,17.351,5.39152,0.49886,0.472769,0.141227,0.5,0.443672,0.146022,0.25,0.292991,0.233462,0.21875,0.420394,0.495264,0.428571,0.589803,0.222825
Pe0da967ad1,170007,225_3366,225,3366,2,16,continental,A,2009,2009-06-17,2009-06-21,5,107,16.0962,2,95,73,16.0044,0.426958,19.8131,16.0223,6.73172,6.72897,8.25465,4.28771,2.24299,3.09821,2.4528,4.48598,5.15644,2.49966,3.36449,2.21843,1.6819,1.49533,1.92791,1.2619,1.1215,0.927888,1.28998,4.48598,3.73208,1.65661,14.2056,15.1749,8.32594,25.3907,20.1646,6.21392,0.473891,0.483505,0.109313,0.479167,0.448274,0.113817,0.333333,0.279739,0.230233,0.375,0.426817,0.304738,0.388889,0.579216,0.200439
Pe0da967ad1,170007,256_3935,256,3935,3,18,continental,A,2010,2010-06-26,2010-06-30,4,88,17.1201,4,96,77,17.842,0.642168,10,14.92,6.47935,5,7.40885,3.62563,2.27273,2.61003,2.12449,2.72727,4.79882,2.16489,4.54545,2.58206,2.14585,0.909091,1.62998,1.0838,2.27273,0.884029,1.47478,2.72727,3.20333,1.67174,12.7273,15.0256,9.28155,13.9818,18.3041,5.14914,0.444265,0.490412,0.12998,0.413043,0.454684,0.13257,0.434783,0.275486,0.216548,0.173913,0.35016,0.263199,0.75,0.649623,0.198629
Pe0da967ad1,170007,249_3924,249,3924,3,17,world,A,2010,2010-07-02,2010-07-11,7,205,17.1502,9,144,123,17.0611,0.420802,18.1463,14.634,6.05534,8.78049,7.23158,3.56787,1.56098,2.36571,1.70469,7.21951,4.86587,2.26597,3.90244,2.8592,2.15155,3.70732,1.87293,1.1407,1.7561,0.761711,1.11447,2.92683,3.58026,1.49053,22.2439,14.7809,8.47015,21.2683,18.1558,4.72464,0.494681,0.491637,0.10797,0.463855,0.45895,0.11802,0.277108,0.327866,0.235277,0.301205,0.373086,0.229118,0.64,0.600608,0.200517
Pe0da967ad1,170007,276_4346,276,4346,4,19,world,A,2011,2011-06-30,2011-07-10,9,179,18.1468,4,192,170,18.6783,0.680358,18.9944,13.9628,5.5381,8.49162,6.96907,3.32639,0.893855,2.2765,1.60615,7.59777,4.69256,2.26884,1.78771,2.54793,1.8548,2.01117,1.36418,0.869805,1.34078,0.642267,0.93216,4.46927,2.87201,1.41472,18.324,14.0555,7.05949,21.5598,17.0082,4.58642,0.555701,0.486074,0.11285,0.514493,0.453588,0.118095,0.521739,0.291718,0.211296,0.246377,0.314934,0.203526,0.823529,0.647068,0.216658
Pe1411c667e,237086,224_10772,224,10772,2,16,continental,A,2017,2017-07-13,2017-07-22,8,137.3,15.4391,1,96,88,15.9902,0.484397,24.472,12.5801,6.34956,18.6453,8.58054,4.27458,11.362,3.2276,2.38606,7.28332,5.35294,2.37661,0.873999,2.32652,1.76251,3.20466,2.85101,1.51687,2.33066,0.522043,0.865427,6.11799,4.67277,2.33314,32.0466,11.5581,10.0924,28.1078,19.9046,5.98819,0.556439,0.402923,0.136335,0.558824,0.387124,0.140035,0,0.262526,0.20423,0.25,0.313114,0.202792,0.470588,0.46317,0.181046
Pe1411c667e,237086,249_6362,249,6362,3,17,world,A,2018,2018-06-30,2018-07-08,4,72.0667,16.4001,12,192,164,16.8926,0.549015,13.321,13.6297,6.29877,15.5412,7.82266,3.91205,5.55042,2.57156,1.90715,9.99075,5.2511,2.60945,1.66512,2.92738,1.79192,0.555042,2.03945,1.2786,2.22017,0.8843,1.12185,3.88529,3.58085,1.74045,19.9815,14.2974,8.36935,19.6041,18.3289,5.60027,0.423729,0.451383,0.118515,0.388889,0.422609,0.127554,0.111111,0.299801,0.212952,0.111111,0.310662,0.212748,1,0.624098,0.182167
Pe2eac4ddf4,216835,276_6290,276,6290,4,19,world,A,2015,2015-06-27,2015-07-05,7,111.183,18.6725,1,191,180,18.6008,0.756787,11.5125,13.755,5.55959,12.5918,7.3828,3.65745,6.47579,2.49694,1.90522,6.11602,4.88586,2.44791,1.43906,3.28532,2.18966,3.59766,1.90259,1.12162,4.31719,0.672111,0.938022,2.51836,3.43624,1.60082,26.9825,14.5182,7.46481,11.2967,17.8545,4.65107,0.655738,0.470651,0.115139,0.65,0.436661,0.120193,0.05,0.306253,0.220425,0.5,0.333827,0.227034,0.6,0.639017,0.184202
Pe364fefd34,132242,263_272,263,272,2,18,continental,A,2002,2001-08-01,2001-08-12,3,110,19.0394,,258,182,17.0871,0.567186,22.1818,15.0953,7.01015,10.9091,6.83681,3.52702,1.45455,2.33842,1.90302,9.45455,4.49839,2.26125,1.45455,2.28334,2.00222,4.72727,2.72253,1.79579,2.54545,0.389268,0.842229,4.72727,3.63476,1.71898,21.8182,14.683,8.48801,25.9055,18.6087,5.14966,0.523695,0.492944,0.13254,0.540816,0.45252,0.141754,0.693878,0.259706,0.20494,0.428571,0.378731,0.258364,0.380952,0.647729,0.234232
Pe3c0fc5a9e,256874,233_202005,233,202005,1,16,continental,B,2018,2018-08-09,2018-08-18,8,102.417,15.2474,5,288,272,16.1469,0.411194,12.498,13.3592,6.02942,10.1546,7.4326,3.47593,4.29618,2.35988,1.66905,5.85842,5.07272,2.34309,2.34337,2.73247,1.82274,2.34337,2.01645,1.26498,1.56225,0.533052,0.787802,2.34337,3.4228,1.59264,19.1375,13.2533,7.3634,14.9976,17.89,5.22907,0.493827,0.44929,0.106415,0.464286,0.422178,0.111145,0.0714286,0.311636,0.224428,0.357143,0.326525,0.200689,0.6,0.587526,0.19713
Pe3c0fc5a9e,256874,233_208084,233,208084,1,16,continental,B,2019,2019-08-08,2019-08-17,8,220.033,16.244,1,288,268,16.1022,0.426197,23.451,12.882,5.46105,13.9979,7.85859,3.57255,4.54477,2.59948,1.73419,9.45311,5.25911,2.33166,4.36298,2.65265,1.70667,4.54477,2.03871,1.19576,2.18149,0.60544,0.847633,2.36328,3.63915,1.70862,33.8131,12.7205,7.24643,24.0691,18.2809,5.23124,0.540201,0.432827,0.102097,0.524038,0.408375,0.109062,0.25,0.313009,0.215816,0.336538,0.281774,0.187672,0.571429,0.570291,0.207176
Pe56ae9c7aa,203174,225_5339,225,5339,2,16,continental,A,2013,2013-06-11,2013-06-15,5,95,16.3426,1,96,73,15.869,0.45778,24,13.2565,5.84565,11.7895,8.77675,4.15857,2.94737,3.27951,2.5446,8.84211,5.49724,2.29527,3.78947,2.85525,2.04582,4.63158,2.08748,1.25301,1.26316,1.11343,1.64152,1.68421,3.72731,2.07111,33.6842,13.5197,10.0595,21.3053,19.3832,5.13454,0.611588,0.420538,0.116148,0.625,0.393257,0.123037,0.175,0.250883,0.223798,0.375,0.367652,0.243795,0.466667,0.538447,0.213621
Pe56ae9c7aa,203174,249_5075,249,5075,3,17,world,A,2014,2014-08-08,2014-08-16,7,136.717,17.5117,1,192,173,17.0583,0.489002,21.6506,13.6034,6.14842,16.0917,7.6474,3.67246,6.72925,2.55281,1.94621,9.36243,5.0946,2.20776,5.85152,2.14955,1.47007,2.63318,1.80889,1.11705,1.75546,0.718134,1.07747,4.68121,3.23583,1.51772,32.1833,13.5763,8.92179,25.302,17.7478,5.19007,0.524972,0.460191,0.126088,0.507937,0.428331,0.130989,0.111111,0.299498,0.224593,0.269841,0.302479,0.220999,0.588235,0.637699,0.213798
Pe56ae9c7aa,203174,276_6290,276,6290,4,19,world,A,2015,2015-06-27,2015-07-05,7,166.083,18.396,1,191,180,18.6008,0.756787,20.4717,13.755,5.55959,11.8013,7.3828,3.65745,4.57602,2.49694,1.90522,7.22529,4.88586,2.44791,3.3718,3.28532,2.18966,3.3718,1.90259,1.12162,1.44506,0.672111,0.938022,4.33517,3.43624,1.60082,26.011,14.5182,7.46481,22.8608,17.8545,4.65107,0.552522,0.470651,0.115139,0.536232,0.436661,0.120193,0.173913,0.306253,0.220425,0.26087,0.333827,0.227034,0.611111,0.639017,0.184202
Pe5fb05fea3,189718,263_7344,263,7344,3,18,continental,A,2013,2013-07-18,2013-07-28,9,196,17.6047,4,191,174,17.9125,0.508753,23.0612,13.0135,4.58007,14.0816,7.05119,3.208,4.4898,2.27233,1.65453,9.59184,4.77885,2.03852,1.42857,2.35798,1.62572,0.816327,1.48397,0.869493,1.42857,0.609971,0.931135,4.28571,2.93491,1.39893,25.7143,13.0399,6.10422,25.2571,16.6348,4.08793,0.549825,0.470941,0.0888453,0.505556,0.437653,0.0951866,0.0888889,0.320932,0.214645,0.322222,0.292855,0.172068,0.758621,0.635504,0.213807
Pe661d7acde,211703,123_8033,123,8033,1,15,zone,B,2014,2014-07-16,2014-07-20,5,160,15.2584,5,94,78,15.0446,0.421723,13.25,11.9078,5.79679,14.75,7.33064,3.63526,5,2.68186,2.00647,9.75,4.64878,2.24641,3.25,2.72919,1.71527,2,2.17738,1.39107,4,0.648486,0.841299,3,4.10914,2.02269,23.5,11.0102,7.3446,19.38,18.3146,5.62093,0.404457,0.404746,0.115224,0.395161,0.381701,0.11738,0.177419,0.246737,0.194191,0.129032,0.306248,0.247187,0.5,0.508133,0.242676
Pe661d7acde,211703,128_9304,128,9304,1,17,zone,B,2015,2015-08-04,2015-08-08,5,141.45,16.3097,2,95,74,16.9301,0.550522,15.5532,13.9863,5.85431,11.3114,8.65468,3.873,3.67621,3.1859,2.22295,7.63521,5.46878,2.35733,0.848356,2.90836,2.05605,1.9795,2.23625,1.47282,6.78685,0.923648,1.34288,2.26228,3.96146,2.06254,23.1884,14.2492,8.23814,19.6819,19.8015,5.00385,0.446429,0.436669,0.120945,0.436364,0.413546,0.126125,0.0727273,0.268413,0.245529,0.272727,0.293066,0.210102,0.466667,0.563793,0.197126
Pe661d7acde,211703,256_6329,256,6329,3,18,continental,A,2016,2016-07-19,2016-07-23,5,140.533,17.268,7,94,77,17.8726,0.574362,17.0778,14.0057,5.76617,10.2467,8.21707,3.78513,4.26945,2.56444,1.7462,5.97723,5.65263,2.61089,1.42315,3.11392,2.20868,1.42315,1.77441,1.19438,5.12334,0.793203,0.99331,1.99241,3.21626,1.61855,17.6471,14.6071,8.18991,24.2163,18.7001,5.4949,0.384221,0.446887,0.113778,0.273438,0.406604,0.127223,0.140625,0.324753,0.239791,0.5,0.326277,0.210162,0.78125,0.668448,0.188214
Pe79de9d05b,298550,236_208420,236,208420,1,16,continental,B,2021,2021-08-16,2021-08-21,5,77.2667,16.0688,,334,265,16.0475,0.504163,15.5306,12.895,6.11806,3.62381,8.22153,3.99021,1.03538,2.55466,2.07093,2.58844,5.66687,2.67186,1.03538,2.8764,1.92694,2.07075,2.46595,1.73138,0,0.77053,1.05497,4.65919,4.20742,2.26924,7.76531,12.537,8.95239,20.8732,19.4582,5.58752,0.478927,0.416433,0.12656,0.483333,0.385679,0.130521,0.433333,0.324804,0.21472,0.1,0.332577,0.250497,0.333333,0.566583,0.223386
Pe79de9d05b,298550,249_208300,249,208300,3,17,world,A,2022,2022-07-02,2022-07-10,5,71.5167,16.9531,3,192,168,16.9494,0.502627,13.4234,13.9661,5.91865,3.91517,8.00354,3.81847,1.67793,2.52822,1.91795,2.23724,5.47531,2.5642,6.15241,3.08275,2.02068,1.67793,1.94293,1.17006,0,0.924849,1.14976,4.47448,3.15323,1.4463,12.3048,15.5163,8.33031,17.5623,17.916,5.19339,0.512821,0.466701,0.114119,0.447368,0.443918,0.121251,0.315789,0.333533,0.208066,0.526316,0.246808,0.165743,0.7,0.600939,0.210643
Pea7725adea,188739,256_5945,256,5945,3,18,continental,A,2012,2012-06-16,2012-06-20,5,130,17.8238,3,96,80,17.9007,0.472012,14.1538,14.2097,6.14818,5.53846,7.7057,3.36499,1.84615,2.6725,1.7711,3.69231,5.0332,2.3477,5.53846,2.47597,2.11325,1.53846,1.65812,1.22673,0.307692,0.702188,0.969721,4.30769,3.18262,1.66406,12.9231,13.6619,8.50932,20.32,18.4581,5.47669,0.441968,0.462358,0.129545,0.366667,0.429614,0.138616,0.266667,0.263251,0.200682,0.355556,0.403774,0.24661,0.8125,0.570351,0.204803
Pea7725adea,188739,276_7488,276,7488,4,19,world,A,2013,2013-06-27,2013-07-07,9,278.867,18.8697,6,190,163,18.6423,0.696247,26.9663,13.7502,5.42509,5.16376,7.333,3.37317,1.1475,2.38567,1.71678,4.01626,4.94733,2.1867,3.58594,2.21367,1.7035,1.43438,1.54796,0.991925,0.143438,0.727447,1.05025,3.44251,3.00673,1.31394,19.5075,13.6671,7.8175,29.4678,17.2721,4.36533,0.518078,0.477564,0.117473,0.477987,0.446105,0.124661,0.113208,0.299706,0.235645,0.320755,0.319875,0.182303,0.705882,0.62505,0.182817
Peaf1686cc0,210274,256_5956,256,5956,3,18,continental,A,2014,2014-06-20,2014-06-24,5,77,18.2509,1,96,81,17.6768,0.737825,18.7013,14.8401,7.17248,12.4675,7.60001,3.65566,4.67532,2.58774,1.97745,7.79221,5.01227,2.34035,0.519481,2.48714,2.15138,0,1.62935,1.06747,9.35065,0.800831,1.28071,2.07792,3.36171,1.54118,34.2857,14.54,9.22335,14.6909,18.4608,5.62483,0.741351,0.48297,0.128417,0.710526,0.447499,0.128871,0.0526316,0.302194,0.236163,0.631579,0.3827,0.227143,0.75,0.61851,0.207815
Pebbd613418,173478,276_3348,276,3348,4,19,world,A,2009,2009-07-02,2009-07-12,9,205,18.8423,4,191,165,18.7882,0.690657,17.7561,14.3984,5.52288,5.26829,7.57587,3.44111,1.17073,2.66725,1.77968,4.09756,4.90862,2.14002,3.70732,2.40801,1.76626,1.95122,1.70492,0.965813,0.195122,0.872247,1.01133,4.29268,3.13329,1.42996,16.9756,15.1012,7.07592,18.6771,17.5241,4.72826,0.6172,0.495334,0.114029,0.602941,0.463656,0.116858,0.558824,0.308724,0.227753,0.191176,0.312474,0.190442,0.692308,0.642985,0.213702
Pec8256037d,295661,236_208420,236,208420,1,16,continental,B,2021,2021-08-16,2021-08-21,5,124.567,15.3542,,334,265,16.0475,0.504163,24.0835,12.895,6.11806,8.02783,8.22153,3.99021,0.96334,2.55466,2.07093,7.06449,5.66687,2.67186,4.49558,2.8764,1.92694,2.56891,2.46595,1.73138,0.96334,0.77053,1.05497,3.53225,4.20742,2.26924,27.6157,12.537,8.95239,21.399,19.4582,5.58752,0.673976,0.416433,0.12656,0.669811,0.385679,0.130521,0.603774,0.324804,0.21472,0.113208,0.332577,0.250497,0.666667,0.566583,0.223386
Pec8256037d,295661,235_208468,235,208468,2,16,continental,A,2022,2022-08-12,2022-08-20,7,215.567,16.3508,5,192,170,16.1669,0.389925,31.5448,13.4344,6.24342,8.7212,7.27988,3.50314,1.48446,2.26579,1.80955,7.23674,5.01409,2.38799,5.38117,2.8975,1.70523,2.96892,2.05119,1.18652,0.556672,0.65318,0.839245,3.52559,3.60472,1.65091,29.6892,13.2768,7.50197,32.0198,18.17,5.54653,0.55353,0.452821,0.107401,0.5,0.419064,0.113893,0.439394,0.350441,0.208911,0.371212,0.337299,0.221067,0.77551,0.600701,0.196135
Peda84f3898,146646,235_3159,235,3159,2,16,continental,A,2004,2004-07-06,2004-07-15,8,214,15.9346,6,191,172,16.0382,0.503402,27.8505,13.0445,4.99259,8.41121,7.18159,3.70967,1.68224,2.50064,1.91185,6.72897,4.68094,2.19272,0.934579,2.22239,1.53452,2.80374,2.02348,1.18561,0.747664,0.792582,1.08733,4.48598,3.92453,1.51611,23.9252,12.3353,6.47362,28.1495,17.9154,4.56367,0.588468,0.462475,0.102934,0.53211,0.436018,0.107925,0.366972,0.248646,0.192745,0.366972,0.351582,0.22089,0.825,0.57227,0.203665
Peda84f3898,146646,263_3163,263,3163,3,18,continental,A,2005,2005-07-13,2005-07-24,8,193,16.9586,3,191,165,17.9302,0.519728,17.6166,14.0589,5.34016,8.0829,7.16592,3.44355,3.52332,2.37732,1.73515,4.55959,4.78859,2.17947,1.86528,2.29674,1.53676,2.6943,1.77088,0.975643,1.24352,0.485301,0.754804,2.6943,3.24538,1.49478,17.8238,14.194,6.5678,20.8083,17.0641,4.769,0.48627,0.503583,0.109458,0.388889,0.469928,0.1244,0.430556,0.301113,0.218055,0.486111,0.391309,0.268723,0.828571,0.6348,0.196629
Pedbe6303e0,251990,249_6362,249,6362,3,17,world,A,2018,2018-06-30,2018-07-08,5,66.4,16.2084,3,192,164,16.8926,0.549015,12.0482,13.6297,6.29877,9.03614,7.82266,3.91205,3.61446,2.57156,1.90715,5.42169,5.2511,2.60945,1.20482,2.92738,1.79192,1.80723,2.03945,1.2786,4.21687,0.8843,1.12185,2.40964,3.58085,1.74045,12.6506,14.2974,8.36935,17.9518,18.3289,5.60027,0.387597,0.451383,0.118515,0.294118,0.422609,0.127554,0.0588235,0.299801,0.212952,1.17647,0.310662,0.212748,0.5,0.624098,0.182167
Pedbe6303e0,251990,276_208299,276,208299,4,19,world,A,2021,2021-07-03,2021-07-11,6,142.467,19.2174,14,192,174,18.756,0.680857,26.1114,14.2694,5.44901,12.073,7.50804,3.46178,4.21151,2.4377,1.71746,7.86149,5.07034,2.26855,1.6846,3.52297,2.42781,2.80767,1.75459,1.14154,1.6846,0.807696,1.25902,3.64998,3.09985,1.702,26.6729,15.501,7.77007,27.5152,17.9679,4.68488,0.547059,0.474649,0.110084,0.540541,0.443733,0.117723,0.310811,0.362644,0.218583,0.337838,0.286997,0.170106,0.52,0.673577,0.213074
Pedf3dd90d4,238223,233_10539,233,10539,1,16,continental,B,2017,2017-08-10,2017-08-19,8,203.483,16.1482,,288,263,16.1117,0.445937,20.8371,12.598,5.31256,10.0254,7.69864,3.42548,1.96576,2.62349,1.7157,8.05963,5.07515,2.21969,2.16234,2.8747,1.71334,0.982881,2.05538,1.02749,1.17946,0.614016,0.857075,3.53837,3.55312,1.49183,14.1535,12.8006,7.02246,28.6215,17.8267,4.8865,0.415361,0.434026,0.101292,0.377273,0.39936,0.108363,0.281818,0.305038,0.211496,0.363636,0.330777,0.201479,0.575,0.600133,0.200994
Pedf3dd90d4,238223,263_208080,263,208080,3,18,continental,A,2019,2019-07-27,2019-08-04,7,233.967,18.1058,15,192,175,17.9631,0.505937,22.9092,13.7178,5.15894,10.4288,7.52048,3.37919,3.76122,2.46928,1.88464,6.66762,5.0512,2.11145,2.3935,3.21833,2.11744,1.88061,1.85798,1.14514,1.53868,0.775413,1.13616,2.56447,3.16101,1.74426,19.319,14.7221,7.06103,28.6331,17.6749,5.30539,0.439402,0.476616,0.11909,0.421642,0.449355,0.125455,0.268657,0.341734,0.215194,0.313433,0.330997,0.30944,0.5,0.612867,0.233874
Pefaae49c8b,160364,235_4904,235,4904,2,16,continental,A,2008,2008-08-15,2008-08-24,8,203,15.8196,4,192,174,16.2135,0.407837,21.8719,12.5077,5.2804,4.72906,7.05601,3.46531,1.7734,2.21132,1.56439,2.95567,4.8447,2.40248,1.57635,0.953761,0.795718,1.7734,1.63093,1.02672,0,0.491683,0.69126,2.75862,3.26338,1.41144,15.3695,10.3009,6.66525,23.6611,16.9308,4.67101,0.52319,0.448308,0.104155,0.467391,0.420617,0.117124,0.326087,0.27773,0.210658,0.347826,0.386976,0.243847,0.78125,0.562564,0.19469
Pefaae49c8b,160364,263_5369,263,5369,3,18,continental,A,2009,2009-07-23,2009-08-02,9,198,16.7587,2,192,172,17.9564,0.515203,22.6263,13.4523,4.84686,4.0404,7.0493,3.39971,1.0101,2.30482,1.73801,3.0303,4.74449,2.1617,2.82828,2.29862,1.67821,2.82828,1.76376,0.881262,0.20202,0.630648,0.946697,3.23232,3.12517,1.39684,19.596,13.2734,6.32229,21.5354,17.0452,4.02754,0.618102,0.479516,0.106437,0.582192,0.449276,0.117717,0.369863,0.347624,0.215776,0.547945,0.333155,0.243838,0.675,0.618493,0.19843
Pefc5241948,211501,235_7608,235,7608,2,16,continental,A,2014,2014-08-20,2014-08-30,9,87,14.8093,7,192,178,16.1846,0.370405,12.8736,12.5028,5.21693,8.27586,6.96225,2.99749,2.75862,2.30535,1.67587,5.51724,4.6569,1.81358,2.29885,2.42548,1.61146,5.05747,1.93369,1.08889,0,0.552882,0.710669,4.13793,3.5349,1.63269,17.931,12.1635,7.20481,15.4115,17.1365,4.65544,0.570962,0.45362,0.105187,0.595238,0.424757,0.118064,0.142857,0.284335,0.206536,0.380952,0.295501,0.244575,0.375,0.619749,0.207618
Pefc5241948,211501,235_9179,235,9179,2,16,continental,A,2015,2015-08-06,2015-08-16,8,170,15.7703,7,180,164,16.1589,0.414338,16,12.4324,5.68268,12,7.6053,3.2469,2.82353,2.34261,1.69662,9.17647,5.26269,2.08949,4,2.72723,1.69989,2.35294,1.84902,1.01899,1.17647,0.801164,1.0368,4.70588,3.4073,1.56407,18.5882,12.5675,6.84732,24.1412,17.5852,5.46185,0.411622,0.430085,0.106806,0.375,0.400494,0.116028,0.0921053,0.311668,0.216082,0.197368,0.296641,0.190597,0.733333,0.599277,0.203394
Pefc5241948,211501,276_10628,276,10628,4,19,world,A,2017,2017-07-01,2017-07-09,7,140.883,17.6677,5,192,173,18.7401,0.66399,13.0605,13.572,5.43385,6.81415,7.69236,3.66261,0.851769,2.52264,1.93466,5.96238,5.16972,2.34584,6.53023,3.5206,2.17842,3.12315,1.62705,0.99426,0.283923,0.496983,0.747174,5.96238,3.19164,1.50518,12.7765,14.0574,7.39114,22.6343,17.9216,4.88312,0.391689,0.455339,0.108314,0.349057,0.425426,0.112649,0.226415,0.338891,0.227597,0.245283,0.343196,0.196751,0.692308,0.596167,0.211854
Pefe5f00afd,173475,276_3348,276,3348,4,19,world,A,2009,2009-07-02,2009-07-12,9,202,18.8861,4,191,165,18.7882,0.690657,12.4752,14.3984,5.52288,12.6733,7.57587,3.44111,4.9505,2.66725,1.77968,7.72277,4.90862,2.14002,2.17822,2.40801,1.76626,1.58416,1.70492,0.965813,1.58416,0.872247,1.01133,2.37624,3.13329,1.42996,19.604,15.1012,7.07592,15.9525,17.5241,4.72826,0.459452,0.495334,0.114029,0.37069,0.463656,0.116858,0.37931,0.308724,0.227753,0.413793,0.312474,0.190442,0.833333,0.642985,0.213702
Pf02a0c42ed,320630,249_208300,249,208300,3,17,world,A,2022,2022-07-02,2022-07-10,7,140.617,15.4692,1,192,168,16.9494,0.502627,19.0589,13.9661,5.91865,8.53384,8.00354,3.81847,3.698,2.52822,1.91795,4.83584,5.47531,2.5642,2.84461,3.08275,2.02068,1.70677,1.94293,1.17006,1.99123,0.924849,1.14976,3.698,3.15323,1.4463,19.3434,15.5163,8.33031,22.097,17.916,5.19339,0.517934,0.466701,0.114119,0.518182,0.443918,0.121251,0.0909091,0.333533,0.208066,0.4,0.246808,0.165743,0.454545,0.600939,0.210643
Pf02a0c42ed,320630,225_208533,225,208533,2,16,continental,A,2023,2023-06-05,2023-06-11,6,117.667,16.3891,1,96,79,15.9325,0.448497,35.0142,13.4723,7.0728,16.9972,8.28531,3.93876,7.8187,2.71767,1.86448,9.17847,5.56764,2.59082,6.45892,2.72826,2.15136,3.05949,2.1384,1.58991,0.339943,0.872403,1.05855,1.69972,3.53169,1.62878,46.9122,13.8689,11.3301,30.6357,18.7343,5.48391,0.605028,0.431269,0.136938,0.586667,0.404063,0.143525,0.08,0.350086,0.199163,0.306667,0.30983,0.221748,0.652174,0.572542,0.219864
Pf02a0c42ed,320630,249_208542,249,208542,3,17,world,A,2024,2024-06-29,2024-07-07,7,145.65,17.4624,1,192,182,17.0277,0.451997,34.3289,15.2014,6.64423,10.7106,7.39047,3.67308,5.21799,2.31837,1.81084,5.49262,5.0721,2.38354,4.11946,3.81367,2.53975,3.5702,2.09421,1.50172,1.37315,0.856957,0.969581,2.47168,3.3858,1.77576,40.3708,16.9346,9.45878,29.2976,18.393,5.40308,0.639844,0.498274,0.10953,0.630682,0.468337,0.116616,0.0568182,0.355655,0.217254,0.25,0.329716,0.281822,0.636364,0.653021,0.210084
Pf0384da7bc,142717,235_2683,235,2683,2,16,continental,A,2003,2003-07-18,2003-07-27,1,6,14.9052,,405,303,16.1675,0.435103,0,14.3213,5.97132,13.3333,7.40167,3.65685,6.66667,2.67084,1.90321,6.66667,4.73083,2.35351,0,1.76462,1.52432,0,2.49009,1.47624,0,0.66082,0.913343,0,3.82059,1.8471,13.3333,13.5089,7.26163,0,18.656,6.48963,,0.480649,0.113238,,0.448682,0.120361,,0.251575,0.197293,,0.390381,0.264839,,0.621916,0.19133
Pf0384da7bc,142717,235_3159,235,3159,2,16,continental,A,2004,2004-07-06,2004-07-15,8,234,15.8744,16,191,172,16.0382,0.503402,21.7094,13.0445,4.99259,13.5043,7.18159,3.70967,3.07692,2.50064,1.91185,10.4274,4.68094,2.19272,0.683761,2.22239,1.53452,2.39316,2.02348,1.18561,3.93162,0.792582,1.08733,6.32479,3.92453,1.51611,25.641,12.3353,6.47362,24.5607,17.9154,4.56367,0.595238,0.462475,0.102934,0.575581,0.436018,0.107925,0.313953,0.248646,0.192745,0.546512,0.351582,0.22089,0.595745,0.57227,0.203665
Pf0384da7bc,142717,263_3163,263,3163,3,18,continental,A,2005,2005-07-13,2005-07-24,8,238,16.8984,14,191,165,17.9302,0.519728,21.1765,14.0589,5.34016,10.2521,7.16592,3.44355,3.19328,2.37732,1.73515,7.05882,4.78859,2.17947,1.17647,2.29674,1.53676,0.672269,1.77088,0.975643,1.17647,0.485301,0.754804,3.86555,3.24538,1.49478,22.521,14.194,6.5678,20.921,17.0641,4.769,0.620812,0.503583,0.109458,0.578313,0.469928,0.1244,0.156627,0.301113,0.218055,0.506024,0.391309,0.268723,0.714286,0.6348,0.196629
Pf0384da7bc,142717,263_4068,263,4068,3,18,continental,A,2006,2006-07-18,2006-07-27,8,265,17.9059,13,192,161,17.9378,0.463248,18.2642,14.1964,5.48784,16.7547,7.01645,3.36385,4.67925,2.36669,1.82035,12.0755,4.64975,2.02662,1.35849,2.29341,1.38476,1.35849,1.73085,0.927802,2.26415,0.611494,0.863663,3.92453,3.22115,1.34554,27.3208,14.0597,6.31908,20.5404,17.3038,5.04807,0.5496,0.497884,0.0869021,0.505208,0.46465,0.104206,0.229167,0.303888,0.207608,0.333333,0.383594,0.304429,0.75,0.629446,0.183775
Pf0bc046ece,196177,256_5945,256,5945,3,18,continental,A,2012,2012-06-16,2012-06-20,5,133,18.1441,3,96,80,17.9007,0.472012,22.2556,14.2097,6.14818,6.31579,7.7057,3.36499,2.10526,2.6725,1.7711,4.21053,5.0332,2.3477,1.80451,2.47597,2.11325,2.10526,1.65812,1.22673,0,0.702188,0.969721,1.20301,3.18262,1.66406,15.6391,13.6619,8.50932,25.0105,18.4581,5.47669,0.467408,0.462358,0.129545,0.458904,0.429614,0.138616,0.452055,0.263251,0.200682,0.191781,0.403774,0.24661,0.5,0.570351,0.204803
Pf0bc046ece,196177,276_7488,276,7488,4,19,world,A,2013,2013-06-27,2013-07-07,9,256.167,19.19,6,190,163,18.6423,0.696247,17.1763,13.7502,5.42509,4.8406,7.333,3.37317,1.24919,2.38567,1.71678,3.59141,4.94733,2.1867,2.81067,2.21367,1.7035,1.40534,1.54796,0.991925,0.156148,0.727447,1.05025,3.27912,3.00673,1.31394,7.65127,13.6671,7.8175,23.8657,17.2721,4.36533,0.417172,0.477564,0.117473,0.413793,0.446105,0.124661,0.534483,0.299706,0.235645,0.310345,0.319875,0.182303,0.388889,0.62505,0.182817
Pf10c6bc653,218705,249_9678,249,9678,3,17,world,A,2016,2016-06-23,2016-07-03,7,95.95,17.3665,6,191,171,16.9215,0.517517,12.9234,13.9298,6.67868,11.6727,8.20946,4.09228,3.75195,2.77559,2.1245,7.92079,5.43387,2.64062,0,2.6531,1.83642,0.833768,1.85697,1.24533,4.16884,0.669885,0.963228,2.91819,3.64504,1.46955,17.926,13.7052,8.47552,16.8921,18.8523,5.48244,0.462411,0.446186,0.125912,0.466667,0.416886,0.129648,0,0.303263,0.224477,0.266667,0.349537,0.221993,0.375,0.59047,0.214261
Pf10c6bc653,218705,263_10443,263,10443,3,18,continental,A,2017,2017-07-29,2017-08-06,5,94.1,18.459,6,191,167,17.9336,0.547866,16.153,13.1232,5.109,11.4772,7.05195,2.93316,5.95112,2.3546,1.60915,5.52604,4.69734,1.93146,1.70032,2.68829,1.93294,1.70032,1.82757,1.11905,2.55048,0.621379,0.832275,2.97556,3.21792,1.5076,25.0797,13.6782,6.52972,15.2179,16.8056,4.60607,0.659722,0.478101,0.12281,0.525,0.437804,0.135947,0.1,0.324875,0.21689,1,0.34248,0.28942,0.85,0.674212,0.18909
Pf1dc83702a,213917,276_6290,276,6290,4,19,world,A,2015,2015-06-27,2015-07-05,7,142.45,19.0202,7,191,180,18.6008,0.756787,21.9024,13.755,5.55959,11.232,7.3828,3.65745,4.212,2.49694,1.90522,7.02001,4.88586,2.44791,3.3696,3.28532,2.18966,1.9656,1.90259,1.12162,1.1232,0.672111,0.938022,5.05441,3.43624,1.60082,23.5872,14.5182,7.46481,26.2492,17.8545,4.65107,0.516693,0.470651,0.115139,0.470588,0.436661,0.120193,0.132353,0.306253,0.220425,0.25,0.333827,0.227034,0.823529,0.639017,0.184202
Pf1eb0b11c1,187013,263_7344,263,7344,3,18,continental,A,2013,2013-07-18,2013-07-28,9,266,17.988,4,191,174,17.9125,0.508753,15.6391,13.0135,4.58007,13.5338,7.05119,3.208,4.51128,2.27233,1.65453,9.02256,4.77885,2.03852,0.601504,2.35798,1.62572,1.50376,1.48397,0.869493,6.61654,0.609971,0.931135,1.95489,2.93491,1.39893,26.7669,13.0399,6.10422,18.3038,16.6348,4.08793,0.478293,0.470941,0.0888453,0.461165,0.437653,0.0951866,0.15534,0.320932,0.214645,0.126214,0.292855,0.172068,0.692308,0.635504,0.213807
Pf21d262b1c,189329,249_5078,249,5078,3,17,world,A,2012,2012-06-29,2012-07-08,4,37,16.7943,1,142,127,17.0259,0.435933,21.6216,14.1972,5.55481,18.3784,7.45001,3.12231,8.64865,2.5366,1.74237,9.72973,4.91341,1.92891,0,2.59121,2.03869,1.08108,1.89863,1.07827,2.16216,0.788481,1.13416,1.08108,3.46465,1.79913,37.8378,14.4239,7.24874,15.9568,18.219,4.61878,0.726744,0.473827,0.0968412,0.666667,0.443589,0.101275,0.0833333,0.293986,0.229186,0.333333,0.271897,0.197866,1,0.661614,0.195417
Pf25d15a954,271429,128_208108,128,208108,1,17,zone,B,2019,2019-07-24,2019-07-28,5,133.583,16.7231,4,96,78,16.8031,0.589798,13.7742,14.5741,6.58805,6.88709,8.36041,3.48699,0.299439,3.05382,2.13353,6.58765,5.3066,2.17819,4.19214,2.78511,1.9113,1.79663,2.32185,1.5014,0.598877,0.973034,1.2491,3.8927,3.76167,2.21054,16.1697,14.7683,8.75522,16.4332,19.6569,5.82299,0.549188,0.453327,0.113542,0.54878,0.426721,0.12398,0.536585,0.272312,0.234555,0.0487805,0.365985,0.250084,0.5,0.561988,0.210937
Pf2b31fcc76,211765,235_7608,235,7608,2,16,continental,A,2014,2014-08-20,2014-08-30,9,89,15.3159,1,192,178,16.1846,0.370405,15.2809,12.5028,5.21693,6.29213,6.96225,2.99749,0.898876,2.30535,1.67587,5.39326,4.6569,1.81358,3.14607,2.42548,1.61146,3.59551,1.93369,1.08889,1.34831,0.552882,0.710669,2.69663,3.5349,1.63269,14.8315,12.1635,7.20481,20.2607,17.1365,4.65544,0.435005,0.45362,0.105187,0.430556,0.424757,0.118064,0.444444,0.284335,0.206536,0.194444,0.295501,0.244575,0.428571,0.619749,0.207618
Pf2b31fcc76,211765,249_9678,249,9678,3,17,world,A,2016,2016-06-23,2016-07-03,7,116.85,17.1585,6,191,171,16.9215,0.517517,24.3047,13.9298,6.67868,9.92726,8.20946,4.09228,3.76551,2.77559,2.1245,6.16175,5.43387,2.64062,2.39623,2.6531,1.83642,1.7116,1.85697,1.24533,3.08087,0.669885,0.963228,3.76551,3.64504,1.46955,28.4125,13.7052,8.47552,22.9902,18.8523,5.48244,0.632123,0.446186,0.125912,0.61,0.416886,0.129648,0.48,0.303263,0.224477,0.28,0.349537,0.221993,0.714286,0.59047,0.214261
Pf372901c0b,299418,264_208419,264,208419,1,18,continental,B,2021,2021-08-03,2021-08-08,5,99.7667,16.9394,,382,298,17.7192,0.5765,18.443,13.777,5.81512,12.0281,7.63314,3.65574,6.41497,2.30223,1.83318,5.6131,5.33091,2.42478,0.400936,3.15853,2.24178,0.801871,2.10172,1.26077,1.60374,0.729244,0.983184,3.20748,3.68721,1.95891,19.2449,14.3677,7.81796,21.5383,18.3515,5.33413,0.503062,0.466242,0.126519,0.5,0.438414,0.136436,0,0.355961,0.207085,0.325,0.307845,0.312977,0.461538,0.631326,0.24402
Pf372901c0b,299418,263_208467,263,208467,3,18,continental,A,2022,2022-07-30,2022-08-07,7,179.217,17.936,5,192,178,18.0665,0.458603,21.6498,12.7271,5.13114,14.2844,7.50485,3.42645,4.01748,2.41208,1.79177,10.2669,5.09277,2.34343,2.67832,2.88276,1.95226,1.33916,1.86588,1.11475,1.33916,0.786662,0.980591,2.23194,3.28418,1.47693,29.0152,13.3037,7.03295,20.8463,17.3506,4.89876,0.581535,0.449834,0.108417,0.566176,0.4206,0.112884,0.147059,0.374508,0.220787,0.514706,0.294348,0.207957,0.571429,0.629545,0.240583
Pf372901c0b,299418,276_208303,276,208303,4,19,world,A,2023,2023-06-24,2023-07-02,7,193.567,18.8368,2,192,171,18.7974,0.613254,22.3179,14.5229,5.57383,15.7052,7.31327,3.5997,3.513,2.26354,1.97353,12.1922,5.04973,2.36409,3.9263,3.39522,2.10822,2.47977,1.87556,1.05134,1.44653,0.776271,1.07652,2.47977,3.03164,1.41202,36.3699,15.7805,7.34509,19.2843,17.7644,4.99257,0.664043,0.488426,0.11044,0.652174,0.45281,0.117257,0.0144928,0.375743,0.229382,0.405797,0.333211,0.259769,0.642857,0.671531,0.195633
Pf3b62cae3c,344867,276_208303,276,208303,4,19,world,A,2023,2023-06-24,2023-07-02,7,131.917,17.3337,4,192,171,18.7974,0.613254,19.7094,14.5229,5.57383,9.7031,7.31327,3.5997,2.12255,2.26354,1.97353,7.58054,5.04973,2.36409,6.36766,3.39522,2.10822,2.729,1.87556,1.05134,0.909665,0.776271,1.07652,0.909665,3.03164,1.41202,27.29,15.7805,7.34509,19.673,17.7644,4.99257,0.52521,0.488426,0.11044,0.45,0.45281,0.117257,0.4,0.375743,0.229382,0.54,0.333211,0.259769,0.740741,0.671531,0.195633
Pf3d3c05896,210252,256_5956,256,5956,3,18,continental,A,2014,2014-06-20,2014-06-24,5,103,18.1961,1,96,81,17.6768,0.737825,15.9223,14.8401,7.17248,10.4854,7.60001,3.65566,3.1068,2.58774,1.97745,7.37864,5.01227,2.34035,7.76699,2.48714,2.15138,1.94175,1.62935,1.06747,0,0.800831,1.28071,1.94175,3.36171,1.54118,28.7379,14.54,9.22335,14.5243,18.4608,5.62483,0.632716,0.48297,0.128417,0.607143,0.447499,0.128871,0.107143,0.302194,0.236163,0.357143,0.3827,0.227143,0.7,0.61851,0.207815
Pf46613d969,236076,276_10628,276,10628,4,19,world,A,2017,2017-07-01,2017-07-09,7,125.583,19.4446,3,192,173,18.7401,0.66399,20.0664,13.572,5.43385,6.37027,7.69236,3.66261,2.54811,2.52264,1.93466,3.82216,5.16972,2.34584,7.0073,3.5206,2.17842,3.50365,1.62705,0.99426,0.318514,0.496983,0.747174,3.50365,3.19164,1.50518,25.4811,14.0574,7.39114,19.5185,17.9216,4.88312,0.626492,0.455339,0.108314,0.6,0.425426,0.112649,0.511111,0.338891,0.227597,0.266667,0.343196,0.196751,0.75,0.596167,0.211854
Pf4a65045a1,248454,233_208084,233,208084,1,16,continental,B,2019,2019-08-08,2019-08-17,6,58.85,15.68,22,288,268,16.1022,0.426197,10.1954,12.882,5.46105,1.35939,7.85859,3.57255,0,2.59948,1.73419,1.35939,5.25911,2.33166,6.11725,2.65265,1.70667,2.71878,2.03871,1.19576,0,0.60544,0.847633,3.39847,3.63915,1.70862,5.43755,12.7205,7.24643,17.6449,18.2809,5.23124,0.357824,0.432827,0.102097,0.264706,0.408375,0.109062,0.647059,0.313009,0.215816,0.529412,0.281774,0.187672,0.666667,0.570291,0.207176
Pf54bd6bbc8,295096,235_208468,235,208468,2,16,continental,A,2022,2022-08-12,2022-08-20,7,171.75,16.2276,1,192,170,16.1669,0.389925,15.837,13.4344,6.24342,8.38428,7.27988,3.50314,3.02766,2.26579,1.80955,5.35662,5.01409,2.38799,5.82242,2.8975,1.70523,5.58952,2.05119,1.18652,0.465793,0.65318,0.839245,3.95924,3.60472,1.65091,20.4949,13.2768,7.50197,20.7837,18.17,5.54653,0.470653,0.452821,0.107401,0.444444,0.419064,0.113893,0.571429,0.350441,0.208911,0.333333,0.337299,0.221067,0.571429,0.600701,0.196135
Pf54bd6bbc8,295096,263_208564,263,208564,3,18,continental,A,2023,2023-07-22,2023-07-30,7,161.9,17.1694,11,192,172,17.8257,0.512341,22.483,14.3028,5.69381,7.65905,7.25277,3.03004,1.72946,2.26854,1.70528,5.92959,4.98423,2.08958,6.67078,3.04741,2.16666,0.988264,1.824,1.05533,0.247066,0.81112,1.10455,4.44719,3.31206,1.50867,24.9537,15.1091,7.1839,22.1668,17.7115,4.89973,0.634412,0.490444,0.111432,0.509091,0.459284,0.119468,0.472727,0.343031,0.214885,0.690909,0.347734,0.228821,0.921053,0.63379,0.217634
Pf62abcdcde,196372,233_7365,233,7365,1,16,continental,B,2013,2013-08-08,2013-08-18,9,214,16.2413,3,263,239,16.124,0.410711,26.1682,12.0862,5.32344,9.90654,7.29253,3.23305,2.05607,2.40122,1.63881,7.85047,4.89131,2.14269,1.30841,2.36151,1.56242,3.17757,2.04559,1.17063,0.560748,0.526736,0.776633,2.24299,3.95364,1.57257,27.1028,11.5086,6.64773,24.1869,17.4936,4.63301,0.596252,0.433738,0.111885,0.54902,0.409525,0.118841,0.441176,0.283241,0.214721,0.343137,0.284452,0.194005,0.8,0.572961,0.223038
Pf62abcdcde,196372,261_7866,261,7866,1,18,continental,B,2014,2014-07-24,2014-08-03,8,161,17.1995,3,261,237,17.8211,0.538707,18.882,12.02,4.79677,9.44099,7.24838,3.16814,2.73292,2.15792,1.49421,6.70807,5.09045,2.19666,1.49068,2.45367,1.90335,1.24224,1.74161,1.07428,0.745342,0.593376,0.842599,2.48447,3.36847,1.47299,21.6149,12.2457,6.50613,17.6795,16.4929,4.26809,0.621321,0.453412,0.112597,0.590909,0.425727,0.121642,0.545455,0.304478,0.208738,0.254545,0.292819,0.201031,0.785714,0.617402,0.20892
Pf62abcdcde,196372,263_9135,263,9135,3,18,continental,A,2015,2015-07-23,2015-08-02,9,258,18.1961,13,192,177,17.9662,0.519657,25.4264,12.9828,5.3337,8.83721,7.27259,3.08145,2.63566,2.32106,1.75843,6.20155,4.95154,1.861,1.24031,2.86759,2.03248,2.63566,1.81922,0.975622,1.24031,0.648987,0.813504,2.94574,3.05876,1.3906,27.4419,13.6602,6.08357,22.3752,16.9507,4.78429,0.654325,0.459152,0.101695,0.598039,0.431772,0.106165,0.284314,0.349507,0.205678,0.519608,0.277712,0.163494,0.792453,0.615139,0.207628
Pf634b73f97,188805,276_4346,276,4346,4,19,world,A,2011,2011-06-30,2011-07-10,5,56,18.7464,5,192,170,18.6783,0.680358,12.8571,13.9628,5.5381,6.42857,6.96907,3.32639,0.714286,2.2765,1.60615,5.71429,4.69256,2.26884,5,2.54793,1.8548,2.85714,1.36418,0.869805,0,0.642267,0.93216,4.28571,2.87201,1.41472,12.1429,14.0555,7.05949,18.7143,17.0082,4.58642,0.445545,0.486074,0.11285,0.472222,0.453588,0.118095,0.666667,0.291718,0.211296,0.277778,0.314934,0.203526,0.2,0.647068,0.216658
Pf6658be174,203180,225_5339,225,5339,2,16,continental,A,2013,2013-06-11,2013-06-15,5,110,16.3124,1,96,73,15.869,0.45778,29.4545,13.2565,5.84565,4.72727,8.77675,4.15857,0.727273,3.27951,2.5446,4,5.49724,2.29527,3.63636,2.85525,2.04582,5.09091,2.08748,1.25301,0,1.11343,1.64152,2.18182,3.72731,2.07111,27.2727,13.5197,10.0595,27.6945,19.3832,5.13454,0.577252,0.420538,0.116148,0.546875,0.393257,0.123037,0.4375,0.250883,0.223798,0.21875,0.367652,0.243795,0.785714,0.538447,0.213621
Pf6658be174,203180,249_5075,249,5075,3,17,world,A,2014,2014-08-08,2014-08-16,7,176.45,17.4815,1,192,173,17.0583,0.489002,23.5761,13.6034,6.14842,7.70757,7.6474,3.67246,1.36016,2.55281,1.94621,6.34741,5.0946,2.20776,4.76056,2.14955,1.47007,1.13347,1.80889,1.11705,0.226693,0.718134,1.07747,2.72032,3.23583,1.51772,22.896,13.5763,8.92179,23.9116,17.7478,5.19007,0.556269,0.460191,0.126088,0.546512,0.428331,0.130989,0.383721,0.299498,0.224593,0.197674,0.302479,0.220999,0.588235,0.637699,0.213798
Pf77538a69a,177356,329_5781,329,5781,1,15,zone,B,2009,2009-09-27,2009-10-04,7,131,14.6533,1,84,75,15.2827,0.397427,16.4885,12.0736,5.75745,8.24427,7.20703,3.47709,4.27481,2.43653,1.4824,3.96947,4.7705,2.46633,2.1374,2.41079,1.37579,2.44275,2.64486,1.26573,0,0.0759007,0.253205,4.8855,5.17883,1.85429,13.7405,8.96244,7.28868,21.545,19.7055,5.70148,0.494868,0.407934,0.11597,0.477273,0.380091,0.129835,0.0454545,0.278809,0.197374,0.545455,0.398191,0.239798,0.5,0.504205,0.182429
Pf77538a69a,177356,329_6170,329,6170,1,15,zone,B,2010,2010-10-02,2010-10-09,7,166,15.6663,1,96,88,15.4536,0.281734,25.3012,12.4919,5.33871,8.6747,7.18806,3.56623,3.13253,2.33319,1.70912,5.54217,4.85487,2.45568,2.16867,1.38708,1.18887,1.20482,1.9553,1.37269,0.963855,0.409201,0.579794,5.06024,3.7975,1.5514,25.5422,10.1104,7.88811,23.412,18.01,4.79574,0.689338,0.430784,0.10791,0.644068,0.404826,0.111214,0.0847458,0.250773,0.197015,0.661017,0.336941,0.21043,0.74359,0.552037,0.184377
Pf77538a69a,177356,225_4362,225,4362,2,16,continental,A,2011,2011-06-21,2011-06-25,5,134,16.3754,2,96,79,16.0746,0.368321,29.2537,14.8849,7.11669,12.2388,7.98521,3.84187,4.1791,2.63755,2.13904,8.0597,5.34767,2.3398,3.28358,3.07788,2.57357,2.08955,2.51032,1.5217,0.298507,0.996203,1.23148,3.28358,3.97283,2.00381,31.9403,15.7288,9.61162,27.1761,19.5233,5.8083,0.612194,0.468404,0.128217,0.532258,0.43123,0.138267,0.225806,0.239806,0.198378,0.66129,0.36962,0.278674,0.780488,0.607853,0.231603
Pf77538a69a,177356,333_6543,333,6543,1,17,zone,B,2011,2011-07-16,2011-07-23,8,167,16.4521,2,96,91,16.9804,0.433528,17.485,10.6243,5.27783,8.14371,6.80681,3.56192,2.15569,2.39195,1.74198,5.98802,4.41486,2.36439,0.718563,1.33063,1.11897,0.718563,1.33076,0.905798,0.958084,0.546748,0.936374,2.87425,3.07331,1.3568,17.006,7.28807,6.26573,18.2036,17.1752,5.67701,0.570312,0.366121,0.109588,0.528302,0.33899,0.118904,0.207547,0.25676,0.213491,0.471698,0.309236,0.176768,0.68,0.507462,0.215063
Pf77538a69a,177356,256_5945,256,5945,3,18,continental,A,2012,2012-06-16,2012-06-20,5,108,17.3638,4,96,80,17.9007,0.472012,29.2593,14.2097,6.14818,8.88889,7.7057,3.36499,2.59259,2.6725,1.7711,6.2963,5.0332,2.3477,0.740741,2.47597,2.11325,1.11111,1.65812,1.22673,1.11111,0.702188,0.969721,2.96296,3.18262,1.66406,32.2222,13.6619,8.50932,22.4,18.4581,5.47669,0.752668,0.462358,0.129545,0.7,0.429614,0.138616,0.155556,0.263251,0.200682,0.377778,0.403774,0.24661,0.941176,0.570351,0.204803
Pf77538a69a,177356,249_5078,249,5078,3,17,world,A,2012,2012-06-29,2012-07-08,8,238,17.4131,6,142,127,17.0259,0.435933,28.9076,14.1972,5.55481,9.7479,7.45001,3.12231,2.01681,2.5366,1.74237,7.73109,4.91341,1.92891,1.68067,2.59121,2.03869,1.0084,1.89863,1.07827,0.672269,0.788481,1.13416,3.52941,3.46465,1.79913,29.916,14.4239,7.24874,25.358,18.219,4.61878,0.66215,0.473827,0.0968412,0.593458,0.443589,0.101275,0.130841,0.293986,0.229186,0.485981,0.271897,0.197866,0.865385,0.661614,0.195417
Pf77538a69a,177356,276_7488,276,7488,4,19,world,A,2013,2013-06-27,2013-07-07,8,151.3,18.4097,12,190,163,18.6423,0.696247,14.0119,13.7502,5.42509,8.72439,7.333,3.37317,3.1725,2.38567,1.71678,5.55188,4.94733,2.1867,3.70126,2.21367,1.7035,0.528751,1.54796,0.991925,1.0575,0.727447,1.05025,3.1725,3.00673,1.31394,12.4256,13.6671,7.8175,22.2498,17.2721,4.36533,0.367239,0.477564,0.117473,0.30303,0.446105,0.124661,0.106061,0.299706,0.235645,0.212121,0.319875,0.182303,0.928571,0.62505,0.182817
Pf781dda14b,203181,225_5339,225,5339,2,16,continental,A,2013,2013-06-11,2013-06-15,5,92,16.359,1,96,73,15.869,0.45778,26.087,13.2565,5.84565,21.3043,8.77675,4.15857,10.8696,3.27951,2.5446,10.4348,5.49724,2.29527,3.04348,2.85525,2.04582,2.6087,2.08748,1.25301,5.65217,1.11343,1.64152,4.34783,3.72731,2.07111,45.6522,13.5197,10.0595,24.9043,19.3832,5.13454,0.634518,0.420538,0.116148,0.619048,0.393257,0.123037,0,0.250883,0.223798,0.285714,0.367652,0.243795,0.666667,0.538447,0.213621
Pf781dda14b,203181,249_5075,249,5075,3,17,world,A,2014,2014-08-08,2014-08-16,6,59.8,17.5281,1,192,173,17.0583,0.489002,19.398,13.6034,6.14842,13.3779,7.6474,3.67246,4.68227,2.55281,1.94621,8.69565,5.0946,2.20776,1.33779,2.14955,1.47007,2.00669,1.80889,1.11705,0.668896,0.718134,1.07747,4.68227,3.23583,1.51772,27.4247,13.5763,8.92179,17.7391,17.7478,5.19007,0.742828,0.460191,0.126088,0.75,0.428331,0.130989,0,0.299498,0.224593,0.5,0.302479,0.220999,0.625,0.637699,0.213798
Pf78412d8c5,183099,235_5815,235,5815,2,16,continental,A,2010,2010-08-05,2010-08-15,8,164,15.2392,6,192,175,16.1841,0.37593,8.78049,11.8121,4.62055,9.7561,6.80615,2.82632,2.68293,2.2263,1.50642,7.07317,4.57985,1.86826,0.97561,2.06109,1.51244,1.21951,1.69459,0.965717,0.487805,0.437703,0.666645,2.19512,3.25853,1.54089,13.6585,11.2208,6.2424,10.7122,16.0983,4.17211,0.515464,0.45471,0.10913,0.481481,0.426203,0.115971,0,0.332073,0.220237,0.666667,0.315218,0.198474,0.555556,0.591517,0.206232
Pf78412d8c5,183099,235_6392,235,6392,2,16,continental,A,2011,2011-07-28,2011-08-07,9,257,16.2166,4,192,179,16.1188,0.398839,20.856,12.9622,5.36941,10.8949,6.80125,2.9956,2.80156,2.25598,1.40936,8.09339,4.54527,2.04091,2.02335,2.64245,1.80832,2.02335,1.85522,1.0231,2.17899,0.477887,0.656716,5.13619,3.55796,1.51276,21.323,12.5779,6.58699,25.3385,17.2823,4.94242,0.516179,0.465276,0.107645,0.454545,0.432676,0.108941,0.227273,0.271484,0.201794,0.409091,0.332399,0.211663,0.755556,0.622716,0.200533
Pf78412d8c5,183099,249_5078,249,5078,3,17,world,A,2012,2012-06-29,2012-07-08,7,172,17.1366,10,142,127,17.0259,0.435933,17.6744,14.1972,5.55481,12.5581,7.45001,3.12231,3.48837,2.5366,1.74237,9.06977,4.91341,1.92891,3.95349,2.59121,2.03869,3.48837,1.89863,1.07827,1.62791,0.788481,1.13416,3.72093,3.46465,1.79913,23.2558,14.4239,7.24874,23.6558,18.219,4.61878,0.443304,0.473827,0.0968412,0.44375,0.443589,0.101275,0.1625,0.293986,0.229186,0.1625,0.271897,0.197866,0.384615,0.661614,0.195417
Pf78412d8c5,183099,263_7344,263,7344,3,18,continental,A,2013,2013-07-18,2013-07-28,9,238,18.1907,7,191,174,17.9125,0.508753,17.8151,13.0135,4.58007,11.2605,7.05119,3.208,2.18487,2.27233,1.65453,9.07563,4.77885,2.03852,5.88235,2.35798,1.62572,1.68067,1.48397,0.869493,0.504202,0.609971,0.931135,3.19328,2.93491,1.39893,23.6975,13.0399,6.10422,20.8739,16.6348,4.08793,0.503802,0.470941,0.0888453,0.456522,0.437653,0.0951866,0.336957,0.320932,0.214645,0.326087,0.292855,0.172068,0.733333,0.635504,0.213807
Pf825457ab4,188880,276_4346,276,4346,4,19,world,A,2011,2011-06-30,2011-07-10,9,182,19.3159,5,192,170,18.6783,0.680358,18.6813,13.9628,5.5381,4.17582,6.96907,3.32639,1.31868,2.2765,1.60615,2.85714,4.69256,2.26884,3.51648,2.54793,1.8548,1.97802,1.36418,0.869805,0.43956,0.642267,0.93216,2.41758,2.87201,1.41472,17.3626,14.0555,7.05949,19.0769,17.0082,4.58642,0.560686,0.486074,0.11285,0.507463,0.453588,0.118095,0.552239,0.291718,0.211296,0.298507,0.314934,0.203526,0.85,0.647068,0.216658
Pf85863f4bd,267726,225_208099,225,208099,2,16,continental,A,2019,2019-06-03,2019-06-09,6,127.417,15.3076,1,96,82,15.9931,0.362163,24.8005,14.0207,6.92005,7.84827,8.39512,3.96603,2.82538,3.00093,2.28479,5.02289,5.39419,2.36902,5.65075,3.10598,2.34284,2.19751,2.01293,1.26766,0.627861,0.940448,1.11345,5.96468,3.27809,1.55109,20.4055,15.1855,8.63529,31.6442,18.825,5.93787,0.482885,0.442597,0.113342,0.417808,0.409751,0.124281,0.219178,0.283453,0.207219,0.273973,0.290908,0.222077,0.9,0.623001,0.223745
Pf9ebd1b271,203348,225_5339,225,5339,2,16,continental,A,2013,2013-06-11,2013-06-15,5,160,16.307,3,96,73,15.869,0.45778,21.75,13.2565,5.84565,7,8.77675,4.15857,1.25,3.27951,2.5446,5.75,5.49724,2.29527,3.25,2.85525,2.04582,3,2.08748,1.25301,0.25,1.11343,1.64152,2,3.72731,2.07111,23.25,13.5197,10.0595,20.59,19.3832,5.13454,0.584992,0.420538,0.116148,0.545455,0.393257,0.123037,0.439394,0.250883,0.223798,0.287879,0.367652,0.243795,0.789474,0.538447,0.213621
Pf9ebd1b271,203348,249_5075,249,5075,3,17,world,A,2014,2014-08-08,2014-08-16,7,189.567,17.4761,6,192,173,17.0583,0.489002,24.2659,13.6034,6.14842,6.75224,7.6474,3.67246,1.47705,2.55281,1.94621,5.27519,5.0946,2.20776,4.22015,2.14955,1.47007,1.68806,1.80889,1.11705,0.211008,0.718134,1.07747,0.633023,3.23583,1.51772,24.6879,13.5763,8.92179,22.4765,17.7478,5.19007,0.555448,0.460191,0.126088,0.494382,0.428331,0.130989,0.393258,0.299498,0.224593,0.370787,0.302479,0.220999,0.818182,0.637699,0.213798
Pfa4c05beee,203182,225_5339,225,5339,2,16,continental,A,2013,2013-06-11,2013-06-15,5,100,16.3426,1,96,73,15.869,0.45778,27.2,13.2565,5.84565,14.4,8.77675,4.15857,7.2,3.27951,2.5446,7.2,5.49724,2.29527,1.2,2.85525,2.04582,1.2,2.08748,1.25301,5.2,1.11343,1.64152,4,3.72731,2.07111,32.4,13.5197,10.0595,28.048,19.3832,5.13454,0.565536,0.420538,0.116148,0.54,0.393257,0.123037,0,0.250883,0.223798,0.46,0.367652,0.243795,0.608696,0.538447,0.213621
Pfa4c05beee,203182,249_5075,249,5075,3,17,world,A,2014,2014-08-08,2014-08-16,7,164.283,17.5117,1,192,173,17.0583,0.489002,22.8873,13.6034,6.14842,16.5568,7.6474,3.67246,6.33053,2.55281,1.94621,10.2262,5.0946,2.20776,2.19134,2.14955,1.47007,0.243482,1.80889,1.11705,5.60008,0.718134,1.07747,3.89571,3.23583,1.51772,32.1396,13.5763,8.92179,25.1078,17.7478,5.19007,0.539486,0.460191,0.126088,0.525974,0.428331,0.130989,0.012987,0.299498,0.224593,0.298701,0.302479,0.220999,0.565217,0.637699,0.213798
Pfc32d168da,146455,263_4068,263,4068,3,18,continental,A,2006,2006-07-18,2006-07-27,4,24,17.947,5,192,161,17.9378,0.463248,6.66667,14.1964,5.48784,10,7.01645,3.36385,5,2.36669,1.82035,5,4.64975,2.02662,1.66667,2.29341,1.38476,0,1.73085,0.927802,3.33333,0.611494,0.863663,6.66667,3.22115,1.34554,13.3333,14.0597,6.31908,11.6667,17.3038,5.04807,0.666667,0.497884,0.0869021,0.666667,0.46465,0.104206,0,0.303888,0.207608,0,0.383594,0.304429,,0.629446,0.183775
Pfc32d168da,146455,276_3299,276,3299,4,19,world,A,2007,2007-07-12,2007-07-22,9,165,18.9326,1,192,177,18.6772,0.861009,18.4242,15.0242,6.32287,14.303,7.34207,3.43761,4.36364,2.58309,1.78912,9.93939,4.75898,2.24568,0.969697,2.48739,1.87525,0.484848,2.09591,1.22429,2.90909,0.576986,0.923846,5.57576,3.59835,1.49835,22.303,14.939,7.42931,21.1297,18.3344,5.1284,0.592269,0.501247,0.112236,0.595745,0.471644,0.119445,0.0425532,0.331902,0.236569,0.829787,0.386782,0.254493,0.512821,0.621503,0.199964
Pfc4c07b799,251870,256_6366,256,6366,3,18,continental,A,2018,2018-06-10,2018-06-16,6,190.167,17.5801,6,96,77,17.828,0.525502,22.0859,15.5566,6.39686,7.99299,7.77187,3.98199,2.5241,2.65775,2.03709,5.46889,5.11411,2.64736,4.41718,3.78512,2.52326,1.26205,1.61263,0.882308,0.210342,0.880985,1.00481,3.78615,2.9353,1.21748,21.6652,17.4064,9.44377,22.3635,18.4751,4.87942,0.594429,0.491529,0.127491,0.552632,0.463231,0.128982,0.565789,0.303395,0.213193,0.368421,0.260848,0.177817,0.75,0.684055,0.226582
Pfc8df2f375,298113,264_208419,264,208419,1,18,continental,B,2021,2021-08-03,2021-08-08,5,105.733,17.5007,,382,298,17.7192,0.5765,22.3203,13.777,5.81512,8.32282,7.63314,3.65574,1.89155,2.30223,1.83318,6.43127,5.33091,2.42478,1.89155,3.15853,2.24178,2.64817,2.10172,1.26077,1.51324,0.729244,0.983184,4.53972,3.68721,1.95891,24.5902,14.3677,7.81796,20.6557,18.3515,5.33413,0.692488,0.466242,0.126519,0.680556,0.438414,0.136436,0.388889,0.355961,0.207085,0.416667,0.307845,0.312977,0.666667,0.631326,0.24402
Pfc8df2f375,298113,276_208303,276,208303,4,19,world,A,2023,2023-06-24,2023-07-02,7,144.767,19.3981,1,192,171,18.7974,0.613254,18.2362,14.5229,5.57383,11.6049,7.31327,3.5997,2.76307,2.26354,1.97353,8.84181,5.04973,2.36409,2.48676,3.39522,2.10822,1.10523,1.87556,1.05134,1.38153,0.776271,1.07652,1.65784,3.03164,1.41202,25.1439,15.7805,7.34509,17.1531,17.7644,4.99257,0.588445,0.488426,0.11044,0.584906,0.45281,0.117257,0.528302,0.375743,0.229382,0.132075,0.333211,0.259769,0.571429,0.671531,0.195633
Pfd12de1732,321418,233_208469,233,208469,1,16,continental,B,2022,2022-08-11,2022-08-20,8,184.767,16.3836,1,264,235,16.0939,0.435636,28.5766,13.2498,5.95751,3.68032,7.91132,3.57399,1.51542,2.66092,1.72709,2.16489,5.25039,2.36716,4.76276,3.23542,2.1413,1.9484,2.28727,1.26085,0,0.769455,1.02446,3.24734,3.90441,1.85857,27.4941,13.9222,7.82957,22.766,18.7033,5.63359,0.732032,0.439521,0.117889,0.714286,0.416873,0.119502,0.47619,0.330725,0.21047,0.166667,0.259192,0.200959,0.857143,0.582838,0.22571
Pfd12de1732,321418,263_208564,263,208564,3,18,continental,A,2023,2023-07-22,2023-07-30,7,204.3,17.3255,3,192,172,17.8257,0.512341,19.1875,14.3028,5.69381,3.91581,7.25277,3.03004,1.95791,2.26854,1.70528,1.95791,4.98423,2.08958,2.93686,3.04741,2.16666,3.32844,1.824,1.05533,0,0.81112,1.10455,2.34949,3.31206,1.50867,15.4674,15.1091,7.1839,21.7797,17.7115,4.89973,0.493753,0.490444,0.111432,0.455556,0.459284,0.119468,0.377778,0.343031,0.214885,0.233333,0.347734,0.228821,0.761905,0.63379,0.217634
Pfd95ad31d4,195957,256_5945,256,5945,3,18,continental,A,2012,2012-06-16,2012-06-20,5,61,18.2892,1,96,80,17.9007,0.472012,24.918,14.2097,6.14818,13.1148,7.7057,3.36499,1.96721,2.6725,1.7711,11.1475,5.0332,2.3477,2.62295,2.47597,2.11325,2.62295,1.65812,1.22673,1.96721,0.702188,0.969721,2.62295,3.18262,1.66406,32.7869,13.6619,8.50932,21.6918,18.4581,5.47669,0.65337,0.462358,0.129545,0.653846,0.429614,0.138616,0.576923,0.263251,0.200682,0.269231,0.403774,0.24661,0.571429,0.570351,0.204803
Pfe5913c014,226598,235_10522,235,10522,2,16,continental,A,2017,2017-08-11,2017-08-19,7,203.15,16.0633,1,192,171,16.2315,0.379426,22.8403,13.0005,5.38737,9.64804,7.45748,3.36127,1.57519,2.64078,1.6751,8.07285,4.81671,2.34468,7.08836,2.40527,1.64318,3.74108,1.91319,1.04947,0.590697,0.437885,0.600186,4.13488,3.35591,1.43616,31.11,12.4646,6.84302,22.5961,17.7215,5.02431,0.618601,0.447742,0.10913,0.567901,0.41867,0.122632,0.382716,0.339637,0.209153,0.358025,0.300941,0.219282,0.827586,0.623009,0.186015
Pfe5913c014,226598,249_6362,249,6362,3,17,world,A,2018,2018-06-30,2018-07-08,7,190.017,16.9476,2,192,164,16.8926,0.549015,23.7874,13.6297,6.29877,5.2627,7.82266,3.91205,1.68406,2.57156,1.90715,3.57863,5.2511,2.60945,4.84168,2.92738,1.79192,3.99965,2.03945,1.2786,2.10508,0.8843,1.12185,3.57863,3.58085,1.74045,25.8925,14.2974,8.36935,24.5621,18.3289,5.60027,0.566814,0.451383,0.118515,0.533333,0.422609,0.127554,0.266667,0.299801,0.212952,0.244444,0.310662,0.212748,0.772727,0.624098,0.182167
Pff1fab2e32,135566,235_214,235,214,1,16,continental,A,2001,2000-08-02,2000-08-20,4,43,14.8176,,277,198,15.225,0.351382,8.37209,12.7918,6.49654,8.37209,6.58788,3.58284,0.930233,2.46874,2.06945,7.44186,4.11914,2.06544,0.930233,1.76661,1.53955,0.930233,2.1677,1.53675,0,0.0140194,0.0924703,3.72093,3.16734,1.50899,9.30233,11.3421,8.68987,12.6884,16.7918,5.54912,0.466805,0.457692,0.133814,0.285714,0.432184,0.143931,0,0.239713,0.208869,0.857143,0.391707,0.257231,0.833333,0.557404,0.241747
Pff1fab2e32,135566,235_213,235,213,1,16,continental,A,2001,2001-04-04,2001-04-08,4,17,15.45,,214,165,15.8924,0.462893,9.41176,14.3816,6.0778,9.41176,7.31015,3.20006,2.35294,2.59754,1.91797,7.05882,4.71261,2.06152,0,1.6667,1.40012,9.41176,2.5647,1.38193,0,0.199109,0.472949,4.70588,3.65208,1.50762,9.41176,14.0911,7.59774,23.5294,17.6298,5.04167,0.25,0.510537,0.139576,0.25,0.480061,0.149592,0.125,0.246137,0.218186,0,0.39499,0.262573,,0.619102,0.226488
Pff1fab2e32,135566,263_2886,263,2886,2,18,continental,A,2002,2002-04-16,2002-05-01,5,70,16.5123,,215,171,17.6684,0.638695,9.14286,14.6204,6.12192,10.2857,7.00378,3.82327,1.14286,2.37113,1.9328,9.14286,4.63265,2.45718,1.71429,2.22423,1.5258,1.71429,2.11906,1.25803,2.85714,0.661502,0.980784,2.28571,3.34676,1.59983,13.1429,14.1894,8.33006,16.1143,18.0781,4.77723,0.330579,0.491982,0.136556,0.318182,0.460447,0.145329,0.181818,0.28294,0.203308,0.227273,0.395805,0.29325,0.4,0.630283,0.185994
Pff77feae98,189120,225_4362,225,4362,2,16,continental,A,2011,2011-06-21,2011-06-25,2,25,15.0722,1,96,79,16.0746,0.368321,25.6,14.8849,7.11669,6.4,7.98521,3.84187,3.2,2.63755,2.13904,3.2,5.34767,2.3398,0,3.07788,2.57357,1.6,2.51032,1.5217,1.6,0.996203,1.23148,6.4,3.97283,2.00381,20.8,15.7288,9.61162,27.008,19.5233,5.8083,0.621118,0.468404,0.128217,0.583333,0.43123,0.138267,0.166667,0.239806,0.198378,0.166667,0.36962,0.278674,1,0.607853,0.231603
Pff77feae98,189120,249_5078,249,5078,3,17,world,A,2012,2012-06-29,2012-07-08,8,147,16.1098,1,142,127,17.0259,0.435933,16.8707,14.1972,5.55481,10.6122,7.45001,3.12231,5.17007,2.5366,1.74237,5.44218,4.91341,1.92891,3.26531,2.59121,2.03869,2.9932,1.89863,1.07827,0.816327,0.788481,1.13416,5.98639,3.46465,1.79913,17.415,14.4239,7.24874,23.9456,18.219,4.61878,0.469697,0.473827,0.0968412,0.418182,0.443589,0.101275,0.0545455,0.293986,0.229186,0.454545,0.271897,0.197866,0.64,0.661614,0.195417
Pff77feae98,189120,256_5956,256,5956,3,18,continental,A,2014,2014-06-20,2014-06-24,5,81,18.0702,1,96,81,17.6768,0.737825,34.5679,14.8401,7.17248,13.3333,7.60001,3.65566,6.41975,2.58774,1.97745,6.91358,5.01227,2.34035,2.46914,2.48714,2.15138,5.4321,1.62935,1.06747,0.493827,0.800831,1.28071,3.95062,3.36171,1.54118,34.0741,14.54,9.22335,36.2272,18.4608,5.62483,0.535496,0.48297,0.128417,0.508772,0.447499,0.128871,0.245614,0.302194,0.236163,0.333333,0.3827,0.227143,0.631579,0.61851,0.207815
