pid,draft_year,source_id,source_date,draft_date,metric,value,publisher_date_verified,body_fact_verified,archive_snapshot_verified,feature_eligible,quarantine_reason
Peb88f22502,2010,dx2010sf,2010-06-12,2010-06-24,report_overall_ppp,1.021,True,True,False,False,No pre-draft archived body captured; sparse cohort coverage requires development-only pilot registration
Peb88f22502,2010,dx2010sf,2010-06-12,2010-06-24,report_poss_pg,15.1,True,True,False,False,No pre-draft archived body captured; sparse cohort coverage requires development-only pilot registration
Peb88f22502,2010,dx2010sf,2010-06-12,2010-06-24,report_turnover_pct,13.3,True,True,False,False,No pre-draft archived body captured; sparse cohort coverage requires development-only pilot registration
Peb88f22502,2010,dx2010sf,2010-06-12,2010-06-24,report_shots_fouled_pct,6.3,True,True,False,False,No pre-draft archived body captured; sparse cohort coverage requires development-only pilot registration
Peb88f22502,2010,dx2010sf,2010-06-12,2010-06-24,report_post_ppp,0.979,True,True,False,False,No pre-draft archived body captured; sparse cohort coverage requires development-only pilot registration
Peb88f22502,2010,dx2010sf,2010-06-12,2010-06-24,report_post_poss_pg,1.4,True,True,False,False,No pre-draft archived body captured; sparse cohort coverage requires development-only pilot registration
Peb88f22502,2010,dx2010sf,2010-06-12,2010-06-24,report_cut_poss_pct,16.1,True,True,False,False,No pre-draft archived body captured; sparse cohort coverage requires development-only pilot registration
Peb88f22502,2010,dx2010sf,2010-06-12,2010-06-24,report_putback_ppp,1.379,True,True,False,False,No pre-draft archived body captured; sparse cohort coverage requires development-only pilot registration
Peb88f22502,2010,dx2010sf,2010-06-12,2010-06-24,report_jump_ppp,0.965,True,True,False,False,No pre-draft archived body captured; sparse cohort coverage requires development-only pilot registration
Peb88f22502,2010,dx2010sf,2010-06-12,2010-06-24,report_jump_fg_pct,36.5,True,True,False,False,No pre-draft archived body captured; sparse cohort coverage requires development-only pilot registration
Peb88f22502,2010,dx2010sf,2010-06-12,2010-06-24,report_finish_ppp,1.23,True,True,False,False,No pre-draft archived body captured; sparse cohort coverage requires development-only pilot registration
P297adbbd5f,2010,dx2010sf,2010-06-12,2010-06-24,report_overall_ppp,0.841,True,True,False,False,No pre-draft archived body captured; sparse cohort coverage requires development-only pilot registration
P297adbbd5f,2010,dx2010sf,2010-06-12,2010-06-24,report_jump_fg_pct,24,True,True,False,False,No pre-draft archived body captured; sparse cohort coverage requires development-only pilot registration
P297adbbd5f,2010,dx2010sf,2010-06-12,2010-06-24,report_rim_fg_pct,48.9,True,True,False,False,No pre-draft archived body captured; sparse cohort coverage requires development-only pilot registration
P297adbbd5f,2010,dx2010sf,2010-06-12,2010-06-24,report_halfcourt_shots_fouled_pct,9.9,True,True,False,False,No pre-draft archived body captured; sparse cohort coverage requires development-only pilot registration
P297adbbd5f,2010,dx2010sf,2010-06-12,2010-06-24,report_putback_poss_pg,3.1,True,True,False,False,No pre-draft archived body captured; sparse cohort coverage requires development-only pilot registration
P7f86ce09cc,2010,dx2010sf,2010-06-12,2010-06-24,report_turnover_pct,18.8,True,True,False,False,No pre-draft archived body captured; sparse cohort coverage requires development-only pilot registration
P7f86ce09cc,2010,dx2010sf,2010-06-12,2010-06-24,report_isolation_turnover_pct,30,True,True,False,False,No pre-draft archived body captured; sparse cohort coverage requires development-only pilot registration
P7f86ce09cc,2010,dx2010sf,2010-06-12,2010-06-24,report_transition_turnover_pct,25,True,True,False,False,No pre-draft archived body captured; sparse cohort coverage requires development-only pilot registration
P7f86ce09cc,2010,dx2010sf,2010-06-12,2010-06-24,report_transition_poss_pg,4.2,True,True,False,False,No pre-draft archived body captured; sparse cohort coverage requires development-only pilot registration
P7f86ce09cc,2010,dx2010sf,2010-06-12,2010-06-24,report_transition_ppp,1.127,True,True,False,False,No pre-draft archived body captured; sparse cohort coverage requires development-only pilot registration
P7f86ce09cc,2010,dx2010sf,2010-06-12,2010-06-24,report_spotup_fga_pg,3.5,True,True,False,False,No pre-draft archived body captured; sparse cohort coverage requires development-only pilot registration
P7f86ce09cc,2010,dx2010sf,2010-06-12,2010-06-24,report_spotup_ppp,1.056,True,True,False,False,No pre-draft archived body captured; sparse cohort coverage requires development-only pilot registration
P7f86ce09cc,2010,dx2010sf,2010-06-12,2010-06-24,report_open_catchshoot_pps,1.2,True,True,False,False,No pre-draft archived body captured; sparse cohort coverage requires development-only pilot registration
P7f86ce09cc,2010,dx2010sf,2010-06-12,2010-06-24,report_guarded_catchshoot_pps,0.862,True,True,False,False,No pre-draft archived body captured; sparse cohort coverage requires development-only pilot registration
P7f86ce09cc,2010,dx2010sf,2010-06-12,2010-06-24,report_pullup_pps,0.433,True,True,False,False,No pre-draft archived body captured; sparse cohort coverage requires development-only pilot registration
P7f86ce09cc,2010,dx2010sf,2010-06-12,2010-06-24,report_finish_pps,1.19,True,True,False,False,No pre-draft archived body captured; sparse cohort coverage requires development-only pilot registration
P7f86ce09cc,2010,dx2010sf,2010-06-12,2010-06-24,report_post_ppp,0.67,True,True,False,False,No pre-draft archived body captured; sparse cohort coverage requires development-only pilot registration
P7f86ce09cc,2010,dx2010sf,2010-06-12,2010-06-24,report_isolation_shots_fouled_pct,12.9,True,True,False,False,No pre-draft archived body captured; sparse cohort coverage requires development-only pilot registration
P10d0b75bed,2010,dx2010sf,2010-06-12,2010-06-24,report_overall_ppp,1.012,True,True,False,False,No pre-draft archived body captured; sparse cohort coverage requires development-only pilot registration
P10d0b75bed,2010,dx2010sf,2010-06-12,2010-06-24,report_poss_pg,12.1,True,True,False,False,No pre-draft archived body captured; sparse cohort coverage requires development-only pilot registration
P10d0b75bed,2010,dx2010sf,2010-06-12,2010-06-24,report_halfcourt_ppp,0.994,True,True,False,False,No pre-draft archived body captured; sparse cohort coverage requires development-only pilot registration
P10d0b75bed,2010,dx2010sf,2010-06-12,2010-06-24,report_spotup_poss_pct,35.9,True,True,False,False,No pre-draft archived body captured; sparse cohort coverage requires development-only pilot registration
P10d0b75bed,2010,dx2010sf,2010-06-12,2010-06-24,report_spotup_ppp,1.1,True,True,False,False,No pre-draft archived body captured; sparse cohort coverage requires development-only pilot registration
P10d0b75bed,2010,dx2010sf,2010-06-12,2010-06-24,report_guarded_catchshoot_pps,1.26,True,True,False,False,No pre-draft archived body captured; sparse cohort coverage requires development-only pilot registration
P10d0b75bed,2010,dx2010sf,2010-06-12,2010-06-24,report_open_catchshoot_pps,1.16,True,True,False,False,No pre-draft archived body captured; sparse cohort coverage requires development-only pilot registration
P10d0b75bed,2010,dx2010sf,2010-06-12,2010-06-24,report_pullup_fg_pct,28.6,True,True,False,False,No pre-draft archived body captured; sparse cohort coverage requires development-only pilot registration
P10d0b75bed,2010,dx2010sf,2010-06-12,2010-06-24,report_finish_fga_pg,2.1,True,True,False,False,No pre-draft archived body captured; sparse cohort coverage requires development-only pilot registration
P10d0b75bed,2010,dx2010sf,2010-06-12,2010-06-24,report_finish_ppp,1.12,True,True,False,False,No pre-draft archived body captured; sparse cohort coverage requires development-only pilot registration
P10d0b75bed,2010,dx2010sf,2010-06-12,2010-06-24,report_isolation_ppp,1.048,True,True,False,False,No pre-draft archived body captured; sparse cohort coverage requires development-only pilot registration
P10d0b75bed,2010,dx2010sf,2010-06-12,2010-06-24,report_post_ppp,1.2,True,True,False,False,No pre-draft archived body captured; sparse cohort coverage requires development-only pilot registration
P6f36cd1fed,2010,dx2010sf,2010-06-12,2010-06-24,report_overall_ppp,0.97,True,True,False,False,No pre-draft archived body captured; sparse cohort coverage requires development-only pilot registration
P6f36cd1fed,2010,dx2010sf,2010-06-12,2010-06-24,report_poss_pg,20.6,True,True,False,False,No pre-draft archived body captured; sparse cohort coverage requires development-only pilot registration
P6f36cd1fed,2010,dx2010sf,2010-06-12,2010-06-24,report_transition_ppp,0.9,True,True,False,False,No pre-draft archived body captured; sparse cohort coverage requires development-only pilot registration
P6f36cd1fed,2010,dx2010sf,2010-06-12,2010-06-24,report_halfcourt_ppp,0.98,True,True,False,False,No pre-draft archived body captured; sparse cohort coverage requires development-only pilot registration
P6f36cd1fed,2010,dx2010sf,2010-06-12,2010-06-24,report_halfcourt_poss_pg,18.1,True,True,False,False,No pre-draft archived body captured; sparse cohort coverage requires development-only pilot registration
P6f36cd1fed,2010,dx2010sf,2010-06-12,2010-06-24,report_turnover_pct,12.2,True,True,False,False,No pre-draft archived body captured; sparse cohort coverage requires development-only pilot registration
P6f36cd1fed,2010,dx2010sf,2010-06-12,2010-06-24,report_shots_fouled_pct,8.4,True,True,False,False,No pre-draft archived body captured; sparse cohort coverage requires development-only pilot registration
P6f36cd1fed,2010,dx2010sf,2010-06-12,2010-06-24,report_isolation_poss_pg,5.9,True,True,False,False,No pre-draft archived body captured; sparse cohort coverage requires development-only pilot registration
P6f36cd1fed,2010,dx2010sf,2010-06-12,2010-06-24,report_isolation_fg_pct,45.4,True,True,False,False,No pre-draft archived body captured; sparse cohort coverage requires development-only pilot registration
P6f36cd1fed,2010,dx2010sf,2010-06-12,2010-06-24,report_post_ppp,1.0,True,True,False,False,No pre-draft archived body captured; sparse cohort coverage requires development-only pilot registration
P6f36cd1fed,2010,dx2010sf,2010-06-12,2010-06-24,report_post_poss_pg,3.1,True,True,False,False,No pre-draft archived body captured; sparse cohort coverage requires development-only pilot registration
P6f36cd1fed,2010,dx2010sf,2010-06-12,2010-06-24,report_finish_ppp,1.26,True,True,False,False,No pre-draft archived body captured; sparse cohort coverage requires development-only pilot registration
P6f36cd1fed,2010,dx2010sf,2010-06-12,2010-06-24,report_pullup_fga_pg,4.6,True,True,False,False,No pre-draft archived body captured; sparse cohort coverage requires development-only pilot registration
P6f36cd1fed,2010,dx2010sf,2010-06-12,2010-06-24,report_pullup_fg_pct,42,True,True,False,False,No pre-draft archived body captured; sparse cohort coverage requires development-only pilot registration
P38bff88a77,2010,dx2010sf,2010-06-12,2010-06-24,report_overall_ppp,1.0,True,True,False,False,No pre-draft archived body captured; sparse cohort coverage requires development-only pilot registration
P38bff88a77,2010,dx2010sf,2010-06-12,2010-06-24,report_shots_fouled_pct,10.2,True,True,False,False,No pre-draft archived body captured; sparse cohort coverage requires development-only pilot registration
P38bff88a77,2010,dx2010sf,2010-06-12,2010-06-24,report_open_catchshoot_fg_pct,42.9,True,True,False,False,No pre-draft archived body captured; sparse cohort coverage requires development-only pilot registration
P38bff88a77,2010,dx2010sf,2010-06-12,2010-06-24,report_putback_poss_pg,2.0,True,True,False,False,No pre-draft archived body captured; sparse cohort coverage requires development-only pilot registration
P38bff88a77,2010,dx2010sf,2010-06-12,2010-06-24,report_cut_poss_pg,2.3,True,True,False,False,No pre-draft archived body captured; sparse cohort coverage requires development-only pilot registration
P38bff88a77,2010,dx2010sf,2010-06-12,2010-06-24,report_isolation_ppp,0.672,True,True,False,False,No pre-draft archived body captured; sparse cohort coverage requires development-only pilot registration
Pb46ac34cd7,2010,dx2010sf,2010-06-12,2010-06-24,report_overall_ppp,1.07,True,True,False,False,No pre-draft archived body captured; sparse cohort coverage requires development-only pilot registration
Pb46ac34cd7,2010,dx2010sf,2010-06-12,2010-06-24,report_poss_pg,20.0,True,True,False,False,No pre-draft archived body captured; sparse cohort coverage requires development-only pilot registration
Pb46ac34cd7,2010,dx2010sf,2010-06-12,2010-06-24,report_pickroll_poss_pg,2.9,True,True,False,False,No pre-draft archived body captured; sparse cohort coverage requires development-only pilot registration
P1402e898dc,2010,dx2010sf,2010-06-12,2010-06-24,report_finish_ppp,1.316,True,True,False,False,No pre-draft archived body captured; sparse cohort coverage requires development-only pilot registration
Pdc16ca4e2e,2010,dx2010sf,2010-06-12,2010-06-24,report_overall_ppp,1.066,True,True,False,False,No pre-draft archived body captured; sparse cohort coverage requires development-only pilot registration
Pdc16ca4e2e,2010,dx2010sf,2010-06-12,2010-06-24,report_isolation_ppp,0.972,True,True,False,False,No pre-draft archived body captured; sparse cohort coverage requires development-only pilot registration
Pdc16ca4e2e,2010,dx2010sf,2010-06-12,2010-06-24,report_pullup_fg_pct,42,True,True,False,False,No pre-draft archived body captured; sparse cohort coverage requires development-only pilot registration
P966e81614a,2010,dx2010sf,2010-06-12,2010-06-24,report_jump_ppp,0.592,True,True,False,False,No pre-draft archived body captured; sparse cohort coverage requires development-only pilot registration
P966e81614a,2010,dx2010sf,2010-06-12,2010-06-24,report_jump_fg_pct,28.2,True,True,False,False,No pre-draft archived body captured; sparse cohort coverage requires development-only pilot registration
P966e81614a,2010,dx2010sf,2010-06-12,2010-06-24,report_finish_ppp,1.1,True,True,False,False,No pre-draft archived body captured; sparse cohort coverage requires development-only pilot registration
Pcc98298533,2010,dx2010pf,2010-06-14,2010-06-24,report_poss_pg,12.1,True,True,False,False,No pre-draft archived body captured; sparse cohort coverage requires development-only pilot registration
Pcc98298533,2010,dx2010pf,2010-06-14,2010-06-24,report_overall_ppp,1.0,True,True,False,False,No pre-draft archived body captured; sparse cohort coverage requires development-only pilot registration
Pcc98298533,2010,dx2010pf,2010-06-14,2010-06-24,report_post_ppp,0.844,True,True,False,False,No pre-draft archived body captured; sparse cohort coverage requires development-only pilot registration
Pcc98298533,2010,dx2010pf,2010-06-14,2010-06-24,report_post_turnover_pct,21.5,True,True,False,False,No pre-draft archived body captured; sparse cohort coverage requires development-only pilot registration
P3f25ee2633,2010,dx2010pf,2010-06-14,2010-06-24,report_poss_pg,12.3,True,True,False,False,No pre-draft archived body captured; sparse cohort coverage requires development-only pilot registration
P3f25ee2633,2010,dx2010pf,2010-06-14,2010-06-24,report_overall_ppp,1.139,True,True,False,False,No pre-draft archived body captured; sparse cohort coverage requires development-only pilot registration
P3f25ee2633,2010,dx2010pf,2010-06-14,2010-06-24,report_turnover_pct,8.3,True,True,False,False,No pre-draft archived body captured; sparse cohort coverage requires development-only pilot registration
P3f25ee2633,2010,dx2010pf,2010-06-14,2010-06-24,report_spotup_poss_pct,18.0,True,True,False,False,No pre-draft archived body captured; sparse cohort coverage requires development-only pilot registration
P3f25ee2633,2010,dx2010pf,2010-06-14,2010-06-24,report_transition_poss_pct,16.0,True,True,False,False,No pre-draft archived body captured; sparse cohort coverage requires development-only pilot registration
P3f25ee2633,2010,dx2010pf,2010-06-14,2010-06-24,report_putback_poss_pct,15.4,True,True,False,False,No pre-draft archived body captured; sparse cohort coverage requires development-only pilot registration
P3f25ee2633,2010,dx2010pf,2010-06-14,2010-06-24,report_post_fg_pct,65.0,True,True,False,False,No pre-draft archived body captured; sparse cohort coverage requires development-only pilot registration
P3f25ee2633,2010,dx2010pf,2010-06-14,2010-06-24,report_jump_ppp,0.894,True,True,False,False,No pre-draft archived body captured; sparse cohort coverage requires development-only pilot registration
P3f25ee2633,2010,dx2010pf,2010-06-14,2010-06-24,report_finish_ppp,1.368,True,True,False,False,No pre-draft archived body captured; sparse cohort coverage requires development-only pilot registration
P502aba077e,2010,dx2010pf,2010-06-14,2010-06-24,report_overall_ppp,1.03,True,True,False,False,No pre-draft archived body captured; sparse cohort coverage requires development-only pilot registration
P502aba077e,2010,dx2010pf,2010-06-14,2010-06-24,report_poss_pg,13.0,True,True,False,False,No pre-draft archived body captured; sparse cohort coverage requires development-only pilot registration
P502aba077e,2010,dx2010pf,2010-06-14,2010-06-24,report_post_fg_pct,55.3,True,True,False,False,No pre-draft archived body captured; sparse cohort coverage requires development-only pilot registration
P502aba077e,2010,dx2010pf,2010-06-14,2010-06-24,report_jump_ppp,0.421,True,True,False,False,No pre-draft archived body captured; sparse cohort coverage requires development-only pilot registration
P502aba077e,2010,dx2010pf,2010-06-14,2010-06-24,report_finish_ppp,1.421,True,True,False,False,No pre-draft archived body captured; sparse cohort coverage requires development-only pilot registration
Pc781d37e72,2010,dx2010pf,2010-06-14,2010-06-24,report_poss_pg,21.2,True,True,False,False,No pre-draft archived body captured; sparse cohort coverage requires development-only pilot registration
Pc781d37e72,2010,dx2010pf,2010-06-14,2010-06-24,report_free_throw_poss_pct,24.1,True,True,False,False,No pre-draft archived body captured; sparse cohort coverage requires development-only pilot registration
Pc781d37e72,2010,dx2010pf,2010-06-14,2010-06-24,report_overall_ppp,0.909,True,True,False,False,No pre-draft archived body captured; sparse cohort coverage requires development-only pilot registration
Pe82bc0553e,2010,dx2010pf,2010-06-14,2010-06-24,report_overall_ppp,0.913,True,True,False,False,No pre-draft archived body captured; sparse cohort coverage requires development-only pilot registration
Pe82bc0553e,2010,dx2010pf,2010-06-14,2010-06-24,report_poss_pg,13.6,True,True,False,False,No pre-draft archived body captured; sparse cohort coverage requires development-only pilot registration
Pe82bc0553e,2010,dx2010pf,2010-06-14,2010-06-24,report_putback_poss_pct,16.5,True,True,False,False,No pre-draft archived body captured; sparse cohort coverage requires development-only pilot registration
Pe82bc0553e,2010,dx2010pf,2010-06-14,2010-06-24,report_free_throw_poss_pct,21.1,True,True,False,False,No pre-draft archived body captured; sparse cohort coverage requires development-only pilot registration
Pe03992058c,2010,dx2010pf,2010-06-14,2010-06-24,report_overall_ppp,1.03,True,True,False,False,No pre-draft archived body captured; sparse cohort coverage requires development-only pilot registration
Pe03992058c,2010,dx2010pf,2010-06-14,2010-06-24,report_shots_fouled_pct,13.4,True,True,False,False,No pre-draft archived body captured; sparse cohort coverage requires development-only pilot registration
Pe03992058c,2010,dx2010pf,2010-06-14,2010-06-24,report_jump_fga_pg,0.4,True,True,False,False,No pre-draft archived body captured; sparse cohort coverage requires development-only pilot registration
Pe03992058c,2010,dx2010pf,2010-06-14,2010-06-24,report_post_fg_pct,51.6,True,True,False,False,No pre-draft archived body captured; sparse cohort coverage requires development-only pilot registration
Pe03992058c,2010,dx2010pf,2010-06-14,2010-06-24,report_post_poss_pct,46.3,True,True,False,False,No pre-draft archived body captured; sparse cohort coverage requires development-only pilot registration
P54e531f2ec,2010,dx2010pf,2010-06-14,2010-06-24,report_overall_ppp,0.86,True,True,False,False,No pre-draft archived body captured; sparse cohort coverage requires development-only pilot registration
P54e531f2ec,2010,dx2010pf,2010-06-14,2010-06-24,report_post_poss_pg,6.9,True,True,False,False,No pre-draft archived body captured; sparse cohort coverage requires development-only pilot registration
Pb035a35ee9,2011,dx2011fw,2011-06-19,2011-06-23,report_poss_pg,16.4,True,True,False,False,No pre-draft archived body captured; sparse cohort coverage requires development-only pilot registration
Pb035a35ee9,2011,dx2011fw,2011-06-19,2011-06-23,report_overall_ppp,1.16,True,True,False,False,No pre-draft archived body captured; sparse cohort coverage requires development-only pilot registration
Pb035a35ee9,2011,dx2011fw,2011-06-19,2011-06-23,report_jump_shot_pct,25.0,True,True,False,False,No pre-draft archived body captured; sparse cohort coverage requires development-only pilot registration
Pb035a35ee9,2011,dx2011fw,2011-06-19,2011-06-23,report_jump_fg_pct,56.0,True,True,False,False,No pre-draft archived body captured; sparse cohort coverage requires development-only pilot registration
Pb035a35ee9,2011,dx2011fw,2011-06-19,2011-06-23,report_jump_pps,1.6,True,True,False,False,No pre-draft archived body captured; sparse cohort coverage requires development-only pilot registration
Pb035a35ee9,2011,dx2011fw,2011-06-19,2011-06-23,report_pullup_fga_total,5.0,True,True,False,False,No pre-draft archived body captured; sparse cohort coverage requires development-only pilot registration
Pb035a35ee9,2011,dx2011fw,2011-06-19,2011-06-23,report_isolation_ppp,1.3,True,True,False,False,No pre-draft archived body captured; sparse cohort coverage requires development-only pilot registration
Pb035a35ee9,2011,dx2011fw,2011-06-19,2011-06-23,report_post_ppp,1.06,True,True,False,False,No pre-draft archived body captured; sparse cohort coverage requires development-only pilot registration
Pb035a35ee9,2011,dx2011fw,2011-06-19,2011-06-23,report_pickroll_finish_ppp,1.37,True,True,False,False,No pre-draft archived body captured; sparse cohort coverage requires development-only pilot registration
Pb035a35ee9,2011,dx2011fw,2011-06-19,2011-06-23,report_cut_ppp,1.26,True,True,False,False,No pre-draft archived body captured; sparse cohort coverage requires development-only pilot registration
P575f19a655,2011,dx2011fw,2011-06-19,2011-06-23,report_overall_ppp,1.2,True,True,False,False,No pre-draft archived body captured; sparse cohort coverage requires development-only pilot registration
P69e13b90fc,2011,dx2011fw,2011-06-19,2011-06-23,report_jump_shot_pct,63.0,True,True,False,False,No pre-draft archived body captured; sparse cohort coverage requires development-only pilot registration
P69e13b90fc,2011,dx2011fw,2011-06-19,2011-06-23,report_isolation_ppp,0.99,True,True,False,False,No pre-draft archived body captured; sparse cohort coverage requires development-only pilot registration
P69e13b90fc,2011,dx2011fw,2011-06-19,2011-06-23,report_catchshoot_fga_pg,4.6,True,True,False,False,No pre-draft archived body captured; sparse cohort coverage requires development-only pilot registration
P69e13b90fc,2011,dx2011fw,2011-06-19,2011-06-23,report_catchshoot_fg_pct,34.0,True,True,False,False,No pre-draft archived body captured; sparse cohort coverage requires development-only pilot registration
P701bdb09e4,2011,dx2011fw,2011-06-19,2011-06-23,report_jump_shot_pct,56.0,True,True,False,False,No pre-draft archived body captured; sparse cohort coverage requires development-only pilot registration
P701bdb09e4,2011,dx2011fw,2011-06-19,2011-06-23,report_overall_ppp,0.86,True,True,False,False,No pre-draft archived body captured; sparse cohort coverage requires development-only pilot registration
P701bdb09e4,2011,dx2011fw,2011-06-19,2011-06-23,report_turnover_pct,14.2,True,True,False,False,No pre-draft archived body captured; sparse cohort coverage requires development-only pilot registration
P701bdb09e4,2011,dx2011fw,2011-06-19,2011-06-23,report_transition_poss_pg,3.0,True,True,False,False,No pre-draft archived body captured; sparse cohort coverage requires development-only pilot registration
P701bdb09e4,2011,dx2011fw,2011-06-19,2011-06-23,report_transition_ppp,0.905,True,True,False,False,No pre-draft archived body captured; sparse cohort coverage requires development-only pilot registration
P701bdb09e4,2011,dx2011fw,2011-06-19,2011-06-23,report_pullup_fga_pg,1.5,True,True,False,False,No pre-draft archived body captured; sparse cohort coverage requires development-only pilot registration
P701bdb09e4,2011,dx2011fw,2011-06-19,2011-06-23,report_pullup_fg_pct,29.0,True,True,False,False,No pre-draft archived body captured; sparse cohort coverage requires development-only pilot registration
P701bdb09e4,2011,dx2011fw,2011-06-19,2011-06-23,report_catchshoot_fg_pct,43.0,True,True,False,False,No pre-draft archived body captured; sparse cohort coverage requires development-only pilot registration
P701bdb09e4,2011,dx2011fw,2011-06-19,2011-06-23,report_catchshoot_pps,1.28,True,True,False,False,No pre-draft archived body captured; sparse cohort coverage requires development-only pilot registration
P268ca85d2e,2011,dx2011fw,2011-06-19,2011-06-23,report_poss_pg,16.4,True,True,False,False,No pre-draft archived body captured; sparse cohort coverage requires development-only pilot registration
P268ca85d2e,2011,dx2011fw,2011-06-19,2011-06-23,report_overall_ppp,1.12,True,True,False,False,No pre-draft archived body captured; sparse cohort coverage requires development-only pilot registration
P268ca85d2e,2011,dx2011fw,2011-06-19,2011-06-23,report_turnover_pct,10.5,True,True,False,False,No pre-draft archived body captured; sparse cohort coverage requires development-only pilot registration
P268ca85d2e,2011,dx2011fw,2011-06-19,2011-06-23,report_post_ppp,1.18,True,True,False,False,No pre-draft archived body captured; sparse cohort coverage requires development-only pilot registration
P268ca85d2e,2011,dx2011fw,2011-06-19,2011-06-23,report_jump_pps,0.96,True,True,False,False,No pre-draft archived body captured; sparse cohort coverage requires development-only pilot registration
P268ca85d2e,2011,dx2011fw,2011-06-19,2011-06-23,report_jump_fg_pct,38.0,True,True,False,False,No pre-draft archived body captured; sparse cohort coverage requires development-only pilot registration
P268ca85d2e,2011,dx2011fw,2011-06-19,2011-06-23,report_pullup_fga_pg,0.8,True,True,False,False,No pre-draft archived body captured; sparse cohort coverage requires development-only pilot registration
P268ca85d2e,2011,dx2011fw,2011-06-19,2011-06-23,report_pullup_fg_pct,42.0,True,True,False,False,No pre-draft archived body captured; sparse cohort coverage requires development-only pilot registration
P4ec69893f6,2011,dx2011fw,2011-06-19,2011-06-23,report_poss_pg,10.0,True,True,False,False,No pre-draft archived body captured; sparse cohort coverage requires development-only pilot registration
P4ec69893f6,2011,dx2011fw,2011-06-19,2011-06-23,report_isolation_poss_pct,2.8,True,True,False,False,No pre-draft archived body captured; sparse cohort coverage requires development-only pilot registration
P4ec69893f6,2011,dx2011fw,2011-06-19,2011-06-23,report_turnover_pct,15.0,True,True,False,False,No pre-draft archived body captured; sparse cohort coverage requires development-only pilot registration
P4ec69893f6,2011,dx2011fw,2011-06-19,2011-06-23,report_spotup_poss_pct,25.0,True,True,False,False,No pre-draft archived body captured; sparse cohort coverage requires development-only pilot registration
P4ec69893f6,2011,dx2011fw,2011-06-19,2011-06-23,report_jump_pps,0.78,True,True,False,False,No pre-draft archived body captured; sparse cohort coverage requires development-only pilot registration
P4ec69893f6,2011,dx2011fw,2011-06-19,2011-06-23,report_rim_fg_pct,74.0,True,True,False,False,No pre-draft archived body captured; sparse cohort coverage requires development-only pilot registration
P4ec69893f6,2011,dx2011fw,2011-06-19,2011-06-23,report_free_throw_poss_pct,19.4,True,True,False,False,No pre-draft archived body captured; sparse cohort coverage requires development-only pilot registration
P749792a28d,2011,dx2011fw,2011-06-19,2011-06-23,report_spotup_poss_pct,26.2,True,True,False,False,No pre-draft archived body captured; sparse cohort coverage requires development-only pilot registration
P74ab2a2c37,2011,dx2011fw,2011-06-19,2011-06-23,report_spotup_poss_pct,25.5,True,True,False,False,No pre-draft archived body captured; sparse cohort coverage requires development-only pilot registration
Pce627023f0,2011,dx2011fw,2011-06-19,2011-06-23,report_halfcourt_turnover_pct,10.2,True,True,False,False,No pre-draft archived body captured; sparse cohort coverage requires development-only pilot registration
Pce627023f0,2011,dx2011fw,2011-06-19,2011-06-23,report_isolation_ppp,0.486,True,True,False,False,No pre-draft archived body captured; sparse cohort coverage requires development-only pilot registration
Pce627023f0,2011,dx2011fw,2011-06-19,2011-06-23,report_jump_ppp,0.725,True,True,False,False,No pre-draft archived body captured; sparse cohort coverage requires development-only pilot registration
Pce627023f0,2011,dx2011fw,2011-06-19,2011-06-23,report_jump_fg_pct,27.5,True,True,False,False,No pre-draft archived body captured; sparse cohort coverage requires development-only pilot registration
P85135a294f,2011,dx2011fw,2011-06-19,2011-06-23,report_catchshoot_fg_pct,36.0,True,True,False,False,No pre-draft archived body captured; sparse cohort coverage requires development-only pilot registration
P168e9ad8d4,2007,dx2007camp,2007-05-29,2007-06-28,report_camp_invited,1.0,True,True,False,False,No pre-draft archived body captured; sparse cohort coverage requires development-only pilot registration
Pb70d7d0b57,2007,dx2007camp,2007-05-29,2007-06-28,report_camp_invited,1.0,True,True,False,False,No pre-draft archived body captured; sparse cohort coverage requires development-only pilot registration
Pf6d18cb839,2007,dx2007camp,2007-05-29,2007-06-28,report_camp_invited,1.0,True,True,False,False,No pre-draft archived body captured; sparse cohort coverage requires development-only pilot registration
P41fad117db,2007,dx2007camp,2007-05-29,2007-06-28,report_camp_invited,1.0,True,True,False,False,No pre-draft archived body captured; sparse cohort coverage requires development-only pilot registration
Pd1415c96b7,2007,dx2007camp,2007-05-29,2007-06-28,report_camp_invited,1.0,True,True,False,False,No pre-draft archived body captured; sparse cohort coverage requires development-only pilot registration
Pf5e2b9f7f1,2007,dx2007camp,2007-05-29,2007-06-28,report_camp_invited,1.0,True,True,False,False,No pre-draft archived body captured; sparse cohort coverage requires development-only pilot registration
Pcb5c1e8ac6,2007,dx2007camp,2007-05-29,2007-06-28,report_camp_invited,1.0,True,True,False,False,No pre-draft archived body captured; sparse cohort coverage requires development-only pilot registration
P02f9f17423,2007,dx2007camp,2007-05-29,2007-06-28,report_camp_invited,1.0,True,True,False,False,No pre-draft archived body captured; sparse cohort coverage requires development-only pilot registration
P56d107e80a,2007,dx2007camp,2007-05-29,2007-06-28,report_camp_invited,1.0,True,True,False,False,No pre-draft archived body captured; sparse cohort coverage requires development-only pilot registration
Pcfbeb8a341,2007,dx2007camp,2007-05-29,2007-06-28,report_camp_invited,1.0,True,True,False,False,No pre-draft archived body captured; sparse cohort coverage requires development-only pilot registration
P0f110bb83f,2007,dx2007camp,2007-05-29,2007-06-28,report_camp_invited,1.0,True,True,False,False,No pre-draft archived body captured; sparse cohort coverage requires development-only pilot registration
Pac5bd0e496,2007,dx2007camp,2007-05-29,2007-06-28,report_camp_invited,1.0,True,True,False,False,No pre-draft archived body captured; sparse cohort coverage requires development-only pilot registration
Pb380360b47,2007,dx2007camp,2007-05-29,2007-06-28,report_camp_invited,1.0,True,True,False,False,No pre-draft archived body captured; sparse cohort coverage requires development-only pilot registration
P544e2d56ac,2007,dx2007camp,2007-05-29,2007-06-28,report_camp_invited,1.0,True,True,False,False,No pre-draft archived body captured; sparse cohort coverage requires development-only pilot registration
Pa610141ccc,2007,dx2007camp,2007-05-29,2007-06-28,report_camp_invited,1.0,True,True,False,False,No pre-draft archived body captured; sparse cohort coverage requires development-only pilot registration
P9bd8ef5672,2007,dx2007camp,2007-05-29,2007-06-28,report_camp_invited,1.0,True,True,False,False,No pre-draft archived body captured; sparse cohort coverage requires development-only pilot registration
P4a79922b86,2007,dx2007camp,2007-05-29,2007-06-28,report_physical_only_invited,1.0,True,True,False,False,No pre-draft archived body captured; sparse cohort coverage requires development-only pilot registration
P4a79922b86,2007,dx2007camp,2007-05-29,2007-06-28,report_media_invited,1.0,True,True,False,False,No pre-draft archived body captured; sparse cohort coverage requires development-only pilot registration
P2f5200d27c,2007,dx2007camp,2007-05-29,2007-06-28,report_physical_only_invited,1.0,True,True,False,False,No pre-draft archived body captured; sparse cohort coverage requires development-only pilot registration
P5713a8b541,2007,dx2007camp,2007-05-29,2007-06-28,report_physical_only_invited,1.0,True,True,False,False,No pre-draft archived body captured; sparse cohort coverage requires development-only pilot registration
P5713a8b541,2007,dx2007camp,2007-05-29,2007-06-28,report_media_invited,1.0,True,True,False,False,No pre-draft archived body captured; sparse cohort coverage requires development-only pilot registration
Pea4d2012e7,2007,dx2007camp,2007-05-29,2007-06-28,report_physical_only_invited,1.0,True,True,False,False,No pre-draft archived body captured; sparse cohort coverage requires development-only pilot registration
Pea4d2012e7,2007,dx2007camp,2007-05-29,2007-06-28,report_media_invited,1.0,True,True,False,False,No pre-draft archived body captured; sparse cohort coverage requires development-only pilot registration
P12dc2a4dac,2007,dx2007camp,2007-05-29,2007-06-28,report_physical_only_invited,1.0,True,True,False,False,No pre-draft archived body captured; sparse cohort coverage requires development-only pilot registration
P12dc2a4dac,2007,dx2007camp,2007-05-29,2007-06-28,report_media_invited,1.0,True,True,False,False,No pre-draft archived body captured; sparse cohort coverage requires development-only pilot registration
Pba0c961d37,2007,dx2007camp,2007-05-29,2007-06-28,report_physical_only_invited,1.0,True,True,False,False,No pre-draft archived body captured; sparse cohort coverage requires development-only pilot registration
Pba0c961d37,2007,dx2007camp,2007-05-29,2007-06-28,report_media_invited,1.0,True,True,False,False,No pre-draft archived body captured; sparse cohort coverage requires development-only pilot registration
P49b077589e,2007,dx2007camp,2007-05-29,2007-06-28,report_physical_only_invited,1.0,True,True,False,False,No pre-draft archived body captured; sparse cohort coverage requires development-only pilot registration
P49b077589e,2007,dx2007camp,2007-05-29,2007-06-28,report_media_invited,1.0,True,True,False,False,No pre-draft archived body captured; sparse cohort coverage requires development-only pilot registration
P67d2056db6,2007,dx2007camp,2007-05-29,2007-06-28,report_physical_only_invited,1.0,True,True,False,False,No pre-draft archived body captured; sparse cohort coverage requires development-only pilot registration
Pad16010a79,2007,dx2007camp,2007-05-29,2007-06-28,report_physical_only_invited,1.0,True,True,False,False,No pre-draft archived body captured; sparse cohort coverage requires development-only pilot registration
Pad16010a79,2007,dx2007camp,2007-05-29,2007-06-28,report_media_invited,1.0,True,True,False,False,No pre-draft archived body captured; sparse cohort coverage requires development-only pilot registration
P2224af8be2,2007,dx2007camp,2007-05-29,2007-06-28,report_physical_only_invited,1.0,True,True,False,False,No pre-draft archived body captured; sparse cohort coverage requires development-only pilot registration
P2224af8be2,2007,dx2007camp,2007-05-29,2007-06-28,report_media_invited,1.0,True,True,False,False,No pre-draft archived body captured; sparse cohort coverage requires development-only pilot registration
Pd6f3aa739f,2007,dx2007camp,2007-05-29,2007-06-28,report_physical_only_invited,1.0,True,True,False,False,No pre-draft archived body captured; sparse cohort coverage requires development-only pilot registration
P243742fc34,2007,dx2007camp,2007-05-29,2007-06-28,report_physical_only_invited,1.0,True,True,False,False,No pre-draft archived body captured; sparse cohort coverage requires development-only pilot registration
Pd84423f7e2,2007,dx2007camp,2007-05-29,2007-06-28,report_physical_only_invited,1.0,True,True,False,False,No pre-draft archived body captured; sparse cohort coverage requires development-only pilot registration
Pd84423f7e2,2007,dx2007camp,2007-05-29,2007-06-28,report_media_invited,1.0,True,True,False,False,No pre-draft archived body captured; sparse cohort coverage requires development-only pilot registration
Pd35ff5934d,2007,dx2007camp,2007-05-29,2007-06-28,report_physical_only_invited,1.0,True,True,False,False,No pre-draft archived body captured; sparse cohort coverage requires development-only pilot registration
Pd35ff5934d,2007,dx2007camp,2007-05-29,2007-06-28,report_media_invited,1.0,True,True,False,False,No pre-draft archived body captured; sparse cohort coverage requires development-only pilot registration
P25a045baff,2007,dx2007camp,2007-05-29,2007-06-28,report_physical_only_invited,1.0,True,True,False,False,No pre-draft archived body captured; sparse cohort coverage requires development-only pilot registration
P25a045baff,2007,dx2007camp,2007-05-29,2007-06-28,report_media_invited,1.0,True,True,False,False,No pre-draft archived body captured; sparse cohort coverage requires development-only pilot registration
P23d9f5804f,2007,dx2007camp,2007-05-29,2007-06-28,report_physical_only_invited,1.0,True,True,False,False,No pre-draft archived body captured; sparse cohort coverage requires development-only pilot registration
Pdd125f24cc,2007,dx2007camp,2007-05-29,2007-06-28,report_physical_only_invited,1.0,True,True,False,False,No pre-draft archived body captured; sparse cohort coverage requires development-only pilot registration
P8bc7e2260e,2007,dx2007camp,2007-05-29,2007-06-28,report_physical_only_invited,1.0,True,True,False,False,No pre-draft archived body captured; sparse cohort coverage requires development-only pilot registration
P20418f8d52,2009,dx2009guards,2009-05-08,2009-06-25,report_overall_ppp,1.13,True,True,False,False,No pre-draft archived body captured; sparse cohort coverage requires development-only pilot registration
P20418f8d52,2009,dx2009guards,2009-05-08,2009-06-25,report_pullup_fg_pct,47.0,True,True,False,False,No pre-draft archived body captured; sparse cohort coverage requires development-only pilot registration
P20418f8d52,2009,dx2009guards,2009-05-08,2009-06-25,report_catchshoot_fg_pct,48.0,True,True,False,False,No pre-draft archived body captured; sparse cohort coverage requires development-only pilot registration
P20418f8d52,2009,dx2009guards,2009-05-08,2009-06-25,report_transition_poss_pct,38.6,True,True,False,False,No pre-draft archived body captured; sparse cohort coverage requires development-only pilot registration
P20418f8d52,2009,dx2009guards,2009-05-08,2009-06-25,report_transition_ppp,1.2,True,True,False,False,No pre-draft archived body captured; sparse cohort coverage requires development-only pilot registration
P20418f8d52,2009,dx2009guards,2009-05-08,2009-06-25,report_spotup_ppp,1.2,True,True,False,False,No pre-draft archived body captured; sparse cohort coverage requires development-only pilot registration
P20418f8d52,2009,dx2009guards,2009-05-08,2009-06-25,report_pickroll_ppp,1.19,True,True,False,False,No pre-draft archived body captured; sparse cohort coverage requires development-only pilot registration
P20418f8d52,2009,dx2009guards,2009-05-08,2009-06-25,report_isolation_ppp,1.0,True,True,False,False,No pre-draft archived body captured; sparse cohort coverage requires development-only pilot registration
P20418f8d52,2009,dx2009guards,2009-05-08,2009-06-25,report_halfcourt_turnover_pct,13.8,True,True,False,False,No pre-draft archived body captured; sparse cohort coverage requires development-only pilot registration
P22c8154970,2009,dx2009guards,2009-05-08,2009-06-25,report_finish_ppp,1.11,True,True,False,False,No pre-draft archived body captured; sparse cohort coverage requires development-only pilot registration
P22c8154970,2009,dx2009guards,2009-05-08,2009-06-25,report_pullup_fgm_total,5.0,True,True,False,False,No pre-draft archived body captured; sparse cohort coverage requires development-only pilot registration
P22c8154970,2009,dx2009guards,2009-05-08,2009-06-25,report_pullup_fga_total,25.0,True,True,False,False,No pre-draft archived body captured; sparse cohort coverage requires development-only pilot registration
P22c8154970,2009,dx2009guards,2009-05-08,2009-06-25,report_catchshoot_poss_pg,1.1,True,True,False,False,No pre-draft archived body captured; sparse cohort coverage requires development-only pilot registration
P22c8154970,2009,dx2009guards,2009-05-08,2009-06-25,report_catchshoot_fg_pct,41.0,True,True,False,False,No pre-draft archived body captured; sparse cohort coverage requires development-only pilot registration
P22c8154970,2009,dx2009guards,2009-05-08,2009-06-25,report_pickroll_poss_pct,27.0,True,True,False,False,No pre-draft archived body captured; sparse cohort coverage requires development-only pilot registration
P22c8154970,2009,dx2009guards,2009-05-08,2009-06-25,report_poss_pg,9.0,True,True,False,False,No pre-draft archived body captured; sparse cohort coverage requires development-only pilot registration
P22c8154970,2009,dx2009guards,2009-05-08,2009-06-25,report_halfcourt_turnover_pct,28.5,True,True,False,False,No pre-draft archived body captured; sparse cohort coverage requires development-only pilot registration
P52f9046b71,2009,dx2009guards,2009-05-08,2009-06-25,report_poss_pg,7.6,True,True,False,False,No pre-draft archived body captured; sparse cohort coverage requires development-only pilot registration
P52f9046b71,2009,dx2009guards,2009-05-08,2009-06-25,report_overall_ppp,0.77,True,True,False,False,No pre-draft archived body captured; sparse cohort coverage requires development-only pilot registration
P52f9046b71,2009,dx2009guards,2009-05-08,2009-06-25,report_pullup_fga_pg,2.1,True,True,False,False,No pre-draft archived body captured; sparse cohort coverage requires development-only pilot registration
P52f9046b71,2009,dx2009guards,2009-05-08,2009-06-25,report_pullup_fg_pct,21.0,True,True,False,False,No pre-draft archived body captured; sparse cohort coverage requires development-only pilot registration
P52f9046b71,2009,dx2009guards,2009-05-08,2009-06-25,report_halfcourt_shots_fouled_pct,6.2,True,True,False,False,No pre-draft archived body captured; sparse cohort coverage requires development-only pilot registration
P52f9046b71,2009,dx2009guards,2009-05-08,2009-06-25,report_spotup_ppp,1.07,True,True,False,False,No pre-draft archived body captured; sparse cohort coverage requires development-only pilot registration
P52f9046b71,2009,dx2009guards,2009-05-08,2009-06-25,report_open_catchshoot_ppp,1.39,True,True,False,False,No pre-draft archived body captured; sparse cohort coverage requires development-only pilot registration
P52f9046b71,2009,dx2009guards,2009-05-08,2009-06-25,report_halfcourt_turnover_pct,15.2,True,True,False,False,No pre-draft archived body captured; sparse cohort coverage requires development-only pilot registration
P52f9046b71,2009,dx2009guards,2009-05-08,2009-06-25,report_scoring_poss_pct,29.7,True,True,False,False,No pre-draft archived body captured; sparse cohort coverage requires development-only pilot registration
Pe2d0a4cddd,2009,dx2009guards,2009-05-08,2009-06-25,report_finish_poss_pg,8.8,True,True,False,False,No pre-draft archived body captured; sparse cohort coverage requires development-only pilot registration
Pe2d0a4cddd,2009,dx2009guards,2009-05-08,2009-06-25,report_finish_ppp,1.14,True,True,False,False,No pre-draft archived body captured; sparse cohort coverage requires development-only pilot registration
Pe2d0a4cddd,2009,dx2009guards,2009-05-08,2009-06-25,report_overall_ppp,0.88,True,True,False,False,No pre-draft archived body captured; sparse cohort coverage requires development-only pilot registration
Pe2d0a4cddd,2009,dx2009guards,2009-05-08,2009-06-25,report_open_catchshoot_ppp,0.86,True,True,False,False,No pre-draft archived body captured; sparse cohort coverage requires development-only pilot registration
Pe2d0a4cddd,2009,dx2009guards,2009-05-08,2009-06-25,report_pullup_ppp,0.69,True,True,False,False,No pre-draft archived body captured; sparse cohort coverage requires development-only pilot registration
Pe2d0a4cddd,2009,dx2009guards,2009-05-08,2009-06-25,report_isolation_ppp,0.54,True,True,False,False,No pre-draft archived body captured; sparse cohort coverage requires development-only pilot registration
P7b8c6b66e0,2009,dx2009guards,2009-05-08,2009-06-25,report_poss_pg,31.9,True,True,False,False,No pre-draft archived body captured; sparse cohort coverage requires development-only pilot registration
P7b8c6b66e0,2009,dx2009guards,2009-05-08,2009-06-25,report_overall_ppp,0.94,True,True,False,False,No pre-draft archived body captured; sparse cohort coverage requires development-only pilot registration
P7b8c6b66e0,2009,dx2009guards,2009-05-08,2009-06-25,report_catchshoot_fga_pg,5.4,True,True,False,False,No pre-draft archived body captured; sparse cohort coverage requires development-only pilot registration
P7b8c6b66e0,2009,dx2009guards,2009-05-08,2009-06-25,report_guarded_catchshoot_ppp,1.15,True,True,False,False,No pre-draft archived body captured; sparse cohort coverage requires development-only pilot registration
P7b8c6b66e0,2009,dx2009guards,2009-05-08,2009-06-25,report_open_catchshoot_ppp,1.33,True,True,False,False,No pre-draft archived body captured; sparse cohort coverage requires development-only pilot registration
P7b8c6b66e0,2009,dx2009guards,2009-05-08,2009-06-25,report_pullup_fga_pg,11.6,True,True,False,False,No pre-draft archived body captured; sparse cohort coverage requires development-only pilot registration
P7b8c6b66e0,2009,dx2009guards,2009-05-08,2009-06-25,report_spotup_poss_pct,8.9,True,True,False,False,No pre-draft archived body captured; sparse cohort coverage requires development-only pilot registration
P7b8c6b66e0,2009,dx2009guards,2009-05-08,2009-06-25,report_transition_fg_pct,41.0,True,True,False,False,No pre-draft archived body captured; sparse cohort coverage requires development-only pilot registration
P7b8c6b66e0,2009,dx2009guards,2009-05-08,2009-06-25,report_pickroll_ppp,1.3,True,True,False,False,No pre-draft archived body captured; sparse cohort coverage requires development-only pilot registration
P7b8c6b66e0,2009,dx2009guards,2009-05-08,2009-06-25,report_offscreen_poss_pg,2.6,True,True,False,False,No pre-draft archived body captured; sparse cohort coverage requires development-only pilot registration
Pab257f8a15,2009,dx2009guards,2009-05-08,2009-06-25,report_overall_ppp,0.86,True,True,False,False,No pre-draft archived body captured; sparse cohort coverage requires development-only pilot registration
Pab257f8a15,2009,dx2009guards,2009-05-08,2009-06-25,report_poss_pg,9.7,True,True,False,False,No pre-draft archived body captured; sparse cohort coverage requires development-only pilot registration
Pab257f8a15,2009,dx2009guards,2009-05-08,2009-06-25,report_finish_ppp,1.2,True,True,False,False,No pre-draft archived body captured; sparse cohort coverage requires development-only pilot registration
Pab257f8a15,2009,dx2009guards,2009-05-08,2009-06-25,report_transition_ppp,1.34,True,True,False,False,No pre-draft archived body captured; sparse cohort coverage requires development-only pilot registration
Pab257f8a15,2009,dx2009guards,2009-05-08,2009-06-25,report_catchshoot_fg_pct,28.0,True,True,False,False,No pre-draft archived body captured; sparse cohort coverage requires development-only pilot registration
Pab257f8a15,2009,dx2009guards,2009-05-08,2009-06-25,report_pullup_ppp,0.75,True,True,False,False,No pre-draft archived body captured; sparse cohort coverage requires development-only pilot registration
Pab257f8a15,2009,dx2009guards,2009-05-08,2009-06-25,report_spotup_poss_pct,27.8,True,True,False,False,No pre-draft archived body captured; sparse cohort coverage requires development-only pilot registration
P1738f63a26,2009,dx2009guards,2009-05-08,2009-06-25,report_finish_poss_pg,8.8,True,True,False,False,No pre-draft archived body captured; sparse cohort coverage requires development-only pilot registration
P1738f63a26,2009,dx2009guards,2009-05-08,2009-06-25,report_open_catchshoot_ppp,1.24,True,True,False,False,No pre-draft archived body captured; sparse cohort coverage requires development-only pilot registration
P1738f63a26,2009,dx2009guards,2009-05-08,2009-06-25,report_pullup_ppp,0.94,True,True,False,False,No pre-draft archived body captured; sparse cohort coverage requires development-only pilot registration
P1738f63a26,2009,dx2009guards,2009-05-08,2009-06-25,report_isolation_poss_pg,4.3,True,True,False,False,No pre-draft archived body captured; sparse cohort coverage requires development-only pilot registration
P1738f63a26,2009,dx2009guards,2009-05-08,2009-06-25,report_isolation_fg_pct,41.0,True,True,False,False,No pre-draft archived body captured; sparse cohort coverage requires development-only pilot registration
P1738f63a26,2009,dx2009guards,2009-05-08,2009-06-25,report_pickroll_ppp,0.84,True,True,False,False,No pre-draft archived body captured; sparse cohort coverage requires development-only pilot registration
P8afd917a6c,2009,dx2009guards,2009-05-08,2009-06-25,report_overall_ppp,1.02,True,True,False,False,No pre-draft archived body captured; sparse cohort coverage requires development-only pilot registration
P8afd917a6c,2009,dx2009guards,2009-05-08,2009-06-25,report_finish_ppp,1.26,True,True,False,False,No pre-draft archived body captured; sparse cohort coverage requires development-only pilot registration
P8afd917a6c,2009,dx2009guards,2009-05-08,2009-06-25,report_pullup_ppp,0.99,True,True,False,False,No pre-draft archived body captured; sparse cohort coverage requires development-only pilot registration
P8afd917a6c,2009,dx2009guards,2009-05-08,2009-06-25,report_isolation_ppp,1.02,True,True,False,False,No pre-draft archived body captured; sparse cohort coverage requires development-only pilot registration
P8afd917a6c,2009,dx2009guards,2009-05-08,2009-06-25,report_pickroll_ppp,1.14,True,True,False,False,No pre-draft archived body captured; sparse cohort coverage requires development-only pilot registration
Pe79f6d1bdb,2009,dx2009guards,2009-05-08,2009-06-25,report_poss_pg,21.2,True,True,False,False,No pre-draft archived body captured; sparse cohort coverage requires development-only pilot registration
Pe79f6d1bdb,2009,dx2009guards,2009-05-08,2009-06-25,report_overall_ppp,0.99,True,True,False,False,No pre-draft archived body captured; sparse cohort coverage requires development-only pilot registration
Pe79f6d1bdb,2009,dx2009guards,2009-05-08,2009-06-25,report_finish_poss_pg,8.0,True,True,False,False,No pre-draft archived body captured; sparse cohort coverage requires development-only pilot registration
Pe79f6d1bdb,2009,dx2009guards,2009-05-08,2009-06-25,report_finish_ppp,1.12,True,True,False,False,No pre-draft archived body captured; sparse cohort coverage requires development-only pilot registration
Pe79f6d1bdb,2009,dx2009guards,2009-05-08,2009-06-25,report_isolation_ppp,1.01,True,True,False,False,No pre-draft archived body captured; sparse cohort coverage requires development-only pilot registration
Pb58f931dd3,2009,dx2009guards,2009-05-08,2009-06-25,report_finish_ppp,1.26,True,True,False,False,No pre-draft archived body captured; sparse cohort coverage requires development-only pilot registration
Pb58f931dd3,2009,dx2009guards,2009-05-08,2009-06-25,report_turnover_pct,19.0,True,True,False,False,No pre-draft archived body captured; sparse cohort coverage requires development-only pilot registration
Pb58f931dd3,2009,dx2009guards,2009-05-08,2009-06-25,report_spotup_ppp,1.17,True,True,False,False,No pre-draft archived body captured; sparse cohort coverage requires development-only pilot registration
Pc99e2f6730,2009,dx2009guards,2009-05-08,2009-06-25,report_poss_pg,20.7,True,True,False,False,No pre-draft archived body captured; sparse cohort coverage requires development-only pilot registration
Pc99e2f6730,2009,dx2009guards,2009-05-08,2009-06-25,report_overall_ppp,1.04,True,True,False,False,No pre-draft archived body captured; sparse cohort coverage requires development-only pilot registration
Pc99e2f6730,2009,dx2009guards,2009-05-08,2009-06-25,report_finish_ppp,1.22,True,True,False,False,No pre-draft archived body captured; sparse cohort coverage requires development-only pilot registration
Pc99e2f6730,2009,dx2009guards,2009-05-08,2009-06-25,report_open_catchshoot_ppp,1.41,True,True,False,False,No pre-draft archived body captured; sparse cohort coverage requires development-only pilot registration
Pc99e2f6730,2009,dx2009guards,2009-05-08,2009-06-25,report_pullup_ppp,1.0,True,True,False,False,No pre-draft archived body captured; sparse cohort coverage requires development-only pilot registration
Pc99e2f6730,2009,dx2009guards,2009-05-08,2009-06-25,report_offscreen_ppp,1.23,True,True,False,False,No pre-draft archived body captured; sparse cohort coverage requires development-only pilot registration
Pc99e2f6730,2009,dx2009guards,2009-05-08,2009-06-25,report_spotup_ppp,1.14,True,True,False,False,No pre-draft archived body captured; sparse cohort coverage requires development-only pilot registration
Pc99e2f6730,2009,dx2009guards,2009-05-08,2009-06-25,report_isolation_ppp,0.85,True,True,False,False,No pre-draft archived body captured; sparse cohort coverage requires development-only pilot registration
Pc99e2f6730,2009,dx2009guards,2009-05-08,2009-06-25,report_halfcourt_turnover_pct,9.7,True,True,False,False,No pre-draft archived body captured; sparse cohort coverage requires development-only pilot registration
Pc99e2f6730,2009,dx2009guards,2009-05-08,2009-06-25,report_pickroll_poss_pg,5.3,True,True,False,False,No pre-draft archived body captured; sparse cohort coverage requires development-only pilot registration
P4b1ba6339f,2009,dx2009guards,2009-05-08,2009-06-25,report_poss_pg,28.0,True,True,False,False,No pre-draft archived body captured; sparse cohort coverage requires development-only pilot registration
P722aa856f7,2008,dx2008agents,2008-05-08,2008-06-26,report_agent_named_in_listing,1.0,True,True,False,False,No pre-draft archived body captured; sparse cohort coverage requires development-only pilot registration
P722aa856f7,2008,dx2008agents,2008-05-08,2008-06-26,report_listed_testing_waters,0.0,True,True,False,False,No pre-draft archived body captured; sparse cohort coverage requires development-only pilot registration
P722aa856f7,2008,dx2008agents,2008-05-08,2008-06-26,report_listed_withdrawn,0.0,True,True,False,False,No pre-draft archived body captured; sparse cohort coverage requires development-only pilot registration
P722aa856f7,2008,dx2008agents,2008-05-08,2008-06-26,report_same_agent_listed_client_count,2.0,True,True,False,False,No pre-draft archived body captured; sparse cohort coverage requires development-only pilot registration
P2d45174d7f,2008,dx2008agents,2008-05-08,2008-06-26,report_agent_named_in_listing,1.0,True,True,False,False,No pre-draft archived body captured; sparse cohort coverage requires development-only pilot registration
P2d45174d7f,2008,dx2008agents,2008-05-08,2008-06-26,report_listed_testing_waters,0.0,True,True,False,False,No pre-draft archived body captured; sparse cohort coverage requires development-only pilot registration
P2d45174d7f,2008,dx2008agents,2008-05-08,2008-06-26,report_listed_withdrawn,0.0,True,True,False,False,No pre-draft archived body captured; sparse cohort coverage requires development-only pilot registration
P2d45174d7f,2008,dx2008agents,2008-05-08,2008-06-26,report_same_agent_listed_client_count,3.0,True,True,False,False,No pre-draft archived body captured; sparse cohort coverage requires development-only pilot registration
P5f07dfebd6,2008,dx2008agents,2008-05-08,2008-06-26,report_agent_named_in_listing,1.0,True,True,False,False,No pre-draft archived body captured; sparse cohort coverage requires development-only pilot registration
P5f07dfebd6,2008,dx2008agents,2008-05-08,2008-06-26,report_listed_testing_waters,0.0,True,True,False,False,No pre-draft archived body captured; sparse cohort coverage requires development-only pilot registration
P5f07dfebd6,2008,dx2008agents,2008-05-08,2008-06-26,report_listed_withdrawn,0.0,True,True,False,False,No pre-draft archived body captured; sparse cohort coverage requires development-only pilot registration
P5f07dfebd6,2008,dx2008agents,2008-05-08,2008-06-26,report_same_agent_listed_client_count,2.0,True,True,False,False,No pre-draft archived body captured; sparse cohort coverage requires development-only pilot registration
Pab86c7dfaf,2008,dx2008agents,2008-05-08,2008-06-26,report_agent_named_in_listing,1.0,True,True,False,False,No pre-draft archived body captured; sparse cohort coverage requires development-only pilot registration
Pab86c7dfaf,2008,dx2008agents,2008-05-08,2008-06-26,report_listed_testing_waters,0.0,True,True,False,False,No pre-draft archived body captured; sparse cohort coverage requires development-only pilot registration
Pab86c7dfaf,2008,dx2008agents,2008-05-08,2008-06-26,report_listed_withdrawn,0.0,True,True,False,False,No pre-draft archived body captured; sparse cohort coverage requires development-only pilot registration
Pab86c7dfaf,2008,dx2008agents,2008-05-08,2008-06-26,report_same_agent_listed_client_count,2.0,True,True,False,False,No pre-draft archived body captured; sparse cohort coverage requires development-only pilot registration
P552ea773e2,2008,dx2008agents,2008-05-08,2008-06-26,report_agent_named_in_listing,1.0,True,True,False,False,No pre-draft archived body captured; sparse cohort coverage requires development-only pilot registration
P552ea773e2,2008,dx2008agents,2008-05-08,2008-06-26,report_listed_testing_waters,0.0,True,True,False,False,No pre-draft archived body captured; sparse cohort coverage requires development-only pilot registration
P552ea773e2,2008,dx2008agents,2008-05-08,2008-06-26,report_listed_withdrawn,0.0,True,True,False,False,No pre-draft archived body captured; sparse cohort coverage requires development-only pilot registration
P552ea773e2,2008,dx2008agents,2008-05-08,2008-06-26,report_same_agent_listed_client_count,2.0,True,True,False,False,No pre-draft archived body captured; sparse cohort coverage requires development-only pilot registration
Peda84f3898,2008,dx2008agents,2008-05-08,2008-06-26,report_agent_named_in_listing,1.0,True,True,False,False,No pre-draft archived body captured; sparse cohort coverage requires development-only pilot registration
Peda84f3898,2008,dx2008agents,2008-05-08,2008-06-26,report_listed_testing_waters,0.0,True,True,False,False,No pre-draft archived body captured; sparse cohort coverage requires development-only pilot registration
Peda84f3898,2008,dx2008agents,2008-05-08,2008-06-26,report_listed_withdrawn,0.0,True,True,False,False,No pre-draft archived body captured; sparse cohort coverage requires development-only pilot registration
Peda84f3898,2008,dx2008agents,2008-05-08,2008-06-26,report_same_agent_listed_client_count,1.0,True,True,False,False,No pre-draft archived body captured; sparse cohort coverage requires development-only pilot registration
Pd43d378f42,2008,dx2008agents,2008-05-08,2008-06-26,report_agent_named_in_listing,1.0,True,True,False,False,No pre-draft archived body captured; sparse cohort coverage requires development-only pilot registration
Pd43d378f42,2008,dx2008agents,2008-05-08,2008-06-26,report_listed_testing_waters,0.0,True,True,False,False,No pre-draft archived body captured; sparse cohort coverage requires development-only pilot registration
Pd43d378f42,2008,dx2008agents,2008-05-08,2008-06-26,report_listed_withdrawn,0.0,True,True,False,False,No pre-draft archived body captured; sparse cohort coverage requires development-only pilot registration
Pd43d378f42,2008,dx2008agents,2008-05-08,2008-06-26,report_same_agent_listed_client_count,1.0,True,True,False,False,No pre-draft archived body captured; sparse cohort coverage requires development-only pilot registration
Pdfe2a49906,2008,dx2008agents,2008-05-08,2008-06-26,report_agent_named_in_listing,1.0,True,True,False,False,No pre-draft archived body captured; sparse cohort coverage requires development-only pilot registration
Pdfe2a49906,2008,dx2008agents,2008-05-08,2008-06-26,report_listed_testing_waters,0.0,True,True,False,False,No pre-draft archived body captured; sparse cohort coverage requires development-only pilot registration
Pdfe2a49906,2008,dx2008agents,2008-05-08,2008-06-26,report_listed_withdrawn,0.0,True,True,False,False,No pre-draft archived body captured; sparse cohort coverage requires development-only pilot registration
Pdfe2a49906,2008,dx2008agents,2008-05-08,2008-06-26,report_same_agent_listed_client_count,2.0,True,True,False,False,No pre-draft archived body captured; sparse cohort coverage requires development-only pilot registration
P7c81e9aca5,2008,dx2008agents,2008-05-08,2008-06-26,report_agent_named_in_listing,1.0,True,True,False,False,No pre-draft archived body captured; sparse cohort coverage requires development-only pilot registration
P7c81e9aca5,2008,dx2008agents,2008-05-08,2008-06-26,report_listed_testing_waters,0.0,True,True,False,False,No pre-draft archived body captured; sparse cohort coverage requires development-only pilot registration
P7c81e9aca5,2008,dx2008agents,2008-05-08,2008-06-26,report_listed_withdrawn,0.0,True,True,False,False,No pre-draft archived body captured; sparse cohort coverage requires development-only pilot registration
P7c81e9aca5,2008,dx2008agents,2008-05-08,2008-06-26,report_same_agent_listed_client_count,1.0,True,True,False,False,No pre-draft archived body captured; sparse cohort coverage requires development-only pilot registration
P376f10f64c,2008,dx2008agents,2008-05-08,2008-06-26,report_agent_named_in_listing,1.0,True,True,False,False,No pre-draft archived body captured; sparse cohort coverage requires development-only pilot registration
P376f10f64c,2008,dx2008agents,2008-05-08,2008-06-26,report_listed_testing_waters,0.0,True,True,False,False,No pre-draft archived body captured; sparse cohort coverage requires development-only pilot registration
P376f10f64c,2008,dx2008agents,2008-05-08,2008-06-26,report_listed_withdrawn,0.0,True,True,False,False,No pre-draft archived body captured; sparse cohort coverage requires development-only pilot registration
P376f10f64c,2008,dx2008agents,2008-05-08,2008-06-26,report_same_agent_listed_client_count,1.0,True,True,False,False,No pre-draft archived body captured; sparse cohort coverage requires development-only pilot registration
P67ee7c4408,2008,dx2008agents,2008-05-08,2008-06-26,report_agent_named_in_listing,1.0,True,True,False,False,No pre-draft archived body captured; sparse cohort coverage requires development-only pilot registration
P67ee7c4408,2008,dx2008agents,2008-05-08,2008-06-26,report_listed_testing_waters,0.0,True,True,False,False,No pre-draft archived body captured; sparse cohort coverage requires development-only pilot registration
P67ee7c4408,2008,dx2008agents,2008-05-08,2008-06-26,report_listed_withdrawn,0.0,True,True,False,False,No pre-draft archived body captured; sparse cohort coverage requires development-only pilot registration
P67ee7c4408,2008,dx2008agents,2008-05-08,2008-06-26,report_same_agent_listed_client_count,3.0,True,True,False,False,No pre-draft archived body captured; sparse cohort coverage requires development-only pilot registration
P7c1c1e7eac,2008,dx2008agents,2008-05-08,2008-06-26,report_agent_named_in_listing,1.0,True,True,False,False,No pre-draft archived body captured; sparse cohort coverage requires development-only pilot registration
P7c1c1e7eac,2008,dx2008agents,2008-05-08,2008-06-26,report_listed_testing_waters,0.0,True,True,False,False,No pre-draft archived body captured; sparse cohort coverage requires development-only pilot registration
P7c1c1e7eac,2008,dx2008agents,2008-05-08,2008-06-26,report_listed_withdrawn,0.0,True,True,False,False,No pre-draft archived body captured; sparse cohort coverage requires development-only pilot registration
P7c1c1e7eac,2008,dx2008agents,2008-05-08,2008-06-26,report_same_agent_listed_client_count,2.0,True,True,False,False,No pre-draft archived body captured; sparse cohort coverage requires development-only pilot registration
Pc3a5f10000,2008,dx2008agents,2008-05-08,2008-06-26,report_agent_named_in_listing,1.0,True,True,False,False,No pre-draft archived body captured; sparse cohort coverage requires development-only pilot registration
Pc3a5f10000,2008,dx2008agents,2008-05-08,2008-06-26,report_listed_testing_waters,0.0,True,True,False,False,No pre-draft archived body captured; sparse cohort coverage requires development-only pilot registration
Pc3a5f10000,2008,dx2008agents,2008-05-08,2008-06-26,report_listed_withdrawn,0.0,True,True,False,False,No pre-draft archived body captured; sparse cohort coverage requires development-only pilot registration
Pc3a5f10000,2008,dx2008agents,2008-05-08,2008-06-26,report_same_agent_listed_client_count,1.0,True,True,False,False,No pre-draft archived body captured; sparse cohort coverage requires development-only pilot registration
Pab534e249b,2008,dx2008agents,2008-05-08,2008-06-26,report_agent_named_in_listing,1.0,True,True,False,False,No pre-draft archived body captured; sparse cohort coverage requires development-only pilot registration
Pab534e249b,2008,dx2008agents,2008-05-08,2008-06-26,report_listed_testing_waters,0.0,True,True,False,False,No pre-draft archived body captured; sparse cohort coverage requires development-only pilot registration
Pab534e249b,2008,dx2008agents,2008-05-08,2008-06-26,report_listed_withdrawn,0.0,True,True,False,False,No pre-draft archived body captured; sparse cohort coverage requires development-only pilot registration
Pab534e249b,2008,dx2008agents,2008-05-08,2008-06-26,report_same_agent_listed_client_count,5.0,True,True,False,False,No pre-draft archived body captured; sparse cohort coverage requires development-only pilot registration
Pda7ff44e77,2008,dx2008agents,2008-05-08,2008-06-26,report_agent_named_in_listing,1.0,True,True,False,False,No pre-draft archived body captured; sparse cohort coverage requires development-only pilot registration
Pda7ff44e77,2008,dx2008agents,2008-05-08,2008-06-26,report_listed_testing_waters,0.0,True,True,False,False,No pre-draft archived body captured; sparse cohort coverage requires development-only pilot registration
Pda7ff44e77,2008,dx2008agents,2008-05-08,2008-06-26,report_listed_withdrawn,0.0,True,True,False,False,No pre-draft archived body captured; sparse cohort coverage requires development-only pilot registration
Pda7ff44e77,2008,dx2008agents,2008-05-08,2008-06-26,report_same_agent_listed_client_count,2.0,True,True,False,False,No pre-draft archived body captured; sparse cohort coverage requires development-only pilot registration
P3d1eff1bca,2008,dx2008agents,2008-05-08,2008-06-26,report_agent_named_in_listing,1.0,True,True,False,False,No pre-draft archived body captured; sparse cohort coverage requires development-only pilot registration
P3d1eff1bca,2008,dx2008agents,2008-05-08,2008-06-26,report_listed_testing_waters,0.0,True,True,False,False,No pre-draft archived body captured; sparse cohort coverage requires development-only pilot registration
P3d1eff1bca,2008,dx2008agents,2008-05-08,2008-06-26,report_listed_withdrawn,0.0,True,True,False,False,No pre-draft archived body captured; sparse cohort coverage requires development-only pilot registration
P3d1eff1bca,2008,dx2008agents,2008-05-08,2008-06-26,report_same_agent_listed_client_count,2.0,True,True,False,False,No pre-draft archived body captured; sparse cohort coverage requires development-only pilot registration
Pfcb4575061,2008,dx2008agents,2008-05-08,2008-06-26,report_agent_named_in_listing,1.0,True,True,False,False,No pre-draft archived body captured; sparse cohort coverage requires development-only pilot registration
Pfcb4575061,2008,dx2008agents,2008-05-08,2008-06-26,report_listed_testing_waters,0.0,True,True,False,False,No pre-draft archived body captured; sparse cohort coverage requires development-only pilot registration
Pfcb4575061,2008,dx2008agents,2008-05-08,2008-06-26,report_listed_withdrawn,0.0,True,True,False,False,No pre-draft archived body captured; sparse cohort coverage requires development-only pilot registration
Pfcb4575061,2008,dx2008agents,2008-05-08,2008-06-26,report_same_agent_listed_client_count,1.0,True,True,False,False,No pre-draft archived body captured; sparse cohort coverage requires development-only pilot registration
P2fe87c73a6,2008,dx2008agents,2008-05-08,2008-06-26,report_agent_named_in_listing,0.0,True,True,False,False,No pre-draft archived body captured; sparse cohort coverage requires development-only pilot registration
P2fe87c73a6,2008,dx2008agents,2008-05-08,2008-06-26,report_listed_testing_waters,1.0,True,True,False,False,No pre-draft archived body captured; sparse cohort coverage requires development-only pilot registration
P2fe87c73a6,2008,dx2008agents,2008-05-08,2008-06-26,report_listed_withdrawn,0.0,True,True,False,False,No pre-draft archived body captured; sparse cohort coverage requires development-only pilot registration
P4afc5fb3f7,2008,dx2008agents,2008-05-08,2008-06-26,report_agent_named_in_listing,1.0,True,True,False,False,No pre-draft archived body captured; sparse cohort coverage requires development-only pilot registration
P4afc5fb3f7,2008,dx2008agents,2008-05-08,2008-06-26,report_listed_testing_waters,0.0,True,True,False,False,No pre-draft archived body captured; sparse cohort coverage requires development-only pilot registration
P4afc5fb3f7,2008,dx2008agents,2008-05-08,2008-06-26,report_listed_withdrawn,0.0,True,True,False,False,No pre-draft archived body captured; sparse cohort coverage requires development-only pilot registration
P4afc5fb3f7,2008,dx2008agents,2008-05-08,2008-06-26,report_same_agent_listed_client_count,2.0,True,True,False,False,No pre-draft archived body captured; sparse cohort coverage requires development-only pilot registration
Pdb3f441dab,2008,dx2008agents,2008-05-08,2008-06-26,report_agent_named_in_listing,0.0,True,True,False,False,No pre-draft archived body captured; sparse cohort coverage requires development-only pilot registration
Pdb3f441dab,2008,dx2008agents,2008-05-08,2008-06-26,report_listed_testing_waters,1.0,True,True,False,False,No pre-draft archived body captured; sparse cohort coverage requires development-only pilot registration
Pdb3f441dab,2008,dx2008agents,2008-05-08,2008-06-26,report_listed_withdrawn,0.0,True,True,False,False,No pre-draft archived body captured; sparse cohort coverage requires development-only pilot registration
P4b0ccf34e0,2008,dx2008agents,2008-05-08,2008-06-26,report_agent_named_in_listing,0.0,True,True,False,False,No pre-draft archived body captured; sparse cohort coverage requires development-only pilot registration
P4b0ccf34e0,2008,dx2008agents,2008-05-08,2008-06-26,report_listed_testing_waters,0.0,True,True,False,False,No pre-draft archived body captured; sparse cohort coverage requires development-only pilot registration
P4b0ccf34e0,2008,dx2008agents,2008-05-08,2008-06-26,report_listed_withdrawn,0.0,True,True,False,False,No pre-draft archived body captured; sparse cohort coverage requires development-only pilot registration
P2e38e474e2,2008,dx2008agents,2008-05-08,2008-06-26,report_agent_named_in_listing,0.0,True,True,False,False,No pre-draft archived body captured; sparse cohort coverage requires development-only pilot registration
P2e38e474e2,2008,dx2008agents,2008-05-08,2008-06-26,report_listed_testing_waters,1.0,True,True,False,False,No pre-draft archived body captured; sparse cohort coverage requires development-only pilot registration
P2e38e474e2,2008,dx2008agents,2008-05-08,2008-06-26,report_listed_withdrawn,0.0,True,True,False,False,No pre-draft archived body captured; sparse cohort coverage requires development-only pilot registration
Pf1e6555cfc,2008,dx2008agents,2008-05-08,2008-06-26,report_agent_named_in_listing,1.0,True,True,False,False,No pre-draft archived body captured; sparse cohort coverage requires development-only pilot registration
Pf1e6555cfc,2008,dx2008agents,2008-05-08,2008-06-26,report_listed_testing_waters,0.0,True,True,False,False,No pre-draft archived body captured; sparse cohort coverage requires development-only pilot registration
Pf1e6555cfc,2008,dx2008agents,2008-05-08,2008-06-26,report_listed_withdrawn,0.0,True,True,False,False,No pre-draft archived body captured; sparse cohort coverage requires development-only pilot registration
Pf1e6555cfc,2008,dx2008agents,2008-05-08,2008-06-26,report_same_agent_listed_client_count,2.0,True,True,False,False,No pre-draft archived body captured; sparse cohort coverage requires development-only pilot registration
P0157d20b94,2008,dx2008agents,2008-05-08,2008-06-26,report_agent_named_in_listing,1.0,True,True,False,False,No pre-draft archived body captured; sparse cohort coverage requires development-only pilot registration
P0157d20b94,2008,dx2008agents,2008-05-08,2008-06-26,report_listed_testing_waters,0.0,True,True,False,False,No pre-draft archived body captured; sparse cohort coverage requires development-only pilot registration
P0157d20b94,2008,dx2008agents,2008-05-08,2008-06-26,report_listed_withdrawn,0.0,True,True,False,False,No pre-draft archived body captured; sparse cohort coverage requires development-only pilot registration
P0157d20b94,2008,dx2008agents,2008-05-08,2008-06-26,report_same_agent_listed_client_count,4.0,True,True,False,False,No pre-draft archived body captured; sparse cohort coverage requires development-only pilot registration
P7e5e28e6b3,2008,dx2008agents,2008-05-08,2008-06-26,report_agent_named_in_listing,1.0,True,True,False,False,No pre-draft archived body captured; sparse cohort coverage requires development-only pilot registration
P7e5e28e6b3,2008,dx2008agents,2008-05-08,2008-06-26,report_listed_testing_waters,0.0,True,True,False,False,No pre-draft archived body captured; sparse cohort coverage requires development-only pilot registration
P7e5e28e6b3,2008,dx2008agents,2008-05-08,2008-06-26,report_listed_withdrawn,0.0,True,True,False,False,No pre-draft archived body captured; sparse cohort coverage requires development-only pilot registration
P7e5e28e6b3,2008,dx2008agents,2008-05-08,2008-06-26,report_same_agent_listed_client_count,2.0,True,True,False,False,No pre-draft archived body captured; sparse cohort coverage requires development-only pilot registration
P4e0fbd7a78,2008,dx2008agents,2008-05-08,2008-06-26,report_agent_named_in_listing,1.0,True,True,False,False,No pre-draft archived body captured; sparse cohort coverage requires development-only pilot registration
P4e0fbd7a78,2008,dx2008agents,2008-05-08,2008-06-26,report_listed_testing_waters,0.0,True,True,False,False,No pre-draft archived body captured; sparse cohort coverage requires development-only pilot registration
P4e0fbd7a78,2008,dx2008agents,2008-05-08,2008-06-26,report_listed_withdrawn,0.0,True,True,False,False,No pre-draft archived body captured; sparse cohort coverage requires development-only pilot registration
P4e0fbd7a78,2008,dx2008agents,2008-05-08,2008-06-26,report_same_agent_listed_client_count,4.0,True,True,False,False,No pre-draft archived body captured; sparse cohort coverage requires development-only pilot registration
Pd19bde5a19,2008,dx2008agents,2008-05-08,2008-06-26,report_agent_named_in_listing,1.0,True,True,False,False,No pre-draft archived body captured; sparse cohort coverage requires development-only pilot registration
Pd19bde5a19,2008,dx2008agents,2008-05-08,2008-06-26,report_listed_testing_waters,0.0,True,True,False,False,No pre-draft archived body captured; sparse cohort coverage requires development-only pilot registration
Pd19bde5a19,2008,dx2008agents,2008-05-08,2008-06-26,report_listed_withdrawn,0.0,True,True,False,False,No pre-draft archived body captured; sparse cohort coverage requires development-only pilot registration
Pd19bde5a19,2008,dx2008agents,2008-05-08,2008-06-26,report_same_agent_listed_client_count,2.0,True,True,False,False,No pre-draft archived body captured; sparse cohort coverage requires development-only pilot registration
Pd2241d6e4b,2008,dx2008agents,2008-05-08,2008-06-26,report_agent_named_in_listing,0.0,True,True,False,False,No pre-draft archived body captured; sparse cohort coverage requires development-only pilot registration
Pd2241d6e4b,2008,dx2008agents,2008-05-08,2008-06-26,report_listed_testing_waters,1.0,True,True,False,False,No pre-draft archived body captured; sparse cohort coverage requires development-only pilot registration
Pd2241d6e4b,2008,dx2008agents,2008-05-08,2008-06-26,report_listed_withdrawn,0.0,True,True,False,False,No pre-draft archived body captured; sparse cohort coverage requires development-only pilot registration
Pffe825f9b7,2008,dx2008agents,2008-05-08,2008-06-26,report_agent_named_in_listing,0.0,True,True,False,False,No pre-draft archived body captured; sparse cohort coverage requires development-only pilot registration
Pffe825f9b7,2008,dx2008agents,2008-05-08,2008-06-26,report_listed_testing_waters,1.0,True,True,False,False,No pre-draft archived body captured; sparse cohort coverage requires development-only pilot registration
Pffe825f9b7,2008,dx2008agents,2008-05-08,2008-06-26,report_listed_withdrawn,0.0,True,True,False,False,No pre-draft archived body captured; sparse cohort coverage requires development-only pilot registration
P969f2b1c13,2008,dx2008agents,2008-05-08,2008-06-26,report_agent_named_in_listing,0.0,True,True,False,False,No pre-draft archived body captured; sparse cohort coverage requires development-only pilot registration
P969f2b1c13,2008,dx2008agents,2008-05-08,2008-06-26,report_listed_testing_waters,1.0,True,True,False,False,No pre-draft archived body captured; sparse cohort coverage requires development-only pilot registration
P969f2b1c13,2008,dx2008agents,2008-05-08,2008-06-26,report_listed_withdrawn,0.0,True,True,False,False,No pre-draft archived body captured; sparse cohort coverage requires development-only pilot registration
Pe67238da8c,2008,dx2008agents,2008-05-08,2008-06-26,report_agent_named_in_listing,1.0,True,True,False,False,No pre-draft archived body captured; sparse cohort coverage requires development-only pilot registration
Pe67238da8c,2008,dx2008agents,2008-05-08,2008-06-26,report_listed_testing_waters,0.0,True,True,False,False,No pre-draft archived body captured; sparse cohort coverage requires development-only pilot registration
Pe67238da8c,2008,dx2008agents,2008-05-08,2008-06-26,report_listed_withdrawn,0.0,True,True,False,False,No pre-draft archived body captured; sparse cohort coverage requires development-only pilot registration
Pe67238da8c,2008,dx2008agents,2008-05-08,2008-06-26,report_same_agent_listed_client_count,2.0,True,True,False,False,No pre-draft archived body captured; sparse cohort coverage requires development-only pilot registration
P51f87bc5f4,2008,dx2008agents,2008-05-08,2008-06-26,report_agent_named_in_listing,0.0,True,True,False,False,No pre-draft archived body captured; sparse cohort coverage requires development-only pilot registration
P51f87bc5f4,2008,dx2008agents,2008-05-08,2008-06-26,report_listed_testing_waters,1.0,True,True,False,False,No pre-draft archived body captured; sparse cohort coverage requires development-only pilot registration
P51f87bc5f4,2008,dx2008agents,2008-05-08,2008-06-26,report_listed_withdrawn,0.0,True,True,False,False,No pre-draft archived body captured; sparse cohort coverage requires development-only pilot registration
P4b40cf78ae,2008,dx2008agents,2008-05-08,2008-06-26,report_agent_named_in_listing,1.0,True,True,False,False,No pre-draft archived body captured; sparse cohort coverage requires development-only pilot registration
P4b40cf78ae,2008,dx2008agents,2008-05-08,2008-06-26,report_listed_testing_waters,0.0,True,True,False,False,No pre-draft archived body captured; sparse cohort coverage requires development-only pilot registration
P4b40cf78ae,2008,dx2008agents,2008-05-08,2008-06-26,report_listed_withdrawn,0.0,True,True,False,False,No pre-draft archived body captured; sparse cohort coverage requires development-only pilot registration
P4b40cf78ae,2008,dx2008agents,2008-05-08,2008-06-26,report_same_agent_listed_client_count,3.0,True,True,False,False,No pre-draft archived body captured; sparse cohort coverage requires development-only pilot registration
P41bc73e83b,2008,dx2008agents,2008-05-08,2008-06-26,report_agent_named_in_listing,1.0,True,True,False,False,No pre-draft archived body captured; sparse cohort coverage requires development-only pilot registration
P41bc73e83b,2008,dx2008agents,2008-05-08,2008-06-26,report_listed_testing_waters,0.0,True,True,False,False,No pre-draft archived body captured; sparse cohort coverage requires development-only pilot registration
P41bc73e83b,2008,dx2008agents,2008-05-08,2008-06-26,report_listed_withdrawn,0.0,True,True,False,False,No pre-draft archived body captured; sparse cohort coverage requires development-only pilot registration
P41bc73e83b,2008,dx2008agents,2008-05-08,2008-06-26,report_same_agent_listed_client_count,2.0,True,True,False,False,No pre-draft archived body captured; sparse cohort coverage requires development-only pilot registration
Pf14243ec5e,2008,dx2008agents,2008-05-08,2008-06-26,report_agent_named_in_listing,0.0,True,True,False,False,No pre-draft archived body captured; sparse cohort coverage requires development-only pilot registration
Pf14243ec5e,2008,dx2008agents,2008-05-08,2008-06-26,report_listed_testing_waters,1.0,True,True,False,False,No pre-draft archived body captured; sparse cohort coverage requires development-only pilot registration
Pf14243ec5e,2008,dx2008agents,2008-05-08,2008-06-26,report_listed_withdrawn,0.0,True,True,False,False,No pre-draft archived body captured; sparse cohort coverage requires development-only pilot registration
P9f5758481a,2008,dx2008agents,2008-05-08,2008-06-26,report_agent_named_in_listing,1.0,True,True,False,False,No pre-draft archived body captured; sparse cohort coverage requires development-only pilot registration
P9f5758481a,2008,dx2008agents,2008-05-08,2008-06-26,report_listed_testing_waters,0.0,True,True,False,False,No pre-draft archived body captured; sparse cohort coverage requires development-only pilot registration
P9f5758481a,2008,dx2008agents,2008-05-08,2008-06-26,report_listed_withdrawn,0.0,True,True,False,False,No pre-draft archived body captured; sparse cohort coverage requires development-only pilot registration
P9f5758481a,2008,dx2008agents,2008-05-08,2008-06-26,report_same_agent_listed_client_count,1.0,True,True,False,False,No pre-draft archived body captured; sparse cohort coverage requires development-only pilot registration
P6dfb5df5c6,2008,dx2008agents,2008-05-08,2008-06-26,report_agent_named_in_listing,1.0,True,True,False,False,No pre-draft archived body captured; sparse cohort coverage requires development-only pilot registration
P6dfb5df5c6,2008,dx2008agents,2008-05-08,2008-06-26,report_listed_testing_waters,0.0,True,True,False,False,No pre-draft archived body captured; sparse cohort coverage requires development-only pilot registration
P6dfb5df5c6,2008,dx2008agents,2008-05-08,2008-06-26,report_listed_withdrawn,0.0,True,True,False,False,No pre-draft archived body captured; sparse cohort coverage requires development-only pilot registration
P6dfb5df5c6,2008,dx2008agents,2008-05-08,2008-06-26,report_same_agent_listed_client_count,4.0,True,True,False,False,No pre-draft archived body captured; sparse cohort coverage requires development-only pilot registration
P246009ab63,2008,dx2008agents,2008-05-08,2008-06-26,report_agent_named_in_listing,1.0,True,True,False,False,No pre-draft archived body captured; sparse cohort coverage requires development-only pilot registration
P246009ab63,2008,dx2008agents,2008-05-08,2008-06-26,report_listed_testing_waters,0.0,True,True,False,False,No pre-draft archived body captured; sparse cohort coverage requires development-only pilot registration
P246009ab63,2008,dx2008agents,2008-05-08,2008-06-26,report_listed_withdrawn,0.0,True,True,False,False,No pre-draft archived body captured; sparse cohort coverage requires development-only pilot registration
P246009ab63,2008,dx2008agents,2008-05-08,2008-06-26,report_same_agent_listed_client_count,5.0,True,True,False,False,No pre-draft archived body captured; sparse cohort coverage requires development-only pilot registration
Pb48635a7c4,2008,dx2008agents,2008-05-08,2008-06-26,report_agent_named_in_listing,1.0,True,True,False,False,No pre-draft archived body captured; sparse cohort coverage requires development-only pilot registration
Pb48635a7c4,2008,dx2008agents,2008-05-08,2008-06-26,report_listed_testing_waters,0.0,True,True,False,False,No pre-draft archived body captured; sparse cohort coverage requires development-only pilot registration
Pb48635a7c4,2008,dx2008agents,2008-05-08,2008-06-26,report_listed_withdrawn,0.0,True,True,False,False,No pre-draft archived body captured; sparse cohort coverage requires development-only pilot registration
Pb48635a7c4,2008,dx2008agents,2008-05-08,2008-06-26,report_same_agent_listed_client_count,2.0,True,True,False,False,No pre-draft archived body captured; sparse cohort coverage requires development-only pilot registration
P82dd1ca59f,2008,dx2008agents,2008-05-08,2008-06-26,report_agent_named_in_listing,0.0,True,True,False,False,No pre-draft archived body captured; sparse cohort coverage requires development-only pilot registration
P82dd1ca59f,2008,dx2008agents,2008-05-08,2008-06-26,report_listed_testing_waters,0.0,True,True,False,False,No pre-draft archived body captured; sparse cohort coverage requires development-only pilot registration
P82dd1ca59f,2008,dx2008agents,2008-05-08,2008-06-26,report_listed_withdrawn,0.0,True,True,False,False,No pre-draft archived body captured; sparse cohort coverage requires development-only pilot registration
Pad8df3794d,2008,dx2008agents,2008-05-08,2008-06-26,report_agent_named_in_listing,1.0,True,True,False,False,No pre-draft archived body captured; sparse cohort coverage requires development-only pilot registration
Pad8df3794d,2008,dx2008agents,2008-05-08,2008-06-26,report_listed_testing_waters,0.0,True,True,False,False,No pre-draft archived body captured; sparse cohort coverage requires development-only pilot registration
Pad8df3794d,2008,dx2008agents,2008-05-08,2008-06-26,report_listed_withdrawn,0.0,True,True,False,False,No pre-draft archived body captured; sparse cohort coverage requires development-only pilot registration
Pad8df3794d,2008,dx2008agents,2008-05-08,2008-06-26,report_same_agent_listed_client_count,4.0,True,True,False,False,No pre-draft archived body captured; sparse cohort coverage requires development-only pilot registration
P16bd14d8e6,2008,dx2008agents,2008-05-08,2008-06-26,report_agent_named_in_listing,0.0,True,True,False,False,No pre-draft archived body captured; sparse cohort coverage requires development-only pilot registration
P16bd14d8e6,2008,dx2008agents,2008-05-08,2008-06-26,report_listed_testing_waters,1.0,True,True,False,False,No pre-draft archived body captured; sparse cohort coverage requires development-only pilot registration
P16bd14d8e6,2008,dx2008agents,2008-05-08,2008-06-26,report_listed_withdrawn,0.0,True,True,False,False,No pre-draft archived body captured; sparse cohort coverage requires development-only pilot registration
P4b06d66b80,2008,dx2008agents,2008-05-08,2008-06-26,report_agent_named_in_listing,1.0,True,True,False,False,No pre-draft archived body captured; sparse cohort coverage requires development-only pilot registration
P4b06d66b80,2008,dx2008agents,2008-05-08,2008-06-26,report_listed_testing_waters,0.0,True,True,False,False,No pre-draft archived body captured; sparse cohort coverage requires development-only pilot registration
P4b06d66b80,2008,dx2008agents,2008-05-08,2008-06-26,report_listed_withdrawn,0.0,True,True,False,False,No pre-draft archived body captured; sparse cohort coverage requires development-only pilot registration
P4b06d66b80,2008,dx2008agents,2008-05-08,2008-06-26,report_same_agent_listed_client_count,1.0,True,True,False,False,No pre-draft archived body captured; sparse cohort coverage requires development-only pilot registration
P94bbcbe8b9,2008,dx2008agents,2008-05-08,2008-06-26,report_agent_named_in_listing,1.0,True,True,False,False,No pre-draft archived body captured; sparse cohort coverage requires development-only pilot registration
P94bbcbe8b9,2008,dx2008agents,2008-05-08,2008-06-26,report_listed_testing_waters,0.0,True,True,False,False,No pre-draft archived body captured; sparse cohort coverage requires development-only pilot registration
P94bbcbe8b9,2008,dx2008agents,2008-05-08,2008-06-26,report_listed_withdrawn,0.0,True,True,False,False,No pre-draft archived body captured; sparse cohort coverage requires development-only pilot registration
P94bbcbe8b9,2008,dx2008agents,2008-05-08,2008-06-26,report_same_agent_listed_client_count,5.0,True,True,False,False,No pre-draft archived body captured; sparse cohort coverage requires development-only pilot registration
P8482acfde2,2008,dx2008agents,2008-05-08,2008-06-26,report_agent_named_in_listing,1.0,True,True,False,False,No pre-draft archived body captured; sparse cohort coverage requires development-only pilot registration
P8482acfde2,2008,dx2008agents,2008-05-08,2008-06-26,report_listed_testing_waters,0.0,True,True,False,False,No pre-draft archived body captured; sparse cohort coverage requires development-only pilot registration
P8482acfde2,2008,dx2008agents,2008-05-08,2008-06-26,report_listed_withdrawn,0.0,True,True,False,False,No pre-draft archived body captured; sparse cohort coverage requires development-only pilot registration
P8482acfde2,2008,dx2008agents,2008-05-08,2008-06-26,report_same_agent_listed_client_count,2.0,True,True,False,False,No pre-draft archived body captured; sparse cohort coverage requires development-only pilot registration
P28594efa12,2008,dx2008agents,2008-05-08,2008-06-26,report_agent_named_in_listing,1.0,True,True,False,False,No pre-draft archived body captured; sparse cohort coverage requires development-only pilot registration
P28594efa12,2008,dx2008agents,2008-05-08,2008-06-26,report_listed_testing_waters,0.0,True,True,False,False,No pre-draft archived body captured; sparse cohort coverage requires development-only pilot registration
P28594efa12,2008,dx2008agents,2008-05-08,2008-06-26,report_listed_withdrawn,0.0,True,True,False,False,No pre-draft archived body captured; sparse cohort coverage requires development-only pilot registration
P28594efa12,2008,dx2008agents,2008-05-08,2008-06-26,report_same_agent_listed_client_count,5.0,True,True,False,False,No pre-draft archived body captured; sparse cohort coverage requires development-only pilot registration
P1ca581fef0,2008,dx2008agents,2008-05-08,2008-06-26,report_agent_named_in_listing,1.0,True,True,False,False,No pre-draft archived body captured; sparse cohort coverage requires development-only pilot registration
P1ca581fef0,2008,dx2008agents,2008-05-08,2008-06-26,report_listed_testing_waters,0.0,True,True,False,False,No pre-draft archived body captured; sparse cohort coverage requires development-only pilot registration
P1ca581fef0,2008,dx2008agents,2008-05-08,2008-06-26,report_listed_withdrawn,0.0,True,True,False,False,No pre-draft archived body captured; sparse cohort coverage requires development-only pilot registration
P1ca581fef0,2008,dx2008agents,2008-05-08,2008-06-26,report_same_agent_listed_client_count,1.0,True,True,False,False,No pre-draft archived body captured; sparse cohort coverage requires development-only pilot registration
Pb047bb4747,2008,dx2008agents,2008-05-08,2008-06-26,report_agent_named_in_listing,1.0,True,True,False,False,No pre-draft archived body captured; sparse cohort coverage requires development-only pilot registration
Pb047bb4747,2008,dx2008agents,2008-05-08,2008-06-26,report_listed_testing_waters,0.0,True,True,False,False,No pre-draft archived body captured; sparse cohort coverage requires development-only pilot registration
Pb047bb4747,2008,dx2008agents,2008-05-08,2008-06-26,report_listed_withdrawn,0.0,True,True,False,False,No pre-draft archived body captured; sparse cohort coverage requires development-only pilot registration
Pb047bb4747,2008,dx2008agents,2008-05-08,2008-06-26,report_same_agent_listed_client_count,1.0,True,True,False,False,No pre-draft archived body captured; sparse cohort coverage requires development-only pilot registration
Pb00deeb55d,2008,dx2008agents,2008-05-08,2008-06-26,report_agent_named_in_listing,1.0,True,True,False,False,No pre-draft archived body captured; sparse cohort coverage requires development-only pilot registration
Pb00deeb55d,2008,dx2008agents,2008-05-08,2008-06-26,report_listed_testing_waters,0.0,True,True,False,False,No pre-draft archived body captured; sparse cohort coverage requires development-only pilot registration
Pb00deeb55d,2008,dx2008agents,2008-05-08,2008-06-26,report_listed_withdrawn,0.0,True,True,False,False,No pre-draft archived body captured; sparse cohort coverage requires development-only pilot registration
Pb00deeb55d,2008,dx2008agents,2008-05-08,2008-06-26,report_same_agent_listed_client_count,4.0,True,True,False,False,No pre-draft archived body captured; sparse cohort coverage requires development-only pilot registration
P2bc925c307,2008,dx2008agents,2008-05-08,2008-06-26,report_agent_named_in_listing,1.0,True,True,False,False,No pre-draft archived body captured; sparse cohort coverage requires development-only pilot registration
P2bc925c307,2008,dx2008agents,2008-05-08,2008-06-26,report_listed_testing_waters,0.0,True,True,False,False,No pre-draft archived body captured; sparse cohort coverage requires development-only pilot registration
P2bc925c307,2008,dx2008agents,2008-05-08,2008-06-26,report_listed_withdrawn,0.0,True,True,False,False,No pre-draft archived body captured; sparse cohort coverage requires development-only pilot registration
P2bc925c307,2008,dx2008agents,2008-05-08,2008-06-26,report_same_agent_listed_client_count,4.0,True,True,False,False,No pre-draft archived body captured; sparse cohort coverage requires development-only pilot registration
P79f9e777a1,2008,dx2008agents,2008-05-08,2008-06-26,report_agent_named_in_listing,1.0,True,True,False,False,No pre-draft archived body captured; sparse cohort coverage requires development-only pilot registration
P79f9e777a1,2008,dx2008agents,2008-05-08,2008-06-26,report_listed_testing_waters,0.0,True,True,False,False,No pre-draft archived body captured; sparse cohort coverage requires development-only pilot registration
P79f9e777a1,2008,dx2008agents,2008-05-08,2008-06-26,report_listed_withdrawn,0.0,True,True,False,False,No pre-draft archived body captured; sparse cohort coverage requires development-only pilot registration
P79f9e777a1,2008,dx2008agents,2008-05-08,2008-06-26,report_same_agent_listed_client_count,2.0,True,True,False,False,No pre-draft archived body captured; sparse cohort coverage requires development-only pilot registration
P951f092ec6,2008,dx2008agents,2008-05-08,2008-06-26,report_agent_named_in_listing,1.0,True,True,False,False,No pre-draft archived body captured; sparse cohort coverage requires development-only pilot registration
P951f092ec6,2008,dx2008agents,2008-05-08,2008-06-26,report_listed_testing_waters,0.0,True,True,False,False,No pre-draft archived body captured; sparse cohort coverage requires development-only pilot registration
P951f092ec6,2008,dx2008agents,2008-05-08,2008-06-26,report_listed_withdrawn,0.0,True,True,False,False,No pre-draft archived body captured; sparse cohort coverage requires development-only pilot registration
P951f092ec6,2008,dx2008agents,2008-05-08,2008-06-26,report_same_agent_listed_client_count,2.0,True,True,False,False,No pre-draft archived body captured; sparse cohort coverage requires development-only pilot registration
Pc06b79b843,2008,dx2008agents,2008-05-08,2008-06-26,report_agent_named_in_listing,0.0,True,True,False,False,No pre-draft archived body captured; sparse cohort coverage requires development-only pilot registration
Pc06b79b843,2008,dx2008agents,2008-05-08,2008-06-26,report_listed_testing_waters,0.0,True,True,False,False,No pre-draft archived body captured; sparse cohort coverage requires development-only pilot registration
Pc06b79b843,2008,dx2008agents,2008-05-08,2008-06-26,report_listed_withdrawn,0.0,True,True,False,False,No pre-draft archived body captured; sparse cohort coverage requires development-only pilot registration
P8ff779ec76,2008,dx2008agents,2008-05-08,2008-06-26,report_agent_named_in_listing,1.0,True,True,False,False,No pre-draft archived body captured; sparse cohort coverage requires development-only pilot registration
P8ff779ec76,2008,dx2008agents,2008-05-08,2008-06-26,report_listed_testing_waters,0.0,True,True,False,False,No pre-draft archived body captured; sparse cohort coverage requires development-only pilot registration
P8ff779ec76,2008,dx2008agents,2008-05-08,2008-06-26,report_listed_withdrawn,0.0,True,True,False,False,No pre-draft archived body captured; sparse cohort coverage requires development-only pilot registration
P8ff779ec76,2008,dx2008agents,2008-05-08,2008-06-26,report_same_agent_listed_client_count,4.0,True,True,False,False,No pre-draft archived body captured; sparse cohort coverage requires development-only pilot registration
Pbbe7c2361f,2008,dx2008agents,2008-05-08,2008-06-26,report_agent_named_in_listing,0.0,True,True,False,False,No pre-draft archived body captured; sparse cohort coverage requires development-only pilot registration
Pbbe7c2361f,2008,dx2008agents,2008-05-08,2008-06-26,report_listed_testing_waters,0.0,True,True,False,False,No pre-draft archived body captured; sparse cohort coverage requires development-only pilot registration
Pbbe7c2361f,2008,dx2008agents,2008-05-08,2008-06-26,report_listed_withdrawn,0.0,True,True,False,False,No pre-draft archived body captured; sparse cohort coverage requires development-only pilot registration
