pid,draft_year,source,url,capture_ts,layout,days_before_draft,fields_parsed
Pfb151947b8,2000,nbadraftnet,http://www.nbadraft.net:80/profiles/kenyonmartin.htm,20000620001309,old,8,10
Pb9c8134dba,2000,nbadraftnet,http://www.nbadraft.net:80/profiles/stromileswift.htm,20000605005406,old,23,10
P70be92ee2a,2000,nbadraftnet,http://www.nbadraft.net:80/profiles/dariusmiles.htm,20000619111237,old,9,10
P7aebb4f3da,2000,nbadraftnet,http://nbadraft.net:80/profiles/marcusfizer.htm,20000617131235,old,11,10
Pe4182c4c9a,2000,nbadraftnet,http://www.nbadraft.net:80/profiles/mikemiller.htm,20000620093319,old,8,10
Pdaa5dc2ffe,2000,nbadraftnet,http://nbadraft.net:80/profiles/dermarrjohnson.htm,20000616232524,old,12,10
P0a16bf5dcd,2000,nbadraftnet,http://www.nbadraft.net:80/profiles/chrismihm.htm,20000619022444,old,9,10
Pf596e595fa,2000,nbadraftnet,http://nbadraft.net:80/profiles/keyondooling.htm,20000617094719,old,11,10
P2225ba1e79,2000,nbadraftnet,http://www.nbadraft.net:80/profiles/jeromemoiso.htm,20000619184708,old,9,10
Pa1cb69e2d5,2000,nbadraftnet,http://www.nbadraft.net:80/profiles/etanthomas.htm,20000604125718,old,24,10
Pbd1bd31363,2000,nbadraftnet,http://www.nbadraft.net:80/profiles/courtneyalexander.htm,20000619101258,old,9,10
P180bfe573f,2000,nbadraftnet,http://www.nbadraft.net:80/profiles/quentinrichardson.htm,20000510084257,old,49,10
P8df0a8788c,2000,nbadraftnet,http://www.nbadraft.net:80/profiles/donnellharvey.htm,20000619151105,old,9,10
P497243f189,2000,nbadraftnet,http://www.nbadraft.net:80/profiles/chrisporter.htm,20000619044234,old,9,10
P3f83cdea39,2001,nbadraftnet,http://www.nbadraft.net:80/profiles/kwamebrown.htm,20010625105832,old,2,10
Pc7c312fdc1,2001,nbadraftnet,http://nbadraft.net:80/profiles/tysonchandler.htm,20010624001520,old,3,10
Pff73e1eace,2001,nbadraftnet,http://nbadraft.net:80/profiles/paugasol.htm,20010604074652,old,23,10
Pe88af25410,2001,nbadraftnet,http://www.nbadraft.net:80/profiles/eddycurry.htm,20010625105604,old,2,10
P1d7e465328,2001,nbadraftnet,http://nbadraft.net:80/profiles/shanebattier.htm,20010602125206,old,25,10
Peca9b04dbf,2001,nbadraftnet,http://nbadraft.net:80/profiles/eddiegriffin.htm,20010614032132,old,13,10
Pac419c235c,2001,nbadraftnet,http://nbadraft.net:80/profiles/rodneywhite.htm,20010614031749,old,13,10
P704a5fd478,2001,nbadraftnet,http://nbadraft.net:80/profiles/joejohnson.htm,20010614031636,old,13,10
P0d7e76d154,2001,nbadraftnet,http://nbadraft.net:80/profiles/kedrickbrown.htm,20010617105511,old,10,10
P98f905fdef,2001,nbadraftnet,http://nbadraft.net:80/profiles/vladimirradmanovic.htm,20010617093530,old,10,9
Pdcd864f0fb,2001,nbadraftnet,http://nbadraft.net:80/profiles/richardjefferson.htm,20010614031449,old,13,10
P842a2f3c2e,2001,nbadraftnet,http://nbadraft.net:80/profiles/troymurphy.htm,20010602134756,old,25,10
P3a25271b04,2001,nbadraftnet,http://nbadraft.net:80/profiles/michaelbradley.htm,20010602140025,old,25,10
P75d87cd190,2001,nbadraftnet,http://nbadraft.net:80/profiles/jasoncollins.htm,20010602140227,old,25,10
Paf6a9c1c9e,2001,nbadraftnet,http://nbadraft.net:80/profiles/zachrandolph.htm,20010602135926,old,25,10
P2ee25c689c,2001,nbadraftnet,http://nbadraft.net:80/profiles/brendanhaywood.htm,20010410002951,old,78,10
P1bd862cc0f,2001,nbadraftnet,http://nbadraft.net:80/profiles/josephforte.htm,20010614033002,old,13,10
Pd4900db84d,2001,nbadraftnet,http://www.nbadraft.net:80/profiles/raullopez.htm,20010617154243,old,10,9
P4da2c7e178,2001,nbadraftnet,http://www.nbadraft.net:80/profiles/geraldwallace.htm,20001213131400,old,196,10
Pfcc31e3705,2001,nbadraftnet,http://nbadraft.net:80/profiles/samueldalembert.htm,20010602121027,old,25,10
P3ebb78aaf3,2001,nbadraftnet,http://nbadraft.net:80/profiles/jamaaltinsley.htm,20010602135937,old,25,10
P07655923d4,2001,nbadraftnet,http://nbadraft.net:80/profiles/gilbertarenas.htm,20010602124720,old,25,10
Pc0571f7238,2001,nbadraftnet,http://nbadraft.net:80/profiles/omarcook.htm,20010614024645,old,13,10
Paeace7e70c,2001,nbadraftnet,http://nbadraft.net:80/profiles/terencemorris.htm,20010602133052,old,25,10
P5303425662,2001,nbadraftnet,http://nbadraft.net:80/profiles/seanlampley.htm,20010602121831,old,25,10
P0fee52cfc4,2001,nbadraftnet,http://nbadraft.net:80/profiles/lorenwoods.htm,20010602134655,old,25,10
Pe0f44d3916,2001,nbadraftnet,http://nbadraft.net:80/profiles/kenjohnson.htm,20010602124701,wordpress,25,10
P9aa7ef7a41,2001,nbadraftnet,http://nbadraft.net:80/profiles/alvinjones.htm,20010602134606,old,25,10
Pd06a43915a,2002,nbadraftnet,http://nbadraft.net:80/profiles/yaoming.htm,20011020025447,old,249,10
Pe929ebb536,2002,nbadraftnet,http://nbadraft.net:80/profiles/jaywilliams.htm,20020608002753,old,18,10
P1199724869,2002,nbadraftnet,http://nbadraft.net:80/profiles/mikedunleavy.htm,20020207200456,old,139,10
P979bc77e15,2002,nbadraftnet,http://nbadraft.net:80/profiles/drewgooden.htm,20020608001154,old,18,10
Pa08cb88c9e,2002,nbadraftnet,http://nbadraft.net:80/profiles/dajuanwagner.htm,20020607235330,old,19,10
P3d9db1cda1,2002,nbadraftnet,http://www.nbadraft.net:80/profiles/chriswilcox.htm,20020407143843,old,80,10
P6031807405,2002,nbadraftnet,http://nbadraft.net:80/profiles/amarestoudemire.htm,20011021153328,old,248,10
P91e42fff83,2002,nbadraftnet,http://nbadraft.net:80/profiles/jaredjeffries.htm,20010803115748,old,327,10
P7662bd9a71,2002,nbadraftnet,http://nbadraft.net:80/profiles/melvinely.htm,20020608012534,old,18,10
Pb7f87f6748,2002,nbadraftnet,http://nbadraft.net:80/profiles/marcushaislip.htm,20020608010537,old,18,10
P33f4d69488,2002,nbadraftnet,http://nbadraft.net:80/profiles/bostjannachbar.htm,20020609072811,old,17,10
P5656ae84e7,2002,nbadraftnet,http://nbadraft.net:80/profiles/juandixon.htm,20020608003844,old,18,10
P792efcc523,2002,nbadraftnet,http://nbadraft.net:80/profiles/curtisborchardt.htm,20020607234705,old,19,10
P71d533551f,2002,nbadraftnet,http://www.nbadraft.net:80/profiles/kareemrush.htm,20020407232543,old,80,10
P4c416f9cab,2002,nbadraftnet,http://nbadraft.net:80/profiles/qyntelwoods.htm,20020608203043,old,18,10
P0459b830f2,2002,nbadraftnet,http://nbadraft.net:80/profiles/caseyjacobsen.htm,20020607232819,old,19,10
Pd2dc1d3e0e,2002,nbadraftnet,http://nbadraft.net:80/profiles/tayshaunprince.htm,20020608210210,old,18,10
Pb74259d44e,2002,nbadraftnet,http://nbadraft.net:80/profiles/frankwilliams.htm,20020608002023,old,18,10
Pd4f1d19d77,2002,nbadraftnet,http://www.nbadraft.net:80/profiles/chrisjefferies.htm,20020407020300,old,80,10
P42dd9e15a4,2002,nbadraftnet,http://www.nbadraft.net:80/profiles/dandickau.htm,20011214024244,old,194,10
P70ecb2ee9d,2002,nbadraftnet,http://www.nbadraft.net:80/profiles/vincentyarbrough.htm,20020408090910,old,79,10
P2abf5d1b69,2002,nbadraftnet,http://nbadraft.net:80/profiles/carlosboozer.htm,20020609053415,old,17,10
P7d55637f90,2002,nbadraftnet,http://nbadraft.net:80/profiles/davidandersen.htm,20020607235322,old,19,10
P71645345d7,2002,nbadraftnet,http://nbadraft.net:80/profiles/jamalsampson.htm,20020608002901,old,18,10
P4adcc58a26,2002,nbadraftnet,http://nbadraft.net:80/profiles/luisscola.htm,20020608005917,old,18,10
Pd72acae20f,2002,nbadraftnet,http://www.nbadraft.net:80/profiles/reggieevans.htm,20020610075730,old,16,10
Pd51bbef7c1,2002,nbadraftnet,http://nbadraft.net:80/profiles/marcustaylor.htm,20020608010839,old,18,10
Pb3ff680bd6,2002,nbadraftnet,http://nbadraft.net:80/profiles/rodgrizzard.htm,20020207203124,old,139,10
Pbc5a0470c9,2003,nbadraftnet,http://www.nbadraft.net:80/profiles/lebronjames.htm,20030401111138,old,86,10
P014b6ed928,2003,nbadraftnet,http://www.nbadraft.net:80/profiles/darkomilicic.htm,20030604042050,old,22,10
Pae0e6be256,2003,nbadraftnet,http://nbadraft.net:80/profiles/carmeloanthony.htm,20030207114540,old,139,10
Peab571b95d,2003,nbadraftnet,http://www.nbadraft.net:80/profiles/chrisbosh.htm,20030604041108,old,22,10
P39c1b5b439,2003,nbadraftnet,http://www.nbadraft.net:80/profiles/dwyanewade.htm,20030604044712,old,22,10
P01056a0f18,2003,nbadraftnet,http://www.nbadraft.net:80/profiles/chriskaman.htm,20030604041134,old,22,10
P7feaaeffcb,2003,nbadraftnet,http://www.nbadraft.net:80/profiles/kirkhinrich.htm,20030604032430,old,22,10
P3d283763c2,2003,nbadraftnet,http://www.nbadraft.net:80/profiles/mikesweetney.htm,20030604040707,old,22,10
P9dc8436179,2003,nbadraftnet,http://nbadraft.net:80/profiles/jarvishayes.htm,20030416203227,old,71,10
Pc5cf3e8f14,2003,nbadraftnet,http://www.nbadraft.net:80/profiles/mickaelpietrus.htm,20030601092211,old,25,10
Pced63c164c,2003,nbadraftnet,http://nbadraft.net:80/profiles/nickcollison.htm,20030416151934,old,71,10
P64b1bc7766,2003,nbadraftnet,http://www.nbadraft.net:80/profiles/marcusbanks.htm,20030604035136,old,22,10
P3c6c730bf2,2003,nbadraftnet,http://www.nbadraft.net:80/profiles/lukeridnour.htm,20030604034056,old,22,10
Pace4fe8116,2003,nbadraftnet,http://www.nbadraft.net:80/profiles/reecegaines.htm,20030604041247,old,22,10
P539180f113,2003,nbadraftnet,http://www.nbadraft.net:80/profiles/troybell.htm,20030604043031,old,22,10
P5e97ce9bc9,2003,nbadraftnet,http://www.nbadraft.net:80/profiles/zarkocabarkapa.htm,20030604032227,old,22,10
P37455198a4,2003,nbadraftnet,http://www.nbadraft.net:80/profiles/davidwest.htm,20030604041530,old,22,10
Pb7edd3ead7,2003,nbadraftnet,http://nbadraft.net:80/profiles/dahntayjones.htm,20030416201519,old,71,10
P38d9dee28f,2003,nbadraftnet,http://nbadraft.net:80/profiles/borisdiaw.htm,20030416195219,old,71,10
P53313a94c2,2003,nbadraftnet,http://nbadraft.net:80/profiles/zoranplaninic.htm,20030608163603,old,18,10
P5e60e1df8d,2003,nbadraftnet,http://www.nbadraft.net:80/profiles/travisoutlaw.htm,20030604042722,old,22,10
Pc441e97a64,2003,nbadraftnet,http://www.nbadraft.net:80/profiles/briancook.htm,20030604035705,old,22,10
P6294004747,2003,nbadraftnet,http://www.nbadraft.net:80/profiles/carlosdelfino.htm,20030604040532,old,22,10
Pd0fb9bca1b,2003,nbadraftnet,http://www.nbadraft.net:80/profiles/kendrickperkins.htm,20030604032928,old,22,10
Pd8afdd28b5,2003,nbadraftnet,http://www.nbadraft.net:80/profiles/leandrobarbosa.htm,20030604034544,old,22,10
P82d1799627,2003,nbadraftnet,http://www.nbadraft.net:80/profiles/joshhoward.htm,20030604033210,old,22,10
Pf4d331b9a5,2003,nbadraftnet,http://nbadraft.net:80/profiles/maciejlampe.htm,20030417054315,old,70,10
P47846f7398,2003,nbadraftnet,http://nbadraft.net:80/profiles/jasonkapono.htm,20030608164806,old,18,10
P08c56d3590,2003,nbadraftnet,http://nbadraft.net:80/profiles/lukewalton.htm,20030607021039,old,19,10
Pa3bf9b334b,2003,nbadraftnet,http://www.nbadraft.net:80/profiles/jeromebeasley.htm,20030604043454,old,22,10
P62fd3b7dd9,2003,nbadraftnet,http://nbadraft.net:80/profiles/steveblake.htm,20030608170539,old,18,10
P9827437e3d,2003,nbadraftnet,http://www.nbadraft.net:80/profiles/SlavkoVranes.htm,20030622203756,old,4,10
P3a913af04c,2003,nbadraftnet,http://nbadraft.net:80/profiles/keithbogans.htm,20030608162908,old,18,10
P624e80554f,2003,nbadraftnet,http://www.nbadraft.net:80/profiles/mattbonner.htm,20030605105029,old,21,10
P554dd6632a,2003,nbadraftnet,http://nbadraft.net:80/profiles/mauricewilliams.htm,20030416150948,old,71,10
P9f79255649,2003,nbadraftnet,http://www.nbadraft.net:80/profiles/jameslang.htm,20030604043040,old,22,10
P3e7075c22e,2003,nbadraftnet,http://www.nbadraft.net:80/profiles/kylekorver.htm,20030604033654,old,22,10
P7d6aa2dfe0,2003,nbadraftnet,http://nbadraft.net:80/profiles/brittonjohnsen.htm,20030608165216,old,18,10
Pc1693478f0,2003,nbadraftnet,http://nbadraft.net:80/profiles/dougwrenn.htm,20030608164519,old,18,10
P33f86fa27f,2003,nbadraftnet,http://www.nbadraft.net:80/profiles/marioaustin.htm,20030604034811,old,22,9
P78473875c4,2003,nbadraftnet,http://nbadraft.net:80/profiles/mauricewilliams.htm,20030416150948,old,71,10
P42e64d32a8,2003,nbadraftnet,http://www.nbadraft.net:80/profiles/rickrickert.htm,20030604041336,old,22,10
P269736d407,2004,nbadraftnet,http://nbadraft.net:80/profiles/dwighthoward.asp,20040624100939,old,0,10
Pfb5ad97400,2004,nbadraftnet,http://www.nbadraft.net:80/profiles/emekaokafor.asp,20040624101440,old,0,10
Pec20f0f060,2004,nbadraftnet,http://www.nbadraft.net:80/profiles/bengordon.asp,20040622205233,old,2,9
Pd353deb783,2004,nbadraftnet,http://www.nbadraft.net:80/profiles/shaunlivingston.asp,20040624152857,old,0,10
P5246294b22,2004,nbadraftnet,http://www.nbadraft.net:80/profiles/devinharris.asp,20040624093425,old,0,10
P6292223fd6,2004,nbadraftnet,http://www.nbadraft.net:80/profiles/joshchildress.asp,20040624113549,old,0,10
P8abebd0da5,2004,nbadraftnet,http://nbadraft.net:80/profiles/luoldeng.asp,20040624130040,old,0,10
Pcdb1e8afaa,2004,nbadraftnet,http://nbadraft.net:80/profiles/rafaelaraujo.asp,20040622154958,old,2,10
Pff029e3151,2004,nbadraftnet,http://www.nbadraft.net:80/profiles/andreiguodala.asp,20040624043516,old,0,10
P977a8945dd,2004,nbadraftnet,http://nbadraft.net:80/profiles/lukejackson.asp,20040624123710,old,0,10
P679159f4f1,2004,nbadraftnet,http://nbadraft.net:80/profiles/robertswift.asp,20040624150125,old,0,10
P6e6444ed0f,2004,nbadraftnet,http://www.nbadraft.net:80/profiles/sebastiantelfair.asp,20040623105754,old,1,10
Pcca6045f01,2004,nbadraftnet,http://www.nbadraft.net:80/profiles/krishumphries.asp,20040623223042,old,1,10
P67b7122a99,2004,nbadraftnet,http://nbadraft.net:80/profiles/aljefferson.asp,20040624035319,old,0,10
P25c05d7b38,2004,nbadraftnet,http://nbadraft.net:80/profiles/joshsmith.asp,20040624114521,old,0,10
P0d50e77b95,2004,nbadraftnet,http://www.nbadraft.net:80/profiles/jrsmith.asp,20040624115701,old,0,10
Pc9a523c1e4,2004,nbadraftnet,http://www.nbadraft.net:80/profiles/dorellwright.asp,20040624095619,old,0,10
P0b1f22f2d4,2004,nbadraftnet,http://nbadraft.net:80/profiles/jameernelson.asp,20040624110843,old,0,10
P0ad01302af,2004,nbadraftnet,http://www.nbadraft.net:80/profiles/delontewest.asp,20040624073051,old,0,10
Pe6c8b117c8,2004,nbadraftnet,http://nbadraft.net:80/profiles/tonyallen.asp,20040624154838,old,0,10
P7aeaf13cc2,2004,nbadraftnet,http://nbadraft.net:80/profiles/benoudrih.asp,20040621203045,old,3,10
P3dd4b68d3d,2004,nbadraftnet,http://nbadraft.net:80/profiles/davidharrison.asp,20040624071332,old,0,10
P079efef655,2004,nbadraftnet,http://nbadraft.net:80/profiles/andersonvarejao.asp,20040624040444,old,0,10
Pbc201d669f,2004,nbadraftnet,http://nbadraft.net:80/profiles/dontasmith.asp,20040621233841,old,3,10
P8eebd87e26,2004,nbadraftnet,http://nbadraft.net:80/profiles/andreemmett.asp,20040624041608,old,0,10
Pb3e080e381,2004,nbadraftnet,http://www.nbadraft.net:80/profiles/chrisduhon.asp,20040624064716,old,0,10
P8438cd9418,2004,nbadraftnet,http://nbadraft.net:80/profiles/justinreed.htm,20040609164928,old,15,10
Pd2c0348ebe,2004,nbadraftnet,http://nbadraft.net:80/profiles/papesow.asp,20040619174650,old,5,10
Pfa91aaf1ef,2004,nbadraftnet,http://nbadraft.net:80/profiles/vassilisspanoulis.htm,20040609235342,old,15,10
P8176cc6d95,2004,nbadraftnet,http://nbadraft.net:80/profiles/mauricebaker.htm,20040603134749,old,21,10
P6ce52469e7,2004,nbadraftnet,http://nbadraft.net:80/profiles/brandinknight.htm,20040609142425,old,15,10
Pd6e783f74c,2004,nbadraftnet,http://nbadraft.net:80/profiles/horacejenkins.htm,20040603223904,old,21,9
P80665441e6,2004,nbadraftnet,http://www.nbadraft.net:80/profiles/jamesthomas.asp,20040604213958,old,20,10
P23c2e6b3e7,2004,nbadraftnet,http://nbadraft.net:80/profiles/andrebarrett.asp,20040615091231,old,9,10
P630cc033c0,2004,nbadraftnet,http://nbadraft.net:80/profiles/jackiebutler.asp,20040624104513,old,0,10
P099a8d0c1c,2005,nbadraftnet,http://nbadraft.net:80/profiles/andrewbogut.asp,20050625011833,old,3,10
P3470a61a00,2005,nbadraftnet,http://nbadraft.net:80/profiles/marvinwilliams.asp,20050626023948,old,2,10
P5afd5b991d,2005,nbadraftnet,http://nbadraft.net:80/profiles/deronwilliams.asp,20050626005844,old,2,10
P5e4491e5c3,2005,nbadraftnet,http://nbadraft.net:80/profiles/chrispaul.asp,20050626001833,old,2,10
Pc047806c80,2005,nbadraftnet,http://nbadraft.net:80/profiles/raymondfelton.asp,20050625004803,old,3,10
Pf804162018,2005,nbadraftnet,http://nbadraft.net:80/profiles/martellwebster.asp,20050627012034,old,1,10
P572a4194e6,2005,nbadraftnet,http://www.nbadraft.net:80/profiles/charlievillanueva.asp,20050627005522,old,1,10
P42d0d6de9a,2005,nbadraftnet,http://nbadraft.net:80/profiles/channingfrye.asp,20050626000022,old,2,10
Pcb4360a784,2005,nbadraftnet,http://nbadraft.net:80/profiles/ikediogu.asp,20050625033040,old,3,10
Pff47b96114,2005,nbadraftnet,http://nbadraft.net:80/profiles/andrewbynum.asp,20050628012331,old,0,10
P8a3b7b6860,2005,nbadraftnet,http://nbadraft.net:80/profiles/seanmay.asp,20050625013646,old,3,10
P9f246cdbe1,2005,nbadraftnet,http://nbadraft.net:80/profiles/rashadmccants.htm,20050621081042,old,7,10
Pc295aab61a,2005,nbadraftnet,http://nbadraft.net:80/profiles/joeygraham.asp,20050627234518,old,1,10
P471bec0288,2005,nbadraftnet,http://nbadraft.net:80/profiles/dannygranger.asp,20050627010632,old,1,10
P81f3558def,2005,nbadraftnet,http://nbadraft.net:80/profiles/geraldgreen.asp,20050627232144,old,1,9
Pdd972253d5,2005,nbadraftnet,http://nbadraft.net:80/profiles/hakimwarrick.asp,20050625030632,old,3,10
P959d20dcac,2005,nbadraftnet,http://nbadraft.net:80/profiles/juliushodge.asp,20050626013035,old,2,10
P9cbbbfe0cc,2005,nbadraftnet,http://nbadraft.net:80/profiles/naterobinson.asp,20050612020216,old,16,10
Pa4dad52ff4,2005,nbadraftnet,http://nbadraft.net:80/profiles/jarrettjack.asp,20050624233454,old,4,10
P311b5f6b41,2005,nbadraftnet,http://nbadraft.net:80/profiles/franciscogarcia.asp,20050625022713,old,3,10
P6f59c256f3,2005,nbadraftnet,http://nbadraft.net:80/profiles/lutherhead.asp,20050626014704,old,2,10
P5ea12f1777,2005,nbadraftnet,http://nbadraft.net:80/profiles/johanpetro.asp,20050624235256,old,4,10
P3e3a854ff5,2005,nbadraftnet,http://nbadraft.net:80/profiles/ianmahinmi.asp,20050416011047,old,73,10
P8c537f5a4d,2005,nbadraftnet,http://nbadraft.net:80/profiles/waynesimien.asp,20050623024814,old,5,10
Pe68742d859,2005,nbadraftnet,http://www.nbadraft.net:80/profiles/davidlee.asp,20050614000720,old,14,10
P13a7a5112c,2005,nbadraftnet,http://www.nbadraft.net:80/profiles/salimstoudamire.asp,20050616030857,old,12,10
Pdb057d444b,2005,nbadraftnet,http://www.nbadraft.net:80/profiles/danielewing.asp,20050601000145,old,27,10
P690d8b352a,2005,nbadraftnet,http://nbadraft.net:80/profiles/brandonbass.asp,20050628014132,old,0,10
P19de9513b3,2005,nbadraftnet,http://nbadraft.net:80/profiles/cjmiles.asp,20050624002742,old,4,10
Pc6a39f466a,2005,nbadraftnet,http://nbadraft.net:80/profiles/ersanilyasova.asp,20050623010929,old,5,10
P74b9613d69,2005,nbadraftnet,http://nbadraft.net:80/profiles/montaellis.asp,20050616023044,old,12,10
P01bc9a886e,2005,nbadraftnet,http://www.nbadraft.net:80/profiles/christaft.asp,20050626003835,old,2,10
P6b0e9b0b2a,2005,nbadraftnet,http://nbadraft.net:80/profiles/mileilic.asp,20050626025632,old,2,10
P11475d8eed,2005,nbadraftnet,http://nbadraft.net:80/profiles/martynasandriuskevicius.asp,20050626022235,old,2,9
P63a21fbef6,2005,nbadraftnet,http://nbadraft.net:80/profiles/andrayblatche.asp,20050625010130,old,3,10
P2b78092e41,2005,nbadraftnet,http://nbadraft.net:80/profiles/dijonthompson.asp,20050612012304,old,16,10
Pc067530e3e,2005,nbadraftnet,http://www.nbadraft.net:80/profiles/shavlikrandolph.htm,20050405005425,old,84,10
Pd650e439a2,2005,nbadraftnet,http://nbadraft.net:80/profiles/alananderson.asp,20050610000711,old,18,10
Pbe0a02c2fd,2005,nbadraftnet,http://www.nbadraft.net:80/profiles/mattwalsh.asp,20050405203631,old,84,10
Pa68189cdce,2005,nbadraftnet,http://www.nbadraft.net:80/profiles/anthonyroberson.asp,20050405164817,old,84,10
P3928bad8a7,2005,nbadraftnet,http://nbadraft.net:80/profiles/willbynum.asp,20050406060606,old,83,10
P4abddfb1a4,2005,nbadraftnet,http://www.nbadraft.net:80/profiles/earlbarron.htm,20050404231711,old,85,10
P8b388e1924,2005,nbadraftnet,http://nbadraft.net:80/profiles/johngilchrist.asp,20050612014844,old,16,10
P6c71d953b6,2005,nbadraftnet,http://www.nbadraft.net:80/profiles/kennedywinston.asp,20050622050949,old,6,10
Pc378586c43,2005,nbadraftnet,http://www.nbadraft.net:80/profiles/pierrepierce.asp,20050407161926,old,82,10
P485a20a47a,2005,nbadraftnet,http://nbadraft.net:80/profiles/seanbanks.asp,20050610003019,old,18,10
Pff1fab2e32,2006,nbadraftnet,http://nbadraft.net:80/profiles/andreabargnani.asp,20060615211714,old,13,10
P27f732ca1a,2006,nbadraftnet,http://nbadraft.net:80/profiles/lamarcusaldridge.asp,20060612224017,old,16,10
P49164b4255,2006,nbadraftnet,http://nbadraft.net:80/profiles/adammorrison.asp,20060615211435,old,13,10
Pd31d743729,2006,nbadraftnet,http://nbadraft.net:80/profiles/tyrusthomas.asp,20060615211411,old,13,10
P91b09695de,2006,nbadraftnet,http://nbadraft.net:80/profiles/sheldenwilliams.asp,20060612223939,old,16,10
Pa1953f4a95,2006,nbadraftnet,http://nbadraft.net:80/profiles/brandonroy.asp,20060615211225,old,13,10
Pf919ba1bb3,2006,nbadraftnet,http://nbadraft.net:80/profiles/randyfoye.asp,20060615211213,old,13,10
P4634e39421,2006,nbadraftnet,http://nbadraft.net:80/profiles/rudygay.asp,20060615210344,old,13,10
P4b8155700b,2006,nbadraftnet,http://nbadraft.net:80/profiles/patrickobryant.asp,20060615211750,old,13,10
P05061c84a0,2006,nbadraftnet,http://nbadraft.net:80/profiles/mouhamedsene.asp,20060615211523,old,13,10
P14d000eef5,2006,nbadraftnet,http://nbadraft.net:80/profiles/jjredick.asp,20060615210456,old,13,10
P4dc7399d2c,2006,nbadraftnet,http://nbadraft.net:80/profiles/hiltonarmstrong.asp,20060615211828,old,13,10
P40fd812f54,2006,nbadraftnet,http://nbadraft.net:80/profiles/thabosefolosha.asp,20060615211816,old,13,10
P058ee51b71,2006,nbadraftnet,http://nbadraft.net:80/profiles/ronniebrewer.asp,20060615211547,old,13,10
P54e5c21a96,2006,nbadraftnet,http://nbadraft.net:80/profiles/cedricsimmons.asp,20060615211626,old,13,10
P78afb3722d,2006,nbadraftnet,http://nbadraft.net:80/profiles/rodneycarney.asp,20060615211536,old,13,10
Pd47bfc21b1,2006,nbadraftnet,http://nbadraft.net:80/profiles/shawnewilliams.asp,20060615211803,old,13,10
Pe056071397,2006,nbadraftnet,http://nbadraft.net:80/profiles/oleksiypecherov.asp,20060612223913,old,16,10
Pe5c2b5692d,2006,nbadraftnet,http://nbadraft.net:80/profiles/quincydouby.asp,20060615211400,old,13,10
P74ff916074,2006,nbadraftnet,http://nbadraft.net:80/profiles/renaldobalkman.asp,20060615022413,old,13,10
P8b41334856,2006,nbadraftnet,http://nbadraft.net:80/profiles/rajonrondo.asp,20060615211259,old,13,10
P842513fba1,2006,nbadraftnet,http://nbadraft.net:80/profiles/joshboone.asp,20060615211148,old,13,10
P574724b2cd,2006,nbadraftnet,http://nbadraft.net:80/profiles/kylelowry.asp,20060615022254,old,13,10
P570dcb4282,2006,nbadraftnet,http://nbadraft.net:80/profiles/shannonbrown.asp,20060615211559,old,13,10
P6f3dd59527,2006,nbadraftnet,http://nbadraft.net:80/profiles/jordanfarmar.asp,20060615211459,old,13,10
P20a1183fcf,2006,nbadraftnet,http://nbadraft.net:80/profiles/sergiorodriguez.asp,20060615214712,old,13,9
Pdb7c6b10a9,2006,nbadraftnet,http://nbadraft.net:80/profiles/mauriceager.asp,20060615211347,old,13,10
P1bf2734620,2006,nbadraftnet,http://nbadraft.net:80/profiles/mardycollins.asp,20060615211511,old,13,10
Pb01091942c,2006,nbadraftnet,http://nbadraft.net:80/profiles/joelfreeland.asp,20060614001949,old,14,10
P51a666d7f5,2006,nbadraftnet,http://nbadraft.net:80/profiles/jameswhite.htm,20060623201707,old,5,10
P7781579610,2006,nbadraftnet,http://nbadraft.net:80/profiles/stevenovak.asp,20060615211311,old,13,10
Pad940d555c,2006,nbadraftnet,http://nbadraft.net:80/profiles/solomonjones.asp,20060614002032,old,14,10
Pce8689cb8f,2006,nbadraftnet,http://nbadraft.net:80/profiles/pauldavis.asp,20060615211201,old,13,10
P641f1ca8a3,2006,nbadraftnet,http://nbadraft.net:80/profiles/pjtucker.asp,20060615210519,old,13,10
P82e987418b,2006,nbadraftnet,http://nbadraft.net:80/profiles/craigsmith.asp,20060615214557,old,13,10
Pe4baee43bf,2006,nbadraftnet,http://nbadraft.net:80/profiles/bobbyjones.asp,20060613215858,old,15,10
Pa760c9001c,2006,nbadraftnet,http://nbadraft.net:80/profiles/kostaperovic.asp,20060614103108,old,14,10
P2650c293bf,2006,nbadraftnet,http://nbadraft.net:80/profiles/jamesaugustine.asp,20060616033433,old,12,10
P9a20aba619,2006,nbadraftnet,http://nbadraft.net:80/profiles/danielgibson.asp,20060615211447,old,13,10
Pa24efaf8fd,2006,nbadraftnet,http://nbadraft.net:80/profiles/alexanderjohnson.asp,20060613170510,old,15,10
P156589bd1a,2006,nbadraftnet,http://nbadraft.net:80/profiles/deebrown.asp,20060615210443,old,13,10
P117ae491b1,2006,nbadraftnet,http://nbadraft.net:80/profiles/paulmillsap.asp,20060616001627,old,12,10
Pec84345bbc,2006,nbadraftnet,http://nbadraft.net:80/profiles/leonpowe.asp,20060615210508,old,13,10
P4bb660105c,2006,nbadraftnet,http://nbadraft.net:80/profiles/ryanhollins.asp,20060612223118,old,16,10
P20979c9b9c,2006,nbadraftnet,http://nbadraft.net:80/profiles/guillermodiaz.asp,20060615211650,old,13,10
Pac436e0a75,2006,nbadraftnet,http://nbadraft.net:80/profiles/hassanadams.asp,20060615211335,old,13,10
Pc858ff68e6,2006,nbadraftnet,http://nbadraft.net:80/profiles/damirmarkota.asp,20060616110509,old,12,10
P552922b6fa,2006,nbadraftnet,http://nbadraft.net:80/profiles/willblalock.asp,20060615211423,old,13,10
P6f687d1dcc,2006,nbadraftnet,http://nbadraft.net:80/profiles/kelennaazubuike.asp,20060626012448,old,2,10
P5551ba72f6,2006,nbadraftnet,http://nbadraft.net:80/profiles/louisamundson.asp,20060615211702,old,13,10
Pd1e1adb03d,2006,nbadraftnet,http://nbadraft.net:80/profiles/justinwilliams.asp,20060615022216,old,13,10
P4c433fbf72,2006,nbadraftnet,http://nbadraft.net:80/profiles/popsmensahbonsu.asp,20060614002508,old,14,10
Pe047befac5,2006,nbadraftnet,http://nbadraft.net:80/profiles/stevensmith.asp,20060614001752,old,14,10
P85ac223123,2006,nbadraftnet,http://nbadraft.net:80/profiles/lynngreer.htm,20060615162609,old,13,10
P15657a7054,2006,nbadraftnet,http://nbadraft.net:80/profiles/andrebrown.htm,20060614164431,old,14,10
Pbdc6b072d0,2006,nbadraftnet,http://nbadraft.net:80/profiles/curtisstinson.asp,20060614002138,old,14,10
P87e51fede0,2006,nbadraftnet,http://nbadraft.net:80/profiles/marcusslaughter.asp,20060614002454,old,14,10
P2224af8be2,2007,nbadraftnet,http://www.nbadraft.net:80/admincp/profiles/gregoden.html,20070624050219,asp,4,24
P5713a8b541,2007,nbadraftnet,http://www.nbadraft.net:80/admincp/profiles/kevindurant.html,20070525131203,asp,34,24
Pba0c961d37,2007,nbadraftnet,http://www.nbadraft.net:80/admincp/profiles/alhorford.html,20070624050659,asp,4,24
Pbcd324b348,2007,nbadraftnet,http://nbadraft.net:80/admincp/profiles/mikeconley.html,20070618160459,asp,10,24
Pea4d2012e7,2007,nbadraftnet,http://nbadraft.net:80/admincp/profiles/jeffgreen.html,20070619055127,asp,9,24
P23d9f5804f,2007,nbadraftnet,http://nbadraft.net:80/admincp/profiles/yijianlian.html,20070623162132,asp,5,24
P4a79922b86,2007,nbadraftnet,http://nbadraft.net:80/admincp/profiles/coreybrewer.html,20070621071001,asp,7,24
Pd35ff5934d,2007,nbadraftnet,http://nbadraft.net:80/admincp/profiles/brandanwright.html,20070615033815,asp,13,24
Pad16010a79,2007,nbadraftnet,http://nbadraft.net:80/admincp/profiles/joakimnoah.html,20070621001116,asp,7,24
P12dc2a4dac,2007,nbadraftnet,http://nbadraft.net:80/admincp/profiles/spencerhawes.html,20070601201147,asp,27,24
P49b077589e,2007,nbadraftnet,http://www.nbadraft.net/admincp/profiles/acielaw.html,20070613180708,asp,15,24
P8bc7e2260e,2007,nbadraftnet,http://nbadraft.net:80/admincp/profiles/thaddeusyoung.html,20070506084505,asp,53,24
P25a045baff,2007,nbadraftnet,http://nbadraft.net:80/admincp/profiles/julianwright.html,20070607004247,asp,21,24
Pd84423f7e2,2007,nbadraftnet,http://nbadraft.net:80/admincp/profiles/althornton.html,20070605220218,asp,23,24
P243742fc34,2007,nbadraftnet,http://nbadraft.net:80/admincp/profiles/rodneystuckey.html,20070608025455,asp,20,24
Pdd125f24cc,2007,nbadraftnet,http://nbadraft.net:80/admincp/profiles/nickyoung.html,20070605220355,asp,23,24
P61624e71c6,2007,nbadraftnet,http://nbadraft.net:80/admincp/profiles/seanwilliams.html,20070607004158,asp,21,24
Pc544b8efa0,2007,nbadraftnet,http://nbadraft.net:80/admincp/profiles/marcobelinelli.html,20070605220318,asp,23,24
P2f5200d27c,2007,nbadraftnet,http://www.nbadraft.net:80/profiles/javariscrittenton.asp,20070624050649,old,4,10
Pd6f3aa739f,2007,nbadraftnet,http://nbadraft.net:80/admincp/profiles/jasonsmith.html,20070609091727,asp,19,24
Pb70d7d0b57,2007,nbadraftnet,http://nbadraft.net:80/admincp/profiles/daequancook.html,20070625004733,asp,3,24
P41fad117db,2007,nbadraftnet,http://www.nbadraft.net:80/admincp/profiles/jareddudley.html,20070509143459,asp,50,24
P473b24f6eb,2007,nbadraftnet,http://nbadraft.net:80/admincp/profiles/wilsonchandler.html,20070601201305,asp,27,23
P42adf8ab25,2007,nbadraftnet,http://nbadraft.net:80/admincp/profiles/rudyfernandez.html,20070624102141,asp,4,24
Pd9ad951135,2007,nbadraftnet,http://www.nbadraft.net:80/admincp/profiles/morrisalmond.html,20070509140310,asp,50,24
P168e9ad8d4,2007,nbadraftnet,http://www.nbadraft.net:80/admincp/profiles/aaronbrooks.html,20070509142415,asp,50,24
P1311f2955b,2007,nbadraftnet,http://nbadraft.net:80/admincp/profiles/arronafflalo.html,20070608025229,asp,20,24
P6950e00d3b,2007,nbadraftnet,http://www.nbadraft.net:80/profiles/tiagosplitter.asp,20070626035308,old,2,10
P6a22b03d03,2007,nbadraftnet,http://www.nbadraft.net:80/admincp/profiles/alandotucker.html,20070509143027,asp,50,24
P56d107e80a,2007,nbadraftnet,http://www.nbadraft.net:80/admincp/profiles/carllandry.html,20070509224352,asp,50,24
P971be31864,2007,nbadraftnet,http://nbadraft.net:80/admincp/profiles/gabepruitt.html,20070618025155,asp,10,24
P7703cc27be,2007,nbadraftnet,http://www.nbadraft.net:80/admincp/profiles/nickfazekas.html,20070509144137,asp,50,24
P6525188e53,2007,nbadraftnet,http://nbadraft.net:80/admincp/profiles/glendavis.html,20070609123930,asp,19,24
Pf6d18cb839,2007,nbadraftnet,http://www.nbadraft.net:80/admincp/profiles/jermareodavidson.html,20070509143621,asp,50,24
P67d2056db6,2007,nbadraftnet,http://nbadraft.net:80/admincp/profiles/joshmcroberts.html,20070608025125,asp,20,24
P8e68185705,2007,nbadraftnet,http://www.nbadraft.net:80/admincp/profiles/kyrylofesenko.html,20070624051202,asp,4,2
Pcd53db286a,2007,nbadraftnet,http://www.nbadraft.net:80/admincp/profiles/derrickbyars.html,20070607133334,asp,21,24
Pcfbeb8a341,2007,nbadraftnet,http://www.nbadraft.net:80/admincp/profiles/stephanelasme.html,20070509143216,asp,50,24
P0f110bb83f,2007,nbadraftnet,http://www.nbadraft.net:80/admincp/profiles/dominicmcguire.html,20070509143105,asp,50,24
P93e1b535ab,2007,nbadraftnet,http://www.nbadraft.net:80/admincp/profiles/marcgasol.html,20070509142915,asp,50,24
Pd1415c96b7,2007,nbadraftnet,http://nbadraft.net:80/admincp/profiles/aarongray.html,20070609123412,asp,19,24
Peefc30f89c,2007,nbadraftnet,http://nbadraft.net:80/admincp/profiles/jamesoncurry.html,20070529001921,asp,30,24
Pf5e2b9f7f1,2007,nbadraftnet,http://www.nbadraft.net:80/admincp/profiles/taureangreen.html,20070509224307,asp,50,2
Pac5bd0e496,2007,nbadraftnet,http://www.nbadraft.net:80/admincp/profiles/demetrisnichols.html,20070509143724,asp,50,24
Pcb5c1e8ac6,2007,nbadraftnet,http://www.nbadraft.net:80/admincp/profiles/herberthill.html,20070509144410,asp,50,24
P544e2d56ac,2007,nbadraftnet,http://www.nbadraft.net:80/admincp/profiles/ramonsessions.html,20070509141626,asp,50,2
Pa610141ccc,2007,nbadraftnet,http://www.nbadraft.net/admincp/profiles/djstrawberry.html,20070613180742,asp,15,24
P49a2cdbcb5,2007,nbadraftnet,http://www.nbadraft.net:80/admincp/profiles/dariuswashington.html,20070624051234,asp,4,24
P02f9f17423,2007,nbadraftnet,http://www.nbadraft.net:80/admincp/profiles/cobykarl.html,20070608101605,asp,20,2
P9bd8ef5672,2007,nbadraftnet,http://www.nbadraft.net:80/admincp/profiles/darrylwatkins.html,20070624050941,asp,4,24
P801bf131e6,2007,nbadraftnet,http://nbadraft.net:80/profiles/cjwatson.asp,20061214210705,old,196,10
Pa5107e2b9c,2007,nbadraftnet,http://nbadraft.net:80/profiles/thomasgardner.asp,20070418060402,old,71,10
Pf75a340b58,2007,nbadraftnet,http://nbadraft.net:80/admincp/profiles/shagarialleyne.html,20070609091748,asp,19,2
P2d45174d7f,2008,nbadraftnet,http://www.nbadraft.net:80/admincp/profiles/derrickrose.html,20080624035443,asp,2,24
P722aa856f7,2008,nbadraftnet,http://nbadraft.net/admincp/profiles/michaelbeasley.html,20080516225454,asp,41,24
P552ea773e2,2008,nbadraftnet,http://www.nbadraft.net/admincp/profiles/ojmayo.html,20080509065602,asp,48,24
P67ee7c4408,2008,nbadraftnet,http://www.nbadraft.net:80/admincp/profiles/russellwestbrook.html,20080621094934,asp,5,24
Pdfe2a49906,2008,nbadraftnet,http://www.nbadraft.net:80/admincp/profiles/kevinlove.html,20080625031246,asp,1,24
Peda84f3898,2008,nbadraftnet,http://www.nbadraft.net:80/admincp/profiles/danilogallinari.html,20080621094924,asp,5,24
Pd43d378f42,2008,nbadraftnet,http://nbadraft.net/admincp/profiles/ericgordon.html,20080516095942,asp,41,24
P2e38e474e2,2008,nbadraftnet,http://www.nbadraft.net:80/admincp/profiles/joealexander.html,20080625031241,asp,1,24
P376f10f64c,2008,nbadraftnet,http://www.nbadraft.net:80/admincp/profiles/djaugustin.html,20080621210112,asp,5,24
Pab86c7dfaf,2008,nbadraftnet,http://www.nbadraft.net:80/admincp/profiles/brooklopez.html,20080625031226,asp,1,24
P5f07dfebd6,2008,nbadraftnet,http://nbadraft.net/admincp/profiles/jerrydbayless.html,20080516074731,asp,41,24
P4e0fbd7a78,2008,nbadraftnet,http://www.nbadraft.net:80/admincp/profiles/jasonthompson.html,20080624034423,asp,2,24
Pf1e6555cfc,2008,nbadraftnet,http://www.nbadraft.net:80/admincp/profiles/brandonrush.html,20080622100032,asp,4,24
P7c81e9aca5,2008,nbadraftnet,http://www.nbadraft.net:80/admincp/profiles/anthonyrandolph.html,20080624035415,asp,2,24
P7e5e28e6b3,2008,nbadraftnet,http://nbadraft.net:80/admincp/profiles/robinlopez.html,20080621210123,asp,5,24
Pdb3f441dab,2008,nbadraftnet,http://www.nbadraft.net:80/admincp/profiles/marreesespeights.html,20080622022049,asp,4,24
P4afc5fb3f7,2008,nbadraftnet,http://www.nbadraft.net:80/admincp/profiles/royhibbert.html,20080622022116,asp,4,24
Pfcb4575061,2008,nbadraftnet,http://www.nbadraft.net:80/admincp/profiles/javalemcgee.html,20080622022044,asp,4,24
Pffe825f9b7,2008,nbadraftnet,http://nbadraft.net:80/admincp/profiles/jjhickson.html,20080624034827,asp,2,24
P3d1eff1bca,2008,nbadraftnet,http://nbadraft.net:80/admincp/profiles/alexisajinca.html,20080626030600,asp,0,24
P969f2b1c13,2008,nbadraftnet,http://www.nbadraft.net:80/admincp/profiles/ryananderson.html,20080616053018,asp,10,24
Pd19bde5a19,2008,nbadraftnet,http://www.nbadraft.net:80/admincp/profiles/courtneylee.html,20080626030610,asp,0,24
Pc3a5f10000,2008,nbadraftnet,http://www.nbadraft.net:80/admincp/profiles/kostakoufos.html,20080624034842,asp,2,24
P0157d20b94,2008,nbadraftnet,http://www.nbadraft.net:80/admincp/profiles/sergeibaka.html,20080616052752,asp,10,24
Pda7ff44e77,2008,nbadraftnet,http://www.nbadraft.net:80/admincp/profiles/nicolasbatum.html,20080625101545,asp,1,24
P0e7908a570,2008,nbadraftnet,http://nbadraft.net:80/admincp/profiles/georgehill.html,20080616055228,asp,10,24
P4b0ccf34e0,2008,nbadraftnet,http://www.nbadraft.net:80/admincp/profiles/darrellarthur.html,20080621170054,asp,5,24
Pab534e249b,2008,nbadraftnet,http://www.nbadraft.net:80/admincp/profiles/dontegreene.html,20080622022039,asp,4,24
P9f5758481a,2008,nbadraftnet,http://www.nbadraft.net:80/admincp/profiles/djwhite.html,20080616034136,asp,10,24
P41bc73e83b,2008,nbadraftnet,http://www.nbadraft.net:80/admincp/profiles/jrgiddens.html,20080616034216,asp,10,10
Pe67238da8c,2008,nbadraftnet,http://www.nbadraft.net:80/admincp/profiles/nikolapekovic.html,20080624035543,asp,2,24
Pbbde966f1e,2008,nbadraftnet,http://nbadraft.net:80/admincp/profiles/waltersharpe.html,20080616053622,asp,10,2
Pad8df3794d,2008,nbadraftnet,http://www.nbadraft.net:80/admincp/profiles/joeydorsey.html,20080621210117,asp,5,24
P51f87bc5f4,2008,nbadraftnet,http://www.nbadraft.net:80/admincp/profiles/mariochalmers.html,20080624035154,asp,2,24
P7c1c1e7eac,2008,nbadraftnet,http://www.nbadraft.net:80/admincp/profiles/deandrejordan.html,20080621094929,asp,5,24
P246009ab63,2008,nbadraftnet,http://www.nbadraft.net:80/admincp/profiles/omerasik.html,20080625031301,asp,1,24
P82dd1ca59f,2008,nbadraftnet,http://www.nbadraft.net:80/admincp/profiles/kyleweaver.html,20080616032151,asp,10,24
P8482acfde2,2008,nbadraftnet,http://nbadraft.net:80/admincp/profiles/sonnyweems.html,20080616054125,asp,10,24
P2fe87c73a6,2008,nbadraftnet,http://www.nbadraft.net:80/admincp/profiles/chrisdouglas-roberts.html,20080622022031,asp,4,24
P6dfb5df5c6,2008,nbadraftnet,http://nbadraft.net:80/admincp/profiles/nathanjawai.html,20080624035200,asp,2,24
P1ca581fef0,2008,nbadraftnet,http://www.nbadraft.net:80/admincp/profiles/seansingletary.html,20080624034934,asp,2,24
P4b06d66b80,2008,nbadraftnet,http://www.nbadraft.net:80/admincp/profiles/gorandragic.html,20080616052344,asp,10,10
Pf14243ec5e,2008,nbadraftnet,http://www.nbadraft.net:80/admincp/profiles/billwalker.html,20080624035054,asp,2,24
P79f9e777a1,2008,nbadraftnet,http://www.nbadraft.net:80/admincp/profiles/malikhairston.html,20080616054115,asp,10,24
P951f092ec6,2008,nbadraftnet,http://www.nbadraft.net:80/admincp/profiles/darnelljackson.html,20080616054554,asp,10,24
Pb047bb4747,2008,nbadraftnet,http://www.nbadraft.net:80/admincp/profiles/miketaylor.html,20080625031256,asp,1,2
P28594efa12,2008,nbadraftnet,http://www.nbadraft.net:80/admincp/profiles/sashakaun.html,20080616032952,asp,10,24
P2bc925c307,2008,nbadraftnet,http://www.nbadraft.net:80/admincp/profiles/joecrawford.html,20080616054103,asp,10,24
P94bbcbe8b9,2008,nbadraftnet,http://www.nbadraft.net:80/admincp/profiles/semiherden.html,20080616033749,asp,10,24
P267f5baf8e,2008,nbadraftnet,http://www.nbadraft.net:80/profiles/sunyue.asp,20080619053458,old,7,10
P103e95dd1f,2008,nbadraftnet,http://www.nbadraft.net:80/profiles/jawadwilliams.asp,20080514194016,old,43,10
Pc9bef9c2e0,2008,nbadraftnet,http://www.nbadraft.net:80/admincp/profiles/treyjohnson.html,20080621005705,asp,5,24
Pbbe7c2361f,2008,nbadraftnet,http://nbadraft.net:80/admincp/profiles/anthonymorrow.html,20080619230334,asp,7,24
P2528efc939,2008,nbadraftnet,http://www.nbadraft.net:80/admincp/profiles/bobbybrown.html,20080607015444,asp,19,24
Pc06b79b843,2008,nbadraftnet,http://nbadraft.net:80/admincp/profiles/othellohunter.html,20080616054416,asp,10,24
P8ff779ec76,2008,nbadraftnet,http://www.nbadraft.net:80/admincp/profiles/stevenhill.html,20080619230345,asp,7,24
Pb00deeb55d,2008,nbadraftnet,http://www.nbadraft.net:80/admincp/profiles/demarcusnelson.html,20080625031231,asp,1,24
P6e6a2db0d6,2008,nbadraftnet,http://www.nbadraft.net:80/admincp/profiles/cartiermartin.html,20080611160533,asp,15,24
P4b40cf78ae,2008,nbadraftnet,http://www.nbadraft.net:80/admincp/profiles/davonjefferson.html,20080626030615,asp,0,24
P16bd14d8e6,2008,nbadraftnet,http://www.nbadraft.net:80/admincp/profiles/jamontgordon.html,20080616032445,asp,10,24
Pd2241d6e4b,2008,nbadraftnet,http://www.nbadraft.net:80/admincp/profiles/richardhendrix.html,20080624034913,asp,2,24
Pb36450dd54,2008,nbadraftnet,http://nbadraft.net:80/admincp/profiles/shawnjames.html,20080624035553,asp,2,24
Pb48635a7c4,2008,nbadraftnet,http://www.nbadraft.net:80/admincp/profiles/trentplaisted.html,20080616051220,asp,10,24
P146ec7320a,2009,nbadraftnet,http://www.nbadraft.net:80/players/blake-griffin,20090528153649,drupal,28,24
P26f8dd510c,2009,nbadraftnet,http://www.nbadraft.net:80/players/hasheem-thabeet,20090528072135,drupal,28,24
P2acc089d0e,2009,nbadraftnet,http://www.nbadraft.net:80/players/james-harden,20090528070438,drupal,28,24
Pe2d0a4cddd,2009,nbadraftnet,http://www.nbadraft.net:80/players/tyreke-evans,20090528152817,drupal,28,24
P22c8154970,2009,nbadraftnet,http://www.nbadraft.net:80/players/ricky-rubio,20090528173730,drupal,28,24
P1738f63a26,2009,nbadraftnet,http://www.nbadraft.net:80/players/jonny-flynn,20090523031427,drupal,33,24
P7b8c6b66e0,2009,nbadraftnet,http://www.nbadraft.net:80/players/stephen-curry,20090531035420,drupal,25,24
P3391f209f3,2009,nbadraftnet,http://www.nbadraft.net:80/players/jordan-hill,20090624104348,drupal,1,24
Pad8e6fd6b0,2009,nbadraftnet,http://www.nbadraft.net:80/players/demar-derozan,20090531153728,drupal,25,24
P52f9046b71,2009,nbadraftnet,http://www.nbadraft.net:80/players/brandon-jennings,20090622043724,drupal,3,24
P4417860ddd,2009,nbadraftnet,http://www.nbadraft.net:80/players/terrence-williams,20090522015540,drupal,34,24
Pef77516e2b,2009,nbadraftnet,http://www.nbadraft.net:80/players/gerald-henderson,20090523031422,drupal,33,24
P4c4f563b8c,2009,nbadraftnet,http://www.nbadraft.net:80/players/tyler-hansbrough,20090620060731,drupal,5,24
Pc430805a15,2009,nbadraftnet,http://www.nbadraft.net:80/players/earl-clark,20090528072058,drupal,28,24
P7ef2b1cf05,2009,nbadraftnet,http://www.nbadraft.net:80/players/austin-daye,20090622055913,drupal,3,24
P60425a0c89,2009,nbadraftnet,http://www.nbadraft.net:80/players/james-johnson,20090531165557,drupal,25,24
Pab257f8a15,2009,nbadraftnet,http://www.nbadraft.net:80/players/jrue-holiday,20090612114728,drupal,13,24
P20418f8d52,2009,nbadraftnet,http://www.nbadraft.net:80/players/ty-lawson,20090622052733,drupal,3,24
P0086aec335,2009,nbadraftnet,http://www.nbadraft.net:80/players/jeff-teague,20090531135511,drupal,25,24
Pe79f6d1bdb,2009,nbadraftnet,http://www.nbadraft.net:80/players/eric-maynor,20090621204754,drupal,4,24
P8afd917a6c,2009,nbadraftnet,http://www.nbadraft.net:80/players/darren-collison,20090624135855,drupal,1,24
P2d06a24aee,2009,nbadraftnet,http://www.nbadraft.net:80/players/victor-claver,20090518185242,drupal,38,24
P7d7c4d5568,2009,nbadraftnet,http://www.nbadraft.net:80/players/omri-casspi,20090531154224,drupal,25,24
Pcb72b419f2,2009,nbadraftnet,http://www.nbadraft.net:80/players/bj-mullens,20090612114447,drupal,13,24
P57a6e7dc53,2009,nbadraftnet,http://www.nbadraft.net:80/players/rodrigue-beaubois,20090620085729,drupal,5,24
P38fd19ed26,2009,nbadraftnet,http://www.nbadraft.net:80/players/taj-gibson,20090423112024,drupal,63,24
P117b8ca478,2009,nbadraftnet,http://www.nbadraft.net:80/players/demarre-carroll,20090502024952,drupal,54,2
P6fd4123c4d,2009,nbadraftnet,http://www.nbadraft.net:80/players/wayne-ellington,20090531123508,drupal,25,24
Pc99e2f6730,2009,nbadraftnet,http://www.nbadraft.net:80/players/toney-douglas,20090620093101,drupal,5,24
P2805efe438,2009,nbadraftnet,http://www.nbadraft.net:80/players/christian-eyenga,20090620080510,drupal,5,24
P4f7ec9f72f,2009,nbadraftnet,http://www.nbadraft.net:80/players/jeff-pendergraph,20090523013811,drupal,33,24
P57802757ed,2009,nbadraftnet,http://www.nbadraft.net:80/players/jermaine-taylor,20090622060900,drupal,3,24
P3326a2a68b,2009,nbadraftnet,http://www.nbadraft.net:80/players/dante-cunningham,20090623120819,drupal,2,24
P977d8b209e,2009,nbadraftnet,http://www.nbadraft.net:80/players/dajuan-summers,20090621204820,drupal,4,24
Pc643573699,2009,nbadraftnet,http://www.nbadraft.net:80/players/sam-young,20090505173928,drupal,51,24
P5e4e4a8cf1,2009,nbadraftnet,http://www.nbadraft.net:80/players/dejuan-blair,20090531162332,drupal,25,24
P16997d7184,2009,nbadraftnet,http://www.nbadraft.net:80/players/jon-brockman,20090531040145,drupal,25,24
P8514f39741,2009,nbadraftnet,http://www.nbadraft.net:80/players/jonas-jerebko,20090525231531,drupal,31,2
Pe7ad570728,2009,nbadraftnet,http://www.nbadraft.net:80/players/derrick-brown,20090622060849,drupal,3,24
Pa0dded8876,2009,nbadraftnet,http://www.nbadraft.net:80/players/jodie-meeks,20090521194210,drupal,35,24
P917b0d4d70,2009,nbadraftnet,http://www.nbadraft.net:80/players/patrick-beverly,20090513011029,drupal,43,2
P56bb4beeed,2009,nbadraftnet,http://www.nbadraft.net:80/players/marcus-thornton,20090624134033,drupal,1,24
P922c03ccad,2009,nbadraftnet,http://www.nbadraft.net:80/players/chase-budinger,20090623154248,drupal,2,24
Pb58f931dd3,2009,nbadraftnet,http://www.nbadraft.net:80/players/nick-calathes,20090523024244,drupal,33,24
P456fdc6328,2009,nbadraftnet,http://www.nbadraft.net:80/players/danny-green,20090528163601,drupal,28,2
P5500e23cae,2009,nbadraftnet,http://www.nbadraft.net:80/players/taylor-griffin,20090324041117,drupal,93,2
P322900af3b,2009,nbadraftnet,http://www.nbadraft.net:80/players/aj-price,20090523023754,drupal,33,24
Pfd96fb33e5,2009,nbadraftnet,http://www.nbadraft.net:80/players/nando-de-colo,20090521194228,drupal,35,16
P597d181897,2009,nbadraftnet,http://www.nbadraft.net:80/players/robert-vaden,20090622035252,drupal,3,24
P1015da4297,2009,nbadraftnet,http://www.nbadraft.net:80/players/patrick-mills,20090624134045,drupal,1,2
P4b1ba6339f,2009,nbadraftnet,http://www.nbadraft.net:80/players/lester-hudson,20090503101859,drupal,53,24
P6f23e4dd26,2009,nbadraftnet,http://www.nbadraft.net:80/players/marcus-landry,20090530082540,drupal,26,2
P37b821fb18,2009,nbadraftnet,http://www.nbadraft.net:80/players/alonzo-gee,20090523004502,drupal,33,24
P6d59a1d0fb,2009,nbadraftnet,http://www.nbadraft.net:80/players/reggie-williams,20090503101909,drupal,53,24
P2d536d911b,2009,nbadraftnet,http://www.nbadraft.net:80/players/cedric-jackson,20090531040917,drupal,25,2
Peb1d9a0135,2009,nbadraftnet,http://www.nbadraft.net:80/players/antonio-anderson,20090327105125,drupal,90,2
P4b68bd7095,2009,nbadraftnet,http://www.nbadraft.net:80/players/wesley-matthews,20090529020239,drupal,27,2
P8d411cb20c,2009,nbadraftnet,http://www.nbadraft.net:80/players/brandon-costner,20090529050936,drupal,27,2
P0846fd837c,2009,nbadraftnet,http://www.nbadraft.net:80/players/chinemelu-elonu,20090520012240,drupal,36,2
P74435b1e45,2009,nbadraftnet,http://www.nbadraft.net:80/players/daniel-hackett,20090324090120,drupal,93,2
Pfe669c03c3,2009,nbadraftnet,http://www.nbadraft.net:80/players/dar-tucker,20090422174647,drupal,64,2
P7d184fd756,2009,nbadraftnet,http://www.nbadraft.net:80/players/eric-devendorf,20090623131336,drupal,2,24
Pcd4698d422,2009,nbadraftnet,http://www.nbadraft.net:80/players/paul-harris,20090327015028,drupal,90,24
Pd01ecb3669,2010,nbadraftnet,http://www.nbadraft.net/players/john-wall,20100620020131,drupal,4,24
Ped95bfcd7e,2010,nbadraftnet,http://www.nbadraft.net:80/players/evan-turner,20100622103259,drupal,2,24
Pcc98298533,2010,nbadraftnet,http://www.nbadraft.net:80/players/derrick-favors,20100623043042,drupal,1,24
Peb88f22502,2010,nbadraftnet,http://www.nbadraft.net/players/wesley-johnson,20100620023428,drupal,4,24
Pb3be83363c,2010,nbadraftnet,http://www.nbadraft.net/players/demarcus-cousins,20100620024218,drupal,4,24
P97ae54051b,2010,nbadraftnet,http://www.nbadraft.net/players/ekpe-udoh,20100620081049,drupal,4,24
Pc58bcc8049,2010,nbadraftnet,http://www.nbadraft.net:80/players/greg-monroe,20100622034351,drupal,2,24
P297adbbd5f,2010,nbadraftnet,http://www.nbadraft.net/players/al-farouq-aminu,20100620021326,drupal,4,24
P1402e898dc,2010,nbadraftnet,http://www.nbadraft.net/players/gordon-hayward,20100620033547,drupal,4,24
P7f86ce09cc,2010,nbadraftnet,http://www.nbadraft.net/players/paul-george,20100620034422,drupal,4,24
P7e584efe40,2010,nbadraftnet,http://www.nbadraft.net:80/players/cole-aldrich,20100624093457,drupal,0,24
P10d0b75bed,2010,nbadraftnet,http://www.nbadraft.net/players/xavier-henry,20100620014509,drupal,4,24
P8fac339738,2010,nbadraftnet,http://www.nbadraft.net:80/players/ed-davis,20100622035243,drupal,2,24
P3f25ee2633,2010,nbadraftnet,http://www.nbadraft.net/players/patrick-patterson,20100620033146,drupal,4,24
P502aba077e,2010,nbadraftnet,http://www.nbadraft.net/players/larry-sanders,20100620080409,drupal,4,24
P6f36cd1fed,2010,nbadraftnet,http://www.nbadraft.net/players/luke-babbitt,20100620034039,drupal,4,24
P440f6cc00f,2010,nbadraftnet,http://www.nbadraft.net/players/kevin-seraphin,20100620020320,drupal,4,24
P0d0da4d2bc,2010,nbadraftnet,http://www.nbadraft.net/players/eric-bledsoe,20100620075944,drupal,4,24
P871b04878c,2010,nbadraftnet,http://www.nbadraft.net/players/avery-bradley,20100620022457,drupal,4,24
Pb46ac34cd7,2010,nbadraftnet,http://www.nbadraft.net/players/james-anderson,20100620080618,drupal,4,24
P54e531f2ec,2010,nbadraftnet,http://www.nbadraft.net/players/craig-brackins,20100620025755,drupal,4,24
Pd646388a2b,2010,nbadraftnet,http://www.nbadraft.net/players/elliot-williams,20100620075158,drupal,4,24
P780225999f,2010,nbadraftnet,http://www.nbadraft.net/players/trevor-booker,20100620060234,drupal,4,24
P38bff88a77,2010,nbadraftnet,http://www.nbadraft.net/players/damion-james,20100620072926,drupal,4,24
Pa56ca2c36c,2010,nbadraftnet,http://www.nbadraft.net/players/dominique-jones,20100620080752,drupal,4,24
Pdc16ca4e2e,2010,nbadraftnet,http://www.nbadraft.net/players/quincy-pondexter,20100620064510,drupal,4,24
P2c1e066057,2010,nbadraftnet,http://www.nbadraft.net/players/jordan-crawford,20100620074435,drupal,4,24
P4793f789c0,2010,nbadraftnet,http://www.nbadraft.net:80/players/greivis-vasquez,20100624093959,drupal,0,24
P4d2f3d5dbd,2010,nbadraftnet,http://www.nbadraft.net/players/daniel-orton,20100620075730,drupal,4,24
P7072c546bd,2010,nbadraftnet,http://www.nbadraft.net/players/lazar-hayward,20100620015531,drupal,4,24
Pabb4255b19,2010,nbadraftnet,http://www.nbadraft.net/players/tibor-pleiss,20100620080151,drupal,4,24
P581e368d46,2010,nbadraftnet,http://www.nbadraft.net/players/dexter-pittman,20100620072842,drupal,4,24
P830611c613,2010,nbadraftnet,http://www.nbadraft.net/players/hassan-whiteside,20100620075018,drupal,4,24
P815e63680a,2010,nbadraftnet,http://www.nbadraft.net/players/armon-johnson,20100620081400,drupal,4,24
Pe97fa79993,2010,nbadraftnet,http://www.nbadraft.net/players/nemanja-bjelica,20100620081011,drupal,4,24
P24b8a1c556,2010,nbadraftnet,http://www.nbadraft.net/players/terrico-white,20100620023555,drupal,4,24
P96ac6f0cd3,2010,nbadraftnet,http://www.nbadraft.net:80/players/darington-hobson,20100622103237,drupal,2,24
P7a82e40751,2010,nbadraftnet,http://www.nbadraft.net/players/andy-rautins,20100620071358,drupal,4,24
P27a3420564,2010,nbadraftnet,http://www.nbadraft.net/players/landry-fields,20100620060942,drupal,4,16
P0aa146e53e,2010,nbadraftnet,http://www.nbadraft.net/players/lance-stephenson,20100620080704,drupal,4,24
Pe03992058c,2010,nbadraftnet,http://www.nbadraft.net:80/players/jarvis-varnado,20100623044143,drupal,1,24
Pbd2eb786d3,2010,nbadraftnet,http://www.nbadraft.net:80/players/dasean-butler,20100107012926,drupal,168,24
P966e81614a,2010,nbadraftnet,http://www.nbadraft.net/players/devin-ebanks,20100620075836,drupal,4,24
P433bbb1ab7,2010,nbadraftnet,http://www.nbadraft.net/players/jerome-jordan,20100620062638,drupal,4,24
Pe82bc0553e,2010,nbadraftnet,http://www.nbadraft.net:80/players/gani-lawal,20100623043048,drupal,1,24
P3d55371834,2010,nbadraftnet,http://www.nbadraft.net/players/solomon-alabi,20100620080513,drupal,4,24
P3daa0c9125,2010,nbadraftnet,http://www.nbadraft.net/players/magnum-rolle,20100620072758,drupal,4,2
Pc62b6f4e46,2010,nbadraftnet,http://www.nbadraft.net/players/luke-harangody,20100620061440,drupal,4,24
P989e9714fc,2010,nbadraftnet,http://www.nbadraft.net:80/players/pape-sy,20100616211052,drupal,8,2
Pec2bc35d4f,2010,nbadraftnet,http://www.nbadraft.net/players/willie-warren,20100620074521,drupal,4,24
Pe6ceea2b5e,2010,nbadraftnet,http://www.nbadraft.net/players/hamady-ndiaye,20100620060106,drupal,4,2
P6ff85cb7e1,2010,nbadraftnet,http://www.nbadraft.net/players/derrick-caracter,20100620074201,drupal,4,24
P220e9380db,2010,nbadraftnet,http://www.nbadraft.net:80/players/mustafa-shakur,20100104090036,drupal,171,24
P13adb32b1d,2010,nbadraftnet,http://www.nbadraft.net:80/players/gary-forbes,20100201175653,drupal,143,24
Pdb8fb82c3b,2010,nbadraftnet,http://www.nbadraft.net:80/players/garret-siler,20100114131540,drupal,161,24
Pad180fa2f7,2010,nbadraftnet,http://www.nbadraft.net:80/players/zabian-dowdell,20090505230102,drupal,415,2
P19913201dd,2010,nbadraftnet,http://www.nbadraft.net/players/ben-uzoh,20100620060836,drupal,4,2
P76dbb66d26,2010,nbadraftnet,http://www.nbadraft.net:80/players/timofey-mozgov,20090403013942,drupal,447,2
P4570803785,2010,nbadraftnet,http://www.nbadraft.net/players/sherron-collins,20100620061956,drupal,4,24
P11d27a665c,2010,nbadraftnet,http://www.nbadraft.net/players/samardo-samuels,20100620074827,drupal,4,24
Pebc69ca1f1,2010,nbadraftnet,http://www.nbadraft.net:80/players/jeff-adrien,20100128111841,drupal,147,24
Pcdba4ddbae,2010,nbadraftnet,http://www.nbadraft.net:80/players/marcus-cousin,20100128053044,drupal,147,2
P9c4bb7f4c2,2010,nbadraftnet,http://www.nbadraft.net/players/manny-harris,20100620074618,drupal,4,24
P06e60a886f,2010,nbadraftnet,http://www.nbadraft.net:80/admincp/profiles/chrisjohnson.html,20081022161459,asp,610,2
P29b17f6d68,2010,nbadraftnet,http://www.nbadraft.net:80/players/jeremy-lin,20100623044153,drupal,1,24
Pc9579c50f4,2010,nbadraftnet,http://www.nbadraft.net/players/armon-bassett,20100620115136,drupal,4,2
Pc781d37e72,2010,nbadraftnet,http://www.nbadraft.net/players/charles-garcia,20100620075621,drupal,4,24
P8030960284,2010,nbadraftnet,http://www.nbadraft.net/players/jahmar-young,20100620091318,drupal,4,2
P809c73ddd0,2010,nbadraftnet,http://www.nbadraft.net/players/mac-koshwal,20100620025318,drupal,4,24
P0b3e754c0e,2010,nbadraftnet,http://www.nbadraft.net/players/sylven-landesberg,20100620081238,drupal,4,2
Pdcb8ac9b93,2010,nbadraftnet,http://www.nbadraft.net/players/tiny-gallon,20100620025625,drupal,4,24
Pbd387aad50,2010,nbadraftnet,http://www.nbadraft.net/players/tommy-mason-griffin,20100620080902,drupal,4,2
P575f19a655,2011,nbadraftnet,http://www.nbadraft.net:80/players/kyrie-irving,20110622211313,drupal,1,24
Pb035a35ee9,2011,nbadraftnet,http://www.nbadraft.net:80/players/derrick-williams,20110619152052,drupal,4,24
P5969d3ea2a,2011,nbadraftnet,http://www.nbadraft.net:80/players/enes-kanter,20110616222642,drupal,7,24
Pc8dae45369,2011,nbadraftnet,http://www.nbadraft.net:80/players/tristan-thompson,20110618120647,drupal,5,24
Pb5da2dd439,2011,nbadraftnet,http://www.nbadraft.net:80/players/jonas-valanciunas,20110618171758,drupal,5,24
P4ec69893f6,2011,nbadraftnet,http://www.nbadraft.net:80/players/jan-vesely,20110621044614,drupal,2,24
P148aecdd52,2011,nbadraftnet,http://www.nbadraft.net:80/players/bismack-biyombo,20110618120113,drupal,5,24
P4a7a8900d7,2011,nbadraftnet,http://www.nbadraft.net:80/players/brandon-knight,20110623122115,drupal,0,24
P2e890c30d2,2011,nbadraftnet,http://www.nbadraft.net:80/players/kemba-walker,20110622172725,drupal,1,24
P3ef4d7a55a,2011,nbadraftnet,http://www.nbadraft.net:80/players/jimmer-fredette,20110623110236,drupal,0,24
Pb0e43997bd,2011,nbadraftnet,http://www.nbadraft.net:80/players/klay-thompson,20110618171803,drupal,5,24
P9e7b32dc92,2011,nbadraftnet,http://www.nbadraft.net:80/players/alec-burks,20110622173549,drupal,1,24
P2d49f5a403,2011,nbadraftnet,http://www.nbadraft.net:80/players/markieff-morris,20110608075332,drupal,15,24
P268ca85d2e,2011,nbadraftnet,http://www.nbadraft.net:80/players/marcus-morris,20110623093735,drupal,0,24
P22add316a5,2011,nbadraftnet,http://www.nbadraft.net:80/players/kawhi-leonard,20110623083943,drupal,0,24
Pbbfb6a2c4a,2011,nbadraftnet,http://www.nbadraft.net:80/players/nikola-vucevic,20110622013008,drupal,1,24
P47e2698d94,2011,nbadraftnet,http://www.nbadraft.net:80/players/iman-shumpert,20110611003036,drupal,12,24
P701bdb09e4,2011,nbadraftnet,http://www.nbadraft.net:80/players/chris-singleton,20110622181746,drupal,1,24
Pce627023f0,2011,nbadraftnet,http://www.nbadraft.net:80/players/tobias-harris,20110604031834,drupal,19,24
Pce366ff1b3,2011,nbadraftnet,http://www.nbadraft.net:80/players/donatas-motiejunas,20110621042520,drupal,2,24
Pa98bcc077b,2011,nbadraftnet,http://www.nbadraft.net:80/players/nolan-smith,20110616234124,drupal,7,24
P0c700e1af1,2011,nbadraftnet,http://www.nbadraft.net:80/players/kenneth-faried,20110623064349,drupal,0,24
P31bc34ca23,2011,nbadraftnet,http://www.nbadraft.net:80/players/nikola-mirotic,20110613142523,drupal,10,24
P9cc36d2c64,2011,nbadraftnet,http://www.nbadraft.net:80/players/reggie-jackson,20110608121353,drupal,15,24
Pc5e44c9142,2011,nbadraftnet,http://www.nbadraft.net:80/players/marshon-brooks,20110622173426,drupal,1,24
Pe1228b6b2c,2011,nbadraftnet,http://www.nbadraft.net:80/players/jordan-hamilton,20110618112958,drupal,5,24
P53502448c1,2011,nbadraftnet,http://www.nbadraft.net:80/players/jajuan-johnson,20110605215702,drupal,18,24
Pd9bc466fd2,2011,nbadraftnet,http://www.nbadraft.net:80/players/norris-cole,20110616064452,drupal,7,24
P4d8e3ba87c,2011,nbadraftnet,http://www.nbadraft.net:80/players/cory-joseph,20110608074622,drupal,15,2
P85135a294f,2011,nbadraftnet,http://www.nbadraft.net:80/players/jimmy-butler,20110613150233,drupal,10,2
P495da5b1cd,2011,nbadraftnet,http://www.nbadraft.net:80/players/bojan-bogdanovic,20110531152639,drupal,23,2
P74ab2a2c37,2011,nbadraftnet,http://www.nbadraft.net:80/players/justin-harper,20110619095716,drupal,4,24
P69e13b90fc,2011,nbadraftnet,http://www.nbadraft.net:80/players/kyle-singler,20110617052257,drupal,6,24
P43d78a0411,2011,nbadraftnet,http://www.nbadraft.net:80/players/shelvin-mack,20110622193056,drupal,1,24
P2e873db9ac,2011,nbadraftnet,http://www.nbadraft.net:80/players/tyler-honeycutt,20110616022805,drupal,7,24
P629d2ef8de,2011,nbadraftnet,http://www.nbadraft.net:80/players/jordan-williams,20110618113435,drupal,5,24
P2c06075e55,2011,nbadraftnet,http://www.nbadraft.net:80/players/trey-thompkins,20110611012742,drupal,12,24
P749792a28d,2011,nbadraftnet,http://www.nbadraft.net:80/players/chandler-parsons,20110616234519,drupal,7,24
P3e5e9d6579,2011,nbadraftnet,http://www.nbadraft.net:80/players/jeremy-tyler,20110623095408,drupal,0,24
P96af95e7fd,2011,nbadraftnet,http://www.nbadraft.net:80/players/jon-leuer,20110601080826,drupal,22,24
Pde91f9542b,2011,nbadraftnet,http://www.nbadraft.net:80/players/darius-morris,20110617020137,drupal,6,24
P2606a3d161,2011,nbadraftnet,http://www.nbadraft.net:80/players/davis-bertans,20110611031059,drupal,12,24
P52af59d765,2011,nbadraftnet,http://www.nbadraft.net:80/players/malcolm-lee,20110606123226,drupal,17,24
P355f728583,2011,nbadraftnet,http://www.nbadraft.net:80/players/charles-jenkins,20110622023942,drupal,1,24
Pd11fd10026,2011,nbadraftnet,http://www.nbadraft.net:80/players/andrew-goudelock,20110617052252,drupal,6,24
P36b818b767,2011,nbadraftnet,http://www.nbadraft.net:80/players/travis-leslie,20110613164848,drupal,10,24
Pe6bde91a1f,2011,nbadraftnet,http://www.nbadraft.net:80/players/keith-benson,20110604133030,drupal,19,24
Pc4acbf93e3,2011,nbadraftnet,http://www.nbadraft.net:80/players/josh-selby,20110621052719,drupal,2,24
Pbb988d44ca,2011,nbadraftnet,http://www.nbadraft.net/players/lavoy-allen,20101230114628,drupal,175,2
P4f47ca7b5d,2011,nbadraftnet,http://www.nbadraft.net:80/players/vernon-macklin,20110605234832,drupal,18,2
P7f14bdd3aa,2011,nbadraftnet,http://www.nbadraft.net:80/players/deandre-liggins,20110622022430,drupal,1,24
Paef9538004,2011,nbadraftnet,http://www.nbadraft.net:80/players/etwaun-moore,20110609092523,drupal,14,24
P3ce7981258,2011,nbadraftnet,http://www.nbadraft.net:80/players/isaiah-thomas,20110524142258,drupal,30,2
P50969329ac,2011,nbadraftnet,http://www.nbadraft.net:80/players/mickell-gladness,20100911042741,drupal,285,24
P981540aa5d,2011,nbadraftnet,http://www.nbadraft.net/players/terrel-harris,20101230004737,drupal,175,24
P07a1fb349e,2011,nbadraftnet,http://www.nbadraft.net:80/players/donald-sloan,20101221093646,drupal,184,2
P05848850fc,2011,nbadraftnet,http://www.nbadraft.net:80/players/jerome-dyson,20110310024625,drupal,105,24
Pc42b84faf5,2011,nbadraftnet,http://www.nbadraft.net:80/players/justin-dentmon,20100412103835,drupal,437,2
P8a6c25e945,2011,nbadraftnet,http://www.nbadraft.net:80/players/lance-thomas,20100629223951,drupal,359,24
Pc6eddeb128,2011,nbadraftnet,http://www.nbadraft.net:80/players/courtney-fortson,20100630192210,drupal,358,2
P109788f4ba,2011,nbadraftnet,http://www.nbadraft.net/players/edwin-ubiles,20100620064939,drupal,368,2
P762dcd7f87,2011,nbadraftnet,http://www.nbadraft.net/players/cory-higgins,20101230142846,drupal,175,2
P9ee45f9ea5,2011,nbadraftnet,http://www.nbadraft.net/players/dj-kennedy,20101230144605,drupal,175,2
P0736b54145,2011,nbadraftnet,http://www.nbadraft.net:80/admincp/profiles/chriswright.html,20081028150619,asp,968,2
P4e1bce542d,2011,nbadraftnet,http://www.nbadraft.net:80/players/jeff-foote,20100629222124,drupal,359,2
P3d4bf642e0,2011,nbadraftnet,http://www.nbadraft.net:80/players/xavier-silas,20110526054629,drupal,28,2
Pe0ab16a2ed,2011,nbadraftnet,http://www.nbadraft.net:80/players/julyan-stone,20110609203117,drupal,14,24
P89d1117940,2011,nbadraftnet,http://www.nbadraft.net:80/players/jeremy-pargo,20110529045626,drupal,25,24
P7c4530d600,2011,nbadraftnet,http://www.nbadraft.net:80/players/malcolm-thomas,20110617052302,drupal,6,2
P13a0e44cab,2011,nbadraftnet,http://www.nbadraft.net:80/players/greg-smith,20110622172719,drupal,1,24
P47e4bd26a8,2011,nbadraftnet,http://www.nbadraft.net:80/players/antoine-watson,20110605215657,drupal,18,2
P10819fb965,2011,nbadraftnet,http://www.nbadraft.net:80/players/carleton-scott,20110522045503,drupal,32,2
P477dab5e0e,2011,nbadraftnet,http://www.nbadraft.net:80/players/deangelo-casto,20110618120835,drupal,5,2
P42d7cc83b1,2011,nbadraftnet,http://www.nbadraft.net:80/players/jereme-richmond,20110605234827,drupal,18,2
Pc5bce4fd0c,2011,nbadraftnet,http://www.nbadraft.net:80/players/jeremy-green,20110618163648,drupal,5,2
P7df7e92bd1,2011,nbadraftnet,http://www.nbadraft.net:80/players/keishawn-mayes,20110618162147,drupal,5,2
Pbb710ba6e6,2011,nbadraftnet,http://www.nbadraft.net:80/players/terrence-jennings,20110618123346,drupal,5,2
P163aa00374,2012,nbadraftnet,http://nbadraft.net:80/players/anthony-davis,20120619115115,drupal,9,24
P272afc1b90,2012,nbadraftnet,http://www.nbadraft.net:80/players/michael-kidd-gilchrist,20120623123657,drupal,5,24
Pa260a40e68,2012,nbadraftnet,http://nbadraft.net:80/players/bradley-beal,20120628195919,drupal,0,24
P43f8251240,2012,nbadraftnet,http://www.nbadraft.net:80/players/dion-waiters,20120622231411,drupal,6,24
Pf849910cdc,2012,nbadraftnet,http://nbadraft.net:80/players/thomas-robinson,20120626102607,drupal,2,24
Pf9e0178b31,2012,nbadraftnet,http://nbadraft.net:80/players/damian-lillard,20120627072854,drupal,1,24
Pb5ebcb5d6c,2012,nbadraftnet,http://nbadraft.net:80/players/harrison-barnes,20120627063255,drupal,1,24
Pc3d030ae81,2012,nbadraftnet,http://nbadraft.net:80/players/terrence-ross,20120617141442,drupal,11,24
P4e4e438f6e,2012,nbadraftnet,http://nbadraft.net:80/players/andre-drummond,20120622224011,drupal,6,24
P2320c27578,2012,nbadraftnet,http://nbadraft.net:80/players/austin-rivers,20120626095212,drupal,2,24
P3f927eeca6,2012,nbadraftnet,http://nbadraft.net:80/players/meyers-leonard,20120628193955,drupal,0,24
P4d2e34ba12,2012,nbadraftnet,http://www.nbadraft.net:80/players/jeremy-lamb,20120619122425,drupal,9,24
Pca1e2194fa,2012,nbadraftnet,http://nbadraft.net:80/players/kendall-marshall,20120626164516,drupal,2,24
P400aecdd2c,2012,nbadraftnet,http://nbadraft.net:80/players/john-henson,20120616023745,drupal,12,24
P089ae8ca96,2012,nbadraftnet,http://www.nbadraft.net:80/players/moe-harkless,20120616022934,drupal,12,24
P47044d9385,2012,nbadraftnet,http://www.nbadraft.net:80/players/royce-white,20120616024432,drupal,12,24
Pbc5d4fc393,2012,nbadraftnet,http://www.nbadraft.net:80/players/tyler-zeller,20120622224948,drupal,6,24
Pcfae2f19b7,2012,nbadraftnet,http://www.nbadraft.net:80/players/terrence-jones,20120611055633,drupal,17,24
Pc2a67f2add,2012,nbadraftnet,http://www.nbadraft.net:80/players/andrew-nicholson,20120616030656,drupal,12,24
Pefaae49c8b,2012,nbadraftnet,http://nbadraft.net:80/players/evan-fournier,20120617141431,drupal,11,24
P83b3d780d7,2012,nbadraftnet,http://nbadraft.net:80/players/jared-sullinger,20120614161236,drupal,14,24
Pa3f9e715ae,2012,nbadraftnet,http://www.nbadraft.net:80/players/fab-melo,20120616024118,drupal,12,24
P6d4d3ba13b,2012,nbadraftnet,http://www.nbadraft.net:80/players/john-jenkins,20120620001100,drupal,8,24
P31e884be2b,2012,nbadraftnet,http://nbadraft.net:80/players/jared-cunningham,20120603075826,drupal,25,2
P52c65c114a,2012,nbadraftnet,http://www.nbadraft.net:80/players/tony-wroten,20120622090951,drupal,6,24
P4bc4764e2a,2012,nbadraftnet,http://nbadraft.net:80/players/miles-plumlee,20120621042821,drupal,7,2
P8d6fb61ea0,2012,nbadraftnet,http://www.nbadraft.net:80/players/arnett-moultrie,20120621050727,drupal,7,24
Pd2430f6dfc,2012,nbadraftnet,http://nbadraft.net:80/players/perry-jones,20120627075256,drupal,1,24
P838aeb9cb6,2012,nbadraftnet,http://nbadraft.net:80/players/marquis-teague,20120626191317,drupal,2,24
Pc6c9992e46,2012,nbadraftnet,http://nbadraft.net:80/players/festus-ezeli,20120614154837,drupal,14,24
Pb172e7dcfc,2012,nbadraftnet,http://www.nbadraft.net:80/players/jeffery-taylor,20120616022536,drupal,12,24
Pc0b16a51f2,2012,nbadraftnet,http://www.nbadraft.net:80/players/tomas-satoransky,20120624042345,drupal,4,24
P86f7665380,2012,nbadraftnet,http://nbadraft.net:80/players/bernard-james,20120610155147,drupal,18,2
P0267b55e6b,2012,nbadraftnet,http://www.nbadraft.net:80/players/jae-crowder,20120617142349,drupal,11,24
Pa548aa166c,2012,nbadraftnet,http://nbadraft.net:80/players/draymond-green,20120626100119,drupal,2,24
Pf2c709b50b,2012,nbadraftnet,http://nbadraft.net:80/players/orlando-johnson,20120617140732,drupal,11,2
Pff7518dc75,2012,nbadraftnet,http://nbadraft.net:80/players/quincy-acy,20120613215622,drupal,15,24
P41b1bb4705,2012,nbadraftnet,http://nbadraft.net:80/players/quincy-miller,20120626121639,drupal,2,24
P319cf0c2e0,2012,nbadraftnet,http://www.nbadraft.net:80/players/khris-middleton,20120621040852,drupal,7,24
P798e5b71ce,2012,nbadraftnet,http://nbadraft.net:80/players/will-barton,20120627062508,drupal,1,24
Pd9273beb4e,2012,nbadraftnet,http://www.nbadraft.net:80/players/tyshawn-taylor,20120610212315,drupal,18,24
P47e358160b,2012,nbadraftnet,http://nbadraft.net:80/players/doron-lamb,20120613211823,drupal,15,24
P1ba89514b1,2012,nbadraftnet,http://www.nbadraft.net:80/players/mike-scott,20120609041247,drupal,19,2
P4b46fb5c89,2012,nbadraftnet,http://nbadraft.net:80/players/kim-english,20120622224137,drupal,6,24
Pbfcceae701,2012,nbadraftnet,http://nbadraft.net:80/players/justin-hamilton,20120614144250,drupal,14,2
Pc8a80657b3,2012,nbadraftnet,http://www.nbadraft.net:80/players/darius-miller,20120617142841,drupal,11,2
P337fb06bb7,2012,nbadraftnet,http://nbadraft.net:80/players/kevin-murphy,20120603070918,drupal,25,24
P404f9fdfb6,2012,nbadraftnet,http://nbadraft.net:80/players/kostas-papanikolaou,20120610202546,drupal,18,24
Paa36360f59,2012,nbadraftnet,http://nbadraft.net:80/players/kyle-oquinn,20120613221629,drupal,15,2
Pbf890a872a,2012,nbadraftnet,http://nbadraft.net:80/players/kris-joseph,20120528173021,drupal,31,24
P0dca4f55c4,2012,nbadraftnet,http://nbadraft.net:80/players/furkan-aldemir,20120622224016,drupal,6,24
P8e2f7481af,2012,nbadraftnet,http://www.nbadraft.net:80/players/tornike-shengelia,20120617140737,drupal,11,24
P2db62bcb6f,2012,nbadraftnet,http://nbadraft.net:80/players/darius-johnson-odom,20120615200838,drupal,13,24
P2cdeb4bf00,2012,nbadraftnet,http://nbadraft.net:80/players/robbie-hummel,20120529044014,drupal,30,2
P711641b36d,2012,nbadraftnet,http://nbadraft.net:80/players/robert-sacre,20120621043128,drupal,7,24
P1edb3aa5e4,2012,nbadraftnet,http://www.nbadraft.net:80/players/josh-akognon,20100922091554,drupal,645,24
P909613bae5,2012,nbadraftnet,http://www.nbadraft.net:80/players/mirza-teletovic,20090505222337,drupal,1150,24
P10bdb64d5d,2012,nbadraftnet,http://www.nbadraft.net:80/players/alexey-shved,20120620004034,drupal,8,24
P5ed74be24f,2012,nbadraftnet,http://nbadraft.net:80/players/kent-bazemore,20120517045413,drupal,42,2
Pbe0e1f0064,2012,nbadraftnet,http://nbadraft.net:80/players/maalik-wayns,20120602111854,drupal,26,24
Pae1e3e2903,2012,nbadraftnet,http://www.nbadraft.net:80/players/brian-roberts,20120421155218,drupal,68,24
P093d3a11ad,2012,nbadraftnet,http://nbadraft.net:80/players/kevin-jones,20120530050820,drupal,29,24
Pded0fedf79,2012,nbadraftnet,http://nbadraft.net:80/players/scott-machado,20120622224452,drupal,6,24
P9926013d5a,2012,nbadraftnet,http://www.nbadraft.net/players/ben-hansbrough,20120306163201,drupal,114,24
Pfa75ae8d76,2012,nbadraftnet,http://nbadraft.net/players/diante-garrett,20111218002426,drupal,193,24
P64210277c7,2012,nbadraftnet,http://www.nbadraft.net:80/players/dequan-jones,20120524175440,drupal,35,2
P416dc6431a,2012,nbadraftnet,http://www.nbadraft.net:80/players/justin-holiday,20120625155426,drupal,3,2
Pf0384da7bc,2012,nbadraftnet,http://www.nbadraft.net/players/tim-ohlbrecht,20120304024823,drupal,116,24
P8ea6b00194,2012,nbadraftnet,http://www.nbadraft.net:80/players/aron-baynes,20100404014435,drupal,816,2
P9fd176d178,2012,nbadraftnet,http://nbadraft.net:80/players/henry-sims,20120625090309,drupal,3,2
P337ea84d5c,2012,nbadraftnet,http://nbadraft.net:80/players/dominic-cheek,20120624084244,drupal,4,24
Pd7b7b2dd0a,2012,nbadraftnet,http://www.nbadraft.net/players/dominique-ferguson,20111123190153,drupal,218,2
P91c52ea937,2012,nbadraftnet,http://nbadraft.net:80/players/jcovan-brown,20120606060829,drupal,22,24
P14fdb083b4,2012,nbadraftnet,http://nbadraft.net:80/players/reeves-nelson,20120623213347,drupal,5,2
P84b7d3abc9,2012,nbadraftnet,http://nbadraft.net:80/players/renardo-sidney,20120617143736,drupal,11,24
Pfbbf8d1dd2,2012,nbadraftnet,http://www.nbadraft.net/players/terrell-stoglin,20120506161047,drupal,53,2
P00193b3ed9,2013,nbadraftnet,http://www.nbadraft.net:80/players/anthony-bennett,20130620141017,drupal,7,24
Pca1c024cab,2013,nbadraftnet,http://www.nbadraft.net:80/players/victor-oladipo,20130620105826,drupal,7,24
Pf7f191defd,2013,nbadraftnet,http://www.nbadraft.net:80/players/otto-porter,20130620141047,drupal,7,24
P84101ffd6c,2013,nbadraftnet,http://www.nbadraft.net:80/players/cody-zeller,20130621173948,drupal,6,24
Pde25a111c0,2013,nbadraftnet,http://www.nbadraft.net:80/players/alex-len,20130620105821,drupal,7,24
P854bff0ae3,2013,nbadraftnet,http://www.nbadraft.net:80/players/nerlens-noel,20130620141042,drupal,7,24
P3ede0fa0b1,2013,nbadraftnet,http://www.nbadraft.net:80/players/ben-mclemore,20130620103137,drupal,7,24
P6a23d47737,2013,nbadraftnet,http://www.nbadraft.net:80/players/kentavious-caldwell-pope,20130620150949,drupal,7,24
P6258e82584,2013,nbadraftnet,http://www.nbadraft.net:80/players/trey-burke,20130620151014,drupal,7,24
P3cb5a9e68b,2013,nbadraftnet,http://www.nbadraft.net:80/players/cj-mccollum,20130620150928,drupal,7,24
P398088f587,2013,nbadraftnet,http://www.nbadraft.net:80/players/michael-carter-williams,20130620141032,drupal,7,24
P84dee8d837,2013,nbadraftnet,http://nbadraft.net:80/players/steven-adams,20130621215622,drupal,6,24
P1100d011d0,2013,nbadraftnet,http://nbadraft.net:80/players/kelly-olynyk,20130622065258,drupal,5,24
P93a13b19c2,2013,nbadraftnet,http://www.nbadraft.net:80/players/shabazz-muhammad,20130620141057,drupal,7,24
P2ad610b277,2013,nbadraftnet,http://nbadraft.net:80/players/giannis-adetokoubo,20130621215656,drupal,6,24
P9702e35c0a,2013,nbadraftnet,http://nbadraft.net:80/players/lucas-nogueira,20130620150954,drupal,7,24
P36f801ddc1,2013,nbadraftnet,http://www.nbadraft.net:80/players/shane-larkin,20130620151008,drupal,7,24
P824176de50,2013,nbadraftnet,http://nbadraft.net:80/players/sergey-karasev,20130620141053,drupal,7,24
Pdbcc4b2801,2013,nbadraftnet,http://www.nbadraft.net:80/players/tony-snell,20130620160041,drupal,7,24
P17a4a5cfae,2013,nbadraftnet,http://www.nbadraft.net:80/players/gorgui-dieng,20130620141022,drupal,7,24
P31b4a243f7,2013,nbadraftnet,http://www.nbadraft.net:80/players/mason-plumlee,20130620150959,drupal,7,24
P24a562f4ba,2013,nbadraftnet,http://nbadraft.net:80/players/solomon-hill,20130527120000,drupal,31,24
Pf825457ab4,2013,nbadraftnet,http://www.nbadraft.net:80/players/tim-hardaway-jr,20130621190951,drupal,6,24
Pccb83c9fcb,2013,nbadraftnet,http://www.nbadraft.net:80/players/reggie-bullock,20130623122859,drupal,4,24
P70aaa5fb09,2013,nbadraftnet,http://www.nbadraft.net:80/players/andre-roberson,20130530104125,drupal,28,24
Pb18185e9fe,2013,nbadraftnet,http://nbadraft.net:80/players/rudy-gobert,20130620160000,drupal,7,24
Pa33d5803eb,2013,nbadraftnet,http://www.nbadraft.net:80/players/archie-goodwin,20130621022410,drupal,6,24
P8aa2e06ade,2013,nbadraftnet,http://www.nbadraft.net:80/players/nemanja-nedovic,20130626130705,drupal,1,24
Pcad0645e5a,2013,nbadraftnet,http://www.nbadraft.net:80/players/allen-crabbe,20130622015058,drupal,5,24
P56b91ee390,2013,nbadraftnet,http://www.nbadraft.net:80/players/alex-abrines,20130625071450,drupal,2,2
P467b7b3f59,2013,nbadraftnet,http://www.nbadraft.net:80/players/carrick-felix,20130621210116,drupal,6,24
P5d0988f1e1,2013,nbadraftnet,http://www.nbadraft.net:80/players/isaiah-canaan,20130606105952,drupal,21,24
P488064c36d,2013,nbadraftnet,http://nbadraft.net:80/players/glen-rice-jr,20130621123212,drupal,6,24
Pf209014384,2013,nbadraftnet,http://www.nbadraft.net:80/players/ray-mccallum,20130604101654,drupal,23,24
P622332ff90,2013,nbadraftnet,http://www.nbadraft.net:80/players/nate-wolters,20130620141037,drupal,7,24
Pef94ae3f83,2013,nbadraftnet,http://www.nbadraft.net:80/players/jeff-withey,20130620141027,drupal,7,24
Pf1323eea4d,2013,nbadraftnet,http://www.nbadraft.net:80/players/grant-jerrett,20130606064003,drupal,21,2
Pfb1f867cde,2013,nbadraftnet,http://www.nbadraft.net:80/players/jamaal-franklin,20130620150944,drupal,7,24
Pd2b56a96a1,2013,nbadraftnet,http://www.nbadraft.net:80/players/pierre-jackson,20130625054718,drupal,2,24
Pea46ee56c1,2013,nbadraftnet,http://nbadraft.net:80/players/ricardo-ledo,20130620151003,drupal,7,24
P36eaf9779b,2013,nbadraftnet,http://www.nbadraft.net:80/players/mike-muscala,20130623122833,drupal,4,24
P70fe638043,2013,nbadraftnet,http://www.nbadraft.net:80/players/erick-green,20130604072249,drupal,23,24
Pa9d4084dfb,2013,nbadraftnet,http://nbadraft.net:80/players/raul-neto,20130602111159,drupal,25,2
P15f2c20d7d,2013,nbadraftnet,http://www.nbadraft.net:80/players/ryan-kelly,20130606132248,drupal,21,24
Pb10604e423,2013,nbadraftnet,http://www.nbadraft.net:80/players/erik-murphy,20130608145729,drupal,19,2
P5f6276e4dd,2013,nbadraftnet,http://nbadraft.net:80/players/james-ennis,20130530015118,drupal,28,24
P45b94f1aab,2013,nbadraftnet,http://www.nbadraft.net:80/players/lorenzo-brown,20130623081930,drupal,4,24
Pa0a2c9503f,2013,nbadraftnet,http://nbadraft.net:80/players/joffrey-lauvergne,20130530030402,drupal,28,2
P5e50445e82,2013,nbadraftnet,http://www.nbadraft.net:80/players/peyton-siva,20130623081939,drupal,4,24
P74a501a7bb,2013,nbadraftnet,http://nbadraft.net:80/players/dionte-christmas,20130527115950,drupal,31,24
P55c8e33d89,2013,nbadraftnet,http://www.nbadraft.net:80/players/shane-edwards,20100817065332,drupal,1045,2
Pd44ef7a78e,2013,nbadraftnet,http://www.nbadraft.net:80/players/arinze-onuaku,20130514022307,drupal,44,24
P310fe8e32c,2013,nbadraftnet,http://nbadraft.net:80/players/hollis-thompson,20130527121039,drupal,31,24
P58c3f134a2,2013,nbadraftnet,http://nbadraft.net:80/players/tony-mitchell,20130621210127,drupal,6,24
P01a00a5983,2013,nbadraftnet,http://nbadraft.net:80/players/jorge-gutierrez,20130605063118,drupal,22,2
Pecca0a47dd,2013,nbadraftnet,http://www.nbadraft.net:80/players/dewayne-dedmon,20130620150939,drupal,7,24
P85abb7e5de,2013,nbadraftnet,http://nbadraft.net:80/players/dj-stephens,20130607232933,drupal,20,2
P83fd4822e5,2013,nbadraftnet,http://nbadraft.net:80/players/james-southerland,20130620160150,drupal,7,24
Pf22b67943e,2013,nbadraftnet,http://www.nbadraft.net:80/players/vander-blue,20130605061707,drupal,22,2
P591a253b3e,2013,nbadraftnet,http://www.nbadraft.net:80/players/phil-pressey,20130626154709,drupal,1,24
P1497c83aba,2013,nbadraftnet,http://www.nbadraft.net:80/players/adonis-thomas,20130620133237,drupal,7,24
P15c3bdbcba,2013,nbadraftnet,http://www.nbadraft.net/players/vitor-faverani,20100620102551,drupal,1103,10
Paf55ace901,2013,nbadraftnet,http://nbadraft.net/players/miroslav-raduljica,20111216104944,drupal,559,24
P45450124ed,2013,nbadraftnet,http://nbadraft.net/players/ian-clark,20130521191921,drupal,37,2
P38145d33eb,2013,nbadraftnet,http://nbadraft.net:80/players/elias-harris,20130530065800,drupal,28,24
P8d3cc27d9f,2013,nbadraftnet,http://www.nbadraft.net:80/players/seth-curry,20130604014840,drupal,23,24
P2100fc35c8,2013,nbadraftnet,http://www.nbadraft.net:80/players/brandon-davies,20130601043916,drupal,26,24
Pbe299942e3,2013,nbadraftnet,http://nbadraft.net/players/casper-ware,20130522063624,drupal,36,24
Pcc25131c3d,2013,nbadraftnet,http://nbadraft.net:80/players/scotty-hopson,20130602094744,drupal,25,24
P73a117bd09,2013,nbadraftnet,http://nbadraft.net:80/players/robert-covington,20130528114339,drupal,30,2
Pebbd613418,2013,nbadraftnet,http://www.nbadraft.net:80/players/matthew-dellavedova,20130526013748,drupal,32,24
Pc1b5416459,2013,nbadraftnet,http://nbadraft.net/players/adrien-coleman,20130521212623,drupal,37,2
P4c0b663d25,2013,nbadraftnet,http://www.nbadraft.net:80/players/amath-mbaye,20130627053728,drupal,0,24
P607c704c53,2013,nbadraftnet,http://www.nbadraft.net:80/players/deshaun-thomas,20130620155958,drupal,7,24
P93861fcc04,2013,nbadraftnet,http://nbadraft.net/players/marshawn-powell,20130425190509,drupal,63,2
Pf1615243ab,2013,nbadraftnet,http://www.nbadraft.net:80/players/myck-kabongo,20130626111328,drupal,1,24
Pb5f5bff7e1,2013,nbadraftnet,http://nbadraft.net/players/nurideen-lindsey,20130430155459,drupal,58,2
P6a5ab4372a,2013,nbadraftnet,http://www.nbadraft.net:80/players/tahj-tate,20130627162133,drupal,0,2
Pdb1689c286,2014,nbadraftnet,http://nbadraft.net/players/andrew-wiggins,20140530051534,drupal,27,24
P23f1ba707f,2014,nbadraftnet,http://nbadraft.net/players/jabari-parker,20140530052136,drupal,27,24
P2171d2817b,2014,nbadraftnet,http://www.nbadraft.net/players/joel-embiid,20140327125907,drupal,91,24
P11fb43c4ea,2014,nbadraftnet,http://www.nbadraft.net/players/aaron-gordon,20140327211630,drupal,91,24
Pc9a1f10582,2014,nbadraftnet,http://www.nbadraft.net/players/dante-exum,20140427231250,drupal,60,24
P1044a073cf,2014,nbadraftnet,http://nbadraft.net/players/marcus-smart,20140530053405,drupal,27,24
P1dca1ecf2b,2014,nbadraftnet,http://www.nbadraft.net/players/julius-randle,20140327130139,drupal,91,24
P12d1ca8d35,2014,nbadraftnet,http://nbadraft.net/players/nik-stauskas,20140530050911,drupal,27,24
P0a4bbd8b0a,2014,nbadraftnet,http://www.nbadraft.net/players/noah-vonleh,20140327125014,drupal,91,24
P7f1d080745,2014,nbadraftnet,http://www.nbadraft.net/players/elfrid-payton,20140327122858,drupal,91,24
Pc7e0f691c6,2014,nbadraftnet,http://nbadraft.net/players/doug-mcdermott,20140610211945,drupal,16,24
P3997afa4f2,2014,nbadraftnet,http://www.nbadraft.net/players/dario-saric,20140327123306,drupal,91,24
P96c6ba4e0f,2014,nbadraftnet,http://www.nbadraft.net/players/zach-lavine,20140327123844,drupal,91,24
P49827cf895,2014,nbadraftnet,http://nbadraft.net/players/tj-warren,20140530054216,drupal,27,24
Pa9426d162d,2014,nbadraftnet,http://www.nbadraft.net/players/adreian-payne,20140328004235,drupal,90,24
Paf95fb158c,2014,nbadraftnet,http://nbadraft.net/players/jusuf-nurkic,20140327001708,drupal,91,24
Pf7c7a85a9a,2014,nbadraftnet,http://www.nbadraft.net/players/james-young,20140327183122,drupal,91,24
Pea7725adea,2014,nbadraftnet,http://www.nbadraft.net/players/tyler-ennis,20140327130755,drupal,91,24
P465ab55c02,2014,nbadraftnet,http://nbadraft.net/players/gary-harris,20140530053300,drupal,27,24
Pccdaab2014,2014,nbadraftnet,http://nbadraft.net/players/mitch-mcgary,20140326235917,drupal,92,2
Pd907989bcb,2014,nbadraftnet,http://nbadraft.net/players/jordan-adams,20140326195811,drupal,92,2
P2f95e0c256,2014,nbadraftnet,http://www.nbadraft.net/players/rodney-hood,20140327125130,drupal,91,24
P5c19a79a93,2014,nbadraftnet,http://www.nbadraft.net/players/shabazz-napier,20140623090323,drupal,3,24
P360c31499c,2014,nbadraftnet,http://nbadraft.net/players/clint-capela,20140327082405,drupal,91,24
Pfe357344e4,2014,nbadraftnet,http://nbadraft.net/players/pj-hairston,20140327082452,drupal,91,2
P44154d877a,2014,nbadraftnet,http://nbadraft.net/players/bogdan-bogdanovic,20140622001854,drupal,4,24
Pe966e23e9c,2014,nbadraftnet,http://www.nbadraft.net/players/cj-wilcox,20140623090344,drupal,3,24
Pa5d86611c0,2014,nbadraftnet,http://nbadraft.net:80/players/josh-huestis,20131122234649,drupal,216,2
P4f181909b7,2014,nbadraftnet,http://nbadraft.net/players/kyle-anderson,20140530051956,drupal,27,24
Pf78412d8c5,2014,nbadraftnet,http://nbadraft.net/players/damien-inglis,20140327043626,drupal,91,2
P24fc987f38,2014,nbadraftnet,http://www.nbadraft.net:80/players/kj-mcdaniels,20140606070852,drupal,20,24
P944e30c99c,2014,nbadraftnet,http://www.nbadraft.net:80/players/joe-harris,20140625033504,drupal,1,24
Pd5729dac8f,2014,nbadraftnet,http://www.nbadraft.net/players/cleanthony-early,20140623090334,drupal,3,24
P31e153a014,2014,nbadraftnet,http://nbadraft.net/players/jarnell-stokes,20140327003405,drupal,91,2
Pd6e0b051bb,2014,nbadraftnet,http://nbadraft.net/players/johnny-obryant,20140327004452,drupal,91,2
Pab87e9a8b8,2014,nbadraftnet,http://nbadraft.net/players/spencer-dinwiddie,20140326234423,drupal,92,24
Pd8244d9a42,2014,nbadraftnet,http://www.nbadraft.net/players/jerami-grant,20140510185224,drupal,47,24
Pdd79d6ef7f,2014,nbadraftnet,http://www.nbadraft.net/players/glenn-robinson-iii,20140327211421,drupal,91,24
P962232fdc6,2014,nbadraftnet,http://www.nbadraft.net:80/players/nikola-jokic,20140615052830,drupal,11,2
Pb51c66667f,2014,nbadraftnet,http://nbadraft.net/players/nick-johnson,20140530054006,drupal,27,24
Pbac4f67696,2014,nbadraftnet,http://nbadraft.net/players/walter-tavares,20140502000052,drupal,55,24
Pb59be03b24,2014,nbadraftnet,http://www.nbadraft.net/players/markel-brown,20140327215252,drupal,91,24
P6e49424689,2014,nbadraftnet,http://nbadraft.net/players/dwight-powell,20140326214507,drupal,92,2
P6cee28a4f3,2014,nbadraftnet,http://nbadraft.net/players/jordan-clarkson,20140326203734,drupal,92,2
P83de6de3ec,2014,nbadraftnet,http://nbadraft.net/players/russ-smith,20140530050540,drupal,27,24
P9e30954b9f,2014,nbadraftnet,http://www.nbadraft.net:80/players/lamar-patterson,20140612154149,drupal,14,2
P8c383a7533,2014,nbadraftnet,http://nbadraft.net/players/cameron-bairstow,20140530052358,drupal,27,24
P25150e1302,2014,nbadraftnet,http://nbadraft.net/players/thanasis-antetokounmpo,20140326210910,drupal,92,2
Pbed27928bf,2014,nbadraftnet,http://www.nbadraft.net:80/players/vasilije-micic,20130706080102,drupal,355,2
Pb8a773b356,2014,nbadraftnet,http://www.nbadraft.net:80/players/semaj-christon,20140620173606,drupal,6,24
Pc0fff42784,2014,nbadraftnet,http://nbadraft.net:80/players/roy-devyn-marble,20140416092926,drupal,71,2
P9da0cf7014,2014,nbadraftnet,http://nbadraft.net:80/players/jordan-mcrae,20140531040735,drupal,26,24
Pa47459a77d,2014,nbadraftnet,http://nbadraft.net/players/cory-jefferson,20140327002406,drupal,91,24
P1108cb2921,2014,nbadraftnet,http://www.nbadraft.net:80/players/kalin-lucas,20140515070701,drupal,42,24
Pf0c15e8037,2014,nbadraftnet,http://www.nbadraft.net:80/players/patrick-christopher,20131116032808,drupal,222,24
P17aee771c1,2014,nbadraftnet,http://nbadraft.net/players/larry-drew,20130427205421,drupal,425,2
P9c40b5aa37,2014,nbadraftnet,http://nbadraft.net/players/will-cherry,20140326201908,drupal,92,24
P331cffbdbb,2014,nbadraftnet,http://nbadraft.net/players/jabari-brown,20140326204318,drupal,92,2
P59ddf4705a,2014,nbadraftnet,http://nbadraft.net/players/sean-kilpatrick,20140327005133,drupal,91,24
Pee1a8f2e9d,2014,nbadraftnet,http://nbadraft.net:80/players/alex-kirk,20140526233919,drupal,31,24
P1b1aa3dc82,2014,nbadraftnet,http://www.nbadraft.net:80/players/bryce-cotton,20140614132832,drupal,12,2
Pd856b04e96,2014,nbadraftnet,http://nbadraft.net/players/andre-dawkins,20140326211005,drupal,92,2
Pbda800ed55,2014,nbadraftnet,http://nbadraft.net/players/jakarr-sampson,20140327211521,drupal,91,2
Pa76f81d8c3,2014,nbadraftnet,http://nbadraft.net/players/eric-moreland,20140327080145,drupal,91,2
P23026d4d13,2014,nbadraftnet,http://nbadraft.net:80/players/jerrelle-benimon,20131125000550,drupal,213,2
Pb59dd639f9,2014,nbadraftnet,http://www.nbadraft.net:80/players/damjan-rudez,20130523011537,drupal,399,9
Pcb993abaa5,2014,nbadraftnet,http://www.nbadraft.net:80/players/sim-bhullar,20131125221856,drupal,213,2
Pceb2ff7429,2014,nbadraftnet,http://nbadraft.net/players/jack-cooley,20140326204357,drupal,92,24
P0ee95e3925,2014,nbadraftnet,http://nbadraft.net:80/players/tarik-black,20140615054449,drupal,11,2
Pfa73181e89,2014,nbadraftnet,http://www.nbadraft.net:80/players/david-wear,20140614062812,drupal,12,2
Pbbdf67d0e0,2014,nbadraftnet,http://www.nbadraft.net:80/players/travis-wear,20140614062522,drupal,12,2
P187235ce4e,2014,nbadraftnet,http://www.nbadraft.net:80/players/joe-ingles,20140507114936,drupal,50,2
P88b9812a96,2014,nbadraftnet,http://www.nbadraft.net:80/players/drew-gordon,20131121131706,drupal,217,24
Pe39c876df8,2014,nbadraftnet,http://www.nbadraft.net:80/players/jerel-mcneal,20140507113815,drupal,50,2
P9df5f3f8bb,2014,nbadraftnet,http://www.nbadraft.net:80/players/jamychal-green,20131114225740,drupal,224,24
P9075a4686f,2014,nbadraftnet,http://nbadraft.net/players/tim-frazier,20140327131800,drupal,91,2
Pdd3e192436,2014,nbadraftnet,http://nbadraft.net/players/langston-galloway,20121015124034,drupal,619,2
P7632bd626c,2014,nbadraftnet,http://nbadraft.net/players/chane-behanan,20140327040449,drupal,91,2
Pd35ff11e6d,2014,nbadraftnet,http://nbadraft.net/players/deandre-daniels,20140326195015,drupal,92,2
P8c2c5e7b71,2014,nbadraftnet,http://nbadraft.net/players/isaiah-austin,20140610211934,drupal,16,24
P80e599186b,2014,nbadraftnet,http://nbadraft.net/players/jahii-carson,20140326212434,drupal,92,2
P98ee7e9798,2014,nbadraftnet,http://nbadraft.net/players/laquinton-ross,20140326235857,drupal,92,24
P645a205457,2014,nbadraftnet,http://www.nbadraft.net/players/roscoe-smith,20140327215651,drupal,91,2
P5a591d3e24,2015,nbadraftnet,http://www.nbadraft.net:80/players/karl-anthony-towns,20150624104732,drupal,1,24
P67cf99c3eb,2015,nbadraftnet,http://www.nbadraft.net:80/players/dangelo-russell,20150624112258,drupal,1,24
Pb9c495a67d,2015,nbadraftnet,http://www.nbadraft.net/players/jahlil-okafor,20150623175456,drupal,2,24
Pf1eb0b11c1,2015,nbadraftnet,http://www.nbadraft.net/players/kristaps-porzingis,20150623175517,drupal,2,24
P11ed05516e,2015,nbadraftnet,http://www.nbadraft.net:80/players/mario-hezonja,20150619143521,drupal,6,24
P9b0b27ae5d,2015,nbadraftnet,http://www.nbadraft.net:80/players/willie-cauley-stein,20150622050851,drupal,3,24
P3e493925a2,2015,nbadraftnet,http://www.nbadraft.net/players/emmanuel-mudiay,20150623175537,drupal,2,24
Pff77feae98,2015,nbadraftnet,http://www.nbadraft.net:80/players/stanley-johnson,20150619072543,drupal,6,24
Pec96a14b85,2015,nbadraftnet,http://www.nbadraft.net:80/players/frank-kaminsky,20150622044732,drupal,3,24
Pc3390f55d0,2015,nbadraftnet,http://www.nbadraft.net/players/justise-winslow,20150623175548,drupal,2,24
Peaf1686cc0,2015,nbadraftnet,http://www.nbadraft.net:80/players/myles-turner,20150621213115,drupal,4,24
P2297a93a7f,2015,nbadraftnet,http://www.nbadraft.net:80/players/trey-lyles,20150621210325,drupal,4,24
P7d77f683c0,2015,nbadraftnet,http://www.nbadraft.net:80/players/devin-booker,20150623130036,drupal,2,24
Pce2a43b358,2015,nbadraftnet,http://www.nbadraft.net/players/cameron-payne,20150623175558,drupal,2,24
Ped4ca8f8d6,2015,nbadraftnet,http://www.nbadraft.net:80/players/kelly-oubre,20150619073458,drupal,6,24
Pe71646e585,2015,nbadraftnet,http://www.nbadraft.net:80/players/terry-rozier,20150622043312,drupal,3,24
Pcf63b744fe,2015,nbadraftnet,http://www.nbadraft.net:80/players/rashad-vaughn,20150623053847,drupal,2,24
P94d904f95a,2015,nbadraftnet,http://www.nbadraft.net:80/players/sam-dekker,20150622043412,drupal,3,24
P8d6369038a,2015,nbadraftnet,http://www.nbadraft.net:80/players/jerian-grant,20150619080309,drupal,6,24
P16f77dc0c6,2015,nbadraftnet,http://www.nbadraft.net:80/players/delon-wright,20150619074041,drupal,6,24
Pb067831a66,2015,nbadraftnet,http://www.nbadraft.net:80/players/justin-anderson,20150624200457,drupal,1,24
P5492e07ad3,2015,nbadraftnet,http://www.nbadraft.net/players/bobby-portis,20150621064924,drupal,4,24
Pb4e1522182,2015,nbadraftnet,http://www.nbadraft.net:80/players/rondae-hollis-jefferson,20150623055350,drupal,2,24
P9a02cf437c,2015,nbadraftnet,http://www.nbadraft.net:80/players/tyus-jones,20150625071033,drupal,0,24
Pd0eaa15469,2015,nbadraftnet,http://www.nbadraft.net:80/players/jarell-martin,20150621214409,drupal,4,24
Pdaafce7eb6,2015,nbadraftnet,http://www.nbadraft.net:80/players/larry-nance-jr,20150619072518,drupal,6,2
P3cfad83e39,2015,nbadraftnet,http://www.nbadraft.net:80/players/rj-hunter,20150623081719,drupal,2,24
P128f74a48f,2015,nbadraftnet,http://www.nbadraft.net:80/players/chris-mccullough,20150623130356,drupal,2,24
P1c43036b93,2015,nbadraftnet,http://www.nbadraft.net:80/players/kevon-looney,20150625054719,drupal,0,24
P5849f19551,2015,nbadraftnet,http://www.nbadraft.net:80/players/cedi-osman,20150613030119,drupal,12,24
P1b292d5147,2015,nbadraftnet,http://www.nbadraft.net:80/players/montrezl-harrell,20150622045010,drupal,3,24
P4a125216bc,2015,nbadraftnet,http://www.nbadraft.net:80/players/jordan-mickey,20150623125222,drupal,2,24
Pf634b73f97,2015,nbadraftnet,http://www.nbadraft.net:80/players/anthony-brown,20150613030109,drupal,12,2
Pa779a7b0cf,2015,nbadraftnet,http://www.nbadraft.net/players/guillermo-hernangomez,20150623175023,drupal,2,24
P2e8c779b09,2015,nbadraftnet,http://www.nbadraft.net:80/players/rakeem-christmas,20150615095539,drupal,10,24
Pe7f5f31a46,2015,nbadraftnet,http://www.nbadraft.net:80/players/richaun-holmes,20150622104206,drupal,3,2
Pf38454d2db,2015,nbadraftnet,http://www.nbadraft.net:80/players/darrun-hilliard,20150619163535,drupal,6,2
P944090784f,2015,nbadraftnet,http://www.nbadraft.net:80/players/josh-richardson,20150510033035,drupal,46,2
Pea73008ab4,2015,nbadraftnet,http://www.nbadraft.net:80/players/pat-connaughton,20150611161506,drupal,14,2
P6c859977a5,2015,nbadraftnet,http://www.nbadraft.net:80/players/joseph-young,20150611160619,drupal,14,24
P0ba0d4e186,2015,nbadraftnet,http://www.nbadraft.net:80/players/andrew-harrison,20150622053846,drupal,3,24
P831df49905,2015,nbadraftnet,http://www.nbadraft.net:80/players/norman-powell,20150623053251,drupal,2,24
Pf21d262b1c,2015,nbadraftnet,http://www.nbadraft.net:80/players/dakari-johnson,20150622044446,drupal,3,24
Ped46c6be82,2015,nbadraftnet,http://www.nbadraft.net:80/players/branden-dawson,20150624024047,drupal,1,24
Peda2227014,2015,nbadraftnet,http://www.nbadraft.net:80/players/aaron-harrison,20150619072643,drupal,6,2
P6f3f385e9b,2015,nbadraftnet,http://www.nbadraft.net:80/players/alan-williams,20150524004823,drupal,32,2
P7570f82c10,2015,nbadraftnet,http://www.nbadraft.net:80/players/bryce-dejean-jones,20150619063914,drupal,6,2
P4ba2b4830d,2015,nbadraftnet,http://www.nbadraft.net:80/players/luis-montero,20150625062041,drupal,0,24
P04e5776a76,2015,nbadraftnet,http://www.nbadraft.net/players/cristiano-felicio,20150512141908,drupal,44,2
Pfc32d168da,2015,nbadraftnet,http://www.nbadraft.net:80/players/boban-marjanovic,20150505003441,drupal,51,24
P0029c9d3a9,2015,nbadraftnet,http://www.nbadraft.net:80/players/duje-dukan,20150621210145,drupal,4,2
P1ef5f1c321,2015,nbadraftnet,http://www.nbadraft.net/players/axel-toupane,20150428015618,drupal,58,2
Pef9b8757a6,2015,nbadraftnet,http://nbadraft.net/players/alex-stepheson,20111229174506,drupal,1274,2
P26e74779f0,2015,nbadraftnet,http://www.nbadraft.net:80/players/keith-appling,20150116003200,drupal,160,24
Pa2709c7876,2015,nbadraftnet,http://www.nbadraft.net:80/players/jarell-eddie,20140907073903,drupal,291,2
Pe00e8a81b3,2015,nbadraftnet,http://www.nbadraft.net:80/players/tj-mcconnell,20150526223530,drupal,30,2
Pa24dadc449,2015,nbadraftnet,http://www.nbadraft.net:80/players/cliff-alexander,20150622042856,drupal,3,24
P84b2e1b413,2015,nbadraftnet,http://www.nbadraft.net:80/players/christian-wood,20150622044727,drupal,3,24
P98102db2bd,2015,nbadraftnet,http://www.nbadraft.net:80/players/briante-weber,20150624023429,drupal,1,2
Pbb1af08ea5,2015,nbadraftnet,http://www.nbadraft.net:80/players/aaron-thomas,20150612172749,drupal,13,2
Paae768e6c1,2015,nbadraftnet,http://www.nbadraft.net/players/ashton-pankey,20150622164647,drupal,3,2
Pa48064fa8c,2015,nbadraftnet,http://www.nbadraft.net:80/players/brandon-ashley,20150623130723,drupal,2,24
Pc2766e3f86,2015,nbadraftnet,http://www.nbadraft.net:80/players/charles-jackson,20150501050314,drupal,55,2
P9cedd79bd8,2015,nbadraftnet,http://www.nbadraft.net:80/players/chris-walker,20150619064548,drupal,6,24
P83f630794b,2015,nbadraftnet,http://www.nbadraft.net:80/players/jp-tokoto,20150623055623,drupal,2,24
P093c255389,2015,nbadraftnet,http://www.nbadraft.net:80/players/jherrod-stiggers,20150613030129,drupal,12,2
P9e418f4c91,2015,nbadraftnet,http://www.nbadraft.net/players/michael-frazier-ii,20140811224610,drupal,318,2
P0c888043b8,2015,nbadraftnet,http://www.nbadraft.net:80/players/michael-qualls,20150619070706,drupal,6,24
Pcfe0d93659,2015,nbadraftnet,http://www.nbadraft.net:80/players/olivier-hanlan,20150619143526,drupal,6,24
Pd3473cff83,2015,nbadraftnet,http://www.nbadraft.net:80/players/robert-upshaw,20150613030135,drupal,12,24
Pfd690eb68d,2015,nbadraftnet,http://www.nbadraft.net:80/players/terran-petteway,20150622051946,drupal,3,24
P7b91fe948e,2015,nbadraftnet,http://www.nbadraft.net:80/players/trevor-lacey,20150611161208,drupal,14,2
Pb88d2f0541,2015,nbadraftnet,http://www.nbadraft.net:80/players/tyler-harvey,20150506102114,drupal,50,2
P2c58b86e78,2015,nbadraftnet,http://www.nbadraft.net:80/players/vince-hunter,20150619072708,drupal,6,2
P0fde3dedb2,2016,nbadraftnet,http://www.nbadraft.net:80/players/ben-simmons,20160621111747,drupal,2,24
P117a6c6fb1,2016,nbadraftnet,http://www.nbadraft.net:80/players/brandon-ingram,20160623150320,drupal,0,24
P8a2a3c7c07,2016,nbadraftnet,http://www.nbadraft.net:80/players/jaylen-brown,20160618111258,drupal,5,24
P53f786523f,2016,nbadraftnet,http://www.nbadraft.net:80/players/dragan-bender,20160623162005,drupal,0,24
P9155961dd2,2016,nbadraftnet,http://www.nbadraft.net:80/players/kris-dunn,20160617171753,drupal,6,24
P4ec4ee54f1,2016,nbadraftnet,http://www.nbadraft.net:80/players/buddy-hield,20160623154534,drupal,0,24
Pf9ebd1b271,2016,nbadraftnet,http://www.nbadraft.net:80/players/jamal-murray,20160622220509,drupal,1,24
P47380ec945,2016,nbadraftnet,http://www.nbadraft.net:80/players/marquese-chriss,20160618110851,drupal,5,24
P88f4dbf943,2016,nbadraftnet,http://www.nbadraft.net:80/players/jakob-poeltl,20160618110358,drupal,5,24
P4b59f5fe56,2016,nbadraftnet,http://www.nbadraft.net:80/players/thon-maker,20160619024907,drupal,4,24
P620501ed0d,2016,nbadraftnet,http://www.nbadraft.net:80/players/domantas-sabonis,20160622223338,drupal,1,24
Pc5a8d9d1d6,2016,nbadraftnet,http://www.nbadraft.net:80/players/taurean-prince,20160617174221,drupal,6,24
Paca468f5b5,2016,nbadraftnet,http://www.nbadraft.net:80/players/georgios-papagiannis,20160623154539,drupal,0,24
P88064c1c05,2016,nbadraftnet,http://www.nbadraft.net:80/players/denzel-valentine,20160618105632,drupal,5,24
P7222e0f90b,2016,nbadraftnet,http://www.nbadraft.net:80/players/juan-hernangomez,20160614195311,drupal,9,24
Pd7c989b67a,2016,nbadraftnet,http://www.nbadraft.net:80/players/guerschon-yabusele,20160622220940,drupal,1,24
Pf93789f1b5,2016,nbadraftnet,http://www.nbadraft.net:80/players/wade-baldwin,20160623181405,drupal,0,24
P9264b6e63a,2016,nbadraftnet,http://www.nbadraft.net:80/players/henry-ellenson,20160616182952,drupal,7,24
P4a1b07df85,2016,nbadraftnet,http://www.nbadraft.net:80/players/malik-beasley,20160620195323,drupal,3,24
P55d1c5e102,2016,nbadraftnet,http://www.nbadraft.net:80/players/caris-levert,20160616074727,drupal,7,24
Pddcf4609af,2016,nbadraftnet,http://www.nbadraft.net:80/players/deandre-bembry,20160616200215,drupal,7,24
P6f92e02de4,2016,nbadraftnet,http://www.nbadraft.net:80/players/malachi-richardson,20160617173121,drupal,6,24
P1a32cd4176,2016,nbadraftnet,http://www.nbadraft.net:80/players/ante-zizic,20160616074945,drupal,7,24
Pcb0e772806,2016,nbadraftnet,http://www.nbadraft.net:80/players/timothe-luwawu,20160622234716,drupal,1,24
Pbfe4edf289,2016,nbadraftnet,http://www.nbadraft.net:80/players/brice-johnson,20160621104646,drupal,2,24
P07954fea73,2016,nbadraftnet,http://www.nbadraft.net:80/players/furkan-korkmaz,20160617171424,drupal,6,24
P85fbcb1dce,2016,nbadraftnet,http://www.nbadraft.net:80/players/pascal-siakam,20160623161533,drupal,0,24
Pd856e50561,2016,nbadraftnet,http://www.nbadraft.net:80/players/skal-labissiere,20160618111022,drupal,5,24
Pc1c99fe2be,2016,nbadraftnet,http://www.nbadraft.net:80/players/dejounte-murray,20160623165411,drupal,0,24
P25bfc6427b,2016,nbadraftnet,http://www.nbadraft.net:80/players/damian-jones,20160616200208,drupal,7,24
P9668122fb9,2016,nbadraftnet,http://www.nbadraft.net:80/players/deyonta-davis,20160620182526,drupal,3,24
P64adb31e4d,2016,nbadraftnet,http://www.nbadraft.net:80/players/ivica-zubac,20160618110546,drupal,5,24
Pd50459cb6d,2016,nbadraftnet,http://www.nbadraft.net:80/players/cheick-diallo,20160620184554,drupal,3,24
P0edb7d3b99,2016,nbadraftnet,http://www.nbadraft.net:80/players/tyler-ulis,20160614190807,drupal,9,24
Pf5fb4e36b6,2016,nbadraftnet,http://www.nbadraft.net:80/players/malcolm-brogdon,20160616073052,drupal,7,24
Pe2eac4ddf4,2016,nbadraftnet,http://www.nbadraft.net:80/players/chinanu-onuaku,20160616104316,drupal,7,2
Pf20205fffb,2016,nbadraftnet,http://www.nbadraft.net:80/players/patrick-mccaw,20160618122117,drupal,5,24
Pfa4c05beee,2016,nbadraftnet,http://www.nbadraft.net:80/players/diamond-stone,20160618111445,drupal,5,24
Pb3a7a6f86b,2016,nbadraftnet,http://www.nbadraft.net:80/players/stephen-zimmerman,20160613221848,drupal,10,24
Pf8b83ac1f0,2016,nbadraftnet,http://www.nbadraft.net:80/players/isaiah-whitehead,20160618121223,drupal,5,24
P9c2d575f48,2016,nbadraftnet,http://www.nbadraft.net:80/players/zhou-qi,20160616193407,drupal,7,24
Pa466887b08,2016,nbadraftnet,http://www.nbadraft.net:80/players/demetrius-jackson,20160623184853,drupal,0,24
P8e900c2247,2016,nbadraftnet,http://www.nbadraft.net:80/players/aj-hammons,20160620194000,drupal,3,24
Pfd95ad31d4,2016,nbadraftnet,http://www.nbadraft.net:80/players/jake-layman,20160621103659,drupal,2,2
Pcf60b82b9d,2016,nbadraftnet,http://www.nbadraft.net:80/players/paul-zipser,20160618111017,drupal,5,24
Pa307fde308,2016,nbadraftnet,http://www.nbadraft.net:80/players/michael-gbinije,20160619031541,drupal,4,24
P521ea871d2,2016,nbadraftnet,http://www.nbadraft.net:80/players/georges-niang,20160530231724,drupal,24,2
Pd5a40a7ee0,2016,nbadraftnet,http://www.nbadraft.net:80/players/ben-bentil,20160616180317,drupal,7,24
Pd46f6361f5,2016,nbadraftnet,http://www.nbadraft.net:80/players/joel-bolomboy,20160623150200,drupal,0,24
P83cf60968a,2016,nbadraftnet,http://www.nbadraft.net:80/players/petr-cornelie,20160609005104,drupal,14,24
P9260f65add,2016,nbadraftnet,http://www.nbadraft.net:80/players/kahlil-felder,20160611014956,drupal,12,2
P22b18d36a6,2016,nbadraftnet,http://www.nbadraft.net:80/players/marcus-paige,20160525170636,drupal,29,2
P3ea09a4d42,2016,nbadraftnet,http://www.nbadraft.net:80/players/daniel-hamilton,20160612124306,drupal,11,2
Pc72bfd628e,2016,nbadraftnet,http://www.nbadraft.net:80/players/abdel-nader,20160529072854,drupal,25,2
P85b94bf602,2016,nbadraftnet,http://www.nbadraft.net:80/players/tyrone-wallace,20160604211331,drupal,19,24
P16f60c6002,2016,nbadraftnet,http://www.nbadraft.net:80/players/sheldon-mcclellan,20160611020701,drupal,12,2
Pc381c2ab50,2016,nbadraftnet,http://www.nbadraft.net:80/players/chasson-randle,20160606103305,drupal,17,23
P9b79feb6a3,2016,nbadraftnet,http://www.nbadraft.net:80/players/quinn-cook,20160602025547,drupal,21,24
Pc5e9e5bdd9,2016,nbadraftnet,http://www.nbadraft.net:80/players/treveon-graham,20160606112927,drupal,17,2
P9f8d851f22,2016,nbadraftnet,http://www.nbadraft.net:80/players/maurice-ndour,20160530171345,drupal,24,2
P4879fe4868,2016,nbadraftnet,http://www.nbadraft.net:80/players/malcolm-delaney,20160612121558,drupal,11,2
Pce6ddda209,2016,nbadraftnet,http://www.nbadraft.net:80/players/ron-baker,20160623184929,drupal,0,24
P55f0d03e7b,2016,nbadraftnet,http://www.nbadraft.net:80/players/gary-payton-ii,20160616074848,drupal,7,24
Pa7cb2c7354,2016,nbadraftnet,http://www.nbadraft.net:80/players/wayne-selden,20160620182253,drupal,3,24
Pa8fc4b7ad7,2016,nbadraftnet,http://www.nbadraft.net:80/players/jarrod-uthoff,20160611174451,drupal,12,24
P251ed0e7a3,2016,nbadraftnet,http://www.nbadraft.net:80/players/troy-williams,20160622231648,drupal,1,24
Pe40a7b9665,2016,nbadraftnet,http://www.nbadraft.net:80/players/kyle-wiltjer,20160608175342,drupal,15,2
P5f3e1d9a7e,2016,nbadraftnet,http://www.nbadraft.net:80/players/yogi-ferrell,20160613232027,drupal,10,2
P09fcc624c4,2016,nbadraftnet,http://www.nbadraft.net:80/players/alex-poythress,20160610160235,drupal,13,2
Pd7225b3a0b,2016,nbadraftnet,http://www.nbadraft.net:80/players/tim-quarterman,20160610021128,drupal,13,2
Pc01c642a9f,2016,nbadraftnet,http://www.nbadraft.net:80/players/isaiah-taylor,20160605172429,drupal,18,24
Pbd6175d1ad,2016,nbadraftnet,http://www.nbadraft.net:80/players/dorian-finney-smith,20160604211522,drupal,19,24
P6bc657fff3,2016,nbadraftnet,http://www.nbadraft.net:80/players/shawn-long,20160530145957,drupal,24,2
P287f82c404,2016,nbadraftnet,http://www.nbadraft.net:80/players/daniel-ochefu,20160608185424,drupal,15,2
Pa78dfd4260,2016,nbadraftnet,http://www.nbadraft.net:80/players/marshall-plumlee,20160616074059,drupal,7,2
P049f342950,2016,nbadraftnet,http://www.nbadraft.net/players/mindaugas-kuzminskas,20150918174027,drupal,279,2
P53698aab75,2016,nbadraftnet,http://www.nbadraft.net:80/players/bryn-forbes,20160611183733,drupal,12,2
P94ee422c65,2016,nbadraftnet,http://www.nbadraft.net/players/okaro-white,20150907084151,drupal,290,2
P6f658be6bb,2016,nbadraftnet,http://www.nbadraft.net:80/players/mike-tobey,20160601205552,drupal,22,2
Pe0da967ad1,2016,nbadraftnet,http://www.nbadraft.net:80/players/patricio-garino,20160529221100,drupal,25,2
Pdc4a696341,2016,nbadraftnet,http://www.nbadraft.net:80/players/marcus-georges-hunt,20160528150136,drupal,26,2
Pc9bdc2e95f,2016,nbadraftnet,http://www.nbadraft.net:80/players/derrick-jones,20160613222151,drupal,10,24
Pe666c9e1f4,2016,nbadraftnet,http://www.nbadraft.net/players/rodney-mcgruder,20150907085942,drupal,290,2
Pc00908f11e,2016,nbadraftnet,http://www.nbadraft.net:80/players/fred-vanvleet,20160614194409,drupal,9,2
Pd7d10f6f4c,2016,nbadraftnet,http://www.nbadraft.net:80/players/danuel-house,20160612122433,drupal,11,2
P939e5ded71,2016,nbadraftnet,http://www.nbadraft.net:80/players/aaron-valdes,20160611133854,drupal,12,2
Pdb13b813cd,2016,nbadraftnet,http://www.nbadraft.net:80/players/brannen-greene,20160622231644,drupal,1,2
P7c761dbe92,2016,nbadraftnet,http://www.nbadraft.net:80/players/chris-obekpa,20160606131225,drupal,17,2
P420da53cac,2016,nbadraftnet,http://www.nbadraft.net:80/players/devin-williams,20160524053537,drupal,30,2
P401c3c358c,2016,nbadraftnet,http://www.nbadraft.net:80/players/goodluck-okonoboh,20160601221929,drupal,22,2
P2a21698f4f,2016,nbadraftnet,http://www.nbadraft.net:80/players/jalen-reynolds,20160602202249,drupal,21,2
P7758d7472f,2016,nbadraftnet,http://www.nbadraft.net:80/players/jermaine-lawrence,20160529233726,drupal,25,2
Pb3e495f583,2016,nbadraftnet,http://www.nbadraft.net:80/players/julian-jacobs,20160616083827,drupal,7,2
P848f12bb0d,2016,nbadraftnet,http://www.nbadraft.net:80/players/kareem-canty,20160601034407,drupal,22,2
Pfff80834af,2016,nbadraftnet,http://www.nbadraft.net:80/players/mamadou-ndiaye,20160614195316,drupal,9,2
P608846acfb,2016,nbadraftnet,http://www.nbadraft.net:80/players/nikola-jovanovic,20160611133736,drupal,12,2
P8935abbbb4,2016,nbadraftnet,http://www.nbadraft.net:80/players/robert-carter,20160526152302,drupal,28,2
P5605a2fa7e,2016,nbadraftnet,http://www.nbadraft.net:80/players/rosco-allen,20160601214616,drupal,22,2
Pfd99951c4d,2016,nbadraftnet,http://www.nbadraft.net:80/players/stefan-jankovic,20160606161500,drupal,17,2
Pd1cda3e821,2016,nbadraftnet,http://www.nbadraft.net:80/players/tony-anderson,20160602202307,drupal,21,2
P25e61f80f8,2017,nbadraftnet,http://www.nbadraft.net:80/players/markelle-fultz,20170617040228,drupal,5,24
P6e7d02b021,2017,nbadraftnet,http://www.nbadraft.net:80/players/lonzo-ball,20170617031041,drupal,5,24
P8a2034c01d,2017,nbadraftnet,http://www.nbadraft.net:80/players/jayson-tatum,20170617040016,drupal,5,24
Pe56ae9c7aa,2017,nbadraftnet,http://www.nbadraft.net:80/players/josh-jackson,20170622152724,drupal,0,24
P6f43cf2ee3,2017,nbadraftnet,http://www.nbadraft.net:80/players/deaaron-fox,20170622152654,drupal,0,24
Pe3864f9800,2017,nbadraftnet,http://www.nbadraft.net:80/players/jonathan-isaac,20170615204556,drupal,7,24
Pf62abcdcde,2017,nbadraftnet,http://www.nbadraft.net:80/players/lauri-markkanen,20170618202605,drupal,4,24
P46cfb45fde,2017,nbadraftnet,http://www.nbadraft.net:80/players/frank-ntilikina,20170618203059,drupal,4,24
Pbe6ed6fd51,2017,nbadraftnet,http://www.nbadraft.net:80/players/dennis-smith,20170617045156,drupal,5,24
Pe6fe5c747b,2017,nbadraftnet,http://www.nbadraft.net:80/players/zach-collins,20170617034638,drupal,5,24
P4a000d48b0,2017,nbadraftnet,http://www.nbadraft.net:80/players/malik-monk,20170615205447,drupal,7,24
P71b16faf7a,2017,nbadraftnet,http://www.nbadraft.net:80/players/luke-kennard,20170622153318,drupal,0,24
Pdb3bcb3fc8,2017,nbadraftnet,http://www.nbadraft.net:80/players/donovan-mitchell,20170618203042,drupal,4,24
Pf18fe42b62,2017,nbadraftnet,http://www.nbadraft.net:80/players/bam-adebayo,20170614093028,drupal,8,24
P24e5e8b7dc,2017,nbadraftnet,http://www.nbadraft.net/players/justin-jackson,20170614115611,drupal,8,24
P2c3a1eb46b,2017,nbadraftnet,http://www.nbadraft.net:80/players/justin-patton,20170622155147,drupal,0,24
P459acdec33,2017,nbadraftnet,http://www.nbadraft.net:80/players/dj-wilson,20170622162026,drupal,0,24
Pcc7ddb9ab9,2017,nbadraftnet,http://www.nbadraft.net:80/players/tj-leaf,20170622155623,drupal,0,24
P49d50fc2b5,2017,nbadraftnet,http://www.nbadraft.net:80/players/john-collins,20170617045200,drupal,5,24
P3e0fd9667f,2017,nbadraftnet,http://www.nbadraft.net:80/players/harry-giles,20170618202556,drupal,4,24
P54d4de841c,2017,nbadraftnet,http://www.nbadraft.net:80/players/terrance-ferguson,20170614163403,drupal,8,24
P0af0ac79ae,2017,nbadraftnet,http://www.nbadraft.net:80/players/jarrett-allen,20170618202752,drupal,4,24
P1e22570fac,2017,nbadraftnet,http://www.nbadraft.net:80/players/og-anunoby,20170618203349,drupal,4,24
P63f00af37c,2017,nbadraftnet,http://www.nbadraft.net:80/players/tyler-lydon,20170609231455,drupal,13,24
Pe5fb05fea3,2017,nbadraftnet,http://www.nbadraft.net/players/anzejs-pasecniks,20170622020058,drupal,0,24
P204a101867,2017,nbadraftnet,http://www.nbadraft.net/players/caleb-swanigan,20170614033441,drupal,8,24
P032d23c9d9,2017,nbadraftnet,http://www.nbadraft.net:80/players/kyle-kuzma,20170617044911,drupal,5,24
P2e6be7d23b,2017,nbadraftnet,http://www.nbadraft.net:80/players/tony-bradley,20170617031357,drupal,5,24
Pa79b34cca8,2017,nbadraftnet,http://www.nbadraft.net/players/derrick-white,20170614035735,drupal,8,24
P1ea9c7c88d,2017,nbadraftnet,http://www.nbadraft.net/players/josh-hart,20170614035255,drupal,8,24
P38e6db5ca1,2017,nbadraftnet,http://www.nbadraft.net:80/players/frank-jackson,20170618202551,drupal,4,24
P27a35575e9,2017,nbadraftnet,http://www.nbadraft.net/players/davon-reed,20170615000528,drupal,7,2
P57703dc960,2017,nbadraftnet,http://www.nbadraft.net/players/wesley-iwundu,20170614024539,drupal,8,24
P5351e63d76,2017,nbadraftnet,http://www.nbadraft.net:80/players/frank-mason,20170615060304,drupal,7,24
Pf781dda14b,2017,nbadraftnet,http://www.nbadraft.net:80/players/ivan-rabb,20170609122543,drupal,13,24
P964dd1e5f4,2017,nbadraftnet,http://www.nbadraft.net/players/jonah-bolden,20170614063531,drupal,8,24
Pc4f84bc197,2017,nbadraftnet,http://www.nbadraft.net:80/players/semi-ojeleye,20170622155524,drupal,0,24
P551a484de7,2017,nbadraftnet,http://www.nbadraft.net/players/jordan-bell,20170614132001,drupal,8,24
P16938f3fa9,2017,nbadraftnet,http://www.nbadraft.net/players/jawun-evans,20170614101739,drupal,8,24
P86ef73625c,2017,nbadraftnet,http://www.nbadraft.net:80/players/dwayne-bacon,20170609135242,drupal,13,24
P1804943702,2017,nbadraftnet,http://www.nbadraft.net:80/players/tyler-dorsey,20170618202611,drupal,4,2
P74d19df6a2,2017,nbadraftnet,http://www.nbadraft.net/players/thomas-bryant,20170614215513,drupal,8,24
P2ad4235514,2017,nbadraftnet,http://www.nbadraft.net:80/players/isaiah-hartenstein,20170613165303,drupal,9,24
Pd59c0506ca,2017,nbadraftnet,http://www.nbadraft.net:80/players/damyean-dotson,20170621033336,drupal,1,24
Pc32fe4a167,2017,nbadraftnet,http://www.nbadraft.net/players/dillon-brooks,20170614070121,drupal,8,2
P22340c4458,2017,nbadraftnet,http://www.nbadraft.net:80/players/sterling-brown,20170618202803,drupal,4,24
Pd808e1b5f8,2017,nbadraftnet,http://www.nbadraft.net:80/players/ike-anigbogu,20170622155138,drupal,0,24
P10187f6389,2017,nbadraftnet,http://www.nbadraft.net/players/sindarius-thornwell,20170614055737,drupal,8,24
P3e5c820c70,2017,nbadraftnet,http://www.nbadraft.net/players/vlatko-cancar,20170614211023,drupal,8,24
Pa76a1ce248,2017,nbadraftnet,http://www.nbadraft.net/players/monte-morris,20170614092552,drupal,8,24
P2acab9acdb,2017,nbadraftnet,http://www.nbadraft.net/players/edmond-sumner,20170614040131,drupal,8,24
P2a1ab2724b,2017,nbadraftnet,http://www.nbadraft.net/players/kadeem-allen,20170614222237,drupal,8,24
P9d178fdf5d,2017,nbadraftnet,http://www.nbadraft.net/players/alec-peters,20170614133450,drupal,8,24
Pba3a4faeb9,2017,nbadraftnet,http://www.nbadraft.net/players/nigel-williams-goss,20170614065707,drupal,8,24
Pa0580e3001,2017,nbadraftnet,http://www.nbadraft.net:80/players/jabari-bird,20170614082801,drupal,8,2
Pa4877bedac,2017,nbadraftnet,http://www.nbadraft.net/players/aleksandar-vezenkov,20170614064657,drupal,8,24
P5f230da818,2017,nbadraftnet,http://www.nbadraft.net/players/jaron-blossomgame,20170614024120,drupal,8,24
P58604dcdcf,2017,nbadraftnet,http://www.nbadraft.net/players/nigel-hayes,20170614151326,drupal,8,24
P4074fe9b9e,2017,nbadraftnet,http://www.nbadraft.net:80/players/royce-oneale,20160601043853,drupal,386,2
P96a831649e,2017,nbadraftnet,http://www.nbadraft.net/players/jacob-pullen,20160609213601,drupal,378,24
Pb920680006,2017,nbadraftnet,http://www.nbadraft.net:80/players/damion-lee,20161014172351,drupal,251,24
P80ec619552,2017,nbadraftnet,http://www.nbadraft.net:80/players/james-webb,20160827121334,drupal,299,2
P982f4d9f47,2017,nbadraftnet,http://www.nbadraft.net/players/ryan-arcidiacono,20170621091228,drupal,1,2
Pfafab37502,2017,nbadraftnet,http://www.nbadraft.net:80/players/matt-costello,20170121001059,drupal,152,2
P8e9f5cd10b,2017,nbadraftnet,http://www.nbadraft.net:80/players/kyle-collinsworth,20161014172143,drupal,251,2
Pe1b87bba68,2017,nbadraftnet,http://www.nbadraft.net:80/players/jameel-warney,20160915041339,drupal,280,2
P7e57b76eb8,2017,nbadraftnet,http://www.nbadraft.net:80/players/jalen-jones,20170610005825,drupal,12,2
Pa67da64cf8,2017,nbadraftnet,http://www.nbadraft.net:80/players/shaquille-harrison,20170611140124,drupal,11,2
P4370ef2bf5,2017,nbadraftnet,http://www.nbadraft.net/players/alex-caruso,20160827000203,drupal,299,2
P9ac225720c,2017,nbadraftnet,http://www.nbadraft.net:80/players/josh-gray,20160817082143,drupal,309,2
Pe75e4da903,2017,nbadraftnet,http://www.nbadraft.net:80/players/myke-henry,20161019180232,drupal,246,2
Pdb78b3595b,2017,nbadraftnet,http://www.nbadraft.net:80/players/johnathan-motley,20170622162046,drupal,0,24
P0d567b6867,2017,nbadraftnet,http://www.nbadraft.net:80/players/pj-dozier,20170622162232,drupal,0,24
Pea59b43adb,2017,nbadraftnet,http://www.nbadraft.net/players/devin-robinson,20170615020806,drupal,7,2
P7697c4ecb8,2017,nbadraftnet,http://www.nbadraft.net:80/players/charles-cooke,20170620210532,drupal,2,2
Pfde95d41d3,2017,nbadraftnet,http://www.nbadraft.net/players/luke-kornet,20170614182024,drupal,8,2
P4396f0664b,2017,nbadraftnet,http://www.nbadraft.net/players/isaiah-hicks,20170615014148,drupal,7,2
Pc5ec91aab0,2017,nbadraftnet,http://www.nbadraft.net/players/chris-boucher,20170615020445,drupal,7,2
Pd9320fa884,2017,nbadraftnet,http://www.nbadraft.net/players/milos-teodosic,20150919050247,drupal,642,2
P00fdb72e43,2017,nbadraftnet,http://www.nbadraft.net:80/players/tyler-cavanaugh,20170520225024,drupal,33,2
P420fe29f13,2017,nbadraftnet,http://www.nbadraft.net:80/players/antonio-blakeney,20170614142042,drupal,8,2
Pcac223d7f8,2017,nbadraftnet,http://www.nbadraft.net:80/players/derrick-walton,20170621042918,drupal,1,2
P5fd682a91b,2017,nbadraftnet,http://www.nbadraft.net:80/players/gian-clavell,20170614153316,drupal,8,2
Pba3d18fabf,2017,nbadraftnet,http://www.nbadraft.net:80/players/mangok-mathiang,20170512144043,drupal,41,2
P2cac6d11e4,2017,nbadraftnet,http://www.nbadraft.net:80/players/milton-doyle,20150120175308,drupal,884,2
P73cc673745,2017,nbadraftnet,http://www.nbadraft.net:80/players/ben-moore,20160928111536,drupal,267,2
P95ea622240,2017,nbadraftnet,http://www.nbadraft.net:80/players/jamel-artis,20170520162802,drupal,33,2
Pf0bc046ece,2017,nbadraftnet,http://www.nbadraft.net:80/players/xavier-rathan-mayes,20170621042613,drupal,1,2
P163e85d6f0,2017,nbadraftnet,http://www.nbadraft.net:80/players/london-perrantes,20170614061425,drupal,8,2
P705a98169f,2017,nbadraftnet,http://www.nbadraft.net/players/andrew-white,20170614155319,drupal,8,2
Pcdc707f847,2017,nbadraftnet,http://www.nbadraft.net:80/players/rodney-purvis,20170605165845,drupal,17,2
P1223e5ee2c,2017,nbadraftnet,http://www.nbadraft.net:80/players/brandon-paul,20170527141822,drupal,26,24
Pd3b81c81b9,2017,nbadraftnet,http://www.nbadraft.net:80/players/khem-birch,20170530133541,drupal,23,24
P8df71877a2,2017,nbadraftnet,http://www.nbadraft.net/players/jamil-wilson,20160805184519,drupal,321,2
P5aa610b7ff,2017,nbadraftnet,http://www.nbadraft.net/players/john-holland,20160609222913,drupal,378,2
P3fe5b0aa24,2017,nbadraftnet,http://www.nbadraft.net:80/players/omari-johnson,20100115095238,drupal,2715,2
Pfaef4e4fa0,2017,nbadraftnet,http://www.nbadraft.net:80/players/kobi-simmons,20170622162114,drupal,0,24
Pbced5f5600,2017,nbadraftnet,http://www.nbadraft.net:80/players/daniel-theis,20170621042736,drupal,1,2
Pac86c1698b,2017,nbadraftnet,http://www.nbadraft.net/players/aaron-jackson,20160331163406,drupal,448,2
Pf135ac542c,2017,nbadraftnet,http://www.nbadraft.net/players/austin-nichols,20170614191128,drupal,8,2
P6354170b78,2017,nbadraftnet,http://www.nbadraft.net:80/players/craig-victor,20170531140143,drupal,22,2
Pb57f8a063b,2017,nbadraftnet,http://www.nbadraft.net:80/players/darin-johnson,20170617034425,drupal,5,2
Pe000f38dce,2017,nbadraftnet,http://www.nbadraft.net/players/elijah-macon,20160817160520,drupal,309,2
Pe10b161d55,2017,nbadraftnet,http://www.nbadraft.net:80/players/james-blackmon,20170614083239,drupal,8,2
P280da25d92,2017,nbadraftnet,http://www.nbadraft.net:80/players/jaren-sina,20170526010141,drupal,27,2
P518109d62a,2017,nbadraftnet,http://www.nbadraft.net/players/jaylen-johnson,20160803030432,drupal,323,2
P42302cf51e,2017,nbadraftnet,http://www.nbadraft.net/players/lj-peak,20170614185349,drupal,8,2
P9f172daeb6,2017,nbadraftnet,http://www.nbadraft.net/players/marcus-keene,20170619232647,drupal,3,2
P70f8b46029,2017,nbadraftnet,http://www.nbadraft.net:80/players/matt-taylor,20170531140213,drupal,22,2
P1f842c307e,2017,nbadraftnet,http://www.nbadraft.net/players/maverick-rowan,20160828022328,drupal,298,2
Pa34ab286f7,2017,nbadraftnet,http://www.nbadraft.net:80/players/melo-trimble,20170609044511,drupal,13,24
P334022cd7d,2017,nbadraftnet,http://www.nbadraft.net:80/players/ted-kapita,20170614081046,drupal,8,2
P097ac7e3e1,2017,nbadraftnet,http://www.nbadraft.net:80/players/trevor-thompson,20170614083345,drupal,8,2
P55d017c927,2018,nbadraftnet,http://www.nbadraft.net:80/players/deandre-ayton,20180616074456,drupal,5,24
P42b9d239c3,2018,nbadraftnet,http://www.nbadraft.net:80/players/marvin-bagley,20180619213035,drupal,2,24
Pcaa6f4e965,2018,nbadraftnet,http://www.nbadraft.net:80/players/luka-doncic,20180618200104,drupal,3,24
Pae17b87a4a,2018,nbadraftnet,http://www.nbadraft.net:80/players/jaren-jackson-jr,20180617142756,drupal,4,24
Pd4282e2cb6,2018,nbadraftnet,http://www.nbadraft.net/players/trae-young,20180618221830,drupal,3,24
P35e592001a,2018,nbadraftnet,http://www.nbadraft.net:80/players/mohamed-bamba,20180616205423,drupal,5,24
P6f990ff013,2018,nbadraftnet,http://www.nbadraft.net:80/players/wendell-carter,20180617144855,drupal,4,24
P4467431c36,2018,nbadraftnet,http://www.nbadraft.net:80/players/collin-sexton,20180620050020,drupal,1,24
P946b6a7bec,2018,nbadraftnet,http://www.nbadraft.net:80/players/kevin-knox,20180615112350,drupal,6,24
Peb77360d78,2018,nbadraftnet,http://www.nbadraft.net:80/players/mikal-bridges,20180616194836,drupal,5,24
P50c2524b85,2018,nbadraftnet,http://www.nbadraft.net:80/players/shai-gilgeous-alexander,20180620051002,drupal,1,24
P57ab80ef44,2018,nbadraftnet,http://www.nbadraft.net:80/players/miles-bridges,20180619234330,drupal,2,24
P6ab3598ab0,2018,nbadraftnet,http://www.nbadraft.net:80/players/jerome-robinson,20180611104531,drupal,10,24
P17f11f33c2,2018,nbadraftnet,http://www.nbadraft.net:80/players/michael-porter,20180616074218,drupal,5,24
Pcabff956fe,2018,nbadraftnet,http://www.nbadraft.net:80/players/troy-brown,20180615123902,drupal,6,24
P1f3e01b488,2018,nbadraftnet,http://www.nbadraft.net:80/players/zhaire-smith,20180620044206,drupal,1,24
P58e5b2eaa8,2018,nbadraftnet,http://www.nbadraft.net:80/players/donte-divincenzo,20180618195842,drupal,3,24
P5e4a09f56c,2018,nbadraftnet,http://www.nbadraft.net:80/players/lonnie-walker,20180620070647,drupal,1,24
P26d2a90c5b,2018,nbadraftnet,http://www.nbadraft.net:80/players/kevin-huerter,20180615124058,drupal,6,24
P82bbff96e6,2018,nbadraftnet,http://www.nbadraft.net:80/players/josh-okogie,20180620043917,drupal,1,2
Pdb9cad4004,2018,nbadraftnet,http://www.nbadraft.net:80/players/grayson-allen,20180618205916,drupal,3,24
P4d03279429,2018,nbadraftnet,http://www.nbadraft.net/players/chandler-hutchison,20180616223930,drupal,5,24
P75b2e5cfed,2018,nbadraftnet,http://www.nbadraft.net:80/players/aaron-holiday,20180610115011,drupal,11,24
Pf271325d7b,2018,nbadraftnet,http://www.nbadraft.net:80/players/anfernee-simons,20180616195208,drupal,5,24
P5da3d9ffcd,2018,nbadraftnet,http://www.nbadraft.net:80/players/moritz-wagner,20180613152335,drupal,8,24
Pf507011aa5,2018,nbadraftnet,http://www.nbadraft.net:80/players/landry-shamet,20180619222444,drupal,2,24
P8926a62cc8,2018,nbadraftnet,http://www.nbadraft.net:80/players/robert-williams,20180615101922,drupal,6,24
Pbe6b6d05a9,2018,nbadraftnet,http://www.nbadraft.net:80/players/jacob-evans,20180618200310,drupal,3,24
P61add2364f,2018,nbadraftnet,http://www.nbadraft.net:80/players/dzanan-musa,20180619184209,drupal,2,24
P688b157768,2018,nbadraftnet,http://www.nbadraft.net:80/players/omari-spellman,20180615102023,drupal,6,24
Pf5ec6d144b,2018,nbadraftnet,http://www.nbadraft.net:80/players/elie-okobo,20180610115320,drupal,11,24
P15b5ca7021,2018,nbadraftnet,http://www.nbadraft.net:80/players/jevon-carter,20180606141036,drupal,15,24
P9f769e6678,2018,nbadraftnet,http://www.nbadraft.net:80/players/jalen-brunson,20180615103203,drupal,6,24
P15b4774186,2018,nbadraftnet,http://www.nbadraft.net:80/players/devonte-graham,20180602090318,drupal,19,24
Pb53e68dfee,2018,nbadraftnet,http://www.nbadraft.net:80/players/melvin-frazier,20180618195155,drupal,3,24
Pd064221ae2,2018,nbadraftnet,http://www.nbadraft.net:80/players/mitchell-robinson,20180615102013,drupal,6,2
P9106a597f3,2018,nbadraftnet,http://www.nbadraft.net:80/players/gary-trent-jr,20180620054034,drupal,1,24
P8eec131338,2018,nbadraftnet,http://www.nbadraft.net:80/players/khyri-thomas,20180616073552,drupal,5,24
Pefc5241948,2018,nbadraftnet,http://www.nbadraft.net:80/players/isaac-bonga,20180618045119,drupal,3,24
P379ec45447,2018,nbadraftnet,http://www.nbadraft.net:80/players/rodions-kurucs,20180620044840,drupal,1,24
P3e065b4b4e,2018,nbadraftnet,http://www.nbadraft.net:80/players/jarred-vanderbilt,20180606113454,drupal,15,24
Pe581c6d22f,2018,nbadraftnet,http://www.nbadraft.net:80/players/bruce-brown,20180602172821,drupal,19,2
P8ecb19c544,2018,nbadraftnet,http://www.nbadraft.net:80/players/hamidou-diallo,20180619185804,drupal,2,24
P27d264f43c,2018,nbadraftnet,http://www.nbadraft.net:80/players/deanthony-melton,20180615103303,drupal,6,24
P0ca52587ca,2018,nbadraftnet,http://www.nbadraft.net:80/players/sviatoslav-mykhailiuk,20180615102357,drupal,6,24
P6786e0dd88,2018,nbadraftnet,http://www.nbadraft.net:80/players/keita-bates-diop,20180615103213,drupal,6,24
P1a46c41bff,2018,nbadraftnet,http://www.nbadraft.net:80/players/chimezie-metu,20180529051601,drupal,23,24
Pa129b1725d,2018,nbadraftnet,http://www.nbadraft.net:80/players/alize-johnson,20180602091019,drupal,19,2
Peef8948765,2018,nbadraftnet,http://www.nbadraft.net:80/players/vince-edwards,20180429101547,drupal,53,2
P1597c7370a,2018,nbadraftnet,http://www.nbadraft.net:80/players/devon-hall,20180615170615,drupal,6,2
Paa92a86ff3,2018,nbadraftnet,http://www.nbadraft.net:80/players/shake-milton,20180602082617,drupal,19,2
P5ff9cbca0f,2018,nbadraftnet,http://www.nbadraft.net:80/players/arnoldas-kulboka,20180618045827,drupal,3,24
P3e655a07ed,2018,nbadraftnet,http://www.nbadraft.net:80/players/raymond-spalding,20180616045136,drupal,5,2
Pbb5225b691,2018,nbadraftnet,http://www.nbadraft.net:80/players/kevin-hervey,20180607120857,drupal,14,24
Pb5f59c2405,2018,nbadraftnet,http://www.nbadraft.net:80/players/thomas-welsh,20180619220022,drupal,2,2
P004efe3965,2018,nbadraftnet,http://www.nbadraft.net:80/players/george-king,20180617135804,drupal,4,24
P4f854a47d9,2018,nbadraftnet,http://www.nbadraft.net:80/players/kostas-antetokounmpo,20180610120508,drupal,11,2
Pb88771c23a,2018,nbadraftnet,http://www.nbadraft.net:80/players/jordan-sibert,20160606114105,drupal,745,2
P7ab7e9a49e,2018,nbadraftnet,http://www.nbadraft.net/players/julian-washburn,20150907081047,drupal,1018,2
P55c2defaf8,2018,nbadraftnet,http://www.nbadraft.net/players/mitchell-creek,20160324092722,drupal,819,2
Pf5a8190f4f,2018,nbadraftnet,http://www.nbadraft.net:80/players/troy-caupain,20180609145049,drupal,12,2
Pf3d3c05896,2018,nbadraftnet,http://www.nbadraft.net:80/players/isaiah-briscoe,20180525095631,drupal,27,24
Pf3241f5074,2018,nbadraftnet,http://www.nbadraft.net:80/players/dusty-hannahs,20180613052437,drupal,8,2
P9bb134b52c,2018,nbadraftnet,http://www.nbadraft.net/players/billy-garrett,20170702194801,drupal,354,2
P3f77f707c0,2018,nbadraftnet,http://www.nbadraft.net:80/players/rawle-alkins,20180529213455,drupal,23,24
Pa08fe4841f,2018,nbadraftnet,http://www.nbadraft.net:80/players/trevon-duval,20180606163442,drupal,15,24
Pfc813e5d63,2018,nbadraftnet,http://www.nbadraft.net:80/players/yante-maten,20180606163928,drupal,15,2
Pa5c483aef9,2018,nbadraftnet,http://www.nbadraft.net:80/players/allonzo-trier,20180618210614,drupal,3,24
P67e5a8f825,2018,nbadraftnet,http://www.nbadraft.net:80/players/kenrich-williams,20180607112743,drupal,14,24
P64a44986ea,2018,nbadraftnet,http://www.nbadraft.net:80/players/theo-pinson,20180525110435,drupal,27,2
P2b78ea748d,2018,nbadraftnet,http://www.nbadraft.net:80/players/bonzie-colson,20180606112355,drupal,15,2
P8c5417b762,2018,nbadraftnet,http://www.nbadraft.net:80/players/donte-grantham,20180516145530,drupal,36,2
Pb779a9fa56,2018,nbadraftnet,http://www.nbadraft.net:80/players/deng-adel,20180607141631,drupal,14,2
P88accb87c9,2018,nbadraftnet,http://www.nbadraft.net:80/players/tyler-davis,20180525094729,drupal,27,2
P86827217ed,2018,nbadraftnet,http://www.nbadraft.net:80/players/marcus-derrickson,20180618195145,drupal,3,2
Pef380f9642,2018,nbadraftnet,http://www.nbadraft.net:80/players/brandon-sampson,20180602091907,drupal,19,2
Pf2fe8710f7,2018,nbadraftnet,http://www.nbadraft.net:80/players/gary-clark,20180529221735,drupal,23,2
P61e8cd7d80,2018,nbadraftnet,http://www.nbadraft.net:80/players/angel-delgado,20180524155337,drupal,28,2
P98ab129fa2,2018,nbadraftnet,http://www.nbadraft.net:80/players/jaylen-adams,20180606111029,drupal,15,2
Pc317d28310,2018,nbadraftnet,http://www.nbadraft.net:80/players/jp-macura,20180620044100,drupal,1,2
P87c0df2ff6,2018,nbadraftnet,http://www.nbadraft.net:80/players/jared-terrell,20180606105343,drupal,15,2
Pda6183deac,2018,nbadraftnet,http://www.nbadraft.net:80/players/deonte-burton-0,20170726114836,drupal,330,2
P4c0563638d,2018,nbadraftnet,http://www.nbadraft.net:80/players/duncan-robinson,20180222195130,drupal,119,2
Pdd2dc8d5b8,2018,nbadraftnet,http://www.nbadraft.net:80/players/daryl-macon,20180615052411,drupal,6,2
Pfa8477edf9,2018,nbadraftnet,http://www.nbadraft.net:80/players/yuta-watanabe,20180611112054,drupal,10,2
Pdda77ad869,2018,nbadraftnet,http://www.nbadraft.net:80/players/johnathan-williams,20180524161546,drupal,28,2
Pefe5f00afd,2018,nbadraftnet,http://www.nbadraft.net/players/ryan-broekhoff,20150907003909,drupal,1018,2
Pde1bad3875,2018,nbadraftnet,http://www.nbadraft.net:80/players/zach-lofton,20180618200215,drupal,3,2
P8843180e2e,2018,nbadraftnet,http://www.nbadraft.net:80/players/brandon-goodwin,20170929125306,drupal,265,2
Pf9200340d9,2018,nbadraftnet,http://www.nbadraft.net:80/players/bj-johnson,20180527053613,drupal,25,2
Pb10189ae74,2018,nbadraftnet,http://www.nbadraft.net:80/players/chris-chiozza,20180606110354,drupal,15,2
P4294404a76,2018,nbadraftnet,http://www.nbadraft.net:80/players/drew-eubanks,20180604193803,drupal,17,2
P9ce3123e64,2018,nbadraftnet,http://www.nbadraft.net:80/players/isaac-humphries,20180610183744,drupal,11,24
Pd125ec3ee3,2018,nbadraftnet,http://www.nbadraft.net:80/players/brad-wanamaker,20171112195141,drupal,221,24
Pe0f4e51abf,2018,nbadraftnet,http://www.nbadraft.net:80/players/amile-jefferson,20180607131134,drupal,14,2
Pd1f1ba6351,2018,nbadraftnet,http://www.nbadraft.net:80/players/ajdin-penava,20180617141251,drupal,4,2
P212def8838,2018,nbadraftnet,http://www.nbadraft.net:80/players/brandon-mccoy,20180613151558,drupal,8,24
P480c7bd367,2018,nbadraftnet,http://www.nbadraft.net:80/players/bryant-crawford,20180610115021,drupal,11,2
P665ee60687,2018,nbadraftnet,http://www.nbadraft.net:80/players/corey-sanders,20180606112310,drupal,15,2
P16c24a4b1f,2018,nbadraftnet,http://www.nbadraft.net/players/dj-hogg,20180612141144,drupal,9,2
P9da71ed5b4,2018,nbadraftnet,http://www.nbadraft.net:80/players/deangelo-isby,20180502065006,drupal,50,2
P503b298309,2018,nbadraftnet,http://www.nbadraft.net:80/players/dikembe-dixson,20180528003416,drupal,24,2
P5a52d22738,2018,nbadraftnet,http://www.nbadraft.net:80/players/doral-moore,20180523153255,drupal,29,2
P40b8fb181b,2018,nbadraftnet,http://www.nbadraft.net:80/players/eric-davis,20180430093632,drupal,52,2
P3da380186d,2018,nbadraftnet,http://www.nbadraft.net:80/players/fred-sims,20180523133310,drupal,29,2
Pb670429ce2,2018,nbadraftnet,http://www.nbadraft.net:80/players/kameron-chatman,20180223204424,drupal,118,2
Pdc6d30b38b,2018,nbadraftnet,http://www.nbadraft.net:80/players/leron-black,20180610115042,drupal,11,2
P967c24e09d,2018,nbadraftnet,http://www.nbadraft.net:80/players/makinde-london,20180501150020,drupal,51,2
P72c5e8d0fa,2018,nbadraftnet,http://www.nbadraft.net:80/players/marquez-letcher-ellis,20180430093712,drupal,52,2
P65f2080ef4,2018,nbadraftnet,http://www.nbadraft.net:80/players/max-montana,20180618191754,drupal,3,2
Pcdc9c2f7c5,2018,nbadraftnet,http://www.nbadraft.net:80/players/mike-amius,20180430093737,drupal,52,2
P0984734cb9,2018,nbadraftnet,http://www.nbadraft.net:80/players/terry-larrier,20180606123448,drupal,15,2
P4ebe015218,2018,nbadraftnet,http://www.nbadraft.net:80/players/tony-carr,20180608161153,drupal,13,24
P9d76a38c5e,2018,nbadraftnet,http://www.nbadraft.net:80/players/yankuba-sima,20180501030722,drupal,51,2
P00e7133fc6,2019,nbadraftnet,https://www.nbadraft.net/players/zion-williamson,20190422141343,drupal,59,24
Pfe4fcea486,2019,nbadraftnet,https://www.nbadraft.net/players/ja-morant,20190504005526,drupal,47,24
Pa9cae64430,2019,nbadraftnet,https://www.nbadraft.net/players/rj-barrett,20190422141318,drupal,59,24
P846172a369,2019,nbadraftnet,https://www.nbadraft.net/players/deandre-hunter,20190422141241,drupal,59,24
P297d12820e,2019,nbadraftnet,https://www.nbadraft.net/players/darius-garland,20190422141257,drupal,59,2
Pbc4309c829,2019,nbadraftnet,https://www.nbadraft.net/players/jarrett-culver,20190422141254,drupal,59,24
P43dec358d1,2019,nbadraftnet,https://www.nbadraft.net/players/coby-white,20190422141330,drupal,59,24
Ped6b9a1a7c,2019,nbadraftnet,https://www.nbadraft.net/players/jaxson-hayes,20190422141259,drupal,59,24
Pbea2d75e26,2019,nbadraftnet,https://www.nbadraft.net/players/rui-hachimura,20190422141312,drupal,59,24
P2f61c21e93,2019,nbadraftnet,https://www.nbadraft.net/players/cameron-reddish,20190422141317,drupal,59,24
Pb14f594f0a,2019,nbadraftnet,https://www.nbadraft.net/players/cameron-johnson,20190422141343,drupal,59,24
P4a79c6caeb,2019,nbadraftnet,https://www.nbadraft.net/players/pj-washington,20190422141342,drupal,59,24
P4ebfdd4833,2019,nbadraftnet,https://www.nbadraft.net/players/tyler-herro,20190422141336,drupal,59,24
P714602a9aa,2019,nbadraftnet,https://www.nbadraft.net/players/romeo-langford,20190422141318,drupal,59,24
P9540818d9f,2019,nbadraftnet,https://www.nbadraft.net/players/sekou-doumbouya,20190527195121,drupal,24,24
P7c5888ec9d,2019,nbadraftnet,https://www.nbadraft.net/players/chuma-okeke,20190422141344,drupal,59,24
P6f1d3c64d2,2019,nbadraftnet,https://www.nbadraft.net/players/nickeil-alexander-walker,20190422141307,drupal,59,24
P5277c76d51,2019,nbadraftnet,https://www.nbadraft.net/players/goga-bitadze,20190422141244,drupal,59,24
P9b3e496395,2019,nbadraftnet,https://www.nbadraft.net/players/luka-samanic,20190422141254,drupal,59,2
P4832cf3ea3,2019,nbadraftnet,https://www.nbadraft.net/players/matisse-thybulle,20190422141328,drupal,59,2
Peecc71d248,2019,nbadraftnet,https://www.nbadraft.net/players/brandon-clarke,20190422141334,drupal,59,2
P023bbe5ec1,2019,nbadraftnet,https://www.nbadraft.net/players/grant-williams,20190422141309,drupal,59,24
Pb15c668c3a,2019,nbadraftnet,http://www.nbadraft.net:80/players/darius-bazley,20181110163713,drupal,222,2
Pb16e641fe9,2019,nbadraftnet,https://www.nbadraft.net/players/ty-jerome,20190422141334,drupal,59,24
P6a5f6ac2d8,2019,nbadraftnet,https://www.nbadraft.net/players/nassir-little,20190422141319,drupal,59,24
Pf1b3205a09,2019,nbadraftnet,https://www.nbadraft.net/players/dylan-windler,20190422141341,drupal,59,2
P8209ad6040,2019,nbadraftnet,https://www.nbadraft.net/players/mfiondu-kabengele,20190422141302,drupal,59,24
Pefa2378416,2019,nbadraftnet,http://www.nbadraft.net:80/players/jordan-poole,20181111005057,drupal,221,2
Pa4c28f80ad,2019,nbadraftnet,https://www.nbadraft.net/players/keldon-johnson,20190422141244,drupal,59,24
Pba03162225,2019,nbadraftnet,https://www.nbadraft.net/players/kevin-porter,20190422141314,drupal,59,24
Pd17e70140c,2019,nbadraftnet,https://www.nbadraft.net/players/kz-okpala,20190422141323,drupal,59,24
P14a01dedf9,2019,nbadraftnet,https://www.nbadraft.net/players/carsen-edwards,20190422141308,drupal,59,2
P5cd98708f1,2019,nbadraftnet,https://www.nbadraft.net/players/bruno-fernando,20190422141332,drupal,59,24
P1ddfe32e8c,2019,nbadraftnet,http://www.nbadraft.net:80/players/cody-martin,20181016131831,drupal,247,2
P2f4b26e6e1,2019,nbadraftnet,https://www.nbadraft.net/players/daniel-gafford,20190422141312,drupal,59,24
P6336d0d324,2019,nbadraftnet,http://www.nbadraft.net:80/players/justin-james,20181018190234,drupal,245,2
P7ff4af5e7c,2019,nbadraftnet,https://www.nbadraft.net/players/eric-paschall,20190422141242,drupal,59,2
P2084d7c5fc,2019,nbadraftnet,https://www.nbadraft.net/players/admiral-schofield,20190422141347,drupal,59,24
Pab169ed872,2019,nbadraftnet,https://www.nbadraft.net/players/jaylen-nowell,20190422141307,drupal,59,2
P273938bb97,2019,nbadraftnet,https://www.nbadraft.net/players/bol-bol,20190422141309,drupal,59,24
P90a39c14ab,2019,nbadraftnet,https://www.nbadraft.net/players/isaiah-roby,20190422141324,drupal,59,24
P5c11762ec9,2019,nbadraftnet,https://www.nbadraft.net/players/talen-horton-tucker,20190422141339,drupal,59,24
Pd50729b5d0,2019,nbadraftnet,https://www.nbadraft.net/players/ignas-brazdeikis,20190422141320,drupal,59,24
P18facb688d,2019,nbadraftnet,https://www.nbadraft.net/players/terance-mann,20190422141243,drupal,59,24
P4797fb50d3,2019,nbadraftnet,http://www.nbadraft.net:80/players/quinndary-weatherspoon,20181015203315,drupal,248,2
Pf6db5ed983,2019,nbadraftnet,http://www.nbadraft.net:80/players/tremont-waters,20181022072157,drupal,241,2
P338a42b9d0,2019,nbadraftnet,https://www.nbadraft.net/players/jalen-mcdaniels,20190422141308,drupal,59,2
Pdee21247bb,2019,nbadraftnet,http://www.nbadraft.net:80/players/justin-wright-foreman,20181003002828,drupal,260,2
P224fa713e4,2019,nbadraftnet,http://www.nbadraft.net/players/marial-shayok,20150912115242,drupal,1377,2
Pb69fbd28c6,2019,nbadraftnet,http://www.nbadraft.net:80/players/kyle-guy,20181111010057,drupal,221,2
Pd88f1bdac2,2019,nbadraftnet,https://www.nbadraft.net/players/miye-oni,20190422141327,drupal,59,24
P8a97dbabe6,2019,nbadraftnet,http://www.nbadraft.net:80/players/dewan-hernandez,20181026135313,drupal,237,2
P75585aef52,2019,nbadraftnet,http://www.nbadraft.net:80/players/eric-mika,20181026140828,drupal,237,24
P84a6c851a9,2019,nbadraftnet,http://www.nbadraft.net/players/paul-watson,20170702174058,drupal,718,2
P4a4f2b1371,2019,nbadraftnet,https://www.nbadraft.net/players/brian-bowen,20190422141255,drupal,59,24
P9537391b0e,2019,nbadraftnet,http://www.nbadraft.net:80/players/caleb-martin,20181106152247,drupal,226,24
Pf6658be174,2019,nbadraftnet,http://www.nbadraft.net:80/players/malik-newman,20181024065052,drupal,239,24
P519f028bfb,2019,nbadraftnet,http://www.nbadraft.net:80/players/shamorie-ponds,20181026133731,drupal,237,2
P4f7a1b04a6,2019,nbadraftnet,http://www.nbadraft.net:80/players/oshae-brissett,20181104064743,drupal,228,2
P47c5a2733b,2019,nbadraftnet,http://www.nbadraft.net:80/players/terence-davis,20181018185335,drupal,245,2
Pc3b8b90cf8,2019,nbadraftnet,https://www.nbadraft.net/players/tyler-cook,20190422141242,drupal,59,2
P60e6add6f8,2019,nbadraftnet,http://www.nbadraft.net:80/players/kelan-martin,20181028234826,drupal,235,2
Pa9b6b7ec3f,2019,nbadraftnet,http://www.nbadraft.net:80/players/wenyen-gabriel,20181020223231,drupal,243,24
Pbec5e357b6,2019,nbadraftnet,http://www.nbadraft.net:80/players/kendrick-nunn,20181026134822,drupal,237,2
P2061b46d22,2019,nbadraftnet,http://www.nbadraft.net:80/players/jordan-mclaughlin,20181020221810,drupal,243,2
Pd00fce6a5a,2019,nbadraftnet,http://www.nbadraft.net:80/players/zylan-cheatham,20181021144214,drupal,242,2
P4862cd71b2,2019,nbadraftnet,https://www.nbadraft.net/players/chris-clemons,20190422141333,drupal,59,2
P1d6fd5f29a,2019,nbadraftnet,http://www.nbadraft.net:80/players/amir-coffey,20181029165507,drupal,234,2
Pcb86ff794b,2019,nbadraftnet,https://www.nbadraft.net/players/tacko-fall,20181201051313,drupal,201,2
P8534216773,2019,nbadraftnet,http://www.nbadraft.net:80/players/jared-harper,20181107202444,drupal,225,2
P3022e1c032,2019,nbadraftnet,http://www.nbadraft.net/players/justin-robinson-0,20170702133315,drupal,718,2
P82887a653c,2019,nbadraftnet,http://www.nbadraft.net:80/players/max-strus,20180418004708,drupal,428,2
P37457bff4f,2019,nbadraftnet,https://www.nbadraft.net/players/luguentz-dort,20190422141325,drupal,59,2
P6a3fce0af3,2019,nbadraftnet,https://www.nbadraft.net/players/louis-king,20190422141258,drupal,59,2
P6b5b70ee01,2019,nbadraftnet,https://www.nbadraft.net/players/jalen-lecque,20190422141256,drupal,59,2
Pc1416b3728,2019,nbadraftnet,http://www.nbadraft.net:80/players/zach-norvell,20181019090000,drupal,244,2
P8df31bfe17,2019,nbadraftnet,https://www.nbadraft.net/players/naz-reid,20190422141254,drupal,59,24
Pc53511377b,2019,nbadraftnet,https://www.nbadraft.net/players/adam-mokoka,20190422141242,drupal,59,2
P484d9844af,2019,nbadraftnet,http://www.nbadraft.net:80/players/marques-bolden,20181021144726,drupal,242,2
P026aafcf31,2019,nbadraftnet,http://www.nbadraft.net:80/players/devontae-cacok,20181111005515,drupal,221,2
P2318b539a3,2019,nbadraftnet,http://www.nbadraft.net:80/players/vic-law,20181029180336,drupal,234,2
Pca926e63d0,2019,nbadraftnet,http://www.nbadraft.net:80/players/josh-reaves,20181109152404,drupal,223,2
P804e0e2e1c,2019,nbadraftnet,http://www.nbadraft.net:80/players/rayjon-tucker,20160601170654,drupal,1114,2
Pe19880ee92,2019,nbadraftnet,http://www.nbadraft.net:80/players/dean-wade,20181028100322,drupal,235,2
P52c5169542,2019,nbadraftnet,http://www.nbadraft.net:80/players/kyle-alexander,20151118145942,drupal,1310,2
P0be342d921,2019,nbadraftnet,http://www.nbadraft.net:80/players/chris-silva,20181013131525,drupal,250,2
P2b2d444bdd,2019,nbadraftnet,http://www.nbadraft.net/players/william-howard,20150910091904,drupal,1379,2
P90844406b5,2019,nbadraftnet,http://www.nbadraft.net:80/players/nicolo-melli,20170512191703,drupal,769,2
P53a27c701d,2019,nbadraftnet,http://www.nbadraft.net:80/players/marko-guduric,20180501040741,drupal,415,24
Pf0f9e6d8f5,2019,nbadraftnet,http://www.nbadraft.net:80/players/donta-hall,20181104063603,drupal,228,2
P6514225148,2019,nbadraftnet,http://www.nbadraft.net:80/players/matt-thomas,20181018190257,drupal,245,2
Pbda39b05ec,2019,nbadraftnet,http://www.nbadraft.net:80/players/tariq-owens,20181001191436,drupal,262,2
P20a99f84fd,2019,nbadraftnet,http://www.nbadraft.net:80/players/juwan-morgan,20181029000944,drupal,234,2
P41398f1a21,2019,nbadraftnet,http://www.nbadraft.net:80/players/norvel-pelle,20180214045012,drupal,491,2
Pfa2560441b,2019,nbadraftnet,http://www.nbadraft.net/players/mychal-mulder,20170812135455,drupal,677,2
Pf450c7fe3d,2019,nbadraftnet,https://www.nbadraft.net/players/ky-bowman,20190422141320,drupal,59,24
P4516ced6d5,2019,nbadraftnet,http://www.nbadraft.net:80/players/moses-brown,20181019090754,drupal,244,2
P1a41a85440,2019,nbadraftnet,https://www.nbadraft.net/players/jaylen-hoard,20190422141333,drupal,59,24
Pb14e5c1c97,2019,nbadraftnet,https://www.nbadraft.net/players/aubrey-dawkins,20190422141255,drupal,59,2
P9308e80088,2019,nbadraftnet,http://www.nbadraft.net:80/players/cameron-lard,20181102061323,drupal,230,2
P19aaf87bc8,2019,nbadraftnet,http://www.nbadraft.net:80/players/charles-matthews,20181107202057,drupal,225,2
P1464c171bc,2019,nbadraftnet,http://www.nbadraft.net:80/players/dmarcus-simonds,20181028095232,drupal,235,2
Pbafaf944fd,2019,nbadraftnet,http://www.nbadraft.net:80/players/dedric-lawson,20181110175000,drupal,222,2
P25c1384060,2019,nbadraftnet,http://www.nbadraft.net:80/players/isaiah-reese,20181101035608,drupal,231,2
Pb0f44d6b69,2019,nbadraftnet,https://www.nbadraft.net/players/jaylen-hands,20190422141256,drupal,59,24
Pbac78302af,2019,nbadraftnet,http://www.nbadraft.net:80/players/justin-simon,20181023120651,drupal,240,2
P56aec34978,2019,nbadraftnet,http://www.nbadraft.net:80/players/kenny-wooten,20181026134556,drupal,237,2
P76d288c08d,2019,nbadraftnet,http://www.nbadraft.net:80/players/kouat-noi,20160601225333,drupal,1114,2
Pb1eb09fa94,2019,nbadraftnet,https://www.nbadraft.net/players/kris-wilkes,20190422141243,drupal,59,24
P03938af6ae,2019,nbadraftnet,http://www.nbadraft.net:80/players/lamar-peters,20181026134601,drupal,237,2
P7a85c71bc1,2019,nbadraftnet,http://www.nbadraft.net:80/players/martin-krampelj,20170710083946,drupal,710,2
Pc7623d005f,2019,nbadraftnet,http://www.nbadraft.net:80/players/nick-ward,20181028103157,drupal,235,2
P920b587915,2019,nbadraftnet,http://www.nbadraft.net:80/players/sacha-killeya-jones,20181029000113,drupal,234,2
P48e78aee32,2019,nbadraftnet,http://www.nbadraft.net:80/players/sagaba-konate,20181026141209,drupal,237,2
P73b9dbd92b,2019,nbadraftnet,http://www.nbadraft.net/players/samir-sehic,20151017142122,drupal,1342,2
P71e4b2b4d3,2019,nbadraftnet,http://www.nbadraft.net:80/players/tyus-battle,20181026134445,drupal,237,2
P6d3980e9f0,2019,nbadraftnet,http://www.nbadraft.net:80/players/vj-king,20181010135453,drupal,253,2
P35f0fb7731,2020,nbadraftnet,https://www.nbadraft.net/players/anthony-edwards/,20201102063503,wordpress,16,24
Pba698d642d,2020,nbadraftnet,https://www.nbadraft.net/players/james-wiseman,20201112042355,wordpress,6,24
P3ff36ffdc1,2020,nbadraftnet,https://www.nbadraft.net/players/lamelo-ball/,20201117220721,wordpress,1,24
P272ac40c3c,2020,nbadraftnet,https://www.nbadraft.net/players/patrick-williams/,20201031065020,wordpress,18,24
P7699b7f669,2020,nbadraftnet,https://www.nbadraft.net/players/isaac-okoro/,20200925235019,wordpress,54,24
P6232d5a44f,2020,nbadraftnet,https://www.nbadraft.net/players/onyeka-okongwu/,20201112032450,wordpress,6,24
Pfe5913c014,2020,nbadraftnet,https://www.nbadraft.net/players/killian-hayes/,20201031230242,wordpress,18,24
P41612ab4e2,2020,nbadraftnet,https://www.nbadraft.net/players/obi-toppin/,20201031220203,wordpress,18,24
Pa430d00e1f,2020,nbadraftnet,https://www.nbadraft.net/players/deni-avdija/,20201101150604,wordpress,17,24
P90a7395cb0,2020,nbadraftnet,https://www.nbadraft.net/players/jalen-smith/,20201004023945,wordpress,45,10
Pd70c9ef8df,2020,nbadraftnet,https://www.nbadraft.net/players/devin-vassell/,20201030042901,wordpress,19,24
P1388f2fd26,2020,nbadraftnet,https://www.nbadraft.net/players/tyrese-haliburton/,20201102165212,wordpress,16,24
P0df73941d8,2020,nbadraftnet,https://www.nbadraft.net/players/kira-lewis/,20201101135151,wordpress,17,24
Pe6c9de6d86,2020,nbadraftnet,https://www.nbadraft.net/players/aaron-nesmith/,20201117004813,wordpress,1,24
P388cb0d5da,2020,nbadraftnet,https://www.nbadraft.net/players/cole-anthony/,20201103142022,wordpress,15,24
Pe0b660d280,2020,nbadraftnet,https://www.nbadraft.net/players/isaiah-stewart/,20201101095351,wordpress,17,24
P842bafbfda,2020,nbadraftnet,https://www.nbadraft.net/players/aleksej-pokusevski/,20201118150636,wordpress,0,24
P0cd98a270c,2020,nbadraftnet,https://www.nbadraft.net/players/josh-green/,20201102032706,wordpress,16,24
P04526b8576,2020,nbadraftnet,https://www.nbadraft.net/players/saddiq-bey/,20201030210551,wordpress,19,24
Pb7d583a85a,2020,nbadraftnet,https://www.nbadraft.net/players/precious-achiuwa/,20201116104325,wordpress,2,24
Pa3fa433740,2020,nbadraftnet,https://www.nbadraft.net/players/tyrese-maxey/,20201101172503,wordpress,17,24
Pe237a28a37,2020,nbadraftnet,https://www.nbadraft.net/players/zeke-nnaji/,20200924145541,wordpress,55,24
P3c885ec031,2020,nbadraftnet,https://www.nbadraft.net/players/rj-hampton/,20200924143932,wordpress,55,24
P63236d3a70,2020,nbadraftnet,https://www.nbadraft.net/players/immanuel-quickley/,20201030172116,wordpress,19,24
Pf46613d969,2020,nbadraftnet,https://www.nbadraft.net/players/payton-pritchard/,20201027171708,wordpress,22,24
P08bc96e9be,2020,nbadraftnet,https://www.nbadraft.net/players/udoka-azubuike/,20201029213730,wordpress,20,10
Pa7dbf13041,2020,nbadraftnet,https://www.nbadraft.net/players/jaden-mcdaniels,20201111210238,wordpress,7,24
P5be180758a,2020,nbadraftnet,https://www.nbadraft.net/players/desmond-bane,20190923015256,drupal,422,2
P289da7f9c1,2020,nbadraftnet,https://www.nbadraft.net/players/tyrell-terry/,20201101064407,wordpress,17,24
Pad0b972baf,2020,nbadraftnet,https://www.nbadraft.net/players/vernon-carey/,20201103220339,wordpress,15,24
P48772fff87,2020,nbadraftnet,https://www.nbadraft.net/players/daniel-oturu/,20201030110837,wordpress,19,24
Pde7308c87b,2020,nbadraftnet,https://www.nbadraft.net/players/theo-maledon/,20200926051552,wordpress,53,24
P1f88525e9f,2020,nbadraftnet,https://www.nbadraft.net/players/xavier-tillman,20190722165558,drupal,485,2
P32d7e7e1eb,2020,nbadraftnet,https://www.nbadraft.net/players/tyler-bey/,20201103230705,wordpress,15,24
P3bfc12237e,2020,nbadraftnet,http://www.nbadraft.net:80/players/vit-krejci,20180601095758,drupal,901,2
Pdc083a80a9,2020,nbadraftnet,https://www.nbadraft.net/players/elijah-hughes/,20200927075126,wordpress,52,24
P04282e0cbf,2020,nbadraftnet,http://www.nbadraft.net:80/players/robert-woodard,20181029165227,drupal,751,2
P716f6175e4,2020,nbadraftnet,https://www.nbadraft.net/players/tre-jones/,20201103164404,wordpress,15,24
P2b95cb9990,2020,nbadraftnet,https://www.nbadraft.net/players/nick-richards/,20201030211830,wordpress,19,24
P429838957d,2020,nbadraftnet,https://www.nbadraft.net/players/jahmius-ramsey/,20200925214709,wordpress,54,24
P04b95b58e0,2020,nbadraftnet,https://www.nbadraft.net/players/marko-simonovic,20190824184507,drupal,452,2
P9cddcdc1ad,2020,nbadraftnet,https://www.nbadraft.net/players/jordan-nwora/,20201101015624,wordpress,17,24
Pc2d24d5902,2020,nbadraftnet,https://www.nbadraft.net/players/nico-mannion/,20201101064527,wordpress,17,24
P2ca61183dc,2020,nbadraftnet,https://www.nbadraft.net/players/skylar-mays,20190825101109,drupal,451,2
P625909539a,2020,nbadraftnet,http://www.nbadraft.net:80/players/kj-martin,20170401114546,drupal,1327,2
P1cf3ac09b1,2020,nbadraftnet,https://www.nbadraft.net/players/cassius-winston/,20200923220657,wordpress,56,24
Pee12c1b431,2020,nbadraftnet,https://www.nbadraft.net/players/jay-scrubb/,20201112044210,wordpress,6,24
P9d5ce33ec0,2020,nbadraftnet,https://www.nbadraft.net/players/reggie-perry/,20201105223327,wordpress,13,24
P539176b694,2020,nbadraftnet,https://www.nbadraft.net/players/kenyon-martin/,20191112205507,wordpress,372,24
Pdd324c8c3a,2020,nbadraftnet,http://www.nbadraft.net:80/players/cameron-oliver,20160821230319,drupal,1550,2
Pcf413465aa,2020,nbadraftnet,https://www.nbadraft.net/players/amida-brimah,20190818094923,drupal,458,2
P007123cefb,2020,nbadraftnet,https://www.nbadraft.net/players/jontay-porter/,20201020082349,wordpress,29,24
Pa5bdbe06a8,2020,nbadraftnet,http://www.nbadraft.net:80/players/elijah-bryant,20181019090728,drupal,761,2
P0fec6c7ff1,2020,nbadraftnet,https://www.nbadraft.net/players/robert-franks,20190918204311,drupal,427,2
P076dcdb147,2020,nbadraftnet,https://www.nbadraft.net/players/devon-dotson/,20201103103727,wordpress,15,24
P98391b949f,2020,nbadraftnet,https://www.nbadraft.net/players/killian-tillie,20191020144755,drupal,395,2
Pc5171d01c1,2020,nbadraftnet,https://www.nbadraft.net/players/armoni-brooks,20190720143758,drupal,487,2
Pe3d286e6c8,2020,nbadraftnet,http://www.nbadraft.net:80/players/dakota-mathias,20180912124724,drupal,798,2
P34a08a87d4,2020,nbadraftnet,https://www.nbadraft.net/players/ashton-hagans/,20201031093843,wordpress,18,24
Pceb9387e05,2020,nbadraftnet,https://www.nbadraft.net/players/markus-howard/,20201101151907,wordpress,17,24
P9580c6ee97,2020,nbadraftnet,http://www.nbadraft.net/players/josh-hall,20150920173214,drupal,1886,2
Pc09cd8c6d0,2020,nbadraftnet,https://www.nbadraft.net/players/naji-marshall,20190720143750,drupal,487,2
P63a2ab1a2a,2020,nbadraftnet,https://www.nbadraft.net/players/nathan-knight,20190818095633,drupal,458,2
Pf75af7bb1f,2020,nbadraftnet,https://www.nbadraft.net/players/tyshon-alexander,20190918080557,drupal,427,2
P16e9d60aa9,2020,nbadraftnet,https://www.nbadraft.net/players/trent-forrest,20190923100921,drupal,422,2
P4f020a46a6,2020,nbadraftnet,http://www.nbadraft.net:80/players/anthony-lamb,20180226031229,drupal,996,2
P12d4263452,2020,nbadraftnet,http://www.nbadraft.net/players/jaesean-tate,20170930083131,drupal,1145,2
P56764c9c75,2020,nbadraftnet,http://www.nbadraft.net:80/players/anthony-gill,20181001190026,drupal,779,2
Pf77538a69a,2020,nbadraftnet,http://www.nbadraft.net:80/players/gabriel-deck,20181025022707,drupal,755,2
P2900148dca,2020,nbadraftnet,http://www.nbadraft.net:80/players/greg-whittington,20160715211319,drupal,1587,2
P4722b5d5ff,2020,nbadraftnet,https://www.nbadraft.net/players/brendan-bailey,20190721160419,drupal,486,2
P4ddb9bf638,2020,nbadraftnet,https://www.nbadraft.net/players/ej-montgomery,20190923015542,drupal,422,2
Ped501e46cc,2020,nbadraftnet,https://www.nbadraft.net/players/emmitt-williams/,20200809202443,wordpress,101,10
P9d7519067e,2020,nbadraftnet,http://www.nbadraft.net/players/isiaha-mike,20151021052524,drupal,1855,2
P5fdfb73e8f,2020,nbadraftnet,https://www.nbadraft.net/players/jordan-tucker,20190919175028,drupal,426,2
P5b50a9b58b,2020,nbadraftnet,https://www.nbadraft.net/players/kahlil-whitney/,20191214214843,wordpress,340,24
Pd3cfd798be,2020,nbadraftnet,https://www.nbadraft.net/players/kaleb-wesson,20190825034013,drupal,451,2
P9b1073be42,2020,nbadraftnet,https://www.nbadraft.net/players/lamine-diane,20190916172734,drupal,429,2
Pc76c8c8711,2020,nbadraftnet,https://www.nbadraft.net/players/milan-acquaah,20190723095153,drupal,484,2
P2dd8b69701,2020,nbadraftnet,https://www.nbadraft.net/players/nick-weatherspoon,20190824231501,drupal,452,2
P051c4d4903,2020,nbadraftnet,https://www.nbadraft.net/players/nojel-eastern,20191020195849,drupal,395,2
Pa9f698b274,2020,nbadraftnet,https://www.nbadraft.net/players/rayshaun-hammonds,20191018050520,drupal,397,2
P61afdc25a4,2021,nbadraftnet,https://www.nbadraft.net/players/cade-cunningham/,20210420045740,wordpress,100,24
P64263ced9d,2021,nbadraftnet,https://www.nbadraft.net/players/jalen-green/,20210517225712,wordpress,73,24
Pc3e0235987,2021,nbadraftnet,https://www.nbadraft.net/players/evan-mobley/,20210614031434,wordpress,45,24
P45a39b68c1,2021,nbadraftnet,https://www.nbadraft.net/players/scottie-barnes/,20210725214131,wordpress,4,24
Pc97a1282a3,2021,nbadraftnet,https://www.nbadraft.net/players/jalen-suggs/,20210614014820,wordpress,45,24
P854a3a23a2,2021,nbadraftnet,https://www.nbadraft.net/players/josh-giddey/,20210729171735,wordpress,0,24
P7dcdc4ccdd,2021,nbadraftnet,https://www.nbadraft.net/players/jonathan-kuminga/,20210517222606,wordpress,73,24
Pb2632428b5,2021,nbadraftnet,https://www.nbadraft.net/players/franz-wagner/,20210420040341,wordpress,100,24
P2c8aa67899,2021,nbadraftnet,https://www.nbadraft.net/players/davion-mitchell/,20210613091745,wordpress,46,24
P9e82692a6d,2021,nbadraftnet,https://www.nbadraft.net/players/ziaire-williams/,20210614033220,wordpress,45,24
Pa090759337,2021,nbadraftnet,https://www.nbadraft.net/players/james-bouknight/,20210706180828,wordpress,23,24
P4e35bd6add,2021,nbadraftnet,https://www.nbadraft.net/players/joshua-primo/,20210728125738,wordpress,1,24
P05f9ca4653,2021,nbadraftnet,https://www.nbadraft.net/players/chris-duarte/,20210623170815,wordpress,36,24
Pa0882490f6,2021,nbadraftnet,https://www.nbadraft.net/players/moses-moody/,20210614021455,wordpress,45,24
P0057628fa2,2021,nbadraftnet,https://www.nbadraft.net/players/corey-kispert/,20210628180721,wordpress,31,24
Pfce02776de,2021,nbadraftnet,https://www.nbadraft.net/players/tre-mann/,20210628134522,wordpress,31,24
P69549f38f2,2021,nbadraftnet,https://www.nbadraft.net/players/kai-jones/,20210613090214,wordpress,46,24
P392363bcf2,2021,nbadraftnet,https://www.nbadraft.net/players/jalen-johnson/,20210725221847,wordpress,4,24
P721d8fa8f9,2021,nbadraftnet,https://www.nbadraft.net/players/keon-johnson/,20210614023510,wordpress,45,24
P87ada0d006,2021,nbadraftnet,https://www.nbadraft.net/players/isaiah-jackson/,20210623211326,wordpress,36,24
Pf6213e9937,2021,nbadraftnet,https://www.nbadraft.net/players/josh-christopher/,20210713193709,wordpress,16,24
P88205fde52,2021,nbadraftnet,https://www.nbadraft.net/players/quentin-grimes/,20210422151549,wordpress,98,24
P90b2305671,2021,nbadraftnet,https://www.nbadraft.net/players/jaden-springer/,20210423014153,wordpress,97,24
Pe728a39ea0,2021,nbadraftnet,https://www.nbadraft.net/players/dayron-sharpe,20191020144446,drupal,648,2
Pb1d56c9c96,2021,nbadraftnet,https://www.nbadraft.net/players/isaiah-todd/,20210422142359,wordpress,98,24
P5480a34012,2021,nbadraftnet,https://www.nbadraft.net/players/jeremiah-robinson-earl/,20210513122526,wordpress,77,24
P21372aaded,2021,nbadraftnet,https://www.nbadraft.net/players/herb-jones,20190819023937,drupal,710,2
Pc624860c4a,2021,nbadraftnet,https://www.nbadraft.net/players/jt-thor/,20210415134232,wordpress,105,24
P9fd480084b,2021,nbadraftnet,https://www.nbadraft.net/players/ayo-dosunmu/,20210729131422,wordpress,0,24
P82dc635a40,2021,nbadraftnet,https://www.nbadraft.net/players/jared-butler/,20210601162814,wordpress,58,24
Pac178f1473,2021,nbadraftnet,https://www.nbadraft.net/players/joe-wieskamp,20190722144721,drupal,738,2
P6680e3073f,2021,nbadraftnet,https://www.nbadraft.net/players/greg-brown/,20210614034021,wordpress,45,24
P3364db28a5,2021,nbadraftnet,https://www.nbadraft.net/players/kessler-edwards/,20210728204412,wordpress,1,24
P30aaba02d5,2021,nbadraftnet,https://www.nbadraft.net/players/filip-petrusev/,20210623213717,wordpress,36,24
P5705590403,2021,nbadraftnet,https://www.nbadraft.net/players/brandon-boston/,20210725232532,wordpress,4,24
P60da7b4537,2021,nbadraftnet,https://www.nbadraft.net/players/luka-garza,20190825145521,drupal,704,2
P0326e23b0d,2021,nbadraftnet,https://www.nbadraft.net/players/charles-bassey/,20210623205037,wordpress,36,24
P624b2b5afe,2021,nbadraftnet,http://www.nbadraft.net:80/players/sandro-mamukelashvili,20181013095052,drupal,1020,2
Pd1118f9ab3,2021,nbadraftnet,https://www.nbadraft.net/players/scottie-lewis/,20210709213108,wordpress,20,24
Pba95727095,2021,nbadraftnet,http://www.nbadraft.net:80/players/jericho-sims,20181010135216,drupal,1023,2
P3ffd955342,2021,nbadraftnet,http://www.nbadraft.net:80/players/gabe-york,20181001191705,drupal,1032,2
P659829b9e5,2021,nbadraftnet,http://www.nbadraft.net/players/paris-bass,20160802235959,drupal,1822,2
Pdd3a369707,2021,nbadraftnet,https://www.nbadraft.net/players/craig-sword,20190919031413,drupal,679,2
P64f9a357ca,2021,nbadraftnet,https://www.nbadraft.net/players/jock-landale,20190825211020,drupal,704,2
P9161b1752d,2021,nbadraftnet,https://www.nbadraft.net/players/jarron-cumberland,20190825211046,drupal,704,2
Pcc9fe4d64c,2021,nbadraftnet,https://www.nbadraft.net/players/javin-delaurier,20190923100511,drupal,675,2
P6a7cb1d3a8,2021,nbadraftnet,https://www.nbadraft.net/players/lindell-wigginton/,20210228103419,wordpress,151,24
P6e0353adf2,2021,nbadraftnet,https://www.nbadraft.net/players/tyler-hall,20190822210625,drupal,707,2
P18f1dedfcb,2021,nbadraftnet,http://www.nbadraft.net:80/players/jaysean-paige,20171024184052,drupal,1374,2
Pb52cacc824,2021,nbadraftnet,https://www.nbadraft.net/players/omer-yurtseven/,20210422145419,wordpress,98,24
Pe225c37146,2021,nbadraftnet,https://www.nbadraft.net/players/daishen-nix/,20210423023724,wordpress,97,24
P72f09d9c22,2021,nbadraftnet,https://www.nbadraft.net/players/jon-teske,20190825210132,drupal,704,2
P2e4a40f74c,2021,nbadraftnet,https://www.nbadraft.net/players/xavier-sneed,20191019182755,drupal,649,2
P7f3328bd09,2021,nbadraftnet,https://www.nbadraft.net/players/zavier-simpson,20190923100454,drupal,675,2
P46419801dd,2021,nbadraftnet,http://www.nbadraft.net:80/players/brandon-williams,20180430144824,drupal,1186,2
Ped12721a79,2021,nbadraftnet,https://www.nbadraft.net/players/matt-ryan,20190919174647,drupal,679,2
Pc37129efde,2021,nbadraftnet,https://www.nbadraft.net/players/trendon-watford/,20210420031956,wordpress,100,24
Pf2b31fcc76,2021,nbadraftnet,https://www.nbadraft.net/players/yves-pons/,20210623205004,wordpress,36,24
P71399e9935,2021,nbadraftnet,http://www.nbadraft.net:80/players/marcus-garrett,20180920102340,drupal,1043,2
P130d4826ef,2021,nbadraftnet,https://www.nbadraft.net/players/mckinley-wright,20190923015235,drupal,675,2
P3692b72eac,2021,nbadraftnet,https://www.nbadraft.net/players/javonte-smart/,20210119211659,wordpress,191,24
Pa8621489c8,2021,nbadraftnet,http://www.nbadraft.net:80/players/dejon-jarreau,20161225202451,drupal,1677,2
P2511a36f77,2021,nbadraftnet,http://www.nbadraft.net/players/rj-nembhard,20150915054418,drupal,2144,2
P77f7109f5b,2021,nbadraftnet,https://www.nbadraft.net/players/duane-washington/,20210725224807,wordpress,4,24
Pd89d8db6f9,2021,nbadraftnet,https://www.nbadraft.net/players/jose-alvarado,20190917073225,drupal,681,2
P72048f0a4a,2021,nbadraftnet,https://www.nbadraft.net/players/mj-walker/,20210419215337,wordpress,101,24
P479c1cba2f,2021,nbadraftnet,http://www.nbadraft.net:80/players/jay-huff,20170904050506,drupal,1424,2
P71e4e7122a,2021,nbadraftnet,http://www.nbadraft.net:80/players/mac-mcclung,20181024054910,drupal,1009,2
Paf9449af91,2021,nbadraftnet,https://www.nbadraft.net/players/jordan-schakel,20191016203805,drupal,652,2
Pb4df715600,2021,nbadraftnet,https://www.nbadraft.net/players/jamorko-pickett,20191022195944,drupal,646,2
P4583d7bf3c,2021,nbadraftnet,https://www.nbadraft.net/players/jordan-goodwin,20190825190641,drupal,704,2
Pd0398785b7,2021,nbadraftnet,http://www.nbadraft.net/players/micah-potter,20150921101111,drupal,2138,2
P70fd4037fb,2021,nbadraftnet,https://www.nbadraft.net/players/kevin-pangos,20191023133903,drupal,645,2
P03ad9770c3,2021,nbadraftnet,https://www.nbadraft.net/players/cameron-mcgriff,20191019180513,drupal,649,2
Pf10c6bc653,2021,nbadraftnet,http://www.nbadraft.net:80/players/olivier-sarr,20170827230054,drupal,1432,2
Pcad1dc504f,2021,nbadraftnet,https://www.nbadraft.net/players/keifer-sykes,20191015193703,drupal,653,2
P1f0712d029,2021,nbadraftnet,https://www.nbadraft.net/players/braxton-key,20191019181439,drupal,649,2
P36846c8c89,2021,nbadraftnet,https://www.nbadraft.net/players/rob-edwards,20191019180436,drupal,649,2
P030ee18cdd,2021,nbadraftnet,http://www.nbadraft.net:80/players/chaundee-brown,20180306165048,drupal,1241,2
P9cb019ad12,2021,nbadraftnet,http://www.nbadraft.net/players/jaquori-mclaughlin,20170819180437,drupal,1440,2
Pfa7ab0de3c,2021,nbadraftnet,https://www.nbadraft.net/players/malcolm-hill,20190917073157,drupal,681,2
Pd7fcef8bed,2021,nbadraftnet,https://www.nbadraft.net/players/aamir-simms,20190923142935,drupal,675,2
P5ea4e3ee4a,2021,nbadraftnet,http://www.nbadraft.net/players/asante-gist,20150907065455,drupal,2152,2
P4ff3e30134,2021,nbadraftnet,http://www.nbadraft.net:80/players/bryce-wills,20170930023604,drupal,1398,2
Pff631d1742,2021,nbadraftnet,https://www.nbadraft.net/players/cj-walker/,20210423012749,wordpress,97,24
Pc4eb6bb8ac,2021,nbadraftnet,http://www.nbadraft.net:80/players/cameron-krutwig,20181022200628,drupal,1011,2
Pf54b3f87be,2021,nbadraftnet,http://www.nbadraft.net/players/christian-terrell,20150922082232,drupal,2137,2
P969b4447cc,2021,nbadraftnet,https://www.nbadraft.net/players/dj-steward,20191022120818,drupal,646,2
Pdda2ebeb84,2021,nbadraftnet,http://www.nbadraft.net/players/damien-jefferson,20150921080019,drupal,2138,2
P65cc7bdb71,2021,nbadraftnet,http://www.nbadraft.net/players/derek-culver,20150922065157,drupal,2137,2
P21808403e2,2021,nbadraftnet,http://www.nbadraft.net:80/players/devontae-shuler,20180923013226,drupal,1040,2
P3e86849b89,2021,nbadraftnet,http://www.nbadraft.net:80/players/eric-vila,20180415072718,drupal,1201,2
Pa99e47f62c,2021,nbadraftnet,https://www.nbadraft.net/players/ethan-thompson,20190918184127,drupal,680,2
P26d0fde68c,2021,nbadraftnet,https://www.nbadraft.net/players/giorgi-bezhanishvili,20190722061958,drupal,738,2
P8af3d1371a,2021,nbadraftnet,http://www.nbadraft.net:80/players/gorjok-gak,20170809082803,drupal,1450,2
Pa617e8f0a5,2021,nbadraftnet,http://www.nbadraft.net/players/hasahn-french,20170918204236,drupal,1410,2
P4e2fe9e886,2021,nbadraftnet,http://www.nbadraft.net:80/players/isaiah-washington,20181111004858,drupal,991,2
P85b734a34a,2021,nbadraftnet,https://www.nbadraft.net/players/jahvon-blair,20190717184515,drupal,743,2
Pac3967f922,2021,nbadraftnet,https://www.nbadraft.net/players/jeremiah-tilmon,20190818094913,drupal,711,2
P8147190bb3,2021,nbadraftnet,http://www.nbadraft.net:80/players/jock-perry,20160530141900,drupal,1886,2
P2c6f1d319f,2021,nbadraftnet,https://www.nbadraft.net/players/jordy-tshimanga,20191020195608,drupal,648,2
P2c763c66dd,2021,nbadraftnet,https://www.nbadraft.net/players/justin-smith,20191024004602,drupal,644,2
P35327cfd09,2021,nbadraftnet,https://www.nbadraft.net/players/juwan-durham,20190923183124,drupal,675,2
P142c728ffd,2021,nbadraftnet,http://www.nbadraft.net:80/players/keith-williams,20180306180120,drupal,1241,2
Pfe62281f0a,2021,nbadraftnet,http://www.nbadraft.net/players/lj-figueroa,20150921154540,drupal,2138,2
P832ba46d69,2021,nbadraftnet,http://www.nbadraft.net/players/macio-teague,20150919074556,drupal,2140,2
P71a175d36d,2021,nbadraftnet,https://www.nbadraft.net/players/makur-maker/,20210419222153,wordpress,101,24
Pd74e65b4cd,2021,nbadraftnet,http://www.nbadraft.net/players/mark-vital,20160828200243,drupal,1796,2
Pcf6cf087a0,2021,nbadraftnet,https://www.nbadraft.net/players/matt-coleman,20190922110147,drupal,676,2
P6c257fc7cf,2021,nbadraftnet,https://www.nbadraft.net/players/matt-haarms,20191023082927,drupal,645,2
P9adb5133bc,2021,nbadraftnet,https://www.nbadraft.net/players/matthew-hurt/,20210623210140,wordpress,36,24
P5828555cba,2021,nbadraftnet,http://www.nbadraft.net/players/mike-smith,20170917055739,drupal,1411,2
P03a04d0174,2021,nbadraftnet,http://www.nbadraft.net:80/players/nahziah-carter,20181026140218,drupal,1007,2
Pe0ad9b9ce5,2021,nbadraftnet,https://www.nbadraft.net/players/oscar-da-silva,20191016102822,drupal,652,2
P1f2e422e9e,2021,nbadraftnet,https://www.nbadraft.net/players/quade-green,20191023083100,drupal,645,2
P719eb17c3d,2021,nbadraftnet,http://www.nbadraft.net:80/players/romello-white,20180924203934,drupal,1039,2
P40472c4e0a,2021,nbadraftnet,https://www.nbadraft.net/players/sam-cunliffe,20190923100329,drupal,675,2
P727c27e864,2021,nbadraftnet,https://www.nbadraft.net/players/sidney-wilson,20190923015739,drupal,675,2
Pb0a8811014,2021,nbadraftnet,https://www.nbadraft.net/players/taveion-hollingsworth,20191022195046,drupal,646,2
Pb657fdb74e,2021,nbadraftnet,https://www.nbadraft.net/players/troy-baxter,20190720144006,drupal,740,2
Pfa7a6f2536,2022,nbadraftnet,https://www.nbadraft.net/players/paolo-banchero/,20220612235911,wordpress,11,24
Pbfdaa31fd0,2022,nbadraftnet,https://www.nbadraft.net/players/chet-holmgren/,20220611150712,wordpress,12,24
P12c0373e62,2022,nbadraftnet,https://www.nbadraft.net/players/jabari-smith/,20220611114838,wordpress,12,24
P86df290cda,2022,nbadraftnet,https://www.nbadraft.net/players/keegan-murray/,20220609013904,wordpress,14,24
Pce7c8a9da0,2022,nbadraftnet,https://www.nbadraft.net/players/bennedict-mathurin/,20220613170820,wordpress,10,24
Pab39ee5462,2022,nbadraftnet,https://www.nbadraft.net/players/dyson-daniels/,20220613180440,wordpress,10,24
Pe3c0fc5a9e,2022,nbadraftnet,https://www.nbadraft.net/players/jeremy-sochan/,20220609175321,wordpress,14,24
P919e355315,2022,nbadraftnet,https://www.nbadraft.net/players/johnny-davis/,20220602175321,wordpress,21,24
P4b5f95e771,2022,nbadraftnet,https://www.nbadraft.net/players/ousmane-dieng/,20220615061838,wordpress,8,24
Pa89859be17,2022,nbadraftnet,https://www.nbadraft.net/players/jalen-williams/,20220610014306,wordpress,13,24
P3a3a5bbbef,2022,nbadraftnet,https://www.nbadraft.net/players/jalen-duren/,20220611034253,wordpress,12,24
P9d848af991,2022,nbadraftnet,https://www.nbadraft.net/players/ochai-agbaji/,20220522184903,wordpress,32,24
P3a5b76349f,2022,nbadraftnet,https://www.nbadraft.net/players/mark-williams/,20220611020818,wordpress,12,24
Pa95793f720,2022,nbadraftnet,https://www.nbadraft.net/players/aj-griffin/,20220518013214,wordpress,36,24
Pae46fa4aa5,2022,nbadraftnet,https://www.nbadraft.net/players/malaki-branham/,20220608225858,wordpress,15,24
P3b1e823247,2022,nbadraftnet,https://www.nbadraft.net/players/christian-braun/,20220622123801,wordpress,1,24
P63014948f5,2022,nbadraftnet,http://www.nbadraft.net/players/david-roddy,20170709171850,drupal,1810,2
P4e8883caf8,2022,nbadraftnet,https://www.nbadraft.net/players/marjon-beauchamp/,20220611222318,wordpress,12,24
P5cba6e4b4b,2022,nbadraftnet,https://www.nbadraft.net/players/blake-wesley/,20220613214554,wordpress,10,24
Pa6b76d042d,2022,nbadraftnet,https://www.nbadraft.net/players/wendell-moore/,20220604013354,wordpress,19,24
P8be99fecd0,2022,nbadraftnet,https://www.nbadraft.net/players/patrick-baldwin/,20220604222540,wordpress,19,24
Pa408da26a2,2022,nbadraftnet,https://www.nbadraft.net/players/tyty-washington/,20220610230656,wordpress,13,24
P76ebdc8d77,2022,nbadraftnet,https://www.nbadraft.net/players/andrew-nembhard/,20220614165502,wordpress,9,24
P70fa3dc827,2022,nbadraftnet,https://www.nbadraft.net/players/caleb-houstan/,20220615060954,wordpress,8,24
Pa2e8c74c1f,2022,nbadraftnet,https://www.nbadraft.net/players/jaylin-williams/,20220609052651,wordpress,14,24
Paac5dcb74c,2022,nbadraftnet,https://www.nbadraft.net/players/max-christie/,20220611075307,wordpress,12,24
P20596267f7,2022,nbadraftnet,https://www.nbadraft.net/players/jaden-hardy/,20220609133908,wordpress,14,24
P8c8d5105c2,2022,nbadraftnet,https://www.nbadraft.net/players/kennedy-chandler/,20210929015732,wordpress,267,24
Pd5316f2e65,2022,nbadraftnet,https://www.nbadraft.net/players/bryce-mcgowens/,20220102185740,wordpress,172,24
Pe22f69b7a0,2022,nbadraftnet,https://www.nbadraft.net/players/ej-liddell/,20220612093039,wordpress,11,24
P123f055136,2022,nbadraftnet,https://www.nbadraft.net/players/trevor-keels/,20220529135328,wordpress,25,24
Pc5f6ac0bb7,2022,nbadraftnet,https://www.nbadraft.net/players/moussa-diabate/,20211016053558,wordpress,250,24
P76f8234113,2022,nbadraftnet,https://www.nbadraft.net/players/josh-minott/,20211016045804,wordpress,250,24
Pd6b4848f72,2022,nbadraftnet,https://www.nbadraft.net/players/kendall-brown/,20220606080705,wordpress,17,24
P7c29e11a29,2022,nbadraftnet,https://www.nbadraft.net/players/isaiah-mobley/,20220421231928,wordpress,63,24
Pa067c50f94,2022,nbadraftnet,https://www.nbadraft.net/players/jd-davison/,20211206152347,wordpress,199,23
P9e732e040b,2022,nbadraftnet,https://www.nbadraft.net/players/johnny-juzang/,20220407074907,wordpress,77,24
P6521ad0003,2022,nbadraftnet,https://www.nbadraft.net/players/julian-champagnie/,20220622134108,wordpress,1,24
P8d79cd923c,2022,nbadraftnet,http://www.nbadraft.net:80/players/scotty-pippen,20170930023454,drupal,1727,2
P13f00227af,2022,nbadraftnet,http://www.nbadraft.net:80/players/darius-days,20181022200927,drupal,1340,2
P836329e077,2022,nbadraftnet,https://www.nbadraft.net/players/aj-lawson/,20211205233609,wordpress,200,24
Pc064a30c43,2022,nbadraftnet,https://www.nbadraft.net/players/dru-smith,20191014063637,drupal,983,2
Paf2b091294,2022,nbadraftnet,https://www.nbadraft.net/players/michael-foster/,20220102114947,wordpress,172,24
P50d6953351,2022,nbadraftnet,https://www.nbadraft.net/players/orlando-robinson/,20220522052433,wordpress,32,24
Pa06f6a14b5,2022,nbadraftnet,https://www.nbadraft.net/players/jamaree-bouyea/,20220407080419,wordpress,77,24
Pbccc770021,2022,nbadraftnet,https://www.nbadraft.net/players/jordan-hall/,20220522043952,wordpress,32,24
P19ae0a39ff,2022,nbadraftnet,https://www.nbadraft.net/players/keon-ellis/,20220615171722,wordpress,8,24
Pe54f989cc8,2022,nbadraftnet,https://www.nbadraft.net/players/ron-harper-jr/,20220623051638,wordpress,0,24
Pc25f9380ba,2022,nbadraftnet,https://www.nbadraft.net/players/buddy-boeheim,20191021160130,drupal,976,2
P22caf129cd,2022,nbadraftnet,https://www.nbadraft.net/players/dereon-seabron/,20220315125144,wordpress,100,24
P47d96f257b,2022,nbadraftnet,https://www.nbadraft.net/players/jack-white,20190825210423,drupal,1033,2
Pc60f6451c1,2022,nbadraftnet,https://www.nbadraft.net/players/cole-swider,20190916211144,drupal,1011,2
Pfc4c07b799,2022,nbadraftnet,http://www.nbadraft.net:80/players/lester-quinones,20171212122957,drupal,1654,2
P719dac14cb,2022,nbadraftnet,https://www.nbadraft.net/players/simone-fontecchio/,20200929112025,wordpress,632,24
Pec93c68939,2022,nbadraftnet,https://www.nbadraft.net/players/aminu-mohammed,20190818095426,drupal,1040,2
P96bc00aaed,2022,nbadraftnet,https://www.nbadraft.net/players/iverson-molinar,20190919220517,drupal,1008,2
P3e1b393a8c,2022,nbadraftnet,https://www.nbadraft.net/players/jaden-shackelford,20190818095751,drupal,1040,2
P3ebbedffb1,2022,nbadraftnet,http://www.nbadraft.net/players/justin-lewis,20170726134038,drupal,1793,2
P54ce020bc4,2022,nbadraftnet,https://www.nbadraft.net/players/shareef-oneal,20191019075824,drupal,978,2
P144ed94c77,2023,nbadraftnet,https://www.nbadraft.net/players/victor-wembanyama/,20230323162009,wordpress,91,24
P664a2ede66,2023,nbadraftnet,https://www.nbadraft.net/players/brandon-miller/,20230622000828,wordpress,0,24
P51e5ade0ce,2023,nbadraftnet,https://www.nbadraft.net/players/scoot-henderson/,20230523224412,wordpress,30,24
Pa813594724,2023,nbadraftnet,https://www.nbadraft.net/players/anthony-black/,20230621023052,wordpress,1,24
Pa4e79c2199,2023,nbadraftnet,https://www.nbadraft.net/players/bilal-coulibaly/,20230621023054,wordpress,1,24
P7bf5b1ca03,2023,nbadraftnet,https://www.nbadraft.net/players/jarace-walker/,20221203145917,wordpress,201,24
Pe60cc64195,2023,nbadraftnet,https://www.nbadraft.net/players/taylor-hendricks/,20230621023432,wordpress,1,24
Pf0ef0714b6,2023,nbadraftnet,https://www.nbadraft.net/players/cason-wallace/,20230106205330,wordpress,167,24
P0035c2f0b3,2023,nbadraftnet,https://www.nbadraft.net/players/jett-howard/,20230612122325,wordpress,10,24
Pfdcf13c664,2023,nbadraftnet,https://www.nbadraft.net/players/gradey-dick/,20230323162009,wordpress,91,24
P0b253c1504,2023,nbadraftnet,https://www.nbadraft.net/players/jordan-hawkins/,20230327062043,wordpress,87,24
P6b4a74f110,2023,nbadraftnet,https://www.nbadraft.net/players/kobe-bufkin/,20230315200716,wordpress,99,24
P523c5eb5e6,2023,nbadraftnet,https://www.nbadraft.net/players/keyonte-george/,20230323162009,wordpress,91,24
Pf07b0c62fd,2023,nbadraftnet,https://www.nbadraft.net/players/jalen-hood-schifino/,20230525173733,wordpress,28,24
P3dd06c5ebd,2023,nbadraftnet,https://www.nbadraft.net/players/jaime-jaquez/,20230621023838,wordpress,1,24
P0db0d3c576,2023,nbadraftnet,https://www.nbadraft.net/players/brandin-podziemski/,20230617041131,wordpress,5,24
P1e59a7a7a1,2023,nbadraftnet,https://www.nbadraft.net/players/cam-whitmore/,20230329064308,wordpress,85,24
P9a144a10c5,2023,nbadraftnet,https://www.nbadraft.net/players/noah-clowney/,20230609160517,wordpress,13,24
Pd742da0a27,2023,nbadraftnet,https://www.nbadraft.net/players/dariq-whitehead/,20230209162854,wordpress,133,24
P47a1cc70a3,2023,nbadraftnet,https://www.nbadraft.net/players/kris-murray/,20230328000916,wordpress,86,24
Pbcdd20a9f9,2023,nbadraftnet,https://www.nbadraft.net/players/olivier-maxence-prosper/,20230619205837,wordpress,3,24
P26ad072598,2023,nbadraftnet,https://www.nbadraft.net/players/marcus-sasser/,20230603223150,wordpress,19,24
P2a6c79e3dc,2023,nbadraftnet,https://www.nbadraft.net/players/ben-sheppard/,20230616000938,wordpress,6,24
Pb4a7c38947,2023,nbadraftnet,https://www.nbadraft.net/players/nick-smith/,20230401040900,wordpress,82,24
Pc4ba85a58f,2023,nbadraftnet,https://www.nbadraft.net/players/jalen-pickett/,20230612235019,wordpress,10,24
P2db6f2cc8f,2023,nbadraftnet,https://www.nbadraft.net/players/leonard-miller/,20230615175125,wordpress,7,24
P9b886526e3,2023,nbadraftnet,https://www.nbadraft.net/players/colby-jones/,20230606010221,wordpress,16,24
P737b0588be,2023,nbadraftnet,https://www.nbadraft.net/players/andre-jackson/,20230531041339,wordpress,22,24
Pe356195976,2023,nbadraftnet,https://www.nbadraft.net/players/jordan-walsh/,20230323162009,wordpress,91,24
P655613d84a,2023,nbadraftnet,https://www.nbadraft.net/players/maxwell-lewis/,20230201172937,wordpress,141,24
Pf85863f4bd,2023,nbadraftnet,https://www.nbadraft.net/players/amari-bailey/,20230619193634,wordpress,3,24
P71f8c1b48d,2023,nbadraftnet,https://www.nbadraft.net/players/rayan-rupert/,20230603212307,wordpress,19,24
P7200ebcdd8,2023,nbadraftnet,https://www.nbadraft.net/players/gg-jackson/,20221030233004,wordpress,235,24
Pc074e62881,2023,nbadraftnet,https://www.nbadraft.net/players/seth-lundy/,20230612000318,wordpress,10,24
P659b205e3c,2023,nbadraftnet,https://www.nbadraft.net/players/emoni-bates/,20230125221044,wordpress,148,24
P07bb9cb58f,2023,nbadraftnet,https://www.nbadraft.net/players/keyontae-johnson/,20230323162009,wordpress,91,24
P18c14dbf8f,2023,nbadraftnet,https://www.nbadraft.net/players/jalen-wilson/,20230609160441,wordpress,13,24
Pd5f2794063,2023,nbadraftnet,https://www.nbadraft.net/players/isaiah-wong/,20230602225354,wordpress,20,24
Paf63a5d230,2023,nbadraftnet,https://www.nbadraft.net/players/tarik-biberovic,20190923205231,drupal,1368,2
Paf99c23c4d,2023,nbadraftnet,https://www.nbadraft.net/players/chris-livingston/,20230323162009,wordpress,91,24
Pae8a88e0e7,2023,nbadraftnet,https://www.nbadraft.net/players/jordan-ford,20190822210601,drupal,1400,2
P5dad28f6cf,2023,nbadraftnet,https://www.nbadraft.net/players/ibou-dianko-badji,20191020144238,drupal,1341,2
P4e9a2418a1,2023,nbadraftnet,https://www.nbadraft.net/players/henri-drell,20190916210420,drupal,1375,2
Pe8ffde2213,2023,nbadraftnet,https://www.nbadraft.net/players/oscar-tshiebwe/,20230603210208,wordpress,19,24
P3fd81a75e9,2023,nbadraftnet,https://www.nbadraft.net/players/izaiah-brockington/,20221130072717,wordpress,204,24
P9aef7770b8,2023,nbadraftnet,https://www.nbadraft.net/players/terquavion-smith/,20230603044659,wordpress,19,24
P3860306e22,2023,nbadraftnet,https://www.nbadraft.net/players/jacob-toppin/,20230604163631,wordpress,18,24
P8a6f0b4919,2023,nbadraftnet,http://www.nbadraft.net:80/players/jermaine-samuels,20181107201353,drupal,1688,2
P9052f13021,2023,nbadraftnet,https://www.nbadraft.net/players/jules-bernard,20190826104200,drupal,1396,2
P850a7a2631,2023,nbadraftnet,https://www.nbadraft.net/players/dmytro-skapintsev,20190824184219,drupal,1398,2
P96b57657ed,2023,nbadraftnet,https://www.nbadraft.net/players/ricky-council/,20230604192802,wordpress,18,24
P7589e6b4d5,2023,nbadraftnet,https://www.nbadraft.net/players/adam-flagler/,20230614040910,wordpress,8,24
Pe1411c667e,2023,nbadraftnet,https://www.nbadraft.net/players/adama-sanogo/,20230614024055,wordpress,8,24
Pf92c037d4b,2023,nbadraftnet,http://www.nbadraft.net/players/markquis-nowell,20170919201832,drupal,2102,2
P3a22280810,2023,nbadraftnet,http://www.nbadraft.net:80/players/timmy-allen,20170702181025,drupal,2181,2
P4e1f6ff7ed,2023,nbadraftnet,http://www.nbadraft.net:80/players/duop-reath,20180430131723,drupal,1879,2
P52f2ddbdea,2023,nbadraftnet,https://www.nbadraft.net/players/onuralp-bitim/,20200809193759,wordpress,1047,10
P7f722372b8,2023,nbadraftnet,https://www.nbadraft.net/players/maozinha-pereira/,20221111141329,wordpress,223,24
Pf091cf9935,2023,nbadraftnet,http://www.nbadraft.net:80/players/malik-williams,20180306180229,drupal,1934,2
P41704425e7,2023,nbadraftnet,https://www.nbadraft.net/players/nathan-mensah,20190717184509,drupal,1436,2
Pa12a517258,2023,nbadraftnet,https://www.nbadraft.net/players/azuolas-tubelis/,20230613203820,wordpress,9,24
P23152d31e2,2024,nbadraftnet,https://www.nbadraft.net/players/zaccharie-risacher/,20240624105645,wordpress,2,24
P65b97df144,2024,nbadraftnet,https://www.nbadraft.net/players/alexandre-sarr/,20240624144734,wordpress,2,24
P473649a3ff,2024,nbadraftnet,https://www.nbadraft.net/players/reed-sheppard/,20240418011938,wordpress,69,24
P2a77fa93f7,2024,nbadraftnet,https://www.nbadraft.net/players/stephon-castle/,20240418011947,wordpress,69,24
Pe083952d4c,2024,nbadraftnet,https://www.nbadraft.net/players/ronald-holland/,20240418011949,wordpress,69,24
P58407301c7,2024,nbadraftnet,https://www.nbadraft.net/players/tidjane-salaun/,20240525201143,wordpress,32,24
Pb0cd5d409b,2024,nbadraftnet,https://www.nbadraft.net/players/donovan-clingan/,20240418011946,wordpress,69,24
P74240d498b,2024,nbadraftnet,https://www.nbadraft.net/players/rob-dillingham/,20240516020732,wordpress,41,24
P1ccfa6c1ee,2024,nbadraftnet,https://www.nbadraft.net/players/zach-edey/,20240624094605,wordpress,2,24
Pa245962e52,2024,nbadraftnet,https://www.nbadraft.net/players/cody-williams/,20240616000359,wordpress,10,24
Pa5d4a8fef6,2024,nbadraftnet,https://www.nbadraft.net/players/matas-buzelis/,20240418011940,wordpress,69,24
Pd018d62aee,2024,nbadraftnet,https://www.nbadraft.net/players/nikola-topic/,20240522162849,wordpress,35,24
P32ff4229d3,2024,nbadraftnet,https://www.nbadraft.net/players/devin-carter/,20240625212734,wordpress,1,24
P4bd2cd3d34,2024,nbadraftnet,https://www.nbadraft.net/players/carlton-carrington/,20240418011950,wordpress,69,24
Pada60a9da7,2024,nbadraftnet,https://www.nbadraft.net/players/kelel-ware/,20240623055014,wordpress,3,24
Pa3f4257d20,2024,nbadraftnet,https://www.nbadraft.net/players/jared-mccain/,20240513181537,wordpress,44,24
P7a95b991f4,2024,nbadraftnet,https://www.nbadraft.net/players/dalton-knecht/,20240525145721,wordpress,32,24
P13f5a8ca49,2024,nbadraftnet,https://www.nbadraft.net/players/tristan-da-silva,20240624170437,wordpress,2,24
P9f04775c7a,2024,nbadraftnet,https://www.nbadraft.net/players/jakobe-walter/,20240618035933,wordpress,8,24
P523c7506e7,2024,nbadraftnet,https://www.nbadraft.net/players/yves-missi,20240624172010,wordpress,2,24
P4bbcd3bc18,2024,nbadraftnet,https://www.nbadraft.net/players/daron-holmes/,20240525075153,wordpress,32,24
P7070c905f3,2024,nbadraftnet,https://www.nbadraft.net/players/aj-johnson/,20240518134543,wordpress,39,24
Pf4a65045a1,2024,nbadraftnet,https://www.nbadraft.net/players/kyshawn-george/,20240609164020,wordpress,17,24
Pe79de9d05b,2024,nbadraftnet,https://www.nbadraft.net/players/pacome-dadiet/,20240622035337,wordpress,4,24
P1a8fd8dc98,2024,nbadraftnet,https://www.nbadraft.net/players/dillon-jones/,20240626100500,wordpress,0,24
P086a09588e,2024,nbadraftnet,https://www.nbadraft.net/players/terrence-shannon/,20240519072029,wordpress,38,24
P0d7bcc4d57,2024,nbadraftnet,https://www.nbadraft.net/players/ryan-dunn/,20240623214017,wordpress,3,24
P429241cb33,2024,nbadraftnet,https://www.nbadraft.net/players/isaiah-collier/,20240418011942,wordpress,69,24
Pfd3b474513,2024,nbadraftnet,https://www.nbadraft.net/players/baylor-scheierman/,20240613154844,wordpress,13,24
Pafffac98b2,2024,nbadraftnet,https://www.nbadraft.net/players/jonathan-mogbo/,20240618214051,wordpress,8,24
P2bc6f2a3aa,2024,nbadraftnet,https://www.nbadraft.net/players/kyle-filipowski/,20240525180420,wordpress,32,24
P68ff50da96,2024,nbadraftnet,https://www.nbadraft.net/players/tyler-smith/,20220401022124,wordpress,817,24
Pd1401169e8,2024,nbadraftnet,https://www.nbadraft.net/players/tyler-kolek/,20240602224806,wordpress,24,24
P35654567c0,2024,nbadraftnet,https://www.nbadraft.net/players/johnny-furphy/,20240418011945,wordpress,69,24
Pdf5a3388b3,2024,nbadraftnet,https://www.nbadraft.net/players/bobi-klintman/,20240418011946,wordpress,69,22
P470eca3f49,2024,nbadraftnet,https://www.nbadraft.net/players/ajay-mitchell/,20240604161313,wordpress,22,24
P9fc884bebd,2024,nbadraftnet,https://www.nbadraft.net/players/oso-ighodaro/,20240617221504,wordpress,9,24
P84e9dcbb3e,2024,nbadraftnet,https://www.nbadraft.net/players/adem-bona/,20240117041249,wordpress,161,24
Pb1001f743e,2024,nbadraftnet,https://www.nbadraft.net/players/pelle-larsson/,20240625214730,wordpress,1,24
P0edbaa5011,2024,nbadraftnet,https://www.nbadraft.net/players/antonio-reeves/,20240606142125,wordpress,20,24
P82e84aa110,2024,nbadraftnet,https://www.nbadraft.net/players/tristen-newton/,20240524154143,wordpress,33,24
P7572949d92,2024,nbadraftnet,https://www.nbadraft.net/players/enrique-freeman/,20240619182625,wordpress,7,24
P4b73f3a250,2024,nbadraftnet,https://www.nbadraft.net/players/cam-spencer/,20240626095038,wordpress,0,24
P414be319a7,2024,nbadraftnet,https://www.nbadraft.net/players/anton-watson,20191019180526,drupal,1712,2
Pf7cf72315c,2024,nbadraftnet,https://www.nbadraft.net/players/bronny-james/,20240616184408,wordpress,10,24
Pd62847824a,2024,nbadraftnet,https://www.nbadraft.net/players/kevin-mccullar/,20240620233609,wordpress,6,24
Pb1c5565b99,2024,nbadraftnet,https://www.nbadraft.net/players/ulrich-chomche/,20240524152034,wordpress,33,24
Pf1dc83702a,2024,nbadraftnet,http://www.nbadraft.net:80/players/jack-mcveigh,20180427142154,drupal,2252,2
Pe275ca2256,2024,nbadraftnet,https://www.nbadraft.net/players/drew-timme/,20230923232958,wordpress,277,24
Pa93866e530,2024,nbadraftnet,https://www.nbadraft.net/players/trey-alexander/,20240609053305,wordpress,17,24
P2382218b2e,2024,nbadraftnet,https://www.nbadraft.net/players/naeqwan-tomlin/,20240621055529,wordpress,5,24
P66484e16cb,2024,nbadraftnet,https://www.nbadraft.net/players/jalen-bridges/,20240617180015,wordpress,9,24
P218d8c92b9,2024,nbadraftnet,https://www.nbadraft.net/players/pj-hall/,20240616172903,wordpress,10,24
P92095a9676,2024,nbadraftnet,http://www.nbadraft.net/players/miles-norris,20150920181909,drupal,3202,2
P8b23f27bc8,2024,nbadraftnet,http://www.nbadraft.net:80/players/alex-reese,20161017031220,drupal,2809,2
P8cc9424d6a,2024,nbadraftnet,https://www.nbadraft.net/players/trentyn-flowers/,20240622035340,wordpress,4,24
Pdbf2a4e286,2024,nbadraftnet,https://www.nbadraft.net/players/justin-edwards/,20240117041154,wordpress,161,24
Pa306b38c4f,2024,nbadraftnet,https://www.nbadraft.net/players/keshad-johnson/,20240609010313,wordpress,17,24
P816913601a,2024,nbadraftnet,https://www.nbadraft.net/players/nfaly-dante/,20240418011939,wordpress,69,24
P6696ce1e71,2024,nbadraftnet,https://www.nbadraft.net/players/armel-traore/,20240626192425,wordpress,0,24
P424c3aa3f2,2024,nbadraftnet,https://www.nbadraft.net/players/carlton-carrington/,20240418011950,wordpress,69,24
P3d8ccdb639,2025,nbadraftnet,https://www.nbadraft.net/players/cooper-flagg/,20250604213405,wordpress,21,24
Pf3b62cae3c,2025,nbadraftnet,https://www.nbadraft.net/players/dylan-harper/,20250604213405,wordpress,21,24
P4e09db2338,2025,nbadraftnet,https://www.nbadraft.net/players/vj-edgecombe/,20250620141509,wordpress,5,24
P07268bf0e1,2025,nbadraftnet,https://www.nbadraft.net/players/kon-knueppel/,20250517182214,wordpress,39,24
P12ee990c18,2025,nbadraftnet,https://www.nbadraft.net/players/ace-bailey/,20250620141509,wordpress,5,24
P3ee6bf444e,2025,nbadraftnet,https://www.nbadraft.net/players/tre-johnson/,20250424160026,wordpress,62,24
P5f9ce00466,2025,nbadraftnet,https://www.nbadraft.net/players/jeremiah-fears/,20250424155910,wordpress,62,24
P1a135db58f,2025,nbadraftnet,https://www.nbadraft.net/players/egor-demin/,20250601123712,wordpress,24,24
P5699f03b57,2025,nbadraftnet,https://www.nbadraft.net/players/collin-murray-boyles/,20250424155903,wordpress,62,24
Pb9eccb67f7,2025,nbadraftnet,https://www.nbadraft.net/players/khaman-maluach/,20250424155934,wordpress,62,24
P7ba2fa977b,2025,nbadraftnet,https://www.nbadraft.net/players/cedric-coward/,20250524064710,wordpress,32,24
P32fecc73d2,2025,nbadraftnet,https://www.nbadraft.net/players/noa-essengue/,20250522080355,wordpress,34,24
P15b8c13058,2025,nbadraftnet,https://www.nbadraft.net/players/derik-queen/,20250604213405,wordpress,21,24
Pf4e651b50c,2025,nbadraftnet,https://www.nbadraft.net/players/carter-bryant/,20250424155946,wordpress,62,24
P3f654a33fe,2025,nbadraftnet,https://www.nbadraft.net/players/thomas-sorber/,20250615031736,wordpress,10,24
Pdde13713ff,2025,nbadraftnet,https://www.nbadraft.net/players/joan-beringer/,20250424160002,wordpress,62,24
P8048267828,2025,nbadraftnet,https://www.nbadraft.net/players/walter-clayton/,20250424160048,wordpress,62,24
Pd8f68848a0,2025,nbadraftnet,https://www.nbadraft.net/players/nolan-traore/,20250424155914,wordpress,62,24
P884e8ee6b6,2025,nbadraftnet,https://www.nbadraft.net/players/will-riley/,20250604213405,wordpress,21,24
P9b4a07a3b9,2025,nbadraftnet,https://www.nbadraft.net/players/drake-powell/,20250615173246,wordpress,10,24
Pcb16689c6c,2025,nbadraftnet,https://www.nbadraft.net/players/asa-newell/,20250424155838,wordpress,62,24
P318e86822c,2025,nbadraftnet,https://www.nbadraft.net/players/nique-clifford/,20250424160051,wordpress,62,24
P307cead4af,2025,nbadraftnet,https://www.nbadraft.net/players/danny-wolf/,20250424155928,wordpress,62,24
Padf63a93ad,2025,nbadraftnet,https://www.nbadraft.net/players/liam-mcneeley/,20250424155857,wordpress,62,24
P070f8d3585,2025,nbadraftnet,https://www.nbadraft.net/players/yanic-konan-niederhauser/,20250522224050,wordpress,34,24
P43b2e2aa2f,2025,nbadraftnet,https://www.nbadraft.net/players/rasheer-fleming/,20250604213405,wordpress,21,24
Pdec9ef7c46,2025,nbadraftnet,https://www.nbadraft.net/players/noah-penda/,20250424160056,wordpress,62,24
Pa29e5f68db,2025,nbadraftnet,https://www.nbadraft.net/players/ryan-kalkbrenner/,20250424160040,wordpress,62,24
Pad9c27fcb6,2025,nbadraftnet,https://www.nbadraft.net/players/johni-broome/,20250604213405,wordpress,21,24
P259fbebd69,2025,nbadraftnet,https://www.nbadraft.net/players/adou-thiero/,20250620141509,wordpress,5,24
Pc0a66d6cca,2025,nbadraftnet,https://www.nbadraft.net/players/chaz-lanier/,20250604213405,wordpress,21,24
P495dd3afc8,2025,nbadraftnet,https://www.nbadraft.net/players/kam-jones/,20250624213259,wordpress,1,24
Pd4c3f94c64,2025,nbadraftnet,https://www.nbadraft.net/players/micah-peavy/,20250614210843,wordpress,11,24
Pf25d15a954,2025,nbadraftnet,https://www.nbadraft.net/players/koby-brea/,20250522020914,wordpress,34,24
P24c85e006b,2025,nbadraftnet,https://www.nbadraft.net/players/maxime-raynaud/,20250424155900,wordpress,62,24
P445f167264,2025,nbadraftnet,https://www.nbadraft.net/players/amari-williams/,20250620141509,wordpress,5,24
Pc2ef5dcf11,2025,nbadraftnet,https://www.nbadraft.net/players/javon-small/,20250604213405,wordpress,21,24
P49b4c451ec,2025,nbadraftnet,https://www.nbadraft.net/players/tyrese-proctor/,20250604213405,wordpress,21,24
Pfc563b417e,2025,nbadraftnet,https://www.nbadraft.net/players/kobe-sanders/,20250604213405,wordpress,21,24
P7fd9e8becb,2025,nbadraftnet,https://www.nbadraft.net/players/moussa-cisse/,20221001222100,wordpress,998,24
P521d05ff22,2025,nbadraftnet,https://www.nbadraft.net/players/alex-antetokounmpo/,20250122172857,wordpress,154,24
P0a66817947,2025,nbadraftnet,https://www.nbadraft.net/players/caleb-love/,20250424155859,wordpress,62,24
Pf38ea886b7,2025,nbadraftnet,https://www.nbadraft.net/players/hunter-sallis/,20250620141509,wordpress,5,24
P07109e12fd,2025,nbadraftnet,https://www.nbadraft.net/players/adama-bal/,20241214184740,wordpress,193,24
P1945d13d34,2025,nbadraftnet,https://www.nbadraft.net/players/blake-hinson/,20250424025347,wordpress,62,24
Pedf3dd90d4,2025,nbadraftnet,https://www.nbadraft.net/players/tristan-enaruna,20190822164013,drupal,2134,2
Pcb59681372,2025,nbadraftnet,https://www.nbadraft.net/players/vladislav-goldin/,20250429004116,wordpress,57,24
P1cb017a474,2025,nbadraftnet,http://www.nbadraft.net/players/curtis-jones,20170614025419,drupal,2933,2
P0eb002afb8,2025,nbadraftnet,https://www.nbadraft.net/players/rj-luis/,20250604213405,wordpress,21,24
P8db9055dd7,2026,nbadraftnet,https://www.nbadraft.net/players/aj-dybantsa/,20251121090955,wordpress,214,24
P865ed42223,2026,nbadraftnet,https://www.nbadraft.net/players/darryn-peterson/,20260117181227,wordpress,157,24
Paae5adeebf,2026,nbadraftnet,https://www.nbadraft.net/players/cameron-boozer/,20260512154551,wordpress,42,24
Pbbefe0eca9,2026,nbadraftnet,https://www.nbadraft.net/players/caleb-wilson/,20260512154551,wordpress,42,24
P8e7fe9e7e9,2026,nbadraftnet,https://www.nbadraft.net/players/mikel-brown/,20251118044758,wordpress,217,24
P36ce80df8e,2026,nbadraftnet,https://www.nbadraft.net/players/darius-acuff/,20250326065551,wordpress,454,24
P3dfb31f267,2026,nbadraftnet,https://www.nbadraft.net/players/brayden-burries/,20251119154234,wordpress,216,24
Pad2abbabb5,2026,nbadraftnet,https://www.nbadraft.net/players/yaxel-lendeborg/,20251217084536,wordpress,188,24
P9ac54b5d6d,2026,nbadraftnet,https://www.nbadraft.net/players/nate-ament/,20260225222218,wordpress,118,24
P7235c3ea4e,2026,nbadraftnet,https://www.nbadraft.net/players/hannes-steinbach/,20260610175024,wordpress,13,24
P7c5fe0ebd3,2026,nbadraftnet,https://www.nbadraft.net/players/jayden-quaintance/,20251123090104,wordpress,212,24
P81fe4dcd33,2026,nbadraftnet,https://www.nbadraft.net/players/labaron-philon/,20251121110000,wordpress,214,24
P2b19f4fd38,2026,nbadraftnet,https://www.nbadraft.net/players/sergio-de-larrea/,20251119141319,wordpress,216,24
Pdf653f9244,2026,nbadraftnet,https://www.nbadraft.net/players/chris-cenac/,20260511022349,wordpress,43,24
P2086e31fc5,2026,nbadraftnet,https://www.nbadraft.net/players/isaiah-evans/,20260623174906,wordpress,0,24
Pd88150bb39,2026,nbadraftnet,https://www.nbadraft.net/players/meleek-thomas/,20260130142148,wordpress,144,24
P6e67770ba5,2026,nbadraftnet,https://www.nbadraft.net/players/dillon-mitchell/,20250208072227,wordpress,500,24
Pd0d6a519f5,2026,nbadraftnet,https://www.nbadraft.net/players/jaden-bradley/,20230926184238,wordpress,1001,24
P0c63cafc6d,2026,nbadraftnet,https://www.nbadraft.net/players/bryson-tucker/,20250206181851,wordpress,502,24
