pid,draft_year,status,slug,capture_ts,n_captures,n_rejected_postdraft,layout
Pfb151947b8,2000,ok,kenyonmartin,20000620001309,132,129,old
Pb9c8134dba,2000,ok,stromileswift,20000605005406,114,112,old
P70be92ee2a,2000,ok,dariusmiles,20000619111237,105,104,old
P7aebb4f3da,2000,ok,marcusfizer,20000617131235,93,91,old
Pe4182c4c9a,2000,ok,mikemiller,20000620093319,84,83,old
Pdaa5dc2ffe,2000,ok,dermarrjohnson,20000616232524,65,63,old
P0a16bf5dcd,2000,ok,chrismihm,20000619022444,61,60,old
P4d044e6517,2000,no_capture_before_draft,,,93,93,
P332366fd23,2000,no_content,joelprzybilla;joel-przybilla,,85,83,
Pf596e595fa,2000,ok,keyondooling,20000617094719,68,67,old
P2225ba1e79,2000,ok,jeromemoiso,20000619184708,79,76,old
Pa1cb69e2d5,2000,ok,etanthomas,20000604125718,65,63,old
Pbd1bd31363,2000,ok,courtneyalexander,20000619101258,57,52,old
P049a006ba4,2000,no_capture_before_draft,,,54,54,
Pf2b2bf7c90,2000,no_capture_before_draft,,,57,57,
P382ba08b06,2000,no_profile,,,0,0,
Pdfcccbc0ee,2000,no_capture_before_draft,,,57,57,
P180bfe573f,2000,ok,quentinrichardson,20000510084257,71,70,old
P5ea8063b82,2000,no_capture_before_draft,,,72,72,
P8b55924f31,2000,no_capture_before_draft,,,12,12,
P360a02c8f3,2000,no_capture_before_draft,,,60,60,
P8df0a8788c,2000,ok,donnellharvey,20000619151105,58,57,old
P22993a7ac8,2000,no_capture_before_draft,,,171,171,
P52ae6ebde1,2000,no_capture_before_draft,,,9,9,
P3ef49a42d2,2000,no_capture_before_draft,,,18,18,
Pa5a2a6e8b9,2000,name_mismatch,mamadoundiaye,,35,33,
P91ba0ccfb7,2000,no_capture_before_draft,,,8,8,
P8b719e2981,2000,no_capture_before_draft,,,43,43,
Pc3df7f8dbd,2000,no_capture_before_draft,,,55,55,
P39bae689b5,2000,no_capture_before_draft,,,13,13,
Pd5c75d3b01,2000,no_capture_before_draft,,,29,29,
P189ad0416e,2000,no_capture_before_draft,,,34,34,
Pefcb67dee7,2000,no_capture_before_draft,,,10,10,
P07fb065f28,2000,no_capture_before_draft,,,39,39,
P6c17983aad,2000,no_profile,,,0,0,
P0b8d4db24c,2000,no_capture_before_draft,,,33,33,
P1d1b852c8c,2000,no_capture_before_draft,,,47,47,
P98015d62ae,2000,no_capture_before_draft,,,47,47,
P620c88aaa1,2000,no_capture_before_draft,,,34,34,
P69d740b582,2000,no_capture_before_draft,,,32,32,
P9c1ee88716,2000,no_profile,,,0,0,
P65db320efe,2000,no_capture_before_draft,,,46,46,
Pfdb326aa01,2000,no_capture_before_draft,,,12,12,
Pd764197a9d,2000,no_profile,,,0,0,
P7903308993,2000,no_capture_before_draft,,,33,33,
P1c5dc0dbc6,2000,no_profile,,,0,0,
Paff659398c,2000,no_profile,,,0,0,
P1f7c85948b,2000,no_capture_before_draft,,,37,37,
P0e7eb7e056,2000,no_profile,,,0,0,
P497243f189,2000,ok,chrisporter,20000619044234,33,30,old
P8955b1a9c4,2000,no_capture_before_draft,,,11,11,
P9e0485e8f6,2000,no_profile,,,0,0,
Pd72f71c2bb,2000,no_profile,,,0,0,
P2864fd765b,2000,no_profile,,,0,0,
P530a84e49c,2000,no_profile,,,0,0,
P3cfed129a3,2000,no_capture_before_draft,,,8,8,
P8105ba296c,2000,no_capture_before_draft,,,9,9,
P7cf0118ef7,2000,no_profile,,,0,0,
P7b63dad40c,2000,no_capture_before_draft,,,15,15,
Pbc657442d8,2000,no_capture_before_draft,,,22,22,
Pa0da0f38dc,2000,no_profile,,,0,0,
P9a587a1a63,2000,no_profile,,,0,0,
P2899765f70,2000,no_capture_before_draft,,,21,21,
P1f84c6033c,2000,no_profile,,,0,0,
Pcb83527531,2000,no_profile,,,0,0,
P9aa2c80a45,2000,no_capture_before_draft,,,27,27,
Pd49ad433a6,2000,no_profile,,,0,0,
P1de330dcda,2000,no_capture_before_draft,,,11,11,
Pe7b575da0a,2000,no_capture_before_draft,,,11,11,
Pbcfa5eaec6,2000,no_profile,,,0,0,
P3f83cdea39,2001,ok,kwamebrown,20010625105832,128,127,old
Pc7c312fdc1,2001,ok,tysonchandler,20010624001520,79,78,old
Pff73e1eace,2001,ok,paugasol,20010604074652,89,88,old
Pe88af25410,2001,ok,eddycurry,20010625105604,67,66,old
P854c694553,2001,no_content,jasonrichardson;jason-richardson,,66,61,
P1d7e465328,2001,ok,shanebattier,20010602125206,83,79,old
Peca9b04dbf,2001,ok,eddiegriffin,20010614032132,61,57,old
P0fd2ff4395,2001,no_capture_before_draft,,,11,11,
Pac419c235c,2001,ok,rodneywhite,20010614031749,52,50,old
P704a5fd478,2001,ok,joejohnson,20010614031636,70,66,old
P0d7e76d154,2001,ok,kedrickbrown,20010617105511,50,49,old
P98f905fdef,2001,ok,vladimirradmanovic,20010617093530,51,49,old
Pdcd864f0fb,2001,ok,richardjefferson,20010614031449,53,48,old
P842a2f3c2e,2001,ok,troymurphy,20010602134756,57,52,old
P675a30c147,2001,no_content,stevenhunter,,43,39,
P563df84956,2001,no_content,kirkhaston;kirk-haston,,41,39,
P3a25271b04,2001,ok,michaelbradley,20010602140025,42,39,old
P75d87cd190,2001,ok,jasoncollins,20010602140227,53,50,old
Paf6a9c1c9e,2001,ok,zachrandolph,20010602135926,57,54,old
P2ee25c689c,2001,ok,brendanhaywood,20010410002951,77,72,old
P1bd862cc0f,2001,ok,josephforte,20010614033002,42,40,old
P9650bb1a40,2001,no_content,jerylsasser,,38,34,
Pcba63fe240,2001,no_capture_before_draft,,,8,8,
Pd4900db84d,2001,ok,raullopez,20010617154243,59,57,old
P4da2c7e178,2001,ok,geraldwallace,20001213131400,62,61,old
Pfcc31e3705,2001,ok,samueldalembert,20010602121027,51,46,old
P3ebb78aaf3,2001,ok,jamaaltinsley,20010602135937,43,39,old
P6dc3d3ca5e,2001,no_content,tony-parker-0;tonyparker;tony-parker,,111,109,
P2a8e69fc8a,2001,no_content,trentonhassell,,44,43,
P07655923d4,2001,ok,gilbertarenas,20010602124720,60,57,old
Pc0571f7238,2001,ok,omarcook,20010614024645,41,39,old
Pd3b6bf6d79,2001,no_profile,,,0,0,
Paeace7e70c,2001,ok,terencemorris,20010602133052,37,33,old
P989fbfa539,2001,no_content,brianscalabrine,,47,44,
Pe0dd44e42b,2001,no_content,jefftrepagnier,,48,44,
Pf532d918b8,2001,no_content,damonebrown,,44,42,
Paa277db6ca,2001,no_capture_before_draft,,,32,32,
P3d1a59b5a2,2001,no_content,earlwatson,,45,43,
P002581103b,2001,no_capture_before_draft,,,45,45,
P6d3c0c239e,2001,no_content,bobbysimmons,,52,50,
P5303425662,2001,ok,seanlampley,20010602121831,44,42,old
P0fee52cfc4,2001,ok,lorenwoods,20010602134655,52,44,old
P4f8c953cc8,2001,no_content,antonisfotsis,,46,44,
Pe0f44d3916,2001,ok,kenjohnson,20010602124701,40,34,wordpress
Pc5a3285209,2001,no_content,rubenboumtjeboumtje,,49,47,
P0a2d28a2d0,2001,no_profile,,,0,0,
Pc0e2cf5bcc,2001,no_capture_before_draft,,,12,12,
Pf65d71b77e,2001,no_content,kennysatterfield,,31,26,
P9aa7ef7a41,2001,ok,alvinjones,20010602134606,38,35,old
P666726f41f,2001,no_profile,,,0,0,
Pd1e82d8666,2001,no_capture_before_draft,,,12,12,
P820aca19f1,2001,no_profile,,,0,0,
Pf7459f37f3,2001,no_content,mauriceevans,,27,23,
Pa93cedf1ed,2001,no_profile,,,0,0,
Pbd83a701c7,2001,no_content,charliebell,,26,23,
Pca59ea1b39,2001,no_capture_before_draft,,,6,6,
P2c0a429f79,2001,no_profile,,,0,0,
Pa33e366fdf,2001,no_profile,,,0,0,
P759a9434cf,2001,no_profile,,,0,0,
P8fba680b01,2001,no_profile,,,0,0,
P6d016b475a,2001,no_profile,,,0,0,
P73f5726100,2001,no_capture_before_draft,,,8,8,
P0e7fc05f4f,2001,no_capture_before_draft,,,10,10,
P4caf77098c,2001,no_profile,,,0,0,
Pd06a43915a,2002,ok,yaoming,20011020025447,487,482,old
Pe929ebb536,2002,ok,jaywilliams,20020608002753,47,46,old
P1199724869,2002,ok,mikedunleavy,20020207200456,55,49,old
P979bc77e15,2002,ok,drewgooden,20020608001154,54,47,old
Pc692096d48,2002,no_capture_before_draft,,,12,12,
Pa08cb88c9e,2002,ok,dajuanwagner,20020607235330,49,43,old
P634aaac9d4,2002,no_capture_before_draft,,,11,11,
P3d9db1cda1,2002,ok,chriswilcox,20020407143843,51,45,old
P6031807405,2002,ok,amarestoudemire,20011021153328,53,50,old
P01fc763e95,2002,no_content,caronbutler,,51,45,
P91e42fff83,2002,ok,jaredjeffries,20010803115748,50,46,old
P7662bd9a71,2002,ok,melvinely,20020608012534,54,46,old
Pb7f87f6748,2002,ok,marcushaislip,20020608010537,54,52,old
P540f972282,2002,no_capture_before_draft,,,13,13,
P33f4d69488,2002,ok,bostjannachbar,20020609072811,54,50,old
Pc0e29b5887,2002,no_content,jiriwelsch,,47,43,
P5656ae84e7,2002,ok,juandixon,20020608003844,43,39,old
P792efcc523,2002,ok,curtisborchardt,20020607234705,45,43,old
P59cd2b2d22,2002,no_content,ryanhumphrey,,42,36,
P71d533551f,2002,ok,kareemrush,20020407232543,54,46,old
P4c416f9cab,2002,ok,qyntelwoods,20020608203043,41,38,old
P0459b830f2,2002,ok,caseyjacobsen,20020607232819,48,41,old
Pd2dc1d3e0e,2002,ok,tayshaunprince,20020608210210,77,70,old
P357471422c,2002,no_capture_before_draft,,,41,41,
Pb74259d44e,2002,ok,frankwilliams,20020608002023,48,42,old
P33c766f164,2002,no_content,johnsalmons,,46,43,
Pd4f1d19d77,2002,ok,chrisjefferies,20020407020300,41,38,old
P42dd9e15a4,2002,ok,dandickau,20011214024244,40,39,old
P4cd866005e,2002,no_content,rogermason,,35,32,
Pfdab72198e,2002,no_content,robertarchibald,,34,32,
P70ecb2ee9d,2002,ok,vincentyarbrough,20020408090910,43,37,old
P780ecd00c5,2002,no_content,dangadzuric,,51,46,
P2abf5d1b69,2002,ok,carlosboozer,20020609053415,56,49,old
P7d55637f90,2002,ok,davidandersen,20020607235322,34,33,old
P39c99a28df,2002,no_content,titomaddox,,38,34,
Pe79941522f,2002,no_content,juancarlosnavarro,,48,42,
P5635d18ecc,2002,no_profile,,,0,0,
Pe961cc9c52,2002,no_capture_before_draft,,,11,11,
P47eee57e35,2002,no_content,lonnybaxter,,44,37,
P3514cc9b35,2002,no_content,mattbarnes,,36,31,
P71645345d7,2002,ok,jamalsampson,20020608002901,43,39,old
P021e6add75,2002,no_content,chrisowens,,33,30,
P830efff813,2002,no_capture_before_draft,,,24,24,
Pdacee2a50f,2002,no_content,rasualbutler,,48,43,
P3769bd015c,2002,no_content,tamarslay,,54,46,
P4adcc58a26,2002,ok,luisscola,20020608005917,48,43,old
P648b9117f8,2002,no_content,randyholcomb,,43,36,
Pebd90a92ff,2002,no_profile,,,0,0,
P187b6721ca,2002,no_profile,,,0,0,
P6d9b6a98b1,2002,no_profile,,,0,0,
P85381afe4a,2002,no_profile,,,0,0,
P2ca94b8a14,2002,no_profile,,,0,0,
P3c40dc7411,2002,no_content,jrbremer,,33,32,
Pe932df1062,2002,no_content,predragsavovic,,27,25,
P83519063cc,2002,no_capture_before_draft,,,6,6,
Pfe4a1d82f4,2002,no_capture_before_draft,,,8,8,
P396b44b337,2002,no_capture_before_draft,,,10,10,
Pa3f1da9bab,2002,no_profile,,,0,0,
P98207c2747,2002,no_profile,,,0,0,
Pcf7f47cd26,2002,no_capture_before_draft,,,25,25,
P4b934e1435,2002,no_profile,,,0,0,
Pca9a20b4db,2002,no_capture_before_draft,,,11,11,
Pe09c2486c8,2002,no_content,adamharrington,,35,28,
Pd72acae20f,2002,ok,reggieevans,20020610075730,38,31,old
P797b6b2deb,2002,no_profile,,,0,0,
P06b92eaa32,2002,no_profile,,,0,0,
Pd51bbef7c1,2002,ok,marcustaylor,20020608010839,40,31,old
Pb3ff680bd6,2002,ok,rodgrizzard,20020207203124,31,23,old
Pbc5a0470c9,2003,ok,lebronjames,20030401111138,230,223,old
P014b6ed928,2003,ok,darkomilicic,20030604042050,61,55,old
Pae0e6be256,2003,ok,carmeloanthony,20030207114540,86,79,old
Peab571b95d,2003,ok,chrisbosh,20030604041108,64,55,old
P39c1b5b439,2003,ok,dwyanewade,20030604044712,59,53,old
P01056a0f18,2003,ok,chriskaman,20030604041134,56,52,old
P7feaaeffcb,2003,ok,kirkhinrich,20030604032430,63,57,old
P0efa2b4f7d,2003,no_capture_before_draft,,,26,26,
P3d283763c2,2003,ok,mikesweetney,20030604040707,46,40,old
P9dc8436179,2003,ok,jarvishayes,20030416203227,45,39,old
Pc5cf3e8f14,2003,ok,mickaelpietrus,20030601092211,54,47,old
Pced63c164c,2003,ok,nickcollison,20030416151934,50,37,old
P64b1bc7766,2003,ok,marcusbanks,20030604035136,47,45,old
P3c6c730bf2,2003,ok,lukeridnour,20030604034056,49,45,old
Pace4fe8116,2003,ok,reecegaines,20030604041247,47,36,old
P539180f113,2003,ok,troybell,20030604043031,51,42,old
P5e97ce9bc9,2003,ok,zarkocabarkapa,20030604032227,36,35,old
P37455198a4,2003,ok,davidwest,20030604041530,50,38,old
Pa526a12aa4,2003,no_capture_before_draft,,,13,13,
Pb7edd3ead7,2003,ok,dahntayjones,20030416201519,47,41,old
P38d9dee28f,2003,ok,borisdiaw,20030416195219,52,46,old
P53313a94c2,2003,ok,zoranplaninic,20030608163603,35,32,old
P5e60e1df8d,2003,ok,travisoutlaw,20030604042722,50,41,old
Pc441e97a64,2003,ok,briancook,20030604035705,56,43,old
P6294004747,2003,ok,carlosdelfino,20030604040532,52,45,old
P3dd5c6b05b,2003,no_content,ndudiebi,,42,38,
Pd0fb9bca1b,2003,ok,kendrickperkins,20030604032928,46,38,old
Pd8afdd28b5,2003,ok,leandrobarbosa,20030604034544,45,43,old
P82d1799627,2003,ok,joshhoward,20030604033210,62,53,old
Pf4d331b9a5,2003,ok,maciejlampe,20030417054315,46,40,old
P47846f7398,2003,ok,jasonkapono,20030608164806,61,46,old
P08c56d3590,2003,ok,lukewalton,20030607021039,63,57,old
Pa3bf9b334b,2003,ok,jeromebeasley,20030604043454,39,36,old
P4649b7d232,2003,no_content,travishansen,,33,30,
P62fd3b7dd9,2003,ok,steveblake,20030608170539,45,35,old
P9827437e3d,2003,ok,slavkovranes,20030622203756,40,36,old
Pa2e0858910,2003,no_content,derrickzimmerman,,27,22,
Pe4a1b20238,2003,no_capture_before_draft,,,11,11,
Pa59b169e09,2003,no_capture_before_draft,,,12,12,
P3a913af04c,2003,ok,keithbogans,20030608162908,53,42,old
P624e80554f,2003,ok,mattbonner,20030605105029,37,28,old
P554dd6632a,2003,ok,mauricewilliams,20030416150948,50,41,old
P9f79255649,2003,ok,jameslang,20030604043040,43,39,old
Pce38c03d45,2003,no_content,jamesjones,,36,34,
P3e7075c22e,2003,ok,kylekorver,20030604033654,48,44,old
P1f926eb06b,2003,no_content,brandonhunter,,36,35,
P5895ae6315,2003,no_profile,,,0,0,
Pdbacaefe1b,2003,no_capture_before_draft,,,6,6,
P3b6ec2df2f,2003,no_profile,,,0,0,
Pce9ab1622f,2003,no_profile,,,0,0,
Pb3905915d4,2003,no_capture_before_draft,,,11,11,
Pf436b2be04,2003,no_content,theronsmith,,33,26,
Pd073d30524,2003,no_content,udonishaslem,,39,31,
Ped90afeb58,2003,no_profile,,,0,0,
P7d6aa2dfe0,2003,ok,brittonjohnsen,20030608165216,40,30,old
Pae24459193,2003,no_content,ronalddupree,,27,19,
P05a2123919,2003,no_profile,,,0,0,
Pbd99bc4676,2003,no_capture_before_draft,,,10,10,
P06d8dc5829,2003,no_profile,,,0,0,
P78dd3f3917,2003,no_content,mattcarroll,,23,21,
P769efab0d3,2003,no_capture_before_draft,,,7,7,
P4be402ea04,2003,no_profile,,,0,0,
P3070bdd73b,2003,no_profile,,,0,0,
P85bb3eb8b9,2003,no_content,marquisdaniels,,42,35,
P8bc3dd7f6c,2003,no_content,joshdavis;josh-davis,,31,21,
P26a739545e,2003,no_content,carlenglish,,25,21,
Pc1693478f0,2003,ok,dougwrenn,20030608164519,24,18,old
P18458ff2ec,2003,no_content,erazemlorbek,,44,36,
Paaef13df6e,2003,no_content,jonathanhargett,,19,10,
P33f86fa27f,2003,ok,marioaustin,20030604034811,35,25,old
P78473875c4,2003,ok,mauricewilliams,20030416150948,50,41,old
P42e64d32a8,2003,ok,rickrickert,20030604041336,34,25,old
P2cb7a6fa13,2003,no_content,ronaldblackshear,,23,18,
P2631037f25,2003,no_profile,,,0,0,
P269736d407,2004,ok,dwighthoward,20040624100939,98,81,old
Pfb5ad97400,2004,ok,emekaokafor,20040624101440,92,66,old
Pec20f0f060,2004,ok,bengordon,20040622205233,69,46,old
Pd353deb783,2004,ok,shaunlivingston,20040624152857,78,56,old
P5246294b22,2004,ok,devinharris,20040624093425,54,41,old
P6292223fd6,2004,ok,joshchildress,20040624113549,56,34,old
P8abebd0da5,2004,ok,luoldeng,20040624130040,91,74,old
Pcdb1e8afaa,2004,ok,rafaelaraujo,20040622154958,62,42,old
Pff029e3151,2004,ok,andreiguodala,20040624043516,85,64,old
P977a8945dd,2004,ok,lukejackson,20040624123710,56,38,old
P5c0fad1503,2004,no_content,andrisbiedrins;andris-biedrins,,65,48,
P679159f4f1,2004,ok,robertswift,20040624150125,47,38,old
P6e6444ed0f,2004,ok,sebastiantelfair,20040623105754,71,47,old
Pcca6045f01,2004,ok,krishumphries,20040623223042,49,35,old
P67b7122a99,2004,ok,aljefferson,20040624035319,63,48,old
P44f5111142,2004,no_content,kirksnyder,,57,39,
P25c05d7b38,2004,ok,joshsmith,20040624114521,79,61,old
P0d50e77b95,2004,ok,jrsmith,20040624115701,57,48,old
Pc9a523c1e4,2004,ok,dorellwright,20040624095619,54,48,old
P0b1f22f2d4,2004,ok,jameernelson,20040624110843,60,35,old
P0685226773,2004,no_content,pavelpodkolzin,,4,0,
Pe4a9ff24c9,2004,no_profile,,,0,0,
Pbc9cc4070d,2004,no_profile,,,0,0,
P0ad01302af,2004,ok,delontewest,20040624073051,47,31,old
Pe6c8b117c8,2004,ok,tonyallen,20040624154838,34,25,old
P6547eb6540,2004,no_content,kevinmartin,,58,38,
P1b3889c122,2004,no_profile,,,0,0,
P7aeaf13cc2,2004,ok,benoudrih,20040621203045,45,31,old
P3dd4b68d3d,2004,ok,davidharrison,20040624071332,41,27,old
P079efef655,2004,ok,andersonvarejao,20040624040444,42,26,old
Pc02213b2fe,2004,no_content,jacksonvroman,,48,34,
Pffd0721d82,2004,no_profile,,,0,0,
P984d62c606,2004,no_content,lionelchalmers,,28,24,
Pbc201d669f,2004,ok,dontasmith,20040621233841,29,22,old
P8eebd87e26,2004,ok,andreemmett,20040624041608,50,37,old
Pcc92138fb2,2004,no_content,antonioburks,,38,28,
Paf7b3d5c90,2004,no_profile,,,0,0,
Pb3e080e381,2004,ok,chrisduhon,20040624064716,56,37,old
P8438cd9418,2004,ok,justinreed,20040609164928,59,41,old
P20571734e6,2004,no_content,trevorariza,,43,24,
P46af6c0052,2004,no_content,bernardrobinson,,51,34,
P92a5884e77,2004,no_content,haseung-jin,,66,47,
Pd2c0348ebe,2004,ok,papesow,20040619174650,58,46,old
Pfa91aaf1ef,2004,ok,vassilisspanoulis,20040609235342,42,35,old
Pe4ea2d8948,2004,no_content,mattfreije,,40,30,
Pf2b6b60b16,2004,no_content,luisflores,,47,36,
P379acc01ca,2004,no_profile,,,0,0,
Pc7cce81961,2004,no_profile,,,0,0,
P8176cc6d95,2004,ok,mauricebaker,20040603134749,29,12,old
P7d5e80b812,2004,no_content,quintonross,,13,10,
Pd53814d6fa,2004,no_content,yutatabuse,,9,4,
P6ce52469e7,2004,ok,brandinknight,20040609142425,21,11,old
P35d8517b9d,2004,no_profile,,,0,0,
Pd6e783f74c,2004,ok,horacejenkins,20040603223904,30,12,old
P27d4bedf9b,2004,no_content,tonybobbitt,,33,20,
P51ef89c5e3,2004,no_content,andresnocioni,,21,11,
P391abc2490,2004,no_profile,,,0,0,
P8cdc1bb5f1,2004,no_profile,,,0,0,
P80665441e6,2004,ok,jamesthomas,20040604213958,32,17,old
P2b413e3467,2004,no_profile,,,0,0,
P16796cf3ab,2004,no_profile,,,0,0,
P23c2e6b3e7,2004,ok,andrebarrett,20040615091231,34,16,old
P868c4004ba,2004,no_profile,,,0,0,
P630cc033c0,2004,ok,jackiebutler,20040624104513,43,29,old
P34cc8e28e0,2004,no_profile,,,0,0,
Pddd42c77c5,2004,no_content,jaredreiner,,35,22,
P099a8d0c1c,2005,ok,andrewbogut,20050625011833,125,78,old
P3470a61a00,2005,ok,marvinwilliams,20050626023948,160,109,old
P5afd5b991d,2005,ok,deronwilliams,20050626005844,131,91,old
P5e4491e5c3,2005,ok,chrispaul,20050626001833,182,125,old
Pc047806c80,2005,ok,raymondfelton,20050625004803,97,51,old
Pf804162018,2005,ok,martellwebster,20050627012034,61,39,old
P572a4194e6,2005,ok,charlievillanueva,20050627005522,74,39,old
P42d0d6de9a,2005,ok,channingfrye,20050626000022,88,48,old
Pcb4360a784,2005,ok,ikediogu,20050625033040,62,32,old
Pff47b96114,2005,ok,andrewbynum,20050628012331,54,44,old
P2f15d5867f,2005,no_content,yaroslavkorolev,,36,26,
P8a3b7b6860,2005,ok,seanmay,20050625013646,65,35,old
P9f246cdbe1,2005,ok,rashadmccants,20050621081042,86,44,old
Pf4d4553b6f,2005,no_content,antoinewright,,80,39,
Pc295aab61a,2005,ok,joeygraham,20050627234518,39,26,old
P471bec0288,2005,ok,dannygranger,20050627010632,63,33,old
P81f3558def,2005,ok,geraldgreen,20050627232144,86,48,old
Pdd972253d5,2005,ok,hakimwarrick,20050625030632,76,36,old
P959d20dcac,2005,ok,juliushodge,20050626013035,68,39,old
P9cbbbfe0cc,2005,ok,naterobinson,20050612020216,45,28,old
Pa4dad52ff4,2005,ok,jarrettjack,20050624233454,59,29,old
P311b5f6b41,2005,ok,franciscogarcia,20050625022713,58,27,old
P6f59c256f3,2005,ok,lutherhead,20050626014704,46,36,old
P5ea12f1777,2005,ok,johanpetro,20050624235256,67,25,old
P17786d3599,2005,no_content,jasonmaxiell,,56,35,
Pd11ab06c36,2005,no_profile,,,0,0,
P3e3a854ff5,2005,ok,ianmahinmi,20050416011047,48,45,old
P8c537f5a4d,2005,ok,waynesimien,20050623024814,84,42,old
Pe68742d859,2005,ok,davidlee,20050614000720,69,38,old
P13a7a5112c,2005,ok,salimstoudamire,20050616030857,50,25,old
Pdb057d444b,2005,ok,danielewing,20050601000145,29,24,old
P690d8b352a,2005,ok,brandonbass,20050628014132,49,23,old
P19de9513b3,2005,ok,cjmiles,20050624002742,47,36,old
Pc6a39f466a,2005,ok,ersanilyasova,20050623010929,35,24,old
Pd382320a3c,2005,no_content,ronnyturiaf,,60,29,
Peb2d46202e,2005,no_content,travisdiener,,31,25,
P83f985b4bd,2005,no_profile,,,0,0,
P74b9613d69,2005,ok,montaellis,20050616023044,50,37,old
Pce1d0d3699,2005,no_profile,,,0,0,
P01bc9a886e,2005,ok,christaft,20050626003835,87,29,old
P6b0e9b0b2a,2005,ok,mileilic,20050626025632,33,20,old
P11475d8eed,2005,ok,martynasandriuskevicius,20050626022235,89,32,old
Pf72d9be4b9,2005,no_profile,,,0,0,
P43e7adb565,2005,no_content,braceywright,,45,19,
Pdacd6ab94d,2005,no_profile,,,0,0,
P63a21fbef6,2005,ok,andrayblatche,20050625010130,60,36,old
P74b71b0d31,2005,no_content,ryangomes,,45,26,
P83f12f36b1,2005,no_content,robertwhaley,,42,24,
P1378011126,2005,no_profile,,,0,0,
P2b78092e41,2005,ok,dijonthompson,20050612012304,61,27,old
Pbb4d6101de,2005,no_content,lawrenceroberts,,45,23,
P1dfb3826fd,2005,no_content,amirjohnson,,38,29,
P38dadf836a,2005,no_content,marcingortat,,25,19,
P0820723beb,2005,no_content,urosslokar,,49,22,
Pb5af3844f5,2005,no_content,alexacker,,21,19,
P927dcf71a8,2005,no_profile,,,0,0,
Pf4d757d073,2005,no_content,arvydasmacijauskas,,11,3,
P5840594df8,2005,no_profile,,,0,0,
P5b1d935a26,2005,no_content,donelltaylor,,17,13,
Pc067530e3e,2005,ok,shavlikrandolph,20050405005425,42,15,old
P21b2b49a34,2005,no_content,denggai,,41,14,
Pb87f242f46,2005,no_content,rawlemarshall,,10,7,
Pd650e439a2,2005,ok,alananderson,20050610000711,48,16,old
P5104e01e75,2005,no_content,eddiebasden,,11,8,
P32b8c3a5cb,2005,no_profile,,,0,0,
Pbe0a02c2fd,2005,ok,mattwalsh,20050405203631,41,15,old
Pa68189cdce,2005,ok,anthonyroberson,20050405164817,40,16,old
Pef98a54ad0,2005,no_content,lukeschenscher,,16,9,
P3928bad8a7,2005,ok,willbynum,20050406060606,37,11,old
Pb945050559,2005,no_content,dwaynejones,,15,13,
Pf0c178cb1c,2005,no_profile,,,0,0,
P7f2c8eb929,2005,no_profile,,,0,0,
Pd7ea309dee,2005,no_profile,,,0,0,
P16dd82b034,2005,no_profile,,,0,0,
Pc1044ed1f5,2005,no_content,sharrodford,,36,17,
P403a83bdf0,2005,no_content,aaronmiles,,38,11,
Pdf59a363f3,2005,no_profile,,,0,0,
P1259ebdf13,2005,no_profile,,,0,0,
P55b27de869,2005,no_capture_before_draft,,,1,1,
Pa09c3091c5,2005,no_content,andreowens,,3,0,
P0a4d4ad000,2005,no_profile,,,0,0,
Pf7c6d819f2,2005,no_profile,,,0,0,
P023105521e,2005,no_content,joshpowell,,14,3,
P063b0ea350,2005,no_profile,,,0,0,
P4abddfb1a4,2005,ok,earlbarron,20050404231711,29,14,old
P0ad0c7ed95,2005,no_profile,,,0,0,
P26b57d2aae,2005,no_content,sarunasjasikevicius,,11,5,
Pbd8640195d,2005,no_profile,,,0,0,
Pf1999192da,2005,no_content,chuckhayes,,30,11,
P3914f363fb,2005,no_content,dejiakindele,,8,7,
P8b388e1924,2005,ok,johngilchrist,20050612014844,51,18,old
P6c71d953b6,2005,ok,kennedywinston,20050622050949,49,26,old
Pf747d30e9b,2005,no_content,olufamutimi,,26,8,
Pc378586c43,2005,ok,pierrepierce,20050407161926,39,15,old
P485a20a47a,2005,ok,seanbanks,20050610003019,29,10,old
Pff1fab2e32,2006,ok,andreabargnani,20060615211714,209,139,old
P27f732ca1a,2006,ok,lamarcusaldridge,20060612224017,193,129,old
P49164b4255,2006,ok,adammorrison,20060615211435,220,144,old
Pd31d743729,2006,ok,tyrusthomas,20060615211411,173,124,old
P91b09695de,2006,ok,sheldenwilliams,20060612223939,178,102,old
Pa1953f4a95,2006,ok,brandonroy,20060615211225,184,134,old
Pf919ba1bb3,2006,ok,randyfoye,20060615211213,135,105,old
P4634e39421,2006,ok,rudygay,20060615210344,219,139,old
P4b8155700b,2006,ok,patrickobryant,20060615211750,126,95,old
P05061c84a0,2006,ok,mouhamedsene,20060615211523,28,7,old
P14d000eef5,2006,ok,jjredick,20060615210456,191,107,old
P4dc7399d2c,2006,ok,hiltonarmstrong,20060615211828,88,59,old
P40fd812f54,2006,ok,thabosefolosha,20060615211816,143,103,old
P058ee51b71,2006,ok,ronniebrewer,20060615211547,123,70,old
P54e5c21a96,2006,ok,cedricsimmons,20060615211626,86,66,old
P78afb3722d,2006,ok,rodneycarney,20060615211536,151,104,old
Pd47bfc21b1,2006,ok,shawnewilliams,20060615211803,102,75,old
Pe056071397,2006,ok,oleksiypecherov,20060612223913,117,97,old
Pe5c2b5692d,2006,ok,quincydouby,20060615211400,89,76,old
P74ff916074,2006,ok,renaldobalkman,20060615022413,60,58,old
P8b41334856,2006,ok,rajonrondo,20060615211259,178,128,old
P924fa678bb,2006,no_profile,,,0,0,
P842513fba1,2006,ok,joshboone,20060615211148,118,79,old
P574724b2cd,2006,ok,kylelowry,20060615022254,118,100,old
P570dcb4282,2006,ok,shannonbrown,20060615211559,110,73,old
P6f3dd59527,2006,ok,jordanfarmar,20060615211459,114,86,old
P20a1183fcf,2006,ok,sergiorodriguez,20060615214712,89,61,old
Pdb7c6b10a9,2006,ok,mauriceager,20060615211347,106,62,old
P1bf2734620,2006,ok,mardycollins,20060615211511,86,53,old
Pb01091942c,2006,ok,joelfreeland,20060614001949,69,68,old
P51a666d7f5,2006,ok,jameswhite,20060623201707,147,89,old
P7781579610,2006,ok,stevenovak,20060615211311,108,93,old
Pad940d555c,2006,ok,solomonjones,20060614002032,69,66,old
Pce8689cb8f,2006,ok,pauldavis,20060615211201,103,54,old
P641f1ca8a3,2006,ok,pjtucker,20060615210519,97,80,old
P82e987418b,2006,ok,craigsmith,20060615214557,99,65,old
Pe4baee43bf,2006,ok,bobbyjones,20060613215858,65,48,old
Pa760c9001c,2006,ok,kostaperovic,20060614103108,69,40,old
P6565076e45,2006,no_content,david-noel;davidnoel,,44,42,
P2650c293bf,2006,ok,jamesaugustine,20060616033433,68,59,old
P9a20aba619,2006,ok,danielgibson,20060615211447,122,73,old
Peed487fb04,2006,no_capture_before_draft,,,41,41,
Pa24efaf8fd,2006,ok,alexanderjohnson,20060613170510,76,54,old
P156589bd1a,2006,ok,deebrown,20060615210443,118,71,old
P117ae491b1,2006,ok,paulmillsap,20060616001627,71,42,old
Pec84345bbc,2006,ok,leonpowe,20060615210508,118,80,old
P4bb660105c,2006,ok,ryanhollins,20060612223118,76,61,old
P09caf918fb,2006,no_capture_before_draft,,,2,2,
P20979c9b9c,2006,ok,guillermodiaz,20060615211650,104,57,old
Pac436e0a75,2006,ok,hassanadams,20060615211335,120,63,old
Pc858ff68e6,2006,ok,damirmarkota,20060616110509,50,35,old
P552922b6fa,2006,ok,willblalock,20060615211423,52,47,old
Pb8998ddf4a,2006,no_content,willconroy,,4,3,
P7363f8a8b4,2006,no_profile,,,0,0,
P6f687d1dcc,2006,ok,kelennaazubuike,20060626012448,39,6,old
P633e796e6a,2006,no_capture_before_draft,,,3,3,
Pf037b649bc,2006,no_capture_before_draft,,,3,3,
P5551ba72f6,2006,ok,louisamundson,20060615211702,27,17,old
Pcbdc976fea,2006,no_capture_before_draft,,,10,10,
P40d4a587d5,2006,no_profile,,,0,0,
Pd1e1adb03d,2006,ok,justinwilliams,20060615022216,29,10,old
P3bad279cb0,2006,no_content,yakhoubadiawara,,2,0,
P4c433fbf72,2006,ok,popsmensahbonsu,20060614002508,41,20,old
P09e349620c,2006,no_content,roberthite,,5,3,
P2611750e05,2006,no_content,ivanmcfarlin,,2,0,
Pa0908fe6ff,2006,no_content,walterherrmann,,13,0,
Pe77ed0b343,2006,no_content,mikehall,,26,4,
Pb87d740adf,2006,no_profile,,,0,0,
P3765a7e186,2006,no_content,chrismccray,,10,6,
P2815fbec81,2006,no_content,cedricbozeman,,34,8,
Pe047befac5,2006,ok,stevensmith,20060614001752,18,7,old
P5fde6f13a3,2006,no_profile,,,0,0,
P05a3993fb1,2006,no_profile,,,0,0,
Pd12b8cef29,2006,no_content,randolphmorris,,50,8,
P85ac223123,2006,ok,lynngreer,20060615162609,37,19,old
P15657a7054,2006,ok,andrebrown,20060614164431,39,5,old
P8be75213cc,2006,no_profile,,,0,0,
P9ba3c3f8a6,2006,no_content,desmonfarmer,,21,9,
Pbdc6b072d0,2006,ok,curtisstinson,20060614002138,17,10,old
P87e51fede0,2006,ok,marcusslaughter,20060614002454,22,11,old
P2224af8be2,2007,ok,gregoden,20070624050219,277,159,asp
P5713a8b541,2007,ok,kevindurant,20070525131203,222,159,asp
Pba0c961d37,2007,ok,alhorford,20070624050659,186,125,asp
Pbcd324b348,2007,ok,mikeconley,20070618160459,147,131,asp
Pea4d2012e7,2007,ok,jeffgreen,20070619055127,179,127,asp
P23d9f5804f,2007,ok,yijianlian,20070623162132,235,122,asp
P4a79922b86,2007,ok,coreybrewer,20070621071001,159,102,asp
Pd35ff5934d,2007,ok,brandanwright,20070615033815,180,128,asp
Pad16010a79,2007,ok,joakimnoah,20070621001116,190,115,asp
P12dc2a4dac,2007,ok,spencerhawes,20070601201147,117,79,asp
P49b077589e,2007,ok,acielaw,20070613180708,129,90,asp
P8bc7e2260e,2007,ok,thaddeusyoung,20070506084505,147,103,asp
P25a045baff,2007,ok,julianwright,20070607004247,150,81,asp
Pd84423f7e2,2007,ok,althornton,20070605220218,136,90,asp
P243742fc34,2007,ok,rodneystuckey,20070608025455,117,87,asp
Pdd125f24cc,2007,ok,nickyoung,20070605220355,146,89,asp
P61624e71c6,2007,ok,seanwilliams,20070607004158,105,78,asp
Pc544b8efa0,2007,ok,marcobelinelli,20070605220318,173,122,asp
P2f5200d27c,2007,ok,javariscrittenton,20070624050649,104,85,old
Pd6f3aa739f,2007,ok,jasonsmith,20070609091727,112,73,asp
Pb70d7d0b57,2007,ok,daequancook,20070625004733,98,68,asp
P41fad117db,2007,ok,jareddudley,20070509143459,80,69,asp
P473b24f6eb,2007,ok,wilsonchandler,20070601201305,82,79,asp
P42adf8ab25,2007,ok,rudyfernandez,20070624102141,165,93,asp
Pd9ad951135,2007,ok,morrisalmond,20070509140310,90,55,asp
P168e9ad8d4,2007,ok,aaronbrooks,20070509142415,129,89,asp
P1311f2955b,2007,ok,arronafflalo,20070608025229,101,75,asp
P6950e00d3b,2007,ok,tiagosplitter,20070626035308,189,88,old
P6a22b03d03,2007,ok,alandotucker,20070509143027,117,63,asp
P56d107e80a,2007,ok,carllandry,20070509224352,78,75,asp
P971be31864,2007,ok,gabepruitt,20070618025155,66,55,asp
P40c501f5d6,2007,no_profile,,,0,0,
P7703cc27be,2007,ok,nickfazekas,20070509144137,124,73,asp
P6525188e53,2007,ok,glendavis,20070609123930,112,81,asp
Pf6d18cb839,2007,ok,jermareodavidson,20070509143621,89,55,asp
P67d2056db6,2007,ok,joshmcroberts,20070608025125,195,104,asp
P8e68185705,2007,ok,kyrylofesenko,20070624051202,67,65,asp
P1a6f58deb5,2007,no_profile,,,0,0,
Pb380360b47,2007,no_content,chris-richard;chrisrichard,,57,49,
Pcd53db286a,2007,ok,derrickbyars,20070607133334,67,50,asp
Pcfbeb8a341,2007,ok,stephanelasme,20070509143216,57,52,asp
P0f110bb83f,2007,ok,dominicmcguire,20070509143105,66,57,asp
P93e1b535ab,2007,ok,marcgasol,20070509142915,135,123,asp
Pd1415c96b7,2007,ok,aarongray,20070609123412,151,104,asp
Peefc30f89c,2007,ok,jamesoncurry,20070529001921,85,74,asp
Pf5e2b9f7f1,2007,ok,taureangreen,20070509224307,64,58,asp
Pac5bd0e496,2007,ok,demetrisnichols,20070509143724,116,83,asp
Pcb5c1e8ac6,2007,ok,herberthill,20070509144410,62,50,asp
P544e2d56ac,2007,ok,ramonsessions,20070509141626,69,55,asp
Pa610141ccc,2007,ok,djstrawberry,20070613180742,84,67,asp
P1605b30cec,2007,no_content,keithlangford,,35,2,
Pc86b9a08db,2007,no_profile,,,0,0,
P49a2cdbcb5,2007,ok,dariuswashington,20070624051234,55,15,asp
Pd5893ad4c2,2007,no_profile,,,0,0,
P71e6d4319f,2007,no_profile,,,0,0,
P586a0d2a81,2007,no_profile,,,0,0,
P02f9f17423,2007,ok,cobykarl,20070608101605,16,15,asp
P9bd8ef5672,2007,ok,darrylwatkins,20070624050941,70,19,asp
P801bf131e6,2007,ok,cjwatson,20061214210705,10,2,old
Pd175d5631f,2007,no_content,courtneysims;courtney-sims,,45,17,
Pc47bd1a1ea,2007,no_profile,,,0,0,
Pa5107e2b9c,2007,ok,thomasgardner,20070418060402,19,6,old
Pda7f31dba8,2007,no_profile,,,0,0,
P5c6144028a,2007,no_profile,,,0,0,
Pf75a340b58,2007,ok,shagarialleyne,20070609091748,68,27,asp
P2d45174d7f,2008,ok,derrickrose,20080624035443,246,142,asp
P722aa856f7,2008,ok,michaelbeasley,20080516225454,212,124,asp
P552ea773e2,2008,ok,ojmayo,20080509065602,220,122,asp
P67ee7c4408,2008,ok,russellwestbrook,20080621094934,154,128,asp
Pdfe2a49906,2008,ok,kevinlove,20080625031246,158,112,asp
Peda84f3898,2008,ok,danilogallinari,20080621094924,149,93,asp
Pd43d378f42,2008,ok,ericgordon,20080516095942,164,100,asp
P2e38e474e2,2008,ok,joealexander,20080625031241,111,91,asp
P376f10f64c,2008,ok,djaugustin,20080621210112,115,84,asp
Pab86c7dfaf,2008,ok,brooklopez,20080625031226,135,85,asp
P5f07dfebd6,2008,ok,jerrydbayless,20080516074731,131,78,asp
P4e0fbd7a78,2008,ok,jasonthompson,20080624034423,92,71,asp
Pf1e6555cfc,2008,ok,brandonrush,20080622100032,114,46,asp
P7c81e9aca5,2008,ok,anthonyrandolph,20080624035415,113,89,asp
P7e5e28e6b3,2008,ok,robinlopez,20080621210123,117,82,asp
Pdb3f441dab,2008,ok,marreesespeights,20080622022049,58,37,asp
P4afc5fb3f7,2008,ok,royhibbert,20080622022116,161,68,asp
Pfcb4575061,2008,ok,javalemcgee,20080622022044,109,87,asp
Pffe825f9b7,2008,ok,jjhickson,20080624034827,45,30,asp
P3d1eff1bca,2008,ok,alexisajinca,20080626030600,141,83,asp
P969f2b1c13,2008,ok,ryananderson,20080616053018,79,65,asp
Pd19bde5a19,2008,ok,courtneylee,20080626030610,88,76,asp
Pc3a5f10000,2008,ok,kostakoufos,20080624034842,104,69,asp
P0157d20b94,2008,ok,sergeibaka,20080616052752,109,90,asp
Pda7ff44e77,2008,ok,nicolasbatum,20080625101545,122,56,asp
P0e7908a570,2008,ok,georgehill,20080616055228,61,58,asp
P4b0ccf34e0,2008,ok,darrellarthur,20080621170054,89,42,asp
Pab534e249b,2008,ok,dontegreene,20080622022039,74,31,asp
P9f5758481a,2008,ok,djwhite,20080616034136,77,25,asp
P41bc73e83b,2008,ok,jrgiddens,20080616034216,126,49,asp
Pe67238da8c,2008,ok,nikolapekovic,20080624035543,94,71,asp
Pbbde966f1e,2008,ok,waltersharpe,20080616053622,58,53,asp
Pad8df3794d,2008,ok,joeydorsey,20080621210117,65,38,asp
P51f87bc5f4,2008,ok,mariochalmers,20080624035154,105,66,asp
P7c1c1e7eac,2008,ok,deandrejordan,20080621094929,120,73,asp
P246009ab63,2008,ok,omerasik,20080625031301,107,88,asp
P486b5c76fa,2008,no_capture_before_draft,,,22,22,
P82dd1ca59f,2008,ok,kyleweaver,20080616032151,58,35,asp
P8482acfde2,2008,ok,sonnyweems,20080616054125,49,32,asp
P2fe87c73a6,2008,ok,chrisdouglas-roberts,20080622022031,54,20,asp
P6dfb5df5c6,2008,ok,nathanjawai,20080624035200,46,33,asp
P1ca581fef0,2008,ok,seansingletary,20080624034934,67,30,asp
Pc9371b494a,2008,no_capture_before_draft,,,51,51,
P4b06d66b80,2008,ok,gorandragic,20080616052344,98,64,asp
Pf14243ec5e,2008,ok,billwalker,20080624035054,86,54,asp
P79f9e777a1,2008,ok,malikhairston,20080616054115,88,49,asp
P951f092ec6,2008,ok,darnelljackson,20080616054554,39,29,asp
Pb047bb4747,2008,ok,miketaylor,20080625031256,69,65,asp
P28594efa12,2008,ok,sashakaun,20080616032952,37,21,asp
P2bc925c307,2008,ok,joecrawford,20080616054103,47,30,asp
P94bbcbe8b9,2008,ok,semiherden,20080616033749,99,65,asp
P267f5baf8e,2008,ok,sunyue,20080619053458,140,84,old
P103e95dd1f,2008,ok,jawadwilliams,20080514194016,43,0,old
Pc90f94ed67,2008,no_profile,,,0,0,
Pc9bef9c2e0,2008,ok,treyjohnson,20080621005705,37,24,asp
Pbbe7c2361f,2008,ok,anthonymorrow,20080619230334,36,26,asp
P2528efc939,2008,ok,bobbybrown,20080607015444,41,10,asp
Pc06b79b843,2008,ok,othellohunter,20080616054416,33,20,asp
P8ff779ec76,2008,ok,stevenhill,20080619230345,23,13,asp
Pb7bd8922eb,2008,no_profile,,,0,0,
Pfa9e39fc67,2008,no_profile,,,0,0,
Pb00deeb55d,2008,ok,demarcusnelson,20080625031231,88,38,asp
P6e6a2db0d6,2008,ok,cartiermartin,20080611160533,41,21,asp
P3b02df9dfc,2008,no_profile,,,0,0,
P4b40cf78ae,2008,ok,davonjefferson,20080626030615,100,53,asp
P16bd14d8e6,2008,ok,jamontgordon,20080616032445,45,21,asp
P5c990faeef,2008,no_profile,,,0,0,
Pd2241d6e4b,2008,ok,richardhendrix,20080624034913,100,68,asp
Pb36450dd54,2008,ok,shawnjames,20080624035553,41,35,asp
Pb48635a7c4,2008,ok,trentplaisted,20080616051220,51,31,asp
P146ec7320a,2009,ok,blake-griffin,20090528153649,199,132,drupal
P26f8dd510c,2009,ok,hasheem-thabeet,20090528072135,211,125,drupal
P2acc089d0e,2009,ok,james-harden,20090528070438,169,122,drupal
Pe2d0a4cddd,2009,ok,tyreke-evans,20090528152817,136,104,drupal
P22c8154970,2009,ok,ricky-rubio,20090528173730,195,127,drupal
P1738f63a26,2009,ok,jonny-flynn,20090523031427,139,116,drupal
P7b8c6b66e0,2009,ok,stephen-curry,20090531035420,195,160,drupal
P3391f209f3,2009,ok,jordan-hill,20090624104348,147,103,drupal
Pad8e6fd6b0,2009,ok,demar-derozan,20090531153728,153,99,drupal
P52f9046b71,2009,ok,brandon-jennings,20090622043724,163,110,drupal
P4417860ddd,2009,ok,terrence-williams,20090522015540,120,83,drupal
Pef77516e2b,2009,ok,gerald-henderson,20090523031422,158,90,drupal
P4c4f563b8c,2009,ok,tyler-hansbrough,20090620060731,193,87,drupal
Pc430805a15,2009,ok,earl-clark,20090528072058,180,90,drupal
P7ef2b1cf05,2009,ok,austin-daye,20090622055913,145,76,drupal
P60425a0c89,2009,ok,james-johnson,20090531165557,134,112,drupal
Pab257f8a15,2009,ok,jrue-holiday,20090612114728,156,94,drupal
P20418f8d52,2009,ok,ty-lawson,20090622052733,123,81,drupal
P0086aec335,2009,ok,jeff-teague,20090531135511,142,87,drupal
Pe79f6d1bdb,2009,ok,eric-maynor,20090621204754,116,78,drupal
P8afd917a6c,2009,ok,darren-collison,20090624135855,140,94,drupal
P2d06a24aee,2009,ok,victor-claver,20090518185242,104,65,drupal
P7d7c4d5568,2009,ok,omri-casspi,20090531154224,126,93,drupal
Pcb72b419f2,2009,ok,bj-mullens,20090612114447,141,89,drupal
P57a6e7dc53,2009,ok,rodrigue-beaubois,20090620085729,132,93,drupal
P38fd19ed26,2009,ok,taj-gibson,20090423112024,109,72,drupal
P117b8ca478,2009,ok,demarre-carroll,20090502024952,72,61,drupal
P6fd4123c4d,2009,ok,wayne-ellington,20090531123508,133,79,drupal
Pc99e2f6730,2009,ok,toney-douglas,20090620093101,76,64,drupal
P2805efe438,2009,ok,christian-eyenga,20090620080510,49,46,drupal
P4f7ec9f72f,2009,ok,jeff-pendergraph,20090523013811,103,59,drupal
P57802757ed,2009,ok,jermaine-taylor,20090622060900,73,60,drupal
P3326a2a68b,2009,ok,dante-cunningham,20090623120819,71,66,drupal
P977d8b209e,2009,ok,dajuan-summers,20090621204820,101,65,drupal
Pc643573699,2009,ok,sam-young,20090505173928,91,61,drupal
P5e4e4a8cf1,2009,ok,dejuan-blair,20090531162332,103,80,drupal
P16997d7184,2009,ok,jon-brockman,20090531040145,91,58,drupal
P8514f39741,2009,ok,jonas-jerebko,20090525231531,91,68,drupal
Pe7ad570728,2009,ok,derrick-brown,20090622060849,93,74,drupal
Pa0dded8876,2009,ok,jodie-meeks,20090521194210,78,68,drupal
P917b0d4d70,2009,ok,patrick-beverly,20090513011029,107,71,drupal
P56bb4beeed,2009,ok,marcus-thornton,20090624134033,104,85,drupal
P922c03ccad,2009,ok,chase-budinger,20090623154248,174,86,drupal
Pb58f931dd3,2009,ok,nick-calathes,20090523024244,131,74,drupal
P456fdc6328,2009,ok,danny-green,20090528163601,84,62,drupal
P5500e23cae,2009,ok,taylor-griffin,20090324041117,64,62,drupal
P322900af3b,2009,ok,aj-price,20090523023754,110,51,drupal
Pfd96fb33e5,2009,ok,nando-de-colo,20090521194228,92,57,drupal
P597d181897,2009,ok,robert-vaden,20090622035252,70,34,drupal
P1015da4297,2009,ok,patrick-mills,20090624134045,106,76,drupal
P4b1ba6339f,2009,ok,lester-hudson,20090503101859,83,47,drupal
P9378e87d91,2009,no_profile,,,0,0,
Pa5aab1aab8,2009,no_profile,,,0,0,
P6aab967db9,2009,no_profile,,,0,0,
Pf31133cc3c,2009,no_profile,,,0,0,
Pfc3cc92a5c,2009,no_profile,,,0,0,
P6f23e4dd26,2009,ok,marcus-landry,20090530082540,17,14,drupal
P37b821fb18,2009,ok,alonzo-gee,20090523004502,70,38,drupal
P6d59a1d0fb,2009,ok,reggie-williams,20090503101909,42,33,drupal
P2d536d911b,2009,ok,cedric-jackson,20090531040917,11,9,drupal
P1a8bbe3efe,2009,no_profile,,,0,0,
Peb1d9a0135,2009,ok,antonio-anderson,20090327105125,40,15,drupal
P4b68bd7095,2009,ok,wesley-matthews,20090529020239,91,78,drupal
P8d411cb20c,2009,ok,brandon-costner,20090529050936,40,14,drupal
P0846fd837c,2009,ok,chinemelu-elonu,20090520012240,43,39,drupal
P74435b1e45,2009,ok,daniel-hackett,20090324090120,29,13,drupal
Pfe669c03c3,2009,ok,dar-tucker,20090422174647,22,13,drupal
Pdd4e0d785b,2009,no_profile,,,0,0,
P7d184fd756,2009,ok,eric-devendorf,20090623131336,37,11,drupal
Pcd4698d422,2009,ok,paul-harris,20090327015028,57,18,drupal
Pb5a94c877c,2009,no_capture_before_draft,,,5,5,
Pd01ecb3669,2010,ok,john-wall,20100620020131,209,149,drupal
Ped95bfcd7e,2010,ok,evan-turner,20100622103259,150,114,drupal
Pcc98298533,2010,ok,derrick-favors,20100623043042,207,112,drupal
Peb88f22502,2010,ok,wesley-johnson,20100620023428,121,98,drupal
Pb3be83363c,2010,ok,demarcus-cousins,20100620024218,167,119,drupal
P97ae54051b,2010,ok,ekpe-udoh,20100620081049,122,101,drupal
Pc58bcc8049,2010,ok,greg-monroe,20100622034351,186,107,drupal
P297adbbd5f,2010,ok,al-farouq-aminu,20100620021326,146,92,drupal
P1402e898dc,2010,ok,gordon-hayward,20100620033547,127,113,drupal
P7f86ce09cc,2010,ok,paul-george,20100620034422,143,119,drupal
P7e584efe40,2010,ok,cole-aldrich,20100624093457,165,116,drupal
P10d0b75bed,2010,ok,xavier-henry,20100620014509,176,102,drupal
P8fac339738,2010,ok,ed-davis,20100622035243,129,95,drupal
P3f25ee2633,2010,ok,patrick-patterson,20100620033146,186,99,drupal
P502aba077e,2010,ok,larry-sanders,20100620080409,106,82,drupal
P6f36cd1fed,2010,ok,luke-babbitt,20100620034039,133,100,drupal
P440f6cc00f,2010,ok,kevin-seraphin,20100620020320,95,82,drupal
P0d0da4d2bc,2010,ok,eric-bledsoe,20100620075944,115,103,drupal
P871b04878c,2010,ok,avery-bradley,20100620022457,132,101,drupal
Pb46ac34cd7,2010,ok,james-anderson,20100620080618,139,81,drupal
P54e531f2ec,2010,ok,craig-brackins,20100620025755,77,57,drupal
Pd646388a2b,2010,ok,elliot-williams,20100620075158,89,68,drupal
P780225999f,2010,ok,trevor-booker,20100620060234,127,81,drupal
P38bff88a77,2010,ok,damion-james,20100620072926,164,83,drupal
Pa56ca2c36c,2010,ok,dominique-jones,20100620080752,79,59,drupal
Pdc16ca4e2e,2010,ok,quincy-pondexter,20100620064510,123,62,drupal
P2c1e066057,2010,ok,jordan-crawford,20100620074435,100,87,drupal
P4793f789c0,2010,ok,greivis-vasquez,20100624093959,135,93,drupal
P4d2f3d5dbd,2010,ok,daniel-orton,20100620075730,148,96,drupal
P7072c546bd,2010,ok,lazar-hayward,20100620015531,90,66,drupal
Pabb4255b19,2010,ok,tibor-pleiss,20100620080151,92,78,drupal
P581e368d46,2010,ok,dexter-pittman,20100620072842,76,52,drupal
P830611c613,2010,ok,hassan-whiteside,20100620075018,123,107,drupal
P815e63680a,2010,ok,armon-johnson,20100620081400,91,81,drupal
Pe97fa79993,2010,ok,nemanja-bjelica,20100620081011,79,66,drupal
P24b8a1c556,2010,ok,terrico-white,20100620023555,107,95,drupal
P96ac6f0cd3,2010,ok,darington-hobson,20100622103237,47,43,drupal
P7a82e40751,2010,ok,andy-rautins,20100620071358,65,59,drupal
P27a3420564,2010,ok,landry-fields,20100620060942,83,79,drupal
P0aa146e53e,2010,ok,lance-stephenson,20100620080704,152,92,drupal
Pe03992058c,2010,ok,jarvis-varnado,20100623044143,91,62,drupal
Pbd2eb786d3,2010,ok,dasean-butler,20100107012926,25,15,drupal
P966e81614a,2010,ok,devin-ebanks,20100620075836,139,77,drupal
P433bbb1ab7,2010,ok,jerome-jordan,20100620062638,122,73,drupal
Pe82bc0553e,2010,ok,gani-lawal,20100623043048,104,56,drupal
P3d55371834,2010,ok,solomon-alabi,20100620080513,84,51,drupal
P3daa0c9125,2010,ok,magnum-rolle,20100620072758,60,42,drupal
Pc62b6f4e46,2010,ok,luke-harangody,20100620061440,106,83,drupal
P989e9714fc,2010,ok,pape-sy,20100616211052,38,36,drupal
Pec2bc35d4f,2010,ok,willie-warren,20100620074521,90,56,drupal
Pbbec177bac,2010,no_capture_before_draft,,,73,73,
Pe6ceea2b5e,2010,ok,hamady-ndiaye,20100620060106,93,39,drupal
P544c115a68,2010,no_capture_before_draft,,,32,32,
P6ff85cb7e1,2010,ok,derrick-caracter,20100620074201,105,63,drupal
P29710a392c,2010,no_profile,,,0,0,
P220e9380db,2010,ok,mustafa-shakur,20100104090036,103,26,drupal
P13adb32b1d,2010,ok,gary-forbes,20100201175653,89,26,drupal
Pdb8fb82c3b,2010,ok,garret-siler,20100114131540,46,38,drupal
Pba6ba7bcf4,2010,no_profile,,,0,0,
Pad180fa2f7,2010,ok,zabian-dowdell,20090505230102,37,31,drupal
P19913201dd,2010,ok,ben-uzoh,20100620060836,18,15,drupal
P76dbb66d26,2010,ok,timofey-mozgov,20090403013942,47,40,drupal
Pb486223088,2010,no_capture_before_draft,,,36,36,
P4570803785,2010,ok,sherron-collins,20100620061956,84,44,drupal
P11d27a665c,2010,ok,samardo-samuels,20100620074827,83,44,drupal
P467d53ba82,2010,no_profile,,,0,0,
Pebc69ca1f1,2010,ok,jeff-adrien,20100128111841,77,40,drupal
Pcdba4ddbae,2010,ok,marcus-cousin,20100128053044,15,9,drupal
P9c4bb7f4c2,2010,ok,manny-harris,20100620074618,87,53,drupal
P06e60a886f,2010,ok,chrisjohnson,20081022161459,20,0,asp
P29b17f6d68,2010,ok,jeremy-lin,20100623044153,91,84,drupal
Pc9579c50f4,2010,ok,armon-bassett,20100620115136,9,6,drupal
Pc781d37e72,2010,ok,charles-garcia,20100620075621,46,40,drupal
P64a7a54879,2010,no_profile,,,0,0,
P8030960284,2010,ok,jahmar-young,20100620091318,41,32,drupal
P809c73ddd0,2010,ok,mac-koshwal,20100620025318,53,31,drupal
P0b3e754c0e,2010,ok,sylven-landesberg,20100620081238,27,17,drupal
Pdcb8ac9b93,2010,ok,tiny-gallon,20100620025625,71,69,drupal
Pbd387aad50,2010,ok,tommy-mason-griffin,20100620080902,44,32,drupal
P575f19a655,2011,ok,kyrie-irving,20110622211313,192,143,drupal
Pb035a35ee9,2011,ok,derrick-williams,20110619152052,171,134,drupal
P5969d3ea2a,2011,ok,enes-kanter,20110616222642,186,124,drupal
Pc8dae45369,2011,ok,tristan-thompson,20110618120647,170,136,drupal
Pb5da2dd439,2011,ok,jonas-valanciunas,20110618171758,161,131,drupal
P4ec69893f6,2011,ok,jan-vesely,20110621044614,172,123,drupal
P148aecdd52,2011,ok,bismack-biyombo,20110618120113,129,122,drupal
P4a7a8900d7,2011,ok,brandon-knight,20110623122115,195,125,drupal
P2e890c30d2,2011,ok,kemba-walker,20110622172725,175,127,drupal
P3ef4d7a55a,2011,ok,jimmer-fredette,20110623110236,168,135,drupal
Pb0e43997bd,2011,ok,klay-thompson,20110618171803,142,127,drupal
P9e7b32dc92,2011,ok,alec-burks,20110622173549,144,112,drupal
P2d49f5a403,2011,ok,markieff-morris,20110608075332,120,99,drupal
P268ca85d2e,2011,ok,marcus-morris,20110623093735,122,98,drupal
P22add316a5,2011,ok,kawhi-leonard,20110623083943,171,148,drupal
Pbbfb6a2c4a,2011,ok,nikola-vucevic,20110622013008,120,113,drupal
P47e2698d94,2011,ok,iman-shumpert,20110611003036,131,107,drupal
P701bdb09e4,2011,ok,chris-singleton,20110622181746,128,89,drupal
Pce627023f0,2011,ok,tobias-harris,20110604031834,124,104,drupal
Pce366ff1b3,2011,ok,donatas-motiejunas,20110621042520,216,138,drupal
Pa98bcc077b,2011,ok,nolan-smith,20110616234124,124,76,drupal
P0c700e1af1,2011,ok,kenneth-faried,20110623064349,124,110,drupal
P31bc34ca23,2011,ok,nikola-mirotic,20110613142523,147,124,drupal
P9cc36d2c64,2011,ok,reggie-jackson,20110608121353,127,115,drupal
Pc5e44c9142,2011,ok,marshon-brooks,20110622173426,114,106,drupal
Pe1228b6b2c,2011,ok,jordan-hamilton,20110618112958,142,103,drupal
P53502448c1,2011,ok,jajuan-johnson,20110605215702,109,83,drupal
Pd9bc466fd2,2011,ok,norris-cole,20110616064452,107,97,drupal
P4d8e3ba87c,2011,ok,cory-joseph,20110608074622,119,94,drupal
P85135a294f,2011,ok,jimmy-butler,20110613150233,135,126,drupal
P495da5b1cd,2011,ok,bojan-bogdanovic,20110531152639,131,97,drupal
P74ab2a2c37,2011,ok,justin-harper,20110619095716,90,84,drupal
P69e13b90fc,2011,ok,kyle-singler,20110617052257,163,95,drupal
P43d78a0411,2011,ok,shelvin-mack,20110622193056,104,88,drupal
P2e873db9ac,2011,ok,tyler-honeycutt,20110616022805,123,97,drupal
P629d2ef8de,2011,ok,jordan-williams,20110618113435,96,84,drupal
P2c06075e55,2011,ok,trey-thompkins,20110611012742,117,95,drupal
P749792a28d,2011,ok,chandler-parsons,20110616234519,132,94,drupal
P3e5e9d6579,2011,ok,jeremy-tyler,20110623095408,142,92,drupal
P96af95e7fd,2011,ok,jon-leuer,20110601080826,115,91,drupal
Pde91f9542b,2011,ok,darius-morris,20110617020137,115,105,drupal
P2606a3d161,2011,ok,davis-bertans,20110611031059,98,93,drupal
P52af59d765,2011,ok,malcolm-lee,20110606123226,138,86,drupal
P355f728583,2011,ok,charles-jenkins,20110622023942,87,82,drupal
P50ca99530f,2011,no_capture_before_draft,,,65,65,
Pd11fd10026,2011,ok,andrew-goudelock,20110617052252,92,86,drupal
P36b818b767,2011,ok,travis-leslie,20110613164848,122,101,drupal
Pe6bde91a1f,2011,ok,keith-benson,20110604133030,117,94,drupal
Pc4acbf93e3,2011,ok,josh-selby,20110621052719,130,95,drupal
Pbb988d44ca,2011,ok,lavoy-allen,20101230114628,81,64,drupal
P4f47ca7b5d,2011,ok,vernon-macklin,20110605234832,102,63,drupal
P7f14bdd3aa,2011,ok,deandre-liggins,20110622022430,117,95,drupal
Paef9538004,2011,ok,etwaun-moore,20110609092523,125,103,drupal
P3ce7981258,2011,ok,isaiah-thomas,20110524142258,105,85,drupal
P0f2f594f0f,2011,no_profile,,,0,0,
Pa2b1e0c1b9,2011,no_profile,,,0,0,
P16bad3a52e,2011,no_profile,,,0,0,
P4f54eef176,2011,no_profile,,,0,0,
P39e62f008f,2011,no_content,gregstiemsma,,3,0,
P50969329ac,2011,ok,mickell-gladness,20100911042741,10,3,drupal
P981540aa5d,2011,ok,terrel-harris,20101230004737,51,36,drupal
P07a1fb349e,2011,ok,donald-sloan,20101221093646,33,28,drupal
P05848850fc,2011,ok,jerome-dyson,20110310024625,73,37,drupal
Pc42b84faf5,2011,ok,justin-dentmon,20100412103835,17,13,drupal
P8a6c25e945,2011,ok,lance-thomas,20100629223951,33,10,drupal
Pf755f2c0c0,2011,no_profile,,,0,0,
Pc6eddeb128,2011,ok,courtney-fortson,20100630192210,7,4,drupal
P109788f4ba,2011,ok,edwin-ubiles,20100620064939,41,27,drupal
P762dcd7f87,2011,ok,cory-higgins,20101230142846,30,22,drupal
P9ee45f9ea5,2011,ok,dj-kennedy,20101230144605,30,25,drupal
Pa5d1a1783b,2011,no_profile,,,0,0,
Pf7cebccf2c,2011,no_profile,,,0,0,
P0736b54145,2011,ok,chriswright,20081028150619,10,0,asp
P4e1bce542d,2011,ok,jeff-foote,20100629222124,8,4,drupal
P3d4bf642e0,2011,ok,xavier-silas,20110526054629,24,19,drupal
Pe0ab16a2ed,2011,ok,julyan-stone,20110609203117,65,63,drupal
P89d1117940,2011,ok,jeremy-pargo,20110529045626,65,12,drupal
P7c4530d600,2011,ok,malcolm-thomas,20110617052302,69,64,drupal
P13a0e44cab,2011,ok,greg-smith,20110622172719,87,65,drupal
P542c8bbfa1,2011,no_profile,,,0,0,
P47e4bd26a8,2011,ok,antoine-watson,20110605215657,10,8,drupal
P10819fb965,2011,ok,carleton-scott,20110522045503,19,18,drupal
P477dab5e0e,2011,ok,deangelo-casto,20110618120835,54,52,drupal
P42d7cc83b1,2011,ok,jereme-richmond,20110605234827,55,33,drupal
Pc5bce4fd0c,2011,ok,jeremy-green,20110618163648,15,13,drupal
P7df7e92bd1,2011,ok,keishawn-mayes,20110618162147,11,8,drupal
Pbb710ba6e6,2011,ok,terrence-jennings,20110618123346,65,36,drupal
Pd30706ab20,2011,no_profile,,,0,0,
P163aa00374,2012,ok,anthony-davis,20120619115115,171,114,drupal
P272afc1b90,2012,ok,michael-kidd-gilchrist,20120623123657,120,93,drupal
Pa260a40e68,2012,ok,bradley-beal,20120628195919,99,86,drupal
P43f8251240,2012,ok,dion-waiters,20120622231411,108,81,drupal
Pf849910cdc,2012,ok,thomas-robinson,20120626102607,136,89,drupal
Pf9e0178b31,2012,ok,damian-lillard,20120627072854,132,96,drupal
Pb5ebcb5d6c,2012,ok,harrison-barnes,20120627063255,206,110,drupal
Pc3d030ae81,2012,ok,terrence-ross,20120617141442,118,83,drupal
P4e4e438f6e,2012,ok,andre-drummond,20120622224011,155,91,drupal
P2320c27578,2012,ok,austin-rivers,20120626095212,152,95,drupal
P3f927eeca6,2012,ok,meyers-leonard,20120628193955,136,81,drupal
P4d2e34ba12,2012,ok,jeremy-lamb,20120619122425,122,82,drupal
Pca1e2194fa,2012,ok,kendall-marshall,20120626164516,133,76,drupal
P400aecdd2c,2012,ok,john-henson,20120616023745,155,76,drupal
P089ae8ca96,2012,ok,moe-harkless,20120616022934,93,81,drupal
P47044d9385,2012,ok,royce-white,20120616024432,86,70,drupal
Pbc5d4fc393,2012,ok,tyler-zeller,20120622224948,118,66,drupal
Pcfae2f19b7,2012,ok,terrence-jones,20120611055633,141,86,drupal
Pc2a67f2add,2012,ok,andrew-nicholson,20120616030656,100,64,drupal
Pefaae49c8b,2012,ok,evan-fournier,20120617141431,104,60,drupal
P83b3d780d7,2012,ok,jared-sullinger,20120614161236,163,88,drupal
Pa3f9e715ae,2012,ok,fab-melo,20120616024118,113,75,drupal
P6d4d3ba13b,2012,ok,john-jenkins,20120620001100,105,69,drupal
P31e884be2b,2012,ok,jared-cunningham,20120603075826,77,61,drupal
P52c65c114a,2012,ok,tony-wroten,20120622090951,130,68,drupal
P4bc4764e2a,2012,ok,miles-plumlee,20120621042821,80,61,drupal
P8d6fb61ea0,2012,ok,arnett-moultrie,20120621050727,100,63,drupal
Pd2430f6dfc,2012,ok,perry-jones,20120627075256,166,83,drupal
P838aeb9cb6,2012,ok,marquis-teague,20120626191317,116,72,drupal
Pc6c9992e46,2012,ok,festus-ezeli,20120614154837,113,76,drupal
Pb172e7dcfc,2012,ok,jeffery-taylor,20120616022536,111,73,drupal
Pc0b16a51f2,2012,ok,tomas-satoransky,20120624042345,91,53,drupal
P86f7665380,2012,ok,bernard-james,20120610155147,56,47,drupal
P0267b55e6b,2012,ok,jae-crowder,20120617142349,80,76,drupal
Pa548aa166c,2012,ok,draymond-green,20120626100119,122,94,drupal
Pf2c709b50b,2012,ok,orlando-johnson,20120617140732,57,42,drupal
Pff7518dc75,2012,ok,quincy-acy,20120613215622,95,67,drupal
P41b1bb4705,2012,ok,quincy-miller,20120626121639,93,51,drupal
P319cf0c2e0,2012,ok,khris-middleton,20120621040852,101,76,drupal
P798e5b71ce,2012,ok,will-barton,20120627062508,96,70,drupal
Pd9273beb4e,2012,ok,tyshawn-taylor,20120610212315,89,62,drupal
P47e358160b,2012,ok,doron-lamb,20120613211823,99,56,drupal
P1ba89514b1,2012,ok,mike-scott,20120609041247,74,69,drupal
P4b46fb5c89,2012,ok,kim-english,20120622224137,74,53,drupal
Pbfcceae701,2012,ok,justin-hamilton,20120614144250,80,63,drupal
Pc8a80657b3,2012,ok,darius-miller,20120617142841,84,59,drupal
P337fb06bb7,2012,ok,kevin-murphy,20120603070918,59,54,drupal
P404f9fdfb6,2012,ok,kostas-papanikolaou,20120610202546,88,69,drupal
Paa36360f59,2012,ok,kyle-oquinn,20120613221629,68,64,drupal
Pbf890a872a,2012,ok,kris-joseph,20120528173021,102,60,drupal
Pf3fb310df6,2012,no_capture_before_draft,,,43,43,
P0dca4f55c4,2012,ok,furkan-aldemir,20120622224016,87,60,drupal
P8e2f7481af,2012,ok,tornike-shengelia,20120617140737,85,53,drupal
P2db62bcb6f,2012,ok,darius-johnson-odom,20120615200838,61,54,drupal
P2cdeb4bf00,2012,ok,robbie-hummel,20120529044014,81,48,drupal
P711641b36d,2012,ok,robert-sacre,20120621043128,109,58,drupal
P0074b51801,2012,no_content,lukezeller,,4,0,
P1edb3aa5e4,2012,ok,josh-akognon,20100922091554,37,23,drupal
P289650de8a,2012,no_profile,,,0,0,
P909613bae5,2012,ok,mirza-teletovic,20090505222337,47,0,drupal
Pc6095e56a1,2012,no_profile,,,0,0,
P0c0603520c,2012,no_profile,,,0,0,
P10bdb64d5d,2012,ok,alexey-shved,20120620004034,119,60,drupal
P5ed74be24f,2012,ok,kent-bazemore,20120517045413,39,29,drupal
Pbe0e1f0064,2012,ok,maalik-wayns,20120602111854,95,52,drupal
Pae1e3e2903,2012,ok,brian-roberts,20120421155218,49,23,drupal
P093d3a11ad,2012,ok,kevin-jones,20120530050820,80,51,drupal
Pded0fedf79,2012,ok,scott-machado,20120622224452,65,53,drupal
P9926013d5a,2012,ok,ben-hansbrough,20120306163201,22,9,drupal
Pee7c22ed91,2012,no_profile,,,0,0,
Pfa75ae8d76,2012,ok,diante-garrett,20111218002426,26,18,drupal
P64210277c7,2012,ok,dequan-jones,20120524175440,61,17,drupal
P416dc6431a,2012,ok,justin-holiday,20120625155426,48,34,drupal
Pf37ef86b30,2012,no_profile,,,0,0,
Pf0384da7bc,2012,ok,tim-ohlbrecht,20120304024823,92,15,drupal
P8ea6b00194,2012,ok,aron-baynes,20100404014435,34,17,drupal
P9fd176d178,2012,ok,henry-sims,20120625090309,77,47,drupal
P337ea84d5c,2012,ok,dominic-cheek,20120624084244,71,32,drupal
Pd7b7b2dd0a,2012,ok,dominique-ferguson,20111123190153,14,2,drupal
P46ea49196b,2012,no_profile,,,0,0,
P91c52ea937,2012,ok,jcovan-brown,20120606060829,37,35,drupal
P2561e38a80,2012,no_profile,,,0,0,
P3fe42ad9e3,2012,no_profile,,,0,0,
P14fdb083b4,2012,ok,reeves-nelson,20120623213347,41,20,drupal
P84b7d3abc9,2012,ok,renardo-sidney,20120617143736,134,33,drupal
Pfbbf8d1dd2,2012,ok,terrell-stoglin,20120506161047,14,9,drupal
P00193b3ed9,2013,ok,anthony-bennett,20130620141017,119,79,drupal
Pca1c024cab,2013,ok,victor-oladipo,20130620105826,104,80,drupal
Pf7f191defd,2013,ok,otto-porter,20130620141047,116,81,drupal
P84101ffd6c,2013,ok,cody-zeller,20130621173948,129,64,drupal
Pde25a111c0,2013,ok,alex-len,20130620105821,124,91,drupal
P854bff0ae3,2013,ok,nerlens-noel,20130620141042,140,88,drupal
P3ede0fa0b1,2013,ok,ben-mclemore,20130620103137,119,90,drupal
P6a23d47737,2013,ok,kentavious-caldwell-pope,20130620150949,101,68,drupal
P6258e82584,2013,ok,trey-burke,20130620151014,95,70,drupal
P3cb5a9e68b,2013,ok,cj-mccollum,20130620150928,111,72,drupal
P398088f587,2013,ok,michael-carter-williams,20130620141032,108,71,drupal
P84dee8d837,2013,ok,steven-adams,20130621215622,104,71,drupal
P1100d011d0,2013,ok,kelly-olynyk,20130622065258,90,66,drupal
P93a13b19c2,2013,ok,shabazz-muhammad,20130620141057,139,73,drupal
P2ad610b277,2013,ok,giannis-adetokoubo,20130621215656,100,91,drupal
P9702e35c0a,2013,ok,lucas-nogueira,20130620150954,115,67,drupal
P9dbf445dc5,2013,no_capture_before_draft,,,44,44,
P36f801ddc1,2013,ok,shane-larkin,20130620151008,62,56,drupal
P824176de50,2013,ok,sergey-karasev,20130620141053,84,57,drupal
Pdbcc4b2801,2013,ok,tony-snell,20130620160041,70,61,drupal
P17a4a5cfae,2013,ok,gorgui-dieng,20130620141022,84,56,drupal
P31b4a243f7,2013,ok,mason-plumlee,20130620150959,142,74,drupal
P24a562f4ba,2013,ok,solomon-hill,20130527120000,89,50,drupal
Pf825457ab4,2013,ok,tim-hardaway-jr,20130621190951,118,66,drupal
Pccb83c9fcb,2013,ok,reggie-bullock,20130623122859,120,56,drupal
P70aaa5fb09,2013,ok,andre-roberson,20130530104125,90,52,drupal
Pb18185e9fe,2013,ok,rudy-gobert,20130620160000,111,66,drupal
Pa33d5803eb,2013,ok,archie-goodwin,20130621022410,75,54,drupal
P8aa2e06ade,2013,ok,nemanja-nedovic,20130626130705,64,41,drupal
Pcad0645e5a,2013,ok,allen-crabbe,20130622015058,92,54,drupal
P56b91ee390,2013,ok,alex-abrines,20130625071450,55,44,drupal
P467b7b3f59,2013,ok,carrick-felix,20130621210116,50,36,drupal
P5d0988f1e1,2013,ok,isaiah-canaan,20130606105952,80,57,drupal
P488064c36d,2013,ok,glen-rice-jr,20130621123212,86,57,drupal
Pf209014384,2013,ok,ray-mccallum,20130604101654,99,46,drupal
Pd6905b8ed2,2013,no_profile,,,0,0,
P622332ff90,2013,ok,nate-wolters,20130620141037,78,52,drupal
Pef94ae3f83,2013,ok,jeff-withey,20130620141027,97,50,drupal
Pf1323eea4d,2013,ok,grant-jerrett,20130606064003,63,48,drupal
Pfb1f867cde,2013,ok,jamaal-franklin,20130620150944,74,54,drupal
Pd2b56a96a1,2013,ok,pierre-jackson,20130625054718,62,47,drupal
Pea46ee56c1,2013,ok,ricardo-ledo,20130620151003,70,51,drupal
P36eaf9779b,2013,ok,mike-muscala,20130623122833,62,52,drupal
P70fe638043,2013,ok,erick-green,20130604072249,82,49,drupal
Pa9d4084dfb,2013,ok,raul-neto,20130602111159,60,39,drupal
P15f2c20d7d,2013,ok,ryan-kelly,20130606132248,96,56,drupal
Pb10604e423,2013,ok,erik-murphy,20130608145729,43,34,drupal
P5f6276e4dd,2013,ok,james-ennis,20130530015118,60,54,drupal
P45b94f1aab,2013,ok,lorenzo-brown,20130623081930,72,44,drupal
Pa0a2c9503f,2013,ok,joffrey-lauvergne,20130530030402,74,39,drupal
P5e50445e82,2013,ok,peyton-siva,20130623081939,112,46,drupal
P74a501a7bb,2013,ok,dionte-christmas,20130527115950,81,38,drupal
P55c8e33d89,2013,ok,shane-edwards,20100817065332,7,4,drupal
Pd44ef7a78e,2013,ok,arinze-onuaku,20130514022307,41,21,drupal
P8ec07e793f,2013,no_profile,,,0,0,
P310fe8e32c,2013,ok,hollis-thompson,20130527121039,86,37,drupal
P8d17fbd48e,2013,no_profile,,,0,0,
P58c3f134a2,2013,ok,tony-mitchell,20130621210127,157,51,drupal
Pd6736ed788,2013,no_profile,,,0,0,
P01a00a5983,2013,ok,jorge-gutierrez,20130605063118,43,13,drupal
P26312e5087,2013,no_profile,,,0,0,
Pecca0a47dd,2013,ok,dewayne-dedmon,20130620150939,84,55,drupal
P85abb7e5de,2013,ok,dj-stephens,20130607232933,29,25,drupal
P83fd4822e5,2013,ok,james-southerland,20130620160150,47,35,drupal
Pf22b67943e,2013,ok,vander-blue,20130605061707,50,32,drupal
P591a253b3e,2013,ok,phil-pressey,20130626154709,55,35,drupal
P1497c83aba,2013,ok,adonis-thomas,20130620133237,73,30,drupal
P05c9e8e43e,2013,no_profile,,,0,0,
P7d52184fb7,2013,no_profile,,,0,0,
P15c3bdbcba,2013,ok,vitor-faverani,20100620102551,23,5,drupal
Pe364fefd34,2013,no_profile,,,0,0,
Paf55ace901,2013,ok,miroslav-raduljica,20111216104944,69,26,drupal
P45450124ed,2013,ok,ian-clark,20130521191921,15,14,drupal
P38145d33eb,2013,ok,elias-harris,20130530065800,87,29,drupal
P8d3cc27d9f,2013,ok,seth-curry,20130604014840,67,37,drupal
P2100fc35c8,2013,ok,brandon-davies,20130601043916,36,28,drupal
Pe8dc26218f,2013,no_profile,,,0,0,
P33a3ea1e89,2013,no_profile,,,0,0,
Pbe299942e3,2013,ok,casper-ware,20130522063624,31,9,drupal
Pcc25131c3d,2013,ok,scotty-hopson,20130602094744,107,32,drupal
P73a117bd09,2013,ok,robert-covington,20130528114339,74,54,drupal
Pebbd613418,2013,ok,matthew-dellavedova,20130526013748,42,34,drupal
Pc1b5416459,2013,ok,adrien-coleman,20130521212623,1,0,drupal
P4c0b663d25,2013,ok,amath-mbaye,20130627053728,30,16,drupal
P19dba9c1fd,2013,no_profile,,,0,0,
P607c704c53,2013,ok,deshaun-thomas,20130620155958,79,41,drupal
P93861fcc04,2013,ok,marshawn-powell,20130425190509,37,20,drupal
Pf1615243ab,2013,ok,myck-kabongo,20130626111328,98,47,drupal
Pb5f5bff7e1,2013,ok,nurideen-lindsey,20130430155459,24,12,drupal
P6a5ab4372a,2013,ok,tahj-tate,20130627162133,5,4,drupal
P7d1e9516ee,2013,no_profile,,,0,0,
Pdb1689c286,2014,ok,andrew-wiggins,20140530051534,157,88,drupal
P23f1ba707f,2014,ok,jabari-parker,20140530052136,131,77,drupal
P2171d2817b,2014,ok,joel-embiid,20140327125907,123,102,drupal
P11fb43c4ea,2014,ok,aaron-gordon,20140327211630,103,71,drupal
Pc9a1f10582,2014,ok,dante-exum,20140427231250,88,72,drupal
P1044a073cf,2014,ok,marcus-smart,20140530053405,120,79,drupal
P1dca1ecf2b,2014,ok,julius-randle,20140327130139,115,69,drupal
P12d1ca8d35,2014,ok,nik-stauskas,20140530050911,73,58,drupal
P0a4bbd8b0a,2014,ok,noah-vonleh,20140327125014,89,64,drupal
P7f1d080745,2014,ok,elfrid-payton,20140327122858,60,53,drupal
Pc7e0f691c6,2014,ok,doug-mcdermott,20140610211945,105,65,drupal
P3997afa4f2,2014,ok,dario-saric,20140327123306,122,70,drupal
P96c6ba4e0f,2014,ok,zach-lavine,20140327123844,80,67,drupal
P49827cf895,2014,ok,tj-warren,20140530054216,72,54,drupal
Pa9426d162d,2014,ok,adreian-payne,20140328004235,99,55,drupal
Paf95fb158c,2014,ok,jusuf-nurkic,20140327001708,62,53,drupal
Pf7c7a85a9a,2014,ok,james-young,20140327183122,83,56,drupal
Pea7725adea,2014,ok,tyler-ennis,20140327130755,71,55,drupal
P465ab55c02,2014,ok,gary-harris,20140530053300,79,51,drupal
Pe73b4eac92,2014,no_capture_before_draft,,,57,57,
Pccdaab2014,2014,ok,mitch-mcgary,20140326235917,110,59,drupal
Pd907989bcb,2014,ok,jordan-adams,20140326195811,64,50,drupal
P2f95e0c256,2014,ok,rodney-hood,20140327125130,96,56,drupal
P5c19a79a93,2014,ok,shabazz-napier,20140623090323,88,50,drupal
P360c31499c,2014,ok,clint-capela,20140327082405,76,59,drupal
Pfe357344e4,2014,ok,pj-hairston,20140327082452,95,53,drupal
P44154d877a,2014,ok,bogdan-bogdanovic,20140622001854,86,50,drupal
Pe966e23e9c,2014,ok,cj-wilcox,20140623090344,78,43,drupal
Pa5d86611c0,2014,ok,josh-huestis,20131122234649,59,47,drupal
P4f181909b7,2014,ok,kyle-anderson,20140530051956,94,55,drupal
Pf78412d8c5,2014,ok,damien-inglis,20140327043626,71,46,drupal
P24fc987f38,2014,ok,kj-mcdaniels,20140606070852,62,56,drupal
P944e30c99c,2014,ok,joe-harris,20140625033504,50,44,drupal
Pd5729dac8f,2014,ok,cleanthony-early,20140623090334,60,45,drupal
P31e153a014,2014,ok,jarnell-stokes,20140327003405,78,49,drupal
Pd6e0b051bb,2014,ok,johnny-obryant,20140327004452,70,44,drupal
Pab87e9a8b8,2014,ok,spencer-dinwiddie,20140326234423,70,54,drupal
Pd8244d9a42,2014,ok,jerami-grant,20140510185224,79,56,drupal
Pdd79d6ef7f,2014,ok,glenn-robinson-iii,20140327211421,96,54,drupal
P962232fdc6,2014,ok,nikola-jokic,20140615052830,74,72,drupal
Pb51c66667f,2014,ok,nick-johnson,20140530054006,69,47,drupal
Pbac4f67696,2014,ok,walter-tavares,20140502000052,61,53,drupal
Pb59be03b24,2014,ok,markel-brown,20140327215252,61,44,drupal
P6e49424689,2014,ok,dwight-powell,20140326214507,126,69,drupal
P6cee28a4f3,2014,ok,jordan-clarkson,20140326203734,63,60,drupal
P83de6de3ec,2014,ok,russ-smith,20140530050540,64,50,drupal
P9e30954b9f,2014,ok,lamar-patterson,20140612154149,44,40,drupal
P8c383a7533,2014,ok,cameron-bairstow,20140530052358,47,44,drupal
P25150e1302,2014,ok,thanasis-antetokounmpo,20140326210910,52,49,drupal
Pbed27928bf,2014,ok,vasilije-micic,20130706080102,1,0,drupal
Pb8a773b356,2014,ok,semaj-christon,20140620173606,65,45,drupal
Pc0fff42784,2014,ok,roy-devyn-marble,20140416092926,46,41,drupal
P9da0cf7014,2014,ok,jordan-mcrae,20140531040735,76,48,drupal
Pa47459a77d,2014,ok,cory-jefferson,20140327002406,72,50,drupal
P25609e2dfe,2014,no_profile,,,0,0,
P1108cb2921,2014,ok,kalin-lucas,20140515070701,40,8,drupal
Pf0c15e8037,2014,ok,patrick-christopher,20131116032808,82,10,drupal
P17aee771c1,2014,ok,larry-drew,20130427205421,22,7,drupal
P9c40b5aa37,2014,ok,will-cherry,20140326201908,34,20,drupal
P331cffbdbb,2014,ok,jabari-brown,20140326204318,74,40,drupal
P59ddf4705a,2014,ok,sean-kilpatrick,20140327005133,71,39,drupal
Pee1a8f2e9d,2014,ok,alex-kirk,20140526233919,38,34,drupal
Pa380a0ce3c,2014,no_profile,,,0,0,
P1b1aa3dc82,2014,ok,bryce-cotton,20140614132832,32,20,drupal
Pd856b04e96,2014,ok,andre-dawkins,20140326211005,59,18,drupal
Pbda800ed55,2014,ok,jakarr-sampson,20140327211521,40,27,drupal
Pa76f81d8c3,2014,ok,eric-moreland,20140327080145,30,20,drupal
P2dde5c1214,2014,no_capture_before_draft,,,11,11,
P23026d4d13,2014,ok,jerrelle-benimon,20131125000550,7,6,drupal
Pb59dd639f9,2014,ok,damjan-rudez,20130523011537,71,5,drupal
P2dd4d0a4f4,2014,no_profile,,,0,0,
Pcb993abaa5,2014,ok,sim-bhullar,20131125221856,51,23,drupal
Pceb2ff7429,2014,ok,jack-cooley,20140326204357,38,25,drupal
P0ee95e3925,2014,ok,tarik-black,20140615054449,48,27,drupal
Pfa73181e89,2014,ok,david-wear,20140614062812,50,11,drupal
Pbbdf67d0e0,2014,ok,travis-wear,20140614062522,50,10,drupal
P0acc99bae4,2014,no_profile,,,0,0,
P187235ce4e,2014,ok,joe-ingles,20140507114936,68,33,drupal
P68a89b7756,2014,no_profile,,,0,0,
P88b9812a96,2014,ok,drew-gordon,20131121131706,91,24,drupal
Pe39c876df8,2014,ok,jerel-mcneal,20140507113815,67,21,drupal
P9df5f3f8bb,2014,ok,jamychal-green,20131114225740,90,29,drupal
P9075a4686f,2014,ok,tim-frazier,20140327131800,34,22,drupal
Pdd3e192436,2014,ok,langston-galloway,20121015124034,13,9,drupal
P7632bd626c,2014,ok,chane-behanan,20140327040449,37,10,drupal
Pd35ff11e6d,2014,ok,deandre-daniels,20140326195015,76,41,drupal
P8c2c5e7b71,2014,ok,isaiah-austin,20140610211934,104,40,drupal
P80e599186b,2014,ok,jahii-carson,20140326212434,55,28,drupal
P98ee7e9798,2014,ok,laquinton-ross,20140326235857,57,27,drupal
P645a205457,2014,ok,roscoe-smith,20140327215651,72,32,drupal
P5a591d3e24,2015,ok,karl-anthony-towns,20150624104732,143,70,drupal
P67cf99c3eb,2015,ok,dangelo-russell,20150624112258,151,75,drupal
Pb9c495a67d,2015,ok,jahlil-okafor,20150623175456,180,67,drupal
Pf1eb0b11c1,2015,ok,kristaps-porzingis,20150623175517,112,67,drupal
P11ed05516e,2015,ok,mario-hezonja,20150619143521,149,61,drupal
P9b0b27ae5d,2015,ok,willie-cauley-stein,20150622050851,127,66,drupal
P3e493925a2,2015,ok,emmanuel-mudiay,20150623175537,165,65,drupal
Pff77feae98,2015,ok,stanley-johnson,20150619072543,105,58,drupal
Pec96a14b85,2015,ok,frank-kaminsky,20150622044732,100,60,drupal
Pc3390f55d0,2015,ok,justise-winslow,20150623175548,119,60,drupal
Peaf1686cc0,2015,ok,myles-turner,20150621213115,98,54,drupal
P2297a93a7f,2015,ok,trey-lyles,20150621210325,104,56,drupal
P7d77f683c0,2015,ok,devin-booker,20150623130036,116,66,drupal
Pce2a43b358,2015,ok,cameron-payne,20150623175558,65,48,drupal
Ped4ca8f8d6,2015,ok,kelly-oubre,20150619073458,91,55,drupal
Pe71646e585,2015,ok,terry-rozier,20150622043312,79,50,drupal
Pcf63b744fe,2015,ok,rashad-vaughn,20150623053847,86,54,drupal
P94d904f95a,2015,ok,sam-dekker,20150622043412,103,44,drupal
P8d6369038a,2015,ok,jerian-grant,20150619080309,100,55,drupal
P16f77dc0c6,2015,ok,delon-wright,20150619074041,73,46,drupal
Pb067831a66,2015,ok,justin-anderson,20150624200457,93,50,drupal
P5492e07ad3,2015,ok,bobby-portis,20150621064924,113,56,drupal
Pb4e1522182,2015,ok,rondae-hollis-jefferson,20150623055350,78,54,drupal
P9a02cf437c,2015,ok,tyus-jones,20150625071033,101,54,drupal
Pd0eaa15469,2015,ok,jarell-martin,20150621214409,64,43,drupal
Pdaafce7eb6,2015,ok,larry-nance-jr,20150619072518,55,47,drupal
P3cfad83e39,2015,ok,rj-hunter,20150623081719,71,42,drupal
P128f74a48f,2015,ok,chris-mccullough,20150623130356,74,44,drupal
P1c43036b93,2015,ok,kevon-looney,20150625054719,102,60,drupal
P5849f19551,2015,ok,cedi-osman,20150613030119,50,41,drupal
P1b292d5147,2015,ok,montrezl-harrell,20150622045010,91,54,drupal
P4a125216bc,2015,ok,jordan-mickey,20150623125222,77,47,drupal
Pf634b73f97,2015,ok,anthony-brown,20150613030109,58,34,drupal
Pa779a7b0cf,2015,ok,guillermo-hernangomez,20150623175023,66,50,drupal
P2e8c779b09,2015,ok,rakeem-christmas,20150615095539,110,44,drupal
Pe7f5f31a46,2015,ok,richaun-holmes,20150622104206,49,46,drupal
Pf38454d2db,2015,ok,darrun-hilliard,20150619163535,42,29,drupal
P944090784f,2015,ok,josh-richardson,20150510033035,44,41,drupal
Pea73008ab4,2015,ok,pat-connaughton,20150611161506,52,45,drupal
P6c859977a5,2015,ok,joseph-young,20150611160619,52,37,drupal
P0ba0d4e186,2015,ok,andrew-harrison,20150622053846,88,39,drupal
P831df49905,2015,ok,norman-powell,20150623053251,92,56,drupal
Pf21d262b1c,2015,ok,dakari-johnson,20150622044446,83,37,drupal
Ped46c6be82,2015,ok,branden-dawson,20150624024047,78,32,drupal
Peda2227014,2015,ok,aaron-harrison,20150619072643,67,23,drupal
P6f3f385e9b,2015,ok,alan-williams,20150524004823,29,20,drupal
P7570f82c10,2015,ok,bryce-dejean-jones,20150619063914,34,15,drupal
P4ba2b4830d,2015,ok,luis-montero,20150625062041,31,25,drupal
P04e5776a76,2015,ok,cristiano-felicio,20150512141908,23,17,drupal
Pfc32d168da,2015,ok,boban-marjanovic,20150505003441,62,28,drupal
P0029c9d3a9,2015,ok,duje-dukan,20150621210145,16,8,drupal
P1ef5f1c321,2015,ok,axel-toupane,20150428015618,31,14,drupal
P35fcccf6c9,2015,no_profile,,,0,0,
Pa1aae2a35c,2015,no_capture_before_draft,,,2,2,
P46c8e8cb1c,2015,no_profile,,,0,0,
Pf326870436,2015,no_content,marcelohuertas,,16,0,
Pef9b8757a6,2015,ok,alex-stepheson,20111229174506,20,4,drupal
P65d56567c7,2015,no_profile,,,0,0,
Pca83b848d1,2015,no_profile,,,0,0,
P26e74779f0,2015,ok,keith-appling,20150116003200,50,13,drupal
Pa2709c7876,2015,ok,jarell-eddie,20140907073903,17,10,drupal
P9990134f41,2015,no_capture_before_draft,,,2,2,
Pe00e8a81b3,2015,ok,tj-mcconnell,20150526223530,40,33,drupal
Pa24dadc449,2015,ok,cliff-alexander,20150622042856,92,40,drupal
P84b2e1b413,2015,ok,christian-wood,20150622044727,80,52,drupal
P98102db2bd,2015,ok,briante-weber,20150624023429,35,25,drupal
Pbb1af08ea5,2015,ok,aaron-thomas,20150612172749,15,8,drupal
Paae768e6c1,2015,ok,ashton-pankey,20150622164647,8,6,drupal
Pa48064fa8c,2015,ok,brandon-ashley,20150623130723,70,30,drupal
Pc2766e3f86,2015,ok,charles-jackson,20150501050314,4,3,drupal
P9cedd79bd8,2015,ok,chris-walker,20150619064548,65,24,drupal
P83f630794b,2015,ok,jp-tokoto,20150623055623,62,38,drupal
P093c255389,2015,ok,jherrod-stiggers,20150613030129,18,13,drupal
P9e418f4c91,2015,ok,michael-frazier-ii,20140811224610,1,0,drupal
P0c888043b8,2015,ok,michael-qualls,20150619070706,40,28,drupal
Pcfe0d93659,2015,ok,olivier-hanlan,20150619143526,70,41,drupal
Pd3473cff83,2015,ok,robert-upshaw,20150613030135,52,36,drupal
Pfd690eb68d,2015,ok,terran-petteway,20150622051946,55,37,drupal
P7b91fe948e,2015,ok,trevor-lacey,20150611161208,43,26,drupal
Pb88d2f0541,2015,ok,tyler-harvey,20150506102114,34,28,drupal
P2c58b86e78,2015,ok,vince-hunter,20150619072708,35,27,drupal
P0fde3dedb2,2016,ok,ben-simmons,20160621111747,172,65,drupal
P117a6c6fb1,2016,ok,brandon-ingram,20160623150320,167,103,drupal
P8a2a3c7c07,2016,ok,jaylen-brown,20160618111258,131,59,drupal
P53f786523f,2016,ok,dragan-bender,20160623162005,117,50,drupal
P9155961dd2,2016,ok,kris-dunn,20160617171753,118,52,drupal
P4ec4ee54f1,2016,ok,buddy-hield,20160623154534,121,53,drupal
Pf9ebd1b271,2016,ok,jamal-murray,20160622220509,98,42,drupal
P47380ec945,2016,ok,marquese-chriss,20160618110851,59,45,drupal
P88f4dbf943,2016,ok,jakob-poeltl,20160618110358,92,48,drupal
P4b59f5fe56,2016,ok,thon-maker,20160619024907,110,50,drupal
P620501ed0d,2016,ok,domantas-sabonis,20160622223338,106,48,drupal
Pc5a8d9d1d6,2016,ok,taurean-prince,20160617174221,68,40,drupal
Paca468f5b5,2016,ok,georgios-papagiannis,20160623154539,61,41,drupal
P88064c1c05,2016,ok,denzel-valentine,20160618105632,77,44,drupal
P7222e0f90b,2016,ok,juan-hernangomez,20160614195311,71,56,drupal
Pd7c989b67a,2016,ok,guerschon-yabusele,20160622220940,74,52,drupal
Pf93789f1b5,2016,ok,wade-baldwin,20160623181405,55,38,drupal
P9264b6e63a,2016,ok,henry-ellenson,20160616182952,73,41,drupal
P4a1b07df85,2016,ok,malik-beasley,20160620195323,62,40,drupal
P55d1c5e102,2016,ok,caris-levert,20160616074727,88,40,drupal
Pddcf4609af,2016,ok,deandre-bembry,20160616200215,52,32,drupal
P6f92e02de4,2016,ok,malachi-richardson,20160617173121,56,38,drupal
P1a32cd4176,2016,ok,ante-zizic,20160616074945,55,39,drupal
Pcb0e772806,2016,ok,timothe-luwawu,20160622234716,80,46,drupal
Pbfe4edf289,2016,ok,brice-johnson,20160621104646,94,40,drupal
P07954fea73,2016,ok,furkan-korkmaz,20160617171424,85,48,drupal
P85fbcb1dce,2016,ok,pascal-siakam,20160623161533,57,46,drupal
Pd856e50561,2016,ok,skal-labissiere,20160618111022,100,38,drupal
Pc1c99fe2be,2016,ok,dejounte-murray,20160623165411,72,47,drupal
P25bfc6427b,2016,ok,damian-jones,20160616200208,79,44,drupal
P9668122fb9,2016,ok,deyonta-davis,20160620182526,72,44,drupal
P64adb31e4d,2016,ok,ivica-zubac,20160618110546,53,40,drupal
Pd50459cb6d,2016,ok,cheick-diallo,20160620184554,75,30,drupal
P0edb7d3b99,2016,ok,tyler-ulis,20160614190807,63,36,drupal
Pf5fb4e36b6,2016,ok,malcolm-brogdon,20160616073052,64,40,drupal
Pe2eac4ddf4,2016,ok,chinanu-onuaku,20160616104316,36,26,drupal
Pf20205fffb,2016,ok,patrick-mccaw,20160618122117,48,42,drupal
Pfa4c05beee,2016,ok,diamond-stone,20160618111445,75,27,drupal
Pb3a7a6f86b,2016,ok,stephen-zimmerman,20160613221848,86,41,drupal
Pf8b83ac1f0,2016,ok,isaiah-whitehead,20160618121223,53,33,drupal
P9c2d575f48,2016,ok,zhou-qi,20160616193407,120,46,drupal
Pa466887b08,2016,ok,demetrius-jackson,20160623184853,73,41,drupal
P8e900c2247,2016,ok,aj-hammons,20160620194000,83,30,drupal
Pfd95ad31d4,2016,ok,jake-layman,20160621103659,70,30,drupal
Pcf60b82b9d,2016,ok,paul-zipser,20160618111017,56,39,drupal
Pa307fde308,2016,ok,michael-gbinije,20160619031541,80,25,drupal
P521ea871d2,2016,ok,georges-niang,20160530231724,60,39,drupal
Pd5a40a7ee0,2016,ok,ben-bentil,20160616180317,43,33,drupal
Pd46f6361f5,2016,ok,joel-bolomboy,20160623150200,52,36,drupal
P83cf60968a,2016,ok,petr-cornelie,20160609005104,51,37,drupal
P9260f65add,2016,ok,kahlil-felder,20160611014956,37,30,drupal
P22b18d36a6,2016,ok,marcus-paige,20160525170636,95,33,drupal
P3ea09a4d42,2016,ok,daniel-hamilton,20160612124306,67,31,drupal
Pc72bfd628e,2016,ok,abdel-nader,20160529072854,32,31,drupal
P85b94bf602,2016,ok,tyrone-wallace,20160604211331,70,28,drupal
P16f60c6002,2016,ok,sheldon-mcclellan,20160611020701,51,20,drupal
Pc381c2ab50,2016,ok,chasson-randle,20160606103305,59,24,drupal
P9b79feb6a3,2016,ok,quinn-cook,20160602025547,74,26,drupal
Pc5e9e5bdd9,2016,ok,treveon-graham,20160606112927,48,16,drupal
P9f8d851f22,2016,ok,maurice-ndour,20160530171345,11,3,drupal
Pcb1e0b77ca,2016,no_profile,,,0,0,
P4879fe4868,2016,ok,malcolm-delaney,20160612121558,32,7,drupal
Pce6ddda209,2016,ok,ron-baker,20160623184929,63,27,drupal
P55f0d03e7b,2016,ok,gary-payton-ii,20160616074848,78,24,drupal
Pa7cb2c7354,2016,ok,wayne-selden,20160620182253,75,22,drupal
Pa8fc4b7ad7,2016,ok,jarrod-uthoff,20160611174451,50,32,drupal
P251ed0e7a3,2016,ok,troy-williams,20160622231648,73,35,drupal
Pe40a7b9665,2016,ok,kyle-wiltjer,20160608175342,93,37,drupal
P5f3e1d9a7e,2016,ok,yogi-ferrell,20160613232027,71,26,drupal
P09fcc624c4,2016,ok,alex-poythress,20160610160235,90,27,drupal
Pd7225b3a0b,2016,ok,tim-quarterman,20160610021128,40,16,drupal
Pc01c642a9f,2016,ok,isaiah-taylor,20160605172429,46,17,drupal
Pbd6175d1ad,2016,ok,dorian-finney-smith,20160604211522,53,24,drupal
P6bc657fff3,2016,ok,shawn-long,20160530145957,42,12,drupal
P287f82c404,2016,ok,daniel-ochefu,20160608185424,53,13,drupal
Pa78dfd4260,2016,ok,marshall-plumlee,20160616074059,61,13,drupal
P049f342950,2016,ok,mindaugas-kuzminskas,20150918174027,22,8,drupal
P41923cb473,2016,no_profile,,,0,0,
P53698aab75,2016,ok,bryn-forbes,20160611183733,20,14,drupal
P94ee422c65,2016,ok,okaro-white,20150907084151,28,8,drupal
P6f658be6bb,2016,ok,mike-tobey,20160601205552,25,13,drupal
Pe0da967ad1,2016,ok,patricio-garino,20160529221100,19,7,drupal
Pdc4a696341,2016,ok,marcus-georges-hunt,20160528150136,18,12,drupal
P2bc89b6490,2016,no_profile,,,0,0,
Pc9bdc2e95f,2016,ok,derrick-jones,20160613222151,48,29,drupal
P7719d3d89b,2016,no_profile,,,0,0,
Pe666c9e1f4,2016,ok,rodney-mcgruder,20150907085942,22,8,drupal
Pc00908f11e,2016,ok,fred-vanvleet,20160614194409,31,13,drupal
Pd7d10f6f4c,2016,ok,danuel-house,20160612122433,59,22,drupal
P939e5ded71,2016,ok,aaron-valdes,20160611133854,9,7,drupal
Pdb13b813cd,2016,ok,brannen-greene,20160622231644,49,16,drupal
P7c761dbe92,2016,ok,chris-obekpa,20160606131225,56,18,drupal
P420da53cac,2016,ok,devin-williams,20160524053537,33,11,drupal
P401c3c358c,2016,ok,goodluck-okonoboh,20160601221929,24,12,drupal
P2a21698f4f,2016,ok,jalen-reynolds,20160602202249,10,7,drupal
P7758d7472f,2016,ok,jermaine-lawrence,20160529233726,26,9,drupal
Pb3e495f583,2016,ok,julian-jacobs,20160616083827,16,7,drupal
P848f12bb0d,2016,ok,kareem-canty,20160601034407,13,5,drupal
Pfff80834af,2016,ok,mamadou-ndiaye,20160614195316,74,30,drupal
P608846acfb,2016,ok,nikola-jovanovic,20160611133736,28,23,drupal
P8935abbbb4,2016,ok,robert-carter,20160526152302,49,25,drupal
P5605a2fa7e,2016,ok,rosco-allen,20160601214616,44,15,drupal
Pfd99951c4d,2016,ok,stefan-jankovic,20160606161500,18,14,drupal
Pd1cda3e821,2016,ok,tony-anderson,20160602202307,6,3,drupal
P25e61f80f8,2017,ok,markelle-fultz,20170617040228,83,43,drupal
P6e7d02b021,2017,ok,lonzo-ball,20170617031041,94,43,drupal
P8a2034c01d,2017,ok,jayson-tatum,20170617040016,96,44,drupal
Pe56ae9c7aa,2017,ok,josh-jackson,20170622152724,111,41,drupal
P6f43cf2ee3,2017,ok,deaaron-fox,20170622152654,78,39,drupal
Pe3864f9800,2017,ok,jonathan-isaac,20170615204556,71,42,drupal
Pf62abcdcde,2017,ok,lauri-markkanen,20170618202605,61,30,drupal
P46cfb45fde,2017,ok,frank-ntilikina,20170618203059,74,35,drupal
Pbe6ed6fd51,2017,ok,dennis-smith,20170617045156,85,32,drupal
Pe6fe5c747b,2017,ok,zach-collins,20170617034638,52,32,drupal
P4a000d48b0,2017,ok,malik-monk,20170615205447,83,38,drupal
P71b16faf7a,2017,ok,luke-kennard,20170622153318,62,30,drupal
Pdb3bcb3fc8,2017,ok,donovan-mitchell,20170618203042,54,40,drupal
Pf18fe42b62,2017,ok,bam-adebayo,20170614093028,50,34,drupal
P24e5e8b7dc,2017,ok,justin-jackson,20170614115611,98,34,drupal
P2c3a1eb46b,2017,ok,justin-patton,20170622155147,42,32,drupal
P459acdec33,2017,ok,dj-wilson,20170622162026,35,29,drupal
Pcc7ddb9ab9,2017,ok,tj-leaf,20170622155623,56,30,drupal
P49d50fc2b5,2017,ok,john-collins,20170617045200,39,31,drupal
P3e0fd9667f,2017,ok,harry-giles,20170618202556,100,36,drupal
P54d4de841c,2017,ok,terrance-ferguson,20170614163403,64,29,drupal
P0af0ac79ae,2017,ok,jarrett-allen,20170618202752,60,32,drupal
P1e22570fac,2017,ok,og-anunoby,20170618203349,49,32,drupal
P63f00af37c,2017,ok,tyler-lydon,20170609231455,52,27,drupal
Pe5fb05fea3,2017,ok,anzejs-pasecniks,20170622020058,45,24,drupal
P204a101867,2017,ok,caleb-swanigan,20170614033441,58,32,drupal
P032d23c9d9,2017,ok,kyle-kuzma,20170617044911,49,33,drupal
P2e6be7d23b,2017,ok,tony-bradley,20170617031357,44,27,drupal
Pa79b34cca8,2017,ok,derrick-white,20170614035735,39,34,drupal
P1ea9c7c88d,2017,ok,josh-hart,20170614035255,64,36,drupal
P38e6db5ca1,2017,ok,frank-jackson,20170618202551,57,34,drupal
P27a35575e9,2017,ok,davon-reed,20170615000528,41,28,drupal
P57703dc960,2017,ok,wesley-iwundu,20170614024539,43,30,drupal
P5351e63d76,2017,ok,frank-mason,20170615060304,59,31,drupal
Pf781dda14b,2017,ok,ivan-rabb,20170609122543,103,29,drupal
P964dd1e5f4,2017,ok,jonah-bolden,20170614063531,55,22,drupal
Pc4f84bc197,2017,ok,semi-ojeleye,20170622155524,43,25,drupal
P551a484de7,2017,ok,jordan-bell,20170614132001,53,32,drupal
P16938f3fa9,2017,ok,jawun-evans,20170614101739,51,29,drupal
P86ef73625c,2017,ok,dwayne-bacon,20170609135242,63,30,drupal
P1804943702,2017,ok,tyler-dorsey,20170618202611,62,27,drupal
P74d19df6a2,2017,ok,thomas-bryant,20170614215513,69,28,drupal
P2ad4235514,2017,ok,isaiah-hartenstein,20170613165303,66,33,drupal
Pd59c0506ca,2017,ok,damyean-dotson,20170621033336,36,29,drupal
Pc32fe4a167,2017,ok,dillon-brooks,20170614070121,59,31,drupal
P22340c4458,2017,ok,sterling-brown,20170618202803,26,21,drupal
Pd808e1b5f8,2017,ok,ike-anigbogu,20170622155138,48,33,drupal
P10187f6389,2017,ok,sindarius-thornwell,20170614055737,65,30,drupal
P3e5c820c70,2017,ok,vlatko-cancar,20170614211023,27,18,drupal
Pa76a1ce248,2017,ok,monte-morris,20170614092552,42,22,drupal
P2acab9acdb,2017,ok,edmond-sumner,20170614040131,47,25,drupal
P2a1ab2724b,2017,ok,kadeem-allen,20170614222237,28,22,drupal
P9d178fdf5d,2017,ok,alec-peters,20170614133450,42,22,drupal
Pba3a4faeb9,2017,ok,nigel-williams-goss,20170614065707,67,26,drupal
Pa0580e3001,2017,ok,jabari-bird,20170614082801,75,24,drupal
Pa4877bedac,2017,ok,aleksandar-vezenkov,20170614064657,65,27,drupal
P5f230da818,2017,ok,jaron-blossomgame,20170614024120,49,25,drupal
P58604dcdcf,2017,ok,nigel-hayes,20170614151326,58,19,drupal
P49f423e70e,2017,no_profile,,,0,0,
P4074fe9b9e,2017,ok,royce-oneale,20160601043853,14,4,drupal
P7312c1c32d,2017,no_profile,,,0,0,
P96a831649e,2017,ok,jacob-pullen,20160609213601,53,6,drupal
Pe528778159,2017,no_profile,,,0,0,
Pb920680006,2017,ok,damion-lee,20161014172351,29,9,drupal
P80ec619552,2017,ok,james-webb,20160827121334,23,10,drupal
P982f4d9f47,2017,ok,ryan-arcidiacono,20170621091228,31,4,drupal
Pfafab37502,2017,ok,matt-costello,20170121001059,16,7,drupal
P8e9f5cd10b,2017,ok,kyle-collinsworth,20161014172143,34,7,drupal
Pe1b87bba68,2017,ok,jameel-warney,20160915041339,17,2,drupal
P7e57b76eb8,2017,ok,jalen-jones,20170610005825,30,9,drupal
Pa67da64cf8,2017,ok,shaquille-harrison,20170611140124,10,4,drupal
P4370ef2bf5,2017,ok,alex-caruso,20160827000203,19,10,drupal
P9ac225720c,2017,ok,josh-gray,20160817082143,21,2,drupal
Pe75e4da903,2017,ok,myke-henry,20161019180232,17,5,drupal
Pb571c7aa88,2017,no_profile,,,0,0,
Pdb78b3595b,2017,ok,johnathan-motley,20170622162046,44,24,drupal
P0d567b6867,2017,ok,pj-dozier,20170622162232,42,27,drupal
Pea59b43adb,2017,ok,devin-robinson,20170615020806,50,16,drupal
P7697c4ecb8,2017,ok,charles-cooke,20170620210532,26,19,drupal
Pfde95d41d3,2017,ok,luke-kornet,20170614182024,38,21,drupal
P4396f0664b,2017,ok,isaiah-hicks,20170615014148,59,20,drupal
Pc5ec91aab0,2017,ok,chris-boucher,20170615020445,41,20,drupal
Pe204bd6fa0,2017,no_capture_before_draft,,,4,4,
Pd13759b893,2017,no_profile,,,0,0,
Pd9320fa884,2017,ok,milos-teodosic,20150919050247,49,8,drupal
P00fdb72e43,2017,ok,tyler-cavanaugh,20170520225024,14,12,drupal
P4d32b8b12e,2017,no_profile,,,0,0,
P420fe29f13,2017,ok,antonio-blakeney,20170614142042,52,23,drupal
P6358a22feb,2017,no_profile,,,0,0,
Pcac223d7f8,2017,ok,derrick-walton,20170621042918,46,23,drupal
P5fd682a91b,2017,ok,gian-clavell,20170614153316,5,1,drupal
Pba3d18fabf,2017,ok,mangok-mathiang,20170512144043,15,3,drupal
P2cac6d11e4,2017,ok,milton-doyle,20150120175308,5,2,drupal
P7dfb5a7395,2017,no_capture_before_draft,,,17,17,
P73cc673745,2017,ok,ben-moore,20160928111536,10,4,drupal
P95ea622240,2017,ok,jamel-artis,20170520162802,18,14,drupal
Pf0bc046ece,2017,ok,xavier-rathan-mayes,20170621042613,61,22,drupal
P163e85d6f0,2017,ok,london-perrantes,20170614061425,41,23,drupal
P705a98169f,2017,ok,andrew-white,20170614155319,24,10,drupal
P35bbbcf03e,2017,no_profile,,,0,0,
P1ee493f763,2017,no_profile,,,0,0,
Pc0a7512363,2017,no_profile,,,0,0,
Pcdc707f847,2017,ok,rodney-purvis,20170605165845,87,21,drupal
P10d6b2ba68,2017,no_profile,,,0,0,
P1223e5ee2c,2017,ok,brandon-paul,20170527141822,63,18,drupal
P8bea6ece5d,2017,no_profile,,,0,0,
Paec8fae19e,2017,no_profile,,,0,0,
P5a43e18763,2017,no_profile,,,0,0,
P122cdb8b56,2017,no_profile,,,0,0,
Pd3b81c81b9,2017,ok,khem-birch,20170530133541,71,14,drupal
P8df71877a2,2017,ok,jamil-wilson,20160805184519,52,19,drupal
P5aa610b7ff,2017,ok,john-holland,20160609222913,17,4,drupal
P3fe5b0aa24,2017,ok,omari-johnson,20100115095238,1,0,drupal
Pfaef4e4fa0,2017,ok,kobi-simmons,20170622162114,55,24,drupal
Pbced5f5600,2017,ok,daniel-theis,20170621042736,32,20,drupal
Pb8664aec2d,2017,no_profile,,,0,0,
Pac86c1698b,2017,ok,aaron-jackson,20160331163406,12,3,drupal
Pf135ac542c,2017,ok,austin-nichols,20170614191128,67,19,drupal
Pbe8ddcfedd,2017,no_profile,,,0,0,
P6354170b78,2017,ok,craig-victor,20170531140143,22,4,drupal
Pb57f8a063b,2017,ok,darin-johnson,20170617034425,21,19,drupal
Pe000f38dce,2017,ok,elijah-macon,20160817160520,7,1,drupal
Pe10b161d55,2017,ok,james-blackmon,20170614083239,42,13,drupal
P280da25d92,2017,ok,jaren-sina,20170526010141,18,8,drupal
P518109d62a,2017,ok,jaylen-johnson,20160803030432,16,8,drupal
P42302cf51e,2017,ok,lj-peak,20170614185349,24,9,drupal
P9f172daeb6,2017,ok,marcus-keene,20170619232647,18,12,drupal
P70f8b46029,2017,ok,matt-taylor,20170531140213,5,4,drupal
P1f842c307e,2017,ok,maverick-rowan,20160828022328,15,4,drupal
Pa34ab286f7,2017,ok,melo-trimble,20170609044511,79,32,drupal
P334022cd7d,2017,ok,ted-kapita,20170614081046,15,4,drupal
P097ac7e3e1,2017,ok,trevor-thompson,20170614083345,14,7,drupal
P55d017c927,2018,ok,deandre-ayton,20180616074456,145,39,drupal
P42b9d239c3,2018,ok,marvin-bagley,20180619213035,103,32,drupal
Pcaa6f4e965,2018,ok,luka-doncic,20180618200104,132,37,drupal
Pae17b87a4a,2018,ok,jaren-jackson-jr,20180617142756,79,26,drupal
Pd4282e2cb6,2018,ok,trae-young,20180618221830,80,31,drupal
P35e592001a,2018,ok,mohamed-bamba,20180616205423,94,26,drupal
P6f990ff013,2018,ok,wendell-carter,20180617144855,88,25,drupal
P4467431c36,2018,ok,collin-sexton,20180620050020,67,22,drupal
P946b6a7bec,2018,ok,kevin-knox,20180615112350,81,30,drupal
Peb77360d78,2018,ok,mikal-bridges,20180616194836,73,26,drupal
P50c2524b85,2018,ok,shai-gilgeous-alexander,20180620051002,63,33,drupal
P57ab80ef44,2018,ok,miles-bridges,20180619234330,83,25,drupal
P6ab3598ab0,2018,ok,jerome-robinson,20180611104531,21,13,drupal
P17f11f33c2,2018,ok,michael-porter,20180616074218,125,33,drupal
Pcabff956fe,2018,ok,troy-brown,20180615123902,64,17,drupal
P1f3e01b488,2018,ok,zhaire-smith,20180620044206,34,20,drupal
P58e5b2eaa8,2018,ok,donte-divincenzo,20180618195842,43,20,drupal
P5e4a09f56c,2018,ok,lonnie-walker,20180620070647,55,20,drupal
P26d2a90c5b,2018,ok,kevin-huerter,20180615124058,30,18,drupal
P82bbff96e6,2018,ok,josh-okogie,20180620043917,33,13,drupal
Pdb9cad4004,2018,ok,grayson-allen,20180618205916,94,18,drupal
P4d03279429,2018,ok,chandler-hutchison,20180616223930,27,12,drupal
P75b2e5cfed,2018,ok,aaron-holiday,20180610115011,56,14,drupal
Pf271325d7b,2018,ok,anfernee-simons,20180616195208,33,19,drupal
P5da3d9ffcd,2018,ok,moritz-wagner,20180613152335,44,19,drupal
Pf507011aa5,2018,ok,landry-shamet,20180619222444,41,18,drupal
P8926a62cc8,2018,ok,robert-williams,20180615101922,60,23,drupal
Pbe6b6d05a9,2018,ok,jacob-evans,20180618200310,34,17,drupal
P61add2364f,2018,ok,dzanan-musa,20180619184209,67,19,drupal
P688b157768,2018,ok,omari-spellman,20180615102023,43,19,drupal
Pf5ec6d144b,2018,ok,elie-okobo,20180610115320,24,14,drupal
P15b5ca7021,2018,ok,jevon-carter,20180606141036,30,13,drupal
P9f769e6678,2018,ok,jalen-brunson,20180615103203,61,23,drupal
P15b4774186,2018,ok,devonte-graham,20180602090318,44,13,drupal
Pb53e68dfee,2018,ok,melvin-frazier,20180618195155,27,17,drupal
Pd064221ae2,2018,ok,mitchell-robinson,20180615102013,59,21,drupal
P9106a597f3,2018,ok,gary-trent-jr,20180620054034,75,22,drupal
P8eec131338,2018,ok,khyri-thomas,20180616073552,27,12,drupal
Pefc5241948,2018,ok,isaac-bonga,20180618045119,55,17,drupal
P379ec45447,2018,ok,rodions-kurucs,20180620044840,64,17,drupal
P3e065b4b4e,2018,ok,jarred-vanderbilt,20180606113454,58,23,drupal
Pe581c6d22f,2018,ok,bruce-brown,20180602172821,36,12,drupal
P8ecb19c544,2018,ok,hamidou-diallo,20180619185804,62,21,drupal
P27d264f43c,2018,ok,deanthony-melton,20180615103303,25,13,drupal
P0ca52587ca,2018,ok,sviatoslav-mykhailiuk,20180615102357,92,19,drupal
P6786e0dd88,2018,ok,keita-bates-diop,20180615103213,46,19,drupal
P1a46c41bff,2018,ok,chimezie-metu,20180529051601,45,14,drupal
Pa129b1725d,2018,ok,alize-johnson,20180602091019,25,10,drupal
Peef8948765,2018,ok,vince-edwards,20180429101547,35,10,drupal
P1597c7370a,2018,ok,devon-hall,20180615170615,15,8,drupal
Paa92a86ff3,2018,ok,shake-milton,20180602082617,31,13,drupal
P5ff9cbca0f,2018,ok,arnoldas-kulboka,20180618045827,34,13,drupal
P3e655a07ed,2018,ok,raymond-spalding,20180616045136,23,13,drupal
Pbb5225b691,2018,ok,kevin-hervey,20180607120857,25,12,drupal
Pb5f59c2405,2018,ok,thomas-welsh,20180619220022,48,15,drupal
P004efe3965,2018,ok,george-king,20180617135804,17,8,drupal
P4f854a47d9,2018,ok,kostas-antetokounmpo,20180610120508,56,12,drupal
Pb88771c23a,2018,ok,jordan-sibert,20160606114105,22,0,drupal
P7ab7e9a49e,2018,ok,julian-washburn,20150907081047,1,0,drupal
Pb2b564e4f2,2018,no_profile,,,0,0,
P55c2defaf8,2018,ok,mitchell-creek,20160324092722,6,0,drupal
Pf5a8190f4f,2018,ok,troy-caupain,20180609145049,23,7,drupal
Pf3d3c05896,2018,ok,isaiah-briscoe,20180525095631,70,17,drupal
Pf3241f5074,2018,ok,dusty-hannahs,20180613052437,11,5,drupal
P9bb134b52c,2018,ok,billy-garrett,20170702194801,31,4,drupal
Pa84706eb34,2018,no_profile,,,0,0,
P3f77f707c0,2018,ok,rawle-alkins,20180529213455,57,19,drupal
Pa08fe4841f,2018,ok,trevon-duval,20180606163442,56,14,drupal
Pfc813e5d63,2018,ok,yante-maten,20180606163928,27,8,drupal
Pa5c483aef9,2018,ok,allonzo-trier,20180618210614,60,13,drupal
P67e5a8f825,2018,ok,kenrich-williams,20180607112743,21,8,drupal
P64a44986ea,2018,ok,theo-pinson,20180525110435,56,13,drupal
P2b78ea748d,2018,ok,bonzie-colson,20180606112355,27,10,drupal
P8c5417b762,2018,ok,donte-grantham,20180516145530,21,5,drupal
Pb779a9fa56,2018,ok,deng-adel,20180607141631,39,11,drupal
P88accb87c9,2018,ok,tyler-davis,20180525094729,29,10,drupal
P86827217ed,2018,ok,marcus-derrickson,20180618195145,18,8,drupal
Pef380f9642,2018,ok,brandon-sampson,20180602091907,17,6,drupal
Pf2fe8710f7,2018,ok,gary-clark,20180529221735,32,9,drupal
P61e8cd7d80,2018,ok,angel-delgado,20180524155337,33,9,drupal
P98ab129fa2,2018,ok,jaylen-adams,20180606111029,24,8,drupal
Pc317d28310,2018,ok,jp-macura,20180620044100,31,7,drupal
P87c0df2ff6,2018,ok,jared-terrell,20180606105343,31,9,drupal
Pda6183deac,2018,ok,deonte-burton-0,20170726114836,84,7,drupal
P4c0563638d,2018,ok,duncan-robinson,20180222195130,5,2,drupal
Pdd2dc8d5b8,2018,ok,daryl-macon,20180615052411,12,5,drupal
Pfa8477edf9,2018,ok,yuta-watanabe,20180611112054,6,5,drupal
Pdda77ad869,2018,ok,johnathan-williams,20180524161546,38,8,drupal
P4e98315e7d,2018,no_profile,,,0,0,
P8fc9787b05,2018,no_profile,,,0,0,
Pefe5f00afd,2018,ok,ryan-broekhoff,20150907003909,1,0,drupal
P4098a4e5cd,2018,no_profile,,,0,0,
Pde1bad3875,2018,ok,zach-lofton,20180618200215,16,8,drupal
P8843180e2e,2018,ok,brandon-goodwin,20170929125306,8,4,drupal
Pf9200340d9,2018,ok,bj-johnson,20180527053613,14,5,drupal
Pb10189ae74,2018,ok,chris-chiozza,20180606110354,24,9,drupal
P82f3368572,2018,no_profile,,,0,0,
P4294404a76,2018,ok,drew-eubanks,20180604193803,25,8,drupal
P8c68a86e22,2018,no_profile,,,0,0,
P5c0dd77b3d,2018,no_profile,,,0,0,
P9ce3123e64,2018,ok,isaac-humphries,20180610183744,36,10,drupal
P7f30d796bb,2018,no_profile,,,0,0,
Pd125ec3ee3,2018,ok,brad-wanamaker,20171112195141,39,4,drupal
Pe0f4e51abf,2018,ok,amile-jefferson,20180607131134,79,9,drupal
Pd1f1ba6351,2018,ok,ajdin-penava,20180617141251,11,8,drupal
P212def8838,2018,ok,brandon-mccoy,20180613151558,46,14,drupal
P480c7bd367,2018,ok,bryant-crawford,20180610115021,30,7,drupal
P665ee60687,2018,ok,corey-sanders,20180606112310,48,9,drupal
P16c24a4b1f,2018,ok,dj-hogg,20180612141144,36,10,drupal
P9da71ed5b4,2018,ok,deangelo-isby,20180502065006,6,5,drupal
P9425f36257,2018,no_profile,,,0,0,
P503b298309,2018,ok,dikembe-dixson,20180528003416,16,8,drupal
P5a52d22738,2018,ok,doral-moore,20180523153255,15,8,drupal
P40b8fb181b,2018,ok,eric-davis,20180430093632,11,4,drupal
P3da380186d,2018,ok,fred-sims,20180523133310,15,7,drupal
P4d3e8e1430,2018,no_profile,,,0,0,
Pb670429ce2,2018,ok,kameron-chatman,20180223204424,16,6,drupal
Pdc6d30b38b,2018,ok,leron-black,20180610115042,37,7,drupal
P967c24e09d,2018,ok,makinde-london,20180501150020,6,4,drupal
P72c5e8d0fa,2018,ok,marquez-letcher-ellis,20180430093712,6,4,drupal
P65f2080ef4,2018,ok,max-montana,20180618191754,5,2,drupal
Pcdc9c2f7c5,2018,ok,mike-amius,20180430093737,5,4,drupal
P0984734cb9,2018,ok,terry-larrier,20180606123448,42,10,drupal
P4ebe015218,2018,ok,tony-carr,20180608161153,22,10,drupal
P9d76a38c5e,2018,ok,yankuba-sima,20180501030722,25,5,drupal
P00e7133fc6,2019,ok,zion-williamson,20190422141343,75,24,drupal
Pfe4fcea486,2019,ok,ja-morant,20190504005526,19,14,drupal
Pa9cae64430,2019,ok,rj-barrett,20190422141318,76,13,drupal
P846172a369,2019,ok,deandre-hunter,20190422141241,26,13,drupal
P297d12820e,2019,ok,darius-garland,20190422141257,47,11,drupal
Pbc4309c829,2019,ok,jarrett-culver,20190422141254,18,10,drupal
P43dec358d1,2019,ok,coby-white,20190422141330,30,10,drupal
Ped6b9a1a7c,2019,ok,jaxson-hayes,20190422141259,14,13,drupal
Pbea2d75e26,2019,ok,rui-hachimura,20190422141312,66,17,drupal
P2f61c21e93,2019,ok,cameron-reddish,20190422141317,54,15,drupal
Pb14f594f0a,2019,ok,cameron-johnson,20190422141343,29,10,drupal
P4a79c6caeb,2019,ok,pj-washington,20190422141342,41,11,drupal
P4ebfdd4833,2019,ok,tyler-herro,20190422141336,33,19,drupal
P714602a9aa,2019,ok,romeo-langford,20190422141318,57,20,drupal
P9540818d9f,2019,ok,sekou-doumbouya,20190527195121,54,19,drupal
P7c5888ec9d,2019,ok,chuma-okeke,20190422141344,14,8,drupal
P6f1d3c64d2,2019,ok,nickeil-alexander-walker,20190422141307,34,11,drupal
P5277c76d51,2019,ok,goga-bitadze,20190422141244,31,12,drupal
P9b3e496395,2019,ok,luka-samanic,20190422141254,40,18,drupal
P4832cf3ea3,2019,ok,matisse-thybulle,20190422141328,29,10,drupal
Peecc71d248,2019,ok,brandon-clarke,20190422141334,17,14,drupal
P023bbe5ec1,2019,ok,grant-williams,20190422141309,24,13,drupal
Pb15c668c3a,2019,ok,darius-bazley,20181110163713,23,10,drupal
Pb16e641fe9,2019,ok,ty-jerome,20190422141334,22,10,drupal
P6a5f6ac2d8,2019,ok,nassir-little,20190422141319,35,7,drupal
Pf1b3205a09,2019,ok,dylan-windler,20190422141341,8,7,drupal
P8209ad6040,2019,ok,mfiondu-kabengele,20190422141302,22,11,drupal
Pefa2378416,2019,ok,jordan-poole,20181111005057,22,13,drupal
Pa4c28f80ad,2019,ok,keldon-johnson,20190422141244,33,16,drupal
Pba03162225,2019,ok,kevin-porter,20190422141314,24,18,drupal
Pe661d7acde,2019,no_capture_before_draft,,,13,13,
Pd17e70140c,2019,ok,kz-okpala,20190422141323,12,8,drupal
P14a01dedf9,2019,ok,carsen-edwards,20190422141308,24,9,drupal
P5cd98708f1,2019,ok,bruno-fernando,20190422141332,47,13,drupal
P2bdd03741b,2019,no_capture_before_draft,,,5,5,
P1ddfe32e8c,2019,ok,cody-martin,20181016131831,20,7,drupal
P027da49c30,2019,no_capture_before_draft,,,6,6,
P2f4b26e6e1,2019,ok,daniel-gafford,20190422141312,30,11,drupal
P76650bc6e2,2019,no_capture_before_draft,,,7,7,
P6336d0d324,2019,ok,justin-james,20181018190234,10,5,drupal
P7ff4af5e7c,2019,ok,eric-paschall,20190422141242,31,10,drupal
P2084d7c5fc,2019,ok,admiral-schofield,20190422141347,18,10,drupal
Pab169ed872,2019,ok,jaylen-nowell,20190422141307,24,5,drupal
P273938bb97,2019,ok,bol-bol,20190422141309,49,10,drupal
P90a39c14ab,2019,ok,isaiah-roby,20190422141324,33,19,drupal
P5c11762ec9,2019,ok,talen-horton-tucker,20190422141339,18,10,drupal
Pd50729b5d0,2019,ok,ignas-brazdeikis,20190422141320,30,11,drupal
P18facb688d,2019,ok,terance-mann,20190422141243,31,9,drupal
P4797fb50d3,2019,ok,quinndary-weatherspoon,20181015203315,27,7,drupal
P277650e4b3,2019,no_capture_before_draft,,,7,7,
Pf6db5ed983,2019,ok,tremont-waters,20181022072157,25,7,drupal
P338a42b9d0,2019,ok,jalen-mcdaniels,20190422141308,14,6,drupal
Pdee21247bb,2019,ok,justin-wright-foreman,20181003002828,13,7,drupal
P224fa713e4,2019,ok,marial-shayok,20150912115242,7,5,drupal
Pb69fbd28c6,2019,ok,kyle-guy,20181111010057,28,8,drupal
P2c24c6affb,2019,no_capture_before_draft,,,10,10,
Pd88f1bdac2,2019,ok,miye-oni,20190422141327,12,5,drupal
P8a97dbabe6,2019,ok,dewan-hernandez,20181026135313,7,5,drupal
P8eb153b63d,2019,no_profile,,,0,0,
P75585aef52,2019,ok,eric-mika,20181026140828,41,9,drupal
P84a6c851a9,2019,ok,paul-watson,20170702174058,7,0,drupal
P4a4f2b1371,2019,ok,brian-bowen,20190422141255,33,9,drupal
P9537391b0e,2019,ok,caleb-martin,20181106152247,27,5,drupal
Pf6658be174,2019,ok,malik-newman,20181024065052,77,10,drupal
P519f028bfb,2019,ok,shamorie-ponds,20181026133731,30,7,drupal
P4f7a1b04a6,2019,ok,oshae-brissett,20181104064743,21,6,drupal
P47c5a2733b,2019,ok,terence-davis,20181018185335,12,7,drupal
Pc3b8b90cf8,2019,ok,tyler-cook,20190422141242,25,7,drupal
P60e6add6f8,2019,ok,kelan-martin,20181028234826,27,5,drupal
Pa9b6b7ec3f,2019,ok,wenyen-gabriel,20181020223231,46,7,drupal
Pbec5e357b6,2019,ok,kendrick-nunn,20181026134822,25,3,drupal
P2061b46d22,2019,ok,jordan-mclaughlin,20181020221810,30,5,drupal
P9406d39f17,2019,no_profile,,,0,0,
P63de5d6c2a,2019,no_profile,,,0,0,
Pd00fce6a5a,2019,ok,zylan-cheatham,20181021144214,25,5,drupal
P4862cd71b2,2019,ok,chris-clemons,20190422141333,13,4,drupal
P1d6fd5f29a,2019,ok,amir-coffey,20181029165507,17,6,drupal
Pcb86ff794b,2019,ok,tacko-fall,20181201051313,59,14,drupal
P8534216773,2019,ok,jared-harper,20181107202444,20,7,drupal
P5a277fef0e,2019,no_capture_before_draft,,,6,6,
P3022e1c032,2019,ok,justin-robinson-0,20170702133315,4,2,drupal
P82887a653c,2019,ok,max-strus,20180418004708,5,4,drupal
P37457bff4f,2019,ok,luguentz-dort,20190422141325,27,12,drupal
P6a3fce0af3,2019,ok,louis-king,20190422141258,18,8,drupal
P6b5b70ee01,2019,ok,jalen-lecque,20190422141256,27,11,drupal
Pc1416b3728,2019,ok,zach-norvell,20181019090000,19,7,drupal
P8df31bfe17,2019,ok,naz-reid,20190422141254,18,17,drupal
Pc53511377b,2019,ok,adam-mokoka,20190422141242,20,12,drupal
P484d9844af,2019,ok,marques-bolden,20181021144726,51,9,drupal
P90d8771ad4,2019,no_profile,,,0,0,
P026aafcf31,2019,ok,devontae-cacok,20181111005515,18,0,drupal
Ped12aa913a,2019,no_capture_before_draft,,,1,1,
P2318b539a3,2019,ok,vic-law,20181029180336,14,3,drupal
P3e9c3ca3d7,2019,no_profile,,,0,0,
P7d0e11d7f1,2019,no_profile,,,0,0,
Pca926e63d0,2019,ok,josh-reaves,20181109152404,9,2,drupal
P804e0e2e1c,2019,ok,rayjon-tucker,20160601170654,16,4,drupal
Pe19880ee92,2019,ok,dean-wade,20181028100322,16,3,drupal
P52c5169542,2019,ok,kyle-alexander,20151118145942,7,4,drupal
P0be342d921,2019,ok,chris-silva,20181013131525,16,6,drupal
P77bf4c6cd4,2019,no_profile,,,0,0,
P2b2d444bdd,2019,ok,william-howard,20150910091904,8,2,drupal
P90844406b5,2019,ok,nicolo-melli,20170512191703,77,8,drupal
P53a27c701d,2019,ok,marko-guduric,20180501040741,23,5,drupal
P34557a899a,2019,no_profile,,,0,0,
Pf0f9e6d8f5,2019,ok,donta-hall,20181104063603,16,5,drupal
P6514225148,2019,ok,matt-thomas,20181018190257,17,1,drupal
Pbda39b05ec,2019,ok,tariq-owens,20181001191436,11,4,drupal
P4043f1171e,2019,no_profile,,,0,0,
P20a99f84fd,2019,ok,juwan-morgan,20181029000944,17,4,drupal
P41398f1a21,2019,ok,norvel-pelle,20180214045012,29,3,drupal
Pfa2560441b,2019,ok,mychal-mulder,20170812135455,6,2,drupal
Pf450c7fe3d,2019,ok,ky-bowman,20190422141320,19,7,drupal
P4516ced6d5,2019,ok,moses-brown,20181019090754,31,13,drupal
P1a41a85440,2019,ok,jaylen-hoard,20190422141333,33,8,drupal
P2185571f79,2019,no_profile,,,0,0,
Pb14e5c1c97,2019,ok,aubrey-dawkins,20190422141255,38,5,drupal
P9308e80088,2019,ok,cameron-lard,20181102061323,12,3,drupal
P19aaf87bc8,2019,ok,charles-matthews,20181107202057,40,5,drupal
Pa5b07b6f43,2019,no_capture_before_draft,,,4,4,
P1464c171bc,2019,ok,dmarcus-simonds,20181028095232,14,5,drupal
Pbafaf944fd,2019,ok,dedric-lawson,20181110175000,41,10,drupal
P25c1384060,2019,ok,isaiah-reese,20181101035608,16,12,drupal
P7c241c8e95,2019,no_profile,,,0,0,
Pb0f44d6b69,2019,ok,jaylen-hands,20190422141256,49,11,drupal
Pbac78302af,2019,ok,justin-simon,20181023120651,16,4,drupal
P56aec34978,2019,ok,kenny-wooten,20181026134556,13,5,drupal
P76d288c08d,2019,ok,kouat-noi,20160601225333,11,3,drupal
Pb1eb09fa94,2019,ok,kris-wilkes,20190422141243,37,7,drupal
P03938af6ae,2019,ok,lamar-peters,20181026134601,23,3,drupal
P7a85c71bc1,2019,ok,martin-krampelj,20170710083946,6,4,drupal
Pc7623d005f,2019,ok,nick-ward,20181028103157,26,6,drupal
P920b587915,2019,ok,sacha-killeya-jones,20181029000113,36,6,drupal
P48e78aee32,2019,ok,sagaba-konate,20181026141209,21,10,drupal
P73b9dbd92b,2019,ok,samir-sehic,20151017142122,3,2,drupal
P71e4b2b4d3,2019,ok,tyus-battle,20181026134445,32,9,drupal
P6d3980e9f0,2019,ok,vj-king,20181010135453,47,5,drupal
P35f0fb7731,2020,ok,anthony-edwards,20201102063503,26,7,wordpress
Pba698d642d,2020,ok,james-wiseman,20201112042355,37,9,wordpress
P3ff36ffdc1,2020,ok,lamelo-ball,20201117220721,59,10,wordpress
P272ac40c3c,2020,ok,patrick-williams,20201031065020,33,10,wordpress
P7699b7f669,2020,ok,isaac-okoro,20200925235019,15,7,wordpress
P6232d5a44f,2020,ok,onyeka-okongwu,20201112032450,22,6,wordpress
Pfe5913c014,2020,ok,killian-hayes,20201031230242,27,7,wordpress
P41612ab4e2,2020,ok,obi-toppin,20201031220203,16,7,wordpress
Pa430d00e1f,2020,ok,deni-avdija,20201101150604,26,5,wordpress
P90a7395cb0,2020,ok,jalen-smith,20201004023945,27,8,wordpress
Pd70c9ef8df,2020,ok,devin-vassell,20201030042901,10,6,wordpress
P1388f2fd26,2020,ok,tyrese-haliburton,20201102165212,25,10,wordpress
P0df73941d8,2020,ok,kira-lewis,20201101135151,14,8,wordpress
Pe6c9de6d86,2020,ok,aaron-nesmith,20201117004813,13,7,wordpress
P388cb0d5da,2020,ok,cole-anthony,20201103142022,35,6,wordpress
Pe0b660d280,2020,ok,isaiah-stewart,20201101095351,30,8,wordpress
P842bafbfda,2020,ok,aleksej-pokusevski,20201118150636,9,3,wordpress
P0cd98a270c,2020,ok,josh-green,20201102032706,30,4,wordpress
P04526b8576,2020,ok,saddiq-bey,20201030210551,13,6,wordpress
Pb7d583a85a,2020,ok,precious-achiuwa,20201116104325,26,14,wordpress
Pa3fa433740,2020,ok,tyrese-maxey,20201101172503,35,9,wordpress
Pe237a28a37,2020,ok,zeke-nnaji,20200924145541,23,5,wordpress
P87be528da0,2020,no_content,leandro-bolmaro,,26,9,
P3c885ec031,2020,ok,rj-hampton,20200924143932,36,9,wordpress
P63236d3a70,2020,ok,immanuel-quickley,20201030172116,31,7,wordpress
Pf46613d969,2020,ok,payton-pritchard,20201027171708,44,14,wordpress
P08bc96e9be,2020,ok,udoka-azubuike,20201029213730,63,2,wordpress
Pa7dbf13041,2020,ok,jaden-mcdaniels,20201111210238,21,6,wordpress
P69f4c7679c,2020,no_content,malachi-flynn,,19,11,
P5be180758a,2020,ok,desmond-bane,20190923015256,9,5,drupal
P289da7f9c1,2020,ok,tyrell-terry,20201101064407,13,5,wordpress
Pad0b972baf,2020,ok,vernon-carey,20201103220339,26,5,wordpress
P48772fff87,2020,ok,daniel-oturu,20201030110837,17,6,wordpress
Pde7308c87b,2020,ok,theo-maledon,20200926051552,19,5,wordpress
P1f88525e9f,2020,ok,xavier-tillman,20190722165558,16,3,drupal
P32d7e7e1eb,2020,ok,tyler-bey,20201103230705,19,7,wordpress
P3bfc12237e,2020,ok,vit-krejci,20180601095758,14,11,drupal
P198bb02a0c,2020,no_content,saben-lee,,5,4,
Pdc083a80a9,2020,ok,elijah-hughes,20200927075126,6,3,wordpress
P04282e0cbf,2020,ok,robert-woodard,20181029165227,9,2,drupal
P716f6175e4,2020,ok,tre-jones,20201103164404,35,3,wordpress
P2b95cb9990,2020,ok,nick-richards,20201030211830,45,6,wordpress
P429838957d,2020,ok,jahmius-ramsey,20200925214709,8,4,wordpress
P04b95b58e0,2020,ok,marko-simonovic,20190824184507,7,5,drupal
P9cddcdc1ad,2020,ok,jordan-nwora,20201101015624,16,3,wordpress
P173da90181,2020,no_content,cj-elleby,,16,5,
Pc2d24d5902,2020,ok,nico-mannion,20201101064527,32,5,wordpress
P866e6f90bf,2020,no_content,isaiah-joe,,7,5,
P2ca61183dc,2020,ok,skylar-mays,20190825101109,10,5,drupal
P625909539a,2020,ok,kj-martin,20170401114546,1,0,drupal
P1cf3ac09b1,2020,ok,cassius-winston,20200923220657,33,4,wordpress
Pb3e461d4cf,2020,no_content,cassius-stanley,,52,4,
Pee12c1b431,2020,ok,jay-scrubb,20201112044210,12,4,wordpress
Pdc49b6ecb0,2020,no_content,grant-riller,,4,2,
P9d5ce33ec0,2020,ok,reggie-perry,20201105223327,28,13,wordpress
P170284fab5,2020,no_content,paul-reed,,11,4,
P641ed83c9a,2020,no_profile,,,0,0,
P8884c4fd03,2020,no_capture_before_draft,,,2,2,
P539176b694,2020,ok,kenyon-martin,20191112205507,73,5,wordpress
Pdd324c8c3a,2020,ok,cameron-oliver,20160821230319,4,0,drupal
Pcf413465aa,2020,ok,amida-brimah,20190818094923,38,2,drupal
P007123cefb,2020,ok,jontay-porter,20201020082349,36,6,wordpress
Pa5bdbe06a8,2020,ok,elijah-bryant,20181019090728,7,1,drupal
P6142a39d2b,2020,no_content,mamadi-diakite,,24,4,
P0fec6c7ff1,2020,ok,robert-franks,20190918204311,18,0,drupal
P076dcdb147,2020,ok,devon-dotson,20201103103727,27,3,wordpress
P98391b949f,2020,ok,killian-tillie,20191020144755,41,5,drupal
Pc5171d01c1,2020,ok,armoni-brooks,20190720143758,4,2,drupal
Pe3d286e6c8,2020,ok,dakota-mathias,20180912124724,4,1,drupal
P2943e264b5,2020,no_profile,,,0,0,
P72ce5af049,2020,no_content,devin-cannady,,3,2,
P34a08a87d4,2020,ok,ashton-hagans,20201031093843,25,5,wordpress
Pc74b3d476e,2020,no_content,lamar-stevens,,27,4,
P80eaeaa85d,2020,no_content,nate-hinton,,5,3,
Pceb9387e05,2020,ok,markus-howard,20201101151907,29,3,wordpress
P4cd6438cc3,2020,no_content,karim-mane,,9,2,
P9580c6ee97,2020,ok,josh-hall,20150920173214,3,2,drupal
P2cd53b2728,2020,no_content,mason-jones,,3,2,
Pc09cd8c6d0,2020,ok,naji-marshall,20190720143750,11,7,drupal
P63a2ab1a2a,2020,ok,nathan-knight,20190818095633,7,4,drupal
Pf75af7bb1f,2020,ok,tyshon-alexander,20190918080557,10,2,drupal
P16e9d60aa9,2020,ok,trent-forrest,20190923100921,9,2,drupal
P4f020a46a6,2020,ok,anthony-lamb,20180226031229,7,3,drupal
Pa8a4b42a31,2020,no_content,malik-fitts,,6,3,
Pc2faa1488c,2020,no_profile,,,0,0,
P12d4263452,2020,ok,jaesean-tate,20170930083131,14,0,drupal
P56764c9c75,2020,ok,anthony-gill,20181001190026,23,1,drupal
P3eb05301ef,2020,no_profile,,,0,0,
Pba89c73461,2020,no_profile,,,0,0,
P9c6ee0d9a6,2020,no_profile,,,0,0,
P837f74ef42,2020,no_profile,,,0,0,
Pe6009787c4,2020,no_content,freddie-gillespie,,4,2,
Pf77538a69a,2020,ok,gabriel-deck,20181025022707,14,1,drupal
P2900148dca,2020,ok,greg-whittington,20160715211319,18,1,drupal
P4722b5d5ff,2020,ok,brendan-bailey,20190721160419,4,1,drupal
Pc4f35f8bd3,2020,no_profile,,,0,0,
P8943f8c99a,2020,no_content,chris-smith,,15,1,
Pa974d0f28b,2020,no_capture_before_draft,,,1,1,
P4ddb9bf638,2020,ok,ej-montgomery,20190923015542,42,5,drupal
Ped501e46cc,2020,ok,emmitt-williams,20200809202443,22,4,wordpress
P9d7519067e,2020,ok,isiaha-mike,20151021052524,3,2,drupal
P92b5b7a56d,2020,no_profile,,,0,0,
P5fdfb73e8f,2020,ok,jordan-tucker,20190919175028,3,0,drupal
P5b50a9b58b,2020,ok,kahlil-whitney,20191214214843,7,0,wordpress
Pd3cfd798be,2020,ok,kaleb-wesson,20190825034013,19,3,drupal
P9b1073be42,2020,ok,lamine-diane,20190916172734,12,2,drupal
Pc76c8c8711,2020,ok,milan-acquaah,20190723095153,12,1,drupal
P51e6803c0a,2020,no_profile,,,0,0,
P2dd8b69701,2020,ok,nick-weatherspoon,20190824231501,28,0,drupal
P770d276313,2020,no_profile,,,0,0,
P051c4d4903,2020,ok,nojel-eastern,20191020195849,8,0,drupal
Pa9f698b274,2020,ok,rayshaun-hammonds,20191018050520,20,2,drupal
P61afdc25a4,2021,ok,cade-cunningham,20210420045740,21,9,wordpress
P64263ced9d,2021,ok,jalen-green,20210517225712,37,14,wordpress
Pc3e0235987,2021,ok,evan-mobley,20210614031434,23,9,wordpress
P45a39b68c1,2021,ok,scottie-barnes,20210725214131,23,9,wordpress
Pc97a1282a3,2021,ok,jalen-suggs,20210614014820,29,10,wordpress
P854a3a23a2,2021,ok,josh-giddey,20210729171735,17,12,wordpress
P7dcdc4ccdd,2021,ok,jonathan-kuminga,20210517222606,31,9,wordpress
Pb2632428b5,2021,ok,franz-wagner,20210420040341,13,10,wordpress
P2c8aa67899,2021,ok,davion-mitchell,20210613091745,15,5,wordpress
P9e82692a6d,2021,ok,ziaire-williams,20210614033220,15,3,wordpress
Pa090759337,2021,ok,james-bouknight,20210706180828,11,5,wordpress
P4e35bd6add,2021,ok,joshua-primo,20210728125738,9,6,wordpress
P05f9ca4653,2021,ok,chris-duarte,20210623170815,13,7,wordpress
Pa0882490f6,2021,ok,moses-moody,20210614021455,12,4,wordpress
P0057628fa2,2021,ok,corey-kispert,20210628180721,20,6,wordpress
Pb3cfb2c388,2021,no_content,alperen-sengun,,20,16,
P54240b8a24,2021,no_content,trey-murphy,,8,6,
Pfce02776de,2021,ok,tre-mann,20210628134522,11,2,wordpress
P69549f38f2,2021,ok,kai-jones,20210613090214,16,4,wordpress
P392363bcf2,2021,ok,jalen-johnson,20210725221847,22,3,wordpress
P721d8fa8f9,2021,ok,keon-johnson,20210614023510,11,5,wordpress
P87ada0d006,2021,ok,isaiah-jackson,20210623211326,14,6,wordpress
P4110110f37,2021,no_content,usman-garuba,,30,4,
Pf6213e9937,2021,ok,josh-christopher,20210713193709,12,2,wordpress
P88205fde52,2021,ok,quentin-grimes,20210422151549,30,6,wordpress
P61d8f8df57,2021,no_content,nahshon-hyland,,7,5,
Pe28113186c,2021,no_content,cameron-thomas,,12,4,
P90b2305671,2021,ok,jaden-springer,20210423014153,20,8,wordpress
Pe728a39ea0,2021,ok,dayron-sharpe,20191020144446,11,6,drupal
P213b82c86a,2021,no_capture_before_draft,,,8,8,
Pb1d56c9c96,2021,ok,isaiah-todd,20210422142359,25,5,wordpress
P5480a34012,2021,ok,jeremiah-robinson-earl,20210513122526,19,3,wordpress
P30169adef4,2021,no_content,jason-preston,,8,5,
P21372aaded,2021,ok,herb-jones,20190819023937,18,11,drupal
P606c98790a,2021,no_content,miles-mcbride,,9,7,
Pc624860c4a,2021,ok,jt-thor,20210415134232,6,3,wordpress
P9fd480084b,2021,ok,ayo-dosunmu,20210729131422,30,10,wordpress
P90932c4b0a,2021,no_content,neemias-queta,,14,5,
P82dc635a40,2021,ok,jared-butler,20210601162814,11,4,wordpress
Pac178f1473,2021,ok,joe-wieskamp,20190722144721,21,16,drupal
Pbfadf35dca,2021,no_content,isaiah-livers,,9,6,
P6680e3073f,2021,ok,greg-brown,20210614034021,19,5,wordpress
P3364db28a5,2021,ok,kessler-edwards,20210728204412,3,2,wordpress
Pb149e1d8c2,2021,no_capture_before_draft,,,4,4,
P152905cef4,2021,no_content,david-johnson,,9,3,
P1e1b55c58c,2021,no_content,sharife-cooper,,11,3,
P30aaba02d5,2021,ok,filip-petrusev,20210623213717,37,6,wordpress
P5705590403,2021,ok,brandon-boston,20210725232532,17,2,wordpress
P60da7b4537,2021,ok,luka-garza,20190825145521,8,2,drupal
P0326e23b0d,2021,ok,charles-bassey,20210623205037,48,6,wordpress
P624b2b5afe,2021,ok,sandro-mamukelashvili,20181013095052,41,5,drupal
Pc131e1ee6f,2021,no_content,aaron-wiggins,,16,5,
Pd1118f9ab3,2021,ok,scottie-lewis,20210709213108,32,1,wordpress
Pba95727095,2021,ok,jericho-sims,20181010135216,16,3,drupal
P2b13664da5,2021,no_content,raiquan-gray,,5,3,
Pa09bdf4e64,2021,no_content,georgios-kalaitzakis,,26,4,
Pfb1f04f295,2021,no_profile,,,0,0,
P3ffd955342,2021,ok,gabe-york,20181001191705,60,1,drupal
P659829b9e5,2021,ok,paris-bass,20160802235959,7,0,drupal
Pdd3a369707,2021,ok,craig-sword,20190919031413,10,0,drupal
P64f9a357ca,2021,ok,jock-landale,20190825211020,21,1,drupal
Pdb02e7ce99,2021,no_profile,,,0,0,
P9161b1752d,2021,ok,jarron-cumberland,20190825211046,8,2,drupal
Pcc9fe4d64c,2021,ok,javin-delaurier,20190923100511,14,1,drupal
P8c6b1e4de6,2021,no_content,myles-powell,,18,3,
P6a7cb1d3a8,2021,ok,lindell-wigginton,20210228103419,42,6,wordpress
P90d6ceb081,2021,no_profile,,,0,0,
P37de3fe8d7,2021,no_profile,,,0,0,
P6e0353adf2,2021,ok,tyler-hall,20190822210625,14,0,drupal
P18f1dedfcb,2021,ok,jaysean-paige,20171024184052,4,0,drupal
P86aa3b2a5e,2021,no_profile,,,0,0,
Pa9952fefb0,2021,no_profile,,,0,0,
Pb52cacc824,2021,ok,omer-yurtseven,20210422145419,66,3,wordpress
Pe225c37146,2021,ok,daishen-nix,20210423023724,12,3,wordpress
P6675265e20,2021,no_content,trevelin-queen,,1,0,
P72f09d9c22,2021,ok,jon-teske,20190825210132,3,0,drupal
P2e4a40f74c,2021,ok,xavier-sneed,20191019182755,19,8,drupal
Pe896f378ca,2021,no_profile,,,0,0,
P7f3328bd09,2021,ok,zavier-simpson,20190923100454,4,0,drupal
P29e5d27062,2021,no_profile,,,0,0,
P48e5247a2d,2021,no_profile,,,0,0,
P46419801dd,2021,ok,brandon-williams,20180430144824,5,0,drupal
P0d7f7c89fd,2021,no_profile,,,0,0,
Ped12721a79,2021,ok,matt-ryan,20190919174647,2,0,drupal
Pd7c45f2e6c,2021,no_profile,,,0,0,
P85bbbd5241,2021,no_content,justin-champagnie,,4,3,
P41bcb3bebd,2021,no_capture_before_draft,,,4,4,
P44ea7b86af,2021,no_content,david-duke,,9,2,
Pc9a85d9349,2021,no_content,aaron-henry,,9,1,
Pc37129efde,2021,ok,trendon-watford,20210420031956,18,2,wordpress
Pcf11d56327,2021,no_content,sam-hauser,,15,7,
Pf2b31fcc76,2021,ok,yves-pons,20210623205004,26,1,wordpress
P71399e9935,2021,ok,marcus-garrett,20180920102340,13,3,drupal
Pff95561f44,2021,no_content,moses-wright,,5,3,
P130d4826ef,2021,ok,mckinley-wright,20190923015235,15,1,drupal
P3692b72eac,2021,ok,javonte-smart,20210119211659,30,5,wordpress
Pa8621489c8,2021,ok,dejon-jarreau,20161225202451,5,2,drupal
P2511a36f77,2021,ok,rj-nembhard,20150915054418,7,2,drupal
P77f7109f5b,2021,ok,duane-washington,20210725224807,8,6,wordpress
P3d136e77bf,2021,no_content,feron-hunt,,2,0,
Pd89d8db6f9,2021,ok,jose-alvarado,20190917073225,5,2,drupal
Pcfa1d05a1c,2021,no_capture_before_draft,,,2,2,
P72048f0a4a,2021,ok,mj-walker,20210419215337,13,2,wordpress
P479c1cba2f,2021,ok,jay-huff,20170904050506,5,1,drupal
P71e4e7122a,2021,ok,mac-mcclung,20181024054910,24,9,drupal
P93a802efd4,2021,no_content,eugene-omoruyi,,2,1,
Paf9449af91,2021,ok,jordan-schakel,20191016203805,2,0,drupal
P40d023c55e,2021,no_capture_before_draft,,,1,1,
Pd4adc2c99d,2021,no_profile,,,0,0,
Pb4df715600,2021,ok,jamorko-pickett,20191022195944,5,0,drupal
P4583d7bf3c,2021,ok,jordan-goodwin,20190825190641,8,0,drupal
P884d72cac4,2021,no_profile,,,0,0,
Pd0398785b7,2021,ok,micah-potter,20150921101111,1,0,drupal
P70fd4037fb,2021,ok,kevin-pangos,20191023133903,34,1,drupal
P31c152a929,2021,no_profile,,,0,0,
P03ad9770c3,2021,ok,cameron-mcgriff,20191019180513,8,0,drupal
Pf10c6bc653,2021,ok,olivier-sarr,20170827230054,10,0,drupal
P457b866328,2021,no_profile,,,0,0,
Pcad1dc504f,2021,ok,keifer-sykes,20191015193703,35,1,drupal
P1f0712d029,2021,ok,braxton-key,20191019181439,13,0,drupal
P36846c8c89,2021,ok,rob-edwards,20191019180436,18,0,drupal
P9badd97dfe,2021,no_content,joel-ayayi,,21,5,
P030ee18cdd,2021,ok,chaundee-brown,20180306165048,8,3,drupal
P9cb019ad12,2021,ok,jaquori-mclaughlin,20170819180437,3,1,drupal
Pfa7ab0de3c,2021,ok,malcolm-hill,20190917073157,25,0,drupal
Pd7fcef8bed,2021,ok,aamir-simms,20190923142935,4,0,drupal
Pe6a7666c97,2021,no_content,alan-griffin,,2,0,
P91c6876a66,2021,no_profile,,,0,0,
Pe77b8e73a4,2021,no_profile,,,0,0,
P5b6cf4f1ea,2021,no_profile,,,0,0,
P5ea4e3ee4a,2021,ok,asante-gist,20150907065455,3,0,drupal
P0aa581f174,2021,no_profile,,,0,0,
P8b8dcb5659,2021,no_content,balsa-koprivica,,38,1,
P44ba277b42,2021,no_profile,,,0,0,
Pa74bde45e0,2021,no_content,brandon-rachal,,2,1,
P4ff3e30134,2021,ok,bryce-wills,20170930023604,6,0,drupal
Pff631d1742,2021,ok,cj-walker,20210423012749,14,1,wordpress
Pc4eb6bb8ac,2021,ok,cameron-krutwig,20181022200628,7,1,drupal
Pf0fd005549,2021,no_content,cameron-thomas,,12,4,
Pd00c1b3d5c,2021,no_profile,,,0,0,
Pe0ef621774,2021,no_profile,,,0,0,
Pd2d3c5dc1a,2021,no_profile,,,0,0,
Pfc89c2e5d3,2021,no_profile,,,0,0,
Pf54b3f87be,2021,ok,christian-terrell,20150922082232,1,0,drupal
P300c3416e0,2021,no_profile,,,0,0,
Pf9546cce6b,2021,no_profile,,,0,0,
P150b11f782,2021,no_content,colbey-ross,,6,3,
P704ac3a95d,2021,no_profile,,,0,0,
P621ab8f1c3,2021,no_content,dj-stewart,,5,3,
P969b4447cc,2021,ok,dj-steward,20191022120818,6,0,drupal
Pdda2ebeb84,2021,ok,damien-jefferson,20150921080019,1,0,drupal
P9951cfb317,2021,no_profile,,,0,0,
P588407dc89,2021,no_profile,,,0,0,
Pa47e64a2a6,2021,no_profile,,,0,0,
P983ac07ff1,2021,no_content,denzel-mahoney,,2,1,
P65cc7bdb71,2021,ok,derek-culver,20150922065157,5,1,drupal
P0843caad4a,2021,no_content,derrick-alston-jr,,7,1,
P21808403e2,2021,ok,devontae-shuler,20180923013226,10,0,drupal
P082336d76f,2021,no_profile,,,0,0,
P3e86849b89,2021,ok,eric-vila,20180415072718,25,0,drupal
Pa99e47f62c,2021,ok,ethan-thompson,20190918184127,9,2,drupal
P26d0fde68c,2021,ok,giorgi-bezhanishvili,20190722061958,4,3,drupal
P8af3d1371a,2021,ok,gorjok-gak,20170809082803,5,0,drupal
Pa617e8f0a5,2021,ok,hasahn-french,20170918204236,10,0,drupal
Pda7b1a3831,2021,no_profile,,,0,0,
P02bad696ed,2021,no_profile,,,0,0,
P4e2fe9e886,2021,ok,isaiah-washington,20181111004858,22,1,drupal
P85b734a34a,2021,ok,jahvon-blair,20190717184515,8,0,drupal
P281db24dd9,2021,no_profile,,,0,0,
P5d11abfd72,2021,no_profile,,,0,0,
Paa313fca48,2021,no_profile,,,0,0,
P4230b28232,2021,no_profile,,,0,0,
Pac3967f922,2021,ok,jeremiah-tilmon,20190818094913,22,3,drupal
Pdab3fd555f,2021,no_profile,,,0,0,
P8147190bb3,2021,ok,jock-perry,20160530141900,6,0,drupal
P0c7e217388,2021,no_profile,,,0,0,
P3da5d3f3f2,2021,no_content,john-petty,,36,3,
Pc594742bb0,2021,no_profile,,,0,0,
P460426d8cf,2021,no_profile,,,0,0,
Pf75780948d,2021,no_profile,,,0,0,
P2c6f1d319f,2021,ok,jordy-tshimanga,20191020195608,3,0,drupal
P2e77fdcd5f,2021,no_profile,,,0,0,
Pf3464e2f59,2021,no_profile,,,0,0,
P2c763c66dd,2021,ok,justin-smith,20191024004602,6,1,drupal
Pb463182292,2021,no_profile,,,0,0,
P35327cfd09,2021,ok,juwan-durham,20190923183124,11,0,drupal
Pe9bc98eac8,2021,no_profile,,,0,0,
P142c728ffd,2021,ok,keith-williams,20180306180120,3,0,drupal
Pd51997c12f,2021,no_profile,,,0,0,
P10bd72ac44,2021,no_profile,,,0,0,
Pfe62281f0a,2021,ok,lj-figueroa,20150921154540,2,0,drupal
P02b23e4abb,2021,no_profile,,,0,0,
Pe21e6b7c7b,2021,no_profile,,,0,0,
P3fe07be031,2021,no_profile,,,0,0,
P832ba46d69,2021,ok,macio-teague,20150919074556,1,0,drupal
P4dedf6acf4,2021,no_profile,,,0,0,
P71a175d36d,2021,ok,makur-maker,20210419222153,14,4,wordpress
P6696ac3d31,2021,no_profile,,,0,0,
P0790a32ce5,2021,no_profile,,,0,0,
P6bb68789bc,2021,no_content,marcus-zegarowski,,5,2,
Pc9e1d3e456,2021,no_content,marek-dolezaj,,1,0,
Pd74e65b4cd,2021,ok,mark-vital,20160828200243,13,0,drupal
Pcf6cf087a0,2021,ok,matt-coleman,20190922110147,35,1,drupal
P6c257fc7cf,2021,ok,matt-haarms,20191023082927,12,0,drupal
P1ee807d537,2021,no_profile,,,0,0,
P6c19d2b0fb,2021,no_content,matt-mitchell,,2,1,
P9adb5133bc,2021,ok,matthew-hurt,20210623210140,16,3,wordpress
P5828555cba,2021,ok,mike-smith,20170917055739,12,0,drupal
Pbe11f21cfa,2021,no_profile,,,0,0,
P03a04d0174,2021,ok,nahziah-carter,20181026140218,19,1,drupal
P57cf716ba7,2021,no_profile,,,0,0,
Pfdd109f0e1,2021,no_profile,,,0,0,
Pe0ad9b9ce5,2021,ok,oscar-da-silva,20191016102822,10,1,drupal
Pe7315ec2ca,2021,no_profile,,,0,0,
P1f2e422e9e,2021,ok,quade-green,20191023083100,15,2,drupal
Pfe47889811,2021,no_profile,,,0,0,
P32b1031886,2021,no_profile,,,0,0,
P719eb17c3d,2021,ok,romello-white,20180924203934,6,0,drupal
Pc46db0f497,2021,no_content,romeo-weems,,9,0,
P64527f643b,2021,no_profile,,,0,0,
P09c06de7d5,2021,no_profile,,,0,0,
P40472c4e0a,2021,ok,sam-cunliffe,20190923100329,5,0,drupal
P452df756e1,2021,no_profile,,,0,0,
P727c27e864,2021,ok,sidney-wilson,20190923015739,2,0,drupal
P07046a9145,2021,no_profile,,,0,0,
P8379cd574e,2021,no_profile,,,0,0,
Pab6fbc3e77,2021,no_profile,,,0,0,
Pba42781d58,2021,no_profile,,,0,0,
Pb0a8811014,2021,ok,taveion-hollingsworth,20191022195046,5,0,drupal
P3096036b7b,2021,no_profile,,,0,0,
Pa0f574a8a8,2021,no_profile,,,0,0,
Pb657fdb74e,2021,ok,troy-baxter,20190720144006,5,0,drupal
P8cbd82dcf2,2021,no_profile,,,0,0,
Pfa7a6f2536,2022,ok,paolo-banchero,20220612235911,21,8,wordpress
Pbfdaa31fd0,2022,ok,chet-holmgren,20220611150712,15,4,wordpress
P12c0373e62,2022,ok,jabari-smith,20220611114838,20,7,wordpress
P86df290cda,2022,ok,keegan-murray,20220609013904,7,4,wordpress
P16b88a2183,2022,no_content,jaden-ivey,,9,4,
Pce7c8a9da0,2022,ok,bennedict-mathurin,20220613170820,13,6,wordpress
P7d4b1d6e8f,2022,no_content,shaedon-sharpe,,6,4,
Pab39ee5462,2022,ok,dyson-daniels,20220613180440,8,4,wordpress
Pe3c0fc5a9e,2022,ok,jeremy-sochan,20220609175321,7,4,wordpress
P919e355315,2022,ok,johnny-davis,20220602175321,5,2,wordpress
P4b5f95e771,2022,ok,ousmane-dieng,20220615061838,7,4,wordpress
Pa89859be17,2022,ok,jalen-williams,20220610014306,8,5,wordpress
P3a3a5bbbef,2022,ok,jalen-duren,20220611034253,16,3,wordpress
P9d848af991,2022,ok,ochai-agbaji,20220522184903,25,6,wordpress
P3a5b76349f,2022,ok,mark-williams,20220611020818,11,3,wordpress
Pa95793f720,2022,ok,aj-griffin,20220518013214,9,3,wordpress
P14882ceff6,2022,no_content,tari-eason,,4,3,
P416088a2b5,2022,no_content,dalen-terry,,13,7,
P97df826a61,2022,no_content,jake-laravia,,4,2,
Pae46fa4aa5,2022,ok,malaki-branham,20220608225858,8,5,wordpress
P3b1e823247,2022,ok,christian-braun,20220622123801,8,4,wordpress
Pa5128e8532,2022,no_content,walker-kessler,,7,4,
P63014948f5,2022,ok,david-roddy,20170709171850,6,3,drupal
P4e8883caf8,2022,ok,marjon-beauchamp,20220611222318,14,3,wordpress
P5cba6e4b4b,2022,ok,blake-wesley,20220613214554,8,4,wordpress
Pa6b76d042d,2022,ok,wendell-moore,20220604013354,16,5,wordpress
P1191691c20,2022,no_content,nikola-jovic,,9,4,
P8be99fecd0,2022,ok,patrick-baldwin,20220604222540,17,3,wordpress
Pa408da26a2,2022,ok,tyty-washington,20220610230656,12,6,wordpress
Pc69570e4d2,2022,no_content,peyton-watson,,6,3,
P76ebdc8d77,2022,ok,andrew-nembhard,20220614165502,46,15,wordpress
P70fa3dc827,2022,ok,caleb-houstan,20220615060954,12,3,wordpress
P9345155d6a,2022,no_content,christian-koloko,,8,5,
Pa2e8c74c1f,2022,ok,jaylin-williams,20220609052651,7,4,wordpress
Paac5dcb74c,2022,ok,max-christie,20220611075307,12,3,wordpress
P20596267f7,2022,ok,jaden-hardy,20220609133908,16,3,wordpress
P8c8d5105c2,2022,ok,kennedy-chandler,20210929015732,6,3,wordpress
Pd5316f2e65,2022,ok,bryce-mcgowens,20220102185740,7,4,wordpress
Pe22f69b7a0,2022,ok,ej-liddell,20220612093039,10,3,wordpress
P123f055136,2022,ok,trevor-keels,20220529135328,7,3,wordpress
Pc5f6ac0bb7,2022,ok,moussa-diabate,20211016053558,11,3,wordpress
Pafb050f1ad,2022,no_content,ryan-rollins,,5,4,
P76f8234113,2022,ok,josh-minott,20211016045804,5,2,wordpress
P6876f611cb,2022,no_capture_before_draft,,,1,1,
Pd6b4848f72,2022,ok,kendall-brown,20220606080705,9,3,wordpress
P7c29e11a29,2022,ok,isaiah-mobley,20220421231928,14,3,wordpress
P9a2935e78c,2022,no_capture_before_draft,,,3,3,
Paee04abbe6,2022,no_content,karlo-matkovic,,8,6,
Pa067c50f94,2022,ok,jd-davison,20211206152347,7,4,wordpress
Pd3eb42d2a8,2022,no_capture_before_draft,,,6,6,
Pd4287ba490,2022,no_capture_before_draft,,,6,6,
Pdd8eeaed18,2022,no_content,jabari-walker,,7,5,
P2e38feab3a,2022,no_profile,,,0,0,
P3698c87daf,2022,no_profile,,,0,0,
P9e732e040b,2022,ok,johnny-juzang,20220407074907,12,3,wordpress
P6521ad0003,2022,ok,julian-champagnie,20220622134108,6,3,wordpress
P8d79cd923c,2022,ok,scotty-pippen,20170930023454,8,3,drupal
P13f00227af,2022,ok,darius-days,20181022200927,7,1,drupal
P836329e077,2022,ok,aj-lawson,20211205233609,20,1,wordpress
Pfd5185bdf5,2022,no_profile,,,0,0,
Pc064a30c43,2022,ok,dru-smith,20191014063637,2,0,drupal
Paf2b091294,2022,ok,michael-foster,20220102114947,11,3,wordpress
P50d6953351,2022,ok,orlando-robinson,20220522052433,10,3,wordpress
Pa06f6a14b5,2022,ok,jamaree-bouyea,20220407080419,7,4,wordpress
Pbccc770021,2022,ok,jordan-hall,20220522043952,5,4,wordpress
P19ae0a39ff,2022,ok,keon-ellis,20220615171722,7,4,wordpress
P868c7d320b,2022,no_capture_before_draft,,,5,5,
Pe54f989cc8,2022,ok,ron-harper-jr,20220623051638,11,3,wordpress
Pc25f9380ba,2022,ok,buddy-boeheim,20191021160130,9,0,drupal
Pdeabbe5993,2022,no_capture_before_draft,,,2,2,
Pc99b219586,2022,no_content,john-butler,,9,2,
P22caf129cd,2022,ok,dereon-seabron,20220315125144,7,4,wordpress
P0234a21988,2022,no_capture_before_draft,,,5,5,
P32ad967364,2022,no_profile,,,0,0,
P821b19c2a1,2022,no_capture_before_draft,,,2,2,
P9f0e3aa432,2022,no_content,aj-green,,5,0,
P8683784c59,2022,no_profile,,,0,0,
P47d96f257b,2022,ok,jack-white,20190825210423,9,0,drupal
P98f4c6dfa5,2022,no_profile,,,0,0,
Pc60f6451c1,2022,ok,cole-swider,20190916211144,15,0,drupal
P017b3a2bee,2022,no_profile,,,0,0,
Pfc4c07b799,2022,ok,lester-quinones,20171212122957,6,2,drupal
Pc44acb797a,2022,no_profile,,,0,0,
P719dac14cb,2022,ok,simone-fontecchio,20200929112025,19,0,wordpress
P328e73174e,2022,no_profile,,,0,0,
P39f2672d8d,2022,no_profile,,,0,0,
P750617fadd,2022,no_capture_before_draft,,,1,1,
P7c732b276f,2022,no_profile,,,0,0,
P93a0142eda,2022,no_profile,,,0,0,
Pec93c68939,2022,ok,aminu-mohammed,20190818095426,9,4,drupal
P539be6c711,2022,no_capture_before_draft,,,1,1,
P96bc00aaed,2022,ok,iverson-molinar,20190919220517,6,4,drupal
P6b997b8b4f,2022,no_content,jaden-jones,,2,1,
P3e1b393a8c,2022,ok,jaden-shackelford,20190818095751,4,0,drupal
P3ebbedffb1,2022,ok,justin-lewis,20170726134038,4,2,drupal
Pe2f97b33d4,2022,no_content,kofi-cockburn,,23,4,
P54ce020bc4,2022,ok,shareef-oneal,20191019075824,44,0,drupal
P144ed94c77,2023,ok,victor-wembanyama,20230323162009,18,7,wordpress
P664a2ede66,2023,ok,brandon-miller,20230622000828,12,4,wordpress
P51e5ade0ce,2023,ok,scoot-henderson,20230523224412,11,3,wordpress
P1999b4880f,2023,no_content,amen-thompson,,10,2,
P9180c4596b,2023,no_content,ausar-thompson,,6,2,
Pa813594724,2023,ok,anthony-black,20230621023052,14,3,wordpress
Pa4e79c2199,2023,ok,bilal-coulibaly,20230621023054,9,4,wordpress
P7bf5b1ca03,2023,ok,jarace-walker,20221203145917,10,3,wordpress
Pe60cc64195,2023,ok,taylor-hendricks,20230621023432,7,5,wordpress
Pf0ef0714b6,2023,ok,cason-wallace,20230106205330,10,3,wordpress
P0035c2f0b3,2023,ok,jett-howard,20230612122325,6,3,wordpress
Pdcc28d7d6b,2023,no_content,dereck-lively,,9,3,
Pfdcf13c664,2023,ok,gradey-dick,20230323162009,14,4,wordpress
P0b253c1504,2023,ok,jordan-hawkins,20230327062043,10,3,wordpress
P6b4a74f110,2023,ok,kobe-bufkin,20230315200716,11,5,wordpress
P523c5eb5e6,2023,ok,keyonte-george,20230323162009,12,5,wordpress
Pf07b0c62fd,2023,ok,jalen-hood-schifino,20230525173733,11,5,wordpress
P3dd06c5ebd,2023,ok,jaime-jaquez,20230621023838,8,1,wordpress
P0db0d3c576,2023,ok,brandin-podziemski,20230617041131,5,4,wordpress
P1e59a7a7a1,2023,ok,cam-whitmore,20230329064308,12,8,wordpress
P9a144a10c5,2023,ok,noah-clowney,20230609160517,7,6,wordpress
Pd742da0a27,2023,ok,dariq-whitehead,20230209162854,15,3,wordpress
P47a1cc70a3,2023,ok,kris-murray,20230328000916,6,1,wordpress
Pbcdd20a9f9,2023,ok,olivier-maxence-prosper,20230619205837,8,7,wordpress
P26ad072598,2023,ok,marcus-sasser,20230603223150,8,4,wordpress
P2a6c79e3dc,2023,ok,ben-sheppard,20230616000938,2,1,wordpress
Pb4a7c38947,2023,ok,nick-smith,20230401040900,7,3,wordpress
P6187cee451,2023,no_capture_before_draft,,,5,5,
P5698276a02,2023,no_content,julian-strawther,,15,2,
P7075ac01b8,2023,no_capture_before_draft,,,1,1,
Pc4ba85a58f,2023,ok,jalen-pickett,20230612235019,5,2,wordpress
P2db6f2cc8f,2023,ok,leonard-miller,20230615175125,8,3,wordpress
P9b886526e3,2023,ok,colby-jones,20230606010221,2,1,wordpress
P89e5a35bc7,2023,no_content,julian-phillips,,9,7,
P737b0588be,2023,ok,andre-jackson,20230531041339,7,2,wordpress
Pe46a376580,2023,no_profile,,,0,0,
Pe356195976,2023,ok,jordan-walsh,20230323162009,9,2,wordpress
P0fe65d2eb8,2023,no_content,mouhamed-gueye,,4,2,
P655613d84a,2023,ok,maxwell-lewis,20230201172937,6,3,wordpress
Pf85863f4bd,2023,ok,amari-bailey,20230619193634,15,5,wordpress
Pf9f33f79e7,2023,no_content,tristan-vukcevic,,10,5,
P71f8c1b48d,2023,ok,rayan-rupert,20230603212307,7,3,wordpress
Pbf5a7a4d5b,2023,no_content,sidy-cissoko,,6,4,
P7200ebcdd8,2023,ok,gg-jackson,20221030233004,9,3,wordpress
Pc074e62881,2023,ok,seth-lundy,20230612000318,2,1,wordpress
P7c2cc1d590,2023,no_profile,,,0,0,
P659b205e3c,2023,ok,emoni-bates,20230125221044,13,2,wordpress
P07bb9cb58f,2023,ok,keyontae-johnson,20230323162009,8,2,wordpress
P18c14dbf8f,2023,ok,jalen-wilson,20230609160441,11,2,wordpress
Pdd1f325a63,2023,no_content,toumani-camara,,11,5,
Pa6029bb5a6,2023,no_content,jaylen-clark,,2,1,
P0e1f032d1f,2023,no_profile,,,0,0,
Pd5f2794063,2023,ok,isaiah-wong,20230602225354,11,1,wordpress
Paf63a5d230,2023,ok,tarik-biberovic,20190923205231,18,1,drupal
P396ba96b58,2023,no_content,trayce-jackson-davis,,13,6,
Paf99c23c4d,2023,ok,chris-livingston,20230323162009,12,2,wordpress
P9305edebac,2023,no_profile,,,0,0,
Pae8a88e0e7,2023,ok,jordan-ford,20190822210601,18,0,drupal
P2dc9628338,2023,no_profile,,,0,0,
Pc51154c628,2023,no_profile,,,0,0,
P8bf21cf88b,2023,no_content,malcolm-cazalon,,21,4,
P2890042448,2023,no_content,dj-carton,,13,0,
P57690f53ec,2023,no_profile,,,0,0,
P5dad28f6cf,2023,ok,ibou-dianko-badji,20191020144238,11,1,drupal
P5d94de4385,2023,no_content,colin-castleton,,2,0,
P4e9a2418a1,2023,ok,henri-drell,20190916210420,8,1,drupal
Pe8ffde2213,2023,ok,oscar-tshiebwe,20230603210208,19,2,wordpress
P3fd81a75e9,2023,ok,izaiah-brockington,20221130072717,4,1,wordpress
P9aef7770b8,2023,ok,terquavion-smith,20230603044659,8,2,wordpress
P3860306e22,2023,ok,jacob-toppin,20230604163631,3,1,wordpress
P441a89e79f,2023,no_content,collin-gillespie,,4,0,
P9d84442310,2023,no_content,javon-freeman-liberty,,1,0,
Pf213d802cd,2023,no_profile,,,0,0,
P8a6f0b4919,2023,ok,jermaine-samuels,20181107201353,25,0,drupal
P9052f13021,2023,ok,jules-bernard,20190826104200,17,0,drupal
P4ff854eadf,2023,no_profile,,,0,0,
P850a7a2631,2023,ok,dmytro-skapintsev,20190824184219,3,0,drupal
Pb3227aeb5d,2023,no_profile,,,0,0,
P96b57657ed,2023,ok,ricky-council,20230604192802,3,2,wordpress
P7589e6b4d5,2023,ok,adam-flagler,20230614040910,5,1,wordpress
Pe1411c667e,2023,ok,adama-sanogo,20230614024055,6,3,wordpress
P1424b0c02d,2023,no_profile,,,0,0,
P16bfe45561,2023,no_profile,,,0,0,
P684bfaf734,2023,no_content,alex-fudge,,5,1,
Pc451072a63,2023,no_profile,,,0,0,
Pf92c037d4b,2023,ok,markquis-nowell,20170919201832,3,0,drupal
Pb7b7147bb1,2023,no_content,drew-peterson,,2,1,
P59007d3b10,2023,no_profile,,,0,0,
P3a22280810,2023,ok,timmy-allen,20170702181025,5,0,drupal
P88b17e8559,2023,no_profile,,,0,0,
P4e1f6ff7ed,2023,ok,duop-reath,20180430131723,6,0,drupal
P0252f7ff7f,2023,no_content,dexter-dennis,,2,0,
P52f2ddbdea,2023,ok,onuralp-bitim,20200809193759,38,0,wordpress
P7f722372b8,2023,ok,maozinha-pereira,20221111141329,3,1,wordpress
P55fe66b9ce,2023,no_profile,,,0,0,
Pf091cf9935,2023,ok,malik-williams,20180306180229,7,0,drupal
P41704425e7,2023,ok,nathan-mensah,20190717184509,6,0,drupal
P7329b5e7c4,2023,no_content,justin-powell,,3,0,
P4d55024373,2023,no_content,mike-miles,,4,0,
P4048f3366a,2023,no_profile,,,0,0,
Pa12a517258,2023,ok,azuolas-tubelis,20230613203820,10,1,wordpress
P23152d31e2,2024,ok,zaccharie-risacher,20240624105645,23,10,wordpress
P65b97df144,2024,ok,alexandre-sarr,20240624144734,12,4,wordpress
P473649a3ff,2024,ok,reed-sheppard,20240418011938,3,2,wordpress
P2a77fa93f7,2024,ok,stephon-castle,20240418011947,10,4,wordpress
Pe083952d4c,2024,ok,ronald-holland,20240418011949,6,3,wordpress
P58407301c7,2024,ok,tidjane-salaun,20240525201143,8,4,wordpress
Pb0cd5d409b,2024,ok,donovan-clingan,20240418011946,5,3,wordpress
P74240d498b,2024,ok,rob-dillingham,20240516020732,8,4,wordpress
P1ccfa6c1ee,2024,ok,zach-edey,20240624094605,10,3,wordpress
Pa245962e52,2024,ok,cody-williams,20240616000359,7,2,wordpress
Pa5d4a8fef6,2024,ok,matas-buzelis,20240418011940,16,8,wordpress
Pd018d62aee,2024,ok,nikola-topic,20240522162849,6,3,wordpress
P32ff4229d3,2024,ok,devin-carter,20240625212734,7,1,wordpress
P4bd2cd3d34,2024,ok,carlton-carrington,20240418011950,7,2,wordpress
Pada60a9da7,2024,ok,kelel-ware,20240623055014,8,0,wordpress
Pa3f4257d20,2024,ok,jared-mccain,20240513181537,9,2,wordpress
P7a95b991f4,2024,ok,dalton-knecht,20240525145721,6,3,wordpress
P13f5a8ca49,2024,ok,tristan-da-silva,20240624170437,5,1,wordpress
P9f04775c7a,2024,ok,jakobe-walter,20240618035933,10,4,wordpress
Pf120e8dc11,2024,no_content,jaylon-tyson,,7,2,
P523c7506e7,2024,ok,yves-missi,20240624172010,10,5,wordpress
P4bbcd3bc18,2024,ok,daron-holmes,20240525075153,4,1,wordpress
P7070c905f3,2024,ok,aj-johnson,20240518134543,9,3,wordpress
Pf4a65045a1,2024,ok,kyshawn-george,20240609164020,5,2,wordpress
Pe79de9d05b,2024,ok,pacome-dadiet,20240622035337,9,1,wordpress
P1a8fd8dc98,2024,ok,dillon-jones,20240626100500,3,0,wordpress
P086a09588e,2024,ok,terrence-shannon,20240519072029,16,1,wordpress
P0d7bcc4d57,2024,ok,ryan-dunn,20240623214017,5,2,wordpress
P429241cb33,2024,ok,isaiah-collier,20240418011942,13,2,wordpress
Pfd3b474513,2024,ok,baylor-scheierman,20240613154844,6,3,wordpress
Pafffac98b2,2024,ok,jonathan-mogbo,20240618214051,4,3,wordpress
P2bc6f2a3aa,2024,ok,kyle-filipowski,20240525180420,7,2,wordpress
P68ff50da96,2024,ok,tyler-smith,20220401022124,109,1,wordpress
Pd1401169e8,2024,ok,tyler-kolek,20240602224806,5,2,wordpress
P35654567c0,2024,ok,johnny-furphy,20240418011945,1,0,wordpress
Pdf5a3388b3,2024,ok,bobi-klintman,20240418011946,8,4,wordpress
P470eca3f49,2024,ok,ajay-mitchell,20240604161313,4,2,wordpress
P0f6f43de8d,2024,no_content,jaylen-wells,,4,2,
P9fc884bebd,2024,ok,oso-ighodaro,20240617221504,4,2,wordpress
P84e9dcbb3e,2024,ok,adem-bona,20240117041249,14,1,wordpress
P367a636ba4,2024,no_content,kj-simpson,,5,2,
Pb1001f743e,2024,ok,pelle-larsson,20240625214730,4,2,wordpress
Pbdde11b624,2024,no_content,jamal-shead,,3,2,
Pcf591b3097,2024,no_capture_before_draft,,,4,4,
P0edbaa5011,2024,ok,antonio-reeves,20240606142125,4,1,wordpress
P3bedf956bf,2024,no_content,harrison-ingram,,9,3,
P82e84aa110,2024,ok,tristen-newton,20240524154143,2,0,wordpress
P7572949d92,2024,ok,enrique-freeman,20240619182625,2,1,wordpress
P0bcbee5c83,2024,no_capture_before_draft,,,3,3,
P4b73f3a250,2024,ok,cam-spencer,20240626095038,5,1,wordpress
P414be319a7,2024,ok,anton-watson,20191019180526,10,0,drupal
Pf7cf72315c,2024,ok,bronny-james,20240616184408,12,7,wordpress
Pd62847824a,2024,ok,kevin-mccullar,20240620233609,6,1,wordpress
Pb1c5565b99,2024,ok,ulrich-chomche,20240524152034,10,7,wordpress
P8b3507dca4,2024,no_content,ariel-hukporti,,22,8,
Pf1dc83702a,2024,ok,jack-mcveigh,20180427142154,7,0,drupal
P44f988dfdd,2024,no_profile,,,0,0,
Pebbeab0c5c,2024,no_content,marcus-bagley,,8,0,
Pf8707c5a5f,2024,no_content,tyson-etienne,,1,0,
Pedbe6303e0,2024,no_profile,,,0,0,
P67a293c7ae,2024,no_profile,,,0,0,
Pe275ca2256,2024,ok,drew-timme,20230923232958,20,0,wordpress
Pc19f23edb3,2024,no_content,keion-brooks,,15,1,
Pc2cfb81ac1,2024,no_profile,,,0,0,
P079058f390,2024,no_profile,,,0,0,
Pa93866e530,2024,ok,trey-alexander,20240609053305,8,0,wordpress
P2382218b2e,2024,ok,naeqwan-tomlin,20240621055529,4,2,wordpress
P66484e16cb,2024,ok,jalen-bridges,20240617180015,1,0,wordpress
Peb437378ff,2024,no_content,jazian-gortman,,4,1,
P218d8c92b9,2024,ok,pj-hall,20240616172903,8,3,wordpress
Pe64515ec9d,2024,no_profile,,,0,0,
Pb1d497dd3b,2024,no_content,emanuel-miller,,3,2,
P72ec1785e5,2024,no_content,isaiah-stevens,,1,0,
P79c8ced5ce,2024,no_content,liam-robbins,,1,0,
Pca5928b452,2024,no_content,damion-baugh,,1,0,
P51e90d8f38,2024,no_profile,,,0,0,
P92095a9676,2024,ok,miles-norris,20150920181909,1,0,drupal
Pbe0b54a1e9,2024,no_profile,,,0,0,
P8b23f27bc8,2024,ok,alex-reese,20161017031220,5,0,drupal
Pc19957985f,2024,no_content,jackson-rowe,,1,0,
P8cc9424d6a,2024,ok,trentyn-flowers,20240622035340,13,6,wordpress
Pdbf2a4e286,2024,ok,justin-edwards,20240117041154,11,0,wordpress
Pa306b38c4f,2024,ok,keshad-johnson,20240609010313,7,3,wordpress
P816913601a,2024,ok,nfaly-dante,20240418011939,25,1,wordpress
P26b4659b22,2024,no_content,branden-carlson,,3,1,
Pd3d2fde686,2024,no_capture_before_draft,,,2,2,
P31a95da41b,2024,no_profile,,,0,0,
Pd4ca66045e,2024,no_profile,,,0,0,
P0e202d21b8,2024,no_content,jesse-edwards,,4,3,
Pd3ead775c1,2024,no_capture_before_draft,,,4,4,
P2524393d71,2024,no_profile,,,0,0,
P6696ce1e71,2024,ok,armel-traore,20240626192425,2,0,wordpress
Pdff50197cb,2024,no_profile,,,0,0,
Pbdf853cdec,2024,no_profile,,,0,0,
Pe8e75a6d90,2024,no_content,jahmir-young,,1,0,
P233044615c,2024,no_content,tolu-smith,,1,0,
P732be498cd,2024,no_profile,,,0,0,
Pf99c720027,2024,no_profile,,,0,0,
P1c48d6e24b,2024,no_profile,,,0,0,
Pe6c95cf044,2024,no_profile,,,0,0,
P99ed7bd6ab,2024,no_profile,,,0,0,
P7f11916058,2024,no_content,yuki-kawamura,,1,0,
P2c7c71307b,2024,no_content,reece-beekman,,5,3,
P424c3aa3f2,2024,ok,carlton-carrington,20240418011950,7,2,wordpress
Peae8be2d88,2024,no_profile,,,0,0,
P75990d7854,2024,no_content,eric-gaines,,3,1,
Paed8dc8f7e,2024,no_profile,,,0,0,
Pa757d2e68d,2024,no_profile,,,0,0,
Pf59a3a471e,2024,no_profile,,,0,0,
Pb8bba3b38a,2024,no_content,jaykwon-walton,,2,0,
Pae3adc3ef4,2024,no_capture_before_draft,,,4,4,
P36a4ba5e62,2024,no_content,mark-armstrong,,4,0,
P1c44c138bb,2024,no_profile,,,0,0,
Pf372901c0b,2024,no_capture_before_draft,,,1,1,
P3d8ccdb639,2025,ok,cooper-flagg,20250604213405,11,1,wordpress
Pf3b62cae3c,2025,ok,dylan-harper,20250604213405,9,0,wordpress
P4e09db2338,2025,ok,vj-edgecombe,20250620141509,7,0,wordpress
P07268bf0e1,2025,ok,kon-knueppel,20250517182214,5,1,wordpress
P12ee990c18,2025,ok,ace-bailey,20250620141509,9,0,wordpress
P3ee6bf444e,2025,ok,tre-johnson,20250424160026,7,0,wordpress
P5f9ce00466,2025,ok,jeremiah-fears,20250424155910,4,0,wordpress
P1a135db58f,2025,ok,egor-demin,20250601123712,4,0,wordpress
P5699f03b57,2025,ok,collin-murray-boyles,20250424155903,3,0,wordpress
Pb9eccb67f7,2025,ok,khaman-maluach,20250424155934,3,0,wordpress
P7ba2fa977b,2025,ok,cedric-coward,20250524064710,1,0,wordpress
P32fecc73d2,2025,ok,noa-essengue,20250522080355,11,4,wordpress
P15b8c13058,2025,ok,derik-queen,20250604213405,11,0,wordpress
Pf4e651b50c,2025,ok,carter-bryant,20250424155946,7,1,wordpress
P3f654a33fe,2025,ok,thomas-sorber,20250615031736,14,4,wordpress
P53f54898a1,2025,no_content,hansen-yang,,4,3,
Pdde13713ff,2025,ok,joan-beringer,20250424160002,2,1,wordpress
P8048267828,2025,ok,walter-clayton,20250424160048,3,0,wordpress
Pd8f68848a0,2025,ok,nolan-traore,20250424155914,4,0,wordpress
Pf54bd6bbc8,2025,no_content,kasparas-jakucionis,,2,0,
P884e8ee6b6,2025,ok,will-riley,20250604213405,6,0,wordpress
P9b4a07a3b9,2025,ok,drake-powell,20250615173246,6,1,wordpress
Pcb16689c6c,2025,ok,asa-newell,20250424155838,9,0,wordpress
P318e86822c,2025,ok,nique-clifford,20250424160051,3,0,wordpress
P679974836f,2025,no_content,jase-richardson,,1,0,
Pec8256037d,2025,no_content,ben-saraf,,4,0,
P307cead4af,2025,ok,danny-wolf,20250424155928,2,0,wordpress
P6ddd309f80,2025,no_content,hugo-gonzalez,,7,1,
Padf63a93ad,2025,ok,liam-mcneeley,20250424155857,4,0,wordpress
P070f8d3585,2025,ok,yanic-konan-niederhauser,20250522224050,1,0,wordpress
P43b2e2aa2f,2025,ok,rasheer-fleming,20250604213405,7,2,wordpress
Pdec9ef7c46,2025,ok,noah-penda,20250424160056,4,3,wordpress
P155e770e32,2025,no_content,sion-james,,5,0,
Pa29e5f68db,2025,ok,ryan-kalkbrenner,20250424160040,2,0,wordpress
Pad9c27fcb6,2025,ok,johni-broome,20250604213405,4,1,wordpress
P259fbebd69,2025,ok,adou-thiero,20250620141509,6,0,wordpress
Pc0a66d6cca,2025,ok,chaz-lanier,20250604213405,7,1,wordpress
P495dd3afc8,2025,ok,kam-jones,20250624213259,6,0,wordpress
P41ae7c3c75,2025,no_profile,,,0,0,
Pd4c3f94c64,2025,ok,micah-peavy,20250614210843,17,1,wordpress
Pf25d15a954,2025,ok,koby-brea,20250522020914,1,0,wordpress
P24c85e006b,2025,ok,maxime-raynaud,20250424155900,3,0,wordpress
P75527a2d8c,2025,no_content,jamir-watkins,,2,0,
P855a9cc2ba,2025,no_profile,,,0,0,
Pb7270acc46,2025,no_content,rokko-zikarsky,,1,0,
P445f167264,2025,ok,amari-williams,20250620141509,3,0,wordpress
P3651ab0a99,2025,no_content,bogoljub-markovic,,5,0,
Pc2ef5dcf11,2025,ok,javon-small,20250604213405,1,0,wordpress
P49b4c451ec,2025,ok,tyrese-proctor,20250604213405,6,0,wordpress
Pfc563b417e,2025,ok,kobe-sanders,20250604213405,1,0,wordpress
P277e56e049,2025,no_content,mohamed-diawara,,9,0,
P16dc90cb0b,2025,no_capture_before_draft,,,2,2,
P3a6abfac78,2025,no_profile,,,0,0,
Pb74dcb5e35,2025,no_content,lachlan-olbrich,,1,0,
P34c7aa9885,2025,no_capture_before_draft,,,2,2,
P95c84fe799,2025,no_profile,,,0,0,
P98436c11b0,2025,no_profile,,,0,0,
P12fddfeea1,2025,no_profile,,,0,0,
P7fd9e8becb,2025,ok,moussa-cisse,20221001222100,10,0,wordpress
P07d140dc91,2025,no_content,hunter-dickinson,,23,0,
P9436ca936e,2025,no_profile,,,0,0,
P521d05ff22,2025,ok,alex-antetokounmpo,20250122172857,18,0,wordpress
P0a66817947,2025,ok,caleb-love,20250424155859,9,0,wordpress
Pe05466ea0a,2025,no_content,tyler-burton,,3,0,
P7271485ede,2025,no_content,lucas-williamson,,1,0,
Pbb5fdc38a3,2025,no_profile,,,0,0,
Pb3ce9ad2a9,2025,no_profile,,,0,0,
P6146f5260f,2025,no_content,grant-nelson,,2,0,
Pc25108b74d,2025,no_profile,,,0,0,
P8d3b3436aa,2025,no_content,mark-sears,,4,1,
Pe7bcbcc1c2,2025,no_profile,,,0,0,
P64fe10bf34,2025,no_profile,,,0,0,
Pf38ea886b7,2025,ok,hunter-sallis,20250620141509,12,0,wordpress
P04c242f081,2025,no_profile,,,0,0,
Pa0366802b4,2025,no_profile,,,0,0,
P07109e12fd,2025,ok,adama-bal,20241214184740,9,0,wordpress
P1945d13d34,2025,ok,blake-hinson,20250424025347,6,0,wordpress
Pedf3dd90d4,2025,ok,tristan-enaruna,20190822164013,2,0,drupal
Pab4be0edd9,2025,no_profile,,,0,0,
P80ff3b7db7,2025,no_profile,,,0,0,
P5bddeea434,2025,no_content,cormac-ryan,,1,0,
P6ce9cb925d,2025,no_content,julian-reese,,4,0,
Pcb59681372,2025,ok,vladislav-goldin,20250429004116,3,1,wordpress
P8961a7643a,2025,no_content,dylan-cardwell,,1,0,
P351397d42c,2025,no_profile,,,0,0,
P03328260f7,2025,no_capture_before_draft,,,1,1,
P1cb017a474,2025,ok,curtis-jones,20170614025419,8,0,drupal
P648e1b1924,2025,no_profile,,,0,0,
P694212af03,2025,no_content,ryan-nembhard,,3,0,
P19a9559b15,2025,no_content,sean-pedulla,,3,2,
P9caa5193d5,2025,no_content,kadary-richmond,,2,0,
P25ddbfff0e,2025,no_profile,,,0,0,
P3b0e47f5ec,2025,no_profile,,,0,0,
P04a83dcaaf,2025,no_profile,,,0,0,
P98f1a6546b,2025,no_content,lj-cryer,,6,0,
Peb9997d32a,2025,no_profile,,,0,0,
P5af1a30da4,2025,no_profile,,,0,0,
P0e11075372,2025,no_profile,,,0,0,
P522b25bae5,2025,no_profile,,,0,0,
P1fe8b7c256,2025,no_profile,,,0,0,
Pd83ff943df,2025,no_profile,,,0,0,
Pd559eb82c1,2025,no_profile,,,0,0,
P14a31d76da,2025,no_profile,,,0,0,
P072482f331,2025,no_profile,,,0,0,
P43bb69ceef,2025,no_profile,,,0,0,
P0eb002afb8,2025,ok,rj-luis,20250604213405,3,1,wordpress
P8db9055dd7,2026,ok,aj-dybantsa,20251121090955,4,0,wordpress
P865ed42223,2026,ok,darryn-peterson,20260117181227,6,0,wordpress
Paae5adeebf,2026,ok,cameron-boozer,20260512154551,16,0,wordpress
Pbbefe0eca9,2026,ok,caleb-wilson,20260512154551,11,0,wordpress
P86042c98c9,2026,no_profile,,,0,0,
P8e7fe9e7e9,2026,ok,mikel-brown,20251118044758,4,0,wordpress
P36ce80df8e,2026,ok,darius-acuff,20250326065551,4,0,wordpress
P0d5beb0152,2026,no_content,kingston-flemings,,2,0,
P9a9f9fa8f1,2026,no_content,morez-johnson,,1,0,
P3dfb31f267,2026,ok,brayden-burries,20251119154234,1,0,wordpress
Pad2abbabb5,2026,ok,yaxel-lendeborg,20251217084536,15,0,wordpress
Pd8381f9e2c,2026,no_content,aday-mara,,4,0,
P9ac54b5d6d,2026,ok,nate-ament,20260225222218,4,0,wordpress
P7235c3ea4e,2026,ok,hannes-steinbach,20260610175024,3,0,wordpress
P5fe334203a,2026,no_content,dailyn-swain,,4,0,
P03f35a2855,2026,no_content,bennett-stirtz,,2,0,
P999bb1cbab,2026,no_profile,,,0,0,
Pfd12de1732,2026,no_content,christian-anderson,,4,0,
P011de6a94b,2026,no_profile,,,0,0,
P7c5fe0ebd3,2026,ok,jayden-quaintance,20251123090104,2,0,wordpress
P0fc299eb1c,2026,no_content,karim-lopez,,3,0,
P81fe4dcd33,2026,ok,labaron-philon,20251121110000,6,0,wordpress
Pd51160cf5e,2026,no_content,zuby-ejiofor,,2,0,
Pd10e0b97d9,2026,no_content,cameron-carr,,1,0,
P2b19f4fd38,2026,ok,sergio-de-larrea,20251119141319,1,0,wordpress
Pb4d81376d2,2026,no_content,tarris-reed,,3,0,
Pdf653f9244,2026,ok,chris-cenac,20260511022349,8,0,wordpress
P279cdc2712,2026,no_content,joshua-jefferson,,1,0,
P53d139a0c8,2026,no_content,alex-karaban,,19,0,
Pf02a0c42ed,2026,no_content,koa-peat,,3,1,
P1fc9b73472,2026,no_profile,,,0,0,
Pbe096a5b87,2026,no_content,richie-saunders,,1,0,
P2086e31fc5,2026,ok,isaiah-evans,20260623174906,7,0,wordpress
Pd88150bb39,2026,ok,meleek-thomas,20260130142148,7,2,wordpress
Pb07d6373bb,2026,no_content,trevon-brazile,,5,0,
Pfc8df2f375,2026,no_content,baba-miller,,9,0,
P1715fe72c5,2026,no_profile,,,0,0,
P0b55371179,2026,no_profile,,,0,0,
P79aaab38df,2026,no_profile,,,0,0,
P6e67770ba5,2026,ok,dillon-mitchell,20250208072227,12,0,wordpress
P8d0ea24592,2026,no_content,otega-oweh,,1,0,
P3778eacc6f,2026,no_profile,,,0,0,
P84f7cbd5a8,2026,no_profile,,,0,0,
Pd084613a9a,2026,no_profile,,,0,0,
P169cb5be9a,2026,no_content,emanuel-sharp,,1,0,
P328a9a467a,2026,no_content,felix-okpara,,1,0,
P9603a14b7f,2026,no_profile,,,0,0,
P4b7967ab2f,2026,no_profile,,,0,0,
Peb3b7288c1,2026,no_content,bryce-hopkins,,7,0,
Pd0d6a519f5,2026,ok,jaden-bradley,20230926184238,11,0,wordpress
P56746fa0a3,2026,no_profile,,,0,0,
Pa5e266180e,2026,no_content,henri-veesaar,,5,0,
P1723d857f7,2026,no_profile,,,0,0,
Pfff8cbaa74,2026,no_profile,,,0,0,
Paf6b5cd8b6,2026,no_profile,,,0,0,
P4eb309e8f6,2026,no_profile,,,0,0,
P9f8f735247,2026,no_profile,,,0,0,
Pf069f7ce7d,2026,no_content,jaron-pierre,,2,0,
P01dc454b71,2026,no_profile,,,0,0,
P3cb9458e5b,2026,no_content,malique-lewis,,2,0,
P0c63cafc6d,2026,ok,bryson-tucker,20250206181851,4,0,wordpress
