pid,li_has_transcript,li_n_transcripts,li_n_listed,li_silent_share,li_n_answers,li_total_words,li_words_per_answer,li_words_per_sentence,li_long_word_pct,li_ttr500,li_qmark_rate,li_solo_share,li_days_to_draft_last,li_days_to_draft_first,li_span_days,li_authenticity,li_i_we_ratio,li_r_achieve,li_r_article,li_r_auxverb,li_r_certain,li_r_conj,li_r_exclusive,li_r_filler,li_r_function,li_r_future,li_r_i,li_r_motion,li_r_negate,li_r_negemo,li_r_past,li_r_posemo,li_r_prep,li_r_present,li_r_quant,li_r_social,li_r_tentat,li_r_they,li_r_verb,li_r_we,li_r_you
Pfb151947b8,0,0,,,0,0,,,,,,,,,,,,,,,,,,,,,,,,,,,,,,,,,,,
Pb9c8134dba,0,0,,,0,0,,,,,,,,,,,,,,,,,,,,,,,,,,,,,,,,,,,
P70be92ee2a,0,0,,,0,0,,,,,,,,,,,,,,,,,,,,,,,,,,,,,,,,,,,
P7aebb4f3da,0,0,,,0,0,,,,,,,,,,,,,,,,,,,,,,,,,,,,,,,,,,,
Pe4182c4c9a,1,4,4,0.0,24,2816,117.333,14.743,11.1861,0.3948,0.7102,0.0,86,89,3,6.7472,0.38356,11.3636,66.4062,111.5057,12.0739,35.5114,9.9432,27.6989,555.0426,15.625,29.8295,26.2784,18.4659,6.7472,50.7812,28.054,127.8409,161.2216,24.1477,76.3494,6.7472,36.9318,245.0284,47.9403,28.054
Pdaa5dc2ffe,0,0,,,0,0,,,,,,,,,,,,,,,,,,,,,,,,,,,,,,,,,,,
P0a16bf5dcd,0,0,,,0,0,,,,,,,,,,,,,,,,,,,,,,,,,,,,,,,,,,,
P4d044e6517,0,0,,,0,0,,,,,,,,,,,,,,,,,,,,,,,,,,,,,,,,,,,
P332366fd23,0,0,,,0,0,,,,,,,,,,,,,,,,,,,,,,,,,,,,,,,,,,,
Pf596e595fa,0,0,,,0,0,,,,,,,,,,,,,,,,,,,,,,,,,,,,,,,,,,,
P2225ba1e79,0,0,,,0,0,,,,,,,,,,,,,,,,,,,,,,,,,,,,,,,,,,,
Pa1cb69e2d5,1,1,1,0.0,2,97,48.5,19.4,6.1856,,0.0,0.0,483,483,0,20.6186,0.8,10.3093,92.7835,103.0928,0.0,72.1649,20.6186,51.5464,577.3196,0.0,41.2371,30.9278,20.6186,10.3093,51.5464,30.9278,123.7113,195.8763,41.2371,20.6186,30.9278,41.2371,268.0412,10.3093,0.0
Pbd1bd31363,0,0,,,0,0,,,,,,,,,,,,,,,,,,,,,,,,,,,,,,,,,,,
P049a006ba4,1,6,6,0.0,48,5390,112.292,14.184,8.7199,0.376,0.0,0.0,86,460,374,23.0056,0.62069,12.8015,60.6679,100.3711,12.0594,42.115,7.7922,43.5993,556.5863,7.7922,50.0928,23.9332,18.7384,10.9462,60.2968,23.1911,125.7885,157.5139,18.9239,55.4731,9.0909,44.3414,246.5677,30.6122,43.7848
Pf2b2bf7c90,0,0,,,0,0,,,,,,,,,,,,,,,,,,,,,,,,,,,,,,,,,,,
P382ba08b06,0,0,,,0,0,,,,,,,,,,,,,,,,,,,,,,,,,,,,,,,,,,,
Pdfcccbc0ee,0,0,,,0,0,,,,,,,,,,,,,,,,,,,,,,,,,,,,,,,,,,,
P180bfe573f,0,0,,,0,0,,,,,,,,,,,,,,,,,,,,,,,,,,,,,,,,,,,
P5ea8063b82,0,0,,,0,0,,,,,,,,,,,,,,,,,,,,,,,,,,,,,,,,,,,
P8b55924f31,0,0,,,0,0,,,,,,,,,,,,,,,,,,,,,,,,,,,,,,,,,,,
P360a02c8f3,1,5,5,0.0,20,1528,76.4,12.525,10.4058,0.40467,0.6545,0.0,86,459,373,44.5026,0.58642,16.3613,60.8639,88.3508,9.8168,44.5026,9.1623,44.5026,549.0838,4.5812,62.1728,17.0157,13.7435,9.8168,71.3351,25.5236,130.8901,139.3979,24.8691,64.1361,11.7801,36.6492,248.0366,43.8482,21.5969
P8df0a8788c,0,0,,,0,0,,,,,,,,,,,,,,,,,,,,,,,,,,,,,,,,,,,
P22993a7ac8,0,0,,,0,0,,,,,,,,,,,,,,,,,,,,,,,,,,,,,,,,,,,
P52ae6ebde1,0,0,,,0,0,,,,,,,,,,,,,,,,,,,,,,,,,,,,,,,,,,,
P3ef49a42d2,0,0,,,0,0,,,,,,,,,,,,,,,,,,,,,,,,,,,,,,,,,,,
Pa5a2a6e8b9,0,0,,,0,0,,,,,,,,,,,,,,,,,,,,,,,,,,,,,,,,,,,
P91ba0ccfb7,0,0,,,0,0,,,,,,,,,,,,,,,,,,,,,,,,,,,,,,,,,,,
P8b719e2981,1,4,4,0.0,18,644,35.778,11.926,8.3851,0.424,1.5528,0.0,109,482,373,34.1615,0.59677,6.2112,46.5839,100.9317,3.1056,48.1366,9.3168,68.323,541.9255,17.0807,57.4534,29.5031,24.8447,3.1056,76.087,20.1863,110.2484,152.1739,10.8696,49.6894,7.764,41.9255,281.0559,38.8199,38.8199
Pc3df7f8dbd,0,0,2,1.0,0,0,,,,,,,,,,,,,,,,,,,,,,,,,,,,,,,,,,,
P39bae689b5,0,0,,,0,0,,,,,,,,,,,,,,,,,,,,,,,,,,,,,,,,,,,
Pd5c75d3b01,0,0,,,0,0,,,,,,,,,,,,,,,,,,,,,,,,,,,,,,,,,,,
P189ad0416e,0,0,,,0,0,,,,,,,,,,,,,,,,,,,,,,,,,,,,,,,,,,,
Pefcb67dee7,1,2,2,0.0,4,195,48.75,13.0,5.641,,0.0,0.0,112,458,346,10.2564,0.38889,5.1282,56.4103,107.6923,15.3846,56.4103,10.2564,51.2821,600.0,20.5128,35.8974,30.7692,15.3846,5.1282,30.7692,10.2564,164.1026,210.2564,20.5128,66.6667,10.2564,10.2564,256.4103,56.4103,35.8974
P07fb065f28,1,7,11,0.3636,35,2043,58.371,12.534,12.9222,0.4,0.0,0.0,110,481,371,35.2423,0.50467,17.1317,80.7636,104.7479,16.6422,52.8634,10.7685,32.3054,542.3397,12.7264,52.8634,22.0264,10.279,6.3632,71.953,31.3265,121.3901,148.8008,14.1948,69.5056,4.8948,25.9422,251.5908,51.8845,11.7474
P6c17983aad,0,0,,,0,0,,,,,,,,,,,,,,,,,,,,,,,,,,,,,,,,,,,
P0b8d4db24c,0,0,,,0,0,,,,,,,,,,,,,,,,,,,,,,,,,,,,,,,,,,,
P1d1b852c8c,0,0,,,0,0,,,,,,,,,,,,,,,,,,,,,,,,,,,,,,,,,,,
P98015d62ae,0,0,,,0,0,,,,,,,,,,,,,,,,,,,,,,,,,,,,,,,,,,,
P620c88aaa1,1,3,3,0.0,9,385,42.778,9.625,12.4675,,0.0,0.0,109,111,2,33.7662,0.38776,28.5714,62.3377,111.6883,10.3896,31.1688,12.987,33.7662,548.0519,23.3766,49.3506,20.7792,25.974,7.7922,67.5325,41.5584,93.5065,145.4545,25.974,114.2857,7.7922,23.3766,246.7532,77.9221,23.3766
P69d740b582,0,0,1,1.0,0,0,,,,,,,,,,,,,,,,,,,,,,,,,,,,,,,,,,,
P9c1ee88716,0,0,,,0,0,,,,,,,,,,,,,,,,,,,,,,,,,,,,,,,,,,,
P65db320efe,1,2,2,0.0,13,693,53.308,9.761,13.2756,0.446,0.0,0.0,459,460,1,5.772,0.44898,27.417,83.6941,108.2251,5.772,33.189,1.443,34.632,539.6825,10.101,31.746,5.772,11.544,21.645,38.961,37.518,124.0981,148.6291,23.088,60.6061,4.329,31.746,215.0072,38.961,21.645
Pfdb326aa01,0,0,,,0,0,,,,,,,,,,,,,,,,,,,,,,,,,,,,,,,,,,,
Pd764197a9d,0,0,,,0,0,,,,,,,,,,,,,,,,,,,,,,,,,,,,,,,,,,,
P7903308993,1,2,2,0.0,9,273,30.333,13.0,9.8901,,0.0,0.0,482,483,1,-7.326,0.26667,21.978,54.9451,117.2161,3.663,54.9451,3.663,14.652,556.7766,21.978,29.304,32.967,18.315,7.326,54.9451,32.967,120.8791,190.4762,25.641,87.9121,21.978,32.967,285.7143,80.5861,18.315
P1c5dc0dbc6,0,0,,,0,0,,,,,,,,,,,,,,,,,,,,,,,,,,,,,,,,,,,
Paff659398c,0,0,,,0,0,,,,,,,,,,,,,,,,,,,,,,,,,,,,,,,,,,,
P1f7c85948b,0,0,,,0,0,,,,,,,,,,,,,,,,,,,,,,,,,,,,,,,,,,,
P0e7eb7e056,0,0,,,0,0,,,,,,,,,,,,,,,,,,,,,,,,,,,,,,,,,,,
P497243f189,0,0,,,0,0,,,,,,,,,,,,,,,,,,,,,,,,,,,,,,,,,,,
P8955b1a9c4,0,0,,,0,0,,,,,,,,,,,,,,,,,,,,,,,,,,,,,,,,,,,
P9e0485e8f6,0,0,,,0,0,,,,,,,,,,,,,,,,,,,,,,,,,,,,,,,,,,,
Pd72f71c2bb,0,0,,,0,0,,,,,,,,,,,,,,,,,,,,,,,,,,,,,,,,,,,
P2864fd765b,0,0,,,0,0,,,,,,,,,,,,,,,,,,,,,,,,,,,,,,,,,,,
P530a84e49c,0,0,,,0,0,,,,,,,,,,,,,,,,,,,,,,,,,,,,,,,,,,,
P3cfed129a3,0,0,,,0,0,,,,,,,,,,,,,,,,,,,,,,,,,,,,,,,,,,,
P8105ba296c,0,0,,,0,0,,,,,,,,,,,,,,,,,,,,,,,,,,,,,,,,,,,
P7cf0118ef7,0,0,,,0,0,,,,,,,,,,,,,,,,,,,,,,,,,,,,,,,,,,,
P7b63dad40c,0,0,,,0,0,,,,,,,,,,,,,,,,,,,,,,,,,,,,,,,,,,,
Pbc657442d8,0,0,,,0,0,,,,,,,,,,,,,,,,,,,,,,,,,,,,,,,,,,,
Pa0da0f38dc,0,0,,,0,0,,,,,,,,,,,,,,,,,,,,,,,,,,,,,,,,,,,
P9a587a1a63,0,0,,,0,0,,,,,,,,,,,,,,,,,,,,,,,,,,,,,,,,,,,
P2899765f70,0,0,,,0,0,,,,,,,,,,,,,,,,,,,,,,,,,,,,,,,,,,,
P1f84c6033c,0,0,,,0,0,,,,,,,,,,,,,,,,,,,,,,,,,,,,,,,,,,,
Pcb83527531,0,0,,,0,0,,,,,,,,,,,,,,,,,,,,,,,,,,,,,,,,,,,
P9aa2c80a45,0,0,,,0,0,,,,,,,,,,,,,,,,,,,,,,,,,,,,,,,,,,,
Pd49ad433a6,0,0,,,0,0,,,,,,,,,,,,,,,,,,,,,,,,,,,,,,,,,,,
P1de330dcda,0,0,,,0,0,,,,,,,,,,,,,,,,,,,,,,,,,,,,,,,,,,,
Pe7b575da0a,0,0,,,0,0,,,,,,,,,,,,,,,,,,,,,,,,,,,,,,,,,,,
Pbcfa5eaec6,0,0,,,0,0,,,,,,,,,,,,,,,,,,,,,,,,,,,,,,,,,,,
P3f83cdea39,0,0,,,0,0,,,,,,,,,,,,,,,,,,,,,,,,,,,,,,,,,,,
Pc7c312fdc1,0,0,,,0,0,,,,,,,,,,,,,,,,,,,,,,,,,,,,,,,,,,,
Pff73e1eace,0,0,,,0,0,,,,,,,,,,,,,,,,,,,,,,,,,,,,,,,,,,,
Pe88af25410,0,0,,,0,0,,,,,,,,,,,,,,,,,,,,,,,,,,,,,,,,,,,
P854c694553,0,0,,,0,0,,,,,,,,,,,,,,,,,,,,,,,,,,,,,,,,,,,
P1d7e465328,1,2,4,0.5,9,550,61.111,14.865,14.7273,0.444,0.0,0.0,87,822,735,20.0,0.38889,20.0,92.7273,129.0909,10.9091,49.0909,9.0909,16.3636,547.2727,10.9091,25.4545,10.9091,18.1818,3.6364,30.9091,32.7273,125.4545,145.4545,25.4545,63.6364,3.6364,7.2727,223.6364,40.0,10.9091
Peca9b04dbf,0,0,,,0,0,,,,,,,,,,,,,,,,,,,,,,,,,,,,,,,,,,,
P0fd2ff4395,0,0,,,0,0,,,,,,,,,,,,,,,,,,,,,,,,,,,,,,,,,,,
Pac419c235c,0,0,,,0,0,,,,,,,,,,,,,,,,,,,,,,,,,,,,,,,,,,,
P704a5fd478,0,0,,,0,0,,,,,,,,,,,,,,,,,,,,,,,,,,,,,,,,,,,
P0d7e76d154,0,0,,,0,0,,,,,,,,,,,,,,,,,,,,,,,,,,,,,,,,,,,
P98f905fdef,0,0,,,0,0,,,,,,,,,,,,,,,,,,,,,,,,,,,,,,,,,,,
Pdcd864f0fb,1,1,3,0.6667,8,856,107.0,14.759,12.7336,0.41,3.5047,0.0,89,89,0,12.8505,0.4321,21.028,60.7477,103.972,2.3364,44.3925,5.8411,57.243,535.0467,8.1776,40.8879,17.5234,17.5234,16.3551,35.0467,21.028,105.1402,181.0748,16.3551,68.9252,12.8505,30.3738,254.6729,53.7383,42.0561
P842a2f3c2e,1,3,3,0.0,12,842,70.167,15.593,10.3325,0.384,0.0,0.0,111,847,736,45.1306,0.74699,14.2518,74.8219,83.1354,10.6888,61.7577,7.1259,47.5059,543.943,5.9382,73.6342,20.19,14.2518,15.4394,64.133,21.3777,114.0143,141.3302,21.3777,47.5059,11.8765,20.19,228.0285,24.9406,26.1283
P675a30c147,0,0,,,0,0,,,,,,,,,,,,,,,,,,,,,,,,,,,,,,,,,,,
P563df84956,0,0,,,0,0,,,,,,,,,,,,,,,,,,,,,,,,,,,,,,,,,,,
P3a25271b04,1,1,1,0.0,2,115,57.5,11.5,8.6957,,0.0,0.0,112,112,0,-86.9565,0.0,0.0,78.2609,121.7391,0.0,8.6957,0.0,8.6957,556.5217,34.7826,0.0,78.2609,0.0,8.6957,113.0435,17.3913,165.2174,139.1304,26.087,113.0435,0.0,78.2609,313.0435,86.9565,0.0
P75d87cd190,0,0,,,0,0,,,,,,,,,,,,,,,,,,,,,,,,,,,,,,,,,,,
Paf6a9c1c9e,0,0,,,0,0,,,,,,,,,,,,,,,,,,,,,,,,,,,,,,,,,,,
P2ee25c689c,1,2,2,0.0,5,311,62.2,14.136,11.5756,,0.0,0.0,452,453,1,54.6624,0.68,16.0772,83.6013,106.1093,25.7235,35.3698,12.8617,22.508,575.5627,0.0,54.6624,12.8617,22.508,0.0,83.6013,28.9389,125.4019,115.7556,28.9389,41.8006,9.6463,12.8617,221.865,25.7235,32.1543
P1bd862cc0f,0,0,,,0,0,,,,,,,,,,,,,,,,,,,,,,,,,,,,,,,,,,,
P9650bb1a40,0,0,,,0,0,,,,,,,,,,,,,,,,,,,,,,,,,,,,,,,,,,,
Pcba63fe240,0,0,,,0,0,,,,,,,,,,,,,,,,,,,,,,,,,,,,,,,,,,,
Pd4900db84d,0,0,,,0,0,,,,,,,,,,,,,,,,,,,,,,,,,,,,,,,,,,,
P4da2c7e178,0,0,,,0,0,,,,,,,,,,,,,,,,,,,,,,,,,,,,,,,,,,,
Pfcc31e3705,1,1,1,0.0,1,38,38.0,12.667,13.1579,,0.0,0.0,112,112,0,157.8947,1.0,0.0,78.9474,105.2632,0.0,26.3158,26.3158,52.6316,605.2632,0.0,157.8947,26.3158,52.6316,0.0,52.6316,26.3158,131.5789,131.5789,0.0,0.0,0.0,0.0,210.5263,0.0,0.0
P3ebb78aaf3,0,0,,,0,0,,,,,,,,,,,,,,,,,,,,,,,,,,,,,,,,,,,
P6dc3d3ca5e,0,0,,,0,0,,,,,,,,,,,,,,,,,,,,,,,,,,,,,,,,,,,
P2a8e69fc8a,0,0,,,0,0,,,,,,,,,,,,,,,,,,,,,,,,,,,,,,,,,,,
P07655923d4,0,0,,,0,0,,,,,,,,,,,,,,,,,,,,,,,,,,,,,,,,,,,
Pc0571f7238,1,1,1,0.0,4,181,45.25,13.923,6.0773,,0.0,0.0,112,112,0,-5.5249,0.2,38.674,55.2486,66.2983,5.5249,55.2486,11.0497,60.7735,552.4862,5.5249,16.5746,33.1492,33.1492,0.0,82.8729,16.5746,93.9227,154.6961,16.5746,71.8232,5.5249,27.6243,259.6685,66.2983,44.1989
Pd3b6bf6d79,0,0,,,0,0,,,,,,,,,,,,,,,,,,,,,,,,,,,,,,,,,,,
Paeace7e70c,0,0,1,1.0,0,0,,,,,,,,,,,,,,,,,,,,,,,,,,,,,,,,,,,
P989fbfa539,0,0,,,0,0,,,,,,,,,,,,,,,,,,,,,,,,,,,,,,,,,,,
Pe0dd44e42b,0,0,,,0,0,,,,,,,,,,,,,,,,,,,,,,,,,,,,,,,,,,,
Pf532d918b8,1,1,1,0.0,1,28,28.0,14.0,7.1429,,0.0,0.0,112,112,0,-107.1429,0.0,0.0,71.4286,71.4286,35.7143,0.0,0.0,0.0,500.0,0.0,0.0,107.1429,0.0,0.0,178.5714,0.0,71.4286,71.4286,35.7143,214.2857,0.0,35.7143,321.4286,178.5714,0.0
Paa277db6ca,0,0,,,0,0,,,,,,,,,,,,,,,,,,,,,,,,,,,,,,,,,,,
P3d1a59b5a2,0,0,,,0,0,,,,,,,,,,,,,,,,,,,,,,,,,,,,,,,,,,,
P002581103b,0,0,,,0,0,,,,,,,,,,,,,,,,,,,,,,,,,,,,,,,,,,,
P6d3c0c239e,0,0,,,0,0,,,,,,,,,,,,,,,,,,,,,,,,,,,,,,,,,,,
P5303425662,0,0,,,0,0,,,,,,,,,,,,,,,,,,,,,,,,,,,,,,,,,,,
P0fee52cfc4,1,1,2,0.5,4,565,141.25,17.656,12.2124,0.412,0.0,0.0,89,89,0,23.0088,0.47917,17.6991,61.9469,123.8938,10.6195,42.4779,5.3097,47.7876,582.3009,14.1593,40.708,17.6991,24.7788,5.3097,58.4071,19.469,136.2832,164.6018,24.7788,61.9469,12.3894,19.469,246.0177,44.2478,30.0885
P4f8c953cc8,0,0,,,0,0,,,,,,,,,,,,,,,,,,,,,,,,,,,,,,,,,,,
Pe0f44d3916,0,0,,,0,0,,,,,,,,,,,,,,,,,,,,,,,,,,,,,,,,,,,
Pc5a3285209,1,1,1,0.0,4,124,31.0,15.5,12.0968,,8.0645,0.0,847,847,0,24.1935,0.625,32.2581,64.5161,72.5806,0.0,80.6452,8.0645,64.5161,483.871,0.0,40.3226,8.0645,16.129,16.129,72.5806,32.2581,104.8387,137.0968,8.0645,24.1935,16.129,32.2581,217.7419,24.1935,16.129
P0a2d28a2d0,0,0,,,0,0,,,,,,,,,,,,,,,,,,,,,,,,,,,,,,,,,,,
Pc0e2cf5bcc,0,0,,,0,0,,,,,,,,,,,,,,,,,,,,,,,,,,,,,,,,,,,
Pf65d71b77e,0,0,,,0,0,,,,,,,,,,,,,,,,,,,,,,,,,,,,,,,,,,,
P9aa7ef7a41,0,0,,,0,0,,,,,,,,,,,,,,,,,,,,,,,,,,,,,,,,,,,
P666726f41f,0,0,,,0,0,,,,,,,,,,,,,,,,,,,,,,,,,,,,,,,,,,,
Pd1e82d8666,1,1,1,0.0,2,290,145.0,10.357,7.5862,,0.0,0.0,476,476,0,41.3793,0.52381,6.8966,55.1724,72.4138,10.3448,37.931,10.3448,65.5172,555.1724,20.6897,75.8621,34.4828,10.3448,10.3448,79.3103,6.8966,113.7931,175.8621,10.3448,82.7586,3.4483,31.0345,262.069,68.9655,27.5862
P820aca19f1,0,0,,,0,0,,,,,,,,,,,,,,,,,,,,,,,,,,,,,,,,,,,
Pf7459f37f3,0,0,,,0,0,,,,,,,,,,,,,,,,,,,,,,,,,,,,,,,,,,,
Pa93cedf1ed,0,0,,,0,0,,,,,,,,,,,,,,,,,,,,,,,,,,,,,,,,,,,
Pbd83a701c7,1,3,4,0.25,13,1233,94.846,14.506,9.0835,0.411,0.0,0.0,89,451,362,4.0552,0.42202,15.4096,59.2052,106.2449,13.7875,49.4728,6.4882,40.5515,540.957,6.4882,37.3074,27.575,8.9213,12.1655,49.4728,21.8978,133.0089,163.017,26.764,84.3471,9.7324,30.0081,233.5766,51.0949,16.2206
Pca59ea1b39,0,0,,,0,0,,,,,,,,,,,,,,,,,,,,,,,,,,,,,,,,,,,
P2c0a429f79,0,0,,,0,0,,,,,,,,,,,,,,,,,,,,,,,,,,,,,,,,,,,
Pa33e366fdf,0,0,,,0,0,,,,,,,,,,,,,,,,,,,,,,,,,,,,,,,,,,,
P759a9434cf,0,0,,,0,0,,,,,,,,,,,,,,,,,,,,,,,,,,,,,,,,,,,
P8fba680b01,0,0,,,0,0,,,,,,,,,,,,,,,,,,,,,,,,,,,,,,,,,,,
P6d016b475a,0,0,,,0,0,,,,,,,,,,,,,,,,,,,,,,,,,,,,,,,,,,,
P73f5726100,0,0,,,0,0,,,,,,,,,,,,,,,,,,,,,,,,,,,,,,,,,,,
P0e7fc05f4f,0,0,,,0,0,,,,,,,,,,,,,,,,,,,,,,,,,,,,,,,,,,,
P4caf77098c,0,0,,,0,0,,,,,,,,,,,,,,,,,,,,,,,,,,,,,,,,,,,
Pd06a43915a,0,0,,,0,0,,,,,,,,,,,,,,,,,,,,,,,,,,,,,,,,,,,
Pe929ebb536,0,0,,,0,0,,,,,,,,,,,,,,,,,,,,,,,,,,,,,,,,,,,
P1199724869,1,1,2,0.5,2,137,68.5,15.222,8.7591,,0.0,0.0,451,451,0,58.3942,0.90909,21.8978,72.9927,72.9927,14.5985,58.3942,7.2993,65.6934,547.4453,14.5985,72.9927,14.5985,7.2993,7.2993,80.292,36.4964,131.3869,87.5912,36.4964,36.4964,0.0,21.8978,204.3796,7.2993,51.0949
P979bc77e15,0,0,1,1.0,0,0,,,,,,,,,,,,,,,,,,,,,,,,,,,,,,,,,,,
Pc692096d48,0,0,,,0,0,,,,,,,,,,,,,,,,,,,,,,,,,,,,,,,,,,,
Pa08cb88c9e,0,0,,,0,0,,,,,,,,,,,,,,,,,,,,,,,,,,,,,,,,,,,
P634aaac9d4,0,0,,,0,0,,,,,,,,,,,,,,,,,,,,,,,,,,,,,,,,,,,
P3d9db1cda1,1,1,1,0.0,1,78,78.0,8.667,8.9744,,0.0,0.0,87,87,0,12.8205,0.55556,25.641,89.7436,89.7436,0.0,0.0,0.0,38.4615,576.9231,0.0,64.1026,51.2821,0.0,0.0,51.2821,64.1026,153.8462,115.3846,12.8205,89.7436,0.0,51.2821,179.4872,51.2821,0.0
P6031807405,0,0,,,0,0,,,,,,,,,,,,,,,,,,,,,,,,,,,,,,,,,,,
P01fc763e95,1,3,3,0.0,7,329,47.0,10.281,11.8541,,0.0,0.0,109,111,2,36.4742,0.38889,18.2371,79.0274,94.2249,9.1185,45.5927,18.2371,48.6322,528.8754,3.0395,42.5532,12.1581,12.1581,12.1581,79.0274,30.3951,109.4225,109.4225,9.1185,94.2249,3.0395,24.3161,218.845,66.8693,12.1581
P91e42fff83,1,4,4,0.0,15,802,53.467,12.73,11.9701,0.444,0.0,0.0,86,89,3,2.4938,0.57447,11.2219,91.0224,109.7257,9.9751,32.419,4.9875,37.4065,538.6534,13.7157,33.6658,26.1845,18.7032,9.9751,61.0973,17.4564,129.6758,113.4663,27.4314,51.1222,22.4439,41.1471,208.2294,24.9377,8.7282
P7662bd9a71,1,1,1,0.0,2,151,75.5,12.583,9.9338,,0.0,0.0,215,215,0,66.2252,0.68421,6.6225,66.2252,139.0728,6.6225,19.8675,6.6225,6.6225,549.6689,26.4901,86.0927,26.4901,33.1126,0.0,139.0728,19.8675,125.8278,119.2053,19.8675,72.8477,13.245,13.245,298.0132,39.7351,0.0
Pb7f87f6748,0,0,,,0,0,,,,,,,,,,,,,,,,,,,,,,,,,,,,,,,,,,,
P540f972282,0,0,,,0,0,,,,,,,,,,,,,,,,,,,,,,,,,,,,,,,,,,,
P33f4d69488,0,0,,,0,0,,,,,,,,,,,,,,,,,,,,,,,,,,,,,,,,,,,
Pc0e29b5887,0,0,,,0,0,,,,,,,,,,,,,,,,,,,,,,,,,,,,,,,,,,,
P5656ae84e7,1,4,5,0.2,34,2675,78.676,11.008,11.4766,0.4056,0.3738,0.0,86,453,367,29.5327,0.58065,25.0467,74.7664,101.3084,10.4673,34.7664,7.1028,29.5327,530.8411,15.7009,60.5607,28.0374,8.5981,10.0935,71.028,38.1308,134.9533,137.1963,26.5421,74.0187,13.8318,19.0654,238.5047,43.7383,7.4766
P792efcc523,0,0,,,0,0,,,,,,,,,,,,,,,,,,,,,,,,,,,,,,,,,,,
P59cd2b2d22,1,2,2,0.0,5,379,75.8,9.718,9.4987,,0.0,0.0,110,111,1,52.7704,0.94286,0.0,52.7704,124.0106,26.3852,18.4697,7.9156,34.3008,572.5594,10.5541,87.0712,36.9393,15.8311,5.277,79.1557,29.0237,124.0106,150.3958,26.3852,29.0237,13.1926,50.1319,269.1293,5.277,31.6623
P71d533551f,0,0,,,0,0,,,,,,,,,,,,,,,,,,,,,,,,,,,,,,,,,,,
P4c416f9cab,0,0,,,0,0,,,,,,,,,,,,,,,,,,,,,,,,,,,,,,,,,,,
P0459b830f2,0,0,,,0,0,,,,,,,,,,,,,,,,,,,,,,,,,,,,,,,,,,,
Pd2dc1d3e0e,0,0,,,0,0,,,,,,,,,,,,,,,,,,,,,,,,,,,,,,,,,,,
P357471422c,0,0,,,0,0,,,,,,,,,,,,,,,,,,,,,,,,,,,,,,,,,,,
Pb74259d44e,0,0,,,0,0,,,,,,,,,,,,,,,,,,,,,,,,,,,,,,,,,,,
P33c766f164,1,3,3,0.0,5,319,63.8,10.633,10.0313,,0.0,0.0,110,476,366,34.4828,0.65789,18.8088,59.5611,128.5266,6.2696,37.6176,6.2696,43.8871,620.6897,6.2696,78.3699,28.2132,28.2132,21.9436,122.2571,21.9436,112.8527,106.5831,40.7524,50.1567,15.674,25.0784,282.1317,40.7524,9.4044
Pd4f1d19d77,0,0,,,0,0,,,,,,,,,,,,,,,,,,,,,,,,,,,,,,,,,,,
P42dd9e15a4,0,0,,,0,0,,,,,,,,,,,,,,,,,,,,,,,,,,,,,,,,,,,
P4cd866005e,0,0,,,0,0,,,,,,,,,,,,,,,,,,,,,,,,,,,,,,,,,,,
Pfdab72198e,0,0,,,0,0,,,,,,,,,,,,,,,,,,,,,,,,,,,,,,,,,,,
P70ecb2ee9d,0,0,,,0,0,,,,,,,,,,,,,,,,,,,,,,,,,,,,,,,,,,,
P780ecd00c5,0,0,,,0,0,,,,,,,,,,,,,,,,,,,,,,,,,,,,,,,,,,,
P2abf5d1b69,0,0,,,0,0,,,,,,,,,,,,,,,,,,,,,,,,,,,,,,,,,,,
P7d55637f90,0,0,,,0,0,,,,,,,,,,,,,,,,,,,,,,,,,,,,,,,,,,,
P39c99a28df,0,0,,,0,0,,,,,,,,,,,,,,,,,,,,,,,,,,,,,,,,,,,
Pe79941522f,0,0,,,0,0,,,,,,,,,,,,,,,,,,,,,,,,,,,,,,,,,,,
P5635d18ecc,0,0,,,0,0,,,,,,,,,,,,,,,,,,,,,,,,,,,,,,,,,,,
Pe961cc9c52,0,0,,,0,0,,,,,,,,,,,,,,,,,,,,,,,,,,,,,,,,,,,
P47eee57e35,1,3,5,0.4,12,606,50.5,10.821,14.0264,0.424,0.0,0.0,86,88,2,23.1023,0.45833,41.2541,67.6568,105.6106,16.5017,26.4026,4.9505,62.7063,528.0528,14.8515,54.4554,26.4026,16.5017,9.901,84.1584,26.4026,117.1617,127.0627,18.1518,89.1089,6.6007,23.1023,237.6238,64.3564,4.9505
P3514cc9b35,0,0,,,0,0,,,,,,,,,,,,,,,,,,,,,,,,,,,,,,,,,,,
P71645345d7,0,0,,,0,0,,,,,,,,,,,,,,,,,,,,,,,,,,,,,,,,,,,
P021e6add75,0,0,,,0,0,,,,,,,,,,,,,,,,,,,,,,,,,,,,,,,,,,,
P830efff813,0,0,,,0,0,,,,,,,,,,,,,,,,,,,,,,,,,,,,,,,,,,,
Pdacee2a50f,0,0,,,0,0,,,,,,,,,,,,,,,,,,,,,,,,,,,,,,,,,,,
P3769bd015c,0,0,,,0,0,,,,,,,,,,,,,,,,,,,,,,,,,,,,,,,,,,,
P4adcc58a26,0,0,,,0,0,,,,,,,,,,,,,,,,,,,,,,,,,,,,,,,,,,,
P648b9117f8,0,0,,,0,0,,,,,,,,,,,,,,,,,,,,,,,,,,,,,,,,,,,
Pebd90a92ff,0,0,,,0,0,,,,,,,,,,,,,,,,,,,,,,,,,,,,,,,,,,,
P187b6721ca,0,0,,,0,0,,,,,,,,,,,,,,,,,,,,,,,,,,,,,,,,,,,
P6d9b6a98b1,0,0,,,0,0,,,,,,,,,,,,,,,,,,,,,,,,,,,,,,,,,,,
P85381afe4a,0,0,,,0,0,,,,,,,,,,,,,,,,,,,,,,,,,,,,,,,,,,,
P2ca94b8a14,0,0,,,0,0,,,,,,,,,,,,,,,,,,,,,,,,,,,,,,,,,,,
P3c40dc7411,0,0,,,0,0,,,,,,,,,,,,,,,,,,,,,,,,,,,,,,,,,,,
Pe932df1062,0,0,,,0,0,,,,,,,,,,,,,,,,,,,,,,,,,,,,,,,,,,,
P83519063cc,0,0,,,0,0,,,,,,,,,,,,,,,,,,,,,,,,,,,,,,,,,,,
Pfe4a1d82f4,0,0,,,0,0,,,,,,,,,,,,,,,,,,,,,,,,,,,,,,,,,,,
P396b44b337,0,0,,,0,0,,,,,,,,,,,,,,,,,,,,,,,,,,,,,,,,,,,
Pa3f1da9bab,0,0,,,0,0,,,,,,,,,,,,,,,,,,,,,,,,,,,,,,,,,,,
P98207c2747,0,0,,,0,0,,,,,,,,,,,,,,,,,,,,,,,,,,,,,,,,,,,
Pcf7f47cd26,0,0,,,0,0,,,,,,,,,,,,,,,,,,,,,,,,,,,,,,,,,,,
P4b934e1435,0,0,,,0,0,,,,,,,,,,,,,,,,,,,,,,,,,,,,,,,,,,,
Pca9a20b4db,0,0,,,0,0,,,,,,,,,,,,,,,,,,,,,,,,,,,,,,,,,,,
Pe09c2486c8,0,0,,,0,0,,,,,,,,,,,,,,,,,,,,,,,,,,,,,,,,,,,
Pd72acae20f,0,0,,,0,0,,,,,,,,,,,,,,,,,,,,,,,,,,,,,,,,,,,
P797b6b2deb,0,0,,,0,0,,,,,,,,,,,,,,,,,,,,,,,,,,,,,,,,,,,
P06b92eaa32,0,0,,,0,0,,,,,,,,,,,,,,,,,,,,,,,,,,,,,,,,,,,
Pd51bbef7c1,0,0,,,0,0,,,,,,,,,,,,,,,,,,,,,,,,,,,,,,,,,,,
Pb3ff680bd6,0,0,,,0,0,,,,,,,,,,,,,,,,,,,,,,,,,,,,,,,,,,,
Pbc5a0470c9,0,0,,,0,0,,,,,,,,,,,,,,,,,,,,,,,,,,,,,,,,,,,
P014b6ed928,0,0,,,0,0,,,,,,,,,,,,,,,,,,,,,,,,,,,,,,,,,,,
Pae0e6be256,1,3,3,0.0,23,990,43.043,11.124,12.1212,0.434,1.0101,0.0,80,83,3,91.9192,0.84892,11.1111,66.6667,86.8687,17.1717,28.2828,10.101,42.4242,540.404,5.0505,119.1919,20.202,17.1717,17.1717,73.7374,19.1919,131.3131,119.1919,17.1717,36.3636,12.1212,16.1616,215.1515,21.2121,2.0202
Peab571b95d,0,0,,,0,0,,,,,,,,,,,,,,,,,,,,,,,,,,,,,,,,,,,
P39c1b5b439,1,2,2,0.0,13,771,59.308,11.174,8.4306,0.39,0.0,0.0,82,83,1,-5.1881,0.34783,15.5642,63.5538,124.5136,14.2672,28.5344,5.1881,33.7224,552.5292,12.9702,31.1284,27.2374,31.1284,14.2672,66.1479,25.9403,120.6226,172.5032,18.1582,85.6031,10.3761,27.2374,264.5914,58.3658,33.7224
P01056a0f18,0,0,,,0,0,,,,,,,,,,,,,,,,,,,,,,,,,,,,,,,,,,,
P7feaaeffcb,1,3,3,0.0,21,1320,62.857,11.681,9.7727,0.396,1.5152,0.0,80,83,3,26.5152,0.59223,14.3939,61.3636,112.1212,10.6061,26.5152,10.6061,71.9697,548.4848,10.6061,46.2121,21.2121,17.4242,9.0909,49.2424,28.0303,112.1212,209.0909,25.0,42.4242,9.0909,40.9091,284.0909,31.8182,60.6061
P0efa2b4f7d,0,0,2,1.0,0,0,,,,,,,,,,,,,,,,,,,,,,,,,,,,,,,,,,,
P3d283763c2,1,2,2,0.0,4,131,32.75,10.917,4.5802,,7.6336,0.0,105,106,1,30.5344,0.57143,22.9008,76.3359,106.8702,0.0,38.1679,7.6336,38.1679,618.3206,7.6336,61.0687,30.5344,7.6336,7.6336,83.9695,30.5344,190.8397,129.771,15.2672,61.0687,30.5344,15.2672,229.0076,45.8015,0.0
P9dc8436179,0,0,,,0,0,,,,,,,,,,,,,,,,,,,,,,,,,,,,,,,,,,,
Pc5cf3e8f14,0,0,,,0,0,,,,,,,,,,,,,,,,,,,,,,,,,,,,,,,,,,,
Pced63c164c,1,4,5,0.2,20,1277,63.85,11.202,10.3367,0.418,0.0,0.0,80,453,373,9.397,0.35398,18.794,74.3931,119.8121,14.8786,20.3602,5.4816,57.9483,541.112,8.6139,31.3234,17.2279,21.1433,10.1801,69.6946,28.1911,114.3305,152.7016,34.4558,78.3085,9.397,24.2756,263.1167,57.1652,34.4558
P64b1bc7766,0,0,,,0,0,,,,,,,,,,,,,,,,,,,,,,,,,,,,,,,,,,,
P3c6c730bf2,0,0,,,0,0,,,,,,,,,,,,,,,,,,,,,,,,,,,,,,,,,,,
Pace4fe8116,0,0,,,0,0,,,,,,,,,,,,,,,,,,,,,,,,,,,,,,,,,,,
P539180f113,1,5,5,0.0,23,1343,58.391,11.991,8.6374,0.436,0.0,0.0,104,840,736,59.5681,0.66887,10.4244,63.2911,117.6471,16.3812,32.0179,12.6582,23.0827,566.6418,11.9136,75.2048,19.3596,23.0827,8.9352,81.9062,20.1042,122.8593,128.8161,27.5503,59.5681,8.9352,26.8057,239.7617,37.2301,1.4892
P5e97ce9bc9,0,0,,,0,0,,,,,,,,,,,,,,,,,,,,,,,,,,,,,,,,,,,
P37455198a4,0,0,,,0,0,,,,,,,,,,,,,,,,,,,,,,,,,,,,,,,,,,,
Pa526a12aa4,0,0,,,0,0,,,,,,,,,,,,,,,,,,,,,,,,,,,,,,,,,,,
Pb7edd3ead7,1,1,1,0.0,2,87,43.5,17.4,12.6437,,0.0,0.0,1575,1575,0,22.9885,0.75,22.9885,91.954,80.4598,0.0,57.4713,11.4943,80.4598,586.2069,0.0,34.4828,22.9885,0.0,0.0,126.4368,11.4943,137.931,57.4713,68.9655,11.4943,11.4943,68.9655,206.8966,11.4943,0.0
P38d9dee28f,0,0,,,0,0,,,,,,,,,,,,,,,,,,,,,,,,,,,,,,,,,,,
P53313a94c2,0,0,,,0,0,,,,,,,,,,,,,,,,,,,,,,,,,,,,,,,,,,,
P5e60e1df8d,0,0,,,0,0,,,,,,,,,,,,,,,,,,,,,,,,,,,,,,,,,,,
Pc441e97a64,0,0,,,0,0,,,,,,,,,,,,,,,,,,,,,,,,,,,,,,,,,,,
P6294004747,0,0,,,0,0,,,,,,,,,,,,,,,,,,,,,,,,,,,,,,,,,,,
P3dd5c6b05b,0,0,,,0,0,,,,,,,,,,,,,,,,,,,,,,,,,,,,,,,,,,,
Pd0fb9bca1b,0,0,,,0,0,,,,,,,,,,,,,,,,,,,,,,,,,,,,,,,,,,,
Pd8afdd28b5,0,0,,,0,0,,,,,,,,,,,,,,,,,,,,,,,,,,,,,,,,,,,
P82d1799627,0,0,,,0,0,,,,,,,,,,,,,,,,,,,,,,,,,,,,,,,,,,,
Pf4d331b9a5,0,0,,,0,0,,,,,,,,,,,,,,,,,,,,,,,,,,,,,,,,,,,
P47846f7398,0,0,,,0,0,,,,,,,,,,,,,,,,,,,,,,,,,,,,,,,,,,,
P08c56d3590,0,0,,,0,0,,,,,,,,,,,,,,,,,,,,,,,,,,,,,,,,,,,
Pa3bf9b334b,0,0,,,0,0,,,,,,,,,,,,,,,,,,,,,,,,,,,,,,,,,,,
P4649b7d232,0,0,,,0,0,,,,,,,,,,,,,,,,,,,,,,,,,,,,,,,,,,,
P62fd3b7dd9,1,2,2,0.0,10,540,54.0,12.273,10.5556,0.426,0.0,0.0,452,818,366,14.8148,0.43636,12.963,64.8148,105.5556,29.6296,31.4815,9.2593,48.1481,518.5185,14.8148,44.4444,27.7778,16.6667,11.1111,66.6667,40.7407,118.5185,188.8889,20.3704,83.3333,5.5556,33.3333,275.9259,57.4074,5.5556
P9827437e3d,0,0,,,0,0,,,,,,,,,,,,,,,,,,,,,,,,,,,,,,,,,,,
Pa2e0858910,0,0,,,0,0,,,,,,,,,,,,,,,,,,,,,,,,,,,,,,,,,,,
Pe4a1b20238,0,0,,,0,0,,,,,,,,,,,,,,,,,,,,,,,,,,,,,,,,,,,
Pa59b169e09,0,0,,,0,0,,,,,,,,,,,,,,,,,,,,,,,,,,,,,,,,,,,
P3a913af04c,0,0,,,0,0,,,,,,,,,,,,,,,,,,,,,,,,,,,,,,,,,,,
P624e80554f,0,0,2,1.0,0,0,,,,,,,,,,,,,,,,,,,,,,,,,,,,,,,,,,,
P554dd6632a,0,0,,,0,0,,,,,,,,,,,,,,,,,,,,,,,,,,,,,,,,,,,
P9f79255649,0,0,,,0,0,,,,,,,,,,,,,,,,,,,,,,,,,,,,,,,,,,,
Pce38c03d45,1,1,1,0.0,2,324,162.0,17.053,12.6543,,0.0,0.0,106,106,0,-3.0864,0.42857,6.1728,67.9012,111.1111,24.6914,70.9877,9.2593,30.8642,549.3827,3.0864,18.5185,18.5185,21.6049,12.3457,61.7284,9.2593,117.284,132.716,33.9506,55.5556,3.0864,27.7778,231.4815,24.6914,27.7778
P3e7075c22e,0,0,,,0,0,,,,,,,,,,,,,,,,,,,,,,,,,,,,,,,,,,,
P1f926eb06b,0,0,,,0,0,,,,,,,,,,,,,,,,,,,,,,,,,,,,,,,,,,,
P5895ae6315,0,0,,,0,0,,,,,,,,,,,,,,,,,,,,,,,,,,,,,,,,,,,
Pdbacaefe1b,0,0,,,0,0,,,,,,,,,,,,,,,,,,,,,,,,,,,,,,,,,,,
P3b6ec2df2f,0,0,,,0,0,,,,,,,,,,,,,,,,,,,,,,,,,,,,,,,,,,,
Pce9ab1622f,0,0,,,0,0,,,,,,,,,,,,,,,,,,,,,,,,,,,,,,,,,,,
Pb3905915d4,0,0,,,0,0,,,,,,,,,,,,,,,,,,,,,,,,,,,,,,,,,,,
Pf436b2be04,0,0,,,0,0,,,,,,,,,,,,,,,,,,,,,,,,,,,,,,,,,,,
Pd073d30524,1,2,2,0.0,8,540,67.5,13.846,11.1111,0.402,0.0,0.0,1179,1180,1,24.0741,0.35294,7.4074,74.0741,105.5556,31.4815,37.037,9.2593,33.3333,562.963,1.8519,33.3333,16.6667,14.8148,1.8519,77.7778,24.0741,138.8889,129.6296,18.5185,88.8889,5.5556,24.0741,250.0,61.1111,22.2222
Ped90afeb58,0,0,,,0,0,,,,,,,,,,,,,,,,,,,,,,,,,,,,,,,,,,,
P7d6aa2dfe0,0,0,,,0,0,,,,,,,,,,,,,,,,,,,,,,,,,,,,,,,,,,,
Pae24459193,0,0,,,0,0,,,,,,,,,,,,,,,,,,,,,,,,,,,,,,,,,,,
P05a2123919,0,0,,,0,0,,,,,,,,,,,,,,,,,,,,,,,,,,,,,,,,,,,
Pbd99bc4676,0,0,,,0,0,,,,,,,,,,,,,,,,,,,,,,,,,,,,,,,,,,,
P06d8dc5829,0,0,,,0,0,,,,,,,,,,,,,,,,,,,,,,,,,,,,,,,,,,,
P78dd3f3917,1,1,1,0.0,2,121,60.5,9.308,14.0496,,0.0,0.0,476,476,0,-57.8512,0.22222,8.2645,74.3802,90.9091,8.2645,16.5289,0.0,24.7934,487.6033,24.7934,16.5289,49.5868,0.0,24.7934,107.438,0.0,140.4959,123.9669,24.7934,90.9091,0.0,8.2645,239.6694,57.8512,0.0
P769efab0d3,0,0,,,0,0,,,,,,,,,,,,,,,,,,,,,,,,,,,,,,,,,,,
P4be402ea04,0,0,,,0,0,,,,,,,,,,,,,,,,,,,,,,,,,,,,,,,,,,,
P3070bdd73b,0,0,,,0,0,,,,,,,,,,,,,,,,,,,,,,,,,,,,,,,,,,,
P85bb3eb8b9,0,0,,,0,0,,,,,,,,,,,,,,,,,,,,,,,,,,,,,,,,,,,
P8bc3dd7f6c,0,0,,,0,0,,,,,,,,,,,,,,,,,,,,,,,,,,,,,,,,,,,
P26a739545e,0,0,,,0,0,,,,,,,,,,,,,,,,,,,,,,,,,,,,,,,,,,,
Pc1693478f0,0,0,,,0,0,,,,,,,,,,,,,,,,,,,,,,,,,,,,,,,,,,,
P18458ff2ec,0,0,,,0,0,,,,,,,,,,,,,,,,,,,,,,,,,,,,,,,,,,,
Paaef13df6e,0,0,,,0,0,,,,,,,,,,,,,,,,,,,,,,,,,,,,,,,,,,,
P33f86fa27f,0,0,,,0,0,,,,,,,,,,,,,,,,,,,,,,,,,,,,,,,,,,,
P78473875c4,0,0,,,0,0,,,,,,,,,,,,,,,,,,,,,,,,,,,,,,,,,,,
P42e64d32a8,0,0,,,0,0,,,,,,,,,,,,,,,,,,,,,,,,,,,,,,,,,,,
P2cb7a6fa13,0,0,,,0,0,,,,,,,,,,,,,,,,,,,,,,,,,,,,,,,,,,,
P2631037f25,0,0,,,0,0,,,,,,,,,,,,,,,,,,,,,,,,,,,,,,,,,,,
P269736d407,0,0,,,0,0,,,,,,,,,,,,,,,,,,,,,,,,,,,,,,,,,,,
Pfb5ad97400,1,4,7,0.4286,11,669,60.818,10.453,11.8087,0.474,5.9791,0.0,83,469,386,70.2541,0.85075,19.432,58.296,91.1809,7.4738,34.3797,11.9581,47.8326,535.1271,4.4843,85.2018,14.9477,19.432,11.9581,83.707,25.4111,130.0448,92.6756,32.8849,31.3901,8.9686,37.3692,194.3199,14.9477,13.4529
Pec20f0f060,1,8,11,0.2727,29,1118,38.552,10.352,11.1807,0.452,2.6834,0.0,83,840,757,77.8175,0.73282,19.678,62.6118,101.0733,10.7335,31.3059,11.6279,51.8784,537.5671,13.4168,85.8676,16.1002,17.8891,3.5778,81.3953,32.2004,118.9624,121.6458,27.7281,50.0894,13.4168,23.2558,234.347,31.3059,14.3113
Pd353deb783,0,0,,,0,0,,,,,,,,,,,,,,,,,,,,,,,,,,,,,,,,,,,
P5246294b22,0,0,,,0,0,,,,,,,,,,,,,,,,,,,,,,,,,,,,,,,,,,,
P6292223fd6,0,0,,,0,0,,,,,,,,,,,,,,,,,,,,,,,,,,,,,,,,,,,
P8abebd0da5,0,0,,,0,0,,,,,,,,,,,,,,,,,,,,,,,,,,,,,,,,,,,
Pcdb1e8afaa,0,0,,,0,0,,,,,,,,,,,,,,,,,,,,,,,,,,,,,,,,,,,
Pff029e3151,0,0,,,0,0,,,,,,,,,,,,,,,,,,,,,,,,,,,,,,,,,,,
P977a8945dd,0,0,,,0,0,,,,,,,,,,,,,,,,,,,,,,,,,,,,,,,,,,,
P5c0fad1503,0,0,,,0,0,,,,,,,,,,,,,,,,,,,,,,,,,,,,,,,,,,,
P679159f4f1,0,0,,,0,0,,,,,,,,,,,,,,,,,,,,,,,,,,,,,,,,,,,
P6e6444ed0f,0,0,,,0,0,,,,,,,,,,,,,,,,,,,,,,,,,,,,,,,,,,,
Pcca6045f01,0,0,,,0,0,,,,,,,,,,,,,,,,,,,,,,,,,,,,,,,,,,,
P67b7122a99,0,0,,,0,0,,,,,,,,,,,,,,,,,,,,,,,,,,,,,,,,,,,
P44f5111142,0,0,,,0,0,,,,,,,,,,,,,,,,,,,,,,,,,,,,,,,,,,,
P25c05d7b38,0,0,,,0,0,,,,,,,,,,,,,,,,,,,,,,,,,,,,,,,,,,,
P0d50e77b95,0,0,,,0,0,,,,,,,,,,,,,,,,,,,,,,,,,,,,,,,,,,,
Pc9a523c1e4,0,0,,,0,0,,,,,,,,,,,,,,,,,,,,,,,,,,,,,,,,,,,
P0b1f22f2d4,1,1,3,0.6667,4,190,47.5,10.0,13.1579,,0.0,0.0,90,90,0,63.1579,0.66667,5.2632,52.6316,105.2632,26.3158,21.0526,10.5263,47.3684,531.5789,10.5263,73.6842,21.0526,21.0526,0.0,73.6842,10.5263,121.0526,115.7895,31.5789,94.7368,5.2632,10.5263,205.2632,36.8421,0.0
P0685226773,0,0,,,0,0,,,,,,,,,,,,,,,,,,,,,,,,,,,,,,,,,,,
Pe4a9ff24c9,0,0,,,0,0,,,,,,,,,,,,,,,,,,,,,,,,,,,,,,,,,,,
Pbc9cc4070d,0,0,,,0,0,,,,,,,,,,,,,,,,,,,,,,,,,,,,,,,,,,,
P0ad01302af,1,1,3,0.6667,2,319,159.5,14.5,10.0313,,0.0,0.0,90,90,0,62.6959,0.83333,6.2696,84.6395,81.5047,31.348,12.5392,6.2696,62.6959,586.2069,12.5392,78.3699,21.9436,9.4044,0.0,53.2915,18.8088,137.931,109.7179,21.9436,53.2915,0.0,75.2351,178.6834,15.674,18.8088
Pe6c8b117c8,1,2,4,0.5,8,304,38.0,13.818,9.8684,,0.0,0.0,89,90,1,19.7368,0.47826,9.8684,59.2105,88.8158,13.1579,36.1842,23.0263,52.6316,509.8684,32.8947,36.1842,36.1842,19.7368,3.2895,82.2368,36.1842,121.7105,131.5789,23.0263,52.6316,0.0,42.7632,243.4211,39.4737,13.1579
P6547eb6540,0,0,,,0,0,,,,,,,,,,,,,,,,,,,,,,,,,,,,,,,,,,,
P1b3889c122,0,0,,,0,0,,,,,,,,,,,,,,,,,,,,,,,,,,,,,,,,,,,
P7aeaf13cc2,0,0,,,0,0,,,,,,,,,,,,,,,,,,,,,,,,,,,,,,,,,,,
P3dd4b68d3d,0,0,,,0,0,,,,,,,,,,,,,,,,,,,,,,,,,,,,,,,,,,,
P079efef655,0,0,,,0,0,,,,,,,,,,,,,,,,,,,,,,,,,,,,,,,,,,,
Pc02213b2fe,0,0,,,0,0,,,,,,,,,,,,,,,,,,,,,,,,,,,,,,,,,,,
Pffd0721d82,0,0,,,0,0,,,,,,,,,,,,,,,,,,,,,,,,,,,,,,,,,,,
P984d62c606,0,0,,,0,0,,,,,,,,,,,,,,,,,,,,,,,,,,,,,,,,,,,
Pbc201d669f,0,0,,,0,0,,,,,,,,,,,,,,,,,,,,,,,,,,,,,,,,,,,
P8eebd87e26,0,0,,,0,0,,,,,,,,,,,,,,,,,,,,,,,,,,,,,,,,,,,
Pcc92138fb2,0,0,,,0,0,,,,,,,,,,,,,,,,,,,,,,,,,,,,,,,,,,,
Paf7b3d5c90,1,2,2,0.0,6,209,34.833,7.464,15.7895,,0.0,0.0,446,447,1,38.2775,0.6875,9.5694,57.4163,105.2632,4.7847,23.9234,19.1388,52.6316,483.2536,14.3541,52.6316,19.1388,9.5694,14.3541,33.4928,19.1388,114.8325,172.2488,9.5694,23.9234,19.1388,86.1244,239.2344,23.9234,33.4928
Pb3e080e381,1,1,2,0.5,4,191,47.75,11.938,9.4241,,0.0,0.0,1180,1180,0,52.356,0.88235,5.2356,62.8272,99.4764,15.7068,62.8272,5.2356,52.356,581.1518,10.4712,78.534,31.4136,15.7068,0.0,78.534,20.9424,115.1832,130.8901,36.6492,10.4712,10.4712,20.9424,225.1309,10.4712,26.178
P8438cd9418,0,0,,,0,0,,,,,,,,,,,,,,,,,,,,,,,,,,,,,,,,,,,
P20571734e6,0,0,,,0,0,,,,,,,,,,,,,,,,,,,,,,,,,,,,,,,,,,,
P46af6c0052,0,0,,,0,0,,,,,,,,,,,,,,,,,,,,,,,,,,,,,,,,,,,
P92a5884e77,0,0,,,0,0,,,,,,,,,,,,,,,,,,,,,,,,,,,,,,,,,,,
Pd2c0348ebe,0,0,,,0,0,,,,,,,,,,,,,,,,,,,,,,,,,,,,,,,,,,,
Pfa91aaf1ef,0,0,,,0,0,,,,,,,,,,,,,,,,,,,,,,,,,,,,,,,,,,,
Pe4ea2d8948,0,0,,,0,0,,,,,,,,,,,,,,,,,,,,,,,,,,,,,,,,,,,
Pf2b6b60b16,0,0,,,0,0,,,,,,,,,,,,,,,,,,,,,,,,,,,,,,,,,,,
P379acc01ca,0,0,,,0,0,,,,,,,,,,,,,,,,,,,,,,,,,,,,,,,,,,,
Pc7cce81961,0,0,,,0,0,,,,,,,,,,,,,,,,,,,,,,,,,,,,,,,,,,,
P8176cc6d95,0,0,,,0,0,,,,,,,,,,,,,,,,,,,,,,,,,,,,,,,,,,,
P7d5e80b812,0,0,,,0,0,,,,,,,,,,,,,,,,,,,,,,,,,,,,,,,,,,,
Pd53814d6fa,0,0,,,0,0,,,,,,,,,,,,,,,,,,,,,,,,,,,,,,,,,,,
P6ce52469e7,1,5,5,0.0,19,1507,79.316,15.378,9.8208,0.416,0.6636,0.0,467,1205,738,17.2528,0.46617,12.6078,52.422,107.4983,12.6078,55.7399,7.9628,36.4964,556.7352,15.2621,41.1413,27.8699,17.2528,3.9814,74.3198,24.5521,126.7419,143.3311,25.8792,69.0113,6.6357,33.8421,242.2031,47.1135,11.2807
P35d8517b9d,0,0,,,0,0,,,,,,,,,,,,,,,,,,,,,,,,,,,,,,,,,,,
Pd6e783f74c,0,0,,,0,0,,,,,,,,,,,,,,,,,,,,,,,,,,,,,,,,,,,
P27d4bedf9b,0,0,,,0,0,,,,,,,,,,,,,,,,,,,,,,,,,,,,,,,,,,,
P51ef89c5e3,0,0,,,0,0,,,,,,,,,,,,,,,,,,,,,,,,,,,,,,,,,,,
P391abc2490,0,0,,,0,0,,,,,,,,,,,,,,,,,,,,,,,,,,,,,,,,,,,
P8cdc1bb5f1,0,0,,,0,0,,,,,,,,,,,,,,,,,,,,,,,,,,,,,,,,,,,
P80665441e6,0,0,,,0,0,,,,,,,,,,,,,,,,,,,,,,,,,,,,,,,,,,,
P2b413e3467,0,0,,,0,0,,,,,,,,,,,,,,,,,,,,,,,,,,,,,,,,,,,
P16796cf3ab,0,0,,,0,0,,,,,,,,,,,,,,,,,,,,,,,,,,,,,,,,,,,
P23c2e6b3e7,1,3,3,0.0,15,930,62.0,13.286,9.8925,0.402,3.2258,0.0,106,1204,1098,31.1828,0.51087,11.828,65.5914,110.7527,19.3548,34.4086,11.828,33.3333,548.3871,6.4516,50.5376,23.6559,18.2796,7.5269,68.8172,33.3333,127.957,150.5376,22.5806,66.6667,7.5269,17.2043,262.3656,48.3871,19.3548
P868c4004ba,0,0,,,0,0,,,,,,,,,,,,,,,,,,,,,,,,,,,,,,,,,,,
P630cc033c0,0,0,,,0,0,,,,,,,,,,,,,,,,,,,,,,,,,,,,,,,,,,,
P34cc8e28e0,0,0,,,0,0,,,,,,,,,,,,,,,,,,,,,,,,,,,,,,,,,,,
Pddd42c77c5,0,0,,,0,0,,,,,,,,,,,,,,,,,,,,,,,,,,,,,,,,,,,
P099a8d0c1c,0,0,4,1.0,0,0,,,,,,,,,,,,,,,,,,,,,,,,,,,,,,,,,,,
P3470a61a00,0,0,,,0,0,,,,,,,,,,,,,,,,,,,,,,,,,,,,,,,,,,,
P5afd5b991d,0,0,3,1.0,0,0,,,,,,,,,,,,,,,,,,,,,,,,,,,,,,,,,,,
P5e4491e5c3,0,0,1,1.0,0,0,,,,,,,,,,,,,,,,,,,,,,,,,,,,,,,,,,,
Pc047806c80,0,0,2,1.0,0,0,,,,,,,,,,,,,,,,,,,,,,,,,,,,,,,,,,,
Pf804162018,0,0,,,0,0,,,,,,,,,,,,,,,,,,,,,,,,,,,,,,,,,,,
P572a4194e6,1,2,2,0.0,2,89,44.5,12.714,4.4944,,0.0,0.0,109,474,365,67.4157,0.5,0.0,56.1798,78.6517,11.236,22.4719,11.236,56.1798,550.5618,0.0,56.1798,0.0,11.236,0.0,78.6517,11.236,157.3034,146.0674,33.7079,44.9438,22.4719,0.0,224.7191,56.1798,44.9438
P42d0d6de9a,0,0,,,0,0,,,,,,,,,,,,,,,,,,,,,,,,,,,,,,,,,,,
Pcb4360a784,0,0,,,0,0,,,,,,,,,,,,,,,,,,,,,,,,,,,,,,,,,,,
Pff47b96114,0,0,,,0,0,,,,,,,,,,,,,,,,,,,,,,,,,,,,,,,,,,,
P2f15d5867f,0,0,,,0,0,,,,,,,,,,,,,,,,,,,,,,,,,,,,,,,,,,,
P8a3b7b6860,0,0,4,1.0,0,0,,,,,,,,,,,,,,,,,,,,,,,,,,,,,,,,,,,
P9f246cdbe1,0,0,1,1.0,0,0,,,,,,,,,,,,,,,,,,,,,,,,,,,,,,,,,,,
Pf4d4553b6f,0,0,1,1.0,0,0,,,,,,,,,,,,,,,,,,,,,,,,,,,,,,,,,,,
Pc295aab61a,1,3,9,0.6667,14,943,67.357,15.459,10.1803,0.428,0.0,0.0,452,459,7,26.5111,0.53012,16.9671,71.0498,89.0774,14.8462,41.3574,15.9067,26.5111,551.4316,12.7253,46.6596,30.7529,11.6649,5.3022,48.7805,20.1485,133.6161,158.0064,30.7529,72.1103,6.3627,32.8738,231.1771,41.3574,16.9671
P471bec0288,0,0,3,1.0,0,0,,,,,,,,,,,,,,,,,,,,,,,,,,,,,,,,,,,
P81f3558def,0,0,,,0,0,,,,,,,,,,,,,,,,,,,,,,,,,,,,,,,,,,,
Pdd972253d5,1,4,4,0.0,14,758,54.143,14.302,12.4011,0.376,0.0,0.0,108,474,366,-3.9578,0.35065,18.4697,63.3245,98.9446,19.7889,40.8971,5.277,25.066,536.9393,7.9156,35.6201,36.9393,21.1082,7.9156,43.5356,25.066,120.0528,155.6728,25.066,81.7942,7.9156,22.4274,228.2322,65.9631,5.277
P959d20dcac,0,0,,,0,0,,,,,,,,,,,,,,,,,,,,,,,,,,,,,,,,,,,
P9cbbbfe0cc,0,0,,,0,0,,,,,,,,,,,,,,,,,,,,,,,,,,,,,,,,,,,
Pa4dad52ff4,1,1,2,0.5,9,528,58.667,14.27,12.8788,0.44,0.0,0.0,452,452,0,17.0455,0.38182,9.4697,68.1818,77.6515,15.1515,7.5758,7.5758,24.6212,522.7273,9.4697,39.7727,24.6212,17.0455,5.6818,37.8788,20.8333,162.8788,140.1515,24.6212,89.0152,13.2576,24.6212,200.7576,64.3939,9.4697
P311b5f6b41,0,0,,,0,0,,,,,,,,,,,,,,,,,,,,,,,,,,,,,,,,,,,
P6f59c256f3,0,0,4,1.0,0,0,,,,,,,,,,,,,,,,,,,,,,,,,,,,,,,,,,,
P5ea12f1777,0,0,,,0,0,,,,,,,,,,,,,,,,,,,,,,,,,,,,,,,,,,,
P17786d3599,0,0,,,0,0,,,,,,,,,,,,,,,,,,,,,,,,,,,,,,,,,,,
Pd11ab06c36,0,0,,,0,0,,,,,,,,,,,,,,,,,,,,,,,,,,,,,,,,,,,
P3e3a854ff5,0,0,,,0,0,,,,,,,,,,,,,,,,,,,,,,,,,,,,,,,,,,,
P8c537f5a4d,0,0,2,1.0,0,0,,,,,,,,,,,,,,,,,,,,,,,,,,,,,,,,,,,
Pe68742d859,0,0,,,0,0,,,,,,,,,,,,,,,,,,,,,,,,,,,,,,,,,,,
P13a7a5112c,0,0,,,0,0,,,,,,,,,,,,,,,,,,,,,,,,,,,,,,,,,,,
Pdb057d444b,1,1,4,0.75,5,345,69.0,12.321,11.5942,,0.0,0.0,452,452,0,20.2899,0.35,5.7971,92.7536,92.7536,5.7971,34.7826,8.6957,31.8841,498.5507,17.3913,20.2899,5.7971,0.0,2.8986,31.8841,23.1884,115.942,133.3333,26.087,72.4638,0.0,52.1739,197.1014,37.6812,5.7971
P690d8b352a,0,0,,,0,0,,,,,,,,,,,,,,,,,,,,,,,,,,,,,,,,,,,
P19de9513b3,0,0,,,0,0,,,,,,,,,,,,,,,,,,,,,,,,,,,,,,,,,,,
Pc6a39f466a,0,0,,,0,0,,,,,,,,,,,,,,,,,,,,,,,,,,,,,,,,,,,
Pd382320a3c,0,0,,,0,0,,,,,,,,,,,,,,,,,,,,,,,,,,,,,,,,,,,
Peb2d46202e,1,2,2,0.0,17,1116,65.647,10.835,12.276,0.42,0.0,0.0,815,816,1,12.5448,0.35577,18.8172,75.2688,116.4875,16.129,41.2186,12.5448,20.6093,557.3477,16.129,33.1541,17.0251,14.3369,16.129,53.7634,36.7384,117.3835,152.3297,22.4014,86.0215,8.0645,53.7634,240.1434,60.0358,5.3763
P83f985b4bd,0,0,,,0,0,,,,,,,,,,,,,,,,,,,,,,,,,,,,,,,,,,,
P74b9613d69,0,0,,,0,0,,,,,,,,,,,,,,,,,,,,,,,,,,,,,,,,,,,
Pce1d0d3699,0,0,,,0,0,,,,,,,,,,,,,,,,,,,,,,,,,,,,,,,,,,,
P01bc9a886e,0,0,,,0,0,,,,,,,,,,,,,,,,,,,,,,,,,,,,,,,,,,,
P6b0e9b0b2a,0,0,,,0,0,,,,,,,,,,,,,,,,,,,,,,,,,,,,,,,,,,,
P11475d8eed,0,0,,,0,0,,,,,,,,,,,,,,,,,,,,,,,,,,,,,,,,,,,
Pf72d9be4b9,0,0,,,0,0,,,,,,,,,,,,,,,,,,,,,,,,,,,,,,,,,,,
P43e7adb565,0,0,,,0,0,,,,,,,,,,,,,,,,,,,,,,,,,,,,,,,,,,,
Pdacd6ab94d,0,0,,,0,0,,,,,,,,,,,,,,,,,,,,,,,,,,,,,,,,,,,
P63a21fbef6,0,0,,,0,0,,,,,,,,,,,,,,,,,,,,,,,,,,,,,,,,,,,
P74b71b0d31,1,2,2,0.0,6,383,63.833,15.958,11.4883,,0.0,0.0,838,839,1,18.2768,0.5625,18.2768,88.7728,86.1619,5.2219,49.6084,2.611,7.8329,548.3029,7.8329,46.9974,23.4987,7.8329,7.8329,75.718,18.2768,93.9948,135.7702,23.4987,60.0522,20.8877,67.8851,229.765,36.5535,0.0
P83f12f36b1,0,0,,,0,0,,,,,,,,,,,,,,,,,,,,,,,,,,,,,,,,,,,
P1378011126,0,0,,,0,0,,,,,,,,,,,,,,,,,,,,,,,,,,,,,,,,,,,
P2b78092e41,0,0,,,0,0,,,,,,,,,,,,,,,,,,,,,,,,,,,,,,,,,,,
Pbb4d6101de,0,0,,,0,0,,,,,,,,,,,,,,,,,,,,,,,,,,,,,,,,,,,
P1dfb3826fd,0,0,,,0,0,,,,,,,,,,,,,,,,,,,,,,,,,,,,,,,,,,,
P38dadf836a,0,0,,,0,0,,,,,,,,,,,,,,,,,,,,,,,,,,,,,,,,,,,
P0820723beb,0,0,,,0,0,,,,,,,,,,,,,,,,,,,,,,,,,,,,,,,,,,,
Pb5af3844f5,0,0,,,0,0,,,,,,,,,,,,,,,,,,,,,,,,,,,,,,,,,,,
P927dcf71a8,0,0,,,0,0,,,,,,,,,,,,,,,,,,,,,,,,,,,,,,,,,,,
Pf4d757d073,0,0,,,0,0,,,,,,,,,,,,,,,,,,,,,,,,,,,,,,,,,,,
P5840594df8,0,0,,,0,0,,,,,,,,,,,,,,,,,,,,,,,,,,,,,,,,,,,
P5b1d935a26,0,0,,,0,0,,,,,,,,,,,,,,,,,,,,,,,,,,,,,,,,,,,
Pc067530e3e,0,0,,,0,0,,,,,,,,,,,,,,,,,,,,,,,,,,,,,,,,,,,
P21b2b49a34,0,0,,,0,0,,,,,,,,,,,,,,,,,,,,,,,,,,,,,,,,,,,
Pb87f242f46,0,0,,,0,0,,,,,,,,,,,,,,,,,,,,,,,,,,,,,,,,,,,
Pd650e439a2,0,0,5,1.0,0,0,,,,,,,,,,,,,,,,,,,,,,,,,,,,,,,,,,,
P5104e01e75,0,0,,,0,0,,,,,,,,,,,,,,,,,,,,,,,,,,,,,,,,,,,
P32b8c3a5cb,0,0,,,0,0,,,,,,,,,,,,,,,,,,,,,,,,,,,,,,,,,,,
Pbe0a02c2fd,0,0,2,1.0,0,0,,,,,,,,,,,,,,,,,,,,,,,,,,,,,,,,,,,
Pa68189cdce,0,0,,,0,0,,,,,,,,,,,,,,,,,,,,,,,,,,,,,,,,,,,
Pef98a54ad0,1,1,3,0.6667,5,322,64.4,12.385,10.2484,,3.1056,0.0,452,452,0,49.6894,0.70833,0.0,65.2174,121.118,18.6335,34.1615,18.6335,37.2671,537.2671,9.3168,52.795,18.6335,21.7391,3.1056,31.0559,18.6335,124.2236,108.6957,27.9503,65.2174,12.4224,49.6894,186.3354,21.7391,9.3168
P3928bad8a7,0,0,2,1.0,0,0,,,,,,,,,,,,,,,,,,,,,,,,,,,,,,,,,,,
Pb945050559,1,1,1,0.0,2,71,35.5,7.889,5.6338,,0.0,0.0,459,459,0,14.0845,0.4,42.2535,56.338,197.1831,14.0845,0.0,0.0,126.7606,577.4648,56.338,56.338,28.169,28.169,14.0845,28.169,14.0845,154.9296,211.2676,14.0845,112.6761,0.0,42.2535,281.6901,84.507,0.0
Pf0c178cb1c,0,0,,,0,0,,,,,,,,,,,,,,,,,,,,,,,,,,,,,,,,,,,
P7f2c8eb929,0,0,,,0,0,,,,,,,,,,,,,,,,,,,,,,,,,,,,,,,,,,,
Pd7ea309dee,0,0,,,0,0,,,,,,,,,,,,,,,,,,,,,,,,,,,,,,,,,,,
P16dd82b034,0,0,,,0,0,,,,,,,,,,,,,,,,,,,,,,,,,,,,,,,,,,,
Pc1044ed1f5,0,0,,,0,0,,,,,,,,,,,,,,,,,,,,,,,,,,,,,,,,,,,
P403a83bdf0,1,3,5,0.4,13,711,54.692,11.656,12.6582,0.428,0.0,0.0,814,1186,372,33.7553,0.49206,15.4712,70.3235,90.0141,14.0647,36.5682,14.0647,46.4135,549.9297,2.8129,43.6006,11.2518,29.5359,12.6582,35.1617,18.2841,112.5176,147.6793,40.7876,68.917,15.4712,50.6329,218.0028,45.007,18.2841
Pdf59a363f3,0,0,,,0,0,,,,,,,,,,,,,,,,,,,,,,,,,,,,,,,,,,,
P1259ebdf13,0,0,,,0,0,,,,,,,,,,,,,,,,,,,,,,,,,,,,,,,,,,,
P55b27de869,1,3,8,0.625,26,2253,86.654,14.63,10.0755,0.4215,1.3316,0.0,452,459,7,52.8185,0.6625,7.5455,52.3746,97.2037,13.7594,51.9308,9.3209,46.1607,556.1474,12.8717,70.5726,21.7488,15.9787,5.3262,64.3586,12.4279,126.0542,144.2521,16.4225,60.364,6.2139,41.7221,244.119,35.9521,31.0697
Pa09c3091c5,0,0,,,0,0,,,,,,,,,,,,,,,,,,,,,,,,,,,,,,,,,,,
P0a4d4ad000,0,0,,,0,0,,,,,,,,,,,,,,,,,,,,,,,,,,,,,,,,,,,
Pf7c6d819f2,0,0,,,0,0,,,,,,,,,,,,,,,,,,,,,,,,,,,,,,,,,,,
P023105521e,0,0,,,0,0,,,,,,,,,,,,,,,,,,,,,,,,,,,,,,,,,,,
P063b0ea350,0,0,,,0,0,,,,,,,,,,,,,,,,,,,,,,,,,,,,,,,,,,,
P4abddfb1a4,0,0,,,0,0,,,,,,,,,,,,,,,,,,,,,,,,,,,,,,,,,,,
P0ad0c7ed95,0,0,,,0,0,,,,,,,,,,,,,,,,,,,,,,,,,,,,,,,,,,,
P26b57d2aae,0,0,,,0,0,,,,,,,,,,,,,,,,,,,,,,,,,,,,,,,,,,,
Pbd8640195d,0,0,,,0,0,,,,,,,,,,,,,,,,,,,,,,,,,,,,,,,,,,,
Pf1999192da,0,0,4,1.0,0,0,,,,,,,,,,,,,,,,,,,,,,,,,,,,,,,,,,,
P3914f363fb,0,0,,,0,0,,,,,,,,,,,,,,,,,,,,,,,,,,,,,,,,,,,
P8b388e1924,0,0,,,0,0,,,,,,,,,,,,,,,,,,,,,,,,,,,,,,,,,,,
P6c71d953b6,0,0,,,0,0,,,,,,,,,,,,,,,,,,,,,,,,,,,,,,,,,,,
Pf747d30e9b,0,0,,,0,0,,,,,,,,,,,,,,,,,,,,,,,,,,,,,,,,,,,
Pc378586c43,0,0,,,0,0,,,,,,,,,,,,,,,,,,,,,,,,,,,,,,,,,,,
P485a20a47a,0,0,,,0,0,,,,,,,,,,,,,,,,,,,,,,,,,,,,,,,,,,,
Pff1fab2e32,0,0,,,0,0,,,,,,,,,,,,,,,,,,,,,,,,,,,,,,,,,,,
P27f732ca1a,1,5,5,0.0,22,1561,70.955,18.583,8.1999,0.37933,0.6406,0.0,96,251,155,40.9994,0.64375,7.6874,50.6086,112.7482,17.9372,69.1864,9.6092,47.4055,580.3972,7.6874,65.9833,25.6246,22.4215,8.9686,67.9052,19.2184,127.4824,152.4664,17.9372,53.8117,6.4061,33.312,254.3242,36.5151,13.4529
P49164b4255,1,2,2,0.0,17,1238,72.824,10.672,9.8546,0.434,0.0,0.0,97,98,1,46.8498,0.616,16.9628,62.1971,103.3926,14.5396,21.8094,6.462,38.7722,530.6947,9.6931,62.1971,14.5396,22.6171,7.2698,63.8126,28.2714,113.0856,130.8562,27.4637,67.0436,17.7706,25.0404,221.3247,38.7722,28.2714
Pd31d743729,1,4,4,0.0,12,1053,87.75,13.675,10.2564,0.429,0.0,0.0,89,97,8,31.339,0.35593,17.094,67.4264,98.7654,7.5973,75.0237,14.245,38.9364,570.7502,3.7987,39.886,14.245,18.9934,8.547,83.5708,32.2887,120.6078,115.8594,23.7417,96.8661,7.5973,23.7417,215.5745,72.1747,13.2953
P91b09695de,1,2,3,0.3333,9,744,82.667,24.8,13.0376,0.406,0.0,0.0,97,98,1,29.5699,0.56452,10.7527,63.172,114.2473,13.4409,59.1398,8.0645,17.4731,590.0538,9.4086,47.043,18.8172,10.7527,6.7204,40.3226,22.8495,135.7527,139.7849,29.5699,59.1398,14.7849,32.2581,211.0215,36.2903,4.0323
Pa1953f4a95,1,2,2,0.0,12,1382,115.167,19.194,9.479,0.418,0.7236,0.0,96,97,1,49.2041,0.65035,12.301,65.8466,97.6845,13.0246,56.4399,7.9595,28.9436,565.8466,3.6179,67.2938,15.1954,10.1302,10.8538,65.123,27.4964,118.6686,151.2301,27.4964,57.1635,8.6831,40.521,245.2967,36.1795,12.301
Pf919ba1bb3,1,10,10,0.0,47,2645,56.277,15.838,9.3384,0.4032,0.0,0.0,94,1204,1110,18.5255,0.4569,9.8299,74.4802,89.9811,13.2325,50.6616,12.0983,30.6238,558.4121,11.7202,40.0756,23.8185,21.172,9.8299,60.8696,14.3667,128.5444,141.0208,19.2817,72.2117,6.4272,37.051,234.4045,47.6371,9.4518
P4634e39421,1,4,4,0.0,14,652,46.571,13.583,7.8221,0.374,0.0,0.0,94,475,381,13.8037,0.52,13.8037,70.5521,121.1656,16.8712,47.546,13.8037,39.8773,590.4908,10.7362,39.8773,27.6074,21.4724,12.2699,44.4785,32.2086,111.9632,180.9816,35.2761,65.9509,6.135,30.6748,251.5337,36.8098,26.0736
P4b8155700b,1,2,2,0.0,12,738,61.5,13.418,11.5176,0.414,0.0,0.0,97,98,1,54.2005,0.56627,9.4851,65.0407,102.981,28.4553,46.0705,4.065,50.1355,570.4607,5.4201,63.6856,9.4851,23.0352,4.065,71.8157,8.1301,126.0163,140.9214,44.7154,60.9756,24.3902,35.2304,243.9024,48.7805,14.9051
P05061c84a0,0,0,,,0,0,,,,,,,,,,,,,,,,,,,,,,,,,,,,,,,,,,,
P14d000eef5,0,0,,,0,0,,,,,,,,,,,,,,,,,,,,,,,,,,,,,,,,,,,
P4dc7399d2c,1,1,1,0.0,2,16,8.0,8.0,6.25,,0.0,0.0,111,111,0,250.0,1.0,0.0,125.0,62.5,0.0,0.0,125.0,62.5,437.5,0.0,125.0,0.0,0.0,0.0,62.5,0.0,0.0,125.0,62.5,0.0,62.5,62.5,187.5,0.0,0.0
P40fd812f54,0,0,,,0,0,,,,,,,,,,,,,,,,,,,,,,,,,,,,,,,,,,,
P058ee51b71,1,3,3,0.0,14,1006,71.857,19.725,11.1332,0.395,0.994,0.0,110,112,2,6.9583,0.25,22.8628,74.5527,90.4573,7.9523,55.666,7.9523,24.8509,567.5944,9.9404,27.833,23.8569,12.9225,4.9702,54.672,16.8986,148.1113,137.1769,27.833,106.3618,11.9284,21.8688,220.6759,83.499,8.9463
P54e5c21a96,0,0,,,0,0,,,,,,,,,,,,,,,,,,,,,,,,,,,,,,,,,,,
P78afb3722d,1,3,3,0.0,17,894,52.588,8.68,12.4161,0.436,0.0,0.0,95,97,2,27.9642,0.41964,16.7785,70.4698,88.3669,17.8971,17.8971,14.5414,41.387,512.3043,7.83,52.5727,25.7271,23.4899,13.4228,73.8255,29.0828,101.7897,128.6353,27.9642,93.9597,6.7114,31.3199,237.1365,72.7069,7.83
Pd47bfc21b1,1,2,2,0.0,10,590,59.0,9.219,10.678,0.398,1.6949,0.0,96,98,2,1.6949,0.42308,13.5593,61.0169,101.6949,10.1695,33.8983,11.8644,22.0339,540.678,13.5593,37.2881,38.9831,27.1186,8.4746,83.0508,18.6441,128.8136,166.1017,22.0339,74.5763,8.4746,28.8136,271.1864,50.8475,13.5593
Pe056071397,0,0,,,0,0,,,,,,,,,,,,,,,,,,,,,,,,,,,,,,,,,,,
Pe5c2b5692d,1,3,3,0.0,11,642,58.364,11.464,8.7227,0.362,1.5576,0.0,111,476,365,9.3458,0.41429,21.8069,60.7477,82.5545,4.6729,35.8255,1.5576,70.0935,529.595,14.0187,45.1713,18.6916,17.134,18.6916,76.324,32.7103,124.6106,161.9938,20.2492,82.5545,14.0187,24.9221,260.1246,63.8629,31.1526
P74ff916074,1,2,2,0.0,5,129,25.8,9.214,7.7519,,0.0,0.0,92,111,19,7.7519,0.38095,62.0155,54.2636,85.2713,0.0,85.2713,7.7519,46.5116,558.1395,15.5039,62.0155,46.5116,23.2558,15.5039,147.2868,38.7597,100.7752,93.0233,7.7519,116.2791,0.0,7.7519,248.062,100.7752,0.0
P8b41334856,0,0,1,1.0,0,0,,,,,,,,,,,,,,,,,,,,,,,,,,,,,,,,,,,
P924fa678bb,,,,,,,,,,,,,,,,,,,,,,,,,,,,,,,,,,,,,,,,,
P842513fba1,1,1,4,0.75,1,75,75.0,12.5,8.0,,0.0,0.0,839,839,0,53.3333,0.44444,0.0,66.6667,66.6667,0.0,80.0,0.0,26.6667,480.0,0.0,53.3333,0.0,13.3333,0.0,133.3333,26.6667,80.0,93.3333,13.3333,80.0,0.0,0.0,226.6667,66.6667,13.3333
P574724b2cd,1,1,1,0.0,1,41,41.0,5.857,14.6341,,0.0,0.0,110,110,0,-48.7805,,0.0,48.7805,121.9512,24.3902,0.0,0.0,48.7805,536.5854,0.0,0.0,48.7805,48.7805,0.0,170.7317,48.7805,73.1707,97.561,24.3902,0.0,24.3902,121.9512,365.8537,0.0,0.0
P570dcb4282,0,0,2,1.0,0,0,,,,,,,,,,,,,,,,,,,,,,,,,,,,,,,,,,,
P6f3dd59527,1,8,8,0.0,48,4082,85.042,11.764,12.9838,0.452,0.0,0.0,86,98,12,6.8594,0.32822,17.8834,68.3488,107.5453,18.1284,37.2366,8.3293,36.2567,546.0559,9.7991,26.2126,21.3131,18.3733,6.3694,59.0397,25.4777,127.6335,137.4326,29.8873,72.5135,6.8594,29.6423,230.5243,53.6502,9.7991
P20a1183fcf,0,0,,,0,0,,,,,,,,,,,,,,,,,,,,,,,,,,,,,,,,,,,
Pdb7c6b10a9,0,0,2,1.0,0,0,,,,,,,,,,,,,,,,,,,,,,,,,,,,,,,,,,,
P1bf2734620,0,0,,,0,0,,,,,,,,,,,,,,,,,,,,,,,,,,,,,,,,,,,
Pb01091942c,0,0,,,0,0,,,,,,,,,,,,,,,,,,,,,,,,,,,,,,,,,,,
P51a666d7f5,1,1,1,0.0,2,98,49.0,10.889,15.3061,,0.0,0.0,112,112,0,40.8163,0.38462,10.2041,102.0408,112.2449,0.0,40.8163,0.0,40.8163,602.0408,20.4082,51.0204,10.2041,40.8163,0.0,61.2245,30.6122,102.0408,142.8571,61.2245,81.6327,51.0204,20.4082,255.102,81.6327,10.2041
P7781579610,1,1,1,0.0,3,315,105.0,11.667,8.254,,0.0,0.0,111,111,0,44.4444,0.64516,0.0,60.3175,88.8889,9.5238,28.5714,3.1746,57.1429,542.8571,9.5238,63.4921,12.6984,15.873,9.5238,104.7619,19.0476,123.8095,120.6349,31.746,63.4921,19.0476,41.2698,247.619,34.9206,3.1746
Pad940d555c,0,0,,,0,0,,,,,,,,,,,,,,,,,,,,,,,,,,,,,,,,,,,
Pce8689cb8f,0,0,6,1.0,0,0,,,,,,,,,,,,,,,,,,,,,,,,,,,,,,,,,,,
P641f1ca8a3,0,0,,,0,0,,,,,,,,,,,,,,,,,,,,,,,,,,,,,,,,,,,
P82e987418b,1,7,7,0.0,29,1134,39.103,10.8,9.7884,0.415,0.8818,0.0,96,1203,1107,38.8007,0.62602,2.6455,71.4286,88.1834,12.3457,30.8642,7.9365,52.0282,550.2646,11.4638,67.9012,24.6914,22.0459,12.3457,99.6473,13.2275,132.2751,117.284,22.0459,45.8554,12.3457,17.6367,231.9224,40.5644,14.1093
Pe4baee43bf,0,0,,,0,0,,,,,,,,,,,,,,,,,,,,,,,,,,,,,,,,,,,
Pa760c9001c,0,0,,,0,0,,,,,,,,,,,,,,,,,,,,,,,,,,,,,,,,,,,
P6565076e45,0,0,,,0,0,,,,,,,,,,,,,,,,,,,,,,,,,,,,,,,,,,,
P2650c293bf,0,0,2,1.0,0,0,,,,,,,,,,,,,,,,,,,,,,,,,,,,,,,,,,,
P9a20aba619,1,3,4,0.25,12,894,74.5,17.88,10.6264,0.392,0.0,0.0,96,251,155,23.4899,0.57447,13.4228,86.1298,92.8412,30.2013,63.7584,16.7785,44.7427,564.877,12.3043,30.2013,16.7785,6.7114,6.7114,30.2013,19.0157,121.9239,140.9396,41.387,41.387,4.4743,41.387,196.868,22.3714,20.1342
Peed487fb04,0,0,,,0,0,,,,,,,,,,,,,,,,,,,,,,,,,,,,,,,,,,,
Pa24efaf8fd,0,0,,,0,0,,,,,,,,,,,,,,,,,,,,,,,,,,,,,,,,,,,
P156589bd1a,0,0,2,1.0,0,0,,,,,,,,,,,,,,,,,,,,,,,,,,,,,,,,,,,
P117ae491b1,0,0,,,0,0,,,,,,,,,,,,,,,,,,,,,,,,,,,,,,,,,,,
Pec84345bbc,0,0,,,0,0,,,,,,,,,,,,,,,,,,,,,,,,,,,,,,,,,,,
P4bb660105c,1,2,2,0.0,8,613,76.625,12.51,13.7031,0.44,0.0,0.0,95,96,1,16.3132,0.57377,29.3638,70.1468,89.7227,22.8385,17.9445,3.2626,47.3083,494.2904,4.894,57.0962,24.4698,14.6819,19.5759,60.3589,24.4698,130.5057,143.5563,24.4698,88.0914,8.1566,9.7879,249.5922,42.4144,9.7879
P09caf918fb,0,0,,,0,0,,,,,,,,,,,,,,,,,,,,,,,,,,,,,,,,,,,
P20979c9b9c,0,0,,,0,0,,,,,,,,,,,,,,,,,,,,,,,,,,,,,,,,,,,
Pac436e0a75,0,0,,,0,0,,,,,,,,,,,,,,,,,,,,,,,,,,,,,,,,,,,
Pc858ff68e6,0,0,,,0,0,,,,,,,,,,,,,,,,,,,,,,,,,,,,,,,,,,,
P552922b6fa,1,1,1,0.0,2,262,131.0,43.667,8.7786,,0.0,0.0,251,251,0,-3.8168,0.21739,45.8015,45.8015,87.7863,22.9008,91.6031,7.6336,26.7176,561.0687,15.2672,19.084,22.9008,11.4504,7.6336,64.8855,30.5344,129.771,160.3053,30.5344,80.1527,11.4504,26.7176,244.2748,68.7023,3.8168
Pb8998ddf4a,0,0,,,0,0,,,,,,,,,,,,,,,,,,,,,,,,,,,,,,,,,,,
P7363f8a8b4,0,0,3,1.0,0,0,,,,,,,,,,,,,,,,,,,,,,,,,,,,,,,,,,,
P6f687d1dcc,0,0,4,1.0,0,0,,,,,,,,,,,,,,,,,,,,,,,,,,,,,,,,,,,
P633e796e6a,1,1,1,0.0,2,129,64.5,14.333,7.7519,,0.0,0.0,112,112,0,0.0,0.33333,15.5039,54.2636,38.7597,0.0,31.0078,0.0,62.0155,496.124,7.7519,31.0078,23.2558,0.0,7.7519,69.7674,38.7597,155.0388,124.031,15.5039,62.0155,15.5039,31.0078,201.5504,62.0155,31.0078
Pf037b649bc,1,6,6,0.0,23,1182,51.391,13.586,10.6599,0.421,0.0,0.0,94,474,380,-11.8443,0.23457,14.3824,75.2961,82.9103,16.9205,52.4535,3.3841,47.3773,538.9171,5.9222,16.0745,24.5347,16.9205,6.7682,71.912,21.9966,114.2132,140.4399,30.4569,69.3739,5.9222,30.4569,248.731,52.4535,31.3029
P5551ba72f6,1,1,1,0.0,4,199,49.75,11.056,10.0503,,0.0,0.0,111,111,0,40.201,0.38095,35.1759,70.3518,105.5276,15.0754,45.2261,15.0754,30.1508,582.9146,15.0754,40.201,15.0754,0.0,0.0,70.3518,30.1508,160.804,145.7286,30.1508,80.402,10.0503,20.1005,231.1558,65.3266,15.0754
Pcbdc976fea,1,6,6,0.0,22,1387,63.045,13.598,12.473,0.418,0.721,0.0,90,112,22,18.0245,0.31061,20.9084,76.4239,93.0065,10.8147,49.0267,15.8616,31.0022,533.5256,9.3727,29.5602,20.1875,21.6294,7.2098,77.8659,23.0714,106.7051,137.7073,26.6763,90.8435,11.5357,15.1406,252.3432,65.6092,17.3035
P40d4a587d5,0,0,,,0,0,,,,,,,,,,,,,,,,,,,,,,,,,,,,,,,,,,,
Pd1e1adb03d,1,2,2,0.0,7,310,44.286,11.923,7.7419,,0.0,0.0,109,110,1,19.3548,0.48718,6.4516,67.7419,93.5484,9.6774,35.4839,0.0,58.0645,554.8387,0.0,61.2903,32.2581,16.129,9.6774,87.0968,12.9032,116.129,122.5806,16.129,100.0,9.6774,9.6774,248.3871,64.5161,19.3548
P3bad279cb0,0,0,,,0,0,,,,,,,,,,,,,,,,,,,,,,,,,,,,,,,,,,,
P4c433fbf72,0,0,,,0,0,,,,,,,,,,,,,,,,,,,,,,,,,,,,,,,,,,,
P09e349620c,0,0,,,0,0,,,,,,,,,,,,,,,,,,,,,,,,,,,,,,,,,,,
P2611750e05,1,1,2,0.5,2,193,96.5,12.062,10.8808,,0.0,0.0,824,824,0,36.2694,0.47619,10.3627,51.8135,113.9896,25.9067,56.9948,5.1813,25.9067,580.3109,25.9067,51.8135,20.7254,10.3627,0.0,15.544,25.9067,150.2591,170.9845,51.8135,67.3575,15.544,36.2694,207.2539,56.9948,5.1813
Pa0908fe6ff,0,0,,,0,0,,,,,,,,,,,,,,,,,,,,,,,,,,,,,,,,,,,
Pe77ed0b343,0,0,1,1.0,0,0,,,,,,,,,,,,,,,,,,,,,,,,,,,,,,,,,,,
Pb87d740adf,0,0,,,0,0,,,,,,,,,,,,,,,,,,,,,,,,,,,,,,,,,,,
P3765a7e186,0,0,,,0,0,,,,,,,,,,,,,,,,,,,,,,,,,,,,,,,,,,,
P2815fbec81,1,4,4,0.0,18,671,37.278,8.387,11.3264,0.446,1.4903,0.0,87,98,11,28.3159,0.48052,10.4322,73.0253,113.2638,16.3934,16.3934,1.4903,68.5544,543.9642,13.4128,55.1416,23.845,11.9225,4.4709,26.8256,38.7481,137.1088,163.9344,23.845,70.0447,13.4128,31.2966,214.6051,59.6125,19.3741
Pe047befac5,0,0,,,0,0,,,,,,,,,,,,,,,,,,,,,,,,,,,,,,,,,,,
P5fde6f13a3,0,0,,,0,0,,,,,,,,,,,,,,,,,,,,,,,,,,,,,,,,,,,
P05a3993fb1,0,0,,,0,0,,,,,,,,,,,,,,,,,,,,,,,,,,,,,,,,,,,
Pd12b8cef29,1,1,2,0.5,3,133,44.333,14.778,18.0451,,0.0,0.0,111,111,0,22.5564,0.28571,7.5188,90.2256,97.7444,7.5188,30.0752,15.0376,30.0752,503.7594,7.5188,15.0376,0.0,7.5188,7.5188,97.7444,7.5188,135.3383,112.782,22.5564,52.6316,7.5188,45.1128,225.5639,37.594,22.5564
P85ac223123,0,0,,,0,0,,,,,,,,,,,,,,,,,,,,,,,,,,,,,,,,,,,
P15657a7054,0,0,,,0,0,,,,,,,,,,,,,,,,,,,,,,,,,,,,,,,,,,,
P8be75213cc,0,0,,,0,0,,,,,,,,,,,,,,,,,,,,,,,,,,,,,,,,,,,
P9ba3c3f8a6,0,0,,,0,0,,,,,,,,,,,,,,,,,,,,,,,,,,,,,,,,,,,
Pbdc6b072d0,1,1,2,0.5,2,216,108.0,18.0,7.4074,,0.0,0.0,251,251,0,23.1481,0.42308,23.1481,46.2963,92.5926,23.1481,41.6667,9.2593,27.7778,500.0,13.8889,50.9259,32.4074,23.1481,4.6296,41.6667,18.5185,83.3333,212.963,18.5185,138.8889,23.1481,13.8889,268.5185,69.4444,9.2593
P87e51fede0,1,2,4,0.5,7,319,45.571,10.29,9.0909,,0.0,0.0,110,111,1,6.2696,0.42857,9.4044,81.5047,84.6395,6.2696,47.0219,6.2696,9.4044,573.6677,6.2696,37.6176,25.0784,34.4828,12.5392,72.1003,25.0784,131.6614,150.4702,15.674,56.4263,6.2696,47.0219,260.1881,50.1567,28.2132
P2224af8be2,1,5,5,0.0,31,1142,36.839,13.435,9.4571,0.402,1.7513,0.0,88,111,23,66.5499,0.82927,14.0105,57.7933,101.5762,4.3783,62.1716,10.5079,39.4046,598.0736,2.627,89.317,22.7671,18.3888,10.5079,84.9387,16.6375,135.7268,126.9702,29.7723,33.275,5.2539,36.7776,233.8004,18.3888,7.8809
P5713a8b541,1,7,7,0.0,47,2173,46.234,11.087,8.2375,0.392,3.2214,0.0,102,111,9,48.3203,0.52692,11.0446,68.1086,100.7823,13.3456,58.4445,14.266,36.8155,543.9485,11.5048,63.0465,18.8679,13.3456,10.1243,80.0736,28.9922,115.5085,122.8716,20.7087,82.8348,7.3631,28.9922,238.3801,56.6038,0.4602
Pba0c961d37,1,8,8,0.0,30,1584,52.8,13.655,8.5227,0.41467,0.0,0.0,87,460,373,25.2525,0.42045,14.5202,64.3939,110.4798,12.6263,57.4495,8.2071,53.6616,540.404,11.3636,46.7172,27.7778,15.1515,1.8939,64.3939,23.9899,115.5303,164.7727,15.7828,85.8586,3.7879,22.7273,258.2071,64.3939,15.1515
Pbcd324b348,1,8,8,0.0,50,3267,65.34,13.28,10.4377,0.40733,0.0,0.0,87,110,23,10.7132,0.31724,12.5497,74.9923,98.8675,12.8558,55.7086,9.4888,31.8335,568.1053,7.6523,28.1604,20.202,15.6107,6.734,75.9106,23.569,138.6593,130.0888,27.8543,78.3594,12.5497,37.3431,239.3633,60.6061,10.7132
Pea4d2012e7,1,12,12,0.0,60,4563,76.05,13.5,9.4236,0.39089,0.2192,0.0,89,476,387,22.1346,0.54213,14.0259,68.1569,96.8661,6.7938,32.4348,8.547,40.9818,558.8429,7.8895,42.2967,19.7239,17.094,8.9853,69.691,19.2856,136.533,143.1076,17.5323,60.4865,6.5746,37.4753,235.3715,35.7221,28.2709
P23d9f5804f,0,0,,,0,0,,,,,,,,,,,,,,,,,,,,,,,,,,,,,,,,,,,
P4a79922b86,1,12,12,0.0,45,2323,51.622,11.277,10.6759,0.4135,1.2914,0.0,87,461,374,17.6496,0.36131,19.802,61.9888,111.9242,13.3448,53.3793,9.04,36.1601,546.2764,9.04,42.6173,27.5506,11.1924,6.4572,59.8364,36.5906,120.9643,168.3168,24.5372,100.3013,11.1924,18.5105,260.8696,75.3336,13.7753
Pd35ff5934d,1,4,4,0.0,17,864,50.824,12.343,9.9537,0.436,0.0,0.0,95,98,3,17.3611,0.45238,12.7315,76.3889,93.75,8.1019,26.6204,9.2593,55.5556,567.1296,9.2593,43.9815,24.3056,26.6204,11.5741,57.8704,23.1481,131.9444,153.9352,37.037,76.3889,2.3148,31.25,231.4815,53.2407,25.463
Pad16010a79,1,11,11,0.0,67,4929,73.567,13.654,11.4222,0.39756,1.2173,0.0,88,474,386,44.6338,0.61538,13.9988,62.0816,117.0623,17.6506,50.9231,12.3757,40.9819,549.4015,7.9124,55.1836,13.3901,24.7515,9.5354,48.0828,25.3601,109.3528,173.2603,20.6939,60.0527,6.898,19.0708,243.66,34.4898,17.2449
P12dc2a4dac,0,0,,,0,0,,,,,,,,,,,,,,,,,,,,,,,,,,,,,,,,,,,
P49b077589e,1,6,6,0.0,33,2443,74.03,13.497,9.4965,0.4,0.0,0.0,98,617,519,-0.4093,0.45078,21.2853,72.4519,99.0585,11.052,57.7159,7.368,20.0573,558.3299,13.0986,35.612,31.1093,16.3733,12.28,65.0839,30.7,137.1265,150.6345,17.192,57.7159,3.684,37.2493,246.009,43.3893,7.7773
P8bc7e2260e,0,0,,,0,0,,,,,,,,,,,,,,,,,,,,,,,,,,,,,,,,,,,
P25a045baff,1,4,4,0.0,11,752,68.364,14.189,11.7021,0.426,0.0,0.0,96,473,377,2.6596,0.3,15.9574,78.4574,90.4255,22.6064,34.5745,5.3191,54.5213,522.6064,7.9787,23.9362,11.9681,10.6383,14.6277,41.2234,23.9362,139.6277,170.2128,21.2766,87.766,6.6489,17.2872,244.6809,55.8511,17.2872
Pd84423f7e2,0,0,,,0,0,,,,,,,,,,,,,,,,,,,,,,,,,,,,,,,,,,,
P243742fc34,0,0,,,0,0,,,,,,,,,,,,,,,,,,,,,,,,,,,,,,,,,,,
Pdd125f24cc,1,4,4,0.0,31,1432,46.194,9.611,10.2654,0.414,2.7933,0.0,97,105,8,-27.2346,0.20611,20.2514,58.6592,96.3687,18.8547,52.3743,2.095,37.0112,534.2179,13.9665,18.8547,33.5196,16.0615,14.6648,77.514,40.5028,124.3017,141.7598,25.838,94.9721,5.5866,38.4078,256.9832,72.6257,9.0782
P61624e71c6,0,0,,,0,0,,,,,,,,,,,,,,,,,,,,,,,,,,,,,,,,,,,
Pc544b8efa0,0,0,,,0,0,,,,,,,,,,,,,,,,,,,,,,,,,,,,,,,,,,,
P2f5200d27c,0,0,,,0,0,,,,,,,,,,,,,,,,,,,,,,,,,,,,,,,,,,,
Pd6f3aa739f,1,3,3,0.0,8,284,35.5,9.467,7.7465,,7.0423,0.0,111,476,365,38.7324,0.58824,17.6056,63.3803,116.1972,7.0423,45.7746,10.5634,49.2958,602.1127,10.5634,70.4225,17.6056,24.6479,24.6479,116.1972,24.6479,126.7606,73.9437,7.0423,66.9014,7.0423,38.7324,214.7887,49.2958,0.0
Pb70d7d0b57,0,0,,,0,0,,,,,,,,,,,,,,,,,,,,,,,,,,,,,,,,,,,
P41fad117db,1,3,3,0.0,11,1003,91.182,11.94,11.8644,0.441,1.994,0.0,462,1204,742,7.9761,0.48101,17.9462,61.8146,103.6889,18.9432,33.8983,7.9761,23.9282,524.4267,21.9342,37.8863,30.9073,13.9581,6.9791,46.8594,19.9402,130.6082,170.4885,26.9192,56.8295,5.9821,26.9192,242.2732,40.8774,20.9372
P473b24f6eb,0,0,,,0,0,,,,,,,,,,,,,,,,,,,,,,,,,,,,,,,,,,,
P42adf8ab25,0,0,,,0,0,,,,,,,,,,,,,,,,,,,,,,,,,,,,,,,,,,,
Pd9ad951135,0,0,,,0,0,,,,,,,,,,,,,,,,,,,,,,,,,,,,,,,,,,,
P168e9ad8d4,1,8,8,0.0,51,3747,73.471,12.788,8.9138,0.39714,0.8006,0.0,95,105,10,30.6912,0.44944,14.1446,72.5914,106.4852,15.479,65.3856,10.4083,24.0192,580.4644,10.1414,42.7008,15.7459,17.6141,6.672,58.9805,24.8199,111.0222,150.7873,30.1575,76.3277,12.8102,46.9709,243.1278,52.3085,11.209
P1311f2955b,1,13,14,0.0714,76,4908,64.579,11.603,14.1809,0.46889,0.4075,0.0,89,463,374,16.2999,0.42073,18.7449,76.4059,99.6333,15.8924,28.1174,9.9837,31.5811,536.4711,7.335,28.1174,16.9112,15.2812,4.89,44.8248,25.2649,132.6406,128.7694,36.6748,62.7547,10.1874,31.9886,203.9527,38.7123,21.1899
P6950e00d3b,0,0,,,0,0,,,,,,,,,,,,,,,,,,,,,,,,,,,,,,,,,,,
P6a22b03d03,1,3,3,0.0,14,982,70.143,11.419,10.998,0.41,0.0,0.0,109,111,2,-0.0,0.34783,25.4582,68.2281,144.6029,18.3299,39.7149,8.1466,10.1833,567.2098,16.2933,32.5866,22.4033,20.3666,18.3299,64.1548,27.4949,123.2179,145.6212,17.3116,81.4664,3.055,20.3666,244.3992,61.0998,5.0916
P56d107e80a,1,2,2,0.0,7,418,59.714,17.417,8.134,,0.0,0.0,110,111,1,19.1388,0.85714,14.3541,90.9091,117.2249,7.177,52.6316,7.177,35.8852,550.2392,14.3541,43.0622,21.5311,9.5694,9.5694,47.8469,38.2775,141.1483,141.1483,19.1388,16.7464,9.5694,74.1627,227.2727,7.177,7.177
P971be31864,1,4,4,0.0,31,1962,63.29,12.34,11.1111,0.39733,0.0,0.0,97,105,8,33.1295,0.34802,18.8583,59.1233,119.2661,7.1356,48.42,12.2324,32.1101,574.9235,10.1937,40.265,15.2905,22.9358,4.0775,57.0846,23.9551,117.737,159.0214,33.1295,101.9368,7.6453,34.1488,245.158,75.4332,7.6453
P40c501f5d6,,,,,,,,,,,,,,,,,,,,,,,,,,,,,,,,,,,,,,,,,
P7703cc27be,0,0,,,0,0,,,,,,,,,,,,,,,,,,,,,,,,,,,,,,,,,,,
P6525188e53,1,9,9,0.0,46,4195,91.196,11.653,9.9404,0.40275,3.0989,0.0,112,475,363,58.6412,0.72209,15.733,52.9201,98.9273,11.6806,55.5423,9.2968,56.4958,562.8129,7.1514,72.4672,14.5411,21.9309,8.5816,56.0191,29.0822,112.9917,159.4756,20.9774,45.0536,6.1979,20.2622,240.7628,27.8903,42.9082
Pf6d18cb839,1,2,2,0.0,10,498,49.8,12.769,9.0361,,0.0,0.0,112,113,1,10.0402,0.46939,10.0402,66.2651,110.4418,12.0482,52.2088,12.0482,22.0884,568.2731,20.0803,46.1847,38.1526,14.0562,10.0402,54.2169,28.1124,144.5783,150.6024,24.0964,64.257,8.0321,38.1526,257.0281,52.2088,4.0161
P67d2056db6,0,0,,,0,0,,,,,,,,,,,,,,,,,,,,,,,,,,,,,,,,,,,
P8e68185705,0,0,,,0,0,,,,,,,,,,,,,,,,,,,,,,,,,,,,,,,,,,,
P1a6f58deb5,0,0,,,0,0,,,,,,,,,,,,,,,,,,,,,,,,,,,,,,,,,,,
Pb380360b47,1,4,4,0.0,17,1348,79.294,12.481,9.7181,0.36,0.0,0.0,89,462,373,8.1602,0.24615,25.9644,68.2493,103.8576,31.8991,48.9614,11.8694,24.4807,584.5697,5.9347,23.7389,21.5134,28.1899,5.9347,43.7685,33.3828,117.9525,153.5608,50.4451,100.1484,17.0623,33.3828,222.5519,72.7003,2.9674
Pcd53db286a,1,4,4,0.0,13,999,76.846,18.164,9.6096,0.434,1.001,0.0,97,475,378,33.033,0.43956,13.013,58.0581,94.0941,10.01,47.047,12.012,45.045,557.5576,6.006,40.04,12.012,10.01,7.007,61.0611,22.022,127.1271,131.1311,24.024,79.0791,10.01,26.026,215.2152,51.0511,20.02
Pcfbeb8a341,0,0,,,0,0,,,,,,,,,,,,,,,,,,,,,,,,,,,,,,,,,,,
P0f110bb83f,0,0,,,0,0,,,,,,,,,,,,,,,,,,,,,,,,,,,,,,,,,,,
P93e1b535ab,0,0,,,0,0,,,,,,,,,,,,,,,,,,,,,,,,,,,,,,,,,,,
Pd1415c96b7,1,6,6,0.0,19,1912,100.632,13.371,12.1862,0.41467,0.0,0.0,98,477,379,2.6151,0.44218,13.0753,79.4979,96.7573,13.0753,35.0418,7.8452,52.3013,545.5021,14.1213,33.9958,30.3347,10.4603,8.8912,72.6987,21.9665,134.9372,138.0753,27.7197,64.8536,13.5983,30.3347,244.2469,42.887,33.4728
Peefc30f89c,1,4,5,0.2,19,1342,70.632,14.277,11.699,0.413,0.0,0.0,110,617,507,22.3547,0.49541,28.3159,78.2414,101.3413,10.4322,67.0641,16.3934,15.6483,546.1997,10.4322,40.2385,15.6483,11.1773,18.6289,50.6706,27.5708,111.7735,132.6379,22.3547,70.0447,8.9419,9.687,230.2534,40.9836,23.0999
Pf5e2b9f7f1,0,0,,,0,0,,,,,,,,,,,,,,,,,,,,,,,,,,,,,,,,,,,
Pac5bd0e496,1,5,5,0.0,13,409,31.462,12.029,6.6015,,0.0,0.0,112,476,364,19.5599,0.4375,9.78,63.5697,100.2445,7.335,44.0098,7.335,80.6846,577.0171,9.78,51.3447,26.8949,22.0049,12.2249,68.4597,29.3399,107.5795,185.8191,17.1149,83.1296,9.78,26.8949,276.2836,66.0147,46.4548
Pcb5c1e8ac6,1,1,1,0.0,1,29,29.0,14.5,6.8966,,0.0,0.0,113,113,0,-34.4828,0.0,0.0,68.9655,34.4828,34.4828,68.9655,34.4828,34.4828,551.7241,0.0,0.0,68.9655,0.0,0.0,137.931,34.4828,172.4138,68.9655,0.0,68.9655,34.4828,68.9655,241.3793,68.9655,0.0
P544e2d56ac,0,0,,,0,0,,,,,,,,,,,,,,,,,,,,,,,,,,,,,,,,,,,
Pa610141ccc,0,0,,,0,0,,,,,,,,,,,,,,,,,,,,,,,,,,,,,,,,,,,
P1605b30cec,1,2,3,0.3333,8,597,74.625,11.94,12.5628,0.418,0.0,0.0,1544,1545,1,48.5762,0.61667,10.0503,67.0017,110.5528,18.4255,30.1508,10.0503,61.9765,527.6382,15.0754,61.9765,23.4506,21.7755,0.0,55.2764,15.0754,128.9782,152.4288,26.8007,60.3015,13.4003,18.4255,254.6064,38.526,16.7504
Pc86b9a08db,0,0,,,0,0,,,,,,,,,,,,,,,,,,,,,,,,,,,,,,,,,,,
P49a2cdbcb5,1,3,3,0.0,15,1037,69.133,10.37,8.486,0.397,2.893,0.0,461,463,2,-27.001,0.18824,13.5005,45.323,110.8968,14.4648,28.9296,7.7146,42.4301,542.9122,18.3221,15.4291,42.4301,14.4648,7.7146,42.4301,27.001,130.1832,191.8997,19.2864,95.4677,8.6789,46.2874,257.4735,66.5381,34.7155
Pd5893ad4c2,0,0,,,0,0,,,,,,,,,,,,,,,,,,,,,,,,,,,,,,,,,,,
P71e6d4319f,0,0,,,0,0,,,,,,,,,,,,,,,,,,,,,,,,,,,,,,,,,,,
P586a0d2a81,0,0,1,1.0,0,0,,,,,,,,,,,,,,,,,,,,,,,,,,,,,,,,,,,
P02f9f17423,0,0,,,0,0,,,,,,,,,,,,,,,,,,,,,,,,,,,,,,,,,,,
P9bd8ef5672,1,1,1,0.0,2,53,26.5,13.25,5.6604,,0.0,0.0,475,475,0,18.8679,0.5,0.0,37.7358,113.2075,0.0,37.7358,0.0,18.8679,528.3019,37.7358,37.7358,18.8679,37.7358,0.0,75.4717,0.0,113.2075,188.6792,18.8679,37.7358,0.0,37.7358,283.0189,37.7358,0.0
P801bf131e6,1,1,1,0.0,4,119,29.75,14.875,9.2437,,0.0,0.0,475,475,0,8.4034,0.2,0.0,67.2269,67.2269,0.0,42.0168,8.4034,50.4202,579.8319,0.0,25.2101,25.2101,8.4034,0.0,75.6303,8.4034,151.2605,134.4538,67.2269,100.8403,25.2101,33.6134,226.8908,100.8403,0.0
Pd175d5631f,0,0,,,0,0,,,,,,,,,,,,,,,,,,,,,,,,,,,,,,,,,,,
Pc47bd1a1ea,0,0,,,0,0,,,,,,,,,,,,,,,,,,,,,,,,,,,,,,,,,,,
Pa5107e2b9c,1,1,3,0.6667,3,162,54.0,11.571,15.4321,,0.0,0.0,476,476,0,67.9012,0.94737,12.3457,49.3827,111.1111,0.0,37.037,6.1728,24.6914,549.3827,18.5185,111.1111,24.6914,30.8642,24.6914,98.7654,12.3457,135.8025,111.1111,24.6914,30.8642,6.1728,6.1728,265.4321,6.1728,6.1728
Pda7f31dba8,0,0,,,0,0,,,,,,,,,,,,,,,,,,,,,,,,,,,,,,,,,,,
P5c6144028a,0,0,,,0,0,,,,,,,,,,,,,,,,,,,,,,,,,,,,,,,,,,,
Pf75a340b58,0,0,,,0,0,,,,,,,,,,,,,,,,,,,,,,,,,,,,,,,,,,,
P2d45174d7f,1,7,7,0.0,37,1835,49.595,13.297,10.1362,0.41667,2.1798,0.0,80,97,17,25.0681,0.64331,10.8992,59.4005,110.0817,11.9891,61.5804,11.4441,38.6921,568.3924,11.4441,55.0409,29.9728,23.9782,11.4441,81.7439,18.5286,114.9864,130.7902,16.3488,57.2207,10.8992,47.4114,250.1362,30.5177,12.5341
P722aa856f7,1,5,5,0.0,44,1813,41.205,9.345,8.77,0.42667,2.2063,0.0,96,104,8,44.6773,0.57949,17.0987,56.8119,107.5565,19.8566,36.9553,11.0314,31.9912,542.7468,6.6189,62.3276,19.305,28.1302,9.3767,73.9106,24.2692,113.0723,142.3056,27.027,63.4308,4.4126,34.1975,243.7948,45.2289,17.0987
P552ea773e2,1,2,2,0.0,16,1090,68.125,11.122,11.7431,0.451,0.0,0.0,98,99,1,24.7706,0.44,19.2661,77.0642,104.5872,9.1743,75.2294,12.844,29.3578,532.1101,10.0917,40.367,14.6789,20.1835,13.7615,51.3761,26.6055,107.3394,148.6239,19.2661,66.9725,11.9266,33.0275,239.4495,51.3761,5.5046
P67ee7c4408,1,3,3,0.0,7,286,40.857,10.214,10.8392,,0.0,0.0,82,90,8,13.986,0.36364,3.4965,66.4336,97.9021,17.4825,31.4685,10.4895,34.965,548.951,6.993,27.972,20.979,10.4895,3.4965,69.9301,34.965,136.3636,139.8601,45.4545,80.4196,6.993,45.4545,234.2657,48.951,3.4965
Pdfe2a49906,1,9,9,0.0,66,4837,73.288,13.252,10.1716,0.43378,1.4472,0.0,82,99,17,42.5884,0.61485,8.8898,72.3589,97.9946,14.0583,50.4445,11.7842,37.8334,548.6872,12.4044,54.786,19.847,10.337,4.1348,61.195,18.8133,129.6258,133.9673,22.9481,56.2332,8.0628,27.2896,228.0339,34.3188,18.8133
Peda84f3898,0,0,,,0,0,,,,,,,,,,,,,,,,,,,,,,,,,,,,,,,,,,,
Pd43d378f42,1,2,2,0.0,12,526,43.833,15.029,8.7452,0.386,0.0,0.0,98,104,6,34.2205,0.45098,15.2091,70.3422,115.9696,7.6046,76.0456,13.308,47.5285,568.4411,3.8023,43.7262,13.308,13.308,9.5057,62.7376,24.7148,112.1673,142.5856,11.4068,79.8479,1.9011,19.0114,226.2357,53.2319,3.8023
P2e38e474e2,1,8,8,0.0,27,1108,41.037,14.205,12.9964,0.456,0.0,0.0,91,106,15,40.6137,0.57647,10.8303,79.4224,110.1083,21.6606,49.639,17.148,40.6137,561.3718,4.5126,44.2238,9.9278,18.0505,10.8303,55.9567,21.6606,115.5235,130.8664,29.7834,46.9314,7.2202,27.0758,226.5343,32.491,17.148
P376f10f64c,1,15,15,0.0,89,4374,49.146,11.511,9.6251,0.3655,0.6859,0.0,88,475,387,-10.2881,0.26034,20.3475,56.2414,109.7394,14.6319,59.4422,8.0018,27.8921,550.5258,13.946,24.4627,31.0928,15.0892,11.6598,73.1596,29.7211,129.401,173.0681,22.6337,93.9643,4.3439,36.1225,275.9488,69.5016,8.9163
Pab86c7dfaf,1,2,2,0.0,12,549,45.75,15.25,10.7468,0.394,0.0,0.0,90,96,6,60.1093,0.625,1.8215,63.7523,87.4317,0.0,60.1093,1.8215,89.2532,535.5191,0.0,72.8597,12.7505,20.0364,1.8215,123.8616,16.3934,114.7541,92.8962,12.7505,56.4663,10.929,20.0364,264.1166,43.7158,23.6794
P5f07dfebd6,1,1,1,0.0,3,186,62.0,12.4,13.4409,,0.0,0.0,99,99,0,26.8817,0.45455,16.129,59.1398,96.7742,21.5054,53.7634,16.129,26.8817,548.3871,0.0,53.7634,32.2581,10.7527,10.7527,59.1398,26.8817,91.3978,172.043,26.8817,91.3978,16.129,48.3871,247.3118,64.5161,0.0
P4e0fbd7a78,0,0,,,0,0,,,,,,,,,,,,,,,,,,,,,,,,,,,,,,,,,,,
Pf1e6555cfc,1,11,11,0.0,57,2235,39.211,11.175,10.2013,0.3975,0.8949,0.0,80,473,393,26.8456,0.50926,12.0805,69.3512,72.4832,9.396,39.821,8.0537,25.0559,527.5168,7.6063,49.217,21.9239,9.8434,8.5011,82.3266,29.5302,145.4139,114.9888,25.0559,60.4027,9.396,37.5839,224.6085,47.4273,3.5794
P7c81e9aca5,1,1,1,0.0,4,173,43.25,10.812,8.6705,,0.0,0.0,105,105,0,52.0231,0.75,0.0,75.1445,75.1445,5.7803,46.2428,5.7803,63.5838,508.6705,11.5607,69.3642,11.5607,11.5607,11.5607,80.9249,57.8035,92.4855,115.6069,17.341,52.0231,0.0,46.2428,208.0925,23.1214,17.341
P7e5e28e6b3,1,1,1,0.0,3,150,50.0,11.538,11.3333,,0.0,0.0,98,98,0,6.6667,0.33333,6.6667,73.3333,153.3333,6.6667,40.0,13.3333,33.3333,600.0,20.0,26.6667,20.0,6.6667,13.3333,113.3333,13.3333,140.0,106.6667,13.3333,66.6667,20.0,33.3333,233.3333,53.3333,0.0
Pdb3f441dab,0,0,,,0,0,,,,,,,,,,,,,,,,,,,,,,,,,,,,,,,,,,,
P4afc5fb3f7,1,13,15,0.1333,45,2679,59.533,14.175,10.6756,0.4296,0.0,0.0,95,826,731,44.0463,0.54515,21.2766,62.3367,103.7701,17.5439,57.4841,13.0646,32.1015,562.1501,16.424,60.8436,21.6499,11.9448,8.212,48.5256,24.2628,128.7794,153.4155,23.8895,67.5625,3.3595,30.2352,231.0564,50.7652,10.0784
Pfcb4575061,0,0,,,0,0,,,,,,,,,,,,,,,,,,,,,,,,,,,,,,,,,,,
Pffe825f9b7,0,0,,,0,0,,,,,,,,,,,,,,,,,,,,,,,,,,,,,,,,,,,
P3d1eff1bca,0,0,,,0,0,,,,,,,,,,,,,,,,,,,,,,,,,,,,,,,,,,,
P969f2b1c13,0,0,,,0,0,,,,,,,,,,,,,,,,,,,,,,,,,,,,,,,,,,,
Pd19bde5a19,1,6,6,0.0,26,1696,65.231,13.789,9.9646,0.38933,0.0,0.0,91,98,7,-18.8679,0.17931,18.2783,66.0377,89.6226,22.4057,71.3443,12.9717,35.967,542.4528,12.3821,15.3302,43.0425,11.7925,4.1274,50.7075,25.9434,136.7925,158.0189,26.533,91.3915,6.4858,16.5094,238.2075,70.1651,10.0236
Pc3a5f10000,1,3,3,0.0,7,271,38.714,11.292,12.9151,,0.0,0.0,84,218,134,44.2804,0.47059,25.8303,51.6605,81.1808,7.3801,51.6605,3.69,47.9705,531.3653,0.0,59.0406,14.7601,11.0701,3.69,88.5609,55.3506,147.6015,125.4613,18.4502,92.2509,3.69,11.0701,232.4723,66.4207,7.3801
P0157d20b94,0,0,,,0,0,,,,,,,,,,,,,,,,,,,,,,,,,,,,,,,,,,,
Pda7ff44e77,0,0,,,0,0,,,,,,,,,,,,,,,,,,,,,,,,,,,,,,,,,,,
P0e7908a570,0,0,,,0,0,,,,,,,,,,,,,,,,,,,,,,,,,,,,,,,,,,,
P4b0ccf34e0,1,5,5,0.0,12,608,50.667,11.692,9.0461,0.402,0.0,0.0,80,475,395,-18.0921,0.25,9.8684,72.3684,92.1053,3.2895,41.1184,6.5789,29.6053,557.5658,9.8684,19.7368,31.25,8.2237,13.1579,54.2763,34.5395,131.5789,161.1842,24.6711,74.0132,4.9342,77.3026,240.1316,59.2105,4.9342
Pab534e249b,0,0,,,0,0,,,,,,,,,,,,,,,,,,,,,,,,,,,,,,,,,,,
P9f5758481a,0,0,,,0,0,,,,,,,,,,,,,,,,,,,,,,,,,,,,,,,,,,,
P41bc73e83b,1,2,2,0.0,6,169,28.167,8.895,7.1006,,0.0,0.0,105,478,373,35.503,0.45833,47.3373,65.0888,112.426,17.7515,59.1716,5.9172,35.503,579.8817,11.8343,65.0888,29.5858,53.2544,5.9172,100.5917,29.5858,112.426,153.8462,35.503,94.6746,23.6686,0.0,272.1893,76.9231,17.7515
Pe67238da8c,0,0,,,0,0,,,,,,,,,,,,,,,,,,,,,,,,,,,,,,,,,,,
Pbbde966f1e,0,0,,,0,0,,,,,,,,,,,,,,,,,,,,,,,,,,,,,,,,,,,
Pad8df3794d,1,9,9,0.0,45,2159,47.978,12.267,10.0509,0.4115,1.3895,0.0,80,825,745,47.7073,0.72444,16.6744,66.6975,87.5405,11.1163,47.7073,5.095,29.6434,556.2761,8.8004,75.4979,21.7693,14.8217,11.1163,75.0347,25.0116,131.5424,135.2478,21.7693,52.8022,3.2422,42.6123,239.4627,28.717,12.969
P51f87bc5f4,1,12,12,0.0,57,2538,44.526,10.488,9.9291,0.3832,0.394,0.0,80,839,759,10.6383,0.40146,13.3964,68.1639,88.2585,9.8503,32.7029,6.3042,37.037,538.6131,9.8503,43.3412,28.3688,10.6383,10.6383,81.9543,31.5209,122.9314,123.3255,22.4586,87.0764,6.6982,40.9771,226.5563,64.6178,4.3341
P7c1c1e7eac,0,0,,,0,0,,,,,,,,,,,,,,,,,,,,,,,,,,,,,,,,,,,
P246009ab63,0,0,,,0,0,,,,,,,,,,,,,,,,,,,,,,,,,,,,,,,,,,,
P486b5c76fa,0,0,,,0,0,,,,,,,,,,,,,,,,,,,,,,,,,,,,,,,,,,,
P82dd1ca59f,1,3,3,0.0,18,1330,73.889,15.647,9.8496,0.395,4.5113,0.0,91,99,8,23.3083,0.4,9.7744,54.1353,89.4737,12.0301,46.6165,11.2782,44.3609,538.3459,5.2632,37.594,15.7895,15.0376,9.7744,48.1203,10.5263,131.5789,163.9098,25.5639,75.9398,4.5113,14.2857,242.1053,56.391,27.8195
P8482acfde2,1,10,10,0.0,49,2057,41.98,12.029,10.5493,0.385,0.4861,0.0,95,476,381,15.5566,0.40488,15.0705,68.5464,105.0073,7.7783,57.3651,9.7229,35.4886,578.0263,10.6952,40.35,22.3627,24.3072,12.1536,63.685,30.141,130.773,142.9266,19.4458,91.3952,4.8614,40.8362,245.017,59.3097,23.335
P2fe87c73a6,1,15,15,0.0,85,5613,66.035,10.671,11.3665,0.40618,0.1782,0.0,80,462,382,21.0226,0.30906,10.6895,61.8208,130.0552,19.5974,60.2174,15.6779,35.4534,587.9209,8.3734,30.9995,18.5284,31.3558,7.1263,60.93,20.31,107.9637,162.1236,30.1087,86.5847,5.5229,42.2234,255.4784,69.3034,13.8963
P6dfb5df5c6,0,0,,,0,0,,,,,,,,,,,,,,,,,,,,,,,,,,,,,,,,,,,
P1ca581fef0,0,0,,,0,0,,,,,,,,,,,,,,,,,,,,,,,,,,,,,,,,,,,
Pc9371b494a,,,,,,,,,,,,,,,,,,,,,,,,,,,,,,,,,,,,,,,,,
P4b06d66b80,0,0,,,0,0,,,,,,,,,,,,,,,,,,,,,,,,,,,,,,,,,,,
Pf14243ec5e,1,4,4,0.0,39,1782,45.692,9.581,10.4938,0.434,1.6835,0.0,97,104,7,7.8563,0.38235,23.0079,55.5556,111.1111,10.101,61.1672,12.9068,40.9652,557.2391,8.4175,36.4759,25.8137,22.4467,15.7127,53.3109,26.3749,115.0393,163.2997,17.9574,69.5847,9.5398,33.1089,240.7407,58.9226,21.3244
P79f9e777a1,1,4,4,0.0,32,1551,48.469,11.662,13.4107,0.436,0.0,0.0,97,467,370,43.1979,0.45385,14.1844,75.4352,115.4094,22.5661,60.6061,16.7634,21.2766,560.2837,10.3159,38.04,9.0264,10.9607,2.579,47.7112,27.724,127.6596,133.4623,30.9478,64.4745,7.0922,43.1979,216.6344,45.7769,5.8027
P951f092ec6,1,9,9,0.0,37,2255,60.946,12.886,10.0222,0.407,2.2173,0.0,80,838,758,-1.3304,0.37895,8.8692,76.2749,96.2306,19.5122,52.7716,4.878,25.2772,556.0976,14.1907,31.929,28.8248,14.6341,9.3126,71.3969,18.1818,134.3681,133.4812,27.4945,87.8049,6.2084,31.4856,240.3548,52.3282,12.8603
Pb047bb4747,1,1,1,0.0,3,348,116.0,17.4,6.8966,,0.0,0.0,476,476,0,2.8736,0.23333,8.6207,117.8161,74.7126,20.1149,45.977,8.6207,22.9885,586.2069,2.8736,20.1149,17.2414,11.4943,8.6207,114.9425,28.7356,140.8046,34.4828,22.9885,71.8391,11.4943,5.7471,175.2874,66.092,0.0
P28594efa12,1,6,7,0.1429,23,1441,62.652,15.168,9.1603,0.39,0.0,0.0,88,463,375,18.043,0.54128,8.3276,73.56,102.0125,13.8793,47.1895,11.1034,47.1895,528.1055,18.737,40.9438,23.5947,11.1034,10.4094,27.0645,34.6981,136.7106,164.4691,22.9008,53.4351,17.3491,21.5128,223.4559,34.6981,15.2672
P2bc925c307,1,6,6,0.0,20,548,27.4,12.744,12.0438,0.398,0.0,0.0,98,839,741,36.4964,0.62745,25.5474,76.6423,78.4672,9.1241,41.9708,7.2993,96.7153,527.3723,5.4745,58.3942,20.073,14.5985,9.1241,78.4672,23.7226,118.6131,158.7591,18.2482,38.3212,20.073,21.8978,253.6496,34.6715,54.7445
P94bbcbe8b9,0,0,,,0,0,,,,,,,,,,,,,,,,,,,,,,,,,,,,,,,,,,,
P267f5baf8e,0,0,,,0,0,,,,,,,,,,,,,,,,,,,,,,,,,,,,,,,,,,,
P103e95dd1f,0,0,3,1.0,0,0,,,,,,,,,,,,,,,,,,,,,,,,,,,,,,,,,,,
Pc90f94ed67,0,0,,,0,0,,,,,,,,,,,,,,,,,,,,,,,,,,,,,,,,,,,
Pc9bef9c2e0,0,0,,,0,0,,,,,,,,,,,,,,,,,,,,,,,,,,,,,,,,,,,
Pbbe7c2361f,0,0,,,0,0,,,,,,,,,,,,,,,,,,,,,,,,,,,,,,,,,,,
P2528efc939,0,0,,,0,0,,,,,,,,,,,,,,,,,,,,,,,,,,,,,,,,,,,
Pc06b79b843,0,0,,,0,0,,,,,,,,,,,,,,,,,,,,,,,,,,,,,,,,,,,
P8ff779ec76,1,4,4,0.0,19,726,38.211,11.71,12.9477,0.44,0.0,0.0,98,477,379,12.3967,0.33333,11.0193,56.4738,111.5702,23.416,57.8512,6.8871,33.0579,564.7383,4.1322,27.5482,17.9063,19.2837,4.1322,73.0028,34.4353,140.4959,121.2121,38.5675,70.2479,15.1515,28.9256,223.1405,55.0964,12.3967
Pb7bd8922eb,0,0,,,0,0,,,,,,,,,,,,,,,,,,,,,,,,,,,,,,,,,,,
Pfa9e39fc67,1,4,4,0.0,8,573,71.625,15.079,11.1693,0.404,0.0,0.0,97,469,372,15.7068,0.37255,15.7068,80.2792,99.4764,26.178,43.63,6.9808,22.6876,542.7574,8.726,33.1588,12.2164,13.9616,12.2164,69.808,31.4136,111.6928,136.1257,40.1396,71.5532,3.4904,38.3944,232.1117,55.8464,12.2164
Pb00deeb55d,1,1,1,0.0,3,472,157.333,16.276,15.678,,0.0,0.0,99,99,0,21.1864,0.40426,16.9492,91.1017,88.9831,25.4237,46.6102,4.2373,10.5932,557.2034,8.4746,40.2542,23.3051,6.3559,0.0,42.3729,25.4237,141.9492,131.3559,21.1864,88.9831,8.4746,8.4746,203.3898,59.322,10.5932
P6e6a2db0d6,1,3,3,0.0,8,339,42.375,12.107,10.3245,,0.0,0.0,474,840,366,5.8997,0.22222,11.7994,58.9971,91.4454,11.7994,44.2478,2.9499,35.3982,554.5723,11.7994,23.5988,11.7994,17.6991,8.8496,53.0973,32.4484,126.8437,188.7906,32.4484,106.1947,5.8997,35.3982,259.587,82.5959,11.7994
P3b02df9dfc,0,0,,,0,0,,,,,,,,,,,,,,,,,,,,,,,,,,,,,,,,,,,
P4b40cf78ae,0,0,,,0,0,,,,,,,,,,,,,,,,,,,,,,,,,,,,,,,,,,,
P16bd14d8e6,1,9,9,0.0,41,1562,38.098,10.413,9.9232,0.39733,0.0,0.0,95,475,380,32.6504,0.58974,17.9257,76.8246,91.5493,13.4443,53.137,9.6031,39.0525,531.37,17.9257,58.8988,25.6082,18.5659,10.2433,77.4648,42.2535,119.7183,138.2843,23.0474,60.8195,12.1639,53.7772,249.6799,40.9731,4.4814
P5c990faeef,0,0,,,0,0,,,,,,,,,,,,,,,,,,,,,,,,,,,,,,,,,,,
Pd2241d6e4b,1,5,5,0.0,18,975,54.167,17.727,11.4872,0.42,0.0,0.0,104,477,373,-3.0769,0.34177,23.5897,64.6154,89.2308,14.359,63.5897,8.2051,44.1026,544.6154,9.2308,27.6923,27.6923,8.2051,11.2821,48.2051,34.8718,137.4359,145.641,21.5385,70.7692,8.2051,28.7179,228.7179,53.3333,20.5128
Pb36450dd54,0,0,,,0,0,,,,,,,,,,,,,,,,,,,,,,,,,,,,,,,,,,,
Pb48635a7c4,1,7,7,0.0,26,1713,65.885,11.574,10.216,0.438,0.5838,0.0,98,840,742,15.7618,0.35065,25.6859,60.7122,119.0893,21.0158,46.1179,9.3403,43.1991,544.0747,13.4267,31.5236,15.1781,15.7618,9.9241,57.2096,32.1074,120.2569,151.1967,26.8535,79.9766,11.6754,35.61,234.0922,58.3771,22.1833
P146ec7320a,1,15,15,0.0,109,7029,64.486,14.674,10.0726,0.405,0.2845,0.0,88,467,379,32.7216,0.53651,11.3814,59.6102,106.1317,18.9216,66.1545,9.8165,45.6679,562.9535,8.3938,48.0865,17.4989,21.1979,7.6825,57.7607,20.3443,118.7936,157.7749,27.4577,65.1586,16.0763,39.1236,245.4119,41.5422,15.5072
P26f8dd510c,1,3,3,0.0,8,434,54.25,13.562,9.2166,,2.3041,0.0,90,107,17,23.0415,0.53659,9.2166,71.4286,96.7742,20.7373,48.3871,2.3041,32.2581,541.4747,16.129,50.6912,23.0415,9.2166,6.9124,34.5622,43.7788,108.2949,158.9862,25.3456,78.341,6.9124,20.7373,218.894,43.7788,27.6498
P2acc089d0e,1,4,4,0.0,22,1092,49.636,12.133,11.8132,0.404,0.9158,0.0,95,98,3,60.4396,0.67368,15.5678,76.0073,106.2271,21.0623,50.3663,11.9048,33.8828,540.293,5.4945,58.6081,6.4103,21.0623,3.663,63.1868,36.63,114.4689,143.7729,33.8828,57.6923,2.7473,32.0513,237.1795,28.3883,8.2418
Pe2d0a4cddd,1,3,3,0.0,8,297,37.125,11.88,4.7138,,3.367,0.0,91,99,8,60.6061,0.77778,20.202,77.4411,87.5421,10.101,63.9731,10.101,30.303,616.1616,6.734,94.2761,37.037,23.569,6.734,107.7441,13.468,138.0471,131.3131,26.936,67.3401,0.0,23.569,259.2593,26.936,16.835
P22c8154970,0,0,,,0,0,,,,,,,,,,,,,,,,,,,,,,,,,,,,,,,,,,,
P1738f63a26,1,9,9,0.0,46,4234,92.043,16.802,12.3288,0.4345,0.0,0.0,90,106,16,6.6131,0.40977,14.4072,85.4983,88.5687,10.6282,50.7794,9.6835,34.2466,531.4124,8.975,25.744,22.4374,13.2263,6.3769,55.7393,30.4676,132.4988,131.0817,17.9499,65.659,4.0151,29.7591,213.2735,37.0808,23.146
P7b8c6b66e0,1,8,8,0.0,69,5809,84.188,15.247,11.947,0.43109,0.3443,0.0,452,462,10,47.6846,0.58392,10.8452,70.5801,91.582,12.7389,61.9728,9.4681,32.5357,556.378,8.6073,57.497,14.4603,15.4932,4.8201,56.8084,21.174,133.9301,116.3711,20.1412,60.2513,11.5338,30.8143,208.6418,40.9709,4.9923
P3391f209f3,1,4,4,0.0,11,700,63.636,17.949,9.1429,0.4,0.0,0.0,91,98,7,18.5714,0.38095,21.4286,62.8571,100.0,14.2857,51.4286,15.7143,58.5714,564.2857,7.1429,34.2857,27.1429,14.2857,4.2857,68.5714,28.5714,144.2857,144.2857,25.7143,64.2857,14.2857,44.2857,240.0,55.7143,8.5714
Pad8e6fd6b0,1,4,4,0.0,11,689,62.636,14.061,7.9826,0.386,0.0,0.0,95,98,3,7.2569,0.33962,7.2569,69.6662,85.6313,36.2845,59.5065,5.8055,49.3469,577.6488,7.2569,26.1248,21.7707,7.2569,2.9028,49.3469,27.5762,137.881,152.3948,36.2845,76.9231,2.9028,23.2221,227.8665,50.7983,27.5762
P52f9046b71,0,0,,,0,0,,,,,,,,,,,,,,,,,,,,,,,,,,,,,,,,,,,
P4417860ddd,1,11,11,0.0,42,4038,96.143,16.024,10.525,0.43475,0.7429,0.0,89,840,751,14.6112,0.46619,14.1159,66.6171,93.1154,15.3541,72.8083,14.6112,18.8212,566.1218,7.4294,32.4418,23.0312,24.5171,9.4106,51.263,14.1159,121.3472,129.5196,24.0218,63.6454,7.6771,47.7959,216.6914,37.1471,20.3071
Pef77516e2b,1,7,7,0.0,35,2164,61.829,13.525,11.0444,0.4285,0.0,0.0,91,462,371,34.1959,0.47938,12.4769,64.695,111.8299,16.1738,50.3697,16.6359,45.2865,560.9982,9.7043,42.976,18.4843,14.7874,6.9316,60.0739,25.878,125.2311,134.0111,27.7264,70.7024,12.939,29.1128,234.7505,46.6728,12.939
P4c4f563b8c,1,18,18,0.0,91,5558,61.077,13.329,9.194,0.40927,0.0,0.0,80,826,746,46.9593,0.59158,12.5945,56.855,105.7935,12.5945,55.2357,16.7326,57.3947,559.014,6.837,58.1144,21.9503,20.8708,5.9374,54.3361,18.8917,111.9108,170.565,32.2058,55.2357,7.1968,31.4861,249.0104,40.1223,25.9086
Pc430805a15,1,6,6,0.0,14,547,39.071,11.891,8.5923,0.418,0.0,0.0,89,461,372,3.6563,0.29032,14.6252,67.6417,73.1261,16.4534,58.5009,7.3126,34.7349,550.2742,7.3126,32.9068,18.2815,21.9378,18.2815,76.7824,16.4534,122.4863,124.3144,29.2505,93.2358,3.6563,34.7349,223.0347,80.4388,7.3126
P7ef2b1cf05,1,1,1,0.0,2,186,93.0,15.5,11.828,,0.0,0.0,97,97,0,64.5161,0.73684,0.0,75.2688,96.7742,43.0108,80.6452,10.7527,32.2581,596.7742,16.129,75.2688,21.5054,0.0,0.0,59.1398,21.5054,139.7849,123.6559,26.8817,48.3871,0.0,37.6344,209.6774,26.8817,16.129
P60425a0c89,0,0,,,0,0,,,,,,,,,,,,,,,,,,,,,,,,,,,,,,,,,,,
Pab257f8a15,1,1,1,0.0,2,98,49.0,9.8,7.1429,,0.0,0.0,98,98,0,112.2449,1.0,0.0,51.0204,122.449,0.0,51.0204,20.4082,40.8163,622.449,0.0,112.2449,20.4082,20.4082,0.0,112.2449,30.6122,153.0612,91.8367,20.4082,0.0,10.2041,20.4082,224.4898,0.0,10.2041
P20418f8d52,1,13,13,0.0,85,5302,62.376,13.843,11.3353,0.4128,1.1316,0.0,80,824,744,19.238,0.50107,14.9,68.4647,98.0762,11.5051,58.2799,8.1101,33.0064,536.9672,9.8076,44.3229,21.8785,16.7861,11.3165,55.4508,20.3697,124.1041,158.2422,23.0102,57.7141,9.8076,35.4583,251.4146,44.1343,3.0177
P0086aec335,0,0,,,0,0,,,,,,,,,,,,,,,,,,,,,,,,,,,,,,,,,,,
Pe79f6d1bdb,1,1,1,0.0,8,424,53.0,12.471,11.7925,,2.3585,0.0,99,99,0,11.7925,0.35897,18.8679,49.5283,87.2642,9.434,44.8113,7.0755,58.9623,542.4528,9.434,33.0189,16.5094,18.8679,11.7925,68.3962,9.434,115.566,153.3019,18.8679,75.4717,4.717,28.3019,254.717,58.9623,37.7358
P8afd917a6c,1,11,11,0.0,61,4407,72.246,11.185,11.4364,0.4255,1.1346,0.0,96,825,729,10.8918,0.36607,20.4221,68.9812,115.2712,17.2453,31.5407,9.5303,28.364,548.4457,11.1187,27.9101,19.5144,21.7835,7.0343,52.1897,29.7254,120.4901,156.796,27.4563,69.8888,5.4459,31.9946,238.2573,48.3322,20.8759
P2d06a24aee,0,0,,,0,0,,,,,,,,,,,,,,,,,,,,,,,,,,,,,,,,,,,
P7d7c4d5568,0,0,,,0,0,,,,,,,,,,,,,,,,,,,,,,,,,,,,,,,,,,,
Pcb72b419f2,0,0,,,0,0,,,,,,,,,,,,,,,,,,,,,,,,,,,,,,,,,,,
P57a6e7dc53,0,0,,,0,0,,,,,,,,,,,,,,,,,,,,,,,,,,,,,,,,,,,
P38fd19ed26,1,7,7,0.0,41,2931,71.488,13.323,10.6789,0.428,0.0,0.0,96,832,736,-4.0942,0.38418,10.9178,71.9891,86.3187,8.1883,63.8008,10.2354,49.8124,517.5708,9.8942,23.2003,26.6121,11.259,10.9178,52.883,19.1061,124.8721,128.2839,27.2944,71.9891,4.4353,30.7062,211.8731,37.1887,7.1648
P117b8ca478,1,11,11,0.0,44,3194,72.591,13.477,10.9267,0.40267,0.0,0.0,89,469,380,27.8647,0.42715,7.5141,71.6969,87.6644,11.5842,69.8184,11.8973,32.8741,553.5379,11.8973,40.3882,20.3507,15.0282,4.0701,56.3557,22.2292,122.417,130.5573,15.6544,79.211,12.5235,35.3788,211.9599,54.1641,19.0983
P6fd4123c4d,1,17,17,0.0,95,5155,54.263,12.274,9.3501,0.3954,0.194,0.0,80,824,744,16.6828,0.40365,18.2347,64.4035,94.6654,15.7129,49.6605,7.9534,51.2124,555.9651,12.4151,38.6033,21.1445,16.2949,8.7294,52.1823,19.9806,126.8671,160.4268,30.0679,73.5209,5.6256,30.6499,238.7973,57.032,25.8002
Pc99e2f6730,1,2,2,0.0,13,907,69.769,14.869,11.2459,0.41,1.1025,0.0,97,98,1,38.5888,0.59223,13.2304,66.1521,104.7409,19.8456,57.3319,8.8203,34.1786,565.6009,12.1279,67.2547,28.6659,15.4355,8.8203,57.3319,20.9482,121.2789,145.5347,25.3583,54.0243,4.4101,16.538,240.3528,46.3065,11.0254
P2805efe438,0,0,,,0,0,,,,,,,,,,,,,,,,,,,,,,,,,,,,,,,,,,,
P4f7ec9f72f,0,0,,,0,0,,,,,,,,,,,,,,,,,,,,,,,,,,,,,,,,,,,
P57802757ed,0,0,,,0,0,,,,,,,,,,,,,,,,,,,,,,,,,,,,,,,,,,,
P3326a2a68b,1,15,15,0.0,68,3488,51.294,13.212,10.9805,0.42567,0.8601,0.0,83,469,386,3.1537,0.39506,8.0275,71.6743,90.3096,22.6491,38.7041,5.4472,56.7661,546.445,8.3142,27.5229,24.656,18.3486,5.1606,53.6124,17.2018,123.2798,139.6216,30.6766,57.9128,10.3211,44.7248,222.1904,42.1445,26.6628
P977d8b209e,1,2,2,0.0,4,228,57.0,11.4,12.2807,,0.0,0.0,823,825,2,8.7719,0.31818,30.7018,61.4035,57.0175,13.1579,57.0175,4.386,65.7895,539.4737,0.0,30.7018,13.1579,26.3158,13.1579,87.7193,35.0877,127.193,43.8596,21.9298,109.6491,4.386,30.7018,162.2807,65.7895,0.0
Pc643573699,1,13,13,0.0,40,2428,60.7,14.199,10.1318,0.3985,0.8237,0.0,89,470,381,37.4794,0.58577,11.944,76.1944,84.8435,16.8863,58.4843,8.2372,21.8287,560.5437,9.061,57.6606,22.2405,16.0626,6.1779,56.0132,17.2982,124.3822,142.916,31.7133,60.1318,14.0033,28.8303,219.5222,40.7743,12.7677
P5e4e4a8cf1,1,9,9,0.0,29,2497,86.103,12.675,10.1322,0.3685,0.0,0.0,89,469,380,32.4389,0.50502,18.0216,58.4702,103.324,19.6235,75.6908,13.6163,33.6404,572.2867,16.8202,60.4726,24.8298,20.4245,16.8202,92.511,23.2279,117.3408,126.5519,20.024,84.5014,5.2062,29.2351,253.5042,59.2711,11.2135
P16997d7184,1,4,4,0.0,20,1532,76.6,15.168,10.5091,0.43867,0.0,0.0,96,582,486,16.9713,0.53398,11.7493,80.2872,101.1749,14.3603,52.8721,11.0966,26.1097,569.8433,11.7493,35.9008,24.1514,10.4439,5.8747,71.8016,18.2768,129.2428,116.8407,32.6371,54.1775,9.1384,43.7337,229.1123,31.3316,8.4856
P8514f39741,0,0,,,0,0,,,,,,,,,,,,,,,,,,,,,,,,,,,,,,,,,,,
Pe7ad570728,1,8,8,0.0,16,1048,65.5,13.1,13.0725,0.4,0.0,0.0,91,462,371,18.1298,0.26214,20.0382,72.5191,127.8626,13.3588,57.2519,16.2214,25.7634,570.6107,7.6336,25.7634,17.1756,25.7634,6.6794,43.8931,21.9466,115.458,170.8015,21.9466,107.8244,6.6794,16.2214,241.4122,72.5191,3.8168
Pa0dded8876,1,2,2,0.0,7,371,53.0,12.793,11.5903,,2.6954,0.0,105,106,1,5.3908,0.42308,24.2588,78.1671,91.6442,21.5633,83.558,21.5633,21.5633,544.4744,13.4771,29.6496,18.8679,5.3908,26.9542,59.2992,29.6496,129.3801,132.0755,37.7358,59.2992,8.0863,35.0404,237.1968,40.4313,13.4771
P917b0d4d70,1,4,4,0.0,11,750,68.182,14.151,11.4667,0.43,1.3333,0.0,461,841,380,6.6667,0.28302,10.6667,85.3333,105.3333,4.0,48.0,2.6667,57.3333,536.0,1.3333,20.0,12.0,16.0,4.0,54.6667,30.6667,114.6667,138.6667,16.0,78.6667,2.6667,40.0,228.0,50.6667,17.3333
P56bb4beeed,1,8,8,0.0,34,2373,69.794,13.638,8.7653,0.4045,0.0,0.0,96,470,374,-4.2141,0.36686,12.2208,74.1677,101.1378,12.6422,57.3114,8.8496,31.1842,559.6292,11.7994,26.1273,34.5554,17.6991,4.6355,84.7029,21.4918,133.5862,141.1715,19.3847,64.0539,12.2208,45.512,252.4231,45.0906,17.6991
P922c03ccad,1,6,6,0.0,20,1427,71.35,12.856,10.5116,0.405,0.7008,0.0,91,463,372,5.6062,0.25362,11.9131,67.9748,105.1156,11.9131,46.9516,9.11,37.8416,561.3174,10.5116,24.527,23.8262,15.417,4.2046,74.2817,24.527,117.0287,136.6503,26.6293,96.0056,9.8108,37.1409,240.3644,72.1794,14.7162
Pb58f931dd3,1,1,2,0.5,1,83,83.0,13.833,10.8434,,0.0,0.0,470,470,0,-48.1928,0.38462,36.1446,48.1928,120.4819,0.0,96.3855,12.0482,12.0482,493.9759,24.0964,60.241,72.2892,0.0,48.1928,48.1928,0.0,120.4819,228.9157,0.0,132.5301,0.0,36.1446,313.253,96.3855,0.0
P456fdc6328,1,6,6,0.0,29,2388,82.345,12.184,11.474,0.426,0.4188,0.0,81,455,374,14.2379,0.37379,15.9129,66.1642,94.2211,15.0754,65.3266,15.0754,24.2881,561.139,6.7002,32.2446,21.7755,22.6131,11.3065,82.0771,22.1943,118.5092,122.2781,38.9447,61.9765,8.3752,45.2261,229.8995,54.0201,9.2127
P5500e23cae,1,11,11,0.0,65,4630,71.231,15.081,10.6263,0.39511,0.216,0.0,88,468,380,22.4622,0.42933,15.5508,54.4276,108.2073,11.879,46.2203,12.311,71.0583,554.8596,8.8553,34.7732,16.8467,11.4471,7.7754,49.892,23.9741,118.1425,181.8575,23.3261,69.7624,14.0389,30.8855,262.851,46.2203,43.4125
P322900af3b,0,0,,,0,0,,,,,,,,,,,,,,,,,,,,,,,,,,,,,,,,,,,
Pfd96fb33e5,0,0,,,0,0,,,,,,,,,,,,,,,,,,,,,,,,,,,,,,,,,,,
P597d181897,0,0,,,0,0,,,,,,,,,,,,,,,,,,,,,,,,,,,,,,,,,,,
P1015da4297,0,0,,,0,0,,,,,,,,,,,,,,,,,,,,,,,,,,,,,,,,,,,
P4b1ba6339f,0,0,,,0,0,,,,,,,,,,,,,,,,,,,,,,,,,,,,,,,,,,,
P9378e87d91,0,0,,,0,0,,,,,,,,,,,,,,,,,,,,,,,,,,,,,,,,,,,
Pa5aab1aab8,0,0,,,0,0,,,,,,,,,,,,,,,,,,,,,,,,,,,,,,,,,,,
P6aab967db9,0,0,,,0,0,,,,,,,,,,,,,,,,,,,,,,,,,,,,,,,,,,,
Pf31133cc3c,0,0,,,0,0,,,,,,,,,,,,,,,,,,,,,,,,,,,,,,,,,,,
Pfc3cc92a5c,0,0,,,0,0,,,,,,,,,,,,,,,,,,,,,,,,,,,,,,,,,,,
P6f23e4dd26,1,8,8,0.0,32,2888,90.25,15.444,9.3837,0.3988,0.3463,0.0,95,838,743,11.7729,0.39013,15.5817,67.1745,103.8781,13.5042,72.0222,15.2355,30.4709,560.9418,9.6953,30.1247,26.662,12.8116,6.9252,57.133,28.3934,122.5762,143.0055,22.8532,75.4848,12.1191,37.0499,224.723,47.0914,10.0416
P37b821fb18,1,4,4,0.0,13,408,31.385,9.714,12.2549,,2.451,0.0,104,1203,1099,34.3137,0.52174,26.9608,61.2745,85.7843,4.902,71.0784,17.1569,58.8235,544.1176,7.3529,58.8235,22.0588,7.3529,19.6078,100.4902,46.5686,102.9412,132.3529,36.7647,71.0784,4.902,41.6667,257.3529,53.9216,7.3529
P6d59a1d0fb,0,0,,,0,0,,,,,,,,,,,,,,,,,,,,,,,,,,,,,,,,,,,
P2d536d911b,1,3,3,0.0,20,1322,66.1,16.949,8.7746,0.412,0.7564,0.0,95,98,3,31.77,0.54412,18.9107,57.4887,95.3101,12.1029,77.1558,18.1543,53.7065,571.8608,9.0772,55.9758,29.5008,12.1029,12.8593,74.1301,20.4236,130.8623,130.8623,20.4236,65.053,7.5643,31.77,227.6853,46.8986,14.3722
P1a8bbe3efe,1,7,7,0.0,20,1891,94.55,16.025,12.11,0.424,0.5288,0.0,462,841,379,13.2205,0.37356,21.1528,88.3131,87.7842,15.3358,58.1703,14.807,25.9122,539.926,5.817,34.3733,26.441,15.3358,9.5188,51.8244,26.441,127.4458,134.8493,29.0851,90.4283,13.2205,22.7393,213.6436,57.6415,7.9323
Peb1d9a0135,1,19,19,0.0,87,5980,68.736,11.456,10.0167,0.41982,0.3344,0.0,91,1191,1100,-2.8428,0.26542,14.3813,59.1973,112.0401,17.0569,50.8361,8.5284,28.9298,571.0702,10.2007,23.7458,24.0803,25.9197,11.0368,66.388,17.5585,122.9097,151.6722,28.2609,92.4749,6.0201,42.8094,248.1605,65.7191,9.3645
P4b68bd7095,1,11,11,0.0,43,4015,93.372,15.094,10.4359,0.41075,1.9925,0.0,95,841,746,12.2042,0.28535,13.4496,64.01,110.3362,16.1893,59.0286,10.7098,30.137,583.8107,9.4645,28.1445,20.1743,17.9328,6.4757,55.2927,18.68,127.0237,162.8892,24.9066,84.6824,3.736,40.3487,245.33,70.4857,13.2005
P8d411cb20c,0,0,,,0,0,,,,,,,,,,,,,,,,,,,,,,,,,,,,,,,,,,,
P0846fd837c,1,1,1,0.0,1,44,44.0,14.667,11.3636,,0.0,0.0,98,98,0,22.7273,0.33333,22.7273,68.1818,90.9091,22.7273,45.4545,0.0,22.7273,522.7273,22.7273,45.4545,22.7273,0.0,0.0,113.6364,22.7273,68.1818,90.9091,22.7273,113.6364,22.7273,0.0,227.2727,90.9091,0.0
P74435b1e45,1,6,6,0.0,24,1358,56.583,10.527,10.972,0.451,0.0,0.0,95,830,735,8.1001,0.29907,12.5184,72.9013,96.4654,12.5184,78.7923,11.0457,28.7187,544.919,8.8365,23.5641,16.9367,13.9912,9.5729,63.3284,32.4006,106.7747,132.5479,21.3549,75.1105,4.4183,32.4006,230.486,55.2283,19.1458
Pfe669c03c3,1,2,2,0.0,9,335,37.222,12.885,6.2687,,0.0,0.0,106,107,1,23.8806,0.4,44.7761,50.7463,101.4925,5.9701,56.7164,5.9701,47.7612,567.1642,20.8955,47.7612,20.8955,8.9552,8.9552,98.5075,26.8657,125.3731,152.2388,29.8507,74.6269,17.9104,8.9552,277.6119,71.6418,5.9701
Pdd4e0d785b,0,0,,,0,0,,,,,,,,,,,,,,,,,,,,,,,,,,,,,,,,,,,
P7d184fd756,1,3,3,0.0,9,637,70.778,16.333,11.146,0.406,0.0,0.0,95,1204,1109,40.8163,0.57407,7.8493,70.6436,105.1805,25.1177,65.9341,17.2684,45.5259,557.2998,7.8493,48.6656,23.5479,10.989,1.5699,62.7943,18.8383,114.5997,147.5667,18.8383,59.6546,9.4192,29.8273,237.0487,36.1068,20.4082
Pcd4698d422,1,4,4,0.0,9,457,50.778,13.848,9.8468,,0.0,0.0,97,470,373,32.8228,0.5098,13.1291,72.2101,89.7155,8.7527,65.6455,4.3764,32.8228,540.4814,6.5646,56.8928,19.6937,15.3173,8.7527,94.0919,24.07,122.5383,109.4092,13.1291,74.3982,13.1291,6.5646,231.9475,54.7046,17.5055
Pb5a94c877c,1,1,1,0.0,3,216,72.0,13.5,8.7963,,0.0,0.0,92,92,0,-32.4074,0.14286,13.8889,78.7037,83.3333,4.6296,74.0741,13.8889,23.1481,537.037,9.2593,4.6296,27.7778,9.2593,23.1481,13.8889,13.8889,115.7407,162.037,9.2593,37.037,0.0,78.7037,203.7037,27.7778,9.2593
Pd01ecb3669,1,9,9,0.0,26,1934,74.385,12.164,10.7549,0.40133,0.5171,0.0,89,104,15,-4.6536,0.38333,19.1313,72.3888,94.1055,7.2389,55.8428,7.7559,14.4778,538.7797,9.3071,35.6774,33.6091,20.6825,14.4778,81.696,28.9555,120.4757,146.3289,12.9266,86.3495,6.2048,38.7797,269.3899,57.394,16.546
Ped95bfcd7e,1,13,13,0.0,85,5084,59.812,13.137,10.7789,0.421,0.1967,0.0,90,814,724,27.144,0.52049,13.9654,68.8434,99.3312,20.4563,68.2533,9.048,35.6019,544.2565,10.0315,49.9607,23.6035,16.129,8.2612,71.7939,27.5374,111.3297,138.2769,30.0944,60.5822,10.8183,28.3242,244.4925,46.0268,9.048
Pcc98298533,1,1,1,0.0,1,33,33.0,33.0,9.0909,,0.0,0.0,97,97,0,90.9091,1.0,0.0,0.0,30.303,30.303,90.9091,30.303,30.303,515.1515,0.0,90.9091,30.303,0.0,0.0,0.0,30.303,151.5152,181.8182,30.303,0.0,0.0,30.303,212.1212,0.0,0.0
Peb88f22502,1,7,7,0.0,31,1635,52.742,12.481,10.581,0.40533,0.6116,0.0,91,107,16,4.893,0.44667,11.6208,74.0061,81.9572,5.5046,51.3761,8.5627,27.5229,563.9144,14.0673,40.9786,36.6972,11.0092,7.9511,53.211,21.4067,151.0703,139.4495,16.5138,65.4434,3.6697,38.5321,220.7951,50.7645,4.893
Pb3be83363c,1,8,8,0.0,24,784,32.667,10.051,10.0765,0.408,0.0,0.0,89,103,14,28.0612,0.61039,15.3061,67.602,107.1429,7.6531,53.5714,3.8265,49.7449,566.3265,5.102,59.949,25.5102,11.4796,10.2041,104.5918,17.8571,114.7959,102.0408,17.8571,53.5714,5.102,48.4694,239.7959,38.2653,11.4796
P97ae54051b,1,9,9,0.0,35,1519,43.4,9.377,9.0191,0.42667,1.975,0.0,88,105,17,31.5997,0.39264,11.1916,63.8578,110.5991,9.2166,40.158,14.4832,71.0994,542.4621,12.5082,42.133,18.4332,19.7498,6.5833,67.1494,28.9664,110.5991,130.3489,14.4832,81.6327,5.925,30.2831,221.8565,65.1745,20.4082
Pc58bcc8049,1,6,6,0.0,21,934,44.476,10.043,11.0278,0.414,1.0707,0.0,98,471,373,44.9679,0.66667,19.2719,74.9465,132.7623,12.848,41.7559,7.4946,26.7666,578.1585,4.2827,64.2398,20.3426,32.1199,6.424,85.6531,27.8373,117.773,137.045,20.3426,59.9572,9.636,25.6959,248.394,32.1199,12.848
P297adbbd5f,1,1,1,0.0,2,94,47.0,13.429,8.5106,,0.0,0.0,98,98,0,0.0,0.63636,31.9149,53.1915,63.8298,31.9149,85.1064,10.6383,42.5532,542.5532,31.9149,74.4681,31.9149,10.6383,53.1915,31.9149,31.9149,148.9362,191.4894,10.6383,53.1915,10.6383,0.0,234.0426,42.5532,10.6383
P1402e898dc,1,9,9,0.0,56,4175,74.554,13.689,9.6048,0.4005,1.1976,0.0,80,99,19,45.988,0.62252,10.5389,50.2994,106.5868,17.9641,46.9461,9.8204,36.4072,557.8443,14.8503,67.5449,24.6707,19.1617,6.7066,71.8563,22.7545,126.9461,151.6168,22.994,61.7964,14.8503,15.8084,253.4132,40.9581,14.3713
P7f86ce09cc,0,0,,,0,0,,,,,,,,,,,,,,,,,,,,,,,,,,,,,,,,,,,
P7e584efe40,1,7,7,0.0,33,2764,83.758,15.794,10.1302,0.404,0.3618,0.0,96,810,714,27.4964,0.61538,7.5977,62.5904,99.4935,12.301,64.0376,8.6831,76.7004,552.0984,8.3213,49.2041,21.3459,11.2156,9.0449,61.5051,18.4515,119.3922,141.8234,24.9638,58.6107,12.6628,21.7077,227.2069,30.7525,36.1795
P10d0b75bed,1,1,1,0.0,2,113,56.5,11.3,17.6991,,0.0,0.0,104,104,0,26.5487,0.35714,8.8496,70.7965,35.3982,17.6991,97.3451,0.0,44.2478,539.823,8.8496,44.2478,17.6991,0.0,0.0,123.8938,8.8496,106.1947,26.5487,44.2478,88.4956,17.6991,26.5487,194.6903,79.646,0.0
P8fac339738,0,0,,,0,0,,,,,,,,,,,,,,,,,,,,,,,,,,,,,,,,,,,
P3f25ee2633,1,10,10,0.0,24,2118,88.25,12.314,13.2672,0.418,0.0,0.0,89,470,381,16.0529,0.46809,13.6922,80.2644,96.3173,18.4136,51.4636,10.3872,31.1615,538.2436,7.5543,31.1615,20.3022,12.7479,5.1936,60.9065,24.0793,123.2295,105.7602,37.7715,58.0737,6.1379,45.7979,210.576,35.4108,6.1379
P502aba077e,1,1,1,0.0,4,155,38.75,8.158,7.0968,,0.0,0.0,463,463,0,70.9677,0.6875,12.9032,38.7097,129.0323,12.9032,45.1613,19.3548,51.6129,561.2903,19.3548,70.9677,12.9032,51.6129,6.4516,51.6129,25.8065,122.5806,180.6452,19.3548,38.7097,6.4516,32.2581,258.0645,32.2581,38.7097
P6f36cd1fed,0,0,,,0,0,,,,,,,,,,,,,,,,,,,,,,,,,,,,,,,,,,,
P440f6cc00f,0,0,,,0,0,,,,,,,,,,,,,,,,,,,,,,,,,,,,,,,,,,,
P0d0da4d2bc,1,6,6,0.0,15,546,36.4,11.87,9.3407,0.396,0.0,0.0,91,103,12,23.8095,0.47059,18.315,49.4505,111.7216,12.8205,65.9341,20.1465,32.967,540.293,14.652,43.956,32.967,18.315,7.326,87.9121,10.989,111.7216,152.0147,12.8205,75.0916,3.663,32.967,267.3993,49.4505,23.8095
P871b04878c,0,0,,,0,0,,,,,,,,,,,,,,,,,,,,,,,,,,,,,,,,,,,
Pb46ac34cd7,1,7,7,0.0,24,1727,71.958,16.448,9.0909,0.38467,0.579,0.0,97,833,736,44.586,0.53514,12.1598,71.8008,76.4331,12.7389,75.8541,13.3179,39.3746,544.2965,6.9485,57.3248,17.9502,17.9502,8.1065,85.1187,21.4244,107.1222,104.806,32.4262,74.696,8.1065,21.4244,223.509,49.7973,4.0533
P54e531f2ec,1,3,3,0.0,8,484,60.5,12.737,8.2645,,0.0,0.0,106,833,727,26.8595,0.53659,6.1983,82.6446,109.5041,4.1322,61.9835,12.3967,28.9256,582.6446,8.2645,45.4545,16.5289,14.4628,14.4628,78.5124,26.8595,109.5041,113.6364,24.7934,57.8512,4.1322,51.6529,229.3388,39.2562,2.0661
Pd646388a2b,0,0,,,0,0,,,,,,,,,,,,,,,,,,,,,,,,,,,,,,,,,,,
P780225999f,1,3,3,0.0,9,463,51.444,12.861,10.7991,,0.0,0.0,98,463,365,66.9546,0.59375,6.4795,75.594,69.1145,6.4795,53.9957,19.4384,28.0778,546.4363,12.959,82.0734,21.5983,17.2786,12.959,60.4752,6.4795,140.3888,149.0281,25.9179,69.1145,10.7991,25.9179,231.1015,56.1555,10.7991
P38bff88a77,1,10,10,0.0,32,1940,60.625,12.05,10.1031,0.38867,0.0,0.0,98,823,725,-6.701,0.37368,14.9485,66.4948,97.4227,8.2474,71.134,7.2165,45.8763,549.4845,15.4639,36.5979,39.6907,18.5567,10.8247,54.6392,20.1031,124.7423,172.1649,13.4021,88.6598,4.1237,23.7113,252.0619,61.3402,14.9485
Pa56ca2c36c,1,3,3,0.0,4,310,77.5,16.316,9.3548,,0.0,0.0,106,471,365,41.9355,0.44737,12.9032,48.3871,109.6774,9.6774,61.2903,6.4516,41.9355,590.3226,22.5806,54.8387,19.3548,0.0,0.0,54.8387,19.3548,138.7097,177.4194,16.129,93.5484,6.4516,3.2258,267.7419,67.7419,25.8065
Pdc16ca4e2e,1,10,10,0.0,53,3352,63.245,14.025,10.9487,0.43967,1.1933,0.0,91,944,853,18.1981,0.43624,12.5298,69.2124,113.0668,12.2315,53.401,6.8616,28.043,570.1074,8.0549,38.7828,19.3914,17.0048,8.0549,61.1575,25.6563,128.8783,141.1098,27.148,69.2124,10.7399,36.3962,228.5203,50.1193,5.3699
P2c1e066057,1,6,6,0.0,33,1644,49.818,11.827,9.6715,0.41467,0.6083,0.0,91,98,7,59.6107,0.7337,8.5158,62.6521,94.2822,14.5985,48.6618,7.9075,31.0219,557.1776,3.6496,82.1168,26.1557,15.8151,4.2579,72.9927,27.9805,127.7372,136.253,29.1971,49.2701,13.382,19.4647,242.0925,29.8054,10.3406
P4793f789c0,1,7,7,0.0,33,2643,80.091,12.236,9.1184,0.3656,0.0,0.0,95,463,368,31.0253,0.57143,21.9448,53.7268,114.6425,17.4045,68.4828,14.756,27.6201,565.6451,27.9985,65.0776,34.0522,16.2694,14.756,52.2134,40.8627,118.8044,188.8006,20.4313,72.2664,3.0269,34.4306,258.7968,48.8082,12.4858
P4d2f3d5dbd,0,0,,,0,0,,,,,,,,,,,,,,,,,,,,,,,,,,,,,,,,,,,
P7072c546bd,1,11,11,0.0,25,1851,74.04,14.461,8.5359,0.39267,0.0,0.0,98,834,736,17.288,0.36723,15.127,62.6688,121.0157,29.1734,65.3701,8.644,40.5186,580.7672,8.644,35.1162,18.9087,25.3917,7.5635,36.7369,23.7709,111.8314,176.6613,28.6332,88.0605,7.0232,35.1162,242.5716,60.5078,16.7477
Pabb4255b19,0,0,,,0,0,,,,,,,,,,,,,,,,,,,,,,,,,,,,,,,,,,,
P581e368d46,1,8,8,0.0,40,2194,54.85,10.861,9.845,0.405,1.3674,0.0,99,825,726,34.1841,0.65217,8.66,61.5314,118.9608,10.4831,66.0893,8.2042,41.4768,570.6472,9.5716,68.3683,34.6399,21.4221,7.7484,55.6062,8.2042,118.505,157.247,17.32,62.8988,9.5716,43.7557,243.8469,36.4631,8.66
P830611c613,0,0,,,0,0,,,,,,,,,,,,,,,,,,,,,,,,,,,,,,,,,,,
P815e63680a,0,0,,,0,0,,,,,,,,,,,,,,,,,,,,,,,,,,,,,,,,,,,
Pe97fa79993,0,0,,,0,0,,,,,,,,,,,,,,,,,,,,,,,,,,,,,,,,,,,
P24b8a1c556,1,2,2,0.0,9,349,38.778,11.258,7.4499,,5.7307,0.0,86,470,384,28.6533,0.57143,5.7307,57.3066,68.7679,2.8653,68.7679,20.0573,103.1519,478.51,5.7307,45.8453,28.6533,14.3266,8.596,60.1719,20.0573,134.6705,114.6132,8.596,48.7106,11.4613,28.6533,200.5731,34.384,0.0
P96ac6f0cd3,1,3,3,0.0,26,1636,62.923,14.226,11.0024,0.41667,0.6112,0.0,97,105,8,28.7286,0.5,17.7262,70.2934,118.5819,12.8362,55.6235,4.89,25.0611,566.0147,15.2812,50.7335,19.5599,22.6161,7.335,54.401,24.4499,125.3056,162.5917,30.5623,76.4059,4.89,22.6161,243.2763,50.7335,11.6137
P7a82e40751,1,10,10,0.0,33,2506,75.939,10.442,12.8492,0.4404,0.0,0.0,91,468,377,21.1492,0.40426,15.9617,72.2267,107.3424,18.3559,35.9138,8.7789,24.3416,539.1061,9.9761,37.909,18.755,15.1636,6.7837,55.8659,30.7263,124.1022,145.2514,27.5339,76.6161,8.3799,32.7215,228.6512,55.8659,11.5722
P27a3420564,0,0,,,0,0,,,,,,,,,,,,,,,,,,,,,,,,,,,,,,,,,,,
P0aa146e53e,1,4,4,0.0,10,384,38.4,8.17,8.8542,,2.6042,0.0,105,107,2,75.5208,0.83019,36.4583,80.7292,114.5833,13.0208,46.875,5.2083,23.4375,583.3333,7.8125,114.5833,15.625,33.8542,28.6458,88.5417,36.4583,114.5833,151.0417,5.2083,41.6667,13.0208,23.4375,276.0417,23.4375,0.0
Pe03992058c,1,7,12,0.4167,16,668,41.75,10.951,9.7305,0.4,1.497,0.0,102,832,730,0.0,0.46667,29.9401,56.8862,82.3353,10.479,70.3593,5.988,35.9281,540.4192,8.982,52.3952,37.4251,22.4551,20.9581,101.7964,26.9461,110.7784,122.7545,10.479,85.3293,5.988,38.9222,248.503,59.8802,8.982
Pbd2eb786d3,1,26,26,0.0,96,7668,79.875,12.509,11.1502,0.41347,0.2608,0.0,83,1183,1100,17.8665,0.43012,14.0845,68.3359,97.4178,17.3448,62.337,10.8242,39.254,553.469,5.3469,36.1242,21.1268,17.084,7.9551,65.5973,25.4304,122.457,125.1956,25.6912,70.6834,9.7809,38.3412,219.3532,47.8612,14.6062
P966e81614a,1,11,11,0.0,28,1660,59.286,11.528,10.7831,0.46,0.0,0.0,82,468,386,28.9157,0.47468,21.6867,74.6988,95.7831,15.6627,45.7831,12.0482,28.3133,539.759,3.6145,45.1807,14.4578,15.6627,13.8554,58.4337,25.3012,124.6988,129.5181,18.6747,67.4699,9.0361,37.3494,216.2651,50.0,9.6386
P433bbb1ab7,0,0,,,0,0,,,,,,,,,,,,,,,,,,,,,,,,,,,,,,,,,,,
Pe82bc0553e,1,4,4,0.0,21,956,45.524,10.864,10.4603,0.45,2.0921,0.0,95,98,3,0.0,0.27907,23.0126,63.8075,114.0167,21.9665,42.887,7.3222,24.0586,534.5188,5.2301,25.1046,27.1967,13.5983,5.2301,66.9456,38.7029,122.3849,130.7531,24.0586,74.2678,6.2762,32.4268,234.3096,64.8536,11.5063
P3d55371834,1,1,1,0.0,3,177,59.0,11.8,10.7345,,0.0,0.0,98,98,0,-16.9492,0.31579,11.2994,62.1469,96.0452,11.2994,50.8475,0.0,56.4972,525.4237,28.2486,33.8983,50.8475,0.0,0.0,45.1977,22.5989,141.2429,197.7401,16.9492,107.3446,0.0,45.1977,265.5367,73.4463,5.6497
P3daa0c9125,0,0,,,0,0,,,,,,,,,,,,,,,,,,,,,,,,,,,,,,,,,,,
Pc62b6f4e46,1,12,12,0.0,37,2129,57.541,12.598,10.0517,0.4165,0.0,0.0,99,1204,1105,34.7581,0.62201,7.5153,67.6374,89.2438,8.4547,35.6975,7.985,38.046,548.1447,12.682,61.0615,27.2428,15.9699,7.0456,74.6829,25.364,154.0629,129.6383,20.667,55.8948,13.6214,18.7882,233.4429,37.1066,9.8638
P989e9714fc,0,0,,,0,0,,,,,,,,,,,,,,,,,,,,,,,,,,,,,,,,,,,
Pec2bc35d4f,1,4,4,0.0,12,758,63.167,13.298,10.686,0.434,0.0,0.0,453,573,120,15.8311,0.35185,10.5541,62.0053,87.0712,11.8734,59.3668,9.2348,25.066,548.8127,0.0,25.066,15.8311,17.1504,2.6385,55.409,18.4697,160.9499,117.4142,22.4274,60.686,13.1926,26.3852,204.4855,46.1741,14.5119
Pbbec177bac,0,0,,,0,0,,,,,,,,,,,,,,,,,,,,,,,,,,,,,,,,,,,
Pe6ceea2b5e,1,2,2,0.0,4,341,85.25,12.179,13.783,,0.0,0.0,107,471,364,87.9765,0.94737,11.7302,55.7185,96.7742,52.7859,82.1114,14.6628,32.2581,557.1848,8.7977,105.5718,32.2581,17.5953,0.0,87.9765,32.2581,102.6393,126.0997,20.5279,11.7302,17.5953,17.5953,231.6716,5.8651,5.8651
P544c115a68,1,2,2,0.0,6,488,81.333,13.943,11.4754,,0.0,0.0,97,98,1,-20.4918,0.11905,18.4426,75.8197,98.3607,22.541,81.9672,8.1967,32.7869,549.1803,4.0984,10.2459,32.7869,8.1967,6.1475,20.4918,14.3443,141.3934,165.9836,24.5902,106.5574,6.1475,26.6393,229.5082,75.8197,2.0492
P6ff85cb7e1,1,3,3,0.0,5,258,51.6,25.8,15.1163,,0.0,0.0,98,825,727,81.3953,0.82353,31.0078,38.7597,93.0233,3.876,85.2713,11.6279,38.7597,534.8837,0.0,108.5271,19.3798,15.5039,19.3798,73.6434,23.2558,116.2791,108.5271,3.876,46.5116,11.6279,15.5039,255.814,23.2558,11.6279
P29710a392c,0,0,,,0,0,,,,,,,,,,,,,,,,,,,,,,,,,,,,,,,,,,,
P220e9380db,0,0,,,0,0,,,,,,,,,,,,,,,,,,,,,,,,,,,,,,,,,,,
P13adb32b1d,1,2,2,0.0,4,259,64.75,19.923,7.722,,0.0,0.0,812,814,2,3.861,0.42424,15.444,73.3591,88.8031,23.166,61.7761,3.861,15.444,555.9846,11.583,54.0541,50.1931,7.722,3.861,104.2471,23.166,146.7181,123.5521,7.722,92.6641,3.861,3.861,266.4093,73.3591,7.722
Pdb8fb82c3b,0,0,,,0,0,,,,,,,,,,,,,,,,,,,,,,,,,,,,,,,,,,,
Pba6ba7bcf4,0,0,,,0,0,,,,,,,,,,,,,,,,,,,,,,,,,,,,,,,,,,,
Pad180fa2f7,0,0,,,0,0,,,,,,,,,,,,,,,,,,,,,,,,,,,,,,,,,,,
P19913201dd,0,0,,,0,0,,,,,,,,,,,,,,,,,,,,,,,,,,,,,,,,,,,
P76dbb66d26,0,0,,,0,0,,,,,,,,,,,,,,,,,,,,,,,,,,,,,,,,,,,
Pb486223088,0,0,,,0,0,,,,,,,,,,,,,,,,,,,,,,,,,,,,,,,,,,,
P4570803785,1,10,10,0.0,46,3739,81.283,12.938,9.4143,0.40971,0.0,0.0,97,1203,1106,35.8385,0.50535,10.1631,72.4793,93.3405,6.6863,61.2463,14.1749,25.4079,559.7753,8.291,50.5483,20.3263,16.3145,8.5584,68.2001,23.2683,109.1201,138.8072,27.8149,67.6652,7.7561,38.2455,242.0433,49.4785,10.9655
P11d27a665c,1,1,1,0.0,2,141,70.5,10.846,16.3121,,0.0,0.0,461,461,0,-7.0922,0.625,14.1844,56.7376,70.922,21.2766,78.0142,0.0,28.3688,510.6383,14.1844,35.461,42.5532,0.0,0.0,70.922,14.1844,120.5674,134.7518,35.461,49.6454,7.0922,70.922,226.9504,21.2766,0.0
P467d53ba82,0,0,,,0,0,,,,,,,,,,,,,,,,,,,,,,,,,,,,,,,,,,,
Pebc69ca1f1,1,10,10,0.0,38,1863,49.026,9.754,12.7214,0.44333,0.5368,0.0,446,826,380,4.8309,0.26115,13.956,54.7504,111.1111,13.956,48.3092,11.2721,41.868,539.4525,9.6618,22.0075,17.7134,15.5663,10.7354,59.0446,27.3752,113.2582,145.4643,20.934,83.7359,8.0515,42.4047,237.2517,62.2652,23.0811
Pcdba4ddbae,0,0,,,0,0,,,,,,,,,,,,,,,,,,,,,,,,,,,,,,,,,,,
P9c4bb7f4c2,1,6,6,0.0,21,849,40.429,14.638,10.2473,0.402,0.0,0.0,104,469,365,11.7786,0.33333,27.0907,63.6042,102.4735,15.3121,69.4935,17.6678,31.8021,559.4817,5.8893,24.735,20.0236,14.1343,10.6007,77.7385,32.98,120.1413,134.2756,24.735,74.2049,12.9564,32.98,242.6384,49.47,12.9564
P06e60a886f,,,,,,,,,,,,,,,,,,,,,,,,,,,,,,,,,,,,,,,,,
P29b17f6d68,0,0,,,0,0,,,,,,,,,,,,,,,,,,,,,,,,,,,,,,,,,,,
Pc9579c50f4,1,5,5,0.0,28,1530,54.643,17.791,10.3268,0.43133,0.6536,0.0,97,826,729,31.3725,0.3865,11.7647,62.0915,102.6144,11.1111,67.9739,13.7255,27.451,572.549,7.1895,41.1765,16.9935,15.0327,6.5359,49.0196,27.451,150.9804,162.0915,20.2614,86.2745,7.8431,9.1503,249.0196,65.3595,15.6863
Pc781d37e72,0,0,,,0,0,,,,,,,,,,,,,,,,,,,,,,,,,,,,,,,,,,,
P64a7a54879,0,0,,,0,0,,,,,,,,,,,,,,,,,,,,,,,,,,,,,,,,,,,
P8030960284,1,2,2,0.0,20,1715,85.75,11.993,10.2624,0.43333,7.5802,0.0,97,98,1,51.312,0.53939,15.7434,65.8892,118.9504,15.1603,69.3878,23.9067,26.2391,576.6764,10.4956,51.895,19.8251,39.0671,4.6647,55.9767,18.0758,100.8746,151.0204,20.4082,66.4723,4.0816,36.7347,241.9825,44.3149,16.9096
P809c73ddd0,0,0,,,0,0,,,,,,,,,,,,,,,,,,,,,,,,,,,,,,,,,,,
P0b3e754c0e,0,0,,,0,0,,,,,,,,,,,,,,,,,,,,,,,,,,,,,,,,,,,
Pdcb8ac9b93,0,0,,,0,0,,,,,,,,,,,,,,,,,,,,,,,,,,,,,,,,,,,
Pbd387aad50,0,0,,,0,0,,,,,,,,,,,,,,,,,,,,,,,,,,,,,,,,,,,
P575f19a655,0,0,,,0,0,,,,,,,,,,,,,,,,,,,,,,,,,,,,,,,,,,,
Pb035a35ee9,1,11,11,0.0,59,6307,106.898,14.141,9.3705,0.40083,0.4757,0.0,89,105,16,29.3325,0.66916,12.0501,72.9348,112.5733,10.7817,56.6038,9.6718,27.4298,559.0614,12.8429,56.7623,27.2713,21.2462,9.8303,57.7137,20.9291,117.9642,143.3328,22.039,51.8472,5.8665,39.0043,231.3303,28.0641,9.5132
P5969d3ea2a,0,0,,,0,0,,,,,,,,,,,,,,,,,,,,,,,,,,,,,,,,,,,
Pc8dae45369,1,7,7,0.0,26,1471,56.577,15.01,11.6927,0.468,0.0,0.0,96,462,366,12.9164,0.45872,11.5568,68.6608,84.9762,8.1577,70.0204,9.5173,21.7539,527.5323,14.9558,33.9905,23.7933,7.4779,6.7981,48.9463,19.0347,146.8389,147.5187,14.276,61.8627,8.8375,33.9905,234.5343,40.1088,14.9558
Pb5da2dd439,0,0,,,0,0,,,,,,,,,,,,,,,,,,,,,,,,,,,,,,,,,,,
P4ec69893f6,0,0,,,0,0,,,,,,,,,,,,,,,,,,,,,,,,,,,,,,,,,,,
P148aecdd52,0,0,,,0,0,,,,,,,,,,,,,,,,,,,,,,,,,,,,,,,,,,,
P4a7a8900d7,1,8,8,0.0,28,1713,61.179,16.96,10.0409,0.41667,0.5838,0.0,88,212,124,29.1886,0.61314,19.2644,74.1389,77.0578,13.4267,60.7122,11.0917,44.3666,543.491,6.4215,49.0368,23.3508,14.0105,7.589,57.2096,27.4372,130.7647,123.7595,18.6807,61.8797,11.0917,23.9346,220.0817,30.9399,14.5943
P2e890c30d2,1,18,18,0.0,120,6521,54.342,13.094,10.0445,0.40862,1.0735,0.0,80,817,737,38.9511,0.63636,14.5683,61.8003,104.5852,16.2552,56.2797,11.9614,34.3506,549.9157,13.4949,66.5542,26.9897,17.3286,12.5748,80.9692,27.1431,113.6329,136.6355,22.6959,60.8802,6.4407,33.8905,242.4475,38.031,13.4949
P3ef4d7a55a,1,19,19,0.0,137,11527,84.139,12.709,10.6185,0.40357,0.347,0.0,91,1195,1104,22.3822,0.50678,14.2275,61.9415,117.1163,15.1817,60.38,10.4971,39.1255,556.693,13.7069,42.1619,21.0809,14.6612,9.1958,65.1514,32.7926,116.5091,153.5525,21.3412,61.6813,13.0129,30.6238,255.4004,41.0341,22.122
Pb0e43997bd,1,1,1,0.0,5,152,30.4,9.5,7.8947,,0.0,0.0,86,86,0,46.0526,0.83333,6.5789,59.2105,111.8421,6.5789,39.4737,6.5789,65.7895,526.3158,0.0,65.7895,0.0,52.6316,26.3158,52.6316,32.8947,105.2632,131.5789,6.5789,19.7368,6.5789,13.1579,236.8421,13.1579,19.7368
P9e7b32dc92,1,4,4,0.0,13,431,33.154,8.796,8.3527,,0.0,0.0,104,470,366,102.0882,0.76812,18.5615,62.645,113.6891,6.9606,41.7633,6.9606,20.8817,535.9629,9.2807,122.9698,11.6009,23.2019,16.2413,104.4084,39.4432,99.768,150.8121,18.5615,53.3643,2.3202,20.8817,294.6636,37.123,13.9211
P2d49f5a403,1,5,5,0.0,18,694,38.556,14.163,7.6369,0.392,0.0,0.0,95,468,373,48.9914,0.47253,14.4092,51.8732,89.3372,10.0865,64.8415,14.4092,28.8184,569.1643,11.5274,61.9597,21.6138,18.732,5.7637,103.7464,27.3775,119.5965,123.9193,23.0548,82.1326,7.2046,37.464,263.6888,69.1643,2.8818
P268ca85d2e,1,8,8,0.0,28,1821,65.036,14.568,9.8298,0.41267,0.0,0.0,89,833,744,28.0066,0.43506,8.7864,65.8979,99.9451,23.6134,68.6436,17.5728,35.6947,561.2301,7.6881,36.793,18.1219,15.3762,8.2372,68.0945,18.6711,119.1653,131.2466,24.7117,74.6842,4.3932,52.7183,232.8391,47.7759,4.9423
P22add316a5,1,9,9,0.0,39,1513,38.795,12.202,11.8969,0.42067,0.0,0.0,92,468,376,52.2141,0.76389,24.4547,68.0767,76.6689,12.5578,60.8063,8.5922,47.5876,521.4805,11.236,72.7032,20.4891,13.2188,8.5922,56.8407,29.0813,132.8486,133.5096,27.7594,46.2657,10.575,25.7766,228.0238,22.4719,7.9313
Pbbfb6a2c4a,1,3,3,0.0,8,602,75.25,11.577,7.6412,0.358,1.6611,0.0,99,104,5,23.2558,0.34426,9.9668,73.0897,111.2957,4.9834,61.4618,8.3056,16.6113,624.5847,4.9834,34.8837,11.6279,14.9502,8.3056,91.3621,34.8837,116.2791,96.3455,28.2392,102.99,4.9834,64.7841,222.5914,66.4452,4.9834
P47e2698d94,1,2,2,0.0,12,432,36.0,10.537,11.5741,,0.0,0.0,460,462,2,41.6667,0.83333,9.2593,92.5926,131.9444,18.5185,50.9259,18.5185,34.7222,590.2778,13.8889,46.2963,18.5185,32.4074,4.6296,30.0926,13.8889,136.5741,175.9259,43.9815,23.1481,9.2593,60.1852,238.4259,9.2593,11.5741
P701bdb09e4,1,5,5,0.0,17,883,51.941,11.468,9.1733,0.412,0.0,0.0,90,825,735,37.3726,0.56481,3.3975,69.0827,103.0578,22.6501,33.9751,4.53,30.5776,548.1314,7.9275,69.0827,30.5776,21.5176,5.6625,86.0702,19.2525,131.3703,135.9003,23.7826,71.3477,4.53,26.0476,245.7531,53.2276,4.53
Pce627023f0,1,5,5,0.0,17,1000,58.824,19.608,9.2,0.381,0.0,0.0,97,209,112,15.0,0.35632,16.0,55.0,84.0,4.0,68.0,10.0,58.0,539.0,7.0,31.0,17.0,15.0,9.0,56.0,13.0,134.0,158.0,21.0,77.0,6.0,23.0,237.0,56.0,17.0
Pce366ff1b3,0,0,,,0,0,,,,,,,,,,,,,,,,,,,,,,,,,,,,,,,,,,,
Pa98bcc077b,1,13,13,0.0,66,3697,56.015,14.219,11.0089,0.412,0.541,0.0,91,826,735,0.2705,0.30741,13.795,70.3273,104.6795,21.3687,58.9667,7.3032,32.7292,540.4382,16.7704,22.4506,22.1801,12.172,7.3032,36.7866,31.3768,114.6876,162.5642,25.426,80.0649,4.5983,48.4176,233.4325,50.5816,16.7704
P0c700e1af1,1,6,6,0.0,37,2368,64.0,11.495,12.2466,0.445,0.0,0.0,96,826,730,42.2297,0.56538,22.8041,51.098,93.75,10.9797,50.6757,13.5135,34.2061,543.9189,13.0912,62.0777,19.848,16.4696,13.5135,60.8108,31.6723,122.8885,122.0439,23.6486,78.9696,6.3345,43.9189,214.9493,47.7196,7.1791
P31bc34ca23,0,0,,,0,0,,,,,,,,,,,,,,,,,,,,,,,,,,,,,,,,,,,
P9cc36d2c64,0,0,,,0,0,,,,,,,,,,,,,,,,,,,,,,,,,,,,,,,,,,,
Pc5e44c9142,1,1,1,0.0,3,295,98.333,29.5,11.8644,,0.0,0.0,107,107,0,23.7288,0.76471,0.0,67.7966,81.3559,16.9492,91.5254,6.7797,13.5593,579.661,0.0,44.0678,16.9492,6.7797,10.1695,88.1356,13.5593,142.3729,77.9661,20.339,44.0678,3.3898,57.6271,213.5593,13.5593,27.1186
Pe1228b6b2c,1,6,6,0.0,47,2419,51.468,13.823,8.7226,0.4125,1.2402,0.0,95,104,9,24.3902,0.55276,14.4688,60.7689,108.7226,9.0947,64.0761,9.5081,28.9376,553.9479,13.642,45.4733,19.4295,9.9215,11.1616,62.0091,22.3233,119.8842,141.7941,19.8429,58.7019,6.6143,53.7412,237.2881,36.7921,6.6143
P53502448c1,1,22,22,0.0,83,4619,55.651,14.256,10.5434,0.41178,0.433,0.0,95,1190,1095,18.4023,0.44792,17.5363,66.8976,103.4856,17.3198,50.4438,9.9589,56.9387,546.2221,8.6599,37.2375,18.6187,14.5053,10.1754,56.2892,28.1446,120.1559,136.8262,30.7426,63.6501,9.5259,33.557,222.126,45.8974,15.3713
Pd9bc466fd2,1,3,3,0.0,12,745,62.083,20.135,10.4698,0.388,0.0,0.0,823,825,2,14.7651,0.31707,9.396,79.1946,96.6443,4.0268,77.8523,13.4228,16.1074,571.8121,25.5034,34.8993,30.8725,18.7919,2.6846,56.3758,12.0805,142.2819,146.3087,5.3691,92.6174,4.0268,41.6107,233.557,75.1678,0.0
P4d8e3ba87c,0,0,,,0,0,,,,,,,,,,,,,,,,,,,,,,,,,,,,,,,,,,,
P85135a294f,1,8,8,0.0,38,3697,97.289,15.867,10.1975,0.40486,0.8115,0.0,91,833,742,27.8604,0.44771,16.7704,64.106,93.5894,22.4506,70.8683,13.254,22.9916,574.7904,10.5491,37.0571,18.6638,12.713,3.7869,35.9751,16.7704,129.0235,153.6381,25.426,62.4831,4.8688,38.9505,223.4244,45.7127,11.3606
P495da5b1cd,0,0,,,0,0,,,,,,,,,,,,,,,,,,,,,,,,,,,,,,,,,,,
P74ab2a2c37,1,9,9,0.0,35,2205,63.0,16.962,12.1542,0.424,0.4535,0.0,90,104,14,3.6281,0.2515,15.873,63.4921,85.2608,18.1406,43.0839,8.1633,66.2132,545.1247,5.8957,19.0476,13.6054,12.6984,9.9773,41.2698,28.5714,142.8571,122.9025,32.1995,79.3651,8.6168,33.1066,190.4762,56.6893,19.9546
P69e13b90fc,1,10,10,0.0,53,2807,52.962,13.056,10.2957,0.4052,0.3563,0.0,92,1189,1097,25.2939,0.48416,10.6876,68.7567,113.2882,9.9751,48.8066,9.6188,60.2066,550.0534,8.1938,38.119,17.8126,22.4439,4.6313,48.4503,22.8001,110.4382,158.8885,20.3064,64.4817,7.4813,27.4314,231.5639,40.6128,32.0627
P43d78a0411,1,18,18,0.0,92,4680,50.87,12.124,11.6453,0.42689,0.0,0.0,80,826,746,30.7692,0.57855,17.3077,80.7692,103.2051,12.6068,43.5897,11.9658,25.641,544.0171,9.4017,49.5726,21.7949,19.8718,8.9744,60.4701,32.0513,126.2821,137.3932,24.1453,55.9829,8.3333,27.7778,233.3333,36.1111,18.1624
P2e873db9ac,1,6,6,0.0,23,1182,51.391,13.586,10.4907,0.468,0.0,0.0,96,209,113,5.0761,0.31034,14.3824,74.4501,98.9848,8.4602,55.8376,11.8443,27.0728,554.1455,10.1523,22.8426,21.1506,18.6125,8.4602,76.9882,17.7665,133.6717,120.9814,32.1489,69.3739,9.3063,37.225,222.5042,50.7614,13.5364
P629d2ef8de,1,1,1,0.0,2,216,108.0,14.4,8.3333,,0.0,0.0,461,461,0,106.4815,1.0,13.8889,92.5926,92.5926,13.8889,46.2963,9.2593,32.4074,574.0741,13.8889,120.3704,23.1481,23.1481,0.0,60.1852,13.8889,125.0,148.1481,23.1481,18.5185,4.6296,23.1481,245.3704,0.0,4.6296
P2c06075e55,1,7,7,0.0,23,1347,58.565,14.179,11.8782,0.424,0.0,0.0,97,470,373,6.6815,0.2803,20.0445,69.0423,127.6912,18.5598,57.9065,12.6206,17.075,576.8374,17.075,27.4684,24.4989,11.1359,8.9087,52.7097,32.6652,126.2064,164.0683,25.9837,105.4195,10.3935,35.6347,264.291,70.5271,7.4239
P749792a28d,1,14,14,0.0,77,6205,80.584,17.0,11.7808,0.42,0.3223,0.0,89,1197,1108,15.6326,0.38655,13.6986,57.2119,108.2998,16.116,69.6213,11.2812,40.2901,546.0113,9.6696,37.0669,23.3683,18.2111,9.3473,67.5262,25.6245,111.3618,149.0733,20.3062,78.8074,2.9009,37.8727,251.249,58.8235,9.8308
P3e5e9d6579,0,0,,,0,0,,,,,,,,,,,,,,,,,,,,,,,,,,,,,,,,,,,
P96af95e7fd,1,12,12,0.0,42,2597,61.833,14.038,10.4736,0.4188,0.3851,0.0,91,468,377,13.4771,0.36923,14.6323,49.6727,109.742,16.5576,64.305,11.5518,56.2187,555.6411,11.9369,27.7243,18.4829,14.2472,7.3161,57.3739,21.5633,122.834,164.4205,29.2645,70.0809,10.3966,49.6727,250.6739,47.3623,25.4139
Pde91f9542b,1,4,4,0.0,16,1459,91.188,22.106,11.5833,0.419,0.0,0.0,96,104,8,13.0226,0.27835,9.5956,63.7423,76.7649,18.5058,58.9445,13.0226,67.8547,544.2084,2.0562,18.5058,13.0226,10.281,5.4832,52.0905,15.0788,133.6532,134.3386,21.9328,67.1693,11.6518,20.562,215.2159,47.9781,37.6971
P2606a3d161,0,0,,,0,0,,,,,,,,,,,,,,,,,,,,,,,,,,,,,,,,,,,
P52af59d765,1,2,2,0.0,7,371,53.0,12.367,10.5121,,2.6954,0.0,98,209,111,40.4313,0.51282,13.4771,56.6038,113.2075,8.0863,64.69,16.1725,37.7358,582.2102,10.7817,53.9084,29.6496,13.4771,0.0,83.558,26.9542,107.8167,115.903,24.2588,64.69,8.0863,64.69,229.1105,51.2129,2.6954
P355f728583,0,0,,,0,0,,,,,,,,,,,,,,,,,,,,,,,,,,,,,,,,,,,
P50ca99530f,1,12,12,0.0,48,4255,88.646,14.043,11.0458,0.4115,0.47,0.0,82,212,130,34.5476,0.58294,17.6263,61.8096,100.1175,18.0964,64.3948,11.7509,27.7321,571.7979,7.0505,57.8143,24.9119,13.396,10.1058,70.0353,26.322,124.7944,129.2597,28.2021,68.6251,7.9906,41.1281,226.087,41.3631,9.4007
Pd11fd10026,0,0,,,0,0,,,,,,,,,,,,,,,,,,,,,,,,,,,,,,,,,,,
P36b818b767,1,2,2,0.0,3,102,34.0,7.846,10.7843,,0.0,0.0,97,98,1,29.4118,0.83333,0.0,88.2353,107.8431,9.8039,49.0196,9.8039,29.4118,500.0,19.6078,49.0196,29.4118,29.4118,0.0,78.4314,58.8235,107.8431,156.8627,9.8039,58.8235,0.0,19.6078,245.098,9.8039,9.8039
Pe6bde91a1f,1,3,3,0.0,15,746,49.733,16.578,9.5174,0.39,0.0,0.0,97,461,364,14.7453,0.56757,12.0643,65.6836,69.7051,4.0214,81.7694,6.7024,32.1716,568.3646,16.0858,56.3003,38.874,16.0858,9.3834,58.9812,16.0858,148.7936,147.4531,18.7668,60.3217,10.7239,38.874,231.9035,42.8954,2.681
Pc4acbf93e3,0,0,,,0,0,,,,,,,,,,,,,,,,,,,,,,,,,,,,,,,,,,,
Pbb988d44ca,1,7,7,0.0,31,1499,48.355,14.276,9.3396,0.415,0.0,0.0,96,462,366,28.0187,0.5,11.3409,62.7085,92.0614,16.6778,63.3756,14.0093,60.04,561.0407,17.3449,46.6978,25.3502,23.3489,7.3382,56.0374,14.6765,122.0814,143.429,31.3542,65.3769,5.3369,28.6858,226.8179,46.6978,22.6818
P4f47ca7b5d,1,5,5,0.0,19,1339,70.474,17.618,10.9783,0.395,0.0,0.0,89,99,10,21.658,0.42105,11.2024,69.4548,92.6064,7.4683,91.8596,9.7087,20.9111,540.702,8.9619,41.8223,19.4175,16.4302,10.4556,59.7461,27.6326,112.7707,141.8969,21.658,95.5937,0.7468,30.6199,239.7311,57.5056,2.2405
P7f14bdd3aa,1,8,8,0.0,28,1004,35.857,10.913,8.9641,0.428,0.0,0.0,82,103,21,66.7331,0.73504,19.9203,75.6972,92.6295,9.9602,57.7689,13.9442,17.9283,544.8207,10.9562,85.6574,21.9124,14.9402,10.9562,90.6375,28.8845,99.6016,112.5498,15.9363,55.7769,5.9761,43.8247,240.0398,30.8765,5.9761
Paef9538004,1,22,22,0.0,76,4223,55.566,13.115,11.0111,0.4215,0.7104,0.0,95,1196,1101,0.2368,0.33837,16.5759,74.3547,94.7194,23.6798,61.3308,9.7087,35.0462,541.7949,14.4447,26.5214,27.4686,11.8399,8.5247,63.9356,31.0206,124.556,131.1864,28.8894,66.3036,11.3663,35.9934,230.8785,51.8589,8.2879
P3ce7981258,1,13,13,0.0,55,3076,55.927,11.105,9.9155,0.41967,0.6502,0.0,95,824,729,30.5592,0.58741,18.5306,65.0195,109.5579,10.7282,58.8427,11.3784,29.5839,546.1638,13.0039,54.6164,25.3576,22.7568,10.078,72.4967,32.1847,107.6073,152.1456,20.8062,65.6697,6.1769,36.4109,252.2757,38.3615,12.0286
P0f2f594f0f,0,0,,,0,0,,,,,,,,,,,,,,,,,,,,,,,,,,,,,,,,,,,
Pa2b1e0c1b9,0,0,,,0,0,,,,,,,,,,,,,,,,,,,,,,,,,,,,,,,,,,,
P16bad3a52e,0,0,,,0,0,,,,,,,,,,,,,,,,,,,,,,,,,,,,,,,,,,,
P4f54eef176,0,0,,,0,0,,,,,,,,,,,,,,,,,,,,,,,,,,,,,,,,,,,
P39e62f008f,1,1,1,0.0,5,501,100.2,17.893,10.1796,0.424,0.0,0.0,1188,1188,0,11.976,0.35294,21.9561,65.8683,87.8244,9.98,49.9002,7.984,19.9601,558.8822,9.98,35.9281,27.9441,9.98,3.992,55.8882,15.9681,129.7405,147.7046,25.9481,77.8443,17.9641,21.9561,221.5569,65.8683,15.9681
P50969329ac,0,0,,,0,0,,,,,,,,,,,,,,,,,,,,,,,,,,,,,,,,,,,
P981540aa5d,1,5,5,0.0,15,1296,86.4,14.562,9.8765,0.403,0.7716,0.0,823,1197,374,35.4938,0.5,16.9753,55.5556,98.7654,13.8889,56.3272,10.8025,49.3827,555.5556,10.8025,45.5247,16.9753,17.7469,3.858,54.0123,26.2346,118.8272,131.9444,30.0926,61.7284,11.5741,48.6111,208.3333,45.5247,6.9444
P07a1fb349e,1,12,12,0.0,46,3669,79.761,12.437,9.076,0.42943,0.2726,0.0,460,1310,850,23.4396,0.45672,12.81,55.0559,108.749,11.1747,49.6048,13.9002,43.3361,549.4685,15.5356,41.7007,22.8945,18.5337,9.2668,64.5953,21.5318,123.7394,139.275,27.5279,72.7719,20.169,31.6162,237.6669,49.6048,16.6258
P05848850fc,1,2,2,0.0,5,327,65.4,15.571,7.3394,,0.0,0.0,1189,1569,380,-24.4648,0.21875,9.1743,61.1621,79.5107,3.0581,70.3364,9.1743,70.3364,547.4006,3.0581,21.4067,39.7554,18.3486,15.2905,79.5107,12.2324,137.6147,131.4985,12.2324,88.685,21.4067,33.6391,238.5321,76.4526,6.1162
Pc42b84faf5,1,3,3,0.0,14,796,56.857,13.965,12.0603,0.422,0.0,0.0,825,1918,1093,15.0754,0.36986,13.8191,70.3518,99.2462,8.794,59.0452,10.0503,26.3819,557.7889,5.0251,33.9196,25.1256,22.6131,3.7688,36.4322,25.1256,106.7839,174.6231,28.8945,89.196,3.7688,40.201,243.7186,57.7889,7.5377
P8a6c25e945,1,8,8,0.0,25,2495,99.8,12.351,11.2625,0.425,0.0,0.0,444,825,381,-2.004,0.27459,18.8377,59.3186,121.8437,16.0321,34.8697,4.8096,34.0681,556.3126,20.4409,26.8537,26.8537,21.2425,6.8136,40.481,17.6353,141.483,179.1583,15.2305,96.1924,3.6072,31.2625,249.6994,70.9419,14.0281
Pf755f2c0c0,1,8,8,0.0,34,1505,44.265,12.974,9.5681,0.422,0.0,0.0,462,1187,725,4.6512,0.312,14.6179,65.1163,119.6013,15.2824,51.1628,7.309,27.907,553.4884,13.289,25.9136,25.2492,19.9336,3.3223,59.1362,36.5449,128.2392,173.4219,25.2492,81.0631,7.309,29.9003,269.103,57.1429,18.6047
Pc6eddeb128,1,3,3,0.0,16,568,35.5,12.622,11.9718,0.44,0.0,0.0,469,834,365,17.6056,0.36207,19.3662,45.7746,102.1127,8.8028,56.338,10.5634,36.9718,533.4507,24.6479,36.9718,22.8873,21.1268,7.0423,33.4507,26.4085,112.6761,170.7746,19.3662,77.4648,14.0845,5.2817,237.6761,65.1408,31.6901
P109788f4ba,1,3,3,0.0,4,309,77.25,14.714,9.3851,,0.0,0.0,461,823,362,-6.4725,0.18919,9.7087,74.4337,87.3786,12.945,67.9612,6.4725,16.1812,582.5243,6.4725,22.6537,25.89,6.4725,9.7087,71.1974,16.1812,116.5049,122.9773,45.3074,110.0324,12.945,16.1812,213.5922,97.0874,6.4725
P762dcd7f87,1,2,2,0.0,6,262,43.667,14.556,8.7786,,0.0,0.0,105,106,1,61.0687,0.47222,19.084,61.0687,83.9695,26.7176,45.8015,15.2672,45.8015,595.4198,3.8168,64.8855,15.2672,34.3511,3.8168,61.0687,11.4504,148.855,99.2366,34.3511,99.2366,0.0,0.0,171.7557,72.5191,0.0
P9ee45f9ea5,1,2,2,0.0,4,343,85.75,13.192,9.9125,,0.0,0.0,470,834,364,43.7318,0.55263,17.4927,90.379,93.2945,0.0,32.07,2.9155,32.07,545.1895,17.4927,61.2245,17.4927,26.2391,2.9155,107.8717,37.9009,116.6181,110.7872,26.2391,72.8863,2.9155,23.3236,250.7289,49.5627,2.9155
Pa5d1a1783b,0,0,,,0,0,,,,,,,,,,,,,,,,,,,,,,,,,,,,,,,,,,,
Pf7cebccf2c,0,0,,,0,0,,,,,,,,,,,,,,,,,,,,,,,,,,,,,,,,,,,
P0736b54145,,,,,,,,,,,,,,,,,,,,,,,,,,,,,,,,,,,,,,,,,
P4e1bce542d,1,4,4,0.0,18,1286,71.444,13.537,10.0311,0.43,0.0,0.0,456,826,370,24.8834,0.51376,15.5521,73.8725,98.7558,11.6641,51.3219,4.6656,42.7683,542.7683,9.3313,43.5459,13.9969,11.6641,9.3313,62.2084,33.437,120.5288,125.1944,29.549,67.6516,22.5505,35.7698,210.7309,41.2131,14.7745
P3d4bf642e0,0,0,,,0,0,,,,,,,,,,,,,,,,,,,,,,,,,,,,,,,,,,,
Pe0ab16a2ed,1,2,2,0.0,6,752,125.333,22.118,12.367,0.346,0.0,0.0,462,463,1,-14.6277,0.07317,10.6383,51.8617,122.3404,25.266,81.117,15.9574,14.6277,606.383,9.3085,7.9787,26.5957,13.2979,11.9681,53.1915,31.9149,140.9574,160.9043,15.9574,122.3404,3.9894,18.617,240.6915,101.0638,9.3085
P89d1117940,1,5,5,0.0,18,1301,72.278,15.675,9.0699,0.419,2.3059,0.0,824,1674,850,-2.3059,0.39474,16.1414,86.8563,105.3036,9.9923,68.4089,4.6118,15.3728,578.0169,4.6118,23.0592,19.9846,14.6042,9.9923,57.648,29.9769,129.1314,130.6687,27.671,63.0284,5.3805,36.8947,212.9131,35.3574,15.3728
P7c4530d600,1,8,8,0.0,23,910,39.565,10.111,9.8901,0.386,0.0,0.0,91,469,378,14.2857,0.46875,30.7692,71.4286,103.2967,21.978,40.6593,6.5934,45.0549,547.2527,15.3846,49.4505,19.7802,17.5824,21.978,74.7253,29.6703,110.989,174.7253,26.3736,75.8242,7.6923,25.2747,282.4176,56.044,12.0879
P13a0e44cab,0,0,,,0,0,,,,,,,,,,,,,,,,,,,,,,,,,,,,,,,,,,,
P542c8bbfa1,0,0,,,0,0,,,,,,,,,,,,,,,,,,,,,,,,,,,,,,,,,,,
P47e4bd26a8,0,0,,,0,0,,,,,,,,,,,,,,,,,,,,,,,,,,,,,,,,,,,
P10819fb965,1,6,6,0.0,11,581,52.818,10.962,11.1876,0.418,0.0,0.0,95,462,367,-17.2117,0.22727,18.9329,75.7315,120.4819,12.0482,46.4716,5.1635,27.5387,543.8898,15.4905,17.2117,34.4234,8.6059,5.1635,77.4527,29.2599,144.5783,146.2995,18.9329,98.1067,6.8847,32.7022,265.0602,58.5198,10.327
P477dab5e0e,0,0,,,0,0,,,,,,,,,,,,,,,,,,,,,,,,,,,,,,,,,,,
P42d7cc83b1,0,0,,,0,0,,,,,,,,,,,,,,,,,,,,,,,,,,,,,,,,,,,
Pc5bce4fd0c,0,0,,,0,0,,,,,,,,,,,,,,,,,,,,,,,,,,,,,,,,,,,
P7df7e92bd1,0,0,,,0,0,,,,,,,,,,,,,,,,,,,,,,,,,,,,,,,,,,,
Pbb710ba6e6,1,1,1,0.0,1,46,46.0,15.333,8.6957,,0.0,0.0,104,104,0,86.9565,0.66667,43.4783,86.9565,108.6957,0.0,43.4783,0.0,0.0,565.2174,21.7391,130.4348,21.7391,0.0,21.7391,86.9565,43.4783,130.4348,152.1739,21.7391,108.6957,0.0,0.0,239.1304,65.2174,0.0
Pd30706ab20,0,0,,,0,0,,,,,,,,,,,,,,,,,,,,,,,,,,,,,,,,,,,
P163aa00374,1,13,13,0.0,55,2936,53.382,11.038,10.218,0.4208,0.0,0.0,87,111,24,16.6894,0.56631,19.0736,69.1417,86.5123,14.9864,52.7929,4.0872,27.248,547.3433,10.5586,53.8147,27.248,18.733,13.9646,54.4959,26.5668,141.0082,144.0736,20.0954,61.3079,4.0872,25.2044,231.9482,41.2125,7.1526
P272afc1b90,0,0,1,1.0,0,0,,,,,,,,,,,,,,,,,,,,,,,,,,,,,,,,,,,
Pa260a40e68,1,7,7,0.0,43,2158,50.186,15.638,11.5848,0.429,0.4634,0.0,96,111,15,18.9991,0.4264,17.6089,70.899,101.0195,11.1214,67.1918,10.658,23.633,558.8508,15.2919,38.9249,23.1696,17.1455,7.4143,63.9481,30.1205,133.4569,133.9203,21.316,73.2159,8.8044,39.8517,234.4764,52.3633,6.9509
P43f8251240,1,1,1,0.0,3,284,94.667,17.75,8.8028,,0.0,0.0,111,111,0,-21.1268,0.2,63.3803,116.1972,80.9859,7.0423,49.2958,17.6056,38.7324,559.8592,17.6056,17.6056,38.7324,10.5634,17.6056,28.169,45.7746,154.9296,130.2817,35.2113,73.9437,3.5211,0.0,197.1831,70.4225,7.0423
Pf849910cdc,1,13,13,0.0,52,2758,53.038,12.71,10.3336,0.4396,0.7252,0.0,87,462,375,49.3111,0.63607,10.5149,60.9137,102.9732,15.2284,49.6737,11.9652,22.8426,559.4634,8.3394,70.3408,25.0181,28.6439,7.9768,64.9021,23.2052,126.541,137.781,21.7549,57.2879,8.702,23.5678,232.0522,40.2466,7.2516
Pf9e0178b31,0,0,,,0,0,,,,,,,,,,,,,,,,,,,,,,,,,,,,,,,,,,,
Pb5ebcb5d6c,1,4,4,0.0,22,1081,49.136,13.684,12.1184,0.452,0.0,0.0,96,467,371,34.2276,0.52,13.876,63.8298,82.3312,21.2766,58.2794,13.876,29.6022,533.765,8.3256,36.0777,14.8011,12.951,0.9251,61.9796,19.4265,134.1351,111.0083,24.0518,57.3543,12.0259,44.4033,209.9907,33.3025,9.2507
Pc3d030ae81,1,4,4,0.0,6,328,54.667,13.12,8.5366,,0.0,0.0,93,475,382,54.878,0.63415,21.3415,60.9756,109.7561,9.1463,57.9268,6.0976,39.6341,594.5122,9.1463,79.2683,24.3902,18.2927,6.0976,106.7073,18.2927,118.9024,137.1951,39.6341,45.7317,9.1463,21.3415,280.4878,45.7317,12.1951
P4e4e438f6e,0,0,,,0,0,,,,,,,,,,,,,,,,,,,,,,,,,,,,,,,,,,,
P2320c27578,1,1,1,0.0,1,78,78.0,13.0,16.6667,,0.0,0.0,219,219,0,25.641,0.11111,25.641,51.2821,76.9231,0.0,89.7436,25.641,25.641,551.2821,0.0,12.8205,12.8205,0.0,0.0,76.9231,25.641,141.0256,115.3846,25.641,115.3846,0.0,0.0,282.0513,102.5641,0.0
P3f927eeca6,1,1,1,0.0,2,340,170.0,13.077,12.0588,,0.0,0.0,112,112,0,8.8235,0.36667,26.4706,79.4118,85.2941,29.4118,58.8235,17.6471,47.0588,511.7647,2.9412,32.3529,11.7647,17.6471,29.4118,76.4706,29.4118,108.8235,94.1176,44.1176,91.1765,26.4706,14.7059,208.8235,55.8824,5.8824
P4d2e34ba12,1,12,12,0.0,33,2514,76.182,15.911,8.9499,0.3876,1.1933,0.0,105,468,363,50.9149,0.62545,17.8998,63.2458,92.681,11.1376,66.0302,12.7287,52.1082,541.3683,4.3755,68.4169,23.0708,21.8775,7.1599,81.5434,21.8775,107.3986,136.8337,24.2641,59.2681,4.3755,26.253,250.1989,40.9706,14.3198
Pca1e2194fa,1,4,4,0.0,15,1193,79.533,15.101,11.1484,0.46,0.0,0.0,103,466,363,15.9262,0.54444,13.4116,72.9254,102.2632,15.9262,58.6756,10.8969,15.9262,551.5507,16.7645,41.0729,28.4996,18.4409,7.544,40.2347,26.8231,129.0863,147.5272,24.3085,50.2934,9.2205,34.3671,220.4526,34.3671,14.2498
P400aecdd2c,1,7,7,0.0,31,1288,41.548,14.805,10.0155,0.416,2.3292,0.0,96,469,373,47.3602,0.60484,18.6335,55.1242,118.7888,6.9876,70.6522,15.528,52.795,572.9814,13.1988,58.2298,17.0807,14.7516,9.3168,55.1242,21.7391,110.2484,178.5714,31.8323,52.795,17.8571,14.7516,260.0932,38.0435,25.6211
P089ae8ca96,0,0,,,0,0,,,,,,,,,,,,,,,,,,,,,,,,,,,,,,,,,,,
P47044d9385,1,5,5,0.0,24,1518,63.25,14.056,11.3966,0.45533,0.0,0.0,103,112,9,29.6443,0.65179,20.4216,71.1462,105.4018,17.7866,55.9947,11.1989,28.3267,551.3834,13.834,48.0896,22.3979,17.1278,7.2464,61.9236,27.0092,132.4111,120.5534,29.6443,49.4071,9.8814,27.0092,210.8037,25.6917,10.5402
Pbc5d4fc393,1,13,13,0.0,54,4056,75.111,15.364,10.429,0.40775,0.4931,0.0,95,821,726,31.3116,0.45954,9.6154,67.0611,110.2071,13.5602,74.7041,15.0394,25.3945,591.4694,9.3688,39.2012,14.7929,17.0118,8.1361,68.2939,17.5049,118.3432,128.6982,30.3254,55.7199,11.0947,36.4892,232.002,46.1045,17.0118
Pcfae2f19b7,1,16,16,0.0,51,2666,52.275,16.457,11.2528,0.408,0.3751,0.0,87,468,381,10.1275,0.37736,18.7547,65.2663,85.1463,13.5034,60.3901,8.6272,64.141,521.7554,6.3766,30.0075,22.5056,10.1275,6.0015,52.8882,23.6309,119.6549,139.1598,39.0098,76.144,3.3758,31.1328,228.057,49.5124,3.3758
Pc2a67f2add,1,6,6,0.0,30,656,21.867,11.31,13.5671,0.468,1.5244,0.0,102,111,9,38.1098,0.5873,22.8659,70.122,114.3293,19.8171,51.8293,9.1463,39.6341,536.5854,7.622,56.4024,18.2927,15.2439,9.1463,67.0732,28.9634,103.6585,144.8171,25.9146,62.5,3.0488,18.2927,254.5732,39.6341,15.2439
Pefaae49c8b,0,0,,,0,0,,,,,,,,,,,,,,,,,,,,,,,,,,,,,,,,,,,
P83b3d780d7,1,14,14,0.0,76,4881,64.224,13.672,12.5589,0.43378,1.0244,0.0,89,475,386,36.2631,0.56277,15.3657,65.9701,97.521,15.9803,58.7994,12.9072,39.1313,541.2825,12.2926,53.2678,24.1754,17.6193,5.7365,64.536,19.4632,123.3354,124.3598,17.2096,60.6433,9.8341,29.707,222.9051,41.385,7.5804
Pa3f9e715ae,0,0,,,0,0,,,,,,,,,,,,,,,,,,,,,,,,,,,,,,,,,,,
P6d4d3ba13b,1,9,9,0.0,37,1562,42.216,11.924,9.5391,0.40733,0.0,0.0,103,839,736,43.5339,0.5618,9.6031,62.0999,112.6761,14.0845,62.7401,10.8835,26.8886,565.9411,10.2433,64.0205,25.6082,15.3649,5.7618,80.0256,29.4494,119.7183,141.4853,23.6876,62.7401,15.3649,32.0102,256.0819,49.936,0.6402
P31e884be2b,1,3,3,0.0,12,521,43.417,14.472,8.8292,0.43,1.9194,0.0,112,476,364,51.8234,0.56863,21.1132,80.6142,72.9367,9.5969,69.0979,13.4357,40.3071,568.1382,9.5969,55.6622,9.5969,19.1939,7.6775,103.6468,21.1132,143.9539,71.0173,24.952,63.3397,5.7582,28.7908,222.6488,42.2265,5.7582
P52c65c114a,0,0,,,0,0,,,,,,,,,,,,,,,,,,,,,,,,,,,,,,,,,,,
P4bc4764e2a,1,3,3,0.0,22,1114,50.636,16.879,13.1957,0.445,0.0,0.0,104,467,363,-8.079,0.27778,21.544,74.5063,112.2083,12.5673,58.3483,5.386,25.1346,568.2226,14.3627,17.9533,25.1346,11.6697,6.2837,37.702,29.623,143.6266,162.4776,34.1113,72.711,0.8977,25.1346,231.5978,46.6786,25.1346
P8d6fb61ea0,1,1,1,0.0,4,98,24.5,12.25,15.3061,,0.0,0.0,113,113,0,61.2245,0.57143,30.6122,71.4286,122.449,0.0,30.6122,20.4082,30.6122,520.4082,10.2041,40.8163,0.0,30.6122,0.0,51.0204,30.6122,132.6531,142.8571,10.2041,91.8367,20.4082,20.4082,234.6939,30.6122,0.0
Pd2430f6dfc,,,,,,,,,,,,,,,,,,,,,,,,,,,,,,,,,,,,,,,,,
P838aeb9cb6,1,8,8,0.0,24,1112,46.333,11.01,8.723,0.409,0.0,0.0,89,110,21,3.5971,0.32812,19.7842,61.1511,77.3381,9.8921,56.6547,8.0935,31.4748,553.0576,16.1871,37.7698,32.3741,8.9928,9.8921,71.0432,31.4748,135.7914,136.6906,32.3741,96.223,8.0935,36.8705,230.2158,77.3381,0.8993
Pc6c9992e46,1,6,6,0.0,13,745,57.308,13.796,8.4564,0.402,2.6846,0.0,105,477,372,20.1342,0.36066,12.0805,85.906,108.7248,8.0537,51.0067,8.0537,38.9262,571.8121,16.1074,29.5302,16.1074,10.7383,1.3423,59.0604,29.5302,136.9128,139.5973,29.5302,64.4295,8.0537,30.8725,221.4765,52.349,0.0
Pb172e7dcfc,0,0,,,0,0,,,,,,,,,,,,,,,,,,,,,,,,,,,,,,,,,,,
Pc0b16a51f2,0,0,,,0,0,,,,,,,,,,,,,,,,,,,,,,,,,,,,,,,,,,,
P86f7665380,1,8,8,0.0,31,2569,82.871,14.272,11.2884,0.4472,0.3893,0.0,102,469,367,34.2546,0.46531,15.5703,76.2943,103.153,12.4562,46.7108,13.2347,48.6571,550.4087,10.5099,44.3752,15.9595,18.6843,7.3959,64.2273,19.4628,114.8307,123.3943,22.1876,72.4017,10.5099,34.6438,226.158,50.9926,15.5703
P0267b55e6b,1,9,9,0.0,51,5542,108.667,14.32,10.1227,0.38891,0.1804,0.0,98,467,369,32.2988,0.50106,12.9917,73.0783,92.5659,10.8264,52.6886,12.6308,23.4572,562.6128,9.2025,42.7643,18.2245,14.6157,4.8719,54.8538,21.292,134.6084,143.9913,21.4724,61.3497,4.1501,36.2685,230.0613,42.5839,15.3374
Pa548aa166c,1,25,25,0.0,136,21254,156.279,15.79,10.2569,0.40414,0.4234,0.0,98,839,741,25.2188,0.50265,12.4212,65.4465,103.2276,15.9029,65.1172,14.6325,23.2427,573.0686,9.0806,40.0866,22.3017,19.1023,7.1986,63.6116,17.5026,125.7646,131.5047,24.9835,61.6355,5.9753,36.9813,231.627,39.6631,15.6676
Pf2c709b50b,1,4,4,0.0,19,1637,86.158,16.049,10.8735,0.43133,0.6109,0.0,469,833,364,26.8784,0.4702,5.4979,62.92,103.2376,14.661,65.9743,10.3849,34.2089,565.058,15.8827,43.372,20.7697,16.4936,6.1087,61.6982,18.9371,123.3965,131.9487,21.9914,64.7526,9.1631,30.5437,238.8516,48.8699,15.8827
Pff7518dc75,1,10,10,0.0,54,2801,51.87,10.773,10.3534,0.43,1.4281,0.0,95,477,382,22.492,0.37415,16.7797,63.1917,119.2431,11.4245,57.8365,11.0675,33.5594,570.1535,11.7815,39.2717,20.7069,17.4938,7.1403,49.2681,27.8472,126.0264,148.8754,26.4191,90.3249,7.8543,36.7726,230.6319,65.6908,9.6394
P41b1bb4705,1,3,3,0.0,6,138,23.0,9.2,13.7681,,0.0,0.0,96,105,9,36.2319,0.5625,0.0,50.7246,115.942,28.9855,36.2319,14.4928,36.2319,528.9855,7.2464,65.2174,36.2319,14.4928,7.2464,115.942,14.4928,101.4493,115.942,7.2464,72.4638,0.0,14.4928,275.3623,50.7246,0.0
P319cf0c2e0,1,6,6,0.0,21,690,32.857,11.5,9.5652,0.416,0.0,0.0,112,840,728,0.0,0.5,15.942,50.7246,86.9565,18.8406,49.2754,13.0435,57.971,527.5362,15.942,47.8261,30.4348,17.3913,30.4348,71.0145,20.2899,131.8841,130.4348,21.7391,59.4203,5.7971,24.6377,246.3768,47.8261,10.1449
P798e5b71ce,1,5,5,0.0,18,1711,95.056,13.579,10.7539,0.41267,0.0,0.0,104,469,365,15.1958,0.39241,16.3647,60.7832,100.526,12.858,68.3811,11.6891,32.7294,563.9977,7.0134,36.2361,21.0403,18.7025,11.6891,63.121,19.287,118.0596,142.0222,28.0538,78.9012,4.6756,22.7937,234.3659,56.1075,18.1181
Pd9273beb4e,1,19,19,0.0,101,8932,88.436,13.472,9.9418,0.38859,1.2315,0.0,87,1204,1117,41.0882,0.51841,15.4501,56.9861,108.8222,10.8598,59.3372,10.1881,31.4599,566.3905,11.5316,59.897,21.0479,16.3457,7.9489,71.8764,27.4295,111.3972,158.6431,22.9512,74.0036,12.8751,37.9534,261.8674,55.6426,7.1652
P47e358160b,1,11,13,0.1538,29,1305,45.0,11.972,9.0421,0.363,0.0,0.0,87,475,388,19.1571,0.43571,33.7165,72.7969,71.2644,13.0268,65.9004,13.0268,26.0536,528.7356,9.9617,46.7433,22.9885,16.092,17.6245,76.6284,36.0153,131.8008,118.7739,22.2222,87.3563,1.5326,32.1839,229.8851,60.5364,0.7663
P1ba89514b1,1,3,3,0.0,32,1712,53.5,13.587,12.6752,0.45467,1.1682,0.0,104,1562,1458,33.8785,0.55844,18.1075,61.3318,98.1308,12.8505,66.5888,12.8505,28.0374,543.2243,15.1869,50.2336,26.285,16.3551,2.9206,49.6495,22.7804,130.257,155.3738,24.5327,50.8178,5.8411,33.8785,235.3972,39.7196,11.6822
P4b46fb5c89,1,6,6,0.0,30,2066,68.867,12.675,12.4395,0.4565,0.0,0.0,105,832,727,14.0368,0.32759,16.4569,71.152,95.8374,12.1007,65.3437,9.6805,21.7812,546.4666,11.6167,27.5895,19.3611,18.393,3.8722,64.3756,23.7173,119.5547,106.0019,27.1055,80.3485,4.3562,22.7493,202.8074,56.6312,6.7764
Pbfcceae701,1,1,1,0.0,6,312,52.0,20.8,9.2949,,0.0,0.0,113,113,0,-6.4103,0.11111,22.4359,73.7179,128.2051,16.0256,86.5385,3.2051,51.2821,576.9231,3.2051,9.6154,16.0256,12.8205,3.2051,44.8718,32.0513,105.7692,169.8718,22.4359,92.9487,0.0,12.8205,230.7692,76.9231,9.6154
Pc8a80657b3,1,24,24,0.0,86,5563,64.686,11.238,9.7969,0.39418,0.1798,0.0,87,1204,1117,13.4819,0.38662,15.8188,67.7692,107.3162,16.7176,38.4685,5.3928,31.6376,566.421,9.8868,37.3899,19.9533,18.5152,9.3475,64.3538,32.7162,132.4825,152.7953,33.0757,85.3856,6.6511,46.3779,244.4724,59.3205,5.7523
P337fb06bb7,0,0,,,0,0,,,,,,,,,,,,,,,,,,,,,,,,,,,,,,,,,,,
P404f9fdfb6,0,0,,,0,0,,,,,,,,,,,,,,,,,,,,,,,,,,,,,,,,,,,
Paa36360f59,1,4,4,0.0,43,2834,65.907,25.304,10.5857,0.4276,0.0,0.0,102,105,3,22.9358,0.53759,17.9958,70.5716,99.1531,14.4672,52.9287,13.0558,7.41,580.0988,8.4686,50.4587,28.2287,21.1715,12.35,83.2745,28.9344,128.7932,116.0903,14.82,58.2216,7.41,21.5243,225.1235,43.4016,22.9358
Pbf890a872a,1,15,15,0.0,64,3904,61.0,11.975,11.4242,0.43486,0.5123,0.0,96,469,373,1.5369,0.25434,12.2951,71.7213,108.6066,14.8566,43.8012,8.9652,26.6393,558.9139,15.3689,22.541,22.541,15.3689,7.4283,59.4262,19.4672,135.502,145.748,25.8709,87.6025,7.1721,34.8361,235.6557,66.0861,8.9652
Pf3fb310df6,0,0,,,0,0,,,,,,,,,,,,,,,,,,,,,,,,,,,,,,,,,,,
P0dca4f55c4,0,0,,,0,0,,,,,,,,,,,,,,,,,,,,,,,,,,,,,,,,,,,
P8e2f7481af,0,0,,,0,0,,,,,,,,,,,,,,,,,,,,,,,,,,,,,,,,,,,
P2db62bcb6f,1,5,12,0.5833,17,1450,85.294,14.5,9.3793,0.398,0.0,0.0,461,840,379,-3.4483,0.31387,19.3103,60.0,99.3103,6.8966,64.8276,11.0345,15.1724,563.4483,13.7931,29.6552,33.7931,5.5172,10.3448,44.1379,35.1724,138.6207,169.6552,20.6897,92.4138,4.1379,37.931,236.5517,64.8276,14.4828
P2cdeb4bf00,1,15,15,0.0,78,4216,54.051,15.85,10.982,0.42175,0.4744,0.0,102,1562,1460,45.5408,0.55869,11.3852,70.4459,115.5123,14.7059,57.4004,11.148,23.7192,563.3302,15.1803,56.4516,15.1803,14.9431,6.8786,66.1765,29.8861,124.2884,139.9431,18.9753,64.7533,8.0645,19.4497,239.8008,44.592,10.6736
P711641b36d,1,9,9,0.0,65,3700,56.923,10.249,11.0811,0.40314,0.5405,0.0,103,832,729,24.5946,0.47826,12.973,64.5946,113.2432,18.3784,39.7297,9.1892,35.9459,552.973,10.5405,44.5946,23.5135,14.3243,5.6757,43.2432,35.1351,127.2973,169.4595,20.5405,74.0541,4.8649,39.7297,240.2703,48.6486,19.1892
P0074b51801,0,0,,,0,0,,,,,,,,,,,,,,,,,,,,,,,,,,,,,,,,,,,
P1edb3aa5e4,1,1,1,0.0,5,298,59.6,17.529,10.0671,,0.0,0.0,1562,1562,0,13.4228,0.51852,0.0,57.047,110.7383,3.3557,60.4027,3.3557,10.0671,577.1812,6.7114,46.9799,26.8456,3.3557,10.0671,67.1141,13.4228,120.8054,144.2953,20.1342,70.4698,10.0671,70.4698,251.6779,43.6242,10.0671
P289650de8a,0,0,,,0,0,,,,,,,,,,,,,,,,,,,,,,,,,,,,,,,,,,,
P909613bae5,0,0,,,0,0,,,,,,,,,,,,,,,,,,,,,,,,,,,,,,,,,,,
Pc6095e56a1,0,0,,,0,0,,,,,,,,,,,,,,,,,,,,,,,,,,,,,,,,,,,
P0c0603520c,0,0,,,0,0,,,,,,,,,,,,,,,,,,,,,,,,,,,,,,,,,,,
P10bdb64d5d,0,0,,,0,0,,,,,,,,,,,,,,,,,,,,,,,,,,,,,,,,,,,
P5ed74be24f,1,1,1,0.0,1,100,100.0,14.286,13.0,,0.0,0.0,470,470,0,-20.0,0.0,0.0,100.0,90.0,20.0,40.0,10.0,20.0,510.0,50.0,0.0,20.0,10.0,10.0,40.0,20.0,120.0,110.0,10.0,40.0,10.0,10.0,160.0,40.0,20.0
Pbe0e1f0064,1,5,5,0.0,15,764,50.933,11.576,8.7696,0.42,1.3089,0.0,113,831,718,23.5602,0.57333,6.5445,66.7539,103.4031,20.9424,39.267,1.3089,32.7225,547.1204,6.5445,56.2827,26.178,19.6335,7.8534,64.1361,24.8691,113.8743,153.1414,34.0314,66.7539,3.9267,43.1937,248.6911,41.8848,14.3979
Pae1e3e2903,0,0,,,0,0,,,,,,,,,,,,,,,,,,,,,,,,,,,,,,,,,,,
P093d3a11ad,1,19,19,0.0,47,2968,63.149,12.471,12.2978,0.4268,0.3369,0.0,105,840,735,26.2803,0.46026,16.8464,68.0593,94.6765,15.8356,48.1806,9.434,40.4313,549.1914,9.434,46.8329,19.5418,15.8356,10.4447,71.0916,26.2803,131.7385,132.7493,21.9003,74.7978,12.4663,36.7251,232.1429,54.9191,10.1078
Pded0fedf79,1,2,2,0.0,9,752,83.556,14.745,8.2447,0.382,0.0,0.0,107,108,1,11.9681,0.33333,30.5851,77.1277,106.383,21.2766,78.4574,6.6489,34.5745,601.0638,2.6596,37.234,19.9468,19.9468,11.9681,55.8511,19.9468,107.7128,136.9681,25.266,94.4149,5.3191,11.9681,222.0745,74.4681,1.3298
P9926013d5a,1,6,6,0.0,17,1186,69.765,13.326,11.2985,0.42,0.8432,0.0,467,1938,1471,36.2563,0.57759,25.2951,78.4148,111.2985,10.9612,43.8449,7.5885,35.4132,568.2968,9.2749,56.4924,21.9224,10.9612,5.9022,72.5126,17.7066,148.398,122.2597,21.0793,61.5514,21.9224,27.8246,234.4013,41.3153,8.4317
Pee7c22ed91,,,,,,,,,,,,,,,,,,,,,,,,,,,,,,,,,,,,,,,,,
Pfa75ae8d76,1,1,1,0.0,1,128,128.0,18.286,14.0625,,0.0,0.0,477,477,0,62.5,0.81818,15.625,70.3125,85.9375,7.8125,46.875,7.8125,23.4375,585.9375,7.8125,70.3125,15.625,0.0,0.0,62.5,23.4375,164.0625,117.1875,54.6875,54.6875,0.0,31.25,218.75,15.625,15.625
P64210277c7,0,0,,,0,0,,,,,,,,,,,,,,,,,,,,,,,,,,,,,,,,,,,
P416dc6431a,1,6,6,0.0,14,997,71.214,14.449,9.1274,0.43,0.0,0.0,467,834,367,-9.0271,0.19802,10.0301,71.2136,132.3972,22.0662,50.1505,6.0181,22.0662,575.7272,18.0542,20.0602,32.0963,19.0572,3.009,43.1294,24.0722,129.3882,187.5627,22.0662,96.2889,12.0361,34.1023,261.7854,81.2437,8.0241
Pf37ef86b30,,,,,,,,,,,,,,,,,,,,,,,,,,,,,,,,,,,,,,,,,
Pf0384da7bc,0,0,,,0,0,,,,,,,,,,,,,,,,,,,,,,,,,,,,,,,,,,,
P8ea6b00194,1,2,2,0.0,7,485,69.286,16.724,10.3093,,0.0,0.0,1555,1561,6,14.433,0.33333,20.6186,68.0412,103.0928,4.1237,70.1031,14.433,22.6804,562.8866,8.2474,22.6804,18.5567,10.3093,4.1237,30.9278,32.9897,144.3299,158.7629,20.6186,76.2887,10.3093,28.866,200.0,45.3608,8.2474
P9fd176d178,1,6,7,0.1429,35,1644,46.971,10.816,11.0097,0.42667,0.0,0.0,102,113,11,48.6618,0.61654,14.5985,74.8175,101.5815,20.073,50.4866,20.073,24.3309,541.9708,5.4745,49.8783,11.5572,22.5061,9.7324,68.1265,15.8151,118.0049,118.6131,31.0219,50.4866,12.7737,29.1971,220.1946,31.0219,8.5158
P337ea84d5c,0,0,,,0,0,,,,,,,,,,,,,,,,,,,,,,,,,,,,,,,,,,,
Pd7b7b2dd0a,0,0,,,0,0,,,,,,,,,,,,,,,,,,,,,,,,,,,,,,,,,,,
P46ea49196b,0,0,,,0,0,,,,,,,,,,,,,,,,,,,,,,,,,,,,,,,,,,,
P91c52ea937,1,7,7,0.0,26,1701,65.423,13.289,7.8189,0.39667,0.0,0.0,104,833,729,41.1523,0.67778,7.6426,54.0858,81.7166,11.7578,62.9042,17.0488,62.3163,549.6767,11.7578,71.7225,36.4491,20.5761,11.1699,92.2986,13.5215,122.8689,129.9236,18.2246,57.0253,6.4668,24.6914,256.3198,34.0976,27.0429
P2561e38a80,0,0,,,0,0,,,,,,,,,,,,,,,,,,,,,,,,,,,,,,,,,,,
P3fe42ad9e3,0,0,,,0,0,,,,,,,,,,,,,,,,,,,,,,,,,,,,,,,,,,,
P14fdb083b4,1,2,2,0.0,7,333,47.571,12.808,9.9099,,0.0,0.0,467,582,115,6.006,0.57692,15.015,78.0781,90.0901,15.015,51.0511,3.003,30.03,564.5646,3.003,45.045,30.03,18.018,12.012,96.0961,18.018,117.1171,111.1111,15.015,48.048,12.012,75.0751,231.2312,33.033,12.012
P84b7d3abc9,0,0,,,0,0,,,,,,,,,,,,,,,,,,,,,,,,,,,,,,,,,,,
Pfbbf8d1dd2,0,0,,,0,0,,,,,,,,,,,,,,,,,,,,,,,,,,,,,,,,,,,
P00193b3ed9,1,3,3,0.0,14,522,37.286,11.6,8.8123,0.428,0.0,0.0,99,106,7,44.0613,0.81481,15.3257,70.8812,109.1954,19.1571,49.8084,7.6628,36.3985,528.7356,9.5785,84.2912,34.4828,19.1571,13.41,63.2184,36.3985,134.0996,151.341,21.0728,42.1456,7.6628,21.0728,231.8008,19.1571,5.7471
Pca1c024cab,1,9,9,0.0,38,2448,64.421,12.817,11.7239,0.4045,2.451,0.0,91,468,377,31.4542,0.57277,19.6078,66.9935,113.9706,5.3105,63.317,8.1699,30.6373,567.8105,15.5229,49.8366,20.4248,20.0163,6.1275,52.6961,31.0458,129.902,143.3824,18.3824,54.3301,6.9444,43.7092,230.8007,37.1732,8.5784
Pf7f191defd,1,7,7,0.0,21,790,37.619,11.97,11.6456,0.412,0.0,0.0,97,477,380,20.2532,0.63636,21.519,65.8228,92.4051,6.3291,49.3671,6.3291,36.7089,565.8228,12.6582,44.3038,22.7848,10.1266,7.5949,53.1646,20.2532,150.6329,118.9873,25.3165,45.5696,5.0633,46.8354,218.9873,25.3165,16.4557
P84101ffd6c,1,14,14,0.0,41,2233,54.463,12.545,11.8674,0.4225,0.4478,0.0,91,476,385,35.3784,0.48744,11.1957,77.9221,108.3744,19.7044,47.9176,12.0914,29.1088,564.2633,9.4044,43.4393,10.3,16.1218,9.8522,67.622,21.0479,130.7658,127.1832,28.661,70.7568,8.5087,33.1393,228.8401,45.6785,7.6131
Pde25a111c0,1,1,1,0.0,2,90,45.0,22.5,6.6667,,0.0,0.0,86,86,0,22.2222,0.5,0.0,100.0,111.1111,11.1111,100.0,22.2222,11.1111,577.7778,0.0,22.2222,0.0,11.1111,22.2222,55.5556,33.3333,100.0,144.4444,44.4444,33.3333,22.2222,0.0,211.1111,22.2222,0.0
P854bff0ae3,0,0,,,0,0,,,,,,,,,,,,,,,,,,,,,,,,,,,,,,,,,,,
P3ede0fa0b1,1,2,2,0.0,10,445,44.5,13.906,7.6404,,0.0,0.0,96,105,9,69.6629,0.70588,11.236,44.9438,69.6629,15.7303,35.9551,15.7303,80.8989,505.618,13.4831,80.8989,26.9663,4.4944,0.0,51.6854,35.9551,123.5955,188.764,35.9551,56.1798,0.0,8.9888,260.6742,33.7079,20.2247
P6a23d47737,1,1,3,0.6667,5,154,30.8,11.0,5.8442,,0.0,0.0,105,105,0,19.4805,0.52632,6.4935,77.9221,103.8961,0.0,45.4545,0.0,51.9481,558.4416,0.0,64.9351,38.961,45.4545,6.4935,103.8961,19.4805,162.3377,123.3766,12.987,58.4416,25.974,0.0,285.7143,58.4416,0.0
P6258e82584,1,20,20,0.0,99,8453,85.384,13.745,11.1558,0.4205,0.1183,0.0,80,584,504,23.7785,0.4726,13.8412,70.0343,96.1789,13.7229,47.6754,8.7543,39.7492,541.5829,12.6582,40.8139,20.3478,13.9595,5.4419,63.5277,23.3053,129.4215,136.6379,23.7785,66.0121,6.5066,33.8341,233.0534,45.546,12.0667
P3cb5a9e68b,0,0,,,0,0,,,,,,,,,,,,,,,,,,,,,,,,,,,,,,,,,,,
P398088f587,0,0,,,0,0,,,,,,,,,,,,,,,,,,,,,,,,,,,,,,,,,,,
P84dee8d837,0,0,,,0,0,,,,,,,,,,,,,,,,,,,,,,,,,,,,,,,,,,,
P1100d011d0,1,4,4,0.0,22,1543,70.136,15.745,10.1102,0.432,0.0,0.0,96,99,3,25.2754,0.52688,14.2579,71.9378,108.2307,16.8503,62.2165,9.0732,22.035,579.3908,8.4251,31.7563,12.9618,17.4984,2.5924,58.3279,26.5716,137.3947,135.4504,24.6273,47.9585,18.1465,40.8296,227.4789,28.5159,16.2022
P93a13b19c2,1,1,1,0.0,6,269,44.833,14.944,8.5502,,0.0,0.0,105,105,0,59.4796,0.69697,11.1524,59.4796,96.6543,7.4349,85.5019,14.8699,85.5019,546.4684,7.4349,85.5019,14.8699,14.8699,26.0223,126.3941,22.3048,78.0669,107.8067,11.1524,37.1747,0.0,44.6097,256.5056,37.1747,11.1524
P2ad610b277,0,0,,,0,0,,,,,,,,,,,,,,,,,,,,,,,,,,,,,,,,,,,
P9702e35c0a,0,0,,,0,0,,,,,,,,,,,,,,,,,,,,,,,,,,,,,,,,,,,
P9dbf445dc5,0,0,,,0,0,,,,,,,,,,,,,,,,,,,,,,,,,,,,,,,,,,,
P36f801ddc1,1,8,8,0.0,37,3934,106.324,20.071,10.3457,0.40343,0.2542,0.0,91,104,13,17.7936,0.35,10.9304,76.5125,97.3564,14.4891,72.1912,13.2181,26.6904,570.666,5.8465,28.4698,17.5394,14.4891,6.3549,70.4118,25.4194,125.8261,119.9797,22.1149,79.0544,5.8465,51.3472,213.7773,52.8724,3.8129
P824176de50,0,0,,,0,0,,,,,,,,,,,,,,,,,,,,,,,,,,,,,,,,,,,
Pdbcc4b2801,1,6,6,0.0,31,906,29.226,11.049,11.1479,0.434,1.1038,0.0,99,475,376,40.8389,0.5283,23.1788,54.0839,89.404,26.4901,45.2539,8.83,22.0751,526.4901,6.6225,61.8102,20.9713,18.7638,8.83,54.0839,41.9426,123.6203,145.6954,19.8675,72.8477,4.415,35.3201,239.5143,55.1876,5.5188
P17a4a5cfae,1,8,8,0.0,20,1155,57.75,13.276,8.3983,0.371,1.7316,0.0,81,475,394,70.1299,0.66667,21.645,54.5455,89.1775,13.8528,69.2641,12.987,25.1082,543.7229,10.3896,86.5801,21.645,19.0476,7.7922,64.9351,38.0952,89.1775,165.368,17.316,62.3377,8.658,47.619,251.9481,43.29,8.658
P31b4a243f7,1,11,11,0.0,42,2392,56.952,13.071,11.0368,0.443,0.0,0.0,88,832,744,26.3378,0.44776,17.1405,66.4716,121.6555,9.6154,53.0936,15.0502,33.4448,556.0201,8.7793,37.6254,22.9933,23.4114,3.3445,58.5284,32.6087,117.4749,155.5184,16.7224,73.5786,4.5987,33.4448,251.2542,46.4047,19.2308
P24a562f4ba,1,13,13,0.0,40,4274,106.85,14.247,10.8797,0.4375,0.0,0.0,91,831,740,10.7628,0.35458,9.5929,90.3135,88.6757,10.5288,53.1118,13.1025,19.8877,543.9869,6.0833,20.8236,17.08,10.5288,6.0833,48.4324,13.8044,138.044,134.7684,19.4197,72.9995,7.7211,36.4998,213.6172,37.9036,17.314
Pf825457ab4,1,23,23,0.0,80,5325,66.562,15.48,10.0469,0.4138,0.7512,0.0,80,839,759,3.1925,0.40482,14.2723,59.9061,94.4601,13.7089,61.2207,7.1362,50.3286,547.23,10.3286,31.5493,27.7934,16.1502,7.6995,59.5305,30.0469,135.7746,150.6103,15.7746,65.9155,3.9437,33.2394,237.9343,46.385,15.3991
Pccb83c9fcb,1,10,10,0.0,29,2054,70.828,16.047,11.7332,0.391,0.0,0.0,96,466,370,48.6855,0.52358,17.5268,76.4362,74.9757,9.2502,54.5278,14.6056,38.4615,531.6456,5.8423,54.0409,14.6056,10.224,5.3554,56.4752,19.4742,139.7274,119.2795,18.0136,71.5677,4.8685,22.8822,216.6504,49.1723,4.8685
P70aaa5fb09,1,1,5,0.8,4,156,39.0,13.0,12.1795,,6.4103,0.0,105,105,0,32.0513,0.45,12.8205,51.2821,96.1538,32.0513,70.5128,12.8205,32.0513,532.0513,0.0,57.6923,25.641,6.4103,12.8205,70.5128,12.8205,96.1538,153.8462,19.2308,89.7436,0.0,0.0,256.4103,70.5128,19.2308
Pb18185e9fe,0,0,,,0,0,,,,,,,,,,,,,,,,,,,,,,,,,,,,,,,,,,,
Pa33d5803eb,1,1,1,0.0,2,191,95.5,23.875,7.3298,,0.0,0.0,104,104,0,-15.7068,0.06667,26.178,68.0628,115.1832,10.4712,57.5916,15.7068,26.178,659.6859,15.7068,5.2356,15.7068,15.7068,20.9424,52.356,20.9424,130.8901,120.4188,47.1204,89.0052,0.0,31.4136,198.9529,73.2984,31.4136
P8aa2e06ade,0,0,,,0,0,,,,,,,,,,,,,,,,,,,,,,,,,,,,,,,,,,,
Pcad0645e5a,1,7,8,0.125,18,1432,79.556,13.509,9.567,0.391,0.0,0.0,96,470,374,24.4413,0.51748,7.6816,65.6425,101.257,6.2849,43.2961,8.3799,41.8994,570.5307,16.0615,51.676,31.4246,22.3464,4.1899,47.486,18.1564,149.4413,166.2011,26.5363,66.3408,10.4749,24.4413,250.6983,48.1844,15.3631
P56b91ee390,0,0,,,0,0,,,,,,,,,,,,,,,,,,,,,,,,,,,,,,,,,,,
P467b7b3f59,1,1,1,0.0,2,160,80.0,16.0,13.75,,0.0,0.0,238,238,0,43.75,0.76923,18.75,68.75,112.5,56.25,62.5,6.25,62.5,550.0,0.0,62.5,12.5,0.0,12.5,12.5,62.5,137.5,162.5,25.0,75.0,12.5,18.75,200.0,18.75,18.75
P5d0988f1e1,1,3,3,0.0,16,1482,92.625,13.351,10.3239,0.397,0.0,0.0,468,1196,728,25.641,0.53086,22.2672,64.1026,97.166,15.5196,53.3063,5.3981,20.2429,558.7045,17.5439,58.0297,33.0634,14.17,4.7233,66.8016,33.7382,141.0256,139.0013,18.8934,64.1026,12.8205,27.6653,245.614,51.2821,6.7476
P488064c36d,1,1,1,0.0,1,33,33.0,33.0,6.0606,,0.0,0.0,1196,1196,0,-30.303,,0.0,60.6061,30.303,30.303,90.9091,0.0,30.303,545.4545,0.0,0.0,30.303,30.303,0.0,60.6061,30.303,181.8182,151.5152,60.6061,0.0,0.0,60.6061,212.1212,0.0,0.0
Pf209014384,1,2,2,0.0,11,1065,96.818,29.583,11.4554,0.42,0.939,0.0,468,469,1,23.4742,0.56,20.6573,62.9108,99.5305,18.7793,76.0563,9.3897,16.9014,569.0141,13.1455,52.5822,28.169,19.7183,10.3286,68.5446,29.108,131.4554,132.3944,19.7183,70.4225,6.5728,17.8404,227.23,41.3146,12.2066
Pd6905b8ed2,0,0,,,0,0,,,,,,,,,,,,,,,,,,,,,,,,,,,,,,,,,,,
P622332ff90,1,4,4,0.0,16,662,41.375,11.821,10.1208,0.394,1.5106,0.0,98,470,372,36.2538,0.48438,10.574,83.0816,111.7825,15.1057,60.423,13.5952,75.5287,551.3595,15.1057,46.8278,9.0634,24.1692,15.1057,57.4018,36.2538,105.7402,128.3988,27.1903,83.0816,16.6163,33.2326,222.0544,49.8489,3.0211
Pef94ae3f83,1,14,14,0.0,36,2727,75.75,12.395,8.5075,0.4108,0.7334,0.0,90,582,492,21.6355,0.54118,7.7008,65.2732,96.443,14.6681,67.4734,8.8009,40.3374,564.3564,15.4015,50.6051,30.4364,13.568,7.3341,79.9413,25.3025,130.9131,131.6465,24.5691,49.8717,10.6344,37.4037,242.0242,42.9043,8.0675
Pf1323eea4d,0,0,,,0,0,,,,,,,,,,,,,,,,,,,,,,,,,,,,,,,,,,,
Pfb1f867cde,1,11,11,0.0,50,2758,55.16,13.133,10.2973,0.4224,0.7252,0.0,95,476,381,28.2814,0.49627,22.8426,65.2647,106.2364,23.9304,56.2001,14.8658,25.3807,537.3459,15.591,48.2234,22.4801,17.7665,12.3278,60.5511,43.1472,124.3655,149.7462,21.7549,72.1537,2.9007,32.9949,243.2922,48.9485,11.24
Pd2b56a96a1,1,12,12,0.0,43,1802,41.907,10.855,10.3774,0.41267,0.5549,0.0,84,475,391,29.4118,0.5,12.2087,68.8124,96.5594,9.9889,53.8291,9.9889,41.6204,543.2852,5.5494,47.1698,17.2031,17.758,10.5438,77.1365,36.626,127.081,132.0755,20.5327,66.5927,10.5438,41.6204,244.1731,47.1698,4.9945
Pea46ee56c1,0,0,,,0,0,,,,,,,,,,,,,,,,,,,,,,,,,,,,,,,,,,,
P36eaf9779b,1,4,4,0.0,18,1330,73.889,14.457,11.4286,0.416,0.0,0.0,98,834,736,30.0752,0.46923,15.0376,61.6541,106.7669,21.8045,73.6842,12.782,41.3534,542.1053,8.2707,45.8647,24.0602,15.7895,4.5113,60.9023,37.594,116.5414,130.8271,29.3233,69.9248,4.5113,18.797,229.3233,51.8797,5.2632
P70fe638043,1,3,3,0.0,8,755,94.375,16.778,7.8146,0.432,0.0,0.0,105,582,477,29.1391,0.75325,22.5166,66.2252,109.9338,15.894,62.2517,10.596,19.8675,558.9404,15.894,76.8212,34.4371,22.5166,23.8411,74.1722,26.4901,125.8278,145.6954,22.5166,52.9801,3.9735,17.2185,245.0331,25.1656,5.298
Pa9d4084dfb,0,0,,,0,0,,,,,,,,,,,,,,,,,,,,,,,,,,,,,,,,,,,
P15f2c20d7d,1,7,7,0.0,33,2251,68.212,15.524,11.8614,0.42,0.0,0.0,88,830,742,32.43,0.54412,12.4389,77.7432,110.6175,18.2141,57.7521,9.7734,26.2106,568.1919,11.9947,49.3114,19.1026,14.2159,7.5522,61.7503,23.9893,128.8316,139.4936,27.0991,60.4176,5.7752,28.8761,233.2297,41.315,10.2177
Pb10604e423,1,9,9,0.0,40,2157,53.925,12.839,10.4775,0.4045,0.0,0.0,89,475,386,18.0807,0.3445,18.0807,56.56,101.9935,21.3259,64.905,10.663,35.6977,541.0292,10.1994,33.3797,19.0079,16.6898,6.9541,58.8781,19.0079,114.5109,165.5076,22.7167,91.7942,6.0269,23.6439,248.9569,63.5141,10.1994
P5f6276e4dd,1,1,1,0.0,4,132,33.0,14.667,8.3333,,0.0,0.0,469,469,0,-37.8788,0.30769,68.1818,90.9091,68.1818,7.5758,68.1818,15.1515,53.0303,553.0303,7.5758,30.303,37.8788,15.1515,45.4545,60.6061,22.7273,136.3636,143.9394,15.1515,75.7576,22.7273,37.8788,212.1212,68.1818,0.0
P45b94f1aab,1,7,7,0.0,28,1183,42.25,11.83,8.1995,0.41,0.0,0.0,98,469,371,22.8233,0.43089,15.2156,67.6247,92.1386,9.2984,61.7075,10.1437,40.5748,559.5943,8.4531,44.8014,19.4421,12.6796,12.6796,58.3263,27.8952,121.7244,140.3212,25.3593,85.3762,7.6078,44.8014,227.388,59.1716,6.7625
Pa0a2c9503f,0,0,,,0,0,,,,,,,,,,,,,,,,,,,,,,,,,,,,,,,,,,,
P5e50445e82,1,19,19,0.0,105,10407,99.114,12.478,11.4154,0.4185,0.5765,0.0,80,834,754,8.7441,0.38909,13.6447,62.7462,92.2456,13.5486,46.8915,10.0894,31.8055,534.3519,10.0894,31.5172,23.1575,15.3743,9.705,60.2479,23.3497,136.5427,138.8489,21.3318,77.9283,4.2279,41.2223,230.0375,49.4859,12.972
P74a501a7bb,1,4,4,0.0,21,2262,107.714,13.385,11.45,0.391,0.0,0.0,1560,1926,366,36.6932,0.57838,10.6101,79.1335,102.5641,14.1468,41.9982,15.9151,37.5774,519.8939,7.0734,47.3033,21.6622,19.4518,4.863,70.7339,34.9248,109.1954,129.0893,24.7569,62.3342,10.168,35.809,228.5588,34.4828,7.0734
P55c8e33d89,0,0,,,0,0,,,,,,,,,,,,,,,,,,,,,,,,,,,,,,,,,,,
Pd44ef7a78e,1,5,5,0.0,14,830,59.286,12.769,9.2771,0.434,0.0,0.0,1554,1933,379,-7.2289,0.38983,18.0723,72.2892,89.1566,16.8675,48.1928,4.8193,44.5783,550.6024,12.0482,27.7108,32.5301,7.2289,7.2289,44.5783,25.3012,139.759,128.9157,26.506,61.4458,10.8434,36.1446,198.7952,43.3735,21.6867
P8ec07e793f,1,1,1,0.0,1,70,70.0,23.333,10.0,,0.0,0.0,833,833,0,0.0,0.14286,14.2857,114.2857,57.1429,0.0,57.1429,0.0,57.1429,471.4286,0.0,14.2857,14.2857,14.2857,0.0,14.2857,14.2857,100.0,185.7143,14.2857,85.7143,0.0,14.2857,214.2857,85.7143,0.0
P310fe8e32c,1,3,3,0.0,5,97,19.4,12.125,5.1546,,10.3093,0.0,466,832,366,10.3093,0.5,0.0,72.1649,61.8557,0.0,51.5464,0.0,30.9278,597.9381,0.0,51.5464,20.6186,0.0,20.6186,134.0206,10.3093,113.4021,82.4742,61.8557,61.8557,20.6186,72.1649,237.1134,51.5464,0.0
P8d17fbd48e,,,,,,,,,,,,,,,,,,,,,,,,,,,,,,,,,,,,,,,,,
P58c3f134a2,0,0,,,0,0,,,,,,,,,,,,,,,,,,,,,,,,,,,,,,,,,,,
Pd6736ed788,1,2,2,0.0,10,643,64.3,14.614,10.1089,0.45,0.0,0.0,833,834,1,-1.5552,0.19737,9.3313,55.9876,99.5334,21.7729,43.5459,9.3313,43.5459,548.9891,7.776,23.3281,21.7729,18.6625,12.4417,68.4292,18.6625,113.5303,141.5241,35.7698,118.196,9.3313,29.549,248.8336,94.8678,12.4417
P01a00a5983,1,2,2,0.0,11,448,40.727,11.487,10.7143,,0.0,0.0,471,608,137,49.1071,0.42105,24.5536,75.8929,118.3036,11.1607,49.1071,13.3929,35.7143,562.5,11.1607,53.5714,13.3929,20.0893,4.4643,40.1786,40.1786,104.9107,218.75,31.25,98.2143,20.0893,40.1786,274.5536,73.6607,2.2321
P26312e5087,1,6,7,0.1429,18,809,44.944,12.258,10.5068,0.428,0.0,0.0,469,1211,742,-18.5414,0.22353,14.8331,65.513,82.8183,11.1248,53.152,3.7083,24.7219,527.8121,13.597,23.4858,27.1941,13.597,18.5414,82.8183,17.3053,132.2621,123.6094,14.8331,90.2349,11.1248,25.958,236.0939,81.5822,6.1805
Pecca0a47dd,0,0,,,0,0,,,,,,,,,,,,,,,,,,,,,,,,,,,,,,,,,,,
P85abb7e5de,0,0,,,0,0,,,,,,,,,,,,,,,,,,,,,,,,,,,,,,,,,,,
P83fd4822e5,1,15,15,0.0,40,2132,53.3,13.935,10.7411,0.4165,0.469,0.0,82,476,394,14.5403,0.46701,12.1951,70.8255,97.0919,20.1689,57.6923,10.3189,21.576,534.7092,9.3809,43.152,27.2045,15.4784,11.7261,58.6304,35.1782,124.2964,150.0938,24.3902,75.985,6.5666,23.9212,232.6454,49.2495,4.2214
Pf22b67943e,1,7,7,0.0,30,2952,98.4,16.966,11.0434,0.4288,0.0,0.0,89,468,379,27.7778,0.41987,15.2439,57.2493,99.2547,25.0678,57.2493,9.1463,26.084,549.458,5.0813,44.3767,18.9702,26.4228,6.7751,62.6694,18.2927,119.9187,140.2439,30.8266,89.4309,7.4526,19.6477,243.9024,61.3144,10.8401
P591a253b3e,1,8,8,0.0,20,1177,58.85,14.012,8.4112,0.397,0.0,0.0,98,833,735,24.6389,0.48031,17.842,62.8717,88.3602,22.9397,48.4282,5.9473,39.0824,548.853,15.2931,51.8267,23.7893,22.9397,9.3458,50.9771,20.3908,125.7434,154.6304,30.5862,71.3679,6.7969,27.1878,238.7426,56.0748,16.9924
P1497c83aba,1,2,2,0.0,3,222,74.0,13.059,13.0631,,0.0,0.0,99,583,484,13.5135,0.44828,36.036,81.0811,81.0811,18.018,76.5766,4.5045,13.5135,563.0631,13.5135,58.5586,36.036,9.009,13.5135,49.5495,45.045,112.6126,157.6577,27.027,148.6486,0.0,4.5045,225.2252,72.0721,4.5045
P05c9e8e43e,0,0,,,0,0,,,,,,,,,,,,,,,,,,,,,,,,,,,,,,,,,,,
P7d52184fb7,0,0,,,0,0,,,,,,,,,,,,,,,,,,,,,,,,,,,,,,,,,,,
P15c3bdbcba,0,0,,,0,0,,,,,,,,,,,,,,,,,,,,,,,,,,,,,,,,,,,
Pe364fefd34,0,0,,,0,0,,,,,,,,,,,,,,,,,,,,,,,,,,,,,,,,,,,
Paf55ace901,0,0,,,0,0,,,,,,,,,,,,,,,,,,,,,,,,,,,,,,,,,,,
P45450124ed,1,4,4,0.0,14,1148,82.0,16.4,9.2334,0.407,0.0,0.0,98,834,736,27.0035,0.41176,10.453,70.5575,93.2056,6.9686,60.9756,7.8397,24.3902,555.7491,13.9373,36.5854,17.4216,13.9373,0.0,56.6202,27.0035,124.5645,155.0523,22.6481,80.1394,4.3554,30.4878,239.547,52.2648,8.7108
P38145d33eb,1,6,6,0.0,22,742,33.727,10.754,10.1078,0.422,0.0,0.0,96,1197,1101,49.8652,0.60526,12.1294,63.3423,107.8167,16.1725,41.779,5.3908,32.345,530.9973,14.8248,61.9946,12.1294,22.9111,5.3908,39.0836,30.9973,119.9461,173.8544,21.5633,64.69,2.6954,37.7358,235.8491,40.4313,8.0863
P8d3cc27d9f,1,9,9,0.0,43,2368,55.07,15.787,9.2061,0.4125,0.0,0.0,88,469,381,24.0709,0.53659,16.8919,57.8547,104.7297,12.6689,57.4324,11.402,38.8514,557.8547,10.1351,46.4527,27.8716,14.7804,5.9122,59.5439,27.027,134.2905,156.6723,28.2939,57.4324,9.2905,32.0946,244.9324,40.1182,13.9358
P2100fc35c8,0,0,,,0,0,,,,,,,,,,,,,,,,,,,,,,,,,,,,,,,,,,,
Pe8dc26218f,1,1,1,0.0,5,469,93.8,18.76,12.7932,,6.3966,0.0,96,96,0,19.1898,0.46875,8.5288,55.4371,98.081,6.3966,51.1727,8.5288,29.8507,533.049,14.9254,31.9829,21.322,6.3966,0.0,34.1151,21.322,117.2708,164.1791,23.4542,59.7015,10.661,44.7761,234.5416,36.2473,14.9254
P33a3ea1e89,1,7,7,0.0,25,1257,50.28,10.744,9.0692,0.368,0.0,0.0,98,470,372,3.9777,0.27737,12.7287,67.6213,118.5362,7.9554,54.8926,7.9554,40.5728,583.93,18.2975,30.2307,29.4352,16.7064,4.7733,54.8926,27.0485,126.4916,165.4733,12.7287,110.5807,3.9777,30.2307,254.5744,78.7589,18.2975
Pbe299942e3,1,1,1,0.0,6,578,96.333,15.211,10.8997,0.442,0.0,0.0,470,470,0,46.7128,0.73333,20.7612,55.3633,91.6955,13.8408,77.8547,15.5709,29.4118,572.6644,10.3806,57.0934,15.5709,25.9516,10.3806,65.7439,13.8408,110.7266,126.2976,22.4913,36.3322,5.1903,55.3633,217.9931,20.7612,8.6505
Pcc25131c3d,1,11,11,0.0,34,1684,49.529,13.054,11.639,0.41667,0.5938,0.0,833,1561,728,29.0974,0.4878,23.753,71.8527,99.1686,18.4086,71.8527,7.7197,20.7838,538.0048,13.658,47.5059,18.4086,5.9382,7.7197,45.1306,32.6603,122.9216,167.4584,17.8147,79.5724,4.7506,27.3159,242.2803,49.8812,2.3753
P73a117bd09,0,0,,,0,0,,,,,,,,,,,,,,,,,,,,,,,,,,,,,,,,,,,
Pebbd613418,0,0,,,0,0,,,,,,,,,,,,,,,,,,,,,,,,,,,,,,,,,,,
Pc1b5416459,0,0,,,0,0,,,,,,,,,,,,,,,,,,,,,,,,,,,,,,,,,,,
P4c0b663d25,1,2,2,0.0,9,661,73.444,18.886,8.7746,0.412,0.0,0.0,97,98,1,51.4372,0.70175,24.2057,72.6172,119.5159,13.6157,65.053,12.1029,31.77,561.2708,15.1286,60.5144,15.1286,9.0772,6.0514,63.5401,37.8215,107.413,148.2602,31.77,51.4372,16.6415,37.8215,243.5703,25.7186,9.0772
P19dba9c1fd,0,0,,,0,0,,,,,,,,,,,,,,,,,,,,,,,,,,,,,,,,,,,
P607c704c53,1,13,13,0.0,58,3506,60.448,12.433,10.3537,0.41286,0.0,0.0,89,474,385,38.2202,0.60807,14.5465,64.1757,94.4096,13.1204,68.4541,11.1238,43.9247,528.5225,10.5533,60.1825,24.8146,10.5533,8.2715,58.4712,27.6669,119.7946,141.1865,17.9692,67.3132,3.9932,26.526,245.579,38.7906,8.5568
P93861fcc04,1,2,2,0.0,13,758,58.308,18.048,9.3668,0.348,1.3193,0.0,106,1204,1098,36.9393,0.4557,23.7467,50.1319,81.7942,11.8734,50.1319,19.7889,59.3668,540.8971,11.8734,47.4934,21.1082,22.4274,9.2348,48.8127,18.4697,147.7573,162.2691,34.3008,69.9208,5.277,15.8311,234.8285,56.7282,6.5963
Pf1615243ab,1,5,5,0.0,10,657,65.7,12.396,10.9589,0.418,0.0,0.0,105,476,371,10.6545,0.21739,22.8311,65.449,108.067,24.3531,57.8387,7.6104,19.7869,561.6438,6.0883,22.8311,16.7428,16.7428,3.0441,70.0152,25.8752,120.2435,129.376,25.8752,114.1553,0.0,7.6104,232.8767,82.1918,12.1766
Pb5f5bff7e1,0,0,,,0,0,,,,,,,,,,,,,,,,,,,,,,,,,,,,,,,,,,,
P6a5ab4372a,0,0,,,0,0,,,,,,,,,,,,,,,,,,,,,,,,,,,,,,,,,,,
P7d1e9516ee,0,0,,,0,0,,,,,,,,,,,,,,,,,,,,,,,,,,,,,,,,,,,
Pdb1689c286,1,2,2,0.0,19,709,37.316,13.635,11.8477,0.406,1.4104,0.0,96,105,9,43.7236,0.56061,26.7983,59.2384,67.701,21.1566,50.7757,5.6417,46.5444,521.8618,1.4104,52.1862,9.8731,19.7461,4.2313,53.5966,21.1566,121.2976,141.0437,32.4401,63.4697,1.4104,38.0818,221.4386,40.9027,11.2835
P23f1ba707f,1,4,4,0.0,14,728,52.0,13.0,11.4011,0.43,0.0,0.0,98,211,113,35.7143,0.59722,10.989,78.2967,100.2747,5.4945,60.4396,9.6154,20.6044,564.5604,13.7363,59.0659,24.7253,13.7363,8.2418,49.4505,26.0989,148.3516,144.2308,19.2308,63.1868,15.1099,38.4615,228.022,39.8352,2.7473
P2171d2817b,0,0,,,0,0,,,,,,,,,,,,,,,,,,,,,,,,,,,,,,,,,,,
P11fb43c4ea,1,7,7,0.0,20,1296,64.8,14.897,11.4969,0.447,1.5432,0.0,90,104,14,23.9198,0.53012,4.6296,72.5309,125.7716,6.9444,53.2407,12.3457,33.179,566.358,11.5741,33.9506,17.7469,12.3457,4.6296,40.1235,23.1481,119.5988,152.0062,22.3765,50.1543,6.9444,36.2654,226.8519,30.0926,12.3457
Pc9a1f10582,0,0,,,0,0,,,,,,,,,,,,,,,,,,,,,,,,,,,,,,,,,,,
P1044a073cf,1,8,8,0.0,47,3642,77.489,15.175,11.587,0.40771,0.0,0.0,97,469,372,16.4745,0.53737,9.6101,61.5047,98.2976,17.5728,72.2131,9.6101,22.5151,580.4503,5.4915,41.4607,23.6134,20.5931,10.983,71.6639,15.9253,127.128,124.3822,23.3388,70.0165,7.1389,44.2065,225.4256,35.6947,15.6507
P1dca1ecf2b,1,13,13,0.0,44,2617,59.477,12.704,11.196,0.4084,0.3821,0.0,80,103,23,44.7077,0.644,17.9595,63.4314,118.8384,19.1058,54.2606,12.6099,64.1956,567.8258,7.2602,61.5208,16.431,20.6343,12.992,59.9924,29.423,120.3668,136.7979,27.1303,59.2281,8.0245,24.8376,226.9775,34.0084,13.3741
P12d1ca8d35,1,10,11,0.0909,33,2076,62.909,16.093,11.4644,0.4305,0.0,0.0,88,582,494,39.499,0.55924,7.7071,67.9191,99.711,14.9326,58.7669,10.5973,40.9441,540.4624,13.0058,56.8401,21.6763,14.9326,6.262,53.4682,26.4933,119.4605,141.1368,27.9383,67.4374,7.2254,19.2678,230.7322,44.7977,14.9326
P0a4bbd8b0a,0,0,,,0,0,,,,,,,,,,,,,,,,,,,,,,,,,,,,,,,,,,,
P7f1d080745,1,2,2,0.0,13,538,41.385,12.227,8.3643,0.42,0.0,0.0,97,98,1,33.4572,0.46809,1.8587,61.3383,91.0781,13.0112,61.3383,24.1636,27.881,548.3271,11.1524,40.8922,26.0223,14.8699,5.5762,65.0558,20.4461,135.6877,154.2751,33.4572,66.9145,14.8699,26.0223,247.2119,46.4684,3.7175
Pc7e0f691c6,1,18,18,0.0,118,8655,73.347,14.77,10.2715,0.43341,0.1155,0.0,95,1210,1115,26.2276,0.49098,16.0601,71.0572,107.9145,15.4824,58.9255,10.5142,39.8614,561.063,12.2473,44.0208,20.7972,10.8608,7.5101,62.2761,33.9688,129.0583,128.2496,33.2756,65.7423,9.4743,33.9688,222.1837,45.6384,3.6973
P3997afa4f2,0,0,,,0,0,,,,,,,,,,,,,,,,,,,,,,,,,,,,,,,,,,,
P96c6ba4e0f,0,0,,,0,0,,,,,,,,,,,,,,,,,,,,,,,,,,,,,,,,,,,
P49827cf895,1,7,7,0.0,43,1520,35.349,11.014,13.6184,0.41533,1.3158,0.0,98,253,155,-2.6316,0.3964,21.0526,69.7368,104.6053,11.1842,43.4211,5.2632,26.9737,540.7895,17.1053,28.9474,27.6316,11.1842,9.2105,69.7368,47.3684,156.5789,134.2105,20.3947,65.7895,3.2895,26.3158,236.8421,44.0789,5.9211
Pa9426d162d,1,16,16,0.0,63,3130,49.683,15.572,9.7125,0.39167,0.3195,0.0,88,468,380,26.8371,0.58484,13.738,58.147,104.4728,13.738,77.9553,4.1534,45.0479,572.2045,7.3482,51.7572,21.0863,14.6965,7.9872,77.3163,23.9617,123.0032,142.492,23.0032,57.1885,4.1534,29.393,247.9233,36.7412,15.9744
Paf95fb158c,0,0,,,0,0,,,,,,,,,,,,,,,,,,,,,,,,,,,,,,,,,,,
Pf7c7a85a9a,1,10,10,0.0,23,985,42.826,13.493,8.934,0.406,2.0305,0.0,80,102,22,30.4569,0.45714,17.2589,62.9442,73.0964,19.2893,80.203,14.2132,82.2335,551.269,6.0914,48.731,23.3503,11.1675,9.1371,73.0964,20.3046,117.7665,93.401,36.5482,83.2487,11.1675,29.4416,210.1523,57.868,5.0761
Pea7725adea,0,0,,,0,0,,,,,,,,,,,,,,,,,,,,,,,,,,,,,,,,,,,
P465ab55c02,1,10,11,0.0909,38,1850,48.684,15.041,10.0,0.41933,0.0,0.0,88,463,375,17.2973,0.4152,11.8919,66.4865,108.6486,20.5405,54.5946,8.6486,37.8378,555.1351,11.3514,38.3784,23.2432,12.4324,6.4865,60.5405,27.027,132.973,150.8108,20.5405,71.3514,5.9459,38.3784,240.0,54.0541,3.2432
Pe73b4eac92,0,0,,,0,0,,,,,,,,,,,,,,,,,,,,,,,,,,,,,,,,,,,
Pccdaab2014,1,7,7,0.0,23,1334,58.0,15.159,9.5202,0.434,0.0,0.0,446,469,23,44.9775,0.70635,11.994,82.4588,77.2114,4.4978,61.4693,6.7466,35.982,531.4843,4.4978,66.7166,22.4888,8.9955,5.997,61.4693,23.988,131.1844,112.4438,22.4888,49.4753,11.2444,31.4843,205.3973,27.7361,3.7481
Pd907989bcb,1,7,7,0.0,18,711,39.5,14.22,12.5176,0.434,1.4065,0.0,91,103,12,18.2841,0.45902,9.8453,63.2911,92.827,5.6259,70.3235,9.8453,21.097,552.7426,7.0323,39.3812,18.2841,11.2518,12.6582,90.0141,29.5359,125.1758,97.0464,16.8776,75.9494,2.8129,43.6006,219.4093,46.4135,14.0647
P2f95e0c256,1,4,4,0.0,15,941,62.733,11.337,12.8587,0.42,0.0,0.0,98,253,155,5.3135,0.39189,17.0032,86.0786,114.7715,8.5016,26.5675,9.5643,17.0032,522.848,21.254,30.8183,31.881,5.3135,3.1881,59.5112,45.6961,129.6493,171.0946,24.4421,82.8905,5.3135,26.5675,263.5494,47.8215,5.3135
P5c19a79a93,1,18,18,0.0,95,10626,111.853,14.0,10.9825,0.406,1.4116,0.0,80,1180,1100,30.9618,0.53854,14.3045,65.782,105.9665,16.469,57.5005,12.3283,26.9151,573.1225,10.7284,51.2893,23.8095,18.2571,8.8462,71.9932,21.7391,126.1999,134.8579,19.857,68.8876,5.7406,31.0559,234.9896,43.9488,17.9748
P360c31499c,0,0,,,0,0,,,,,,,,,,,,,,,,,,,,,,,,,,,,,,,,,,,
Pfe357344e4,0,0,,,0,0,,,,,,,,,,,,,,,,,,,,,,,,,,,,,,,,,,,
P44154d877a,0,0,,,0,0,,,,,,,,,,,,,,,,,,,,,,,,,,,,,,,,,,,
Pe966e23e9c,0,0,,,0,0,,,,,,,,,,,,,,,,,,,,,,,,,,,,,,,,,,,
Pa5d86611c0,1,2,2,0.0,12,1184,98.667,15.787,12.5845,0.426,0.0,0.0,96,105,9,28.7162,0.51961,10.9797,65.0338,112.3311,24.4932,53.2095,4.223,46.4527,576.8581,11.8243,44.7635,16.0473,7.6014,4.223,40.5405,14.3581,136.8243,147.8041,27.027,56.5878,10.1351,22.8041,222.1284,41.3851,22.8041
P4f181909b7,1,8,8,0.0,31,2364,76.258,13.988,10.0677,0.41,0.423,0.0,91,468,377,17.7665,0.45274,16.9205,71.489,112.5212,4.6531,49.4924,6.3452,30.0338,547.8003,7.6142,38.4941,21.9966,8.8832,5.0761,49.4924,39.3401,131.5567,145.9391,22.4196,79.9492,5.0761,34.264,232.6565,46.5313,8.4602
Pf78412d8c5,0,0,,,0,0,,,,,,,,,,,,,,,,,,,,,,,,,,,,,,,,,,,
P24fc987f38,0,0,,,0,0,,,,,,,,,,,,,,,,,,,,,,,,,,,,,,,,,,,
P944e30c99c,1,9,9,0.0,44,2807,63.795,16.04,12.4688,0.4488,0.3563,0.0,90,468,378,16.3876,0.36434,15.6751,71.9629,110.4382,15.3188,42.394,9.9751,21.0189,563.9473,9.9751,33.4877,19.5939,15.3188,7.4813,58.0691,29.9252,132.1696,132.5258,29.9252,78.0192,13.1813,18.8814,230.4952,58.4254,8.9063
Pd5729dac8f,1,16,16,0.0,63,2819,44.746,14.531,10.6775,0.4132,1.4189,0.0,95,476,381,32.281,0.48485,20.9294,57.8219,98.9713,16.3178,74.1398,9.2231,26.9599,562.9656,6.0305,51.0819,18.0915,9.5779,9.9326,60.3051,29.7978,120.9649,157.8574,17.3821,74.4945,7.8042,23.4126,238.7371,54.2746,11.7063
P31e153a014,1,13,13,0.0,35,1866,53.314,13.049,12.8081,0.42867,0.5359,0.0,90,470,380,53.0547,0.58974,15.5413,77.7063,96.463,12.8617,50.911,14.4695,29.4748,527.3312,6.9668,61.6292,15.5413,17.6849,7.5027,58.9496,25.7235,114.6838,144.1586,22.508,64.3087,5.895,27.8671,233.6549,42.8725,6.4309
Pd6e0b051bb,1,5,5,0.0,18,787,43.722,11.574,7.4968,0.412,0.0,0.0,104,840,736,0.0,0.41791,6.3532,53.3672,77.5095,5.0826,57.1792,3.8119,45.7433,508.2592,8.8945,35.5781,25.413,7.6239,13.9771,76.2389,30.4956,127.0648,127.0648,7.6239,64.803,6.3532,19.0597,226.1753,49.5553,27.9543
Pab87e9a8b8,1,5,5,0.0,23,1860,80.87,14.308,12.6882,0.452,0.0,0.0,252,838,586,13.9785,0.37398,20.9677,67.7419,96.2366,13.4409,71.5054,9.1398,37.0968,546.2366,8.6022,24.7312,17.2043,12.9032,2.6882,44.6237,27.957,112.9032,136.5591,22.5806,66.129,13.4409,31.1828,206.9892,41.3978,24.1935
Pd8244d9a42,0,0,,,0,0,,,,,,,,,,,,,,,,,,,,,,,,,,,,,,,,,,,
Pdd79d6ef7f,1,13,13,0.0,36,2417,67.139,15.012,10.0952,0.4285,0.4137,0.0,88,580,492,48.8209,0.57787,13.2396,63.3016,91.8494,11.5846,64.1291,11.1709,32.2714,558.1299,8.2747,58.3368,16.9632,11.9983,3.7236,70.7489,23.1692,123.7071,123.7071,33.0989,71.5763,6.206,35.1676,229.2098,42.6148,9.9297
P962232fdc6,0,0,,,0,0,,,,,,,,,,,,,,,,,,,,,,,,,,,,,,,,,,,
Pb51c66667f,1,19,19,0.0,69,4951,71.754,13.986,10.2808,0.428,0.202,0.0,89,839,750,33.5286,0.52915,14.9465,72.9146,89.4769,15.3504,60.1899,8.8871,41.8097,542.3147,8.4831,47.6671,16.3603,8.0792,6.6653,65.6433,24.4395,118.9659,115.7342,29.085,60.7958,11.1089,46.8592,216.118,42.4157,4.4435
Pbac4f67696,0,0,,,0,0,,,,,,,,,,,,,,,,,,,,,,,,,,,,,,,,,,,
Pb59be03b24,1,8,8,0.0,25,1638,65.52,13.317,10.5006,0.422,0.0,0.0,97,944,847,7.9365,0.3985,21.978,61.6606,96.4591,12.21,60.4396,12.21,20.1465,549.4505,8.547,32.3565,25.641,11.5995,10.989,59.8291,25.641,132.4786,140.4151,21.978,78.1441,6.105,27.4725,230.7692,48.84,9.1575
P6e49424689,1,7,7,0.0,30,1938,64.6,15.629,14.2415,0.42333,0.0,0.0,92,470,378,2.58,0.3141,25.2838,68.1115,95.4592,30.9598,77.9154,6.7079,18.5759,558.8235,11.8679,25.2838,24.2518,8.7719,5.16,45.4076,27.8638,139.8349,141.3829,22.1878,72.7554,5.676,35.0877,215.6863,55.2116,5.676
P6cee28a4f3,1,2,2,0.0,7,258,36.857,16.125,7.3643,,0.0,0.0,104,106,2,-7.7519,0.30769,31.0078,81.3953,65.8915,3.876,62.0155,3.876,38.7597,531.0078,11.6279,31.0078,34.8837,15.5039,7.7519,73.6434,15.5039,104.6512,116.2791,23.2558,93.0233,15.5039,38.7597,220.9302,69.7674,0.0
P83de6de3ec,1,18,18,0.0,73,6192,84.822,14.638,12.2578,0.43683,0.646,0.0,90,841,751,48.7726,0.69027,20.9948,72.5129,105.9432,17.2804,68.9599,10.3359,32.4612,543.2817,6.9444,62.9845,17.1189,14.6964,7.4289,60.239,24.3863,116.7636,130.0065,23.2558,56.363,8.2364,21.4793,221.2532,28.2623,5.814
P9e30954b9f,1,11,11,0.0,42,2298,54.714,11.606,10.3133,0.43,0.0,0.0,96,582,486,-5.2219,0.26471,23.9339,63.9687,132.7241,20.0174,47.4326,7.3977,23.4987,560.4874,20.4526,23.4987,27.8503,13.0548,8.2681,53.0896,34.8129,120.9748,178.8512,23.0635,86.1619,9.1384,27.8503,264.5779,65.2742,12.1845
P8c383a7533,1,7,7,0.0,26,2189,84.192,15.097,11.9233,0.4195,0.0,0.0,97,470,373,26.4961,0.45029,8.2229,85.4271,96.8479,12.7912,40.201,11.4207,31.9781,570.1233,7.3093,35.1759,16.4459,15.5322,3.6546,70.3518,21.9278,137.9625,112.3801,26.0393,52.5354,7.7661,21.471,207.4006,42.942,14.1617
P25150e1302,0,0,,,0,0,,,,,,,,,,,,,,,,,,,,,,,,,,,,,,,,,,,
Pbed27928bf,0,0,,,0,0,,,,,,,,,,,,,,,,,,,,,,,,,,,,,,,,,,,
Pb8a773b356,1,1,1,0.0,2,40,20.0,10.0,5.0,,0.0,0.0,105,105,0,0.0,1.0,0.0,75.0,175.0,50.0,50.0,50.0,25.0,500.0,50.0,25.0,50.0,0.0,25.0,25.0,25.0,75.0,225.0,75.0,0.0,0.0,0.0,275.0,0.0,50.0
Pc0fff42784,0,0,,,0,0,,,,,,,,,,,,,,,,,,,,,,,,,,,,,,,,,,,
P9da0cf7014,1,10,10,0.0,23,822,35.739,12.844,9.9757,0.39,1.2165,0.0,90,946,856,27.9805,0.37179,13.382,74.2092,109.4891,8.5158,43.7956,10.9489,45.0122,530.4136,12.1655,35.2798,14.5985,17.0316,3.6496,68.1265,29.1971,111.9221,150.8516,20.6813,81.5085,7.2993,27.9805,249.3917,59.6107,10.9489
Pa47459a77d,1,13,13,0.0,43,2195,51.047,13.634,10.1139,0.416,0.4556,0.0,91,450,359,0.4556,0.23404,17.3121,66.0592,109.3394,16.8565,56.0364,17.7677,32.3462,557.1754,18.2232,20.0456,28.7016,14.5786,8.656,66.5148,20.0456,132.574,148.5194,21.8679,86.1048,3.1891,32.8018,244.6469,65.6036,7.7449
P25609e2dfe,0,0,,,0,0,,,,,,,,,,,,,,,,,,,,,,,,,,,,,,,,,,,
P1108cb2921,1,17,17,0.0,77,3224,41.87,11.352,7.196,0.357,2.1712,0.0,1197,1925,728,16.129,0.5047,10.2357,48.0769,117.5558,9.6154,49.3176,5.5831,57.6923,530.397,17.6799,49.938,28.2258,15.5087,11.1663,76.6129,22.0223,102.3573,166.2531,18.9206,70.0993,5.5831,33.8089,267.0596,49.0074,21.0918
Pf0c15e8037,1,4,4,0.0,23,1559,67.783,16.763,14.1116,0.43333,0.6414,0.0,1559,1926,367,7.6972,0.35507,14.1116,65.4266,105.8371,19.8845,63.5022,4.4901,34.6376,549.7114,10.9044,31.4304,21.8089,13.4702,6.4144,43.6177,23.7332,126.3631,157.7935,17.9602,73.1238,9.6216,17.9602,228.9929,57.0879,23.7332
P17aee771c1,1,4,4,0.0,15,1144,76.267,17.875,11.1888,0.44,0.8741,0.0,461,1549,1088,39.3357,0.68041,9.6154,83.9161,103.1469,20.1049,63.8112,11.3636,47.2028,560.3147,9.6154,57.6923,22.7273,12.2378,6.993,54.1958,14.8601,131.993,134.6154,21.8531,48.951,8.7413,26.2238,219.4056,27.0979,4.3706
P9c40b5aa37,1,4,4,0.0,17,2351,138.294,14.078,12.4628,0.4395,0.8507,0.0,462,834,372,29.7746,0.53476,11.0591,71.459,98.2561,16.5887,54.4449,12.7605,18.7154,562.7393,5.9549,42.5351,14.8873,11.9098,10.6338,54.0196,24.245,145.8954,128.0306,25.0957,48.49,9.7831,41.6844,216.929,37.0055,5.5296
P331cffbdbb,1,3,3,0.0,10,393,39.3,11.229,9.9237,,0.0,0.0,104,106,2,25.4453,0.5,15.2672,68.7023,114.5038,20.3562,63.6132,10.1781,25.4453,549.6183,22.9008,40.7125,12.7226,12.7226,12.7226,66.1578,20.3562,111.9593,167.9389,22.9008,66.1578,15.2672,53.4351,264.631,40.7125,2.5445
P59ddf4705a,1,14,14,0.0,33,1890,57.273,17.027,11.0053,0.39867,0.5291,0.0,98,1197,1099,28.5714,0.43299,9.5238,65.6085,104.7619,12.6984,65.0794,12.6984,57.1429,553.4392,11.6402,44.4444,19.0476,14.2857,9.5238,47.619,23.2804,107.9365,147.0899,22.7513,83.0688,5.8201,25.9259,225.3968,58.2011,11.6402
Pee1a8f2e9d,1,5,5,0.0,18,990,55.0,13.378,12.0202,0.418,0.0,0.0,103,468,365,-1.0101,0.35616,15.1515,73.7374,92.9293,14.1414,53.5354,13.1313,32.3232,557.5758,5.0505,26.2626,35.3535,16.1616,5.0505,70.7071,25.2525,145.4545,128.2828,30.303,67.6768,20.202,50.5051,221.2121,47.4747,4.0404
Pa380a0ce3c,1,9,9,0.0,33,2443,74.03,14.896,11.4204,0.4165,0.4093,0.0,95,832,737,31.1093,0.4554,15.5546,65.0839,93.7372,11.052,54.8506,18.0106,47.8919,528.858,6.9587,39.7053,18.42,14.3266,8.1867,62.2186,28.244,123.6185,127.7118,20.0573,69.9959,6.5493,26.6066,225.9517,47.4826,9.4147
P1b1aa3dc82,1,4,4,0.0,24,1282,53.417,15.446,12.2465,0.446,0.78,0.0,97,104,7,7.8003,0.3,7.8003,71.7629,109.9844,25.741,56.9423,10.1404,29.6412,555.3822,6.2402,25.741,25.741,19.5008,2.3401,65.5226,33.5413,126.3651,112.3245,28.0811,81.1232,3.9002,12.4805,215.2886,60.0624,14.0406
Pd856b04e96,0,0,,,0,0,,,,,,,,,,,,,,,,,,,,,,,,,,,,,,,,,,,
Pbda800ed55,1,2,2,0.0,7,236,33.714,9.44,10.5932,,0.0,0.0,105,470,365,122.8814,0.85366,4.2373,50.8475,105.9322,4.2373,38.1356,8.4746,72.0339,550.8475,8.4746,148.3051,12.7119,33.8983,21.1864,97.4576,8.4746,76.2712,148.3051,29.661,25.4237,4.2373,4.2373,309.322,25.4237,4.2373
Pa76f81d8c3,1,1,1,0.0,2,128,64.0,10.667,7.0312,,0.0,0.0,470,470,0,39.0625,0.61538,7.8125,93.75,85.9375,0.0,62.5,15.625,7.8125,554.6875,15.625,62.5,15.625,15.625,23.4375,85.9375,31.25,101.5625,140.625,7.8125,78.125,7.8125,23.4375,265.625,39.0625,0.0
P2dde5c1214,1,2,2,0.0,12,942,78.5,14.06,11.0403,0.422,0.0,0.0,98,99,1,66.879,0.63918,11.6773,75.3715,112.5265,9.5541,57.3248,13.8004,38.2166,577.4947,12.7389,65.8174,9.5541,14.862,3.1847,61.5711,24.4161,128.4501,117.8344,26.5393,49.8938,16.9851,15.9236,214.4374,37.155,7.431
P23026d4d13,0,0,,,0,0,,,,,,,,,,,,,,,,,,,,,,,,,,,,,,,,,,,
Pb59dd639f9,0,0,,,0,0,,,,,,,,,,,,,,,,,,,,,,,,,,,,,,,,,,,
P2dd4d0a4f4,1,2,2,0.0,12,759,63.25,11.859,11.4625,0.444,1.3175,0.0,106,470,364,1.3175,0.38806,6.5876,67.1937,94.8617,10.5402,21.0804,3.9526,44.7958,527.0092,6.5876,34.2556,28.9855,22.3979,7.9051,92.2266,13.1752,150.1976,110.6719,18.4453,73.7813,14.4928,17.1278,233.2016,54.0184,14.4928
Pcb993abaa5,1,2,2,0.0,9,550,61.111,14.474,10.0,0.426,0.0,0.0,98,99,1,-12.7273,0.25,7.2727,87.2727,78.1818,16.3636,54.5455,5.4545,23.6364,567.2727,12.7273,23.6364,29.0909,16.3636,12.7273,65.4545,20.0,150.9091,100.0,23.6364,100.0,12.7273,20.0,180.0,70.9091,1.8182
Pceb2ff7429,1,5,5,0.0,12,874,72.833,19.0,11.7849,0.42,0.0,0.0,462,839,377,29.7483,0.54167,16.0183,67.5057,84.6682,9.1533,49.1991,9.1533,49.1991,544.6224,8.0092,44.6224,16.0183,11.4416,8.0092,73.2265,21.7391,141.8764,106.4073,27.46,58.3524,17.1625,42.3341,207.0938,37.7574,8.0092
P0ee95e3925,1,6,6,0.0,28,3054,109.071,16.074,12.6719,0.423,0.0,0.0,98,1197,1099,8.186,0.30453,15.3897,68.4348,107.4001,11.7878,72.3641,13.7525,21.2836,568.7623,10.1506,24.2305,21.2836,12.4427,8.5134,44.8592,24.8854,122.4623,145.0557,17.6817,75.6385,4.2567,34.3811,217.0923,55.3373,16.0445
Pfa73181e89,1,3,3,0.0,7,601,85.857,16.243,11.4809,0.418,0.0,0.0,461,841,380,9.9834,0.35088,21.6306,68.2196,91.5141,16.6389,83.1947,14.975,46.589,559.0682,6.6556,33.2779,21.6306,9.9834,16.6389,79.8669,23.2945,121.4642,96.5058,28.2862,78.203,3.3278,13.3111,193.0116,61.5641,0.0
Pbbdf67d0e0,1,3,3,0.0,8,454,56.75,14.188,11.4537,,2.2026,0.0,105,946,841,26.4317,0.425,17.6211,81.4978,83.7004,4.4053,28.6344,22.0264,24.2291,539.6476,17.6211,37.4449,28.6344,17.6211,4.4053,33.0396,13.2159,138.7665,151.9824,41.8502,66.0793,4.4053,33.0396,215.859,50.6608,0.0
P0acc99bae4,0,0,,,0,0,,,,,,,,,,,,,,,,,,,,,,,,,,,,,,,,,,,
P187235ce4e,0,0,,,0,0,,,,,,,,,,,,,,,,,,,,,,,,,,,,,,,,,,,
P68a89b7756,1,2,2,0.0,11,521,47.364,27.421,12.476,0.444,1.9194,0.0,98,462,364,21.1132,0.29032,19.1939,61.4203,119.0019,9.5969,69.0979,17.2745,17.2745,575.8157,11.5163,17.2745,9.5969,15.3551,3.8388,32.6296,21.1132,128.5988,168.906,21.1132,69.0979,9.5969,24.952,238.0038,42.2265,26.8714
P88b9812a96,1,9,9,0.0,27,1852,68.593,12.514,11.2311,0.43933,0.54,0.0,831,1204,373,16.7387,0.50327,9.1793,70.1944,108.5313,7.5594,47.5162,7.5594,32.9374,572.3542,12.419,41.5767,22.6782,12.419,9.7192,67.4946,19.4384,147.4082,133.9093,25.9179,56.1555,11.879,25.378,228.4017,41.0367,10.7991
Pe39c876df8,1,4,4,0.0,16,1735,108.438,23.767,10.8934,0.41467,0.5764,0.0,1922,1933,11,-2.8818,0.26667,10.3746,78.3862,91.0663,12.6801,58.7896,10.951,28.8184,555.6196,9.7983,18.4438,21.3256,16.1383,10.951,48.9914,15.562,132.5648,143.5159,35.1585,63.4006,5.1873,35.1585,221.902,50.7205,13.8329
P9df5f3f8bb,1,7,8,0.125,21,943,44.905,16.544,9.7561,0.394,0.0,0.0,833,1931,1098,-3.1813,0.36782,18.0276,71.0498,93.3192,7.4231,73.1707,7.4231,41.3574,556.7338,13.7858,33.9343,38.176,7.4231,6.3627,72.1103,34.9947,130.4348,134.6766,14.8462,75.2916,1.0604,40.2969,231.1771,58.3245,8.4836
P9075a4686f,1,4,4,0.0,8,432,54.0,14.897,9.9537,,0.0,0.0,105,1202,1097,-9.2593,0.3,9.2593,50.9259,78.7037,4.6296,57.8704,4.6296,27.7778,525.463,11.5741,27.7778,37.037,13.8889,4.6296,97.2222,25.463,134.2593,120.3704,23.1481,67.1296,2.3148,41.6667,247.6852,64.8148,6.9444
Pdd3e192436,1,9,9,0.0,33,1888,57.212,14.866,8.3686,0.38267,0.5297,0.0,98,1202,1104,23.8347,0.56614,8.4746,78.9195,90.572,21.7161,70.4449,7.4153,34.9576,569.9153,12.1822,56.6737,31.25,15.3602,9.0042,72.5636,14.3008,127.6483,127.6483,27.5424,63.0297,3.7076,24.3644,230.4025,43.4322,4.2373
P7632bd626c,1,7,7,0.0,16,1039,64.938,11.674,10.1059,0.437,0.0,0.0,444,840,396,12.512,0.47706,5.7748,63.5226,102.0212,12.512,46.1983,7.6997,24.0616,568.8162,11.5496,50.0481,37.5361,15.3994,7.6997,88.5467,10.5871,152.0693,124.1578,14.437,78.922,1.9249,36.5736,243.5034,54.8604,2.8874
Pd35ff11e6d,1,8,10,0.2,14,879,62.786,15.421,12.0592,0.444,0.0,0.0,80,98,18,26.1661,0.41772,14.7895,56.8828,86.4619,29.5791,91.0125,13.6519,53.4699,544.9374,6.8259,37.5427,19.3402,20.4778,5.6883,63.7088,19.3402,118.3163,109.215,21.6155,91.0125,4.5506,19.3402,209.3288,52.3322,1.1377
P8c2c5e7b71,1,5,5,0.0,13,676,52.0,15.364,10.7988,0.416,0.0,0.0,95,448,353,10.355,0.29825,11.8343,69.5266,87.2781,20.7101,69.5266,5.9172,25.1479,581.3609,5.9172,25.1479,13.3136,4.4379,7.3964,87.2781,31.0651,119.8225,87.2781,28.1065,76.9231,8.8757,76.9231,217.4556,59.1716,0.0
P80e599186b,1,5,5,0.0,23,1772,77.043,15.409,11.5124,0.42133,0.0,0.0,98,470,372,53.0474,0.65789,11.851,69.4131,84.0858,14.6727,65.4628,10.158,24.2664,545.7111,5.079,70.5418,20.316,11.2867,7.3363,62.6411,28.2167,128.1038,122.4605,23.1377,62.0767,3.386,31.6027,216.7043,36.6817,7.9007
P98ee7e9798,1,3,3,0.0,18,1002,55.667,13.726,10.8782,0.424,0.998,0.0,105,459,354,50.8982,0.70874,7.984,55.8882,93.8124,21.9561,61.8762,6.986,21.9561,574.8503,4.99,72.8543,23.9521,4.99,4.99,70.8583,11.976,142.7146,126.7465,21.9561,54.8902,4.99,20.9581,225.5489,29.9401,5.988
P645a205457,1,3,3,0.0,10,673,67.3,10.354,13.0758,0.424,0.0,0.0,104,1189,1085,20.8024,0.33333,7.4294,56.4636,95.0966,19.3165,26.7459,7.4294,60.9212,530.4606,8.9153,32.6895,10.4012,14.8588,8.9153,80.2377,22.2883,121.8425,124.8143,31.2036,90.6389,4.4577,38.633,237.7415,65.3789,26.7459
P5a591d3e24,1,5,6,0.1667,17,517,30.412,14.361,13.1528,0.412,0.0,0.0,82,98,16,34.8162,0.5098,13.5397,69.6325,100.5803,17.4081,40.619,9.6712,65.764,520.3095,9.6712,50.2901,23.2108,23.2108,1.9342,63.8298,36.7505,102.5145,141.1992,32.882,90.9091,1.9342,34.8162,241.7795,48.3559,1.9342
P67cf99c3eb,1,2,2,0.0,15,649,43.267,10.141,11.8644,0.436,0.0,0.0,98,105,7,72.4191,0.76056,9.245,63.1741,80.1233,7.7042,36.98,3.0817,47.7658,528.5054,4.6225,83.2049,10.7858,18.49,3.0817,89.3683,30.8166,114.0216,107.8582,13.8675,61.6333,1.5408,41.6025,234.2065,26.1941,4.6225
Pb9c495a67d,1,5,5,0.0,19,1166,61.368,16.423,12.5214,0.438,0.8576,0.0,81,104,23,60.8919,0.59398,24.0137,72.0412,103.7736,15.4374,48.8851,10.2916,26.5866,553.1732,8.5763,67.753,13.7221,12.8645,3.4305,78.0446,24.8714,127.7873,108.9194,18.8679,72.8988,5.1458,33.4477,223.8422,46.3122,0.8576
Pf1eb0b11c1,0,0,,,0,0,,,,,,,,,,,,,,,,,,,,,,,,,,,,,,,,,,,
P11ed05516e,0,0,,,0,0,,,,,,,,,,,,,,,,,,,,,,,,,,,,,,,,,,,
P9b0b27ae5d,1,6,13,0.5385,31,1580,50.968,14.107,10.5696,0.418,0.0,0.0,82,832,750,10.1266,0.38739,8.2278,70.2532,107.5949,22.1519,54.4304,9.4937,46.8354,549.3671,9.4937,27.2152,18.3544,18.3544,8.2278,41.1392,13.2911,124.6835,163.9241,22.1519,76.5823,7.5949,24.0506,235.443,43.038,28.481
P3e493925a2,0,0,,,0,0,,,,,,,,,,,,,,,,,,,,,,,,,,,,,,,,,,,
Pff77feae98,1,7,7,0.0,30,2884,96.133,13.865,10.8183,0.4068,1.0402,0.0,90,212,122,47.5035,0.64794,13.5229,72.1221,100.5548,19.7642,60.6796,9.7087,19.0707,567.6144,7.975,59.9861,15.2566,12.8294,6.9348,51.6644,17.337,131.068,141.8169,20.4577,48.8904,9.0153,23.2316,223.6477,32.5936,14.2164
Pec96a14b85,1,23,23,0.0,110,7935,72.136,14.944,10.271,0.42373,0.8822,0.0,80,467,387,9.1997,0.39137,18.1474,64.9023,113.0435,13.4846,56.3327,9.4518,25.8349,571.3926,11.3422,30.8759,24.7007,12.9805,6.4272,49.5274,28.3554,141.2728,155.2615,25.8349,65.7845,7.4354,31.38,236.1689,48.0151,12.6024
Pc3390f55d0,1,8,8,0.0,36,2533,70.361,15.352,13.5807,0.4492,0.3948,0.0,81,96,15,33.9518,0.44928,22.503,69.4828,102.2503,15.3968,51.3225,12.6332,37.5049,531.7805,7.501,36.7154,11.4489,13.4228,3.9479,52.1121,30.0039,131.0699,138.1761,24.0821,73.0359,5.9218,24.0821,220.6869,45.0059,13.8176
Peaf1686cc0,0,0,,,0,0,,,,,,,,,,,,,,,,,,,,,,,,,,,,,,,,,,,
P2297a93a7f,1,4,4,0.0,17,510,30.0,14.571,9.6078,0.414,0.0,0.0,83,97,14,-19.6078,0.1,21.5686,37.2549,80.3922,17.6471,66.6667,7.8431,39.2157,545.098,15.6863,7.8431,29.4118,7.8431,5.8824,64.7059,21.5686,127.451,154.902,33.3333,94.1176,3.9216,49.0196,243.1373,70.5882,9.8039
P7d77f683c0,1,5,5,0.0,19,873,45.947,17.816,10.3093,0.404,0.0,0.0,89,187,98,25.2005,0.36275,8.0183,56.1283,112.2566,17.1821,58.4192,13.7457,33.2188,589.9198,19.4731,42.3826,26.3459,11.4548,4.5819,74.4559,17.1821,136.3116,152.3482,24.055,93.929,5.7274,24.055,272.6231,74.4559,10.3093
Pce2a43b358,0,0,,,0,0,,,,,,,,,,,,,,,,,,,,,,,,,,,,,,,,,,,
Ped4ca8f8d6,1,2,2,0.0,11,701,63.727,15.932,9.5578,0.406,0.0,0.0,98,105,7,4.2796,0.35593,12.8388,68.4736,102.7104,18.5449,62.7675,8.5592,21.398,563.4807,8.5592,29.9572,29.9572,15.6919,4.2796,35.6633,27.1041,121.2553,158.3452,39.9429,74.1797,7.1327,31.3837,231.0984,54.2083,24.2511
Pe71646e585,1,3,3,0.0,15,1028,68.533,13.526,10.6031,0.408,1.9455,0.0,95,461,366,-0.9728,0.26744,14.5914,68.0934,109.9222,17.5097,64.2023,10.7004,36.965,559.3385,9.7276,22.3735,29.1829,14.5914,4.8638,64.2023,21.4008,119.6498,165.3696,32.1012,83.6576,10.7004,34.0467,258.7549,61.284,5.8366
Pcf63b744fe,0,0,,,0,0,,,,,,,,,,,,,,,,,,,,,,,,,,,,,,,,,,,
P94d904f95a,1,18,18,0.0,64,6669,104.203,15.226,9.4317,0.43308,0.2999,0.0,81,825,744,11.9958,0.41085,13.1954,60.7287,102.7141,13.0454,64.9273,10.1964,27.2904,560.054,9.4467,31.7889,24.4414,16.7941,5.5481,63.8776,28.64,130.4543,140.9507,27.5903,66.1269,8.2471,33.5882,230.4693,45.584,17.244
P8d6369038a,1,14,14,0.0,56,3241,57.875,14.732,10.3055,0.391,0.0,0.0,90,1196,1106,9.8735,0.42199,10.7991,69.7316,118.482,17.8957,45.9735,11.7248,39.1854,559.7038,12.6504,36.7171,29.6205,16.9701,8.9479,52.1444,24.0666,124.6529,167.5409,26.535,76.8281,5.2453,29.0034,250.8485,50.2931,15.1188
P16f77dc0c6,1,9,9,0.0,37,1581,42.73,10.979,10.3732,0.40867,0.6325,0.0,90,470,380,43.0108,0.61783,12.0177,63.2511,103.7318,10.7527,37.9507,5.6926,52.4984,567.9949,10.7527,61.3536,19.6078,22.1379,4.4276,51.2334,25.3004,135.9899,159.3928,34.1556,55.661,12.6502,33.5231,254.2694,37.9507,15.1803
Pb067831a66,1,2,2,0.0,14,1141,81.5,28.525,12.1823,0.441,1.7528,0.0,95,96,1,14.0228,0.31959,17.5285,49.0798,102.5416,12.2699,62.2261,15.7756,20.1578,564.4172,12.2699,27.1691,20.1578,12.2699,8.7642,49.0798,24.5399,127.9579,131.4636,14.8992,78.0018,9.6407,46.4505,210.3418,57.844,6.135
P5492e07ad3,1,9,9,0.0,40,1895,47.375,16.059,10.3958,0.40267,1.0554,0.0,96,576,480,18.4697,0.53107,13.1926,53.8259,81.7942,14.248,75.9894,8.4433,46.9657,546.1741,11.0818,49.6042,26.9129,19.5251,12.6649,48.5488,17.4142,140.8971,151.9789,19.5251,63.3245,7.3879,26.3852,219.5251,43.7995,4.2216
Pb4e1522182,1,3,7,0.5714,11,712,64.727,10.627,9.2697,0.408,0.0,0.0,89,92,3,73.0337,0.74648,12.6404,67.4157,113.764,11.236,67.4157,14.0449,30.8989,578.6517,4.2135,74.4382,9.8315,12.6404,5.618,57.5843,25.2809,117.9775,137.6404,8.427,49.1573,0.0,40.7303,224.7191,25.2809,18.2584
P9a02cf437c,1,7,7,0.0,24,2034,84.75,17.534,12.2911,0.4305,0.0,0.0,80,96,16,9.8328,0.30464,16.7158,62.4385,101.2783,19.174,61.4553,7.8663,41.2979,553.0973,4.9164,22.6155,11.7994,16.7158,8.8496,64.4051,21.6323,128.8102,123.8938,26.057,79.1544,5.4081,29.9902,222.7139,51.6224,23.5988
Pd0eaa15469,1,3,3,0.0,10,455,45.5,11.974,11.6484,,2.1978,0.0,98,104,6,-17.5824,0.25,8.7912,70.3297,92.3077,32.967,52.7473,10.989,6.5934,547.2527,10.989,21.978,30.7692,13.1868,19.7802,72.5275,13.1868,138.4615,116.4835,26.3736,98.9011,4.3956,28.5714,219.7802,65.9341,2.1978
Pdaafce7eb6,1,6,6,0.0,22,1111,50.5,13.071,10.441,0.456,0.0,0.0,97,835,738,26.1026,0.52222,7.2007,54.0054,115.2115,17.1017,45.9046,10.8011,26.1026,572.4572,11.7012,42.3042,18.0018,18.9019,9.0009,61.2061,23.4023,135.0135,131.4131,23.4023,63.9064,10.8011,22.5023,226.8227,38.7039,9.0009
P3cfad83e39,0,0,,,0,0,,,,,,,,,,,,,,,,,,,,,,,,,,,,,,,,,,,
P128f74a48f,0,0,,,0,0,,,,,,,,,,,,,,,,,,,,,,,,,,,,,,,,,,,
P1c43036b93,1,2,2,0.0,8,436,54.5,10.14,9.4037,,0.0,0.0,99,187,88,41.2844,0.55556,9.1743,68.8073,98.6239,13.7615,43.578,11.4679,22.9358,550.4587,9.1743,57.3394,13.7615,16.055,13.7615,71.1009,41.2844,105.5046,126.1468,29.8165,68.8073,11.4679,29.8165,247.7064,45.8716,13.7615
P5849f19551,0,0,,,0,0,,,,,,,,,,,,,,,,,,,,,,,,,,,,,,,,,,,
P1b292d5147,1,10,10,0.0,33,3237,98.091,17.884,9.515,0.396,0.6179,0.0,88,831,743,13.5928,0.49527,12.3571,69.5088,91.1338,16.991,49.7374,6.4875,25.95,560.0865,12.975,48.5017,30.8928,14.2107,10.5036,68.2731,15.1375,140.5622,136.8551,24.0964,69.1999,4.9428,29.3482,240.346,49.4285,8.9589
P4a125216bc,1,2,2,0.0,10,526,52.6,15.029,9.6958,0.436,0.0,0.0,99,468,369,24.7148,0.44444,13.308,74.1445,104.5627,15.2091,43.7262,11.4068,20.9125,549.4297,1.9011,38.0228,17.1103,13.308,7.6046,93.1559,19.0114,131.1787,112.1673,45.6274,58.9354,15.2091,15.2091,250.9506,47.5285,7.6046
Pf634b73f97,1,2,2,0.0,7,354,50.571,16.857,9.0395,,0.0,0.0,461,1185,724,59.322,0.63333,5.6497,70.6215,81.9209,5.6497,62.1469,19.774,62.1469,545.1977,0.0,53.6723,11.2994,22.5989,2.8249,84.7458,22.5989,110.1695,124.2938,31.0734,56.4972,14.1243,42.3729,240.113,31.0734,25.4237
Pa779a7b0cf,0,0,,,0,0,,,,,,,,,,,,,,,,,,,,,,,,,,,,,,,,,,,
P2e8c779b09,1,3,3,0.0,13,554,42.615,12.043,7.9422,0.41,0.0,0.0,239,1189,950,-12.6354,0.375,34.296,37.9061,115.5235,3.6101,61.3718,5.4152,18.0505,541.5162,14.4404,27.0758,23.4657,10.8303,21.6606,52.3466,27.0758,153.4296,176.8953,21.6606,50.5415,5.4152,41.5162,265.343,45.1264,1.8051
Pe7f5f31a46,0,0,,,0,0,,,,,,,,,,,,,,,,,,,,,,,,,,,,,,,,,,,
Pf38454d2db,1,6,6,0.0,19,1147,60.368,13.337,10.2877,0.418,0.0,0.0,96,462,366,-1.7437,0.31429,13.0776,57.5414,114.211,7.8466,54.9259,6.1029,44.4638,551.0026,20.9241,28.7707,29.6425,19.1805,6.9747,59.2851,35.7454,142.1099,150.8282,13.0776,78.4656,13.9494,27.8989,244.1151,62.7724,1.7437
P944090784f,1,11,11,0.0,21,1122,53.429,16.261,11.943,0.417,0.8913,0.0,104,832,728,38.3244,0.43511,6.2389,63.2799,96.2567,10.6952,57.9323,3.5651,37.4332,557.9323,8.9127,50.8021,11.5865,17.8253,4.4563,78.4314,23.1729,123.8859,132.7986,17.8253,76.6488,9.8039,38.3244,245.9893,65.9537,3.5651
Pea73008ab4,1,11,11,0.0,42,5256,125.143,22.952,11.8151,0.4106,0.1903,0.0,90,1204,1114,24.5434,0.43891,16.5525,73.2496,101.7884,12.1766,49.8478,11.2253,20.3577,580.86,8.7519,36.9102,19.7869,14.8402,3.8052,47.3744,15.411,141.5525,128.0441,25.4947,68.1126,7.8006,20.3577,209.8554,47.1842,22.07
P6c859977a5,0,0,,,0,0,,,,,,,,,,,,,,,,,,,,,,,,,,,,,,,,,,,
P0ba0d4e186,1,12,12,0.0,44,1478,33.591,12.016,9.3369,0.412,0.0,0.0,89,468,379,22.3275,0.42222,18.9445,59.5399,108.2544,16.9147,51.4208,12.8552,48.7145,535.1827,10.8254,38.5656,18.2679,18.9445,10.8254,50.0677,39.2422,93.3694,165.7645,36.5359,82.544,5.4127,27.0636,242.8958,52.774,18.2679
P831df49905,1,10,10,0.0,32,2439,76.219,13.475,12.2181,0.4105,0.0,0.0,90,468,378,12.7101,0.52299,14.3501,73.3907,105.7811,13.9401,56.9906,4.92,26.6503,541.2054,6.5601,37.3104,21.7302,6.9701,7.7901,52.4805,34.4403,145.5515,149.2415,12.7101,63.9606,4.92,29.9303,241.0824,34.0303,9.8401
Pf21d262b1c,1,9,9,0.0,26,851,32.731,14.93,10.1058,0.412,0.0,0.0,92,468,376,11.7509,0.33735,21.1516,57.5793,90.4818,9.4007,72.8555,8.2256,76.3807,541.7156,9.4007,32.9025,24.6769,10.5758,4.7004,47.0035,22.3267,123.3843,136.3102,27.027,96.3572,10.5758,31.7274,209.1657,64.6298,10.5758
Ped46c6be82,1,25,25,0.0,95,6761,71.168,16.098,11.5072,0.39477,0.4437,0.0,83,831,748,22.1861,0.44949,13.9033,60.7898,97.7666,15.974,65.227,7.6912,42.3014,532.6135,7.6912,45.4075,22.4819,11.5368,8.4307,78.6866,25.7358,111.8178,124.8336,18.6363,94.2168,4.2893,32.8354,235.1723,55.6131,7.987
Peda2227014,1,15,15,0.0,63,2492,39.556,13.255,9.069,0.3795,0.4013,0.0,82,467,385,36.5169,0.47945,14.4462,59.7913,99.5185,11.6372,70.626,10.0321,65.4093,550.9631,8.427,56.1798,23.6758,17.2552,6.0193,81.4607,28.4912,97.512,130.0161,28.8925,91.8941,11.236,24.8796,241.1717,60.9952,8.0257
P6f3f385e9b,0,0,,,0,0,,,,,,,,,,,,,,,,,,,,,,,,,,,,,,,,,,,
P7570f82c10,0,0,3,1.0,0,0,,,,,,,,,,,,,,,,,,,,,,,,,,,,,,,,,,,
P4ba2b4830d,0,0,,,0,0,,,,,,,,,,,,,,,,,,,,,,,,,,,,,,,,,,,
P04e5776a76,0,0,,,0,0,,,,,,,,,,,,,,,,,,,,,,,,,,,,,,,,,,,
Pfc32d168da,0,0,,,0,0,,,,,,,,,,,,,,,,,,,,,,,,,,,,,,,,,,,
P0029c9d3a9,1,1,1,0.0,4,214,53.5,16.462,9.3458,,0.0,0.0,104,104,0,14.0187,0.85714,14.0187,79.4393,84.1121,18.6916,46.729,9.3458,56.0748,514.0187,4.6729,56.0748,37.3832,18.6916,14.0187,60.7477,23.3645,140.1869,107.4766,14.0187,23.3645,32.7103,0.0,219.6262,9.3458,4.6729
P1ef5f1c321,0,0,,,0,0,,,,,,,,,,,,,,,,,,,,,,,,,,,,,,,,,,,
P35fcccf6c9,0,0,,,0,0,,,,,,,,,,,,,,,,,,,,,,,,,,,,,,,,,,,
Pa1aae2a35c,1,2,2,0.0,8,485,60.625,12.763,9.2784,,0.0,0.0,469,470,1,8.2474,0.3,14.433,65.9794,115.4639,8.2474,82.4742,8.2474,24.7423,585.567,12.3711,24.7423,18.5567,30.9278,6.1856,65.9794,10.3093,109.2784,162.8866,18.5567,68.0412,4.1237,20.6186,253.6082,57.732,20.6186
P46c8e8cb1c,0,0,,,0,0,,,,,,,,,,,,,,,,,,,,,,,,,,,,,,,,,,,
Pf326870436,0,0,,,0,0,,,,,,,,,,,,,,,,,,,,,,,,,,,,,,,,,,,
Pef9b8757a6,0,0,,,0,0,,,,,,,,,,,,,,,,,,,,,,,,,,,,,,,,,,,
P65d56567c7,0,0,,,0,0,,,,,,,,,,,,,,,,,,,,,,,,,,,,,,,,,,,
Pca83b848d1,0,0,,,0,0,,,,,,,,,,,,,,,,,,,,,,,,,,,,,,,,,,,
P26e74779f0,1,16,16,0.0,59,3131,53.068,14.91,10.1884,0.41667,0.9582,0.0,453,1203,750,19.802,0.45833,15.65,71.862,104.7589,15.0112,56.2121,10.2204,29.703,568.1891,13.0949,38.6458,22.6765,13.4142,6.3877,49.1856,20.7601,140.5302,147.5567,32.2581,69.3069,7.9847,29.3836,216.5442,45.6723,7.3459
Pa2709c7876,1,1,1,0.0,1,34,34.0,11.333,17.6471,,0.0,0.0,1310,1310,0,-29.4118,0.0,0.0,29.4118,58.8235,58.8235,117.6471,0.0,29.4118,558.8235,0.0,0.0,29.4118,0.0,0.0,0.0,0.0,176.4706,117.6471,29.4118,88.2353,29.4118,29.4118,117.6471,88.2353,0.0
P9990134f41,0,0,,,0,0,,,,,,,,,,,,,,,,,,,,,,,,,,,,,,,,,,,
Pe00e8a81b3,1,18,18,0.0,58,3765,64.914,14.65,9.2961,0.42886,0.7968,0.0,89,573,484,32.9349,0.55587,15.405,60.8234,111.5538,11.6866,61.089,16.2019,35.3254,551.9256,12.749,52.8552,22.842,18.8579,13.2802,61.6202,18.8579,118.1939,144.7543,20.1859,66.4011,13.0146,29.4821,239.3094,42.2311,13.5458
Pa24dadc449,0,0,,,0,0,,,,,,,,,,,,,,,,,,,,,,,,,,,,,,,,,,,
P84b2e1b413,1,1,1,0.0,6,257,42.833,6.268,7.0039,,0.0,0.0,106,106,0,-58.3658,0.24,11.6732,70.0389,178.9883,31.1284,7.7821,0.0,38.9105,482.4903,58.3658,23.3463,73.93,0.0,7.7821,70.0389,50.5837,105.0584,260.7004,27.2374,112.8405,0.0,27.2374,357.9767,73.93,7.7821
P98102db2bd,1,7,7,0.0,31,1807,58.29,17.047,10.7914,0.42267,0.5534,0.0,102,831,729,10.5147,0.38235,11.6215,64.7482,103.4864,18.8157,68.0686,12.1749,27.6702,567.2385,16.0487,35.9712,32.0974,11.0681,5.534,60.321,11.0681,129.4964,130.6032,18.2623,78.5833,4.4272,42.0587,217.4875,58.1074,5.534
Pbb1af08ea5,1,3,3,0.0,11,453,41.182,11.325,10.596,,2.2075,0.0,239,469,230,19.8675,0.4,39.7351,59.6026,125.8278,11.0375,35.3201,2.2075,35.3201,503.3113,4.415,44.1501,17.66,11.0375,8.83,101.5453,22.0751,86.0927,174.3929,37.5276,90.5077,0.0,35.3201,315.6733,66.2252,6.6225
Paae768e6c1,1,1,1,0.0,7,612,87.429,11.127,11.9281,0.382,0.0,0.0,101,101,0,-35.9477,0.08065,24.5098,75.1634,147.0588,21.2418,44.1176,4.902,24.5098,580.0654,9.8039,8.1699,24.5098,13.0719,24.5098,60.4575,27.7778,124.183,160.1307,19.6078,119.281,9.8039,27.7778,243.4641,93.1373,3.268
Pa48064fa8c,1,9,9,0.0,22,1295,58.864,15.602,13.1274,0.43,1.5444,0.0,90,832,742,40.1544,0.77,13.1274,76.4479,84.1699,35.5212,47.8764,9.2664,29.3436,537.4517,6.9498,59.4595,19.305,10.0386,9.2664,34.749,27.7992,157.529,130.5019,17.7606,44.0154,6.1776,16.9884,200.0,17.7606,12.3552
Pc2766e3f86,0,0,,,0,0,,,,,,,,,,,,,,,,,,,,,,,,,,,,,,,,,,,
P9cedd79bd8,0,0,3,1.0,0,0,,,,,,,,,,,,,,,,,,,,,,,,,,,,,,,,,,,
P83f630794b,1,3,3,0.0,12,937,78.083,15.881,10.8858,0.45,1.0672,0.0,96,106,10,3.2017,0.38272,18.143,56.5635,103.5219,11.7396,54.429,9.6051,33.0843,570.9712,18.143,33.0843,23.4792,14.9413,16.0085,64.0342,12.8068,130.2028,152.6147,25.6137,66.1686,12.8068,48.0256,254.0021,53.3618,6.4034
P093c255389,1,1,1,0.0,1,33,33.0,11.0,9.0909,,0.0,0.0,469,469,0,30.303,1.0,0.0,60.6061,151.5152,121.2121,60.6061,30.303,0.0,515.1515,30.303,60.6061,60.6061,60.6061,0.0,30.303,30.303,30.303,181.8182,0.0,0.0,0.0,30.303,303.0303,0.0,0.0
P9e418f4c91,,,,,,,,,,,,,,,,,,,,,,,,,,,,,,,,,,,,,,,,,
P0c888043b8,1,7,8,0.125,28,2258,80.643,12.272,9.6988,0.428,0.0,0.0,96,470,374,-7.0859,0.19178,17.2719,61.5589,115.1461,12.8432,54.0301,11.5146,45.1727,548.2728,17.7148,18.6005,27.9008,19.0434,9.3003,66.4305,19.0434,122.6749,158.9903,19.9291,97.4314,6.643,19.0434,248.0071,78.388,11.5146
Pcfe0d93659,1,6,7,0.1429,31,1616,52.129,17.956,11.5099,0.40667,0.0,0.0,106,832,726,46.4109,0.6791,10.5198,73.0198,78.5891,29.703,67.4505,11.7574,34.0347,521.6584,6.8069,56.3119,17.3267,8.6634,4.3317,60.0248,28.4653,121.2871,120.6683,31.5594,50.7426,10.5198,25.9901,206.0644,26.6089,3.7129
Pd3473cff83,0,0,,,0,0,,,,,,,,,,,,,,,,,,,,,,,,,,,,,,,,,,,
Pfd690eb68d,1,4,4,0.0,16,876,54.75,12.338,11.0731,0.428,1.1416,0.0,106,468,362,13.6986,0.4625,10.274,51.3699,113.0137,11.4155,53.653,6.8493,27.3973,549.0868,5.7078,42.2374,27.3973,22.8311,7.9909,90.1826,13.6986,123.2877,123.2877,15.9817,75.3425,7.9909,28.5388,257.9909,49.0868,7.9909
P7b91fe948e,1,9,9,0.0,24,1453,60.542,13.579,10.0482,0.431,0.6882,0.0,90,1204,1114,-8.2588,0.22695,11.0117,60.5643,103.2347,10.3235,58.4997,6.8823,25.4646,562.9732,13.7646,22.0234,30.9704,23.3999,6.1941,72.2643,23.3999,123.8816,165.1755,16.5175,92.9112,4.8176,46.7997,270.4749,75.0172,9.6352
Pb88d2f0541,1,2,2,0.0,6,222,37.0,6.938,11.7117,,0.0,0.0,98,99,1,4.5045,0.2381,9.009,63.0631,130.6306,0.0,13.5135,4.5045,31.5315,567.5676,13.5135,22.5225,22.5225,31.5315,0.0,49.5495,36.036,148.6486,144.1441,13.5135,112.6126,9.009,63.0631,225.2252,72.0721,9.009
P2c58b86e78,0,0,,,0,0,,,,,,,,,,,,,,,,,,,,,,,,,,,,,,,,,,,
P0fde3dedb2,1,2,2,0.0,8,416,52.0,13.0,7.9327,,0.0,0.0,103,104,1,31.25,0.80556,19.2308,57.6923,115.3846,14.4231,76.9231,16.8269,21.6346,588.9423,19.2308,69.7115,33.6538,21.6346,21.6346,84.1346,24.0385,149.0385,134.6154,21.6346,50.4808,2.4038,26.4423,237.9808,16.8269,2.4038
P117a6c6fb1,1,4,4,0.0,12,635,52.917,15.488,11.9685,0.402,0.0,0.0,91,106,15,28.3465,0.62319,18.8976,64.5669,85.0394,9.4488,55.1181,1.5748,48.8189,549.6063,11.0236,67.7165,23.622,6.2992,17.3228,51.9685,23.622,148.0315,125.9843,12.5984,72.4409,3.1496,34.6457,217.3228,40.9449,0.0
P8a2a3c7c07,0,0,,,0,0,,,,,,,,,,,,,,,,,,,,,,,,,,,,,,,,,,,
P53f786523f,0,0,,,0,0,,,,,,,,,,,,,,,,,,,,,,,,,,,,,,,,,,,
P9155961dd2,1,8,8,0.0,25,1749,69.96,10.73,12.064,0.42333,0.5718,0.0,96,469,373,35.4488,0.64162,17.1527,77.187,102.3442,18.8679,46.8839,6.8611,26.8725,535.163,10.8634,63.4648,24.5855,6.8611,10.2916,79.474,30.8748,113.7793,140.6518,15.4374,65.7519,3.4305,36.5923,249.8571,35.4488,6.8611
P4ec4ee54f1,1,18,18,0.0,114,7451,65.36,13.118,9.8779,0.42743,0.2684,0.0,82,469,387,25.9026,0.49632,16.6421,61.8709,87.2366,16.7763,72.0709,11.5421,28.0499,539.9275,7.5158,45.2288,19.9973,13.8236,10.871,68.313,33.9552,117.8365,124.1444,23.7552,71.2656,4.4289,38.7867,228.5599,45.8999,9.3947
Pf9ebd1b271,1,4,5,0.2,16,722,45.125,18.513,8.1717,0.382,1.385,0.0,97,103,6,19.3906,0.46575,18.0055,51.2465,106.6482,12.4654,87.2576,6.9252,31.856,581.7175,9.6953,47.0914,26.3158,31.856,8.3102,59.5568,30.4709,131.5789,157.8947,15.2355,81.7175,6.9252,23.5457,243.7673,54.0166,4.1551
P47380ec945,1,1,1,0.0,1,71,71.0,17.75,5.6338,,0.0,0.0,105,105,0,42.2535,0.6,14.0845,70.4225,84.507,0.0,70.4225,0.0,56.338,633.8028,0.0,42.2535,0.0,0.0,0.0,14.0845,14.0845,169.0141,140.8451,28.169,28.169,28.169,126.7606,183.0986,28.169,0.0
P88f4dbf943,1,9,9,0.0,32,2110,65.938,13.613,10.7109,0.424,0.4739,0.0,97,462,365,23.2227,0.59898,16.5877,63.5071,93.8389,12.7962,46.9194,12.3223,34.1232,534.5972,20.8531,55.9242,35.0711,16.1137,9.9526,63.0332,15.1659,145.0237,144.0758,26.5403,50.237,16.1137,28.91,242.654,37.4408,6.1611
P4b59f5fe56,0,0,,,0,0,,,,,,,,,,,,,,,,,,,,,,,,,,,,,,,,,,,
P620501ed0d,1,5,5,0.0,19,714,37.579,8.207,11.9048,0.394,1.4006,0.0,90,459,369,37.8151,0.75676,15.4062,74.2297,110.6443,14.0056,25.2101,4.2017,63.0252,528.0112,22.409,78.4314,30.8123,16.8067,14.0056,75.6303,35.014,134.4538,155.4622,18.2073,54.6218,5.6022,46.2185,243.6975,25.2101,0.0
Pc5a8d9d1d6,1,5,5,0.0,16,800,50.0,18.182,10.25,0.432,0.0,0.0,98,469,371,3.75,0.24324,16.25,73.75,87.5,10.0,67.5,17.5,22.5,575.0,10.0,22.5,23.75,17.5,12.5,75.0,17.5,137.5,93.75,26.25,88.75,3.75,37.5,203.75,70.0,6.25
Paca468f5b5,0,0,,,0,0,,,,,,,,,,,,,,,,,,,,,,,,,,,,,,,,,,,
P88064c1c05,1,14,14,0.0,54,3576,66.222,13.196,10.2908,0.41543,0.5593,0.0,97,817,720,10.6264,0.40634,12.0246,63.1991,110.7383,13.9821,66.5548,8.6689,39.4295,555.9284,10.0671,39.4295,23.4899,15.66,13.9821,71.868,23.4899,120.5257,138.4228,20.4139,74.3848,11.745,38.8702,239.094,57.6063,12.3043
P7222e0f90b,0,0,,,0,0,,,,,,,,,,,,,,,,,,,,,,,,,,,,,,,,,,,
Pd7c989b67a,0,0,,,0,0,,,,,,,,,,,,,,,,,,,,,,,,,,,,,,,,,,,
Pf93789f1b5,,,,,,,,,,,,,,,,,,,,,,,,,,,,,,,,,,,,,,,,,
P9264b6e63a,1,1,1,0.0,1,177,177.0,10.412,10.1695,,0.0,0.0,106,106,0,56.4972,0.78947,5.6497,107.3446,107.3446,0.0,73.4463,0.0,5.6497,564.9718,5.6497,84.7458,22.5989,0.0,5.6497,96.0452,50.8475,79.096,84.7458,22.5989,56.4972,11.2994,5.6497,209.0395,22.5989,0.0
P4a1b07df85,0,0,,,0,0,,,,,,,,,,,,,,,,,,,,,,,,,,,,,,,,,,,
P55d1c5e102,1,3,3,0.0,8,288,36.0,13.091,9.375,,3.4722,0.0,817,831,14,13.8889,0.77273,13.8889,76.3889,86.8056,17.3611,48.6111,3.4722,59.0278,506.9444,10.4167,59.0278,34.7222,13.8889,13.8889,59.0278,24.3056,131.9444,142.3611,24.3056,27.7778,3.4722,20.8333,232.6389,17.3611,3.4722
Pddcf4609af,1,7,7,0.0,24,1664,69.333,14.857,8.774,0.422,0.0,0.0,95,469,374,18.0288,0.53125,12.0192,76.9231,106.3702,15.024,65.5048,10.8173,33.6538,549.8798,7.8125,40.8654,21.6346,13.8221,12.0192,73.9183,22.8365,117.1875,115.3846,28.8462,60.0962,7.2115,28.8462,222.9567,36.0577,4.8077
P6f92e02de4,0,0,1,1.0,0,0,,,,,,,,,,,,,,,,,,,,,,,,,,,,,,,,,,,
P1a32cd4176,0,0,,,0,0,,,,,,,,,,,,,,,,,,,,,,,,,,,,,,,,,,,
Pcb0e772806,0,0,,,0,0,,,,,,,,,,,,,,,,,,,,,,,,,,,,,,,,,,,
Pbfe4edf289,1,21,21,0.0,122,7231,59.27,12.912,9.404,0.40543,1.1063,0.0476,81,981,900,23.095,0.51151,10.5103,71.9126,115.8899,12.1698,44.1156,9.9571,43.4241,566.3117,8.7125,43.0093,23.5099,18.1164,6.3615,57.945,17.2867,134.9744,142.9954,27.9353,57.5301,10.7869,28.0736,237.5882,41.0732,10.372
P07954fea73,0,0,,,0,0,,,,,,,,,,,,,,,,,,,,,,,,,,,,,,,,,,,
P85fbcb1dce,1,1,1,0.0,7,473,67.571,14.781,12.4736,,2.1142,0.0,462,462,0,65.5391,0.68182,6.3425,42.2833,133.1924,14.7992,65.5391,8.4567,42.2833,585.6237,8.4567,95.1374,35.9408,31.7125,2.1142,82.4524,27.4841,88.7949,192.389,21.1416,71.8816,19.0275,21.1416,289.6406,44.3975,6.3425
Pd856e50561,1,1,1,0.0,1,34,34.0,34.0,14.7059,,0.0,0.0,98,98,0,147.0588,1.0,0.0,29.4118,176.4706,29.4118,58.8235,0.0,58.8235,647.0588,0.0,147.0588,0.0,0.0,0.0,117.6471,0.0,176.4706,117.6471,0.0,29.4118,0.0,29.4118,264.7059,0.0,0.0
Pc1c99fe2be,1,1,1,0.0,3,188,62.667,14.462,6.9149,,0.0,0.0,106,106,0,10.6383,0.52174,42.5532,69.1489,47.8723,10.6383,79.7872,10.6383,47.8723,537.234,31.9149,63.8298,53.1915,0.0,10.6383,63.8298,26.5957,132.9787,148.9362,26.5957,95.7447,5.3191,63.8298,239.3617,58.5106,0.0
P25bfc6427b,1,3,3,0.0,5,125,25.0,9.615,10.4,,0.0,0.0,212,834,622,-8.0,0.07692,24.0,64.0,96.0,0.0,32.0,32.0,72.0,528.0,0.0,8.0,32.0,48.0,16.0,88.0,32.0,128.0,104.0,8.0,96.0,0.0,16.0,240.0,96.0,0.0
P9668122fb9,0,0,,,0,0,,,,,,,,,,,,,,,,,,,,,,,,,,,,,,,,,,,
P64adb31e4d,0,0,,,0,0,,,,,,,,,,,,,,,,,,,,,,,,,,,,,,,,,,,
Pd50459cb6d,1,1,1,0.0,7,500,71.429,8.197,7.4,0.334,6.0,0.0,211,211,0,144.0,0.96667,16.0,14.0,132.0,36.0,50.0,4.0,36.0,522.0,6.0,174.0,18.0,36.0,16.0,74.0,26.0,84.0,206.0,28.0,38.0,6.0,24.0,312.0,6.0,16.0
P0edb7d3b99,1,11,11,0.0,49,2033,41.49,17.678,8.9523,0.407,0.4919,0.0,96,551,455,13.2809,0.38919,21.151,61.9774,98.3768,13.7727,68.8637,10.8214,38.8588,559.7639,8.8539,35.4156,28.0374,13.2809,4.9188,69.8475,29.0212,133.3005,160.3542,23.1185,77.7177,3.4432,35.4156,258.2391,55.5829,6.8864
Pf5fb4e36b6,1,17,17,0.0,80,4973,62.163,14.934,12.226,0.42622,0.2011,0.0,88,830,742,25.5379,0.39516,11.0597,72.1898,88.4778,8.8478,53.4888,12.6684,25.5379,559.823,8.2445,39.4128,18.9021,14.4782,7.6413,46.4508,20.9129,126.2819,146.7927,25.3368,78.0213,6.8369,36.1955,224.0097,60.3258,16.8912
Pe2eac4ddf4,0,0,,,0,0,,,,,,,,,,,,,,,,,,,,,,,,,,,,,,,,,,,
Pf20205fffb,1,2,2,0.0,5,379,75.8,10.528,9.4987,,0.0,0.0,212,213,1,-15.8311,0.24528,10.5541,71.2401,94.9868,2.6385,63.3245,13.1926,34.3008,532.9815,7.9156,34.3008,47.4934,13.1926,15.8311,71.2401,29.0237,124.0106,145.1187,10.5541,139.8417,0.0,2.6385,245.3826,105.5409,0.0
Pfa4c05beee,0,0,,,0,0,,,,,,,,,,,,,,,,,,,,,,,,,,,,,,,,,,,
Pb3a7a6f86b,1,1,1,0.0,2,103,51.5,11.444,6.7961,,0.0,0.0,213,213,0,58.2524,0.66667,9.7087,58.2524,77.6699,29.1262,77.6699,0.0,19.4175,572.8155,0.0,77.6699,9.7087,29.1262,9.7087,77.6699,19.4175,145.6311,106.7961,29.1262,87.3786,0.0,0.0,194.1748,38.835,0.0
Pf8b83ac1f0,1,3,3,0.0,25,1020,40.8,10.099,11.6667,0.418,0.0,0.0,98,104,6,52.9412,0.68519,19.6078,67.6471,107.8431,7.8431,28.4314,1.9608,71.5686,548.0392,7.8431,72.549,10.7843,18.6275,10.7843,63.7255,39.2157,127.451,120.5882,14.7059,50.0,10.7843,31.3725,226.4706,33.3333,5.8824
P9c2d575f48,0,0,,,0,0,,,,,,,,,,,,,,,,,,,,,,,,,,,,,,,,,,,
Pa466887b08,1,11,11,0.0,45,2932,65.156,14.443,9.0382,0.3916,0.3411,0.0,88,469,381,12.6194,0.35409,19.0996,65.8254,95.498,9.8909,75.3752,6.4802,55.9345,538.5402,8.8677,31.0368,19.7817,3.7517,5.116,57.9809,43.3151,126.8759,128.9222,22.8513,82.5375,9.2087,33.0832,226.1255,56.6166,4.7749
P8e900c2247,0,0,,,0,0,,,,,,,,,,,,,,,,,,,,,,,,,,,,,,,,,,,
Pfd95ad31d4,1,4,4,0.0,17,622,36.588,11.107,11.5756,0.454,0.0,0.0,91,98,7,24.1158,0.49206,16.0772,49.8392,96.463,19.2926,45.0161,3.2154,20.9003,535.3698,6.4309,49.8392,17.6849,22.508,11.254,59.4855,28.9389,114.1479,143.0868,33.7621,75.5627,4.8232,24.1158,241.1576,51.4469,3.2154
Pcf60b82b9d,0,0,,,0,0,,,,,,,,,,,,,,,,,,,,,,,,,,,,,,,,,,,
Pa307fde308,1,11,11,0.0,57,2505,43.947,14.564,13.1737,0.4392,0.3992,0.0,82,106,24,37.9242,0.51261,22.7545,80.2395,94.2116,13.1737,47.505,6.7864,40.3194,542.1158,5.1896,48.7026,14.7705,6.7864,2.7944,76.6467,36.7265,132.1357,110.978,19.9601,63.0739,5.1896,33.1337,221.5569,46.3074,9.98
P521ea871d2,1,17,17,0.0,72,5862,81.417,14.655,10.1842,0.44218,2.5589,0.0,90,1196,1106,25.2474,0.52481,13.4766,63.289,107.813,12.6237,51.3477,9.0413,31.3886,556.1242,10.0648,46.9123,23.5415,15.1825,7.1648,55.1006,23.8826,127.6015,152.1665,20.1296,65.6772,5.2883,40.0887,243.2617,42.477,15.5237
Pd5a40a7ee0,1,5,5,0.0,13,650,50.0,10.656,9.8462,0.374,0.0,0.0,96,105,9,24.6154,0.61972,10.7692,95.3846,90.7692,15.3846,40.0,4.6154,18.4615,580.0,12.3077,67.6923,38.4615,9.2308,9.2308,103.0769,40.0,140.0,116.9231,18.4615,61.5385,4.6154,26.1538,252.3077,41.5385,13.8462
Pd46f6361f5,1,3,3,0.0,10,368,36.8,11.871,9.5109,,0.0,0.0,97,825,728,43.4783,0.475,16.3043,48.913,133.1522,27.1739,67.9348,21.7391,70.6522,538.0435,0.0,51.6304,19.0217,16.3043,10.8696,54.3478,48.913,116.8478,135.8696,40.7609,89.6739,0.0,16.3043,230.9783,57.0652,0.0
P83cf60968a,0,0,,,0,0,,,,,,,,,,,,,,,,,,,,,,,,,,,,,,,,,,,
P9260f65add,0,0,,,0,0,,,,,,,,,,,,,,,,,,,,,,,,,,,,,,,,,,,
P22b18d36a6,1,30,30,0.0,140,14091,100.65,14.105,11.2696,0.45136,0.2129,0.0,80,1196,1116,23.845,0.44873,13.1999,75.6511,101.6961,11.6386,56.348,12.8451,24.6966,556.0996,8.8709,36.3352,17.387,15.3289,7.9483,60.819,24.8385,127.2443,124.7605,29.9482,62.806,10.1483,30.7288,220.3534,44.6384,10.0774
P3ea09a4d42,1,8,8,0.0,36,2233,62.028,18.765,11.4196,0.3925,0.0,0.0,96,469,373,21.0479,0.44156,9.8522,56.8742,75.6829,12.987,81.9525,7.1652,40.3045,545.4545,4.9261,45.6785,25.974,13.4348,5.8218,71.2047,26.8697,133.4528,131.2136,16.5696,72.1003,4.9261,21.0479,233.3184,57.7698,10.7479
Pc72bfd628e,0,0,,,0,0,,,,,,,,,,,,,,,,,,,,,,,,,,,,,,,,,,,
P85b94bf602,1,2,2,0.0,5,370,74.0,16.087,8.6486,,0.0,0.0,252,469,217,32.4324,0.57143,18.9189,78.3784,83.7838,8.1081,75.6757,2.7027,24.3243,564.8649,5.4054,64.8649,29.7297,10.8108,5.4054,72.973,27.027,127.027,127.027,21.6216,75.6757,2.7027,10.8108,213.5135,48.6486,0.0
P16f60c6002,1,16,16,0.0,37,2776,75.027,13.811,11.2032,0.426,0.0,0.0,91,1310,1219,25.9366,0.43798,11.8876,81.0519,94.7406,13.6888,61.5994,11.8876,30.2594,550.4323,11.1671,40.7061,19.8127,19.0922,6.8444,58.7176,28.4582,127.1614,130.0432,21.9741,77.4496,7.5648,30.9798,218.2997,52.2334,5.7637
Pc381c2ab50,1,13,13,0.0,52,2252,43.308,12.511,9.9023,0.416,0.444,0.0,448,1672,1224,42.1847,0.61538,20.8703,55.9503,98.135,18.206,64.3872,10.2131,52.3979,564.8313,11.1012,56.8384,19.5382,12.4334,5.3286,68.3837,28.4192,127.4423,130.5506,24.8668,55.9503,4.4405,36.4121,228.6856,35.524,23.0906
P9b79feb6a3,1,14,14,0.0,59,5043,85.475,13.593,12.9685,0.4324,0.0,0.0,445,1181,736,14.0789,0.32936,17.2516,67.4202,106.8808,16.855,54.3327,4.9574,29.9425,533.8092,6.9403,27.3647,11.8977,12.2943,6.3454,54.9276,32.7186,110.6484,137.6165,26.9681,91.0173,3.1727,43.0299,223.8747,55.7208,11.5011
Pc5e9e5bdd9,1,6,6,0.0,33,1970,59.697,16.695,9.0863,0.38733,0.0,0.0,463,1194,731,1.0152,0.35882,11.1675,62.9442,96.9543,14.7208,58.3756,6.599,34.0102,575.1269,7.6142,30.9645,28.4264,13.7056,8.1218,77.665,16.7513,136.5482,132.4873,24.8731,65.4822,4.0609,53.2995,239.5939,55.3299,7.6142
P9f8d851f22,0,0,,,0,0,,,,,,,,,,,,,,,,,,,,,,,,,,,,,,,,,,,
Pcb1e0b77ca,0,0,,,0,0,,,,,,,,,,,,,,,,,,,,,,,,,,,,,,,,,,,
P4879fe4868,0,0,,,0,0,,,,,,,,,,,,,,,,,,,,,,,,,,,,,,,,,,,
Pce6ddda209,1,26,26,0.0,113,7502,66.389,15.279,11.9435,0.44933,1.0664,0.0,96,1201,1105,16.5289,0.3961,13.1965,72.2474,92.2421,10.7971,58.7843,7.598,28.659,540.6558,9.7307,32.5247,17.0621,11.0637,6.5316,53.0525,25.1933,132.7646,124.5001,21.9941,67.0488,7.4647,27.326,210.3439,49.5868,14.1296
P55f0d03e7b,,,,,,,,,,,,,,,,,,,,,,,,,,,,,,,,,,,,,,,,,
Pa7cb2c7354,,,,,,,,,,,,,,,,,,,,,,,,,,,,,,,,,,,,,,,,,
Pa8fc4b7ad7,1,4,4,0.0,16,1043,65.188,10.643,11.5053,0.435,0.9588,0.0,96,833,737,3.8351,0.50794,15.3404,66.1553,118.8878,10.5465,41.2272,2.8763,14.3816,578.14,5.7526,30.6807,19.1755,24.9281,10.5465,32.5983,17.2579,132.3106,173.5379,24.9281,51.7737,5.7526,25.8869,232.9818,29.722,61.3615
P251ed0e7a3,1,6,6,0.0,16,788,49.25,16.082,9.0102,0.372,1.269,0.0,90,468,378,30.4569,0.38272,11.4213,71.066,95.1777,22.8426,65.9898,13.9594,40.6091,554.5685,10.1523,39.3401,16.4975,8.8832,6.3452,67.2589,13.9594,109.1371,101.5228,26.6497,100.2538,2.5381,31.7259,197.9695,63.4518,1.269
Pe40a7b9665,1,10,10,0.0,44,2793,63.477,14.7,10.8844,0.4224,1.0741,0.0,90,575,485,29.3591,0.45329,15.3956,62.6566,110.9918,12.1733,66.5951,9.667,45.4708,563.1937,12.8894,46.903,16.8278,13.6054,10.3831,50.1253,38.3101,127.8195,143.2152,21.1242,82.7068,4.6545,27.927,226.638,56.57,11.4572
P5f3e1d9a7e,1,13,13,0.0,60,4246,70.767,17.618,10.975,0.43525,0.2355,0.0,90,1189,1099,19.0768,0.37922,7.301,66.1799,91.8512,12.7179,51.3424,10.3627,32.7367,537.2115,6.3589,34.3853,21.6675,14.602,4.0038,61.2341,19.3123,123.4103,140.8384,25.4357,79.6043,4.4748,31.7946,234.8092,56.2883,12.0113
P09fcc624c4,1,5,5,0.0,13,497,38.231,14.2,13.0785,,0.0,0.0,98,824,726,6.0362,0.33333,26.1569,84.507,86.5191,34.2052,46.2777,14.0845,46.2777,509.0543,10.0604,12.0724,14.0845,18.1087,6.0362,42.2535,30.1811,138.833,167.002,30.1811,42.2535,2.0121,14.0845,237.4245,24.1449,30.1811
Pd7225b3a0b,1,2,2,0.0,7,450,64.286,11.842,11.3333,,0.0,0.0,104,462,358,17.7778,0.40816,8.8889,73.3333,75.5556,4.4444,33.3333,6.6667,57.7778,497.7778,6.6667,44.4444,24.4444,13.3333,8.8889,88.8889,15.5556,113.3333,120.0,26.6667,77.7778,2.2222,35.5556,246.6667,64.4444,4.4444
Pc01c642a9f,1,10,10,0.0,27,1672,61.926,14.291,10.1077,0.41867,0.5981,0.0,97,832,735,7.177,0.30061,15.5502,77.1531,88.5167,4.7847,56.2201,8.9713,24.5215,546.6507,8.3732,29.3062,25.7177,12.5598,5.3828,52.6316,32.2967,130.3828,127.9904,16.7464,87.3206,5.3828,44.2584,212.3206,68.1818,4.7847
Pbd6175d1ad,0,0,3,1.0,0,0,,,,,,,,,,,,,,,,,,,,,,,,,,,,,,,,,,,
P6bc657fff3,1,1,1,0.0,3,126,42.0,12.6,10.3175,,0.0,0.0,825,825,0,-23.8095,0.66667,7.9365,95.2381,55.5556,0.0,39.6825,0.0,31.746,555.5556,7.9365,31.746,31.746,0.0,23.8095,63.4921,31.746,158.7302,95.2381,39.6825,23.8095,0.0,15.873,174.6032,15.873,23.8095
P287f82c404,1,15,15,0.0,82,4855,59.207,12.545,14.2122,0.44556,0.206,0.0,80,463,383,21.8332,0.37428,11.3285,65.2935,113.4912,23.275,41.8126,5.5613,27.3944,541.2976,10.9166,40.1648,16.6838,18.3316,7.2091,53.965,24.0989,122.1421,139.4439,22.4511,90.8342,5.5613,25.5407,232.1318,67.1473,2.0597
Pa78dfd4260,1,4,4,0.0,11,814,74.0,20.35,13.2678,0.458,0.0,0.0,98,469,371,36.855,0.56923,24.57,73.7101,104.4226,4.914,65.1106,14.742,22.113,571.2531,3.6855,45.4545,18.4275,12.285,4.914,46.683,33.1695,143.7346,116.7076,28.2555,55.2826,9.828,15.9705,213.7592,34.398,9.828
P049f342950,0,0,,,0,0,,,,,,,,,,,,,,,,,,,,,,,,,,,,,,,,,,,
P41923cb473,0,0,,,0,0,,,,,,,,,,,,,,,,,,,,,,,,,,,,,,,,,,,
P53698aab75,1,2,2,0.0,7,329,47.0,11.75,11.5502,,0.0,0.0,97,98,1,69.9088,0.68421,18.2371,60.7903,124.6201,12.1581,57.7508,12.1581,30.3951,601.8237,6.079,79.0274,6.079,45.5927,15.1976,51.6717,21.2766,100.304,121.5805,45.5927,51.6717,12.1581,30.3951,209.7264,36.4742,3.0395
P94ee422c65,1,6,6,0.0,19,1289,67.842,14.988,11.7921,0.431,0.0,0.0,814,1922,1108,22.4981,0.41121,13.1885,82.2343,100.0776,16.2917,47.3235,9.3095,27.1528,568.6579,7.758,34.135,19.3949,6.2064,1.5516,56.633,22.4981,132.661,126.4546,26.377,76.8037,3.1032,54.3057,213.3437,48.8751,13.9643
P6f658be6bb,1,5,5,0.0,14,541,38.643,13.872,10.9057,0.396,0.0,0.0,88,823,735,46.2107,0.62069,11.0906,60.9982,97.9667,14.7874,48.0591,7.3937,81.3309,528.6506,1.8484,66.5434,20.3327,9.2421,7.3937,81.3309,22.1811,133.0869,136.7837,14.7874,55.4529,7.3937,14.7874,243.9926,40.6654,0.0
Pe0da967ad1,1,4,4,0.0,13,867,66.692,15.211,10.9573,0.412,0.0,0.0,84,469,385,44.9827,0.33621,12.6874,76.1246,89.9654,11.534,61.1303,17.301,20.7612,561.707,0.0,44.9827,11.534,10.3806,5.767,78.4314,34.6021,92.2722,115.3403,28.8351,99.1926,6.9204,28.8351,219.1465,88.812,0.0
Pdc4a696341,1,1,3,0.6667,3,186,62.0,10.333,13.4409,,0.0,0.0,106,106,0,43.0108,0.7,16.129,37.6344,91.3978,16.129,26.8817,5.3763,37.6344,510.7527,0.0,75.2688,26.8817,37.6344,10.7527,112.9032,0.0,129.0323,96.7742,37.6344,64.5161,5.3763,10.7527,258.0645,32.2581,21.5054
P2bc89b6490,0,0,,,0,0,,,,,,,,,,,,,,,,,,,,,,,,,,,,,,,,,,,
Pc9bdc2e95f,1,1,1,0.0,4,189,47.25,14.538,7.4074,,0.0,0.0,212,212,0,-5.291,0.32,31.746,63.4921,79.3651,10.582,116.4021,5.291,52.9101,603.1746,0.0,42.328,47.619,10.582,5.291,137.5661,15.873,105.8201,105.8201,47.619,100.5291,0.0,47.619,253.9683,89.9471,0.0
P7719d3d89b,1,1,1,0.0,4,162,40.5,20.25,11.1111,,0.0,0.0,827,827,0,12.3457,0.42857,12.3457,43.2099,98.7654,0.0,61.7284,6.1728,80.2469,500.0,12.3457,37.037,30.8642,0.0,0.0,49.3827,30.8642,123.4568,154.321,24.6914,55.5556,18.5185,49.3827,253.0864,49.3827,0.0
Pe666c9e1f4,1,11,11,0.0,46,1926,41.87,11.069,10.6957,0.42333,0.0,0.0,1190,1926,736,11.4226,0.39506,18.6916,60.7477,96.5732,10.9034,57.1132,11.9418,42.5753,545.1713,8.8266,33.2295,20.2492,18.1724,13.4995,57.1132,18.1724,111.6303,135.514,24.4029,70.0935,7.7882,36.864,223.7799,50.8827,20.2492
Pc00908f11e,1,20,23,0.1304,93,10032,107.871,15.949,10.3768,0.4322,0.1994,0.0,96,840,744,22.2289,0.47537,15.7496,63.5965,100.7775,15.6499,66.2879,14.6531,33.3931,557.1172,12.0614,35.5861,17.4442,16.0486,10.5662,54.3262,23.9234,125.5981,135.4665,27.6116,56.7185,8.8716,27.1132,223.4848,39.2743,17.7432
Pd7d10f6f4c,1,7,7,0.0,28,1532,54.714,14.874,12.0104,0.44533,0.0,0.0,92,832,740,36.5535,0.52288,13.0548,76.3708,79.6345,16.3185,75.0653,13.7076,22.1932,535.9008,5.2219,52.2193,22.1932,15.0131,7.1802,76.3708,21.5405,114.2298,111.6188,30.6789,74.4125,7.8329,28.0679,229.1123,47.6501,4.5692
P939e5ded71,1,1,1,0.0,8,420,52.5,16.154,10.4762,,0.0,0.0,98,98,0,-4.7619,0.15,19.0476,59.5238,107.1429,2.381,69.0476,2.381,42.8571,590.4762,19.0476,14.2857,16.6667,14.2857,4.7619,54.7619,40.4762,145.2381,166.6667,11.9048,90.4762,9.5238,21.4286,242.8571,80.9524,9.5238
Pdb13b813cd,0,0,,,0,0,,,,,,,,,,,,,,,,,,,,,,,,,,,,,,,,,,,
P7c761dbe92,0,0,,,0,0,,,,,,,,,,,,,,,,,,,,,,,,,,,,,,,,,,,
P420da53cac,1,10,10,0.0,26,2097,80.654,15.419,8.2022,0.3845,0.0,0.0,97,469,372,25.2742,0.46448,12.8755,69.6233,110.6342,10.968,59.609,10.0143,69.6233,580.3529,9.5374,40.5341,20.5055,18.598,4.7687,74.8689,12.3987,112.5417,141.154,24.7973,61.9933,11.4449,29.0892,240.8202,46.7334,22.413
P401c3c358c,0,0,,,0,0,,,,,,,,,,,,,,,,,,,,,,,,,,,,,,,,,,,
P2a21698f4f,1,3,3,0.0,7,325,46.429,17.105,12.3077,,0.0,0.0,97,461,364,24.6154,0.43333,27.6923,46.1538,89.2308,30.7692,64.6154,6.1538,61.5385,516.9231,6.1538,40.0,15.3846,21.5385,6.1538,49.2308,21.5385,132.3077,135.3846,6.1538,67.6923,6.1538,21.5385,215.3846,52.3077,3.0769
P7758d7472f,0,0,,,0,0,,,,,,,,,,,,,,,,,,,,,,,,,,,,,,,,,,,
Pb3e495f583,1,4,4,0.0,12,973,81.083,15.694,11.7163,0.464,1.0277,0.0,99,834,735,27.7492,0.42254,10.2775,90.4419,104.8304,10.2775,61.665,17.4717,49.332,551.9013,2.0555,30.8325,14.3885,11.3052,6.1665,87.3587,20.555,126.4132,115.1079,16.444,66.8037,11.3052,26.7215,234.3268,42.1377,17.4717
P848f12bb0d,0,0,,,0,0,,,,,,,,,,,,,,,,,,,,,,,,,,,,,,,,,,,
Pfff80834af,1,1,1,0.0,5,254,50.8,10.16,11.0236,,3.937,0.0,462,462,0,102.3622,0.91176,3.937,55.1181,70.8661,3.937,62.9921,15.748,39.3701,535.4331,15.748,122.0472,31.4961,11.811,3.937,74.8031,15.748,110.2362,153.5433,23.622,31.4961,0.0,31.4961,240.1575,11.811,0.0
P608846acfb,1,5,5,0.0,13,679,52.231,15.089,12.813,0.418,0.0,0.0,98,609,511,14.7275,0.47887,36.8189,78.056,76.5832,19.1458,61.8557,5.891,44.1826,519.8822,11.782,50.0736,27.9823,8.8365,13.2548,69.2194,36.8189,132.5479,108.9838,13.2548,83.947,1.4728,20.6186,204.7128,54.4919,5.891
P8935abbbb4,,,,,,,,,,,,,,,,,,,,,,,,,,,,,,,,,,,,,,,,,
P5605a2fa7e,1,2,2,0.0,6,283,47.167,17.688,14.841,,0.0,0.0,106,252,146,7.0671,0.45455,3.5336,81.2721,88.3392,14.1343,56.5371,3.5336,49.47,501.7668,10.6007,35.3357,31.8021,10.6007,0.0,63.6042,7.0671,113.0742,123.6749,28.2686,60.0707,7.0671,24.735,215.5477,42.4028,7.0671
Pfd99951c4d,1,3,3,0.0,16,974,60.875,15.219,11.807,0.424,0.0,0.0,95,98,3,36.961,0.54737,12.3203,66.7351,100.616,20.5339,69.8152,14.3737,52.3614,545.1745,22.5873,53.3881,16.4271,13.347,14.3737,64.6817,29.7741,111.9097,118.0698,29.7741,66.7351,20.5339,19.5072,208.4189,44.1478,4.1068
Pd1cda3e821,0,0,,,0,0,,,,,,,,,,,,,,,,,,,,,,,,,,,,,,,,,,,
P25e61f80f8,0,0,,,0,0,,,,,,,,,,,,,,,,,,,,,,,,,,,,,,,,,,,
P6e7d02b021,1,6,6,0.0,42,1407,33.5,11.347,8.5288,0.413,2.1322,0.0,91,187,96,38.3795,0.5969,18.479,71.0732,114.4279,22.0327,68.941,9.9502,22.7434,550.8173,8.5288,54.7264,20.6112,17.0576,5.6859,50.462,45.4869,110.8742,164.8898,19.9005,61.123,5.6859,36.2473,250.1777,36.9581,9.9502
P8a2034c01d,1,2,3,0.3333,6,317,52.833,10.931,11.9874,,0.0,0.0,97,105,8,3.1546,0.07407,12.6183,66.2461,104.1009,25.2366,85.1735,12.6183,37.8549,561.5142,6.3091,6.3091,12.6183,15.7729,3.1546,47.3186,28.3912,116.7192,126.183,41.0095,123.0284,0.0,6.3091,211.3565,78.8644,0.0
Pe56ae9c7aa,1,3,3,0.0,8,493,61.625,18.259,8.5193,,0.0,0.0,90,97,7,77.0791,0.82353,10.142,60.8519,93.3063,10.142,64.9087,18.2556,58.8235,551.7241,6.0852,85.1927,22.3124,14.1988,4.0568,91.2779,36.5112,127.789,125.7606,44.6247,52.7383,10.142,10.142,249.4929,18.2556,0.0
P6f43cf2ee3,1,9,9,0.0,27,1954,72.37,12.526,10.4913,0.44067,0.5118,0.0,89,187,98,40.4299,0.60309,12.2825,68.5773,113.6131,9.7236,47.5947,12.7943,36.8475,555.783,11.259,59.8772,24.565,23.5415,7.6766,80.348,19.9591,117.1955,148.9253,22.5179,58.8536,4.0942,36.3357,257.9324,39.4063,8.1883
Pe3864f9800,1,4,4,0.0,14,673,48.071,13.46,8.9153,0.43,1.4859,0.0,97,105,8,38.633,0.46429,4.4577,47.5483,123.3284,11.8871,59.4354,14.8588,22.2883,558.6924,10.4012,57.9495,28.2318,16.3447,5.9435,72.8083,20.8024,115.899,144.1308,17.8306,92.1248,7.4294,8.9153,249.6285,66.8648,5.9435
Pf62abcdcde,1,4,4,0.0,9,299,33.222,9.344,11.3712,,0.0,0.0,96,104,8,73.5786,0.59375,10.0334,86.9565,153.8462,0.0,60.2007,13.3779,33.4448,575.2508,6.689,63.5452,3.3445,43.4783,0.0,83.612,43.4783,90.301,147.1572,26.7559,56.8562,13.3779,23.4114,287.6254,43.4783,0.0
P46cfb45fde,0,0,,,0,0,,,,,,,,,,,,,,,,,,,,,,,,,,,,,,,,,,,
Pbe6ed6fd51,1,1,1,0.0,8,519,64.875,11.043,13.6802,0.43,0.0,0.0,239,239,0,50.0963,0.81818,19.2678,65.5106,94.4123,17.341,61.657,3.8536,21.1946,574.1811,7.7071,86.7052,28.9017,19.2678,11.5607,63.5838,25.0482,146.4355,115.6069,32.7553,46.2428,1.9268,15.4143,211.9461,19.2678,11.5607
Pe6fe5c747b,1,2,2,0.0,5,367,73.4,11.469,9.5368,,0.0,0.0,82,98,16,65.3951,0.65957,5.4496,54.4959,95.3678,10.8992,79.0191,13.624,62.6703,544.9591,2.7248,84.4687,29.9728,24.5232,2.7248,133.515,24.5232,92.6431,84.4687,19.0736,51.7711,2.7248,35.4223,253.406,43.5967,2.7248
P4a000d48b0,1,7,7,0.0,28,1040,37.143,10.505,9.1346,0.368,0.9615,0.0,89,187,98,41.3462,0.54815,14.4231,46.1538,122.1154,17.3077,61.5385,12.5,40.3846,552.8846,26.9231,71.1538,34.6154,18.2692,7.6923,95.1923,24.0385,116.3462,162.5,19.2308,73.0769,1.9231,52.8846,297.1154,58.6538,2.8846
P71b16faf7a,1,4,4,0.0,13,1205,92.692,13.098,10.7884,0.379,0.0,0.0,98,106,8,45.6432,0.40881,19.917,52.2822,136.0996,13.278,56.4315,9.9585,35.6846,585.8921,5.8091,53.9419,10.7884,4.1494,7.4689,70.5394,36.5145,126.971,141.9087,26.556,108.7137,4.1494,23.2365,249.7925,78.0083,6.639
Pdb3bcb3fc8,1,3,3,0.0,9,878,97.556,15.679,10.82,0.46,0.0,0.0,97,239,142,39.8633,0.54545,22.779,70.615,107.0615,12.5285,61.5034,19.3622,36.4465,556.9476,6.8337,41.0023,13.6674,17.0843,6.8337,44.4191,25.0569,128.7016,124.1458,33.0296,59.2255,10.2506,19.3622,215.262,34.1686,19.3622
Pf18fe42b62,0,0,,,0,0,,,,,,,,,,,,,,,,,,,,,,,,,,,,,,,,,,,
P24e5e8b7dc,1,19,20,0.05,61,4491,73.623,15.433,8.5282,0.402,0.4453,0.0,82,1196,1114,31.8415,0.52835,15.8094,64.3509,107.3258,14.6961,60.7882,13.1374,39.4122,568.4703,9.5747,45.6468,19.8174,16.2547,7.1254,60.7882,21.3761,130.4832,144.2886,23.6028,62.5696,14.0281,39.8575,233.5783,40.7482,11.8014
P2c3a1eb46b,1,1,1,0.0,1,87,87.0,12.429,6.8966,,0.0,0.0,104,104,0,57.4713,0.625,11.4943,80.4598,45.977,22.9885,80.4598,11.4943,22.9885,540.2299,0.0,57.4713,11.4943,11.4943,0.0,114.9425,34.4828,103.4483,91.954,22.9885,45.977,0.0,68.9655,218.3908,34.4828,0.0
P459acdec33,1,3,3,0.0,15,846,56.4,12.818,12.0567,0.426,0.0,0.0,95,104,9,34.279,0.36957,5.9102,85.1064,101.6548,8.2742,52.0095,9.4563,37.8251,566.1939,7.0922,40.1891,11.8203,15.3664,3.5461,53.1915,17.7305,120.5674,135.9338,17.7305,72.104,11.8203,33.0969,213.948,68.5579,7.0922
Pcc7ddb9ab9,1,2,2,0.0,8,419,52.375,13.516,7.8759,,0.0,0.0,91,97,6,31.0263,0.2973,14.3198,66.8258,90.6921,23.8663,66.8258,23.8663,52.506,582.3389,4.7733,26.253,11.9332,11.9332,7.1599,42.9594,19.0931,133.6516,126.4916,54.8926,69.2124,7.1599,40.5728,186.1575,62.0525,14.3198
P49d50fc2b5,1,3,3,0.0,11,766,69.636,17.022,14.2298,0.426,0.0,0.0,100,107,7,53.5248,0.875,14.3603,82.2454,96.6057,43.0809,45.6919,9.1384,14.3603,562.6632,6.5274,63.9687,15.6658,9.1384,3.9164,57.4413,11.7493,131.8538,133.1593,22.1932,32.6371,9.1384,48.3029,218.0157,9.1384,14.3603
P3e0fd9667f,0,0,,,0,0,,,,,,,,,,,,,,,,,,,,,,,,,,,,,,,,,,,
P54d4de841c,0,0,,,0,0,,,,,,,,,,,,,,,,,,,,,,,,,,,,,,,,,,,
P0af0ac79ae,1,1,1,0.0,1,21,21.0,7.0,23.8095,,0.0,0.0,105,105,0,0.0,0.0,0.0,0.0,47.619,0.0,47.619,0.0,95.2381,476.1905,0.0,0.0,0.0,47.619,0.0,47.619,0.0,142.8571,47.619,0.0,142.8571,47.619,47.619,142.8571,142.8571,0.0
P1e22570fac,1,2,2,0.0,7,129,18.429,16.125,10.0775,,0.0,0.0,460,462,2,15.5039,0.2,15.5039,54.2636,54.2636,23.2558,77.5194,31.0078,62.0155,527.1318,7.7519,23.2558,23.2558,23.2558,15.5039,131.7829,31.0078,124.031,54.2636,15.5039,124.031,0.0,7.7519,217.0543,93.0233,0.0
P63f00af37c,0,0,,,0,0,,,,,,,,,,,,,,,,,,,,,,,,,,,,,,,,,,,
Pe5fb05fea3,0,0,,,0,0,,,,,,,,,,,,,,,,,,,,,,,,,,,,,,,,,,,
P204a101867,1,6,6,0.0,23,941,40.913,15.426,9.9894,0.476,0.0,0.0,91,187,96,9.5643,0.48276,29.7556,53.135,108.3953,17.0032,66.9501,10.627,52.0723,522.848,8.5016,29.7556,20.1913,26.5675,10.627,65.8874,23.3794,113.7088,139.2136,25.5048,44.6334,3.1881,14.8778,239.1073,31.881,21.254
P032d23c9d9,1,4,4,0.0,8,419,52.375,13.516,9.5465,,0.0,0.0,105,469,364,45.3461,0.575,21.4797,66.8258,109.7852,2.3866,62.0525,11.9332,52.506,553.6993,11.9332,54.8926,9.5465,11.9332,11.9332,59.6659,16.7064,121.7184,143.1981,26.253,59.6659,4.7733,21.4797,226.7303,40.5728,9.5465
P2e6be7d23b,0,0,,,0,0,,,,,,,,,,,,,,,,,,,,,,,,,,,,,,,,,,,
Pa79b34cca8,1,2,2,0.0,4,145,36.25,16.111,9.6552,,0.0,0.0,105,106,1,27.5862,0.33333,6.8966,68.9655,110.3448,0.0,82.7586,20.6897,48.2759,531.0345,0.0,20.6897,13.7931,6.8966,0.0,68.9655,55.1724,131.0345,151.7241,20.6897,55.1724,6.8966,13.7931,241.3793,41.3793,6.8966
P1ea9c7c88d,1,18,18,0.0,71,6190,87.183,11.746,11.6963,0.405,0.3231,0.0,96,1197,1101,14.8627,0.37282,13.7318,63.9742,113.0856,15.5089,50.8885,10.6624,34.2488,553.7964,12.4394,34.5719,21.6478,17.7706,8.7237,60.9047,22.294,119.5477,157.5121,17.7706,76.8982,7.2698,28.433,251.3732,58.1583,14.7011
P38e6db5ca1,1,2,2,0.0,9,659,73.222,12.673,11.6844,0.44,0.0,0.0,96,106,10,39.4537,0.70968,13.6571,63.7329,101.6692,15.1745,65.2504,6.0698,31.8665,573.5964,10.6222,66.7678,24.2792,9.1047,9.1047,40.9712,21.2443,141.1229,166.9196,25.7967,50.0759,9.1047,50.0759,235.2049,27.3141,15.1745
P27a35575e9,1,7,7,0.0,17,1402,82.471,16.494,11.9829,0.451,1.4265,0.0,97,814,717,32.097,0.48039,17.8317,84.8787,98.4308,16.4051,65.6205,8.5592,18.5449,533.5235,6.4194,34.9501,8.5592,11.4123,2.8531,57.0613,22.8245,141.2268,114.1227,25.6776,66.3338,5.7061,13.5521,221.826,37.8031,6.4194
P57703dc960,0,0,,,0,0,,,,,,,,,,,,,,,,,,,,,,,,,,,,,,,,,,,
P5351e63d76,,,,,,,,,,,,,,,,,,,,,,,,,,,,,,,,,,,,,,,,,
Pf781dda14b,1,1,1,0.0,3,134,44.667,13.4,5.9701,,0.0,0.0,104,104,0,59.7015,0.9,14.9254,67.1642,126.8657,14.9254,74.6269,22.3881,59.7015,589.5522,0.0,67.1642,14.9254,14.9254,14.9254,89.5522,22.3881,126.8657,119.403,52.2388,14.9254,22.3881,14.9254,261.194,7.4627,0.0
P964dd1e5f4,0,0,,,0,0,,,,,,,,,,,,,,,,,,,,,,,,,,,,,,,,,,,
Pc4f84bc197,1,3,3,0.0,13,644,49.538,13.702,13.0435,0.432,3.1056,0.0,97,104,7,17.0807,0.45614,13.9752,46.5839,114.9068,34.1615,40.3727,10.8696,26.3975,535.7143,9.3168,40.3727,29.5031,24.8447,4.6584,46.5839,29.5031,113.354,164.5963,34.1615,82.2981,6.2112,13.9752,243.7888,48.1366,35.7143
P551a484de7,1,9,9,0.0,37,1970,53.243,13.873,10.203,0.41467,0.5076,0.0,83,459,376,22.335,0.45854,16.2437,62.4365,89.8477,20.8122,59.8985,6.599,25.8883,545.1777,12.1827,47.7157,23.3503,16.2437,8.6294,67.0051,20.8122,122.8426,145.1777,25.3807,75.1269,8.6294,39.0863,246.7005,56.3452,3.0457
P16938f3fa9,1,3,3,0.0,7,250,35.714,11.364,8.8,,0.0,0.0,97,213,116,20.0,0.55,12.0,40.0,96.0,0.0,64.0,12.0,68.0,540.0,8.0,44.0,28.0,28.0,8.0,68.0,24.0,132.0,160.0,8.0,52.0,20.0,56.0,276.0,36.0,20.0
P86ef73625c,1,5,6,0.1667,22,1420,64.545,16.322,7.2535,0.384,0.0,0.0,97,239,142,18.3099,0.4,21.1268,59.1549,136.6197,13.3803,59.8592,11.9718,29.5775,591.5493,10.5634,43.662,28.169,15.493,9.1549,63.3803,17.6056,129.5775,178.169,24.6479,85.9155,9.1549,33.0986,281.6901,65.493,1.4085
P1804943702,1,13,13,0.0,46,2557,55.587,15.13,10.0899,0.4028,0.0,0.0,89,468,379,-5.8662,0.34127,12.5147,62.9644,93.4689,15.2522,83.6918,6.2573,18.3809,559.2491,10.9503,33.6332,41.8459,15.6433,3.9108,81.3453,23.8561,123.1912,131.404,19.5542,77.4345,1.1732,25.0293,253.8131,64.9198,3.5197
P74d19df6a2,1,5,5,0.0,19,794,41.789,14.179,11.2091,0.43,0.0,0.0,187,576,389,28.9673,0.71212,23.9295,60.4534,90.6801,13.8539,68.0101,5.0378,42.8212,576.8262,10.0756,59.194,32.7456,15.1134,2.5189,52.8967,28.9673,137.2796,152.3929,28.9673,56.6751,2.5189,23.9295,234.2569,23.9295,13.8539
P2ad4235514,0,0,,,0,0,,,,,,,,,,,,,,,,,,,,,,,,,,,,,,,,,,,
Pd59c0506ca,1,3,3,0.0,3,177,59.0,13.615,14.1243,,0.0,0.0,1552,1559,7,129.9435,1.0,11.2994,16.9492,158.1921,11.2994,84.7458,0.0,56.4972,531.0734,0.0,141.2429,11.2994,16.9492,0.0,33.8983,5.6497,96.0452,220.339,11.2994,28.2486,0.0,5.6497,338.9831,0.0,0.0
Pc32fe4a167,1,7,8,0.125,35,2192,62.629,14.234,9.8996,0.442,0.0,0.0,89,832,743,9.5803,0.44086,15.0547,58.8504,85.3102,16.4234,74.8175,7.7555,36.9526,536.4964,9.1241,37.4088,26.9161,13.2299,8.6679,74.8175,24.1788,122.719,123.1752,19.1606,70.7117,1.8248,45.1642,234.9453,47.4453,9.1241
P22340c4458,1,6,6,0.0,18,735,40.833,10.652,10.6122,0.396,0.0,0.0,98,1178,1080,-12.2449,0.15116,16.3265,55.7823,107.483,23.1293,57.1429,9.5238,42.1769,559.1837,13.6054,17.6871,35.3741,14.966,4.0816,80.2721,40.8163,122.449,137.415,27.2109,110.2041,4.0816,29.932,254.4218,99.3197,9.5238
Pd808e1b5f8,0,0,,,0,0,,,,,,,,,,,,,,,,,,,,,,,,,,,,,,,,,,,
P10187f6389,1,15,15,0.0,81,5982,73.852,14.734,10.331,0.39491,1.6717,0.0,82,1197,1115,1.8388,0.23339,21.3975,67.5359,98.1277,17.887,69.8763,7.8569,35.4397,567.3688,10.5316,24.0722,23.4035,20.2273,6.6867,75.0585,25.5767,119.5252,134.236,22.902,99.4651,5.5165,21.2304,242.0595,79.0705,4.5135
P3e5c820c70,0,0,,,0,0,,,,,,,,,,,,,,,,,,,,,,,,,,,,,,,,,,,
Pa76a1ce248,1,11,15,0.2667,42,2705,64.405,13.195,10.9057,0.4404,0.3697,0.0,96,833,737,10.7209,0.49194,14.7874,62.1072,87.2458,13.6784,54.3438,6.2847,29.9445,541.9593,14.7874,45.1017,32.902,18.1146,7.7634,54.7135,27.7264,144.5471,147.8743,18.4843,70.2403,5.915,21.4418,231.4233,46.5804,14.0481
P2acab9acdb,1,2,2,0.0,5,308,61.6,18.118,12.3377,,0.0,0.0,92,460,368,71.4286,0.7037,12.987,68.1818,103.8961,12.987,55.1948,19.4805,45.4545,564.9351,6.4935,61.6883,6.4935,9.7403,3.2468,58.4416,25.974,136.3636,129.8701,29.2208,45.4545,6.4935,51.9481,227.2727,25.974,3.2468
P2a1ab2724b,1,6,6,0.0,19,1134,59.684,13.341,10.0529,0.393,0.0,0.0,91,468,377,6.1728,0.32323,16.7549,81.1287,82.8924,15.873,75.8377,14.9912,35.2734,558.2011,0.8818,28.2187,29.9824,8.8183,7.0547,80.2469,37.037,123.4568,106.7019,23.8095,107.5838,4.4092,48.5009,211.6402,59.0829,5.291
P9d178fdf5d,1,4,4,0.0,16,1051,65.688,15.232,11.2274,0.441,0.0,0.0,448,826,378,-14.2721,0.21176,9.5147,69.4577,92.2931,7.6118,55.1855,4.7574,17.1265,565.176,8.5633,17.1265,24.7383,10.4662,11.4177,61.8459,19.981,139.8668,116.0799,19.0295,69.4577,13.3206,38.059,212.1789,63.7488,19.981
Pba3a4faeb9,1,8,9,0.1111,25,2991,119.64,15.183,12.3704,0.4228,0.3343,0.0,80,99,19,15.3795,0.31633,16.0481,65.5299,101.6382,19.0572,61.1836,9.0271,36.777,560.682,12.0361,31.0933,20.3945,15.3795,4.3464,72.551,29.0873,125.7105,119.0237,21.7319,78.9034,8.6927,21.3975,219.659,67.2016,12.0361
Pa0580e3001,1,6,6,0.0,23,1181,51.348,12.175,11.6003,0.446,0.0,0.0,105,833,728,15.2413,0.45238,13.5478,76.2066,105.8425,22.862,65.199,13.5478,27.9424,531.7528,9.3141,32.1761,22.0152,17.7815,8.4674,73.6664,32.1761,116.8501,119.3903,19.475,61.812,4.2337,52.4979,219.3057,38.95,9.3141
Pa4877bedac,0,0,,,0,0,,,,,,,,,,,,,,,,,,,,,,,,,,,,,,,,,,,
P5f230da818,1,2,2,0.0,14,1010,72.143,10.86,11.7822,0.413,0.0,0.0,107,239,132,32.6733,0.5977,17.8218,78.2178,107.9208,19.802,37.6238,5.9406,30.6931,525.7426,11.8812,51.4851,17.8218,5.9406,6.9307,58.4158,31.6832,145.5446,121.7822,28.7129,62.3762,0.9901,15.8416,214.8515,34.6535,2.9703
P58604dcdcf,1,22,22,0.0,84,7086,84.357,16.105,11.1064,0.44429,0.5645,0.0,90,1196,1106,10.4431,0.3437,16.6526,69.9972,111.9108,17.0759,52.0745,8.4674,22.862,553.0624,8.8908,28.0835,19.8984,16.2292,6.2094,54.897,26.2489,115.0155,139.0065,21.8741,72.6785,6.7739,30.0593,229.8899,53.6269,18.4872
P49f423e70e,0,0,,,0,0,,,,,,,,,,,,,,,,,,,,,,,,,,,,,,,,,,,
P4074fe9b9e,1,4,4,0.0,11,359,32.636,13.808,10.0279,,0.0,0.0,826,1198,372,-5.571,0.14286,16.7131,58.4958,94.7075,33.4262,55.7103,16.7131,27.8552,529.2479,16.7131,11.1421,25.0696,8.3565,8.3565,55.7103,19.4986,133.7047,144.8468,36.2117,89.1365,13.9276,33.4262,247.9109,66.8524,8.3565
P7312c1c32d,1,1,1,0.0,3,182,60.667,20.222,7.6923,,0.0,0.0,1555,1555,0,16.4835,0.58333,21.978,60.4396,71.4286,16.4835,76.9231,5.4945,32.967,554.9451,10.989,76.9231,38.4615,27.4725,27.4725,93.4066,10.989,115.3846,104.3956,10.989,65.9341,10.989,27.4725,219.7802,54.9451,0.0
P96a831649e,0,0,,,0,0,,,,,,,,,,,,,,,,,,,,,,,,,,,,,,,,,,,
Pe528778159,0,0,,,0,0,,,,,,,,,,,,,,,,,,,,,,,,,,,,,,,,,,,
Pb920680006,0,0,,,0,0,,,,,,,,,,,,,,,,,,,,,,,,,,,,,,,,,,,
P80ec619552,,,,,,,,,,,,,,,,,,,,,,,,,,,,,,,,,,,,,,,,,
P982f4d9f47,1,25,25,0.0,139,9981,71.806,13.691,10.5701,0.41632,0.501,0.0,444,1562,1118,37.9721,0.46959,12.9246,76.1447,99.6894,17.4331,51.2975,13.0247,29.0552,545.3361,9.4179,47.1897,16.4312,14.4274,5.811,57.5093,20.0381,125.238,136.5595,21.7413,73.0388,8.3158,25.0476,229.4359,53.3013,3.6069
Pfafab37502,1,2,2,0.0,5,180,36.0,12.0,15.5556,,0.0,0.0,461,462,1,11.1111,0.45455,27.7778,27.7778,138.8889,11.1111,61.1111,5.5556,44.4444,561.1111,5.5556,55.5556,27.7778,33.3333,22.2222,66.6667,16.6667,122.2222,166.6667,11.1111,66.6667,5.5556,33.3333,272.2222,66.6667,0.0
P8e9f5cd10b,1,4,4,0.0,12,762,63.5,13.138,10.2362,0.446,0.0,0.0,450,941,491,23.622,0.39189,17.0604,81.3648,129.9213,13.1234,83.9895,11.811,30.1837,581.3648,13.1234,38.0577,10.4987,20.9974,15.748,59.0551,19.685,95.8005,156.168,18.3727,80.0525,7.874,15.748,253.2808,59.0551,11.811
Pe1b87bba68,1,2,2,0.0,17,812,47.765,15.321,10.7143,0.412,0.0,0.0,462,463,1,27.0936,0.38983,13.5468,71.4286,102.2167,16.0099,62.8079,20.936,28.3251,562.8079,11.0837,28.3251,16.0099,14.7783,6.1576,50.4926,41.8719,128.0788,121.9212,20.936,64.0394,4.9261,48.0296,201.9704,44.335,20.936
P7e57b76eb8,1,6,6,0.0,29,1962,67.655,14.752,11.4169,0.41133,0.5097,0.0,455,468,13,9.684,0.42328,13.7615,66.2589,88.1753,20.3874,66.2589,5.0968,37.2069,554.0265,9.684,40.7747,24.9745,13.2518,11.213,64.7299,25.9939,142.7115,126.9113,22.9358,74.9235,7.6453,35.6779,225.2803,55.5556,8.1549
Pa67da64cf8,1,4,4,0.0,10,557,55.7,14.658,12.5673,0.418,0.0,0.0,463,832,369,3.5907,0.22917,16.158,75.4039,78.9946,12.5673,62.8366,8.9767,61.0413,535.009,3.5907,19.7487,17.9533,17.9533,7.1813,96.9479,14.3627,122.0826,107.7199,17.9533,100.5386,16.158,16.158,233.3932,66.4273,12.5673
P4370ef2bf5,1,9,9,0.0,41,2745,66.951,14.758,11.8397,0.4388,0.0,0.0,455,1562,1107,10.929,0.35354,13.4791,62.6594,104.918,9.4718,54.6448,10.5647,54.2805,533.3333,10.929,25.5009,19.3078,15.6648,5.8288,56.8306,33.8798,128.5974,136.9763,28.7796,68.1239,15.6648,42.623,230.2368,46.6302,5.4645
P9ac225720c,0,0,,,0,0,,,,,,,,,,,,,,,,,,,,,,,,,,,,,,,,,,,
Pe75e4da903,0,0,,,0,0,,,,,,,,,,,,,,,,,,,,,,,,,,,,,,,,,,,
Pb571c7aa88,0,0,,,0,0,,,,,,,,,,,,,,,,,,,,,,,,,,,,,,,,,,,
Pdb78b3595b,1,8,8,0.0,23,1514,65.826,14.419,9.7094,0.40067,0.6605,0.0,90,468,378,3.3025,0.30282,15.1915,48.8771,92.4703,19.1546,81.9022,7.926,46.2351,549.5376,13.21,28.4016,23.1176,11.2285,9.9075,62.0872,26.4201,118.2299,135.4029,21.1361,83.2232,10.568,27.7411,222.5892,65.3897,13.8705
P0d567b6867,1,8,8,0.0,20,1228,61.4,13.348,12.215,0.399,0.0,0.0,82,104,22,17.101,0.32353,20.3583,71.6612,109.9349,22.8013,38.2736,8.9577,41.5309,565.1466,4.0717,26.873,16.2866,15.4723,2.443,74.1042,34.202,122.9642,133.5505,22.8013,80.6189,4.0717,27.6873,240.228,56.1889,17.9153
Pea59b43adb,1,4,4,0.0,25,1509,60.36,13.595,11.0007,0.40867,1.9881,0.0,89,99,10,8.615,0.34146,19.218,52.3526,74.884,13.9165,61.6302,5.9642,32.4718,540.0928,5.9642,37.1107,25.8449,13.2538,8.615,82.1736,24.5195,128.562,135.8516,23.8569,88.1378,5.9642,29.1584,240.5567,71.5706,8.615
P7697c4ecb8,1,5,5,0.0,9,611,67.889,16.079,9.6563,0.396,0.0,0.0,98,1553,1455,8.1833,0.34783,27.8232,75.2864,65.4664,21.2766,60.5565,9.82,65.4664,523.7316,8.1833,26.1866,19.6399,4.91,8.1833,52.3732,27.8232,142.3895,119.4763,29.4599,68.7398,1.6367,18.0033,199.6727,49.0998,11.4566
Pfde95d41d3,1,6,6,0.0,17,1875,110.294,18.029,12.2667,0.42333,0.0,0.0,98,1198,1100,11.7333,0.42073,19.7333,66.6667,99.7333,21.3333,62.4,9.6,35.7333,552.0,10.1333,36.8,28.2667,9.0667,6.4,54.4,21.8667,141.8667,146.1333,32.0,61.8667,12.2667,18.1333,234.6667,50.6667,3.7333
P4396f0664b,1,8,9,0.1111,33,1643,49.788,11.49,11.0773,0.418,0.6086,0.0,80,468,388,27.3889,0.57595,17.042,49.9087,110.1643,18.2593,45.0396,7.9124,48.6914,544.1266,6.6951,55.3865,24.3457,24.3457,11.5642,58.4297,14.6074,120.5113,162.5076,10.9556,58.4297,6.0864,21.3025,263.5423,40.7791,17.042
Pc5ec91aab0,1,4,4,0.0,8,546,68.25,21.84,7.5092,0.398,0.0,0.0,90,469,379,21.978,0.53448,10.989,62.2711,100.7326,34.7985,73.2601,7.326,25.641,567.7656,7.326,56.7766,32.967,10.989,9.1575,54.9451,23.8095,113.5531,170.3297,23.8095,86.0806,21.978,18.315,271.0623,49.4505,9.1575
Pe204bd6fa0,0,0,,,0,0,,,,,,,,,,,,,,,,,,,,,,,,,,,,,,,,,,,
Pd13759b893,1,2,2,0.0,9,347,38.556,9.132,9.7983,,0.0,0.0,1926,1927,1,63.4006,0.61364,0.0,57.6369,132.5648,11.5274,40.3458,11.5274,43.2277,561.9597,0.0,77.8098,23.0548,60.5187,2.8818,95.1009,23.0548,103.7464,172.9107,8.6455,66.2824,0.0,34.5821,282.4207,48.9914,11.5274
Pd9320fa884,0,0,,,0,0,,,,,,,,,,,,,,,,,,,,,,,,,,,,,,,,,,,
P00fdb72e43,1,5,5,0.0,18,1266,70.333,14.721,10.7425,0.426,0.7899,0.0,104,469,365,14.218,0.26866,15.0079,60.8215,106.6351,5.5292,75.0395,12.6382,30.8057,537.9147,9.4787,28.436,15.7978,7.8989,11.0585,90.8373,34.7551,116.1137,103.4755,16.5877,97.9463,6.3191,23.6967,231.4376,77.4092,5.5292
P4d32b8b12e,0,0,,,0,0,,,,,,,,,,,,,,,,,,,,,,,,,,,,,,,,,,,
P420fe29f13,1,2,2,0.0,6,210,35.0,12.353,10.4762,,0.0,0.0,106,468,362,-14.2857,0.26316,9.5238,66.6667,71.4286,4.7619,47.619,0.0,28.5714,538.0952,9.5238,23.8095,33.3333,9.5238,4.7619,85.7143,19.0476,133.3333,185.7143,9.5238,66.6667,0.0,42.8571,295.2381,66.6667,23.8095
P6358a22feb,1,2,2,0.0,6,301,50.167,13.087,13.6213,,0.0,0.0,86,104,18,-9.9668,0.14286,13.289,63.1229,79.7342,13.289,69.7674,16.6113,39.8671,554.8173,13.289,16.6113,33.2226,16.6113,9.9668,89.701,23.2558,119.6013,96.3455,33.2226,126.2458,6.6445,23.2558,202.6578,99.6678,0.0
Pcac223d7f8,,,,,,,,,,,,,,,,,,,,,,,,,,,,,,,,,,,,,,,,,
P5fd682a91b,1,3,3,0.0,15,554,36.933,8.794,9.7473,0.406,1.8051,0.0,103,105,2,34.296,0.53704,36.1011,59.5668,128.1588,27.0758,45.1264,12.6354,41.5162,543.3213,7.2202,52.3466,12.6354,23.4657,18.0505,52.3466,46.9314,102.8881,173.2852,19.8556,79.4224,3.6101,39.7112,252.7076,45.1264,18.0505
Pba3d18fabf,1,2,2,0.0,4,310,77.5,17.222,10.6452,,0.0,0.0,95,97,2,16.129,0.5,22.5806,93.5484,74.1935,12.9032,51.6129,12.9032,38.7097,554.8387,3.2258,38.7097,29.0323,12.9032,6.4516,67.7419,9.6774,161.2903,96.7742,22.5806,70.9677,3.2258,35.4839,196.7742,38.7097,0.0
P2cac6d11e4,1,4,4,0.0,9,329,36.556,12.185,10.6383,,0.0,0.0,112,1204,1092,-21.2766,0.25,18.2371,72.9483,82.0669,6.079,54.7112,0.0,57.7508,495.4407,0.0,18.2371,24.3161,6.079,15.1976,60.7903,39.5137,121.5805,127.6596,21.2766,85.1064,6.079,12.1581,234.0426,54.7112,6.079
P7dfb5a7395,0,0,,,0,0,,,,,,,,,,,,,,,,,,,,,,,,,,,,,,,,,,,
P73cc673745,1,4,4,0.0,11,443,40.273,11.658,14.447,,2.2573,0.0,97,103,6,24.8307,0.30612,11.2867,83.5214,115.1242,11.2867,51.9187,11.2867,33.86,530.474,9.0293,33.86,11.2867,6.772,9.0293,69.9774,45.1467,112.8668,162.5282,20.316,119.6388,0.0,20.316,277.6524,76.7494,4.5147
P95ea622240,1,3,4,0.25,5,270,54.0,11.739,8.1481,,0.0,0.0,106,469,363,48.1481,0.5,18.5185,70.3704,85.1852,18.5185,44.4444,3.7037,11.1111,559.2593,7.4074,62.963,7.4074,14.8148,11.1111,74.0741,33.3333,140.7407,114.8148,29.6296,66.6667,0.0,37.037,229.6296,62.963,0.0
Pf0bc046ece,1,4,5,0.2,14,1430,102.143,17.024,12.3776,0.422,0.0,0.0,97,239,142,34.965,0.50955,18.8811,72.028,101.3986,9.0909,48.951,6.2937,23.7762,559.4406,9.7902,55.9441,20.979,6.2937,6.2937,47.5524,30.7692,155.2448,137.0629,20.2797,85.3147,7.6923,18.8811,218.8811,53.8462,4.1958
P163e85d6f0,1,12,12,0.0,55,4278,77.782,13.163,10.7994,0.415,0.0,0.0,96,468,372,27.583,0.45958,9.5839,55.3997,114.7733,28.2842,54.2309,15.4278,33.4268,545.8158,18.7003,46.5171,29.2193,14.0252,5.1426,51.1921,20.1029,134.1748,167.1342,28.0505,71.5288,10.2852,22.4404,254.5582,54.6985,4.2076
P705a98169f,1,1,1,0.0,2,163,81.5,16.3,12.2699,,0.0,0.0,106,106,0,6.135,0.22222,6.135,67.4847,134.9693,12.2699,55.2147,6.135,30.6748,570.5521,6.135,24.5399,24.5399,0.0,0.0,85.8896,24.5399,116.5644,141.1043,42.9448,104.2945,30.6748,24.5399,294.4785,85.8896,0.0
P35bbbcf03e,0,0,1,1.0,0,0,,,,,,,,,,,,,,,,,,,,,,,,,,,,,,,,,,,
P1ee493f763,0,0,,,0,0,,,,,,,,,,,,,,,,,,,,,,,,,,,,,,,,,,,
Pc0a7512363,0,0,,,0,0,,,,,,,,,,,,,,,,,,,,,,,,,,,,,,,,,,,
Pcdc707f847,1,11,11,0.0,39,2279,58.436,15.937,9.6095,0.4065,0.4388,0.0,103,833,730,26.7661,0.5,7.8982,75.0329,94.7784,16.2352,53.5323,8.7758,40.3686,555.5068,9.2146,46.5116,23.6946,12.2861,4.8267,67.5735,21.0619,134.2694,129.8815,25.8885,69.7674,4.8267,21.9394,229.0478,46.5116,11.8473
P10d6b2ba68,0,0,,,0,0,,,,,,,,,,,,,,,,,,,,,,,,,,,,,,,,,,,
P1223e5ee2c,1,8,8,0.0,32,2862,89.438,14.029,12.0894,0.4248,0.3494,0.0,1551,1676,125,13.2774,0.30492,14.3256,78.2669,91.8938,16.4221,56.6038,10.8316,17.4703,564.9895,13.9762,32.4948,24.4584,14.6751,5.5905,63.5919,23.7596,139.0636,132.4249,24.4584,100.9783,3.4941,30.3983,220.8246,74.0741,3.1447
P8bea6ece5d,1,2,2,0.0,12,492,41.0,15.871,8.3333,,2.0325,0.0,1552,1558,6,40.6504,0.41176,14.2276,50.813,130.0813,10.1626,65.0407,12.1951,46.748,613.8211,4.065,42.6829,10.1626,24.3902,4.065,81.3008,38.6179,128.0488,121.9512,26.4228,87.3984,8.1301,44.7154,233.7398,60.9756,4.065
Paec8fae19e,1,1,1,0.0,3,221,73.667,18.417,13.5747,,0.0,0.0,1561,1561,0,72.3982,0.60714,9.0498,49.7738,117.6471,4.5249,67.8733,13.5747,45.2489,552.0362,0.0,76.9231,9.0498,54.2986,9.0498,95.0226,13.5747,108.5973,113.1222,13.5747,85.9729,9.0498,9.0498,248.8688,49.7738,0.0
P5a43e18763,0,0,,,0,0,,,,,,,,,,,,,,,,,,,,,,,,,,,,,,,,,,,
P122cdb8b56,1,2,2,0.0,6,312,52.0,10.759,11.2179,,0.0,0.0,460,1925,1465,67.3077,0.63636,22.4359,73.7179,121.7949,12.8205,51.2821,16.0256,35.2564,589.7436,9.6154,67.3077,12.8205,9.6154,3.2051,64.1026,16.0256,134.6154,137.8205,35.2564,51.2821,6.4103,38.4615,243.5897,38.4615,6.4103
Pd3b81c81b9,0,0,,,0,0,,,,,,,,,,,,,,,,,,,,,,,,,,,,,,,,,,,
P8df71877a2,1,3,3,0.0,17,1491,87.706,17.964,9.5909,0.437,0.0,0.0,1547,1674,127,8.0483,0.36752,13.4138,69.0812,85.8484,23.4742,64.3863,9.3897,28.8397,531.1871,8.719,28.8397,23.4742,13.4138,6.7069,61.0329,19.45,129.4433,117.3709,25.4863,78.4708,11.4017,20.7914,217.3038,49.6311,17.438
P5aa610b7ff,0,0,,,0,0,,,,,,,,,,,,,,,,,,,,,,,,,,,,,,,,,,,
P3fe5b0aa24,0,0,,,0,0,,,,,,,,,,,,,,,,,,,,,,,,,,,,,,,,,,,
Pfaef4e4fa0,0,0,,,0,0,,,,,,,,,,,,,,,,,,,,,,,,,,,,,,,,,,,
Pbced5f5600,0,0,,,0,0,,,,,,,,,,,,,,,,,,,,,,,,,,,,,,,,,,,
Pb8664aec2d,0,0,,,0,0,,,,,,,,,,,,,,,,,,,,,,,,,,,,,,,,,,,
Pac86c1698b,0,0,,,0,0,,,,,,,,,,,,,,,,,,,,,,,,,,,,,,,,,,,
Pf135ac542c,1,2,2,0.0,5,315,63.0,12.115,8.254,,0.0,0.0,1188,1190,2,69.8413,0.70588,6.3492,69.8413,76.1905,3.1746,63.4921,9.5238,57.1429,565.0794,15.873,76.1905,15.873,9.5238,0.0,79.3651,28.5714,158.7302,120.6349,15.873,63.4921,19.0476,69.8413,231.746,31.746,0.0
Pbe8ddcfedd,0,0,,,0,0,,,,,,,,,,,,,,,,,,,,,,,,,,,,,,,,,,,
P6354170b78,0,0,,,0,0,,,,,,,,,,,,,,,,,,,,,,,,,,,,,,,,,,,
Pb57f8a063b,0,0,,,0,0,,,,,,,,,,,,,,,,,,,,,,,,,,,,,,,,,,,
Pe000f38dce,1,4,4,0.0,11,647,58.818,13.766,8.9645,0.334,1.5456,0.0,92,105,13,3.0912,0.39286,10.8192,51.0046,109.7372,24.7295,41.7311,7.728,66.4606,531.6847,13.9104,34.0031,30.9119,13.9104,7.728,18.5471,12.3648,140.6491,213.2921,20.0927,69.5518,6.1824,51.0046,275.1159,52.5502,12.3648
Pe10b161d55,,,,,,,,,,,,,,,,,,,,,,,,,,,,,,,,,,,,,,,,,
P280da25d92,0,0,,,0,0,,,,,,,,,,,,,,,,,,,,,,,,,,,,,,,,,,,
P518109d62a,0,0,,,0,0,,,,,,,,,,,,,,,,,,,,,,,,,,,,,,,,,,,
P42302cf51e,1,2,2,0.0,3,61,20.333,8.714,13.1148,,0.0,0.0,106,212,106,16.3934,0.85714,65.5738,32.7869,114.7541,0.0,81.9672,0.0,81.9672,491.8033,0.0,98.3607,49.1803,16.3934,32.7869,0.0,49.1803,114.7541,229.5082,0.0,49.1803,16.3934,16.3934,295.082,16.3934,0.0
P9f172daeb6,0,0,,,0,0,,,,,,,,,,,,,,,,,,,,,,,,,,,,,,,,,,,
P70f8b46029,1,1,1,0.0,6,410,68.333,17.083,13.1707,,0.0,0.0,98,98,0,14.6341,0.22222,9.7561,56.0976,114.6341,31.7073,95.122,17.0732,39.0244,548.7805,9.7561,19.5122,21.9512,14.6341,0.0,39.0244,14.6341,92.6829,170.7317,29.2683,92.6829,4.878,19.5122,251.2195,68.2927,9.7561
P1f842c307e,1,1,1,0.0,2,37,18.5,6.167,8.1081,,0.0,0.0,471,471,0,27.027,0.5,54.0541,108.1081,54.0541,0.0,0.0,0.0,0.0,567.5676,0.0,81.0811,27.027,54.0541,27.027,81.0811,81.0811,135.1351,54.0541,0.0,108.1081,0.0,0.0,162.1622,81.0811,0.0
Pa34ab286f7,1,13,13,0.0,55,2851,51.836,12.081,10.9435,0.4132,0.7015,0.0,98,832,734,36.8292,0.52013,14.0302,61.382,99.9649,12.9779,59.6282,9.1196,46.6503,534.5493,8.0673,54.3669,17.187,21.0452,9.4704,83.1287,31.2171,109.0845,125.9207,22.0975,66.994,4.5598,33.6724,242.0203,50.1578,3.8583
P334022cd7d,0,0,,,0,0,,,,,,,,,,,,,,,,,,,,,,,,,,,,,,,,,,,
P097ac7e3e1,0,0,,,0,0,,,,,,,,,,,,,,,,,,,,,,,,,,,,,,,,,,,
P55d017c927,1,3,3,0.0,11,390,35.455,11.143,10.0,,0.0,0.0,103,105,2,110.2564,0.86538,17.9487,43.5897,107.6923,20.5128,35.8974,12.8205,48.7179,551.2821,7.6923,115.3846,12.8205,12.8205,5.1282,69.2308,15.3846,92.3077,125.641,35.8974,41.0256,0.0,23.0769,233.3333,17.9487,2.5641
P42b9d239c3,,,,,,,,,,,,,,,,,,,,,,,,,,,,,,,,,,,,,,,,,
Pcaa6f4e965,0,0,,,0,0,,,,,,,,,,,,,,,,,,,,,,,,,,,,,,,,,,,
Pae17b87a4a,0,0,,,0,0,,,,,,,,,,,,,,,,,,,,,,,,,,,,,,,,,,,
Pd4282e2cb6,1,3,3,0.0,24,2010,83.75,12.108,11.4428,0.3945,0.0,0.0,98,106,8,62.6866,0.66197,15.9204,59.204,106.9652,21.8905,55.2239,11.9403,31.3433,548.2587,7.4627,70.1493,11.4428,15.9204,7.9602,60.6965,31.8408,118.9055,140.796,25.8706,60.199,3.9801,23.3831,232.8358,35.8209,11.4428
P35e592001a,0,0,,,0,0,,,,,,,,,,,,,,,,,,,,,,,,,,,,,,,,,,,
P6f990ff013,1,1,1,0.0,2,124,62.0,15.5,8.871,,0.0,0.0,89,89,0,-24.1935,0.16667,32.2581,112.9032,104.8387,16.129,56.4516,24.1935,24.1935,572.5806,24.1935,16.129,40.3226,16.129,24.1935,48.3871,24.1935,145.1613,145.1613,40.3226,88.7097,0.0,32.2581,233.871,80.6452,0.0
P4467431c36,1,7,7,0.0,37,1645,44.459,13.595,9.2401,0.406,1.8237,0.0,96,105,9,24.3161,0.49468,13.9818,46.2006,86.9301,15.8055,78.4195,7.2948,38.2979,543.465,12.1581,56.535,27.9635,16.4134,11.5502,57.1429,17.6292,106.383,185.4103,21.2766,81.459,4.2553,38.2979,278.4195,57.7508,9.1185
P946b6a7bec,1,6,6,0.0,24,1651,68.792,13.533,9.6911,0.41,0.0,0.0,91,104,13,9.0854,0.23288,19.9879,61.7807,90.2483,16.3537,59.358,12.7196,45.427,549.9697,7.2683,20.5936,23.622,13.3253,0.6057,68.4434,23.0164,142.338,141.7323,34.5245,88.4313,5.4512,41.1872,241.6717,67.8377,10.9025
Peb77360d78,1,14,14,0.0,41,2533,61.78,12.005,10.5803,0.4156,0.7896,0.0,80,819,739,22.8977,0.50644,17.3707,48.9538,100.2764,18.1603,59.6131,11.8437,44.6111,549.546,9.0801,46.5851,26.0561,14.6072,9.4749,48.9538,28.8196,116.8575,163.4426,27.6352,73.0359,6.3166,46.1903,245.1638,45.4007,13.4228
P50c2524b85,1,6,6,0.0,23,1038,45.13,14.417,8.7669,0.414,0.0,0.0,91,104,13,38.5356,0.51754,38.5356,52.0231,110.79,13.4875,61.657,13.4875,29.8651,561.657,8.6705,56.8401,15.4143,18.3044,16.3776,71.2909,24.0848,126.2042,146.4355,29.8651,75.1445,4.817,18.3044,246.6281,52.9865,10.5973
P57ab80ef44,1,12,12,0.0,48,1863,38.812,9.91,10.9501,0.42333,0.5368,0.0,95,469,374,31.6694,0.39506,17.7134,56.3607,108.4273,15.5663,48.8459,13.4192,39.1841,558.2394,9.1251,51.5298,23.6178,24.6914,9.6618,66.5593,32.2061,119.6994,152.4423,29.5223,96.0816,8.0515,33.2797,247.4503,78.905,1.0735
P6ab3598ab0,1,4,4,0.0,26,1332,51.231,15.488,10.0601,0.418,0.0,0.0,105,603,498,44.2943,0.55147,18.7688,60.8108,98.3483,16.5165,66.8168,8.2583,47.2973,565.3153,12.7628,56.3063,14.2643,11.2613,6.006,57.8078,18.7688,127.6276,138.1381,28.5285,63.8138,5.2553,26.2763,226.7267,45.7958,4.5045
P17f11f33c2,1,1,1,0.0,3,159,53.0,11.357,5.0314,,0.0,0.0,105,105,0,56.6038,0.53333,0.0,31.4465,150.9434,12.5786,44.0252,25.1572,44.0252,591.195,0.0,50.3145,6.2893,6.2893,12.5786,100.6289,62.8931,144.6541,94.3396,12.5786,56.6038,0.0,69.1824,251.5723,44.0252,6.2893
Pcabff956fe,0,0,,,0,0,,,,,,,,,,,,,,,,,,,,,,,,,,,,,,,,,,,
P1f3e01b488,1,2,2,0.0,8,164,20.5,10.25,11.5854,,0.0,0.0,98,99,1,85.3659,0.8,30.4878,60.9756,103.6585,6.0976,60.9756,6.0976,67.0732,542.6829,6.0976,97.561,6.0976,0.0,12.1951,54.878,30.4878,103.6585,134.1463,18.2927,36.5854,6.0976,18.2927,250.0,24.3902,6.0976
P58e5b2eaa8,1,5,5,0.0,24,1215,50.625,13.652,10.4527,0.375,0.0,0.0,80,469,389,36.214,0.62205,9.0535,65.8436,95.4733,15.6379,59.2593,9.8765,37.037,558.8477,9.0535,65.0206,32.9218,18.93,5.7613,83.1276,14.8148,116.8724,127.572,23.8683,64.1975,6.5844,19.7531,241.9753,39.5062,13.1687
P5e4a09f56c,1,2,2,0.0,5,566,113.2,19.517,13.7809,0.458,0.0,0.0,98,99,1,26.5018,0.76667,3.5336,65.371,104.2403,30.0353,65.371,10.6007,30.0353,556.5371,7.0671,40.636,19.4346,10.6007,5.3004,51.2367,8.8339,120.1413,125.4417,14.1343,33.5689,8.8339,22.9682,212.0141,12.3675,15.9011
P26d2a90c5b,1,3,3,0.0,8,489,61.125,11.643,12.6789,,0.0,0.0,112,468,356,20.4499,0.51111,4.09,65.4397,130.8793,28.6299,40.8998,14.3149,26.5849,576.6871,10.2249,47.0348,26.5849,51.1247,14.3149,102.2495,12.2699,130.8793,151.3292,20.4499,71.5746,8.18,26.5849,280.1636,44.9898,0.0
P82bbff96e6,1,3,3,0.0,11,830,75.455,24.412,9.2771,0.388,1.2048,0.0,239,450,211,49.3976,0.625,32.5301,61.4458,84.3373,12.0482,55.4217,6.0241,50.6024,567.4699,1.2048,66.2651,13.253,13.253,9.6386,67.4699,25.3012,125.3012,109.6386,25.3012,48.1928,12.0482,16.8675,204.8193,39.759,27.7108
Pdb9cad4004,1,25,25,0.0,136,11520,84.706,16.434,10.7986,0.41678,0.0868,0.04,88,1172,1084,13.7153,0.49017,10.8507,73.0035,113.1944,13.0208,71.7014,10.2431,34.2014,576.8229,7.7257,32.4653,22.309,14.2361,6.684,45.0521,18.9236,134.2014,146.1806,24.566,58.5069,5.816,36.4583,224.1319,33.7674,14.5833
P4d03279429,0,0,,,0,0,,,,,,,,,,,,,,,,,,,,,,,,,,,,,,,,,,,
P75b2e5cfed,1,7,7,0.0,34,1491,43.853,12.529,7.9142,0.4,0.6707,0.0,100,551,451,33.5345,0.4321,17.438,49.6311,111.3347,25.4863,71.0932,14.7552,51.6432,557.3441,11.4017,46.9484,23.4742,15.4259,4.6948,60.3622,29.5104,107.9812,151.5761,35.5466,76.4588,7.3776,30.1811,238.7659,61.7036,4.0241
Pf271325d7b,0,0,,,0,0,,,,,,,,,,,,,,,,,,,,,,,,,,,,,,,,,,,
P5da3d9ffcd,1,13,13,0.0,49,2271,46.347,11.89,12.4615,0.4265,1.321,0.0,89,826,737,40.9511,0.64516,23.3377,67.8115,106.1207,24.2184,68.2519,7.4857,46.6755,542.9326,14.0907,52.8402,14.9714,19.3747,4.4033,46.6755,46.2351,116.2483,137.8247,30.3831,44.4738,11.889,14.531,208.7186,29.0621,14.0907
Pf507011aa5,1,8,8,0.0,26,1686,64.846,15.327,11.7438,0.45667,0.0,0.0,98,476,378,33.8078,0.53488,6.5243,72.9537,103.796,14.828,58.7189,8.3037,33.8078,550.4152,2.3725,40.9253,14.828,16.6074,0.5931,64.0569,21.3523,124.5552,131.0795,25.5042,53.9739,8.3037,36.1803,224.7924,35.5872,15.4211
P8926a62cc8,1,3,3,0.0,11,432,39.273,14.897,14.5833,,0.0,0.0,92,97,5,2.3148,0.18519,4.6296,74.0741,92.5926,18.5185,53.2407,13.8889,23.1481,548.6111,18.5185,23.1481,25.463,6.9444,9.2593,41.6667,16.2037,125.0,150.463,20.8333,143.5185,6.9444,27.7778,247.6852,101.8519,9.2593
Pbe6b6d05a9,,,,,,,,,,,,,,,,,,,,,,,,,,,,,,,,,,,,,,,,,
P61add2364f,0,0,,,0,0,,,,,,,,,,,,,,,,,,,,,,,,,,,,,,,,,,,
P688b157768,1,2,2,0.0,4,259,64.75,14.389,15.0579,,0.0,0.0,89,90,1,30.888,0.89474,23.166,61.7761,84.9421,23.166,77.2201,7.722,61.7761,544.4015,3.861,65.6371,34.749,3.861,7.722,104.2471,11.583,135.1351,61.7761,7.722,27.027,3.861,34.749,223.9382,7.722,3.861
Pf5ec6d144b,0,0,,,0,0,,,,,,,,,,,,,,,,,,,,,,,,,,,,,,,,,,,
P15b5ca7021,1,18,18,0.0,56,2535,45.268,9.53,9.8619,0.4244,0.789,0.0,90,833,743,-4.3393,0.29289,17.7515,64.2998,111.2426,21.6963,40.2367,9.4675,29.1913,545.9566,15.7791,27.6134,32.3471,16.9625,9.073,54.0434,22.8797,124.2604,158.9744,22.8797,87.1795,5.9172,31.1637,245.3649,66.6667,15.3846
P9f769e6678,1,22,23,0.0435,111,8381,75.505,12.343,12.0272,0.404,0.7159,0.0,80,819,739,38.6589,0.49876,23.0283,58.9428,119.9141,23.3862,51.1872,14.6761,42.9543,550.0537,9.1874,48.085,17.4204,17.301,6.6818,43.3123,35.0793,113.4709,169.0729,26.8464,73.2609,3.1023,33.6475,242.3339,48.3236,8.1136
P15b4774186,,,,,,,,,,,,,,,,,,,,,,,,,,,,,,,,,,,,,,,,,
Pb53e68dfee,0,0,,,0,0,,,,,,,,,,,,,,,,,,,,,,,,,,,,,,,,,,,
Pd064221ae2,0,0,,,0,0,,,,,,,,,,,,,,,,,,,,,,,,,,,,,,,,,,,
P9106a597f3,,,,,,,,,,,,,,,,,,,,,,,,,,,,,,,,,,,,,,,,,
P8eec131338,1,3,3,0.0,4,336,84.0,16.0,6.25,,0.0,0.0,98,469,371,-2.9762,0.27273,11.9048,71.4286,59.5238,11.9048,83.3333,17.8571,83.3333,538.6905,14.881,17.8571,14.881,11.9048,23.8095,65.4762,11.9048,142.8571,83.3333,29.7619,59.5238,26.7857,41.6667,166.6667,47.619,8.9286
Pefc5241948,0,0,,,0,0,,,,,,,,,,,,,,,,,,,,,,,,,,,,,,,,,,,
P379ec45447,0,0,,,0,0,,,,,,,,,,,,,,,,,,,,,,,,,,,,,,,,,,,
P3e065b4b4e,0,0,,,0,0,,,,,,,,,,,,,,,,,,,,,,,,,,,,,,,,,,,
Pe581c6d22f,,,,,,,,,,,,,,,,,,,,,,,,,,,,,,,,,,,,,,,,,
P8ecb19c544,1,2,2,0.0,7,399,57.0,13.759,9.0226,,0.0,0.0,96,97,1,12.5313,0.39535,20.0501,55.1378,120.3008,27.5689,55.1378,2.5063,45.1128,551.3784,10.0251,42.6065,30.0752,12.5313,2.5063,50.1253,15.0376,137.8446,220.5514,37.594,87.7193,7.5188,7.5188,290.7268,65.1629,2.5063
P27d264f43c,1,1,1,0.0,4,237,59.25,18.231,13.0802,,0.0,0.0,460,460,0,8.4388,0.33333,50.6329,54.8523,71.73,8.4388,84.3882,12.6582,67.5105,506.3291,16.8776,29.5359,12.6582,21.097,21.097,16.8776,25.3165,109.7046,164.557,29.5359,84.3882,21.097,21.097,215.1899,59.0717,4.2194
P0ca52587ca,1,3,3,0.0,9,411,45.667,17.87,10.7056,,2.4331,0.0,83,89,6,38.9294,0.56522,26.764,68.1265,82.7251,24.3309,63.2603,9.7324,63.2603,491.4842,17.0316,63.2603,24.3309,7.2993,9.7324,75.4258,17.0316,85.1582,121.6545,14.5985,58.3942,7.2993,36.4964,255.4745,48.6618,0.0
P6786e0dd88,1,6,6,0.0,22,734,33.364,10.338,8.7193,0.44,0.0,0.0,96,915,819,16.3488,0.35,9.5368,79.0191,102.1798,20.436,49.0463,14.9864,20.436,549.0463,5.4496,28.6104,19.0736,16.3488,8.1744,91.2807,29.9728,115.8038,106.267,32.6975,73.5695,14.9864,43.5967,223.4332,53.1335,4.0872
P1a46c41bff,1,3,4,0.25,5,232,46.4,14.5,6.8966,,0.0,0.0,105,470,365,34.4828,0.52,30.1724,43.1034,112.069,17.2414,81.8966,30.1724,73.2759,547.4138,8.6207,56.0345,38.7931,25.8621,12.931,51.7241,17.2414,125.0,181.0345,21.5517,73.2759,4.3103,8.6207,262.931,51.7241,8.6207
Pa129b1725d,1,3,3,0.0,14,684,48.857,12.0,10.2339,0.394,0.0,0.0,111,475,364,33.6257,0.68354,21.9298,54.0936,115.4971,13.1579,49.7076,1.462,35.0877,554.0936,17.5439,78.9474,43.8596,4.386,2.924,77.4854,38.0117,137.4269,169.5906,11.6959,55.5556,5.848,40.9357,283.6257,36.5497,5.848
Peef8948765,1,11,11,0.0,56,4238,75.679,13.161,10.4766,0.431,0.7079,0.0,90,551,461,3.3034,0.35962,12.9778,59.2261,111.3733,15.1015,54.5068,8.4946,36.1019,556.8664,9.6744,26.8995,23.596,14.1576,8.4946,56.3945,24.5399,130.4861,149.8348,25.4837,67.2487,6.135,42.7088,242.8032,47.9,14.1576
P1597c7370a,1,7,7,0.0,36,1674,46.5,15.081,10.1553,0.412,0.5974,0.0,98,817,719,23.8949,0.39535,14.9343,44.8029,102.1505,19.1159,69.8925,10.7527,37.6344,568.1004,9.5579,40.6213,23.2975,10.1553,4.1816,40.6213,22.7001,130.8244,163.0824,31.0633,86.6189,11.3501,18.5185,233.5723,62.1266,11.3501
Paa92a86ff3,1,1,1,0.0,2,145,72.5,16.111,11.0345,,0.0,0.0,467,467,0,20.6897,0.5,0.0,89.6552,75.8621,34.4828,55.1724,6.8966,27.5862,462.069,6.8966,34.4828,20.6897,13.7931,0.0,34.4828,41.3793,89.6552,165.5172,13.7931,75.8621,0.0,6.8966,227.5862,34.4828,13.7931
P5ff9cbca0f,0,0,,,0,0,,,,,,,,,,,,,,,,,,,,,,,,,,,,,,,,,,,
P3e655a07ed,1,2,2,0.0,7,402,57.429,12.562,15.4229,,0.0,0.0,105,460,355,19.9005,0.35897,29.8507,54.7264,89.5522,4.9751,57.2139,9.9502,37.3134,507.4627,9.9502,34.8259,19.9005,9.9502,4.9751,47.2637,12.4378,136.8159,146.7662,12.4378,99.5025,12.4378,19.9005,228.8557,62.1891,2.4876
Pbb5225b691,0,0,,,0,0,,,,,,,,,,,,,,,,,,,,,,,,,,,,,,,,,,,
Pb5f59c2405,1,6,6,0.0,21,1037,49.381,15.478,10.2218,0.418,0.0,0.0,100,941,841,32.7869,0.54023,27.9653,75.217,94.5034,13.5005,67.5024,13.5005,37.6085,567.9846,3.8573,45.323,17.3578,9.6432,8.6789,33.7512,39.5371,134.0405,135.9691,25.0723,52.0733,8.6789,22.1794,215.0434,38.5728,8.6789
P004efe3965,1,6,6,0.0,12,648,54.0,14.087,11.2654,0.446,0.0,0.0,105,834,729,58.642,0.70175,7.716,75.6173,112.6543,10.8025,57.0988,21.6049,37.037,564.8148,18.5185,61.7284,20.0617,13.8889,4.6296,44.7531,24.6914,131.1728,152.7778,21.6049,44.7531,7.716,33.9506,229.9383,26.2346,3.0864
P4f854a47d9,0,0,,,0,0,,,,,,,,,,,,,,,,,,,,,,,,,,,,,,,,,,,
Pb88771c23a,1,10,11,0.0909,59,4267,72.322,13.009,12.4912,0.408,0.0,0.0,1187,1669,482,24.6075,0.34038,17.108,53.199,116.0066,22.4982,60.2297,11.0148,34.9191,555.6597,6.3276,33.9817,15.7019,17.3424,4.6871,51.3241,34.2161,130.771,147.176,21.7952,96.0862,6.7963,27.1854,236.2315,65.8542,9.843
P7ab7e9a49e,0,0,,,0,0,,,,,,,,,,,,,,,,,,,,,,,,,,,,,,,,,,,
Pb2b564e4f2,0,0,,,0,0,,,,,,,,,,,,,,,,,,,,,,,,,,,,,,,,,,,
P55c2defaf8,0,0,,,0,0,,,,,,,,,,,,,,,,,,,,,,,,,,,,,,,,,,,
Pf5a8190f4f,1,11,12,0.0833,48,3676,76.583,13.565,10.6094,0.42743,0.272,0.0,459,1191,732,2.9924,0.40927,20.1306,78.6181,105.5495,10.0653,54.951,8.161,16.5941,550.3264,11.4255,28.8357,26.6594,23.9391,7.3449,50.8705,28.8357,139.2818,144.9946,14.6899,61.2078,5.1687,28.0196,231.7737,41.6213,19.8585
Pf3d3c05896,1,5,7,0.2857,22,882,40.091,15.75,11.7914,0.426,2.2676,0.0,453,831,378,32.8798,0.61728,21.542,60.0907,86.1678,19.2744,68.0272,14.7392,26.0771,544.2177,11.3379,56.6893,31.746,9.0703,6.8027,65.7596,36.2812,122.449,123.5828,15.873,62.3583,3.4014,57.8231,226.7574,35.1474,6.8027
Pf3241f5074,1,6,6,0.0,18,1131,62.833,13.0,11.0522,0.442,0.0,0.0,461,1925,1464,7.0734,0.28421,20.336,68.0813,108.7533,15.0309,76.9231,12.3784,30.0619,554.3767,7.9576,23.8727,22.1043,10.6101,7.0734,81.3439,27.4094,109.6375,129.0893,16.7993,84.8806,6.1892,22.9885,246.6844,60.1238,9.7259
P9bb134b52c,,,,,,,,,,,,,,,,,,,,,,,,,,,,,,,,,,,,,,,,,
Pa84706eb34,0,0,,,0,0,,,,,,,,,,,,,,,,,,,,,,,,,,,,,,,,,,,
P3f77f707c0,1,4,4,0.0,13,595,45.769,10.439,9.5798,0.37,0.0,0.0,99,462,363,20.1681,0.38776,21.8487,78.9916,112.605,15.1261,53.7815,10.084,28.5714,564.7059,11.7647,31.9328,13.4454,26.8908,8.4034,26.8908,28.5714,129.4118,168.0672,18.4874,75.6303,5.042,45.3782,220.1681,50.4202,6.7227
Pa08fe4841f,1,2,2,0.0,3,144,48.0,14.4,15.9722,,0.0,0.0,89,98,9,20.8333,0.3125,48.6111,62.5,118.0556,6.9444,90.2778,13.8889,34.7222,548.6111,20.8333,34.7222,13.8889,13.8889,13.8889,48.6111,34.7222,111.1111,166.6667,27.7778,90.2778,0.0,13.8889,243.0556,76.3889,6.9444
Pfc813e5d63,1,8,8,0.0,29,1169,40.31,12.57,9.5808,0.407,0.0,0.0,104,833,729,48.7596,0.60163,9.4098,68.4346,100.0855,13.6869,61.5911,9.4098,53.0368,550.8982,6.8435,63.302,18.8195,24.8075,5.1326,90.6758,24.8075,102.6518,119.7605,31.651,50.4705,11.976,29.9401,239.521,41.9162,5.988
Pa5c483aef9,1,8,8,0.0,29,1608,55.448,13.627,12.2512,0.432,1.2438,0.0,99,833,734,7.4627,0.34507,23.01,67.1642,116.2935,14.9254,69.0299,10.5721,24.2537,577.7363,9.3284,30.4726,21.1443,18.0348,12.4378,60.9453,43.5323,116.2935,155.4726,21.1443,75.2488,3.7313,34.204,234.4527,57.8358,13.0597
P67e5a8f825,1,8,8,0.0,27,1092,40.444,11.742,11.1722,0.408,0.0,0.0,97,470,373,7.326,0.36842,18.315,69.5971,98.9011,5.4945,62.2711,7.326,34.7985,539.3773,12.8205,38.4615,28.3883,12.8205,10.0733,77.8388,30.2198,127.2894,128.2051,21.978,95.2381,4.5788,21.978,239.9267,65.9341,6.4103
P64a44986ea,1,15,15,0.0,84,4960,59.048,12.187,9.4153,0.41756,1.0081,0.0,95,816,721,43.9516,0.57895,11.6935,64.9194,115.5242,20.5645,53.2258,13.3065,36.0887,559.4758,12.0968,59.879,23.5887,18.3468,5.6452,63.7097,21.9758,112.2984,157.2581,24.7984,65.5242,6.8548,33.2661,252.0161,43.5484,13.1048
P2b78ea748d,1,11,11,0.0,51,3366,66.0,12.798,11.2002,0.398,0.2971,0.0,105,1196,1091,24.0642,0.34181,15.4486,62.0915,104.8723,12.7748,56.4468,7.7243,37.4332,563.2799,5.6447,35.9477,16.3399,5.9418,3.268,58.8235,39.5128,129.5306,142.6025,26.738,92.6916,3.8622,25.2525,241.2359,69.2216,13.6661
P8c5417b762,1,3,3,0.0,12,818,68.167,12.394,12.2249,0.384,0.0,0.0,91,239,148,48.8998,0.54737,20.7824,62.3472,101.467,11.0024,68.4597,7.335,53.7897,525.6724,3.6675,63.5697,13.4474,8.5575,8.5575,64.7922,33.0073,123.4719,130.8068,19.5599,94.132,0.0,19.5599,221.2714,52.5672,1.2225
Pb779a9fa56,1,3,3,0.0,9,579,64.333,17.545,13.6442,0.424,0.0,0.0,106,469,363,-13.8169,0.12069,22.4525,70.8117,77.7202,18.9983,77.7202,6.9085,37.9965,530.2245,6.9085,12.0898,18.9983,10.3627,13.8169,39.7237,29.361,136.4421,132.9879,12.0898,110.5354,1.7271,20.7254,200.3454,88.0829,8.6356
P88accb87c9,1,8,8,0.0,32,1455,45.469,12.543,9.4845,0.421,0.0,0.0,92,825,733,35.0515,0.47531,22.6804,77.6632,107.9038,14.433,47.4227,15.1203,39.1753,538.8316,15.1203,52.921,24.7423,13.0584,8.2474,64.6048,37.1134,120.2749,145.0172,25.4296,79.0378,8.9347,21.3058,250.1718,58.4192,8.9347
P86827217ed,0,0,,,0,0,,,,,,,,,,,,,,,,,,,,,,,,,,,,,,,,,,,
Pef380f9642,0,0,,,0,0,,,,,,,,,,,,,,,,,,,,,,,,,,,,,,,,,,,
Pf2fe8710f7,1,12,12,0.0,44,2623,59.614,15.162,10.7129,0.4444,0.3812,0.0,96,1196,1100,7.2436,0.45181,10.6748,51.0865,95.3107,27.0682,63.6676,10.2936,38.8868,529.9276,9.9123,28.5932,24.0183,15.631,7.6249,39.268,16.3934,134.5787,152.1159,24.0183,62.1426,5.3374,28.9745,232.1769,34.6931,27.4495
P61e8cd7d80,1,7,7,0.0,36,1655,45.972,12.259,8.9426,0.342,1.2085,0.0,96,827,731,32.0242,0.53757,25.9819,68.2779,100.9063,17.5227,56.7976,10.2719,41.6918,520.8459,7.855,56.1934,18.1269,13.8973,16.3142,35.0453,53.1722,98.4894,173.4139,18.1269,85.1964,7.2508,29.003,229.003,48.3384,10.8761
P98ab129fa2,1,6,6,0.0,26,1610,61.923,12.778,9.9379,0.39,0.0,0.0,98,469,371,31.0559,0.43575,13.6646,63.9752,109.9379,16.1491,52.1739,13.6646,34.1615,575.7764,11.1801,48.4472,25.4658,18.6335,5.5901,70.1863,22.9814,128.5714,143.4783,32.9193,80.7453,14.9068,24.2236,254.0373,62.7329,8.6957
Pc317d28310,1,12,12,0.0,36,1409,39.139,12.469,11.3556,0.424,0.0,0.0,95,833,738,25.55,0.47712,12.775,64.5848,98.6515,17.7431,61.7459,8.5167,35.4862,556.423,8.5167,51.8098,17.0334,14.9042,17.7431,54.6487,22.7111,122.0724,144.0738,31.9375,89.4251,11.3556,34.0667,234.2087,56.7779,4.2583
P87c0df2ff6,1,10,10,0.0,33,1450,43.939,15.426,11.1724,0.437,0.0,0.0,96,833,737,13.1034,0.30159,12.4138,68.2759,86.2069,12.4138,57.2414,13.1034,42.7586,545.5172,6.2069,26.2069,18.6207,13.1034,7.5862,64.1379,21.3793,135.8621,125.5172,28.9655,71.7241,2.069,18.6207,230.3448,60.6897,12.4138
Pda6183deac,1,5,5,0.0,14,592,42.286,10.034,9.6284,0.468,0.0,0.0,467,1927,1460,28.7162,0.53125,13.5135,47.2973,108.1081,13.5135,57.4324,10.1351,32.0946,540.5405,27.027,57.4324,27.027,27.027,11.8243,74.3243,23.6486,118.2432,146.9595,27.027,76.0135,3.3784,20.2703,268.5811,50.6757,1.6892
P4c0563638d,1,10,10,0.0,35,1972,56.343,13.79,14.7566,0.442,0.0,0.0,81,826,745,20.284,0.3245,18.2556,54.7667,90.7708,19.2698,78.0933,14.1988,37.0183,544.6247,12.1704,24.8479,12.6775,7.6065,6.0852,55.2738,29.4118,129.8174,136.4097,33.9757,69.4726,13.6917,29.9189,221.0953,51.7241,9.6349
Pdd2dc8d5b8,1,8,8,0.0,25,936,37.44,10.065,8.3333,0.416,4.2735,0.0,97,468,371,25.641,0.56667,7.4786,49.1453,100.4274,9.6154,47.0085,4.2735,34.188,566.2393,6.4103,54.4872,23.5043,29.9145,9.6154,84.4017,17.094,117.5214,137.8205,13.8889,55.5556,10.6838,48.0769,261.7521,41.6667,9.6154
Pfa8477edf9,1,2,2,0.0,4,158,39.5,10.533,10.7595,,0.0,0.0,833,1197,364,139.2405,1.0,31.6456,12.6582,101.2658,18.9873,63.2911,12.6582,75.9494,462.0253,18.9873,170.8861,25.3165,18.9873,18.9873,82.2785,37.9747,69.6203,215.1899,18.9873,6.3291,6.3291,0.0,348.1013,0.0,0.0
Pdda77ad869,,,,,,,,,,,,,,,,,,,,,,,,,,,,,,,,,,,,,,,,,
P4e98315e7d,1,1,1,0.0,5,248,49.6,11.273,6.0484,,4.0323,0.0,98,98,0,8.0645,0.2963,36.2903,48.3871,145.1613,8.0645,48.3871,4.0323,12.0968,612.9032,28.2258,32.2581,20.1613,16.129,8.0645,40.3226,40.3226,153.2258,205.6452,12.0968,104.8387,4.0323,32.2581,282.2581,76.6129,8.0645
P8fc9787b05,0,0,,,0,0,,,,,,,,,,,,,,,,,,,,,,,,,,,,,,,,,,,
Pefe5f00afd,1,2,2,0.0,7,621,88.714,15.146,11.2721,0.442,0.0,0.0,1918,1919,1,24.1546,0.4,12.8824,74.0741,95.0081,11.2721,51.5298,11.2721,66.0225,528.1804,4.8309,25.7649,9.6618,9.6618,3.2206,51.5298,27.3752,128.8245,119.1626,22.5443,67.6329,17.7134,28.9855,198.0676,38.6473,30.5958
P4098a4e5cd,1,1,3,0.6667,4,128,32.0,12.8,14.8438,,0.0,0.0,839,839,0,-15.625,0.36364,15.625,31.25,109.375,23.4375,78.125,0.0,31.25,554.6875,7.8125,31.25,31.25,15.625,15.625,125.0,7.8125,132.8125,101.5625,7.8125,85.9375,23.4375,46.875,289.0625,54.6875,0.0
Pde1bad3875,1,4,4,0.0,20,816,40.8,10.074,9.3137,0.378,19.6078,0.0,97,1567,1470,79.6569,0.61607,12.2549,49.0196,106.6176,7.3529,50.2451,17.1569,71.0784,572.3039,6.1275,84.5588,17.1569,20.8333,4.902,60.049,35.5392,89.4608,151.9608,20.8333,74.7549,9.8039,14.7059,230.3922,52.6961,28.1863
P8843180e2e,1,2,2,0.0,12,1152,96.0,12.659,11.0243,0.44,0.8681,0.0,462,463,1,19.0972,0.3956,10.4167,56.4236,102.4306,20.8333,60.7639,12.1528,30.3819,546.875,17.3611,31.25,19.0972,13.8889,5.2083,57.2917,26.9097,125.8681,129.3403,38.1944,76.3889,9.5486,27.7778,223.9583,47.7431,5.2083
Pf9200340d9,0,0,,,0,0,,,,,,,,,,,,,,,,,,,,,,,,,,,,,,,,,,,
Pb10189ae74,1,8,8,0.0,41,2928,71.415,18.186,7.5478,0.4032,0.0,0.0,96,461,365,17.7596,0.4413,12.2951,64.8907,106.8989,14.3443,60.7923,15.7104,31.7623,573.429,11.2705,37.2268,26.9809,19.4672,8.1967,59.0847,21.5164,119.5355,144.1257,35.1776,68.9891,17.418,35.1776,231.2158,47.1311,11.612
P82f3368572,1,1,1,0.0,9,239,26.556,9.192,8.3682,,4.1841,0.0,98,98,0,8.3682,0.36364,16.7364,37.6569,100.4184,12.5523,50.2092,8.3682,41.841,577.4059,20.9205,50.2092,41.841,25.1046,8.3682,50.2092,8.3682,121.3389,175.7322,12.5523,96.2343,8.3682,37.6569,267.7824,87.8661,16.7364
P4294404a76,1,1,2,0.5,2,108,54.0,13.5,9.2593,,0.0,0.0,106,106,0,-9.2593,0.33333,0.0,55.5556,111.1111,27.7778,18.5185,0.0,64.8148,537.037,18.5185,18.5185,27.7778,9.2593,0.0,55.5556,37.037,138.8889,129.6296,27.7778,74.0741,9.2593,74.0741,212.963,37.037,0.0
P8c68a86e22,1,3,3,0.0,5,234,46.8,14.625,9.8291,,0.0,0.0,105,832,727,-4.2735,0.29167,25.641,76.9231,59.8291,21.3675,72.6496,8.547,42.735,572.6496,12.8205,29.9145,29.9145,12.8205,12.8205,85.4701,21.3675,162.3932,94.0171,34.188,76.9231,4.2735,12.8205,205.1282,72.6496,8.547
P5c0dd77b3d,0,0,,,0,0,,,,,,,,,,,,,,,,,,,,,,,,,,,,,,,,,,,
P9ce3123e64,1,1,1,0.0,2,123,61.5,20.5,9.7561,,0.0,0.0,452,452,0,73.1707,0.5,8.1301,32.5203,97.561,40.6504,73.1707,16.2602,56.9106,560.9756,0.0,73.1707,16.2602,24.3902,0.0,121.9512,32.5203,113.8211,97.561,32.5203,81.3008,8.1301,0.0,252.0325,73.1707,0.0
P7f30d796bb,0,0,,,0,0,,,,,,,,,,,,,,,,,,,,,,,,,,,,,,,,,,,
Pd125ec3ee3,0,0,,,0,0,,,,,,,,,,,,,,,,,,,,,,,,,,,,,,,,,,,
Pe0f4e51abf,1,5,5,0.0,23,2511,109.174,16.096,11.9076,0.4096,0.0,0.0,462,1331,869,24.6914,0.43878,13.5404,52.1705,124.6515,22.3019,62.5249,9.1597,40.223,547.5906,6.7702,34.2493,13.1422,7.1685,5.5755,48.188,33.0546,122.262,169.2553,21.5054,80.0478,2.7877,33.0546,247.7101,43.8072,6.7702
Pd1f1ba6351,1,2,2,0.0,2,116,58.0,16.571,14.6552,,0.0,0.0,95,98,3,112.069,1.0,8.6207,68.9655,103.4483,17.2414,77.5862,17.2414,51.7241,534.4828,0.0,112.069,8.6207,17.2414,8.6207,77.5862,17.2414,60.3448,137.931,25.8621,43.1034,17.2414,0.0,215.5172,0.0,17.2414
P212def8838,1,1,1,0.0,2,140,70.0,20.0,9.2857,,0.0,0.0,106,106,0,57.1429,0.85714,21.4286,85.7143,57.1429,7.1429,92.8571,0.0,50.0,535.7143,14.2857,85.7143,28.5714,7.1429,0.0,85.7143,21.4286,142.8571,92.8571,21.4286,28.5714,0.0,0.0,221.4286,14.2857,0.0
P480c7bd367,1,9,9,0.0,21,1092,52.0,17.333,10.1648,0.443,0.0,0.0,107,941,834,34.7985,0.43689,16.4835,81.5018,83.3333,10.0733,70.5128,13.7363,20.1465,562.2711,3.663,41.2088,19.2308,16.4835,0.9158,72.3443,15.5678,136.4469,86.0806,21.0623,75.0916,7.326,40.293,199.6337,53.1136,2.7473
P665ee60687,1,4,4,0.0,15,936,62.4,11.012,9.8291,0.434,0.0,0.0,111,469,358,-16.0256,0.39189,28.8462,72.6496,101.4957,11.7521,37.3932,10.6838,34.188,525.641,16.0256,30.9829,41.6667,17.094,16.0256,65.1709,20.2991,131.4103,169.8718,21.3675,80.1282,4.2735,20.2991,266.0256,48.0769,13.8889
P16c24a4b1f,1,1,1,0.0,4,249,62.25,11.318,9.6386,,0.0,0.0,824,824,0,20.0803,0.31579,36.1446,56.2249,84.3373,28.1124,100.4016,12.0482,60.241,554.2169,0.0,24.0964,12.0482,16.0643,4.0161,80.3213,4.0161,108.4337,116.4659,28.1124,88.3534,8.0321,64.257,208.8353,52.2088,0.0
P9da71ed5b4,0,0,,,0,0,,,,,,,,,,,,,,,,,,,,,,,,,,,,,,,,,,,
P9425f36257,0,0,,,0,0,,,,,,,,,,,,,,,,,,,,,,,,,,,,,,,,,,,
P503b298309,0,0,,,0,0,,,,,,,,,,,,,,,,,,,,,,,,,,,,,,,,,,,
P5a52d22738,0,0,,,0,0,,,,,,,,,,,,,,,,,,,,,,,,,,,,,,,,,,,
P40b8fb181b,0,0,,,0,0,,,,,,,,,,,,,,,,,,,,,,,,,,,,,,,,,,,
P3da380186d,0,0,,,0,0,,,,,,,,,,,,,,,,,,,,,,,,,,,,,,,,,,,
P4d3e8e1430,,,,,,,,,,,,,,,,,,,,,,,,,,,,,,,,,,,,,,,,,
Pb670429ce2,0,0,,,0,0,,,,,,,,,,,,,,,,,,,,,,,,,,,,,,,,,,,
Pdc6d30b38b,0,0,,,0,0,,,,,,,,,,,,,,,,,,,,,,,,,,,,,,,,,,,
P967c24e09d,0,0,,,0,0,,,,,,,,,,,,,,,,,,,,,,,,,,,,,,,,,,,
P72c5e8d0fa,0,0,,,0,0,,,,,,,,,,,,,,,,,,,,,,,,,,,,,,,,,,,
P65f2080ef4,0,0,,,0,0,,,,,,,,,,,,,,,,,,,,,,,,,,,,,,,,,,,
Pcdc9c2f7c5,0,0,,,0,0,,,,,,,,,,,,,,,,,,,,,,,,,,,,,,,,,,,
P0984734cb9,0,0,,,0,0,,,,,,,,,,,,,,,,,,,,,,,,,,,,,,,,,,,
P4ebe015218,1,5,5,0.0,20,903,45.15,11.148,12.4031,0.412,0.0,0.0,84,469,385,29.9003,0.55556,22.1484,67.5526,74.1971,17.7187,62.0155,6.6445,40.9745,508.3056,8.8594,60.9081,25.4707,13.289,12.1816,57.5858,47.619,127.3533,138.4275,16.6113,69.7674,8.8594,13.289,232.5581,48.7265,6.6445
P9d76a38c5e,0,0,,,0,0,,,,,,,,,,,,,,,,,,,,,,,,,,,,,,,,,,,
P00e7133fc6,1,13,13,0.0,95,5396,56.8,14.313,12.0274,0.4222,1.1119,0.0,76,98,22,65.4188,0.82792,13.8992,61.3417,108.599,12.7872,63.0096,12.4166,36.5085,565.7895,10.5634,80.2446,23.536,20.3855,3.7064,65.0482,30.7635,121.9422,143.9956,19.0882,37.2498,7.2276,38.3617,244.0697,16.679,11.6753
Pfe4fcea486,1,4,4,0.0,33,1551,47.0,14.771,9.5422,0.424,0.6447,0.0,89,92,3,54.8034,0.69006,16.1186,67.0535,90.9091,9.0264,62.5403,9.0264,49.0006,533.8491,5.158,76.0799,27.0793,13.5397,3.2237,72.2115,29.0135,119.2779,135.3965,29.6583,57.3823,9.0264,23.8556,235.9768,34.1715,1.9342
Pa9cae64430,1,7,7,0.0,25,1073,42.92,12.056,10.3448,0.419,0.932,0.0,81,98,17,16.7754,0.5125,13.0475,50.3262,112.7679,27.027,78.2852,12.1156,39.1426,583.411,6.5238,38.2106,24.2311,13.0475,9.3197,72.6934,37.2787,138.863,125.8155,27.959,49.3942,6.5238,48.4623,230.1957,36.3467,7.4557
P846172a369,1,7,7,0.0,21,763,36.333,10.746,10.8781,0.4,0.0,0.0,73,91,18,73.3945,0.67059,11.7955,60.2883,128.4404,7.8637,48.4928,15.7274,52.4246,562.2543,14.4168,74.7051,13.1062,20.9699,3.9318,87.8113,38.0079,104.8493,142.8571,30.1442,64.2202,7.8637,26.2123,266.055,36.6972,1.3106
P297d12820e,0,0,,,0,0,,,,,,,,,,,,,,,,,,,,,,,,,,,,,,,,,,,
Pbc4309c829,1,11,11,0.0,35,1742,49.771,12.532,10.907,0.402,0.0,0.0,73,461,388,13.7773,0.34343,28.7026,60.2755,91.8485,18.3697,64.868,5.1665,39.6096,555.6831,6.8886,39.0356,18.9437,18.3697,11.4811,66.5901,28.7026,127.4397,132.0321,21.24,101.0333,5.1665,29.8507,232.4914,74.6269,15.4994
P43dec358d1,1,1,1,0.0,6,271,45.167,22.583,8.4871,,0.0,0.0,98,98,0,88.5609,0.73529,33.2103,73.8007,59.0406,11.0701,77.4908,18.4502,33.2103,564.5756,0.0,92.2509,14.7601,18.4502,7.3801,92.2509,25.8303,140.2214,132.8413,33.2103,44.2804,11.0701,11.0701,258.3026,33.2103,0.0
Ped6b9a1a7c,0,0,,,0,0,,,,,,,,,,,,,,,,,,,,,,,,,,,,,,,,,,,
Pbea2d75e26,1,3,3,0.0,10,324,32.4,15.429,7.4074,,0.0,0.0,83,213,130,104.9383,0.74468,18.5185,43.2099,123.4568,3.0864,108.0247,15.4321,52.4691,592.5926,9.2593,108.0247,12.3457,21.6049,6.1728,83.3333,27.7778,92.5926,185.1852,12.3457,52.4691,3.0864,18.5185,287.037,37.037,6.1728
P2f61c21e93,1,1,1,0.0,5,148,29.6,11.385,12.8378,,0.0,0.0,213,213,0,6.7568,0.36364,47.2973,27.027,67.5676,27.027,54.0541,6.7568,121.6216,466.2162,0.0,27.027,13.5135,6.7568,13.5135,40.5405,33.7838,114.8649,155.4054,27.027,94.5946,0.0,54.0541,222.973,47.2973,20.2703
Pb14f594f0a,1,7,7,0.0,34,2272,66.824,12.215,11.5757,0.4285,0.0,0.0,84,1198,1114,13.2042,0.41143,17.1655,78.7852,96.831,11.8838,57.2183,6.162,28.6092,571.3028,7.9225,31.6901,22.007,9.6831,2.6408,55.8979,26.8486,134.6831,134.243,29.9296,58.9789,8.3627,29.4894,228.4331,45.3345,17.6056
P4a79c6caeb,1,3,3,0.0,5,236,47.2,9.44,7.6271,,0.0,0.0,96,468,372,8.4746,0.32258,21.1864,38.1356,76.2712,12.7119,42.3729,4.2373,29.661,542.3729,16.9492,42.3729,21.1864,16.9492,16.9492,118.6441,33.8983,131.3559,135.5932,46.6102,97.4576,4.2373,42.3729,266.9492,88.9831,4.2373
P4ebfdd4833,1,6,6,0.0,24,989,41.208,12.844,9.909,0.402,1.0111,0.0,82,180,98,18.2002,0.45833,32.3559,65.723,109.2012,19.2113,40.4449,6.0667,36.4004,533.8726,9.1001,44.4894,20.2224,8.089,12.1335,55.6117,40.4449,113.2457,150.6572,25.2781,81.9009,2.0222,44.4894,235.5915,52.5784,7.0779
P714602a9aa,1,1,1,0.0,2,104,52.0,13.0,13.4615,,0.0,0.0,187,187,0,38.4615,0.75,0.0,48.0769,96.1538,9.6154,19.2308,0.0,19.2308,500.0,19.2308,86.5385,48.0769,38.4615,0.0,9.6154,0.0,115.3846,230.7692,19.2308,38.4615,28.8462,67.3077,317.3077,28.8462,9.6154
P9540818d9f,0,0,,,0,0,,,,,,,,,,,,,,,,,,,,,,,,,,,,,,,,,,,
P7c5888ec9d,1,2,2,0.0,5,136,27.2,10.462,9.5588,,0.0,0.0,90,95,5,80.8824,0.58333,29.4118,51.4706,88.2353,7.3529,29.4118,7.3529,14.7059,551.4706,0.0,102.9412,22.0588,7.3529,7.3529,117.6471,36.7647,125.0,132.3529,14.7059,95.5882,0.0,44.1176,257.3529,73.5294,0.0
P6f1d3c64d2,1,2,2,0.0,9,875,97.222,16.204,9.9429,0.42,1.1429,0.0,89,98,9,37.7143,0.58571,21.7143,56.0,130.2857,19.4286,68.5714,13.7143,30.8571,568.0,5.7143,46.8571,20.5714,18.2857,2.2857,35.4286,29.7143,108.5714,200.0,16.0,62.8571,10.2857,14.8571,257.1429,33.1429,28.5714
P5277c76d51,0,0,,,0,0,,,,,,,,,,,,,,,,,,,,,,,,,,,,,,,,,,,
P9b3e496395,0,0,,,0,0,,,,,,,,,,,,,,,,,,,,,,,,,,,,,,,,,,,
P4832cf3ea3,1,4,5,0.2,19,1676,88.211,16.929,10.2029,0.44667,0.5967,0.0,88,97,9,9.5465,0.47222,11.9332,50.716,115.1551,7.7566,76.3723,4.1766,26.8496,567.4224,7.1599,30.4296,18.4964,13.7232,6.5632,54.8926,21.4797,137.2315,150.358,32.2196,68.0191,6.5632,36.9928,239.2601,34.0095,8.3532
Peecc71d248,1,6,6,0.0,26,1721,66.192,15.935,9.4712,0.394,0.0,0.0,82,91,9,56.3626,0.75163,12.2022,45.3225,124.3463,13.9454,66.2406,13.9454,66.2406,547.3562,7.5537,66.8216,14.5264,19.756,9.878,69.1458,21.4991,103.4282,135.3864,22.6612,38.3498,13.3643,29.0529,241.7199,22.0802,9.878
P023bbe5ec1,1,12,12,0.0,35,2363,67.514,11.64,11.4262,0.4235,0.8464,0.0,84,468,384,0.4232,0.2287,17.3508,65.1714,120.6094,16.0813,63.9018,9.7334,32.1625,580.6179,6.7711,21.5827,25.3915,19.0436,5.5015,70.2497,23.2755,120.1862,138.8066,18.6204,88.0237,7.1942,27.0842,247.9898,72.7888,17.3508
Pb15c668c3a,0,0,,,0,0,,,,,,,,,,,,,,,,,,,,,,,,,,,,,,,,,,,
Pb16e641fe9,1,15,15,0.0,82,5261,64.159,13.252,11.7658,0.4454,1.3305,0.0,73,468,395,21.859,0.47761,10.0741,67.0975,111.1956,21.0987,60.6349,10.2642,33.2636,549.1351,11.0245,36.495,18.2475,21.4788,6.6527,58.9242,23.5697,119.3689,137.6164,26.2308,67.0975,6.4626,34.5942,230.9447,39.9164,16.9169
P6a5f6ac2d8,1,1,1,0.0,2,137,68.5,13.7,12.4088,,0.0,0.0,90,90,0,21.8978,0.41667,0.0,65.6934,72.9927,21.8978,51.0949,0.0,14.5985,554.7445,0.0,36.4964,7.2993,14.5985,7.2993,94.8905,14.5985,182.4818,87.5912,36.4964,109.4891,0.0,14.5985,204.3796,51.0949,0.0
Pf1b3205a09,1,4,4,0.0,19,1831,96.368,15.008,10.4861,0.404,0.0,0.0,91,94,3,25.669,0.57554,12.0153,67.1764,101.0377,21.846,58.9842,9.2845,40.4151,549.4265,11.4691,43.692,21.2998,13.6537,6.0076,46.9689,21.2998,139.2682,147.4604,26.2152,46.9689,7.6461,22.3921,231.0213,32.2228,17.4768
P8209ad6040,1,6,6,0.0,10,643,64.3,11.907,15.7076,0.456,0.0,0.0,89,461,372,1.5552,0.21875,17.1073,68.4292,90.2022,9.3313,49.7667,4.6656,29.549,513.2193,12.4417,21.7729,18.6625,4.6656,6.2208,60.6532,29.549,111.9751,127.5272,18.6625,105.7543,6.2208,49.7667,225.5054,77.7605,6.2208
Pefa2378416,1,4,4,0.0,17,1204,70.824,26.174,12.4585,0.42,0.0,0.0,89,460,371,23.2558,0.51685,9.9668,68.9369,93.8538,18.2724,78.9037,9.1362,28.2392,548.1728,3.3223,38.206,22.4252,8.3056,1.6611,69.7674,18.2724,138.7043,127.907,11.6279,53.9867,6.6445,24.9169,222.5914,35.7143,9.9668
Pa4c28f80ad,1,6,6,0.0,18,802,44.556,14.321,11.3466,0.398,0.0,0.0,82,180,98,11.2219,0.32258,24.9377,43.6409,98.5037,36.1596,69.8254,7.4813,62.3441,558.6035,7.4813,37.4065,29.9252,2.4938,3.7406,48.6284,27.4314,129.6758,154.6135,28.6783,89.7756,3.7406,32.419,239.4015,78.5536,4.9875
Pba03162225,0,0,,,0,0,,,,,,,,,,,,,,,,,,,,,,,,,,,,,,,,,,,
Pe661d7acde,1,1,1,0.0,3,121,40.333,9.308,13.2231,,0.0,0.0,99,99,0,41.3223,0.77778,16.5289,82.6446,99.1736,24.7934,8.2645,0.0,41.3223,462.8099,8.2645,57.8512,16.5289,16.5289,0.0,57.8512,24.7934,148.7603,181.8182,24.7934,33.0579,0.0,16.5289,280.9917,16.5289,0.0
Pd17e70140c,1,1,1,0.0,1,67,67.0,7.444,11.9403,,0.0,0.0,469,469,0,44.7761,0.6,14.9254,74.6269,104.4776,0.0,74.6269,0.0,74.6269,567.1642,0.0,44.7761,0.0,29.8507,0.0,29.8507,14.9254,104.4776,134.3284,59.7015,29.8507,0.0,29.8507,194.0299,29.8507,0.0
P14a01dedf9,1,17,18,0.0556,64,4164,65.062,12.505,8.8617,0.37375,1.4409,0.0,82,915,833,46.3497,0.66753,26.8972,64.3612,93.1796,8.8857,57.3967,10.8069,70.1249,529.0586,7.6849,61.7195,18.0115,13.4486,8.1652,43.708,34.8223,133.5255,153.9385,18.0115,48.2709,14.8895,15.8501,225.7445,30.7397,6.0038
P5cd98708f1,1,2,2,0.0,6,395,65.833,20.789,9.3671,,0.0,0.0,91,92,1,32.9114,0.43243,20.2532,91.1392,86.0759,20.2532,58.2278,7.5949,37.9747,539.2405,10.1266,40.5063,15.1899,10.1266,0.0,68.3544,35.443,124.0506,156.962,32.9114,88.6076,7.5949,10.1266,260.7595,53.1646,15.1899
P2bdd03741b,0,0,,,0,0,,,,,,,,,,,,,,,,,,,,,,,,,,,,,,,,,,,
P1ddfe32e8c,1,6,6,0.0,29,3258,112.345,15.816,10.5586,0.395,0.0,0.0,91,462,371,30.3867,0.38047,12.8913,71.2093,108.6556,12.5844,58.011,18.1093,33.763,590.2394,8.2873,34.6839,17.1885,18.7231,5.2179,45.1197,22.0994,128.6065,160.5279,30.0798,78.2689,8.5942,29.159,232.3511,56.4764,13.8122
P027da49c30,0,0,,,0,0,,,,,,,,,,,,,,,,,,,,,,,,,,,,,,,,,,,
P2f4b26e6e1,1,2,2,0.0,10,504,50.4,12.0,11.5079,0.444,0.0,0.0,98,468,370,37.6984,0.4127,9.9206,79.3651,103.1746,13.8889,41.6667,9.9206,17.8571,577.381,1.9841,51.5873,21.8254,9.9206,1.9841,93.254,23.8095,119.0476,97.2222,29.7619,91.2698,7.9365,21.8254,214.2857,73.4127,1.9841
P76650bc6e2,0,0,,,0,0,,,,,,,,,,,,,,,,,,,,,,,,,,,,,,,,,,,
P6336d0d324,1,3,3,0.0,12,658,54.833,9.97,10.7903,0.394,0.0,0.0,99,834,735,7.5988,0.32258,13.6778,69.9088,112.462,18.2371,65.3495,16.7173,31.9149,579.0274,13.6778,30.3951,22.7964,22.7964,16.7173,79.0274,31.9149,110.9422,118.541,24.3161,69.9088,3.0395,45.5927,231.003,63.8298,7.5988
P7ff4af5e7c,1,9,9,0.0,36,1802,50.056,11.055,13.707,0.396,0.0,0.0,89,453,364,50.4994,0.57436,16.6482,57.7137,97.6693,25.5272,43.2852,9.434,58.2686,521.6426,6.1043,62.1532,13.3185,12.2087,7.7691,52.1643,34.9612,107.1032,140.9545,31.0766,73.8069,5.5494,18.8679,223.0855,46.0599,4.4395
P2084d7c5fc,1,13,14,0.0714,42,5242,124.81,15.418,13.1629,0.4146,0.1908,0.0,84,833,749,12.7814,0.35345,22.7013,74.2083,108.3556,9.5383,60.6639,12.9721,31.095,556.2762,7.8214,31.2858,21.5567,17.5506,9.9199,57.4208,22.5105,128.0046,133.7276,22.7013,75.3529,3.8153,16.7875,232.1633,57.2301,11.6368
Pab169ed872,1,4,4,0.0,15,771,51.4,11.682,8.5603,0.414,5.1881,0.0,88,98,10,-3.8911,0.20312,15.5642,49.2866,115.4345,29.8314,55.7717,10.3761,64.8508,556.4202,9.0791,16.8612,20.7523,15.5642,10.3761,71.3359,20.7523,107.6524,125.8106,29.8314,92.0882,16.8612,67.4449,232.166,66.1479,3.8911
P273938bb97,0,0,,,0,0,,,,,,,,,,,,,,,,,,,,,,,,,,,,,,,,,,,
P90a39c14ab,1,1,1,0.0,1,37,37.0,12.333,10.8108,,0.0,0.0,475,475,0,27.027,0.5,54.0541,27.027,162.1622,0.0,27.027,0.0,54.0541,540.5405,27.027,81.0811,27.027,0.0,27.027,0.0,27.027,162.1622,270.2703,0.0,81.0811,27.027,27.027,324.3243,81.0811,0.0
P5c11762ec9,1,1,1,0.0,1,60,60.0,30.0,10.0,,0.0,0.0,98,98,0,133.3333,1.0,0.0,83.3333,66.6667,16.6667,66.6667,0.0,0.0,633.3333,0.0,133.3333,0.0,0.0,0.0,16.6667,16.6667,166.6667,50.0,0.0,16.6667,0.0,50.0,116.6667,0.0,0.0
Pd50729b5d0,1,3,3,0.0,8,420,52.5,14.0,10.9524,,2.381,0.0,84,92,8,28.5714,0.39216,14.2857,61.9048,126.1905,16.6667,57.1429,11.9048,23.8095,566.6667,23.8095,47.619,28.5714,28.5714,2.381,64.2857,38.0952,107.1429,190.4762,26.1905,88.0952,2.381,23.8095,285.7143,73.8095,11.9048
P18facb688d,1,15,15,0.0,58,2706,46.655,14.021,10.7539,0.418,0.3695,0.0,85,824,739,21.4339,0.52232,14.0429,62.4538,97.561,21.8034,57.6497,5.9128,42.4982,544.3459,14.0429,43.2373,20.3252,13.6733,7.391,64.3016,25.8684,126.0163,127.4945,19.9557,59.867,6.2823,45.085,227.6423,39.5418,15.5211
P4797fb50d3,1,6,6,0.0,13,589,45.308,13.386,9.8472,0.38,0.0,0.0,91,834,743,16.9779,0.42029,8.489,67.9117,81.4941,5.0934,44.1426,8.489,32.2581,567.0628,8.489,49.236,22.0713,18.6757,18.6757,91.6808,22.0713,147.708,134.1256,16.9779,76.4007,11.8846,32.2581,261.4601,67.9117,0.0
P277650e4b3,1,2,2,0.0,6,232,38.667,13.647,8.6207,,0.0,0.0,461,462,1,94.8276,0.67742,12.931,64.6552,103.4483,21.5517,60.3448,21.5517,4.3103,603.4483,17.2414,90.5172,12.931,12.931,4.3103,38.7931,30.1724,125.0,125.0,60.3448,68.9655,12.931,12.931,202.5862,43.1034,0.0
Pf6db5ed983,1,9,9,0.0,33,2625,79.545,17.5,11.6952,0.4196,0.381,0.0,83,577,494,30.8571,0.52301,11.0476,69.3333,90.2857,17.9048,75.0476,11.4286,38.0952,540.1905,6.8571,47.619,25.1429,14.0952,3.0476,61.7143,12.5714,121.5238,126.8571,23.2381,81.5238,8.0,22.0952,234.6667,43.4286,4.1905
P338a42b9d0,1,6,6,0.0,20,864,43.2,12.343,11.6898,0.42,0.0,0.0,96,468,372,40.5093,0.60465,13.8889,54.3981,93.75,12.7315,54.3981,8.1019,55.5556,539.3519,9.2593,60.1852,18.5185,16.2037,9.2593,69.4444,17.3611,120.3704,156.25,19.6759,53.2407,3.4722,32.4074,267.3611,39.3519,15.0463
Pdee21247bb,0,0,,,0,0,,,,,,,,,,,,,,,,,,,,,,,,,,,,,,,,,,,
P224fa713e4,1,9,10,0.1,27,1218,45.111,15.037,13.3826,0.431,0.0,0.0,90,1188,1098,41.0509,0.58015,14.7783,52.5452,88.67,23.8095,68.1445,8.2102,41.8719,527.0936,9.0312,62.3974,24.6305,9.8522,4.9261,62.3974,29.5567,115.7635,138.7521,31.1987,77.1757,8.2102,17.2414,230.7061,45.156,2.4631
Pb69fbd28c6,1,18,18,0.0,103,6119,59.408,16.018,11.8483,0.461,0.3269,0.0,73,834,761,38.8952,0.52456,13.5643,59.4868,105.7362,21.7356,72.0706,12.5838,32.0314,559.2417,10.9495,48.8642,18.3036,17.3231,4.2491,58.5063,25.4944,119.9542,134.4991,26.3115,65.697,8.825,27.9457,225.0368,44.2883,12.0935
P2c24c6affb,1,8,8,0.0,23,2238,97.304,14.165,13.9857,0.3915,0.0,0.0,85,467,382,19.6604,0.4186,17.4263,61.2154,97.4084,9.3834,42.8954,12.0643,53.1725,538.874,11.1707,40.2145,19.6604,10.7239,12.958,54.0661,23.6819,134.0483,151.0277,21.8945,76.8543,8.4897,13.8517,236.3718,55.8534,3.5746
Pd88f1bdac2,1,1,1,0.0,3,210,70.0,16.154,11.4286,,0.0,0.0,92,92,0,61.9048,0.63636,0.0,66.6667,85.7143,4.7619,80.9524,9.5238,19.0476,557.1429,0.0,66.6667,14.2857,9.5238,0.0,85.7143,4.7619,128.5714,114.2857,47.619,42.8571,4.7619,52.381,214.2857,38.0952,0.0
P8a97dbabe6,1,1,1,0.0,3,65,21.667,13.0,4.6154,,0.0,0.0,239,239,0,46.1538,0.83333,76.9231,46.1538,123.0769,61.5385,30.7692,0.0,30.7692,569.2308,15.3846,76.9231,15.3846,0.0,15.3846,15.3846,76.9231,107.6923,200.0,61.5385,46.1538,0.0,15.3846,230.7692,15.3846,15.3846
P8eb153b63d,,,,,,,,,,,,,,,,,,,,,,,,,,,,,,,,,,,,,,,,,
P75585aef52,1,1,1,0.0,2,142,71.0,15.778,8.4507,,0.0,0.0,915,915,0,21.1268,0.4,0.0,42.2535,112.6761,28.169,77.4648,21.1268,49.2958,549.2958,0.0,28.169,21.1268,21.1268,7.0423,91.5493,21.1268,84.507,140.8451,35.2113,63.3803,21.1268,56.338,253.5211,42.2535,0.0
P84a6c851a9,1,2,2,0.0,6,320,53.333,11.034,9.0625,,0.0,0.0,832,1561,729,-25.0,0.35,12.5,103.125,87.5,9.375,21.875,15.625,34.375,543.75,6.25,21.875,50.0,31.25,12.5,90.625,18.75,140.625,125.0,21.875,50.0,6.25,31.25,240.625,40.625,12.5
P4a4f2b1371,0,0,,,0,0,,,,,,,,,,,,,,,,,,,,,,,,,,,,,,,,,,,
P9537391b0e,1,7,7,0.0,28,3227,115.25,15.514,10.4431,0.42933,0.6198,0.0,92,462,370,23.2414,0.41958,12.3954,66.9352,102.8819,18.903,52.9904,12.3954,39.9752,546.3279,10.846,37.1862,20.4524,17.6635,5.8878,57.9486,17.9733,123.0245,142.5473,26.6501,79.9504,8.3669,32.8478,232.1041,51.441,10.846
Pf6658be174,1,11,11,0.0,32,2148,67.125,15.021,9.6369,0.407,0.4655,0.0,446,469,23,39.5717,0.62927,12.1043,62.8492,94.9721,11.6387,63.7803,10.7076,45.6238,549.8138,4.6555,60.0559,23.2775,12.5698,7.9143,78.6778,29.7952,114.9907,118.2495,18.622,59.1248,5.5866,41.4339,229.0503,35.3818,6.9832
P519f028bfb,1,5,5,0.0,32,883,27.594,8.919,11.778,0.4,1.1325,0.0,92,834,742,66.8177,0.58974,20.3851,61.1552,103.0578,27.1801,47.5651,14.7225,48.6976,567.3839,5.6625,78.1427,20.3851,38.5051,5.6625,65.6852,36.2401,105.3228,141.5629,21.5176,80.4077,5.6625,15.855,235.5606,54.3601,1.1325
P4f7a1b04a6,0,0,,,0,0,,,,,,,,,,,,,,,,,,,,,,,,,,,,,,,,,,,
P47c5a2733b,1,4,4,0.0,14,490,35.0,10.652,9.7959,,0.0,0.0,90,832,742,8.1633,0.53571,14.2857,81.6327,110.2041,16.3265,42.8571,12.2449,42.8571,553.0612,8.1633,30.6122,14.2857,16.3265,20.4082,77.551,28.5714,132.6531,132.6531,30.6122,42.8571,4.0816,32.6531,234.6939,26.5306,16.3265
Pc3b8b90cf8,1,1,1,0.0,4,391,97.75,12.219,10.7417,,0.0,0.0,91,91,0,48.5934,0.36,20.4604,58.8235,109.9744,12.7877,58.8235,7.6726,30.6905,560.1023,12.7877,46.0358,5.1151,7.6726,0.0,81.8414,28.133,127.8772,132.9923,15.3453,92.0716,7.6726,33.2481,250.6394,81.8414,5.1151
P60e6add6f8,1,12,12,0.0,29,1546,53.31,11.122,10.9961,0.426,0.0,0.0,459,915,456,27.1669,0.51079,10.3493,63.3894,89.9094,11.6429,65.3299,12.2898,59.5084,530.401,12.9366,45.925,21.9922,16.1708,9.0556,75.6792,21.9922,109.9612,119.6636,20.6986,70.5045,3.2342,41.3972,234.7995,43.9845,10.3493
Pa9b6b7ec3f,1,5,5,0.0,13,673,51.769,12.698,9.3611,0.434,0.0,0.0,460,544,84,37.1471,0.47368,20.8024,60.9212,87.6672,16.3447,43.0906,5.9435,28.2318,551.263,10.4012,53.4918,22.2883,10.4012,0.0,62.4071,23.7741,148.5884,139.6731,23.7741,81.7236,5.9435,31.2036,231.7979,59.4354,4.4577
Pbec5e357b6,0,0,,,0,0,,,,,,,,,,,,,,,,,,,,,,,,,,,,,,,,,,,
P2061b46d22,1,10,11,0.0909,35,1959,55.971,11.873,12.3022,0.42133,0.0,0.0,467,1344,877,10.7198,0.25843,18.8872,76.5697,90.3522,22.9709,72.486,10.2093,39.8162,539.561,8.1674,23.4814,13.7825,9.6988,9.1884,63.8081,23.4814,118.9382,121.4906,24.5023,89.3313,5.6151,30.6279,218.9893,67.3813,11.2302
P9406d39f17,0,0,,,0,0,,,,,,,,,,,,,,,,,,,,,,,,,,,,,,,,,,,
P63de5d6c2a,0,0,,,0,0,,,,,,,,,,,,,,,,,,,,,,,,,,,,,,,,,,,
Pd00fce6a5a,1,7,7,0.0,26,2350,90.385,14.417,12.9787,0.433,0.0,0.0,90,98,8,43.8298,0.63507,14.0426,61.7021,99.1489,12.3404,49.7872,10.2128,41.2766,545.1064,8.0851,57.0213,17.8723,15.3191,5.5319,54.8936,19.1489,132.3404,134.0426,18.2979,48.9362,5.9574,33.1915,216.5957,32.766,17.4468
P4862cd71b2,0,0,,,0,0,,,,,,,,,,,,,,,,,,,,,,,,,,,,,,,,,,,
P1d6fd5f29a,1,3,3,0.0,17,996,58.588,14.028,11.245,0.434,0.0,0.0,90,832,742,13.0522,0.34831,9.0361,61.245,93.3735,10.0402,70.2811,11.0442,53.2129,564.257,5.0201,31.1245,20.0803,18.0723,9.0361,85.3414,24.0964,126.506,113.4538,16.0643,69.2771,12.0482,31.1245,227.9116,58.2329,12.0482
Pcb86ff794b,1,5,5,0.0,15,1182,78.8,13.281,9.8139,0.376,0.846,0.0,88,1197,1109,46.5313,0.54745,13.5364,59.2217,108.291,35.533,61.7597,17.7665,35.533,569.3739,11.8443,63.4518,29.6108,17.7665,5.0761,54.1455,22.8426,122.6734,163.2826,29.6108,76.9882,0.846,18.6125,241.9628,52.4535,7.6142
P8534216773,1,13,13,0.0,48,3044,63.417,15.772,10.5125,0.40333,0.0,0.0,75,460,385,23.9816,0.40909,16.7543,76.8725,105.4534,13.4691,47.9632,10.184,25.6242,547.9632,10.184,44.3495,22.9961,13.4691,7.5558,56.1761,24.6386,131.406,155.7162,22.9961,87.7135,4.5992,16.4258,242.7727,64.0604,2.6281
P5a277fef0e,0,0,,,0,0,,,,,,,,,,,,,,,,,,,,,,,,,,,,,,,,,,,
P3022e1c032,1,4,5,0.2,24,1440,60.0,16.744,11.4583,0.41,0.0,0.0,83,1198,1115,38.8889,0.56863,11.1111,81.9444,112.5,11.1111,47.9167,11.8056,30.5556,568.75,11.8056,60.4167,25.6944,15.2778,7.6389,53.4722,25.6944,145.1389,152.0833,16.6667,65.2778,12.5,18.0556,240.9722,45.8333,3.4722
P82887a653c,1,1,1,0.0,2,34,17.0,6.8,14.7059,,0.0,0.0,99,99,0,88.2353,1.0,0.0,88.2353,117.6471,0.0,29.4118,0.0,88.2353,441.1765,58.8235,88.2353,0.0,0.0,0.0,88.2353,88.2353,58.8235,176.4706,0.0,0.0,0.0,117.6471,294.1176,0.0,0.0
P37457bff4f,1,1,1,0.0,4,145,36.25,13.182,8.2759,,0.0,0.0,92,92,0,-6.8966,0.5,20.6897,55.1724,75.8621,0.0,62.069,6.8966,48.2759,565.5172,6.8966,55.1724,55.1724,6.8966,13.7931,110.3448,41.3793,137.931,110.3448,27.5862,62.069,13.7931,34.4828,248.2759,55.1724,0.0
P6a3fce0af3,1,2,2,0.0,7,286,40.857,14.3,11.1888,,0.0,0.0,90,98,8,-13.986,0.25,10.4895,87.4126,59.4406,6.993,59.4406,3.4965,24.4755,510.4895,6.993,20.979,34.965,13.986,3.4965,76.9231,24.4755,139.8601,111.8881,13.986,66.4336,3.4965,27.972,220.2797,62.9371,13.986
P6b5b70ee01,0,0,,,0,0,,,,,,,,,,,,,,,,,,,,,,,,,,,,,,,,,,,
Pc1416b3728,,,,,,,,,,,,,,,,,,,,,,,,,,,,,,,,,,,,,,,,,
P8df31bfe17,1,5,5,0.0,15,869,57.933,10.728,10.817,0.412,0.0,0.0,83,97,14,1.1507,0.44776,14.9597,70.1956,126.5823,14.9597,55.2359,6.9045,48.3314,536.2486,13.809,34.5224,26.4672,11.5075,13.809,54.0852,24.1657,105.8688,162.2555,25.3165,66.7434,5.7537,54.0852,254.3153,42.5777,4.603
Pc53511377b,0,0,,,0,0,,,,,,,,,,,,,,,,,,,,,,,,,,,,,,,,,,,
P484d9844af,1,1,1,0.0,5,230,46.0,15.333,11.7391,,0.0,0.0,212,212,0,91.3043,0.84375,26.087,43.4783,91.3043,21.7391,73.913,4.3478,60.8696,569.5652,0.0,117.3913,17.3913,13.0435,13.0435,39.1304,30.4348,126.087,143.4783,26.087,78.2609,4.3478,4.3478,226.087,21.7391,0.0
P90d8771ad4,1,2,2,0.0,8,254,31.75,10.16,8.2677,,0.0,0.0,97,98,1,11.811,0.35484,15.748,35.4331,94.4882,27.5591,59.0551,3.937,62.9921,551.1811,0.0,43.3071,19.685,11.811,15.748,90.5512,31.4961,106.2992,141.7323,35.4331,98.4252,7.874,51.1811,244.0945,78.7402,3.937
P026aafcf31,0,0,,,0,0,,,,,,,,,,,,,,,,,,,,,,,,,,,,,,,,,,,
Ped12aa913a,0,0,,,0,0,,,,,,,,,,,,,,,,,,,,,,,,,,,,,,,,,,,
P2318b539a3,1,3,3,0.0,10,836,83.6,14.929,11.1244,0.408,0.0,0.0,824,915,91,37.0813,0.51111,5.9809,81.3397,99.2823,16.7464,41.866,5.9809,34.689,539.4737,5.9809,55.0239,19.1388,16.7464,4.7847,66.9856,25.1196,111.244,132.7751,37.0813,80.1435,8.3732,8.3732,230.8612,52.6316,13.1579
P3e9c3ca3d7,1,3,3,0.0,9,416,46.222,11.886,7.2115,,0.0,0.0,96,832,736,31.25,0.5814,16.8269,60.0962,127.4038,26.4423,43.2692,7.2115,31.25,576.9231,24.0385,60.0962,26.4423,33.6538,9.6154,84.1346,14.4231,117.7885,165.8654,28.8462,67.3077,7.2115,38.4615,278.8462,43.2692,4.8077
P7d0e11d7f1,1,3,3,0.0,11,684,62.182,12.906,8.9181,0.418,0.0,0.0,79,462,383,-10.2339,0.27451,11.6959,68.7135,109.6491,26.3158,46.7836,8.7719,7.3099,545.3216,20.4678,20.4678,23.3918,5.848,16.0819,40.9357,23.3918,150.5848,141.8129,14.6199,80.4094,7.3099,29.2398,219.2982,54.0936,4.386
Pca926e63d0,1,1,1,0.0,2,128,64.0,12.8,6.25,,0.0,0.0,475,475,0,39.0625,0.57143,23.4375,85.9375,78.125,15.625,39.0625,0.0,70.3125,554.6875,15.625,62.5,23.4375,7.8125,0.0,85.9375,54.6875,148.4375,109.375,31.25,54.6875,7.8125,15.625,203.125,46.875,0.0
P804e0e2e1c,1,1,1,0.0,4,214,53.5,16.462,11.6822,,0.0,0.0,1191,1191,0,-4.6729,0.25,23.3645,51.4019,102.8037,32.7103,70.0935,23.3645,42.0561,546.729,9.3458,18.6916,37.3832,23.3645,9.3458,14.0187,23.3645,158.8785,233.6449,46.729,88.785,0.0,0.0,266.3551,56.0748,0.0
Pe19880ee92,1,2,2,0.0,12,510,42.5,12.439,11.7647,0.422,0.0,0.0,462,1198,736,45.098,0.6875,25.4902,66.6667,125.4902,7.8431,49.0196,5.8824,49.0196,570.5882,13.7255,64.7059,17.6471,9.8039,7.8431,54.902,31.3725,115.6863,150.9804,27.451,43.1373,11.7647,29.4118,247.0588,29.4118,11.7647
P52c5169542,1,6,6,0.0,19,1201,63.211,14.298,11.7402,0.397,0.0,0.0,84,463,379,44.9625,0.4918,9.9917,64.9459,129.0591,18.3181,51.6236,12.4896,50.791,578.6844,4.9958,49.9584,15.8201,14.9875,1.6653,55.7868,30.8077,117.4022,143.214,31.6403,80.766,11.657,17.4854,244.796,51.6236,24.9792
P0be342d921,1,7,7,0.0,19,815,42.895,14.298,10.6748,0.412,0.0,0.0,97,823,726,55.2147,0.52525,9.816,78.5276,80.9816,17.1779,58.8957,9.816,33.1288,559.5092,2.454,63.8037,18.4049,14.7239,0.0,88.3436,22.0859,120.2454,127.6074,24.5399,71.1656,1.227,26.9939,255.2147,57.6687,2.454
P77bf4c6cd4,0,0,,,0,0,,,,,,,,,,,,,,,,,,,,,,,,,,,,,,,,,,,
P2b2d444bdd,0,0,,,0,0,,,,,,,,,,,,,,,,,,,,,,,,,,,,,,,,,,,
P90844406b5,0,0,,,0,0,,,,,,,,,,,,,,,,,,,,,,,,,,,,,,,,,,,
P53a27c701d,0,0,,,0,0,,,,,,,,,,,,,,,,,,,,,,,,,,,,,,,,,,,
P34557a899a,1,2,2,0.0,8,580,72.5,10.545,9.4828,0.45,0.0,0.0,1560,1561,1,-8.6207,0.21053,15.5172,68.9655,86.2069,13.7931,44.8276,6.8966,12.069,536.2069,18.9655,20.6897,27.5862,13.7931,8.6207,60.3448,24.1379,118.9655,136.2069,17.2414,101.7241,5.1724,44.8276,234.4828,77.5862,8.6207
Pf0f9e6d8f5,1,3,3,0.0,5,219,43.8,9.522,14.1553,,0.0,0.0,97,462,365,18.2648,0.35,22.8311,73.0594,100.4566,0.0,22.8311,0.0,27.3973,525.1142,4.5662,31.9635,9.1324,4.5662,4.5662,82.1918,31.9635,132.4201,127.8539,22.8311,100.4566,18.2648,31.9635,255.7078,59.3607,4.5662
P6514225148,1,4,4,0.0,6,524,87.333,17.467,8.9695,0.436,3.8168,0.0,824,1197,373,7.6336,0.28889,7.6336,57.2519,89.6947,7.6336,59.1603,11.4504,30.5344,538.1679,7.6336,24.8092,22.9008,5.7252,5.7252,80.1527,26.7176,125.9542,108.7786,19.084,82.0611,5.7252,43.8931,211.8321,61.0687,13.3588
Pbda39b05ec,1,6,6,0.0,20,1309,65.45,12.709,10.848,0.39,0.7639,0.0,82,91,9,32.8495,0.53659,35.9053,52.712,91.673,19.0985,60.3514,9.1673,46.6005,552.33,11.4591,50.4202,19.0985,11.4591,7.6394,63.4072,25.974,121.4668,123.7586,27.5019,84.0336,2.2918,35.9053,217.7235,43.5447,12.987
P4043f1171e,0,0,,,0,0,,,,,,,,,,,,,,,,,,,,,,,,,,,,,,,,,,,
P20a99f84fd,1,7,7,0.0,21,1193,56.81,14.373,11.5675,0.447,0.0,0.0,98,901,803,36.0436,0.66055,14.2498,68.7343,85.4987,22.632,39.3965,6.7058,57.8374,540.6538,7.544,60.3521,28.4996,13.4116,2.5147,77.1165,13.4116,121.5423,117.3512,30.176,46.9405,5.0293,33.5289,232.1878,31.0142,14.2498
P41398f1a21,0,0,,,0,0,,,,,,,,,,,,,,,,,,,,,,,,,,,,,,,,,,,
Pfa2560441b,1,1,2,0.5,2,154,77.0,12.833,14.2857,,0.0,0.0,826,826,0,0.0,0.25,0.0,103.8961,84.4156,0.0,45.4545,6.4935,6.4935,597.4026,6.4935,19.4805,25.974,6.4935,0.0,32.4675,58.4416,188.3117,123.3766,45.4545,90.9091,6.4935,25.974,162.3377,58.4416,0.0
Pf450c7fe3d,1,4,4,0.0,22,1146,52.091,22.038,10.8202,0.377,0.0,0.0,239,603,364,44.5026,0.59259,14.8342,71.5532,82.0244,13.089,66.3176,18.3246,35.7766,555.8464,13.089,55.8464,25.3054,8.726,4.363,63.6998,20.0698,151.8325,116.9284,17.452,50.6108,0.0,9.5986,221.6405,38.3944,0.0
P4516ced6d5,0,0,,,0,0,,,,,,,,,,,,,,,,,,,,,,,,,,,,,,,,,,,
P1a41a85440,0,0,,,0,0,,,,,,,,,,,,,,,,,,,,,,,,,,,,,,,,,,,
P2185571f79,1,6,6,0.0,26,1878,72.231,13.414,11.0756,0.43867,1.5974,0.0,75,91,16,34.0788,0.49367,17.0394,62.8328,92.6518,12.7796,58.0405,11.7146,36.7412,526.6241,6.3898,41.5335,14.9095,12.2471,4.2599,64.4302,30.3514,120.3408,125.6656,16.5069,75.6124,4.7923,35.1438,214.59,42.5985,18.1044
Pb14e5c1c97,1,5,5,0.0,20,975,48.75,11.607,9.5385,0.454,0.0,0.0,88,1561,1473,-11.2821,0.24675,36.9231,66.6667,100.5128,15.3846,51.2821,3.0769,35.8974,556.9231,19.4872,19.4872,28.7179,19.4872,5.1282,54.359,24.6154,150.7692,151.7949,20.5128,68.7179,4.1026,13.3333,225.641,59.4872,11.2821
P9308e80088,1,2,2,0.0,2,61,30.5,20.333,11.4754,,0.0,0.0,90,470,380,0.0,0.16667,32.7869,98.3607,81.9672,16.3934,81.9672,16.3934,49.1803,573.7705,0.0,16.3934,32.7869,32.7869,0.0,131.1475,49.1803,81.9672,32.7869,49.1803,114.7541,0.0,49.1803,196.7213,81.9672,0.0
P19aaf87bc8,1,12,12,0.0,34,1697,49.912,14.261,12.1391,0.44933,0.0,0.0,85,577,492,37.7136,0.49398,14.1426,58.9275,99.5875,12.9641,61.2846,14.7319,26.5174,554.508,8.2499,48.3206,16.4997,17.089,8.8391,63.0524,27.6959,126.6942,132.5869,18.8568,77.1951,2.9464,33.5887,225.1031,49.4991,5.8928
Pa5b07b6f43,0,0,,,0,0,,,,,,,,,,,,,,,,,,,,,,,,,,,,,,,,,,,
P1464c171bc,1,4,4,0.0,14,846,60.429,10.709,10.0473,0.42,0.0,0.0,90,462,372,20.0946,0.575,26.0047,74.4681,91.0165,14.1844,46.0993,11.8203,74.4681,507.0922,22.4586,54.3735,30.7329,13.0024,15.3664,75.6501,40.1891,107.565,133.5697,20.0946,61.4657,9.4563,39.0071,242.3168,40.1891,22.4586
Pbafaf944fd,1,6,7,0.1429,18,815,45.278,14.298,11.1656,0.438,1.227,0.0,89,1195,1106,19.6319,0.41176,15.9509,76.0736,77.3006,17.1779,69.9387,11.0429,20.8589,553.3742,12.2699,34.3558,19.6319,14.7239,6.135,84.6626,30.6748,128.8344,82.2086,19.6319,76.0736,14.7239,35.5828,204.908,49.0798,8.589
P25c1384060,0,0,,,0,0,,,,,,,,,,,,,,,,,,,,,,,,,,,,,,,,,,,
P7c241c8e95,0,0,,,0,0,,,,,,,,,,,,,,,,,,,,,,,,,,,,,,,,,,,
Pb0f44d6b69,1,3,3,0.0,9,390,43.333,11.818,7.9487,,0.0,0.0,98,180,82,-0.0,0.28205,46.1538,58.9744,94.8718,17.9487,66.6667,12.8205,41.0256,551.2821,10.2564,28.2051,28.2051,17.9487,12.8205,71.7949,35.8974,135.8974,148.7179,30.7692,89.7436,2.5641,17.9487,253.8462,71.7949,10.2564
Pbac78302af,1,6,6,0.0,13,634,48.769,10.393,11.8297,0.444,1.5773,0.0,92,470,378,18.9274,0.42188,12.6183,67.8233,91.4826,11.041,66.2461,6.3091,29.9685,537.8549,9.4637,42.5868,22.082,20.5047,7.8864,86.7508,23.6593,105.6782,119.8738,23.6593,83.5962,12.6183,45.7413,246.0568,58.3596,4.7319
P56aec34978,1,4,4,0.0,17,1014,59.647,17.483,9.7633,0.389,0.0,0.0,84,470,386,20.7101,0.5,11.8343,64.1026,107.4951,19.7239,66.075,6.9034,45.3649,556.213,13.8067,43.3925,17.7515,24.6548,11.8343,50.2959,16.7653,132.1499,154.8323,22.6824,57.1992,10.8481,19.7239,251.4793,43.3925,10.8481
P76d288c08d,1,1,1,0.0,5,85,17.0,14.167,14.1176,,11.7647,0.0,99,99,0,0.0,0.4,23.5294,70.5882,94.1176,35.2941,58.8235,0.0,11.7647,529.4118,23.5294,47.0588,47.0588,0.0,0.0,105.8824,23.5294,117.6471,129.4118,11.7647,94.1176,0.0,0.0,282.3529,70.5882,0.0
Pb1eb09fa94,1,2,2,0.0,6,330,55.0,14.348,7.8788,,0.0,0.0,98,180,82,27.2727,0.36585,18.1818,84.8485,87.8788,18.1818,57.5758,12.1212,39.3939,584.8485,6.0606,45.4545,15.1515,18.1818,15.1515,93.9394,24.2424,106.0606,118.1818,51.5152,87.8788,3.0303,27.2727,236.3636,78.7879,9.0909
P03938af6ae,1,4,4,0.0,12,1042,86.833,12.707,8.8292,0.401,0.0,0.0,90,469,379,27.8311,0.54545,21.1132,70.0576,83.4933,9.5969,70.0576,12.476,27.8311,546.0653,14.3954,57.5816,35.5086,12.476,6.7179,83.4933,27.8311,123.8004,141.0749,20.1536,67.1785,6.7179,23.0326,260.0768,47.9846,8.6372
P7a85c71bc1,1,1,1,0.0,1,40,40.0,20.0,10.0,,0.0,0.0,98,98,0,50.0,1.0,0.0,75.0,25.0,0.0,25.0,0.0,75.0,500.0,0.0,75.0,25.0,0.0,0.0,100.0,25.0,175.0,100.0,25.0,25.0,25.0,25.0,200.0,0.0,0.0
Pc7623d005f,1,6,6,0.0,24,1054,43.917,10.333,11.8596,0.435,0.9488,0.0,76,825,749,17.0778,0.36634,24.6679,58.8235,119.5446,24.6679,65.4649,12.334,48.3871,550.2846,18.0266,35.1044,18.9753,12.334,11.3852,63.5674,22.7704,111.9545,151.8027,26.5655,77.7989,2.8463,29.4118,239.0892,60.7211,21.8216
P920b587915,1,1,1,0.0,1,48,48.0,12.0,6.25,,0.0,0.0,467,467,0,83.3333,0.83333,20.8333,62.5,83.3333,0.0,41.6667,0.0,62.5,604.1667,0.0,104.1667,20.8333,20.8333,0.0,20.8333,41.6667,166.6667,125.0,0.0,83.3333,20.8333,0.0,250.0,20.8333,20.8333
P48e78aee32,0,0,,,0,0,,,,,,,,,,,,,,,,,,,,,,,,,,,,,,,,,,,
P73b9dbd92b,0,0,,,0,0,,,,,,,,,,,,,,,,,,,,,,,,,,,,,,,,,,,
P71e4b2b4d3,1,14,14,0.0,61,3370,55.246,12.669,10.0297,0.409,0.0,0.0,91,603,512,8.6053,0.37898,16.6172,73.8872,102.9674,17.5074,50.7418,9.4955,38.5757,532.9377,13.0564,35.3116,24.6291,15.1335,11.5727,39.1691,29.6736,113.0564,153.4125,29.0801,80.7122,4.7478,21.6617,228.4866,57.8635,13.3531
P6d3980e9f0,1,2,2,0.0,8,575,71.875,17.969,11.8261,0.396,0.0,0.0,239,824,585,5.2174,0.22581,19.1304,62.6087,97.3913,26.087,50.4348,10.4348,24.3478,556.5217,6.9565,24.3478,20.8696,12.1739,8.6957,46.9565,26.087,153.0435,173.913,12.1739,93.913,10.4348,22.6087,250.4348,83.4783,0.0
P35f0fb7731,1,2,2,0.0,8,465,58.125,11.071,4.7312,,2.1505,0.0,357,358,1,55.914,0.60345,25.8065,60.2151,105.3763,17.2043,60.2151,12.9032,47.3118,556.9892,8.6022,75.2688,21.5054,19.3548,10.7527,98.9247,40.8602,96.7742,116.129,12.9032,92.4731,2.1505,36.5591,232.2581,49.4624,2.1505
Pba698d642d,0,0,,,0,0,,,,,,,,,,,,,,,,,,,,,,,,,,,,,,,,,,,
P3ff36ffdc1,0,0,,,0,0,,,,,,,,,,,,,,,,,,,,,,,,,,,,,,,,,,,
P272ac40c3c,0,0,,,0,0,,,,,,,,,,,,,,,,,,,,,,,,,,,,,,,,,,,
P7699b7f669,0,0,,,0,0,,,,,,,,,,,,,,,,,,,,,,,,,,,,,,,,,,,
P6232d5a44f,0,0,,,0,0,,,,,,,,,,,,,,,,,,,,,,,,,,,,,,,,,,,
Pfe5913c014,0,0,,,0,0,,,,,,,,,,,,,,,,,,,,,,,,,,,,,,,,,,,
P41612ab4e2,1,4,4,0.0,11,515,46.818,13.205,10.2913,0.402,0.0,0.0,333,359,26,42.7184,0.6,11.6505,79.6117,110.6796,9.7087,60.1942,9.7087,33.0097,570.8738,3.8835,52.4272,17.4757,13.5922,1.9417,83.4951,27.1845,130.0971,149.5146,15.534,50.4854,5.8252,23.301,275.7282,34.9515,7.767
Pa430d00e1f,0,0,,,0,0,,,,,,,,,,,,,,,,,,,,,,,,,,,,,,,,,,,
P90a7395cb0,0,0,,,0,0,,,,,,,,,,,,,,,,,,,,,,,,,,,,,,,,,,,
Pd70c9ef8df,1,1,1,0.0,1,47,47.0,23.5,2.1277,,0.0,0.0,615,615,0,63.8298,1.0,0.0,42.5532,0.0,0.0,106.383,0.0,85.1064,468.0851,0.0,127.6596,63.8298,0.0,0.0,85.1064,42.5532,63.8298,63.8298,0.0,42.5532,0.0,21.2766,148.9362,0.0,0.0
P1388f2fd26,0,0,,,0,0,,,,,,,,,,,,,,,,,,,,,,,,,,,,,,,,,,,
P0df73941d8,0,0,,,0,0,,,,,,,,,,,,,,,,,,,,,,,,,,,,,,,,,,,
Pe6c9de6d86,0,0,,,0,0,,,,,,,,,,,,,,,,,,,,,,,,,,,,,,,,,,,
P388cb0d5da,0,0,,,0,0,,,,,,,,,,,,,,,,,,,,,,,,,,,,,,,,,,,
Pe0b660d280,1,1,1,0.0,1,37,37.0,18.5,10.8108,,0.0,0.0,252,252,0,27.027,0.4,27.027,0.0,54.0541,27.027,81.0811,0.0,81.0811,567.5676,0.0,54.0541,0.0,0.0,27.027,135.1351,0.0,135.1351,108.1081,54.0541,81.0811,0.0,108.1081,243.2432,81.0811,0.0
P842bafbfda,0,0,,,0,0,,,,,,,,,,,,,,,,,,,,,,,,,,,,,,,,,,,
P0cd98a270c,1,1,1,0.0,3,199,66.333,13.267,10.0503,,0.0,0.0,252,252,0,-30.1508,0.52941,35.1759,75.3769,90.4523,15.0754,50.2513,5.0251,15.0754,497.4874,5.0251,45.2261,65.3266,5.0251,15.0754,65.3266,50.2513,135.6784,140.7035,20.1005,65.3266,0.0,5.0251,221.1055,40.201,15.0754
P04526b8576,0,0,,,0,0,,,,,,,,,,,,,,,,,,,,,,,,,,,,,,,,,,,
Pb7d583a85a,0,0,,,0,0,,,,,,,,,,,,,,,,,,,,,,,,,,,,,,,,,,,
Pa3fa433740,0,0,,,0,0,,,,,,,,,,,,,,,,,,,,,,,,,,,,,,,,,,,
Pe237a28a37,0,0,,,0,0,,,,,,,,,,,,,,,,,,,,,,,,,,,,,,,,,,,
P87be528da0,0,0,,,0,0,,,,,,,,,,,,,,,,,,,,,,,,,,,,,,,,,,,
P3c885ec031,0,0,,,0,0,,,,,,,,,,,,,,,,,,,,,,,,,,,,,,,,,,,
P63236d3a70,1,1,1,0.0,4,205,51.25,14.643,9.7561,,0.0,0.0,607,607,0,19.5122,0.58333,9.7561,78.0488,146.3415,4.878,48.7805,9.7561,39.0244,551.2195,19.5122,34.1463,19.5122,14.6341,4.878,34.1463,58.5366,102.439,170.7317,34.1463,43.9024,9.7561,58.5366,229.2683,24.3902,19.5122
Pf46613d969,1,8,9,0.1111,40,2090,52.25,12.081,10.1914,0.4315,0.0,0.0,601,1458,857,4.3062,0.35204,11.9617,63.6364,89.9522,16.2679,69.8565,11.9617,44.0191,544.0191,11.0048,33.0144,31.5789,12.4402,9.0909,66.9856,24.8804,124.8804,123.445,22.0096,76.0766,10.0478,27.7512,224.8804,60.7656,9.5694
P08bc96e9be,1,4,5,0.2,11,577,52.455,12.277,6.9324,0.38,0.0,0.0,357,977,620,84.922,0.8209,10.3986,83.1889,65.8579,8.6655,81.4558,10.3986,50.26,528.5962,3.4662,95.3206,19.0641,5.1993,1.7331,91.8544,51.9931,91.8544,128.2496,19.0641,57.1924,5.1993,48.5269,230.5026,20.7972,6.9324
Pa7dbf13041,0,0,,,0,0,,,,,,,,,,,,,,,,,,,,,,,,,,,,,,,,,,,
P69f4c7679c,1,3,3,0.0,8,317,39.625,10.931,11.3565,,0.0,0.0,256,258,2,18.9274,0.52778,18.9274,47.3186,116.7192,28.3912,82.0189,6.3091,50.4732,605.6782,18.9274,59.9369,28.3912,22.082,18.9274,59.9369,22.082,123.0284,170.347,37.8549,59.9369,3.1546,18.9274,261.8297,53.6278,9.4637
P5be180758a,1,4,4,0.0,13,594,45.692,16.054,9.596,0.432,0.0,0.0,252,1350,1098,26.936,0.38235,16.835,57.2391,79.1246,18.5185,72.3906,11.7845,13.468,553.8721,8.4175,43.771,18.5185,10.101,10.101,90.9091,20.202,129.6296,101.0101,25.2525,101.0101,1.6835,26.936,228.9562,70.7071,1.6835
P289da7f9c1,0,0,,,0,0,,,,,,,,,,,,,,,,,,,,,,,,,,,,,,,,,,,
Pad0b972baf,0,0,,,0,0,,,,,,,,,,,,,,,,,,,,,,,,,,,,,,,,,,,
P48772fff87,1,1,1,0.0,3,126,42.0,18.0,9.5238,,0.0,0.0,252,252,0,-39.6825,0.25,71.4286,71.4286,95.2381,7.9365,63.4921,15.873,63.4921,555.5556,23.8095,7.9365,47.619,15.873,15.873,31.746,39.6825,182.5397,182.5397,0.0,31.746,15.873,55.5556,238.0952,23.8095,31.746
Pde7308c87b,0,0,,,0,0,,,,,,,,,,,,,,,,,,,,,,,,,,,,,,,,,,,
P1f88525e9f,1,3,3,0.0,8,514,64.25,17.133,11.284,0.398,0.0,0.0,357,606,249,38.9105,0.70588,7.7821,58.3658,103.1128,23.3463,62.2568,9.7276,40.856,535.0195,15.5642,70.0389,31.1284,21.4008,9.7276,66.1479,15.5642,118.677,132.2957,11.6732,52.5292,7.7821,40.856,239.2996,29.1829,5.8366
P32d7e7e1eb,1,3,3,0.0,5,233,46.6,8.321,6.4378,,0.0,0.0,252,614,362,60.0858,0.52941,25.7511,25.7511,124.4635,4.2918,51.5021,21.4592,55.794,510.7296,4.2918,77.2532,21.4592,21.4592,17.1674,98.7124,51.5021,94.4206,154.5064,4.2918,81.5451,8.5837,30.0429,296.1373,68.6695,0.0
P3bfc12237e,0,0,,,0,0,,,,,,,,,,,,,,,,,,,,,,,,,,,,,,,,,,,
P198bb02a0c,1,2,2,0.0,7,279,39.857,11.16,11.828,,0.0,0.0,251,616,365,46.595,0.72,7.1685,89.6057,64.5161,14.3369,14.3369,3.5842,86.0215,458.7814,10.7527,64.5161,14.3369,10.7527,7.1685,32.2581,25.0896,121.8638,161.2903,28.6738,68.1004,3.5842,10.7527,222.2222,25.0896,7.1685
Pdc083a80a9,1,8,8,0.0,22,1045,47.5,13.062,12.7273,0.42,0.0,0.0,252,1350,1098,2.8708,0.30769,9.5694,63.1579,89.9522,17.2249,69.8565,12.4402,42.1053,549.2823,6.6986,26.7943,35.4067,14.3541,0.9569,69.8565,33.4928,119.6172,123.445,35.4067,84.2105,7.6555,31.5789,214.3541,60.2871,0.9569
P04282e0cbf,1,1,1,0.0,1,78,78.0,19.5,19.2308,,0.0,0.0,607,607,0,-25.641,0.2,12.8205,64.1026,76.9231,0.0,38.4615,0.0,64.1026,500.0,12.8205,12.8205,38.4615,0.0,0.0,38.4615,25.641,166.6667,89.7436,12.8205,64.1026,0.0,38.4615,205.1282,51.2821,0.0
P716f6175e4,1,7,7,0.0,28,1673,59.75,16.899,9.743,0.374,0.0,0.0,599,730,131,29.8864,0.52288,13.7478,57.9797,91.4525,13.15,62.1638,11.9546,34.6683,550.5081,13.15,47.8183,23.3114,5.9773,6.575,63.957,26.8978,138.0753,145.8458,26.8978,65.1524,4.1841,43.6342,243.2756,43.6342,2.9886
P2b95cb9990,1,1,1,0.0,3,160,53.333,12.308,13.75,,0.0,0.0,607,607,0,43.75,0.6,18.75,75.0,100.0,18.75,18.75,12.5,62.5,481.25,0.0,37.5,6.25,12.5,0.0,25.0,37.5,93.75,143.75,25.0,37.5,12.5,68.75,175.0,25.0,6.25
P429838957d,0,0,,,0,0,,,,,,,,,,,,,,,,,,,,,,,,,,,,,,,,,,,
P04b95b58e0,0,0,,,0,0,,,,,,,,,,,,,,,,,,,,,,,,,,,,,,,,,,,
P9cddcdc1ad,1,3,3,0.0,15,894,59.6,14.19,10.4027,0.402,0.0,0.0,407,616,209,6.7114,0.43373,22.3714,52.5727,129.7539,15.66,46.9799,4.4743,45.8613,563.7584,21.2528,40.2685,19.0157,23.4899,19.0157,43.6242,20.1342,133.1096,183.4452,21.2528,77.1812,4.4743,24.6085,269.5749,52.5727,16.7785
P173da90181,1,1,1,0.0,3,143,47.667,13.0,8.3916,,0.0,0.0,252,252,0,13.986,0.41667,6.993,55.9441,104.8951,6.993,62.9371,27.972,34.965,538.4615,27.972,34.965,48.951,0.0,0.0,41.958,27.972,118.8811,146.8531,20.979,97.9021,13.986,20.979,223.7762,48.951,13.986
Pc2d24d5902,1,1,1,0.0,1,68,68.0,22.667,4.4118,,0.0,0.0,252,252,0,29.4118,0.16667,0.0,102.9412,29.4118,0.0,88.2353,14.7059,29.4118,558.8235,0.0,14.7059,0.0,29.4118,0.0,29.4118,0.0,117.6471,117.6471,0.0,73.5294,0.0,29.4118,176.4706,73.5294,14.7059
P866e6f90bf,1,2,2,0.0,8,468,58.5,10.636,8.9744,,0.0,0.0,251,615,364,-19.2308,0.04167,14.9573,76.9231,113.2479,4.2735,25.641,12.8205,21.3675,559.8291,12.8205,4.2735,25.641,25.641,10.6838,74.7863,19.2308,130.3419,153.8462,14.9573,102.5641,0.0,57.6923,250.0,98.2906,4.2735
P2ca61183dc,1,7,7,0.0,21,1276,60.762,18.229,12.1473,0.432,0.0,0.0,601,1351,750,-0.7837,0.26415,14.8903,75.2351,99.5298,14.8903,65.047,7.837,36.8339,549.373,15.674,21.9436,21.1599,13.3229,9.4044,43.1034,17.2414,123.0408,149.6865,19.5925,83.0721,3.9185,32.9154,227.2727,61.1285,13.3229
P625909539a,0,0,,,0,0,,,,,,,,,,,,,,,,,,,,,,,,,,,,,,,,,,,
P1cf3ac09b1,1,19,19,0.0,87,5901,67.828,12.718,9.7441,0.40691,2.5419,0.0,357,992,635,10.3372,0.43368,25.5889,69.6492,99.9831,16.6074,53.8892,6.1007,29.656,557.1937,11.0151,34.9093,23.7248,13.8959,6.948,59.8204,33.3842,123.1995,144.7212,31.0117,64.0569,9.6594,36.4345,239.6204,45.5855,17.4547
Pb3e461d4cf,0,0,,,0,0,,,,,,,,,,,,,,,,,,,,,,,,,,,,,,,,,,,
Pee12c1b431,0,0,,,0,0,,,,,,,,,,,,,,,,,,,,,,,,,,,,,,,,,,,
Pdc49b6ecb0,1,2,2,0.0,9,253,28.111,12.65,9.0909,,0.0,0.0,978,979,1,31.6206,0.68421,19.7628,55.336,94.8617,11.8577,71.1462,11.8577,35.5731,561.2648,3.9526,51.3834,11.8577,27.668,19.7628,63.2411,23.7154,158.1028,126.4822,23.7154,39.5257,15.8103,39.5257,221.3439,23.7154,0.0
P9d5ce33ec0,1,2,2,0.0,4,153,38.25,10.929,8.4967,,0.0,0.0,608,614,6,52.2876,0.7,6.5359,78.4314,84.9673,6.5359,39.2157,6.5359,26.1438,483.6601,19.6078,91.5033,39.2157,13.0719,6.5359,58.8235,39.2157,104.5752,209.1503,39.2157,65.3595,0.0,26.1438,287.5817,39.2157,0.0
P170284fab5,0,0,,,0,0,,,,,,,,,,,,,,,,,,,,,,,,,,,,,,,,,,,
P641ed83c9a,0,0,,,0,0,,,,,,,,,,,,,,,,,,,,,,,,,,,,,,,,,,,
P8884c4fd03,1,9,9,0.0,83,6691,80.614,15.524,10.1181,0.43308,0.2989,0.0,256,986,730,25.4073,0.39292,13.0025,64.5643,104.9171,18.6818,80.2571,18.084,24.3611,549.5442,10.6113,33.1789,18.8313,17.1873,7.0244,71.8876,24.66,113.436,118.069,24.5105,69.9447,8.6684,26.9018,218.8014,51.2629,7.0244
P539176b694,0,0,,,0,0,,,,,,,,,,,,,,,,,,,,,,,,,,,,,,,,,,,
Pdd324c8c3a,1,6,6,0.0,25,1289,51.56,10.07,11.0163,0.418,0.0,0.0,1343,1714,371,15.5159,0.33103,26.377,70.5974,102.405,21.7223,42.6687,10.0853,38.7898,535.2987,5.4306,37.2382,16.2917,12.4127,15.5159,69.8216,21.7223,114.8177,123.3514,19.3949,95.4228,10.8611,27.9286,221.1016,75.2521,10.8611
Pcf413465aa,1,2,2,0.0,4,153,38.25,10.929,7.1895,,0.0,0.0,1350,1456,106,58.8235,0.83333,6.5359,71.8954,124.183,13.0719,32.6797,13.0719,39.2157,542.4837,0.0,65.3595,19.6078,6.5359,0.0,58.8235,26.1438,150.3268,143.7908,19.6078,32.6797,0.0,26.1438,248.366,13.0719,32.6797
P007123cefb,0,0,,,0,0,,,,,,,,,,,,,,,,,,,,,,,,,,,,,,,,,,,
Pa5bdbe06a8,0,0,,,0,0,,,,,,,,,,,,,,,,,,,,,,,,,,,,,,,,,,,
P6142a39d2b,1,5,5,0.0,19,1137,59.842,10.431,10.0264,0.432,1.759,0.0,407,605,198,38.6983,0.55455,14.0721,58.927,127.5286,9.6746,65.9631,15.8311,30.7828,598.0651,8.7951,53.65,22.8672,19.3492,7.9156,82.6737,21.9877,116.095,131.0466,32.5418,53.65,6.1566,36.0598,250.6596,43.0959,18.4697
P0fec6c7ff1,1,1,1,0.0,2,145,72.5,12.083,10.3448,,0.0,0.0,616,616,0,27.5862,0.5625,34.4828,68.9655,48.2759,13.7931,62.069,6.8966,20.6897,558.6207,0.0,62.069,34.4828,13.7931,6.8966,89.6552,20.6897,179.3103,68.9655,20.6897,55.1724,6.8966,6.8966,172.4138,48.2759,0.0
P076dcdb147,1,2,2,0.0,7,357,51.0,11.516,7.8431,,0.0,0.0,357,613,256,44.8179,0.44737,22.409,53.2213,100.8403,5.6022,64.4258,28.0112,64.4258,585.4342,14.0056,47.619,19.6078,11.2045,11.2045,47.619,28.0112,117.6471,176.4706,39.2157,72.8291,8.4034,33.6134,257.7031,58.8235,25.2101
P98391b949f,1,1,1,0.0,1,38,38.0,7.6,10.5263,,0.0,0.0,608,608,0,131.5789,1.0,0.0,52.6316,131.5789,0.0,0.0,0.0,52.6316,500.0,0.0,131.5789,0.0,0.0,0.0,78.9474,131.5789,78.9474,184.2105,0.0,26.3158,0.0,52.6316,263.1579,0.0,0.0
Pc5171d01c1,1,2,2,0.0,3,275,91.667,16.176,9.4545,,0.0,0.0,600,612,12,21.8182,0.13043,3.6364,47.2727,83.6364,36.3636,65.4545,36.3636,76.3636,549.0909,25.4545,10.9091,21.8182,18.1818,3.6364,21.8182,10.9091,127.2727,152.7273,61.8182,80.0,7.2727,3.6364,203.6364,72.7273,29.0909
Pe3d286e6c8,1,6,7,0.1429,28,1344,48.0,10.5,12.2768,0.457,0.0,0.0,972,1344,372,-8.1845,0.27586,13.3929,78.125,108.631,15.625,47.619,6.6964,17.1131,550.5952,11.1607,17.8571,17.8571,14.1369,14.881,52.8274,17.8571,118.3036,148.0655,34.2262,63.9881,7.4405,57.2917,221.7262,46.875,16.369
P2943e264b5,0,0,,,0,0,,,,,,,,,,,,,,,,,,,,,,,,,,,,,,,,,,,
P72ce5af049,1,2,2,0.0,5,392,78.4,12.25,14.0306,,0.0,0.0,1343,1344,1,66.3265,0.94872,10.2041,73.9796,107.1429,0.0,61.2245,7.6531,28.0612,584.1837,25.5102,94.3878,30.6122,7.6531,5.102,68.8776,35.7143,135.2041,112.2449,22.9592,28.0612,2.551,17.8571,221.9388,5.102,7.6531
P34a08a87d4,1,4,4,0.0,9,553,61.444,24.043,8.1374,0.414,0.0,0.0,333,609,276,37.9747,0.38776,7.2333,52.4412,81.3743,12.6582,65.0995,32.5497,52.4412,526.2206,7.2333,34.358,25.3165,12.6582,3.6166,63.2911,14.4665,132.0072,139.2405,27.1248,72.3327,1.8083,25.3165,253.1646,54.2495,5.425
Pc74b3d476e,1,2,2,0.0,7,304,43.429,13.217,13.1579,,0.0,0.0,965,1351,386,29.6053,0.34146,29.6053,46.0526,75.6579,3.2895,55.9211,13.1579,52.6316,532.8947,9.8684,46.0526,23.0263,9.8684,6.5789,85.5263,42.7632,121.7105,151.3158,13.1579,101.9737,3.2895,32.8947,263.1579,88.8158,3.2895
P80eaeaa85d,0,0,,,0,0,,,,,,,,,,,,,,,,,,,,,,,,,,,,,,,,,,,
Pceb9387e05,1,8,8,0.0,23,1560,67.826,13.929,11.0256,0.428,0.0,0.0,608,1350,742,33.3333,0.49296,18.5897,61.5385,94.8718,12.8205,53.2051,9.6154,46.7949,555.7692,11.5385,44.8718,17.9487,13.4615,3.2051,52.5641,19.2308,148.7179,121.7949,26.2821,66.6667,7.0513,32.0513,213.4615,46.1538,2.5641
P4cd6438cc3,0,0,,,0,0,,,,,,,,,,,,,,,,,,,,,,,,,,,,,,,,,,,
P9580c6ee97,1,2,2,0.0,5,377,75.4,13.963,11.4058,,0.0,0.0,976,978,2,7.9576,0.28571,42.4403,45.0928,68.9655,21.2202,79.5756,10.6101,37.1353,498.6737,2.6525,31.8302,23.8727,15.9151,10.6101,92.8382,45.0928,127.321,132.626,18.5676,100.7958,10.6101,2.6525,254.6419,79.5756,2.6525
P2cd53b2728,1,1,1,0.0,5,406,81.2,11.6,7.3892,,0.0,0.0,251,251,0,-46.798,0.1,9.8522,64.0394,68.9655,9.8522,41.8719,7.3892,34.4828,504.9261,32.0197,7.3892,59.1133,12.3153,2.4631,71.4286,27.0936,162.5616,179.803,9.8522,81.2808,2.4631,27.0936,256.1576,66.5025,12.3153
Pc09cd8c6d0,1,2,3,0.3333,6,253,42.167,10.12,9.4862,,3.9526,0.0,251,728,477,-11.8577,0.28571,11.8577,86.9565,90.9091,7.9051,39.5257,3.9526,31.6206,505.9289,31.6206,23.7154,23.7154,11.8577,15.8103,75.0988,15.8103,106.7194,114.6245,15.8103,83.004,11.8577,19.7628,209.4862,59.2885,15.8103
P63a2ab1a2a,0,0,,,0,0,,,,,,,,,,,,,,,,,,,,,,,,,,,,,,,,,,,
Pf75af7bb1f,1,1,1,0.0,1,50,50.0,50.0,12.0,,0.0,0.0,615,615,0,60.0,1.0,0.0,120.0,40.0,0.0,40.0,20.0,60.0,440.0,20.0,40.0,0.0,20.0,0.0,40.0,0.0,180.0,140.0,0.0,20.0,40.0,20.0,180.0,0.0,0.0
P16e9d60aa9,1,11,13,0.1538,31,1898,61.226,14.945,9.7998,0.39667,0.0,0.0,407,979,572,13.6986,0.42208,11.5911,56.902,100.1054,16.333,51.6333,5.7956,46.8915,538.9884,11.5911,34.2466,20.0211,5.7956,6.3224,38.4615,17.9136,124.3414,155.4268,23.1823,67.4394,11.5911,32.666,220.2318,46.8915,11.5911
P4f020a46a6,1,4,4,0.0,15,858,57.2,15.053,12.4709,0.418,0.0,0.0,608,1344,736,33.7995,0.59375,13.986,72.2611,109.5571,15.1515,45.4545,11.655,33.7995,537.296,15.1515,44.289,15.1515,13.986,6.993,34.965,24.4755,142.1911,166.6667,13.986,55.9441,8.1585,13.986,228.4382,30.303,15.1515
Pa8a4b42a31,1,1,1,0.0,8,494,61.75,13.0,10.7287,,0.0,0.0,609,609,0,42.5101,0.59184,24.2915,68.8259,101.2146,12.1457,42.5101,4.0486,46.5587,544.5344,6.0729,58.7045,14.17,24.2915,6.0729,62.753,28.3401,127.5304,139.6761,16.1943,85.0202,4.0486,30.3644,244.9393,40.4858,14.17
Pc2faa1488c,1,2,2,0.0,2,117,58.5,14.625,10.2564,,0.0,0.0,704,978,274,-8.547,0.23077,8.547,111.1111,85.4701,8.547,42.735,8.547,51.2821,478.6325,17.094,25.641,34.188,0.0,8.547,128.2051,8.547,119.6581,119.6581,8.547,111.1111,0.0,25.641,290.5983,85.4701,0.0
P12d4263452,1,5,5,0.0,16,1052,65.75,13.316,9.6958,0.448,1.9011,0.0,978,1432,454,9.5057,0.30303,18.0608,70.3422,86.5019,8.5551,53.2319,12.3574,33.27,553.2319,9.5057,28.5171,24.7148,19.0114,6.654,56.0837,24.7148,143.5361,120.7224,20.9125,89.3536,6.654,28.5171,205.3232,65.5894,6.654
P56764c9c75,1,14,14,0.0,69,5136,74.435,19.984,10.553,0.3946,0.1947,0.0,1697,2077,380,36.215,0.49617,10.3193,57.243,102.2196,9.9299,57.0483,11.0981,36.9938,580.9969,9.9299,50.4283,21.6121,15.771,3.6994,46.3396,22.0016,133.1776,156.5421,23.3645,69.5093,8.3723,28.0374,226.4408,51.2072,10.3193
P3eb05301ef,0,0,,,0,0,,,,,,,,,,,,,,,,,,,,,,,,,,,,,,,,,,,
Pba89c73461,0,0,,,0,0,,,,,,,,,,,,,,,,,,,,,,,,,,,,,,,,,,,
P9c6ee0d9a6,0,0,,,0,0,,,,,,,,,,,,,,,,,,,,,,,,,,,,,,,,,,,
P837f74ef42,0,0,,,0,0,,,,,,,,,,,,,,,,,,,,,,,,,,,,,,,,,,,
Pe6009787c4,0,0,,,0,0,,,,,,,,,,,,,,,,,,,,,,,,,,,,,,,,,,,
Pf77538a69a,0,0,,,0,0,,,,,,,,,,,,,,,,,,,,,,,,,,,,,,,,,,,
P2900148dca,0,0,,,0,0,,,,,,,,,,,,,,,,,,,,,,,,,,,,,,,,,,,
P4722b5d5ff,0,0,,,0,0,,,,,,,,,,,,,,,,,,,,,,,,,,,,,,,,,,,
Pc4f35f8bd3,0,0,,,0,0,,,,,,,,,,,,,,,,,,,,,,,,,,,,,,,,,,,
P8943f8c99a,,,,,,,,,,,,,,,,,,,,,,,,,,,,,,,,,,,,,,,,,
Pa974d0f28b,0,0,,,0,0,,,,,,,,,,,,,,,,,,,,,,,,,,,,,,,,,,,
P4ddb9bf638,0,0,,,0,0,,,,,,,,,,,,,,,,,,,,,,,,,,,,,,,,,,,
Ped501e46cc,0,0,,,0,0,,,,,,,,,,,,,,,,,,,,,,,,,,,,,,,,,,,
P9d7519067e,0,0,,,0,0,,,,,,,,,,,,,,,,,,,,,,,,,,,,,,,,,,,
P92b5b7a56d,0,0,,,0,0,,,,,,,,,,,,,,,,,,,,,,,,,,,,,,,,,,,
P5fdfb73e8f,0,0,,,0,0,,,,,,,,,,,,,,,,,,,,,,,,,,,,,,,,,,,
P5b50a9b58b,0,0,,,0,0,,,,,,,,,,,,,,,,,,,,,,,,,,,,,,,,,,,
Pd3cfd798be,1,4,4,0.0,23,964,41.913,14.606,9.0249,0.402,2.0747,0.0,333,697,364,8.2988,0.35955,18.6722,58.0913,67.4274,11.4108,53.9419,6.2241,33.195,546.6805,10.3734,33.195,26.971,6.2241,4.1494,63.278,16.5975,152.4896,154.5643,19.7095,85.0622,0.0,25.9336,240.6639,59.1286,24.8963
P9b1073be42,0,0,,,0,0,,,,,,,,,,,,,,,,,,,,,,,,,,,,,,,,,,,
Pc76c8c8711,0,0,,,0,0,,,,,,,,,,,,,,,,,,,,,,,,,,,,,,,,,,,
P51e6803c0a,1,1,1,0.0,1,76,76.0,15.2,9.2105,,0.0,0.0,610,610,0,39.4737,1.0,26.3158,78.9474,78.9474,0.0,52.6316,0.0,78.9474,513.1579,0.0,78.9474,13.1579,13.1579,26.3158,52.6316,13.1579,105.2632,171.0526,13.1579,0.0,13.1579,92.1053,250.0,0.0,0.0
P2dd8b69701,0,0,,,0,0,,,,,,,,,,,,,,,,,,,,,,,,,,,,,,,,,,,
P770d276313,0,0,,,0,0,,,,,,,,,,,,,,,,,,,,,,,,,,,,,,,,,,,
P051c4d4903,1,1,3,0.6667,3,154,51.333,9.625,5.8442,,0.0,0.0,601,601,0,-6.4935,0.15385,19.4805,84.4156,103.8961,19.4805,19.4805,12.987,38.961,538.961,6.4935,12.987,32.4675,32.4675,0.0,90.9091,25.974,90.9091,162.3377,19.4805,110.3896,0.0,58.4416,279.2208,71.4286,12.987
Pa9f698b274,1,4,4,0.0,9,281,31.222,8.515,10.3203,,3.5587,0.0,252,987,735,39.1459,0.30303,28.4698,56.9395,85.4093,10.6762,35.5872,17.7936,60.4982,512.4555,0.0,35.5872,7.1174,7.1174,7.1174,96.0854,28.4698,131.6726,117.4377,21.3523,124.5552,3.5587,14.2349,252.669,81.8505,3.5587
P61afdc25a4,1,3,3,0.0,65,4055,62.385,12.873,9.3218,0.42325,0.0,0.3333,130,140,10,40.9371,0.55911,16.7694,63.1319,100.6165,22.4414,44.6363,11.5906,28.6067,546.7324,10.6042,55.9803,19.9753,16.2762,6.6584,62.6387,28.8533,127.4969,157.5832,28.6067,67.0777,10.111,28.1134,248.582,44.143,8.3847
P64263ced9d,0,0,,,0,0,,,,,,,,,,,,,,,,,,,,,,,,,,,,,,,,,,,
Pc3e0235987,1,3,3,0.0,60,1424,23.733,14.833,9.9017,0.403,0.7022,1.0,121,140,19,27.3876,0.47059,11.236,69.5225,82.8652,6.3202,84.2697,18.9607,37.2191,558.9888,7.7247,39.3258,27.3876,14.0449,3.5112,84.9719,18.9607,117.9775,91.2921,31.6011,61.7978,11.236,45.6461,206.4607,44.2416,2.1067
P45a39b68c1,1,1,1,0.0,14,579,41.357,16.083,9.6718,0.37,0.0,1.0,139,139,0,8.6356,0.32653,12.0898,58.7219,81.1744,12.0898,56.9948,5.1813,55.2677,545.7686,8.6356,27.6339,15.544,10.3627,8.6356,77.7202,25.9067,120.8981,126.0794,20.7254,70.8117,5.1813,56.9948,241.7962,56.9948,13.8169
Pc97a1282a3,1,2,2,0.0,44,2507,56.977,10.9,9.0945,0.4472,1.1966,1.0,117,121,4,37.0961,0.71845,10.7698,72.1978,90.5465,16.7531,54.2481,11.9665,26.3263,542.0822,7.9777,59.0347,29.1185,16.3542,4.7866,71.799,30.714,126.0471,122.856,29.1185,40.6861,6.3821,26.3263,228.1611,23.1352,5.5844
P854a3a23a2,0,0,,,0,0,,,,,,,,,,,,,,,,,,,,,,,,,,,,,,,,,,,
P7dcdc4ccdd,0,0,,,0,0,,,,,,,,,,,,,,,,,,,,,,,,,,,,,,,,,,,
Pb2632428b5,1,1,1,0.0,22,1188,54.0,15.429,10.1852,0.441,0.0,1.0,123,123,0,40.404,0.59813,5.8923,60.6061,82.4916,29.4613,62.2896,7.5758,34.5118,553.0303,6.734,53.8721,15.1515,10.9428,5.8923,43.771,25.2525,110.2694,138.8889,36.1953,53.0303,8.4175,34.5118,204.5455,36.1953,8.4175
P2c8aa67899,1,3,3,0.0,63,2476,39.302,10.627,10.2989,0.3775,0.4039,1.0,124,140,16,10.9047,0.32479,21.4055,75.1212,101.3732,20.1939,41.5994,8.8853,52.504,540.7916,10.5008,30.6947,19.79,19.79,8.8853,73.9095,29.483,119.1438,140.9532,21.0016,76.7367,4.4426,63.0048,252.0194,63.8126,5.6543
P9e82692a6d,1,1,1,0.0,4,205,51.25,13.667,11.2195,,0.0,0.0,241,241,0,78.0488,0.63636,29.2683,53.6585,151.2195,19.5122,68.2927,19.5122,58.5366,541.4634,24.3902,68.2927,9.7561,19.5122,0.0,92.6829,53.6585,141.4634,131.7073,9.7561,53.6585,9.7561,9.7561,258.5366,39.0244,0.0
Pa090759337,0,0,,,0,0,,,,,,,,,,,,,,,,,,,,,,,,,,,,,,,,,,,
P4e35bd6add,0,0,,,0,0,,,,,,,,,,,,,,,,,,,,,,,,,,,,,,,,,,,
P05f9ca4653,0,0,,,0,0,,,,,,,,,,,,,,,,,,,,,,,,,,,,,,,,,,,
Pa0882490f6,1,1,1,0.0,20,503,25.15,11.698,10.1392,0.418,0.0,1.0,138,138,0,17.8926,0.66667,1.9881,57.6541,121.2724,17.8926,29.8211,0.0,61.6302,564.6123,15.9046,51.6899,25.8449,25.8449,7.9523,81.5109,17.8926,143.1412,133.2008,25.8449,33.7972,13.9165,25.8449,246.5209,25.8449,9.9404
P0057628fa2,1,5,5,0.0,35,1714,48.971,13.287,10.6768,0.45067,0.5834,0.2,115,1231,1116,22.7538,0.49558,8.168,78.1797,89.8483,13.4189,71.762,12.252,26.2544,567.0945,4.084,32.6721,15.1692,16.3361,7.0012,60.6768,28.5881,125.4376,106.7678,33.2555,51.3419,12.8355,26.8378,198.3664,33.2555,18.0863
Pb3cfb2c388,0,0,,,0,0,,,,,,,,,,,,,,,,,,,,,,,,,,,,,,,,,,,
P54240b8a24,0,0,,,0,0,,,,,,,,,,,,,,,,,,,,,,,,,,,,,,,,,,,
Pfce02776de,1,3,3,0.0,32,1259,39.344,10.948,9.7697,0.399,0.7943,1.0,130,140,10,30.1827,0.53782,12.7085,72.2796,108.0222,15.8856,34.9484,11.1199,27.7998,557.5854,8.7371,50.834,20.6513,16.6799,11.1199,115.9651,22.2399,107.228,88.9595,27.7998,57.1882,10.3257,41.3026,237.4901,43.6855,10.3257
P69549f38f2,1,1,1,0.0,12,421,35.083,14.517,10.2138,,0.0,1.0,138,138,0,30.8789,0.67742,14.2518,45.1306,116.3895,28.5036,64.133,7.1259,38.0048,562.9454,0.0,49.8812,21.3777,14.2518,4.7506,59.3824,38.0048,135.3919,156.7696,38.0048,54.6318,0.0,30.8789,249.4062,23.753,16.6271
P392363bcf2,1,2,2,0.0,3,284,94.667,12.909,6.338,,0.0,0.0,1239,1603,364,28.169,0.52941,3.5211,45.7746,133.8028,3.5211,73.9437,10.5634,17.6056,619.7183,14.0845,63.3803,35.2113,7.0423,10.5634,52.8169,14.0845,105.6338,186.6197,7.0423,80.9859,3.5211,73.9437,260.5634,56.338,0.0
P721d8fa8f9,1,3,3,0.0,23,730,31.739,11.406,9.726,0.434,1.3699,0.3333,138,1597,1459,42.4658,0.66667,6.8493,72.6027,108.2192,13.6986,38.3562,4.1096,45.2055,543.8356,10.9589,60.274,19.1781,9.589,2.7397,43.8356,24.6575,115.0685,145.2055,20.5479,57.5342,4.1096,17.8082,213.6986,30.137,26.0274
P87ada0d006,1,1,2,0.5,2,118,59.0,14.75,14.4068,,0.0,0.0,868,868,0,50.8475,0.58824,16.9492,59.322,50.8475,16.9492,67.7966,16.9492,50.8475,508.4746,8.4746,84.7458,33.8983,0.0,16.9492,76.2712,33.8983,127.1186,59.322,8.4746,59.322,25.4237,16.9492,169.4915,59.322,8.4746
P4110110f37,0,0,,,0,0,,,,,,,,,,,,,,,,,,,,,,,,,,,,,,,,,,,
Pf6213e9937,0,0,,,0,0,,,,,,,,,,,,,,,,,,,,,,,,,,,,,,,,,,,
P88205fde52,1,2,2,0.0,5,311,62.2,14.136,10.2894,,0.0,0.0,860,866,6,6.4309,0.21053,12.8617,77.1704,80.3859,25.7235,28.9389,3.2154,41.8006,498.3923,9.6463,12.8617,9.6463,16.0772,0.0,90.0322,25.7235,131.8328,118.9711,32.1543,57.8778,12.8617,19.2926,234.7267,48.2315,6.4309
P61d8f8df57,0,0,,,0,0,,,,,,,,,,,,,,,,,,,,,,,,,,,,,,,,,,,
Pe28113186c,0,0,,,0,0,,,,,,,,,,,,,,,,,,,,,,,,,,,,,,,,,,,
P90b2305671,0,0,,,0,0,,,,,,,,,,,,,,,,,,,,,,,,,,,,,,,,,,,
Pe728a39ea0,1,1,1,0.0,10,222,22.2,14.8,9.4595,,0.0,1.0,141,141,0,13.5135,0.22222,54.0541,67.5676,94.5946,27.027,36.036,27.027,13.5135,463.964,27.027,18.018,18.018,4.5045,13.5135,63.0631,40.5405,112.6126,144.1441,31.5315,72.0721,0.0,9.009,225.2252,63.0631,13.5135
P213b82c86a,0,0,,,0,0,,,,,,,,,,,,,,,,,,,,,,,,,,,,,,,,,,,
Pb1d56c9c96,0,0,,,0,0,,,,,,,,,,,,,,,,,,,,,,,,,,,,,,,,,,,
P5480a34012,1,2,2,0.0,24,606,25.25,18.938,12.0462,0.408,0.0,1.0,132,140,8,11.5512,0.29412,29.703,64.3564,97.3597,19.802,74.2574,3.3003,51.1551,539.604,8.2508,24.7525,9.901,13.2013,6.6007,56.1056,39.604,108.9109,146.8647,36.3036,74.2574,3.3003,36.3036,229.3729,59.4059,1.6502
P30169adef4,1,1,1,0.0,16,665,41.562,10.231,11.8797,0.43,0.0,1.0,129,129,0,61.6541,0.65714,9.0226,42.1053,129.3233,37.594,43.609,12.0301,39.0977,557.8947,18.0451,69.1729,9.0226,15.0376,10.5263,45.1128,46.6165,117.2932,136.8421,33.0827,82.7068,3.0075,36.0902,225.5639,36.0902,10.5263
P21372aaded,1,5,5,0.0,56,1840,32.857,11.429,9.7283,0.38533,0.0,0.8,131,1233,1102,30.4348,0.53153,14.6739,78.2609,91.3043,7.6087,31.5217,7.0652,30.9783,551.6304,9.2391,64.1304,34.7826,16.3043,5.9783,77.1739,21.1957,130.9783,145.1087,22.8261,69.5652,4.3478,30.9783,259.2391,56.5217,9.7826
P606c98790a,0,0,,,0,0,,,,,,,,,,,,,,,,,,,,,,,,,,,,,,,,,,,
Pc624860c4a,0,0,,,0,0,,,,,,,,,,,,,,,,,,,,,,,,,,,,,,,,,,,
P9fd480084b,1,2,2,0.0,24,1512,63.0,13.745,10.3175,0.37867,1.9841,0.5,130,868,738,52.9101,0.67284,17.1958,69.4444,98.545,27.7778,40.3439,11.2434,38.3598,551.5873,11.9048,72.0899,22.4868,17.1958,7.9365,60.8466,35.0529,125.6614,162.6984,27.7778,57.5397,1.3228,19.1799,250.6614,35.0529,16.5344
P90932c4b0a,1,4,4,0.0,20,1163,58.15,12.372,11.006,0.396,0.0,0.0,509,866,357,70.5073,0.69919,22.356,50.7309,90.2837,20.6363,76.5262,13.7575,48.1513,539.9828,8.5985,73.9467,10.3181,16.3371,6.8788,60.1892,45.5718,104.9011,153.9123,25.7954,50.7309,3.4394,30.9544,239.8968,31.8143,4.2992
P82dc635a40,1,3,3,0.0,50,2342,46.84,11.369,10.0769,0.4005,1.281,0.6667,115,861,746,31.1699,0.47845,14.0905,65.3288,107.6003,20.4953,61.0589,9.8207,34.5858,552.9462,10.2477,47.3954,20.0683,14.5175,5.9778,73.0145,25.6191,111.4432,134.9274,23.4842,78.1383,6.4048,17.5064,238.2579,51.6652,7.6857
Pac178f1473,1,2,2,0.0,6,309,51.5,11.036,11.0032,,0.0,0.0,858,859,1,29.1262,0.24,12.945,97.0874,84.1424,16.1812,38.835,16.1812,9.7087,579.288,12.945,19.4175,3.2362,16.1812,3.2362,58.2524,12.945,152.1036,90.6149,29.1262,84.1424,25.89,35.5987,184.466,61.4887,12.945
Pbfadf35dca,1,3,3,0.0,9,416,46.222,13.419,13.2212,,0.0,0.0,854,1224,370,21.6346,0.54167,9.6154,62.5,100.9615,9.6154,62.5,9.6154,40.8654,562.5,4.8077,31.25,16.8269,12.0192,2.4038,72.1154,14.4231,134.6154,105.7692,21.6346,57.6923,0.0,45.6731,209.1346,26.4423,24.0385
P6680e3073f,0,0,,,0,0,,,,,,,,,,,,,,,,,,,,,,,,,,,,,,,,,,,
P3364db28a5,0,0,,,0,0,,,,,,,,,,,,,,,,,,,,,,,,,,,,,,,,,,,
Pb149e1d8c2,0,0,,,0,0,,,,,,,,,,,,,,,,,,,,,,,,,,,,,,,,,,,
P152905cef4,0,0,,,0,0,,,,,,,,,,,,,,,,,,,,,,,,,,,,,,,,,,,
P1e1b55c58c,0,0,,,0,0,,,,,,,,,,,,,,,,,,,,,,,,,,,,,,,,,,,
P30aaba02d5,0,0,,,0,0,,,,,,,,,,,,,,,,,,,,,,,,,,,,,,,,,,,
P5705590403,0,0,,,0,0,,,,,,,,,,,,,,,,,,,,,,,,,,,,,,,,,,,
P60da7b4537,1,7,8,0.125,42,3957,94.214,19.589,10.3361,0.40457,0.2527,0.2857,129,1247,1118,31.0842,0.50134,17.6902,61.1574,102.603,19.2065,62.9265,8.8451,29.5679,581.2484,9.0978,47.258,16.4266,13.6467,8.5924,66.9699,25.019,135.2034,123.073,30.0733,68.2335,10.3614,28.3043,219.6108,47.0053,9.6032
P0326e23b0d,0,0,,,0,0,,,,,,,,,,,,,,,,,,,,,,,,,,,,,,,,,,,
P624b2b5afe,1,1,1,0.0,12,406,33.833,11.941,12.069,,0.0,1.0,140,140,0,24.6305,0.5,24.6305,68.9655,98.5222,24.6305,100.9852,9.8522,27.0936,549.2611,2.4631,46.798,27.0936,7.3892,4.9261,88.67,36.9458,100.9852,152.7094,9.8522,59.1133,4.9261,7.3892,263.5468,46.798,7.3892
Pc131e1ee6f,0,0,,,0,0,,,,,,,,,,,,,,,,,,,,,,,,,,,,,,,,,,,
Pd1118f9ab3,0,0,,,0,0,,,,,,,,,,,,,,,,,,,,,,,,,,,,,,,,,,,
Pba95727095,1,1,1,0.0,12,184,15.333,8.0,7.6087,,0.0,1.0,138,138,0,65.2174,0.66667,10.8696,27.1739,141.3043,27.1739,32.6087,16.3043,48.913,635.8696,21.7391,86.9565,32.6087,43.4783,5.4348,27.1739,27.1739,152.1739,190.2174,32.6087,59.7826,0.0,38.0435,233.6957,43.4783,5.4348
P2b13664da5,1,2,2,0.0,26,1585,60.962,12.192,12.1767,0.416,0.0,0.5,131,859,728,-2.5237,0.28161,10.0946,67.5079,98.4227,14.511,56.1514,9.4637,25.8675,558.9905,15.7729,30.9148,35.9621,10.7256,6.9401,51.1041,20.8202,124.9211,151.4196,20.8202,108.5174,6.9401,41.6404,219.5584,78.8644,5.6782
Pa09bdf4e64,0,0,,,0,0,,,,,,,,,,,,,,,,,,,,,,,,,,,,,,,,,,,
Pfb1f04f295,1,2,2,0.0,5,211,42.2,7.815,9.0047,,0.0,0.0,1968,1969,1,-23.6967,0.41667,9.4787,37.9147,118.4834,4.7393,18.9573,9.4787,23.6967,530.8057,37.9147,47.3934,61.6114,47.3934,18.9573,80.5687,37.9147,109.0047,184.8341,14.218,71.09,18.9573,14.218,289.0995,66.3507,4.7393
P3ffd955342,1,2,2,0.0,4,478,119.5,16.483,10.8787,,0.0,0.0,1960,1961,1,6.2762,0.46667,16.7364,62.7615,121.3389,31.3808,64.8536,6.2762,43.9331,564.8536,8.3682,29.2887,18.8285,8.3682,10.4603,64.8536,29.2887,104.6025,133.8912,41.841,66.9456,6.2762,56.4854,240.5858,33.4728,29.2887
P659829b9e5,0,0,,,0,0,,,,,,,,,,,,,,,,,,,,,,,,,,,,,,,,,,,
Pdd3a369707,1,1,1,0.0,2,82,41.0,13.667,6.0976,,0.0,0.0,1967,1967,0,-36.5854,0.25,24.3902,60.9756,60.9756,36.5854,48.7805,12.1951,36.5854,512.1951,24.3902,24.3902,60.9756,0.0,12.1951,109.7561,24.3902,146.3415,97.561,60.9756,109.7561,0.0,12.1951,243.9024,73.1707,0.0
P64f9a357ca,1,3,3,0.0,6,492,82.0,13.667,11.7886,,2.0325,0.0,1594,1597,3,24.3902,0.57143,8.1301,85.3659,99.5935,10.1626,48.7805,6.0976,32.5203,546.748,0.0,40.6504,20.3252,12.1951,2.0325,67.0732,12.1951,117.8862,121.9512,30.4878,46.748,6.0976,42.6829,209.3496,30.4878,8.1301
Pdb02e7ce99,0,0,,,0,0,,,,,,,,,,,,,,,,,,,,,,,,,,,,,,,,,,,
P9161b1752d,1,2,2,0.0,3,135,45.0,16.875,5.9259,,0.0,0.0,865,867,2,44.4444,0.4375,7.4074,74.0741,96.2963,7.4074,59.2593,0.0,29.6296,607.4074,7.4074,51.8519,7.4074,0.0,0.0,88.8889,14.8148,148.1481,81.4815,22.2222,111.1111,0.0,37.037,214.8148,66.6667,0.0
Pcc9fe4d64c,1,4,4,0.0,14,944,67.429,17.164,11.8644,0.446,1.0593,0.0,660,1009,349,12.7119,0.34831,21.1864,49.7881,119.7034,16.9492,68.8559,7.4153,34.9576,581.5678,4.2373,32.839,21.1864,12.7119,6.3559,50.8475,20.1271,122.8814,157.839,26.4831,75.2119,6.3559,39.1949,245.7627,61.4407,7.4153
P8c6b1e4de6,1,5,5,0.0,23,1121,48.739,12.054,10.0803,0.404,0.8921,0.0,861,868,7,36.5745,0.49612,13.3809,60.6601,111.5076,22.3015,46.3872,10.7047,41.0348,553.0776,12.4888,57.0919,27.6539,6.2444,3.5682,70.4728,32.1142,125.7806,138.2694,18.7333,103.479,6.2444,24.9777,245.3167,57.9839,11.5968
P6a7cb1d3a8,1,3,3,0.0,5,378,75.6,13.034,14.0212,,0.0,0.0,861,1240,379,37.037,0.56522,13.2275,60.8466,92.5926,39.6825,71.4286,10.582,23.8095,552.9101,0.0,68.7831,23.8095,7.9365,18.5185,105.8201,31.746,111.1111,97.8836,26.455,103.1746,5.291,21.164,235.4497,52.9101,2.6455
P90d6ceb081,0,0,,,0,0,,,,,,,,,,,,,,,,,,,,,,,,,,,,,,,,,,,
P37de3fe8d7,1,4,4,0.0,17,731,43.0,12.603,11.7647,0.466,0.0,0.0,859,862,3,2.736,0.23256,15.0479,61.5595,99.8632,10.9439,47.8796,10.9439,13.6799,560.8755,13.6799,27.3598,24.6238,12.3119,10.9439,67.0315,20.5198,128.591,129.959,15.0479,108.0711,4.104,30.0958,236.6621,90.2873,2.736
P6e0353adf2,0,0,,,0,0,,,,,,,,,,,,,,,,,,,,,,,,,,,,,,,,,,,
P18f1dedfcb,1,4,4,0.0,9,386,42.889,13.31,6.4767,,0.0,0.0,1960,1967,7,0.0,0.16667,12.9534,85.4922,51.8135,0.0,80.3109,10.3627,54.4041,541.4508,5.1813,10.3627,10.3627,5.1813,10.3627,62.1762,25.9067,137.3057,106.2176,28.4974,75.1295,5.1813,44.0415,207.2539,51.8135,18.1347
P86aa3b2a5e,0,0,,,0,0,,,,,,,,,,,,,,,,,,,,,,,,,,,,,,,,,,,
Pa9952fefb0,1,2,2,0.0,6,461,76.833,15.367,10.1952,,0.0,0.0,861,862,1,-6.5076,0.13043,8.6768,75.9219,86.7679,15.1844,80.2603,13.0152,32.538,559.6529,15.1844,13.0152,23.8612,17.3536,8.6768,62.9067,6.5076,130.1518,127.9826,26.0304,99.7831,13.0152,39.0456,227.7657,86.7679,0.0
Pb52cacc824,1,2,2,0.0,5,263,52.6,13.842,9.5057,,0.0,0.0,1233,1240,7,38.0228,0.64286,19.0114,64.6388,121.673,11.4068,79.8479,15.2091,49.4297,570.3422,38.0228,68.4411,30.4183,15.2091,15.2091,45.6274,34.2205,129.2776,155.8935,7.6046,45.6274,0.0,41.8251,250.9506,38.0228,11.4068
Pe225c37146,0,0,,,0,0,,,,,,,,,,,,,,,,,,,,,,,,,,,,,,,,,,,
P6675265e20,0,0,,,0,0,,,,,,,,,,,,,,,,,,,,,,,,,,,,,,,,,,,
P72f09d9c22,1,4,4,0.0,8,372,46.5,13.778,8.0645,,0.0,0.0,859,1345,486,-13.4409,0.11111,18.8172,80.6452,69.8925,2.6882,67.2043,8.0645,40.3226,551.0753,0.0,8.0645,16.129,10.7527,13.4409,56.4516,37.6344,161.2903,102.1505,24.1935,86.0215,10.7527,24.1935,188.172,64.5161,2.6882
P2e4a40f74c,1,9,9,0.0,31,1332,42.968,17.077,9.0841,0.404,0.0,0.0,505,1239,734,3.003,0.31183,18.7688,78.0781,78.0781,19.5195,69.8198,8.2583,35.2853,560.8108,4.5045,21.7718,19.5195,6.006,7.5075,66.8168,28.5285,147.1471,114.8649,37.5375,69.8198,8.2583,25.5255,210.2102,48.048,6.7568
Pe896f378ca,0,0,,,0,0,,,,,,,,,,,,,,,,,,,,,,,,,,,,,,,,,,,
P7f3328bd09,1,6,6,0.0,17,775,45.588,12.5,11.7419,0.438,0.0,0.0,855,1246,391,19.3548,0.3871,24.5161,59.3548,104.5161,11.6129,58.0645,9.0323,43.871,521.2903,6.4516,30.9677,15.4839,6.4516,5.1613,49.0323,63.2258,127.7419,156.129,21.9355,72.2581,6.4516,32.2581,246.4516,49.0323,3.871
P29e5d27062,1,2,2,0.0,8,645,80.625,11.727,13.3333,0.428,1.5504,0.0,860,861,1,54.2636,0.68493,29.4574,49.6124,111.6279,10.8527,71.3178,17.0543,26.3566,570.5426,10.8527,77.5194,21.7054,13.9535,18.6047,79.0698,27.907,130.2326,134.8837,20.155,60.4651,4.6512,17.0543,248.062,35.6589,7.7519
P48e5247a2d,1,7,7,0.0,19,1228,64.632,14.976,9.3648,0.437,0.0,0.0,866,1595,729,46.4169,0.53285,13.8436,70.0326,96.0912,16.2866,49.6743,8.9577,35.0163,548.0456,9.772,59.4463,20.3583,8.1433,1.6287,67.5896,21.987,131.1075,111.5635,21.987,76.5472,7.329,23.6156,215.798,52.1173,7.329
P46419801dd,1,1,1,0.0,2,82,41.0,8.2,12.1951,,0.0,0.0,869,869,0,36.5854,0.5,12.1951,85.3659,109.7561,0.0,60.9756,12.1951,36.5854,524.3902,12.1951,48.7805,12.1951,12.1951,12.1951,73.1707,24.3902,97.561,121.9512,36.5854,85.3659,12.1951,48.7805,243.9024,48.7805,0.0
P0d7f7c89fd,1,1,1,0.0,2,102,51.0,14.571,9.8039,,0.0,0.0,505,505,0,68.6275,0.5,0.0,98.0392,127.451,19.6078,58.8235,39.2157,39.2157,617.6471,19.6078,39.2157,9.8039,9.8039,0.0,58.8235,9.8039,147.0588,137.2549,29.4118,78.4314,9.8039,19.6078,205.8824,39.2157,9.8039
Ped12721a79,0,0,,,0,0,,,,,,,,,,,,,,,,,,,,,,,,,,,,,,,,,,,
Pd7c45f2e6c,0,0,,,0,0,,,,,,,,,,,,,,,,,,,,,,,,,,,,,,,,,,,
P85bbbd5241,1,1,1,0.0,7,289,41.286,17.0,8.6505,,0.0,0.0,506,506,0,58.8235,0.72727,17.301,58.8235,83.045,17.301,72.6644,10.3806,38.0623,567.474,6.9204,83.045,34.6021,20.7612,0.0,93.4256,13.8408,134.9481,162.6298,13.8408,51.9031,10.3806,6.9204,290.6574,31.1419,3.4602
P41bcb3bebd,1,3,3,0.0,61,2467,40.443,13.706,8.9582,0.3985,0.0,0.6667,129,1346,1217,10.1338,0.4322,10.1338,83.9076,95.2574,14.998,55.533,11.7552,59.1812,539.1163,9.7284,20.6729,15.8087,16.214,6.4856,55.9384,22.2943,127.6854,129.3069,21.0782,47.8314,9.7284,27.9692,212.8091,27.1585,26.3478
P44ea7b86af,1,2,2,0.0,7,569,81.286,21.074,9.3146,0.382,0.0,0.0,239,869,630,-7.0299,0.2766,14.0598,59.754,87.8735,15.8172,65.0264,10.5448,40.4218,581.7223,15.8172,22.8471,29.877,19.3322,10.5448,59.754,15.8172,145.8699,126.5378,33.3919,84.3585,1.7575,19.3322,221.4411,59.754,15.8172
Pc9a85d9349,1,3,3,0.0,10,715,71.5,15.543,10.2098,0.374,0.0,0.0,611,853,242,44.7552,0.66197,8.3916,53.1469,111.8881,15.3846,62.9371,9.7902,37.7622,591.6084,16.7832,65.7343,23.7762,18.1818,6.993,71.3287,20.979,141.2587,144.0559,29.3706,48.951,4.1958,30.7692,251.7483,33.5664,4.1958
Pc37129efde,1,2,2,0.0,32,947,29.594,8.455,8.8701,0.368,0.0,1.0,137,139,2,52.7983,0.55639,16.8955,54.9102,111.9324,22.1753,19.0074,8.4477,42.2386,532.207,14.7835,78.1415,27.4551,19.0074,6.3358,85.5333,45.4065,138.3316,151.0032,26.3992,92.925,4.2239,9.5037,268.2154,62.302,0.0
Pcf11d56327,1,4,4,0.0,46,1894,41.174,11.549,10.2429,0.43667,0.0,0.5,131,862,731,7.3918,0.41739,9.5037,56.4942,99.7888,18.4794,36.9588,9.5037,32.207,531.679,14.7835,25.3432,22.1753,17.9514,5.2798,61.774,38.5428,136.7476,124.604,23.2313,50.1584,10.5597,51.7423,217.529,35.3749,17.9514
Pf2b31fcc76,1,2,2,0.0,32,734,22.938,8.341,10.6267,0.3,0.0,1.0,139,139,0,0.0,0.24444,5.4496,73.5695,106.267,10.8992,29.9728,2.7248,35.4223,561.3079,8.1744,29.9728,21.7984,13.624,10.8992,40.8719,38.1471,130.7902,149.8638,13.624,117.1662,8.1744,46.3215,215.2589,92.6431,0.0
P71399e9935,1,4,4,0.0,53,1150,21.698,11.735,10.4348,0.394,0.8696,0.5,129,868,739,33.0435,0.58929,6.9565,74.7826,106.087,22.6087,24.3478,6.087,40.0,550.4348,3.4783,57.3913,22.6087,21.7391,7.8261,83.4783,27.8261,117.3913,136.5217,16.5217,57.3913,19.1304,60.0,266.087,40.0,2.6087
Pff95561f44,1,1,1,0.0,2,95,47.5,19.0,13.6842,,0.0,0.0,870,870,0,84.2105,0.63636,10.5263,63.1579,84.2105,0.0,84.2105,21.0526,52.6316,589.4737,0.0,73.6842,10.5263,10.5263,0.0,126.3158,10.5263,126.3158,42.1053,10.5263,52.6316,0.0,10.5263,178.9474,42.1053,0.0
P130d4826ef,,,,,,,,,,,,,,,,,,,,,,,,,,,,,,,,,,,,,,,,,
P3692b72eac,1,4,4,0.0,49,1646,33.592,9.856,9.356,0.392,0.0,0.75,129,867,738,35.8445,0.52356,16.4034,74.1191,74.1191,14.5808,24.9089,13.3657,36.452,535.8445,9.113,60.7533,27.9465,12.7582,10.3281,85.6622,21.2637,131.2272,111.1786,31.5917,81.4095,6.0753,27.9465,236.938,55.2855,6.6829
Pa8621489c8,1,4,4,0.0,61,3086,50.59,11.304,11.4388,0.40633,0.324,0.75,122,1603,1481,39.5334,0.51014,20.7388,62.8645,95.917,11.9896,51.199,8.4251,38.5612,534.3487,11.6656,57.0318,17.4984,13.2858,8.4251,63.1886,39.8574,120.2203,123.4608,13.9339,76.4744,3.8885,26.8957,220.9981,54.7634,9.0732
P2511a36f77,1,2,2,0.0,14,435,31.071,12.794,11.2644,,0.0,0.5,141,505,364,-11.4943,0.5,11.4943,75.8621,75.8621,16.092,71.2644,9.1954,27.5862,526.4368,18.3908,22.9885,29.8851,16.092,13.7931,62.069,11.4943,140.2299,128.7356,34.4828,59.7701,9.1954,13.7931,216.092,22.9885,18.3908
P77f7109f5b,0,0,,,0,0,,,,,,,,,,,,,,,,,,,,,,,,,,,,,,,,,,,
P3d136e77bf,0,0,,,0,0,,,,,,,,,,,,,,,,,,,,,,,,,,,,,,,,,,,
Pd89d8db6f9,1,3,3,0.0,46,2456,53.391,14.533,8.9169,0.3965,1.2215,0.6667,138,1009,871,53.3388,0.7193,14.658,57.8176,110.342,13.0293,70.8469,9.3648,34.202,563.9251,10.9935,83.4691,26.4658,20.3583,13.0293,79.8046,40.3094,100.57,140.8795,17.101,55.7818,6.1075,35.4235,243.8925,32.5733,8.9577
Pcfa1d05a1c,1,4,4,0.0,24,1256,52.333,14.605,10.2707,0.414,0.0,0.25,141,1235,1094,35.0318,0.54478,20.7006,59.7134,105.8917,10.3503,64.4904,6.3694,40.6051,569.2675,4.7771,58.121,20.7006,19.1083,8.758,82.0064,18.3121,127.3885,136.1465,19.1083,65.2866,12.7389,23.8854,249.2038,48.5669,7.9618
P72048f0a4a,0,0,,,0,0,,,,,,,,,,,,,,,,,,,,,,,,,,,,,,,,,,,
P479c1cba2f,1,1,1,0.0,3,128,42.667,12.8,8.5938,,0.0,0.0,852,852,0,7.8125,0.42857,0.0,109.375,148.4375,15.625,39.0625,15.625,31.25,578.125,15.625,23.4375,15.625,15.625,15.625,85.9375,23.4375,117.1875,78.125,39.0625,54.6875,15.625,31.25,242.1875,31.25,0.0
P71e4e7122a,0,0,,,0,0,,,,,,,,,,,,,,,,,,,,,,,,,,,,,,,,,,,
P93a802efd4,1,1,1,0.0,14,380,27.143,10.0,7.8947,,0.0,1.0,123,123,0,2.6316,0.23256,21.0526,78.9474,78.9474,31.5789,71.0526,5.2632,52.6316,565.7895,10.5263,26.3158,26.3158,21.0526,2.6316,78.9474,13.1579,136.8421,107.8947,26.3158,115.7895,2.6316,26.3158,218.4211,86.8421,2.6316
Paf9449af91,1,2,2,0.0,6,434,72.333,16.692,12.6728,,0.0,0.0,511,982,471,39.1705,0.44186,9.2166,62.212,69.1244,13.8249,59.9078,11.5207,48.3871,546.0829,9.2166,43.7788,13.8249,16.129,2.3041,57.6037,20.7373,145.1613,117.5115,18.4332,80.6452,2.3041,20.7373,207.3733,55.2995,6.9124
P40d023c55e,0,0,,,0,0,,,,,,,,,,,,,,,,,,,,,,,,,,,,,,,,,,,
Pd4adc2c99d,0,0,,,0,0,,,,,,,,,,,,,,,,,,,,,,,,,,,,,,,,,,,
Pb4df715600,1,1,1,0.0,10,219,21.9,9.955,12.3288,,0.0,1.0,139,139,0,9.1324,0.47059,4.5662,86.758,82.1918,36.5297,50.2283,13.6986,31.9635,557.0776,9.1324,36.5297,27.3973,18.2648,13.6986,63.9269,27.3973,127.8539,127.8539,45.6621,50.2283,0.0,31.9635,210.0457,41.0959,13.6986
P4583d7bf3c,1,3,3,0.0,8,586,73.25,14.293,10.5802,0.418,0.0,0.0,861,867,6,54.6075,0.70149,10.2389,37.5427,81.9113,23.8908,61.4334,6.8259,32.4232,513.6519,10.2389,80.2048,25.5973,17.0648,6.8259,59.727,18.7713,105.802,153.5836,20.4778,68.2594,1.7065,13.6519,247.4403,34.1297,20.4778
P884d72cac4,1,1,1,0.0,1,43,43.0,21.5,13.9535,,0.0,0.0,868,868,0,23.2558,0.16667,23.2558,116.2791,139.5349,23.2558,93.0233,23.2558,23.2558,558.1395,69.7674,23.2558,0.0,23.2558,23.2558,116.2791,69.7674,0.0,93.0233,0.0,162.7907,0.0,0.0,232.5581,116.2791,0.0
Pd0398785b7,0,0,,,0,0,,,,,,,,,,,,,,,,,,,,,,,,,,,,,,,,,,,
P70fd4037fb,0,0,,,0,0,,,,,,,,,,,,,,,,,,,,,,,,,,,,,,,,,,,
P31c152a929,0,0,1,1.0,0,0,,,,,,,,,,,,,,,,,,,,,,,,,,,,,,,,,,,
P03ad9770c3,1,3,3,0.0,5,328,65.6,18.222,12.1951,,0.0,0.0,505,1603,1098,-3.0488,0.13793,6.0976,82.3171,76.2195,18.2927,64.0244,15.2439,24.3902,564.0244,9.1463,12.1951,27.439,15.2439,3.0488,51.8293,15.2439,134.1463,100.6098,24.3902,94.5122,3.0488,33.5366,176.8293,76.2195,3.0488
Pf10c6bc653,1,1,1,0.0,2,115,57.5,19.167,6.087,,0.0,0.0,506,506,0,-26.087,0.1,26.087,69.5652,86.9565,0.0,69.5652,8.6957,43.4783,539.1304,8.6957,8.6957,34.7826,17.3913,8.6957,78.2609,34.7826,130.4348,121.7391,34.7826,86.9565,0.0,34.7826,208.6957,78.2609,0.0
P457b866328,0,0,,,0,0,,,,,,,,,,,,,,,,,,,,,,,,,,,,,,,,,,,
Pcad1dc504f,0,0,,,0,0,,,,,,,,,,,,,,,,,,,,,,,,,,,,,,,,,,,
P1f0712d029,1,6,6,0.0,21,1202,57.238,10.544,11.3977,0.476,0.0,0.0,660,1602,942,19.9667,0.45263,12.4792,73.2113,98.1697,9.1514,53.2446,9.1514,34.9418,522.4626,8.3195,35.7737,18.3028,14.1431,6.6556,47.421,38.2696,118.9684,136.4393,20.7987,73.2113,7.4875,44.0932,226.2895,43.2612,7.4875
P36846c8c89,0,0,,,0,0,,,,,,,,,,,,,,,,,,,,,,,,,,,,,,,,,,,
P9badd97dfe,0,0,,,0,0,,,,,,,,,,,,,,,,,,,,,,,,,,,,,,,,,,,
P030ee18cdd,1,1,1,0.0,5,281,56.2,10.808,11.3879,,0.0,0.0,1009,1009,0,0.0,0.25,21.3523,88.968,103.2028,17.7936,17.7936,10.6762,21.3523,544.484,3.5587,17.7936,24.911,17.7936,3.5587,64.0569,10.6762,145.9075,142.3488,56.9395,92.5267,0.0,24.911,259.7865,53.3808,17.7936
P9cb019ad12,1,1,1,0.0,10,271,27.1,27.1,5.5351,,0.0,1.0,131,131,0,66.4207,0.65385,11.0701,70.1107,92.2509,7.3801,70.1107,14.7601,62.7306,571.9557,7.3801,62.7306,11.0701,11.0701,0.0,77.4908,22.1402,132.8413,92.2509,29.5203,55.3506,3.69,11.0701,206.6421,33.2103,0.0
Pfa7ab0de3c,0,0,,,0,0,,,,,,,,,,,,,,,,,,,,,,,,,,,,,,,,,,,
Pd7fcef8bed,1,3,3,0.0,17,1262,74.235,23.37,14.7385,0.432,0.0,0.3333,141,660,519,14.2631,0.35345,13.4707,64.9762,90.3328,15.8479,73.6926,8.7163,45.1664,554.6751,9.5087,32.4881,19.0174,11.8859,7.9239,53.0903,16.6403,142.6307,115.6894,27.7338,75.2773,14.2631,19.0174,208.3994,59.4295,11.8859
Pe6a7666c97,1,1,1,0.0,2,53,26.5,17.667,5.6604,,0.0,0.0,982,982,0,37.7358,0.66667,0.0,56.6038,18.8679,18.8679,37.7358,0.0,0.0,471.6981,0.0,113.2075,75.4717,0.0,0.0,132.0755,37.7358,94.3396,113.2075,75.4717,75.4717,0.0,18.8679,245.283,56.6038,0.0
P91c6876a66,1,2,2,0.0,9,391,43.444,15.64,10.2302,,0.0,0.5,140,868,728,48.5934,0.56757,10.2302,71.6113,74.1688,15.3453,71.6113,15.3453,38.3632,554.9872,10.2302,53.7084,10.2302,20.4604,10.2302,63.9386,40.9207,125.3197,117.6471,35.8056,63.9386,5.1151,5.1151,204.6036,40.9207,10.2302
Pe77b8e73a4,0,0,,,0,0,,,,,,,,,,,,,,,,,,,,,,,,,,,,,,,,,,,
P5b6cf4f1ea,0,0,,,0,0,,,,,,,,,,,,,,,,,,,,,,,,,,,,,,,,,,,
P5ea4e3ee4a,1,2,2,0.0,6,543,90.5,12.341,7.7348,0.388,0.0,0.0,860,861,1,-9.2081,0.10145,25.7827,62.6151,134.4383,31.3076,62.6151,20.2578,23.9411,585.6354,7.3665,12.8913,31.3076,23.9411,11.0497,90.2394,25.7827,103.1308,160.221,23.9411,145.488,14.733,12.8913,272.5599,114.1805,0.0
P0aa581f174,0,0,,,0,0,,,,,,,,,,,,,,,,,,,,,,,,,,,,,,,,,,,
P8b8dcb5659,0,0,,,0,0,,,,,,,,,,,,,,,,,,,,,,,,,,,,,,,,,,,
P44ba277b42,0,0,,,0,0,,,,,,,,,,,,,,,,,,,,,,,,,,,,,,,,,,,
Pa74bde45e0,1,1,1,0.0,2,105,52.5,21.0,13.3333,,0.0,0.0,1239,1239,0,76.1905,1.0,19.0476,38.0952,76.1905,9.5238,95.2381,0.0,47.619,580.9524,0.0,95.2381,19.0476,0.0,0.0,76.1905,28.5714,133.3333,104.7619,0.0,47.619,9.5238,76.1905,219.0476,0.0,0.0
P4ff3e30134,1,2,2,0.0,5,309,61.8,13.435,8.4142,,0.0,0.0,241,505,264,48.5437,0.6,3.2362,74.4337,122.9773,16.1812,58.2524,16.1812,35.5987,569.5793,0.0,58.2524,12.945,19.4175,12.945,61.4887,12.945,106.7961,168.2848,22.6537,61.4887,6.4725,19.4175,242.7184,38.835,6.4725
Pff631d1742,1,1,2,0.5,1,67,67.0,33.5,20.8955,,0.0,0.0,1224,1224,0,29.8507,0.75,0.0,29.8507,89.5522,29.8507,74.6269,0.0,29.8507,492.5373,0.0,44.7761,14.9254,29.8507,0.0,29.8507,14.9254,164.1791,119.403,0.0,59.7015,0.0,74.6269,268.6567,14.9254,0.0
Pc4eb6bb8ac,1,9,9,0.0,42,3492,83.143,14.138,9.9084,0.41167,0.0,0.2222,124,1231,1107,11.1684,0.37687,15.4639,65.0057,92.7835,21.1913,68.7285,11.1684,56.701,543.8144,12.3139,28.9233,21.4777,19.1867,7.4456,71.0195,25.7732,128.0069,118.2703,24.055,67.2967,18.0412,26.0596,219.6449,47.8236,16.323
Pf0fd005549,1,1,1,0.0,16,579,36.188,17.545,8.8083,0.368,0.0,1.0,131,131,0,25.9067,0.47458,8.6356,72.5389,82.9016,3.4542,58.7219,1.7271,34.5423,544.0415,8.6356,48.3592,15.544,12.0898,8.6356,93.2642,22.4525,143.3506,139.8964,13.8169,55.2677,0.0,24.1796,257.3402,53.5406,0.0
Pd00c1b3d5c,1,2,2,0.0,7,424,60.571,12.848,10.3774,,2.3585,0.0,867,1224,357,23.5849,0.54054,14.1509,58.9623,108.4906,14.1509,82.5472,18.8679,28.3019,551.8868,18.8679,47.1698,33.0189,16.5094,9.434,51.8868,47.1698,129.717,181.6038,18.8679,61.3208,4.717,11.7925,266.5094,40.0943,9.434
Pe0ef621774,0,0,,,0,0,,,,,,,,,,,,,,,,,,,,,,,,,,,,,,,,,,,
Pd2d3c5dc1a,1,1,1,0.0,6,217,36.167,13.562,11.9816,,0.0,1.0,132,132,0,-4.6083,0.2,36.8664,64.5161,129.0323,13.8249,64.5161,23.0415,64.5161,539.1705,13.8249,9.2166,13.8249,13.8249,23.0415,59.9078,46.0829,96.7742,138.2488,32.2581,59.9078,13.8249,13.8249,221.1982,36.8664,27.6498
Pfc89c2e5d3,0,0,,,0,0,,,,,,,,,,,,,,,,,,,,,,,,,,,,,,,,,,,
Pf54b3f87be,1,3,3,0.0,21,723,34.429,11.661,9.9585,0.408,1.3831,0.0,1597,1962,365,4.1494,0.21519,13.8313,59.4744,110.6501,6.9156,56.7082,8.2988,37.3444,551.8672,17.9806,23.5131,24.8963,23.5131,2.7663,65.0069,20.7469,124.4813,167.3582,19.3638,98.2019,13.8313,37.3444,265.5602,85.7538,8.2988
P300c3416e0,0,0,,,0,0,,,,,,,,,,,,,,,,,,,,,,,,,,,,,,,,,,,
Pf9546cce6b,0,0,,,0,0,,,,,,,,,,,,,,,,,,,,,,,,,,,,,,,,,,,
P150b11f782,0,0,,,0,0,,,,,,,,,,,,,,,,,,,,,,,,,,,,,,,,,,,
P704ac3a95d,1,1,1,0.0,12,437,36.417,17.48,10.5263,,0.0,1.0,141,141,0,45.7666,0.58065,2.2883,80.0915,86.9565,20.595,57.2082,18.3066,27.46,549.1991,20.595,41.1899,11.4416,9.1533,2.2883,77.8032,9.1533,128.1465,91.5332,25.1716,57.2082,13.73,54.9199,212.8146,29.7483,2.2883
P621ab8f1c3,0,0,,,0,0,,,,,,,,,,,,,,,,,,,,,,,,,,,,,,,,,,,
P969b4447cc,1,1,1,0.0,20,499,24.95,15.121,9.6192,,0.0,1.0,142,142,0,-0.0,0.21053,24.0481,56.1122,106.2124,26.0521,82.1643,8.016,68.1363,515.0301,12.024,16.0321,18.0361,6.012,6.012,46.0922,58.1162,104.2084,184.3687,24.0481,84.1683,2.004,20.0401,278.5571,60.1202,20.0401
Pdda2ebeb84,1,1,1,0.0,10,408,40.8,14.571,7.598,,0.0,1.0,139,139,0,-17.1569,0.15217,7.3529,56.3725,112.7451,22.0588,61.2745,2.451,17.1569,558.8235,9.8039,17.1569,36.7647,14.7059,0.0,93.1373,34.3137,112.7451,144.6078,17.1569,115.1961,0.0,39.2157,269.6078,95.5882,4.902
P9951cfb317,0,0,,,0,0,,,,,,,,,,,,,,,,,,,,,,,,,,,,,,,,,,,
P588407dc89,0,0,,,0,0,,,,,,,,,,,,,,,,,,,,,,,,,,,,,,,,,,,
Pa47e64a2a6,0,0,,,0,0,,,,,,,,,,,,,,,,,,,,,,,,,,,,,,,,,,,
P983ac07ff1,0,0,,,0,0,,,,,,,,,,,,,,,,,,,,,,,,,,,,,,,,,,,
P65cc7bdb71,1,2,2,0.0,5,331,66.2,15.762,9.9698,,0.0,0.0,867,868,1,3.0211,0.53846,6.0423,33.2326,99.6979,15.1057,69.4864,12.0846,27.1903,543.8066,12.0846,42.2961,45.3172,24.1692,6.0423,63.4441,12.0846,166.1631,181.2689,9.0634,48.3384,6.0423,6.0423,287.0091,36.2538,27.1903
P0843caad4a,,,,,,,,,,,,,,,,,,,,,,,,,,,,,,,,,,,,,,,,,
P21808403e2,1,4,4,0.0,14,669,47.786,11.946,11.5097,0.376,0.0,0.0,505,868,363,43.3483,0.6125,26.9058,71.7489,86.6966,23.9163,41.8535,10.4634,34.3797,541.1061,10.4634,73.2436,29.8954,17.9372,10.4634,44.843,19.432,150.9716,167.4141,16.4425,68.7593,2.9895,16.4425,234.6786,46.3378,0.0
P082336d76f,0,0,,,0,0,,,,,,,,,,,,,,,,,,,,,,,,,,,,,,,,,,,
P3e86849b89,0,0,,,0,0,,,,,,,,,,,,,,,,,,,,,,,,,,,,,,,,,,,
Pa99e47f62c,,,,,,,,,,,,,,,,,,,,,,,,,,,,,,,,,,,,,,,,,
P26d0fde68c,1,3,3,0.0,10,684,68.4,12.667,9.2105,0.344,0.0,0.0,868,983,115,27.7778,0.46269,19.0058,80.4094,109.6491,20.4678,51.1696,7.3099,42.3977,558.4795,8.7719,45.3216,10.2339,5.848,14.6199,86.2573,30.7018,99.4152,112.5731,21.9298,93.5673,4.386,35.0877,223.6842,52.6316,17.5439
P8af3d1371a,0,0,1,1.0,0,0,,,,,,,,,,,,,,,,,,,,,,,,,,,,,,,,,,,
Pa617e8f0a5,1,4,4,0.0,8,570,71.25,16.765,7.193,0.402,0.0,0.0,860,1239,379,52.6316,0.61905,22.807,42.1053,77.193,14.0351,68.4211,7.0175,40.3509,521.0526,14.0351,68.4211,19.2982,8.7719,3.5088,68.4211,26.3158,112.2807,136.8421,17.5439,63.1579,3.5088,35.0877,229.8246,42.1053,5.2632
Pda7b1a3831,0,0,,,0,0,,,,,,,,,,,,,,,,,,,,,,,,,,,,,,,,,,,
P02bad696ed,1,1,1,0.0,12,517,43.083,11.239,9.6712,0.392,0.0,1.0,131,131,0,83.1721,0.87671,11.6054,58.0271,114.1199,11.6054,17.4081,5.8027,48.3559,543.5203,23.2108,123.7911,40.619,21.2766,5.8027,61.8956,25.1451,102.5145,162.4758,17.4081,30.9478,1.9342,25.1451,253.3849,17.4081,15.4739
P4e2fe9e886,0,0,,,0,0,,,,,,,,,,,,,,,,,,,,,,,,,,,,,,,,,,,
P85b734a34a,1,1,1,0.0,12,233,19.417,7.767,14.5923,,0.0,1.0,138,138,0,51.5021,0.54167,12.8755,25.7511,120.1717,60.0858,55.794,8.5837,72.9614,463.5193,4.2918,55.794,4.2918,12.8755,8.5837,103.0043,51.5021,81.5451,154.5064,17.1674,98.7124,4.2918,30.0429,296.1373,47.2103,8.5837
P281db24dd9,0,0,,,0,0,,,,,,,,,,,,,,,,,,,,,,,,,,,,,,,,,,,
P5d11abfd72,1,2,2,0.0,24,1535,63.958,15.99,13.6808,0.44,0.0,0.5,122,861,739,22.8013,0.52577,16.9381,81.4332,105.5375,17.5896,50.8143,9.1205,39.0879,562.8664,11.7264,33.2248,15.6352,18.241,3.9088,50.1629,18.8925,131.5961,123.127,28.013,52.7687,6.5147,46.2541,210.4235,29.9674,11.0749
Paa313fca48,1,1,1,0.0,12,403,33.583,9.829,10.67,,0.0,1.0,130,130,0,49.6278,0.65217,14.8883,44.665,79.4045,29.7767,49.6278,12.4069,32.2581,563.2754,7.4442,74.4417,24.8139,22.3325,12.4069,91.8114,27.2953,131.5136,94.2928,22.3325,94.2928,2.4814,44.665,223.3251,39.7022,4.9628
P4230b28232,0,0,,,0,0,,,,,,,,,,,,,,,,,,,,,,,,,,,,,,,,,,,
Pac3967f922,1,1,1,0.0,20,576,28.8,23.04,11.6319,0.43,1.7361,1.0,131,131,0,3.4722,0.30909,5.2083,60.7639,81.5972,13.8889,85.0694,17.3611,36.4583,564.2361,3.4722,29.5139,32.9861,10.4167,10.4167,114.5833,8.6806,111.1111,95.4861,17.3611,78.125,3.4722,27.7778,234.375,65.9722,12.1528
Pdab3fd555f,0,0,,,0,0,,,,,,,,,,,,,,,,,,,,,,,,,,,,,,,,,,,
P8147190bb3,0,0,,,0,0,,,,,,,,,,,,,,,,,,,,,,,,,,,,,,,,,,,
P0c7e217388,1,1,1,0.0,3,156,52.0,12.0,4.4872,,0.0,0.0,868,868,0,38.4615,0.53333,12.8205,89.7436,89.7436,6.4103,102.5641,25.641,44.8718,576.9231,6.4103,51.2821,25.641,19.2308,12.8205,115.3846,32.0513,89.7436,115.3846,19.2308,51.2821,0.0,70.5128,243.5897,44.8718,0.0
P3da5d3f3f2,,,,,,,,,,,,,,,,,,,,,,,,,,,,,,,,,,,,,,,,,
Pc594742bb0,0,0,,,0,0,,,,,,,,,,,,,,,,,,,,,,,,,,,,,,,,,,,
P460426d8cf,0,0,,,0,0,,,,,,,,,,,,,,,,,,,,,,,,,,,,,,,,,,,
Pf75780948d,1,2,2,0.0,19,1043,54.895,11.096,11.2176,0.418,4.7939,0.0,860,861,1,17.2579,0.45833,15.3404,54.65,114.094,17.2579,63.279,8.629,37.3921,554.1707,17.2579,42.186,28.7632,15.3404,4.7939,63.279,39.3097,130.3931,158.1975,21.093,81.4957,2.8763,16.2991,253.116,49.8562,6.7114
P2c6f1d319f,0,0,1,1.0,0,0,,,,,,,,,,,,,,,,,,,,,,,,,,,,,,,,,,,
P2e77fdcd5f,0,0,,,0,0,,,,,,,,,,,,,,,,,,,,,,,,,,,,,,,,,,,
Pf3464e2f59,0,0,,,0,0,,,,,,,,,,,,,,,,,,,,,,,,,,,,,,,,,,,
P2c763c66dd,1,2,2,0.0,36,1602,44.5,15.113,10.7366,0.41267,1.2484,1.0,130,138,8,6.8664,0.30573,13.7328,64.9189,94.8814,14.3571,63.6704,12.4844,45.568,566.1673,16.2297,29.9625,28.0899,13.1086,7.4906,53.0587,22.4719,132.3346,149.1885,17.4782,79.9001,14.9813,34.9563,234.0824,68.04,8.7391
Pb463182292,0,0,,,0,0,,,,,,,,,,,,,,,,,,,,,,,,,,,,,,,,,,,
P35327cfd09,1,1,1,0.0,2,57,28.5,14.25,10.5263,,0.0,0.0,505,505,0,0.0,0.2,35.0877,70.1754,70.1754,0.0,87.7193,17.5439,70.1754,473.6842,17.5439,17.5439,17.5439,0.0,17.5439,87.7193,0.0,87.7193,157.8947,0.0,87.7193,17.5439,35.0877,245.614,70.1754,0.0
Pe9bc98eac8,0,0,,,0,0,,,,,,,,,,,,,,,,,,,,,,,,,,,,,,,,,,,
P142c728ffd,0,0,,,0,0,,,,,,,,,,,,,,,,,,,,,,,,,,,,,,,,,,,
Pd51997c12f,0,0,,,0,0,,,,,,,,,,,,,,,,,,,,,,,,,,,,,,,,,,,
P10bd72ac44,0,0,,,0,0,,,,,,,,,,,,,,,,,,,,,,,,,,,,,,,,,,,
Pfe62281f0a,1,1,1,0.0,3,107,35.667,13.375,11.215,,0.0,0.0,505,505,0,-46.729,0.18182,9.3458,74.7664,102.8037,18.6916,37.3832,0.0,65.4206,504.6729,28.0374,18.6916,56.0748,18.6916,9.3458,46.729,9.3458,149.5327,196.2617,9.3458,93.4579,0.0,0.0,261.6822,84.1121,0.0
P02b23e4abb,0,0,,,0,0,,,,,,,,,,,,,,,,,,,,,,,,,,,,,,,,,,,
Pe21e6b7c7b,1,2,2,0.0,11,600,54.545,15.789,12.1667,0.472,0.0,0.0,1232,1233,1,26.6667,0.55814,11.6667,60.0,96.6667,25.0,65.0,11.6667,28.3333,563.3333,0.0,40.0,5.0,21.6667,20.0,66.6667,8.3333,136.6667,115.0,28.3333,58.3333,5.0,50.0,200.0,31.6667,8.3333
P3fe07be031,0,0,,,0,0,,,,,,,,,,,,,,,,,,,,,,,,,,,,,,,,,,,
P832ba46d69,1,3,3,0.0,62,2041,32.919,11.531,10.975,0.405,0.49,1.0,122,140,18,20.5781,0.47283,11.269,67.124,86.7222,11.269,50.4655,8.8192,35.7668,519.3533,6.8594,42.6262,21.5581,22.538,9.3092,86.7222,17.1485,115.6296,119.5492,16.6585,75.9432,6.8594,40.6663,240.5683,47.5257,8.3293
P4dedf6acf4,1,2,2,0.0,4,210,52.5,14.0,8.5714,,0.0,0.0,512,869,357,14.2857,0.61905,14.2857,66.6667,76.1905,23.8095,95.2381,14.2857,42.8571,547.619,0.0,61.9048,42.8571,28.5714,19.0476,100.0,4.7619,142.8571,114.2857,14.2857,52.381,4.7619,9.5238,271.4286,38.0952,0.0
P71a175d36d,0,0,,,0,0,,,,,,,,,,,,,,,,,,,,,,,,,,,,,,,,,,,
P6696ac3d31,0,0,,,0,0,,,,,,,,,,,,,,,,,,,,,,,,,,,,,,,,,,,
P0790a32ce5,0,0,,,0,0,,,,,,,,,,,,,,,,,,,,,,,,,,,,,,,,,,,
P6bb68789bc,1,4,4,0.0,48,2071,43.146,11.317,10.14,0.419,0.9657,1.0,123,140,17,27.0401,0.53299,8.6915,57.943,117.3346,17.3829,54.563,13.52,42.4915,556.253,15.4515,50.7001,21.2458,17.8658,15.9343,46.8373,30.4201,130.8547,154.5147,14.0029,70.9802,6.2772,28.9715,226.4606,44.423,14.9686
Pc9e1d3e456,1,2,2,0.0,14,483,34.5,9.113,6.8323,,0.0,0.5,124,660,536,24.8447,0.30357,14.4928,68.323,93.1677,24.8447,53.8302,16.5631,51.7598,521.7391,10.352,35.1967,12.4224,20.7039,14.4928,76.6046,35.1967,84.8861,122.1532,31.0559,113.8716,10.352,39.3375,229.8137,80.7453,6.2112
Pd74e65b4cd,1,1,1,0.0,20,855,42.75,16.132,9.3567,0.414,1.1696,1.0,139,139,0,24.5614,0.53608,11.6959,57.3099,113.4503,17.5439,74.8538,7.0175,26.9006,573.0994,14.0351,60.8187,26.9006,14.0351,16.3743,70.1754,16.3743,118.1287,147.3684,14.0351,71.345,4.6784,40.9357,270.1754,52.6316,10.5263
Pcf6cf087a0,1,8,8,0.0,80,2864,35.8,15.316,9.4623,0.4392,0.6983,0.375,131,1239,1108,33.8687,0.54577,21.9972,61.4525,94.2737,14.3156,55.5168,8.3799,42.9469,554.8184,10.1257,54.1201,22.6955,17.1089,5.9358,63.1983,24.7905,121.8575,129.5391,28.9804,64.9441,4.8883,34.567,225.5587,45.0419,9.4274
P6c257fc7cf,1,3,4,0.25,14,864,61.714,9.931,8.2176,0.378,3.4722,0.3333,131,853,722,0.0,0.40541,6.9444,57.8704,116.8981,8.1019,33.5648,5.787,45.1389,576.3889,5.787,34.7222,27.7778,13.8889,12.7315,82.1759,18.5185,148.1481,118.0556,10.4167,60.1852,5.787,48.6111,229.1667,50.9259,12.7315
P1ee807d537,0,0,,,0,0,,,,,,,,,,,,,,,,,,,,,,,,,,,,,,,,,,,
P6c19d2b0fb,1,4,4,0.0,8,500,62.5,16.129,10.4,0.378,0.0,0.0,510,1239,729,10.0,0.34884,30.0,64.0,82.0,14.0,66.0,8.0,50.0,544.0,14.0,30.0,20.0,16.0,8.0,56.0,30.0,124.0,130.0,26.0,82.0,0.0,22.0,230.0,56.0,0.0
P9adb5133bc,0,0,,,0,0,,,,,,,,,,,,,,,,,,,,,,,,,,,,,,,,,,,
P5828555cba,1,1,1,0.0,23,730,31.739,13.519,9.863,0.408,8.2192,1.0,131,131,0,8.2192,0.53061,16.4384,67.1233,106.8493,20.5479,71.2329,12.3288,39.726,589.0411,20.5479,35.6164,26.0274,19.1781,13.6986,50.6849,35.6164,127.3973,136.9863,24.6575,43.8356,9.589,46.5753,212.3288,31.5068,19.1781
Pbe11f21cfa,0,0,1,1.0,0,0,,,,,,,,,,,,,,,,,,,,,,,,,,,,,,,,,,,
P03a04d0174,1,1,1,0.0,1,57,57.0,14.25,8.7719,,0.0,0.0,867,867,0,35.0877,0.5,0.0,122.807,0.0,0.0,52.6316,17.5439,17.5439,578.9474,0.0,52.6316,35.0877,0.0,0.0,87.7193,0.0,192.9825,52.6316,52.6316,52.6316,0.0,17.5439,157.8947,52.6316,0.0
P57cf716ba7,0,0,,,0,0,,,,,,,,,,,,,,,,,,,,,,,,,,,,,,,,,,,
Pfdd109f0e1,0,0,,,0,0,,,,,,,,,,,,,,,,,,,,,,,,,,,,,,,,,,,
Pe0ad9b9ce5,1,2,2,0.0,15,931,62.067,19.396,12.1375,0.418,1.0741,0.5,141,505,364,64.4468,0.70455,15.0376,70.8915,81.6327,39.7422,49.4092,18.2599,44.0387,532.7605,10.7411,66.5951,13.9635,17.1858,6.4447,52.6316,27.927,122.449,123.5231,27.927,45.1128,17.1858,2.1482,209.4522,27.927,18.2599
Pe7315ec2ca,0,0,,,0,0,,,,,,,,,,,,,,,,,,,,,,,,,,,,,,,,,,,
P1f2e422e9e,1,1,1,0.0,5,135,27.0,9.0,9.6296,,0.0,0.0,1231,1231,0,14.8148,0.38462,29.6296,59.2593,111.1111,37.037,22.2222,14.8148,29.6296,481.4815,22.2222,37.037,14.8148,14.8148,22.2222,7.4074,14.8148,74.0741,200.0,7.4074,103.7037,7.4074,37.037,259.2593,59.2593,37.037
Pfe47889811,0,0,,,0,0,,,,,,,,,,,,,,,,,,,,,,,,,,,,,,,,,,,
P32b1031886,0,0,,,0,0,,,,,,,,,,,,,,,,,,,,,,,,,,,,,,,,,,,
P719eb17c3d,1,3,3,0.0,18,574,31.889,10.25,11.6725,0.364,0.0,0.6667,139,868,729,48.7805,0.45122,10.453,60.9756,99.3031,24.3902,22.6481,5.2265,55.7491,505.2265,3.4843,64.4599,13.9373,10.453,6.9686,94.0767,41.8118,97.561,181.1847,24.3902,106.2718,3.4843,17.4216,297.9094,78.3972,6.9686
Pc46db0f497,0,0,,,0,0,,,,,,,,,,,,,,,,,,,,,,,,,,,,,,,,,,,
P64527f643b,0,0,,,0,0,,,,,,,,,,,,,,,,,,,,,,,,,,,,,,,,,,,
P09c06de7d5,0,0,,,0,0,,,,,,,,,,,,,,,,,,,,,,,,,,,,,,,,,,,
P40472c4e0a,0,0,,,0,0,,,,,,,,,,,,,,,,,,,,,,,,,,,,,,,,,,,
P452df756e1,0,0,,,0,0,,,,,,,,,,,,,,,,,,,,,,,,,,,,,,,,,,,
P727c27e864,0,0,,,0,0,,,,,,,,,,,,,,,,,,,,,,,,,,,,,,,,,,,
P07046a9145,0,0,,,0,0,,,,,,,,,,,,,,,,,,,,,,,,,,,,,,,,,,,
P8379cd574e,1,3,3,0.0,5,197,39.4,19.7,10.1523,,0.0,0.0,505,1240,735,40.6091,0.375,5.0761,65.9898,76.1421,0.0,71.066,25.3807,30.4569,563.4518,5.0761,45.6853,20.3046,25.3807,10.1523,96.4467,5.0761,101.5228,131.9797,25.3807,81.2183,0.0,20.3046,258.8832,76.1421,0.0
Pab6fbc3e77,1,2,2,0.0,6,358,59.667,16.273,10.8939,,0.0,0.0,1229,1230,1,44.6927,0.59184,19.5531,69.8324,103.352,5.5866,61.4525,2.7933,30.7263,555.8659,27.933,81.0056,36.3128,11.1732,2.7933,100.5587,36.3128,114.5251,150.838,11.1732,78.2123,2.7933,30.7263,287.7095,55.8659,2.7933
Pba42781d58,1,1,1,0.0,14,520,37.143,20.8,10.7692,0.394,0.0,1.0,139,139,0,28.8462,0.48837,7.6923,55.7692,73.0769,9.6154,76.9231,11.5385,36.5385,525.0,11.5385,40.3846,19.2308,5.7692,3.8462,38.4615,23.0769,144.2308,161.5385,13.4615,59.6154,23.0769,32.6923,219.2308,42.3077,1.9231
Pb0a8811014,0,0,,,0,0,,,,,,,,,,,,,,,,,,,,,,,,,,,,,,,,,,,
P3096036b7b,0,0,,,0,0,,,,,,,,,,,,,,,,,,,,,,,,,,,,,,,,,,,
Pa0f574a8a8,0,0,,,0,0,,,,,,,,,,,,,,,,,,,,,,,,,,,,,,,,,,,
Pb657fdb74e,0,0,,,0,0,,,,,,,,,,,,,,,,,,,,,,,,,,,,,,,,,,,
P8cbd82dcf2,0,0,,,0,0,,,,,,,,,,,,,,,,,,,,,,,,,,,,,,,,,,,
Pfa7a6f2536,1,12,12,0.0,48,3503,72.979,12.079,9.9914,0.40771,0.5709,0.0,82,226,144,24.8359,0.4139,12.8461,63.0888,113.3314,24.8359,65.9435,9.9914,51.67,558.3785,7.1367,39.1093,19.1265,15.9863,5.1385,77.0768,23.123,120.1827,140.451,23.694,76.5059,5.9949,20.2683,244.362,55.3811,8.5641
Pbfdaa31fd0,1,2,2,0.0,12,613,51.083,15.718,9.7879,0.408,1.6313,0.0,92,98,6,40.783,0.80488,16.3132,61.9902,120.7178,26.1011,78.3034,13.0506,35.8891,574.2251,11.4192,53.8336,22.8385,24.4698,3.2626,34.2577,42.4144,135.3997,169.6574,26.1011,27.7325,6.5253,21.2072,236.5416,13.0506,6.5253
P12c0373e62,,,,,,,,,,,,,,,,,,,,,,,,,,,,,,,,,,,,,,,,,
P86df290cda,1,6,6,0.0,26,2298,88.385,19.641,8.2681,0.3695,0.0,0.0,98,105,7,38.2942,0.46124,12.6197,72.6719,90.9487,14.7955,53.0896,10.879,65.7093,559.6171,7.8329,51.7842,17.8416,11.7493,6.5274,66.5796,17.4064,134.0296,129.678,23.4987,84.4212,13.0548,26.1097,224.1079,60.4874,4.7868
P16b88a2183,1,8,8,0.0,35,2199,62.829,14.467,10.0955,0.3955,1.819,0.0,91,187,96,34.1064,0.60426,20.4638,58.663,95.9527,17.2806,57.7535,4.0928,56.3893,539.7908,14.5521,64.5748,24.5566,8.6403,10.0045,51.8417,34.1064,133.6971,183.2651,20.4638,57.7535,2.2738,31.3779,262.8467,42.292,15.9163
Pce7c8a9da0,1,7,7,0.0,32,1564,48.875,12.219,10.8696,0.39867,0.0,0.0,91,105,14,53.0691,0.65385,21.0997,92.711,98.4655,21.0997,60.7417,10.8696,23.6573,559.4629,9.5908,65.2174,19.1816,9.5908,3.8363,74.8082,39.0026,122.1228,111.2532,33.2481,55.6266,8.312,28.7724,219.9488,34.5269,2.5575
P7d4b1d6e8f,0,0,,,0,0,,,,,,,,,,,,,,,,,,,,,,,,,,,,,,,,,,,
Pab39ee5462,0,0,,,0,0,,,,,,,,,,,,,,,,,,,,,,,,,,,,,,,,,,,
Pe3c0fc5a9e,1,2,2,0.0,6,223,37.167,14.867,10.3139,,0.0,0.0,98,105,7,80.7175,0.75,26.9058,53.8117,116.5919,13.4529,76.2332,8.9686,71.7489,565.0224,17.9372,94.1704,17.9372,17.9372,4.4843,67.2646,22.4215,98.6547,147.9821,31.3901,40.3587,8.9686,13.4529,273.5426,31.3901,4.4843
P919e355315,1,6,6,0.0,27,1053,39.0,16.2,10.2564,0.445,0.0,0.0,95,213,118,50.3324,0.60638,9.4967,63.6277,93.0674,4.7483,57.9297,22.792,43.6847,563.1529,5.698,54.1311,16.1443,22.792,10.4463,75.9734,22.792,138.6515,111.1111,20.8927,49.3827,4.7483,36.0874,221.2726,35.1377,12.3457
P4b5f95e771,0,0,,,0,0,,,,,,,,,,,,,,,,,,,,,,,,,,,,,,,,,,,
Pa89859be17,0,0,,,0,0,,,,,,,,,,,,,,,,,,,,,,,,,,,,,,,,,,,
P3a3a5bbbef,1,4,5,0.2,18,1091,60.611,15.153,11.0907,0.399,0.0,0.0,98,104,6,50.4125,0.82178,13.7489,78.8268,86.1595,11.9157,41.2466,6.4161,45.8295,525.2062,10.0825,76.077,29.3309,11.9157,2.7498,48.5793,31.1641,134.7388,138.4051,25.6645,45.8295,4.583,28.4143,222.7314,16.4986,4.583
P9d848af991,1,15,15,0.0,128,5543,43.305,14.069,12.0873,0.42073,0.5412,0.0667,80,1196,1116,42.3958,0.6047,10.4636,56.8284,103.9148,22.7314,64.586,14.613,49.0709,560.7072,9.742,51.0554,20.7469,12.0873,2.5257,59.3541,24.1746,122.4968,132.7801,20.9273,53.0399,7.7575,33.195,232.5456,33.3754,9.2008
P3a5b76349f,1,13,13,0.0,83,3171,38.205,12.387,12.9297,0.40733,0.6307,0.1538,83,471,388,24.5979,0.47331,18.2908,72.217,97.1302,28.6976,43.8348,7.2532,48.5651,528.8553,11.0375,41.9426,18.6061,10.7222,5.9918,49.1958,23.9672,125.8278,153.264,31.5358,61.1794,9.7761,16.3986,234.6263,46.673,10.0915
Pa95793f720,1,1,1,0.0,3,189,63.0,13.5,10.582,,0.0,0.0,84,84,0,10.582,0.25,21.164,47.619,84.6561,10.582,47.619,15.873,79.3651,486.7725,15.873,15.873,15.873,21.164,5.291,31.746,21.164,116.4021,174.6032,31.746,52.9101,10.582,10.582,243.3862,47.619,21.164
P14882ceff6,1,3,3,0.0,15,783,52.2,13.271,11.8774,0.43,2.5543,0.0,97,105,8,26.8199,0.46154,11.4943,60.0255,107.2797,22.9885,54.917,7.6628,53.6398,538.9527,5.1086,38.3142,11.4943,12.7714,7.6628,57.4713,22.9885,123.8825,158.3653,21.7114,61.3027,11.4943,31.9285,237.5479,44.6999,12.7714
P416088a2b5,1,4,4,0.0,27,1659,61.444,9.817,10.6088,0.41067,0.6028,0.0,91,98,7,47.619,0.46629,6.6305,56.6606,132.61,30.1386,39.1802,14.4665,31.3442,565.4008,10.2471,50.0301,13.8638,20.4943,3.0139,51.8385,32.5497,117.5407,153.1043,26.522,84.991,4.8222,30.1386,236.8897,57.2634,1.2055
P97df826a61,1,1,1,0.0,3,188,62.667,26.857,10.6383,,0.0,0.0,106,106,0,79.7872,0.57692,5.3191,53.1915,101.0638,5.3191,63.8298,15.9574,58.5106,574.4681,5.3191,79.7872,15.9574,42.5532,0.0,79.7872,10.6383,95.7447,143.617,10.6383,74.4681,21.2766,21.2766,265.9574,58.5106,0.0
Pae46fa4aa5,1,3,3,0.0,14,439,31.357,10.707,11.8451,,4.5558,0.0,95,97,2,29.6128,0.44737,11.3895,61.5034,100.2278,6.8337,61.5034,15.9453,54.6697,523.918,20.5011,38.7244,25.0569,4.5558,0.0,100.2278,41.0023,125.2847,129.8405,25.0569,59.2255,15.9453,29.6128,268.7927,47.836,4.5558
P3b1e823247,1,8,8,0.0,36,2995,83.194,13.311,9.2154,0.3912,0.3339,0.0,80,105,25,8.6811,0.31535,23.7062,63.1052,111.1853,24.374,61.4357,7.6795,28.3806,569.9499,9.6828,25.3756,19.0317,8.6811,5.3422,54.7579,45.409,118.5309,146.2437,34.3907,75.793,4.6745,48.7479,237.7295,55.0918,14.0234
Pa5128e8532,1,3,3,0.0,26,623,23.962,12.714,11.878,0.438,0.0,0.3333,97,470,373,73.8363,0.54023,16.0514,44.9438,126.8058,22.4719,46.549,17.6565,49.7592,542.5361,9.6308,75.4414,14.4462,41.7335,4.8154,70.626,35.313,102.7287,134.8315,19.2616,80.2568,14.4462,24.077,243.9807,64.2055,9.6308
P63014948f5,1,4,4,0.0,25,1565,62.6,12.038,12.4601,0.44067,0.0,0.0,98,105,7,21.0863,0.475,13.4185,67.0927,107.3482,12.7796,62.6198,7.6677,53.6741,515.016,9.5847,36.4217,14.6965,7.0288,8.3067,33.2268,31.9489,99.6805,147.6038,25.5591,64.5367,10.2236,23.0032,215.3355,40.2556,12.7796
P4e8883caf8,0,0,,,0,0,,,,,,,,,,,,,,,,,,,,,,,,,,,,,,,,,,,
P5cba6e4b4b,1,1,1,0.0,2,148,74.0,7.048,6.0811,,6.7568,0.0,97,97,0,54.0541,0.93333,6.7568,81.0811,121.6216,6.7568,27.027,13.5135,33.7838,547.2973,6.7568,94.5946,33.7838,27.027,20.2703,128.3784,20.2703,101.3514,101.3514,27.027,27.027,6.7568,6.7568,250.0,6.7568,20.2703
Pa6b76d042d,,,,,,,,,,,,,,,,,,,,,,,,,,,,,,,,,,,,,,,,,
P1191691c20,0,0,,,0,0,,,,,,,,,,,,,,,,,,,,,,,,,,,,,,,,,,,
P8be99fecd0,0,0,,,0,0,,,,,,,,,,,,,,,,,,,,,,,,,,,,,,,,,,,
Pa408da26a2,1,1,1,0.0,4,359,89.75,13.296,9.7493,,2.7855,0.0,104,104,0,75.2089,0.8,5.571,44.5682,94.7075,19.4986,50.1393,11.1421,44.5682,543.1755,11.1421,89.1365,16.7131,16.7131,8.3565,61.2813,8.3565,105.8496,147.6323,16.7131,72.4234,0.0,47.3538,239.5543,22.2841,11.1421
Pc69570e4d2,0,0,,,0,0,,,,,,,,,,,,,,,,,,,,,,,,,,,,,,,,,,,
P76ebdc8d77,1,9,9,0.0,62,2109,34.016,13.264,11.5695,0.424,0.0,0.1111,91,1196,1105,49.3125,0.53097,13.2764,56.899,93.4092,23.2338,54.0541,9.009,42.2001,551.9203,5.6899,56.899,13.2764,14.6989,3.3191,47.4158,24.6562,128.9711,147.9374,24.1821,70.1754,9.4832,37.9327,225.2252,50.2608,1.4225
P70fa3dc827,1,1,3,0.6667,2,100,50.0,16.667,7.0,,0.0,0.0,98,98,0,20.0,0.61538,0.0,30.0,40.0,0.0,110.0,0.0,80.0,480.0,0.0,80.0,60.0,10.0,0.0,80.0,40.0,100.0,100.0,0.0,60.0,10.0,30.0,230.0,50.0,0.0
P9345155d6a,1,6,6,0.0,25,1654,66.16,8.615,9.0689,0.37733,0.6046,0.0,91,105,14,11.4873,0.28704,25.393,53.8089,102.7811,12.0919,43.5308,7.2551,38.0895,517.5333,16.9287,37.4849,23.5792,15.7195,9.6735,80.4111,44.1354,103.3857,157.7993,16.9287,116.6868,6.0459,30.8343,271.4631,93.1076,10.8827
Pa2e8c74c1f,1,7,7,0.0,47,3062,65.149,12.758,10.614,0.39067,0.3266,0.0,89,99,10,30.0457,0.36,13.7165,64.9902,124.4285,15.676,57.8054,15.676,32.0052,565.3168,9.1444,32.3318,14.0431,10.1241,3.919,65.97,35.5976,125.0816,150.2286,16.6558,84.9118,5.2253,48.0078,253.1025,57.4788,2.9393
Paac5dcb74c,1,2,2,0.0,11,867,78.818,14.948,10.496,0.406,0.0,0.0,96,105,9,51.9031,0.65591,14.9942,57.6701,118.8005,26.5283,43.8293,11.534,17.301,557.0934,16.1476,70.3576,23.0681,16.1476,6.9204,66.8973,25.3749,124.5675,163.7832,21.9146,54.2099,10.3806,16.1476,257.2088,36.9089,10.3806
P20596267f7,0,0,,,0,0,,,,,,,,,,,,,,,,,,,,,,,,,,,,,,,,,,,
P8c8d5105c2,1,5,5,0.0,14,1049,74.929,18.404,10.5815,0.375,0.0,0.0,96,103,7,40.9914,0.6,17.1592,52.4309,94.3756,23.8322,85.796,9.5329,16.2059,560.5338,10.4862,65.7769,29.552,8.5796,4.7664,70.5434,28.5987,122.021,126.7874,23.8322,66.7302,2.8599,38.1316,227.836,43.8513,7.6263
Pd5316f2e65,0,0,,,0,0,,,,,,,,,,,,,,,,,,,,,,,,,,,,,,,,,,,
Pe22f69b7a0,1,4,4,0.0,23,1379,59.957,11.588,11.3851,0.411,0.0,0.0,95,105,10,40.6091,0.64234,28.2814,65.2647,110.2248,14.5033,52.2117,10.1523,36.2582,532.2698,14.5033,63.8144,23.2052,18.1291,10.1523,70.3408,36.2582,108.7745,145.0326,24.6555,65.2647,7.2516,39.1588,252.3568,35.533,1.4503
P123f055136,1,4,5,0.2,13,1042,80.154,10.742,9.8848,0.405,0.0,0.0,82,226,144,60.4607,0.58621,11.5163,54.7025,101.7274,34.5489,52.7831,16.3148,21.1132,567.1785,6.7179,65.2591,19.1939,17.2745,1.9194,74.856,34.5489,126.6795,126.6795,29.7505,73.8964,4.7985,35.5086,229.3666,46.0653,12.476
Pc5f6ac0bb7,0,0,,,0,0,,,,,,,,,,,,,,,,,,,,,,,,,,,,,,,,,,,
Pafb050f1ad,0,0,,,0,0,,,,,,,,,,,,,,,,,,,,,,,,,,,,,,,,,,,
P76f8234113,0,0,,,0,0,,,,,,,,,,,,,,,,,,,,,,,,,,,,,,,,,,,
P6876f611cb,0,0,,,0,0,,,,,,,,,,,,,,,,,,,,,,,,,,,,,,,,,,,
Pd6b4848f72,0,0,,,0,0,,,,,,,,,,,,,,,,,,,,,,,,,,,,,,,,,,,
P7c29e11a29,1,3,3,0.0,37,1917,51.811,11.548,11.6849,0.44133,0.5216,0.3333,98,458,360,27.1257,0.43243,7.8247,63.6411,102.2431,18.7793,47.9917,7.8247,33.9071,538.3412,9.3897,41.7319,21.3876,16.6927,1.0433,46.4267,30.2556,119.4575,156.4945,20.3443,78.7689,7.8247,34.4288,232.6552,54.7731,4.6948
P9a2935e78c,1,6,6,0.0,24,1302,54.25,14.795,10.8295,0.389,0.0,0.1667,98,1195,1097,-16.129,0.17419,7.6805,56.0676,109.063,16.129,44.5469,8.4485,25.3456,566.0522,12.2888,20.7373,33.7942,17.6651,11.5207,69.8925,14.5929,133.6406,146.6974,11.5207,111.3671,7.6805,15.361,245.0077,98.3103,1.5361
Paee04abbe6,0,0,,,0,0,,,,,,,,,,,,,,,,,,,,,,,,,,,,,,,,,,,
Pa067c50f94,1,1,2,0.5,1,49,49.0,16.333,4.0816,,0.0,0.0,97,97,0,20.4082,1.0,20.4082,81.6327,40.8163,20.4082,81.6327,0.0,40.8163,591.8367,0.0,81.6327,61.2245,0.0,0.0,81.6327,20.4082,163.2653,102.0408,20.4082,40.8163,0.0,20.4082,183.6735,0.0,20.4082
Pd3eb42d2a8,0,0,,,0,0,,,,,,,,,,,,,,,,,,,,,,,,,,,,,,,,,,,
Pd4287ba490,0,0,,,0,0,,,,,,,,,,,,,,,,,,,,,,,,,,,,,,,,,,,
Pdd8eeaed18,1,2,2,0.0,24,1195,49.792,16.149,12.2176,0.434,1.6736,0.5,104,460,356,28.4519,0.52101,8.3682,51.8828,102.9289,16.7364,61.9247,5.8577,56.0669,545.6067,10.0418,51.8828,22.5941,19.2469,6.6946,80.3347,20.0837,98.7448,129.7071,30.9623,69.4561,6.6946,26.7782,246.0251,47.6987,8.3682
P2e38feab3a,0,0,,,0,0,,,,,,,,,,,,,,,,,,,,,,,,,,,,,,,,,,,
P3698c87daf,1,1,1,0.0,1,31,31.0,10.333,12.9032,,0.0,0.0,1562,1562,0,32.2581,0.4,64.5161,32.2581,225.8065,32.2581,32.2581,0.0,32.2581,612.9032,32.2581,64.5161,0.0,0.0,32.2581,96.7742,32.2581,129.0323,225.8065,32.2581,96.7742,0.0,0.0,419.3548,96.7742,0.0
P9e732e040b,1,7,7,0.0,65,3855,59.308,12.723,13.1777,0.39429,0.0,0.4286,90,460,370,31.3878,0.56646,14.5266,57.847,104.2802,22.0493,84.0467,15.5642,54.9935,550.1946,7.5227,46.4332,25.1621,17.38,5.4475,51.1025,32.166,112.0623,145.5253,22.3087,72.1141,6.4851,12.9702,231.1284,35.5383,19.4553
P6521ad0003,1,2,2,0.0,8,401,50.125,8.911,13.217,,0.0,0.0,105,106,1,-4.9875,0.24,32.419,77.3067,104.7382,24.9377,52.3691,9.9751,22.4439,541.1471,7.4813,29.9252,22.4439,14.9626,22.4439,82.2943,14.9626,102.2444,149.6259,19.9501,112.2195,4.9875,0.0,256.8579,94.7631,7.4813
P8d79cd923c,1,4,4,0.0,24,1027,42.792,11.942,12.5609,0.44,0.9737,0.25,104,470,366,37.9747,0.48598,13.6319,68.1597,93.4761,9.7371,48.6855,13.6319,30.185,536.5141,12.6582,50.6329,21.4216,16.5531,4.8685,64.2648,23.369,122.6874,134.372,23.369,75.9494,9.7371,21.4216,236.6115,53.554,3.8948
P13f00227af,1,6,6,0.0,50,1970,39.4,9.801,10.8629,0.416,0.5076,0.3333,97,468,371,3.0457,0.34058,15.736,77.1574,92.8934,13.7056,36.0406,17.2589,41.1168,501.5228,16.7513,23.8579,29.4416,18.7817,8.6294,63.9594,35.533,118.7817,134.0102,26.3959,73.0964,9.1371,30.9645,228.4264,46.1929,10.1523
P836329e077,0,0,,,0,0,,,,,,,,,,,,,,,,,,,,,,,,,,,,,,,,,,,
Pfd5185bdf5,1,4,4,0.0,26,1353,52.038,15.375,10.0517,0.412,2.2173,0.0,90,103,13,38.4331,0.62676,14.0429,45.8241,113.8211,16.9993,53.2151,7.391,33.9985,564.6711,13.3038,65.7797,30.303,15.5211,4.4346,58.3888,29.5639,126.3858,170.7317,23.6511,52.476,5.9128,35.4767,272.7273,39.1722,13.3038
Pc064a30c43,1,2,2,0.0,40,1003,25.075,11.022,10.1695,0.411,0.0,1.0,468,469,1,24.9252,0.50943,11.9641,64.8056,113.659,19.9402,11.9641,2.991,68.7936,544.3669,15.9521,53.8385,23.9282,10.9671,7.9761,61.8146,24.9252,136.5902,144.5663,26.9192,60.8175,15.9521,16.9492,236.2911,51.8445,6.9791
Paf2b091294,0,0,,,0,0,,,,,,,,,,,,,,,,,,,,,,,,,,,,,,,,,,,
P50d6953351,1,2,2,0.0,9,402,44.667,12.562,8.209,,4.9751,0.0,105,106,1,42.2886,0.73333,12.4378,77.1144,106.9652,9.9502,69.6517,4.9751,37.3134,572.1393,22.3881,82.0896,37.3134,7.4627,7.4627,42.2886,24.8756,84.5771,139.3035,12.4378,54.7264,7.4627,37.3134,223.8806,29.8507,14.9254
Pa06f6a14b5,1,2,2,0.0,9,659,73.222,21.967,12.7466,0.41,0.0,0.0,98,99,1,48.5584,0.64815,10.6222,56.1457,95.5994,24.2792,88.0121,12.1396,25.7967,585.736,10.6222,53.1108,16.692,19.7269,0.0,54.6282,22.7618,125.9484,136.5706,19.7269,50.0759,9.1047,22.7618,230.6525,28.8316,12.1396
Pbccc770021,0,0,,,0,0,,,,,,,,,,,,,,,,,,,,,,,,,,,,,,,,,,,
P19ae0a39ff,1,2,3,0.3333,5,363,72.6,11.0,9.9174,,0.0,0.0,97,98,1,41.3223,0.74194,8.2645,57.8512,90.9091,30.303,63.3609,16.5289,27.5482,548.2094,2.7548,63.3609,24.7934,22.0386,13.7741,101.9284,16.5289,112.9477,107.438,27.5482,35.8127,11.0193,35.8127,267.2176,22.0386,11.0193
P868c7d320b,1,5,5,0.0,33,1248,37.818,10.759,12.5801,0.428,0.0,0.4,97,469,372,36.859,0.625,13.6218,80.1282,111.3782,20.0321,44.0705,8.8141,29.6474,548.0769,7.2115,52.0833,16.0256,12.8205,8.0128,52.0833,26.4423,109.7756,143.4295,30.4487,48.8782,8.0128,46.4744,232.3718,31.25,13.6218
Pe54f989cc8,1,3,3,0.0,15,1315,87.667,12.767,10.7224,0.432,0.7605,0.0,99,104,5,63.1179,0.59864,6.0837,59.3156,98.8593,19.7719,46.3878,19.7719,16.73,564.2586,10.6464,66.9202,19.0114,18.251,4.5627,66.9202,28.8973,136.8821,130.038,29.6578,69.962,13.6882,19.7719,238.7833,44.8669,5.3232
Pc25f9380ba,1,6,6,0.0,61,4804,78.754,13.307,11.657,0.42911,0.6245,0.5,105,834,729,36.8443,0.69712,13.9467,59.1174,104.0799,24.1465,63.0724,9.5754,36.428,536.428,14.1549,60.3664,22.0649,13.5304,11.0325,68.4846,34.3464,116.7777,133.6386,26.8526,47.8768,5.4122,31.6403,240.2165,26.2281,6.0366
Pdeabbe5993,0,0,,,0,0,,,,,,,,,,,,,,,,,,,,,,,,,,,,,,,,,,,
Pc99b219586,0,0,,,0,0,,,,,,,,,,,,,,,,,,,,,,,,,,,,,,,,,,,
P22caf129cd,1,1,1,0.0,2,90,45.0,45.0,10.0,,0.0,0.0,107,107,0,-11.1111,0.42857,33.3333,88.8889,100.0,22.2222,77.7778,11.1111,11.1111,544.4444,33.3333,33.3333,55.5556,22.2222,0.0,22.2222,11.1111,144.4444,188.8889,33.3333,66.6667,0.0,0.0,244.4444,44.4444,0.0
P0234a21988,0,0,,,0,0,,,,,,,,,,,,,,,,,,,,,,,,,,,,,,,,,,,
P32ad967364,1,6,6,0.0,25,1930,77.2,14.088,9.7927,0.39533,0.5181,0.0,84,213,129,39.8964,0.63636,10.8808,70.9845,100.0,18.6528,49.7409,11.399,33.6788,567.3575,11.399,65.285,30.5699,23.8342,6.2176,72.5389,18.1347,132.1244,133.6788,20.2073,52.8497,8.2902,19.171,248.1865,37.3057,9.8446
P821b19c2a1,0,0,,,0,0,,,,,,,,,,,,,,,,,,,,,,,,,,,,,,,,,,,
P9f0e3aa432,1,2,2,0.0,3,147,49.0,16.333,18.3673,,0.0,0.0,1201,1204,3,47.619,0.57143,40.8163,68.0272,81.6327,20.4082,54.4218,20.4082,54.4218,503.4014,27.2109,54.4218,20.4082,0.0,6.8027,68.0272,74.8299,122.449,129.2517,20.4082,54.4218,13.6054,6.8027,238.0952,40.8163,13.6054
P8683784c59,0,0,,,0,0,,,,,,,,,,,,,,,,,,,,,,,,,,,,,,,,,,,
P47d96f257b,1,2,2,0.0,13,946,72.769,18.192,12.3679,0.42,1.0571,0.0,989,1338,349,59.1966,0.64516,32.7696,67.6533,79.2812,22.1987,61.3108,12.685,47.5687,538.055,8.4567,63.4249,15.8562,7.3996,1.0571,38.055,35.9408,150.1057,130.0211,32.7696,64.482,6.3425,28.5412,210.3594,34.8837,7.3996
P98f4c6dfa5,1,3,3,0.0,8,701,87.625,15.578,9.8431,0.42,0.0,0.0,91,99,8,44.2225,0.57353,4.2796,52.7817,122.6819,38.5164,62.7675,11.4123,45.6491,566.3338,9.9857,55.6348,17.1184,17.1184,5.7061,54.2083,25.6776,121.2553,159.7718,35.6633,59.9144,14.2653,35.6633,246.7903,41.3695,11.4123
Pc60f6451c1,1,1,1,0.0,6,458,76.333,13.086,14.4105,,0.0,0.0,106,106,0,8.7336,0.44828,21.8341,80.786,87.3362,30.5677,48.0349,6.5502,19.6507,526.2009,8.7336,28.3843,21.8341,6.5502,4.3668,56.7686,34.9345,139.738,120.0873,21.8341,82.9694,8.7336,30.5677,205.2402,34.9345,8.7336
P017b3a2bee,0,0,,,0,0,,,,,,,,,,,,,,,,,,,,,,,,,,,,,,,,,,,
Pfc4c07b799,1,1,1,0.0,6,329,54.833,17.316,9.7264,,0.0,0.0,104,104,0,42.5532,0.60606,6.079,54.7112,100.304,12.1581,48.6322,0.0,97.2644,516.7173,15.1976,60.7903,18.2371,15.1976,0.0,57.7508,18.2371,112.462,167.1733,6.079,66.8693,15.1976,9.1185,270.5167,39.5137,9.1185
Pc44acb797a,1,3,4,0.25,11,980,89.091,14.412,13.6735,0.414,0.0,0.0,1924,1927,3,54.0816,0.6087,9.1837,51.0204,117.3469,15.3061,85.7143,12.2449,18.3673,556.1224,16.3265,71.4286,24.4898,15.3061,5.102,75.5102,29.5918,105.102,133.6735,22.449,65.3061,5.102,17.3469,237.7551,45.9184,3.0612
P719dac14cb,0,0,,,0,0,,,,,,,,,,,,,,,,,,,,,,,,,,,,,,,,,,,
P328e73174e,1,7,7,0.0,29,2226,76.759,13.491,9.7484,0.398,0.8985,0.0,96,1568,1472,30.5481,0.47321,8.9847,65.5885,121.2938,15.7233,42.6774,14.8248,36.8374,579.5148,8.0863,47.619,23.8095,22.4618,8.0863,66.0377,22.9111,137.9155,146.0018,18.8679,75.9209,15.7233,27.8527,243.0368,53.0099,10.7817
P39f2672d8d,0,0,,,0,0,,,,,,,,,,,,,,,,,,,,,,,,,,,,,,,,,,,
P750617fadd,0,0,,,0,0,,,,,,,,,,,,,,,,,,,,,,,,,,,,,,,,,,,
P7c732b276f,1,2,2,0.0,7,312,44.571,10.759,11.2179,,0.0,0.0,1925,1926,1,-16.0256,0.44444,22.4359,92.9487,96.1538,6.4103,35.2564,0.0,44.8718,532.0513,12.8205,38.4615,35.2564,9.6154,19.2308,76.9231,35.2564,128.2051,102.5641,32.0513,73.7179,3.2051,28.8462,233.9744,48.0769,6.4103
P93a0142eda,0,0,,,0,0,,,,,,,,,,,,,,,,,,,,,,,,,,,,,,,,,,,
Pec93c68939,1,1,1,0.0,1,55,55.0,9.167,3.6364,,18.1818,0.0,106,106,0,54.5455,0.125,18.1818,72.7273,72.7273,0.0,54.5455,36.3636,36.3636,509.0909,0.0,18.1818,0.0,18.1818,0.0,163.6364,36.3636,90.9091,90.9091,0.0,145.4545,0.0,18.1818,327.2727,127.2727,36.3636
P539be6c711,1,1,1,0.0,3,156,52.0,11.143,16.6667,,0.0,0.0,98,98,0,89.7436,0.84211,25.641,76.9231,96.1538,12.8205,70.5128,6.4103,70.5128,525.641,19.2308,102.5641,19.2308,6.4103,0.0,76.9231,38.4615,121.7949,141.0256,25.641,25.641,6.4103,0.0,243.5897,19.2308,0.0
P96bc00aaed,1,3,3,0.0,19,763,40.158,11.922,9.6986,0.398,0.0,0.6667,104,469,365,35.3866,0.64789,14.4168,98.2962,86.5007,7.8637,22.2805,11.7955,24.9017,574.0498,18.3486,60.2883,30.1442,5.2425,6.5531,70.7733,18.3486,138.9253,127.1298,47.1822,40.6291,6.5531,52.4246,225.426,32.7654,2.6212
P6b997b8b4f,0,0,,,0,0,,,,,,,,,,,,,,,,,,,,,,,,,,,,,,,,,,,
P3e1b393a8c,1,1,1,0.0,4,260,65.0,18.571,13.0769,,0.0,0.0,105,105,0,-7.6923,0.22222,7.6923,50.0,53.8462,11.5385,50.0,19.2308,50.0,492.3077,3.8462,15.3846,34.6154,11.5385,7.6923,61.5385,11.5385,165.3846,119.2308,30.7692,73.0769,19.2308,11.5385,207.6923,53.8462,3.8462
P3ebbedffb1,1,2,2,0.0,6,255,42.5,14.167,8.2353,,0.0,0.0,99,105,6,43.1373,0.6,27.451,58.8235,86.2745,7.8431,50.9804,3.9216,27.451,541.1765,7.8431,70.5882,27.451,7.8431,3.9216,74.5098,31.3725,141.1765,141.1765,7.8431,62.7451,15.6863,47.0588,266.6667,47.0588,0.0
Pe2f97b33d4,1,4,4,0.0,18,1729,96.056,13.098,12.2036,0.42467,1.1567,0.0,95,98,3,9.2539,0.38849,19.0862,63.0422,116.2522,26.0266,48.0046,8.6755,31.2319,530.9427,5.2053,31.2319,15.616,18.5078,15.0376,56.1018,20.8213,96.0093,165.4135,26.605,66.5124,6.3621,16.7727,252.7473,49.1614,24.2915
P54ce020bc4,0,0,,,0,0,,,,,,,,,,,,,,,,,,,,,,,,,,,,,,,,,,,
P144ed94c77,0,0,,,0,0,,,,,,,,,,,,,,,,,,,,,,,,,,,,,,,,,,,
P664a2ede66,1,8,8,0.0,47,2402,51.106,11.717,10.5329,0.387,0.0,0.0,90,1553,1463,43.7136,0.56159,25.3955,64.1132,99.5004,14.9875,37.0525,9.9917,54.1216,538.3014,10.408,64.5296,25.8118,17.9017,4.9958,36.2198,29.5587,129.0591,178.6012,20.3997,77.8518,7.9101,28.3097,247.7102,50.3747,7.0774
P51e5ade0ce,0,0,,,0,0,,,,,,,,,,,,,,,,,,,,,,,,,,,,,,,,,,,
P1999b4880f,0,0,,,0,0,,,,,,,,,,,,,,,,,,,,,,,,,,,,,,,,,,,
P9180c4596b,0,0,,,0,0,,,,,,,,,,,,,,,,,,,,,,,,,,,,,,,,,,,
Pa813594724,1,5,5,0.0,22,1095,49.773,12.882,10.137,0.405,0.9132,0.0,91,213,122,15.5251,0.36522,13.6986,65.7534,89.4977,6.3927,62.1005,9.1324,50.2283,540.6393,12.7854,38.3562,24.6575,7.3059,7.3059,67.5799,36.5297,109.589,130.5936,31.9635,79.4521,14.6119,35.6164,229.2237,66.6667,4.5662
Pa4e79c2199,0,0,,,0,0,,,,,,,,,,,,,,,,,,,,,,,,,,,,,,,,,,,
P7bf5b1ca03,1,3,4,0.25,11,604,54.909,11.615,10.2649,0.442,0.0,0.0,91,103,12,52.9801,0.60294,14.9007,64.5695,91.0596,24.8344,49.6689,16.5563,38.0795,544.702,3.3113,67.8808,28.1457,13.245,3.3113,41.3907,28.1457,105.9603,162.2517,16.5563,69.5364,9.9338,57.947,223.5099,44.702,8.2781
Pe60cc64195,1,1,1,0.0,6,201,33.5,9.571,12.4378,,0.0,0.0,105,105,0,24.8756,0.33333,9.9502,74.6269,104.4776,24.8756,44.7761,9.9502,34.8259,567.1642,14.9254,24.8756,9.9502,4.9751,0.0,69.6517,39.801,114.4279,94.5274,29.8507,54.7264,4.9751,44.7761,218.9055,49.7512,14.9254
Pf0ef0714b6,1,2,2,0.0,8,290,36.25,9.062,10.6897,,6.8966,0.0,95,96,1,31.0345,0.4,10.3448,62.069,86.2069,10.3448,41.3793,6.8966,44.8276,544.8276,6.8966,41.3793,10.3448,34.4828,6.8966,41.3793,27.5862,106.8966,144.8276,31.0345,89.6552,10.3448,44.8276,241.3793,62.069,3.4483
P0035c2f0b3,0,0,,,0,0,,,,,,,,,,,,,,,,,,,,,,,,,,,,,,,,,,,
Pdcc28d7d6b,,,,,,,,,,,,,,,,,,,,,,,,,,,,,,,,,,,,,,,,,
Pfdcf13c664,1,2,2,0.0,14,918,65.571,21.349,8.7146,0.412,0.0,0.0,98,105,7,34.8584,0.62903,11.9826,69.7168,89.3246,17.4292,66.4488,10.8932,28.3224,568.6275,5.4466,42.4837,17.4292,8.7146,1.0893,51.1983,26.1438,130.719,131.8083,26.1438,49.0196,6.5359,31.5904,212.4183,25.0545,15.2505
P0b253c1504,1,12,12,0.0,47,1961,41.723,9.708,12.0857,0.44333,0.5099,0.0,80,105,25,39.7756,0.56039,15.8083,66.8027,104.5385,18.358,33.6563,7.6492,30.5966,542.5803,9.6889,59.1535,19.3779,9.179,7.6492,65.2728,30.5966,125.9561,129.5258,22.9475,71.9021,2.0398,29.0668,235.0841,46.4049,12.7486
P6b4a74f110,1,1,1,0.0,3,118,39.333,9.077,16.1017,,0.0,0.0,105,105,0,76.2712,0.72727,8.4746,84.7458,101.6949,16.9492,25.4237,25.4237,42.3729,449.1525,0.0,67.7966,0.0,33.8983,16.9492,59.322,25.4237,76.2712,135.5932,0.0,42.3729,8.4746,8.4746,220.339,25.4237,0.0
P523c5eb5e6,1,1,1,0.0,6,508,84.667,14.514,11.811,0.436,0.0,0.0,98,98,0,27.5591,0.51351,15.748,59.0551,102.3622,13.7795,57.0866,9.8425,35.4331,559.0551,3.937,37.4016,17.7165,9.8425,1.9685,51.1811,23.622,124.0157,141.7323,19.685,68.8976,7.874,29.5276,228.3465,35.4331,23.622
Pf07b0c62fd,1,1,1,0.0,2,130,65.0,11.818,8.4615,,0.0,0.0,104,104,0,30.7692,0.57143,7.6923,76.9231,92.3077,15.3846,76.9231,0.0,15.3846,538.4615,15.3846,61.5385,23.0769,0.0,7.6923,123.0769,23.0769,123.0769,100.0,7.6923,53.8462,0.0,15.3846,246.1538,46.1538,0.0
P3dd06c5ebd,,,,,,,,,,,,,,,,,,,,,,,,,,,,,,,,,,,,,,,,,
P0db0d3c576,0,0,,,0,0,,,,,,,,,,,,,,,,,,,,,,,,,,,,,,,,,,,
P1e59a7a7a1,1,1,1,0.0,4,110,27.5,8.462,8.1818,,0.0,0.0,106,106,0,72.7273,0.63636,9.0909,81.8182,109.0909,18.1818,54.5455,9.0909,63.6364,536.3636,0.0,63.6364,0.0,18.1818,0.0,45.4545,36.3636,100.0,118.1818,18.1818,109.0909,9.0909,54.5455,172.7273,36.3636,0.0
P9a144a10c5,1,1,1,0.0,2,69,34.5,13.8,2.8986,,0.0,0.0,103,103,0,72.4638,0.66667,14.4928,130.4348,72.4638,0.0,14.4928,14.4928,57.971,536.2319,0.0,57.971,0.0,0.0,0.0,43.4783,43.4783,101.4493,86.9565,28.9855,57.971,0.0,43.4783,159.4203,28.9855,0.0
Pd742da0a27,1,2,2,0.0,4,328,82.0,18.222,6.4024,,0.0,0.0,98,104,6,-3.0488,0.41379,12.1951,76.2195,97.561,12.1951,60.9756,3.0488,27.439,548.7805,3.0488,36.5854,42.6829,0.0,0.0,103.6585,21.3415,137.1951,115.8537,15.2439,73.1707,0.0,15.2439,243.9024,51.8293,9.1463
P47a1cc70a3,1,2,2,0.0,4,263,65.75,10.958,7.6046,,0.0,0.0,99,105,6,30.4183,0.66667,3.8023,76.0456,102.6616,15.2091,30.4183,11.4068,53.2319,543.7262,7.6046,53.2319,22.8137,15.2091,11.4068,64.6388,19.0114,129.2776,121.673,34.2205,64.6388,22.8137,45.6274,228.1369,26.616,7.6046
Pbcdd20a9f9,1,4,4,0.0,11,808,73.455,13.467,11.1386,0.396,0.0,0.0,95,462,367,21.0396,0.41935,12.3762,55.6931,105.198,14.8515,65.5941,12.3762,38.3663,556.9307,16.0891,48.2673,37.1287,11.1386,2.4752,39.604,25.9901,122.5248,165.8416,19.802,84.1584,6.1881,19.802,250.0,66.8317,2.4752
P26ad072598,1,8,8,0.0,41,1763,43.0,11.832,10.38,0.364,0.5672,0.125,90,810,720,12.4787,0.41892,9.6427,54.4526,96.9938,20.987,49.9149,13.0459,66.9314,539.9887,12.4787,35.1673,29.4952,23.2558,6.2394,64.0953,24.3902,121.384,121.384,25.5247,70.9019,10.7771,30.0624,226.886,48.7805,14.1804
P2a6c79e3dc,0,0,,,0,0,,,,,,,,,,,,,,,,,,,,,,,,,,,,,,,,,,,
Pb4a7c38947,0,0,,,0,0,,,,,,,,,,,,,,,,,,,,,,,,,,,,,,,,,,,
P6187cee451,0,0,,,0,0,,,,,,,,,,,,,,,,,,,,,,,,,,,,,,,,,,,
P5698276a02,1,5,5,0.0,20,1584,79.2,13.311,11.4899,0.45133,0.6313,0.0,90,463,373,15.7828,0.45217,8.2071,55.5556,109.2172,21.4646,62.5,9.4697,41.0354,552.399,7.5758,32.8283,22.7273,12.6263,3.7879,61.2374,18.3081,125.6313,133.2071,32.8283,58.7121,13.8889,23.9899,231.6919,39.7727,10.101
P7075ac01b8,1,4,4,0.0,24,1387,57.792,9.907,9.4448,0.439,0.0,0.25,98,833,735,34.6071,0.54887,7.2098,53.3526,91.5645,22.3504,37.491,7.9308,24.5133,547.9452,2.1629,52.6316,23.7924,22.3504,2.1629,85.0757,15.1406,115.3569,112.473,30.2812,64.8882,5.0469,53.3526,240.0865,43.2588,12.2567
Pc4ba85a58f,1,10,10,0.0,43,2563,59.605,13.706,9.6762,0.4308,0.0,0.0,96,470,374,12.4854,0.34962,13.6559,63.9875,89.7386,12.4854,62.0367,7.023,35.8954,543.1135,17.1674,36.2856,27.3117,8.9739,3.5115,57.7448,24.1904,126.4144,147.4834,27.7019,88.1779,7.8034,33.5544,240.7335,67.499,6.2427
P2db6f2cc8f,0,0,,,0,0,,,,,,,,,,,,,,,,,,,,,,,,,,,,,,,,,,,
P9b886526e3,1,10,10,0.0,34,1817,53.441,13.977,9.5212,0.41067,0.0,0.0,90,450,360,35.7733,0.45652,10.4568,66.0429,90.2587,24.2157,52.8343,12.6582,50.6329,549.8074,6.6043,46.23,19.2625,10.4568,3.8525,67.694,23.6654,124.3808,141.4419,25.3165,85.8558,7.705,36.3236,234.4524,55.0358,6.6043
P89e5a35bc7,0,0,,,0,0,,,,,,,,,,,,,,,,,,,,,,,,,,,,,,,,,,,
P737b0588be,,,,,,,,,,,,,,,,,,,,,,,,,,,,,,,,,,,,,,,,,
Pe46a376580,1,6,6,0.0,12,926,77.167,17.472,11.4471,0.392,0.0,0.0,104,1198,1094,38.8769,0.44068,43.1965,57.2354,107.9914,26.9978,56.1555,17.2786,48.5961,536.7171,15.1188,56.1555,21.5983,10.7991,12.959,48.5961,31.3175,113.3909,152.2678,20.5184,92.8726,4.3197,8.6393,244.0605,71.2743,7.5594
Pe356195976,1,2,2,0.0,15,1524,101.6,19.291,11.811,0.43267,1.3123,0.0,97,104,7,25.5906,0.48214,9.8425,62.9921,117.4541,22.3097,66.9291,15.748,20.9974,588.5827,7.2178,35.4331,20.9974,17.7165,4.5932,33.4646,22.3097,124.0157,159.4488,24.2782,57.0866,18.3727,42.6509,225.7218,38.0577,16.4042
P0fe65d2eb8,1,2,2,0.0,10,270,27.0,8.182,10.0,,3.7037,0.0,106,239,133,70.3704,0.66667,14.8148,59.2593,103.7037,29.6296,62.963,7.4074,37.037,529.6296,11.1111,81.4815,14.8148,7.4074,3.7037,103.7037,44.4444,96.2963,129.6296,25.9259,55.5556,0.0,33.3333,274.0741,40.7407,11.1111
P655613d84a,0,0,,,0,0,,,,,,,,,,,,,,,,,,,,,,,,,,,,,,,,,,,
Pf85863f4bd,1,5,6,0.1667,16,539,33.688,12.25,13.1725,0.434,3.7106,0.0,92,105,13,59.3692,0.82,20.4082,48.2375,89.0538,14.8423,42.6716,7.4212,77.9221,504.6382,7.4212,76.0668,18.5529,18.5529,5.5659,37.1058,12.987,139.1466,165.1206,27.8293,31.5399,3.7106,5.5659,237.4768,16.6976,5.5659
Pf9f33f79e7,0,0,,,0,0,,,,,,,,,,,,,,,,,,,,,,,,,,,,,,,,,,,
P71f8c1b48d,0,0,,,0,0,,,,,,,,,,,,,,,,,,,,,,,,,,,,,,,,,,,
Pbf5a7a4d5b,0,0,,,0,0,,,,,,,,,,,,,,,,,,,,,,,,,,,,,,,,,,,
P7200ebcdd8,0,0,,,0,0,,,,,,,,,,,,,,,,,,,,,,,,,,,,,,,,,,,
Pc074e62881,1,6,6,0.0,17,1545,90.882,14.439,9.5793,0.39533,0.0,0.0,96,105,9,42.0712,0.48227,12.945,66.6667,93.2039,25.2427,64.7249,15.534,34.3042,557.2816,11.6505,44.0129,14.8867,13.5922,2.589,52.4272,25.89,111.9741,141.7476,34.9515,81.5534,3.2362,36.246,227.8317,47.2492,4.5307
P7c2cc1d590,1,15,15,0.0,57,4143,72.684,11.476,12.5513,0.4585,1.2069,0.0,82,1560,1478,32.8265,0.52226,17.3787,76.756,105.7205,18.8269,44.1709,15.2064,44.1709,526.9129,11.8272,42.4813,19.7924,13.5168,5.0688,58.1704,34.9988,116.3408,139.2711,27.2749,64.4461,8.448,26.7922,234.854,38.8607,9.1721
P659b205e3c,0,0,,,0,0,,,,,,,,,,,,,,,,,,,,,,,,,,,,,,,,,,,
P07bb9cb58f,1,11,11,0.0,55,3566,64.836,13.306,10.1795,0.414,0.2804,0.0,90,1561,1471,44.0269,0.60598,16.8256,66.1806,86.3713,18.7886,56.6461,10.0953,48.7942,533.3707,9.5345,62.5351,22.1537,10.0953,6.4498,64.7785,26.6405,120.3029,138.2501,16.5451,69.2653,3.6455,39.2597,234.1559,40.6618,2.5238
P18c14dbf8f,1,11,12,0.0833,55,3785,68.818,15.97,10.7266,0.41486,0.2642,0.0,96,461,365,11.889,0.40379,13.4742,58.9168,102.5099,22.4571,56.8032,7.3976,27.7411,552.9723,10.0396,33.8177,24.3065,14.7952,5.0198,50.4624,34.6103,127.3448,154.2933,24.0423,73.712,5.0198,30.6473,237.2523,49.9339,8.7186
Pdd1f325a63,1,1,1,0.0,15,516,34.4,10.979,8.5271,0.382,0.0,1.0,833,833,0,29.0698,0.5,27.1318,75.5814,104.6512,31.0078,19.3798,7.7519,32.9457,482.5581,15.5039,42.6357,15.5039,11.6279,5.814,54.2636,42.6357,93.0233,178.2946,38.7597,63.9535,19.3798,23.2558,275.1938,42.6357,5.814
Pa6029bb5a6,0,0,,,0,0,,,,,,,,,,,,,,,,,,,,,,,,,,,,,,,,,,,
P0e1f032d1f,1,5,5,0.0,17,2265,133.235,17.423,11.2141,0.4515,1.766,0.0,96,99,3,24.2826,0.33333,14.5695,68.4327,93.1567,14.5695,62.6932,14.5695,22.0751,566.8874,10.596,31.7881,16.777,17.66,5.298,67.5497,24.2826,118.7638,118.7638,30.0221,82.5607,10.596,25.6071,209.713,63.5762,11.9205
Pd5f2794063,1,14,15,0.0667,61,3781,61.984,15.689,9.6271,0.35886,0.0,0.0714,82,834,752,35.4404,0.61453,17.7202,75.6414,96.0063,14.8109,66.1201,7.4054,44.4327,537.424,9.5213,58.1857,21.4229,6.083,8.7278,55.8053,33.8535,119.0161,155.7789,27.7704,61.3594,4.2317,32.5311,243.5864,36.4983,4.4962
Paf63a5d230,0,0,,,0,0,,,,,,,,,,,,,,,,,,,,,,,,,,,,,,,,,,,
P396ba96b58,1,14,14,0.0,105,8326,79.295,14.581,10.9296,0.41913,0.3603,0.0,96,1279,1183,28.5852,0.49583,12.0106,63.2957,104.492,12.6111,66.8989,11.7704,38.3137,551.165,12.7312,42.8777,19.4571,12.8513,6.6058,60.4132,21.619,126.3512,140.6438,18.3762,60.4132,6.7259,40.5957,235.4072,43.5984,10.6894
Paf99c23c4d,1,3,3,0.0,13,659,50.692,12.922,11.2291,0.414,1.5175,0.0,95,187,92,37.9363,0.48276,10.6222,75.8725,100.1517,12.1396,50.0759,19.7269,39.4537,547.7997,7.5873,42.4886,21.2443,18.2094,3.0349,69.8027,18.2094,127.4659,130.5008,30.349,59.1806,7.5873,25.7967,241.2747,45.5235,12.1396
P9305edebac,,,,,,,,,,,,,,,,,,,,,,,,,,,,,,,,,,,,,,,,,
Pae8a88e0e7,1,2,2,0.0,9,404,44.889,13.032,7.4257,,0.0,0.0,1554,1555,1,22.2772,0.4375,29.703,79.2079,99.0099,12.3762,51.9802,7.4257,32.1782,556.9307,7.4257,51.9802,27.2277,12.3762,9.901,51.9802,42.0792,141.0891,143.5644,27.2277,84.1584,9.901,14.8515,220.297,66.8317,0.0
P2dc9628338,0,0,,,0,0,,,,,,,,,,,,,,,,,,,,,,,,,,,,,,,,,,,
Pc51154c628,1,1,1,0.0,18,528,29.333,15.529,9.0909,0.4,0.0,1.0,834,834,0,22.7273,0.44444,13.2576,51.1364,109.8485,7.5758,64.3939,11.3636,68.1818,520.8333,18.9394,37.8788,20.8333,18.9394,5.6818,51.1364,37.8788,125.0,179.9242,11.3636,62.5,5.6818,51.1364,253.7879,47.3485,3.7879
P8bf21cf88b,0,0,,,0,0,,,,,,,,,,,,,,,,,,,,,,,,,,,,,,,,,,,
P2890042448,1,1,1,0.0,8,543,67.875,16.455,9.2081,0.404,0.0,1.0,834,834,0,31.3076,0.58491,18.4162,66.2983,95.7643,16.5746,92.081,9.2081,27.6243,596.6851,9.2081,57.0902,22.0994,14.733,12.8913,46.0405,20.2578,147.3297,114.1805,23.9411,73.6648,1.8416,20.2578,184.1621,40.5157,3.6832
P57690f53ec,1,3,3,0.0,11,436,39.636,12.824,7.1101,,0.0,0.0,1279,1560,281,48.1651,0.5,18.3486,64.2202,89.4495,4.5872,59.633,9.1743,38.9908,552.7523,2.2936,68.8073,22.9358,13.7615,6.8807,89.4495,27.5229,137.6147,116.9725,13.7615,84.8624,13.7615,25.2294,250.0,68.8073,2.2936
P5dad28f6cf,0,0,,,0,0,,,,,,,,,,,,,,,,,,,,,,,,,,,,,,,,,,,
P5d94de4385,1,1,1,0.0,5,527,105.4,15.97,10.4364,0.424,0.0,0.0,469,469,0,24.6679,0.42222,9.4877,66.4137,111.9545,24.6679,77.7989,13.2827,41.7457,578.7476,5.6926,36.0531,15.1803,24.6679,9.4877,87.2865,30.3605,104.3643,113.852,24.6679,62.6186,5.6926,36.0531,235.2941,49.3359,1.8975
P4e9a2418a1,0,0,,,0,0,,,,,,,,,,,,,,,,,,,,,,,,,,,,,,,,,,,
Pe8ffde2213,1,8,8,0.0,33,2693,81.606,11.174,11.14,0.3808,0.7427,0.0,96,551,455,66.4686,0.74855,12.9967,47.5306,113.9993,20.7947,51.6153,5.9413,24.8793,566.6543,13.7393,96.1753,30.078,15.2247,5.57,47.902,35.2766,125.1392,172.2986,24.8793,57.1853,5.1987,31.9346,256.2198,32.306,15.2247
P3fd81a75e9,1,6,6,0.0,28,1957,69.893,14.39,11.906,0.41333,1.533,0.0,454,462,8,27.5933,0.61594,11.2417,64.3843,97.0874,21.4614,51.0986,10.7307,51.6096,554.931,9.7087,43.4338,21.9724,12.7747,4.5989,68.4722,27.5933,108.3291,127.7466,24.5273,54.6755,10.2197,47.0107,230.9658,27.0823,15.3296
P9aef7770b8,1,4,4,0.0,16,697,43.562,13.404,10.7604,0.38,0.0,0.0,97,253,156,74.6055,0.63441,12.9125,61.693,106.1693,21.5208,50.2152,1.4347,34.4333,538.0201,4.3042,84.6485,8.6083,10.043,2.8694,58.8235,41.6069,101.8651,169.297,17.2166,101.8651,4.3042,30.1291,265.4232,48.7805,2.8694
P3860306e22,1,3,3,0.0,16,1387,86.688,11.957,11.5357,0.392,0.0,0.0,97,590,493,2.8839,0.25,20.9084,62.7253,110.31,23.7924,66.3302,10.8147,31.0022,565.2487,12.9776,27.3973,31.7231,19.4665,3.6049,58.3994,31.7231,121.1247,157.8947,18.7455,108.1471,2.8839,33.8861,237.2026,82.1918,2.8839
P441a89e79f,1,14,15,0.0667,60,4940,82.333,14.88,10.9514,0.41889,0.6073,0.0,446,1555,1109,20.6478,0.37897,15.3846,59.5142,107.4899,13.9676,73.0769,13.1579,32.3887,567.2065,10.1215,31.3765,19.0283,8.502,4.8583,60.3239,21.4575,125.1012,138.8664,27.7328,77.9352,7.2874,46.9636,233.4008,51.417,4.4534
P9d84442310,1,5,5,0.0,15,611,40.733,10.911,11.9476,0.346,1.6367,0.0,470,1204,734,37.6432,0.72308,11.4566,40.9165,114.5663,16.3666,54.0098,11.4566,50.7365,556.4648,11.4566,76.9231,34.3699,26.1866,16.3666,58.9198,8.1833,129.2962,165.3028,29.4599,54.0098,4.91,9.82,263.5025,29.4599,29.4599
Pf213d802cd,1,4,4,0.0,12,1072,89.333,20.226,10.541,0.399,0.0,0.0,106,1198,1092,43.8433,0.52893,12.1269,59.7015,93.2836,18.6567,61.5672,11.194,55.0373,541.9776,12.1269,59.7015,26.1194,8.3955,0.9328,57.8358,37.3134,122.2015,143.6567,35.4478,84.8881,13.9925,8.3955,230.4104,53.1716,7.4627
P8a6f0b4919,1,12,12,0.0,83,3302,39.783,12.798,12.1744,0.433,0.0,0.25,447,1553,1106,23.622,0.44314,16.6566,61.4779,109.3277,24.2277,62.0836,16.9594,23.9249,554.2096,11.811,34.2217,22.4107,16.3537,5.1484,53.301,29.0733,136.8867,154.7547,28.1647,68.1405,7.2683,34.2217,232.2835,43.0042,8.4797
P9052f13021,1,10,10,0.0,33,2642,80.061,16.512,11.8471,0.4152,0.3785,0.1,454,1305,851,17.0326,0.40637,19.3036,61.6957,94.6253,17.4111,80.9992,11.355,29.5231,554.5042,10.2195,38.6071,21.1961,7.57,11.7335,54.5042,29.5231,123.7699,158.9705,22.7101,72.2937,7.1915,32.1726,242.9977,56.3967,5.6775
P4ff854eadf,0,0,,,0,0,,,,,,,,,,,,,,,,,,,,,,,,,,,,,,,,,,,
P850a7a2631,0,0,,,0,0,,,,,,,,,,,,,,,,,,,,,,,,,,,,,,,,,,,
Pb3227aeb5d,1,3,3,0.0,11,648,58.909,16.615,7.716,0.384,0.0,0.0,454,460,6,29.321,0.58209,26.2346,50.9259,72.5309,23.1481,58.642,9.2593,41.6667,555.5556,7.716,60.1852,30.8642,13.8889,9.2593,30.8642,16.9753,143.5185,163.5802,24.6914,70.9877,4.6296,30.8642,212.963,43.2099,1.5432
P96b57657ed,,,,,,,,,,,,,,,,,,,,,,,,,,,,,,,,,,,,,,,,,
P7589e6b4d5,1,7,7,0.0,38,3048,80.211,15.317,12.3688,0.40367,0.0,0.0,95,463,368,6.2336,0.31915,22.3097,79.0682,92.8478,19.0289,63.9764,9.1864,47.9003,559.7113,7.2178,24.6063,22.3097,8.8583,5.2493,45.9318,31.168,154.8556,130.2493,20.6693,73.1627,5.9055,23.9501,203.4121,52.4934,8.5302
Pe1411c667e,1,14,14,0.0,37,2433,65.757,13.746,9.5767,0.342,0.0,0.0,80,468,388,54.254,0.64336,20.1397,50.9659,112.2072,28.36,49.3218,10.2754,10.6864,557.7476,17.2626,75.6268,21.3728,11.5084,10.2754,53.843,30.8261,129.0588,185.7789,26.305,60.8303,4.5212,28.36,267.1599,41.9236,9.8644
P1424b0c02d,1,11,12,0.0833,46,1965,42.717,13.1,10.3817,0.41667,1.5267,0.0909,448,1198,750,19.3384,0.42683,11.7048,57.5064,96.1832,15.2672,50.3817,10.687,56.4885,532.8244,10.687,35.6234,16.285,14.2494,10.687,67.1756,16.285,113.9949,152.6718,28.4987,62.0865,7.6336,43.7659,259.0331,47.8372,9.1603
P16bfe45561,1,8,8,0.0,34,2186,64.294,11.945,14.6386,0.427,0.0,0.0,90,587,497,37.054,0.43,12.3513,69.5334,108.8747,32.022,41.6285,9.6066,47.5755,528.3623,13.7237,39.3413,9.1491,9.1491,2.7447,53.065,36.1391,128.0878,137.6944,23.7877,85.5444,9.6066,16.011,216.3769,52.15,12.8088
P684bfaf734,0,0,,,0,0,,,,,,,,,,,,,,,,,,,,,,,,,,,,,,,,,,,
Pc451072a63,1,5,5,0.0,13,918,70.615,12.575,10.8932,0.306,0.0,0.0,96,104,8,41.3943,0.53465,15.2505,76.2527,77.342,11.9826,31.5904,6.5359,22.8758,546.841,13.0719,58.8235,11.9826,18.5185,11.9826,62.0915,22.8758,131.8083,126.3617,14.1612,74.0741,3.268,50.1089,240.7407,51.1983,1.0893
Pf92c037d4b,1,8,8,0.0,61,4670,76.557,14.732,12.1199,0.42689,0.4283,0.0,89,105,16,59.3148,0.66667,19.4861,61.0278,93.1478,11.9914,61.6702,13.7045,35.546,553.9615,11.9914,65.9529,12.6338,13.9186,7.7088,57.8158,34.0471,126.1242,132.9764,21.6274,58.6724,4.2827,25.6959,230.621,32.9764,13.0621
Pb7b7147bb1,1,6,6,0.0,24,2190,91.25,13.602,11.3242,0.4345,0.4566,0.0,97,468,371,9.589,0.45399,8.6758,66.21,97.2603,21.0046,54.3379,6.8493,28.7671,526.0274,10.9589,33.79,28.3105,10.5023,2.7397,48.4018,25.5708,141.0959,146.5753,30.5936,57.9909,11.8721,26.9406,227.8539,40.6393,11.4155
P59007d3b10,1,5,5,0.0,17,1523,89.588,18.349,12.2127,0.43333,0.0,0.0,97,105,8,37.4261,0.6371,5.9094,61.0637,86.0144,17.0716,57.7807,13.132,31.5167,540.3808,6.566,51.8713,26.264,7.8792,1.3132,52.5279,26.264,135.2594,126.7236,26.264,52.5279,15.7584,19.0414,212.0814,29.5469,11.1622
P3a22280810,1,12,12,0.0,67,4944,73.791,13.326,11.8528,0.43244,0.4045,0.0833,88,1198,1110,37.6214,0.5082,15.7767,57.2411,115.4935,15.979,66.343,15.1699,27.9126,566.343,11.7314,50.1618,22.0469,22.856,5.6634,56.0275,29.733,129.0453,153.1149,21.0356,64.3204,5.6634,27.7104,242.9207,48.5437,11.1246
P88b17e8559,,,,,,,,,,,,,,,,,,,,,,,,,,,,,,,,,,,,,,,,,
P4e1f6ff7ed,0,0,,,0,0,,,,,,,,,,,,,,,,,,,,,,,,,,,,,,,,,,,
P0252f7ff7f,1,4,4,0.0,9,563,62.556,13.732,11.0124,0.418,0.0,0.0,98,1560,1462,47.9574,0.66667,10.6572,83.4813,108.3481,8.881,35.524,5.3286,21.3144,568.3837,14.2096,60.3908,17.762,10.6572,0.0,47.9574,39.0764,134.9911,145.6483,33.7478,51.5098,8.881,24.8668,218.4725,30.1954,7.1048
P52f2ddbdea,0,0,,,0,0,,,,,,,,,,,,,,,,,,,,,,,,,,,,,,,,,,,
P7f722372b8,0,0,,,0,0,,,,,,,,,,,,,,,,,,,,,,,,,,,,,,,,,,,
P55fe66b9ce,1,1,1,0.0,2,113,56.5,18.833,7.9646,,0.0,0.0,87,87,0,26.5487,0.71429,35.3982,53.0973,141.5929,8.8496,53.0973,0.0,44.2478,548.6726,0.0,44.2478,17.6991,8.8496,0.0,35.3982,70.7965,159.292,185.8407,26.5487,26.5487,0.0,0.0,238.9381,17.6991,17.6991
Pf091cf9935,1,2,2,0.0,5,622,124.4,17.278,11.254,0.402,0.0,0.0,470,618,148,49.8392,0.78,6.4309,65.9164,86.8167,19.2926,67.5241,12.8617,53.0547,577.1704,6.4309,62.701,19.2926,16.0772,6.4309,61.0932,28.9389,131.8328,99.6785,30.5466,46.6238,9.6463,20.9003,204.1801,17.6849,20.9003
P41704425e7,1,5,5,0.0,11,864,78.545,16.302,12.1528,0.432,4.6296,0.0,80,468,388,59.0278,0.70526,16.2037,64.8148,96.0648,12.7315,61.3426,6.9444,16.2037,577.5463,15.0463,77.5463,18.5185,17.3611,6.9444,70.6019,25.463,140.0463,129.6296,13.8889,59.0278,10.4167,18.5185,224.537,32.4074,11.5741
P7329b5e7c4,1,1,1,0.0,3,270,90.0,13.5,10.3704,,0.0,0.0,105,105,0,11.1111,0.40909,7.4074,59.2593,55.5556,22.2222,88.8889,25.9259,48.1481,566.6667,0.0,33.3333,44.4444,11.1111,3.7037,66.6667,11.1111,148.1481,88.8889,25.9259,55.5556,37.037,18.5185,181.4815,48.1481,37.037
P4d55024373,,,,,,,,,,,,,,,,,,,,,,,,,,,,,,,,,,,,,,,,,
P4048f3366a,1,4,4,0.0,20,1177,58.85,13.529,8.4962,0.386,0.8496,0.0,97,468,371,36.5336,0.42735,11.8946,68.819,89.2099,12.7443,56.9244,19.5412,54.3755,534.4095,3.3985,42.4809,19.5412,15.2931,5.9473,49.2778,33.9847,115.548,162.277,20.3908,71.3679,5.0977,22.0901,244.6899,56.9244,22.9397
Pa12a517258,1,7,8,0.125,16,572,35.75,9.695,8.9161,0.414,0.0,0.0,98,468,370,75.1748,0.66667,26.2238,59.4406,110.1399,8.7413,80.4196,13.986,34.965,603.1469,10.4895,94.4056,19.2308,27.972,13.986,52.4476,27.972,90.9091,173.0769,27.972,64.6853,3.4965,22.7273,236.014,47.2028,8.7413
P23152d31e2,0,0,,,0,0,,,,,,,,,,,,,,,,,,,,,,,,,,,,,,,,,,,
P65b97df144,0,0,,,0,0,,,,,,,,,,,,,,,,,,,,,,,,,,,,,,,,,,,
P473649a3ff,1,2,2,0.0,6,451,75.167,9.804,8.204,,0.0,0.0,103,225,122,-4.4346,0.15,31.0421,82.0399,75.388,6.6519,57.6497,2.2173,57.6497,492.2395,22.1729,13.3038,15.5211,8.8692,4.4346,95.3437,57.6497,119.7339,126.3858,15.5211,93.1264,0.0,24.3902,274.9446,75.388,4.4346
P2a77fa93f7,1,8,8,0.0,15,836,55.733,14.667,10.4067,0.384,0.0,0.0,79,97,18,66.9856,0.69697,9.5694,69.378,69.378,9.5694,35.8852,4.7847,69.378,547.8469,3.5885,82.5359,16.7464,8.3732,3.5885,74.1627,27.512,149.5215,114.8325,25.1196,65.7895,13.1579,14.3541,212.9187,35.8852,7.177
Pe083952d4c,0,0,,,0,0,,,,,,,,,,,,,,,,,,,,,,,,,,,,,,,,,,,
P58407301c7,0,0,,,0,0,,,,,,,,,,,,,,,,,,,,,,,,,,,,,,,,,,,
Pb0cd5d409b,1,12,12,0.0,55,3335,60.636,14.013,11.904,0.441,0.8996,0.0,81,467,386,41.0795,0.625,23.6882,69.2654,87.2564,18.2909,58.4708,11.3943,45.2774,518.7406,5.0975,50.9745,14.9925,12.8936,6.2969,46.7766,32.084,126.2369,140.6297,24.2879,53.0735,4.7976,29.985,219.7901,30.5847,14.093
P74240d498b,1,1,1,0.0,7,458,65.429,18.32,8.7336,,2.1834,0.0,193,193,0,78.6026,0.72727,13.1004,54.5852,72.0524,10.917,76.4192,8.7336,34.9345,539.3013,13.1004,87.3362,10.917,8.7336,6.5502,58.952,30.5677,122.2707,137.5546,17.4672,39.3013,8.7336,43.6681,237.9913,32.7511,4.3668
P1ccfa6c1ee,1,24,24,0.0,136,8244,60.618,12.035,10.3348,0.41838,0.3639,0.0833,79,921,842,48.6414,0.66981,10.5531,61.0141,109.1703,26.4435,35.4197,9.9466,36.0262,554.5852,8.2484,60.2863,16.0116,21.2276,5.5798,51.0674,18.8016,139.2528,155.9922,28.0204,53.2508,15.5264,30.4464,237.5061,29.7186,12.4939
Pa245962e52,0,0,,,0,0,,,,,,,,,,,,,,,,,,,,,,,,,,,,,,,,,,,
Pa5d4a8fef6,0,0,,,0,0,,,,,,,,,,,,,,,,,,,,,,,,,,,,,,,,,,,
Pd018d62aee,0,0,,,0,0,,,,,,,,,,,,,,,,,,,,,,,,,,,,,,,,,,,
P32ff4229d3,1,4,4,0.0,13,657,50.538,12.882,8.6758,0.396,3.0441,0.0,103,468,365,39.5738,0.69355,12.1766,71.5373,68.4932,16.7428,77.6256,1.5221,60.8828,547.9452,1.5221,65.449,24.3531,7.6104,3.0441,76.1035,25.8752,126.3318,101.9787,21.309,48.7062,6.0883,35.0076,210.0457,28.9193,6.0883
P4bd2cd3d34,0,0,,,0,0,,,,,,,,,,,,,,,,,,,,,,,,,,,,,,,,,,,
Pada60a9da7,1,1,1,0.0,3,151,50.333,15.1,7.947,,0.0,0.0,104,104,0,-6.6225,0.27273,0.0,79.4702,92.7152,13.245,46.3576,0.0,66.2252,516.5563,0.0,19.8675,19.8675,6.6225,6.6225,26.4901,0.0,152.3179,172.1854,6.6225,79.4702,6.6225,39.7351,238.4106,52.9801,19.8675
Pa3f4257d20,1,3,3,0.0,17,726,42.706,14.816,9.0909,0.372,0.0,0.0,87,96,9,57.8512,0.75342,22.0386,55.0964,82.6446,31.6804,50.9642,11.0193,34.4353,568.8705,8.2645,75.7576,23.416,9.6419,5.5096,59.2287,24.7934,148.7603,150.1377,33.0579,35.8127,2.7548,20.6612,228.6501,24.7934,17.9063
P7a95b991f4,1,5,5,0.0,19,1157,60.895,15.026,9.5073,0.406,0.0,0.0,87,98,11,44.9438,0.75676,16.4218,55.3155,108.038,18.1504,66.5514,4.3215,42.3509,548.8332,10.3717,72.6016,27.6577,16.4218,4.3215,50.9939,25.9291,120.1383,153.8462,21.6076,54.4512,4.3215,27.6577,251.5125,23.3362,12.1003
P13f5a8ca49,1,10,10,0.0,34,2724,80.118,13.827,12.1145,0.4364,0.0,0.0,94,609,515,32.3054,0.48387,8.4435,66.0793,96.5492,20.9251,44.42,9.9119,41.8502,539.2805,8.4435,44.0529,17.6211,12.8488,4.0382,50.2937,22.7606,140.2349,146.4758,23.4949,71.5859,17.9883,34.8752,234.9486,46.9897,10.279
P9f04775c7a,1,2,2,0.0,5,362,72.4,11.312,8.011,,2.7624,0.0,94,96,2,11.0497,0.45946,19.337,71.8232,104.9724,46.9613,44.1989,5.5249,71.8232,549.7238,13.8122,46.9613,19.337,13.8122,22.0994,63.5359,22.0994,121.547,129.8343,35.9116,96.6851,2.7624,16.5746,215.4696,55.2486,2.7624
Pf120e8dc11,1,1,1,0.0,2,139,69.5,10.692,10.7914,,0.0,0.0,105,105,0,57.554,1.0,14.3885,79.1367,151.0791,14.3885,28.777,14.3885,43.1655,561.1511,7.1942,71.9424,28.777,21.5827,0.0,57.554,21.5827,143.8849,136.6906,7.1942,50.3597,7.1942,7.1942,237.4101,0.0,0.0
P523c7506e7,1,2,2,0.0,9,268,29.778,9.926,13.4328,,0.0,0.0,95,104,9,74.6269,0.82609,18.6567,48.5075,119.403,37.3134,70.8955,11.194,37.3134,541.0448,7.4627,70.8955,7.4627,3.7313,0.0,48.5075,78.3582,108.209,152.9851,26.1194,33.5821,0.0,52.2388,235.0746,14.9254,22.3881
P4bbcd3bc18,1,4,4,0.0,21,1245,59.286,9.088,10.2008,0.41,0.0,0.0,95,98,3,9.6386,0.27619,16.0643,63.4538,125.3012,17.6707,40.1606,10.4418,47.3896,558.2329,11.245,23.2932,18.4739,15.261,5.6225,46.5863,31.3253,122.0884,160.6426,24.0964,86.747,5.6225,20.8835,236.9478,61.0442,13.6546
P7070c905f3,0,0,,,0,0,,,,,,,,,,,,,,,,,,,,,,,,,,,,,,,,,,,
Pf4a65045a1,0,0,,,0,0,,,,,,,,,,,,,,,,,,,,,,,,,,,,,,,,,,,
Pe79de9d05b,0,0,,,0,0,,,,,,,,,,,,,,,,,,,,,,,,,,,,,,,,,,,
P1a8fd8dc98,0,0,,,0,0,,,,,,,,,,,,,,,,,,,,,,,,,,,,,,,,,,,
P086a09588e,,,,,,,,,,,,,,,,,,,,,,,,,,,,,,,,,,,,,,,,,
P0d7bcc4d57,1,2,2,0.0,10,936,93.6,12.156,10.6838,0.432,0.0,0.0,100,245,145,28.8462,0.34314,17.094,55.5556,121.7949,4.2735,59.8291,11.7521,33.1197,591.8803,12.8205,37.3932,14.9573,9.6154,5.3419,57.6923,33.1197,146.3675,138.8889,24.5726,79.0598,26.7094,33.1197,237.1795,71.5812,9.6154
P429241cb33,0,0,,,0,0,,,,,,,,,,,,,,,,,,,,,,,,,,,,,,,,,,,
Pfd3b474513,1,15,17,0.1176,45,3053,67.844,17.446,10.9401,0.427,0.0,0.0,89,833,744,30.7894,0.70089,11.1366,68.4573,97.6089,18.9977,73.698,11.1366,42.5811,545.0377,11.1366,51.4248,22.6007,17.36,9.1713,67.4746,21.2905,128.3983,131.6738,22.6007,38.323,9.4989,28.169,227.6449,21.9456,10.1539
Pafffac98b2,0,0,,,0,0,,,,,,,,,,,,,,,,,,,,,,,,,,,,,,,,,,,
P2bc6f2a3aa,1,11,11,0.0,35,2501,71.457,17.014,11.2755,0.42,0.3998,0.0,88,473,385,17.593,0.31373,11.5954,59.976,103.5586,14.3942,62.375,15.9936,61.1755,563.3747,7.597,25.5898,18.3926,15.9936,5.5978,57.9768,21.5914,126.7493,121.9512,31.1875,73.9704,3.5986,30.3878,217.9128,55.9776,9.996
P68ff50da96,0,0,,,0,0,,,,,,,,,,,,,,,,,,,,,,,,,,,,,,,,,,,
Pd1401169e8,1,9,9,0.0,34,2417,71.088,13.811,10.9226,0.459,0.0,0.0,89,475,386,31.8577,0.52804,10.7571,69.9214,104.2615,20.6868,51.3033,12.4121,28.9615,561.4398,2.8962,46.7522,23.1692,19.0319,4.1374,60.8192,16.9632,139.429,132.8093,26.8928,62.4741,11.1709,39.3049,230.8647,41.7873,6.206
P35654567c0,1,1,1,0.0,3,145,48.333,9.667,17.2414,,0.0,0.0,96,96,0,41.3793,0.6,0.0,75.8621,137.931,34.4828,34.4828,20.6897,55.1724,475.8621,41.3793,41.3793,13.7931,13.7931,6.8966,68.9655,27.5862,110.3448,165.5172,0.0,41.3793,0.0,20.6897,275.8621,27.5862,0.0
Pdf5a3388b3,1,1,1,0.0,4,139,34.75,11.583,7.9137,,0.0,0.0,476,476,0,50.3597,0.64286,7.1942,64.7482,129.4964,28.777,50.3597,0.0,57.554,525.1799,14.3885,64.7482,14.3885,0.0,0.0,93.5252,35.9712,93.5252,179.8561,35.9712,50.3597,0.0,35.9712,316.5468,35.9712,0.0
P470eca3f49,1,2,2,0.0,8,436,54.5,10.381,13.3028,,0.0,0.0,467,468,1,2.2936,0.22727,16.055,66.5138,121.5596,22.9358,55.0459,2.2936,50.4587,561.9266,9.1743,22.9358,18.3486,6.8807,4.5872,73.3945,43.578,133.0275,155.9633,16.055,103.211,4.5872,11.4679,245.4128,77.9817,0.0
P0f6f43de8d,1,4,4,0.0,11,680,61.818,10.303,11.0294,0.422,1.4706,0.0,95,103,8,38.2353,0.44048,17.6471,77.9412,100.0,30.8824,35.2941,11.7647,48.5294,539.7059,13.2353,54.4118,23.5294,11.7647,4.4118,50.0,23.5294,111.7647,148.5294,33.8235,85.2941,5.8824,23.5294,230.8824,69.1176,4.4118
P9fc884bebd,1,5,5,0.0,23,1229,53.435,13.074,10.9032,0.419,0.0,0.0,90,466,376,32.5468,0.51402,23.5964,70.7893,106.5907,19.5281,50.4475,8.9504,52.0749,544.345,5.6957,44.7518,13.8324,13.8324,7.323,56.9569,36.6151,111.4727,135.0692,35.8015,71.6029,7.323,39.8698,231.0822,42.3108,9.764
P84e9dcbb3e,1,4,4,0.0,21,1253,59.667,14.079,7.901,0.373,0.0,0.0,105,259,154,38.3081,0.57534,12.7694,85.3951,105.3472,7.1828,53.4717,3.9904,23.9425,542.6975,12.7694,67.0391,23.1445,13.5674,9.577,52.6736,19.9521,123.7031,178.7709,18.3559,80.6065,2.3943,20.7502,264.9641,49.4812,3.1923
P367a636ba4,1,9,9,0.0,38,4495,118.289,14.884,13.1034,0.42725,0.0,0.0,94,104,10,20.6897,0.52492,11.7909,56.5072,108.5651,21.802,66.9633,15.5729,38.9321,557.2859,10.0111,35.1502,21.3571,13.3482,8.6763,55.8398,28.4761,133.7041,133.9266,21.5795,62.069,7.564,31.8131,223.3593,31.8131,12.4583
Pb1001f743e,1,5,6,0.1667,19,870,45.789,12.083,9.6552,0.434,1.1494,0.0,91,831,740,19.5402,0.4507,19.5402,63.2184,118.3908,14.9425,54.023,4.5977,44.8276,529.8851,11.4943,36.7816,16.092,11.4943,5.7471,56.3218,33.3333,113.7931,168.9655,33.3333,64.3678,13.7931,13.7931,254.023,44.8276,13.7931
Pbdde11b624,1,17,19,0.1053,66,4233,64.136,11.629,10.6071,0.417,0.2362,0.0,90,947,857,12.5207,0.4006,20.5528,62.6034,101.3466,16.0643,59.7685,10.6308,35.6721,562.4852,9.2133,31.4198,20.3166,15.5918,9.2133,54.5712,26.4588,120.7182,143.1609,28.8212,70.8717,7.0872,51.9726,225.6083,47.0116,18.6629
Pcf591b3097,0,0,,,0,0,,,,,,,,,,,,,,,,,,,,,,,,,,,,,,,,,,,
P0edbaa5011,1,4,4,0.0,11,431,39.182,12.314,12.297,,0.0,0.0,97,474,377,-11.6009,0.25,4.6404,69.6056,69.6056,25.522,41.7633,11.6009,76.5661,510.4408,11.6009,13.9211,23.2019,6.9606,13.9211,71.9258,9.2807,132.2506,125.29,37.123,78.8863,11.6009,34.8028,220.4176,41.7633,25.522
P3bedf956bf,1,6,6,0.0,18,1282,71.222,16.228,13.1045,0.443,0.0,0.0,95,839,744,28.0811,0.65591,10.1404,71.7629,88.1435,14.8206,57.7223,4.6802,27.3011,528.0811,3.1201,47.5819,13.2605,10.9204,10.9204,37.4415,15.6006,131.8253,128.7051,30.4212,49.922,9.3604,48.3619,205.1482,24.961,10.9204
P82e84aa110,1,20,21,0.0476,51,3105,60.882,11.897,11.6586,0.41767,0.3221,0.0,79,839,760,22.2222,0.4566,17.3913,77.2947,102.7375,15.1369,60.2254,8.3736,29.6296,544.9275,10.306,38.9694,21.256,18.3575,3.8647,55.7166,37.3591,107.2464,141.3849,23.5105,67.9549,3.2206,45.7327,237.3591,46.3768,5.7971
P7572949d92,1,4,4,0.0,26,1179,45.346,13.552,11.1111,0.428,0.0,0.0,97,833,736,44.1052,0.5493,20.3562,59.3723,89.9067,22.0526,62.7651,7.6336,29.6862,541.1366,9.3299,66.1578,23.7489,11.8745,5.9372,59.3723,38.1679,126.3783,134.8601,25.4453,72.9432,3.3927,19.5081,225.6149,54.2833,5.9372
P0bcbee5c83,1,5,5,0.0,21,1919,91.381,14.007,10.7348,0.41733,0.0,0.0,105,841,736,88.0667,0.74249,6.7744,69.828,90.1511,12.5065,60.4482,13.0276,47.9416,542.9911,2.0844,90.1511,12.5065,13.5487,2.6055,69.3069,28.6608,113.6008,125.0651,23.4497,56.8004,13.0276,14.5909,217.3007,31.2663,3.6477
P4b73f3a250,1,11,12,0.0833,25,1293,51.72,12.314,13.0704,0.441,0.0,0.0,79,475,396,34.0294,0.5,20.1083,75.0193,109.8221,25.522,46.4037,10.8275,27.0688,559.9381,8.5073,46.4037,20.1083,14.6945,3.0936,51.0441,32.4826,131.4772,149.2653,30.1624,69.6056,11.6009,28.6156,232.0186,46.4037,10.0541
P414be319a7,1,12,12,0.0,48,2458,51.208,11.761,10.1709,0.4025,0.0,0.0833,89,1194,1105,42.7177,0.58009,18.3076,62.6526,96.013,14.6461,56.9569,13.4255,54.109,546.3792,9.764,54.5159,19.1212,9.3572,6.1025,63.4662,34.581,117.1684,145.6469,30.5126,56.9569,12.6119,39.0561,242.0667,39.463,8.1367
Pf7cf72315c,0,0,,,0,0,,,,,,,,,,,,,,,,,,,,,,,,,,,,,,,,,,,
Pd62847824a,,,,,,,,,,,,,,,,,,,,,,,,,,,,,,,,,,,,,,,,,
Pb1c5565b99,0,0,,,0,0,,,,,,,,,,,,,,,,,,,,,,,,,,,,,,,,,,,
P8b3507dca4,0,0,,,0,0,,,,,,,,,,,,,,,,,,,,,,,,,,,,,,,,,,,
Pf1dc83702a,0,0,,,0,0,,,,,,,,,,,,,,,,,,,,,,,,,,,,,,,,,,,
P44f988dfdd,0,0,,,0,0,,,,,,,,,,,,,,,,,,,,,,,,,,,,,,,,,,,
Pebbeab0c5c,0,0,,,0,0,,,,,,,,,,,,,,,,,,,,,,,,,,,,,,,,,,,
Pf8707c5a5f,0,0,,,0,0,,,,,,,,,,,,,,,,,,,,,,,,,,,,,,,,,,,
Pedbe6303e0,0,0,,,0,0,,,,,,,,,,,,,,,,,,,,,,,,,,,,,,,,,,,
P67a293c7ae,0,0,,,0,0,,,,,,,,,,,,,,,,,,,,,,,,,,,,,,,,,,,
Pe275ca2256,1,11,11,0.0,69,4672,67.71,12.8,9.9957,0.43844,1.9264,0.0909,459,1192,733,36.387,0.53117,15.839,61.4298,123.7158,20.1199,69.1353,14.5548,40.8818,574.9144,4.4949,41.9521,13.2705,23.5445,6.8493,49.2295,31.25,109.375,151.9692,27.8253,61.4298,8.7757,41.3099,226.2414,37.0291,15.839
Pc19f23edb3,,,,,,,,,,,,,,,,,,,,,,,,,,,,,,,,,,,,,,,,,
Pc2cfb81ac1,0,0,,,0,0,,,,,,,,,,,,,,,,,,,,,,,,,,,,,,,,,,,
P079058f390,0,0,,,0,0,,,,,,,,,,,,,,,,,,,,,,,,,,,,,,,,,,,
Pa93866e530,1,13,13,0.0,33,3750,113.636,18.564,9.44,0.38714,0.0,0.0,90,832,742,21.8667,0.39938,11.7333,66.6667,102.4,18.6667,56.5333,8.5333,39.2,555.7333,10.1333,34.4,16.5333,10.6667,4.5333,44.2667,21.0667,140.8,175.7333,21.6,72.8,10.6667,22.6667,243.7333,51.7333,13.0667
P2382218b2e,1,4,4,0.0,18,793,44.056,13.441,10.0883,0.422,0.0,0.0,104,467,363,31.5259,0.52326,22.6986,54.2245,93.3165,16.3934,63.0517,11.3493,36.57,534.6784,18.9155,56.7465,29.0038,12.6103,7.5662,40.3531,20.1765,128.6255,197.9823,15.1324,71.8789,3.7831,26.4817,264.8172,51.7024,11.3493
P66484e16cb,1,3,4,0.25,11,707,64.273,12.625,13.1542,0.472,0.0,0.0,96,103,7,19.802,0.54545,16.9731,59.4059,118.8119,15.5587,41.0184,5.6577,29.703,537.4823,11.3154,42.4328,22.6308,24.0453,5.6577,46.6761,33.9463,123.0552,185.29,28.2885,69.3069,5.6577,31.1174,258.8402,35.3607,2.8289
Peb437378ff,0,0,,,0,0,,,,,,,,,,,,,,,,,,,,,,,,,,,,,,,,,,,
P218d8c92b9,1,12,12,0.0,50,5299,105.98,15.449,11.1342,0.447,0.1887,0.0,88,474,386,7.3599,0.37931,11.3229,77.9392,105.6803,17.1731,57.7467,12.8326,18.4941,557.6524,5.8502,20.7586,19.4376,19.6263,6.7937,50.3869,26.7975,140.2151,134.9311,25.4765,56.8032,6.0389,17.5505,212.1155,33.9687,19.6263
Pe64515ec9d,0,0,,,0,0,,,,,,,,,,,,,,,,,,,,,,,,,,,,,,,,,,,
Pb1d497dd3b,1,9,9,0.0,33,2024,61.333,11.435,13.0929,0.424,2.4704,0.1111,96,1204,1108,21.2451,0.44693,14.3281,70.1581,116.1067,14.8221,42.4901,9.8814,22.2332,547.9249,14.8221,39.5257,24.7036,14.3281,3.4585,52.3715,33.1028,122.5296,146.2451,20.2569,66.2055,5.9289,26.6798,233.6957,48.913,9.3874
P72ec1785e5,1,11,11,0.0,59,4110,69.661,14.421,11.9708,0.45275,0.0,0.0,97,1575,1478,13.1387,0.42748,16.545,64.9635,94.4039,15.3285,56.9343,12.6521,36.4964,542.0925,13.8686,27.2506,22.6277,13.6253,4.1363,46.7153,24.0876,141.1192,137.2263,29.4404,51.3382,13.1387,22.3844,215.0852,36.4964,12.4088
P79c8ced5ce,1,1,1,0.0,3,171,57.0,13.154,9.9415,,0.0,0.0,1572,1572,0,76.0234,0.7619,29.2398,35.0877,140.3509,5.848,58.4795,0.0,58.4795,532.1637,17.5439,93.5673,17.5439,17.5439,0.0,64.3275,46.7836,99.4152,204.6784,17.5439,46.7836,0.0,17.5439,286.5497,29.2398,11.6959
Pca5928b452,1,6,6,0.0,11,301,27.364,10.379,9.3023,,0.0,0.0,465,839,374,-6.6445,0.36667,13.289,53.1561,106.3123,19.9336,53.1561,6.6445,69.7674,534.8837,13.289,36.5449,46.5116,3.3223,3.3223,106.3123,9.9668,119.6013,116.2791,19.9336,73.0897,6.6445,23.2558,259.1362,63.1229,3.3223
P51e90d8f38,0,0,,,0,0,,,,,,,,,,,,,,,,,,,,,,,,,,,,,,,,,,,
P92095a9676,1,2,2,0.0,8,500,62.5,9.615,13.2,0.342,0.0,0.0,467,468,1,32.0,0.54688,8.0,76.0,84.0,18.0,22.0,12.0,60.0,516.0,8.0,70.0,40.0,12.0,10.0,44.0,56.0,122.0,156.0,36.0,116.0,2.0,18.0,228.0,58.0,0.0
Pbe0b54a1e9,0,0,,,0,0,,,,,,,,,,,,,,,,,,,,,,,,,,,,,,,,,,,
P8b23f27bc8,1,2,2,0.0,4,203,50.75,10.684,7.3892,,0.0,0.5,1201,1930,729,88.67,0.65517,24.6305,49.2611,137.931,29.5567,34.4828,4.9261,19.7044,571.4286,4.9261,93.5961,9.8522,9.8522,0.0,88.67,19.7044,128.0788,133.0049,39.4089,59.1133,4.9261,9.8522,300.4926,49.2611,4.9261
Pc19957985f,0,0,,,0,0,,,,,,,,,,,,,,,,,,,,,,,,,,,,,,,,,,,
P8cc9424d6a,0,0,,,0,0,,,,,,,,,,,,,,,,,,,,,,,,,,,,,,,,,,,
Pdbf2a4e286,0,0,,,0,0,,,,,,,,,,,,,,,,,,,,,,,,,,,,,,,,,,,
Pa306b38c4f,1,7,7,0.0,29,2496,86.069,12.356,10.6571,0.4185,0.0,0.0,91,474,383,6.0096,0.29126,14.8237,62.9006,105.3686,24.0385,54.0865,11.6186,32.8526,550.4808,14.8237,24.0385,23.2372,11.6186,6.4103,42.0673,21.6346,127.0032,163.4615,32.8526,75.3205,8.0128,30.8494,239.5833,58.4936,17.2276
P816913601a,1,7,7,0.0,28,1071,38.25,10.2,6.5359,0.363,1.8674,0.0,95,840,745,78.4314,0.71831,17.7404,34.5472,141.9234,22.409,53.2213,15.873,47.619,577.0308,10.2708,95.2381,24.2764,18.6741,8.4034,43.8842,44.8179,111.1111,194.211,28.9449,60.6909,4.6685,22.409,263.3053,37.3483,2.8011
P26b4659b22,1,7,7,0.0,29,1752,60.414,16.222,9.7032,0.41333,0.0,0.0,85,840,755,30.8219,0.67407,16.5525,55.9361,106.7352,13.1279,63.9269,6.2785,53.0822,571.347,9.1324,51.9406,23.4018,10.8447,3.9954,43.379,30.8219,148.9726,147.2603,35.3881,46.8037,10.274,16.5525,218.6073,25.1142,13.1279
Pd3d2fde686,0,0,,,0,0,,,,,,,,,,,,,,,,,,,,,,,,,,,,,,,,,,,
P31a95da41b,0,0,,,0,0,,,,,,,,,,,,,,,,,,,,,,,,,,,,,,,,,,,
Pd4ca66045e,1,4,4,0.0,15,634,42.267,10.567,12.6183,0.414,1.5773,0.0,96,103,7,33.123,0.69388,22.082,70.9779,75.7098,20.5047,36.2776,9.4637,67.8233,474.7634,7.8864,53.6278,18.9274,11.041,11.041,55.205,25.2366,118.2965,152.9968,29.9685,47.3186,12.6183,18.9274,266.5615,23.6593,3.1546
P0e202d21b8,1,3,3,0.0,8,555,69.375,17.344,9.7297,0.426,0.0,0.0,106,623,517,-3.6036,0.27586,9.009,73.8739,84.6847,37.8378,66.6667,14.4144,59.4595,554.955,10.8108,14.4144,25.2252,12.6126,7.2072,64.8649,9.009,109.9099,108.1081,50.4505,55.8559,16.2162,19.8198,207.2072,37.8378,25.2252
Pd3ead775c1,1,5,5,0.0,12,579,48.25,11.58,10.3627,0.432,0.0,0.0,95,103,8,65.6304,0.68852,12.0898,55.2677,112.2625,20.7254,69.0846,13.8169,22.4525,573.4024,5.1813,72.5389,12.0898,25.9067,8.6356,63.9033,37.9965,112.2625,132.9879,18.9983,46.6321,6.9085,41.4508,240.0691,32.8152,10.3627
P2524393d71,1,2,2,0.0,6,581,96.833,17.088,12.2203,0.398,0.0,0.0,840,955,115,18.9329,0.63158,3.4423,84.3373,91.222,10.327,79.1738,8.6059,32.7022,530.1205,12.0482,41.3081,30.9811,13.7694,0.0,61.9621,12.0482,115.3184,146.2995,10.327,61.9621,1.7212,13.7694,246.1274,24.0964,18.9329
P6696ce1e71,0,0,,,0,0,,,,,,,,,,,,,,,,,,,,,,,,,,,,,,,,,,,
Pdff50197cb,1,2,2,0.0,7,752,107.429,15.347,12.234,0.426,0.0,0.0,97,98,1,23.9362,0.26966,14.6277,47.8723,111.7021,17.2872,53.1915,17.2872,26.5957,585.1064,5.3191,31.9149,22.6064,18.617,2.6596,57.1809,17.2872,144.9468,151.5957,26.5957,111.7021,10.6383,38.5638,250.0,86.4362,2.6596
Pbdf853cdec,1,2,2,0.0,3,653,217.667,15.548,12.7106,0.43,0.0,0.0,104,105,1,53.5988,0.84211,18.3767,76.5697,94.9464,15.3139,75.0383,3.0628,47.4732,537.5191,1.5314,73.5069,15.3139,13.7825,7.657,84.2266,16.8453,113.3231,94.9464,15.3139,29.0965,6.1256,6.1256,208.2695,13.7825,13.7825
Pe8e75a6d90,1,5,5,0.0,19,1094,57.579,13.181,12.6143,0.392,0.0,0.0,104,475,371,16.4534,0.42667,18.2815,63.9854,86.8373,9.1408,57.5868,10.0548,74.9543,525.5941,3.6563,29.2505,16.4534,9.1408,6.3985,52.1024,31.9927,143.5101,118.83,22.8519,53.0165,7.3126,24.6801,235.8318,39.3053,10.0548
P233044615c,1,8,8,0.0,35,1824,52.114,10.667,10.4715,0.40733,2.193,0.0,98,839,741,35.0877,0.43519,15.3509,81.6886,92.1053,20.2851,47.1491,6.0307,40.0219,549.8904,8.7719,51.5351,17.5439,12.0614,4.9342,72.3684,36.7325,116.7763,115.1316,26.3158,94.8465,2.7412,22.4781,224.2325,66.886,3.8377
P732be498cd,1,3,3,0.0,9,1080,120.0,13.5,9.8148,0.418,0.0,0.0,103,468,365,17.5926,0.41071,15.7407,72.2222,104.6296,18.5185,57.4074,10.1852,35.1852,562.963,8.3333,42.5926,24.0741,11.1111,11.1111,78.7037,25.9259,122.2222,120.3704,22.2222,92.5926,5.5556,34.2593,237.963,61.1111,6.4815
Pf99c720027,1,7,7,0.0,25,1911,76.44,13.364,12.9252,0.46067,1.0466,0.0,104,840,736,28.2575,0.66187,16.7452,65.9341,116.1695,23.0246,49.7122,6.2794,30.8739,553.6368,8.3726,48.1423,19.3616,13.0822,6.8027,67.5039,21.978,121.9257,135.0078,24.5945,43.956,17.2684,27.7342,238.0952,24.5945,20.9314
P1c48d6e24b,1,3,3,0.0,13,726,55.846,16.133,13.9118,0.43,0.0,0.0,94,104,10,56.4738,0.57971,8.2645,61.9835,117.0799,35.8127,81.2672,12.3967,24.7934,552.3416,4.1322,55.0964,8.2645,13.7741,2.7548,66.1157,31.6804,118.4573,133.6088,20.6612,79.8898,11.0193,30.303,235.5372,39.9449,6.8871
Pe6c95cf044,0,0,,,0,0,,,,,,,,,,,,,,,,,,,,,,,,,,,,,,,,,,,
P99ed7bd6ab,1,5,5,0.0,32,1959,61.219,15.672,10.5156,0.45267,0.0,0.0,97,946,849,31.1383,0.49162,10.7198,75.5487,94.4359,18.8872,74.0174,14.293,25.0128,562.5319,8.1674,44.9209,19.3977,18.3767,8.6779,36.243,29.0965,115.8754,138.3359,28.0755,78.1011,8.1674,30.6279,201.123,46.4523,9.1884
P7f11916058,0,0,,,0,0,,,,,,,,,,,,,,,,,,,,,,,,,,,,,,,,,,,
P2c7c71307b,1,9,9,0.0,48,2417,50.354,14.052,8.9367,0.4065,0.0,0.1111,99,1203,1104,30.6165,0.59048,6.6198,74.0588,88.5395,9.1022,52.5445,8.6885,56.6818,554.4063,4.5511,51.3033,23.583,9.5159,5.7923,71.1626,23.9967,134.4642,117.9148,28.9615,46.3384,18.2044,26.0654,218.0389,35.5813,7.0335
P424c3aa3f2,1,2,2,0.0,5,218,43.6,11.474,7.7982,,0.0,0.0,103,104,1,55.0459,0.56,0.0,41.2844,91.7431,41.2844,41.2844,4.5872,50.4587,559.633,4.5872,64.2202,9.1743,13.7615,4.5872,77.9817,22.9358,105.5046,142.2018,27.5229,77.9817,9.1743,32.1101,252.2936,50.4587,9.1743
Peae8be2d88,0,0,,,0,0,,,,,,,,,,,,,,,,,,,,,,,,,,,,,,,,,,,
P75990d7854,1,3,3,0.0,12,904,75.333,12.556,11.2832,0.424,0.0,0.0,97,227,130,13.2743,0.39773,18.8053,71.9027,95.1327,7.7434,57.5221,14.3805,37.6106,519.9115,8.8496,38.7168,23.2301,8.8496,16.5929,89.6018,28.7611,107.3009,138.2743,19.9115,79.646,6.6372,30.9735,263.2743,58.6283,6.6372
Paed8dc8f7e,0,0,,,0,0,,,,,,,,,,,,,,,,,,,,,,,,,,,,,,,,,,,
Pa757d2e68d,0,0,,,0,0,,,,,,,,,,,,,,,,,,,,,,,,,,,,,,,,,,,
Pf59a3a471e,0,0,,,0,0,,,,,,,,,,,,,,,,,,,,,,,,,,,,,,,,,,,
Pb8bba3b38a,0,0,,,0,0,,,,,,,,,,,,,,,,,,,,,,,,,,,,,,,,,,,
Pae3adc3ef4,1,4,4,0.0,12,636,53.0,12.98,9.7484,0.388,0.0,0.0,105,245,140,75.4717,0.69231,12.5786,88.0503,97.4843,14.1509,47.1698,31.4465,36.1635,561.3208,4.717,70.7547,12.5786,20.4403,14.1509,66.0377,26.7296,133.6478,122.6415,28.3019,56.6038,0.0,28.3019,207.5472,31.4465,9.434
P36a4ba5e62,0,0,,,0,0,,,,,,,,,,,,,,,,,,,,,,,,,,,,,,,,,,,
P1c44c138bb,1,2,2,0.0,14,460,32.857,8.846,7.8261,,0.0,0.0,88,96,8,32.6087,0.38333,8.6957,58.6957,104.3478,23.913,73.913,13.0435,36.9565,563.0435,17.3913,50.0,26.087,17.3913,4.3478,30.4348,36.9565,95.6522,197.8261,28.2609,102.1739,4.3478,30.4348,252.1739,80.4348,6.5217
Pf372901c0b,0,0,,,0,0,,,,,,,,,,,,,,,,,,,,,,,,,,,,,,,,,,,
P3d8ccdb639,1,10,10,0.0,62,3942,63.581,14.129,12.6585,0.41943,0.5074,0.0,81,225,144,64.1806,0.77662,10.4008,68.7468,92.0852,20.2943,48.9599,8.1177,56.5703,536.276,6.342,75.8498,16.7428,12.1766,3.0441,60.6291,28.9193,126.3318,120.4972,29.6804,44.3937,15.4744,15.9817,217.9097,21.8163,4.5662
Pf3b62cae3c,1,1,1,0.0,5,234,46.8,14.625,13.2479,,0.0,0.0,210,210,0,64.1026,0.61538,25.641,72.6496,102.5641,34.188,47.0085,17.094,42.735,534.188,0.0,68.3761,21.3675,0.0,0.0,64.1026,38.4615,119.6581,149.5726,42.735,68.3761,0.0,12.8205,260.6838,42.735,0.0
P4e09db2338,1,4,4,0.0,12,851,70.917,12.157,9.6357,0.41,1.1751,0.0,94,105,11,44.6533,0.84,18.8014,58.7544,102.2327,18.8014,48.1786,10.5758,34.0776,531.1398,18.8014,74.0306,30.5523,25.8519,9.4007,66.98,44.6533,130.4348,153.9365,15.2761,37.6028,3.5253,31.7274,256.1692,14.1011,14.1011
P07268bf0e1,1,7,7,0.0,30,1310,43.667,12.358,11.145,0.427,0.0,0.0,81,103,22,33.5878,0.46154,13.7405,77.8626,99.2366,16.7939,54.9618,13.7405,51.9084,527.4809,6.8702,36.6412,9.9237,15.2672,6.8702,68.7023,29.0076,121.374,107.6336,29.0076,73.2824,6.1069,24.4275,206.8702,42.7481,3.8168
P12ee990c18,1,1,1,0.0,2,84,42.0,12.0,21.4286,,0.0,0.0,207,207,0,95.2381,0.66667,35.7143,35.7143,35.7143,23.8095,47.619,11.9048,95.2381,440.4762,0.0,95.2381,11.9048,11.9048,0.0,71.4286,11.9048,83.3333,107.1429,23.8095,107.1429,0.0,35.7143,285.7143,47.619,0.0
P3ee6bf444e,1,4,4,0.0,23,1304,56.696,16.506,12.9601,0.435,0.0,0.0,98,105,7,67.4847,0.66667,18.4049,61.3497,92.7914,15.3374,51.3804,15.3374,38.3436,535.2761,5.3681,65.9509,9.2025,19.9387,4.6012,41.411,22.2393,139.5706,141.1043,26.0736,62.1166,9.9693,23.0061,217.7914,32.9755,3.0675
P5f9ce00466,1,4,4,0.0,13,597,45.923,13.884,14.7404,0.408,0.0,0.0,96,105,9,28.4757,0.54,18.4255,83.7521,75.3769,18.4255,53.6013,5.0251,48.5762,522.6131,8.3752,45.2261,11.7253,10.0503,10.0503,70.3518,48.5762,137.3534,90.4523,30.1508,68.6767,8.3752,21.7755,189.2797,38.526,1.675
P1a135db58f,1,3,3,0.0,6,351,58.5,15.955,12.5356,,0.0,0.0,91,97,6,56.9801,0.54545,19.943,54.1311,91.1681,19.943,42.735,17.094,37.037,595.4416,5.698,51.2821,8.547,25.641,2.849,37.037,19.943,128.2051,131.0541,51.2821,62.6781,8.547,31.339,207.9772,42.735,0.0
P5699f03b57,1,2,2,0.0,9,413,45.889,11.8,10.1695,,0.0,0.0,105,468,363,4.8426,0.28205,16.9492,70.2179,79.9031,16.9492,24.2131,9.6852,43.5835,501.2107,12.1065,26.6344,26.6344,14.5278,4.8426,38.7409,33.8983,138.0145,133.1719,14.5278,101.6949,9.6852,9.6852,208.2324,67.7966,7.2639
Pb9eccb67f7,1,5,5,0.0,16,689,43.062,20.265,12.627,0.374,0.0,0.0,88,104,16,33.3817,0.37363,20.3193,52.2496,110.3048,4.3541,75.4717,8.7083,27.5762,592.1626,10.1597,49.3469,23.2221,7.2569,1.4514,56.6038,36.2845,139.3324,145.1379,23.2221,114.6589,1.4514,8.7083,232.2206,82.7286,2.9028
P7ba2fa977b,0,0,,,0,0,,,,,,,,,,,,,,,,,,,,,,,,,,,,,,,,,,,
P32fecc73d2,0,0,,,0,0,,,,,,,,,,,,,,,,,,,,,,,,,,,,,,,,,,,
P15b8c13058,1,4,4,0.0,18,682,37.889,13.64,9.0909,0.4,0.0,0.0,90,102,12,55.7185,0.58108,19.0616,57.1848,73.3138,21.9941,86.5103,19.0616,51.3196,543.9883,2.9326,63.0499,16.129,21.9941,10.2639,80.6452,11.7302,112.9032,111.437,24.9267,73.3138,8.7977,38.1232,219.9413,45.4545,2.9326
Pf4e651b50c,1,1,1,0.0,3,114,38.0,22.8,4.386,,0.0,0.0,96,96,0,70.1754,0.72727,61.4035,35.0877,70.1754,26.3158,52.6316,8.7719,52.6316,429.8246,0.0,70.1754,8.7719,0.0,0.0,35.0877,43.8596,105.2632,263.1579,17.5439,61.4035,17.5439,17.5439,324.5614,26.3158,17.5439
P3f654a33fe,0,0,,,0,0,,,,,,,,,,,,,,,,,,,,,,,,,,,,,,,,,,,
P53f54898a1,0,0,,,0,0,,,,,,,,,,,,,,,,,,,,,,,,,,,,,,,,,,,
Pdde13713ff,0,0,,,0,0,,,,,,,,,,,,,,,,,,,,,,,,,,,,,,,,,,,
P8048267828,,,,,,,,,,,,,,,,,,,,,,,,,,,,,,,,,,,,,,,,,
Pd8f68848a0,0,0,,,0,0,,,,,,,,,,,,,,,,,,,,,,,,,,,,,,,,,,,
Pf54bd6bbc8,1,3,3,0.0,11,546,49.636,12.409,14.2857,0.386,0.0,0.0,95,103,8,42.1245,0.5,40.293,47.619,80.5861,45.7875,67.7656,5.4945,18.315,551.2821,10.989,53.1136,10.989,18.315,5.4945,53.1136,32.967,104.3956,108.0586,73.2601,71.4286,0.0,1.8315,199.6337,53.1136,10.989
P884e8ee6b6,1,1,1,0.0,4,163,40.75,8.579,12.2699,,0.0,0.0,97,97,0,110.4294,0.76667,12.2699,30.6748,67.4847,24.5399,0.0,6.135,67.4847,521.4724,6.135,141.1043,36.8098,12.2699,0.0,116.5644,24.5399,128.8344,134.9693,12.2699,67.4847,0.0,6.135,269.9387,42.9448,0.0
P9b4a07a3b9,1,2,2,0.0,5,232,46.4,13.647,11.6379,,0.0,0.0,210,212,2,56.0345,0.73077,4.3103,68.9655,90.5172,12.931,34.4828,4.3103,73.2759,465.5172,12.931,81.8966,30.1724,12.931,0.0,56.0345,30.1724,99.1379,185.3448,8.6207,43.1034,0.0,17.2414,275.8621,30.1724,17.2414
Pcb16689c6c,1,2,2,0.0,4,202,50.5,11.882,16.8317,,0.0,0.0,97,105,8,54.4554,0.72727,4.9505,84.1584,94.0594,9.901,24.7525,9.901,54.4554,514.8515,19.802,79.2079,34.6535,14.8515,0.0,54.4554,44.5545,143.5644,118.8119,14.8515,64.3564,4.9505,9.901,217.8218,29.703,4.9505
P318e86822c,1,11,11,0.0,54,4015,74.352,14.137,10.9589,0.422,0.7472,0.0,94,973,879,21.9178,0.41918,15.9402,59.7758,108.5928,20.9215,60.523,10.4608,36.3636,553.6737,8.4682,38.1071,22.1669,10.4608,4.4832,61.0212,39.3524,126.5255,154.67,25.6538,77.4595,4.4832,21.1706,244.8319,52.802,12.7024
P679974836f,1,10,10,0.0,37,2230,60.27,16.642,9.2377,0.4085,0.0,0.0,87,212,125,26.4574,0.5426,9.417,55.157,97.3094,12.1076,58.7444,10.3139,31.8386,556.9507,9.8655,54.2601,30.4933,9.8655,7.6233,72.6457,17.4888,147.5336,146.1883,20.1794,62.7803,11.2108,30.0448,253.3632,45.7399,8.0717
Pec8256037d,0,0,,,0,0,,,,,,,,,,,,,,,,,,,,,,,,,,,,,,,,,,,
P307cead4af,1,7,7,0.0,34,4392,129.176,18.149,12.7277,0.44,0.0,0.0,89,461,372,36.6576,0.48403,14.7996,69.4444,92.2131,18.6703,55.1002,11.3843,33.4699,545.3097,7.969,44.8543,16.8488,12.2951,2.7322,73.7705,24.1348,126.8215,99.9545,24.3625,71.4936,5.6922,20.2641,197.6321,47.8142,5.2368
P6ddd309f80,0,0,,,0,0,,,,,,,,,,,,,,,,,,,,,,,,,,,,,,,,,,,
Padf63a93ad,0,0,,,0,0,,,,,,,,,,,,,,,,,,,,,,,,,,,,,,,,,,,
P070f8d3585,0,0,,,0,0,,,,,,,,,,,,,,,,,,,,,,,,,,,,,,,,,,,
P43b2e2aa2f,0,0,,,0,0,,,,,,,,,,,,,,,,,,,,,,,,,,,,,,,,,,,
Pdec9ef7c46,0,0,,,0,0,,,,,,,,,,,,,,,,,,,,,,,,,,,,,,,,,,,
P155e770e32,1,8,8,0.0,18,1402,77.889,15.407,11.6976,0.444,0.0,0.0,88,1202,1114,25.6776,0.38017,18.5449,74.1797,120.5421,23.5378,54.2083,16.4051,29.2439,548.5021,8.5592,32.8103,14.9786,13.5521,8.5592,59.2011,24.9643,122.6819,153.3524,24.9643,76.3195,9.2725,22.1113,246.077,53.495,6.4194
Pa29e5f68db,1,20,21,0.0476,62,5311,85.661,17.703,10.0358,0.4206,0.3766,0.0,95,1201,1106,38.9757,0.6748,11.109,62.3235,95.0857,18.8288,59.8757,16.946,40.482,546.978,9.9793,46.8838,19.582,15.6279,5.2721,50.0847,25.7955,127.283,146.3001,31.2559,40.1054,8.473,24.2892,228.7705,22.5946,22.9712
Pad9c27fcb6,1,17,17,0.0,84,4820,57.381,11.643,10.7469,0.44822,0.6224,0.0,81,832,751,31.7427,0.5413,16.1826,66.5975,89.2116,13.0705,51.8672,10.7884,24.6888,544.8133,7.2614,51.6598,25.1037,12.4481,5.6017,66.805,29.8755,132.7801,128.8382,19.2946,70.9544,10.3734,38.5892,230.4979,43.7759,12.6556
P259fbebd69,1,2,2,0.0,13,746,57.385,14.346,8.8472,0.422,0.0,0.0,462,589,127,41.555,0.63636,4.0214,64.3432,107.2386,30.8311,65.6836,21.4477,38.874,553.6193,10.7239,56.3003,34.8525,14.7453,1.3405,61.6622,18.7668,119.3029,156.8365,29.4906,49.5979,5.3619,38.874,261.3941,32.1716,9.3834
Pc0a66d6cca,1,5,5,0.0,10,507,50.7,12.366,13.0178,0.394,0.0,0.0,88,103,15,71.0059,0.67797,15.7791,72.9783,116.3708,9.8619,55.2268,7.8895,35.503,581.854,9.8619,78.8955,15.7791,11.8343,0.0,57.1992,37.4753,142.0118,149.9014,19.7239,65.0888,3.9448,15.7791,252.4655,37.4753,1.9724
P495dd3afc8,1,9,10,0.1,33,2341,70.939,13.935,10.1239,0.424,0.0,0.0,96,837,741,30.3289,0.54412,16.2324,64.0752,96.9671,21.3584,45.707,11.5335,40.1538,569.8419,6.8347,47.4156,20.5041,11.9607,8.1162,51.6873,20.9312,134.5579,137.1209,30.3289,67.4925,2.9902,37.5908,221.273,39.7266,12.3879
P41ae7c3c75,1,13,14,0.0714,71,2401,33.817,10.671,11.1204,0.4465,1.666,0.0,79,832,753,4.9979,0.22936,17.0762,60.808,98.7089,21.2411,57.0596,12.9113,58.309,541.8576,12.0783,20.8247,26.6556,14.9938,2.0825,48.7297,31.6535,123.282,148.688,24.9896,91.6285,2.9155,24.1566,235.3186,69.9708,10.4123
Pd4c3f94c64,1,4,4,0.0,9,381,42.333,17.318,9.9738,,2.6247,0.0,461,1194,733,-10.4987,0.425,10.4987,57.7428,115.4856,10.4987,62.9921,2.6247,49.8688,569.5538,28.8714,44.6194,47.2441,0.0,10.4987,44.6194,15.748,149.6063,204.7244,20.9974,76.1155,5.2493,36.7454,291.3386,60.3675,10.4987
Pf25d15a954,1,9,9,0.0,37,2717,73.432,13.45,11.5201,0.4212,0.0,0.0,89,462,373,39.3817,0.48227,9.9374,65.1454,109.6798,16.9304,41.2219,9.9374,39.0136,577.1071,12.5138,50.0552,16.9304,9.2013,3.6805,47.4788,23.5554,141.3324,154.5823,32.3887,75.0828,9.9374,29.4442,230.0331,53.7357,5.8888
P24c85e006b,1,4,4,0.0,16,1790,111.875,13.459,12.2905,0.46467,0.5587,0.0,104,469,365,22.3464,0.42143,14.5251,82.1229,83.7989,22.905,46.3687,9.4972,25.6983,538.5475,4.4693,32.9609,19.5531,7.8212,0.5587,46.3687,29.0503,136.3128,125.1397,27.933,65.3631,11.1732,26.257,196.0894,45.2514,11.1732
P75527a2d8c,1,3,3,0.0,11,664,60.364,17.474,10.8434,0.382,0.0,0.0,106,469,363,51.2048,0.59494,10.5422,72.2892,76.8072,7.5301,48.1928,6.0241,43.6747,554.2169,6.0241,70.7831,21.0843,9.0361,4.5181,63.253,13.5542,138.5542,115.9639,28.6145,73.7952,9.0361,13.5542,219.8795,48.1928,4.5181
P855a9cc2ba,1,6,6,0.0,31,3409,109.968,15.71,9.5336,0.405,0.0,0.0,459,838,379,29.9208,0.5,6.4535,65.1217,109.1229,15.5471,55.1481,12.6137,65.1217,553.2414,7.6269,42.5345,21.7072,11.7336,3.5201,64.8284,26.694,127.6034,144.6172,25.2273,60.4283,26.9874,16.7204,232.0329,42.5345,9.3869
Pb7270acc46,0,0,,,0,0,,,,,,,,,,,,,,,,,,,,,,,,,,,,,,,,,,,
P445f167264,1,4,4,0.0,17,737,43.353,12.082,10.7191,0.428,4.0706,0.0,90,103,13,39.3487,0.52239,0.0,62.4152,116.6893,28.4939,52.9172,6.7843,33.9213,553.5957,4.0706,47.4898,5.4274,24.4233,9.498,71.9132,14.9254,112.6187,142.4695,17.6391,71.9132,8.1411,20.3528,245.5902,43.4193,17.6391
P3651ab0a99,0,0,,,0,0,,,,,,,,,,,,,,,,,,,,,,,,,,,,,,,,,,,
Pc2ef5dcf11,1,2,2,0.0,5,200,40.0,11.765,11.5,,5.0,0.0,105,470,365,80.0,1.0,25.0,90.0,100.0,35.0,50.0,5.0,65.0,525.0,0.0,95.0,15.0,15.0,5.0,75.0,20.0,105.0,105.0,60.0,20.0,10.0,5.0,200.0,0.0,5.0
P49b4c451ec,1,16,16,0.0,72,4081,56.681,14.627,12.0314,0.42475,0.7351,0.0,88,839,751,37.0007,0.49383,15.6824,66.8954,96.0549,26.4641,60.0343,6.371,54.6435,522.1759,6.371,49.0076,15.1924,11.7618,3.1855,52.1931,25.484,109.2869,144.5724,19.603,75.7167,6.8611,24.5038,227.8853,50.2328,7.8412
Pfc563b417e,1,2,2,0.0,7,290,41.429,12.609,10.3448,,0.0,0.0,104,105,1,41.3793,0.55882,10.3448,44.8276,89.6552,37.931,58.6207,13.7931,13.7931,510.3448,3.4483,65.5172,27.5862,6.8966,10.3448,72.4138,31.0345,96.5517,137.931,37.931,100.0,6.8966,6.8966,258.6207,51.7241,17.2414
P277e56e049,0,0,,,0,0,,,,,,,,,,,,,,,,,,,,,,,,,,,,,,,,,,,
P16dc90cb0b,1,7,7,0.0,30,1774,59.133,15.839,9.5265,0.402,0.0,0.0,98,840,742,40.5862,0.66225,15.2198,60.3157,107.1026,12.9651,54.115,10.1466,71.0259,552.9876,7.8918,56.3698,19.7294,13.5287,6.2007,55.2424,21.4205,145.434,152.1984,25.3664,43.9684,20.2931,15.7835,240.699,28.7486,14.0924
P3a6abfac78,1,1,1,0.0,2,98,49.0,19.6,11.2245,,0.0,0.0,97,97,0,40.8163,0.5,10.2041,51.0204,81.6327,20.4082,81.6327,10.2041,20.4082,510.2041,10.2041,40.8163,10.2041,20.4082,0.0,0.0,30.6122,163.2653,132.6531,20.4082,40.8163,10.2041,0.0,214.2857,40.8163,10.2041
Pb74dcb5e35,0,0,,,0,0,,,,,,,,,,,,,,,,,,,,,,,,,,,,,,,,,,,
P34c7aa9885,1,12,12,0.0,59,2583,43.78,11.741,12.4274,0.4108,0.0,0.0,79,467,388,4.2586,0.33333,21.2931,64.2664,90.9795,25.9388,32.5203,5.4201,33.6818,514.1309,6.9686,29.036,24.0031,7.3558,6.1943,48.0062,31.746,123.887,171.506,18.583,80.9137,3.8715,32.9075,252.0325,58.072,7.3558
P95c84fe799,1,2,2,0.0,7,493,70.429,13.324,9.5335,,0.0,0.0,98,838,740,30.426,0.45,4.0568,60.8519,89.2495,16.2272,52.7383,14.1988,75.0507,513.1846,8.1136,36.5112,20.284,20.284,0.0,50.7099,10.142,115.6187,137.931,18.2556,66.9371,0.0,42.5963,219.0669,44.6247,10.142
P98436c11b0,1,12,12,0.0,34,5186,152.529,15.032,11.6275,0.405,0.1928,0.0,87,838,751,34.1304,0.53711,15.8118,53.7987,120.3239,16.7759,49.7493,14.462,25.0675,563.6329,11.9553,53.0274,23.7177,18.897,9.6413,42.0363,26.2245,132.2792,179.5218,23.5249,69.8033,5.2063,25.0675,255.6884,45.7,8.2916
P12fddfeea1,0,0,,,0,0,,,,,,,,,,,,,,,,,,,,,,,,,,,,,,,,,,,
P7fd9e8becb,1,2,2,0.0,4,224,56.0,14.933,12.5,,4.4643,0.0,101,102,1,98.2143,0.93548,8.9286,53.5714,125.0,17.8571,107.1429,4.4643,22.3214,620.5357,8.9286,129.4643,35.7143,8.9286,0.0,75.8929,40.1786,89.2857,147.3214,8.9286,17.8571,8.9286,22.3214,272.3214,8.9286,4.4643
P07d140dc91,1,14,14,0.0,70,5183,74.043,14.98,11.094,0.4274,0.9647,0.0,104,1203,1099,35.1148,0.64463,16.5927,61.3544,102.8362,13.3128,49.7781,10.9975,35.3077,556.6274,7.5246,45.1476,17.5574,15.0492,3.4729,49.5852,30.4843,133.7063,140.2663,29.9055,50.5499,11.9622,40.71,225.5451,24.8891,15.628
P9436ca936e,,,,,,,,,,,,,,,,,,,,,,,,,,,,,,,,,,,,,,,,,
P521d05ff22,0,0,,,0,0,,,,,,,,,,,,,,,,,,,,,,,,,,,,,,,,,,,
P0a66817947,1,22,22,0.0,118,6765,57.331,14.094,11.0273,0.40262,0.4435,0.0455,90,1667,1577,30.0074,0.43933,15.5211,59.4235,96.5262,14.0429,72.4316,9.4605,36.6593,563.6364,11.6778,46.5632,20.6948,14.3385,5.3215,59.5713,25.425,128.1596,132.4464,18.4775,79.6748,5.0259,37.5462,233.9985,59.4235,10.0517
Pe05466ea0a,1,1,1,0.0,1,64,64.0,21.333,10.9375,,0.0,0.0,1196,1196,0,0.0,0.28571,31.25,46.875,15.625,31.25,46.875,0.0,78.125,531.25,0.0,31.25,15.625,0.0,15.625,46.875,0.0,187.5,62.5,46.875,78.125,0.0,0.0,109.375,78.125,15.625
P7271485ede,1,3,3,0.0,15,1190,79.333,17.761,12.521,0.409,1.6807,0.0,1195,1938,743,47.0588,0.72727,15.1261,67.2269,106.7227,15.9664,53.7815,14.2857,46.2185,563.8655,11.7647,60.5042,21.0084,13.4454,6.7227,47.0588,26.8908,142.8571,134.4538,14.2857,37.8151,8.4034,15.1261,220.1681,22.6891,14.2857
Pbb5fdc38a3,0,0,,,0,0,,,,,,,,,,,,,,,,,,,,,,,,,,,,,,,,,,,
Pb3ce9ad2a9,0,0,,,0,0,,,,,,,,,,,,,,,,,,,,,,,,,,,,,,,,,,,
P6146f5260f,1,7,7,0.0,34,2032,59.765,14.014,8.4646,0.42,0.0,0.0,89,461,372,40.3543,0.52632,15.2559,69.8819,94.9803,15.2559,56.5945,14.7638,34.4488,546.752,11.811,54.1339,21.6535,13.2874,6.8898,59.5472,26.5748,112.6969,141.7323,38.3858,63.9764,13.7795,33.9567,237.6969,48.7205,1.4764
Pc25108b74d,1,11,11,0.0,38,1535,40.395,10.302,11.7915,0.42133,0.6515,0.0,94,839,745,67.7524,0.68586,14.3322,54.7231,114.0065,13.6808,41.6938,10.4235,29.316,535.5049,5.8632,85.342,23.4528,20.1954,4.5603,42.9967,33.8762,119.8697,177.8502,18.8925,69.7068,1.9544,22.8013,263.1922,39.0879,11.0749
P8d3b3436aa,1,21,21,0.0,85,3401,40.012,14.112,10.9086,0.42233,0.5881,0.0,88,833,745,21.1702,0.41176,17.0538,68.2152,103.793,10.8792,49.9853,11.1732,39.6942,548.9562,7.0567,37.0479,22.3464,15.8777,4.7045,64.3928,29.1091,130.2558,133.7842,15.2896,65.2749,2.6463,28.8151,238.7533,52.9256,12.6433
Pe7bcbcc1c2,1,6,6,0.0,26,1905,73.269,16.144,9.7113,0.41067,0.0,0.0,211,1196,985,24.147,0.46243,14.1732,68.7664,107.0866,14.6982,79.2651,15.2231,38.3202,570.0787,9.4488,41.9948,23.622,18.8976,9.4488,64.5669,24.147,125.4593,156.4304,25.1969,68.7664,9.9738,18.8976,254.5932,48.8189,15.748
P64fe10bf34,0,0,,,0,0,,,,,,,,,,,,,,,,,,,,,,,,,,,,,,,,,,,
Pf38ea886b7,1,3,4,0.25,13,865,66.538,15.727,12.3699,0.392,0.0,0.0,104,468,364,56.6474,0.68224,5.7803,69.3642,100.578,27.7457,49.711,5.7803,49.711,553.7572,11.5607,84.3931,24.2775,2.3121,9.2486,58.9595,17.341,124.8555,122.5434,19.6532,64.7399,8.0925,4.6243,219.6532,39.3064,8.0925
P04c242f081,0,0,,,0,0,,,,,,,,,,,,,,,,,,,,,,,,,,,,,,,,,,,
Pa0366802b4,1,4,4,0.0,8,824,103.0,14.456,10.5583,0.42,0.0,0.0,104,832,728,44.9029,0.64516,7.2816,61.8932,108.0097,18.2039,59.466,12.1359,24.2718,561.8932,9.7087,48.5437,10.9223,3.6408,4.8544,69.1748,40.0485,118.932,132.2816,20.6311,55.8252,10.9223,48.5437,235.4369,26.699,13.3495
P07109e12fd,1,1,1,0.0,3,128,42.667,12.8,6.25,,0.0,0.0,946,946,0,62.5,0.5,23.4375,46.875,117.1875,23.4375,62.5,7.8125,78.125,554.6875,0.0,62.5,7.8125,0.0,0.0,70.3125,23.4375,109.375,187.5,23.4375,62.5,0.0,7.8125,257.8125,62.5,0.0
P1945d13d34,1,5,5,0.0,42,1882,44.81,10.633,8.5547,0.41467,2.6567,0.0,468,835,367,58.4485,0.67857,19.6599,62.1679,111.5834,27.6302,46.2274,15.4091,48.8842,563.2306,6.3762,60.5739,12.7524,21.254,4.7821,34.5377,29.7556,116.8969,168.9692,37.1945,47.8215,9.0329,33.475,231.1371,28.6929,15.4091
Pedf3dd90d4,0,0,,,0,0,,,,,,,,,,,,,,,,,,,,,,,,,,,,,,,,,,,
Pab4be0edd9,,,,,,,,,,,,,,,,,,,,,,,,,,,,,,,,,,,,,,,,,
P80ff3b7db7,1,1,2,0.5,2,93,46.5,13.286,7.5269,,0.0,0.0,468,468,0,96.7742,0.66667,0.0,75.2688,96.7742,43.0108,64.5161,21.5054,21.5054,623.6559,10.7527,86.0215,10.7527,10.7527,0.0,86.0215,0.0,172.043,118.2796,43.0108,64.5161,0.0,10.7527,215.0538,43.0108,0.0
P5bddeea434,1,13,13,0.0,65,4845,74.538,13.059,12.0124,0.43111,0.4128,0.0769,454,1569,1115,15.6863,0.34461,14.8607,69.5562,123.2198,15.2735,60.0619,8.8751,27.6574,558.9267,9.7007,33.6429,19.195,12.7967,7.6367,50.5676,33.4365,120.9494,148.4004,22.7038,92.4665,9.4943,13.0031,238.3901,63.9835,15.2735
P6ce9cb925d,1,7,7,0.0,20,1140,57.0,14.074,11.0526,0.41,0.0,0.0,90,833,743,33.3333,0.55357,14.0351,72.807,87.7193,13.1579,59.6491,5.2632,56.1404,535.0877,4.386,54.386,19.2982,14.0351,7.0175,68.4211,18.4211,124.5614,145.614,24.5614,67.5439,8.7719,18.4211,249.1228,43.8596,7.0175
Pcb59681372,1,13,13,0.0,40,1851,46.275,13.813,11.8855,0.408,0.5402,0.0,89,832,743,32.4149,0.44949,17.8282,49.7029,122.0962,16.2075,66.9908,12.966,21.6099,558.0767,15.127,48.0821,22.1502,24.3112,6.483,49.7029,19.9892,91.8422,196.1102,30.2539,72.9335,5.4025,21.6099,275.5267,58.8871,11.8855
P8961a7643a,1,6,6,0.0,34,4076,119.882,14.662,11.8253,0.44725,0.0,0.0,81,210,129,35.8194,0.5,13.4936,67.4681,114.8184,14.7203,48.577,15.211,26.7419,547.105,9.0775,42.9342,18.6457,17.9097,3.6801,48.3317,23.3072,138.371,131.9921,17.9097,61.58,6.3788,27.7233,210.0098,42.9342,10.5496
P351397d42c,1,4,4,0.0,11,372,33.818,10.333,10.2151,,8.0645,0.0,455,467,12,40.3226,0.42222,26.8817,48.3871,88.7097,8.0645,26.8817,5.3763,51.0753,526.8817,2.6882,51.0753,8.0645,2.6882,8.0645,40.3226,24.1935,131.7204,180.1075,32.2581,77.957,16.129,16.129,266.129,69.8925,2.6882
P03328260f7,1,9,9,0.0,27,1476,54.667,14.057,9.1463,0.425,0.6775,0.0,98,1195,1097,33.1978,0.63971,11.5176,63.6856,93.4959,9.4851,45.393,4.065,34.5528,551.4905,8.8076,58.9431,23.0352,9.4851,6.7751,64.3631,21.6802,143.6314,138.2114,19.6477,46.0705,8.1301,37.9404,230.3523,33.1978,20.3252
P1cb017a474,1,6,7,0.1429,21,1293,61.571,12.084,10.7502,0.422,0.0,0.0,94,461,367,9.2807,0.41322,10.8275,63.4184,93.5808,20.8817,52.5909,6.1872,30.9358,553.751,10.8275,38.6698,28.6156,20.1083,6.9606,59.5514,23.2019,116.7827,147.7185,30.1624,74.2459,8.5073,37.8964,244.3929,54.9111,12.3743
P648e1b1924,1,5,5,0.0,17,972,57.176,15.188,10.1852,0.402,1.0288,0.0,88,841,753,42.1811,0.62626,17.4897,74.0741,100.823,7.2016,58.642,7.2016,27.7778,534.9794,4.1152,63.786,26.749,8.2305,2.0576,53.4979,29.8354,132.716,144.0329,9.2593,61.7284,7.2016,14.4033,236.6255,38.0658,2.0576
P694212af03,1,17,18,0.0556,49,2935,59.898,11.034,10.6985,0.414,1.0221,0.0,95,947,852,12.6065,0.39496,12.9472,77.0017,95.4003,17.0358,49.7445,6.4736,41.908,538.3305,10.9029,32.0273,18.3986,6.8143,7.4957,53.1516,41.908,121.2947,139.3526,27.598,74.276,8.5179,39.1823,220.1022,49.063,11.925
P19a9559b15,1,4,4,0.0,18,1248,69.333,14.857,11.1378,0.435,0.0,0.0,96,609,513,45.6731,0.77528,19.2308,74.5192,92.1474,10.4167,51.2821,10.4167,39.2628,542.4679,4.0064,55.2885,14.4231,8.0128,5.609,57.6923,35.2564,139.4231,112.9808,21.6346,34.4551,18.4295,23.2372,203.5256,16.0256,20.0321
P9caa5193d5,1,7,7,0.0,22,798,36.273,13.759,12.1554,0.456,1.2531,0.0,95,1203,1108,5.0125,0.40299,23.8095,65.1629,93.985,6.2657,66.416,7.5188,22.5564,548.8722,12.5313,33.8346,28.8221,8.7719,7.5188,55.1378,41.3534,135.3383,154.1353,18.797,62.6566,5.0125,18.797,239.3484,50.1253,8.7719
P25ddbfff0e,1,8,8,0.0,29,1531,52.793,14.864,13.6512,0.45933,0.6532,0.0,89,832,743,24.1672,0.3913,14.3697,77.0738,120.1829,22.2077,64.0105,19.595,31.3521,533.6381,11.1039,29.3926,13.0634,21.5545,11.757,55.5193,26.7799,101.8942,135.8589,32.0052,67.9295,9.7975,22.8609,231.8746,45.7218,20.9014
P3b0e47f5ec,1,4,4,0.0,12,885,73.75,19.239,15.0282,0.468,0.0,0.0,97,460,363,46.3277,0.47059,12.4294,73.4463,90.3955,36.1582,46.3277,13.5593,25.9887,510.7345,4.5198,45.1977,10.1695,3.3898,2.2599,62.1469,30.5085,123.1638,98.3051,19.209,75.7062,10.1695,20.339,186.4407,50.8475,3.3898
P04a83dcaaf,1,3,3,0.0,5,430,86.0,14.828,10.9302,,0.0,0.0,97,459,362,27.907,0.45946,11.6279,69.7674,72.093,18.6047,65.1163,13.9535,46.5116,562.7907,11.6279,39.5349,20.9302,9.3023,4.6512,69.7674,27.907,155.814,81.3953,30.2326,81.3953,11.6279,16.2791,165.1163,46.5116,4.6512
P98f1a6546b,1,2,2,0.0,8,306,38.25,15.3,10.7843,,3.268,0.0,829,830,1,49.0196,0.52941,16.3399,52.2876,91.5033,9.8039,52.2876,6.5359,49.0196,532.6797,19.6078,58.8235,13.0719,19.6078,3.268,62.0915,29.4118,120.915,137.2549,6.5359,55.5556,6.5359,45.7516,238.5621,52.2876,6.5359
Peb9997d32a,1,1,1,0.0,4,157,39.25,14.273,11.465,,0.0,0.0,97,97,0,6.3694,0.32,0.0,76.4331,146.4968,31.8471,38.2166,6.3694,12.7389,573.2484,50.9554,50.9554,50.9554,6.3694,0.0,12.7389,0.0,114.6497,299.3631,25.4777,114.6497,6.3694,25.4777,331.2102,108.2803,6.3694
P5af1a30da4,0,0,,,0,0,,,,,,,,,,,,,,,,,,,,,,,,,,,,,,,,,,,
P0e11075372,1,3,3,0.0,8,460,57.5,11.5,12.8261,,0.0,0.0,87,467,380,78.2609,0.83051,36.9565,34.7826,130.4348,23.913,45.6522,4.3478,56.5217,534.7826,8.6957,106.5217,21.7391,19.5652,10.8696,50.0,52.1739,128.2609,156.5217,21.7391,39.1304,6.5217,23.913,250.0,21.7391,2.1739
P522b25bae5,1,2,2,0.0,10,633,63.3,10.377,9.1627,0.418,0.0,0.0,97,98,1,12.6382,0.32353,6.3191,63.1912,123.2227,17.3776,42.654,18.9573,47.3934,546.6035,22.1169,34.7551,39.4945,14.218,1.5798,61.6114,23.6967,129.5419,172.1959,23.6967,77.4092,11.0585,22.1169,266.9826,72.6698,3.1596
P1fe8b7c256,0,0,,,0,0,,,,,,,,,,,,,,,,,,,,,,,,,,,,,,,,,,,
Pd83ff943df,1,1,1,0.0,2,137,68.5,12.455,7.2993,,0.0,0.0,104,104,0,-14.5985,0.16667,7.2993,72.9927,109.4891,14.5985,87.5912,7.2993,36.4964,583.9416,7.2993,7.2993,21.8978,21.8978,7.2993,65.6934,7.2993,72.9927,138.6861,65.6934,51.0949,14.5985,58.3942,240.8759,36.4964,7.2993
Pd559eb82c1,1,3,3,0.0,4,192,48.0,12.8,8.3333,,0.0,0.0,96,467,371,36.4583,0.3125,0.0,57.2917,125.0,0.0,31.25,10.4167,57.2917,531.25,31.25,52.0833,15.625,20.8333,10.4167,52.0833,10.4167,119.7917,197.9167,10.4167,161.4583,0.0,5.2083,296.875,114.5833,0.0
P14a31d76da,1,1,1,0.0,1,22,22.0,22.0,13.6364,,0.0,0.0,105,105,0,-45.4545,0.0,0.0,90.9091,45.4545,45.4545,90.9091,0.0,0.0,500.0,0.0,0.0,45.4545,45.4545,0.0,0.0,90.9091,90.9091,90.9091,45.4545,45.4545,0.0,90.9091,136.3636,45.4545,0.0
P072482f331,0,0,,,0,0,,,,,,,,,,,,,,,,,,,,,,,,,,,,,,,,,,,
P43bb69ceef,0,0,,,0,0,,,,,,,,,,,,,,,,,,,,,,,,,,,,,,,,,,,
P0eb002afb8,,,,,,,,,,,,,,,,,,,,,,,,,,,,,,,,,,,,,,,,,
P8db9055dd7,1,6,6,0.0,35,1904,54.4,11.539,10.5042,0.45067,2.1008,0.0,96,196,100,75.6303,0.75773,15.7563,76.1555,95.063,8.9286,40.9664,14.7059,36.7647,541.4916,6.3025,77.2059,10.5042,12.0798,5.7773,68.2773,23.6345,129.7269,108.7185,26.7857,48.3193,13.1303,26.2605,207.9832,24.6849,8.9286
P865ed42223,1,3,3,0.0,27,868,32.148,9.042,11.5207,0.39,0.0,0.0,95,103,8,107.1429,0.92857,16.129,59.9078,129.0323,11.5207,50.6912,10.3687,34.5622,566.8203,6.9124,119.8157,14.977,19.5853,8.0645,96.7742,32.2581,116.3594,150.9217,23.0415,31.106,9.2166,18.4332,288.0184,9.2166,2.3041
Paae5adeebf,1,8,8,0.0,32,2334,72.938,10.706,11.1825,0.424,0.0,0.0,86,103,17,7.7121,0.39806,22.2793,76.6924,101.5424,22.2793,35.1328,7.7121,36.8466,524.85,5.9983,35.1328,25.2785,8.9974,9.8543,68.5518,38.5604,120.8226,134.9614,28.2776,71.9794,4.7129,32.1337,239.0746,53.1277,8.1405
Pbbefe0eca9,1,1,1,0.0,6,444,74.0,16.444,10.1351,,0.0,0.0,185,185,0,29.2793,0.48,27.027,63.0631,92.3423,22.5225,45.045,13.5135,42.7928,529.2793,27.027,54.0541,27.027,18.018,11.2613,69.8198,36.036,126.1261,162.1622,20.2703,74.3243,4.5045,15.7658,254.5045,58.5586,11.2613
P86042c98c9,1,8,8,0.0,27,1975,73.148,13.908,11.6962,0.41333,0.0,0.0,80,102,22,15.1899,0.43229,16.2025,63.7975,94.1772,15.6962,41.519,4.0506,44.0506,540.2532,8.6076,42.0253,19.7468,12.1519,11.1392,57.2152,19.7468,133.1646,143.7975,23.2911,70.3797,4.0506,37.4684,247.0886,55.1899,3.5443
P8e7fe9e7e9,0,0,,,0,0,,,,,,,,,,,,,,,,,,,,,,,,,,,,,,,,,,,
P36ce80df8e,,,,,,,,,,,,,,,,,,,,,,,,,,,,,,,,,,,,,,,,,
P0d5beb0152,1,5,5,0.0,20,1921,96.05,14.23,10.5674,0.39333,0.5206,0.0,90,103,13,47.3712,0.64088,20.8225,58.8235,96.8246,26.0281,54.659,8.8496,48.9328,535.6585,7.2879,60.3852,14.0552,10.9318,7.8084,30.7132,27.0692,124.9349,168.6622,23.4253,55.7002,4.6851,32.2749,236.3352,33.8365,13.5346
P9a9f9fa8f1,1,2,2,0.0,11,417,37.909,11.27,11.271,,0.0,0.0,96,97,1,11.9904,0.42222,14.3885,55.1559,103.1175,14.3885,47.9616,2.3981,19.1847,541.9664,2.3981,45.5635,31.1751,16.7866,4.7962,47.9616,21.5827,141.4868,160.6715,21.5827,83.9329,2.3981,21.5827,242.2062,62.3501,0.0
P3dfb31f267,1,6,6,0.0,17,866,50.941,10.434,10.3926,0.438,1.1547,0.0,80,103,23,48.4988,0.55385,12.7021,69.2841,98.1524,6.9284,62.3557,21.94,71.5935,521.94,8.0831,41.5704,12.7021,23.0947,2.3095,64.6651,40.4157,95.843,123.5566,19.6305,55.4273,5.7737,31.1778,211.3164,33.4873,21.94
Pad2abbabb5,1,13,13,0.0,64,5159,80.609,14.173,11.3588,0.449,0.3877,0.0,78,830,752,45.9391,0.62791,11.2425,58.7323,104.6714,17.0576,46.9083,11.824,31.5953,556.1155,14.7315,62.8029,19.3836,16.6699,9.3041,64.5474,21.9035,125.9934,132.5838,35.2782,59.12,7.9473,26.9432,236.0923,37.2165,7.7534
Pd8381f9e2c,1,4,4,0.0,12,782,65.167,14.755,8.5678,0.378,0.0,0.0,80,102,22,20.4604,0.45679,14.0665,62.6598,111.2532,8.9514,66.4962,5.1151,24.2967,540.9207,15.3453,47.3146,21.7391,10.2302,10.2302,57.5448,34.5269,95.9079,172.6343,10.2302,72.89,3.8363,30.6905,268.5422,56.266,10.2302
P9ac54b5d6d,1,4,4,0.0,20,1494,74.7,16.065,12.1151,0.43,0.0,0.0,87,209,122,76.3052,0.72393,24.0964,68.2731,103.079,17.4029,55.5556,14.0562,31.4592,560.9103,7.3628,78.9826,10.7095,19.411,6.0241,46.8541,26.7738,131.1914,128.5141,29.4511,58.9023,10.7095,13.3869,218.8755,30.1205,10.0402
P7235c3ea4e,1,1,1,0.0,2,102,51.0,20.4,9.8039,,0.0,0.0,103,103,0,49.0196,0.57143,0.0,88.2353,68.6275,9.8039,78.4314,9.8039,58.8235,509.8039,0.0,39.2157,0.0,19.6078,0.0,98.0392,68.6275,137.2549,117.6471,9.8039,58.8235,0.0,9.8039,225.4902,29.4118,0.0
P5fe334203a,1,12,12,0.0,50,3225,64.5,13.608,11.0078,0.45133,0.0,0.0,89,462,373,48.062,0.55793,11.7829,70.6977,91.1628,20.155,41.2403,6.8217,32.5581,532.093,5.8915,56.7442,11.1628,13.9535,4.3411,48.3721,24.186,119.6899,133.0233,23.2558,64.8062,9.3023,26.9767,219.5349,44.9612,4.3411
P03f35a2855,1,14,14,0.0,67,4033,60.194,14.052,10.2901,0.4265,0.0,0.0,87,461,374,36.4493,0.48087,15.8691,64.2202,103.397,17.8527,69.4272,15.6211,48.3511,542.7721,14.1334,43.64,19.3404,17.3568,3.4714,57.0295,29.2586,104.8847,138.8545,30.9943,70.915,8.6784,28.7627,229.8537,47.1113,9.6702
P999bb1cbab,1,1,1,0.0,1,38,38.0,38.0,15.7895,,0.0,0.0,105,105,0,52.6316,1.0,0.0,78.9474,78.9474,0.0,78.9474,0.0,78.9474,578.9474,0.0,78.9474,26.3158,0.0,0.0,52.6316,0.0,184.2105,78.9474,26.3158,0.0,0.0,0.0,157.8947,0.0,0.0
Pfd12de1732,1,7,7,0.0,22,1471,66.864,15.484,12.2366,0.411,0.6798,0.0,93,466,373,26.5126,0.43511,22.4337,59.8232,94.4935,19.0347,72.0598,12.9164,42.828,552.6852,8.8375,38.7492,19.0347,14.9558,6.1183,57.104,20.3943,118.2869,142.0802,24.4731,75.4589,10.877,14.9558,229.7757,50.3059,13.5962
P011de6a94b,1,1,1,0.0,3,349,116.333,20.529,11.4613,,0.0,0.0,95,95,0,40.1146,0.62162,14.3266,71.6332,88.8252,22.9226,88.8252,11.4613,25.788,550.1433,14.3266,65.9026,28.6533,8.596,8.596,88.8252,28.6533,114.6132,117.4785,11.4613,57.3066,8.596,5.7307,249.2837,40.1146,5.7307
P7c5fe0ebd3,1,1,1,0.0,4,346,86.5,15.727,10.1156,,0.0,0.0,185,185,0,104.0462,0.825,17.341,57.8035,127.1676,49.1329,46.2428,14.4509,26.0116,549.1329,0.0,95.3757,2.8902,17.341,2.8902,89.5954,11.5607,118.4971,147.3988,26.0116,52.0231,11.5607,26.0116,268.7861,20.2312,8.6705
P0fc299eb1c,0,0,,,0,0,,,,,,,,,,,,,,,,,,,,,,,,,,,,,,,,,,,
P81fe4dcd33,1,8,8,0.0,28,2548,91.0,14.395,9.7724,0.4048,0.0,0.0,89,466,377,18.8383,0.60588,14.1287,78.1005,96.1538,18.4458,42.7786,7.8493,48.6656,524.7253,8.6342,40.4239,25.5102,9.0267,3.9246,46.7033,32.1821,139.325,156.2009,23.1554,58.4772,5.102,25.1177,246.4678,26.2951,9.0267
Pd51160cf5e,1,9,9,0.0,37,3359,90.784,13.173,13.0694,0.421,0.2977,0.0,88,466,378,19.6487,0.47122,25.0074,74.1292,93.1825,28.2822,56.5645,11.3129,35.7249,551.0569,7.7404,38.9997,25.6029,11.0152,5.061,58.6484,33.641,134.8616,125.3349,32.4501,66.3888,5.061,13.9923,210.1816,43.763,8.6335
Pd10e0b97d9,1,2,2,0.0,4,161,40.25,10.733,12.4224,,0.0,0.0,105,210,105,24.8447,0.64286,12.4224,43.4783,99.3789,24.8447,62.1118,6.2112,49.6894,577.6398,12.4224,55.9006,31.0559,31.0559,6.2112,37.2671,24.8447,149.0683,149.0683,24.8447,31.0559,18.6335,31.0559,236.0248,31.0559,6.2112
P2b19f4fd38,0,0,,,0,0,,,,,,,,,,,,,,,,,,,,,,,,,,,,,,,,,,,
Pb4d81376d2,,,,,,,,,,,,,,,,,,,,,,,,,,,,,,,,,,,,,,,,,
Pdf653f9244,,,,,,,,,,,,,,,,,,,,,,,,,,,,,,,,,,,,,,,,,
P279cdc2712,1,8,8,0.0,19,931,49.0,14.106,11.2782,0.442,0.0,0.0,96,468,372,48.3351,0.69149,24.7046,77.3362,84.855,11.8153,48.3351,6.4447,29.0011,533.8346,20.4082,69.8174,25.7787,3.2223,2.1482,34.3716,30.0752,125.6713,162.1912,19.334,44.0387,5.3706,24.7046,237.3792,31.1493,7.5188
P53d139a0c8,1,30,30,0.0,107,8091,75.617,13.308,13.7684,0.43025,1.1123,0.0,78,1201,1123,20.393,0.44092,20.7638,67.3588,102.2123,24.966,52.0331,6.3033,35.5951,535.5333,7.91,37.8198,16.3144,11.2471,7.4156,53.6398,32.3817,125.9424,130.5154,22.6177,70.0779,2.4719,31.0221,225.1885,47.9545,8.4044
Pf02a0c42ed,1,7,7,0.0,28,1745,62.321,10.906,14.3266,0.40933,0.5731,0.0,80,101,21,60.1719,0.65909,14.3266,62.4642,84.2407,19.4842,63.6103,10.8883,64.1834,514.6132,5.1576,66.4756,13.7536,12.0344,3.4384,68.1948,46.9914,130.086,119.1977,20.6304,73.3524,1.7192,24.0688,213.1805,34.384,9.1691
P1fc9b73472,1,10,10,0.0,36,3016,83.778,14.093,11.008,0.425,0.9947,0.0,97,1309,1212,16.2467,0.37413,22.5464,80.9019,87.5332,14.2573,54.3767,9.2838,22.878,510.9416,12.2679,35.4775,20.557,7.626,7.9576,66.313,28.5146,112.7321,133.6207,18.5676,87.8647,2.9841,20.8886,232.7586,59.3501,5.6366
Pbe096a5b87,1,7,7,0.0,29,1837,63.345,12.247,9.5264,0.442,1.6331,0.0,96,832,736,36.4725,0.57419,13.6091,56.0697,114.8612,11.4317,51.7148,15.2422,47.3598,559.0637,3.8106,48.4486,20.6859,15.7866,6.5324,52.8035,31.0289,125.2041,145.3457,31.0289,52.2591,10.8873,15.7866,229.7224,35.9281,17.4197
P2086e31fc5,1,7,7,0.0,25,1204,48.16,12.04,9.9668,0.426,1.6611,0.0,87,467,380,24.9169,0.46875,9.1362,63.9535,117.1096,9.1362,40.6977,9.1362,62.2924,526.5781,14.9502,49.8339,29.0698,18.2724,4.9834,57.309,24.0864,117.1096,171.9269,23.2558,74.7508,2.4917,12.4585,258.3056,56.4784,5.814
Pd88150bb39,1,3,3,0.0,11,675,61.364,12.054,11.5556,0.444,0.0,0.0,94,101,7,38.5185,0.58621,14.8148,48.8889,93.3333,11.8519,34.0741,11.8519,54.8148,521.4815,11.8519,50.3704,14.8148,16.2963,8.8889,41.4815,26.6667,145.1852,154.0741,25.1852,51.8519,7.4074,20.7407,238.5185,35.5556,37.037
Pb07d6373bb,1,9,9,0.0,29,1036,35.724,9.682,10.7143,0.411,0.0,0.0,89,1566,1477,8.6873,0.41,11.583,55.9846,111.9691,15.444,43.4363,4.8263,40.5405,533.7838,18.3398,39.5753,27.9923,17.3745,7.722,83.9768,29.9228,106.1776,153.4749,27.027,72.3938,3.861,45.3668,269.305,56.9498,6.7568
Pfc8df2f375,1,2,2,0.0,8,483,60.375,15.094,10.766,,0.0,0.0,105,972,867,28.9855,0.67568,6.2112,64.1822,113.8716,20.7039,20.7039,4.1408,49.6894,505.176,12.4224,51.7598,24.8447,8.2816,2.0704,35.1967,39.3375,140.7867,200.8282,10.352,49.6894,4.1408,16.5631,271.2215,24.8447,43.4783
P1715fe72c5,1,12,12,0.0,44,2881,65.477,15.005,11.6626,0.402,0.0,0.0,94,813,719,64.908,0.66555,10.4131,62.4783,98.2298,23.6029,46.8587,10.4131,80.1805,533.1482,5.5536,69.0732,12.4957,11.1073,2.0826,40.958,31.5863,136.411,147.5182,27.0739,53.1066,4.1652,14.2312,219.3683,34.7102,6.942
P0b55371179,1,23,23,0.0,92,8956,97.348,13.842,9.904,0.40494,0.6699,0.0,87,1200,1113,46.0027,0.62005,12.1706,58.5083,104.0643,24.2296,69.339,9.9375,42.318,571.9071,4.9129,55.9402,15.1854,14.8504,4.6896,50.5806,23.448,118.3564,143.7025,25.0112,50.9156,9.7142,32.1572,225.6588,34.2787,11.1657
P79aaab38df,0,0,,,0,0,,,,,,,,,,,,,,,,,,,,,,,,,,,,,,,,,,,
P6e67770ba5,1,5,5,0.0,18,1678,93.222,14.591,10.6079,0.39533,0.0,0.0,88,102,14,8.3433,0.30827,19.0703,73.3015,95.3516,21.4541,44.1001,12.5149,36.9487,544.6961,4.1716,24.4338,23.242,16.0906,5.3635,37.5447,20.8582,137.0679,149.5828,23.242,73.8975,2.3838,19.6663,216.329,54.8272,9.5352
P8d0ea24592,1,10,10,0.0,48,3580,74.583,12.517,10.0,0.39743,0.2793,0.0,93,588,495,27.3743,0.43881,14.8045,61.4525,116.7598,26.257,51.3966,10.0559,45.8101,559.2179,12.5698,41.0615,22.067,18.1564,1.676,47.7654,24.8603,129.3296,177.095,24.0223,66.2011,7.5419,20.9497,254.1899,52.514,9.4972
P3778eacc6f,1,13,13,0.0,46,1567,34.065,13.168,9.5724,0.38267,0.0,0.0,86,460,374,53.6056,0.59649,12.7632,46.5858,107.8494,12.7632,59.9872,8.9343,72.7505,541.1615,8.2961,65.0925,17.2304,16.5922,3.1908,62.5399,38.9279,107.8494,164.0077,26.1646,61.2636,3.829,49.1385,263.5609,44.0332,1.9145
P84f7cbd5a8,1,5,5,0.0,20,848,42.4,10.6,10.1415,0.46,0.0,0.0,103,986,883,57.783,0.68132,10.6132,44.8113,87.2642,27.1226,67.217,12.9717,24.7642,540.0943,7.0755,73.1132,18.8679,11.7925,9.434,56.6038,33.0189,122.6415,148.5849,36.5566,61.3208,2.3585,21.2264,235.8491,34.1981,3.5377
Pd084613a9a,1,5,5,0.0,13,885,68.077,17.7,11.8644,0.374,0.0,0.0,87,832,745,9.0395,0.53333,15.8192,87.0056,83.6158,36.1582,41.8079,5.6497,45.1977,511.8644,9.0395,36.1582,29.3785,6.7797,3.3898,54.2373,20.339,141.2429,117.5141,27.1186,58.7571,4.5198,27.1186,215.8192,31.6384,2.2599
P169cb5be9a,1,19,20,0.05,53,4355,82.17,12.771,10.93,0.415,0.6889,0.0,89,830,741,24.3398,0.44529,26.1768,69.8048,97.3594,16.0735,50.9759,10.1033,39.0356,545.5798,5.7405,40.1837,18.1401,15.3846,7.8071,51.4351,30.9989,122.6177,146.9575,28.7026,78.76,6.4294,31.4581,232.3766,50.0574,10.333
P328a9a467a,1,7,7,0.0,17,1071,63.0,15.085,9.3371,0.389,0.0,0.0,86,1201,1115,27.0775,0.44715,14.9393,66.2932,92.437,16.8067,52.2876,4.6685,34.5472,544.3511,9.3371,51.3539,26.1438,6.5359,2.8011,56.0224,23.3427,121.3819,161.5313,20.5415,90.5696,3.7348,34.5472,243.6975,63.4921,5.6022
P9603a14b7f,1,5,5,0.0,11,696,63.273,11.048,10.6322,0.426,0.0,0.0,94,832,738,7.1839,0.27586,14.3678,70.4023,83.3333,21.5517,34.4828,14.3678,57.4713,510.0575,10.0575,22.9885,20.1149,17.2414,10.0575,79.023,38.7931,113.5057,129.3103,31.6092,81.8966,8.6207,24.4253,234.1954,60.3448,18.6782
P4b7967ab2f,1,3,3,0.0,11,729,66.273,12.356,12.4829,0.272,8.2305,0.0,259,469,210,27.4348,0.53846,20.5761,61.7284,112.4829,23.3196,63.1001,13.7174,50.7545,533.6077,6.8587,28.8066,12.3457,16.4609,2.7435,27.4348,21.9479,101.5089,216.7353,16.4609,42.524,0.0,50.7545,277.0919,24.6914,37.037
Peb3b7288c1,1,7,7,0.0,18,1367,75.944,16.274,13.5333,0.381,0.7315,0.0,94,1202,1108,9.5099,0.36842,20.4828,75.3475,93.6357,21.2143,57.0593,7.3153,28.5296,564.0088,8.7783,35.8449,27.7981,10.9729,5.8522,52.6701,24.872,131.6752,161.6679,34.3819,76.079,5.1207,15.3621,245.7937,61.4484,10.2414
Pd0d6a519f5,1,15,15,0.0,52,3372,64.846,11.668,11.5658,0.42067,0.0,0.0,80,830,750,18.3867,0.42623,10.9727,75.9193,86.5955,18.0902,57.5326,14.2349,38.8493,516.0142,11.2693,30.8422,21.9454,13.0486,4.745,58.7189,36.7734,126.9276,137.0107,21.0558,69.395,6.5243,31.4353,236.0617,41.5184,15.4211
P56746fa0a3,1,3,3,0.0,14,935,66.786,14.167,9.3048,0.372,3.2086,0.0,96,100,4,36.3636,0.51786,8.5561,37.4332,121.9251,22.4599,65.2406,5.3476,24.5989,567.9144,12.8342,62.0321,28.877,19.2513,2.139,49.1979,8.5561,108.0214,182.8877,24.5989,86.631,3.2086,26.738,270.5882,57.754,5.3476
Pa5e266180e,1,8,8,0.0,27,2146,79.481,16.015,10.5778,0.4025,0.0,0.0,96,467,371,27.027,0.49727,17.2414,78.2852,86.6729,17.2414,54.0541,8.3877,39.1426,536.8127,10.2516,42.4045,16.7754,12.5815,6.9897,50.3262,24.6971,124.8835,156.5704,23.2992,63.8397,7.9217,48.9282,226.4678,42.8705,7.4557
P1723d857f7,1,1,1,0.0,7,448,64.0,14.0,7.5893,,0.0,0.0,101,101,0,66.9643,0.67857,6.6964,71.4286,133.9286,0.0,53.5714,15.625,42.4107,584.8214,11.1607,84.8214,26.7857,20.0893,6.6964,78.125,35.7143,118.3036,145.0893,15.625,60.2679,11.1607,31.25,258.9286,40.1786,0.0
Pfff8cbaa74,0,0,,,0,0,,,,,,,,,,,,,,,,,,,,,,,,,,,,,,,,,,,
Paf6b5cd8b6,1,5,5,0.0,32,2681,83.781,14.185,11.1899,0.436,0.746,0.0,103,468,365,45.8784,0.76147,14.1738,58.9332,116.3745,27.9746,52.5923,11.9358,36.1805,562.4767,10.0709,61.9172,18.6498,16.7848,9.3249,51.8463,23.8717,127.1913,140.6192,26.4827,44.7594,10.4439,30.2126,230.884,19.3957,23.8717
P4eb309e8f6,0,0,,,0,0,,,,,,,,,,,,,,,,,,,,,,,,,,,,,,,,,,,
P9f8f735247,0,0,,,0,0,,,,,,,,,,,,,,,,,,,,,,,,,,,,,,,,,,,
Pf069f7ce7d,,,,,,,,,,,,,,,,,,,,,,,,,,,,,,,,,,,,,,,,,
P01dc454b71,1,17,18,0.0556,51,3228,63.294,12.56,10.5638,0.42967,0.6196,0.0,87,822,735,46.7782,0.65292,16.7286,60.7187,118.3395,14.2503,52.0446,10.5328,48.3271,546.7782,8.6741,58.86,16.4188,20.4461,6.1958,52.3544,30.9789,109.0458,156.4436,23.544,57.311,11.4622,26.9517,240.3965,31.2887,19.8265
P3cb9458e5b,0,0,,,0,0,,,,,,,,,,,,,,,,,,,,,,,,,,,,,,,,,,,
P0c63cafc6d,0,0,,,0,0,,,,,,,,,,,,,,,,,,,,,,,,,,,,,,,,,,,
