pid,tv_conf_tier,tv_ht_growth,tv_jersey,tv_mates_best_bpm,tv_mates_bpm_sum,tv_mates_drafted,tv_star_mate_minshare,tv_team_adjde,tv_team_adjoe,tv_team_barthag,tv_team_losses,tv_team_ncsos,tv_team_rank,tv_team_sos,tv_team_tempo,tv_team_wins
Pd01ecb3669,3,,11.0,9.53,47.77,7,0.818,89.08702487995032,115.52054627295571,0.9520335788658537,3,0.5202525065094739,4.0,0.6846497445081429,,35
Ped95bfcd7e,3,0,21.0,7.64,31.42,0,0.924,92.76473087986079,118.0115404983027,0.9409348562925032,8,0.4872830813609114,5.0,0.6702003432981866,,29
Pcc98298533,3,,14.0,7.33,29.63,2,0.646,91.67288607972363,109.80681146136288,0.8885191066881466,13,0.49493971373177814,31.0,0.7220590805424364,,22
Pb3be83363c,3,,15.0,9.04,45.25,7,0.839,89.08702487995032,115.52054627295571,0.9520335788658537,3,0.5202525065094739,4.0,0.6846497445081429,,35
P97ae54051b,3,0,13.0,7.43,33.69,1,0.823,95.25553052067647,120.39724505289726,0.9366530465591857,8,0.48765066277695185,7.0,0.7156255958045806,,27
Pc58bcc8049,3,0,10.0,5.9,25.76,0,0.879,95.8681197337147,116.75173881892763,0.906053884501357,11,0.5896906619348801,16.0,0.7404585732725151,,23
P297adbbd5f,3,0,1.0,5.14,15.65,0,0.898,93.62808469795854,107.57515964588478,0.8315822627179376,11,0.5101718028151305,54.0,0.7099879249171857,,20
P1402e898dc,2,1,20.0,7.42,26.94,1,0.769,89.55460967328666,109.80346670821098,0.9124721256491637,5,0.7369182397753143,14.0,0.6562055799182224,,33
P7f86ce09cc,2,1,24.0,2.2,-12.33,0,0.749,99.7894937508136,98.8184778007691,0.47191698776570856,18,0.4871086246083794,182.0,0.5446304693026301,,14
P7e584efe40,3,0,45.0,8.69,48.84,5,0.819,91.03983576895055,120.99474073337713,0.9634265611606779,3,0.5669193546829384,2.0,0.7149603053123675,,33
P10d0b75bed,3,,1.0,11.59,52.31,5,0.819,91.03983576895055,120.99474073337713,0.9634265611606779,3,0.5669193546829384,2.0,0.7149603053123675,,33
P8fac339738,3,0,32.0,7.34,17.81,2,0.711,95.69107795750475,106.91377169114335,0.7816524399252109,17,0.5291874493397207,71.0,0.7134085487939821,,20
P3f25ee2633,3,0,54.0,9.53,45.75,7,0.839,89.08702487995032,115.52054627295571,0.9520335788658537,3,0.5202525065094739,4.0,0.6846497445081429,,35
P502aba077e,2,1,1.0,4.79,24.61,0,0.817,98.60067505303556,113.80723148797344,0.8388128503726076,9,0.5373445193701699,51.0,0.5492886110230101,,27
P6f36cd1fed,2,0,5.0,4.29,14.9,1,0.864,102.94723228221989,113.37901232792348,0.7521248439694157,13,0.6155115041564205,80.0,0.5980693492940434,,20
P0d0da4d2bc,3,,24.0,9.53,50.58,7,0.839,89.08702487995032,115.52054627295571,0.9520335788658537,3,0.5202525065094739,4.0,0.6846497445081429,,35
P871b04878c,3,,0.0,8.3,37.0,3,0.748,94.00089761751278,114.07538830709568,0.9025500113454981,10,0.5185814074999435,22.0,0.6989596391894766,,24
Pb46ac34cd7,3,0,23.0,7.66,27.73,0,0.826,95.05984431203984,114.37657845484401,0.893536163552168,11,0.45631120226578864,29.0,0.6781230342992578,,22
P54e531f2ec,3,0,21.0,6.88,15.28,1,0.792,96.1003866499062,107.37615183129543,0.781745057349805,17,0.4832988090464416,70.0,0.6828669506688918,,15
Pd646388a2b,2,1,15.0,7.15,19.09,0,0.769,100.07211406164987,115.4981068875513,0.8387119376717359,10,0.4646184443718734,52.0,0.5803543644203485,,24
P780225999f,3,0,35.0,9.34,28.13,0,0.674,91.52930878451608,111.41007305314284,0.905545806200979,11,0.4715578535637598,17.0,0.6840563289235658,,21
P38bff88a77,3,0,5.0,7.98,33.72,3,0.729,94.00089761751278,114.07538830709568,0.9025500113454981,10,0.5185814074999435,22.0,0.6989596391894766,,24
Pa56ca2c36c,3,0,20.0,3.61,8.27,0,0.889,96.20179806309162,107.21927974141214,0.7767666545446459,13,0.47905939382810664,74.0,0.6800962078140664,,20
Pdc16ca4e2e,3,-1,20.0,7.2,29.83,1,0.754,93.73701144046177,113.02096612911053,0.8958016448509719,10,0.5602464694975512,28.0,0.6882250370529338,,26
P2c1e066057,2,0,55.0,6.16,35.51,0,0.772,95.84117195517028,116.61904925345137,0.9052125801708535,9,0.6539014795424709,18.0,0.675452111176573,,26
P4793f789c0,3,0,21.0,8.02,31.31,1,0.758,96.7233579007435,118.29632552150832,0.9101431906376862,9,0.4553314696982934,15.0,0.6838414492217718,,23
P4d2f3d5dbd,3,,33.0,9.53,47.4,7,0.839,89.08702487995032,115.52054627295571,0.9520335788658537,3,0.5202525065094739,4.0,0.6846497445081429,,35
P7072c546bd,3,0,32.0,9.25,26.96,2,0.844,95.52540609655985,115.38840614367686,0.8977511930117182,12,0.45565103624661735,26.0,0.6821975047560379,,22
P581e368d46,3,0,34.0,8.3,34.03,3,0.748,94.00089761751278,114.07538830709568,0.9025500113454981,10,0.5185814074999435,22.0,0.6989596391894766,,24
P830611c613,2,,21.0,4.14,16.77,0,0.665,99.45362025965284,109.87228520947613,0.7587270561167768,10,0.4967313341169932,77.0,0.5627225604881498,,21
P815e63680a,2,0,23.0,4.81,19.45,1,0.932,102.94723228221989,113.37901232792348,0.7521248439694157,13,0.6155115041564205,80.0,0.5980693492940434,,20
P24b8a1c556,3,0,24.0,6.37,30.08,0,0.811,97.810418311737,112.88414150524534,0.8386618793569889,11,0.4909032300202645,53.0,0.6465375811166248,,24
P96ac6f0cd3,2,,1.0,9.21,18.68,0,0.796,98.47214700223441,114.84410041946748,0.854298539071709,5,0.5674214614264669,45.0,0.6068705048101108,,30
P7a82e40751,3,-1,1.0,9.71,36.11,1,0.874,91.4107273110335,118.5478018012704,0.9520958906882897,5,0.4911609305668797,3.0,0.6920826871602124,,30
P27a3420564,3,0,2.0,3.29,-0.83,0,0.841,99.46275913454738,106.90429903587534,0.6962985757145487,18,0.5256932698427931,100.0,0.6750392173977687,,14
P0aa146e53e,3,,33.0,6.38,23.54,0,0.751,95.12083332218748,106.86784554186588,0.7923447197080891,16,0.5011091992405138,68.0,0.6966636614019065,,19
Pe03992058c,3,0,32.0,4.75,21.54,0,0.865,93.98487593518232,110.65116513965538,0.8673076302718046,12,0.48310136789091235,41.0,0.6377953211546419,,24
Pbd2eb786d3,3,0,1.0,9.18,34.99,1,0.812,92.843135395454,117.25575325662436,0.9361136040231695,7,0.6281944795886798,8.0,0.7646252011927219,,31
P966e81614a,3,0,3.0,9.18,36.34,1,0.879,92.843135395454,117.25575325662436,0.9361136040231695,7,0.6281944795886798,8.0,0.7646252011927219,,31
P433bbb1ab7,2,,23.0,6.04,8.51,0,0.859,97.99742128488273,107.24703957923064,0.7383149047810131,12,0.5238953994418021,82.0,0.603350722033489,,22
Pe82bc0553e,3,0,31.0,8.83,36.37,2,0.692,91.67288607972363,109.80681146136288,0.8885191066881466,13,0.49493971373177814,31.0,0.7220590805424364,,22
P3d55371834,3,0,32.0,8.08,29.12,2,0.782,87.28615215953411,104.5136840409381,0.8880972552643783,10,0.4851854249620615,32.0,0.6857238082795887,,22
P3daa0c9125,2,0,15.0,5.09,5.45,0,0.81,99.42941693920972,104.1189784844334,0.6294812281808365,11,0.43803745331125493,120.0,0.530992994201173,,24
Pc62b6f4e46,3,0,44.0,7.4,30.45,0,0.927,100.40330446689967,120.27507988613431,0.8886220684660777,12,0.38339575527055936,30.0,0.6559809559546241,,23
Pec2bc35d4f,3,0,13.0,4.89,13.25,0,0.88,103.02877717361672,111.19804393809757,0.7063041402914496,18,0.5210910037515233,96.0,0.7124998077931508,,13
Pbbec177bac,2,0,40.0,3.85,-1.71,0,0.899,102.06908445149108,106.31909142890723,0.6151807399358842,13,0.6205953670774847,131.0,0.4564052032992243,,21
Pe6ceea2b5e,3,0,5.0,1.87,-10.12,0,0.839,102.85949865106399,103.83557526757696,0.5271267773634879,17,0.4020437058768335,161.0,0.6552662267844518,,14
P544c115a68,3,0,42.0,8.08,33.15,2,0.782,87.28615215953411,104.5136840409381,0.8880972552643783,10,0.4851854249620615,32.0,0.6857238082795887,,22
P6ff85cb7e1,2,0,4.0,7.02,30.08,1,0.824,90.85489185738561,108.39354072081088,0.8838911595096418,7,0.4565501176057776,35.0,0.5790772249065531,,26
P19913201dd,2,0,1.0,5.41,7.89,1,0.838,97.99742128488273,107.24703957923064,0.7383149047810131,12,0.5238953994418021,82.0,0.603350722033489,,22
P4570803785,3,0,4.0,11.59,55.93,6,0.683,91.03983576895055,120.99474073337713,0.9634265611606779,3,0.5669193546829384,2.0,0.7149603053123675,,33
P11d27a665c,3,0,15.0,8.67,39.9,0,0.68,98.58984967761583,114.83872704345316,0.8525126043453346,13,0.5119918613321575,47.0,0.6995326645723299,,20
P467d53ba82,3,0,,9.53,35.43,1,0.799,93.42709874321177,111.87644232454306,0.8881971553744847,7,0.4462760877296513,26.0,0.6641363988347437,,24
Pebc69ca1f1,3,0,,11.51,52.76,1,0.751,87.07920408852166,116.25502613616948,0.9652139755122439,5,0.5111306425476865,3.0,0.7073028566863252,,31
Pcdba4ddbae,2,0,,4.7,15.35,0,0.916,97.46230154665486,108.34141760291209,0.7715266107734045,12,0.4304569919492415,75.0,0.5503368986709717,,21
P9c4bb7f4c2,3,0,3.0,6.25,13.58,1,0.806,96.10478907047928,106.92555400819506,0.7732891096560701,17,0.5898662744981541,76.0,0.700489083769654,,14
P06e60a886f,2,-1,4.0,6.84,30.0,0,0.708,90.28674172812916,107.21418551434508,0.8782686906334375,12,0.5987999203633254,37.0,0.6559302811741813,,25
P29b17f6d68,2,1,4.0,3.01,-3.04,0,0.611,102.14221253806976,106.99911958097763,0.6304684563171865,8,0.5088519979929427,119.0,0.4295864450917817,,20
Pc9579c50f4,2,0,0.0,7.58,3.0,0,0.871,100.08819754669119,107.45020614246803,0.693433647639364,15,0.5057231155862995,102.0,0.5262982616381475,,21
Pc781d37e72,1,,45.0,1.91,-0.44,0,0.712,100.81980040698838,99.45294455802787,0.46083619138919407,14,0.4409643271053232,189.0,0.430687336118526,,17
P64a7a54879,2,0,24.0,6.38,18.51,0,0.881,92.0817524807986,104.74288554615956,0.8148090263254846,9,0.5330852704809794,60.0,0.6025040117686615,,25
P8030960284,2,0,1.0,5.03,14.68,0,0.817,105.53395091762121,111.14827905886301,0.64475738820118,12,0.5374444315906772,114.0,0.5802341744718245,,21
P809c73ddd0,3,0,13.0,1.85,-8.34,0,0.937,100.207984074494,100.95771250983981,0.5214167762569016,23,0.48304390612738385,163.0,0.6867708292858734,,8
P0b3e754c0e,3,0,15.0,4.3,11.92,1,0.719,97.42948554526289,105.84380022748358,0.7216394926590288,16,0.4567327184073812,89.0,0.6877177311551202,,15
Pdcb8ac9b93,3,,24.0,4.89,13.22,1,0.88,103.02877717361672,111.19804393809757,0.7063041402914496,18,0.5210910037515233,96.0,0.7124998077931508,,13
Pbd387aad50,3,,11.0,4.89,13.53,1,0.788,103.02877717361672,111.19804393809757,0.7063041402914496,18,0.5210910037515233,96.0,0.7124998077931508,,13
P575f19a655,3,,1.0,9.41,53.1,5,0.869,91.47233147289599,120.59474788527262,0.960020612420433,5,0.6154834605609255,3.0,0.7115911555458866,,32
Pb035a35ee9,3,0,23.0,9.43,38.74,1,0.642,98.00629687714226,118.69137460615121,0.9004461254299955,8,0.5216417290815911,20.0,0.6813120970548642,,30
Pc8dae45369,2,0,14.0,1.32,-5.49,0,0.818,109.40744211548257,108.0331364387889,0.4637212344778663,11,0.39402005386571676,180.0,0.3562924189201477,,20
P4a7a8900d7,3,,12.0,10.32,36.04,5,0.788,93.3651610635984,119.307927716382,0.9437300426137277,9,0.6056562406824911,5.0,0.7120218129449819,,29
P2e890c30d2,3,0,15.0,6.9,27.4,1,0.714,93.6180427848646,115.78348267413064,0.9201021732419892,9,0.5289528894706778,13.0,0.7393959692060997,,32
P3ef4d7a55a,2,0,32.0,9.9,30.31,0,0.811,95.23389383793321,117.18712037111757,0.9157160452780542,5,0.6054659688366718,16.0,0.6663381679270466,,31
Pb0e43997bd,3,0,1.0,5.64,17.15,0,0.719,95.40637221396588,109.03731234358543,0.8228482124575932,13,0.5434384261437746,53.0,0.680826370585804,,22
P9e7b32dc92,3,0,10.0,8.36,20.01,1,0.803,104.34411539362333,117.54922372003435,0.7974405269449726,14,0.412772341894663,62.0,0.6324675233168738,,23
P2d49f5a403,3,0,21.0,9.6,49.29,5,0.714,90.96159287913534,120.86764379188166,0.9633490135898988,3,0.5443763481572733,2.0,0.6876809595522836,,35
P268ca85d2e,3,0,22.0,10.54,50.24,5,0.714,90.96159287913534,120.86764379188166,0.9633490135898988,3,0.5443763481572733,2.0,0.6876809595522836,,35
P22add316a5,2,0,15.0,8.49,32.35,1,0.897,90.9329350045941,113.72206062914134,0.9290247545776322,3,0.606180740447598,10.0,0.666505368170268,,32
Pbbfb6a2c4a,3,0,5.0,4.19,17.62,0,0.859,93.62901584595465,107.87391168928042,0.835986175938217,15,0.5799259992935412,47.0,0.6898420109347454,,19
P47e2698d94,3,0,1.0,3.99,-5.04,1,0.708,95.08884767278289,101.12337428244425,0.6698685224270415,18,0.4658649538358556,99.0,0.6348537587321559,,13
P701bdb09e4,3,0,31.0,8.93,21.77,1,0.763,87.993970423667,103.71432191296421,0.868787120570854,11,0.4805276572030709,31.0,0.6536559054383196,,23
Pce627023f0,3,,12.0,7.77,33.48,0,0.684,95.33938658737385,109.33943817207258,0.8285893592118662,15,0.6601769542296145,51.0,0.7152009927281748,,19
Pa98bcc077b,3,0,2.0,12.09,57.37,5,0.869,91.47233147289599,120.59474788527262,0.960020612420433,5,0.6154834605609255,3.0,0.7115911555458866,,32
P0c700e1af1,2,0,35.0,2.63,-1.99,0,0.842,99.83676875141805,105.08316362416608,0.6431307572213208,10,0.5467809920342268,110.0,0.44353915958626927,,22
P9cc36d2c64,3,0,0.0,5.54,15.51,0,0.761,104.25008570288276,116.94431505847894,0.7894161630873175,13,0.5546423022197493,63.0,0.6684816030782834,,21
Pc5e44c9142,3,0,2.0,4.02,2.05,0,0.903,103.5031963766684,108.58279325498935,0.6343606720441715,17,0.39535055510440736,113.0,0.645614579058742,,15
Pe1228b6b2c,3,0,3.0,9.62,38.31,2,0.804,90.01908162848602,115.46205822721416,0.9459655099991701,8,0.5545266538671975,4.0,0.6702690990239023,,28
P53502448c1,3,0,25.0,8.91,36.2,1,0.844,92.03808929788752,115.18959946269398,0.9295852000181876,8,0.5612941391092194,9.0,0.7245884788790528,,26
Pd9bc466fd2,2,0,30.0,3.87,5.72,0,0.834,98.1188099292138,108.81070645916355,0.7666431130635895,9,0.5861456347165294,70.0,0.5718901511378353,,25
P4d8e3ba87c,3,,5.0,9.62,40.69,2,0.8,90.01908162848602,115.46205822721416,0.9459655099991701,8,0.5545266538671975,4.0,0.6702690990239023,,28
P85135a294f,3,-1,33.0,9.92,19.58,2,0.747,97.8023407062417,115.18321930457728,0.8677395993811203,15,0.4550594819297262,33.0,0.6987777107870581,,22
P74ab2a2c37,2,0,32.0,6.39,22.32,1,0.898,97.63391358352547,112.31061398173748,0.8334807697226434,8,0.5410939122744202,49.0,0.5824254049184876,,29
P69e13b90fc,3,0,12.0,12.09,59.34,5,0.851,91.47233147289599,120.59474788527262,0.960020612420433,5,0.6154834605609255,3.0,0.7115911555458866,,32
P43d78a0411,2,0,1.0,9.18,23.94,0,0.75,95.96607159860105,112.20069967545216,0.8578305573642172,10,0.635673444718636,36.0,0.6351711707165496,,27
P2e873db9ac,3,1,23.0,6.51,20.45,1,0.795,94.55658459864715,109.2066219069091,0.8397672839191888,11,0.5461155650476358,44.0,0.6770115911662016,,23
P629d2ef8de,3,0,20.0,5.66,22.18,0,0.735,94.65268564749371,109.57069287893535,0.8433133164207626,14,0.4682084681078779,40.0,0.6303060781393185,,19
P749792a28d,3,1,25.0,6.18,31.1,2,0.804,95.39572306934609,116.42132060475461,0.9080948947242671,8,0.5501435219184226,17.0,0.6843970536306739,,29
P96af95e7fd,3,0,30.0,10.18,33.48,0,0.906,97.82790429793093,123.05297076299308,0.9332773671504867,9,0.480389405141642,7.0,0.7221239510417266,,25
Pde91f9542b,3,0,4.0,6.05,24.69,1,0.867,94.82088035329932,112.82543166100018,0.8807235095113907,14,0.5171003738698648,26.0,0.7349342320628128,,20
P52af59d765,3,0,3.0,6.52,23.64,1,0.839,94.55658459864715,109.2066219069091,0.8397672839191888,11,0.5461155650476358,44.0,0.6770115911662016,,23
P355f728583,2,0,22.0,3.24,-17.41,0,0.839,107.37788894468247,108.77586936537102,0.5371203777448548,12,0.5075281272767451,151.0,0.5272800364904435,,20
P50ca99530f,3,0,55.0,7.9,30.1,5,0.894,93.3651610635984,119.307927716382,0.9437300426137277,9,0.6056562406824911,5.0,0.7120218129449819,,29
Pd11fd10026,2,0,3.0,5.82,19.48,0,0.828,102.4484173804625,114.30465773983845,0.7789126045628393,11,0.5845548401877072,67.0,0.501395554350089,,26
P36b818b767,3,0,1.0,5.36,15.73,0,0.811,95.11499240101742,110.00405496186572,0.8419024837567939,12,0.5127673405010797,43.0,0.6399392321456567,,21
Pe6bde91a1f,2,0,34.0,5.17,12.38,0,0.785,105.10288973380003,117.86402936694574,0.7888165805487564,10,0.7425812648949158,65.0,0.5462789479049407,,24
Pc4acbf93e3,3,,32.0,10.54,58.11,5,0.714,90.96159287913534,120.86764379188166,0.9633490135898988,3,0.5443763481572733,2.0,0.6876809595522836,,35
Pbb988d44ca,2,0,24.0,6.44,23.38,0,0.837,94.56075742285884,110.21626139885855,0.8534376654357463,8,0.6271377655762379,38.0,0.6015891331212798,,26
P4f47ca7b5d,3,1,32.0,8.54,35.83,2,0.811,95.39572306934609,116.42132060475461,0.9080948947242671,8,0.5501435219184226,17.0,0.6843970536306739,,29
P7f14bdd3aa,3,0,34.0,10.32,34.27,5,0.894,93.3651610635984,119.307927716382,0.9437300426137277,9,0.6056562406824911,5.0,0.7120218129449819,,29
Paef9538004,3,0,33.0,7.78,34.31,1,0.881,92.03808929788752,115.18959946269398,0.9295852000181876,8,0.5612941391092194,9.0,0.7245884788790528,,26
P3ce7981258,3,1,2.0,8.1,42.43,1,0.701,97.14517684462882,118.37014365413782,0.9065750155447541,11,0.5810674293868053,18.0,0.7002527504053188,,24
Pa2b1e0c1b9,2,,24.0,3.08,-25.0,0,0.635,106.71342582452978,92.64858728474005,0.16447074575208567,18,0.6185821900601538,312.0,0.2892935318559798,,15
P07a1fb349e,3,0,15.0,10.12,42.18,1,0.643,91.12004393981016,112.27576878149998,0.9169014730664137,10,0.5461829584136081,12.0,0.7277193367398072,,23
P05848850fc,3,1,11.0,6.29,18.86,1,0.88,93.82018397234836,107.61232945203443,0.828819657423437,16,0.5925403556625657,56.0,0.7285056455132848,,18
P8a6c25e945,3,-1,42.0,11.67,54.77,5,0.918,89.13951386734469,121.77708397715361,0.9730873917022378,5,0.594699540435544,1.0,0.7433266615229914,,35
Pf755f2c0c0,3,-1,34.0,8.67,38.84,1,0.725,98.58984967761583,114.83872704345316,0.8525126043453346,13,0.5119918613321575,47.0,0.6995326645723299,,20
Pc6eddeb128,3,0,4.0,4.15,10.57,0,0.817,100.0507195200666,105.96939033898708,0.6594714784691724,18,0.4915439257684147,110.0,0.642758730544874,,14
P109788f4ba,2,-1,23.0,7.5,19.86,0,0.894,96.58424953627713,108.7293694150452,0.7961059942906682,7,0.5724378767883119,66.0,0.5130048702324298,,27
P762dcd7f87,3,0,11.0,8.36,24.19,2,0.782,104.34411539362333,117.54922372003435,0.7974405269449726,14,0.412772341894663,62.0,0.6324675233168738,,23
P9ee45f9ea5,3,0,1.0,6.11,25.86,0,0.852,94.9456954637945,112.19466325752552,0.8721048364453803,12,0.5732339994186467,29.0,0.7332004493900349,,21
Pa5d1a1783b,2,0,15.0,1.56,-14.17,0,0.68,109.9529368007531,103.53343723616474,0.33362950238028144,21,0.5202174259444758,237.0,0.5477367474512098,,11
Pf7cebccf2c,3,0,31.0,4.86,13.12,0,0.776,95.0523800248325,105.83370215264864,0.7747920410098856,16,0.44660355730744555,75.0,0.6803989844192948,,20
P0736b54145,3,0,4.0,6.19,25.44,0,0.841,97.03477147248631,113.22849576174559,0.8550650496896087,11,0.6314513233764849,37.0,0.7550387231413309,,21
P4e1bce542d,2,0,1.0,6.27,29.48,0,0.849,101.90044160365896,118.03661388741813,0.8442877711142525,5,0.5657078922045087,49.0,0.4873346137733809,,27
P3d4bf642e0,2,0,13.0,-0.82,-24.09,0,0.633,109.0125772810693,97.48857957247216,0.21672199403776965,21,0.5269330060824404,286.0,0.45170289764953303,,8
Pe0ab16a2ed,2,0,5.0,5.11,9.54,0,0.895,94.17995693359583,105.62193161663453,0.7889444345849032,10,0.4806476156011786,64.0,0.5574748182195597,,24
P7c4530d600,2,0,4.0,8.19,32.05,2,0.897,90.9329350045941,113.72206062914134,0.9290247545776322,3,0.606180740447598,10.0,0.666505368170268,,32
P13a0e44cab,2,0,4.0,1.31,-6.28,0,0.607,103.30570648991741,101.35220679756078,0.44533286753287993,17,0.46187968333094975,187.0,0.5209884769205086,,13
P47e4bd26a8,2,,1.0,-0.28,-30.47,0,0.792,114.04609286162315,98.34006885568007,0.1539477355927149,25,0.5067830316842143,305.0,0.44897321259599565,,6
P10819fb965,3,0,34.0,8.75,35.26,0,0.871,98.10678689021944,123.1319948490756,0.9316811009236186,7,0.49448446041976424,8.0,0.7064012426568194,,27
P477dab5e0e,3,0,23.0,8.12,19.63,1,0.83,95.40637221396588,109.03731234358543,0.8228482124575932,13,0.5434384261437746,53.0,0.680826370585804,,22
P42d7cc83b1,3,,22.0,8.23,38.37,1,0.833,92.54051616268296,114.87628490592054,0.923183307934796,14,0.5859189689792047,12.0,0.7510273493241779,,20
Pc5bce4fd0c,3,0,45.0,5.69,10.86,0,0.712,98.96807220155426,104.33967545419813,0.6474446116859537,16,0.4269474485851023,108.0,0.6279844624559162,,15
P7df7e92bd1,2,0,1.0,4.36,-15.06,0,0.841,105.68937318047553,97.62302749133741,0.2863871761739146,19,0.3992138112150376,258.0,0.4047514667811998,,11
Pbb710ba6e6,3,0,23.0,10.06,43.27,2,0.719,90.60092914311286,111.79793234154963,0.9181617530159969,10,0.45254584019974253,14.0,0.681012343072243,,25
Pd30706ab20,2,0,33.0,6.17,13.07,0,0.794,92.11212036458616,100.06350612719369,0.7215539602561564,13,0.4808434393262324,90.0,0.6062410145580576,,22
P163aa00374,3,,23.0,9.84,37.96,5,0.814,90.42758637502172,123.50119210993569,0.9730005048146564,2,0.5298125209326829,1.0,0.6868866379975497,,38
P272afc1b90,3,,14.0,17.58,47.44,5,0.814,90.42758637502172,123.50119210993569,0.9730005048146564,2,0.5298125209326829,1.0,0.6868866379975497,,38
Pa260a40e68,3,,23.0,8.03,39.45,1,0.782,97.86638868927704,121.77656685710629,0.925098406740847,11,0.5120398843580057,10.0,0.6667065288232205,,26
P43f8251240,3,0,3.0,8.81,45.99,3,0.803,93.03454773835523,117.68720620189302,0.9372142135316327,3,0.5136186458018076,6.0,0.6978622985439007,,34
Pf849910cdc,3,0,0.0,12.25,43.24,2,0.833,88.60907125056175,114.12837456929748,0.948364583894658,7,0.6125288595176155,4.0,0.7234476138562566,,32
Pf9e0178b31,2,0,1.0,3.96,-5.07,0,0.779,105.31382121893805,109.7360220032875,0.6161005895201814,7,0.49895886960240504,124.0,0.3980393710250344,,23
Pb5ebcb5d6c,3,0,40.0,9.92,45.84,5,0.779,90.54915933162076,116.45923145206258,0.9475468613183194,6,0.5531193943913487,5.0,0.6741491079510044,,32
Pc3d030ae81,3,0,31.0,5.3,17.24,2,0.84,97.70365837095224,109.4924264354973,0.7875195738039488,11,0.5421009814828557,59.0,0.6219237054246702,,24
P4e4e438f6e,3,,12.0,6.06,21.31,2,0.921,96.22100187852544,111.00252013346136,0.8379984636435827,14,0.5509935445636671,36.0,0.7051376069067381,,20
P2320c27578,3,,0.0,7.52,38.21,3,0.749,96.8747888887271,117.19317415142191,0.8993161968010973,7,0.6832876261269258,18.0,0.7084313664684135,,27
P3f927eeca6,3,0,12.0,4.24,10.85,0,0.854,95.15494872974853,104.02287939847076,0.7358869102168275,15,0.5105486232865253,78.0,0.6899082464606114,,17
P4d2e34ba12,3,0,3.0,5.49,20.74,2,0.866,96.22100187852544,111.00252013346136,0.8379984636435827,14,0.5509935445636671,36.0,0.7051376069067381,,20
Pca1e2194fa,3,1,5.0,9.92,47.29,5,0.729,90.54915933162076,116.45923145206258,0.9475468613183194,6,0.5531193943913487,5.0,0.6741491079510044,,32
P400aecdd2c,3,1,31.0,9.92,42.09,5,0.779,90.54915933162076,116.45923145206258,0.9475468613183194,6,0.5531193943913487,5.0,0.6741491079510044,,32
P47044d9385,3,,30.0,5.35,25.55,0,0.828,96.71013944107577,113.87322888790892,0.8674648195012936,11,0.45906212146717057,26.0,0.6540070925489198,,23
Pbc5d4fc393,3,0,44.0,9.22,41.38,5,0.779,90.54915933162076,116.45923145206258,0.9475468613183194,6,0.5531193943913487,5.0,0.6741491079510044,,32
Pcfae2f19b7,3,1,3.0,17.58,45.7,5,0.814,90.42758637502172,123.50119210993569,0.9730005048146564,2,0.5298125209326829,1.0,0.6868866379975497,,38
Pc2a67f2add,2,0,44.0,7.02,16.94,0,0.829,97.88329633801499,112.12957971283132,0.8267277472026552,12,0.508397807094351,40.0,0.6024617090332276,,20
P83b3d780d7,3,0,0.0,10.39,39.61,0,0.846,88.1207677444829,117.89746905053605,0.9660304794940655,8,0.48514137694823883,2.0,0.7093251809633395,,31
Pa3f9e715ae,3,0,51.0,8.45,45.1,3,0.803,93.03454773835523,117.68720620189302,0.9372142135316327,3,0.5136186458018076,6.0,0.6978622985439007,,34
P6d4d3ba13b,3,0,23.0,8.33,32.27,1,0.795,94.4467532256696,116.34158880578654,0.9166506285580666,11,0.6063534277548741,12.0,0.7026891579440799,,25
P31e884be2b,3,0,1.0,6.57,12.06,0,0.746,101.07796463947301,110.93307115419142,0.7445781782748597,15,0.38291622006206333,77.0,0.576473598817218,,20
P52c65c114a,3,,14.0,5.72,18.84,2,0.84,97.70365837095224,109.4924264354973,0.7875195738039488,11,0.5421009814828557,59.0,0.6219237054246702,,24
P4bc4764e2a,3,0,21.0,7.52,34.84,3,0.824,96.8747888887271,117.19317415142191,0.8993161968010973,7,0.6832876261269258,18.0,0.7084313664684135,,27
P8d6fb61ea0,3,0,23.0,5.66,17.6,1,0.887,101.01068587739479,112.62802512779837,0.7776353365767379,12,0.46113296963579337,66.0,0.6111975417878122,,21
Pd2430f6dfc,3,0,1.0,8.13,36.33,4,0.775,95.58659412811008,116.43264392531728,0.9062534498651332,8,0.48688688182933687,17.0,0.6878435627458298,,29
P838aeb9cb6,3,,25.0,17.58,53.19,5,0.801,90.42758637502172,123.50119210993569,0.9730005048146564,2,0.5298125209326829,1.0,0.6868866379975497,,38
Pc6c9992e46,3,0,3.0,8.37,37.58,1,0.809,94.4467532256696,116.34158880578654,0.9166506285580666,11,0.6063534277548741,12.0,0.7026891579440799,,25
P86f7665380,3,0,5.0,6.8,26.75,0,0.75,90.17963047501061,108.246646742249,0.8909033111749297,10,0.566807897341834,21.0,0.6889062956057725,,25
P0267b55e6b,3,0,32.0,5.67,23.42,1,0.8,92.0810491177434,111.23908849369317,0.8978578042291498,8,0.5221510637153773,20.0,0.6960184132640207,,27
Pa548aa166c,3,0,23.0,8.33,44.83,1,0.767,88.29946667829898,114.28541242981288,0.9510420262231083,8,0.520752080241546,3.0,0.7120555927795952,,29
Pf2c709b50b,2,0,33.0,4.85,6.37,0,0.831,104.58088716931454,110.55489734601372,0.6544914277947284,11,0.6330971379673749,111.0,0.46981020065345963,,18
Pff7518dc75,3,0,4.0,6.99,33.02,4,0.775,95.58659412811008,116.43264392531728,0.9062534498651332,8,0.48688688182933687,17.0,0.6878435627458298,,29
P41b1bb4705,3,,30.0,8.13,37.06,4,0.775,95.58659412811008,116.43264392531728,0.9062534498651332,8,0.48688688182933687,17.0,0.6878435627458298,,29
P319cf0c2e0,3,0,22.0,3.78,9.93,0,0.843,95.8864603247595,100.8379483030759,0.6408429472227162,18,0.36280161106726294,116.0,0.6370336690783402,,13
P798e5b71ce,2,0,5.0,7.23,28.48,0,0.705,92.41485465934092,113.7297842067918,0.9158061077054029,9,0.6625643468411335,13.0,0.6365500371442211,,26
Pd9273beb4e,3,0,10.0,12.25,45.59,2,0.801,88.60907125056175,114.12837456929748,0.948364583894658,7,0.6125288595176155,4.0,0.7234476138562566,,32
P47e358160b,3,0,20.0,17.58,49.45,5,0.814,90.42758637502172,123.50119210993569,0.9730005048146564,2,0.5298125209326829,1.0,0.6868866379975497,,38
P1ba89514b1,3,0,23.0,7.78,28.34,1,0.766,89.11703764839214,104.53416914277364,0.8623538932328402,10,0.44620484553586975,29.0,0.6158146796517517,,22
P4b46fb5c89,3,0,24.0,8.55,38.09,0,0.863,100.24708587811517,126.21161374240495,0.9339309879610761,5,0.4363885811921312,8.0,0.6287667408478752,,30
Pbfcceae701,3,-1,41.0,5.75,3.51,1,0.769,94.02305304824066,101.7175361368721,0.7118911765403307,15,0.4860815689973516,90.0,0.6448538044024396,,18
Pc8a80657b3,3,0,1.0,17.58,48.22,5,0.814,90.42758637502172,123.50119210993569,0.9730005048146564,2,0.5298125209326829,1.0,0.6868866379975497,,38
P337fb06bb7,2,-1,55.0,1.36,-9.96,0,0.892,105.34600520419937,102.23786233378642,0.41474019084297303,14,0.5036750924417047,202.0,0.44416706825272634,,17
Paa36360f59,2,0,10.0,2.8,-18.37,0,0.741,102.11859073730986,100.00287115491919,0.4400983808354125,9,0.5291821437064549,187.0,0.3845239379358473,,25
Pbf890a872a,3,0,32.0,8.81,48.42,3,0.658,93.03454773835523,117.68720620189302,0.9372142135316327,3,0.5136186458018076,6.0,0.6978622985439007,,34
P2db62bcb6f,3,0,1.0,13.2,32.32,1,0.824,92.0810491177434,111.23908849369317,0.8978578042291498,8,0.5221510637153773,20.0,0.6960184132640207,,27
P2cdeb4bf00,3,0,4.0,5.81,31.36,0,0.719,99.52722755505627,117.83361637735054,0.8745373616047077,13,0.49176833817178406,25.0,0.6846025934002068,,22
P711641b36d,2,0,0.0,6.91,33.34,0,0.788,95.18700157120423,113.39102784733777,0.8821019170795209,7,0.5675405362088864,23.0,0.5615179078802344,,26
P5ed74be24f,2,0,24.0,3.66,10.49,0,0.71,95.13910624155224,101.60926156915836,0.6806233192033465,14,0.6221386886664888,100.0,0.5322975990304641,,22
Pbe0e1f0064,3,1,2.0,5.07,17.19,0,0.75,99.38508195797479,109.69828866542909,0.7568368467697905,19,0.5686847858396368,75.0,0.7060907304971084,,13
P093d3a11ad,3,0,5.0,3.85,16.91,0,0.908,97.84589026370672,111.43642457337805,0.816931725144331,14,0.5672731015708194,45.0,0.6985454197533099,,19
Pded0fedf79,2,0,3.0,4.96,14.7,0,0.848,103.66530673991201,114.70335958432989,0.761984569597435,8,0.6275164319127275,68.0,0.4927272435857797,,25
P9926013d5a,3,0,23.0,10.27,36.78,0,0.842,98.10678689021944,123.1319948490756,0.9316811009236186,7,0.49448446041976424,8.0,0.7064012426568194,,27
Pee7c22ed91,2,0,3.0,1.64,-31.79,0,0.785,110.12266732644295,95.1913919719474,0.15767739710622303,23,0.5957695986405827,306.0,0.44656762595057775,,6
Pfa75ae8d76,3,0,10.0,5.01,14.28,0,0.856,98.8767198418971,107.67462816073282,0.7271601624337228,16,0.372570066378656,80.0,0.5981324967924423,,16
P64210277c7,3,-1,5.0,5.39,27.21,1,0.739,97.76783637097466,111.17153040444079,0.8141953957058041,13,0.5547324774957253,47.0,0.6480321070134126,,20
P416dc6431a,3,0,22.0,6.35,40.68,2,0.791,97.14517684462882,118.37014365413782,0.9065750155447541,11,0.5810674293868053,18.0,0.7002527504053188,,24
Pf37ef86b30,3,0,4.0,6.19,25.44,0,0.841,97.03477147248631,113.22849576174559,0.8550650496896087,11,0.6314513233764849,37.0,0.7550387231413309,,21
P9fd176d178,3,0,14.0,8.3,33.23,1,0.81,90.7340927819914,111.65305144498801,0.9157400653851373,9,0.5401018279675787,14.0,0.7010243980507576,,23
P337ea84d5c,3,0,23.0,5.07,17.34,0,0.75,99.38508195797479,109.69828866542909,0.7568368467697905,19,0.5686847858396368,75.0,0.7060907304971084,,13
Pd7b7b2dd0a,2,0,3.0,3.39,-8.77,0,0.8,104.89923351066648,99.10436178973464,0.34219952725426295,20,0.5590954266699506,238.0,0.498770988930391,,8
P46ea49196b,2,,20.0,1.19,-9.98,0,0.821,111.45761342801492,108.22081960886587,0.416073801827057,15,0.3979855622755283,201.0,0.34873378425218554,,19
P91c52ea937,3,0,14.0,4.26,21.7,0,0.758,97.88664579422748,111.57599022301659,0.818363792587363,14,0.5193554002954079,43.0,0.6815957633815842,,20
P2561e38a80,2,0,5.0,2.65,-13.8,0,0.773,107.47781763653464,102.97958890276021,0.37950087894306755,16,0.42590447292626915,215.0,0.4829149516534241,,14
P3fe42ad9e3,2,0,10.0,-4.76,-67.93,0,0.716,116.86018809931767,83.96991001468355,0.02186037366171637,24,0.6150377765868844,345.0,0.3015622448381727,,4
P14fdb083b4,3,0,22.0,4.4,18.96,0,0.838,96.01794407416986,108.18847912359868,0.7977688598175159,14,0.5300977999764358,54.0,0.6023971559407274,,18
P84b7d3abc9,3,0,1.0,5.66,20.93,2,0.887,101.01068587739479,112.62802512779837,0.7776353365767379,12,0.46113296963579337,66.0,0.6111975417878122,,21
Pfbbf8d1dd2,3,0,12.0,4.51,11.55,1,0.801,101.25025162833032,107.50820608973193,0.6658952647150751,15,0.48433802917704705,109.0,0.6277585014016029,,17
P00193b3ed9,2,,15.0,9.16,27.65,0,0.853,89.80380146040363,105.86570690053581,0.8690126332351673,10,0.5271153975636862,30.0,0.6484508639898574,,24
Pca1c024cab,3,1,4.0,9.48,40.98,1,0.733,91.18560986783939,121.9866604160514,0.9659955522545118,7,0.4612828254780046,3.0,0.69483297829169,,29
Pf7f191defd,3,0,22.0,6.25,27.25,0,0.84,86.53171911505137,108.66165888233499,0.9320662930034171,7,0.4497259157788449,12.0,0.6820554648929504,,25
P84101ffd6c,3,1,40.0,15.15,46.65,1,0.714,91.18560986783939,121.9866604160514,0.9659955522545118,7,0.4612828254780046,3.0,0.69483297829169,,29
Pde25a111c0,3,0,25.0,5.35,20.93,0,0.713,94.19458141760151,107.33041381330005,0.8177709807402858,13,0.3426898094339404,53.0,0.609547397244417,,25
P854bff0ae3,3,,3.0,6.25,13.55,2,0.82,98.06418618747841,110.8433691568492,0.8035612515949013,12,0.5107814018797415,60.0,0.6151347349918876,,21
P3ede0fa0b1,3,,23.0,11.07,39.97,1,0.832,87.6309873209158,112.75747793684694,0.9478070349513823,6,0.6140971647393859,7.0,0.6754007730091081,,31
P6a23d47737,3,0,1.0,2.83,-0.64,0,0.602,95.92322325542447,102.06939719323344,0.67132977190536,17,0.5442507047538362,102.0,0.6350590780349732,,15
P6258e82584,3,-1,3.0,8.53,36.17,4,0.842,95.25797202664288,122.57210197123123,0.9478105111224495,8,0.48358973222668594,6.0,0.7205328563561676,,30
P3cb5a9e68b,2,0,3.0,5.06,7.79,0,0.84,101.77202724445038,108.00687141893206,0.6645829440690845,10,0.47141076752645766,103.0,0.4393851598228776,,20
P398088f587,3,1,1.0,9.63,41.01,2,0.866,88.44961185434583,113.84237208007096,0.9479644676119808,10,0.4630805416001159,5.0,0.704802897203855,,30
P84dee8d837,3,,13.0,8.11,37.32,1,0.706,92.6809598126249,114.05640965906504,0.9157994584939356,9,0.35484089830135357,15.0,0.6268288634378982,,24
P1100d011d0,2,1,13.0,13.55,45.7,0,0.819,91.62939909201144,120.08612930694935,0.9573138253051714,3,0.6349116897412748,4.0,0.6074152726606719,,31
P93a13b19c2,3,,15.0,8.3,24.64,3,0.875,96.34573485765779,111.17994742941804,0.8384688550336625,10,0.548049980057911,46.0,0.7013462118945688,,25
P36f801ddc1,3,0,0.0,5.86,23.63,0,0.79,92.42460039065082,113.59532756445361,0.914656611722765,7,0.6339675360030389,16.0,0.7087585209027171,,29
Pdbcc4b2801,2,0,21.0,7.25,23.29,1,0.83,92.56604638272998,108.21453504126305,0.8576885177131343,6,0.6362523832101001,39.0,0.6870149171214203,,29
P17a4a5cfae,3,1,10.0,9.11,54.78,3,0.767,86.02891955961215,117.04248507644454,0.9718133409832661,5,0.5731402536422343,1.0,0.7284539396826738,,35
P31b4a243f7,3,0,5.0,10.01,41.6,1,0.839,92.99488129859665,119.53518485220238,0.9472131762912119,6,0.6768336793339043,8.0,0.7298081569094976,,30
P24a562f4ba,3,1,44.0,8.98,32.75,2,0.782,93.74512231584437,115.65536251931118,0.9179944106656212,8,0.5667838496011337,13.0,0.7015653001634983,,27
Pf825457ab4,3,1,10.0,11.14,42.9,4,0.876,95.25797202664288,122.57210197123123,0.9478105111224495,8,0.48358973222668594,6.0,0.7205328563561676,,30
Pccb83c9fcb,3,0,35.0,10.2,29.15,1,0.75,94.5461180087883,112.73202691185975,0.8832060193951371,11,0.5059557155850696,25.0,0.688198277268677,,24
P70aaa5fb09,3,0,21.0,7.16,11.21,1,0.801,91.69419126516462,106.07866920469813,0.8423479009118843,12,0.5810076065531877,43.0,0.7144356919696876,,21
Pa33d5803eb,3,,10.0,12.81,25.63,2,0.82,98.06418618747841,110.8433691568492,0.8035612515949013,12,0.5107814018797415,60.0,0.6151347349918876,,21
Pcad0645e5a,3,0,23.0,5.65,14.46,0,0.887,93.86263365065807,106.52858306285721,0.8108712216430439,12,0.5775273713104511,57.0,0.7079644335329227,,21
P467b7b3f59,3,0,0.0,4.57,10.41,0,0.914,97.7413536864587,108.51204491649177,0.7689104188864854,13,0.3243075191742468,70.0,0.6117268005068072,,22
P5d0988f1e1,2,1,3.0,3.5,0.16,0,0.748,103.23290919732516,104.50036548607598,0.5350258148425912,10,0.5817161082558313,152.0,0.4434615813310245,,19
P488064c36d,3,0,41.0,5.7,-8.44,0,0.791,98.16067421121289,98.03267921252224,0.4962488151323675,20,0.526078582242678,169.0,0.62489181635301,,11
Pf209014384,2,0,3.0,2.81,7.83,0,0.893,104.40912757307245,112.90366216227267,0.7108477250933268,13,0.6365927582936446,88.0,0.5612113550855379,,18
P622332ff90,2,0,3.0,1.49,-4.44,0,0.864,104.9518396439367,111.14634701319144,0.6591438590685542,10,0.5469674847743639,106.0,0.43407833397696727,,22
Pef94ae3f83,3,0,5.0,8.76,37.3,1,0.832,87.6309873209158,112.75747793684694,0.9478070349513823,6,0.6140971647393859,7.0,0.6754007730091081,,31
Pf1323eea4d,3,,33.0,8.98,33.98,2,0.821,93.74512231584437,115.65536251931118,0.9179944106656212,8,0.5667838496011337,13.0,0.7015653001634983,,27
Pfb1f867cde,2,0,21.0,6.65,23.21,0,0.748,90.9347849536351,107.1317684554057,0.8681895321936203,11,0.5553378973563032,32.0,0.6678998885358888,,21
Pd2b56a96a1,3,0,55.0,6.19,21.89,1,0.721,97.33798363040702,113.96426282071977,0.8597843124579653,14,0.5786542459903464,38.0,0.6687195096469689,,22
P36eaf9779b,2,1,31.0,4.44,2.36,0,0.818,94.43840224095078,106.14348261390404,0.7930987208841711,6,0.5679774489814626,62.0,0.4751548109458662,,27
P70fe638043,3,0,11.0,0.99,-10.4,0,0.746,106.17070871135223,107.27007005119188,0.5295819805760925,19,0.46939111743068096,153.0,0.6520836182905032,,13
P15f2c20d7d,3,1,34.0,8.58,40.17,1,0.867,92.99488129859665,119.53518485220238,0.9472131762912119,6,0.6768336793339043,8.0,0.7298081569094976,,30
Pb10604e423,3,1,33.0,9.9,51.69,0,0.79,87.13256503190462,116.88456513876855,0.96701609728026,8,0.6115247887416893,2.0,0.6722893328442521,,29
P5f6276e4dd,2,0,11.0,0.46,-16.7,0,0.816,105.6185807809035,103.96382749545421,0.4547244166282543,14,0.7777686340384642,185.0,0.542082386937951,,17
P45b94f1aab,3,0,2.0,7.32,21.16,1,0.846,99.5655608802804,116.38600511293473,0.8575518555959243,11,0.5430220106667496,40.0,0.6684450897459476,,24
P5e50445e82,3,0,3.0,13.38,62.07,3,0.745,86.02891955961215,117.04248507644454,0.9718133409832661,5,0.5731402536422343,1.0,0.7284539396826738,,35
P310fe8e32c,3,1,1.0,8.3,33.78,1,0.81,90.7340927819914,111.65305144498801,0.9157400653851373,9,0.5401018279675787,14.0,0.7010243980507576,,23
P8d17fbd48e,2,0,23.0,5.45,3.37,0,0.758,99.9569501048598,103.80604631662291,0.6069532432731213,12,0.5479197106525232,128.0,0.4235554297026453,,22
P58c3f134a2,2,0,13.0,0.88,-10.06,0,0.784,104.1020039833458,97.50245836099009,0.3201294874608545,19,0.4709501707920389,240.0,0.4214187488397551,,11
Pd6736ed788,2,-2,21.0,4.85,8.51,0,0.847,104.58088716931454,110.55489734601372,0.6544914277947284,11,0.6330971379673749,111.0,0.46981020065345963,,18
P01a00a5983,3,0,2.0,5.94,18.11,1,0.851,94.75778237850272,110.23796884146394,0.8507061382906338,10,0.4987019787880869,33.0,0.6035139399490496,,24
P26312e5087,2,0,23.0,8.61,41.15,0,0.658,93.572103480441,116.77911760500643,0.9274287830835246,6,0.6137024863359357,9.0,0.6118097080282848,,26
Pecca0a47dd,3,0,14.0,4.94,8.25,0,0.812,96.08231043848403,102.55181067260395,0.6790421808956949,18,0.6360346169416535,100.0,0.726145396902712,,14
P85abb7e5de,2,0,30.0,5.96,22.76,0,0.81,91.50128918153402,107.54085033935795,0.8649998851353313,5,0.5500806275431416,36.0,0.5753038162516116,,31
P83fd4822e5,3,0,43.0,8.96,40.34,3,0.875,88.44961185434583,113.84237208007096,0.9479644676119808,10,0.4630805416001159,5.0,0.704802897203855,,30
Pf22b67943e,3,0,13.0,8.28,41.12,0,0.692,94.68742187608837,114.0139349292199,0.8943536728392749,9,0.5201912064915563,21.0,0.7096823257411278,,26
P1497c83aba,2,1,4.0,11.04,32.55,0,0.81,91.50128918153402,107.54085033935795,0.8649998851353313,5,0.5500806275431416,36.0,0.5753038162516116,,31
P45450124ed,2,0,21.0,6.78,24.75,0,0.765,97.41417788154678,110.34768864932737,0.8074679714155238,7,0.6278105140003378,58.0,0.4900496270130448,,24
P38145d33eb,2,0,20.0,13.55,49.41,1,0.819,91.62939909201144,120.08612930694935,0.9573138253051714,3,0.6349116897412748,4.0,0.6074152726606719,,31
P8d3cc27d9f,3,0,30.0,10.01,43.08,2,0.867,92.99488129859665,119.53518485220238,0.9472131762912119,6,0.6768336793339043,8.0,0.7298081569094976,,30
P2100fc35c8,2,0,0.0,3.87,19.99,0,0.864,97.20019084913768,110.36272248922407,0.8116086851646455,12,0.5350940314433571,56.0,0.5807113052743025,,23
Pe8dc26218f,3,0,2.0,9.52,29.61,0,0.777,99.79019920209926,118.25411608543736,0.8756980225612212,12,0.4778306011929352,28.0,0.6427985799523727,,23
P33a3ea1e89,2,0,30.0,10.86,37.43,0,0.692,93.42329411144283,115.00953913260594,0.9161042428548481,9,0.5312796779526179,14.0,0.6414831188696904,,27
Pbe299942e3,2,-1,22.0,7.6,19.54,1,0.8,96.59372010438777,109.3044425106423,0.8055997825345795,9,0.7733297087292358,49.0,0.5212415472673978,,23
P73a117bd09,2,1,33.0,2.26,-13.61,0,0.909,104.73529400682737,102.95406502513717,0.4508437322360973,15,0.56650231775565,187.0,0.48807975772667406,,16
Pebbd613418,2,1,4.0,6.94,34.62,0,0.719,96.3586769779975,115.25160523899156,0.8868500382812392,7,0.5321789546993608,24.0,0.5843451978886975,,27
Pc1b5416459,2,1,1.0,2.2,-24.83,0,0.858,108.72277078559841,97.50895908016312,0.22237912158277148,20,0.5312918018091618,283.0,0.3742680362210867,,12
P4c0b663d25,3,-1,22.0,7.55,27.15,0,0.707,97.16736542881426,111.79908055517464,0.833839524274588,12,0.5777893305160404,48.0,0.670743137157765,,20
P19dba9c1fd,2,0,1.0,3.83,16.31,0,0.855,98.75910057462532,107.76339125765257,0.7317316603213574,10,0.4999845131481783,82.0,0.49385355179194973,,24
P607c704c53,3,1,1.0,9.13,39.56,0,0.851,90.8886161149828,114.7202531670161,0.9357105710692948,8,0.44551837026907287,9.0,0.7087127770487018,,29
P93861fcc04,3,0,33.0,7.11,18.38,0,0.671,96.61140169733892,106.58568301920563,0.7558209934985409,13,0.47126395991499825,74.0,0.6043103656313958,,19
Pf1615243ab,3,0,12.0,3.71,13.19,0,0.663,95.37059713919109,102.33632503656838,0.6922555051263668,17,0.5196656422853981,97.0,0.6383920192077974,,16
Pb5f5bff7e1,2,0,11.0,5.87,0.4,0,0.847,98.0029348964562,97.47387247533712,0.48444247990571926,15,0.5257225347203492,171.0,0.5045648182504001,,19
P6a5ab4372a,2,0,11.0,2.45,-21.9,0,0.768,109.79187184392231,95.4562974702886,0.16671961818508585,18,0.5951163257742186,308.0,0.3716505706925966,,13
P7d1e9516ee,2,0,15.0,0.21,-18.09,0,0.662,107.80806245564375,97.69481471056989,0.24364555766924936,22,0.5296612744294241,273.0,0.3656566165495223,,7
Pdb1689c286,3,,22.0,12.68,43.08,1,0.725,96.28446464573503,119.6569334562549,0.9240857486652578,10,0.7218838603128608,11.0,0.7675600417209552,,25
P23f1ba707f,3,,1.0,9.3,44.84,1,0.819,99.35403912781226,126.41612770443608,0.9410456695998268,9,0.6022188115869919,6.0,0.7164471198679444,,26
P2171d2817b,3,,21.0,7.84,37.48,1,0.814,96.28446464573503,119.6569334562549,0.9240857486652578,10,0.7218838603128608,11.0,0.7675600417209552,,25
P11fb43c4ea,3,,11.0,8.48,41.56,2,0.815,88.06505187881113,116.73227727284672,0.9623405382265747,5,0.5746069629941759,2.0,0.7060218073854829,,33
P1044a073cf,3,0,33.0,7.06,21.16,1,0.864,95.53774143836148,116.1542610439712,0.9043978825252182,13,0.5163154912146496,21.0,0.6921206967333062,,21
P1dca1ecf2b,3,,30.0,13.59,33.95,4,0.807,96.92086212072616,117.7044074109902,0.9032823424610911,11,0.624310913114334,22.0,0.7359709823796345,,29
P12d1ca8d35,3,0,11.0,7.24,39.47,3,0.844,100.62687515533676,125.52091710628682,0.927041666522709,9,0.5290226831834827,10.0,0.7290248274674443,,28
P0a4bbd8b0a,3,,1.0,4.86,19.69,0,0.843,95.43967541000605,108.93259751827136,0.8206418071196181,15,0.4015839306797552,45.0,0.6535495711645541,,17
P7f1d080745,2,0,2.0,3.71,2.16,0,0.71,105.56957482240277,111.90026280965174,0.6614436263415485,12,0.5761222589928127,111.0,0.4952782668976177,,20
Pc7e0f691c6,3,1,3.0,7.83,38.54,0,0.756,102.616681186329,125.6857119188968,0.9114940490893247,8,0.5626233832364188,17.0,0.6843874681487983,,27
P96c6ba4e0f,3,,14.0,10.53,36.88,3,0.803,97.33011516143986,119.55332191315682,0.9141208220984984,9,0.4920673713347886,15.0,0.6770430544937225,,28
P49827cf895,3,0,24.0,8.69,19.88,0,0.645,102.14706552513005,115.41911883187092,0.8029442882165647,14,0.4720247511386978,56.0,0.6824940853080953,,22
Pa9426d162d,3,0,5.0,10.06,49.66,3,0.737,95.95319617144332,120.11481080265173,0.9297435291803138,9,0.5497527319667348,8.0,0.7273842327748159,,29
Pf7c7a85a9a,3,,1.0,13.59,34.46,4,0.807,96.92086212072616,117.7044074109902,0.9032823424610911,11,0.624310913114334,22.0,0.7359709823796345,,29
Pea7725adea,3,,11.0,9.4,32.62,3,0.937,93.52949937719865,114.73674183683994,0.9129484758751437,6,0.5485508143458224,16.0,0.6888202718714841,,28
P465ab55c02,3,0,14.0,10.06,46.39,3,0.727,95.95319617144332,120.11481080265173,0.9297435291803138,9,0.5497527319667348,8.0,0.7273842327748159,,29
Pccdaab2014,3,0,4.0,7.54,47.01,3,0.86,100.62687515533676,125.52091710628682,0.927041666522709,9,0.5290226831834827,10.0,0.7290248274674443,,28
Pd907989bcb,3,0,3.0,9.74,29.05,3,0.803,97.33011516143986,119.55332191315682,0.9141208220984984,9,0.4920673713347886,15.0,0.6770430544937225,,28
P2f95e0c256,3,0,5.0,9.3,44.69,1,0.764,99.35403912781226,126.41612770443608,0.9410456695998268,9,0.6022188115869919,6.0,0.7164471198679444,,26
P5c19a79a93,2,1,13.0,8.79,24.81,0,0.784,91.99890252830043,113.0458164958667,0.9144475332062122,8,0.572573463120523,14.0,0.6910579066582547,,32
Pfe357344e4,3,0,15.0,10.75,29.71,2,0.765,94.5461180087883,112.73202691185975,0.8832060193951371,11,0.5059557155850696,25.0,0.688198277268677,,24
Pe966e23e9c,3,0,23.0,2.57,1.63,0,0.824,104.89115449349895,111.76668138638635,0.6748356736429535,15,0.4637836889945197,104.0,0.6376044127595011,,17
Pa5d86611c0,3,0,24.0,5.35,20.57,2,0.874,97.23868452516655,112.23310347423151,0.8387839447285018,13,0.5785210615762709,41.0,0.6968334473871494,,23
P4f181909b7,2,0,13.0,4.38,0.84,0,0.912,106.63062834308036,111.42014103689827,0.6236991527493495,10,0.5489450075297839,120.0,0.4919635235445353,,25
P24fc987f38,3,0,32.0,5.6,1.64,0,0.812,94.58931863424989,107.21392355271115,0.8085689090088687,13,0.42924960543606244,53.0,0.6627111395332796,,23
P944e30c99c,3,0,12.0,9.03,43.23,2,0.783,90.24152068672639,115.15787966169128,0.9428843655774818,7,0.5626723013461254,4.0,0.6978155850169808,,30
Pd5729dac8f,2,0,11.0,10.09,38.0,0,0.795,93.58641705963728,117.00837570271202,0.9288160294911967,1,0.6056719604226591,9.0,0.5560767306143475,,34
P31e153a014,3,0,5.0,8.09,37.35,2,0.804,94.03079475452327,118.69954273793107,0.9357875192362168,13,0.5673024318140972,7.0,0.6911913307031496,,23
Pd6e0b051bb,3,0,2.0,4.97,24.52,2,0.812,99.06038470522662,111.77150271790549,0.8003304183593184,14,0.494415313015307,59.0,0.6655133688928148,,20
Pab87e9a8b8,3,1,25.0,4.7,13.36,0,0.782,96.72468928300565,107.39290309905411,0.7690921791314893,12,0.5736326824078197,65.0,0.6889459103914121,,23
Pd8244d9a42,3,0,3.0,9.4,34.85,3,0.937,93.52949937719865,114.73674183683994,0.9129484758751437,6,0.5485508143458224,16.0,0.6888202718714841,,28
Pdd79d6ef7f,3,0,1.0,7.54,41.42,3,0.86,100.62687515533676,125.52091710628682,0.927041666522709,9,0.5290226831834827,10.0,0.7290248274674443,,28
Pb51c66667f,3,1,13.0,8.48,41.38,2,0.795,88.06505187881113,116.73227727284672,0.9623405382265747,5,0.5746069629941759,2.0,0.7060218073854829,,33
Pb59be03b24,3,0,22.0,11.91,26.01,1,0.73,95.53774143836148,116.1542610439712,0.9043978825252182,13,0.5163154912146496,21.0,0.6921206967333062,,21
P6e49424689,3,1,33.0,5.48,20.7,2,0.876,97.23868452516655,112.23310347423151,0.8387839447285018,13,0.5785210615762709,41.0,0.6968334473871494,,23
P6cee28a4f3,3,1,5.0,5.15,13.75,0,0.915,103.5905672126919,114.71187613403306,0.763639703734622,12,0.533936283058828,67.0,0.6654179506575334,,23
P83de6de3ec,2,0,2.0,10.17,53.99,2,0.732,88.2206864839768,119.36526339591013,0.9700258592654306,6,0.4509361191518144,1.0,0.6012254631740442,,31
P9e30954b9f,3,0,21.0,8.45,36.46,0,0.762,94.73175389198741,117.68306770928046,0.923781948967306,10,0.48387989514754487,13.0,0.68688126898224,,26
P8c383a7533,2,0,41.0,7.42,23.67,0,0.87,96.31152588172488,113.40827227018133,0.8675160929442403,7,0.6021836787791978,31.0,0.6248026250885521,,27
Pb8a773b356,3,0,0.0,8.69,21.76,0,0.728,100.21338231061162,112.56301282124295,0.7919025061141386,13,0.5567759641099603,60.0,0.6929151597797898,,21
P9da0cf7014,3,0,52.0,9.16,39.0,2,0.812,94.03079475452327,118.69954273793107,0.9357875192362168,13,0.5673024318140972,7.0,0.6911913307031496,,23
Pa47459a77d,3,0,34.0,8.19,29.99,1,0.705,100.20257969021242,119.72759760734274,0.8856734916565109,12,0.561427008075849,26.0,0.7272718846078885,,24
P17aee771c1,3,0,10.0,8.3,24.92,3,0.737,96.34573485765779,111.17994742941804,0.8384688550336625,10,0.548049980057911,46.0,0.7013462118945688,,25
P9c40b5aa37,2,0,5.0,2.98,-6.55,0,0.86,103.07052589491283,103.02783674468631,0.498809004836687,7,0.6764744146440204,167.0,0.3982376690595031,,23
P331cffbdbb,3,0,32.0,5.15,13.1,1,0.868,103.5905672126919,114.71187613403306,0.763639703734622,12,0.533936283058828,67.0,0.6654179506575334,,23
P59ddf4705a,2,0,23.0,11.58,21.07,0,0.724,92.15442620180004,109.20255703642664,0.8756640984206042,7,0.48871890297751963,29.0,0.6113668383307203,,27
Pee1a8f2e9d,2,1,53.0,7.42,24.62,1,0.87,96.31152588172488,113.40827227018133,0.8675160929442403,7,0.6021836787791978,31.0,0.6248026250885521,,27
Pa380a0ce3c,3,0,43.0,8.31,29.38,2,0.884,95.38626589261014,113.89718843445246,0.8848984571628606,10,0.5712286362416583,27.0,0.7062175974860382,,24
P1b1aa3dc82,3,0,11.0,6.17,17.51,1,0.896,101.17201476190101,115.43498245640457,0.8200491530696292,13,0.5514610906625542,47.0,0.6930960724009527,,22
Pd856b04e96,3,1,34.0,9.3,44.89,2,0.819,99.35403912781226,126.41612770443608,0.9410456695998268,9,0.6022188115869919,6.0,0.7164471198679444,,26
Pbda800ed55,3,1,14.0,8.78,26.08,0,0.807,95.81191680650618,108.24973581244565,0.8027575967067341,13,0.5030737125025083,57.0,0.6529975436776744,,20
Pa76f81d8c3,3,0,15.0,5.11,12.58,0,0.812,105.96180559969228,113.7732107130312,0.6938066171944243,16,0.433501370122398,96.0,0.623097471065698,,16
P2dde5c1214,2,1,21.0,3.16,-3.09,0,0.848,103.27527101453572,105.95021649271376,0.5729924294123309,10,0.45675701209702774,135.0,0.4780341964151954,,22
P23026d4d13,2,0,20.0,2.38,-1.21,0,0.773,107.84492092381376,109.43713204908416,0.5420364501840842,11,0.4390576638068113,147.0,0.4449863646362636,,24
P2dd4d0a4f4,2,2,1.0,3.4,2.35,0,0.867,104.58985393112076,111.29390067118803,0.6713883203359844,18,0.5866965288306073,105.0,0.5925851511824546,,19
Pcb993abaa5,2,0,2.0,5.0,9.98,0,0.829,102.55541641045491,112.33226827306956,0.7402302048733239,10,0.5564301689764027,76.0,0.42967534014423486,,25
Pceb2ff7429,3,0,45.0,6.05,23.36,2,0.931,96.93165390061793,114.10868211777971,0.8671705818258019,10,0.4507307332640957,33.0,0.6728109177307228,,25
P0ee95e3925,3,1,25.0,12.68,44.34,2,0.814,96.28446464573503,119.6569334562549,0.9240857486652578,10,0.7218838603128608,11.0,0.7675600417209552,,25
Pfa73181e89,3,0,12.0,10.53,36.49,4,0.803,97.33011516143986,119.55332191315682,0.9141208220984984,9,0.4920673713347886,15.0,0.6770430544937225,,28
Pbbdf67d0e0,3,0,24.0,10.53,33.86,4,0.803,97.33011516143986,119.55332191315682,0.9141208220984984,9,0.4920673713347886,15.0,0.6770430544937225,,28
P68a89b7756,2,0,11.0,7.93,36.28,0,0.877,93.95645839643987,114.24485536188308,0.9045119256717518,7,0.582008222357039,20.0,0.6314577914500222,,28
P9075a4686f,3,0,23.0,6.9,10.21,0,0.852,101.13526701818378,110.6761345881896,0.7382161136647142,18,0.490925416184627,79.0,0.680804462579851,,16
Pdd3e192436,2,0,10.0,8.15,17.68,1,0.845,98.23288653172352,114.36467122070744,0.851774662716792,10,0.5331011751234409,34.0,0.6523550736414867,,24
P7632bd626c,2,0,21.0,10.17,63.22,3,0.732,88.2206864839768,119.36526339591013,0.9700258592654306,6,0.4509361191518144,1.0,0.6012254631740442,,31
Pd35ff11e6d,2,1,2.0,10.6,32.08,1,0.872,91.99890252830043,113.0458164958667,0.9144475332062122,8,0.572573463120523,14.0,0.6910579066582547,,32
P8c2c5e7b71,3,0,21.0,7.71,26.96,2,0.723,100.20257969021242,119.72759760734274,0.8856734916565109,12,0.561427008075849,26.0,0.7272718846078885,,24
P80e599186b,3,0,1.0,6.61,23.81,0,0.758,97.13360370285423,110.8605593315452,0.8205586108142874,12,0.49857685154147746,46.0,0.6690426572748407,,21
P98ee7e9798,3,0,10.0,7.51,31.18,0,0.855,89.22387280314811,108.90493577894898,0.9082337538679884,10,0.48935684723782996,18.0,0.6948646434192143,,25
P645a205457,2,0,1.0,9.54,15.38,0,0.78,98.74001656088726,108.4787315575131,0.7468219964955459,13,0.4220592960115912,74.0,0.5538932455966196,,20
P5a591d3e24,3,,12.0,12.59,64.24,6,0.643,86.14805557669213,121.76935351275739,0.9816517994595308,1,0.6116914137091995,1.0,0.702316259825873,,38
P67cf99c3eb,3,,0.0,7.04,33.45,0,0.808,95.35161997547435,115.51876488681017,0.9008235763787745,11,0.40140459496944075,20.0,0.6589081545637133,,24
Pb9c495a67d,3,,15.0,10.29,60.7,3,0.889,92.80235268553938,126.79031185349191,0.9731094172650449,4,0.5554327000133907,2.0,0.7300927998966963,,35
P9b0b27ae5d,3,0,15.0,14.72,66.37,6,0.638,86.14805557669213,121.76935351275739,0.9816517994595308,1,0.6116914137091995,1.0,0.702316259825873,,38
Pff77feae98,3,,5.0,11.39,50.56,1,0.759,89.185476813903,119.16686175164709,0.9655362218089942,4,0.549907995196553,4.0,0.6762671421481319,,34
Pec96a14b85,3,1,44.0,10.05,41.49,1,0.82,95.8447120747795,130.54164728800276,0.972160760090484,4,0.6353634683391718,3.0,0.7469577842195534,,36
Pc3390f55d0,3,,12.0,10.29,60.5,3,0.889,92.80235268553938,126.79031185349191,0.9731094172650449,4,0.5554327000133907,2.0,0.7300927998966963,,35
Peaf1686cc0,3,,52.0,7.09,35.77,0,0.71,93.64123882649565,112.14572237456794,0.8883279790087518,14,0.5031791847920264,23.0,0.6965322981637287,,20
P2297a93a7f,3,,41.0,14.72,71.88,6,0.643,86.14805557669213,121.76935351275739,0.9816517994595308,1,0.6116914137091995,1.0,0.702316259825873,,38
P7d77f683c0,3,,1.0,14.72,72.29,6,0.643,86.14805557669213,121.76935351275739,0.9816517994595308,1,0.6116914137091995,1.0,0.702316259825873,,38
Pce2a43b358,2,0,1.0,3.73,6.89,0,0.829,104.14045409446825,116.30377597026975,0.7808022644938902,6,0.5048827662412326,63.0,0.455014743376549,,27
Ped4ca8f8d6,3,,12.0,7.01,42.08,1,0.835,92.86684614485493,114.89233722841306,0.920380713336084,9,0.71749869627755,16.0,0.7849534721752913,,27
Pe71646e585,3,0,0.0,7.31,30.12,2,0.848,89.626775303366,110.96841850246908,0.9210211324511975,9,0.4965801270542541,15.0,0.7088600560441098,,27
Pcf63b744fe,2,,1.0,4.23,9.7,1,0.815,101.29185618175578,108.37556336789962,0.6851110947269784,15,0.665990121312494,95.0,0.5802163345380137,,17
P94d904f95a,3,2,15.0,13.57,46.05,1,0.82,95.8447120747795,130.54164728800276,0.972160760090484,4,0.6353634683391718,3.0,0.7469577842195534,,36
P8d6369038a,3,0,22.0,8.08,36.48,2,0.874,100.90023096601222,126.96303116405262,0.9335337580576785,6,0.35825105107860283,10.0,0.6615883797140099,,32
P16f77dc0c6,3,0,55.0,8.46,35.15,2,0.758,90.96755336725352,116.47225218871259,0.9449154962647759,9,0.5408873949621099,8.0,0.6729787084027157,,25
Pb067831a66,3,0,1.0,9.96,45.97,1,0.807,86.40219364758568,113.87101550428099,0.95986766083931,4,0.5399160395762773,6.0,0.6924030010844802,,30
P5492e07ad3,3,0,10.0,5.42,27.58,0,0.749,98.26230260664069,114.965877267574,0.8588100235590047,9,0.483991508191246,30.0,0.643599158181948,,27
Pb4e1522182,3,0,23.0,11.39,49.79,1,0.759,89.185476813903,119.16686175164709,0.9655362218089942,4,0.549907995196553,4.0,0.6762671421481319,,34
P9a02cf437c,3,,5.0,10.29,61.45,3,0.889,92.80235268553938,126.79031185349191,0.9731094172650449,4,0.5554327000133907,2.0,0.7300927998966963,,35
Pd0eaa15469,3,0,12.0,5.65,16.47,1,0.868,95.15116845169717,109.34212861049014,0.8318325856468884,11,0.4559567958344548,42.0,0.6294762757092686,,22
Pdaafce7eb6,2,1,22.0,3.86,2.93,0,0.844,100.06619446041773,104.31908349926607,0.6174308393753983,10,0.365009122756316,119.0,0.5132535042108535,,23
P3cfad83e39,2,1,22.0,3.35,11.78,0,0.794,100.04556806347395,111.66911002274867,0.7797165191086683,10,0.5585142650915617,64.0,0.47416802684983445,,24
P128f74a48f,3,,5.0,7.6,17.62,2,0.925,92.79565086508924,107.5277936701748,0.8448176921087442,13,0.5179994870494513,35.0,0.6729209709816715,,18
P1c43036b93,3,,5.0,4.87,17.55,1,0.901,98.8768544300982,113.4063200029126,0.8287327202927859,14,0.5769708786861526,45.0,0.6745236981373289,,22
P1b292d5147,3,0,24.0,7.06,29.87,2,0.869,89.626775303366,110.96841850246908,0.9210211324511975,9,0.4965801270542541,15.0,0.7088600560441098,,27
P4a125216bc,3,0,25.0,5.65,15.83,1,0.868,95.15116845169717,109.34212861049014,0.8318325856468884,11,0.4559567958344548,42.0,0.6294762757092686,,22
Pf634b73f97,3,0,21.0,6.49,22.34,0,0.895,99.35719310292134,113.86297609991726,0.8273777275854887,13,0.542340658282319,46.0,0.6594230305070925,,24
P2e8c779b09,3,0,25.0,6.47,15.8,2,0.925,92.79565086508924,107.5277936701748,0.8448176921087442,13,0.5179994870494513,35.0,0.6729209709816715,,18
Pe7f5f31a46,2,0,22.0,4.8,-0.97,0,0.669,102.16888264160731,106.39525487365788,0.6144694937689079,11,0.3959066556315559,121.0,0.47045304595881476,,21
Pf38454d2db,3,0,4.0,11.03,49.78,1,0.755,93.33546942525751,123.60841871849827,0.9619683274339452,3,0.5494658324028335,5.0,0.6949693687873739,,33
P944090784f,3,0,1.0,4.78,-1.73,0,0.772,103.42070747724965,109.21550535007245,0.6517987229733462,16,0.562640953017359,108.0,0.6918502772553675,,16
Pea73008ab4,3,0,24.0,8.23,37.23,2,0.911,100.90023096601222,126.96303116405262,0.9335337580576785,6,0.35825105107860283,10.0,0.6615883797140099,,32
P0ba0d4e186,3,0,5.0,14.72,72.1,6,0.643,86.14805557669213,121.76935351275739,0.9816517994595308,1,0.6116914137091995,1.0,0.702316259825873,,38
P831df49905,3,1,4.0,7.48,20.16,1,0.901,98.8768544300982,113.4063200029126,0.8287327202927859,14,0.5769708786861526,45.0,0.6745236981373289,,22
Pf21d262b1c,3,0,44.0,14.72,71.07,6,0.643,86.14805557669213,121.76935351275739,0.9816517994595308,1,0.6116914137091995,1.0,0.702316259825873,,38
Ped46c6be82,3,0,22.0,9.26,34.39,1,0.816,94.80714637839787,117.90700194872514,0.9246722774546605,12,0.5173702724441661,12.0,0.7196295581852085,,27
Peda2227014,3,0,2.0,14.72,71.52,7,0.643,86.14805557669213,121.76935351275739,0.9816517994595308,1,0.6116914137091995,1.0,0.702316259825873,,38
P6f3f385e9b,2,0,15.0,4.66,4.23,0,0.798,103.1210055897954,110.05619578099981,0.6788543746089267,14,0.6271294564695188,97.0,0.5595148078296698,,17
P7570f82c10,3,1,13.0,8.64,31.03,3,0.848,98.19173095782003,119.11687537060442,0.9021730490795361,9,0.5174218513131307,19.0,0.7136419807500505,,25
P0029c9d3a9,3,2,13.0,13.57,51.64,2,0.82,95.8447120747795,130.54164728800276,0.972160760090484,4,0.6353634683391718,3.0,0.7469577842195534,,36
Pa1aae2a35c,3,0,4.0,7.09,25.92,1,0.665,97.03519804220103,111.17703641195594,0.827008978093128,12,0.4701809802167817,42.0,0.6370552262662978,,22
P46c8e8cb1c,2,0,20.0,8.37,29.16,0,0.663,89.55060595432721,105.00178117473787,0.861820602928349,9,0.6004326624524684,27.0,0.5949788558830327,,26
P26e74779f0,3,0,11.0,10.06,50.43,2,0.737,95.95319617144332,120.11481080265173,0.9297435291803138,9,0.5497527319667348,8.0,0.7273842327748159,,29
Pa2709c7876,3,0,31.0,3.87,0.34,0,0.861,99.63515023163791,100.54473383823414,0.5261034549376487,22,0.42744706469130533,155.0,0.6538655145876289,,9
P9990134f41,2,0,5.0,4.73,5.99,0,0.81,99.24423244401773,104.18929418726103,0.6362660519899552,17,0.47473530982540474,117.0,0.6094728824509833,,14
Pe00e8a81b3,3,1,4.0,9.42,47.82,2,0.715,89.185476813903,119.16686175164709,0.9655362218089942,4,0.549907995196553,4.0,0.6762671421481319,,34
Pa24dadc449,3,,2.0,7.12,42.74,2,0.835,92.86684614485493,114.89233722841306,0.920380713336084,9,0.71749869627755,16.0,0.7849534721752913,,27
P84b2e1b413,2,0,5.0,4.23,6.56,2,0.781,101.29185618175578,108.37556336789962,0.6851110947269784,15,0.665990121312494,95.0,0.5802163345380137,,17
P98102db2bd,2,-1,2.0,7.98,20.12,0,0.68,96.13044131252329,110.35186438764501,0.8301417130555303,10,0.6984263183941688,43.0,0.6596756790777787,,26
Pbb1af08ea5,3,0,25.0,7.56,12.01,0,0.859,98.61842935653291,105.6268943272315,0.6877306083346019,16,0.4584519068112092,92.0,0.6621155162707794,,17
Paae768e6c1,2,1,1.0,5.36,-4.79,0,0.8,100.96942536126485,102.00975678878609,0.5294367151773919,14,0.49838195741615937,148.0,0.42895288188181213,,19
Pa48064fa8c,3,0,21.0,11.39,53.85,2,0.759,89.185476813903,119.16686175164709,0.9655362218089942,4,0.549907995196553,4.0,0.6762671421481319,,34
Pc2766e3f86,2,,33.0,0.47,-23.54,0,0.713,111.0191387210582,103.4473255089842,0.30738768384319426,18,0.4515033722568625,257.0,0.42206175417114217,,10
P9cedd79bd8,3,0,23.0,9.91,35.56,0,0.752,91.61787666089936,107.60609429542647,0.8641018606576873,17,0.6235717476592504,26.0,0.716733866901417,,16
P83f630794b,3,0,13.0,9.13,41.82,3,0.818,94.64636456192085,121.17429400874161,0.9448749635690419,12,0.6792085014457035,9.0,0.7772043820549017,,26
P093c255389,2,0,21.0,2.08,-5.49,0,0.833,104.24237811388502,102.79876853950799,0.4599927628406263,19,0.3210615900780152,181.0,0.4802882130722884,,13
P9e418f4c91,3,0,20.0,9.91,29.95,0,0.752,91.61787666089936,107.60609429542647,0.8641018606576873,17,0.6235717476592504,26.0,0.716733866901417,,16
P0c888043b8,3,1,24.0,7.8,30.37,1,0.742,98.26230260664069,114.965877267574,0.8588100235590047,9,0.483991508191246,30.0,0.643599158181948,,27
Pcfe0d93659,3,0,21.0,5.19,9.26,0,0.835,101.32706721508332,110.22725672129411,0.7247590288139417,19,0.4594163067311132,79.0,0.6864722428144406,,13
Pd3473cff83,3,0,24.0,3.76,-3.48,1,0.887,103.99973815694327,108.64185091333148,0.6229728347781026,15,0.43551811194227863,116.0,0.6224124781022154,,16
Pfd690eb68d,3,0,5.0,2.5,2.83,0,0.869,95.56240551965226,100.25462554258432,0.6344226915446928,18,0.46939191900644633,112.0,0.679246553769006,,13
P7b91fe948e,3,0,1.0,6.97,23.27,0,0.783,99.09155188324326,115.63800895000116,0.8551819176832982,14,0.549224761167808,32.0,0.7265528531941021,,22
Pb88d2f0541,2,0,1.0,3.97,3.22,0,0.832,109.40333862120625,112.28474928346917,0.5741885988853151,9,0.575766782357662,134.0,0.42837105924769164,,23
P2c58b86e78,2,0,32.0,4.88,10.46,0,0.843,99.8094385136862,106.78168898125242,0.6849301782529661,11,0.551337848591798,96.0,0.4830617540944745,,22
P0fde3dedb2,3,,25.0,4.67,8.27,0,0.764,101.51245721196605,112.53977689530689,0.7660141338660702,14,0.4843006789444582,70.0,0.6615067666494702,,19
P117a6c6fb1,3,,14.0,8.36,25.27,2,0.908,99.97134724716567,121.92382575606214,0.9074507040808033,11,0.6232032777600955,19.0,0.7423460358517983,,25
P8a2a3c7c07,3,,0.0,7.47,39.95,3,0.735,93.85016661223816,113.22070330910731,0.896400451560788,11,0.4990247674503939,22.0,0.6765370191785817,,23
P9155961dd2,3,1,3.0,5.03,14.48,1,0.847,96.27909234162688,110.3069951732426,0.8269531705006552,11,0.4806158323640109,47.0,0.6761033915058104,,24
P4ec4ee54f1,3,1,24.0,9.7,34.58,0,0.824,94.49605667291235,119.09361423255564,0.9346579685287457,8,0.5627442021291528,8.0,0.7526170458420101,,29
Pf9ebd1b271,3,,23.0,9.41,45.0,2,0.885,96.29020518962768,123.8675516322123,0.9476598564165251,9,0.5986396510920907,5.0,0.70173242943798,,27
P47380ec945,3,,0.0,7.03,15.59,1,0.83,99.23844969470937,110.9384865941104,0.7827354206023138,15,0.5059621879384537,63.0,0.6750794084110598,,19
P88f4dbf943,3,0,42.0,4.98,21.54,1,0.813,98.36028596629612,116.5086684459523,0.8751495710158556,9,0.5637434025483177,31.0,0.7049811852696046,,26
P620501ed0d,2,1,11.0,7.9,29.26,0,0.841,95.59607791642063,118.37278061872743,0.9211176746973867,8,0.635983459245585,12.0,0.5966959107449051,,27
Pc5a8d9d1d6,3,1,21.0,7.1,32.58,0,0.813,100.50997040278587,118.88638648799699,0.8733579362850393,12,0.49268977426308136,32.0,0.713343080064008,,21
P88064c1c05,3,0,45.0,9.73,37.98,1,0.696,97.06727011785948,123.39661064185941,0.9404752478484584,6,0.5308740930623004,6.0,0.6439036799995219,,29
Pf93789f1b5,3,0,4.0,9.63,33.33,1,0.659,94.28557120331388,115.24333873034104,0.9095583041679224,14,0.5958351092195175,17.0,0.6920741437938369,,19
P9264b6e63a,3,,13.0,5.09,15.25,0,0.727,99.64325552909142,109.66858213679865,0.7507217814689903,13,0.38639616564916107,72.0,0.6134456154527452,,20
P4a1b07df85,3,,5.0,7.2,24.02,1,0.717,100.20145026019172,112.99876173870767,0.7993494355490416,14,0.49404770711252155,59.0,0.6881612302545839,,20
P55d1c5e102,3,2,23.0,6.25,18.9,2,0.816,100.3241984001671,114.22776413743483,0.8164615730327077,13,0.48268140776340185,52.0,0.6553333673750829,,22
Pddcf4609af,2,0,43.0,7.45,20.97,0,0.857,98.69077173093007,115.14226492845683,0.8548347679914385,8,0.5673918987680382,37.0,0.6315930609113497,,28
P6f92e02de4,3,,23.0,8.43,23.83,2,0.938,94.72720447985729,112.51887067602615,0.8786147082007199,14,0.5160971453403499,29.0,0.7038700323144661,,23
Pbfe4edf289,3,1,11.0,8.36,47.21,2,0.768,96.07434837443722,124.2641041586361,0.9506776826710711,7,0.6000363926425833,4.0,0.7370023502851963,,33
P85fbcb1dce,2,0,43.0,3.72,-3.46,0,0.828,96.76508889565508,102.13731374061081,0.6505292063862124,11,0.4969464968676683,112.0,0.43240751092297663,,21
Pd856e50561,3,,1.0,9.41,48.05,2,0.885,96.29020518962768,123.8675516322123,0.9476598564165251,9,0.5986396510920907,5.0,0.70173242943798,,27
Pc1c99fe2be,3,,5.0,7.03,16.7,1,0.83,99.23844969470937,110.9384865941104,0.7827354206023138,15,0.5059621879384537,63.0,0.6750794084110598,,19
P25bfc6427b,3,2,30.0,9.63,34.86,1,0.753,94.28557120331388,115.24333873034104,0.9095583041679224,14,0.5958351092195175,17.0,0.6920741437938369,,19
P9668122fb9,3,,23.0,14.34,43.09,1,0.725,97.06727011785948,123.39661064185941,0.9404752478484584,6,0.5308740930623004,6.0,0.6439036799995219,,29
Pd50459cb6d,3,,13.0,8.85,63.48,2,0.831,91.3870859675437,121.60034254461672,0.9639039951127611,5,0.6058259262455218,2.0,0.751245352380538,,32
P0edb7d3b99,3,0,3.0,9.41,44.07,2,0.871,96.29020518962768,123.8675516322123,0.9476598564165251,9,0.5986396510920907,5.0,0.70173242943798,,27
Pf5fb4e36b6,3,0,15.0,9.93,51.72,1,0.782,92.13770388454763,120.77909760183842,0.9574180011862349,8,0.6281587169651482,3.0,0.7524091135998415,,29
Pe2eac4ddf4,3,0,32.0,6.6,32.46,1,0.811,90.6886290276536,112.36245810607079,0.9216100046409521,8,0.4044726969890889,11.0,0.6479017609415371,,23
Pf20205fffb,2,1,22.0,5.29,0.69,1,0.682,99.01095759289194,104.0134002492454,0.63803045646162,15,0.5741292830998729,114.0,0.5718825428463441,,16
Pfa4c05beee,3,,33.0,7.72,28.23,1,0.831,97.53087836411234,115.98271242347838,0.8800210357058633,9,0.5043829788599995,28.0,0.6706072088736733,,26
Pb3a7a6f86b,2,,33.0,7.22,8.06,1,0.834,99.01095759289194,104.0134002492454,0.63803045646162,15,0.5741292830998729,114.0,0.5718825428463441,,16
Pf8b83ac1f0,3,0,15.0,8.08,27.54,0,0.768,92.52082272364758,111.53154605393009,0.8955797893339617,9,0.48611354884675845,23.0,0.6805802655191941,,25
Pa466887b08,3,0,11.0,5.71,20.13,0,0.9,104.43637015659036,118.97884397477776,0.8174594021074817,12,0.4990426511714801,51.0,0.7072953097313384,,24
P8e900c2247,3,0,20.0,8.42,46.11,1,0.679,94.35785538358789,118.1258918335439,0.9297952683119859,9,0.5044047526266122,9.0,0.6586370817858436,,26
Pfd95ad31d4,3,1,10.0,7.72,24.83,1,0.831,97.53087836411234,115.98271242347838,0.8800210357058633,9,0.5043829788599995,28.0,0.6706072088736733,,26
Pa307fde308,3,0,0.0,8.43,19.04,2,0.901,94.72720447985729,112.51887067602615,0.8786147082007199,14,0.5160971453403499,29.0,0.7038700323144661,,23
P521ea871d2,3,1,31.0,7.16,29.44,2,0.941,100.167385260282,122.08413879483768,0.9068258451704219,12,0.5652208158939507,20.0,0.7323398836780531,,23
Pd5a40a7ee0,3,1,0.0,9.89,19.34,1,0.812,96.27909234162688,110.3069951732426,0.8269531705006552,11,0.4806158323640109,47.0,0.6761033915058104,,24
Pd46f6361f5,2,0,21.0,3.5,-2.65,0,0.894,100.40410565911915,102.69191417152545,0.5644146067337689,9,0.5546405176401941,140.0,0.3991480394609735,,23
P22b18d36a6,3,2,5.0,11.25,51.12,2,0.768,96.07434837443722,124.2641041586361,0.9506776826710711,7,0.6000363926425833,4.0,0.7370023502851963,,33
P3ea09a4d42,2,0,5.0,8.36,31.04,0,0.812,94.64455402561644,111.43781328572481,0.8674262320152578,11,0.5215171672839491,33.0,0.6322992298295828,,25
Pc72bfd628e,3,-1,2.0,7.36,32.98,2,0.941,100.167385260282,122.08413879483768,0.9068258451704219,12,0.5652208158939507,20.0,0.7323398836780531,,23
P85b94bf602,3,1,3.0,7.47,36.23,3,0.735,93.85016661223816,113.22070330910731,0.896400451560788,11,0.4990247674503939,22.0,0.6765370191785817,,23
P16f60c6002,3,1,10.0,9.74,39.61,1,0.751,97.69477291645234,120.32363609207535,0.916512269397739,8,0.5953812723747626,14.0,0.7436332984447275,,27
Pc381c2ab50,3,0,5.0,6.49,22.29,0,0.877,99.35719310292134,113.86297609991726,0.8273777275854887,13,0.542340658282319,46.0,0.6594230305070925,,24
P9b79feb6a3,3,2,2.0,10.29,61.34,2,0.842,92.80235268553938,126.79031185349191,0.9731094172650449,4,0.5554327000133907,2.0,0.7300927998966963,,35
Pc5e9e5bdd9,2,0,21.0,10.92,25.76,0,0.68,96.13044131252329,110.35186438764501,0.8301417130555303,10,0.6984263183941688,43.0,0.6596756790777787,,26
P9f8d851f22,2,0,5.0,-0.29,-15.54,0,0.799,108.16123529304636,102.71848400929031,0.3557735306289713,20,0.4500011209561308,233.0,0.5323761326024873,,10
Pce6ddda209,2,1,31.0,8.77,38.14,1,0.657,88.96827032747755,111.07076777964545,0.927688253413668,9,0.6599565738828024,10.0,0.5927125240011988,,25
P55f0d03e7b,3,0,1.0,4.47,6.73,0,0.63,99.19164663254799,110.87853269265838,0.7826007655134909,13,0.5528268010523572,64.0,0.717324737721665,,18
Pa7cb2c7354,3,0,1.0,8.85,56.66,3,0.831,91.3870859675437,121.60034254461672,0.9639039951127611,5,0.6058259262455218,2.0,0.751245352380538,,32
Pa8fc4b7ad7,3,0,20.0,8.35,31.68,0,0.742,96.78076633942939,115.59400619293925,0.8852192934329222,11,0.5406965990214584,25.0,0.6718417449156631,,22
P251ed0e7a3,3,0,5.0,7.91,46.95,2,0.865,99.46701911476822,122.11131049168148,0.9136255743071671,8,0.4758732074908532,15.0,0.6349671383071255,,27
Pe40a7b9665,2,1,33.0,7.9,30.65,1,0.799,95.59607791642063,118.37278061872743,0.9211176746973867,8,0.635983459245585,12.0,0.5966959107449051,,27
P5f3e1d9a7e,3,,11.0,7.91,45.4,2,0.652,99.46701911476822,122.11131049168148,0.9136255743071671,8,0.4758732074908532,15.0,0.6349671383071255,,27
P09fcc624c4,3,1,22.0,9.41,47.63,3,0.885,96.29020518962768,123.8675516322123,0.9476598564165251,9,0.5986396510920907,5.0,0.70173242943798,,27
Pd7225b3a0b,3,0,55.0,10.21,13.81,1,0.865,101.51245721196605,112.53977689530689,0.7660141338660702,14,0.4843006789444582,70.0,0.6615067666494702,,19
Pc01c642a9f,3,2,1.0,7.68,31.61,0,0.706,97.05516696201651,112.81796732863634,0.8495025397585774,13,0.6294664253101695,39.0,0.7548315651571524,,20
Pbd6175d1ad,3,0,10.0,5.42,24.36,0,0.677,94.32635035327591,110.76720594472442,0.863857653200726,15,0.6466599679303727,34.0,0.7249094256973272,,21
P6bc657fff3,2,2,21.0,3.68,4.25,0,0.668,106.16155185850582,109.8159420985771,0.5960907220897073,15,0.5703668600827118,126.0,0.48500981856797953,,17
P287f82c404,3,0,23.0,10.56,49.72,4,0.799,91.96122049123483,123.97458697274868,0.9687855072371977,5,0.5871949961366718,1.0,0.7209129186275811,,35
Pa78dfd4260,3,1,40.0,7.44,23.13,3,0.908,99.97134724716567,121.92382575606214,0.9074507040808033,11,0.6232032777600955,19.0,0.7423460358517983,,25
P53698aab75,3,0,5.0,14.34,45.87,2,0.725,97.06727011785948,123.39661064185941,0.9404752478484584,6,0.5308740930623004,6.0,0.6439036799995219,,29
P6f658be6bb,3,1,10.0,9.93,54.58,2,0.851,92.13770388454763,120.77909760183842,0.9574180011862349,8,0.6281587169651482,3.0,0.7524091135998415,,29
Pe0da967ad1,2,1,13.0,6.65,21.43,0,0.841,100.05494022767044,115.86047792742491,0.8437861802018227,10,0.4955288294957855,42.0,0.6062552278504404,,28
Pdc4a696341,3,0,3.0,9.71,26.26,0,0.76,99.41219922135133,114.7262440803378,0.8385732761434649,15,0.5210530484677444,43.0,0.7163991211548996,,21
Pc9bdc2e95f,2,,1.0,7.22,3.61,2,0.834,99.01095759289194,104.0134002492454,0.63803045646162,15,0.5741292830998729,114.0,0.5718825428463441,,16
P7719d3d89b,2,0,0.0,4.41,-15.01,0,0.625,110.60699587103012,107.63096543649587,0.42222115232572505,20,0.5944006797559174,194.0,0.565293944262095,,8
Pc00908f11e,2,1,23.0,9.55,38.92,1,0.785,88.96827032747755,111.07076777964545,0.927688253413668,9,0.6599565738828024,10.0,0.5927125240011988,,25
Pd7d10f6f4c,3,0,23.0,8.88,39.46,0,0.711,93.32997096201166,113.93712067383227,0.9084049059905804,9,0.5983781287980616,18.0,0.704068561231595,,28
P939e5ded71,2,0,32.0,6.22,16.85,0,0.861,95.95026516277832,107.78450558073673,0.7920777237318286,6,0.4016258620128132,60.0,0.4927124232866303,,26
Pdb13b813cd,3,0,14.0,8.85,56.17,3,0.831,91.3870859675437,121.60034254461672,0.9639039951127611,5,0.6058259262455218,2.0,0.751245352380538,,32
P7c761dbe92,3,1,12.0,10.33,20.18,0,0.867,96.88498972672738,112.05812555578811,0.8419981129027174,12,0.5422343432537055,36.0,0.7061254234363501,,20
P420da53cac,3,0,41.0,10.13,51.26,1,0.688,91.59026236630598,115.66753447412134,0.936078459171947,9,0.5505541945978891,7.0,0.7235698804997358,,26
P401c3c358c,2,0,11.0,7.22,7.92,2,0.834,99.01095759289194,104.0134002492454,0.63803045646162,15,0.5741292830998729,114.0,0.5718825428463441,,16
P2a21698f4f,3,1,1.0,8.07,41.2,1,0.766,95.34647597523212,117.8135493125302,0.9193270037668717,6,0.5826044427988254,13.0,0.6952932992402828,,28
P7758d7472f,2,1,20.0,5.36,4.85,0,0.8,100.96942536126485,102.00975678878609,0.5294367151773919,14,0.49838195741615937,148.0,0.42895288188181213,,19
Pb3e495f583,3,1,12.0,5.72,20.94,1,0.797,99.7679625194687,114.53256846536947,0.8302132342701332,13,0.5163497289029213,46.0,0.6744909037610074,,21
P848f12bb0d,3,0,1.0,1.57,-0.5,0,0.686,103.52604041591692,101.2830802281953,0.43735742637933994,20,0.5766521451374047,189.0,0.6988163134246128,,11
Pfff80834af,2,0,34.0,5.55,11.47,0,0.779,97.65358820887388,106.52478810669507,0.7310467899728145,10,0.5767010852431003,82.0,0.5452783943557239,,26
P608846acfb,3,1,32.0,5.72,25.57,1,0.797,99.7679625194687,114.53256846536947,0.8302132342701332,13,0.5163497289029213,46.0,0.6744909037610074,,21
P8935abbbb4,3,1,4.0,6.92,24.02,2,0.831,97.53087836411234,115.98271242347838,0.8800210357058633,9,0.5043829788599995,28.0,0.6706072088736733,,26
P5605a2fa7e,3,0,25.0,4.65,-0.08,0,0.732,100.98894414591304,107.65092808387283,0.6758253297646803,15,0.5829923584252094,108.0,0.7282472001524009,,14
Pfd99951c4d,2,0,33.0,5.61,16.15,0,0.861,95.95026516277832,107.78450558073673,0.7920777237318286,6,0.4016258620128132,60.0,0.4927124232866303,,26
Pd1cda3e821,2,,1.0,0.21,-27.46,0,0.744,109.81595772225242,92.09817876905528,0.11676449104069259,24,0.5008693875859751,336.0,0.4318207371433712,,3
P25e61f80f8,3,,20.0,3.83,-6.84,1,0.82,106.39719465606396,106.79365256711247,0.5106913039426317,22,0.49839074958735646,160.0,0.641331493981419,,9
P6e7d02b021,3,,2.0,8.03,30.94,4,0.826,100.49350071048805,123.52785480654765,0.9147682414102258,5,0.46668698154524557,23.0,0.6144016617994439,,31
P8a2034c01d,3,,0.0,8.79,38.27,4,0.888,96.54223067807716,122.79288641682267,0.9408085923892002,9,0.5412136269649015,10.0,0.7350603200328361,,28
Pe56ae9c7aa,3,,11.0,8.36,34.51,2,0.894,95.55346792095183,122.19994580385021,0.9442063856973849,5,0.6012607744465954,9.0,0.7597279641775704,,31
P6f43cf2ee3,3,,0.0,8.93,50.31,1,0.799,92.29283950794631,119.07375976237847,0.9493063337650339,6,0.5848625115517618,5.0,0.7228203801256944,,32
Pe3864f9800,3,,1.0,6.51,40.56,2,0.72,96.18194902789648,116.08742653450142,0.8968932204827044,9,0.4641029101803555,27.0,0.6978600853070476,,26
Pf62abcdcde,3,,10.0,7.72,38.9,1,0.701,96.45481342576505,118.3600879106052,0.9132163557961929,5,0.5884805539060014,24.0,0.6666570702988132,,32
Pbe6ed6fd51,3,,4.0,3.1,3.96,0,0.766,106.11707829958672,112.53461213980458,0.6626788793016462,17,0.41605675822591226,98.0,0.6737658371789561,,15
Pe6fe5c747b,2,,32.0,10.41,52.92,2,0.796,87.2474019204823,118.50106696018418,0.9712794989618826,2,0.5513223237507635,1.0,0.5771943568448683,,37
P4a000d48b0,3,,5.0,8.93,51.31,1,0.751,92.29283950794631,119.07375976237847,0.9493063337650339,6,0.5848625115517618,5.0,0.7228203801256944,,32
P71b16faf7a,3,1,5.0,8.79,36.72,4,0.822,96.54223067807716,122.79288641682267,0.9408085923892002,9,0.5412136269649015,10.0,0.7350603200328361,,28
Pdb3bcb3fc8,3,0,45.0,12.12,46.73,1,0.724,92.35874003387272,118.21873150581033,0.9447392756592212,9,0.6164169416843654,8.0,0.7484292580792296,,25
P24e5e8b7dc,3,0,44.0,9.71,58.58,1,0.723,92.42588932535739,121.6386285000745,0.9592402229749796,7,0.5706684501865951,2.0,0.7427423465568473,,33
P2c3a1eb46b,3,,23.0,8.97,26.55,1,0.788,96.21161147265114,115.17883889133128,0.8878797019655728,10,0.46796893807600093,28.0,0.6808935080020824,,25
P459acdec33,3,1,5.0,10.01,38.06,1,0.876,98.56837870572843,123.99505470531166,0.9333390074336589,12,0.5332380838491562,13.0,0.7225921344113478,,26
Pcc7ddb9ab9,3,,22.0,11.0,33.9,4,0.876,100.49350071048805,123.52785480654765,0.9147682414102258,5,0.46668698154524557,23.0,0.6144016617994439,,31
P49d50fc2b5,3,0,20.0,7.84,28.68,1,0.795,103.67959455811707,123.0206080167805,0.8772923386987665,14,0.5899686014318273,31.0,0.7265172327980872,,19
P3e0fd9667f,3,,1.0,8.79,39.78,4,0.888,96.54223067807716,122.79288641682267,0.9408085923892002,9,0.5412136269649015,10.0,0.7350603200328361,,28
P0af0ac79ae,3,,31.0,5.65,15.88,0,0.727,94.62570085548359,104.09867871547914,0.7497382722323345,22,0.5793107444059675,75.0,0.7652488233824375,,11
P1e22570fac,3,0,3.0,6.51,29.7,1,0.719,100.88989533995979,116.2609468607468,0.8362772077122117,16,0.44164528909626655,43.0,0.6709774720481375,,18
P63f00af37c,3,1,20.0,5.14,17.94,0,0.924,101.54947456246202,116.85107067881552,0.8339759994075862,15,0.4828876515124824,45.0,0.6785094499106508,,19
P204a101867,3,0,50.0,8.29,33.29,2,0.785,94.130014957121,117.25347312203297,0.9259515453744139,8,0.49447929373481436,17.0,0.6926018639054834,,27
P032d23c9d9,3,0,35.0,6.71,21.88,0,0.755,99.6964977458455,113.18613280174398,0.8114387078033364,12,0.350406768123067,53.0,0.5481156948901056,,20
P2e6be7d23b,3,,5.0,9.71,58.53,1,0.802,92.42588932535739,121.6386285000745,0.9592402229749796,7,0.5706684501865951,2.0,0.7427423465568473,,33
Pa79b34cca8,3,,21.0,6.64,-0.04,1,0.695,103.14335305933173,112.2568944917571,0.7258577046348929,15,0.4763312966876089,81.0,0.6040451133521982,,19
P1ea9c7c88d,3,0,3.0,11.62,40.65,4,0.778,93.51518500467397,122.89966068038396,0.9586046784813834,4,0.6067760604466794,3.0,0.7132269019660855,,32
P38e6db5ca1,3,,15.0,8.79,40.68,4,0.888,96.54223067807716,122.79288641682267,0.9408085923892002,9,0.5412136269649015,10.0,0.7350603200328361,,28
P27a35575e9,3,0,5.0,8.34,23.42,1,0.795,94.10011075851482,111.40110871730795,0.8744562156826663,12,0.4608860356786088,33.0,0.7006130310634658,,21
P5351e63d76,3,0,0.0,9.0,35.16,2,0.872,95.55346792095183,122.19994580385021,0.9442063856973849,5,0.6012607744465954,9.0,0.7597279641775704,,31
Pf781dda14b,3,0,1.0,7.27,14.15,1,0.724,93.45004161724127,104.17733433854599,0.7772440238662933,13,0.5199348558168296,67.0,0.627002000832119,,21
P964dd1e5f4,3,,43.0,4.52,13.93,2,0.895,100.94265293977207,112.39646090472652,0.7748702521366874,17,0.6221446557243985,68.0,0.7116314474133213,,15
Pc4f84bc197,2,0,33.0,8.52,33.37,2,0.884,95.0799295242765,120.87196873908974,0.9404846299736808,5,0.5429294365818232,11.0,0.6104133397523785,,30
P551a484de7,3,0,1.0,7.16,30.64,2,0.799,94.82031281156854,118.49136249834534,0.9284319756178572,6,0.5222830977865007,15.0,0.6615455515081436,,33
P16938f3fa9,3,1,1.0,7.64,38.14,0,0.78,103.35827833326616,127.378426296095,0.9170597064722098,13,0.5252348886188785,20.0,0.7361693926889125,,20
P86ef73625c,3,0,4.0,8.88,46.55,2,0.692,96.18194902789648,116.08742653450142,0.8968932204827044,9,0.4641029101803555,27.0,0.6978600853070476,,26
P1804943702,3,0,5.0,11.85,38.02,2,0.799,94.82031281156854,118.49136249834534,0.9284319756178572,6,0.5222830977865007,15.0,0.6615455515081436,,33
P74d19df6a2,3,0,31.0,8.68,32.47,1,0.719,100.88989533995979,116.2609468607468,0.8362772077122117,16,0.44164528909626655,43.0,0.6709774720481375,,18
Pd59c0506ca,2,0,21.0,6.74,24.29,0,0.802,98.98765373977889,113.59915797270489,0.8296757595337941,11,0.4290937149656239,47.0,0.5632188767980075,,22
Pc32fe4a167,3,1,24.0,11.85,36.05,2,0.799,94.82031281156854,118.49136249834534,0.9284319756178572,6,0.5222830977865007,15.0,0.6615455515081436,,33
P22340c4458,2,0,3.0,8.1,31.46,2,0.884,95.0799295242765,120.87196873908974,0.9404846299736808,5,0.5429294365818232,11.0,0.6104133397523785,,30
Pd808e1b5f8,3,,13.0,11.0,40.74,4,0.876,100.49350071048805,123.52785480654765,0.9147682414102258,5,0.46668698154524557,23.0,0.6144016617994439,,31
P10187f6389,3,0,0.0,5.88,22.28,0,0.81,90.02679936404135,109.39944891609787,0.9039002453360141,11,0.532855291182684,25.0,0.7078266198548714,,26
Pa76a1ce248,3,1,11.0,7.41,31.95,0,0.817,97.23735383203206,120.6040755169067,0.9224863566581605,11,0.5284042845483709,18.0,0.7539643397992015,,24
P2acab9acdb,3,1,4.0,6.43,31.25,0,0.834,98.86917389707246,116.26950023971283,0.8657976692246974,14,0.6336835110318279,35.0,0.7476640407394415,,24
P2a1ab2724b,3,0,5.0,7.75,38.94,1,0.77,96.45481342576505,118.3600879106052,0.9132163557961929,5,0.5884805539060014,24.0,0.6666570702988132,,32
P9d178fdf5d,2,1,25.0,2.37,-1.17,0,0.782,100.8021228325047,105.35451890082106,0.6243313212816612,9,0.49661551409597354,110.0,0.44045877746268686,,24
Pba3a4faeb9,2,-1,5.0,9.49,51.99,2,0.705,87.2474019204823,118.50106696018418,0.9712794989618826,2,0.5513223237507635,1.0,0.5771943568448683,,37
Pa0580e3001,3,0,23.0,7.27,15.72,1,0.733,93.45004161724127,104.17733433854599,0.7772440238662933,13,0.5199348558168296,67.0,0.627002000832119,,21
P5f230da818,3,0,5.0,5.48,28.12,0,0.691,99.86090658764986,115.96746820521182,0.8480787688631114,16,0.5853054857456002,41.0,0.731145996230688,,17
P58604dcdcf,3,1,10.0,13.49,36.16,0,0.754,93.0862376253504,115.32829868110974,0.9215755883947558,10,0.5191273147570545,19.0,0.7095080259204923,,27
Pb920680006,3,0,0.0,10.86,37.14,1,0.694,90.6886290276536,112.36245810607079,0.9216100046409521,8,0.4044726969890889,11.0,0.6479017609415371,,23
P80ec619552,2,0,23.0,4.63,6.78,1,0.806,100.66145379863586,109.07466319781514,0.7156736164344525,12,0.573683331567164,88.0,0.5748261235847003,,18
P982f4d9f47,3,0,15.0,12.64,54.27,4,0.782,91.96122049123483,123.97458697274868,0.9687855072371977,5,0.5871949961366718,1.0,0.7209129186275811,,35
Pfafab37502,3,0,10.0,14.34,42.59,0,0.725,97.06727011785948,123.39661064185941,0.9404752478484584,6,0.5308740930623004,6.0,0.6439036799995219,,29
P8e9f5cd10b,2,0,5.0,5.84,17.46,0,0.853,99.10014564133058,113.00889109740257,0.8191144415138866,11,0.5653025504581252,49.0,0.5623184253888126,,25
Pe1b87bba68,2,0,20.0,1.65,-0.72,0,0.862,100.30594379229763,105.71545776964822,0.6465825550293894,7,0.5921727950692439,113.0,0.40841706526630417,,24
P7e57b76eb8,2,-1,10.0,5.95,16.67,1,0.802,101.20197278172003,109.89060213228979,0.7205560730835116,9,0.5067590301775247,83.0,0.47949319910326627,,27
Pa67da64cf8,2,0,3.0,4.69,9.67,0,0.819,100.73039654009042,110.37803203969997,0.7411262516780021,12,0.5556038174945334,78.0,0.6274063987275889,,20
P4370ef2bf5,3,0,21.0,8.32,35.1,0,0.743,93.32997096201166,113.93712067383227,0.9084049059905804,9,0.5983781287980616,18.0,0.704068561231595,,28
P9ac225720c,3,0,5.0,10.21,19.46,0,0.865,101.51245721196605,112.53977689530689,0.7660141338660702,14,0.4843006789444582,70.0,0.6615067666494702,,19
Pe75e4da903,3,0,4.0,1.32,-1.14,0,0.704,105.24375654043459,104.69947619015116,0.4850974378276811,22,0.5349615699839875,170.0,0.6987964893606345,,9
Pdb78b3595b,3,1,5.0,8.97,34.07,0,0.742,94.96886741177201,117.00260230067816,0.9167846727500835,8,0.5147057315965061,22.0,0.7300687319237403,,27
P0d567b6867,3,0,15.0,13.45,29.85,1,0.81,90.02679936404135,109.39944891609787,0.9039002453360141,11,0.532855291182684,25.0,0.7078266198548714,,26
Pea59b43adb,3,0,1.0,10.48,50.95,0,0.715,89.99845099593495,117.33497563821413,0.9547939609508025,9,0.6664658292549277,4.0,0.7572393729908358,,27
P7697c4ecb8,2,-1,4.0,6.89,18.18,0,0.781,97.85379085808351,111.82740475059197,0.822743334890868,8,0.5429803276735253,50.0,0.5856841516448718,,24
Pfde95d41d3,3,3,3.0,5.91,24.34,0,0.789,94.74867877957759,113.10132240412705,0.8845402487448464,16,0.6501543468995414,29.0,0.7469866176680862,,19
P4396f0664b,3,1,4.0,9.71,59.53,2,0.802,92.42588932535739,121.6386285000745,0.9592402229749796,7,0.5706684501865951,2.0,0.7427423465568473,,33
Pc5ec91aab0,3,0,25.0,11.85,35.33,3,0.799,94.82031281156854,118.49136249834534,0.9284319756178572,6,0.5222830977865007,15.0,0.6615455515081436,,33
Pe204bd6fa0,2,,24.0,0.72,-13.74,0,0.895,110.82955440056348,109.47028039753309,0.4645808469983995,12,0.4677571637113154,182.0,0.3812090223063106,,22
P00fdb72e43,2,0,34.0,3.73,2.33,0,0.781,104.72110122572785,107.86865948196257,0.5843260462523833,15,0.5067678427806056,127.0,0.5557222230510142,,20
P420fe29f13,3,0,2.0,1.31,1.25,0,0.693,110.41672166929044,109.03374761944801,0.4638264050516008,21,0.5793275247883858,183.0,0.7031674582192786,,10
P6358a22feb,2,0,12.0,7.72,12.01,0,0.731,92.9561027258119,104.5640497034986,0.794657675287608,12,0.4085170425347562,60.0,0.5817184948253833,,24
Pcac223d7f8,3,0,10.0,8.33,36.38,2,0.876,98.56837870572843,123.99505470531166,0.9333390074336589,12,0.5332380838491562,13.0,0.7225921344113478,,26
P5fd682a91b,2,1,3.0,5.03,8.91,0,0.817,101.11596037897581,109.08243948095443,0.7051852460235902,12,0.4262175814155538,84.0,0.5292442338782277,,24
Pba3d18fabf,3,0,12.0,12.12,49.9,2,0.801,92.35874003387272,118.21873150581033,0.9447392756592212,9,0.6164169416843654,8.0,0.7484292580792296,,25
P2cac6d11e4,2,0,35.0,3.65,1.92,0,0.804,101.84443843679261,108.15281550141239,0.6662192478316219,14,0.3648539258513761,97.0,0.476979739712326,,18
P7dfb5a7395,2,1,1.0,0.51,-20.97,0,0.74,109.5632488743898,102.56789159225607,0.31892071221553636,18,0.3846998807666673,241.0,0.38231360562451383,,15
P73cc673745,2,0,0.0,8.52,31.89,3,0.884,95.0799295242765,120.87196873908974,0.9404846299736808,5,0.5429294365818232,11.0,0.6104133397523785,,30
P95ea622240,3,0,1.0,6.02,14.96,1,0.82,102.18385855744077,113.44415618660202,0.7689115142784642,17,0.5443613249753174,69.0,0.7359894108390008,,16
Pf0bc046ece,3,0,22.0,8.88,45.05,3,0.72,96.18194902789648,116.08742653450142,0.8968932204827044,9,0.4641029101803555,27.0,0.6978600853070476,,26
P163e85d6f0,3,0,32.0,11.29,53.01,4,0.674,87.90168260014022,112.524697272509,0.9447978190829954,11,0.5743706122054709,7.0,0.7496774364135147,,23
P705a98169f,3,1,3.0,7.51,20.31,1,0.896,101.54947456246202,116.85107067881552,0.8339759994075862,15,0.4828876515124824,45.0,0.6785094499106508,,19
Pc0a7512363,2,1,2.0,8.63,18.36,0,0.734,100.66912028493394,107.40185864829536,0.6779772276584151,10,0.342969455394504,93.0,0.36826008419662015,,23
Pcdc707f847,2,1,15.0,3.62,6.15,0,0.851,99.2370639863664,106.25411405041852,0.6869078240397353,17,0.5668777227049033,90.0,0.6246282843733194,,16
P122cdb8b56,2,,2.0,13.81,26.1,0,0.753,97.00406915153508,111.01025997210525,0.825058342327804,6,0.5820894783641182,48.0,0.3653792920667731,,24
Pfaef4e4fa0,3,,2.0,7.75,44.88,2,0.77,96.45481342576505,118.3600879106052,0.9132163557961929,5,0.5884805539060014,24.0,0.6666570702988132,,32
Pac86c1698b,2,-1,10.0,5.44,9.08,0,0.756,106.15956148113668,112.07728591476163,0.6510873958217233,9,0.38758505254497455,102.0,0.46542528156568724,,27
Pf135ac542c,3,1,1.0,11.29,59.15,4,0.792,87.90168260014022,112.524697272509,0.9447978190829954,11,0.5743706122054709,7.0,0.7496774364135147,,23
Pbe8ddcfedd,3,0,21.0,7.75,44.96,2,0.77,96.45481342576505,118.3600879106052,0.9132163557961929,5,0.5884805539060014,24.0,0.6666570702988132,,32
P6354170b78,3,2,32.0,1.31,1.44,0,0.822,110.41672166929044,109.03374761944801,0.4638264050516008,21,0.5793275247883858,183.0,0.7031674582192786,,10
Pb57f8a063b,2,1,3.0,0.44,-23.64,0,0.839,115.36115986864704,104.29734676068517,0.23876710037762638,19,0.4468073716903543,285.0,0.385553812377095,,11
Pe000f38dce,3,0,45.0,10.07,53.02,1,0.787,90.28138696730926,116.02161819747201,0.9470859054536862,9,0.3998004201460147,6.0,0.7004403019167429,,28
Pe10b161d55,3,0,1.0,8.68,33.48,2,0.719,100.88989533995979,116.2609468607468,0.8362772077122117,16,0.44164528909626655,43.0,0.6709774720481375,,18
P280da25d92,2,0,23.0,3.73,5.88,0,0.804,104.72110122572785,107.86865948196257,0.5843260462523833,15,0.5067678427806056,127.0,0.5557222230510142,,20
P518109d62a,3,0,10.0,12.12,51.42,2,0.801,92.35874003387272,118.21873150581033,0.9447392756592212,9,0.6164169416843654,8.0,0.7484292580792296,,25
P42302cf51e,3,0,0.0,4.55,18.42,0,0.809,97.43338285313001,108.13398660644924,0.7682266953753825,18,0.5662019882371769,70.0,0.7027868233617335,,14
P9f172daeb6,2,-2,3.0,0.63,-11.6,0,0.936,118.65029889894569,110.6862282078252,0.3102325402614933,16,0.3263564419118556,248.0,0.42722789586027077,,16
P70f8b46029,2,-1,24.0,6.79,13.09,0,0.807,103.34026781639128,110.25801998422821,0.6781222179875223,6,0.3593839921978541,92.0,0.3979236898422455,,28
P1f842c307e,3,0,24.0,6.35,9.06,1,0.864,106.11707829958672,112.53461213980458,0.6626788793016462,17,0.41605675822591226,98.0,0.6737658371789561,,15
Pa34ab286f7,3,0,2.0,6.69,22.96,2,0.741,98.89327469349024,114.0941245241238,0.8381190615498192,9,0.49373393433129337,42.0,0.6720379832138507,,24
P334022cd7d,3,,23.0,6.35,11.44,1,0.864,106.11707829958672,112.53461213980458,0.6626788793016462,17,0.41605675822591226,98.0,0.6737658371789561,,15
P097ac7e3e1,3,1,32.0,4.54,16.74,1,0.845,100.2991772721775,111.91160097266891,0.7789995256613809,15,0.45393891630351263,66.0,0.6568770565878204,,17
P55d017c927,3,,13.0,5.47,18.64,0,0.792,100.73136297778663,117.19456613105294,0.8507950724622637,8,0.5720348242248791,35.0,0.6505588253975323,,27
P42b9d239c3,3,,35.0,11.64,50.47,3,0.883,93.3261225848282,122.68399375580732,0.9587265379939736,8,0.603840246096006,3.0,0.7221743489934253,,29
Pae17b87a4a,3,,2.0,8.51,48.55,3,0.759,94.66009004695718,119.18404889634274,0.9339696339141409,5,0.4483647176658557,9.0,0.6613756609002013,,30
Pd4282e2cb6,3,,11.0,9.0,17.32,0,0.723,99.7886235246541,114.8776208716395,0.8347057336708322,14,0.5603264959060048,46.0,0.746439908504417,,18
P6f990ff013,3,,34.0,8.98,47.48,3,0.883,93.3261225848282,122.68399375580732,0.9587265379939736,8,0.603840246096006,3.0,0.7221743489934253,,29
P4467431c36,3,,2.0,9.21,23.29,0,0.713,95.73152633199695,108.1880819530786,0.8032481965471566,16,0.589752695362639,57.0,0.7507213769163121,,20
P946b6a7bec,3,,5.0,7.77,34.35,5,0.84,95.99650837264107,116.15062680100432,0.8994948550544849,11,0.6310845660345493,20.0,0.754694348512441,,26
Peb77360d78,3,0,25.0,9.04,52.94,4,0.788,94.42165668874006,128.73001701444437,0.9724653404720066,4,0.6032917511084435,1.0,0.7577201765701186,,36
P50c2524b85,3,,22.0,7.54,30.3,5,0.807,95.99650837264107,116.15062680100432,0.8994948550544849,11,0.6310845660345493,20.0,0.754694348512441,,26
P57ab80ef44,3,0,22.0,12.77,53.95,3,0.701,94.66009004695718,119.18404889634274,0.9339696339141409,5,0.4483647176658557,9.0,0.6613756609002013,,30
P6ab3598ab0,3,0,1.0,6.18,9.1,0,0.945,103.12706253236584,112.9547884917524,0.7401592857831616,16,0.40790572894672406,80.0,0.6620089728085469,,19
P17f11f33c2,3,,13.0,9.57,26.63,0,0.894,96.37958955323295,111.4171662499527,0.8412221907400532,13,0.5251109663980544,44.0,0.7049357128693642,,20
Pcabff956fe,3,,0.0,7.76,17.87,1,0.866,100.59148690120898,110.89276527388304,0.7542120308838005,13,0.42439493074714907,75.0,0.5996877742029689,,23
P1f3e01b488,3,,2.0,7.29,36.54,1,0.713,91.81335426829654,113.07758179791966,0.9164941103870615,10,0.440698074871162,14.0,0.7131999327467059,,27
P58e5b2eaa8,3,0,10.0,12.0,56.11,4,0.797,94.42165668874006,128.73001701444437,0.9724653404720066,4,0.6032917511084435,1.0,0.7577201765701186,,36
P5e4a09f56c,3,,4.0,8.64,34.06,1,0.756,96.83009902448225,113.5361474459883,0.861806854334305,10,0.46094106468471713,29.0,0.6669218106880478,,22
P26d2a90c5b,3,0,4.0,6.46,21.33,1,0.922,98.1131488949379,114.16767953268247,0.8510409418947296,13,0.42196652933486445,34.0,0.6575692926061492,,19
P82bbff96e6,3,0,5.0,5.02,2.42,0,0.896,98.76937710450565,103.70709024107657,0.636684603519091,19,0.4387115161662854,117.0,0.6660413063364223,,13
Pdb9cad4004,3,1,3.0,11.64,51.22,3,0.838,93.3261225848282,122.68399375580732,0.9587265379939736,8,0.603840246096006,3.0,0.7221743489934253,,29
P4d03279429,2,0,15.0,8.02,16.79,0,0.73,96.62452012650331,109.47296377911641,0.8077907343555248,9,0.4538768205700769,56.0,0.547029716565971,,23
P75b2e5cfed,3,0,3.0,5.64,15.74,1,0.812,101.57196626515625,114.2222567131532,0.7941057343876705,12,0.5793334039010429,63.0,0.6523794523064599,,21
P5da3d9ffcd,3,1,13.0,7.76,41.59,1,0.867,90.7146753048348,114.74772135970044,0.9371854082627807,8,0.414615111943664,7.0,0.6914790461964828,,33
Pf507011aa5,2,0,11.0,7.48,33.46,0,0.598,103.03200709377624,121.26481181447443,0.8668945211595591,8,0.5686860655734266,25.0,0.6242557287804692,,25
P8926a62cc8,3,1,44.0,6.51,20.12,0,0.727,95.05231186855087,111.53079084017489,0.862776310582869,13,0.617492109488287,27.0,0.748041664408504,,22
Pbe6b6d05a9,2,0,1.0,13.77,39.62,0,0.723,87.87242650165439,112.11047886004665,0.9427506483554786,5,0.45977581117020094,5.0,0.5809483703229223,,31
P688b157768,3,,14.0,12.0,56.97,4,0.797,94.42165668874006,128.73001701444437,0.9724653404720066,4,0.6032917511084435,1.0,0.7577201765701186,,36
P15b5ca7021,3,0,2.0,9.34,38.66,0,0.705,96.16382584444412,121.15980202475954,0.934450716197256,11,0.4467641281262349,8.0,0.7076635330945255,,26
P9f769e6678,3,0,1.0,12.0,56.55,4,0.797,94.42165668874006,128.73001701444437,0.9724653404720066,4,0.6032917511084435,1.0,0.7577201765701186,,36
P15b4774186,3,0,4.0,8.43,38.31,1,0.861,96.7024156305335,122.49134990199343,0.9381166629710678,8,0.6101338349491926,6.0,0.7759446814849174,,31
Pb53e68dfee,2,1,35.0,2.76,-7.87,0,0.894,106.50069281281401,105.78286015654444,0.48056620907817554,17,0.4141718635215225,170.0,0.53577558695065,,14
P9106a597f3,3,,2.0,11.64,52.62,3,0.883,93.3261225848282,122.68399375580732,0.9587265379939736,8,0.603840246096006,3.0,0.7221743489934253,,29
P8eec131338,3,0,2.0,8.35,28.53,0,0.794,97.7336525264088,116.5611485710645,0.8834954472591292,12,0.43251342568899964,23.0,0.6784945438108225,,21
P3e065b4b4e,3,,2.0,7.77,38.07,5,0.84,95.99650837264107,116.15062680100432,0.8994948550544849,11,0.6310845660345493,20.0,0.754694348512441,,26
Pe581c6d22f,3,0,11.0,8.64,32.4,1,0.756,96.83009902448225,113.5361474459883,0.861806854334305,10,0.46094106468471713,29.0,0.6669218106880478,,22
P8ecb19c544,3,,3.0,7.77,35.35,5,0.84,95.99650837264107,116.15062680100432,0.8994948550544849,11,0.6310845660345493,20.0,0.754694348512441,,26
P27d264f43c,3,,22.0,4.14,15.4,1,0.85,101.55943883214607,114.11932659158396,0.7926386520822518,10,0.4686086618950919,62.0,0.6215207234467782,,26
P6786e0dd88,3,0,33.0,7.75,36.21,0,0.754,94.62803893702053,116.28966356746662,0.914549867926494,9,0.5404809273327928,15.0,0.7022673195009821,,25
P1a46c41bff,3,0,4.0,6.61,23.25,0,0.87,98.91221457759914,114.25652467186646,0.840030377594261,12,0.5639384094656239,45.0,0.635732980907189,,24
Pa129b1725d,2,0,24.0,6.82,1.38,0,0.767,103.87297552324405,108.74602826827325,0.6288376198692701,15,0.4060772468059816,119.0,0.5172725737287863,,18
Peef8948765,3,0,12.0,8.99,49.15,1,0.782,96.06412055411369,123.55646272127134,0.9475662809193939,7,0.5416102919998825,4.0,0.7008443716810405,,30
P1597c7370a,3,0,0.0,11.29,41.51,3,0.807,87.14185220260882,115.02227445384801,0.9605422705788759,3,0.5546908889110309,2.0,0.7085817309378599,,31
Paa92a86ff3,2,1,1.0,5.1,7.83,0,0.83,100.03110558834328,107.96018292303813,0.7062488810674279,16,0.4691263998330596,94.0,0.5593227136020802,,17
P3e655a07ed,3,0,13.0,8.46,27.59,1,0.791,96.71453676802578,112.19415688529247,0.8464952053410096,14,0.49803535822927814,38.0,0.6840811782981572,,22
Pbb5225b691,2,0,25.0,4.23,-3.37,0,0.829,102.12411692083455,104.90030161419322,0.5765061639201348,13,0.44096252045501316,131.0,0.47018145495196334,,21
Pb5f59c2405,3,0,40.0,5.64,15.0,1,0.921,101.57196626515625,114.2222567131532,0.7941057343876705,12,0.5793334039010429,63.0,0.6523794523064599,,21
P004efe3965,3,1,24.0,5.19,6.47,1,0.805,99.35665841454227,105.04882588877416,0.6549018564176352,15,0.5445836828130755,113.0,0.6584543799419261,,17
P4f854a47d9,2,,13.0,4.0,-4.95,0,0.863,107.07743650253073,108.59895196589812,0.5404759859517029,17,0.5741623897767058,150.0,0.5639494172656163,,14
Pf5a8190f4f,2,1,10.0,10.13,39.41,1,0.785,92.95066421037146,115.97366625218748,0.9272290872733108,6,0.5416579804609163,16.0,0.6204232404197579,,30
Pf3d3c05896,3,0,13.0,8.93,51.96,0,0.799,92.29283950794631,119.07375976237847,0.9493063337650339,6,0.5848625115517618,5.0,0.7228203801256944,,32
Pf3241f5074,3,-1,3.0,8.26,31.63,0,0.693,100.75022942950316,115.51744157115348,0.8282017659005803,10,0.5001553507696966,48.0,0.6763927514827217,,26
P9bb134b52c,3,1,5.0,2.92,-3.57,0,0.824,104.10972566208193,103.66112921339223,0.48758775075067756,23,0.40963369588171705,169.0,0.663000243561618,,9
Pa84706eb34,2,1,5.0,2.18,-3.41,0,0.802,98.89642523254813,100.14920518776786,0.5361275262122238,13,0.46791556076382823,146.0,0.4162973002591342,,17
P3f77f707c0,3,0,1.0,8.87,22.64,1,0.825,100.73136297778663,117.19456613105294,0.8507950724622637,8,0.5720348242248791,35.0,0.6505588253975323,,27
Pa08fe4841f,3,,1.0,11.64,57.13,4,0.883,93.3261225848282,122.68399375580732,0.9587265379939736,8,0.603840246096006,3.0,0.7221743489934253,,29
Pfc813e5d63,3,0,1.0,4.47,14.51,1,0.728,95.58715231259875,107.84282055101474,0.8001637925467947,15,0.5337817852858401,60.0,0.7175537170856192,,18
Pa5c483aef9,3,-1,35.0,8.87,22.05,1,0.825,100.73136297778663,117.19456613105294,0.8507950724622637,8,0.5720348242248791,35.0,0.6505588253975323,,27
P67e5a8f825,3,0,34.0,7.68,24.88,1,0.747,100.7908668124218,119.77086364295619,0.87912031863239,12,0.5205392660816865,24.0,0.7236620830467158,,21
P64a44986ea,3,0,1.0,8.56,36.19,1,0.803,97.39857362152955,120.96258165405084,0.9235580075849699,11,0.6663563496023286,11.0,0.7613462242836396,,26
P2b78ea748d,3,1,35.0,6.54,21.03,0,0.93,99.72616514648503,114.46498461336184,0.8299354932433001,15,0.4562342415720586,49.0,0.652593837320899,,21
P8c5417b762,3,0,32.0,6.61,31.87,0,0.866,93.44621677533686,112.88498401565059,0.8978269337788483,10,0.5003221334657654,21.0,0.7055814260355411,,25
Pb779a9fa56,3,0,22.0,8.53,33.3,2,0.791,96.71453676802578,112.19415688529247,0.8464952053410096,14,0.49803535822927814,38.0,0.6840811782981572,,22
P88accb87c9,3,0,34.0,10.25,24.01,1,0.707,95.05231186855087,111.53079084017489,0.862776310582869,13,0.617492109488287,27.0,0.748041664408504,,22
P86827217ed,3,0,24.0,5.74,12.16,0,0.794,100.76584197238307,111.82623545846918,0.768113207363007,15,0.2381033421444312,70.0,0.6262266680133217,,15
Pef380f9642,3,0,0.0,5.26,21.43,2,0.822,103.10205898062763,114.59035222742389,0.7711663707168575,15,0.492167339855057,69.0,0.6948644845093903,,18
Pf2fe8710f7,2,1,11.0,8.94,34.78,1,0.769,87.87242650165439,112.11047886004665,0.9427506483554786,5,0.45977581117020094,5.0,0.5809483703229223,,31
P61e8cd7d80,3,1,31.0,7.77,33.49,0,0.818,98.54993995098138,118.1986562845719,0.8899997059692878,12,0.5319337537857679,22.0,0.7257000507286634,,22
P98ab129fa2,2,1,3.0,4.06,5.79,0,0.925,100.02614229151305,109.91278480999603,0.7472387783919285,8,0.527225665889875,77.0,0.5744423043273339,,26
Pc317d28310,3,0,55.0,7.49,43.06,0,0.848,97.66113535686034,121.32914734034196,0.9238284973674996,6,0.5768746217896248,10.0,0.7235917051311161,,29
P87c0df2ff6,2,0,32.0,6.57,17.27,0,0.815,97.63158978549886,109.97078461160983,0.7971630423165792,8,0.5970286650294235,62.0,0.5993864441611442,,26
Pda6183deac,3,1,30.0,9.7,35.96,0,0.868,97.23735383203206,120.6040755169067,0.9224863566581605,11,0.5284042845483709,18.0,0.7539643397992015,,24
P4c0563638d,3,0,22.0,7.76,41.18,2,0.867,90.7146753048348,114.74772135970044,0.9371854082627807,8,0.414615111943664,7.0,0.6914790461964828,,33
Pdd2dc8d5b8,3,0,4.0,7.68,28.0,1,0.774,100.81692955037218,117.00070227532476,0.8471015884661779,12,0.5613119833919331,37.0,0.7245977553093841,,23
Pfa8477edf9,2,1,12.0,1.79,-1.78,0,0.792,104.49937368684877,104.3067861105553,0.49469681664248105,18,0.5482580502005712,165.0,0.5407791231624575,,15
Pdda77ad869,2,0,3.0,9.14,33.38,1,0.811,95.22490759005609,117.58937951371703,0.9187891319351733,5,0.5725279378141767,13.0,0.5510895588943704,,32
P4e98315e7d,2,1,13.0,2.83,3.6,3,0.811,104.54421181663017,107.04176024008436,0.5674619166400687,8,0.2930479257270438,136.0,0.39258411661767245,,26
Pde1bad3875,2,0,23.0,6.39,20.51,0,0.692,95.43211967036217,107.15442124636951,0.791227672535321,6,0.48885599436952626,64.0,0.45204887575535646,,28
P8843180e2e,2,2,0.0,2.53,2.87,0,0.825,103.62852494711204,106.24521499027148,0.5712069397163375,12,0.40682636283174484,134.0,0.34987404955622525,,23
Pf9200340d9,2,0,20.0,2.97,3.02,0,0.862,101.82740789375549,105.00315990429687,0.5873880590556485,19,0.5714153779825387,128.0,0.5488189619310748,,13
Pb10189ae74,3,0,11.0,8.41,26.58,0,0.775,94.24462818819504,115.58659286257904,0.9127313763700976,13,0.6059464425943412,17.0,0.7309005324202484,,21
P82f3368572,2,0,10.0,4.37,18.31,0,0.785,95.43211967036217,107.15442124636951,0.791227672535321,6,0.48885599436952626,64.0,0.45204887575535646,,28
P4294404a76,3,0,12.0,5.69,1.78,0,0.902,101.26089463245351,107.64215026034486,0.6688056189702595,16,0.3672227241884278,108.0,0.585980320980927,,16
P8c68a86e22,2,2,5.0,5.38,-2.86,1,0.826,106.50069281281401,105.78286015654444,0.48056620907817554,17,0.4141718635215225,170.0,0.53577558695065,,14
P9ce3123e64,3,0,15.0,8.93,52.03,0,0.799,92.29283950794631,119.07375976237847,0.9493063337650339,6,0.5848625115517618,5.0,0.7228203801256944,,32
Pe0f4e51abf,3,1,21.0,7.96,35.89,1,0.888,96.54223067807716,122.79288641682267,0.9408085923892002,9,0.5412136269649015,10.0,0.7350603200328361,,28
Pd1f1ba6351,2,0,11.0,4.39,-1.09,0,0.953,103.03490219029806,108.79768423901066,0.6515492344376526,11,0.35979611327011934,115.0,0.49942513943228584,,25
P212def8838,2,,44.0,4.56,10.94,0,0.842,104.49344447384786,110.74767898410505,0.6611663771851043,13,0.45244986596871145,112.0,0.5456092808835847,,20
P480c7bd367,3,0,13.0,5.63,11.9,0,0.638,101.94163848471874,110.77856817521607,0.7223257945197185,20,0.5013482468908009,83.0,0.6932716044279223,,11
P665ee60687,3,0,3.0,2.91,5.89,0,0.764,95.4205013632627,98.47412740389345,0.5895860809245596,19,0.26580773995622836,127.0,0.6104465499060588,,15
P16c24a4b1f,3,1,1.0,10.25,23.86,1,0.727,95.05231186855087,111.53079084017489,0.862776310582869,13,0.617492109488287,27.0,0.748041664408504,,22
P9da71ed5b4,2,,0.0,4.88,4.87,1,0.885,104.16968179882684,106.3788782090965,0.5600433681706917,17,0.4573332985429219,139.0,0.5515341899527196,,17
P9425f36257,2,0,10.0,1.63,-7.46,0,0.807,110.63563033030829,102.16811468401147,0.2858431560699883,19,0.38274202799579127,263.0,0.40560357350520077,,13
P503b298309,2,0,10.0,3.62,2.94,0,0.692,102.28647202651793,100.50577938371889,0.4496796237853102,16,0.40101903794103017,189.0,0.3982077579297332,,20
P5a52d22738,3,0,4.0,4.56,10.84,0,0.796,101.94163848471874,110.77856817521607,0.7223257945197185,20,0.5013482468908009,83.0,0.6932716044279223,,11
P40b8fb181b,3,1,10.0,9.66,26.8,0,0.848,94.08906408768678,109.63830402064198,0.853067735151748,15,0.5647171187502309,32.0,0.7440632630288992,,19
P3da380186d,2,0,14.0,-2.63,-48.97,0,0.793,118.30568991897057,95.2594874112853,0.07644397056177389,29,0.545185199055348,344.0,0.5287618806437383,,3
P4d3e8e1430,3,0,22.0,8.73,45.26,0,0.848,97.66113535686034,121.32914734034196,0.9238284973674996,6,0.5768746217896248,10.0,0.7235917051311161,,29
Pb670429ce2,2,2,0.0,-0.7,-37.52,0,0.694,117.04036624506134,101.9846130242896,0.1702982803476147,24,0.5106628228971289,318.0,0.4402850894411189,,8
Pdc6d30b38b,3,0,12.0,5.5,21.29,0,0.656,102.02411514454386,111.03143126583055,0.7257065773632921,18,0.4402831765299007,82.0,0.6520713644540845,,14
P967c24e09d,2,0,22.0,-0.32,-19.74,0,0.874,111.75766931605051,98.54678515572915,0.19050738951679413,23,0.38591739973479017,307.0,0.4094918134632292,,10
P72c5e8d0fa,2,0,12.0,2.19,-3.25,0,0.864,107.82481119553216,106.9832339253131,0.4774877038206392,12,0.3252545757148126,174.0,0.37731482376323583,,23
P65f2080ef4,2,,10.0,6.49,31.28,1,0.789,95.14920008320647,110.45423624931111,0.8475203379450115,11,0.4646100124342585,36.0,0.5663487491404804,,22
Pcdc9c2f7c5,2,,23.0,0.04,-33.41,0,0.756,108.45775546796335,95.3304219314546,0.18487895839315688,19,0.5355728619602226,311.0,0.4757193835507301,,12
P0984734cb9,2,0,22.0,4.25,-4.5,0,0.88,106.02807796148826,104.42635173340811,0.4563484757730367,18,0.5932052846858121,185.0,0.6205438268860075,,14
P4ebe015218,3,2,10.0,10.71,37.62,0,0.822,93.93250234736189,115.28901131087906,0.9134064012352312,13,0.40638065641341814,16.0,0.6731179903258511,,26
P9d76a38c5e,3,0,35.0,8.84,30.58,0,0.698,97.12320670061197,113.03087395551344,0.8512359124402259,15,0.44442663340817534,33.0,0.6925409134840175,,21
P00e7133fc6,3,,1.0,10.05,42.41,3,0.879,90.37825284940857,119.63753375024531,0.961776217109955,6,0.6153691186243182,5.0,0.7399319980979776,,32
Pfe4fcea486,2,,12.0,3.41,4.06,1,0.859,99.62110824278543,111.46025565248343,0.7843808528834924,5,0.40460271591561253,59.0,0.4128248662250084,,28
Pa9cae64430,3,,5.0,16.46,52.94,3,0.807,90.37825284940857,119.63753375024531,0.961776217109955,6,0.6153691186243182,5.0,0.7399319980979776,,32
P846172a369,3,0,12.0,10.67,56.38,2,0.876,91.09754813501581,123.7705487689506,0.971383373168519,3,0.48781933205379086,2.0,0.7103898916827339,,35
P297d12820e,3,,10.0,2.5,-1.82,2,0.811,101.31635920058244,101.145062719827,0.49513525139949144,23,0.48316718007286963,161.0,0.6925501412354427,,9
Pbc4309c829,3,0,23.0,12.96,47.18,0,0.784,86.41965263036917,115.93471851549234,0.9670366395299436,7,0.4432213517932305,3.0,0.7084282909568956,,31
P43dec358d1,3,,2.0,11.36,43.96,2,0.77,92.61785239378642,120.81973415275142,0.9550796487601805,7,0.61284675342382,7.0,0.7379327072730697,,29
Ped6b9a1a7c,3,,10.0,7.5,27.96,1,0.759,94.94177280994735,114.13924682596475,0.8926199868071898,16,0.6367220143197184,22.0,0.7572273152102877,,21
Pbea2d75e26,2,0,21.0,16.6,55.11,3,0.782,91.0071090370055,124.3618062502395,0.9731679882491514,4,0.5600821516433178,1.0,0.6041430274290579,,33
P2f61c21e93,3,,2.0,16.46,55.69,3,0.879,90.37825284940857,119.63753375024531,0.961776217109955,6,0.6153691186243182,5.0,0.7399319980979776,,32
Pb14f594f0a,3,2,13.0,7.77,39.26,2,0.77,92.61785239378642,120.81973415275142,0.9550796487601805,7,0.61284675342382,7.0,0.7379327072730697,,29
P4a79c6caeb,3,1,25.0,8.61,44.47,4,0.81,90.96547706575583,118.25576906314436,0.9533474637120924,7,0.5581559160093404,8.0,0.7225179244911001,,30
P4ebfdd4833,3,,14.0,10.16,46.81,4,0.762,90.96547706575583,118.25576906314436,0.9533474637120924,7,0.5581559160093404,8.0,0.7225179244911001,,30
P714602a9aa,3,,0.0,9.65,21.75,0,0.734,96.44143475134,108.30646246898164,0.7915563415785448,16,0.5018735160509483,53.0,0.7107021920197978,,19
P7c5888ec9d,3,0,5.0,6.58,43.97,0,0.823,96.41093993557317,122.02074282061174,0.9375597736858897,10,0.5384431912012896,12.0,0.7365275370655702,,30
P6f1d3c64d2,3,0,4.0,8.84,36.48,0,0.877,94.53800620400743,118.62880174093016,0.9315323625883797,9,0.42779790362008946,13.0,0.6609951561359672,,26
P4832cf3ea3,3,0,4.0,3.52,10.38,1,0.857,94.2227278216496,106.52509597778338,0.8039662611047523,9,0.5768454379332696,51.0,0.6420178294862281,,27
Peecc71d248,2,0,15.0,8.45,44.94,3,0.782,91.0071090370055,124.3618062502395,0.9731679882491514,4,0.5600821516433178,1.0,0.6041430274290579,,33
P023bbe5ec1,3,2,2.0,8.33,40.27,3,0.815,96.50201395399961,123.52238238051564,0.9447406399944852,6,0.5103679472417889,10.0,0.7012191511888378,,31
Pb16e641fe9,3,0,11.0,10.27,54.55,2,0.876,91.09754813501581,123.7705487689506,0.971383373168519,3,0.48781933205379086,2.0,0.7103898916827339,,35
P6a5f6ac2d8,3,,5.0,11.36,46.74,2,0.77,92.61785239378642,120.81973415275142,0.9550796487601805,7,0.61284675342382,7.0,0.7379327072730697,,29
Pf1b3205a09,2,1,3.0,7.92,16.96,0,0.843,102.03013467455409,115.91718175314026,0.8126754945420354,6,0.5211937276079094,50.0,0.44727466481383304,,27
P8209ad6040,3,2,25.0,8.26,46.56,3,0.783,92.05027090477492,112.50164147137818,0.9094780960033438,8,0.5445174737020779,15.0,0.7087919370992818,,29
Pefa2378416,3,1,2.0,11.47,42.66,2,0.847,86.76835699496428,115.32202339430336,0.9634413488718203,7,0.4463045239204371,4.0,0.7213980486179042,,30
Pa4c28f80ad,3,,3.0,10.16,48.66,4,0.81,90.96547706575583,118.25576906314436,0.9533474637120924,7,0.5581559160093404,8.0,0.7225179244911001,,30
Pba03162225,3,,4.0,6.23,12.34,0,0.816,101.54027262564644,109.83777100349081,0.7116298896006081,17,0.48355349904039807,79.0,0.594827988987023,,16
Pe661d7acde,3,0,33.0,4.54,3.01,0,0.595,101.26635542096531,105.76314298705474,0.6223771837300709,21,0.5012436348000251,124.0,0.6961943635330812,,11
Pd17e70140c,3,,0.0,3.91,4.65,0,0.704,98.65225954299358,102.28010880976245,0.60236088393415,16,0.5329597445655411,133.0,0.6064312918509798,,15
P14a01dedf9,3,1,3.0,11.22,58.32,0,0.835,95.57330327249245,123.49061607324201,0.9501273797084594,10,0.602957467871331,9.0,0.763345059949149,,26
P5cd98708f1,3,0,23.0,6.03,23.56,2,0.866,94.51123945934577,112.3969553606517,0.8800768370520605,11,0.44706749388159717,28.0,0.7186912983841078,,23
P1ddfe32e8c,2,1,11.0,7.07,21.94,0,0.861,96.9542033119398,113.52093731073671,0.8598576745252962,5,0.5690543624723277,35.0,0.5580994992385491,,29
P2f4b26e6e1,3,0,10.0,6.12,18.37,2,0.764,97.87794491707878,110.10215120003576,0.7946856497578803,16,0.5435273531596291,52.0,0.696360544906706,,18
P6336d0d324,2,0,1.0,-1.43,-41.16,0,0.664,107.5861378126778,95.2665939379769,0.19804712397935853,24,0.39722990810052244,310.0,0.47253993360810936,,8
P7ff4af5e7c,3,2,4.0,8.08,25.93,1,0.869,100.10720738447627,115.50876981133723,0.8383097049544024,10,0.6052104635423343,39.0,0.699505446151474,,26
P2084d7c5fc,3,2,5.0,11.76,46.99,3,0.815,96.50201395399961,123.52238238051564,0.9447406399944852,6,0.5103679472417889,10.0,0.7012191511888378,,31
Pab169ed872,3,0,5.0,11.32,18.18,1,0.824,94.2227278216496,106.52509597778338,0.8039662611047523,9,0.5768454379332696,51.0,0.6420178294862281,,27
P273938bb97,3,,1.0,6.56,27.01,1,0.883,92.76695345431807,108.97012602813399,0.8642805984102594,13,0.5434092550116405,33.0,0.6338550368930337,,25
P90a39c14ab,3,0,15.0,4.92,18.36,0,0.883,99.35232503789084,113.25838155615911,0.8185409023542576,17,0.4836553334373248,46.0,0.7305968301319384,,19
P5c11762ec9,3,,11.0,9.26,35.04,2,0.86,97.8064688312225,119.12664523967172,0.9061714399648461,12,0.5072329638641289,16.0,0.7209589058769117,,23
Pd50729b5d0,3,,13.0,11.47,43.86,2,0.847,86.76835699496428,115.32202339430336,0.9634413488718203,7,0.4463045239204371,4.0,0.7213980486179042,,30
P18facb688d,3,1,14.0,8.13,44.42,3,0.737,92.05027090477492,112.50164147137818,0.9094780960033438,8,0.5445174737020779,15.0,0.7087919370992818,,29
P4797fb50d3,3,0,11.0,8.69,32.63,2,0.746,97.98243465198722,117.68542257086847,0.8915922852430865,11,0.5866102951549451,23.0,0.726155534677769,,23
P277650e4b3,2,0,5.0,4.36,-2.01,1,0.881,104.10182993231604,107.97044296489504,0.6033902892743341,9,0.47944369220907,131.0,0.4179196271304624,,24
Pf6db5ed983,3,0,3.0,8.58,35.32,1,0.807,97.85338581849689,118.69092364682467,0.9020404031029087,7,0.5823510085636195,18.0,0.7169806080375806,,28
P338a42b9d0,2,0,5.0,4.66,10.34,0,0.856,97.82980193231646,103.3227072834087,0.6520859801205566,13,0.4624939257847061,112.0,0.5211529562621151,,21
Pdee21247bb,2,2,3.0,5.16,8.11,0,0.859,109.52358215295136,115.88113418074343,0.6567599067442507,8,0.35700818104693127,109.0,0.3783628432402118,,27
P224fa713e4,3,0,3.0,9.26,34.79,2,0.86,97.8064688312225,119.12664523967172,0.9061714399648461,12,0.5072329638641289,16.0,0.7209589058769117,,23
Pb69fbd28c6,3,-1,5.0,10.67,57.03,2,0.818,91.09754813501581,123.7705487689506,0.971383373168519,3,0.48781933205379086,2.0,0.7103898916827339,,35
P2c24c6affb,3,2,0.0,11.76,47.51,3,0.786,96.50201395399961,123.52238238051564,0.9447406399944852,6,0.5103679472417889,10.0,0.7012191511888378,,31
Pd88f1bdac2,2,0,25.0,7.26,14.57,0,0.712,103.53637435087926,111.58182290384383,0.7027869160553736,8,0.4372489589199967,82.0,0.4872046494642151,,22
P9537391b0e,2,1,10.0,7.07,21.27,1,0.861,96.9542033119398,113.52093731073671,0.8598576745252962,5,0.5690543624723277,35.0,0.5580994992385491,,29
Pf6658be174,3,0,14.0,8.43,39.62,1,0.942,96.7024156305335,122.49134990199343,0.9381166629710678,8,0.6101338349491926,6.0,0.7759446814849174,,31
P519f028bfb,3,0,2.0,4.09,4.01,0,0.813,100.62506301041478,108.30663112067958,0.6997269001657376,13,0.428507993741978,84.0,0.6236237970825703,,21
P4f7a1b04a6,3,0,11.0,9.3,27.86,1,0.851,95.384096859401,111.28049208434209,0.8547849542264111,14,0.5502038889814878,36.0,0.6989455644492435,,20
P47c5a2733b,3,0,3.0,5.66,20.34,0,0.843,99.02993130669174,114.03418240274671,0.835122444611315,13,0.5080204276377756,40.0,0.6908051087253453,,20
Pc3b8b90cf8,3,0,25.0,10.05,27.78,2,0.767,101.84100254536534,116.8230022761793,0.8289696733272188,12,0.4152340951705082,44.0,0.7061894125993244,,23
P60e6add6f8,3,1,30.0,7.61,38.5,0,0.833,95.66668062862536,116.42544157838489,0.9053710666464625,14,0.5382569473386818,19.0,0.734825232663056,,21
Pa9b6b7ec3f,3,0,32.0,7.77,30.53,2,0.84,95.99650837264107,116.15062680100432,0.8994948550544849,11,0.6310845660345493,20.0,0.754694348512441,,26
Pbec5e357b6,2,0,1.0,4.79,-12.04,0,0.779,106.48455556559995,106.0463662539192,0.4881470421280255,14,0.5180834835885376,167.0,0.4162439011144164,,19
P2061b46d22,3,0,11.0,5.05,21.69,0,0.73,98.91221457759914,114.25652467186646,0.840030377594261,12,0.5639384094656239,45.0,0.635732980907189,,24
P9406d39f17,2,0,2.0,4.87,4.88,0,0.844,106.52960342530145,110.52011405903937,0.6041789275548632,9,0.42012520169304546,125.0,0.3921223516101099,,23
Pd00fce6a5a,3,-1,45.0,4.45,16.26,0,0.778,98.68546890642278,109.57175855098296,0.7691259578663749,11,0.5398999795379096,64.0,0.6298043171838286,,23
P4862cd71b2,2,0,3.0,3.61,-10.5,0,0.836,109.76964442495802,107.94731361951666,0.4520184285248972,13,0.3661027072797753,187.0,0.38437776738219687,,20
P1d6fd5f29a,3,0,5.0,7.37,20.45,1,0.776,97.51219774691668,111.11365947958814,0.8178168417092763,14,0.47616446843706917,47.0,0.7428299288052731,,22
Pcb86ff794b,2,0,24.0,6.34,30.97,0,0.854,94.3898605370901,113.58958205940864,0.8937203010858019,9,0.4685063664404616,21.0,0.6407433359524933,,24
P8534216773,3,1,1.0,12.57,51.25,1,0.797,96.41093993557317,122.02074282061174,0.9375597736858897,10,0.5384431912012896,12.0,0.7365275370655702,,30
P5a277fef0e,2,0,2.0,3.49,0.47,0,0.672,100.31477505750308,105.6788924521303,0.6454412545424921,14,0.4764543689340656,115.0,0.6040676713591606,,18
P3022e1c032,3,1,5.0,8.84,36.08,1,0.877,94.53800620400743,118.62880174093016,0.9315323625883797,9,0.42779790362008946,13.0,0.6609951561359672,,26
P82887a653c,3,0,31.0,5.48,4.03,1,0.819,107.41058824413858,112.56965917384719,0.6316972076353796,17,0.36151787217651815,121.0,0.5985782833798486,,19
P37457bff4f,3,,0.0,5.3,18.97,0,0.796,98.68546890642278,109.57175855098296,0.7691259578663749,11,0.5398999795379096,64.0,0.6298043171838286,,23
P6a3fce0af3,3,,2.0,6.56,24.98,2,0.883,92.76695345431807,108.97012602813399,0.8642805984102594,13,0.5434092550116405,33.0,0.6338550368930337,,25
Pc1416b3728,2,0,23.0,16.6,53.09,4,0.782,91.0071090370055,124.3618062502395,0.9731679882491514,4,0.5600821516433178,1.0,0.6041430274290579,,33
P8df31bfe17,3,,0.0,8.58,40.35,2,0.807,97.85338581849689,118.69092364682467,0.9020404031029087,7,0.5823510085636195,18.0,0.7169806080375806,,28
P484d9844af,3,0,20.0,16.46,50.59,4,0.879,90.37825284940857,119.63753375024531,0.961776217109955,6,0.6153691186243182,5.0,0.7399319980979776,,32
P90d8771ad4,2,2,13.0,-2.01,-40.27,0,0.742,120.04522178080303,98.3069593444526,0.0913387258633058,25,0.40703447830975836,341.0,0.340809030434436,,6
P026aafcf31,2,0,15.0,2.22,-17.18,0,0.764,113.98242181809877,104.91044775922512,0.27812586290416125,23,0.5067107334336681,270.0,0.44715116878682687,,10
Ped12aa913a,2,0,55.0,0.15,-18.95,0,0.763,108.12769573981731,107.60837800694463,0.48616216502576387,15,0.40782005579093905,168.0,0.39454300686360977,,18
P2318b539a3,3,0,4.0,7.22,7.02,0,0.815,94.00514879080639,102.05145581684212,0.7200011668818542,19,0.4355172942462369,78.0,0.6970837095638482,,13
P3e9c3ca3d7,2,1,3.0,4.34,12.85,0,0.652,97.10301899972461,109.03747501827405,0.7913480594465884,14,0.5199248315818911,54.0,0.6202762585280505,,22
P7d0e11d7f1,2,0,24.0,5.73,21.37,0,0.666,99.089486684174,111.23994796188708,0.7908673407079923,8,0.5317019290778006,55.0,0.47318752275832543,,29
Pca926e63d0,3,1,23.0,5.0,19.92,0,0.911,94.02561872315488,110.69142964653706,0.867215503581995,18,0.6110884619834253,32.0,0.7630867175074434,,14
P804e0e2e1c,2,0,3.0,4.67,-16.05,0,0.615,105.20964029732431,99.28628740750298,0.3393043400719598,21,0.38770773758298505,232.0,0.4455762555068806,,10
Pe19880ee92,3,0,32.0,7.46,28.06,0,0.874,88.97330478840793,108.77696767848744,0.9097903064906347,9,0.5191993818124655,14.0,0.717921200634066,,25
P52c5169542,3,2,11.0,11.76,44.17,4,0.815,96.50201395399961,123.52238238051564,0.9447406399944852,6,0.5103679472417889,10.0,0.7012191511888378,,31
P0be342d921,3,0,30.0,4.15,13.75,0,0.739,97.47806106158257,108.58169898966386,0.7756629865145165,16,0.523100495515023,63.0,0.6919483425595582,,16
Pf0f9e6d8f5,3,0,0.0,4.99,15.71,2,0.788,97.0539347830769,108.31320619942431,0.7794119345369183,16,0.6131020616450346,61.0,0.7177081729627999,,18
Pbda39b05ec,3,0,11.0,10.32,44.53,1,0.806,86.41965263036917,115.93471851549234,0.9670366395299436,7,0.4432213517932305,3.0,0.7084282909568956,,31
P20a99f84fd,3,1,13.0,3.98,15.96,1,0.768,96.44143475134,108.30646246898164,0.7915563415785448,16,0.5018735160509483,53.0,0.7107021920197978,,19
Pf450c7fe3d,3,0,0.0,7.04,2.29,0,0.763,102.67518938896758,107.07865984013475,0.6184375739469484,17,0.40614084901743913,128.0,0.6490122868108372,,14
P4516ced6d5,3,,1.0,3.24,9.88,0,0.785,103.00651578360116,109.51084419469237,0.669109521503566,16,0.6070063295835453,102.0,0.6427509686133167,,17
P1a41a85440,3,,10.0,3.84,-4.39,0,0.902,104.4251548987154,104.39246804153505,0.4990999359888248,20,0.40135448761740283,158.0,0.6588836130213741,,11
P2185571f79,3,0,13.0,12.96,52.02,1,0.806,86.41965263036917,115.93471851549234,0.9670366395299436,7,0.4432213517932305,3.0,0.7084282909568956,,31
Pb14e5c1c97,2,0,15.0,7.89,32.52,0,0.854,94.3898605370901,113.58958205940864,0.8937203010858019,9,0.4685063664404616,21.0,0.6407433359524933,,24
P9308e80088,3,0,2.0,9.26,31.59,3,0.86,97.8064688312225,119.12664523967172,0.9061714399648461,12,0.5072329638641289,16.0,0.7209589058769117,,23
P19aaf87bc8,3,0,1.0,11.47,44.67,3,0.847,86.76835699496428,115.32202339430336,0.9634413488718203,7,0.4463045239204371,4.0,0.7213980486179042,,30
Pa5b07b6f43,2,0,2.0,3.33,-0.02,0,0.911,106.33600735326809,106.32870163406474,0.4998024689500653,19,0.5631629395220018,157.0,0.5548168374453719,,14
P1464c171bc,2,0,15.0,4.95,9.63,0,0.813,102.23671015390607,107.7382289721362,0.6462868489904825,10,0.5450290978649677,114.0,0.529025203635883,,24
Pbafaf944fd,3,0,1.0,7.02,35.29,2,0.802,93.67581643553049,113.73300678674813,0.9030126801271416,10,0.7123646104572524,17.0,0.7929431741351609,,26
P25c1384060,2,0,13.0,-0.66,-22.45,0,0.877,111.84970598018194,102.21458107864527,0.2619341763136096,17,0.5706860845667067,283.0,0.3968119780868906,,15
P7c241c8e95,2,0,12.0,1.05,-14.5,0,0.829,112.19517604721173,99.8870427408537,0.20811913715011301,17,0.394344317934146,298.0,0.33708899514062624,,12
Pb0f44d6b69,3,0,4.0,3.23,9.37,0,0.785,103.00651578360116,109.51084419469237,0.669109521503566,16,0.6070063295835453,102.0,0.6427509686133167,,17
Pbac78302af,3,0,5.0,7.89,10.81,0,0.843,100.62506301041478,108.30663112067958,0.6997269001657376,13,0.428507993741978,84.0,0.6236237970825703,,21
P56aec34978,3,0,14.0,6.24,20.44,2,0.883,92.76695345431807,108.97012602813399,0.8642805984102594,13,0.5434092550116405,33.0,0.6338550368930337,,25
P76d288c08d,3,0,12.0,7.03,19.53,1,0.877,95.72923493213969,110.79276525538396,0.8429818476615596,14,0.506876730058356,38.0,0.7116583015243011,,23
Pb1eb09fa94,3,0,13.0,3.24,11.02,0,0.771,103.00651578360116,109.51084419469237,0.669109521503566,16,0.6070063295835453,102.0,0.6427509686133167,,17
P03938af6ae,3,0,2.0,8.69,36.21,3,0.845,97.98243465198722,117.68542257086847,0.8915922852430865,11,0.5866102951549451,23.0,0.726155534677769,,23
P7a85c71bc1,3,0,15.0,6.7,18.3,0,0.822,98.21692867658649,111.81665432878023,0.8162796341290907,15,0.5834814755769409,48.0,0.68092132765539,,20
Pc7623d005f,3,1,44.0,12.88,50.32,2,0.833,92.25945576889458,120.60791262218112,0.9561152383774636,7,0.5876386255280882,6.0,0.7678356689883058,,32
P920b587915,3,0,1.0,7.77,34.05,2,0.84,95.99650837264107,116.15062680100432,0.8994948550544849,11,0.6310845660345493,20.0,0.754694348512441,,26
P48e78aee32,3,0,50.0,5.3,19.12,0,0.62,101.95556310687053,109.66325995232475,0.6980626585608007,21,0.5397779832612637,85.0,0.7329779450435332,,15
P73b9dbd92b,2,0,21.0,1.28,-15.76,0,0.821,106.10375224592656,97.90511817189494,0.2839780863304139,27,0.45135199231272294,265.0,0.6143604318708694,,4
P71e4b2b4d3,3,0,25.0,9.3,28.2,1,0.822,95.384096859401,111.28049208434209,0.8547849542264111,14,0.5502038889814878,36.0,0.6989455644492435,,20
P6d3980e9f0,3,0,13.0,9.01,37.55,1,0.786,94.26572912400911,113.70559886545212,0.8962459647045837,14,0.6046923687253687,20.0,0.722192589669942,,20
P35f0fb7731,3,,5.0,6.06,16.7,0,0.691,100.10207733282004,108.73012387545074,0.7212764631549313,16,0.515542931157655,88.0,0.6637378582539359,,16
Pba698d642d,2,,32.0,4.62,26.59,1,0.753,89.22917047256033,100.139593819563,0.7902788598632605,10,0.4937739655731462,63.0,0.622142567521381,,21
P272ac40c3c,3,,4.0,9.17,39.58,2,0.764,92.5070523931814,111.16315351246861,0.8921325954417427,5,0.5527845805601475,20.0,0.6865055290558648,,26
P7699b7f669,3,,23.0,5.72,21.89,1,0.813,96.0545992212033,111.06603302423586,0.8415616435451316,6,0.5637719475773183,39.0,0.6737570154765729,,25
P6232d5a44f,3,,21.0,5.29,10.7,1,0.794,91.91424504062113,103.64152698714996,0.799142529168594,9,0.4937714875262529,57.0,0.6502151232720608,,22
P41612ab4e2,2,0,1.0,8.76,36.5,0,0.803,93.39666438589029,119.50182976386623,0.9445105840853392,2,0.5352093879947307,4.0,0.588078705474421,,29
P90a7395cb0,3,0,25.0,6.48,19.16,1,0.869,94.73799873504294,112.66289476829932,0.8800366183493005,7,0.5170718201306695,26.0,0.7250590742365334,,24
Pd70c9ef8df,3,1,24.0,5.62,35.12,2,0.764,92.5070523931814,111.16315351246861,0.8921325954417427,5,0.5527845805601475,20.0,0.6865055290558648,,26
P1388f2fd26,3,0,22.0,4.76,7.53,0,0.729,100.79806822070816,109.30909485053188,0.7175203350603803,20,0.5586918573744177,90.0,0.7228290183140847,,12
P0df73941d8,3,0,2.0,5.8,14.66,1,0.771,99.18734952281905,111.44585434792134,0.7925025011923985,15,0.6187203352970865,60.0,0.6947269587308926,,16
Pe6c9de6d86,3,0,24.0,4.18,-9.17,1,0.814,103.39316150550651,104.58583150596274,0.5329264159626226,21,0.4546795356240981,156.0,0.6513511663753848,,11
P388cb0d5da,3,,2.0,5.49,18.11,0,0.831,98.32946943052707,108.1707044852423,0.7496878609417341,19,0.6553820560821603,78.0,0.7290489921717578,,14
Pe0b660d280,3,,33.0,4.11,14.08,1,0.767,93.28333049512102,105.5126665862503,0.8048174476064471,17,0.5448510211598662,54.0,0.6770532431656626,,15
P0cd98a270c,3,,0.0,5.44,33.73,3,0.802,91.20778344682032,110.86123747412475,0.9041403347282554,11,0.5809519102341981,12.0,0.689062227657927,,21
P04526b8576,3,0,41.0,6.92,24.44,1,0.85,93.73303688209373,113.99080957041897,0.9046653588819411,7,0.6039262596984731,11.0,0.7370446214636183,,24
Pb7d583a85a,2,,55.0,4.62,22.65,1,0.611,89.22917047256033,100.139593819563,0.7902788598632605,10,0.4937739655731462,63.0,0.622142567521381,,21
Pa3fa433740,3,,3.0,6.78,27.98,2,0.795,95.19244964281106,112.7876196133843,0.8754977093846401,6,0.5268794433684157,28.0,0.6547465568444982,,25
Pe237a28a37,3,,22.0,6.73,35.02,3,0.802,91.20778344682032,110.86123747412475,0.9041403347282554,11,0.5809519102341981,12.0,0.689062227657927,,21
P63236d3a70,3,0,5.0,6.78,26.46,2,0.854,95.19244964281106,112.7876196133843,0.8754977093846401,6,0.5268794433684157,28.0,0.6547465568444982,,25
Pf46613d969,3,0,3.0,6.15,26.39,1,0.737,97.37282829105496,117.4946198300541,0.8966200759997386,7,0.6059448547923224,18.0,0.6927980664957114,,24
P08bc96e9be,3,0,35.0,8.92,39.47,2,0.842,87.72204645548007,116.08080002807674,0.9616280994966876,3,0.6381604595309288,1.0,0.7375528557394252,,28
Pa7dbf13041,3,,4.0,5.72,17.61,1,0.802,93.28333049512102,105.5126665862503,0.8048174476064471,17,0.5448510211598662,54.0,0.6770532431656626,,15
P69f4c7679c,2,0,22.0,6.56,23.61,0,0.767,92.82815975602722,113.77422265704772,0.9121247309427365,2,0.43750874772289133,9.0,0.5459146554039029,,30
P5be180758a,3,1,1.0,7.7,2.06,0,0.719,96.746598836655,105.09191132947501,0.7214190643864472,16,0.47994088786494427,87.0,0.6875437241782794,,16
P289da7f9c1,3,,3.0,6.33,18.66,0,0.816,90.69996451885245,104.21065700507381,0.8315791358287662,12,0.4623846376739649,45.0,0.626855785212287,,20
Pad0b972baf,3,,1.0,7.02,45.83,3,0.816,91.91466530751362,115.26544378779657,0.9310759973891874,6,0.580707659921505,6.0,0.6788142510147229,,25
P48772fff87,3,0,25.0,5.61,22.55,0,0.914,94.39856780488032,111.91621061417001,0.8762710916076017,16,0.5851818293778898,27.0,0.7533716883424583,,15
P1f88525e9f,3,0,23.0,7.19,37.92,1,0.789,91.31649688281317,114.77196977224497,0.9327099582871452,9,0.550748743376868,5.0,0.7390908302017452,,22
P32d7e7e1eb,3,0,1.0,6.33,15.0,0,0.864,94.42442726357682,108.92253292452713,0.8378920595940395,11,0.5726777032645074,42.0,0.6754248469372918,,21
P198bb02a0c,3,0,0.0,6.21,-7.14,1,0.739,103.39316150550651,104.58583150596274,0.5329264159626226,21,0.4546795356240981,156.0,0.6513511663753848,,11
Pdc083a80a9,3,0,33.0,6.97,19.17,0,0.883,98.56804853316514,113.45966631676822,0.8345264274952784,14,0.501904133059983,44.0,0.6608414956856076,,18
P04282e0cbf,3,0,12.0,7.17,15.22,1,0.777,99.79114103454822,113.58424891390246,0.8159059693427677,11,0.5358263851576762,49.0,0.6597881263359616,,20
P716f6175e4,3,1,3.0,7.02,45.97,3,0.631,91.91466530751362,115.26544378779657,0.9310759973891874,6,0.580707659921505,6.0,0.6788142510147229,,25
P2b95cb9990,3,0,4.0,6.78,26.6,2,0.854,95.19244964281106,112.7876196133843,0.8754977093846401,6,0.5268794433684157,28.0,0.6547465568444982,,25
P429838957d,3,,3.0,7.46,33.63,0,0.84,91.70526559587364,109.91261053120789,0.8892119503876555,13,0.46808693963349346,22.0,0.6710259184310887,,18
P9cddcdc1ad,3,0,33.0,10.87,37.68,1,0.781,93.95200670206052,115.13080707526109,0.9119576636428869,7,0.519054944256522,10.0,0.6728185229685328,,24
P173da90181,3,0,2.0,2.64,2.93,0,0.711,97.39943551456597,102.20612786464986,0.6350559462203635,16,0.35995085567043034,119.0,0.6103841873849146,,16
Pc2d24d5902,3,,1.0,6.73,36.86,3,0.758,91.20778344682032,110.86123747412475,0.9041403347282554,11,0.5809519102341981,12.0,0.689062227657927,,21
P866e6f90bf,3,0,1.0,7.09,20.17,1,0.912,96.05471912969132,108.8599906177736,0.8083248934481008,12,0.5591469802382789,52.0,0.6668565842572974,,20
P2ca61183dc,3,0,4.0,5.8,23.4,0,0.848,102.52338381556486,118.26199768330146,0.8378521547879497,10,0.5727739349248803,43.0,0.6760716633350368,,21
P1cf3ac09b1,3,1,5.0,12.82,45.14,1,0.802,91.31649688281317,114.77196977224497,0.9327099582871452,9,0.550748743376868,5.0,0.7390908302017452,,22
Pb3e461d4cf,3,,2.0,7.02,48.37,3,0.816,91.91466530751362,115.26544378779657,0.9310759973891874,6,0.580707659921505,6.0,0.6788142510147229,,25
Pdc49b6ecb0,2,0,1.0,4.78,-10.37,0,0.762,104.39238743286506,104.17216235489335,0.49392882234787056,14,0.5560323719580432,172.0,0.4889738356458339,,17
P9d5ce33ec0,3,0,1.0,6.48,13.14,1,0.825,99.79114103454822,113.58424891390246,0.8159059693427677,11,0.5358263851576762,49.0,0.6597881263359616,,20
P170284fab5,3,0,4.0,5.15,8.08,0,0.888,95.26837741191939,102.60207369879555,0.701163063555747,16,0.44473280257558645,96.0,0.6883222437440765,,16
P641ed83c9a,2,1,2.0,6.24,10.79,0,0.786,100.16961944133269,110.09134160315844,0.7476509060053178,12,0.571591681116009,80.0,0.5633924637291691,,19
P8884c4fd03,2,1,5.0,8.53,15.39,1,0.751,94.44837565982449,109.3455829257419,0.8434716964457505,8,0.4732013315531478,38.0,0.5336723037184062,,26
P6142a39d2b,3,0,25.0,10.85,22.18,0,0.917,85.59563943582344,99.95238038908454,0.85608966179987,7,0.46679645026985356,34.0,0.6638176483338024,,23
P0fec6c7ff1,3,2,3.0,0.79,-16.42,1,0.772,109.87502575281994,105.96390811168678,0.39727842415368936,21,0.34049981976285343,212.0,0.5495969099795966,,11
P076dcdb147,3,0,1.0,11.5,42.06,3,0.836,87.72204645548007,116.08080002807674,0.9616280994966876,3,0.6381604595309288,1.0,0.7375528557394252,,28
P98391b949f,2,0,33.0,8.34,37.64,2,0.821,94.33048946100033,121.26445207949905,0.9472723379491272,2,0.47838746199280224,3.0,0.5670598987757075,,31
Pc5171d01c1,2,-1,3.0,9.7,47.98,0,0.824,91.62221741703917,116.59084650727945,0.9411142397763641,4,0.459740030224847,11.0,0.6244758655655109,,33
P2943e264b5,2,2,2.0,2.97,-15.01,0,0.844,116.63156625854373,106.71737677421956,0.26471322506023764,17,0.5048773540082909,280.0,0.3632057780678355,,15
P72ce5af049,2,1,3.0,6.07,-9.38,0,0.817,99.57245559256616,99.02850634453156,0.4842564605442877,12,0.3993231658722683,170.0,0.47975599545252773,,16
P34a08a87d4,3,0,0.0,6.78,27.43,3,0.854,95.19244964281106,112.7876196133843,0.8754977093846401,6,0.5268794433684157,28.0,0.6547465568444982,,25
Pc74b3d476e,3,1,11.0,7.24,38.58,0,0.648,91.87422922056584,111.42987801167178,0.9019615085987556,10,0.4569222340332843,15.0,0.7069673946373777,,21
P80eaeaa85d,2,0,11.0,11.24,34.95,1,0.67,92.1947437157632,112.04814681651021,0.9040271220013761,8,0.5782456894334204,13.0,0.6595287739945878,,23
Pceb9387e05,3,0,0.0,6.93,27.37,0,0.824,97.42992036099186,113.97053489592594,0.8585472337599162,12,0.5572005800769251,33.0,0.725916857503972,,18
P9580c6ee97,2,1,33.0,3.94,10.43,0,0.798,99.80646279586526,104.69572984537714,0.6341337412955858,17,0.4853395163539482,120.0,0.5338381937323124,,16
P2cd53b2728,3,0,15.0,4.65,16.83,2,0.912,96.05471912969132,108.8599906177736,0.8083248934481008,12,0.5591469802382789,52.0,0.6668565842572974,,20
Pc09cd8c6d0,3,0,13.0,8.54,19.92,0,0.72,92.15782560327781,106.39897121695807,0.8392250042325213,13,0.5711358691411642,40.0,0.7267518649008847,,19
P63a2ab1a2a,2,0,13.0,0.62,-10.88,0,0.782,104.2506194278034,103.55802531000066,0.4808454456944265,11,0.4211489178396226,177.0,0.4302856697118046,,21
Pf75af7bb1f,3,0,5.0,8.43,35.82,0,0.904,96.43616352283432,120.58550157118276,0.9289053355553103,7,0.5277821856927045,7.0,0.7035117408954963,,24
P16e9d60aa9,3,-1,3.0,9.17,38.67,3,0.69,92.5070523931814,111.16315351246861,0.8921325954417427,5,0.5527845805601475,20.0,0.6865055290558648,,26
P4f020a46a6,2,0,3.0,4.29,9.95,0,0.721,97.08446882884095,105.41769903851804,0.7205144787908483,7,0.4992322841544384,89.0,0.3654397828593399,,26
Pa8a4b42a31,2,0,24.0,5.73,26.6,0,0.934,98.81459815095683,114.02158300292328,0.838368362881915,8,0.5216230275794302,41.0,0.6049228373565226,,25
Pc2faa1488c,3,0,22.0,6.67,23.21,0,0.787,94.59243186455319,112.65574188323274,0.8818149280067119,9,0.5514995554490894,24.0,0.7165612879042884,,22
P9c6ee0d9a6,2,1,3.0,2.68,2.32,0,0.873,105.4104805749381,106.58707004892682,0.531869646462323,11,0.3452803164204853,157.0,0.40993951199902684,,22
Pe6009787c4,3,1,33.0,9.23,35.11,2,0.807,88.36792588248753,114.45283150720726,0.9514095533931445,4,0.550103599045267,2.0,0.7063472745878753,,26
P4722b5d5ff,3,0,1.0,6.93,28.52,0,0.824,97.42992036099186,113.97053489592594,0.8585472337599162,12,0.5572005800769251,33.0,0.725916857503972,,18
Pc4f35f8bd3,2,0,23.0,0.76,-28.5,0,0.798,108.41103933778086,96.97708257120551,0.21725499987054026,23,0.47292956140234543,303.0,0.48620169387868806,,8
P8943f8c99a,3,0,5.0,5.46,19.08,0,0.748,98.6002799436628,109.58867767375332,0.7711982504631628,12,0.47311786743981094,71.0,0.6433554623993253,,19
Pa974d0f28b,3,0,11.0,2.65,-3.08,0,0.789,100.45473667870692,101.45390669664118,0.5284241427667575,25,0.5025890749519712,158.0,0.7365024695689697,,7
P4ddb9bf638,3,0,23.0,6.78,27.35,3,0.854,95.19244964281106,112.7876196133843,0.8754977093846401,6,0.5268794433684157,28.0,0.6547465568444982,,25
Ped501e46cc,3,0,5.0,6.68,24.27,1,0.854,102.52338381556486,118.26199768330146,0.8378521547879497,10,0.5727739349248803,43.0,0.6760716633350368,,21
P9d7519067e,2,0,15.0,3.78,9.29,0,0.856,103.25229224265823,112.95559602868119,0.7374821036082945,11,0.4381359759425127,82.0,0.5821966720723298,,19
P92b5b7a56d,2,0,11.0,0.53,-29.81,0,0.721,101.71649775182922,94.23077204317514,0.2933661369497756,15,0.38382132689636017,258.0,0.2630353958366736,,16
P5fdfb73e8f,3,0,1.0,7.84,30.28,0,0.82,94.59243186455319,112.65574188323274,0.8818149280067119,9,0.5514995554490894,24.0,0.7165612879042884,,22
P5b50a9b58b,3,,2.0,6.78,32.09,3,0.854,95.19244964281106,112.7876196133843,0.8754977093846401,6,0.5268794433684157,28.0,0.6547465568444982,,25
Pd3cfd798be,3,0,34.0,7.59,38.9,1,0.724,92.64822375617612,114.52959623492222,0.9196994267207442,10,0.509082302236653,8.0,0.7191680127151329,,21
P9b1073be42,2,0,35.0,0.72,-15.57,0,0.938,113.5307059862111,107.39937403644252,0.3455928608406109,17,0.5105416122791105,232.0,0.43990179252609674,,15
Pc76c8c8711,2,0,0.0,4.61,-6.53,0,0.763,108.55932202287104,104.80600326885377,0.40019906358635543,10,0.29338074415908155,210.0,0.31514297841135847,,21
P51e6803c0a,2,0,15.0,4.2,0.7,0,0.825,95.64881128931984,99.76749311644176,0.6188877895028753,17,0.5760722464496403,125.0,0.6499800360051682,,14
P2dd8b69701,3,0,0.0,7.17,19.45,2,0.825,99.79114103454822,113.58424891390246,0.8159059693427677,11,0.5358263851576762,49.0,0.6597881263359616,,20
P770d276313,2,,4.0,4.52,3.87,0,0.7,103.95199816569749,104.62575852945095,0.5185655197904357,19,0.4592241172176996,163.0,0.5386769708603525,,11
P051c4d4903,3,1,20.0,9.27,36.04,0,0.768,91.61041601440678,109.58070750407569,0.8869379345146717,15,0.5872985734655868,23.0,0.7509460581165726,,16
Pa9f698b274,3,1,20.0,6.06,17.46,1,0.813,100.10207733282004,108.73012387545074,0.7212764631549313,16,0.515542931157655,88.0,0.6637378582539359,,16
P61afdc25a4,3,,2.0,7.31,25.88,0,0.671,92.25906480666997,108.50086783421135,0.8658569268697728,9,0.5676287895064077,36.0,0.7450653309947819,,21
Pc3e0235987,3,,4.0,6.89,29.81,1,0.795,90.5091287162657,114.30518227870581,0.9360964575449418,8,0.6032254177925668,7.0,0.7719516960973138,,25
P45a39b68c1,3,,4.0,9.8,41.13,1,0.691,93.0454388475935,115.20971290074114,0.9210834799117097,7,0.5730359886945444,10.0,0.7338140224307196,,18
Pc97a1282a3,2,,1.0,10.68,54.76,3,0.792,90.93967496053722,125.91177294865844,0.9768407266176755,1,0.5515876272215003,1.0,0.6626737948453966,,31
Pb2632428b5,3,0,21.0,9.33,41.04,1,0.788,90.60130191775664,116.55844859162434,0.9477043351292616,5,0.5258195939062252,5.0,0.7801871493805316,,23
P2c8aa67899,3,1,45.0,9.71,52.41,1,0.772,92.91924712337678,124.88486221356916,0.9677078528506591,2,0.41983032817795246,2.0,0.6849005121457648,,28
P9e82692a6d,3,,3.0,8.91,24.72,0,0.704,92.76102760300111,105.05196590559433,0.8070459196094972,13,0.6022403354847968,57.0,0.7585557667585626,,14
Pa090759337,3,1,2.0,10.57,39.34,2,0.773,93.50431758791393,114.08941964901327,0.9078960014443866,8,0.4742632906296393,15.0,0.7382986890570313,,15
P4e35bd6add,3,,11.0,10.67,49.48,1,0.756,89.67208761155895,111.94732694031225,0.9276737233309817,7,0.6782261401085634,9.0,0.7723936109804926,,26
P05f9ca4653,3,0,5.0,6.79,20.05,0,0.764,97.4647083268039,115.89729397670871,0.8799505148704225,7,0.5497313495129282,30.0,0.7494655283011099,,21
Pa0882490f6,3,,5.0,7.38,32.99,1,0.734,91.41298983419198,109.75853852960788,0.8912230702201145,7,0.4011949461941985,26.0,0.693646389065367,,25
P0057628fa2,2,1,24.0,10.68,54.18,3,0.778,90.93967496053722,125.91177294865844,0.9768407266176755,1,0.5515876272215003,1.0,0.6626737948453966,,31
P54240b8a24,3,2,25.0,11.82,25.36,0,0.852,94.4908340283365,113.72370542489973,0.8938413758932741,7,0.4552594082793619,22.0,0.7001135775363555,,18
Pfce02776de,3,1,1.0,8.26,28.08,2,0.724,94.40370011677831,110.22148109450035,0.8558798503954969,10,0.6144118801551942,39.0,0.754774052852404,,15
P69549f38f2,3,0,22.0,7.24,34.19,2,0.849,93.11377225705888,112.67328520849065,0.8995927580757777,8,0.6188151399462944,19.0,0.734880033262477,,19
P392363bcf2,2,0,5.0,-2.42,-46.98,1,0.844,104.77145281605262,85.72413322935162,0.09050866048116284,9,0.3316316614541765,340.0,0.21377089531740429,,6
P721d8fa8f9,3,,45.0,8.99,30.11,1,0.719,89.97928413790582,107.65534863795783,0.887213356270921,9,0.46669167960608343,27.0,0.7156878721331247,,18
P87ada0d006,3,,23.0,5.67,20.25,1,0.764,93.81226212953614,108.29889314836349,0.839079180756549,16,0.7725912562435736,47.0,0.8025827154857557,,9
Pf6213e9937,3,,13.0,3.72,20.52,0,0.763,98.60044115267536,108.17791122351015,0.7438482134270262,14,0.6273332963847637,83.0,0.7562365459500039,,11
P88205fde52,2,0,24.0,9.05,41.99,1,0.745,91.26582691541918,119.12743105806501,0.9553745646743784,4,0.4443309790439302,3.0,0.6204748799216036,,28
P90b2305671,3,,11.0,8.99,27.11,1,0.719,89.97928413790582,107.65534863795783,0.887213356270921,9,0.46669167960608343,27.0,0.7156878721331247,,18
Pe728a39ea0,3,,11.0,11.22,34.67,1,0.691,93.03779492059276,109.06716988465698,0.8615254934035111,11,0.6151908969711168,37.0,0.7540821675876233,,18
P213b82c86a,2,0,34.0,2.53,-20.22,0,0.841,101.1301321064097,98.18909224540485,0.41595537553807177,11,0.0,193.0,0.38326897992307707,,6
P5480a34012,3,0,24.0,7.75,30.61,0,0.815,96.8015066991427,118.46201018480724,0.9106983899295256,7,0.6358580502022221,14.0,0.7579766202669391,,18
P30169adef4,2,1,0.0,5.42,17.01,0,0.848,99.61620931454675,110.5453133448336,0.7680186604572596,8,0.38341393347754327,74.0,0.524608343352471,,17
P21372aaded,3,1,1.0,10.67,44.06,1,0.756,89.67208761155895,111.94732694031225,0.9276737233309817,7,0.6782261401085634,9.0,0.7723936109804926,,26
P606c98790a,3,0,4.0,8.54,28.28,0,0.726,96.48325213226848,116.14858828304544,0.8940940886753518,10,0.7452350924118363,20.0,0.7603693563676696,,19
Pc624860c4a,3,,10.0,5.62,26.39,2,0.752,99.17582508434468,110.19082951757892,0.7705064308283459,14,0.5641083305417259,71.0,0.7286969122044944,,13
P9fd480084b,3,0,11.0,10.51,42.88,0,0.832,90.64921882775606,116.91627424409867,0.9491312676961104,7,0.6084549775184528,4.0,0.792519562619666,,24
P90932c4b0a,2,1,23.0,6.87,8.42,0,0.8,90.35777211116516,104.32390827059479,0.8392718915930006,9,0.5146122703185835,46.0,0.5523108875114303,,20
P82dc635a40,3,0,12.0,9.17,51.87,1,0.808,92.91924712337678,124.88486221356916,0.9677078528506591,2,0.41983032817795246,2.0,0.6849005121457648,,28
Pac178f1473,3,0,10.0,10.74,47.27,3,0.788,97.18940305319161,123.42788167225643,0.9398255541060718,9,0.3977337547848184,6.0,0.7420984712375193,,22
Pbfadf35dca,3,0,2.0,11.32,43.03,1,0.788,90.60130191775664,116.55844859162434,0.9477043351292616,5,0.5258195939062252,5.0,0.7801871493805316,,23
P6680e3073f,3,,4.0,7.83,41.59,2,0.849,93.11377225705888,112.67328520849065,0.8995927580757777,8,0.6188151399462944,19.0,0.734880033262477,,19
P3364db28a5,2,0,15.0,3.95,13.72,0,0.928,99.4799078243875,108.26862437542451,0.725833817257983,12,0.4928079321855696,87.0,0.5877065889853023,,15
Pb149e1d8c2,3,1,45.0,5.07,13.22,0,0.713,93.61793189473049,101.61980238610163,0.7197434666002864,20,0.4937654717493017,88.0,0.7664775667319788,,7
P152905cef4,3,0,13.0,5.13,17.56,0,0.886,95.11551049312791,106.51463207901499,0.7861190348017518,7,0.635426340674034,62.0,0.7411438987969106,,13
P1e1b55c58c,3,,2.0,5.62,25.83,2,0.752,99.17582508434468,110.19082951757892,0.7705064308283459,14,0.5641083305417259,71.0,0.7286969122044944,,13
P30aaba02d5,2,0,3.0,9.53,43.35,1,0.821,94.33048946100033,121.26445207949905,0.9472723379491272,2,0.47838746199280224,3.0,0.5670598987757075,,31
P5705590403,3,,3.0,9.6,26.91,1,0.764,93.81226212953614,108.29889314836349,0.839079180756549,16,0.7725912562435736,47.0,0.8025827154857557,,9
P60da7b4537,3,0,55.0,9.16,44.25,3,0.729,97.18940305319161,123.42788167225643,0.9398255541060718,9,0.3977337547848184,6.0,0.7420984712375193,,22
P0326e23b0d,2,0,23.0,3.95,6.91,0,0.777,97.92603090640388,105.97681528963662,0.7127118135566362,8,0.6152415079146678,91.0,0.5397204004433622,,21
P624b2b5afe,3,1,23.0,7.34,20.47,0,0.852,95.18341080822276,108.99356569409463,0.8260743061381355,13,0.6774243831375965,54.0,0.7671350706394802,,14
Pc131e1ee6f,3,0,2.0,7.46,21.95,0,0.812,94.86557279147299,111.8900824461999,0.869681470546511,14,0.39775234269886733,34.0,0.7517337135639541,,17
Pd1118f9ab3,3,0,23.0,8.26,28.36,2,0.762,94.40370011677831,110.22148109450035,0.8558798503954969,10,0.6144118801551942,39.0,0.754774052852404,,15
Pba95727095,3,1,20.0,7.83,35.44,2,0.849,93.11377225705888,112.67328520849065,0.8995927580757777,8,0.6188151399462944,19.0,0.734880033262477,,19
P2b13664da5,3,0,1.0,9.8,41.85,1,0.691,93.0454388475935,115.20971290074114,0.9210834799117097,7,0.5730359886945444,10.0,0.7338140224307196,,18
P9161b1752d,2,0,34.0,6.93,20.84,0,0.815,94.93912888769604,108.49003377307291,0.8226429492133062,10,0.5996299391629935,48.0,0.6614898943570359,,20
Pcc9fe4d64c,3,0,12.0,6.82,45.48,1,0.816,91.91466530751362,115.26544378779657,0.9310759973891874,6,0.580707659921505,6.0,0.6788142510147229,,25
P8c6b1e4de6,3,0,13.0,7.11,31.96,1,0.767,93.44624849471052,112.23106037943082,0.8915327667703048,9,0.5864770632694177,21.0,0.7353951633836913,,21
Pb52cacc824,3,0,44.0,4.68,15.0,0,0.871,100.11659414167984,110.1837396709497,0.750608390334185,17,0.5595455045540076,76.0,0.73200416798417,,15
P6675265e20,2,1,21.0,8.23,7.35,0,0.66,99.00540471501387,107.67356450488555,0.7241599370714559,6,0.44786476151506255,85.0,0.36938450601807193,,25
P72f09d9c22,3,1,15.0,5.86,30.14,2,0.807,93.1239182092684,113.01484591841569,0.9025833141992156,12,0.5573380245989826,14.0,0.7400738704155567,,19
P2e4a40f74c,3,0,20.0,5.05,7.09,0,0.776,94.6802452053329,102.29828584136055,0.7088812440477048,21,0.5516757588075486,92.0,0.7178536201785325,,11
Pe896f378ca,2,0,0.0,-1.17,-33.95,0,0.831,106.94650461789436,94.86749043484488,0.20129048896775606,24,0.45638411791233074,307.0,0.4416383521548462,,7
P7f3328bd09,3,0,3.0,6.95,31.31,2,0.766,93.1239182092684,113.01484591841569,0.9025833141992156,12,0.5573380245989826,14.0,0.7400738704155567,,19
P48e5247a2d,2,0,11.0,7.0,13.0,1,0.885,94.0720787123293,105.0070059682669,0.7798180827917972,9,0.5938581401757554,65.0,0.611822162799172,,21
P0d7f7c89fd,3,0,21.0,6.22,22.13,0,0.754,94.68183926355988,107.19610646803515,0.8065245564040293,14,0.6079042911978464,53.0,0.7344992136513112,,18
Ped12721a79,2,-1,32.0,4.6,4.24,0,0.769,104.1138520339857,106.77833106917198,0.5721441894641989,13,0.3546352285292246,140.0,0.4393921903051639,,20
P85bbbd5241,3,0,11.0,4.0,7.01,0,0.67,100.24847954569032,107.8248208254758,0.6980108981225583,12,0.39906049951603306,98.0,0.6880909491546409,,10
P41bcb3bebd,3,0,12.0,5.92,27.44,0,0.727,95.76211563517,111.7272698308862,0.8548585276665398,11,0.49704743769792126,40.0,0.7158114235964435,,16
P44ea7b86af,3,0,3.0,4.85,17.63,0,0.792,95.23898340181354,107.55297809441186,0.8019192718689451,13,0.5957497768577796,58.0,0.7402045830801632,,13
Pc9a85d9349,3,0,0.0,9.49,24.96,0,0.673,94.68743950513925,106.84362551080231,0.800436879153034,13,0.46166464188532325,59.0,0.7784929315337041,,15
Pc37129efde,3,0,2.0,9.88,38.69,0,0.857,99.52606325241754,119.79275237497203,0.8939227530128677,10,0.47964294877037844,21.0,0.7296037884136485,,19
Pcf11d56327,3,2,10.0,11.82,25.55,1,0.846,94.4908340283365,113.72370542489973,0.8938413758932741,7,0.4552594082793619,22.0,0.7001135775363555,,18
Pf2b31fcc76,3,1,35.0,8.99,26.27,2,0.719,89.97928413790582,107.65534863795783,0.887213356270921,9,0.46669167960608343,27.0,0.7156878721331247,,18
P71399e9935,3,0,0.0,6.27,22.26,3,0.846,91.57946156722048,108.7511454987459,0.8782898768222304,9,0.5739481470929031,31.0,0.7243572127540934,,21
Pff95561f44,3,0,5.0,7.74,16.96,0,0.906,96.17743802309862,113.78462874700568,0.8736137203302734,9,0.4616702227300185,33.0,0.7156750537290523,,17
P130d4826ef,3,0,25.0,7.32,39.9,1,0.677,92.49602695551599,115.68949560310978,0.9291073619055592,9,0.5322624818090917,8.0,0.7524539224853227,,23
P3692b72eac,3,0,1.0,9.88,38.49,0,0.846,99.52606325241754,119.79275237497203,0.8939227530128677,10,0.47964294877037844,21.0,0.7296037884136485,,19
Pa8621489c8,2,0,3.0,9.05,42.46,2,0.794,91.26582691541918,119.12743105806501,0.9553745646743784,4,0.4443309790439302,3.0,0.6204748799216036,,28
P2511a36f77,3,1,22.0,6.76,10.44,0,0.788,100.23906392556427,104.38728245932165,0.6145132390591775,14,0.4981900103489267,117.0,0.6829844490276553,,12
P77f7109f5b,3,0,4.0,8.6,46.7,1,0.699,97.31904255946915,120.40934869433232,0.9204428085640843,10,0.528690365715792,11.0,0.7853089255492591,,21
P3d136e77bf,2,0,1.0,8.4,20.29,0,0.868,97.3604021046024,108.73300902618685,0.7808235635418614,6,0.3261666250513736,65.0,0.6146380004968655,,11
Pd89d8db6f9,3,0,10.0,7.84,17.05,0,0.854,96.17743802309862,113.78462874700568,0.8736137203302734,9,0.4616702227300185,33.0,0.7156750537290523,,17
Pcfa1d05a1c,3,1,1.0,4.39,15.4,1,0.829,95.11551049312791,106.51463207901499,0.7861190348017518,7,0.635426340674034,62.0,0.7411438987969106,,13
P72048f0a4a,3,-1,23.0,9.8,45.9,2,0.651,93.0454388475935,115.20971290074114,0.9210834799117097,7,0.5730359886945444,10.0,0.7338140224307196,,18
P479c1cba2f,3,0,30.0,7.65,21.18,1,0.852,94.4908340283365,113.72370542489973,0.8938413758932741,7,0.4552594082793619,22.0,0.7001135775363555,,18
P71e4e7122a,3,0,0.0,7.62,38.05,0,0.773,91.89839211192324,111.94843126533891,0.9063261502728815,11,0.3989672624529454,16.0,0.6745939170676231,,18
P93a802efd4,3,0,2.0,9.33,22.66,1,0.791,97.4647083268039,115.89729397670871,0.8799505148704225,7,0.5497313495129282,30.0,0.7494655283011099,,21
Paf9449af91,2,0,20.0,6.97,36.55,0,0.671,91.50952025597371,111.24633683929791,0.904304578191209,5,0.6539988421142773,17.0,0.5946936894553706,,23
P40d023c55e,2,0,21.0,3.91,-18.15,0,0.791,107.16772519594056,104.17190347098634,0.41920061177849854,13,0.264314553401838,191.0,0.3119915203418316,,14
Pb4df715600,3,1,1.0,5.62,17.43,0,0.83,94.7085644539859,108.67083972800438,0.829412491333609,13,0.5798615129859863,52.0,0.7688621318748955,,13
P4583d7bf3c,2,0,0.0,6.39,22.31,0,0.763,95.79244419279408,109.68809160388456,0.8260310392102559,7,0.45631055351984284,55.0,0.5733058961615841,,14
P884d72cac4,2,0,21.0,6.59,27.57,0,0.65,90.18250780513958,105.23061581159178,0.8550370011811891,8,0.517912991973144,35.0,0.6281161232363508,,23
Pd0398785b7,3,1,11.0,5.94,31.72,0,0.826,91.34787597733163,112.51191660573946,0.9165536940444267,13,0.5020244181524199,12.0,0.7796457529862953,,18
P31c152a929,3,0,2.0,9.62,36.77,0,0.826,91.34787597733163,112.51191660573946,0.9165536940444267,13,0.5020244181524199,12.0,0.7796457529862953,,18
P03ad9770c3,3,0,12.0,6.22,22.62,0,0.766,94.68183926355988,107.19610646803515,0.8065245564040293,14,0.6079042911978464,53.0,0.7344992136513112,,18
Pf10c6bc653,3,0,30.0,9.6,25.39,2,0.764,93.81226212953614,108.29889314836349,0.839079180756549,16,0.7725912562435736,47.0,0.8025827154857557,,9
P1f0712d029,3,0,2.0,10.85,20.27,0,0.917,85.59563943582344,99.95238038908454,0.85608966179987,7,0.46679645026985356,34.0,0.6638176483338024,,23
P36846c8c89,3,1,2.0,7.54,26.43,0,0.845,94.3789629306285,106.11852505646198,0.7938420634997309,11,0.57515427789232,59.0,0.6900863691236303,,20
P9badd97dfe,2,0,11.0,10.68,53.56,4,0.792,90.93967496053722,125.91177294865844,0.9768407266176755,1,0.5515876272215003,1.0,0.6626737948453966,,31
P030ee18cdd,3,0,15.0,11.32,47.11,2,0.788,90.60130191775664,116.55844859162434,0.9477043351292616,5,0.5258195939062252,5.0,0.7801871493805316,,23
P9cb019ad12,2,0,3.0,5.01,14.95,0,0.786,97.51211364683667,108.38682797025295,0.7713402489689007,5,0.43097545879081983,70.0,0.4307526943903565,,22
Pd7fcef8bed,3,1,25.0,4.96,17.95,2,0.715,91.52864967500224,105.87213381812225,0.8421310703020423,8,0.6665529304087087,43.0,0.7551238120242346,,16
Pe6a7666c97,3,0,0.0,5.82,20.81,0,0.871,96.80068012360427,113.37201628712114,0.8602342058119735,10,0.5295462460040977,38.0,0.7286394903212677,,18
P91c6876a66,3,0,11.0,9.33,32.66,1,0.791,97.4647083268039,115.89729397670871,0.8799505148704225,7,0.5497313495129282,30.0,0.7494655283011099,,21
Pe77b8e73a4,2,0,3.0,0.44,-26.05,0,0.759,100.91057977080695,92.07530862699102,0.25851109995483046,13,0.6085268196682101,265.0,0.4091505786695263,,9
P5b6cf4f1ea,2,0,1.0,4.27,7.35,0,0.773,97.48246413042425,102.94629989224896,0.6518434816754591,8,0.45937580834527275,109.0,0.44272878784407116,,14
P5ea4e3ee4a,2,-1,2.0,5.95,3.83,0,0.863,98.952073156045,100.8719984653058,0.5550243930551676,6,0.4763683762861003,135.0,0.35636919330266237,,12
P0aa581f174,2,0,33.0,4.12,8.81,0,0.863,97.14907565028594,104.4028912361428,0.695957931356141,7,0.3456729020966773,100.0,0.39886822326466215,,17
P8b8dcb5659,3,0,5.0,9.8,41.86,2,0.691,93.0454388475935,115.20971290074114,0.9210834799117097,7,0.5730359886945444,10.0,0.7338140224307196,,18
P44ba277b42,2,1,1.0,7.6,18.07,0,0.958,98.06972537275598,109.69844021013344,0.78391843964785,9,0.5940096717390952,63.0,0.6284473020930715,,14
Pa74bde45e0,2,1,1.0,5.16,-1.72,0,0.78,98.86579729608474,101.49776581293652,0.5749666853857793,12,0.26749721053234526,130.0,0.583347067765317,,11
P4ff3e30134,3,0,2.0,8.91,22.34,1,0.704,92.76102760300111,105.05196590559433,0.8070459196094972,13,0.6022403354847968,57.0,0.7585557667585626,,14
Pff631d1742,3,0,13.0,8.6,46.78,1,0.794,97.31904255946915,120.40934869433232,0.9204428085640843,10,0.528690365715792,11.0,0.7853089255492591,,21
Pc4eb6bb8ac,2,0,25.0,6.58,31.03,0,0.784,89.19579728873384,109.6634651684999,0.9149552039557981,5,0.38303249364297776,13.0,0.5241969513459949,,26
Pf0fd005549,3,,24.0,9.88,40.79,0,0.857,99.52606325241754,119.79275237497203,0.8939227530128677,10,0.47964294877037844,21.0,0.7296037884136485,,19
Pd00c1b3d5c,3,0,2.0,8.19,29.01,0,0.753,94.97378856510518,109.47942061250524,0.8367933497642362,7,0.4865979342035301,50.0,0.664774425779879,,15
Pe0ef621774,2,0,22.0,1.52,-11.74,0,0.765,104.66399122318452,101.30724700222285,0.4073653522764131,10,0.0,199.0,0.40455115024100163,,11
Pd2d3c5dc1a,2,0,52.0,4.45,15.15,0,0.606,97.09383211882445,104.66072071416974,0.7032931940456062,2,0.5149702597165243,94.0,0.33486203373245194,,23
Pfc89c2e5d3,2,,1.0,4.97,15.35,0,0.801,101.20880658473075,109.02202554870715,0.7016542680637651,6,0.3371256762287566,96.0,0.31368731900427954,,23
Pf54b3f87be,2,0,35.0,2.88,-7.5,0,0.837,111.19937060639572,102.43661636238727,0.2801080617412845,12,0.3337154893406113,258.0,0.39952945025915587,,8
P300c3416e0,3,1,4.0,5.36,16.45,0,0.863,94.7085644539859,108.67083972800438,0.829412491333609,13,0.5798615129859863,52.0,0.7688621318748955,,13
Pf9546cce6b,2,0,45.0,4.95,4.55,1,0.824,100.95319763719326,108.44973457255179,0.695030160475653,9,0.3237601655268859,101.0,0.42698886041379597,,16
P150b11f782,2,0,4.0,4.43,14.2,1,0.836,99.4799078243875,108.26862437542451,0.725833817257983,12,0.4928079321855696,87.0,0.5877065889853023,,15
P704ac3a95d,3,0,0.0,8.68,30.64,0,0.785,96.49757103948292,110.79535437733959,0.83046418368976,11,0.3631970600145373,51.0,0.6725213938537559,,14
P621ab8f1c3,3,0,3.0,6.77,22.85,1,0.73,95.01490128838947,106.92201796250457,0.7953952906693853,15,0.46844863758632527,60.0,0.703238448922946,,18
P969b4447cc,3,,2.0,9.98,33.84,3,0.807,97.08294132634853,114.86878690105013,0.8737560833476777,11,0.5942464909816838,32.0,0.7209172680459591,,13
Pdda2ebeb84,3,0,23.0,6.93,31.7,0,0.833,93.63000810373049,112.58741401634764,0.8928662291588669,9,0.4686422236528152,24.0,0.7376538676068116,,22
P9951cfb317,2,0,1.0,0.13,-23.29,0,0.799,107.62007584777213,97.52678959972692,0.2436961244529361,15,0.4309548377685196,273.0,0.27473838679853757,,10
P588407dc89,2,0,5.0,3.84,-0.29,0,0.847,101.23417827856734,103.80422202905103,0.5715817229256117,8,0.4356408106761741,131.0,0.5047473899105843,,15
Pa47e64a2a6,2,0,3.0,3.01,-14.2,0,0.685,104.71404414683259,98.72766642568214,0.33693514311998557,8,0.4278043067118998,225.0,0.3313637852059302,,12
P983ac07ff1,3,1,34.0,6.93,34.8,0,0.833,93.63000810373049,112.58741401634764,0.8928662291588669,9,0.4686422236528152,24.0,0.7376538676068116,,22
P65cc7bdb71,3,0,1.0,9.1,34.63,1,0.843,96.48325213226848,116.14858828304544,0.8940940886753518,10,0.7452350924118363,20.0,0.7603693563676696,,19
P0843caad4a,2,1,21.0,4.72,18.25,0,0.676,96.92888772822505,107.93494520857814,0.7750130678328043,9,0.5626748011258567,68.0,0.557502131456689,,19
P21808403e2,3,0,2.0,7.89,22.21,0,0.763,91.90936829676987,106.05519731741369,0.8383906723061724,12,0.350330308445475,48.0,0.6698056482270175,,16
P082336d76f,2,0,32.0,1.41,-20.16,0,0.854,106.14527264111095,96.70486878056562,0.2551813357259502,10,0.13533704583952857,267.0,0.3727591633123014,,8
P3e86849b89,2,0,4.0,3.78,-4.38,0,0.864,98.64110148962473,96.73326465944112,0.44408414993889045,15,0.42505457006910075,193.0,0.4567072060759864,,17
Pa99e47f62c,3,0,5.0,8.81,22.64,0,0.733,96.8267763028117,111.08762963434984,0.8292117995917575,13,0.3253169621506287,53.0,0.7423458367369741,,20
P26d0fde68c,3,0,15.0,10.51,47.76,1,0.832,90.64921882775606,116.91627424409867,0.9491312676961104,7,0.6084549775184528,4.0,0.792519562619666,,24
P8af3d1371a,2,0,12.0,0.79,-8.59,0,0.945,109.52116977489199,105.21404441948457,0.3866555868801298,10,0.18752919469247192,205.0,0.32792271162569087,,13
Pa617e8f0a5,2,0,11.0,6.75,22.67,0,0.829,95.79244419279408,109.68809160388456,0.8260310392102559,7,0.45631055351984284,55.0,0.5733058961615841,,14
Pda7b1a3831,3,1,11.0,3.45,-7.25,1,0.85,101.17850082320724,101.93454096911805,0.5213900474421358,16,0.11325932195453799,157.0,0.7024363460593138,,6
P02bad696ed,2,0,1.0,6.82,2.52,0,0.654,97.54636022830351,101.91521724868613,0.6233649267569836,9,0.3875149888245018,115.0,0.47521293883875,,21
P4e2fe9e886,2,0,11.0,3.5,-15.26,0,0.669,103.82319056202593,97.90483320873108,0.33738383863882904,12,0.5634519344743774,224.0,0.4460158184466224,,6
P85b734a34a,3,1,0.0,5.62,17.62,0,0.863,94.7085644539859,108.67083972800438,0.829412491333609,13,0.5798615129859863,52.0,0.7688621318748955,,13
P281db24dd9,2,0,11.0,5.34,-2.46,0,0.809,102.89384755802993,105.64010295844528,0.5751543302164888,10,0.47645373837042865,138.0,0.45775843854796777,,21
P5d11abfd72,3,1,11.0,7.38,34.81,2,0.842,91.41298983419198,109.75853852960788,0.8912230702201145,7,0.4011949461941985,26.0,0.693646389065367,,25
Paa313fca48,2,0,3.0,4.43,16.75,0,0.788,96.18645563741143,105.7332741376305,0.7480534561707755,10,0.46366707264282053,81.0,0.554055215314999,,18
P4230b28232,2,0,3.0,5.78,22.75,0,0.819,96.59092537217344,107.2918966415306,0.7699954989682661,9,0.3779151725492429,72.0,0.49616723868128526,,16
Pac3967f922,3,0,23.0,7.28,19.95,1,0.844,95.56172881955908,111.15612487407819,0.8504809612244156,10,0.6919201711273192,41.0,0.7763360004064841,,16
Pdab3fd555f,2,0,2.0,1.43,-0.45,0,0.868,104.96608327819865,106.11665264204645,0.531301411470706,11,0.26826879011410576,152.0,0.4402477668531303,,15
P8147190bb3,2,0,15.0,4.27,6.78,0,0.773,97.48246413042425,102.94629989224896,0.6518434816754591,8,0.45937580834527275,109.0,0.44272878784407116,,14
P0c7e217388,3,-1,24.0,7.62,41.09,0,0.773,91.89839211192324,111.94843126533891,0.9063261502728815,11,0.3989672624529454,16.0,0.6745939170676231,,18
P3da5d3f3f2,3,0,23.0,10.67,46.56,2,0.731,89.67208761155895,111.94732694031225,0.9276737233309817,7,0.6782261401085634,9.0,0.7723936109804926,,26
Pc594742bb0,3,0,20.0,5.96,-4.74,1,0.85,101.17850082320724,101.93454096911805,0.5213900474421358,16,0.11325932195453799,157.0,0.7024363460593138,,6
P460426d8cf,3,1,1.0,9.85,23.53,2,0.739,91.52864967500224,105.87213381812225,0.8421310703020423,8,0.6665529304087087,43.0,0.7551238120242346,,16
Pf75780948d,2,0,1.0,7.66,19.46,0,0.76,100.39246902221466,110.42758759932283,0.7494417465698141,2,0.0,80.0,0.37239045530458964,,14
P2c6f1d319f,2,0,32.0,4.82,15.78,0,0.929,99.57053434474837,107.75636939541785,0.7127085630370955,10,0.5627290766308514,92.0,0.6319555128182999,,14
P2e77fdcd5f,2,0,4.0,9.05,41.26,2,0.794,91.26582691541918,119.12743105806501,0.9553745646743784,4,0.4443309790439302,3.0,0.6204748799216036,,28
Pf3464e2f59,2,2,11.0,3.7,-8.81,0,0.784,111.24311019925551,103.50681664172802,0.30387222238889394,6,0.0,244.0,0.3028769170362256,,9
P2c763c66dd,3,1,0.0,7.38,32.34,2,0.842,91.41298983419198,109.75853852960788,0.8912230702201145,7,0.4011949461941985,26.0,0.693646389065367,,25
Pb463182292,2,0,1.0,2.92,-3.62,0,0.75,102.95261792039305,103.67668588945429,0.5201382646133208,12,0.3864479363484114,158.0,0.4898346763477392,,14
P35327cfd09,3,0,11.0,4.15,12.43,0,0.922,103.4506974780493,113.27186453513494,0.7394284687611914,15,0.7254449837991164,84.0,0.7507847740901231,,11
Pe9bc98eac8,2,0,2.0,1.81,-9.83,0,0.823,102.22500804788035,98.21057748386212,0.3868155437252667,8,0.3455801458526391,204.0,0.30117993476230004,,17
P142c728ffd,2,0,2.0,5.11,6.19,1,0.743,98.5588329205838,102.53974077497884,0.6119135686806169,11,0.6673083776699698,118.0,0.6817267298484054,,12
Pd51997c12f,2,,1.0,3.35,-14.45,0,0.863,106.6286453234921,99.29088513236914,0.30577813589020486,11,0.6479415278048618,242.0,0.3451080958524555,,9
P10bd72ac44,2,0,10.0,5.59,-15.3,0,0.87,100.91057977080695,92.07530862699102,0.25851109995483046,13,0.6085268196682101,265.0,0.4091505786695263,,9
Pfe62281f0a,3,0,30.0,9.33,22.6,1,0.791,97.4647083268039,115.89729397670871,0.8799505148704225,7,0.5497313495129282,30.0,0.7494655283011099,,21
P02b23e4abb,2,0,1.0,4.08,7.37,0,0.718,102.96388994189984,107.03458758511948,0.6096633626120858,8,0.28899179695120575,119.0,0.4851512276542031,,15
Pe21e6b7c7b,2,-1,11.0,6.77,13.1,0,0.851,97.29326821262714,106.94210296265305,0.7478945657012587,6,0.5513589097864108,82.0,0.3529327688274708,,18
P3fe07be031,2,,25.0,4.07,-26.38,0,0.763,106.42621889741241,96.41756754410413,0.24309586165449987,15,0.44631336260674404,275.0,0.35749819001497146,,9
P832ba46d69,3,1,31.0,9.71,54.29,2,0.808,92.91924712337678,124.88486221356916,0.9677078528506591,2,0.41983032817795246,2.0,0.6849005121457648,,28
P4dedf6acf4,2,0,10.0,-0.25,-25.5,0,0.648,103.14577862190217,93.60267787239388,0.2466667061036104,16,0.1665093527046278,271.0,0.47976658706964115,,6
P71a175d36d,2,,4.0,2.67,-27.32,0,0.819,114.64039564016566,96.14768109215669,0.11680696116696301,4,0.36828943229619393,332.0,0.36828943229619393,,1
P6696ac3d31,2,2,3.0,2.72,-5.75,1,0.846,102.41386499814189,99.59084316750378,0.4203232373376488,5,0.0,190.0,0.2967512606842817,,12
P0790a32ce5,2,0,14.0,0.01,-24.42,0,0.833,106.14527264111095,96.70486878056562,0.2551813357259502,10,0.13533704583952857,267.0,0.3727591633123014,,8
P6bb68789bc,3,0,11.0,6.93,31.15,0,0.833,93.63000810373049,112.58741401634764,0.8928662291588669,9,0.4686422236528152,24.0,0.7376538676068116,,22
Pc9e1d3e456,3,1,21.0,7.07,22.06,0,0.818,96.80068012360427,113.37201628712114,0.8602342058119735,10,0.5295462460040977,38.0,0.7286394903212677,,18
Pd74e65b4cd,3,0,11.0,9.71,52.42,2,0.808,92.91924712337678,124.88486221356916,0.9677078528506591,2,0.41983032817795246,2.0,0.6849005121457648,,28
Pcf6cf087a0,3,0,2.0,7.83,36.0,3,0.795,93.11377225705888,112.67328520849065,0.8995927580757777,8,0.6188151399462944,19.0,0.734880033262477,,19
P6c257fc7cf,2,0,3.0,8.75,34.57,0,0.798,93.98397431323993,112.94855467764765,0.8922366612153478,7,0.5886810780120922,25.0,0.6568368814395383,,20
P1ee807d537,2,0,1.0,3.71,-5.94,0,0.691,102.7318818584155,104.70043247432102,0.5543539967011109,7,0.31006097229748103,136.0,0.3698111168825814,,13
P6c19d2b0fb,2,0,11.0,7.89,39.04,0,0.734,91.50952025597371,111.24633683929791,0.904304578191209,5,0.6539988421142773,17.0,0.5946936894553706,,23
P9adb5133bc,3,0,21.0,9.98,30.84,3,0.761,97.08294132634853,114.86878690105013,0.8737560833476777,11,0.5942464909816838,32.0,0.7209172680459591,,13
P5828555cba,3,0,12.0,11.32,48.86,2,0.788,90.60130191775664,116.55844859162434,0.9477043351292616,5,0.5258195939062252,5.0,0.7801871493805316,,23
Pbe11f21cfa,3,0,24.0,6.93,32.37,0,0.779,93.63000810373049,112.58741401634764,0.8928662291588669,9,0.4686422236528152,24.0,0.7376538676068116,,22
P03a04d0174,3,0,11.0,5.72,16.64,0,0.802,93.28333049512102,105.5126665862503,0.8048174476064471,17,0.5448510211598662,54.0,0.6770532431656626,,15
P57cf716ba7,3,1,35.0,9.62,38.66,0,0.826,91.34787597733163,112.51191660573946,0.9165536940444267,13,0.5020244181524199,12.0,0.7796457529862953,,18
Pfdd109f0e1,2,0,11.0,1.32,-22.46,0,0.743,106.22685171329728,98.71727428065361,0.30087279497452607,12,0.7030583548976238,246.0,0.4011286675954447,,11
Pe0ad9b9ce5,3,0,13.0,6.25,15.97,1,0.668,92.76102760300111,105.05196590559433,0.8070459196094972,13,0.6022403354847968,57.0,0.7585557667585626,,14
Pe7315ec2ca,2,0,32.0,2.51,-4.77,0,0.828,107.36675398966457,107.52670491381338,0.5042797743897991,8,0.38451615293402625,165.0,0.3294762989999535,,14
P1f2e422e9e,3,0,55.0,6.9,1.56,0,0.777,100.86593947715141,102.42836591368841,0.544078003689831,21,0.6513925246711625,146.0,0.7945969266820024,,5
Pfe47889811,2,0,11.0,0.81,-28.17,0,0.754,110.41066045985022,96.9942578262312,0.1839395156841686,16,0.24787109808200042,306.0,0.5185947917345568,,5
P32b1031886,2,,3.0,3.46,-12.74,0,0.733,106.70050666769987,100.2669497225302,0.328454715718273,12,0.3142797311812298,232.0,0.31359075254717483,,15
P719eb17c3d,3,0,0.0,7.89,20.61,0,0.788,91.90936829676987,106.05519731741369,0.8383906723061724,12,0.350330308445475,48.0,0.6698056482270175,,16
Pc46db0f497,3,0,1.0,4.61,6.37,0,0.671,95.17246060599741,99.3004086664516,0.6197009858158816,14,0.2734180330593726,116.0,0.7478693268046345,,5
P64527f643b,2,0,44.0,0.45,-29.15,0,0.806,105.67982634821766,97.0121352443364,0.2720698386138884,15,0.44739453213846975,261.0,0.37965938954193496,,11
P09c06de7d5,2,1,1.0,5.35,-7.35,0,0.784,104.6814408741885,101.42772547737604,0.41020532089850303,15,0.7333825495122381,197.0,0.6726887104064845,,5
P40472c4e0a,2,2,20.0,9.58,-9.69,0,0.79,106.36460013719099,96.86721766554874,0.25433689457858083,23,0.3820519880678026,279.0,0.5112929593659791,,9
P452df756e1,2,0,23.0,0.78,-32.88,0,0.836,113.7158747422572,97.91607676446986,0.15183111301117147,19,0.7068672459957039,324.0,0.4549701451286752,,5
P727c27e864,2,0,0.0,1.14,-26.05,0,0.751,107.5345682761461,93.07000842753335,0.1595883312694247,17,0.4215441024678193,323.0,0.39010106018134,,9
P07046a9145,2,0,11.0,6.32,14.24,1,0.844,101.93425400193973,112.90533482432377,0.7641466283195978,9,0.5521028183923671,75.0,0.5068010309369754,,21
P8379cd574e,3,0,41.0,4.2,-3.72,0,0.795,102.95576496503614,103.55257402515227,0.5166114294435622,16,0.6797615101886193,161.0,0.7440616168095726,,4
Pab6fbc3e77,2,0,2.0,3.4,-31.0,0,0.86,111.39955097297052,100.4450747631316,0.2331890592539044,13,0.46935991815128436,278.0,0.44526420150701534,,9
Pba42781d58,3,0,2.0,13.0,37.58,2,0.836,90.5091287162657,114.30518227870581,0.9360964575449418,8,0.6032254177925668,7.0,0.7719516960973138,,25
Pb0a8811014,2,0,11.0,7.27,12.85,1,0.728,97.92603090640388,105.97681528963662,0.7127118135566362,8,0.6152415079146678,91.0,0.5397204004433622,,21
P3096036b7b,2,0,3.0,7.89,40.98,0,0.734,91.50952025597371,111.24633683929791,0.904304578191209,5,0.6539988421142773,17.0,0.5946936894553706,,23
Pa0f574a8a8,2,0,4.0,2.79,-16.11,0,0.751,96.21163553426649,88.26449387665323,0.2706272699910114,6,0.7128207689848362,263.0,0.2767206741627038,,12
Pb657fdb74e,2,1,1.0,2.32,-7.78,0,0.734,105.66059124139517,99.93935612127237,0.34520429658395135,8,0.27977799706948464,219.0,0.2554569191528458,,14
P8cbd82dcf2,2,0,0.0,1.44,-16.57,0,0.837,109.9656769870453,101.773355799505,0.29104184869075134,10,0.35600298401875086,251.0,0.34394211642673633,,7
Pfa7a6f2536,3,,5.0,13.15,44.95,4,0.846,95.98858785495912,122.71633914041207,0.944008288758042,7,0.4597044498571152,6.0,0.6895151993236729,67.42024207325306,32
Pbfdaa31fd0,2,,34.0,9.47,44.14,3,0.804,89.88797931826124,120.30751669413905,0.9661735081679721,4,0.4933112413203609,1.0,0.5998440777572611,72.64493338274393,28
P12c0373e62,3,,10.0,15.74,41.62,2,0.684,90.00955502706091,111.67489557230812,0.9227474144960433,6,0.6223045106568434,14.0,0.7033396243212457,69.99058437839136,28
P86df290cda,3,0,15.0,9.7,40.5,1,0.668,97.19455952408845,121.15789847511866,0.9265163585020728,10,0.4067503090344229,13.0,0.6706924994315228,69.79518573439567,26
P16b88a2183,3,0,23.0,12.66,52.28,1,0.753,97.51686343669482,121.59191836800122,0.9267237946816506,8,0.48395067097777617,12.0,0.705625500231539,66.01037473003291,29
Pce7c8a9da0,3,-1,0.0,11.22,41.6,3,0.691,93.73374577002673,118.03806157142374,0.934091799837338,4,0.5133533988977689,9.0,0.6480359033003488,72.25769530357734,33
Pe3c0fc5a9e,3,,1.0,7.79,48.57,1,0.772,91.3283257216224,117.77623359786435,0.9490561234406814,7,0.5065601332349884,5.0,0.7186707654088148,67.55572137820674,27
P919e355315,3,,1.0,6.16,21.02,0,0.863,93.39576253245556,108.68276412491477,0.851099822571824,8,0.5849113958469732,37.0,0.7282680872357649,66.41374866403389,25
Pa89859be17,2,0,24.0,5.07,14.83,0,0.85,100.38488646753063,110.64036203808104,0.7537369040967705,12,0.49042596341414707,79.0,0.5684117142923464,70.86350498975119,21
P3a3a5bbbef,2,,2.0,8.54,36.83,2,0.68,92.63117699548062,112.44292490042707,0.9028175087469746,11,0.6271282978788206,17.0,0.6934089945113522,70.03474250622426,22
P9d848af991,3,0,30.0,9.24,42.94,2,0.851,91.27003090270634,119.79335315017137,0.9580079489459967,6,0.6266704467453442,3.0,0.7797265200415435,69.11401391896406,34
P3a5b76349f,3,0,15.0,7.97,38.84,4,0.846,95.98858785495912,122.71633914041207,0.944008288758042,7,0.4597044498571152,6.0,0.6895151993236729,67.42024207325306,32
Pa95793f720,3,,21.0,13.15,45.65,4,0.846,95.98858785495912,122.71633914041207,0.944008288758042,7,0.4597044498571152,6.0,0.6895151993236729,67.42024207325306,32
P14882ceff6,3,0,13.0,6.4,23.43,0,0.747,89.64872408877086,106.3119935638941,0.8765881457894031,12,0.5129886021274713,22.0,0.6891717297032759,68.67523944626531,22
P416088a2b5,3,0,4.0,11.22,40.03,3,0.806,93.73374577002673,118.03806157142374,0.934091799837338,4,0.5133533988977689,9.0,0.6480359033003488,72.25769530357734,33
P97df826a61,3,0,0.0,6.22,14.0,0,0.841,94.95131448801176,110.73413057251415,0.8542498685432109,10,0.3538647960947998,35.0,0.6236625663263818,70.3909141373095,25
Pae46fa4aa5,3,,22.0,10.01,25.44,1,0.824,98.51245013094109,115.45930988199711,0.8612194214955565,12,0.5758235212893257,30.0,0.7278597650878865,65.1476668307701,20
P3b1e823247,3,0,2.0,7.88,41.15,2,0.846,91.27003090270634,119.79335315017137,0.9580079489459967,6,0.6266704467453442,3.0,0.7797265200415435,69.11401391896406,34
Pa5128e8532,3,0,13.0,12.77,32.89,2,0.709,90.00955502706091,111.67489557230812,0.9227474144960433,6,0.6223045106568434,14.0,0.7033396243212457,69.99058437839136,28
P63014948f5,2,0,21.0,3.92,16.1,0,0.869,98.09597874574465,111.85569443714272,0.8189911083834138,6,0.4432046106330355,49.0,0.6105816857965113,65.56296187892241,25
P5cba6e4b4b,3,,0.0,6.22,23.95,0,0.832,96.70973566502298,112.77960789021677,0.8541834737540694,11,0.5143226174882201,36.0,0.6648390535481167,65.40035127675236,24
Pa6b76d042d,3,-1,0.0,13.15,44.02,4,0.822,95.98858785495912,122.71633914041207,0.944008288758042,7,0.4597044498571152,6.0,0.6895151993236729,67.42024207325306,32
P8be99fecd0,2,,23.0,-0.58,-33.55,0,0.79,107.94537233300368,91.68969982406975,0.1327366889686953,22,0.40023602357861776,335.0,0.34865673543946546,66.90497664208921,10
Pa408da26a2,3,,3.0,11.22,34.93,0,0.816,95.39887260216815,119.37561333270436,0.9294580445128274,8,0.48002606538430614,11.0,0.6729473806970129,67.7713425893369,26
Pc69570e4d2,3,,23.0,9.83,49.4,2,0.749,92.24744122900161,115.83656861377091,0.9320501224596713,8,0.571359350428751,10.0,0.6877565576284166,65.3678932266121,27
P76ebdc8d77,2,0,3.0,15.0,52.06,3,0.7,89.88797931826124,120.30751669413905,0.9661735081679721,4,0.4933112413203609,1.0,0.5998440777572611,72.64493338274393,28
P70fa3dc827,3,,22.0,9.6,24.24,2,0.9,96.23068962136252,113.89347516697393,0.8741240565681089,15,0.6440996325858708,24.0,0.7682632659432017,66.42682286745054,19
P9345155d6a,3,1,35.0,7.43,36.24,3,0.806,93.73374577002673,118.03806157142374,0.934091799837338,4,0.5133533988977689,9.0,0.6480359033003488,72.25769530357734,33
Pa2e8c74c1f,3,0,10.0,6.65,21.83,0,0.801,90.68404089904024,108.70292308675252,0.8893608378008193,9,0.50022555556533,21.0,0.6991491189740703,70.62696922453756,28
Paac5dcb74c,3,,5.0,8.18,32.04,0,0.722,96.60609755824633,111.62627050181527,0.8404952287640914,13,0.5987072486183308,41.0,0.7400797057450464,67.59329831032075,23
P8c8d5105c2,3,,1.0,9.22,41.28,0,0.774,87.07342615033093,111.30595227753736,0.9439382210701083,8,0.5970690099674753,7.0,0.7265358365830862,67.34888042529899,27
Pd5316f2e65,3,,5.0,5.62,11.6,0,0.676,101.35221103608816,106.50270356329554,0.6387723683734321,22,0.46744112550946965,113.0,0.6957236984580208,71.41538337160469,10
Pe22f69b7a0,3,1,32.0,5.35,19.64,1,0.736,98.51245013094109,115.45930988199711,0.8612194214955565,12,0.5758235212893257,30.0,0.7278597650878865,65.1476668307701,20
P123f055136,3,,1.0,13.15,47.15,4,0.846,95.98858785495912,122.71633914041207,0.944008288758042,7,0.4597044498571152,6.0,0.6895151993236729,67.42024207325306,32
Pc5f6ac0bb7,3,,14.0,9.6,24.19,2,0.9,96.23068962136252,113.89347516697393,0.8741240565681089,15,0.6440996325858708,24.0,0.7682632659432017,66.42682286745054,19
Pafb050f1ad,2,0,5.0,7.48,3.29,0,0.85,101.77091190073483,109.24023606313393,0.6930652609692225,8,0.5119269850266832,99.0,0.42270651841826806,68.90216904367412,26
P76f8234113,2,,20.0,9.4,37.69,2,0.68,92.63117699548062,112.44292490042707,0.9028175087469746,11,0.6271282978788206,17.0,0.6934089945113522,70.03474250622426,22
P6876f611cb,2,0,10.0,5.72,16.08,0,0.752,88.94256748259565,100.87742356684225,0.8096944389576398,10,0.6476324412853166,52.0,0.6410962562587986,68.54650525245633,22
Pd6b4848f72,3,,2.0,8.95,49.73,1,0.772,91.3283257216224,117.77623359786435,0.9490561234406814,7,0.5065601332349884,5.0,0.7186707654088148,67.55572137820674,27
P7c29e11a29,3,0,3.0,5.02,16.27,0,0.82,96.1823072230969,108.62663570807786,0.8020599268167629,8,0.4430140080602897,58.0,0.6334197002099926,66.19090617788625,26
P9a2935e78c,3,0,4.0,8.03,31.24,2,0.822,95.88684287412937,113.19830415012254,0.8708710834378778,10,0.4553638225503853,25.0,0.6601120409686532,65.03280762430866,23
Pa067c50f94,3,,3.0,9.67,31.85,0,0.849,98.2648409071909,115.16887389259072,0.8612166628486525,14,0.7343228359297472,31.0,0.771513771515286,71.82811587682227,19
Pdd8eeaed18,3,1,12.0,4.17,16.94,2,0.708,96.42342809344933,105.40420001505908,0.7357729363777413,12,0.3689067389385344,85.0,0.619804035095236,67.28355484127643,21
P9e732e040b,3,1,3.0,9.83,48.85,3,0.749,92.24744122900161,115.83656861377091,0.9320501224596713,8,0.571359350428751,10.0,0.6877565576284166,65.3678932266121,27
P6521ad0003,3,0,2.0,7.08,22.94,0,0.717,96.70996720237122,110.19819057228196,0.8177960143762565,15,0.4105406785411377,50.0,0.6441660022111608,73.56892242838462,17
P8d79cd923c,3,2,2.0,6.69,13.13,0,0.759,94.6574018258994,106.69603066427283,0.7984731342588224,17,0.5103085323206494,62.0,0.6841401363387409,67.42956446642356,19
P13f00227af,3,1,4.0,10.64,28.56,1,0.747,89.64872408877086,106.3119935638941,0.8765881457894031,12,0.5129886021274713,22.0,0.6891717297032759,68.67523944626531,22
P836329e077,2,-1,2.0,6.19,-2.3,0,0.571,98.47444972278153,96.28083045506636,0.4355921768613246,13,0.6844467357100676,196.0,0.3708740194050373,68.05499567002622,19
Pfd5185bdf5,3,0,0.0,7.23,24.43,1,0.801,90.68404089904024,108.70292308675252,0.8893608378008193,9,0.50022555556533,21.0,0.6991491189740703,70.62696922453756,28
Pc064a30c43,3,0,12.0,5.76,18.43,1,0.732,95.56172881955908,111.15612487407819,0.8504809612244156,10,0.6919201711273192,41.0,0.7763360004064841,,16
P50d6953351,2,2,10.0,6.24,7.54,0,0.796,93.50516146410726,105.07354266668493,0.7927208239607115,13,0.40512907074329996,66.0,0.5318855033047108,61.5107501235745,23
Pa06f6a14b5,2,0,1.0,6.88,25.93,0,0.75,93.03719480904361,110.17281808901316,0.8748002118821318,10,0.5521726104271811,23.0,0.6075419363864092,68.95338523276226,24
Pbccc770021,2,0,22.0,4.2,-5.06,0,0.825,98.19090387562412,99.93751914437085,0.5505178889851072,19,0.48466163068718,148.0,0.5526490842085783,68.22126466373648,11
P19ae0a39ff,3,0,14.0,9.67,26.46,1,0.849,98.2648409071909,115.16887389259072,0.8612166628486525,14,0.7343228359297472,31.0,0.771513771515286,71.82811587682227,19
P868c7d320b,3,0,14.0,8.25,26.25,0,0.655,93.43978706307837,105.40910399121202,0.7999713534169733,11,0.5040170323840699,61.0,0.6803184259810303,67.5788660371366,21
Pe54f989cc8,3,0,24.0,4.7,9.71,0,0.792,96.3035884097338,106.6030704056387,0.7628696946110032,14,0.3499138481934577,75.0,0.6687203729060991,64.98612735903158,18
Pc25f9380ba,3,1,35.0,11.86,20.39,0,0.848,101.3629585353987,116.14326556844112,0.8271186537815525,17,0.6046032527387225,45.0,0.698037154511622,67.74550647377522,16
Pdeabbe5993,3,0,31.0,8.9,16.67,1,0.794,94.95131448801176,110.73413057251415,0.8542498685432109,10,0.3538647960947998,35.0,0.6236625663263818,70.3909141373095,25
Pc99b219586,3,,22.0,5.81,16.07,0,0.607,98.36303820084498,105.1661476480163,0.6833214248806199,14,0.5229485782581142,103.0,0.6937120324378149,67.81001696274754,17
P22caf129cd,3,0,1.0,2.87,3.98,0,0.844,104.45200717927682,109.19424036160504,0.6249487716282297,21,0.4776677234402531,120.0,0.6713635966005793,67.09140982492428,11
P32ad967364,3,0,3.0,6.43,28.11,0,0.752,93.2734961783039,109.20069032157858,0.8597229712256665,13,0.4074736387813959,32.0,0.6451317598777058,66.49935353630549,27
P821b19c2a1,2,0,2.0,2.69,1.96,0,0.799,97.66001546584151,104.44990222778215,0.6841643864305397,10,0.38703513844816045,101.0,0.4565342533902566,68.37994133422822,24
P9f0e3aa432,2,0,4.0,4.15,13.33,0,0.794,102.13463609882422,110.21189835488971,0.705847112759278,12,0.5423225494877415,94.0,0.5756999084963892,67.3383003813031,20
P8683784c59,2,0,1.0,2.15,-0.53,0,0.952,103.3389455722895,102.46527789608069,0.47560967386939024,12,0.5595100502999198,178.0,0.40003537103810866,67.70390799874878,20
P98f4c6dfa5,3,2,15.0,6.85,22.46,0,0.816,95.47954329084331,111.43505088808371,0.8553376438603657,6,0.5447051025106863,34.0,0.682661753607221,65.33290707875922,27
Pc60f6451c1,3,0,21.0,11.86,19.82,0,0.901,101.3629585353987,116.14326556844112,0.8271186537815525,17,0.6046032527387225,45.0,0.698037154511622,67.74550647377522,16
Pfc4c07b799,2,0,11.0,9.4,40.53,3,0.585,92.63117699548062,112.44292490042707,0.9028175087469746,11,0.6271282978788206,17.0,0.6934089945113522,70.03474250622426,22
P328e73174e,2,0,0.0,3.13,3.32,0,0.819,99.05506046458403,106.94857084872083,0.7071806791254113,13,0.580316487871517,93.0,0.6309347317423293,66.68932090290076,24
P750617fadd,2,0,3.0,6.84,22.07,0,0.825,97.85569192126454,106.96390362794229,0.735648353335711,14,0.5301948495905512,86.0,0.6016780986705602,66.35615105043281,18
P93a0142eda,2,2,14.0,-0.66,-36.78,0,0.782,106.44742495316272,92.13427303002429,0.15967499210771127,20,0.5596656060753257,325.0,0.37503909470176355,69.21380281924986,12
Pec93c68939,3,,0.0,3.63,-6.57,0,0.765,104.60190982938121,104.21667604443664,0.4893938344135536,25,0.4971136036069168,172.0,0.6910463537115615,70.04067516439133,6
P539be6c711,2,0,1.0,7.83,18.79,0,0.787,101.11410189016858,115.78879574760705,0.826132168631688,7,0.4429694035992022,46.0,0.5369910524708797,64.62814545002456,27
P96bc00aaed,3,0,1.0,7.64,23.99,0,0.748,95.56256049702179,107.64715544793432,0.7972821224941737,16,0.520657162479149,64.0,0.6770221494805267,65.48803242321027,18
P6b997b8b4f,3,0,45.0,5.33,15.04,0,0.844,96.3035884097338,106.6030704056387,0.7628696946110032,14,0.3499138481934577,75.0,0.6687203729060991,64.98612735903158,18
P3e1b393a8c,3,0,5.0,9.67,33.0,1,0.771,98.2648409071909,115.16887389259072,0.8612166628486525,14,0.7343228359297472,31.0,0.771513771515286,71.82811587682227,19
P3ebbedffb1,3,0,10.0,9.41,25.65,3,0.728,96.54541196237186,107.70711788050268,0.7787031879568475,13,0.5945497033149626,68.0,0.7114054266862835,71.18157747047493,19
Pe2f97b33d4,3,0,21.0,6.43,24.43,1,0.808,92.96602680558672,111.93433555424558,0.8942871338629202,10,0.5396501594667855,20.0,0.7305133855145755,67.08645430715654,23
P54ce020bc4,3,1,24.0,10.64,34.07,1,0.747,89.64872408877086,106.3119935638941,0.8765881457894031,12,0.5129886021274713,22.0,0.6891717297032759,68.67523944626531,22
P664a2ede66,3,,24.0,11.46,45.54,1,0.73,89.0278682301487,116.08134182224177,0.9548442146078752,6,0.7037097047487783,2.0,0.7388879375658125,72.55142756652913,31
Pa813594724,3,,0.0,10.04,34.07,2,0.85,93.34838175723132,111.90350580072017,0.8894299715932004,14,0.5925265645358532,19.0,0.718374718582885,69.51441107656514,22
P7bf5b1ca03,2,,25.0,12.64,51.25,2,0.814,90.26847979174215,117.30710068290253,0.9531615483033531,4,0.5309681683785233,3.0,0.6238630395789386,63.359244474784276,33
Pe60cc64195,2,,25.0,5.53,11.58,0,0.749,95.55138188965742,107.72279282911661,0.7988008102739801,15,0.5301700592650056,63.0,0.6267611162003963,64.48464662791419,19
Pf0ef0714b6,3,,22.0,10.3,24.16,3,0.783,97.74404012596489,115.6532760738321,0.8737810384488185,12,0.5425155972248817,26.0,0.6791236308897715,65.77184150913011,22
P0035c2f0b3,3,,13.0,7.29,19.41,1,0.807,97.13511606715431,111.65745484779688,0.8323433720325315,16,0.5260319658672801,44.0,0.709886186972705,67.474569885993,18
Pdcc28d7d6b,3,,1.0,9.19,32.85,3,0.734,92.92870831211256,113.30081050855091,0.9071613718129126,9,0.5563067022102509,15.0,0.6743906916351666,64.8712240141488,27
Pfdcf13c664,3,,4.0,7.62,22.26,2,0.878,92.27019569317486,113.79333571558165,0.9176714836767967,8,0.6459843928389997,14.0,0.7766037409027894,69.03103028495026,28
P0b253c1504,3,0,24.0,12.7,57.27,3,0.723,91.20937434953066,121.47865251282678,0.9642803106595199,8,0.5019260246034417,1.0,0.7065881944493994,66.72789413345373,31
P6b4a74f110,3,0,2.0,7.29,17.22,1,0.8,97.13511606715431,111.65745484779688,0.8323433720325315,16,0.5260319658672801,44.0,0.709886186972705,67.474569885993,18
P523c5eb5e6,3,,1.0,9.81,39.84,0,0.789,100.60664114102295,121.6892020081382,0.8991574698795637,11,0.5555265725016492,17.0,0.741980695447422,66.87787082356178,23
Pf07b0c62fd,3,,1.0,13.07,30.82,1,0.787,96.86643220690284,113.0844435811295,0.8557240957763504,12,0.484442592957853,35.0,0.717469760586229,67.85480742629822,23
P3dd06c5ebd,3,1,24.0,10.38,41.66,3,0.803,88.48160108951257,114.91465805501728,0.952846421367015,6,0.5269242687847501,4.0,0.6960603085403854,66.07164775419187,31
P0db0d3c576,2,0,,3.57,7.03,0,0.86,99.52911204091325,109.69411043052489,0.7536775495442716,10,0.5093406699057328,81.0,0.5892273044455638,69.78870646479173,23
P1e59a7a7a1,3,,22.0,5.23,22.91,0,0.836,99.26580779490672,112.27439561623578,0.8047362774551489,17,0.6102366103844944,61.0,0.7128283775138523,63.69308827148967,17
P9a144a10c5,3,,15.0,11.46,47.69,1,0.8,89.0278682301487,116.08134182224177,0.9548442146078752,6,0.7037097047487783,2.0,0.7388879375658125,72.55142756652913,31
Pd742da0a27,3,,0.0,13.72,43.98,3,0.734,92.92870831211256,113.30081050855091,0.9071613718129126,9,0.5563067022102509,15.0,0.6743906916351666,64.8712240141488,27
P47a1cc70a3,3,0,24.0,5.41,20.71,0,0.782,103.89344085279139,119.89402596524823,0.8385242321401566,14,0.49526170419350257,41.0,0.7090967673903952,69.55343653081482,19
Pbcdd20a9f9,3,0,12.0,9.53,35.43,3,0.797,96.0320456282432,118.71228090346808,0.9196971527463966,7,0.5211988584833501,12.0,0.6940083321187549,68.38038977916035,29
P26ad072598,2,1,0.0,12.64,51.46,2,0.814,90.26847979174215,117.30710068290253,0.9531615483033531,4,0.5309681683785233,3.0,0.6238630395789386,63.359244474784276,33
P2a6c79e3dc,2,0,22.0,4.33,3.06,0,0.795,106.40949750516816,110.1991719287856,0.5992731049075077,11,0.4764303570527229,127.0,0.4569928261821087,68.32304856342998,21
Pb4a7c38947,3,,3.0,10.04,42.12,2,0.856,93.34838175723132,111.90350580072017,0.8894299715932004,14,0.5925265645358532,19.0,0.718374718582885,69.51441107656514,22
P6187cee451,3,,10.0,6.82,29.9,0,0.757,100.7364998520573,115.78883804234226,0.8322264903336429,19,0.4896708343654351,45.0,0.7235795146297447,65.99268487742341,16
P5698276a02,2,0,0.0,10.53,44.86,1,0.796,98.98630075561414,123.16706689157644,0.9250788481606336,6,0.6115810441115348,9.0,0.6620908553339188,70.12248278177645,31
P7075ac01b8,3,1,24.0,9.46,16.57,0,0.743,104.46327981100904,117.46074907821563,0.793898848215229,10,0.4458258647116021,65.0,0.6527667329380311,68.92829461720792,25
Pc4ba85a58f,3,0,22.0,5.49,14.09,1,0.848,100.69509708181317,117.4738023609849,0.8547508847435799,14,0.4455861929893878,36.0,0.7154388577548813,64.28560227978207,23
P9b886526e3,3,1,3.0,8.52,28.86,0,0.879,98.47585588053032,118.01064878070812,0.8890505928235619,10,0.5770738811484862,20.0,0.7093084263518966,70.47430050084068,27
P89e5a35bc7,3,,2.0,8.42,51.31,1,0.751,87.52919111867128,111.21149539789025,0.9401279456864378,11,0.570351210259466,5.0,0.689965179487381,65.14669625637012,25
P737b0588be,3,0,44.0,12.7,55.36,3,0.723,91.20937434953066,121.47865251282678,0.9642803106595199,8,0.5019260246034417,1.0,0.7065881944493994,66.72789413345373,31
Pe46a376580,3,0,5.0,5.47,19.2,0,0.725,97.74673527943634,110.85743155051026,0.8096056023177985,11,0.4208983961081763,57.0,0.5831062544197184,67.99755749108803,23
Pe356195976,3,,13.0,10.04,36.36,2,0.856,93.34838175723132,111.90350580072017,0.8894299715932004,14,0.5925265645358532,19.0,0.718374718582885,69.51441107656514,22
P0fe65d2eb8,3,0,35.0,5.98,16.24,0,0.841,98.03002054395458,111.29964422438783,0.8115252453636966,17,0.5930929437429646,56.0,0.6789330044293305,64.23389614388554,17
P655613d84a,2,0,24.0,2.71,-3.27,0,0.841,105.762727838539,104.15928931152773,0.45619178147901723,22,0.48969550186742167,189.0,0.5784986606343163,72.10525585926004,9
Pf85863f4bd,3,,5.0,10.38,46.93,3,0.831,88.48160108951257,114.91465805501728,0.952846421367015,6,0.5269242687847501,4.0,0.6960603085403854,66.07164775419187,31
Pc074e62881,3,0,1.0,10.88,19.48,1,0.898,100.69509708181317,117.4738023609849,0.8547508847435799,14,0.4455861929893878,36.0,0.7154388577548813,64.28560227978207,23
P7c2cc1d590,3,1,11.0,6.89,21.65,1,0.833,100.87358447709384,119.14253318032343,0.8714906040494397,8,0.48634500882813275,27.0,0.662098637246309,68.64868814920749,29
P659b205e3c,2,1,21.0,0.12,-25.67,0,0.831,113.35991864365397,100.35435012156738,0.19759480445395902,23,0.4410645025248481,315.0,0.4509593873810014,69.21783387783768,8
P07bb9cb58f,3,1,11.0,7.94,30.1,0,0.907,94.6800108528994,112.62225144037609,0.8803415724813244,10,0.4583052378163929,24.0,0.7164905358326037,69.80174466109423,26
P18c14dbf8f,3,0,10.0,7.62,24.7,2,0.85,92.27019569317486,113.79333571558165,0.9176714836767967,8,0.6459843928389997,14.0,0.7766037409027894,69.03103028495026,28
Pdd1f325a63,2,0,2.0,7.23,13.7,2,0.85,97.93555895782556,109.78983592097052,0.7881767110512956,12,0.4867485980708538,68.0,0.5233365698472432,62.421600775766066,22
Pa6029bb5a6,3,0,0.0,9.22,40.04,3,0.831,88.48160108951257,114.91465805501728,0.952846421367015,6,0.5269242687847501,4.0,0.6960603085403854,66.07164775419187,31
P0e1f032d1f,2,0,20.0,2.9,3.46,0,0.844,104.76432727663958,112.70069831778078,0.6984138995069463,8,0.37130209318128793,96.0,0.40634720043873485,68.23609337738986,28
Pd5f2794063,3,1,2.0,7.69,23.91,1,0.869,100.87358447709384,119.14253318032343,0.8714906040494397,8,0.48634500882813275,27.0,0.662098637246309,68.64868814920749,29
P396ba96b58,3,0,23.0,4.86,17.41,1,0.754,96.86643220690284,113.0844435811295,0.8557240957763504,12,0.484442592957853,35.0,0.717469760586229,67.85480742629822,23
Paf99c23c4d,3,,24.0,10.3,29.72,3,0.783,97.74404012596489,115.6532760738321,0.8737810384488185,12,0.5425155972248817,26.0,0.6791236308897715,65.77184150913011,22
P5d94de4385,3,0,12.0,5.78,11.44,1,0.759,96.20634075677745,105.68859598502902,0.7466869381367951,17,0.6115867204931528,84.0,0.6929240043277428,69.40954327982844,16
Pe8ffde2213,3,0,34.0,7.66,21.53,4,0.759,97.74404012596489,115.6532760738321,0.8737810384488185,12,0.5425155972248817,26.0,0.6791236308897715,65.77184150913011,22
P3fd81a75e9,3,0,1.0,6.93,26.55,0,0.792,88.39363692150422,101.7495275511096,0.8345485659758806,13,0.41350178703856005,43.0,0.707808420723475,66.30952096376386,22
P9aef7770b8,3,0,0.0,7.27,26.79,0,0.894,99.15838494057013,113.6236143424981,0.8272110257287377,11,0.45045269776834473,48.0,0.6374188187415715,69.22797406482009,23
P3860306e22,3,1,0.0,10.3,27.64,4,0.783,97.74404012596489,115.6532760738321,0.8737810384488185,12,0.5425155972248817,26.0,0.6791236308897715,65.77184150913011,22
P441a89e79f,3,1,2.0,7.51,32.58,0,0.816,92.98180691521094,117.17091020001905,0.9345722580734107,8,0.6494488063855854,8.0,0.7442962051506431,62.1964180289096,30
P9d84442310,3,1,4.0,5.5,9.67,0,0.835,99.79627457856895,106.38033527169411,0.6758431902947626,16,0.3797686860533427,105.0,0.6521512311898625,68.76813944427387,15
Pf213d802cd,3,1,32.0,6.33,21.38,0,0.877,96.35940431911939,111.53267813705217,0.8431262330312909,13,0.6495966705877941,40.0,0.6887204047284037,68.82751669659228,20
P8a6f0b4919,3,1,23.0,7.76,33.78,0,0.854,92.98180691521094,117.17091020001905,0.9345722580734107,8,0.6494488063855854,8.0,0.7442962051506431,62.1964180289096,30
P9052f13021,3,1,1.0,9.83,45.61,2,0.749,92.24744122900161,115.83656861377091,0.9320501224596713,8,0.571359350428751,10.0,0.6877565576284166,65.3678932266121,27
P4ff854eadf,3,0,15.0,-0.54,-15.1,0,0.812,101.0566818322892,98.88462376631684,0.43785553759116785,21,0.5564095416457824,195.0,0.6941404874453394,63.980613117216365,11
Pb3227aeb5d,2,0,4.0,9.34,51.97,2,0.823,88.50162551870471,116.5381679141476,0.9594870094268348,6,0.5602986535778475,2.0,0.6690430884575439,63.71628324468814,32
P96b57657ed,3,0,1.0,10.04,37.33,3,0.856,93.34838175723132,111.90350580072017,0.8894299715932004,14,0.5925265645358532,19.0,0.718374718582885,69.51441107656514,22
P7589e6b4d5,3,0,10.0,9.81,38.13,1,0.733,100.60664114102295,121.6892020081382,0.8991574698795637,11,0.5555265725016492,17.0,0.741980695447422,66.87787082356178,23
Pe1411c667e,3,0,21.0,12.7,54.92,4,0.723,91.20937434953066,121.47865251282678,0.9642803106595199,8,0.5019260246034417,1.0,0.7065881944493994,66.72789413345373,31
P1424b0c02d,3,2,1.0,5.42,18.97,0,0.877,96.35940431911939,111.53267813705217,0.8431262330312909,13,0.6495966705877941,40.0,0.6887204047284037,68.82751669659228,20
P16bfe45561,2,1,20.0,3.49,10.34,0,0.848,101.00811931528636,109.10835909098273,0.7082948572329005,9,0.3428366164860117,93.0,0.46912542966076193,66.95430721817141,23
P684bfaf734,3,1,3.0,8.06,20.63,1,0.759,96.20634075677745,105.68859598502902,0.7466869381367951,17,0.6115867204931528,84.0,0.6929240043277428,69.40954327982844,16
Pc451072a63,3,0,5.0,7.8,14.92,1,0.743,104.46327981100904,117.46074907821563,0.793898848215229,10,0.4458258647116021,65.0,0.6527667329380311,68.92829461720792,25
Pf92c037d4b,3,0,1.0,6.87,25.92,1,0.839,94.6800108528994,112.62225144037609,0.8803415724813244,10,0.4583052378163929,24.0,0.7164905358326037,69.80174466109423,26
Pb7b7147bb1,3,1,13.0,8.21,20.35,0,0.824,97.3722584973744,111.75172753071618,0.8297689899146967,11,0.5770700187808763,46.0,0.681551879700324,67.99080685083561,22
P59007d3b10,3,1,10.0,10.88,20.43,2,0.898,100.69509708181317,117.4738023609849,0.8547508847435799,14,0.4455861929893878,36.0,0.7154388577548813,64.28560227978207,23
P3a22280810,3,0,0.0,9.55,49.09,0,0.84,91.76055269431646,116.05752424373664,0.937108609784868,9,0.5248097362858657,6.0,0.7435345822716858,68.48438920120009,29
P88b17e8559,2,0,3.0,4.76,6.13,0,0.695,98.70437576793509,108.079135193477,0.739514317492728,15,0.4997780843982456,86.0,0.5805731178456639,65.98980638274581,17
P0252f7ff7f,3,0,0.0,8.09,32.33,0,0.779,95.67043297365859,113.84372083536718,0.8808022688109122,10,0.47088031196460756,23.0,0.6639939219639494,65.98965673219658,25
P55fe66b9ce,2,-1,55.0,5.53,28.14,0,0.714,96.9912121246695,112.4305520024808,0.8453683201460617,10,0.4018317487455963,38.0,0.5477690715947836,70.70744962208046,29
Pf091cf9935,3,0,5.0,3.37,5.98,0,0.699,98.34199166924864,103.03755885075859,0.6309718323163633,19,0.5600937780966632,118.0,0.6912953927884207,67.25878049333005,13
P41704425e7,2,0,31.0,7.52,40.09,0,0.675,89.52728852728237,110.77338302443322,0.9204769451866125,7,0.633476696402763,11.0,0.7083064457345115,65.69297888771959,32
P7329b5e7c4,3,0,24.0,5.98,16.54,1,0.777,98.03002054395458,111.29964422438783,0.8115252453636966,17,0.5930929437429646,56.0,0.6789330044293305,64.23389614388554,17
P4d55024373,3,1,1.0,7.54,37.59,1,0.721,94.62869097783947,111.67747743306009,0.8704591820948531,13,0.3971122911399775,28.0,0.6968972859008925,69.68063098920715,22
P4048f3366a,3,-1,1.0,12.24,40.12,1,0.673,94.90539525018211,113.1300414317289,0.8828872355996009,13,0.598591050986452,21.0,0.7111484752735808,67.5985474268819,21
Pa12a517258,3,0,10.0,8.06,32.95,1,0.776,95.41287260343292,119.35198535215565,0.9291977025319842,7,0.5895469156999111,8.0,0.6875288433679096,72.16694034889838,28
P473649a3ff,3,,15.0,7.0,31.74,4,0.778,102.6582905256436,122.72764314398547,0.886296734030135,10,0.5023187742085,27.0,0.6662820951814846,72.5118406864067,23
P2a77fa93f7,3,,5.0,14.6,64.7,4,0.83,91.27109570939685,127.96555621028357,0.9798887624385693,3,0.4617441899149911,1.0,0.6971563618663279,64.64591569800642,37
Pb0cd5d409b,3,0,32.0,11.59,57.17,4,0.83,91.27109570939685,127.96555621028357,0.9798887624385693,3,0.4617441899149911,1.0,0.6971563618663279,64.64591569800642,37
P74240d498b,3,,0.0,10.55,37.74,4,0.778,102.6582905256436,122.72764314398547,0.886296734030135,10,0.5023187742085,27.0,0.6662820951814846,72.5118406864067,23
P1ccfa6c1ee,3,0,15.0,9.07,49.96,2,0.842,94.46131775315587,126.01964010310417,0.964934570629403,5,0.6685725876047295,3.0,0.7669563470253703,67.10715900894353,34
Pa245962e52,3,,10.0,8.97,30.94,2,0.868,98.62141501812692,118.30195973595511,0.890166890918459,11,0.4836095656634104,23.0,0.6912565363746965,67.69245095169826,26
P32ff4229d3,3,0,22.0,6.36,11.89,1,0.813,95.46586179539534,108.67178436010501,0.816075258930846,14,0.47853638037232055,56.0,0.6828267746153663,67.68875833267646,21
Pada60a9da7,3,0,1.0,4.33,10.13,0,0.783,100.18181415353651,109.99380552342032,0.7454574040235529,14,0.48784859242779177,83.0,0.715339653415688,68.56517897852883,19
Pa3f4257d20,3,,0.0,10.53,35.41,2,0.794,95.47300060411719,121.26508516503623,0.9399166034280567,9,0.5266826471544621,8.0,0.6918135106018531,66.49878248610442,27
P7a95b991f4,3,0,3.0,8.21,43.88,2,0.79,90.44242747800348,115.912561999994,0.945494703037378,9,0.6384403771400818,7.0,0.735798900629087,69.19434051878352,27
P13f5a8ca49,3,1,23.0,8.97,27.23,2,0.868,98.62141501812692,118.30195973595511,0.890166890918459,11,0.4836095656634104,23.0,0.6912565363746965,67.69245095169826,26
P9f04775c7a,3,,4.0,8.72,32.98,1,0.847,100.95822692705647,122.55171289015138,0.9028238261955257,11,0.5214619678513831,17.0,0.7223239287104208,65.84302018788298,24
Pf120e8dc11,3,0,20.0,2.92,2.83,0,0.87,103.18473557347738,108.014811673177,0.6285719819682553,19,0.5240612117261455,119.0,0.6875506113970294,68.4974301050197,13
P523c7506e7,3,,21.0,8.72,32.14,1,0.847,100.95822692705647,122.55171289015138,0.9028238261955257,11,0.5214619678513831,17.0,0.7223239287104208,65.84302018788298,24
P4bbcd3bc18,2,0,15.0,5.86,16.91,1,0.835,100.60146147740653,116.73965436821376,0.8469613009803715,8,0.6333814388184748,47.0,0.6469573537934915,64.18668769839962,25
Pf4a65045a1,3,,7.0,5.6,12.43,0,0.783,101.21787045637254,110.66828198379955,0.7362391972927048,17,0.4732285843346055,85.0,0.6749716311329782,68.80058319852355,15
P1a8fd8dc98,2,0,2.0,2.39,-9.06,0,0.844,107.26850177304864,107.40728035647089,0.5037170576827762,12,0.4268004019731517,160.0,0.37694391683981854,65.48960905000153,20
P086a09588e,3,0,0.0,10.51,39.31,0,0.86,101.07120505281547,125.70179521406736,0.9247008877224855,9,0.47116767084679156,13.0,0.7154672434285763,69.70001891925197,29
P0d7bcc4d57,3,0,13.0,8.68,10.99,0,0.809,92.33498092735414,104.09579426830744,0.7987850095897048,11,0.49784501559680455,62.0,0.6745608462078927,60.1590430974222,23
P429241cb33,3,,1.0,7.05,19.35,1,0.728,99.22664209051064,110.5495546084127,0.7760265652859349,18,0.607411097822304,70.0,0.7117389603615454,68.25404116430907,15
Pfd3b474513,3,1,55.0,9.68,28.52,1,0.907,97.05670960251325,121.67812966590763,0.9308592686972125,10,0.5900348658520721,10.0,0.7151911719503421,66.72952802519815,25
Pafffac98b2,2,1,10.0,4.88,9.0,0,0.775,98.25530739287235,109.9046595216334,0.7838941869303103,11,0.419226093228405,65.0,0.4868829538916871,67.14969337524694,23
P2bc6f2a3aa,3,1,30.0,6.99,31.87,2,0.794,95.47300060411719,121.26508516503623,0.9399166034280567,9,0.5266826471544621,8.0,0.6918135106018531,66.49878248610442,27
Pd1401169e8,3,0,11.0,8.4,36.24,2,0.788,94.87339843074153,118.62924637166998,0.9288915970034779,10,0.6452034760614082,11.0,0.7420911159662251,69.07722629013733,27
P35654567c0,3,,10.0,8.97,24.4,1,0.89,94.22103899084337,113.74546002430606,0.8971245724004854,11,0.548628124528244,21.0,0.7236329755415725,69.0073949358039,23
Pdf5a3388b3,3,,34.0,5.34,16.71,0,0.911,101.53731991665617,111.36551416135569,0.7431679926700441,14,0.4875608858489789,85.0,0.6326086695143526,69.44213434407618,19
P470eca3f49,2,1,13.0,1.2,-16.1,0,0.795,110.81313428531494,104.23930975222666,0.33108231909589525,15,0.3177953895601299,242.0,0.3870317143042649,67.35711244413942,16
P0f6f43de8d,3,,0.0,5.32,26.06,0,0.835,96.71768499761879,112.8447605325466,0.854891550708295,10,0.40680799717598587,39.0,0.6584109930474202,64.83667136216086,25
P9fc884bebd,3,2,13.0,9.23,37.08,2,0.702,94.87339843074153,118.62924637166998,0.9288915970034779,10,0.6452034760614082,11.0,0.7420911159662251,69.07722629013733,27
P84e9dcbb3e,3,0,3.0,4.61,6.03,1,0.867,98.95518424791516,107.97750863867793,0.7317349200533048,17,0.4714658973283172,88.0,0.6548631614833126,63.17761939625824,16
P367a636ba4,3,0,2.0,6.92,24.53,2,0.826,98.62141501812692,118.30195973595511,0.890166890918459,11,0.4836095656634104,23.0,0.6912565363746965,67.69245095169826,26
Pb1001f743e,3,1,3.0,8.6,44.94,1,0.792,93.26607455491782,120.5079608500738,0.9501207025445028,9,0.6729844566351749,6.0,0.727822993030231,72.31045500346266,27
Pbdde11b624,3,0,1.0,11.67,54.6,1,0.793,86.48042036238701,119.6421505945936,0.9766322318705832,5,0.4976407969879318,2.0,0.7131224411553191,63.43883674141682,32
Pcf591b3097,3,,24.0,5.85,21.76,0,0.804,103.11878968127958,113.81037900747205,0.7566682450465881,15,0.2743894385103652,77.0,0.6495162188308422,66.63857434653504,19
P0edbaa5011,3,2,12.0,10.55,38.48,4,0.715,102.6582905256436,122.72764314398547,0.886296734030135,10,0.5023187742085,27.0,0.6662820951814846,72.5118406864067,23
P3bedf956bf,3,-1,55.0,8.22,40.56,0,0.867,94.27372662984959,119.19096656466178,0.9368512205489056,8,0.6247485711378662,9.0,0.7293835290305588,70.49324322002883,29
P82e84aa110,3,0,2.0,14.6,62.06,4,0.82,91.27109570939685,127.96555621028357,0.9798887624385693,3,0.4617441899149911,1.0,0.6971563618663279,64.64591569800642,37
P7572949d92,2,0,25.0,1.32,-4.54,0,0.716,101.96602023514343,105.16875456712472,0.5879885102632317,11,0.5154778449446776,137.0,0.4258643978870682,65.78156816671753,24
P0bcbee5c83,3,0,12.0,5.65,4.98,0,0.84,102.12946891839297,112.91044256294342,0.7602529807979498,16,0.47607917813006284,76.0,0.6769028948114715,67.02151238854655,20
P4b73f3a250,3,0,12.0,14.6,60.18,4,0.83,91.27109570939685,127.96555621028357,0.9798887624385693,3,0.4617441899149911,1.0,0.6971563618663279,64.64591569800642,37
P414be319a7,2,0,22.0,10.25,36.38,0,0.905,99.06769647127646,123.55076132148142,0.9268825472592095,8,0.5764089196620761,12.0,0.578327236572997,68.82575563758498,27
Pf7cf72315c,3,,6.0,7.05,21.38,1,0.728,99.22664209051064,110.5495546084127,0.7760265652859349,18,0.607411097822304,70.0,0.7117389603615454,68.25404116430907,15
Pd62847824a,3,1,15.0,8.97,24.44,1,0.89,94.22103899084337,113.74546002430606,0.8971245724004854,11,0.548628124528244,21.0,0.7236329755415725,69.0073949358039,23
Pebbeab0c5c,3,0,23.0,6.92,26.34,0,0.713,94.98255285246299,108.41163173623997,0.8206540342667514,13,0.5489722854215,51.0,0.6903195182107922,68.09415527236091,23
Pe275ca2256,2,0,2.0,10.53,41.39,1,0.785,98.98630075561414,123.16706689157644,0.9250788481606336,6,0.6115810441115348,9.0,0.6620908553339188,70.12248278177645,31
Pc19f23edb3,3,0,1.0,4.87,21.48,0,0.804,101.33392374093607,114.71196917934614,0.8062829292919204,15,0.613596166999177,59.0,0.7000075942795848,71.22160284486907,17
Pa93866e530,3,0,23.0,9.68,31.49,2,0.898,97.05670960251325,121.67812966590763,0.9308592686972125,10,0.5900348658520721,10.0,0.7151911719503421,66.72952802519815,25
P2382218b2e,2,0,35.0,5.58,15.12,0,0.816,102.70324348365567,111.88866599816575,0.7281184375607135,10,0.6081015382096621,90.0,0.6127815313571879,71.7165373131966,22
P66484e16cb,3,2,11.0,5.87,29.3,2,0.847,100.95822692705647,122.55171289015138,0.9028238261955257,11,0.5214619678513831,17.0,0.7223239287104208,65.84302018788298,24
P218d8c92b9,3,0,24.0,9.44,32.22,0,0.817,97.40063443543755,117.65492234304708,0.8977634282085514,12,0.6047804100160574,20.0,0.733532069183722,66.28035420680028,24
Pb1d497dd3b,3,0,2.0,5.68,32.91,1,0.72,98.15870241830416,113.99320861440705,0.848111170439716,13,0.3595638960271476,46.0,0.6566430474493556,70.0036965264184,21
P72ec1785e5,2,0,4.0,8.55,22.18,1,0.761,96.84670529669643,112.7884179761677,0.8522576847175127,11,0.5339618706790135,43.0,0.6468585008362413,66.04919273384611,25
P79c8ced5ce,3,0,21.0,4.02,16.44,0,0.707,102.50557451503659,114.0195028442252,0.7728021393242076,15,0.5808727213682906,73.0,0.7012974547159322,66.40300693475649,22
Pca5928b452,3,1,10.0,7.54,36.44,1,0.676,94.62869097783947,111.67747743306009,0.8704591820948531,13,0.3971122911399775,28.0,0.6968972859008925,69.68063098920715,22
P51e90d8f38,2,0,1.0,4.46,17.41,0,0.852,103.25432129843031,110.82289506463113,0.6928528071653662,12,0.5520070966434525,98.0,0.5559180371701409,69.09501026233205,21
P92095a9676,2,0,5.0,3.16,-1.62,1,0.866,105.73275480542476,110.02847793529189,0.6125352632516383,8,0.3668317153963654,124.0,0.435207631962088,64.44244250422977,27
Pdbf2a4e286,3,,1.0,10.55,39.1,5,0.778,102.6582905256436,122.72764314398547,0.886296734030135,10,0.5023187742085,27.0,0.6662820951814846,72.5118406864067,23
Pa306b38c4f,3,0,16.0,8.08,43.47,2,0.792,93.26607455491782,120.5079608500738,0.9501207025445028,9,0.6729844566351749,6.0,0.727822993030231,72.31045500346266,27
P816913601a,3,0,1.0,6.91,20.85,0,0.799,99.67511839366566,114.20155865543236,0.8270069877111346,12,0.5081874061166369,52.0,0.7006114112080085,67.17563685641922,24
P26b4659b22,3,0,35.0,7.66,30.78,0,0.808,97.87052385236728,114.17238255229046,0.854673446751881,15,0.5982677393772234,40.0,0.7072388004870236,69.90131960211997,22
Pd3d2fde686,2,0,22.0,3.91,3.61,0,0.764,99.49625945298924,108.11390663419704,0.7221699879231648,10,0.4368841402879905,94.0,0.4330706893868974,65.75647693855812,22
Pd4ca66045e,3,0,0.0,8.22,35.98,2,0.762,100.18170996931676,120.54652075574205,0.893602238955685,12,0.5521433333768825,22.0,0.7042363109520778,71.80798700609597,24
P0e202d21b8,3,0,7.0,2.43,2.06,0,0.716,105.39455698332529,108.81024782015851,0.5906823893865396,23,0.5802651906236561,133.0,0.7385705755731021,68.42815601187804,9
Pd3ead775c1,3,0,13.0,5.17,25.9,1,0.835,96.71768499761879,112.8447605325466,0.854891550708295,10,0.40680799717598587,39.0,0.6584109930474202,64.83667136216086,25
P2524393d71,3,0,10.0,6.87,28.11,2,0.81,98.6848492454142,115.0367597473392,0.85360791048662,14,0.4827118566991032,41.0,0.6960206394145677,66.19518963208591,22
Pdff50197cb,2,,22.0,1.81,-4.96,0,0.851,103.8670738591455,107.47176203152452,0.5968449577450423,9,0.4094256285832344,131.0,0.32428374017508393,64.3195947974435,26
Pbdf853cdec,3,1,8.0,5.32,15.4,1,0.857,99.03449661810916,111.70261137158923,0.7996768998782047,18,0.6011711540048579,61.0,0.7311426903960294,71.11800622346698,16
Pe8e75a6d90,3,0,1.0,4.7,12.21,0,0.765,95.1147457182575,106.0713929636389,0.7779615084077082,17,0.4233594953478442,68.0,0.6833182768308542,65.52930786203477,16
P233044615c,3,1,1.0,10.76,30.05,0,0.716,95.50554708981022,112.26156183706865,0.8651736638973528,14,0.5171489392370172,34.0,0.7086635062902461,67.14833429781807,21
P732be498cd,3,1,5.0,10.7,38.85,1,0.705,98.5463272455562,120.09168984491006,0.9066906354234571,13,0.5596231237388873,16.0,0.7078195533393551,69.33628223057747,20
Pf99c720027,3,0,14.0,4.98,2.98,1,0.75,102.83030198164471,110.01097084175291,0.6848713900220756,18,0.47469103276250457,102.0,0.6681543963103932,69.65695397786988,14
P1c48d6e24b,3,0,10.0,8.72,33.83,2,0.796,100.95822692705647,122.55171289015138,0.9028238261955257,11,0.5214619678513831,17.0,0.7223239287104208,65.84302018788298,24
Pe6c95cf044,2,0,14.0,7.28,13.33,0,0.814,98.83013595079,111.5760150232962,0.8013877676429375,12,0.5087681194339587,60.0,0.5739241542271896,66.33413662350308,23
P99ed7bd6ab,2,1,44.0,7.05,34.3,1,0.837,94.08274299434649,115.34944831911383,0.9124244122529265,8,0.5770107827096727,15.0,0.5565977028358845,62.45665766713139,26
P2c7c71307b,3,0,2.0,9.01,11.32,1,0.775,92.33498092735414,104.09579426830744,0.7987850095897048,11,0.49784501559680455,62.0,0.6745608462078927,60.1590430974222,23
P424c3aa3f2,3,,7.0,8.08,32.56,0,0.84,98.84585999624736,116.72503475029106,0.8712417381753533,11,0.38602651561574447,30.0,0.6538386372811855,65.92538571894663,22
Peae8be2d88,2,0,42.0,0.85,-6.04,0,0.801,106.42396716551676,103.71956040854195,0.4265329228165725,15,0.4570016057647155,206.0,0.5236497883316845,69.02412501725111,9
P75990d7854,2,0,4.0,7.3,6.44,1,0.751,106.57062686350406,113.19663645348143,0.6667812881778489,12,0.4935678778527442,108.0,0.5856278557104685,67.74931768736347,23
Paed8dc8f7e,2,,17.0,2.88,-10.04,0,0.9,107.12344250621646,101.50531111639734,0.34989217103837,14,0.32024571203914987,231.0,0.3417752351290927,67.70011033573252,20
Pa757d2e68d,3,0,3.0,4.34,19.86,0,0.792,101.40168423462188,110.83516764570243,0.7355518510676491,16,0.4785605477975855,86.0,0.6592557060608726,69.95996842854083,17
Pf59a3a471e,2,1,7.0,2.88,-10.2,0,0.9,107.12344250621646,101.50531111639734,0.34989217103837,14,0.32024571203914987,231.0,0.3417752351290927,67.70011033573252,20
Pb8bba3b38a,2,0,10.0,5.66,19.7,0,0.816,102.70324348365567,111.88866599816575,0.7281184375607135,10,0.6081015382096621,90.0,0.6127815313571879,71.7165373131966,22
Pae3adc3ef4,3,1,3.0,10.21,16.15,1,0.864,100.83674824778525,112.33441685714146,0.7758668228111435,12,0.5103683283604108,71.0,0.6865087303401921,70.87181944195362,20
P36a4ba5e62,3,0,2.0,7.09,33.77,0,0.747,93.79654915435188,110.43926261305205,0.8674252736557333,16,0.6231334799389288,31.0,0.7123731667380365,63.65671607741737,18
P1c44c138bb,3,0,23.0,6.48,26.95,0,0.795,99.10799502880701,114.22984067651024,0.8365840470445026,15,0.4193326368771121,48.0,0.6982445609333867,67.73412566101761,26
Pf372901c0b,3,,25.0,5.35,25.89,1,0.803,95.36398985239572,108.90668004621857,0.8215799654638907,13,0.4282549058172566,50.0,0.6741476215641521,69.77499493537368,20
P3d8ccdb639,3,,2.0,13.59,78.99,6,0.762,92.01405731448614,130.5679429123398,0.9824406297611048,4,0.646990959247901,2.0,0.7025042440913284,65.96334886563857,35
Pf3b62cae3c,3,,2.0,3.68,16.35,1,0.766,103.96558034739381,116.43191142113568,0.7862281669663026,17,0.45170464580528974,66.0,0.7207157858218415,68.90126930108778,15
P4e09db2338,3,,7.0,8.88,30.44,0,0.782,100.3107555216894,121.31278207819673,0.8989980942579001,15,0.5512070199547547,29.0,0.7624331392922464,64.72731151965804,20
P07268bf0e1,3,,7.0,14.17,83.35,6,0.729,92.01405731448614,130.5679429123398,0.9824406297611048,4,0.646990959247901,2.0,0.7025042440913284,65.96334886563857,35
P12ee990c18,3,,4.0,8.1,20.76,1,0.724,103.96558034739381,116.43191142113568,0.7862281669663026,17,0.45170464580528974,66.0,0.7207157858218415,68.90126930108778,15
P3ee6bf444e,3,,20.0,7.13,31.15,0,0.68,100.99566970866977,117.41046718303892,0.8496529686344352,16,0.4054456057230648,45.0,0.7132163347048529,67.55056641672397,19
P5f9ce00466,3,,0.0,10.4,37.68,0,0.758,100.85895540248744,116.7672598423789,0.8434712490931734,14,0.44648903784494337,51.0,0.7187015042371647,68.70747363142753,20
P1a135db58f,3,,3.0,9.86,55.94,1,0.704,100.21798084248428,126.79574370297132,0.9373294571119535,10,0.3750134998375387,14.0,0.7163610713817254,67.5784628398995,26
P5699f03b57,3,1,30.0,3.26,1.03,0,0.717,99.79000535144286,110.09229330551582,0.7558179790581204,20,0.4682738367465077,75.0,0.7247401247419386,65.65904294048316,12
Pb9eccb67f7,3,,9.0,14.17,82.22,6,0.762,92.01405731448614,130.5679429123398,0.9824406297611048,4,0.646990959247901,2.0,0.7025042440913284,65.96334886563857,35
P7ba2fa977b,2,0,0.0,3.49,6.21,0,0.786,106.9086698548897,113.09319733657844,0.6562730043926928,15,0.560869660268871,103.0,0.5864279132980643,70.96507944234176,19
P15b8c13058,3,,25.0,9.31,50.09,1,0.786,92.09182023827759,118.62227119935093,0.9484031214626707,9,0.3385831918285666,9.0,0.6955992475883523,69.7054114305246,27
Pf4e651b50c,3,,9.0,10.8,45.5,2,0.847,97.4057214539072,124.91773245744587,0.9458773396396214,13,0.5727258373229667,10.0,0.7799883590100685,70.27484080284603,24
P3f654a33fe,3,,35.0,5.16,5.45,1,0.871,101.1212771991049,107.62216448047641,0.671840157174892,16,0.31162870377529284,96.0,0.614253210687086,68.48985817116892,18
P8048267828,3,1,1.0,11.54,49.17,2,0.791,94.18033178963256,127.78599984478288,0.9709476912163431,4,0.4629493532677121,4.0,0.7452866403448308,69.90386588570145,36
Pf54bd6bbc8,3,,32.0,9.85,43.96,2,0.769,98.4871386248769,122.50987011417863,0.9248436972381282,13,0.5345928097868528,19.0,0.7617981613074409,71.52589483832305,22
P884e8ee6b6,3,,7.0,9.85,45.84,2,0.769,98.4871386248769,122.50987011417863,0.9248436972381282,13,0.5345928097868528,19.0,0.7617981613074409,71.52589483832305,22
P9b4a07a3b9,3,,9.0,6.21,33.71,0,0.85,99.82346705041726,119.31018013081348,0.8860202145446384,14,0.6666402220630926,33.0,0.7094347425083518,70.83674745464835,23
Pcb16689c6c,3,,14.0,8.09,34.91,0,0.787,96.95990791447417,115.72232128530078,0.8843519529429963,13,0.4189955885957227,34.0,0.7023903025979823,66.74784066862536,20
P318e86822c,2,1,10.0,5.59,23.4,0,0.766,98.97547034089459,117.3846990785151,0.876719192191159,10,0.5505623280809867,39.0,0.6264970086105495,66.09889498920678,26
P679974836f,3,,11.0,9.47,50.72,0,0.679,92.33129828255196,117.26323926253482,0.939853377699753,7,0.5098940947981101,13.0,0.7479723116122188,67.64944950400772,30
P307cead4af,3,0,1.0,7.02,30.37,0,0.773,93.93847027313126,115.70954823507901,0.9166056169452639,10,0.5912907269887806,22.0,0.7877198762775977,70.02878600758503,27
Padf63a93ad,3,,30.0,10.03,37.35,2,0.834,101.2209653569447,120.77790744190291,0.8840593754711948,11,0.5171388053370701,36.0,0.6902689521861183,64.0667377329408,24
P070f8d3585,3,1,14.0,7.15,21.55,0,0.82,100.7828968311379,114.36470606584757,0.8105939744158821,15,0.3194891009687662,61.0,0.6561895667157599,70.44244360556505,16
P43b2e2aa2f,2,0,13.0,3.5,9.27,0,0.842,100.93373318406702,109.7138650699217,0.7229681906703879,13,0.42421136981383395,83.0,0.5229657435591988,68.33455885264085,22
P155e770e32,3,1,14.0,14.17,84.39,6,0.762,92.01405731448614,130.5679429123398,0.9824406297611048,4,0.646990959247901,2.0,0.7025042440913284,65.96334886563857,35
Pa29e5f68db,3,1,11.0,5.2,20.81,0,0.87,98.68737490992788,118.40875526764435,0.8904294148548526,11,0.6097547837015042,31.0,0.720731689958003,67.43970785833592,25
Pad9c27fcb6,3,0,4.0,13.94,53.07,0,0.702,92.97366358494916,127.682526609925,0.9746216413854621,6,0.6614445140676275,3.0,0.8033842687232778,68.28656149675678,32
P259fbebd69,3,0,3.0,7.76,35.57,1,0.858,95.5144537107033,113.72133736713273,0.8814720844104246,14,0.4549316281708322,38.0,0.7277560218627941,69.39578443726606,22
Pc0a66d6cca,3,1,2.0,9.13,49.21,3,0.833,91.87755578169262,120.15802827563962,0.9563130773092063,8,0.5052652111370454,6.0,0.7568873351659684,63.9209883908556,30
P495dd3afc8,3,0,1.0,7.69,23.91,0,0.789,97.0345310455141,116.4707674214651,0.8908637355078195,11,0.6179838101997761,30.0,0.7169703772415332,67.8797033107227,23
P41ae7c3c75,3,0,15.0,11.54,49.34,2,0.794,94.18033178963256,127.78599984478288,0.9709476912163431,4,0.4629493532677121,4.0,0.7452866403448308,69.90386588570145,36
Pd4c3f94c64,3,1,5.0,7.53,7.82,1,0.82,101.1212771991049,107.62216448047641,0.671840157174892,16,0.31162870377529284,96.0,0.614253210687086,68.48985817116892,18
Pf25d15a954,3,1,4.0,9.12,48.9,2,0.706,98.49561637171911,123.42902943157674,0.9305406648221098,12,0.5654723167061575,17.0,0.7705188852016801,70.85771232544728,24
P24c85e006b,3,0,42.0,4.97,14.44,0,0.828,102.47831343254978,112.48714803133565,0.7449123631234379,14,0.4463369596187219,76.0,0.6113572135303685,66.37477076519029,21
P75527a2d8c,3,0,1.0,6.06,10.1,0,0.618,100.94738654330098,107.78030335434678,0.6798751102180033,15,0.44447754290616376,95.0,0.6197923189029582,69.88976845636677,17
P855a9cc2ba,3,0,13.0,7.89,23.56,1,0.927,97.87068144075616,113.61818966245508,0.8475819829858074,16,0.47192996724468833,47.0,0.7294122088367146,65.24994358026645,17
P445f167264,3,2,22.0,8.03,45.85,2,0.706,98.49561637171911,123.42902943157674,0.9305406648221098,12,0.5654723167061575,17.0,0.7705188852016801,70.85771232544728,24
Pc2ef5dcf11,3,0,7.0,9.05,30.19,0,0.741,92.39277796578128,110.05042660599041,0.8819714871074261,13,0.5206690640659469,37.0,0.7336839898758634,64.4356749606403,19
P49b4c451ec,3,1,5.0,14.17,86.18,6,0.762,92.01405731448614,130.5679429123398,0.9824406297611048,4,0.646990959247901,2.0,0.7025042440913284,65.96334886563857,35
Pfc563b417e,2,3,8.0,6.28,7.08,0,0.824,104.15724508134458,112.1815992081815,0.7013004923959795,16,0.5762869068563022,89.0,0.6129162580663243,64.09776998597358,17
P16dc90cb0b,3,0,9.0,9.23,48.15,0,0.777,96.75862569181652,123.11029200388947,0.9410276189365742,10,0.5021255600718417,12.0,0.741377863871985,67.87320188298993,27
P3a6abfac78,2,0,2.0,5.14,16.3,0,0.823,99.05053051824072,112.06781086497367,0.8053307581454404,7,0.34339852976207647,62.0,0.4795419898477293,65.70206011375004,28
P34c7aa9885,3,-1,5.0,11.54,48.11,2,0.794,94.18033178963256,127.78599984478288,0.9709476912163431,4,0.4629493532677121,4.0,0.7452866403448308,69.90386588570145,36
P95c84fe799,2,1,11.0,8.52,30.99,0,0.722,96.68089620698369,115.96139037297074,0.8900426566360821,7,0.3937500539939417,32.0,0.5252862535128807,66.37884262424704,28
P98436c11b0,3,0,15.0,8.59,44.63,3,0.833,91.87755578169262,120.15802827563962,0.9563130773092063,8,0.5052652111370454,6.0,0.7568873351659684,63.9209883908556,30
P7fd9e8becb,2,2,32.0,5.83,16.74,0,0.906,99.32873407344636,112.1455624355741,0.8014962275553734,6,0.7859076322994916,63.0,0.632729990432208,70.85817675534685,29
P07d140dc91,3,1,1.0,10.09,36.3,0,0.783,93.72589952675159,116.04232059342377,0.9210118140787082,13,0.6483600271759906,21.0,0.7850522413931417,68.59723237621438,21
P0a66817947,3,0,1.0,10.8,48.85,3,0.847,97.4057214539072,124.91773245744587,0.9458773396396214,13,0.5727258373229667,10.0,0.7799883590100685,70.27484080284603,24
Pe05466ea0a,3,0,23.0,7.09,29.49,0,0.747,93.79654915435188,110.43926261305205,0.8674252736557333,16,0.6231334799389288,31.0,0.7123731667380365,63.65671607741737,18
P6146f5260f,3,1,4.0,12.0,65.53,1,0.801,96.62293440819636,127.73812802043958,0.9612241831514395,9,0.7299686605470164,5.0,0.831886030529221,75.06357596024934,28
Pc25108b74d,3,0,15.0,9.88,31.73,1,0.762,100.3107555216894,121.31278207819673,0.8989980942579001,15,0.5512070199547547,29.0,0.7624331392922464,64.72731151965804,20
P8d3b3436aa,3,0,1.0,12.0,67.08,1,0.63,96.62293440819636,127.73812802043958,0.9612241831514395,9,0.7299686605470164,5.0,0.831886030529221,75.06357596024934,28
Pe7bcbcc1c2,2,0,11.0,6.22,18.75,0,0.832,105.38984544985914,114.9361453911949,0.7305017882484177,11,0.5554068060792191,79.0,0.591636566996772,66.0587550835255,23
Pf38ea886b7,3,0,23.0,4.78,11.03,0,0.832,97.41556161589756,107.72952470411153,0.7608479047932237,11,0.4867754850782301,71.0,0.6404739287029001,67.42343901181167,21
Pa0366802b4,3,1,20.0,5.48,21.71,0,0.78,106.51702339358692,119.9613687280588,0.7968864303574428,16,0.4088050547079103,64.0,0.7086394616392953,70.06173742722422,17
P07109e12fd,2,1,4.0,6.9,35.21,0,0.7,100.30199868457629,116.59521648624728,0.8495415905436096,13,0.5986010512429288,46.0,0.5871406148381179,69.22936740513062,21
P1945d13d34,3,1,2.0,8.08,33.49,0,0.831,98.84585999624736,116.72503475029106,0.8712417381753533,11,0.38602651561574447,30.0,0.6538386372811855,65.92538571894663,22
Pedf3dd90d4,2,0,13.0,2.28,-9.25,0,0.757,108.51888374801578,105.09153062740447,0.4087672416208002,15,0.43240532514952074,204.0,0.40077990072244996,67.52314327821888,21
Pab4be0edd9,2,1,10.0,6.77,17.51,0,0.842,101.2989937008757,114.85205946890002,0.8090789344594096,7,0.44748627712299316,58.0,0.5883377234808868,68.7692476148734,28
P80ff3b7db7,3,0,13.0,9.81,15.34,1,0.823,95.46586179539534,108.67178436010501,0.816075258930846,14,0.47853638037232055,56.0,0.6828267746153663,67.68875833267646,21
P5bddeea434,3,0,3.0,8.82,44.52,0,0.867,94.27372662984959,119.19096656466178,0.9368512205489056,8,0.6247485711378662,9.0,0.7293835290305588,70.49324322002883,29
P6ce9cb925d,3,0,10.0,9.31,48.43,2,0.786,92.09182023827759,118.62227119935093,0.9484031214626707,9,0.3385831918285666,9.0,0.6955992475883523,69.7054114305246,27
Pcb59681372,3,0,50.0,8.66,32.02,1,0.773,93.93847027313126,115.70954823507901,0.9166056169452639,10,0.5912907269887806,22.0,0.7877198762775977,70.02878600758503,27
P8961a7643a,3,0,44.0,13.72,52.84,1,0.714,92.97366358494916,127.682526609925,0.9746216413854621,6,0.6614445140676275,3.0,0.8033842687232778,68.28656149675678,32
P351397d42c,3,0,10.0,10.83,46.87,1,0.741,93.30599129741913,119.30864151621176,0.9441195685969639,10,0.49602296184402556,11.0,0.7326239821998308,68.76893976658738,25
P03328260f7,3,0,24.0,9.17,29.78,0,0.823,95.9229110187746,117.95836989920878,0.9151380741045633,8,0.6220771673441738,24.0,0.6977714963068736,69.15821588331734,27
P1cb017a474,3,-1,5.0,10.83,44.73,1,0.741,93.30599129741913,119.30864151621176,0.9441195685969639,10,0.49602296184402556,11.0,0.7326239821998308,68.76893976658738,25
P648e1b1924,3,1,13.0,13.94,60.18,1,0.714,92.97366358494916,127.682526609925,0.9746216413854621,6,0.6614445140676275,3.0,0.8033842687232778,68.28656149675678,32
P694212af03,2,0,0.0,10.72,56.74,0,0.735,96.7085053142267,124.80106494920042,0.9494406823101785,9,0.66221073547254,8.0,0.6567236976153245,70.50721700460241,26
P19a9559b15,3,0,3.0,7.08,35.66,0,0.758,97.04331333622547,119.26340437756986,0.9145918907318749,12,0.5061827160036608,25.0,0.7517103096373625,68.05584782186064,24
P9caa5193d5,3,1,1.0,9.74,27.77,1,0.783,90.0334874199109,112.95607418540607,0.9314001957065602,5,0.5264696695627586,16.0,0.6833643219544522,70.05783640232399,31
P25ddbfff0e,3,0,8.0,12.0,66.43,1,0.801,96.62293440819636,127.73812802043958,0.9612241831514395,9,0.7299686605470164,5.0,0.831886030529221,75.06357596024934,28
P3b0e47f5ec,2,0,4.0,5.29,16.37,0,0.817,104.10258525214857,113.9906312411065,0.7395254838770804,8,0.42888062708183294,78.0,0.4267188209884278,67.67682097808013,22
P04a83dcaaf,2,0,2.0,5.29,13.66,0,0.772,104.10258525214857,113.9906312411065,0.7395254838770804,8,0.42888062708183294,78.0,0.4267188209884278,67.67682097808013,22
P98f1a6546b,3,0,4.0,14.91,67.62,1,0.776,87.34753529472775,124.69232186200061,0.9835925505281423,5,0.5591388723521532,1.0,0.774116764653263,61.78137219905102,35
Peb9997d32a,3,0,30.0,8.73,27.91,1,0.628,101.1344384074096,118.60109040151951,0.8620143491899028,13,0.383953927762473,43.0,0.6932597304879806,69.67543615597366,20
P5af1a30da4,2,1,15.0,4.87,-10.15,0,0.9,101.24243412559903,100.72106417922923,0.4851606678057175,14,0.4691237719989496,167.0,0.3985722656047343,63.43058076322779,17
P0e11075372,3,0,31.0,13.94,58.16,1,0.714,92.97366358494916,127.682526609925,0.9746216413854621,6,0.6614445140676275,3.0,0.8033842687232778,68.28656149675678,32
P522b25bae5,2,0,3.0,7.3,17.77,0,0.781,97.54942800593749,112.96966170547242,0.8439268661699605,5,0.3754496771431952,49.0,0.4159238865999608,66.00445764306522,30
P1fe8b7c256,3,0,34.0,6.87,26.56,0,0.741,100.84242244718949,112.72770786877284,0.7826684994596871,17,0.3698469298437351,68.0,0.686800246103264,69.16839579714723,16
Pd83ff943df,3,0,11.0,3.17,12.84,0,0.823,106.68361464187097,116.96622111485374,0.7423468781945137,20,0.5658875786425536,77.0,0.7039522957359262,67.84232909940273,15
Pd559eb82c1,3,0,11.0,7.95,39.31,0,0.672,94.20535562064376,116.02656671857247,0.9165167842809334,11,0.6475837130059183,23.0,0.7834806952000112,66.71378671218716,23
P14a31d76da,3,1,5.0,9.05,36.91,1,0.889,92.39277796578128,110.05042660599041,0.8819714871074261,13,0.5206690640659469,37.0,0.7336839898758634,64.4356749606403,19
P072482f331,3,1,25.0,7.13,32.58,1,0.806,100.99566970866977,117.41046718303892,0.8496529686344352,16,0.4054456057230648,45.0,0.7132163347048529,67.55056641672397,19
P43bb69ceef,2,0,11.0,6.4,-28.94,0,0.812,115.62988217162919,101.14476704681711,0.1766547573067925,28,0.5050565740099483,328.0,0.44051331593865617,69.33668267228009,4
P0eb002afb8,3,0,12.0,9.74,31.13,1,0.797,90.0334874199109,112.95607418540607,0.9314001957065602,5,0.5264696695627586,16.0,0.6833643219544522,70.05783640232399,31
P8db9055dd7,3,,3.0,8.9,27.05,1,0.867,104.61222883025034,124.25106067365405,0.8785214993926462,12,0.5990285295539386,35.0,0.7486391312373754,69.77014073006985,23
P865ed42223,3,,22.0,11.62,35.3,0,0.863,94.0803518822724,117.10949707876514,0.9253969693681913,11,0.6884978851817476,21.0,0.7857672784398577,67.71800076238097,24
Paae5adeebf,3,,12.0,13.86,56.9,2,0.705,92.57399743057336,128.15497519674975,0.9768008635541537,3,0.6303833137899097,3.0,0.7434042227820526,65.75384002382874,35
Pbbefe0eca9,3,,8.0,9.65,29.46,1,0.735,100.09819178007791,120.6128632094773,0.8951062639657456,9,0.5373082907796041,27.0,0.7015014285706782,68.00536806888972,24
P86042c98c9,3,,23.0,10.44,55.81,0,0.727,97.9135910978975,131.79203810751574,0.9682349522399567,9,0.5767696000230701,6.0,0.7523256596345742,65.42357535321327,28
P8e7fe9e7e9,3,,0.0,10.74,50.13,1,0.75,98.76584674398055,123.64731412410616,0.9298140316690465,11,0.5520200174829476,19.0,0.7111272530718737,69.72756166077147,24
P36ce80df8e,3,,5.0,9.28,41.79,2,0.756,102.70569206054213,128.47087426186954,0.9291759059214193,9,0.5786522837608629,20.0,0.7485990585778701,71.33489565942688,28
P0d5beb0152,3,,4.0,13.61,64.13,2,0.821,91.92189967329219,124.89386739355895,0.9713918329062835,7,0.5356727494594884,5.0,0.7338466237797833,63.25821040515943,30
P9a9f9fa8f1,3,0,21.0,15.5,67.1,2,0.751,91.46440610640505,129.46855090663797,0.9819450108496014,3,0.7296619945005346,1.0,0.8100645897177529,71.07296751096119,37
P3dfb31f267,3,,5.0,11.99,58.59,2,0.762,91.9005140048028,127.43669442391695,0.9772349514044294,3,0.5574039452942613,2.0,0.7463616135587886,70.03180531070477,36
Pad2abbabb5,3,0,23.0,14.62,63.01,2,0.68,91.46440610640505,129.46855090663797,0.9819450108496014,3,0.7296619945005346,1.0,0.8100645897177529,71.07296751096119,37
Pd8381f9e2c,3,0,15.0,15.5,63.89,2,0.751,91.46440610640505,129.46855090663797,0.9819450108496014,3,0.7296619945005346,1.0,0.8100645897177529,71.07296751096119,37
P9ac54b5d6d,3,,10.0,8.61,47.99,2,0.86,95.1136831889051,121.73813329060101,0.9447051792664356,12,0.5266338155903184,12.0,0.7503033164263782,65.48759062043467,25
P7235c3ea4e,3,,6.0,5.37,12.73,0,0.763,102.59154507536527,116.84079167078957,0.8169251517190612,17,0.507647310656042,53.0,0.7238525543437125,67.13844860112252,16
P5fe334203a,3,1,3.0,5.49,28.39,0,0.723,105.14884577375659,124.230269353654,0.8718861114472944,15,0.4093164902777247,38.0,0.6962848215905316,66.73618656080961,21
P03f35a2855,3,0,14.0,8.46,40.61,0,0.709,101.14909867280537,124.80330347331805,0.918087991921453,13,0.41590704559344566,23.0,0.7182552704400659,62.47629573629817,24
P999bb1cbab,3,,1.0,6.69,20.73,0,0.734,104.44971069620445,117.07543489951712,0.7878972135688004,13,0.51920100531102,65.0,0.6781120617200875,67.13863820044277,20
Pfd12de1732,3,1,4.0,9.35,35.82,0,0.863,99.95112676927735,126.01768940733069,0.9349307869631831,11,0.6385341876736702,16.0,0.762529834305508,66.21841711005324,23
P011de6a94b,2,,22.0,8.15,27.48,0,0.759,104.74892332791336,125.04159461790266,0.8845684131348643,9,0.5482049050083936,31.0,0.6103485048205126,69.23585264549286,26
P7c5fe0ebd3,3,2,21.0,8.59,42.53,1,0.816,100.14314687771049,119.98331674556627,0.88881057522973,14,0.5228707605635285,29.0,0.7460159802796411,68.29834143070694,22
P81fe4dcd33,3,0,0.0,10.63,47.51,0,0.64,102.37116706362926,130.51841310336675,0.9423211692410319,10,0.7126743580381464,13.0,0.7968877983411359,72.84346823412204,25
Pd51160cf5e,3,0,24.0,9.87,39.24,2,0.718,93.82757826455352,121.36495674370173,0.950708158843498,7,0.6228675558538386,10.0,0.7464831963591909,69.44680446910739,30
Pd10e0b97d9,3,0,43.0,6.77,23.01,0,0.833,105.81819633463653,122.85499516927374,0.8477092335190293,17,0.49454076982100675,45.0,0.7123511660667223,67.81032099722474,17
Pb4d81376d2,3,0,5.0,8.84,47.77,1,0.851,94.49249581642772,123.5175458543541,0.956077915346111,6,0.5861158554956095,9.0,0.7418705846760737,64.56675288017637,34
Pdf653f9244,3,,5.0,13.61,68.19,2,0.821,91.92189967329219,124.89386739355895,0.9713918329062835,7,0.5356727494594884,5.0,0.7338466237797833,63.25821040515943,30
P279cdc2712,3,1,5.0,9.81,46.96,0,0.762,93.1435147887633,123.67823971829554,0.9630568288516176,8,0.4592405581101583,7.0,0.6981662391803098,67.31476823053319,29
P53d139a0c8,3,0,11.0,12.93,51.86,1,0.688,94.49249581642772,123.5175458543541,0.956077915346111,6,0.5861158554956095,9.0,0.7418705846760737,64.56675288017637,34
Pf02a0c42ed,3,,10.0,11.99,60.8,2,0.762,91.9005140048028,127.43669442391695,0.9772349514044294,3,0.5574039452942613,2.0,0.7463616135587886,70.03180531070477,36
P1fc9b73472,3,0,2.0,5.63,34.44,0,0.756,101.63840015986935,124.68060631693196,0.9129214969649684,13,0.490294055492353,24.0,0.7294820442718423,66.12971902227292,21
Pbe096a5b87,3,0,15.0,8.23,24.38,1,0.867,104.61222883025034,124.25106067365405,0.8785214993926462,12,0.5990285295539386,35.0,0.7486391312373754,69.77014073006985,23
P2086e31fc5,3,0,3.0,16.01,66.37,2,0.836,92.57399743057336,128.15497519674975,0.9768008635541537,3,0.6303833137899097,3.0,0.7434042227820526,65.75384002382874,35
Pd88150bb39,3,,1.0,9.28,42.61,2,0.843,102.70569206054213,128.47087426186954,0.9291759059214193,9,0.5786522837608629,20.0,0.7485990585778701,71.33489565942688,28
Pb07d6373bb,3,1,7.0,7.53,39.19,2,0.843,102.70569206054213,128.47087426186954,0.9291759059214193,9,0.5786522837608629,20.0,0.7485990585778701,71.33489565942688,28
Pfc8df2f375,3,0,18.0,7.05,27.43,0,0.758,94.09341991965444,112.48585481612244,0.8862708291554166,15,0.4617357105498281,30.0,0.6800800715586188,67.72001914148119,18
P1715fe72c5,3,-1,3.0,10.74,49.86,1,0.723,98.76584674398055,123.64731412410616,0.9298140316690465,11,0.5520200174829476,19.0,0.7111272530718737,69.72756166077147,24
P0b55371179,3,0,3.0,13.41,59.63,1,0.731,100.89832800529173,133.32979091310443,0.9610291883800772,9,0.6185420660025659,8.0,0.7793362656959358,64.38573857130818,30
P6e67770ba5,3,0,1.0,14.27,43.65,2,0.747,93.82757826455352,121.36495674370173,0.950708158843498,7,0.6228675558538386,10.0,0.7464831963591909,69.44680446910739,30
P8d0ea24592,3,-1,0.0,8.59,37.7,1,0.761,100.14314687771049,119.98331674556627,0.88881057522973,14,0.5228707605635285,29.0,0.7460159802796411,68.29834143070694,22
P3778eacc6f,3,1,0.0,7.39,45.49,2,0.695,95.1136831889051,121.73813329060101,0.9447051792664356,12,0.5266338155903184,12.0,0.7503033164263782,65.48759062043467,25
P84f7cbd5a8,3,0,34.0,9.87,49.3,0,0.828,101.61503945293322,124.00611041090477,0.9080539543606994,12,0.4797497287133404,25.0,0.7193829808044888,64.87167568463597,24
Pd084613a9a,3,1,6.0,16.01,59.04,2,0.836,92.57399743057336,128.15497519674975,0.9768008635541537,3,0.6303833137899097,3.0,0.7434042227820526,65.75384002382874,35
P169cb5be9a,3,0,21.0,13.61,65.81,2,0.821,91.92189967329219,124.89386739355895,0.9713918329062835,7,0.5356727494594884,5.0,0.7338466237797833,63.25821040515943,30
P328a9a467a,3,0,34.0,8.61,46.71,2,0.86,95.1136831889051,121.73813329060101,0.9447051792664356,12,0.5266338155903184,12.0,0.7503033164263782,65.48759062043467,25
P9603a14b7f,3,0,5.0,10.22,42.89,0,0.831,100.36947441691117,127.91602476952527,0.9420748196471447,9,0.5199434252501318,14.0,0.7431743410326543,68.7787552782973,27
P4b7967ab2f,3,0,1.0,8.01,27.61,0,0.766,103.74902101261699,117.57492470431197,0.8082474062142933,13,0.4996926269194538,58.0,0.6735312186041684,67.27019762721781,19
Peb3b7288c1,3,1,23.0,14.27,46.93,2,0.747,93.82757826455352,121.36495674370173,0.950708158843498,7,0.6228675558538386,10.0,0.7464831963591909,69.44680446910739,30
Pd0d6a519f5,3,0,0.0,11.99,61.22,2,0.743,91.9005140048028,127.43669442391695,0.9772349514044294,3,0.5574039452942613,2.0,0.7463616135587886,70.03180531070477,36
P56746fa0a3,2,0,35.0,5.94,21.98,0,0.81,101.40792066767953,116.97733833538524,0.8378794161280869,9,0.5401403778748747,50.0,0.5634788052047895,71.44669502261553,25
Pa5e266180e,3,0,13.0,12.2,32.01,1,0.641,100.09819178007791,120.6128632094773,0.8951062639657456,9,0.5373082907796041,27.0,0.7015014285706782,68.00536806888972,24
P1723d857f7,3,3,33.0,10.01,42.3,0,0.699,97.58105270454782,122.59232405975496,0.9323954853045677,6,0.4660113964354996,18.0,0.6770886068479426,65.666341807108,30
Pfff8cbaa74,3,0,10.0,6.78,23.62,0,0.722,104.49552546649612,119.2943146158738,0.8210045592017139,15,0.4681310631875132,52.0,0.6688498955180322,70.72554489586321,18
Paf6b5cd8b6,3,0,2.0,7.55,22.42,0,0.642,103.91128043475305,116.68439542729678,0.7913787972477685,19,0.4934335987716698,62.0,0.7253807760498212,65.22208726862942,15
Pf069f7ce7d,3,1,5.0,7.71,27.1,0,0.851,106.34371329466015,122.72170939137558,0.8385248101678743,14,0.5379855313442032,49.0,0.7063261809140833,68.55047467029765,20
P01dc454b71,3,0,4.0,13.41,60.11,1,0.859,100.89832800529173,133.32979091310443,0.9610291883800772,9,0.6185420660025659,8.0,0.7793362656959358,64.38573857130818,30
P0c63cafc6d,3,1,8.0,8.65,21.05,1,0.779,102.59154507536527,116.84079167078957,0.8169251517190612,17,0.507647310656042,53.0,0.7238525543437125,67.13844860112252,16
