pid,txt_athlete,txt_athlete_per1k,txt_breakout,txt_breakout_per1k,txt_character,txt_character_per1k,txt_defender,txt_defender_per1k,txt_exists,txt_hype,txt_hype_per1k,txt_injury,txt_injury_per1k,txt_left,txt_left_per1k,txt_national,txt_national_per1k,txt_nba_family,txt_nba_family_per1k,txt_negative,txt_negative_per1k,txt_playmaker,txt_playmaker_per1k,txt_positive,txt_positive_per1k,txt_prep,txt_prep_per1k,txt_pro_family,txt_pro_family_per1k,txt_projected_pick,txt_refs,txt_sections,txt_shooter,txt_shooter_per1k,txt_size,txt_size_bytes,txt_size_per1k,txt_tone,txt_transfer,txt_transfer_per1k,txt_words
P00193b3ed9,0,0.0,0,0.0,0,0.0,0,0.0,1,4,13.514,0,0.0,0,0.0,0,0.0,0,0.0,0,0.0,0,0.0,2,6.757,0,0.0,0,0.0,,3,9,0,0.0,0,4789,0.0,0.4,0,0.0,296
P002581103b,,,,,,,,,0,,,,,,,,,,,,,,,,,,,,,,,,,,,,,,,,
P0035c2f0b3,1,0.996,0,0.0,0,0.0,0,0.0,1,5,4.98,1,0.996,0,0.0,3,2.988,1,2.988,0,0.0,0,0.0,4,3.984,1,4.98,1,6.972,,40,7,4,3.984,0,20315,0.0,0.571,1,1.992,1004
P004efe3965,1,2.513,1,2.513,1,2.513,0,0.0,1,0,0.0,1,2.513,0,0.0,0,0.0,0,0.0,0,0.0,0,0.0,6,15.075,0,0.0,0,0.0,,9,4,3,7.538,0,5976,0.0,0.667,0,0.0,398
P0057628fa2,0,0.0,0,0.0,0,0.0,1,1.462,1,4,5.848,0,0.0,0,0.0,0,0.0,0,0.0,0,0.0,1,1.462,6,8.772,0,0.0,0,0.0,,22,6,3,4.386,0,13345,0.0,0.667,0,0.0,684
P0086aec335,0,0.0,0,0.0,0,0.0,0,0.0,1,0,0.0,0,0.0,0,0.0,0,0.0,0,0.0,0,0.0,0,0.0,0,0.0,0,0.0,1,4.149,,3,2,1,4.149,0,2928,0.0,0.0,0,0.0,241
P00e7133fc6,15,4.631,3,0.926,1,0.309,23,7.101,1,31,9.571,8,2.47,1,0.309,0,0.0,0,0.0,3,0.926,11,3.396,33,10.188,0,0.0,1,0.309,,154,13,8,2.47,1,66829,0.309,0.769,1,0.309,3239
P01056a0f18,,,,,,,,,0,,,,,,,,,,,,,,,,,,,,,,,,,,,,,,,,
P011de6a94b,0,0.0,0,0.0,0,0.0,1,2.732,1,1,2.732,3,8.197,0,0.0,0,0.0,0,0.0,0,0.0,1,2.732,3,8.197,0,0.0,0,0.0,,8,5,0,0.0,0,6131,0.0,0.5,0,0.0,366
P014b6ed928,,,,,,,,,0,,,,,,,,,,,,,,,,,,,,,,,,,,,,,,,,
P0157d20b94,0,0.0,0,0.0,0,0.0,0,0.0,1,0,0.0,0,0.0,0,0.0,0,0.0,0,0.0,0,0.0,0,0.0,0,0.0,0,0.0,0,0.0,,1,3,0,0.0,0,1495,0.0,0.0,0,0.0,76
P01bc9a886e,,,,,,,,,0,,,,,,,,,,,,,,,,,,,,,,,,,,,,,,,,
P01dc454b71,0,0.0,0,0.0,0,0.0,3,6.711,1,0,0.0,1,2.237,0,0.0,0,0.0,0,0.0,0,0.0,2,4.474,3,6.711,0,0.0,1,2.237,,18,7,0,0.0,0,10030,0.0,0.5,0,0.0,447
P01fc763e95,,,,,,,,,0,,,,,,,,,,,,,,,,,,,,,,,,,,,,,,,,
P021e6add75,,,,,,,,,0,,,,,,,,,,,,,,,,,,,,,,,,,,,,,,,,
P023bbe5ec1,0,0.0,0,0.0,0,0.0,0,0.0,1,2,7.326,0,0.0,0,0.0,0,0.0,0,0.0,0,0.0,0,0.0,1,3.663,0,0.0,0,0.0,,3,4,0,0.0,0,4596,0.0,0.25,0,0.0,273
P0267b55e6b,0,0.0,0,0.0,0,0.0,0,0.0,1,6,19.169,0,0.0,0,0.0,0,0.0,1,3.195,0,0.0,0,0.0,2,6.39,0,0.0,1,3.195,,9,4,0,0.0,0,5253,0.0,0.4,0,0.0,313
P027da49c30,0,0.0,0,0.0,0,0.0,0,0.0,1,2,7.722,0,0.0,0,0.0,2,7.722,0,0.0,0,0.0,2,7.722,0,0.0,0,0.0,1,11.583,,5,4,2,7.722,0,4061,0.0,0.0,0,0.0,259
P0326e23b0d,1,1.153,1,1.153,3,3.46,8,9.227,1,9,10.381,2,2.307,0,0.0,0,0.0,0,0.0,0,0.0,0,0.0,3,3.46,0,0.0,0,0.0,,36,9,1,1.153,0,18376,0.0,0.5,1,1.153,867
P032d23c9d9,0,0.0,0,0.0,0,0.0,0,0.0,1,0,0.0,0,0.0,0,0.0,1,5.587,0,0.0,0,0.0,1,5.587,1,5.587,0,0.0,0,0.0,,2,3,0,0.0,0,2411,0.0,0.25,0,0.0,179
P03f35a2855,1,2.778,0,0.0,0,0.0,2,5.556,1,1,2.778,0,0.0,0,0.0,0,0.0,0,0.0,0,0.0,2,5.556,0,0.0,0,0.0,0,0.0,,11,5,1,2.778,0,7882,0.0,0.0,1,5.556,360
P04282e0cbf,0,0.0,0,0.0,0,0.0,3,5.282,1,2,3.521,0,0.0,0,0.0,4,7.042,0,0.0,0,0.0,3,5.282,2,3.521,0,0.0,0,0.0,,13,8,2,3.521,0,8311,0.0,0.4,0,0.0,568
P04526b8576,0,0.0,0,0.0,1,1.562,1,1.562,1,1,1.562,2,3.125,0,0.0,0,0.0,0,0.0,0,0.0,2,3.125,5,7.812,0,0.0,1,3.125,,23,6,1,1.562,0,11944,0.0,0.625,1,1.562,640
P0459b830f2,,,,,,,,,0,,,,,,,,,,,,,,,,,,,,,,,,,,,,,,,,
P049a006ba4,,,,,,,,,0,,,,,,,,,,,,,,,,,,,,,,,,,,,,,,,,
P04b95b58e0,0,0.0,0,0.0,1,0.625,2,1.251,1,0,0.0,0,0.0,0,0.0,30,18.762,0,0.0,1,0.625,1,0.625,10,6.254,0,0.0,0,0.0,,34,9,7,4.378,0,22746,0.0,0.643,0,0.0,1599
P05061c84a0,1,16.129,0,0.0,0,0.0,1,16.129,1,1,16.129,0,0.0,0,0.0,0,0.0,0,0.0,0,0.0,0,0.0,0,0.0,0,0.0,0,0.0,,0,1,0,0.0,1,925,16.129,0.0,0,0.0,62
P058ee51b71,,,,,,,,,0,,,,,,,,,,,,,,,,,,,,,,,,,,,,,,,,
P05f9ca4653,0,0.0,0,0.0,0,0.0,6,7.034,1,10,11.723,0,0.0,0,0.0,0,0.0,0,0.0,0,0.0,2,2.345,6,7.034,0,0.0,0,0.0,,22,10,7,8.206,0,14261,0.0,0.667,0,0.0,853
P0685226773,,,,,,,,,0,,,,,,,,,,,,,,,,,,,,,,,,,,,,,,,,
P070f8d3585,0,0.0,0,0.0,0,0.0,6,12.397,1,1,2.066,0,0.0,0,0.0,9,18.595,0,0.0,0,0.0,0,0.0,0,0.0,0,0.0,0,0.0,,13,7,3,6.198,0,8080,0.0,0.0,1,4.132,484
P07268bf0e1,0,0.0,0,0.0,0,0.0,0,0.0,1,2,3.082,0,0.0,0,0.0,0,0.0,1,1.541,0,0.0,5,7.704,4,6.163,0,0.0,1,4.622,,29,8,0,0.0,0,15168,0.0,0.571,0,0.0,649
P07655923d4,,,,,,,,,0,,,,,,,,,,,,,,,,,,,,,,,,,,,,,,,,
P07954fea73,1,2.193,0,0.0,0,0.0,0,0.0,1,1,2.193,0,0.0,0,0.0,13,28.509,0,0.0,0,0.0,0,0.0,4,8.772,0,0.0,0,0.0,,1,11,3,6.579,0,4879,0.0,0.571,0,0.0,456
P079efef655,,,,,,,,,0,,,,,,,,,,,,,,,,,,,,,,,,,,,,,,,,
P07bb9cb58f,0,0.0,0,0.0,1,1.179,1,1.179,1,2,2.358,0,0.0,0,0.0,0,0.0,0,0.0,0,0.0,2,2.358,1,1.179,1,4.717,0,0.0,,25,10,0,0.0,0,15946,0.0,0.25,1,3.538,848
P07fb065f28,,,,,,,,,0,,,,,,,,,,,,,,,,,,,,,,,,,,,,,,,,
P0820723beb,,,,,,,,,0,,,,,,,,,,,,,,,,,,,,,,,,,,,,,,,,
P086a09588e,1,0.631,1,0.631,4,2.524,3,1.893,1,4,2.524,0,0.0,0,0.0,0,0.0,0,0.0,0,0.0,3,1.893,18,11.356,1,1.262,0,0.0,,36,19,5,3.155,0,23711,0.0,0.857,1,0.631,1585
P089ae8ca96,0,0.0,0,0.0,0,0.0,0,0.0,1,1,5.747,0,0.0,0,0.0,0,0.0,0,0.0,0,0.0,1,5.747,1,5.747,0,0.0,0,0.0,,2,3,0,0.0,0,2337,0.0,0.25,0,0.0,174
P08bc96e9be,3,2.747,0,0.0,0,0.0,3,2.747,1,5,4.579,7,6.41,0,0.0,0,0.0,0,0.0,0,0.0,0,0.0,6,5.495,0,0.0,0,0.0,,40,11,0,0.0,1,18723,0.916,0.667,0,0.0,1092
P08c56d3590,,,,,,,,,0,,,,,,,,,,,,,,,,,,,,,,,,,,,,,,,,
P099a8d0c1c,1,1.815,1,1.815,0,0.0,2,3.63,1,3,5.445,0,0.0,0,0.0,2,3.63,0,0.0,0,0.0,2,3.63,4,7.26,0,0.0,0,0.0,,0,1,2,3.63,0,3892,0.0,0.571,0,0.0,551
P09caf918fb,,,,,,,,,0,,,,,,,,,,,,,,,,,,,,,,,,,,,,,,,,
P0a16bf5dcd,,,,,,,,,0,,,,,,,,,,,,,,,,,,,,,,,,,,,,,,,,
P0a2d28a2d0,,,,,,,,,0,,,,,,,,,,,,,,,,,,,,,,,,,,,,,,,,
P0a4bbd8b0a,0,0.0,0,0.0,1,3.175,1,3.175,1,2,6.349,0,0.0,0,0.0,0,0.0,0,0.0,0,0.0,1,3.175,2,6.349,0,0.0,0,0.0,,9,5,1,3.175,0,5867,0.0,0.4,1,3.175,315
P0aa146e53e,2,1.665,1,0.833,5,4.163,1,0.833,1,11,9.159,1,0.833,0,0.0,2,1.665,0,0.0,1,0.833,1,0.833,6,4.996,0,0.0,0,0.0,,26,6,1,0.833,0,14785,0.0,0.5,0,0.0,1201
P0ad01302af,,,,,,,,,0,,,,,,,,,,,,,,,,,,,,,,,,,,,,,,,,
P0af0ac79ae,0,0.0,0,0.0,0,0.0,0,0.0,1,6,28.169,0,0.0,0,0.0,0,0.0,0,0.0,0,0.0,0,0.0,0,0.0,0,0.0,0,0.0,,6,2,0,0.0,0,3351,0.0,0.0,0,0.0,213
P0b1f22f2d4,,,,,,,,,0,,,,,,,,,,,,,,,,,,,,,,,,,,,,,,,,
P0b253c1504,0,0.0,0,0.0,0,0.0,2,4.107,1,4,8.214,3,6.16,0,0.0,0,0.0,0,0.0,0,0.0,2,4.107,2,4.107,0,0.0,1,2.053,,18,7,2,4.107,0,10872,0.0,0.4,1,2.053,487
P0b55371179,1,0.858,0,0.0,0,0.0,7,6.003,1,6,5.146,2,1.715,0,0.0,0,0.0,0,0.0,0,0.0,23,19.726,14,12.007,0,0.0,0,0.0,,36,12,1,0.858,0,23339,0.0,0.824,0,0.0,1166
P0b8d4db24c,,,,,,,,,0,,,,,,,,,,,,,,,,,,,,,,,,,,,,,,,,
P0ba0d4e186,0,0.0,0,0.0,0,0.0,0,0.0,1,5,15.337,0,0.0,0,0.0,0,0.0,0,0.0,0,0.0,0,0.0,0,0.0,0,0.0,0,0.0,,9,4,0,0.0,0,5008,0.0,0.0,0,0.0,326
P0bcbee5c83,0,0.0,0,0.0,0,0.0,1,5.025,1,0,0.0,0,0.0,0,0.0,4,20.101,0,0.0,0,0.0,0,0.0,0,0.0,0,0.0,0,0.0,,5,4,0,0.0,0,3827,0.0,0.0,1,5.025,199
P0c700e1af1,1,1.587,0,0.0,0,0.0,1,1.587,1,7,11.111,0,0.0,0,0.0,0,0.0,0,0.0,0,0.0,0,0.0,7,11.111,0,0.0,0,0.0,,12,7,0,0.0,0,8765,0.0,0.7,0,0.0,630
P0ca52587ca,0,0.0,0,0.0,0,0.0,2,2.618,1,0,0.0,0,0.0,0,0.0,11,14.398,0,0.0,0,0.0,5,6.545,3,3.927,0,0.0,0,0.0,,30,6,7,9.162,0,12434,0.0,0.5,0,0.0,764
P0cd98a270c,1,1.086,0,0.0,0,0.0,1,1.086,1,8,8.686,2,2.172,0,0.0,13,14.115,0,0.0,0,0.0,1,1.086,2,2.172,1,3.257,1,3.257,,34,10,4,4.343,0,17511,0.0,0.4,1,1.086,921
P0d0da4d2bc,1,6.098,0,0.0,1,6.098,0,0.0,1,0,0.0,0,0.0,0,0.0,0,0.0,0,0.0,0,0.0,2,12.195,0,0.0,0,0.0,0,0.0,,3,4,0,0.0,0,2259,0.0,0.0,0,0.0,164
P0d50e77b95,,,,,,,,,0,,,,,,,,,,,,,,,,,,,,,,,,,,,,,,,,
P0d5beb0152,0,0.0,0,0.0,0,0.0,3,4.484,1,6,8.969,0,0.0,0,0.0,5,7.474,0,0.0,0,0.0,12,17.937,8,11.958,0,0.0,0,0.0,,23,8,0,0.0,0,10347,0.0,0.727,0,0.0,669
P0d7bcc4d57,0,0.0,0,0.0,0,0.0,1,3.226,1,0,0.0,0,0.0,0,0.0,0,0.0,0,0.0,1,3.226,1,3.226,1,3.226,1,6.452,0,0.0,,11,7,1,3.226,0,7191,0.0,0.0,1,3.226,310
P0d7e76d154,,,,,,,,,0,,,,,,,,,,,,,,,,,,,,,,,,,,,,,,,,
P0db0d3c576,0,0.0,0,0.0,0,0.0,1,2.786,1,1,2.786,0,0.0,0,0.0,0,0.0,0,0.0,1,2.786,1,2.786,2,5.571,0,0.0,0,0.0,,13,4,1,2.786,0,7342,0.0,0.167,1,5.571,359
P0dca4f55c4,0,0.0,0,0.0,0,0.0,0,0.0,1,0,0.0,0,0.0,0,0.0,2,8.929,0,0.0,0,0.0,0,0.0,1,4.464,0,0.0,0,0.0,,0,3,0,0.0,0,3031,0.0,0.25,0,0.0,224
P0df73941d8,0,0.0,0,0.0,0,0.0,1,1.443,1,3,4.329,0,0.0,0,0.0,5,7.215,0,0.0,1,1.443,7,10.101,4,5.772,0,0.0,0,0.0,,14,7,0,0.0,0,10252,0.0,0.375,1,1.443,693
P0e1f032d1f,0,0.0,0,0.0,0,0.0,4,14.493,1,3,10.87,0,0.0,0,0.0,0,0.0,0,0.0,1,3.623,2,7.246,0,0.0,0,0.0,1,3.623,,8,5,0,0.0,0,5513,0.0,-0.25,0,0.0,276
P0e7908a570,,,,,,,,,0,,,,,,,,,,,,,,,,,,,,,,,,,,,,,,,,
P0e7eb7e056,,,,,,,,,0,,,,,,,,,,,,,,,,,,,,,,,,,,,,,,,,
P0edb7d3b99,0,0.0,0,0.0,0,0.0,6,2.501,1,25,10.421,3,1.251,0,0.0,0,0.0,0,0.0,1,0.417,20,8.337,24,10.004,0,0.0,0,0.0,,114,9,6,2.501,0,47244,0.0,0.821,0,0.0,2399
P0edbaa5011,0,0.0,1,1.862,0,0.0,0,0.0,1,2,3.724,0,0.0,0,0.0,0,0.0,0,0.0,2,3.724,0,0.0,1,1.862,0,0.0,0,0.0,,7,8,1,1.862,0,8282,0.0,-0.167,0,0.0,537
P0efa2b4f7d,,,,,,,,,0,,,,,,,,,,,,,,,,,,,,,,,,,,,,,,,,
P0f110bb83f,,,,,,,,,0,,,,,,,,,,,,,,,,,,,,,,,,,,,,,,,,
P0f6f43de8d,1,2.597,0,0.0,0,0.0,0,0.0,1,2,5.195,0,0.0,0,0.0,0,0.0,0,0.0,0,0.0,1,2.597,0,0.0,0,0.0,0,0.0,,12,8,1,2.597,0,7258,0.0,0.0,1,7.792,385
P0fc299eb1c,0,0.0,0,0.0,0,0.0,1,2.364,1,0,0.0,0,0.0,0,0.0,5,11.82,0,0.0,0,0.0,1,2.364,2,4.728,0,0.0,1,2.364,,21,5,0,0.0,0,7492,0.0,0.4,0,0.0,423
P0fd2ff4395,,,,,,,,,0,,,,,,,,,,,,,,,,,,,,,,,,,,,,,,,,
P0fde3dedb2,0,0.0,0,0.0,1,0.45,10,4.502,1,29,13.057,1,0.45,0,0.0,11,4.953,0,0.0,2,0.9,6,2.701,19,8.555,1,5.403,1,0.9,,66,12,11,4.953,0,32478,0.0,0.708,0,0.0,2221
P0fe65d2eb8,0,0.0,1,1.825,1,1.825,0,0.0,1,0,0.0,0,0.0,0,0.0,1,1.825,0,0.0,0,0.0,2,3.65,1,1.825,1,7.299,0,0.0,,23,7,1,1.825,0,8015,0.0,0.25,1,1.825,548
P0fee52cfc4,,,,,,,,,0,,,,,,,,,,,,,,,,,,,,,,,,,,,,,,,,
P1015da4297,2,1.001,2,1.001,0,0.0,2,1.001,1,16,8.008,1,0.501,0,0.0,17,8.509,0,0.0,3,1.502,6,3.003,12,6.006,0,0.0,0,0.0,3,30,8,2,1.001,0,19869,0.0,0.5,0,0.0,1998
P10187f6389,0,0.0,0,0.0,0,0.0,1,1.883,1,2,3.766,0,0.0,0,0.0,0,0.0,0,0.0,0,0.0,2,3.766,4,7.533,1,3.766,0,0.0,,1,3,1,1.883,0,6281,0.0,0.571,1,1.883,531
P1044a073cf,0,0.0,0,0.0,1,1.342,3,4.027,1,8,10.738,0,0.0,0,0.0,0,0.0,0,0.0,1,1.342,4,5.369,6,8.054,0,0.0,0,0.0,,11,5,0,0.0,0,8387,0.0,0.5,0,0.0,745
P10d0b75bed,0,0.0,0,0.0,0,0.0,0,0.0,1,2,3.19,2,3.19,0,0.0,0,0.0,0,0.0,0,0.0,0,0.0,2,3.19,0,0.0,1,3.19,,19,7,5,7.974,0,8834,0.0,0.4,0,0.0,627
P1100d011d0,1,2.833,1,2.833,1,2.833,0,0.0,1,2,5.666,0,0.0,0,0.0,3,8.499,0,0.0,0,0.0,1,2.833,0,0.0,0,0.0,0,0.0,,9,4,0,0.0,0,5959,0.0,0.0,0,0.0,353
P11475d8eed,,,,,,,,,0,,,,,,,,,,,,,,,,,,,,,,,,,,,,,,,,
P117a6c6fb1,0,0.0,0,0.0,0,0.0,2,3.717,1,9,16.729,0,0.0,0,0.0,0,0.0,0,0.0,0,0.0,2,3.717,7,13.011,0,0.0,1,1.859,,18,7,3,5.576,0,8871,0.0,0.7,0,0.0,538
P117ae491b1,,,,,,,,,0,,,,,,,,,,,,,,,,,,,,,,,,,,,,,,,,
P117b8ca478,0,0.0,0,0.0,1,3.165,1,3.165,1,4,12.658,0,0.0,0,0.0,0,0.0,0,0.0,0,0.0,1,3.165,3,9.494,0,0.0,0,0.0,,1,3,0,0.0,0,2275,0.0,0.5,0,0.0,316
P1191691c20,0,0.0,0,0.0,0,0.0,1,2.141,1,1,2.141,1,2.141,0,0.0,13,27.837,0,0.0,0,0.0,2,4.283,2,4.283,0,0.0,0,0.0,,20,5,4,8.565,0,8728,0.0,0.4,0,0.0,467
P1199724869,,,,,,,,,0,,,,,,,,,,,,,,,,,,,,,,,,,,,,,,,,
P11ed05516e,0,0.0,1,1.136,0,0.0,1,1.136,1,4,4.545,1,1.136,0,0.0,22,25.0,0,0.0,3,3.409,2,2.273,8,9.091,0,0.0,0,0.0,,12,12,3,3.409,0,11207,0.0,0.357,0,0.0,880
P11fb43c4ea,0,0.0,1,0.681,0,0.0,4,2.725,1,35,23.842,0,0.0,0,0.0,12,8.174,0,0.0,0,0.0,2,1.362,10,6.812,0,0.0,1,1.362,,14,13,0,0.0,0,15181,0.0,0.769,0,0.0,1468
P123f055136,2,4.914,0,0.0,0,0.0,1,2.457,1,8,19.656,0,0.0,0,0.0,0,0.0,0,0.0,0,0.0,3,7.371,3,7.371,0,0.0,0,0.0,,10,7,3,7.371,0,8308,0.0,0.5,0,0.0,407
P128f74a48f,0,0.0,0,0.0,0,0.0,0,0.0,1,0,0.0,2,24.096,0,0.0,0,0.0,0,0.0,0,0.0,0,0.0,0,0.0,1,24.096,0,0.0,,2,1,0,0.0,0,1964,0.0,0.0,0,0.0,83
P12c0373e62,1,1.629,0,0.0,0,0.0,3,4.886,1,15,24.43,0,0.0,0,0.0,4,6.515,1,3.257,0,0.0,1,1.629,3,4.886,0,0.0,1,3.257,,16,9,0,0.0,0,10880,0.0,0.5,0,0.0,614
P12d1ca8d35,10,2.08,2,0.416,2,0.416,1,0.208,1,33,6.864,2,0.416,0,0.0,9,1.872,0,0.0,0,0.0,13,2.704,24,4.992,0,0.0,0,0.0,,200,12,54,11.231,0,84275,0.0,0.889,1,0.416,4808
P12dc2a4dac,0,0.0,0,0.0,0,0.0,0,0.0,1,10,28.249,0,0.0,0,0.0,4,11.299,1,2.825,0,0.0,0,0.0,1,2.825,0,0.0,1,5.65,,0,4,0,0.0,0,2935,0.0,0.25,0,0.0,354
P12ee990c18,0,0.0,1,2.865,0,0.0,2,5.731,1,6,17.192,0,0.0,0,0.0,2,5.731,1,2.865,0,0.0,2,5.731,2,5.731,0,0.0,1,2.865,,13,7,0,0.0,0,8399,0.0,0.4,0,0.0,349
P1311f2955b,1,1.355,0,0.0,0,0.0,2,2.71,1,14,18.97,0,0.0,0,0.0,0,0.0,0,0.0,0,0.0,1,1.355,6,8.13,0,0.0,0,0.0,,6,6,3,4.065,0,6379,0.0,0.667,0,0.0,738
P1378011126,,,,,,,,,0,,,,,,,,,,,,,,,,,,,,,,,,,,,,,,,,
P1388f2fd26,1,1.017,1,1.017,0,0.0,7,7.121,1,5,5.086,2,2.035,0,0.0,9,9.156,1,1.017,0,0.0,15,15.259,10,10.173,0,0.0,1,2.035,,33,9,3,3.052,0,17579,0.0,0.769,0,0.0,983
P13a7a5112c,,,,,,,,,0,,,,,,,,,,,,,,,,,,,,,,,,,,,,,,,,
P13f5a8ca49,0,0.0,0,0.0,0,0.0,1,2.941,1,0,0.0,0,0.0,0,0.0,0,0.0,0,0.0,0,0.0,0,0.0,0,0.0,0,0.0,1,2.941,,6,7,0,0.0,0,5810,0.0,0.0,0,0.0,340
P1402e898dc,0,0.0,3,2.195,1,0.732,1,0.732,1,7,5.121,0,0.0,0,0.0,5,3.658,1,0.732,1,0.732,1,0.732,9,6.584,0,0.0,1,1.463,20,27,5,2,1.463,0,13080,0.0,0.615,0,0.0,1367
P144ed94c77,4,1.589,4,1.589,0,0.0,28,11.124,1,11,4.37,9,3.576,0,0.0,21,8.343,0,0.0,7,2.781,5,1.986,35,13.905,0,0.0,1,0.795,,112,14,4,1.589,3,47923,1.192,0.622,0,0.0,2517
P146ec7320a,1,0.818,0,0.0,0,0.0,2,1.637,1,15,12.275,8,6.547,0,0.0,0,0.0,0,0.0,1,0.818,1,0.818,12,9.82,0,0.0,0,0.0,,47,9,1,0.818,0,15665,0.0,0.688,0,0.0,1222
P14882ceff6,1,2.294,0,0.0,0,0.0,5,11.468,1,2,4.587,0,0.0,0,0.0,0,0.0,0,0.0,0,0.0,0,0.0,3,6.881,0,0.0,0,0.0,,13,6,1,2.294,0,8391,0.0,0.5,1,4.587,436
P148aecdd52,0,0.0,0,0.0,0,0.0,1,3.311,1,1,3.311,0,0.0,0,0.0,4,13.245,0,0.0,0,0.0,0,0.0,1,3.311,0,0.0,0,0.0,,6,4,0,0.0,0,3745,0.0,0.25,0,0.0,302
P14a01dedf9,0,0.0,0,0.0,0,0.0,1,0.965,1,11,10.618,0,0.0,0,0.0,8,7.722,0,0.0,1,0.965,5,4.826,12,11.583,0,0.0,0,0.0,,20,10,12,11.583,0,12943,0.0,0.688,0,0.0,1036
P14d000eef5,0,0.0,3,1.233,2,0.822,3,1.233,1,24,9.86,0,0.0,0,0.0,3,1.233,0,0.0,7,2.876,3,1.233,41,16.845,0,0.0,1,0.411,,9,11,31,12.736,0,17300,0.0,0.667,0,0.0,2434
P152905cef4,0,0.0,0,0.0,0,0.0,1,1.927,1,2,3.854,1,1.927,0,0.0,0,0.0,0,0.0,0,0.0,8,15.414,3,5.78,0,0.0,1,3.854,,15,7,2,3.854,0,8915,0.0,0.5,0,0.0,519
P155e770e32,1,4.082,0,0.0,0,0.0,2,8.163,1,0,0.0,0,0.0,0,0.0,0,0.0,0,0.0,0,0.0,4,16.327,2,8.163,0,0.0,0,0.0,,10,4,1,4.082,0,5960,0.0,0.4,1,8.163,245
P156589bd1a,4,18.779,0,0.0,0,0.0,0,0.0,1,0,0.0,0,0.0,0,0.0,0,0.0,0,0.0,0,0.0,0,0.0,0,0.0,0,0.0,0,0.0,,0,2,0,0.0,0,2043,0.0,0.0,0,0.0,213
P1597c7370a,0,0.0,0,0.0,0,0.0,0,0.0,1,1,4.202,2,8.403,0,0.0,0,0.0,0,0.0,0,0.0,1,4.202,0,0.0,0,0.0,0,0.0,,6,4,3,12.605,0,3882,0.0,0.0,0,0.0,238
P15b4774186,0,0.0,0,0.0,1,1.524,2,3.049,1,10,15.244,1,1.524,0,0.0,0,0.0,0,0.0,0,0.0,7,10.671,2,3.049,1,3.049,0,0.0,,16,4,5,7.622,0,9128,0.0,0.4,1,3.049,656
P15b5ca7021,0,0.0,0,0.0,1,1.188,17,20.19,1,13,15.439,0,0.0,0,0.0,0,0.0,0,0.0,0,0.0,5,5.938,11,13.064,0,0.0,0,0.0,,21,6,0,0.0,0,13068,0.0,0.786,0,0.0,842
P15b8c13058,0,0.0,0,0.0,0,0.0,2,2.646,1,6,7.937,0,0.0,0,0.0,0,0.0,0,0.0,1,1.323,2,2.646,4,5.291,1,15.873,0,0.0,,30,5,2,2.646,0,13710,0.0,0.375,1,1.323,756
P15f2c20d7d,,,,,,,,,0,,,,,,,,,,,,,,,,,,,,,,,,,,,,,,,,
P163aa00374,6,1.451,8,1.934,1,0.242,35,8.462,1,48,11.605,5,1.209,0,0.0,2,0.484,0,0.0,1,0.242,7,1.692,46,11.122,0,0.0,1,0.242,,204,11,2,0.484,2,80798,0.484,0.9,0,0.0,4136
P168e9ad8d4,0,0.0,0,0.0,0,0.0,0,0.0,1,4,6.623,0,0.0,0,0.0,0,0.0,0,0.0,1,1.656,4,6.623,8,13.245,0,0.0,1,1.656,,0,5,2,3.311,0,4624,0.0,0.583,0,0.0,604
P16938f3fa9,0,0.0,0,0.0,0,0.0,0,0.0,1,5,10.753,0,0.0,0,0.0,2,4.301,0,0.0,0,0.0,3,6.452,2,4.301,0,0.0,0,0.0,,5,2,0,0.0,0,5790,0.0,0.4,1,2.151,465
P16997d7184,1,2.237,0,0.0,0,0.0,2,4.474,1,1,2.237,0,0.0,0,0.0,0,0.0,0,0.0,0,0.0,0,0.0,7,15.66,0,0.0,0,0.0,,3,6,0,0.0,0,3717,0.0,0.7,0,0.0,447
P169cb5be9a,0,0.0,0,0.0,0,0.0,0,0.0,1,0,0.0,4,6.689,0,0.0,5,8.361,0,0.0,0,0.0,0,0.0,2,3.344,0,0.0,1,5.017,,15,8,1,1.672,0,10280,0.0,0.4,0,0.0,598
P16b88a2183,0,0.0,0,0.0,0,0.0,0,0.0,1,7,10.432,2,2.981,0,0.0,5,7.452,1,1.49,0,0.0,1,1.49,2,2.981,1,4.471,1,2.981,,21,8,7,10.432,0,12808,0.0,0.4,1,1.49,671
P16dc90cb0b,0,0.0,1,0.961,0,0.0,3,2.882,1,2,1.921,2,1.921,0,0.0,0,0.0,0,0.0,2,1.921,2,1.921,9,8.646,0,0.0,1,0.961,,21,12,4,3.842,0,15104,0.0,0.5,1,2.882,1041
P16f77dc0c6,1,1.818,0,0.0,1,1.818,6,10.909,1,2,3.636,0,0.0,0,0.0,0,0.0,0,0.0,0,0.0,1,1.818,3,5.455,0,0.0,1,1.818,,10,6,2,3.636,0,8630,0.0,0.5,0,0.0,550
P170284fab5,0,0.0,2,3.683,0,0.0,4,7.366,1,1,1.842,2,3.683,0,0.0,0,0.0,0,0.0,1,1.842,0,0.0,4,7.366,0,0.0,0,0.0,,18,6,3,5.525,0,9906,0.0,0.375,0,0.0,543
P1715fe72c5,0,0.0,0,0.0,0,0.0,2,3.35,1,0,0.0,0,0.0,0,0.0,0,0.0,0,0.0,0,0.0,5,8.375,4,6.7,0,0.0,0,0.0,,19,9,0,0.0,0,11009,0.0,0.571,1,8.375,597
P1723d857f7,1,2.101,0,0.0,0,0.0,4,8.403,1,0,0.0,1,2.101,0,0.0,3,6.303,0,0.0,0,0.0,0,0.0,0,0.0,1,6.303,0,0.0,,10,6,0,0.0,0,6153,0.0,0.0,1,4.202,476
P1738f63a26,2,2.538,0,0.0,0,0.0,0,0.0,1,4,5.076,0,0.0,0,0.0,6,7.614,0,0.0,0,0.0,9,11.421,4,5.076,0,0.0,0,0.0,,24,7,2,2.538,0,8279,0.0,0.571,0,0.0,788
P173da90181,0,0.0,0,0.0,0,0.0,0,0.0,1,0,0.0,0,0.0,0,0.0,0,0.0,0,0.0,0,0.0,2,3.367,1,1.684,0,0.0,1,1.684,,21,7,1,1.684,0,11946,0.0,0.25,0,0.0,594
P17786d3599,,,,,,,,,0,,,,,,,,,,,,,,,,,,,,,,,,,,,,,,,,
P17a4a5cfae,1,1.634,1,1.634,2,3.268,4,6.536,1,1,1.634,0,0.0,0,0.0,0,0.0,0,0.0,2,3.268,0,0.0,4,6.536,1,3.268,0,0.0,,16,5,0,0.0,0,8823,0.0,0.222,1,1.634,612
P17f11f33c2,0,0.0,0,0.0,0,0.0,0,0.0,1,2,3.67,3,5.505,0,0.0,0,0.0,1,1.835,1,1.835,0,0.0,3,5.505,0,0.0,1,1.835,,15,5,0,0.0,0,9207,0.0,0.286,1,1.835,545
P1804943702,1,0.868,0,0.0,0,0.0,1,0.868,1,5,4.34,2,1.736,0,0.0,13,11.285,0,0.0,0,0.0,2,1.736,6,5.208,0,0.0,0,0.0,,6,10,1,0.868,0,11067,0.0,0.667,0,0.0,1152
P180bfe573f,,,,,,,,,0,,,,,,,,,,,,,,,,,,,,,,,,,,,,,,,,
P189ad0416e,,,,,,,,,0,,,,,,,,,,,,,,,,,,,,,,,,,,,,,,,,
P18c14dbf8f,0,0.0,0,0.0,2,3.795,0,0.0,1,6,11.385,2,3.795,0,0.0,0,0.0,0,0.0,0,0.0,2,3.795,4,7.59,0,0.0,1,1.898,,13,8,1,1.898,0,10954,0.0,0.571,0,0.0,527
P18facb688d,1,3.145,0,0.0,0,0.0,1,3.145,1,1,3.145,1,3.145,0,0.0,0,0.0,0,0.0,1,3.145,2,6.289,5,15.723,0,0.0,1,6.289,,9,4,0,0.0,0,5301,0.0,0.444,0,0.0,318
P198bb02a0c,0,0.0,0,0.0,0,0.0,3,7.009,1,0,0.0,0,0.0,0,0.0,0,0.0,0,0.0,0,0.0,5,11.682,0,0.0,0,0.0,0,0.0,,14,6,0,0.0,0,7772,0.0,0.0,0,0.0,428
P1999b4880f,0,0.0,0,0.0,0,0.0,3,3.911,1,9,11.734,0,0.0,0,0.0,1,1.304,1,1.304,0,0.0,5,6.519,6,7.823,1,5.215,1,1.304,10,32,8,0,0.0,0,14123,0.0,0.667,0,0.0,767
P19de9513b3,,,,,,,,,0,,,,,,,,,,,,,,,,,,,,,,,,,,,,,,,,
P1a135db58f,0,0.0,0,0.0,0,0.0,0,0.0,1,1,1.792,0,0.0,0,0.0,3,5.376,0,0.0,0,0.0,0,0.0,1,1.792,0,0.0,0,0.0,,22,8,1,1.792,0,9935,0.0,0.25,0,0.0,558
P1a32cd4176,0,0.0,0,0.0,0,0.0,0,0.0,1,1,4.484,0,0.0,0,0.0,2,8.969,0,0.0,0,0.0,0,0.0,0,0.0,0,0.0,1,4.484,,2,2,0,0.0,0,3024,0.0,0.0,0,0.0,223
P1a46c41bff,0,0.0,1,2.817,1,2.817,2,5.634,1,0,0.0,1,2.817,0,0.0,0,0.0,0,0.0,0,0.0,0,0.0,1,2.817,0,0.0,1,2.817,,4,5,0,0.0,0,4184,0.0,0.25,0,0.0,355
P1a6f58deb5,0,0.0,0,0.0,2,4.95,1,2.475,1,0,0.0,0,0.0,0,0.0,8,19.802,0,0.0,2,4.95,8,19.802,3,7.426,0,0.0,0,0.0,,0,3,0,0.0,0,2626,0.0,0.125,0,0.0,404
P1a8fd8dc98,0,0.0,0,0.0,0,0.0,4,9.479,1,0,0.0,0,0.0,0,0.0,0,0.0,0,0.0,0,0.0,1,2.37,0,0.0,1,2.37,0,0.0,,8,6,2,4.739,0,6555,0.0,0.0,1,2.37,422
P1b292d5147,0,0.0,0,0.0,0,0.0,0,0.0,1,0,0.0,0,0.0,0,0.0,2,4.464,0,0.0,0,0.0,0,0.0,4,8.929,0,0.0,0,0.0,,5,5,0,0.0,0,5599,0.0,0.571,0,0.0,448
P1b3889c122,,,,,,,,,0,,,,,,,,,,,,,,,,,,,,,,,,,,,,,,,,
P1ba89514b1,1,3.279,1,3.279,0,0.0,0,0.0,1,1,3.279,4,13.115,0,0.0,0,0.0,0,0.0,0,0.0,0,0.0,4,13.115,0,0.0,0,0.0,,2,2,0,0.0,0,4180,0.0,0.571,0,0.0,305
P1bd862cc0f,,,,,,,,,0,,,,,,,,,,,,,,,,,,,,,,,,,,,,,,,,
P1bf2734620,,,,,,,,,0,,,,,,,,,,,,,,,,,,,,,,,,,,,,,,,,
P1c43036b93,0,0.0,1,0.829,0,0.0,4,3.317,1,15,12.438,0,0.0,0,0.0,0,0.0,0,0.0,1,0.829,7,5.804,13,10.779,0,0.0,0,0.0,,52,5,4,3.317,0,21956,0.0,0.706,0,0.0,1206
P1c5dc0dbc6,,,,,,,,,0,,,,,,,,,,,,,,,,,,,,,,,,,,,,,,,,
P1ca581fef0,3,2.461,1,0.82,0,0.0,4,3.281,1,5,4.102,0,0.0,0,0.0,0,0.0,0,0.0,0,0.0,8,6.563,9,7.383,0,0.0,0,0.0,,0,7,1,0.82,0,8648,0.0,0.75,0,0.0,1219
P1ccfa6c1ee,1,0.765,1,0.765,0,0.0,6,4.587,1,17,12.997,0,0.0,0,0.0,16,12.232,0,0.0,1,0.765,3,2.294,10,7.645,1,1.529,1,1.529,,34,12,1,0.765,0,21231,0.0,0.643,0,0.0,1308
P1cf3ac09b1,0,0.0,0,0.0,0,0.0,0,0.0,1,4,6.369,0,0.0,0,0.0,0,0.0,0,0.0,0,0.0,8,12.739,5,7.962,0,0.0,0,0.0,,15,9,1,1.592,0,11991,0.0,0.625,0,0.0,628
P1d1b852c8c,,,,,,,,,0,,,,,,,,,,,,,,,,,,,,,,,,,,,,,,,,
P1d7e465328,,,,,,,,,0,,,,,,,,,,,,,,,,,,,,,,,,,,,,,,,,
P1dca1ecf2b,3,6.726,0,0.0,0,0.0,0,0.0,1,9,20.179,2,4.484,0,0.0,0,0.0,0,0.0,0,0.0,0,0.0,3,6.726,0,0.0,0,0.0,,10,6,0,0.0,0,7080,0.0,0.5,0,0.0,446
P1ddfe32e8c,0,0.0,0,0.0,0,0.0,1,2.463,1,1,2.463,1,2.463,0,0.0,0,0.0,1,2.463,0,0.0,2,4.926,1,2.463,0,0.0,1,2.463,,5,5,0,0.0,0,5789,0.0,0.25,0,0.0,406
P1dfb3826fd,,,,,,,,,0,,,,,,,,,,,,,,,,,,,,,,,,,,,,,,,,
P1e1b55c58c,1,1.513,0,0.0,0,0.0,1,1.513,1,10,15.129,1,1.513,0,0.0,0,0.0,0,0.0,0,0.0,6,9.077,9,13.616,0,0.0,0,0.0,,21,8,0,0.0,0,12977,0.0,0.75,0,0.0,661
P1e22570fac,0,0.0,0,0.0,0,0.0,0,0.0,1,1,2.994,2,5.988,0,0.0,0,0.0,0,0.0,0,0.0,1,2.994,0,0.0,0,0.0,1,2.994,,9,8,0,0.0,0,5938,0.0,0.0,0,0.0,334
P1e59a7a7a1,0,0.0,0,0.0,0,0.0,0,0.0,1,11,33.033,1,3.003,0,0.0,4,12.012,0,0.0,0,0.0,1,3.003,2,6.006,0,0.0,0,0.0,,7,5,0,0.0,0,6344,0.0,0.4,0,0.0,333
P1ea9c7c88d,2,1.421,2,1.421,0,0.0,2,1.421,1,10,7.107,0,0.0,0,0.0,0,0.0,0,0.0,2,1.421,4,2.843,8,5.686,0,0.0,1,0.711,,31,12,8,5.686,0,19448,0.0,0.462,0,0.0,1407
P1f3e01b488,2,6.711,0,0.0,0,0.0,2,6.711,1,2,6.711,0,0.0,0,0.0,0,0.0,0,0.0,0,0.0,3,10.067,3,10.067,0,0.0,0,0.0,,7,2,2,6.711,0,4343,0.0,0.5,0,0.0,298
P1f7c85948b,,,,,,,,,0,,,,,,,,,,,,,,,,,,,,,,,,,,,,,,,,
P1f88525e9f,3,2.504,2,1.669,1,0.835,9,7.513,1,5,4.174,0,0.0,0,0.0,0,0.0,0,0.0,0,0.0,3,2.504,12,10.017,0,0.0,1,0.835,,42,8,1,0.835,0,21511,0.0,0.8,0,0.0,1198
P1f926eb06b,,,,,,,,,0,,,,,,,,,,,,,,,,,,,,,,,,,,,,,,,,
P1fc9b73472,0,0.0,0,0.0,0,0.0,0,0.0,1,2,5.917,0,0.0,0,0.0,0,0.0,0,0.0,0,0.0,1,2.959,1,2.959,0,0.0,0,0.0,,11,7,1,2.959,0,8885,0.0,0.25,0,0.0,338
P20418f8d52,0,0.0,0,0.0,4,6.088,2,3.044,1,8,12.177,2,3.044,0,0.0,0,0.0,0,0.0,0,0.0,6,9.132,9,13.699,1,1.522,0,0.0,,5,4,0,0.0,0,6364,0.0,0.75,1,1.522,657
P204a101867,1,0.387,0,0.0,4,1.547,2,0.773,1,31,11.988,0,0.0,0,0.0,13,5.027,0,0.0,1,0.387,3,1.16,22,8.507,0,0.0,1,0.387,,61,17,5,1.933,1,27808,0.387,0.808,0,0.0,2586
P20571734e6,,,,,,,,,0,,,,,,,,,,,,,,,,,,,,,,,,,,,,,,,,
P20596267f7,0,0.0,0,0.0,0,0.0,0,0.0,1,7,22.654,0,0.0,0,0.0,0,0.0,0,0.0,0,0.0,1,3.236,3,9.709,0,0.0,1,3.236,,9,6,1,3.236,0,6896,0.0,0.5,0,0.0,309
P2084d7c5fc,0,0.0,0,0.0,2,3.466,0,0.0,1,0,0.0,1,1.733,0,0.0,0,0.0,0,0.0,0,0.0,0,0.0,2,3.466,0,0.0,1,1.733,,14,6,0,0.0,0,8500,0.0,0.4,0,0.0,577
P2086e31fc5,0,0.0,0,0.0,0,0.0,1,2.825,1,5,14.124,0,0.0,0,0.0,0,0.0,0,0.0,0,0.0,2,5.65,2,5.65,0,0.0,0,0.0,,14,5,1,2.825,0,7878,0.0,0.4,0,0.0,354
P20979c9b9c,,,,,,,,,0,,,,,,,,,,,,,,,,,,,,,,,,,,,,,,,,
P20a1183fcf,0,0.0,0,0.0,0,0.0,1,5.376,1,1,5.376,0,0.0,0,0.0,2,10.753,0,0.0,0,0.0,1,5.376,3,16.129,0,0.0,0,0.0,,0,1,0,0.0,0,1313,0.0,0.5,0,0.0,186
P21372aaded,0,0.0,0,0.0,0,0.0,4,6.319,1,6,9.479,3,4.739,0,0.0,0,0.0,0,0.0,0,0.0,3,4.739,3,4.739,0,0.0,1,3.16,,15,7,2,3.16,0,10266,0.0,0.5,1,1.58,633
P213b82c86a,0,0.0,0,0.0,0,0.0,5,5.862,1,5,5.862,3,3.517,0,0.0,15,17.585,0,0.0,0,0.0,4,4.689,6,7.034,0,0.0,1,4.689,,22,9,1,1.172,0,14140,0.0,0.667,0,0.0,853
P2171d2817b,0,0.0,0,0.0,0,0.0,1,3.759,1,2,7.519,3,11.278,0,0.0,0,0.0,0,0.0,0,0.0,1,3.759,1,3.759,0,0.0,0,0.0,,13,5,0,0.0,0,4941,0.0,0.25,0,0.0,266
P2224af8be2,0,0.0,0,0.0,0,0.0,3,3.141,1,11,11.518,2,2.094,0,0.0,0,0.0,0,0.0,1,1.047,0,0.0,3,3.141,0,0.0,0,0.0,,7,6,1,1.047,0,8875,0.0,0.286,0,0.0,955
P2225ba1e79,,,,,,,,,0,,,,,,,,,,,,,,,,,,,,,,,,,,,,,,,,
P22340c4458,1,3.205,0,0.0,0,0.0,0,0.0,1,0,0.0,0,0.0,0,0.0,0,0.0,1,3.205,0,0.0,0,0.0,4,12.821,0,0.0,1,6.41,,9,5,1,3.205,0,5465,0.0,0.571,0,0.0,312
P224fa713e4,0,0.0,0,0.0,0,0.0,0,0.0,1,1,1.425,1,1.425,0,0.0,0,0.0,0,0.0,0,0.0,0,0.0,1,1.425,1,1.425,1,4.274,,11,7,10,14.245,0,10130,0.0,0.25,0,0.0,702
P2297a93a7f,0,0.0,0,0.0,0,0.0,0,0.0,1,2,4.751,1,2.375,0,0.0,3,7.126,0,0.0,0,0.0,1,2.375,2,4.751,0,0.0,0,0.0,,9,5,0,0.0,0,8096,0.0,0.4,0,0.0,421
P22993a7ac8,,,,,,,,,0,,,,,,,,,,,,,,,,,,,,,,,,,,,,,,,,
P22add316a5,0,0.0,0,0.0,0,0.0,0,0.0,1,1,7.299,0,0.0,0,0.0,0,0.0,0,0.0,0,0.0,0,0.0,1,7.299,0,0.0,0,0.0,,4,2,0,0.0,0,2925,0.0,0.25,0,0.0,137
P22b18d36a6,0,0.0,2,2.125,2,2.125,0,0.0,1,5,5.313,0,0.0,0,0.0,0,0.0,0,0.0,1,1.063,9,9.564,9,9.564,0,0.0,0,0.0,,6,9,14,14.878,0,8714,0.0,0.615,0,0.0,941
P22c8154970,0,0.0,2,1.759,0,0.0,7,6.157,1,7,6.157,0,0.0,0,0.0,46,40.457,0,0.0,3,2.639,11,9.675,13,11.434,0,0.0,0,0.0,,19,11,1,0.88,0,13114,0.0,0.526,0,0.0,1137
P23152d31e2,0,0.0,2,3.466,0,0.0,1,1.733,1,0,0.0,0,0.0,0,0.0,9,15.598,0,0.0,1,1.733,0,0.0,10,17.331,0,0.0,1,3.466,,19,7,3,5.199,0,9682,0.0,0.643,0,0.0,577
P2320c27578,1,1.074,0,0.0,0,0.0,1,1.074,1,16,17.186,0,0.0,0,0.0,12,12.889,0,0.0,0,0.0,1,1.074,7,7.519,0,0.0,1,5.371,,16,7,3,3.222,0,11315,0.0,0.7,1,1.074,931
P23d9f5804f,0,0.0,0,0.0,0,0.0,0,0.0,1,1,1.333,0,0.0,0,0.0,8,10.667,0,0.0,2,2.667,0,0.0,2,2.667,0,0.0,1,1.333,,23,7,0,0.0,0,11190,0.0,0.0,0,0.0,750
P23f1ba707f,1,0.237,4,0.947,0,0.0,10,2.368,1,35,8.288,4,0.947,0,0.0,16,3.789,1,0.474,2,0.474,7,1.658,30,7.104,1,0.474,1,0.71,,219,14,8,1.894,0,78267,0.0,0.8,0,0.0,4223
P243742fc34,0,0.0,0,0.0,0,0.0,3,16.949,1,0,0.0,0,0.0,0,0.0,0,0.0,0,0.0,0,0.0,4,22.599,0,0.0,0,0.0,1,5.65,,0,1,0,0.0,0,1134,0.0,0.0,0,0.0,177
P246009ab63,,,,,,,,,0,,,,,,,,,,,,,,,,,,,,,,,,,,,,,,,,
P24a562f4ba,,,,,,,,,0,,,,,,,,,,,,,,,,,,,,,,,,,,,,,,,,
P24b8a1c556,,,,,,,,,0,,,,,,,,,,,,,,,,,,,,,,,,,,,,,,,,
P24c85e006b,0,0.0,2,5.115,0,0.0,0,0.0,1,1,2.558,0,0.0,0,0.0,5,12.788,0,0.0,0,0.0,0,0.0,1,2.558,0,0.0,0,0.0,,5,5,0,0.0,0,5550,0.0,0.25,1,2.558,391
P24e5e8b7dc,0,0.0,0,0.0,0,0.0,0,0.0,1,26,44.218,0,0.0,0,0.0,0,0.0,0,0.0,0,0.0,0,0.0,5,8.503,0,0.0,0,0.0,,7,4,3,5.102,0,7307,0.0,0.625,0,0.0,588
P24fc987f38,0,0.0,0,0.0,0,0.0,2,7.937,1,1,3.968,0,0.0,0,0.0,0,0.0,0,0.0,1,3.968,0,0.0,3,11.905,0,0.0,0,0.0,,4,4,0,0.0,0,4118,0.0,0.286,0,0.0,252
P25150e1302,3,6.466,2,4.31,0,0.0,6,12.931,1,0,0.0,0,0.0,0,0.0,2,4.31,1,2.155,0,0.0,3,6.466,3,6.466,0,0.0,1,2.155,,15,5,2,4.31,0,6949,0.0,0.5,0,0.0,464
P259fbebd69,2,3.824,0,0.0,0,0.0,7,13.384,1,4,7.648,1,1.912,0,0.0,0,0.0,1,1.912,0,0.0,2,3.824,3,5.736,0,0.0,1,1.912,,20,5,2,3.824,0,7705,0.0,0.5,1,3.824,523
P25a045baff,4,7.313,0,0.0,1,1.828,2,3.656,1,3,5.484,0,0.0,0,0.0,0,0.0,0,0.0,0,0.0,1,1.828,0,0.0,0,0.0,0,0.0,,3,5,0,0.0,0,4744,0.0,0.0,0,0.0,547
P25bfc6427b,0,0.0,0,0.0,0,0.0,2,8.889,1,1,4.444,2,8.889,0,0.0,0,0.0,0,0.0,0,0.0,0,0.0,1,4.444,0,0.0,0,0.0,,6,2,1,4.444,0,3362,0.0,0.25,0,0.0,225
P25c05d7b38,,,,,,,,,0,,,,,,,,,,,,,,,,,,,,,,,,,,,,,,,,
P25e61f80f8,0,0.0,1,1.299,0,0.0,0,0.0,1,13,16.883,0,0.0,0,0.0,2,2.597,0,0.0,1,1.299,6,7.792,3,3.896,0,0.0,0,0.0,,13,6,0,0.0,0,10215,0.0,0.286,0,0.0,770
P2606a3d161,0,0.0,0,0.0,0,0.0,0,0.0,1,0,0.0,0,0.0,0,0.0,0,0.0,0,0.0,0,0.0,0,0.0,0,0.0,0,0.0,0,0.0,,1,2,0,0.0,0,2007,0.0,0.0,0,0.0,84
P2650c293bf,0,0.0,0,0.0,0,0.0,0,0.0,1,2,8.511,0,0.0,0,0.0,0,0.0,0,0.0,0,0.0,0,0.0,5,21.277,0,0.0,0,0.0,,0,2,0,0.0,0,2060,0.0,0.625,0,0.0,235
P268ca85d2e,1,4.464,0,0.0,0,0.0,0,0.0,1,3,13.393,0,0.0,0,0.0,0,0.0,1,4.464,0,0.0,0,0.0,1,4.464,0,0.0,1,13.393,,6,2,0,0.0,0,3424,0.0,0.25,0,0.0,224
P269736d407,0,0.0,0,0.0,0,0.0,0,0.0,1,0,0.0,0,0.0,0,0.0,0,0.0,0,0.0,0,0.0,0,0.0,2,31.746,0,0.0,0,0.0,,0,0,0,0.0,0,466,0.0,0.4,0,0.0,63
P26ad072598,2,4.274,0,0.0,0,0.0,0,0.0,1,3,6.41,1,2.137,0,0.0,0,0.0,0,0.0,1,2.137,0,0.0,0,0.0,0,0.0,1,2.137,,14,7,5,10.684,0,9316,0.0,-0.25,0,0.0,468
P26d2a90c5b,0,0.0,0,0.0,0,0.0,0,0.0,1,0,0.0,0,0.0,0,0.0,3,7.246,0,0.0,0,0.0,0,0.0,2,4.831,0,0.0,0,0.0,,8,6,4,9.662,0,7208,0.0,0.4,0,0.0,414
P26f8dd510c,0,0.0,1,1.381,0,0.0,10,13.812,1,6,8.287,0,0.0,0,0.0,0,0.0,0,0.0,0,0.0,0,0.0,1,1.381,0,0.0,0,0.0,,9,8,0,0.0,0,6739,0.0,0.25,0,0.0,724
P272ac40c3c,0,0.0,0,0.0,0,0.0,3,7.194,1,4,9.592,0,0.0,0,0.0,0,0.0,0,0.0,0,0.0,3,7.194,3,7.194,0,0.0,0,0.0,50,18,6,0,0.0,0,10100,0.0,0.5,0,0.0,417
P272afc1b90,0,0.0,0,0.0,0,0.0,0,0.0,1,1,1.733,0,0.0,0,0.0,2,3.466,1,3.466,0,0.0,0,0.0,2,3.466,0,0.0,1,1.733,,10,6,4,6.932,0,7100,0.0,0.4,0,0.0,577
P273938bb97,1,0.215,3,0.646,1,0.215,14,3.015,1,2,0.431,3,0.646,0,0.0,1,0.215,1,0.215,8,1.723,4,0.861,7,1.507,0,0.0,1,0.861,,113,27,6,1.292,1,54008,0.215,-0.056,0,0.0,4644
P277650e4b3,,,,,,,,,0,,,,,,,,,,,,,,,,,,,,,,,,,,,,,,,,
P277e56e049,0,0.0,0,0.0,0,0.0,0,0.0,1,1,3.39,0,0.0,0,0.0,7,23.729,0,0.0,0,0.0,0,0.0,1,3.39,0,0.0,0,0.0,,10,4,0,0.0,0,4863,0.0,0.25,0,0.0,295
P279cdc2712,0,0.0,0,0.0,0,0.0,4,11.461,1,1,2.865,1,2.865,0,0.0,0,0.0,0,0.0,0,0.0,6,17.192,0,0.0,0,0.0,0,0.0,,10,6,0,0.0,0,7101,0.0,0.0,1,5.731,349
P27a3420564,0,0.0,1,5.102,0,0.0,0,0.0,1,0,0.0,0,0.0,0,0.0,0,0.0,0,0.0,1,5.102,0,0.0,0,0.0,0,0.0,0,0.0,,4,4,1,5.102,0,2683,0.0,-0.25,0,0.0,196
P27a35575e9,,,,,,,,,0,,,,,,,,,,,,,,,,,,,,,,,,,,,,,,,,
P27d264f43c,0,0.0,0,0.0,1,4.808,1,4.808,1,0,0.0,0,0.0,0,0.0,0,0.0,0,0.0,0,0.0,1,4.808,1,4.808,0,0.0,0,0.0,,3,6,2,9.615,0,2845,0.0,0.25,0,0.0,208
P27f732ca1a,0,0.0,0,0.0,0,0.0,0,0.0,1,1,3.69,0,0.0,0,0.0,0,0.0,0,0.0,0,0.0,0,0.0,0,0.0,0,0.0,0,0.0,,0,2,0,0.0,0,2961,0.0,0.0,0,0.0,271
P2805efe438,,,,,,,,,0,,,,,,,,,,,,,,,,,,,,,,,,,,,,,,,,
P28594efa12,1,3.268,0,0.0,1,3.268,1,3.268,1,1,3.268,0,0.0,0,0.0,0,0.0,0,0.0,0,0.0,0,0.0,3,9.804,0,0.0,0,0.0,,2,4,1,3.268,0,3056,0.0,0.5,0,0.0,306
P289da7f9c1,0,0.0,0,0.0,0,0.0,2,3.899,1,0,0.0,0,0.0,0,0.0,2,3.899,0,0.0,0,0.0,4,7.797,3,5.848,0,0.0,0,0.0,,16,8,4,7.797,0,8833,0.0,0.5,0,0.0,513
P297adbbd5f,0,0.0,0,0.0,2,3.552,0,0.0,1,7,12.433,0,0.0,0,0.0,0,0.0,1,1.776,0,0.0,0,0.0,2,3.552,0,0.0,1,1.776,,7,8,1,1.776,0,5129,0.0,0.4,1,1.776,563
P297d12820e,3,2.896,1,0.965,0,0.0,2,1.931,1,14,13.514,7,6.757,0,0.0,0,0.0,0,0.0,0,0.0,5,4.826,9,8.687,0,0.0,1,1.931,,40,8,0,0.0,0,18772,0.0,0.75,0,0.0,1036
P2a1ab2724b,,,,,,,,,0,,,,,,,,,,,,,,,,,,,,,,,,,,,,,,,,
P2a6c79e3dc,0,0.0,0,0.0,0,0.0,0,0.0,1,0,0.0,0,0.0,0,0.0,0,0.0,0,0.0,0,0.0,0,0.0,0,0.0,0,0.0,0,0.0,,6,4,1,5.181,0,3979,0.0,0.0,0,0.0,193
P2a77fa93f7,0,0.0,0,0.0,0,0.0,2,5.391,1,7,18.868,0,0.0,0,0.0,5,13.477,0,0.0,0,0.0,3,8.086,3,8.086,0,0.0,0,0.0,,10,8,2,5.391,0,8137,0.0,0.5,0,0.0,371
P2a8e69fc8a,,,,,,,,,0,,,,,,,,,,,,,,,,,,,,,,,,,,,,,,,,
P2abf5d1b69,,,,,,,,,0,,,,,,,,,,,,,,,,,,,,,,,,,,,,,,,,
P2acab9acdb,0,0.0,0,0.0,0,0.0,0,0.0,1,0,0.0,2,17.544,0,0.0,0,0.0,0,0.0,0,0.0,2,17.544,0,0.0,0,0.0,0,0.0,,6,2,0,0.0,0,2920,0.0,0.0,0,0.0,114
P2acc089d0e,1,1.515,2,3.03,0,0.0,0,0.0,1,9,13.636,0,0.0,0,0.0,0,0.0,0,0.0,0,0.0,3,4.545,2,3.03,0,0.0,0,0.0,,11,5,0,0.0,0,7173,0.0,0.4,0,0.0,660
P2ad4235514,0,0.0,0,0.0,0,0.0,6,9.449,1,2,3.15,0,0.0,0,0.0,4,6.299,0,0.0,1,1.575,2,3.15,3,4.724,0,0.0,1,4.724,,19,5,0,0.0,0,10106,0.0,0.286,0,0.0,635
P2ad610b277,0,0.0,0,0.0,0,0.0,2,3.15,1,1,1.575,0,0.0,0,0.0,4,6.299,0,0.0,0,0.0,1,1.575,4,6.299,0,0.0,1,1.575,,15,6,2,3.15,0,8388,0.0,0.571,0,0.0,635
P2b13664da5,0,0.0,1,2.358,0,0.0,0,0.0,1,0,0.0,3,7.075,0,0.0,0,0.0,0,0.0,0,0.0,2,4.717,1,2.358,0,0.0,1,2.358,,10,7,0,0.0,0,7030,0.0,0.25,0,0.0,424
P2b19f4fd38,0,0.0,0,0.0,0,0.0,0,0.0,1,1,2.331,0,0.0,0,0.0,10,23.31,0,0.0,0,0.0,2,4.662,1,2.331,0,0.0,0,0.0,,15,4,1,2.331,0,6970,0.0,0.25,0,0.0,429
P2b78092e41,,,,,,,,,0,,,,,,,,,,,,,,,,,,,,,,,,,,,,,,,,
P2b95cb9990,0,0.0,0,0.0,0,0.0,3,4.95,1,7,11.551,0,0.0,0,0.0,0,0.0,0,0.0,0,0.0,0,0.0,2,3.3,0,0.0,0,0.0,,20,6,1,1.65,0,11254,0.0,0.4,1,1.65,606
P2bc6f2a3aa,0,0.0,0,0.0,1,1.481,0,0.0,1,10,14.815,2,2.963,0,0.0,0,0.0,0,0.0,0,0.0,0,0.0,2,2.963,0,0.0,1,1.481,,25,10,0,0.0,0,14688,0.0,0.4,1,2.963,675
P2bc925c307,0,0.0,0,0.0,0,0.0,0,0.0,1,2,5.917,0,0.0,0,0.0,0,0.0,0,0.0,0,0.0,1,2.959,3,8.876,0,0.0,0,0.0,,4,4,1,2.959,0,3426,0.0,0.5,0,0.0,338
P2bdd03741b,,,,,,,,,0,,,,,,,,,,,,,,,,,,,,,,,,,,,,,,,,
P2c06075e55,0,0.0,0,0.0,0,0.0,1,2.421,1,0,0.0,2,4.843,0,0.0,0,0.0,0,0.0,0,0.0,0,0.0,0,0.0,1,2.421,1,2.421,,10,8,0,0.0,0,4650,0.0,0.0,0,0.0,413
P2c1e066057,2,4.751,0,0.0,0,0.0,0,0.0,1,2,4.751,1,2.375,0,0.0,0,0.0,0,0.0,0,0.0,1,2.375,3,7.126,0,0.0,1,2.375,,11,6,4,9.501,0,5689,0.0,0.5,0,0.0,421
P2c24c6affb,0,0.0,1,3.636,0,0.0,0,0.0,1,0,0.0,0,0.0,0,0.0,0,0.0,0,0.0,0,0.0,3,10.909,0,0.0,0,0.0,0,0.0,,3,4,1,3.636,0,3715,0.0,0.0,0,0.0,275
P2c3a1eb46b,0,0.0,0,0.0,0,0.0,0,0.0,1,1,4.098,1,4.098,0,0.0,0,0.0,0,0.0,0,0.0,0,0.0,1,4.098,0,0.0,0,0.0,,8,5,0,0.0,0,5397,0.0,0.25,0,0.0,244
P2c8aa67899,2,3.263,2,3.263,0,0.0,7,11.419,1,7,11.419,3,4.894,0,0.0,0,0.0,0,0.0,0,0.0,8,13.051,5,8.157,0,0.0,0,0.0,,15,6,2,3.263,0,11401,0.0,0.625,1,1.631,613
P2ca61183dc,1,1.361,0,0.0,2,2.721,4,5.442,1,3,4.082,0,0.0,0,0.0,0,0.0,0,0.0,0,0.0,7,9.524,6,8.163,1,2.721,0,0.0,,21,7,3,4.082,0,12582,0.0,0.667,1,2.721,735
P2cdeb4bf00,0,0.0,0,0.0,0,0.0,7,3.721,1,12,6.38,11,5.848,0,0.0,1,0.532,0,0.0,1,0.532,7,3.721,25,13.291,0,0.0,0,0.0,,1,17,10,5.316,0,14764,0.0,0.828,1,0.532,1881
P2d06a24aee,0,0.0,0,0.0,0,0.0,0,0.0,1,0,0.0,0,0.0,0,0.0,6,23.166,0,0.0,0,0.0,0,0.0,0,0.0,0,0.0,0,0.0,,0,3,0,0.0,0,2448,0.0,0.0,0,0.0,259
P2d45174d7f,0,0.0,0,0.0,0,0.0,0,0.0,1,2,4.598,0,0.0,0,0.0,0,0.0,0,0.0,0,0.0,3,6.897,3,6.897,1,4.598,0,0.0,,4,5,0,0.0,0,4172,0.0,0.5,0,0.0,435
P2d49f5a403,0,0.0,0,0.0,0,0.0,0,0.0,1,0,0.0,0,0.0,0,0.0,0,0.0,1,8.264,0,0.0,0,0.0,0,0.0,0,0.0,1,24.793,,3,1,0,0.0,0,1831,0.0,0.0,0,0.0,121
P2db62bcb6f,0,0.0,0,0.0,0,0.0,0,0.0,1,0,0.0,0,0.0,0,0.0,0,0.0,0,0.0,0,0.0,0,0.0,1,4.854,0,0.0,0,0.0,,1,2,3,14.563,0,2818,0.0,0.25,1,4.854,206
P2db6f2cc8f,0,0.0,0,0.0,0,0.0,0,0.0,1,2,4.717,1,2.358,0,0.0,4,9.434,0,0.0,0,0.0,0,0.0,3,7.075,1,4.717,1,2.358,,13,7,0,0.0,0,6847,0.0,0.5,1,7.075,424
P2e38e474e2,0,0.0,0,0.0,0,0.0,4,3.03,1,4,3.03,1,0.758,0,0.0,0,0.0,0,0.0,1,0.758,5,3.788,7,5.303,0,0.0,0,0.0,,3,7,3,2.273,0,9717,0.0,0.545,0,0.0,1320
P2e6be7d23b,0,0.0,0,0.0,0,0.0,0,0.0,1,3,11.538,0,0.0,0,0.0,0,0.0,0,0.0,0,0.0,0,0.0,0,0.0,0,0.0,0,0.0,,5,2,0,0.0,0,4944,0.0,0.0,0,0.0,260
P2e873db9ac,0,0.0,1,6.944,0,0.0,1,6.944,1,1,6.944,0,0.0,0,0.0,0,0.0,0,0.0,0,0.0,0,0.0,1,6.944,0,0.0,0,0.0,,3,1,0,0.0,0,1891,0.0,0.25,0,0.0,144
P2e890c30d2,0,0.0,0,0.0,0,0.0,0,0.0,1,8,10.101,0,0.0,0,0.0,0,0.0,0,0.0,0,0.0,4,5.051,8,10.101,0,0.0,0,0.0,,17,7,0,0.0,0,11133,0.0,0.727,0,0.0,792
P2e8c779b09,0,0.0,0,0.0,0,0.0,1,1.88,1,0,0.0,0,0.0,0,0.0,0,0.0,0,0.0,0,0.0,0,0.0,0,0.0,0,0.0,0,0.0,,9,8,0,0.0,0,6970,0.0,0.0,0,0.0,532
P2ee25c689c,,,,,,,,,0,,,,,,,,,,,,,,,,,,,,,,,,,,,,,,,,
P2f15d5867f,,,,,,,,,0,,,,,,,,,,,,,,,,,,,,,,,,,,,,,,,,
P2f4b26e6e1,1,2.463,2,4.926,0,0.0,5,12.315,1,0,0.0,0,0.0,0,0.0,0,0.0,0,0.0,0,0.0,0,0.0,1,2.463,0,0.0,0,0.0,,7,6,1,2.463,0,6482,0.0,0.25,0,0.0,406
P2f5200d27c,0,0.0,0,0.0,0,0.0,0,0.0,1,3,5.952,0,0.0,0,0.0,0,0.0,0,0.0,0,0.0,3,5.952,2,3.968,0,0.0,1,1.984,,22,6,0,0.0,0,5938,0.0,0.4,0,0.0,504
P2f61c21e93,1,1.613,0,0.0,0,0.0,0,0.0,1,10,16.129,1,1.613,0,0.0,2,3.226,0,0.0,0,0.0,2,3.226,7,11.29,0,0.0,0,0.0,,13,6,5,8.065,0,9521,0.0,0.7,1,1.613,620
P2f95e0c256,0,0.0,0,0.0,0,0.0,2,6.944,1,1,3.472,0,0.0,0,0.0,0,0.0,0,0.0,0,0.0,4,13.889,2,6.944,0,0.0,0,0.0,,9,4,1,3.472,0,4376,0.0,0.4,1,3.472,288
P2fe87c73a6,0,0.0,0,0.0,0,0.0,0,0.0,1,3,7.519,0,0.0,0,0.0,0,0.0,0,0.0,1,2.506,2,5.013,4,10.025,0,0.0,0,0.0,,2,6,5,12.531,0,3845,0.0,0.375,1,2.506,399
P30169adef4,1,1.381,0,0.0,0,0.0,0,0.0,1,1,1.381,0,0.0,0,0.0,0,0.0,0,0.0,0,0.0,12,16.575,4,5.525,0,0.0,0,0.0,,23,7,0,0.0,0,11634,0.0,0.571,0,0.0,724
P307cead4af,0,0.0,0,0.0,1,0.748,15,11.219,1,5,3.74,0,0.0,0,0.0,5,3.74,0,0.0,0,0.0,8,5.984,15,11.219,0,0.0,1,0.748,,42,10,0,0.0,0,21078,0.0,0.833,1,1.496,1337
P30aaba02d5,0,0.0,0,0.0,0,0.0,2,2.174,1,9,9.783,1,1.087,0,0.0,14,15.217,0,0.0,0,0.0,3,3.261,3,3.261,1,5.435,0,0.0,,26,12,2,2.174,0,16290,0.0,0.5,1,1.087,920
P311b5f6b41,,,,,,,,,0,,,,,,,,,,,,,,,,,,,,,,,,,,,,,,,,
P318e86822c,0,0.0,0,0.0,0,0.0,3,8.85,1,2,5.9,0,0.0,0,0.0,0,0.0,0,0.0,0,0.0,2,5.9,1,2.95,0,0.0,0,0.0,,12,4,2,5.9,0,7802,0.0,0.25,1,5.9,339
P319cf0c2e0,1,1.008,0,0.0,0,0.0,0,0.0,1,9,9.073,1,1.008,0,0.0,0,0.0,1,1.008,1,1.008,0,0.0,8,8.065,0,0.0,1,1.008,,25,8,5,5.04,0,15699,0.0,0.583,0,0.0,992
P31b4a243f7,1,1.242,0,0.0,1,1.242,4,4.969,1,7,8.696,1,1.242,0,0.0,5,6.211,0,0.0,2,2.484,1,1.242,7,8.696,0,0.0,1,2.484,,32,5,1,1.242,0,14890,0.0,0.417,0,0.0,805
P31bc34ca23,0,0.0,2,7.38,0,0.0,0,0.0,1,0,0.0,0,0.0,0,0.0,8,29.52,0,0.0,0,0.0,0,0.0,2,7.38,0,0.0,0,0.0,,4,4,0,0.0,0,3965,0.0,0.4,0,0.0,271
P31e153a014,0,0.0,0,0.0,0,0.0,0,0.0,1,1,2.278,0,0.0,0,0.0,0,0.0,0,0.0,0,0.0,0,0.0,1,2.278,0,0.0,0,0.0,,4,5,0,0.0,0,5100,0.0,0.25,0,0.0,439
P31e884be2b,0,0.0,0,0.0,1,3.077,6,18.462,1,0,0.0,0,0.0,0,0.0,0,0.0,0,0.0,0,0.0,5,15.385,2,6.154,0,0.0,0,0.0,,5,6,0,0.0,0,2899,0.0,0.4,0,0.0,325
P322900af3b,0,0.0,0,0.0,5,15.06,1,3.012,1,1,3.012,0,0.0,0,0.0,0,0.0,0,0.0,0,0.0,2,6.024,2,6.024,0,0.0,0,0.0,,6,4,1,3.012,0,3905,0.0,0.4,0,0.0,332
P328a9a467a,0,0.0,0,0.0,0,0.0,7,10.836,1,2,3.096,2,3.096,0,0.0,0,0.0,0,0.0,0,0.0,0,0.0,4,6.192,1,3.096,0,0.0,,21,9,1,1.548,0,12439,0.0,0.571,1,3.096,646
P32d7e7e1eb,0,0.0,1,1.792,0,0.0,2,3.584,1,2,3.584,0,0.0,0,0.0,0,0.0,0,0.0,1,1.792,1,1.792,4,7.168,0,0.0,0,0.0,,13,6,1,1.792,0,8960,0.0,0.375,1,1.792,558
P32fecc73d2,0,0.0,0,0.0,0,0.0,0,0.0,1,0,0.0,0,0.0,0,0.0,7,26.515,0,0.0,0,0.0,0,0.0,0,0.0,0,0.0,0,0.0,,8,4,0,0.0,0,5126,0.0,0.0,0,0.0,264
P32ff4229d3,0,0.0,1,2.538,0,0.0,0,0.0,1,1,2.538,1,2.538,0,0.0,0,0.0,0,0.0,0,0.0,0,0.0,1,2.538,1,5.076,0,0.0,,6,6,1,2.538,0,6433,0.0,0.25,1,7.614,394
P332366fd23,,,,,,,,,0,,,,,,,,,,,,,,,,,,,,,,,,,,,,,,,,
P3326a2a68b,0,0.0,1,4.785,0,0.0,0,0.0,1,1,4.785,0,0.0,0,0.0,0,0.0,1,4.785,0,0.0,0,0.0,1,4.785,0,0.0,1,4.785,,4,6,0,0.0,0,2327,0.0,0.25,1,4.785,209
P3364db28a5,1,2.375,0,0.0,0,0.0,0,0.0,1,4,9.501,0,0.0,0,0.0,0,0.0,0,0.0,0,0.0,0,0.0,2,4.751,0,0.0,1,2.375,,11,7,1,2.375,0,7543,0.0,0.4,0,0.0,421
P337fb06bb7,,,,,,,,,0,,,,,,,,,,,,,,,,,,,,,,,,,,,,,,,,
P338a42b9d0,0,0.0,0,0.0,0,0.0,0,0.0,1,5,16.234,1,3.247,0,0.0,0,0.0,0,0.0,0,0.0,0,0.0,3,9.74,0,0.0,0,0.0,,5,6,0,0.0,0,5032,0.0,0.5,0,0.0,308
P3391f209f3,0,0.0,0,0.0,0,0.0,0,0.0,1,0,0.0,0,0.0,0,0.0,0,0.0,0,0.0,0,0.0,0,0.0,0,0.0,0,0.0,0,0.0,,1,2,0,0.0,0,1612,0.0,0.0,0,0.0,78
P33c766f164,,,,,,,,,0,,,,,,,,,,,,,,,,,,,,,,,,,,,,,,,,
P33f4d69488,,,,,,,,,0,,,,,,,,,,,,,,,,,,,,,,,,,,,,,,,,
P3470a61a00,0,0.0,0,0.0,0,0.0,0,0.0,1,1,14.706,0,0.0,0,0.0,0,0.0,0,0.0,0,0.0,0,0.0,0,0.0,0,0.0,0,0.0,,0,0,0,0.0,0,560,0.0,0.0,0,0.0,68
P34c7aa9885,0,0.0,0,0.0,0,0.0,1,2.564,1,1,2.564,0,0.0,0,0.0,0,0.0,0,0.0,0,0.0,1,2.564,1,2.564,0,0.0,0,0.0,,14,7,7,17.949,0,8385,0.0,0.25,1,5.128,390
P3514cc9b35,,,,,,,,,0,,,,,,,,,,,,,,,,,,,,,,,,,,,,,,,,
P355f728583,3,4.498,0,0.0,0,0.0,1,1.499,1,1,1.499,1,1.499,0,0.0,1,1.499,0,0.0,0,0.0,3,4.498,9,13.493,0,0.0,0,0.0,,20,9,6,8.996,0,7859,0.0,0.75,0,0.0,667
P35654567c0,0,0.0,0,0.0,1,4.202,0,0.0,1,0,0.0,0,0.0,0,0.0,0,0.0,0,0.0,0,0.0,0,0.0,0,0.0,0,0.0,0,0.0,,9,6,2,8.403,0,5336,0.0,0.0,0,0.0,238
P357471422c,,,,,,,,,0,,,,,,,,,,,,,,,,,,,,,,,,,,,,,,,,
P35e592001a,4,4.796,0,0.0,0,0.0,5,5.995,1,11,13.189,0,0.0,0,0.0,0,0.0,0,0.0,0,0.0,0,0.0,5,5.995,0,0.0,1,2.398,,25,6,0,0.0,2,12745,2.398,0.625,1,1.199,834
P35f0fb7731,1,0.956,1,0.956,2,1.912,4,3.824,1,10,9.56,0,0.0,0,0.0,0,0.0,0,0.0,0,0.0,3,2.868,10,9.56,0,0.0,1,0.956,,41,9,4,3.824,0,21143,0.0,0.769,1,0.956,1046
P360a02c8f3,,,,,,,,,0,,,,,,,,,,,,,,,,,,,,,,,,,,,,,,,,
P360c31499c,0,0.0,1,5.952,0,0.0,0,0.0,1,0,0.0,0,0.0,0,0.0,2,11.905,0,0.0,0,0.0,0,0.0,1,5.952,0,0.0,0,0.0,,4,5,0,0.0,0,2627,0.0,0.25,0,0.0,168
P3651ab0a99,0,0.0,0,0.0,0,0.0,0,0.0,1,1,2.874,0,0.0,0,0.0,7,20.115,0,0.0,0,0.0,2,5.747,1,2.874,0,0.0,0,0.0,,7,4,0,0.0,0,5033,0.0,0.25,0,0.0,348
P367a636ba4,0,0.0,0,0.0,0,0.0,2,5.305,1,0,0.0,0,0.0,0,0.0,0,0.0,0,0.0,0,0.0,2,5.305,1,2.653,0,0.0,0,0.0,,8,6,3,7.958,0,6742,0.0,0.25,0,0.0,377
P36b818b767,,,,,,,,,0,,,,,,,,,,,,,,,,,,,,,,,,,,,,,,,,
P36ce80df8e,0,0.0,0,0.0,0,0.0,0,0.0,1,16,25.89,0,0.0,0,0.0,7,11.327,0,0.0,0,0.0,5,8.091,11,17.799,1,4.854,1,1.618,,16,8,0,0.0,0,11514,0.0,0.786,1,1.618,618
P36eaf9779b,0,0.0,0,0.0,1,4.808,1,4.808,1,4,19.231,0,0.0,0,0.0,0,0.0,0,0.0,0,0.0,0,0.0,3,14.423,0,0.0,0,0.0,,5,3,0,0.0,0,4545,0.0,0.5,0,0.0,208
P36f801ddc1,0,0.0,0,0.0,0,0.0,4,6.873,1,0,0.0,0,0.0,0,0.0,0,0.0,0,0.0,1,1.718,6,10.309,6,10.309,0,0.0,0,0.0,,19,7,1,1.718,0,8466,0.0,0.5,1,1.718,582
P37455198a4,,,,,,,,,0,,,,,,,,,,,,,,,,,,,,,,,,,,,,,,,,
P3769bd015c,,,,,,,,,0,,,,,,,,,,,,,,,,,,,,,,,,,,,,,,,,
P376f10f64c,0,0.0,0,0.0,1,1.543,0,0.0,1,7,10.802,0,0.0,0,0.0,0,0.0,0,0.0,0,0.0,6,9.259,4,6.173,0,0.0,0,0.0,,8,8,1,1.543,0,6738,0.0,0.571,0,0.0,648
P3778eacc6f,0,0.0,1,2.66,0,0.0,5,13.298,1,0,0.0,0,0.0,0,0.0,0,0.0,0,0.0,0,0.0,7,18.617,2,5.319,0,0.0,0,0.0,,12,7,0,0.0,0,7584,0.0,0.4,1,7.979,376
P379ec45447,0,0.0,0,0.0,0,0.0,1,1.468,1,0,0.0,0,0.0,0,0.0,11,16.153,0,0.0,0,0.0,1,1.468,2,2.937,0,0.0,0,0.0,,13,7,0,0.0,0,8347,0.0,0.4,0,0.0,681
P382ba08b06,,,,,,,,,0,,,,,,,,,,,,,,,,,,,,,,,,,,,,,,,,
P388cb0d5da,2,1.167,0,0.0,1,0.583,2,1.167,1,26,15.169,7,4.084,0,0.0,8,4.667,1,1.167,1,0.583,17,9.918,17,9.918,1,2.917,1,2.334,,62,10,2,1.167,0,29517,0.0,0.762,1,0.583,1714
P38bff88a77,1,2.558,0,0.0,0,0.0,2,5.115,1,0,0.0,0,0.0,0,0.0,0,0.0,0,0.0,0,0.0,1,2.558,1,2.558,0,0.0,0,0.0,,4,7,0,0.0,0,3696,0.0,0.25,0,0.0,391
P38d9dee28f,,,,,,,,,0,,,,,,,,,,,,,,,,,,,,,,,,,,,,,,,,
P38dadf836a,,,,,,,,,0,,,,,,,,,,,,,,,,,,,,,,,,,,,,,,,,
P38e6db5ca1,2,2.774,0,0.0,0,0.0,1,1.387,1,10,13.87,0,0.0,0,0.0,0,0.0,0,0.0,0,0.0,3,4.161,7,9.709,0,0.0,0,0.0,,17,6,0,0.0,0,8576,0.0,0.7,1,1.387,721
P38fd19ed26,0,0.0,0,0.0,0,0.0,3,3.822,1,0,0.0,0,0.0,0,0.0,1,1.274,0,0.0,0,0.0,0,0.0,6,7.643,0,0.0,1,1.274,,1,7,3,3.822,0,5923,0.0,0.667,0,0.0,785
P392363bcf2,0,0.0,0,0.0,0,0.0,5,9.506,1,4,7.605,0,0.0,0,0.0,0,0.0,0,0.0,0,0.0,3,5.703,7,13.308,1,5.703,0,0.0,,13,7,0,0.0,0,8640,0.0,0.7,1,3.802,526
P396ba96b58,2,1.311,0,0.0,2,1.311,11,7.208,1,17,11.14,0,0.0,0,0.0,5,3.277,0,0.0,0,0.0,3,1.966,10,6.553,0,0.0,0,0.0,,31,10,4,2.621,0,21636,0.0,0.769,1,0.655,1526
P398088f587,0,0.0,0,0.0,0,0.0,0,0.0,1,0,0.0,0,0.0,0,0.0,0,0.0,0,0.0,0,0.0,6,14.563,2,4.854,0,0.0,0,0.0,,10,6,0,0.0,0,5302,0.0,0.4,1,2.427,412
P3997afa4f2,0,0.0,0,0.0,0,0.0,0,0.0,1,24,24.615,0,0.0,0,0.0,33,33.846,0,0.0,0,0.0,5,5.128,9,9.231,0,0.0,0,0.0,,34,11,0,0.0,0,16957,0.0,0.75,0,0.0,975
P39bae689b5,,,,,,,,,0,,,,,,,,,,,,,,,,,,,,,,,,,,,,,,,,
P39c1b5b439,,,,,,,,,0,,,,,,,,,,,,,,,,,,,,,,,,,,,,,,,,
P39c99a28df,,,,,,,,,0,,,,,,,,,,,,,,,,,,,,,,,,,,,,,,,,
P3a25271b04,,,,,,,,,0,,,,,,,,,,,,,,,,,,,,,,,,,,,,,,,,
P3a3a5bbbef,2,1.832,2,1.832,0,0.0,7,6.41,1,8,7.326,0,0.0,0,0.0,4,3.663,0,0.0,0,0.0,0,0.0,8,7.326,1,10.073,0,0.0,,47,10,2,1.832,0,21617,0.0,0.727,1,0.916,1092
P3a5b76349f,0,0.0,0,0.0,0,0.0,6,8.646,1,5,7.205,0,0.0,0,0.0,0,0.0,1,1.441,0,0.0,0,0.0,3,4.323,1,2.882,1,1.441,,18,8,2,2.882,0,11648,0.0,0.5,1,1.441,694
P3a6abfac78,,,,,,,,,0,,,,,,,,,,,,,,,,,,,,,,,,,,,,,,,,
P3a913af04c,,,,,,,,,0,,,,,,,,,,,,,,,,,,,,,,,,,,,,,,,,
P3b1e823247,0,0.0,0,0.0,0,0.0,1,1.842,1,1,1.842,0,0.0,0,0.0,0,0.0,0,0.0,0,0.0,1,1.842,1,1.842,0,0.0,1,1.842,,16,7,3,5.525,0,10351,0.0,0.25,0,0.0,543
P3bedf956bf,0,0.0,0,0.0,0,0.0,0,0.0,1,9,11.029,0,0.0,0,0.0,5,6.127,0,0.0,0,0.0,3,3.676,4,4.902,0,0.0,1,2.451,,21,11,0,0.0,0,15205,0.0,0.571,1,1.225,816
P3bfc12237e,0,0.0,0,0.0,0,0.0,0,0.0,1,0,0.0,1,2.994,0,0.0,6,17.964,0,0.0,0,0.0,2,5.988,1,2.994,0,0.0,0,0.0,,7,5,0,0.0,0,4656,0.0,0.25,0,0.0,334
P3c6c730bf2,,,,,,,,,0,,,,,,,,,,,,,,,,,,,,,,,,,,,,,,,,
P3c885ec031,0,0.0,0,0.0,0,0.0,7,6.836,1,7,6.836,2,1.953,0,0.0,10,9.766,0,0.0,1,0.977,8,7.812,8,7.812,1,1.953,1,0.977,,38,10,2,1.953,0,20236,0.0,0.583,1,0.977,1024
P3cb5a9e68b,0,0.0,0,0.0,0,0.0,0,0.0,1,5,10.989,1,2.198,0,0.0,0,0.0,0,0.0,0,0.0,0,0.0,4,8.791,0,0.0,0,0.0,,7,3,2,4.396,0,6232,0.0,0.571,0,0.0,455
P3cb9458e5b,0,0.0,0,0.0,0,0.0,0,0.0,1,0,0.0,1,2.257,0,0.0,0,0.0,0,0.0,0,0.0,1,2.257,0,0.0,0,0.0,0,0.0,,17,4,1,2.257,0,7731,0.0,0.0,0,0.0,443
P3ce7981258,0,0.0,0,0.0,1,1.901,1,1.901,1,2,3.802,0,0.0,0,0.0,0,0.0,1,1.901,0,0.0,6,11.407,4,7.605,0,0.0,1,1.901,,13,6,0,0.0,0,5832,0.0,0.571,1,1.901,526
P3cfad83e39,0,0.0,0,0.0,0,0.0,3,2.809,1,3,2.809,0,0.0,0,0.0,0,0.0,1,1.873,0,0.0,1,0.936,11,10.3,0,0.0,1,1.873,,10,10,18,16.854,0,11344,0.0,0.786,0,0.0,1068
P3d1a59b5a2,,,,,,,,,0,,,,,,,,,,,,,,,,,,,,,,,,,,,,,,,,
P3d1eff1bca,0,0.0,0,0.0,0,0.0,0,0.0,1,0,0.0,0,0.0,0,0.0,0,0.0,0,0.0,0,0.0,0,0.0,0,0.0,0,0.0,0,0.0,,1,2,0,0.0,0,1753,0.0,0.0,0,0.0,80
P3d283763c2,,,,,,,,,0,,,,,,,,,,,,,,,,,,,,,,,,,,,,,,,,
P3d55371834,0,0.0,0,0.0,0,0.0,3,12.931,1,1,4.31,3,12.931,0,0.0,0,0.0,0,0.0,0,0.0,0,0.0,2,8.621,1,12.931,0,0.0,,7,3,0,0.0,0,2448,0.0,0.4,0,0.0,232
P3d8ccdb639,1,0.583,0,0.0,0,0.0,12,6.997,1,25,14.577,2,1.166,0,0.0,13,7.58,0,0.0,0,0.0,13,7.58,13,7.58,1,8.163,1,0.583,,71,10,6,3.499,0,41883,0.0,0.812,1,2.332,1715
P3d9db1cda1,,,,,,,,,0,,,,,,,,,,,,,,,,,,,,,,,,,,,,,,,,
P3daa0c9125,,,,,,,,,0,,,,,,,,,,,,,,,,,,,,,,,,,,,,,,,,
P3dd06c5ebd,0,0.0,0,0.0,0,0.0,9,6.419,1,11,7.846,3,2.14,0,0.0,2,1.427,0,0.0,1,0.713,3,2.14,12,8.559,0,0.0,1,1.427,,49,8,5,3.566,0,23062,0.0,0.688,0,0.0,1402
P3dd4b68d3d,,,,,,,,,0,,,,,,,,,,,,,,,,,,,,,,,,,,,,,,,,
P3dd5c6b05b,,,,,,,,,0,,,,,,,,,,,,,,,,,,,,,,,,,,,,,,,,
P3dfb31f267,2,5.9,0,0.0,1,2.95,2,5.9,1,4,11.799,0,0.0,0,0.0,0,0.0,0,0.0,0,0.0,2,5.9,2,5.9,0,0.0,1,5.9,,13,5,1,2.95,0,7975,0.0,0.4,1,2.95,339
P3e065b4b4e,0,0.0,0,0.0,0,0.0,0,0.0,1,6,19.934,0,0.0,0,0.0,6,19.934,0,0.0,0,0.0,0,0.0,1,3.322,0,0.0,1,6.645,,5,5,0,0.0,0,4999,0.0,0.25,0,0.0,301
P3e0fd9667f,0,0.0,0,0.0,0,0.0,3,2.976,1,6,5.952,7,6.944,0,0.0,2,1.984,0,0.0,0,0.0,2,1.984,6,5.952,1,2.976,1,0.992,,12,8,1,0.992,0,11402,0.0,0.667,0,0.0,1008
P3e3a854ff5,,,,,,,,,0,,,,,,,,,,,,,,,,,,,,,,,,,,,,,,,,
P3e493925a2,1,1.504,0,0.0,1,1.504,1,1.504,1,5,7.519,1,1.504,0,0.0,1,1.504,0,0.0,0,0.0,3,4.511,4,6.015,0,0.0,0,0.0,,11,6,0,0.0,0,9063,0.0,0.571,1,1.504,665
P3e5c820c70,0,0.0,0,0.0,0,0.0,0,0.0,1,0,0.0,0,0.0,0,0.0,2,12.27,0,0.0,0,0.0,0,0.0,0,0.0,0,0.0,0,0.0,,2,3,0,0.0,0,2524,0.0,0.0,0,0.0,163
P3e5e9d6579,0,0.0,0,0.0,0,0.0,0,0.0,1,1,2.632,0,0.0,0,0.0,0,0.0,0,0.0,0,0.0,0,0.0,0,0.0,0,0.0,0,0.0,,6,6,1,2.632,0,4296,0.0,0.0,0,0.0,380
P3e655a07ed,0,0.0,0,0.0,0,0.0,2,6.452,1,0,0.0,0,0.0,0,0.0,0,0.0,0,0.0,1,3.226,0,0.0,1,3.226,0,0.0,1,3.226,,8,4,1,3.226,0,4629,0.0,0.0,0,0.0,310
P3e7075c22e,,,,,,,,,0,,,,,,,,,,,,,,,,,,,,,,,,,,,,,,,,
P3ea09a4d42,,,,,,,,,0,,,,,,,,,,,,,,,,,,,,,,,,,,,,,,,,
P3ebb78aaf3,,,,,,,,,0,,,,,,,,,,,,,,,,,,,,,,,,,,,,,,,,
P3ede0fa0b1,1,2.857,0,0.0,1,2.857,0,0.0,1,0,0.0,1,2.857,0,0.0,0,0.0,0,0.0,0,0.0,1,2.857,2,5.714,1,2.857,0,0.0,,11,5,5,14.286,0,6149,0.0,0.4,0,0.0,350
P3ee6bf444e,0,0.0,0,0.0,0,0.0,2,2.963,1,7,10.37,0,0.0,0,0.0,5,7.407,0,0.0,0,0.0,6,8.889,6,8.889,0,0.0,1,1.481,,18,9,7,10.37,0,12847,0.0,0.667,1,2.963,675
P3ef49a42d2,,,,,,,,,0,,,,,,,,,,,,,,,,,,,,,,,,,,,,,,,,
P3ef4d7a55a,3,1.247,3,1.247,0,0.0,3,1.247,1,5,2.078,0,0.0,0,0.0,0,0.0,0,0.0,0,0.0,14,5.819,17,7.066,0,0.0,1,0.416,,60,11,16,6.65,0,31798,0.0,0.85,0,0.0,2406
P3f25ee2633,0,0.0,1,1.399,0,0.0,4,5.594,1,4,5.594,2,2.797,0,0.0,0,0.0,0,0.0,0,0.0,0,0.0,1,1.399,0,0.0,0,0.0,,5,7,5,6.993,0,7080,0.0,0.25,0,0.0,715
P3f654a33fe,0,0.0,0,0.0,0,0.0,0,0.0,1,0,0.0,0,0.0,0,0.0,0,0.0,0,0.0,0,0.0,1,3.401,2,6.803,0,0.0,0,0.0,,11,6,0,0.0,0,6316,0.0,0.4,1,3.401,294
P3f83cdea39,,,,,,,,,0,,,,,,,,,,,,,,,,,,,,,,,,,,,,,,,,
P3f927eeca6,0,0.0,1,1.104,0,0.0,2,2.208,1,1,1.104,2,2.208,0,0.0,0,0.0,0,0.0,0,0.0,1,1.104,0,0.0,0,0.0,0,0.0,,11,7,1,1.104,0,11562,0.0,0.0,0,0.0,906
P3ff36ffdc1,3,1.241,1,0.414,1,0.414,1,0.414,1,9,3.724,4,1.655,0,0.0,0,0.0,1,0.414,4,1.655,16,6.62,11,4.551,1,0.414,1,2.069,,106,17,7,2.896,0,49311,0.0,0.389,0,0.0,2417
P400aecdd2c,1,1.661,1,1.661,0,0.0,4,6.645,1,4,6.645,1,1.661,0,0.0,0,0.0,0,0.0,0,0.0,0,0.0,7,11.628,0,0.0,1,3.322,,15,10,0,0.0,1,7031,1.661,0.7,1,1.661,602
P404f9fdfb6,0,0.0,0,0.0,0,0.0,0,0.0,1,6,9.901,0,0.0,0,0.0,42,69.307,0,0.0,0,0.0,0,0.0,10,16.502,0,0.0,0,0.0,,4,7,0,0.0,0,7955,0.0,0.769,0,0.0,606
P40c501f5d6,0,0.0,1,1.996,4,7.984,0,0.0,1,1,1.996,0,0.0,0,0.0,0,0.0,0,0.0,0,0.0,8,15.968,2,3.992,0,0.0,0,0.0,,3,6,7,13.972,0,3996,0.0,0.4,0,0.0,501
P40fd812f54,,,,,,,,,0,,,,,,,,,,,,,,,,,,,,,,,,,,,,,,,,
P4110110f37,0,0.0,4,3.115,0,0.0,7,5.452,1,9,7.009,2,1.558,0,0.0,19,14.798,0,0.0,1,0.779,3,2.336,13,10.125,0,0.0,0,0.0,,38,6,2,1.558,0,19153,0.0,0.706,0,0.0,1284
P414be319a7,0,0.0,0,0.0,0,0.0,0,0.0,1,6,10.381,2,3.46,0,0.0,0,0.0,0,0.0,0,0.0,3,5.19,5,8.651,0,0.0,1,5.19,,14,7,0,0.0,0,9787,0.0,0.625,0,0.0,578
P416088a2b5,0,0.0,0,0.0,0,0.0,7,11.686,1,1,1.669,0,0.0,0,0.0,0,0.0,0,0.0,0,0.0,5,8.347,2,3.339,0,0.0,0,0.0,,8,7,3,5.008,0,8045,0.0,0.4,1,1.669,599
P41612ab4e2,5,4.579,1,0.916,2,1.832,3,2.747,1,14,12.821,5,4.579,0,0.0,0,0.0,0,0.0,0,0.0,3,2.747,12,10.989,0,0.0,1,1.832,,44,7,1,0.916,0,23638,0.0,0.8,1,1.832,1092
P41ae7c3c75,0,0.0,1,2.119,0,0.0,1,2.119,1,2,4.237,0,0.0,0,0.0,0,0.0,0,0.0,0,0.0,3,6.356,0,0.0,0,0.0,0,0.0,,14,5,2,4.237,0,9824,0.0,0.0,1,2.119,472
P41b1bb4705,3,1.697,1,0.566,1,0.566,0,0.0,1,15,8.484,5,2.828,0,0.0,6,3.394,0,0.0,0,0.0,0,0.0,10,5.656,0,0.0,0,0.0,,81,7,1,0.566,0,32531,0.0,0.769,1,1.131,1768
P41bc73e83b,,,,,,,,,0,,,,,,,,,,,,,,,,,,,,,,,,,,,,,,,,
P41fad117db,0,0.0,0,0.0,0,0.0,0,0.0,1,2,7.576,2,7.576,0,0.0,0,0.0,0,0.0,0,0.0,1,3.788,0,0.0,0,0.0,0,0.0,,0,1,1,3.788,0,1759,0.0,0.0,0,0.0,264
P429241cb33,0,0.0,0,0.0,0,0.0,2,4.415,1,10,22.075,2,4.415,0,0.0,1,2.208,0,0.0,0,0.0,4,8.83,3,6.623,0,0.0,1,2.208,,19,7,4,8.83,0,11479,0.0,0.5,0,0.0,453
P429838957d,0,0.0,0,0.0,0,0.0,2,4.64,1,5,11.601,2,4.64,0,0.0,0,0.0,0,0.0,0,0.0,1,2.32,4,9.281,1,4.64,0,0.0,,15,7,2,4.64,0,9238,0.0,0.571,1,2.32,431
P42adf8ab25,0,0.0,0,0.0,0,0.0,0,0.0,1,0,0.0,0,0.0,0,0.0,5,29.24,0,0.0,0,0.0,0,0.0,0,0.0,0,0.0,0,0.0,,2,2,1,5.848,0,1834,0.0,0.0,0,0.0,171
P42b9d239c3,0,0.0,0,0.0,2,2.525,0,0.0,1,8,10.101,0,0.0,0,0.0,0,0.0,0,0.0,0,0.0,0,0.0,7,8.838,0,0.0,1,1.263,,24,6,0,0.0,0,12598,0.0,0.7,1,1.263,792
P42d0d6de9a,,,,,,,,,0,,,,,,,,,,,,,,,,,,,,,,,,,,,,,,,,
P42dd9e15a4,,,,,,,,,0,,,,,,,,,,,,,,,,,,,,,,,,,,,,,,,,
P433bbb1ab7,0,0.0,0,0.0,0,0.0,4,16.0,1,2,8.0,0,0.0,0,0.0,0,0.0,0,0.0,0,0.0,0,0.0,4,16.0,0,0.0,0,0.0,,10,1,0,0.0,0,3852,0.0,0.571,0,0.0,250
P43b2e2aa2f,0,0.0,0,0.0,0,0.0,0,0.0,1,0,0.0,0,0.0,0,0.0,0,0.0,0,0.0,0,0.0,1,3.891,0,0.0,0,0.0,0,0.0,,9,6,0,0.0,0,5650,0.0,0.0,0,0.0,257
P43d78a0411,0,0.0,0,0.0,0,0.0,0,0.0,1,0,0.0,0,0.0,0,0.0,1,9.009,0,0.0,0,0.0,0,0.0,0,0.0,0,0.0,0,0.0,,0,2,0,0.0,0,1400,0.0,0.0,0,0.0,111
P43dec358d1,0,0.0,0,0.0,0,0.0,0,0.0,1,4,7.722,0,0.0,0,0.0,5,9.653,0,0.0,0,0.0,4,7.722,2,3.861,0,0.0,1,1.931,,15,7,2,3.861,0,9614,0.0,0.4,0,0.0,518
P43e7adb565,,,,,,,,,0,,,,,,,,,,,,,,,,,,,,,,,,,,,,,,,,
P43f8251240,0,0.0,0,0.0,0,0.0,0,0.0,1,1,4.425,0,0.0,0,0.0,0,0.0,0,0.0,0,0.0,2,8.85,2,8.85,0,0.0,0,0.0,,6,6,0,0.0,0,3160,0.0,0.4,1,4.425,226
P440f6cc00f,0,0.0,0,0.0,0,0.0,0,0.0,1,0,0.0,0,0.0,0,0.0,2,21.053,0,0.0,0,0.0,0,0.0,0,0.0,0,0.0,0,0.0,,0,1,0,0.0,0,822,0.0,0.0,0,0.0,95
P44154d877a,0,0.0,2,3.135,0,0.0,0,0.0,1,2,3.135,0,0.0,0,0.0,11,17.241,0,0.0,0,0.0,4,6.27,3,4.702,0,0.0,0,0.0,,15,7,4,6.27,0,10021,0.0,0.5,0,0.0,638
P4417860ddd,3,9.934,0,0.0,0,0.0,0,0.0,1,0,0.0,0,0.0,0,0.0,0,0.0,0,0.0,0,0.0,2,6.623,1,3.311,0,0.0,0,0.0,,10,1,0,0.0,0,6036,0.0,0.25,0,0.0,302
P445f167264,1,3.413,0,0.0,0,0.0,5,17.065,1,3,10.239,0,0.0,0,0.0,3,10.239,0,0.0,0,0.0,0,0.0,0,0.0,0,0.0,0,0.0,,8,5,0,0.0,0,5679,0.0,0.0,1,10.239,293
P4467431c36,1,1.695,0,0.0,0,0.0,0,0.0,1,11,18.644,0,0.0,0,0.0,8,13.559,0,0.0,2,3.39,2,3.39,1,1.695,0,0.0,0,0.0,,8,7,0,0.0,0,7752,0.0,-0.167,1,1.695,590
P44f5111142,,,,,,,,,0,,,,,,,,,,,,,,,,,,,,,,,,,,,,,,,,
P456fdc6328,0,0.0,0,0.0,1,0.829,17,14.096,1,7,5.804,0,0.0,0,0.0,0,0.0,1,0.829,1,0.829,8,6.633,4,3.317,0,0.0,1,1.658,,14,11,16,13.267,0,9140,0.0,0.375,1,0.829,1206
P459acdec33,2,1.837,1,0.918,0,0.0,2,1.837,1,2,1.837,9,8.264,0,0.0,0,0.0,0,0.0,0,0.0,0,0.0,0,0.0,0,0.0,0,0.0,,51,7,5,4.591,0,23621,0.0,0.0,1,0.918,1089
P45a39b68c1,0,0.0,0,0.0,0,0.0,3,3.731,1,11,13.682,0,0.0,0,0.0,13,16.169,0,0.0,0,0.0,5,6.219,10,12.438,1,8.706,0,0.0,,20,8,5,6.219,0,14855,0.0,0.769,1,1.244,804
P45b94f1aab,0,0.0,0,0.0,0,0.0,0,0.0,1,1,5.128,0,0.0,0,0.0,0,0.0,0,0.0,0,0.0,1,5.128,2,10.256,0,0.0,0,0.0,,3,2,1,5.128,0,3963,0.0,0.4,0,0.0,195
P4634e39421,3,4.902,0,0.0,0,0.0,4,6.536,1,6,9.804,0,0.0,0,0.0,0,0.0,0,0.0,0,0.0,2,3.268,5,8.17,0,0.0,0,0.0,,3,7,0,0.0,0,4875,0.0,0.625,0,0.0,612
P4649b7d232,,,,,,,,,0,,,,,,,,,,,,,,,,,,,,,,,,,,,,,,,,
P465ab55c02,0,0.0,0,0.0,0,0.0,0,0.0,1,2,6.41,0,0.0,0,0.0,0,0.0,0,0.0,0,0.0,0,0.0,1,3.205,0,0.0,0,0.0,,5,4,6,19.231,0,4254,0.0,0.25,0,0.0,312
P467b7b3f59,,,,,,,,,0,,,,,,,,,,,,,,,,,,,,,,,,,,,,,,,,
P46af6c0052,,,,,,,,,0,,,,,,,,,,,,,,,,,,,,,,,,,,,,,,,,
P46cfb45fde,0,0.0,0,0.0,0,0.0,2,3.086,1,2,3.086,0,0.0,0,0.0,17,26.235,0,0.0,1,1.543,6,9.259,5,7.716,0,0.0,0,0.0,,17,5,3,4.63,0,9017,0.0,0.444,0,0.0,648
P47044d9385,3,1.406,0,0.0,8,3.751,9,4.219,1,3,1.406,1,0.469,0,0.0,0,0.0,0,0.0,1,0.469,13,6.095,9,4.219,0,0.0,0,0.0,,79,8,2,0.938,0,33397,0.0,0.615,1,1.875,2133
P470eca3f49,0,0.0,0,0.0,0,0.0,0,0.0,1,1,2.695,0,0.0,0,0.0,0,0.0,0,0.0,0,0.0,2,5.391,0,0.0,0,0.0,1,2.695,,6,7,2,5.391,0,5361,0.0,0.0,0,0.0,371
P471bec0288,,,,,,,,,0,,,,,,,,,,,,,,,,,,,,,,,,,,,,,,,,
P473649a3ff,0,0.0,0,0.0,0,0.0,3,5.988,1,5,9.98,0,0.0,0,0.0,0,0.0,0,0.0,0,0.0,4,7.984,3,5.988,0,0.0,1,7.984,50,25,9,2,3.992,0,14259,0.0,0.5,0,0.0,501
P47380ec945,0,0.0,1,3.61,0,0.0,2,7.22,1,1,3.61,0,0.0,0,0.0,0,0.0,0,0.0,0,0.0,0,0.0,1,3.61,0,0.0,0,0.0,,9,4,0,0.0,0,4339,0.0,0.25,0,0.0,277
P473b24f6eb,,,,,,,,,0,,,,,,,,,,,,,,,,,,,,,,,,,,,,,,,,
P47846f7398,,,,,,,,,0,,,,,,,,,,,,,,,,,,,,,,,,,,,,,,,,
P4793f789c0,0,0.0,0,0.0,0,0.0,2,2.317,1,1,1.159,0,0.0,0,0.0,1,1.159,0,0.0,0,0.0,13,15.064,8,9.27,0,0.0,1,1.159,,15,8,6,6.952,0,9987,0.0,0.727,0,0.0,863
P4797fb50d3,0,0.0,0,0.0,0,0.0,0,0.0,1,1,2.95,2,5.9,0,0.0,0,0.0,1,2.95,0,0.0,1,2.95,2,5.9,0,0.0,1,2.95,,13,4,0,0.0,0,7154,0.0,0.4,0,0.0,339
P47a1cc70a3,0,0.0,0,0.0,0,0.0,2,4.237,1,2,4.237,0,0.0,0,0.0,0,0.0,1,4.237,1,2.119,2,4.237,2,4.237,0,0.0,1,4.237,,16,7,0,0.0,0,9482,0.0,0.167,0,0.0,472
P47e2698d94,0,0.0,0,0.0,0,0.0,1,1.016,1,1,1.016,0,0.0,0,0.0,0,0.0,0,0.0,0,0.0,2,2.033,1,1.016,0,0.0,0,0.0,,12,5,3,3.049,0,7882,0.0,0.25,0,0.0,984
P47e358160b,0,0.0,0,0.0,0,0.0,0,0.0,1,0,0.0,0,0.0,0,0.0,0,0.0,0,0.0,0,0.0,0,0.0,1,5.714,1,5.714,0,0.0,,4,2,0,0.0,0,3208,0.0,0.25,0,0.0,175
P47eee57e35,,,,,,,,,0,,,,,,,,,,,,,,,,,,,,,,,,,,,,,,,,
P4832cf3ea3,2,2.103,0,0.0,0,0.0,33,34.7,1,5,5.258,0,0.0,0,0.0,0,0.0,0,0.0,0,0.0,1,1.052,11,11.567,0,0.0,0,0.0,,36,8,1,1.052,1,16679,1.052,0.786,1,1.052,951
P486b5c76fa,0,0.0,0,0.0,0,0.0,2,3.96,1,0,0.0,0,0.0,0,0.0,0,0.0,0,0.0,0,0.0,1,1.98,3,5.941,1,1.98,1,3.96,,6,5,0,0.0,0,4824,0.0,0.5,0,0.0,505
P48772fff87,1,1.391,2,2.782,0,0.0,2,2.782,1,1,1.391,2,2.782,0,0.0,1,1.391,0,0.0,0,0.0,0,0.0,2,2.782,0,0.0,1,1.391,,19,7,1,1.391,0,10570,0.0,0.4,0,0.0,719
P488064c36d,0,0.0,0,0.0,3,1.21,3,1.21,1,10,4.032,6,2.419,0,0.0,1,0.403,0,0.0,1,0.403,0,0.0,33,13.306,0,0.0,1,0.403,,23,13,21,8.468,0,23046,0.0,0.865,0,0.0,2480
P49164b4255,1,0.722,0,0.0,0,0.0,0,0.0,1,5,3.61,0,0.0,0,0.0,0,0.0,0,0.0,0,0.0,0,0.0,8,5.776,0,0.0,0,0.0,,0,7,1,0.722,0,9479,0.0,0.727,0,0.0,1385
P495da5b1cd,0,0.0,0,0.0,0,0.0,0,0.0,1,0,0.0,0,0.0,0,0.0,2,7.905,0,0.0,0,0.0,0,0.0,0,0.0,0,0.0,0,0.0,,1,3,0,0.0,0,3641,0.0,0.0,0,0.0,253
P495dd3afc8,1,3.571,0,0.0,0,0.0,2,7.143,1,1,3.571,0,0.0,0,0.0,0,0.0,0,0.0,0,0.0,3,10.714,1,3.571,0,0.0,0,0.0,,10,4,2,7.143,0,6168,0.0,0.25,0,0.0,280
P497243f189,,,,,,,,,0,,,,,,,,,,,,,,,,,,,,,,,,,,,,,,,,
P49827cf895,1,1.044,0,0.0,0,0.0,2,2.088,1,6,6.263,0,0.0,0,0.0,0,0.0,0,0.0,0,0.0,0,0.0,12,12.526,1,2.088,1,1.044,31,20,6,1,1.044,0,11928,0.0,0.8,0,0.0,958
P49b077589e,0,0.0,2,0.845,0,0.0,4,1.689,1,12,5.068,1,0.422,1,0.422,0,0.0,0,0.0,1,0.422,19,8.024,23,9.713,0,0.0,1,0.845,,54,15,20,8.446,0,24428,0.0,0.815,1,0.422,2368
P49b4c451ec,0,0.0,0,0.0,0,0.0,0,0.0,1,1,2.0,0,0.0,0,0.0,7,14.0,0,0.0,0,0.0,2,4.0,0,0.0,0,0.0,1,2.0,,10,7,2,4.0,0,7607,0.0,0.0,0,0.0,500
P49d50fc2b5,0,0.0,1,3.937,0,0.0,0,0.0,1,1,3.937,0,0.0,0,0.0,0,0.0,0,0.0,0,0.0,0,0.0,2,7.874,0,0.0,0,0.0,,5,5,0,0.0,0,3734,0.0,0.4,0,0.0,254
P4a000d48b0,2,4.831,0,0.0,0,0.0,0,0.0,1,9,21.739,0,0.0,0,0.0,0,0.0,0,0.0,0,0.0,1,2.415,3,7.246,0,0.0,0,0.0,,8,7,3,7.246,0,7333,0.0,0.5,0,0.0,414
P4a125216bc,0,0.0,0,0.0,0,0.0,1,7.519,1,0,0.0,0,0.0,0,0.0,0,0.0,0,0.0,0,0.0,0,0.0,1,7.519,0,0.0,0,0.0,,2,4,0,0.0,0,2674,0.0,0.25,0,0.0,133
P4a1b07df85,0,0.0,0,0.0,0,0.0,0,0.0,1,1,5.376,0,0.0,0,0.0,0,0.0,0,0.0,1,5.376,0,0.0,1,5.376,0,0.0,0,0.0,,6,2,0,0.0,0,3072,0.0,0.0,0,0.0,186
P4a79922b86,1,2.358,0,0.0,0,0.0,4,9.434,1,4,9.434,0,0.0,0,0.0,0,0.0,0,0.0,0,0.0,4,9.434,2,4.717,0,0.0,0,0.0,,4,1,0,0.0,1,5239,2.358,0.4,0,0.0,424
P4a79c6caeb,0,0.0,0,0.0,0,0.0,0,0.0,1,7,15.385,2,4.396,0,0.0,0,0.0,0,0.0,0,0.0,0,0.0,1,2.198,1,4.396,1,2.198,,6,7,0,0.0,0,7255,0.0,0.25,0,0.0,455
P4a7a8900d7,0,0.0,0,0.0,0,0.0,1,0.873,1,14,12.216,0,0.0,0,0.0,0,0.0,0,0.0,0,0.0,9,7.853,12,10.471,0,0.0,0,0.0,,23,9,6,5.236,0,13558,0.0,0.8,0,0.0,1146
P4adcc58a26,,,,,,,,,0,,,,,,,,,,,,,,,,,,,,,,,,,,,,,,,,
P4afc5fb3f7,2,2.466,0,0.0,0,0.0,2,2.466,1,7,8.631,0,0.0,0,0.0,0,0.0,0,0.0,1,1.233,0,0.0,4,4.932,0,0.0,0,0.0,,14,6,2,2.466,0,8132,0.0,0.375,0,0.0,811
P4b06d66b80,0,0.0,0,0.0,0,0.0,0,0.0,1,0,0.0,0,0.0,0,0.0,2,19.048,0,0.0,0,0.0,0,0.0,0,0.0,0,0.0,0,0.0,,0,1,0,0.0,0,902,0.0,0.0,0,0.0,105
P4b0ccf34e0,0,0.0,0,0.0,0,0.0,0,0.0,1,1,3.413,0,0.0,0,0.0,0,0.0,0,0.0,0,0.0,0,0.0,0,0.0,0,0.0,0,0.0,,0,1,0,0.0,0,2476,0.0,0.0,0,0.0,293
P4b1ba6339f,0,0.0,1,2.294,0,0.0,2,4.587,1,2,4.587,0,0.0,0,0.0,0,0.0,0,0.0,0,0.0,2,4.587,6,13.761,0,0.0,0,0.0,,1,2,3,6.881,0,3109,0.0,0.667,1,2.294,436
P4b46fb5c89,0,0.0,1,2.833,0,0.0,0,0.0,1,2,5.666,1,2.833,0,0.0,0,0.0,0,0.0,1,2.833,1,2.833,6,16.997,0,0.0,0,0.0,,9,5,5,14.164,0,5688,0.0,0.5,0,0.0,353
P4b59f5fe56,2,2.296,0,0.0,0,0.0,3,3.444,1,1,1.148,0,0.0,0,0.0,0,0.0,0,0.0,0,0.0,1,1.148,1,1.148,0,0.0,0,0.0,,27,6,0,0.0,0,13520,0.0,0.25,0,0.0,871
P4b5f95e771,0,0.0,0,0.0,0,0.0,0,0.0,1,0,0.0,0,0.0,0,0.0,5,13.928,0,0.0,0,0.0,2,5.571,0,0.0,0,0.0,1,2.786,,8,5,1,2.786,0,5534,0.0,0.0,0,0.0,359
P4b73f3a250,1,1.381,0,0.0,0,0.0,5,6.906,1,4,5.525,2,2.762,0,0.0,0,0.0,0,0.0,0,0.0,7,9.669,1,1.381,0,0.0,0,0.0,,19,7,5,6.906,0,12736,0.0,0.25,1,5.525,724
P4b7967ab2f,0,0.0,0,0.0,0,0.0,1,2.857,1,0,0.0,0,0.0,0,0.0,0,0.0,0,0.0,0,0.0,0,0.0,0,0.0,0,0.0,0,0.0,,13,6,3,8.571,0,6482,0.0,0.0,1,5.714,350
P4b8155700b,0,0.0,1,9.709,1,9.709,0,0.0,1,2,19.417,0,0.0,0,0.0,0,0.0,0,0.0,0,0.0,0,0.0,1,9.709,0,0.0,0,0.0,,0,1,0,0.0,0,1210,0.0,0.25,0,0.0,103
P4bb660105c,,,,,,,,,0,,,,,,,,,,,,,,,,,,,,,,,,,,,,,,,,
P4bbcd3bc18,0,0.0,0,0.0,0,0.0,5,11.062,1,2,4.425,0,0.0,0,0.0,0,0.0,0,0.0,0,0.0,1,2.212,4,8.85,1,6.637,0,0.0,,11,6,0,0.0,0,8375,0.0,0.571,1,4.425,452
P4bc4764e2a,1,1.789,0,0.0,0,0.0,1,1.789,1,1,1.789,0,0.0,0,0.0,0,0.0,0,0.0,5,8.945,0,0.0,6,10.733,0,0.0,1,1.789,,15,5,0,0.0,0,8572,0.0,0.071,0,0.0,559
P4bd2cd3d34,1,1.724,1,1.724,0,0.0,1,1.724,1,3,5.172,0,0.0,0,0.0,0,0.0,1,1.724,0,0.0,2,3.448,9,15.517,0,0.0,1,5.172,,27,7,2,3.448,0,9686,0.0,0.75,0,0.0,580
P4c416f9cab,,,,,,,,,0,,,,,,,,,,,,,,,,,,,,,,,,,,,,,,,,
P4c4f563b8c,0,0.0,1,0.244,0,0.0,6,1.467,1,28,6.844,3,0.733,0,0.0,0,0.0,0,0.0,0,0.0,1,0.244,62,15.155,0,0.0,1,0.244,,49,19,22,5.378,0,41975,0.0,0.954,0,0.0,4091
P4cd866005e,,,,,,,,,0,,,,,,,,,,,,,,,,,,,,,,,,,,,,,,,,
P4d03279429,0,0.0,1,2.342,0,0.0,0,0.0,1,1,2.342,0,0.0,0,0.0,0,0.0,0,0.0,0,0.0,1,2.342,2,4.684,0,0.0,0,0.0,,7,4,2,4.684,0,5561,0.0,0.4,0,0.0,427
P4d044e6517,,,,,,,,,0,,,,,,,,,,,,,,,,,,,,,,,,,,,,,,,,
P4d2e34ba12,0,0.0,0,0.0,0,0.0,0,0.0,1,2,3.284,0,0.0,0,0.0,4,6.568,0,0.0,1,1.642,0,0.0,3,4.926,0,0.0,0,0.0,,11,6,4,6.568,0,7069,0.0,0.286,0,0.0,609
P4d2f3d5dbd,0,0.0,0,0.0,0,0.0,1,4.202,1,0,0.0,0,0.0,0,0.0,0,0.0,0,0.0,0,0.0,0,0.0,2,8.403,0,0.0,0,0.0,,2,4,0,0.0,0,2781,0.0,0.4,0,0.0,238
P4d8e3ba87c,,,,,,,,,0,,,,,,,,,,,,,,,,,,,,,,,,,,,,,,,,
P4da2c7e178,,,,,,,,,0,,,,,,,,,,,,,,,,,,,,,,,,,,,,,,,,
P4dc7399d2c,,,,,,,,,0,,,,,,,,,,,,,,,,,,,,,,,,,,,,,,,,
P4e09db2338,0,0.0,0,0.0,0,0.0,2,5.376,1,8,21.505,0,0.0,0,0.0,3,8.065,0,0.0,0,0.0,3,8.065,3,8.065,0,0.0,0,0.0,,14,5,2,5.376,0,8185,0.0,0.5,1,2.688,372
P4e0fbd7a78,1,3.236,0,0.0,0,0.0,1,3.236,1,1,3.236,0,0.0,0,0.0,0,0.0,0,0.0,0,0.0,0,0.0,3,9.709,0,0.0,1,3.236,,2,1,0,0.0,0,3116,0.0,0.5,0,0.0,309
P4e35bd6add,0,0.0,0,0.0,1,3.279,0,0.0,1,1,3.279,2,6.557,0,0.0,4,13.115,0,0.0,0,0.0,0,0.0,1,3.279,1,3.279,1,3.279,,10,8,1,3.279,0,6405,0.0,0.25,1,3.279,305
P4e4e438f6e,0,0.0,2,3.448,0,0.0,1,1.724,1,1,1.724,0,0.0,0,0.0,4,6.897,0,0.0,0,0.0,0,0.0,1,1.724,0,0.0,0,0.0,,17,6,0,0.0,0,8925,0.0,0.25,1,1.724,580
P4e8883caf8,2,2.472,0,0.0,0,0.0,0,0.0,1,4,4.944,0,0.0,0,0.0,0,0.0,0,0.0,1,1.236,2,2.472,3,3.708,0,0.0,1,1.236,,34,10,0,0.0,0,16743,0.0,0.286,1,3.708,809
P4eb309e8f6,,,,,,,,,0,,,,,,,,,,,,,,,,,,,,,,,,,,,,,,,,
P4ebfdd4833,0,0.0,0,0.0,0,0.0,1,3.663,1,0,0.0,0,0.0,0,0.0,0,0.0,0,0.0,0,0.0,1,3.663,0,0.0,0,0.0,0,0.0,,6,7,2,7.326,0,5063,0.0,0.0,0,0.0,273
P4ec4ee54f1,0,0.0,0,0.0,0,0.0,1,1.159,1,7,8.111,0,0.0,0,0.0,2,2.317,0,0.0,0,0.0,1,1.159,11,12.746,1,2.317,0,0.0,,28,7,6,6.952,0,15194,0.0,0.786,0,0.0,863
P4ec69893f6,1,1.58,0,0.0,0,0.0,0,0.0,1,3,4.739,0,0.0,0,0.0,5,7.899,0,0.0,0,0.0,0,0.0,3,4.739,0,0.0,0,0.0,,16,10,0,0.0,0,8393,0.0,0.5,0,0.0,633
P4f181909b7,6,2.594,5,2.162,2,0.865,8,3.459,1,19,8.214,0,0.0,0,0.0,4,1.729,0,0.0,4,1.729,28,12.105,25,10.808,0,0.0,1,0.432,,109,9,3,1.297,1,39269,0.432,0.656,0,0.0,2313
P4f47ca7b5d,0,0.0,0,0.0,0,0.0,0,0.0,1,3,11.236,0,0.0,0,0.0,0,0.0,0,0.0,0,0.0,0,0.0,3,11.236,0,0.0,0,0.0,,0,3,0,0.0,0,2654,0.0,0.5,0,0.0,267
P4f7ec9f72f,,,,,,,,,0,,,,,,,,,,,,,,,,,,,,,,,,,,,,,,,,
P4f854a47d9,0,0.0,2,3.333,0,0.0,2,3.333,1,1,1.667,0,0.0,0,0.0,4,6.667,1,3.333,0,0.0,2,3.333,2,3.333,0,0.0,1,8.333,,17,8,1,1.667,0,9355,0.0,0.4,0,0.0,600
P4f8c953cc8,,,,,,,,,0,,,,,,,,,,,,,,,,,,,,,,,,,,,,,,,,
P502aba077e,1,2.227,0,0.0,0,0.0,3,6.682,1,1,2.227,0,0.0,0,0.0,0,0.0,0,0.0,0,0.0,0,0.0,2,4.454,0,0.0,0,0.0,,5,4,0,0.0,0,4254,0.0,0.4,1,2.227,449
P50c2524b85,0,0.0,0,0.0,0,0.0,1,1.447,1,3,4.342,0,0.0,0,0.0,3,4.342,0,0.0,1,1.447,7,10.13,2,2.894,0,0.0,0,0.0,,15,6,1,1.447,0,9188,0.0,0.167,1,1.447,691
P50ca99530f,2,1.246,1,0.623,2,1.246,2,1.246,1,4,2.492,1,0.623,1,0.623,0,0.0,0,0.0,1,0.623,2,1.246,7,4.361,0,0.0,0,0.0,,69,5,2,1.246,0,22607,0.0,0.545,1,0.623,1605
P51a666d7f5,,,,,,,,,0,,,,,,,,,,,,,,,,,,,,,,,,,,,,,,,,
P51e5ade0ce,1,0.929,2,1.857,0,0.0,3,2.786,1,7,6.5,5,4.643,0,0.0,0,0.0,0,0.0,1,0.929,9,8.357,6,5.571,0,0.0,1,0.929,,42,10,1,0.929,0,20206,0.0,0.5,0,0.0,1077
P51f87bc5f4,0,0.0,1,1.167,0,0.0,18,21.004,1,3,3.501,0,0.0,0,0.0,0,0.0,0,0.0,1,1.167,8,9.335,14,16.336,0,0.0,0,0.0,,8,8,5,5.834,0,7967,0.0,0.722,0,0.0,857
P521ea871d2,0,0.0,0,0.0,0,0.0,0,0.0,1,3,3.896,0,0.0,0,0.0,0,0.0,0,0.0,0,0.0,2,2.597,6,7.792,0,0.0,0,0.0,,11,5,2,2.597,0,9600,0.0,0.667,0,0.0,770
P523c5eb5e6,0,0.0,0,0.0,0,0.0,2,4.348,1,10,21.739,0,0.0,0,0.0,8,17.391,0,0.0,0,0.0,1,2.174,3,6.522,1,6.522,0,0.0,,9,8,2,4.348,0,7680,0.0,0.5,1,2.174,460
P523c7506e7,0,0.0,0,0.0,0,0.0,2,6.431,1,5,16.077,0,0.0,0,0.0,0,0.0,0,0.0,0,0.0,0,0.0,4,12.862,1,6.431,0,0.0,,13,7,1,3.215,0,5873,0.0,0.571,1,3.215,311
P5246294b22,,,,,,,,,0,,,,,,,,,,,,,,,,,,,,,,,,,,,,,,,,
P5277c76d51,0,0.0,2,1.007,0,0.0,16,8.052,1,4,2.013,3,1.51,0,0.0,26,13.085,0,0.0,1,0.503,1,0.503,8,4.026,0,0.0,1,0.503,,59,17,2,1.007,0,28320,0.0,0.583,0,0.0,1987
P52ae6ebde1,,,,,,,,,0,,,,,,,,,,,,,,,,,,,,,,,,,,,,,,,,
P52af59d765,,,,,,,,,0,,,,,,,,,,,,,,,,,,,,,,,,,,,,,,,,
P52c65c114a,0,0.0,0,0.0,0,0.0,0,0.0,1,1,2.817,2,5.634,0,0.0,0,0.0,0,0.0,0,0.0,5,14.085,0,0.0,0,0.0,1,2.817,,7,4,0,0.0,0,4236,0.0,0.0,0,0.0,355
P52f9046b71,0,0.0,0,0.0,1,0.978,3,2.935,1,24,23.483,0,0.0,0,0.0,2,1.957,0,0.0,1,0.978,6,5.871,8,7.828,1,0.978,0,0.0,,14,6,4,3.914,0,10489,0.0,0.583,1,0.978,1022
P5303425662,,,,,,,,,0,,,,,,,,,,,,,,,,,,,,,,,,,,,,,,,,
P53313a94c2,,,,,,,,,0,,,,,,,,,,,,,,,,,,,,,,,,,,,,,,,,
P53502448c1,0,0.0,2,1.504,0,0.0,24,18.045,1,11,8.271,0,0.0,0,0.0,0,0.0,0,0.0,0,0.0,2,1.504,14,10.526,0,0.0,0,0.0,,6,8,2,1.504,0,11394,0.0,0.824,0,0.0,1330
P5351e63d76,1,1.299,0,0.0,0,0.0,2,2.597,1,25,32.468,0,0.0,0,0.0,1,1.299,0,0.0,0,0.0,7,9.091,9,11.688,0,0.0,0,0.0,,22,6,0,0.0,0,12103,0.0,0.75,0,0.0,770
P539180f113,,,,,,,,,0,,,,,,,,,,,,,,,,,,,,,,,,,,,,,,,,
P53d139a0c8,0,0.0,0,0.0,0,0.0,1,1.541,1,3,4.622,5,7.704,0,0.0,0,0.0,0,0.0,0,0.0,1,1.541,4,6.163,1,4.622,0,0.0,,20,7,2,3.082,0,12836,0.0,0.571,1,3.082,649
P53f54898a1,0,0.0,0,0.0,0,0.0,3,5.146,1,4,6.861,0,0.0,0,0.0,10,17.153,0,0.0,0,0.0,1,1.715,5,8.576,0,0.0,0,0.0,,10,10,0,0.0,0,7651,0.0,0.625,0,0.0,583
P53f786523f,0,0.0,0,0.0,0,0.0,3,2.224,1,0,0.0,0,0.0,0,0.0,9,6.672,0,0.0,0,0.0,6,4.448,4,2.965,0,0.0,1,0.741,,30,13,1,0.741,0,17296,0.0,0.571,0,0.0,1349
P540f972282,,,,,,,,,0,,,,,,,,,,,,,,,,,,,,,,,,,,,,,,,,
P54240b8a24,0,0.0,0,0.0,0,0.0,0,0.0,1,0,0.0,0,0.0,0,0.0,0,0.0,0,0.0,3,4.63,0,0.0,4,6.173,0,0.0,1,3.086,,12,9,10,15.432,0,7751,0.0,0.1,1,3.086,648
P544c115a68,,,,,,,,,0,,,,,,,,,,,,,,,,,,,,,,,,,,,,,,,,
P544e2d56ac,,,,,,,,,0,,,,,,,,,,,,,,,,,,,,,,,,,,,,,,,,
P5480a34012,0,0.0,0,0.0,0,0.0,3,3.958,1,6,7.916,0,0.0,0,0.0,9,11.873,0,0.0,0,0.0,3,3.958,2,2.639,1,3.958,1,1.319,,15,9,1,1.319,0,12268,0.0,0.4,1,1.319,758
P5492e07ad3,0,0.0,0,0.0,0,0.0,3,8.043,1,5,13.405,0,0.0,0,0.0,0,0.0,0,0.0,0,0.0,1,2.681,3,8.043,0,0.0,0,0.0,,5,2,1,2.681,0,6150,0.0,0.5,0,0.0,373
P54d4de841c,2,1.626,1,0.813,0,0.0,0,0.0,1,13,10.569,0,0.0,0,0.0,15,12.195,0,0.0,1,0.813,4,3.252,11,8.943,0,0.0,0,0.0,,30,8,5,4.065,0,16969,0.0,0.667,0,0.0,1230
P54e531f2ec,0,0.0,0,0.0,0,0.0,0,0.0,1,0,0.0,0,0.0,0,0.0,0,0.0,0,0.0,0,0.0,0,0.0,0,0.0,1,5.0,0,0.0,,4,4,0,0.0,0,2126,0.0,0.0,0,0.0,200
P54e5c21a96,,,,,,,,,0,,,,,,,,,,,,,,,,,,,,,,,,,,,,,,,,
P5500e23cae,0,0.0,0,0.0,0,0.0,0,0.0,1,1,19.608,0,0.0,0,0.0,0,0.0,0,0.0,0,0.0,0,0.0,0,0.0,0,0.0,0,0.0,,0,0,0,0.0,0,450,0.0,0.0,0,0.0,51
P551a484de7,0,0.0,0,0.0,0,0.0,4,22.599,1,0,0.0,0,0.0,0,0.0,0,0.0,0,0.0,0,0.0,0,0.0,1,5.65,0,0.0,0,0.0,,8,2,0,0.0,0,3425,0.0,0.25,0,0.0,177
P552922b6fa,,,,,,,,,0,,,,,,,,,,,,,,,,,,,,,,,,,,,,,,,,
P552ea773e2,2,1.347,0,0.0,6,4.04,1,0.673,1,5,3.367,0,0.0,0,0.0,0,0.0,0,0.0,1,0.673,6,4.04,6,4.04,1,0.673,1,0.673,,21,6,2,1.347,0,13814,0.0,0.5,0,0.0,1485
P554dd6632a,,,,,,,,,0,,,,,,,,,,,,,,,,,,,,,,,,,,,,,,,,
P55d017c927,3,1.775,0,0.0,0,0.0,9,5.325,1,24,14.201,0,0.0,0,0.0,2,1.183,0,0.0,0,0.0,0,0.0,12,7.101,0,0.0,0,0.0,,41,11,4,2.367,1,22698,0.592,0.8,1,0.592,1690
P55d1c5e102,1,0.412,0,0.0,0,0.0,7,2.881,1,11,4.527,20,8.23,0,0.0,0,0.0,0,0.0,2,0.823,10,4.115,11,4.527,0,0.0,1,0.412,,145,9,8,3.292,0,54289,0.0,0.562,0,0.0,2430
P5635d18ecc,,,,,,,,,0,,,,,,,,,,,,,,,,,,,,,,,,,,,,,,,,
P563df84956,,,,,,,,,0,,,,,,,,,,,,,,,,,,,,,,,,,,,,,,,,
P5656ae84e7,,,,,,,,,0,,,,,,,,,,,,,,,,,,,,,,,,,,,,,,,,
P56746fa0a3,0,0.0,0,0.0,0,0.0,5,19.455,1,2,7.782,0,0.0,0,0.0,0,0.0,0,0.0,0,0.0,0,0.0,0,0.0,0,0.0,0,0.0,,6,4,0,0.0,0,4742,0.0,0.0,0,0.0,257
P5698276a02,0,0.0,0,0.0,0,0.0,0,0.0,1,3,5.871,0,0.0,0,0.0,4,7.828,0,0.0,0,0.0,2,3.914,3,5.871,0,0.0,1,1.957,,16,8,2,3.914,0,9782,0.0,0.5,0,0.0,511
P5699f03b57,0,0.0,0,0.0,0,0.0,1,3.215,1,3,9.646,0,0.0,0,0.0,0,0.0,0,0.0,0,0.0,0,0.0,1,3.215,1,3.215,0,0.0,,14,4,1,3.215,0,6991,0.0,0.25,1,3.215,311
P56b91ee390,0,0.0,0,0.0,0,0.0,0,0.0,1,4,11.331,0,0.0,0,0.0,20,56.657,0,0.0,0,0.0,0,0.0,3,8.499,0,0.0,0,0.0,,4,8,3,8.499,0,4682,0.0,0.5,0,0.0,353
P56bb4beeed,0,0.0,0,0.0,0,0.0,0,0.0,1,1,16.949,0,0.0,0,0.0,0,0.0,0,0.0,0,0.0,0,0.0,0,0.0,0,0.0,0,0.0,,0,1,0,0.0,0,627,0.0,0.0,0,0.0,59
P56d107e80a,0,0.0,0,0.0,0,0.0,1,2.283,1,1,2.283,4,9.132,0,0.0,0,0.0,0,0.0,0,0.0,0,0.0,6,13.699,0,0.0,0,0.0,,0,2,0,0.0,0,3826,0.0,0.667,1,2.283,438
P5705590403,0,0.0,0,0.0,0,0.0,0,0.0,1,3,8.475,0,0.0,0,0.0,0,0.0,0,0.0,0,0.0,0,0.0,1,2.825,0,0.0,0,0.0,,10,8,1,2.825,0,7257,0.0,0.25,1,2.825,354
P570dcb4282,,,,,,,,,0,,,,,,,,,,,,,,,,,,,,,,,,,,,,,,,,
P5713a8b541,1,1.019,0,0.0,0,0.0,3,3.058,1,24,24.465,0,0.0,0,0.0,1,1.019,0,0.0,0,0.0,1,1.019,13,13.252,1,1.019,0,0.0,,41,9,1,1.019,1,16711,1.019,0.812,1,1.019,981
P572a4194e6,0,0.0,0,0.0,0,0.0,0,0.0,1,3,16.575,0,0.0,0,0.0,1,5.525,0,0.0,0,0.0,0,0.0,1,5.525,0,0.0,0,0.0,,0,0,0,0.0,0,1286,0.0,0.25,0,0.0,181
P574724b2cd,,,,,,,,,0,,,,,,,,,,,,,,,,,,,,,,,,,,,,,,,,
P575f19a655,0,0.0,0,0.0,0,0.0,2,2.574,1,7,9.009,2,2.574,0,0.0,4,5.148,0,0.0,2,2.574,2,2.574,4,5.148,0,0.0,1,1.287,,15,7,1,1.287,0,10481,0.0,0.222,1,1.287,777
P57703dc960,0,0.0,0,0.0,0,0.0,0,0.0,1,0,0.0,0,0.0,0,0.0,0,0.0,0,0.0,0,0.0,1,5.263,1,5.263,0,0.0,0,0.0,,4,2,0,0.0,0,3184,0.0,0.25,0,0.0,190
P57802757ed,1,1.739,1,1.739,0,0.0,0,0.0,1,1,1.739,0,0.0,0,0.0,0,0.0,0,0.0,0,0.0,1,1.739,3,5.217,0,0.0,0,0.0,,1,5,3,5.217,0,4611,0.0,0.5,0,0.0,575
P57a6e7dc53,,,,,,,,,0,,,,,,,,,,,,,,,,,,,,,,,,,,,,,,,,
P57ab80ef44,2,1.481,0,0.0,0,0.0,7,5.185,1,15,11.111,1,0.741,0,0.0,0,0.0,0,0.0,1,0.741,5,3.704,22,16.296,1,5.926,0,0.0,,67,10,1,0.741,0,23724,0.0,0.808,1,1.481,1350
P581e368d46,0,0.0,0,0.0,0,0.0,0,0.0,1,1,2.786,0,0.0,0,0.0,0,0.0,0,0.0,0,0.0,0,0.0,2,5.571,0,0.0,0,0.0,,14,4,1,2.786,0,4640,0.0,0.4,0,0.0,359
P58407301c7,0,0.0,0,0.0,0,0.0,0,0.0,1,1,5.495,0,0.0,0,0.0,6,32.967,0,0.0,0,0.0,0,0.0,1,5.495,0,0.0,1,5.495,,7,5,0,0.0,0,4497,0.0,0.25,0,0.0,182
P5849f19551,0,0.0,0,0.0,0,0.0,0,0.0,1,1,2.591,0,0.0,0,0.0,7,18.135,0,0.0,0,0.0,0,0.0,3,7.772,0,0.0,0,0.0,,1,10,2,5.181,0,4882,0.0,0.5,0,0.0,386
P5895ae6315,,,,,,,,,0,,,,,,,,,,,,,,,,,,,,,,,,,,,,,,,,
P58e5b2eaa8,0,0.0,0,0.0,0,0.0,0,0.0,1,3,4.975,3,4.975,0,0.0,0,0.0,0,0.0,1,1.658,5,8.292,2,3.317,0,0.0,0,0.0,,11,4,2,3.317,0,7905,0.0,0.167,0,0.0,603
P5969d3ea2a,0,0.0,0,0.0,2,3.008,0,0.0,1,2,3.008,0,0.0,0,0.0,11,16.541,0,0.0,2,3.008,0,0.0,3,4.511,0,0.0,0,0.0,,24,7,0,0.0,0,8616,0.0,0.125,0,0.0,665
P597d181897,2,2.387,2,2.387,0,0.0,2,2.387,1,0,0.0,0,0.0,0,0.0,0,0.0,0,0.0,0,0.0,3,3.58,11,13.126,0,0.0,0,0.0,,6,5,13,15.513,0,7179,0.0,0.786,0,0.0,838
P59cd2b2d22,,,,,,,,,0,,,,,,,,,,,,,,,,,,,,,,,,,,,,,,,,
P5a591d3e24,2,3.15,0,0.0,0,0.0,2,3.15,1,7,11.024,0,0.0,0,0.0,7,11.024,0,0.0,1,1.575,2,3.15,2,3.15,0,0.0,1,1.575,1,17,5,0,0.0,0,12019,0.0,0.167,1,1.575,635
P5afd5b991d,,,,,,,,,0,,,,,,,,,,,,,,,,,,,,,,,,,,,,,,,,
P5be180758a,0,0.0,0,0.0,0,0.0,3,3.741,1,1,1.247,0,0.0,0,0.0,0,0.0,0,0.0,0,0.0,2,2.494,4,4.988,0,0.0,0,0.0,,12,7,5,6.234,0,9351,0.0,0.571,0,0.0,802
P5c0fad1503,,,,,,,,,0,,,,,,,,,,,,,,,,,,,,,,,,,,,,,,,,
P5c11762ec9,0,0.0,0,0.0,0,0.0,0,0.0,1,0,0.0,0,0.0,0,0.0,0,0.0,0,0.0,0,0.0,0,0.0,1,4.975,0,0.0,0,0.0,,4,6,1,4.975,0,4164,0.0,0.25,0,0.0,201
P5c19a79a93,4,1.867,1,0.467,0,0.0,7,3.268,1,19,8.87,1,0.467,0,0.0,2,0.934,0,0.0,4,1.867,13,6.069,20,9.337,0,0.0,0,0.0,,11,12,3,1.401,0,17887,0.0,0.593,1,0.934,2142
P5cba6e4b4b,0,0.0,0,0.0,0,0.0,1,3.215,1,1,3.215,0,0.0,0,0.0,0,0.0,0,0.0,0,0.0,1,3.215,2,6.431,0,0.0,0,0.0,,9,7,1,3.215,0,6917,0.0,0.4,0,0.0,311
P5cd98708f1,0,0.0,0,0.0,0,0.0,6,10.526,1,1,1.754,0,0.0,0,0.0,15,26.316,0,0.0,1,1.754,2,3.509,3,5.263,1,10.526,0,0.0,,11,7,2,3.509,0,8311,0.0,0.286,0,0.0,570
P5d0988f1e1,1,2.075,1,2.075,0,0.0,0,0.0,1,2,4.149,0,0.0,0,0.0,0,0.0,0,0.0,1,2.075,1,2.075,5,10.373,0,0.0,0,0.0,,6,3,2,4.149,0,6538,0.0,0.444,0,0.0,482
P5da3d9ffcd,1,0.479,1,0.479,3,1.437,3,1.437,1,7,3.352,1,0.479,0,0.0,5,2.395,0,0.0,0,0.0,2,0.958,3,1.437,0,0.0,0,0.0,,79,8,9,4.31,0,36250,0.0,0.5,0,0.0,2088
P5e4491e5c3,0,0.0,0,0.0,0,0.0,0,0.0,1,5,40.323,0,0.0,0,0.0,0,0.0,0,0.0,0,0.0,1,8.065,0,0.0,0,0.0,0,0.0,,0,0,0,0.0,0,934,0.0,0.0,0,0.0,124
P5e4a09f56c,1,2.252,0,0.0,1,2.252,1,2.252,1,2,4.505,1,2.252,0,0.0,0,0.0,0,0.0,1,2.252,3,6.757,3,6.757,0,0.0,0,0.0,,7,5,2,4.505,0,6348,0.0,0.286,0,0.0,444
P5e4e4a8cf1,0,0.0,0,0.0,0,0.0,0,0.0,1,10,7.53,0,0.0,0,0.0,0,0.0,0,0.0,1,0.753,0,0.0,7,5.271,0,0.0,0,0.0,,19,9,1,0.753,0,12779,0.0,0.545,0,0.0,1328
P5e50445e82,0,0.0,2,1.324,2,1.324,5,3.309,1,14,9.265,1,0.662,0,0.0,0,0.0,0,0.0,2,1.324,6,3.971,14,9.265,0,0.0,1,0.662,,36,13,1,0.662,0,20513,0.0,0.632,0,0.0,1511
P5e60e1df8d,,,,,,,,,0,,,,,,,,,,,,,,,,,,,,,,,,,,,,,,,,
P5e97ce9bc9,,,,,,,,,0,,,,,,,,,,,,,,,,,,,,,,,,,,,,,,,,
P5ea12f1777,,,,,,,,,0,,,,,,,,,,,,,,,,,,,,,,,,,,,,,,,,
P5ea8063b82,,,,,,,,,0,,,,,,,,,,,,,,,,,,,,,,,,,,,,,,,,
P5f07dfebd6,0,0.0,0,0.0,0,0.0,0,0.0,1,0,0.0,0,0.0,0,0.0,4,17.467,0,0.0,0,0.0,1,4.367,3,13.1,0,0.0,0,0.0,,8,4,2,8.734,0,3539,0.0,0.5,0,0.0,229
P5f230da818,2,4.831,3,7.246,0,0.0,0,0.0,1,2,4.831,2,4.831,0,0.0,0,0.0,0,0.0,0,0.0,0,0.0,6,14.493,0,0.0,0,0.0,,10,4,0,0.0,0,6791,0.0,0.667,0,0.0,414
P5f6276e4dd,0,0.0,0,0.0,0,0.0,0,0.0,1,4,15.625,0,0.0,0,0.0,0,0.0,0,0.0,0,0.0,0,0.0,3,11.719,0,0.0,0,0.0,,4,2,0,0.0,0,4455,0.0,0.5,0,0.0,256
P5f9ce00466,0,0.0,0,0.0,0,0.0,4,5.362,1,1,1.34,0,0.0,0,0.0,6,8.043,0,0.0,2,2.681,9,12.064,4,5.362,0,0.0,1,2.681,,18,10,3,4.021,0,11344,0.0,0.222,1,2.681,746
P5fe334203a,1,1.672,0,0.0,0,0.0,4,6.689,1,2,3.344,1,1.672,0,0.0,0,0.0,0,0.0,0,0.0,2,3.344,4,6.689,0,0.0,0,0.0,,15,9,2,3.344,0,9676,0.0,0.571,1,1.672,598
P5ff9cbca0f,0,0.0,1,1.721,0,0.0,0,0.0,1,0,0.0,0,0.0,0,0.0,20,34.423,0,0.0,0,0.0,3,5.164,4,6.885,0,0.0,0,0.0,,20,4,3,5.164,0,9557,0.0,0.571,0,0.0,581
P6031807405,,,,,,,,,0,,,,,,,,,,,,,,,,,,,,,,,,,,,,,,,,
P60425a0c89,1,3.195,0,0.0,0,0.0,0,0.0,1,0,0.0,0,0.0,0,0.0,0,0.0,0,0.0,0,0.0,0,0.0,4,12.78,0,0.0,0,0.0,,2,4,0,0.0,0,3099,0.0,0.571,0,0.0,313
P606c98790a,0,0.0,0,0.0,0,0.0,3,5.111,1,0,0.0,2,3.407,0,0.0,0,0.0,0,0.0,1,1.704,6,10.221,3,5.111,0,0.0,1,5.111,,16,7,1,1.704,0,10179,0.0,0.286,0,0.0,587
P60da7b4537,3,2.562,0,0.0,0,0.0,3,2.562,1,15,12.81,2,1.708,0,0.0,2,1.708,1,0.854,0,0.0,0,0.0,7,5.978,0,0.0,1,4.27,,41,9,2,1.708,0,25459,0.0,0.7,0,0.0,1171
P61624e71c6,1,8.065,0,0.0,4,32.258,1,8.065,1,0,0.0,0,0.0,0,0.0,0,0.0,0,0.0,0,0.0,0,0.0,0,0.0,0,0.0,0,0.0,,0,1,0,0.0,0,1053,0.0,0.0,0,0.0,124
P6187cee451,0,0.0,0,0.0,0,0.0,0,0.0,1,0,0.0,3,10.989,0,0.0,0,0.0,0,0.0,1,3.663,1,3.663,1,3.663,0,0.0,0,0.0,,10,6,0,0.0,0,6437,0.0,0.0,0,0.0,273
P61add2364f,0,0.0,5,5.587,0,0.0,2,2.235,1,3,3.352,0,0.0,0,0.0,29,32.402,0,0.0,0,0.0,3,3.352,5,5.587,0,0.0,0,0.0,,10,12,3,3.352,0,10712,0.0,0.625,0,0.0,895
P61afdc25a4,2,1.35,1,0.675,1,0.675,1,0.675,1,32,21.592,1,0.675,0,0.0,9,6.073,0,0.0,0,0.0,13,8.772,13,8.772,1,7.422,1,2.024,,48,10,1,0.675,0,27537,0.0,0.812,1,1.35,1482
P61d8f8df57,0,0.0,0,0.0,0,0.0,2,3.899,1,2,3.899,1,1.949,0,0.0,0,0.0,0,0.0,0,0.0,3,5.848,3,5.848,0,0.0,0,0.0,,13,6,8,15.595,0,9146,0.0,0.5,0,0.0,513
P620501ed0d,1,0.511,2,1.022,2,1.022,8,4.09,1,6,3.067,0,0.0,0,0.0,16,8.18,0,0.0,2,1.022,13,6.646,17,8.691,0,0.0,1,0.511,,71,9,3,1.534,0,31325,0.0,0.682,0,0.0,1956
P620c88aaa1,,,,,,,,,0,,,,,,,,,,,,,,,,,,,,,,,,,,,,,,,,
P622332ff90,0,0.0,0,0.0,0,0.0,0,0.0,1,6,12.422,0,0.0,0,0.0,0,0.0,0,0.0,0,0.0,6,12.422,8,16.563,0,0.0,0,0.0,,13,2,1,2.07,0,8100,0.0,0.727,0,0.0,483
P6232d5a44f,0,0.0,0,0.0,0,0.0,7,7.353,1,4,4.202,1,1.05,0,0.0,0,0.0,0,0.0,1,1.05,1,1.05,13,13.655,0,0.0,1,1.05,,39,8,3,3.151,0,20587,0.0,0.706,0,0.0,952
P624b2b5afe,0,0.0,1,0.986,0,0.0,1,0.986,1,2,1.972,4,3.945,0,0.0,7,6.903,0,0.0,0,0.0,2,1.972,3,2.959,1,4.931,0,0.0,,23,7,4,3.945,0,13880,0.0,0.5,0,0.0,1014
P624e80554f,,,,,,,,,0,,,,,,,,,,,,,,,,,,,,,,,,,,,,,,,,
P6258e82584,8,1.468,1,0.184,3,0.551,14,2.569,1,49,8.992,0,0.0,0,0.0,2,0.367,1,0.367,0,0.0,47,8.625,59,10.828,1,0.367,1,0.367,,249,14,11,2.019,0,98578,0.0,0.952,1,0.367,5449
P625909539a,1,5.376,1,5.376,0,0.0,0,0.0,1,0,0.0,0,0.0,0,0.0,0,0.0,1,5.376,0,0.0,0,0.0,1,5.376,1,21.505,1,10.753,,8,3,1,5.376,0,4160,0.0,0.25,0,0.0,186
P6292223fd6,,,,,,,,,0,,,,,,,,,,,,,,,,,,,,,,,,,,,,,,,,
P6294004747,,,,,,,,,0,,,,,,,,,,,,,,,,,,,,,,,,,,,,,,,,
P629d2ef8de,0,0.0,0,0.0,0,0.0,0,0.0,1,0,0.0,0,0.0,0,0.0,0,0.0,0,0.0,1,3.215,0,0.0,3,9.646,0,0.0,0,0.0,,10,6,0,0.0,0,6211,0.0,0.286,0,0.0,311
P62fd3b7dd9,,,,,,,,,0,,,,,,,,,,,,,,,,,,,,,,,,,,,,,,,,
P63014948f5,0,0.0,0,0.0,0,0.0,0,0.0,1,1,2.74,0,0.0,0,0.0,0,0.0,0,0.0,0,0.0,0,0.0,1,2.74,0,0.0,0,0.0,,11,6,1,2.74,0,7330,0.0,0.25,0,0.0,365
P63236d3a70,1,1.616,1,1.616,0,0.0,2,3.231,1,8,12.924,0,0.0,0,0.0,4,6.462,0,0.0,0,0.0,5,8.078,1,1.616,0,0.0,0,0.0,,14,8,3,4.847,0,10075,0.0,0.25,0,0.0,619
P6336d0d324,,,,,,,,,0,,,,,,,,,,,,,,,,,,,,,,,,,,,,,,,,
P634aaac9d4,,,,,,,,,0,,,,,,,,,,,,,,,,,,,,,,,,,,,,,,,,
P63a21fbef6,,,,,,,,,0,,,,,,,,,,,,,,,,,,,,,,,,,,,,,,,,
P63f00af37c,0,0.0,0,0.0,0,0.0,2,10.152,1,0,0.0,0,0.0,0,0.0,0,0.0,0,0.0,0,0.0,0,0.0,0,0.0,0,0.0,0,0.0,,5,2,0,0.0,0,3049,0.0,0.0,0,0.0,197
P641ed83c9a,0,0.0,1,1.145,0,0.0,4,4.582,1,3,3.436,6,6.873,0,0.0,0,0.0,0,0.0,1,1.145,6,6.873,3,3.436,0,0.0,1,2.291,,18,6,4,4.582,0,11509,0.0,0.286,1,1.145,873
P641f1ca8a3,0,0.0,0,0.0,0,0.0,2,18.692,1,0,0.0,0,0.0,0,0.0,0,0.0,0,0.0,0,0.0,1,9.346,0,0.0,0,0.0,0,0.0,,0,1,0,0.0,0,676,0.0,0.0,0,0.0,107
P64263ced9d,1,0.882,0,0.0,0,0.0,2,1.764,1,21,18.519,0,0.0,0,0.0,22,19.4,1,0.882,0,0.0,5,4.409,8,7.055,1,2.646,1,0.882,,45,13,5,4.409,0,21410,0.0,0.727,1,0.882,1134
P648b9117f8,,,,,,,,,0,,,,,,,,,,,,,,,,,,,,,,,,,,,,,,,,
P64adb31e4d,0,0.0,0,0.0,0,0.0,1,2.469,1,0,0.0,0,0.0,0,0.0,11,27.16,0,0.0,0,0.0,0,0.0,1,2.469,0,0.0,0,0.0,,7,4,0,0.0,0,5328,0.0,0.25,0,0.0,405
P64b1bc7766,,,,,,,,,0,,,,,,,,,,,,,,,,,,,,,,,,,,,,,,,,
P6525188e53,0,0.0,0,0.0,0,0.0,0,0.0,1,1,2.899,1,2.899,0,0.0,0,0.0,0,0.0,0,0.0,0,0.0,1,2.899,0,0.0,0,0.0,,2,4,1,2.899,0,3548,0.0,0.25,0,0.0,345
P6547eb6540,,,,,,,,,0,,,,,,,,,,,,,,,,,,,,,,,,,,,,,,,,
P655613d84a,1,1.748,1,1.748,0,0.0,0,0.0,1,0,0.0,2,3.497,0,0.0,0,0.0,0,0.0,0,0.0,0,0.0,1,1.748,0,0.0,1,1.748,,28,5,0,0.0,0,7733,0.0,0.25,1,1.748,572
P6565076e45,,,,,,,,,0,,,,,,,,,,,,,,,,,,,,,,,,,,,,,,,,
P659b205e3c,3,1.451,3,1.451,8,3.87,2,0.968,1,13,6.289,4,1.935,0,0.0,0,0.0,0,0.0,1,0.484,4,1.935,14,6.773,0,0.0,1,1.451,,84,15,9,4.354,0,40967,0.0,0.722,1,1.451,2067
P65b97df144,0,0.0,0,0.0,0,0.0,2,3.968,1,5,9.921,1,1.984,0,0.0,12,23.81,1,1.984,0,0.0,1,1.984,1,1.984,1,7.937,1,3.968,,28,6,0,0.0,0,15116,0.0,0.25,0,0.0,504
P65db320efe,,,,,,,,,0,,,,,,,,,,,,,,,,,,,,,,,,,,,,,,,,
P664a2ede66,0,0.0,0,0.0,0,0.0,3,3.58,1,14,16.706,0,0.0,0,0.0,0,0.0,0,0.0,1,1.193,3,3.58,5,5.967,0,0.0,1,2.387,,30,9,5,5.967,0,16961,0.0,0.444,0,0.0,838
P6680e3073f,0,0.0,1,1.517,0,0.0,6,9.105,1,10,15.175,1,1.517,0,0.0,0,0.0,0,0.0,0,0.0,1,1.517,8,12.14,0,0.0,1,4.552,,18,8,1,1.517,0,11378,0.0,0.727,0,0.0,659
P675a30c147,,,,,,,,,0,,,,,,,,,,,,,,,,,,,,,,,,,,,,,,,,
P6786e0dd88,0,0.0,0,0.0,0,0.0,1,1.623,1,2,3.247,4,6.494,0,0.0,0,0.0,0,0.0,1,1.623,0,0.0,2,3.247,0,0.0,0,0.0,,11,5,0,0.0,0,8932,0.0,0.167,0,0.0,616
P679159f4f1,,,,,,,,,0,,,,,,,,,,,,,,,,,,,,,,,,,,,,,,,,
P679974836f,0,0.0,0,0.0,0,0.0,1,2.994,1,4,11.976,0,0.0,0,0.0,0,0.0,0,0.0,0,0.0,2,5.988,2,5.988,0,0.0,1,5.988,,9,5,1,2.994,0,6154,0.0,0.4,1,2.994,334
P67b7122a99,,,,,,,,,0,,,,,,,,,,,,,,,,,,,,,,,,,,,,,,,,
P67cf99c3eb,0,0.0,0,0.0,0,0.0,0,0.0,1,1,3.185,0,0.0,0,0.0,0,0.0,0,0.0,0,0.0,2,6.369,3,9.554,1,6.369,0,0.0,,4,4,1,3.185,0,4433,0.0,0.5,1,3.185,314
P67d2056db6,0,0.0,1,1.818,0,0.0,3,5.455,1,6,10.909,0,0.0,0,0.0,0,0.0,0,0.0,1,1.818,3,5.455,5,9.091,0,0.0,0,0.0,,9,9,0,0.0,0,6416,0.0,0.444,0,0.0,550
P67ee7c4408,2,14.388,0,0.0,0,0.0,2,14.388,1,1,7.194,0,0.0,0,0.0,0,0.0,0,0.0,0,0.0,0,0.0,1,7.194,0,0.0,0,0.0,,0,1,0,0.0,0,880,0.0,0.25,0,0.0,139
P6876f611cb,0,0.0,0,0.0,0,0.0,0,0.0,1,0,0.0,0,0.0,0,0.0,0,0.0,0,0.0,0,0.0,0,0.0,0,0.0,0,0.0,0,0.0,,0,0,0,0.0,0,6394,0.0,0.0,0,0.0,1
P688b157768,0,0.0,0,0.0,1,2.392,1,2.392,1,5,11.962,3,7.177,0,0.0,0,0.0,0,0.0,0,0.0,0,0.0,1,2.392,0,0.0,0,0.0,,7,4,0,0.0,0,5352,0.0,0.25,0,0.0,418
P68ff50da96,0,0.0,0,0.0,0,0.0,2,7.843,1,6,23.529,0,0.0,0,0.0,0,0.0,0,0.0,0,0.0,0,0.0,1,3.922,1,15.686,0,0.0,,9,6,0,0.0,0,5069,0.0,0.25,0,0.0,255
P690d8b352a,,,,,,,,,0,,,,,,,,,,,,,,,,,,,,,,,,,,,,,,,,
P6950e00d3b,0,0.0,0,0.0,0,0.0,0,0.0,1,0,0.0,0,0.0,0,0.0,0,0.0,0,0.0,1,5.525,0,0.0,0,0.0,0,0.0,0,0.0,,0,1,0,0.0,0,1645,0.0,-0.25,0,0.0,181
P69549f38f2,1,1.613,1,1.613,1,1.613,0,0.0,1,1,1.613,0,0.0,0,0.0,3,4.839,0,0.0,1,1.613,0,0.0,3,4.839,1,3.226,0,0.0,,19,9,1,1.613,0,11380,0.0,0.286,0,0.0,620
P69d740b582,,,,,,,,,0,,,,,,,,,,,,,,,,,,,,,,,,,,,,,,,,
P69e13b90fc,0,0.0,0,0.0,0,0.0,2,1.57,1,20,15.699,0,0.0,0,0.0,2,1.57,0,0.0,0,0.0,3,2.355,7,5.495,0,0.0,1,1.57,,23,8,7,5.495,0,15134,0.0,0.7,0,0.0,1274
P69f4c7679c,0,0.0,2,3.04,0,0.0,1,1.52,1,8,12.158,3,4.559,0,0.0,0,0.0,0,0.0,0,0.0,3,4.559,1,1.52,0,0.0,0,0.0,,13,6,6,9.119,0,10169,0.0,0.25,1,1.52,658
P6a22b03d03,2,3.2,0,0.0,0,0.0,0,0.0,1,8,12.8,2,3.2,0,0.0,0,0.0,0,0.0,0,0.0,4,6.4,11,17.6,0,0.0,0,0.0,,1,4,1,1.6,0,4537,0.0,0.786,0,0.0,625
P6a23d47737,0,0.0,0,0.0,0,0.0,0,0.0,1,4,9.39,0,0.0,0,0.0,0,0.0,0,0.0,0,0.0,0,0.0,1,2.347,0,0.0,0,0.0,,8,8,2,4.695,0,7205,0.0,0.25,0,0.0,426
P6a5f6ac2d8,0,0.0,0,0.0,0,0.0,2,6.78,1,6,20.339,0,0.0,0,0.0,0,0.0,0,0.0,0,0.0,3,10.169,2,6.78,0,0.0,0,0.0,,9,6,0,0.0,0,6598,0.0,0.4,0,0.0,295
P6ab3598ab0,0,0.0,0,0.0,0,0.0,0,0.0,1,0,0.0,0,0.0,0,0.0,0,0.0,0,0.0,0,0.0,3,15.789,0,0.0,0,0.0,0,0.0,,4,2,1,5.263,0,3001,0.0,0.0,0,0.0,190
P6b0e9b0b2a,,,,,,,,,0,,,,,,,,,,,,,,,,,,,,,,,,,,,,,,,,
P6b4a74f110,0,0.0,0,0.0,0,0.0,0,0.0,1,3,6.369,1,2.123,0,0.0,0,0.0,0,0.0,0,0.0,4,8.493,4,8.493,0,0.0,0,0.0,,21,7,2,4.246,0,12684,0.0,0.571,0,0.0,471
P6c17983aad,,,,,,,,,0,,,,,,,,,,,,,,,,,,,,,,,,,,,,,,,,
P6c859977a5,0,0.0,0,0.0,0,0.0,0,0.0,1,1,4.762,0,0.0,0,0.0,0,0.0,1,4.762,0,0.0,0,0.0,0,0.0,0,0.0,1,9.524,,4,2,2,9.524,0,4537,0.0,0.0,0,0.0,210
P6cee28a4f3,,,,,,,,,0,,,,,,,,,,,,,,,,,,,,,,,,,,,,,,,,
P6d3c0c239e,,,,,,,,,0,,,,,,,,,,,,,,,,,,,,,,,,,,,,,,,,
P6d4d3ba13b,0,0.0,0,0.0,0,0.0,0,0.0,1,6,24.194,0,0.0,0,0.0,0,0.0,0,0.0,0,0.0,0,0.0,2,8.065,0,0.0,0,0.0,,6,2,3,12.097,0,3645,0.0,0.4,0,0.0,248
P6dc3d3ca5e,,,,,,,,,0,,,,,,,,,,,,,,,,,,,,,,,,,,,,,,,,
P6ddd309f80,0,0.0,0,0.0,0,0.0,0,0.0,1,1,1.789,0,0.0,0,0.0,11,19.678,0,0.0,0,0.0,2,3.578,2,3.578,0,0.0,0,0.0,,7,9,0,0.0,0,6238,0.0,0.4,0,0.0,559
P6dfb5df5c6,0,0.0,0,0.0,0,0.0,1,3.636,1,2,7.273,1,3.636,0,0.0,0,0.0,0,0.0,0,0.0,0,0.0,1,3.636,0,0.0,0,0.0,,3,1,2,7.273,0,2545,0.0,0.25,0,0.0,275
P6e49424689,,,,,,,,,0,,,,,,,,,,,,,,,,,,,,,,,,,,,,,,,,
P6e6444ed0f,,,,,,,,,0,,,,,,,,,,,,,,,,,,,,,,,,,,,,,,,,
P6e67770ba5,0,0.0,0,0.0,0,0.0,2,3.571,1,5,8.929,0,0.0,0,0.0,0,0.0,0,0.0,0,0.0,2,3.571,1,1.786,1,7.143,0,0.0,,9,7,2,3.571,0,9330,0.0,0.25,1,7.143,560
P6e7d02b021,1,0.759,0,0.0,0,0.0,4,3.037,1,32,24.298,0,0.0,0,0.0,0,0.0,0,0.0,0,0.0,21,15.945,23,17.464,0,0.0,1,0.759,3,64,7,1,0.759,0,32774,0.0,0.885,1,0.759,1317
P6f1d3c64d2,0,0.0,0,0.0,0,0.0,0,0.0,1,0,0.0,0,0.0,0,0.0,4,8.032,0,0.0,0,0.0,2,4.016,2,4.016,0,0.0,0,0.0,,7,7,2,4.016,0,6288,0.0,0.4,0,0.0,498
P6f36cd1fed,1,2.217,0,0.0,1,2.217,0,0.0,1,4,8.869,0,0.0,0,0.0,0,0.0,0,0.0,0,0.0,0,0.0,4,8.869,0,0.0,0,0.0,,21,5,0,0.0,0,5417,0.0,0.571,0,0.0,451
P6f3dd59527,2,10.256,0,0.0,0,0.0,1,5.128,1,1,5.128,0,0.0,0,0.0,0,0.0,0,0.0,0,0.0,2,10.256,1,5.128,0,0.0,1,5.128,,0,0,0,0.0,0,1490,0.0,0.25,0,0.0,195
P6f43cf2ee3,0,0.0,1,1.372,0,0.0,0,0.0,1,8,10.974,0,0.0,0,0.0,0,0.0,1,1.372,0,0.0,8,10.974,2,2.743,0,0.0,1,1.372,,9,5,1,1.372,0,9109,0.0,0.4,0,0.0,729
P6f59c256f3,,,,,,,,,0,,,,,,,,,,,,,,,,,,,,,,,,,,,,,,,,
P6f92e02de4,0,0.0,0,0.0,0,0.0,0,0.0,1,1,2.865,0,0.0,0,0.0,0,0.0,0,0.0,0,0.0,1,2.865,1,2.865,0,0.0,0,0.0,,4,4,1,2.865,0,4333,0.0,0.25,0,0.0,349
P6f990ff013,0,0.0,0,0.0,3,4.121,2,2.747,1,12,16.484,0,0.0,0,0.0,3,4.121,0,0.0,0,0.0,2,2.747,7,9.615,0,0.0,1,2.747,,15,6,1,1.374,0,8262,0.0,0.7,0,0.0,728
P6fd4123c4d,0,0.0,0,0.0,1,1.684,0,0.0,1,1,1.684,0,0.0,0,0.0,0,0.0,0,0.0,1,1.684,1,1.684,3,5.051,0,0.0,0,0.0,,3,5,6,10.101,0,5308,0.0,0.286,0,0.0,594
P6ff85cb7e1,0,0.0,0,0.0,1,5.525,0,0.0,1,0,0.0,0,0.0,0,0.0,0,0.0,0,0.0,0,0.0,0,0.0,0,0.0,0,0.0,0,0.0,,1,1,0,0.0,0,2400,0.0,0.0,1,5.525,181
P701bdb09e4,0,0.0,0,0.0,0,0.0,1,6.579,1,1,6.579,0,0.0,0,0.0,0,0.0,0,0.0,0,0.0,0,0.0,0,0.0,0,0.0,0,0.0,,1,2,0,0.0,0,1604,0.0,0.0,0,0.0,152
P704a5fd478,,,,,,,,,0,,,,,,,,,,,,,,,,,,,,,,,,,,,,,,,,
P7070c905f3,0,0.0,3,7.653,1,2.551,0,0.0,1,1,2.551,0,0.0,0,0.0,0,0.0,0,0.0,0,0.0,1,2.551,4,10.204,0,0.0,0,0.0,,10,5,0,0.0,0,5084,0.0,0.571,0,0.0,392
P7072c546bd,0,0.0,0,0.0,0,0.0,0,0.0,1,0,0.0,0,0.0,0,0.0,0,0.0,0,0.0,0,0.0,0,0.0,1,5.525,0,0.0,0,0.0,,0,4,3,16.575,0,2060,0.0,0.25,0,0.0,181
P7075ac01b8,0,0.0,0,0.0,0,0.0,0,0.0,1,1,3.597,0,0.0,0,0.0,0,0.0,0,0.0,0,0.0,2,7.194,1,3.597,0,0.0,0,0.0,,11,4,1,3.597,0,6029,0.0,0.25,0,0.0,278
P70aaa5fb09,1,5.435,0,0.0,0,0.0,1,5.435,1,1,5.435,0,0.0,0,0.0,0,0.0,0,0.0,0,0.0,0,0.0,1,5.435,0,0.0,0,0.0,,3,2,0,0.0,0,3713,0.0,0.25,0,0.0,184
P70be92ee2a,,,,,,,,,0,,,,,,,,,,,,,,,,,,,,,,,,,,,,,,,,
P70ecb2ee9d,,,,,,,,,0,,,,,,,,,,,,,,,,,,,,,,,,,,,,,,,,
P70fa3dc827,0,0.0,0,0.0,0,0.0,2,2.436,1,13,15.834,0,0.0,0,0.0,17,20.706,0,0.0,0,0.0,4,4.872,7,8.526,1,13.398,0,0.0,,18,8,4,4.872,0,13149,0.0,0.7,0,0.0,821
P70fe638043,0,0.0,0,0.0,0,0.0,0,0.0,1,6,13.363,0,0.0,0,0.0,0,0.0,0,0.0,1,2.227,1,2.227,3,6.682,0,0.0,0,0.0,,17,5,0,0.0,0,7514,0.0,0.286,1,2.227,449
P711641b36d,0,0.0,0,0.0,0,0.0,3,9.524,1,1,3.175,1,3.175,0,0.0,5,15.873,0,0.0,1,3.175,0,0.0,0,0.0,0,0.0,0,0.0,,5,5,1,3.175,0,3663,0.0,-0.25,0,0.0,315
P714602a9aa,0,0.0,0,0.0,1,1.2,1,1.2,1,9,10.804,0,0.0,0,0.0,0,0.0,0,0.0,0,0.0,3,3.601,7,8.403,0,0.0,0,0.0,,26,7,2,2.401,0,15031,0.0,0.7,0,0.0,833
P71645345d7,,,,,,,,,0,,,,,,,,,,,,,,,,,,,,,,,,,,,,,,,,
P716f6175e4,0,0.0,0,0.0,0,0.0,5,6.527,1,12,15.666,5,6.527,0,0.0,5,6.527,0,0.0,0,0.0,6,7.833,5,6.527,0,0.0,1,1.305,,23,11,0,0.0,0,14629,0.0,0.625,0,0.0,766
P71b16faf7a,0,0.0,0,0.0,0,0.0,0,0.0,1,8,29.197,0,0.0,0,0.0,0,0.0,0,0.0,0,0.0,1,3.65,0,0.0,0,0.0,0,0.0,,9,2,2,7.299,0,4601,0.0,0.0,0,0.0,274
P71d533551f,,,,,,,,,0,,,,,,,,,,,,,,,,,,,,,,,,,,,,,,,,
P71f8c1b48d,0,0.0,0,0.0,0,0.0,0,0.0,1,0,0.0,0,0.0,0,0.0,1,4.202,1,4.202,0,0.0,0,0.0,0,0.0,0,0.0,1,8.403,,5,5,2,8.403,0,3120,0.0,0.0,0,0.0,238
P7200ebcdd8,0,0.0,0,0.0,0,0.0,3,6.726,1,3,6.726,0,0.0,0,0.0,4,8.969,0,0.0,2,4.484,0,0.0,3,6.726,0,0.0,0,0.0,,16,6,1,2.242,0,8986,0.0,0.125,0,0.0,446
P721d8fa8f9,2,4.386,0,0.0,0,0.0,0,0.0,1,2,4.386,4,8.772,0,0.0,0,0.0,0,0.0,0,0.0,4,8.772,2,4.386,0,0.0,1,2.193,,12,8,3,6.579,0,8854,0.0,0.4,0,0.0,456
P7222e0f90b,3,7.026,0,0.0,0,0.0,0,0.0,1,1,2.342,0,0.0,0,0.0,7,16.393,1,2.342,0,0.0,0,0.0,2,4.684,0,0.0,1,7.026,,10,7,0,0.0,1,6224,2.342,0.4,0,0.0,427
P722aa856f7,1,0.436,0,0.0,0,0.0,1,0.436,1,23,10.039,0,0.0,1,0.436,5,2.182,0,0.0,1,0.436,0,0.0,30,13.095,1,3.055,0,0.0,,9,8,7,3.055,0,16589,0.0,0.853,1,0.873,2291
P7235c3ea4e,0,0.0,0,0.0,0,0.0,0,0.0,1,0,0.0,0,0.0,0,0.0,13,24.074,0,0.0,0,0.0,0,0.0,4,7.407,0,0.0,1,1.852,,17,7,1,1.852,0,9996,0.0,0.571,0,0.0,540
P737b0588be,0,0.0,0,0.0,0,0.0,2,4.866,1,2,4.866,3,7.299,0,0.0,0,0.0,0,0.0,0,0.0,3,7.299,0,0.0,0,0.0,0,0.0,,12,7,2,4.866,0,8001,0.0,0.0,0,0.0,411
P74240d498b,0,0.0,1,1.52,1,1.52,4,6.079,1,8,12.158,0,0.0,0,0.0,4,6.079,0,0.0,0,0.0,4,6.079,6,9.119,1,6.079,1,1.52,,16,8,1,1.52,0,11397,0.0,0.667,1,3.04,658
P749792a28d,0,0.0,1,2.882,0,0.0,0,0.0,1,2,5.764,0,0.0,0,0.0,0,0.0,0,0.0,0,0.0,2,5.764,2,5.764,0,0.0,0,0.0,,8,3,1,2.882,0,4454,0.0,0.4,0,0.0,347
P74ab2a2c37,,,,,,,,,0,,,,,,,,,,,,,,,,,,,,,,,,,,,,,,,,
P74b71b0d31,,,,,,,,,0,,,,,,,,,,,,,,,,,,,,,,,,,,,,,,,,
P74b9613d69,,,,,,,,,0,,,,,,,,,,,,,,,,,,,,,,,,,,,,,,,,
P74d19df6a2,0,0.0,0,0.0,1,1.848,1,1.848,1,9,16.636,0,0.0,0,0.0,0,0.0,0,0.0,0,0.0,0,0.0,4,7.394,1,3.697,0,0.0,,8,6,0,0.0,0,6595,0.0,0.571,0,0.0,541
P74ff916074,,,,,,,,,0,,,,,,,,,,,,,,,,,,,,,,,,,,,,,,,,
P75527a2d8c,0,0.0,0,0.0,0,0.0,10,21.739,1,0,0.0,2,4.348,0,0.0,0,0.0,0,0.0,0,0.0,7,15.217,1,2.174,0,0.0,0,0.0,,14,6,0,0.0,0,8511,0.0,0.25,1,4.348,460
P7572949d92,0,0.0,1,1.976,1,1.976,3,5.929,1,3,5.929,0,0.0,0,0.0,0,0.0,0,0.0,0,0.0,0,0.0,6,11.858,0,0.0,0,0.0,,7,5,0,0.0,0,8469,0.0,0.667,0,0.0,506
P75b2e5cfed,0,0.0,1,0.518,0,0.0,9,4.658,1,11,5.694,2,1.035,0,0.0,0,0.0,1,0.518,5,2.588,26,13.458,14,7.246,0,0.0,1,1.553,,74,10,9,4.658,0,41909,0.0,0.409,0,0.0,1932
P75d87cd190,,,,,,,,,0,,,,,,,,,,,,,,,,,,,,,,,,,,,,,,,,
P7662bd9a71,,,,,,,,,0,,,,,,,,,,,,,,,,,,,,,,,,,,,,,,,,
P76650bc6e2,0,0.0,0,0.0,0,0.0,2,5.714,1,0,0.0,0,0.0,0,0.0,7,20.0,0,0.0,0,0.0,1,2.857,0,0.0,0,0.0,0,0.0,,7,5,1,2.857,0,4379,0.0,0.0,0,0.0,350
P7699b7f669,1,1.099,0,0.0,0,0.0,4,4.396,1,6,6.593,1,1.099,0,0.0,5,5.495,0,0.0,0,0.0,2,2.198,7,7.692,0,0.0,1,1.099,,36,9,2,2.198,0,18015,0.0,0.7,0,0.0,910
P76ebdc8d77,0,0.0,0,0.0,0,0.0,0,0.0,1,0,0.0,0,0.0,0,0.0,7,9.589,0,0.0,1,1.37,7,9.589,1,1.37,1,6.849,1,2.74,,17,7,1,1.37,0,11669,0.0,0.0,1,1.37,730
P76f8234113,1,3.268,0,0.0,0,0.0,1,3.268,1,1,3.268,0,0.0,0,0.0,3,9.804,0,0.0,0,0.0,1,3.268,1,3.268,0,0.0,0,0.0,,8,5,0,0.0,0,5460,0.0,0.25,0,0.0,306
P7703cc27be,0,0.0,0,0.0,0,0.0,0,0.0,1,7,13.619,0,0.0,0,0.0,0,0.0,0,0.0,0,0.0,0,0.0,8,15.564,0,0.0,0,0.0,,0,5,0,0.0,0,3929,0.0,0.727,0,0.0,514
P7781579610,0,0.0,2,5.747,0,0.0,0,0.0,1,0,0.0,0,0.0,0,0.0,0,0.0,0,0.0,0,0.0,1,2.874,3,8.621,0,0.0,0,0.0,,0,4,3,8.621,0,2346,0.0,0.5,0,0.0,348
P780225999f,1,2.242,0,0.0,0,0.0,1,2.242,1,2,4.484,0,0.0,0,0.0,1,2.242,0,0.0,0,0.0,0,0.0,1,2.242,0,0.0,0,0.0,,6,5,0,0.0,0,4371,0.0,0.25,0,0.0,446
P780ecd00c5,,,,,,,,,0,,,,,,,,,,,,,,,,,,,,,,,,,,,,,,,,
P78afb3722d,1,1.163,2,2.326,0,0.0,1,1.163,1,6,6.977,2,2.326,0,0.0,0,0.0,0,0.0,0,0.0,1,1.163,7,8.14,0,0.0,0,0.0,,0,4,4,4.651,0,6520,0.0,0.7,0,0.0,860
P7903308993,,,,,,,,,0,,,,,,,,,,,,,,,,,,,,,,,,,,,,,,,,
P792efcc523,,,,,,,,,0,,,,,,,,,,,,,,,,,,,,,,,,,,,,,,,,
P798e5b71ce,0,0.0,1,4.065,0,0.0,0,0.0,1,4,16.26,0,0.0,0,0.0,0,0.0,0,0.0,0,0.0,0,0.0,1,4.065,1,4.065,0,0.0,,9,5,4,16.26,0,5139,0.0,0.25,0,0.0,246
P79aaab38df,0,0.0,0,0.0,0,0.0,0,0.0,1,2,3.413,0,0.0,0,0.0,30,51.195,0,0.0,0,0.0,3,5.119,4,6.826,0,0.0,0,0.0,,18,9,1,1.706,0,10360,0.0,0.571,0,0.0,586
P79f9e777a1,0,0.0,0,0.0,0,0.0,0,0.0,1,1,3.61,1,3.61,0,0.0,0,0.0,0,0.0,0,0.0,0,0.0,4,14.44,0,0.0,0,0.0,,0,3,0,0.0,0,2524,0.0,0.571,0,0.0,277
P7a82e40751,0,0.0,0,0.0,0,0.0,4,3.5,1,1,0.875,7,6.124,0,0.0,10,8.749,0,0.0,0,0.0,7,6.124,5,4.374,0,0.0,0,0.0,,28,17,14,12.248,0,10009,0.0,0.625,0,0.0,1143
P7a95b991f4,0,0.0,1,1.311,0,0.0,0,0.0,1,2,2.621,0,0.0,0,0.0,0,0.0,0,0.0,0,0.0,2,2.621,1,1.311,0,0.0,0,0.0,,22,9,2,2.621,0,13618,0.0,0.25,1,2.621,763
P7aeaf13cc2,,,,,,,,,0,,,,,,,,,,,,,,,,,,,,,,,,,,,,,,,,
P7aebb4f3da,,,,,,,,,0,,,,,,,,,,,,,,,,,,,,,,,,,,,,,,,,
P7b8c6b66e0,0,0.0,1,0.502,0,0.0,3,1.505,1,4,2.006,1,0.502,0,0.0,4,2.006,1,0.502,0,0.0,6,3.009,17,8.526,0,0.0,1,2.006,,45,10,14,7.021,0,19135,0.0,0.85,1,0.502,1994
P7ba2fa977b,0,0.0,0,0.0,0,0.0,0,0.0,1,0,0.0,2,5.952,0,0.0,0,0.0,0,0.0,0,0.0,0,0.0,0,0.0,0,0.0,0,0.0,,11,4,2,5.952,0,7108,0.0,0.0,1,8.929,336
P7bf5b1ca03,1,4.292,0,0.0,0,0.0,0,0.0,1,6,25.751,0,0.0,0,0.0,0,0.0,0,0.0,0,0.0,1,4.292,2,8.584,1,8.584,0,0.0,,6,6,0,0.0,0,5490,0.0,0.4,1,4.292,233
P7c1c1e7eac,0,0.0,0,0.0,0,0.0,6,11.583,1,3,5.792,0,0.0,0,0.0,0,0.0,0,0.0,3,5.792,0,0.0,3,5.792,0,0.0,0,0.0,10,12,4,1,1.931,0,5225,0.0,0.0,0,0.0,518
P7c29e11a29,1,1.383,0,0.0,0,0.0,0,0.0,1,13,17.981,0,0.0,0,0.0,0,0.0,1,1.383,0,0.0,2,2.766,7,9.682,0,0.0,1,2.766,,32,8,0,0.0,0,15905,0.0,0.7,0,0.0,723
P7c2cc1d590,0,0.0,0,0.0,0,0.0,2,4.717,1,2,4.717,2,4.717,0,0.0,0,0.0,0,0.0,0,0.0,2,4.717,1,2.358,0,0.0,0,0.0,,12,4,2,4.717,0,7581,0.0,0.25,1,4.717,424
P7c5888ec9d,0,0.0,0,0.0,0,0.0,3,8.427,1,2,5.618,2,5.618,0,0.0,0,0.0,0,0.0,0,0.0,0,0.0,1,2.809,0,0.0,0,0.0,,8,7,0,0.0,0,5296,0.0,0.25,0,0.0,356
P7c5fe0ebd3,0,0.0,0,0.0,0,0.0,0,0.0,1,4,9.479,2,4.739,0,0.0,5,11.848,0,0.0,0,0.0,0,0.0,1,2.37,0,0.0,1,2.37,,18,7,0,0.0,0,10075,0.0,0.25,1,4.739,422
P7c81e9aca5,0,0.0,0,0.0,0,0.0,1,4.608,1,0,0.0,0,0.0,0,0.0,0,0.0,0,0.0,0,0.0,0,0.0,1,4.608,0,0.0,0,0.0,,7,4,0,0.0,0,2976,0.0,0.25,0,0.0,217
P7d4b1d6e8f,2,4.09,1,2.045,0,0.0,0,0.0,1,8,16.36,1,2.045,0,0.0,4,8.18,0,0.0,1,2.045,1,2.045,4,8.18,1,4.09,0,0.0,,14,6,2,4.09,0,9717,0.0,0.375,1,2.045,489
P7d55637f90,,,,,,,,,0,,,,,,,,,,,,,,,,,,,,,,,,,,,,,,,,
P7d77f683c0,,,,,,,,,0,,,,,,,,,,,,,,,,,,,,,,,,,,,,,,,,
P7d7c4d5568,0,0.0,0,0.0,0,0.0,0,0.0,1,1,3.165,0,0.0,0,0.0,1,3.165,0,0.0,0,0.0,0,0.0,1,3.165,0,0.0,0,0.0,,4,4,1,3.165,0,3922,0.0,0.25,0,0.0,316
P7dcdc4ccdd,2,2.801,1,1.401,1,1.401,0,0.0,1,8,11.204,2,2.801,0,0.0,0,0.0,0,0.0,0,0.0,5,7.003,8,11.204,1,1.401,1,1.401,,23,11,3,4.202,0,13206,0.0,0.727,1,4.202,714
P7e584efe40,0,0.0,0,0.0,1,1.946,2,3.891,1,5,9.728,0,0.0,0,0.0,0,0.0,0,0.0,1,1.946,0,0.0,2,3.891,0,0.0,0,0.0,,8,8,0,0.0,0,6389,0.0,0.167,0,0.0,514
P7e5e28e6b3,0,0.0,0,0.0,0,0.0,5,7.184,1,5,7.184,0,0.0,0,0.0,0,0.0,0,0.0,0,0.0,0,0.0,6,8.621,0,0.0,1,2.874,,4,7,0,0.0,0,6511,0.0,0.667,0,0.0,696
P7ef2b1cf05,,,,,,,,,0,,,,,,,,,,,,,,,,,,,,,,,,,,,,,,,,
P7f14bdd3aa,,,,,,,,,0,,,,,,,,,,,,,,,,,,,,,,,,,,,,,,,,
P7f1d080745,0,0.0,1,2.66,0,0.0,7,18.617,1,3,7.979,0,0.0,0,0.0,2,5.319,0,0.0,0,0.0,4,10.638,4,10.638,0,0.0,1,2.66,,6,5,0,0.0,0,5389,0.0,0.571,0,0.0,376
P7f86ce09cc,,,,,,,,,0,,,,,,,,,,,,,,,,,,,,,,,,,,,,,,,,
P7feaaeffcb,,,,,,,,,0,,,,,,,,,,,,,,,,,,,,,,,,,,,,,,,,
P7ff4af5e7c,1,1.873,0,0.0,0,0.0,0,0.0,1,4,7.491,5,9.363,0,0.0,0,0.0,0,0.0,0,0.0,2,3.745,2,3.745,0,0.0,1,1.873,,12,4,2,3.745,0,7403,0.0,0.4,1,1.873,534
P8048267828,1,1.168,0,0.0,0,0.0,2,2.336,1,10,11.682,0,0.0,0,0.0,0,0.0,0,0.0,0,0.0,5,5.841,6,7.009,0,0.0,1,2.336,,30,7,3,3.505,0,18672,0.0,0.667,1,4.673,856
P815e63680a,,,,,,,,,0,,,,,,,,,,,,,,,,,,,,,,,,,,,,,,,,
P81f3558def,,,,,,,,,0,,,,,,,,,,,,,,,,,,,,,,,,,,,,,,,,
P81fe4dcd33,0,0.0,0,0.0,0,0.0,0,0.0,1,3,8.451,0,0.0,0,0.0,0,0.0,0,0.0,0,0.0,3,8.451,3,8.451,0,0.0,0,0.0,,17,7,1,2.817,0,9233,0.0,0.5,1,2.817,355
P8209ad6040,0,0.0,0,0.0,0,0.0,0,0.0,1,0,0.0,0,0.0,0,0.0,0,0.0,1,3.717,0,0.0,0,0.0,0,0.0,0,0.0,1,3.717,,5,5,0,0.0,0,4335,0.0,0.0,0,0.0,269
P824176de50,0,0.0,0,0.0,0,0.0,0,0.0,1,1,2.874,0,0.0,0,0.0,19,54.598,0,0.0,0,0.0,0,0.0,1,2.874,0,0.0,1,2.874,,5,5,2,5.747,0,5302,0.0,0.25,0,0.0,348
P82bbff96e6,0,0.0,0,0.0,0,0.0,0,0.0,1,0,0.0,0,0.0,0,0.0,0,0.0,0,0.0,0,0.0,0,0.0,0,0.0,0,0.0,0,0.0,,3,2,2,8.439,0,2861,0.0,0.0,0,0.0,237
P82d1799627,,,,,,,,,0,,,,,,,,,,,,,,,,,,,,,,,,,,,,,,,,
P82dc635a40,0,0.0,0,0.0,0,0.0,3,3.229,1,11,11.841,0,0.0,0,0.0,0,0.0,0,0.0,0,0.0,9,9.688,8,8.611,0,0.0,0,0.0,,30,7,1,1.076,0,16718,0.0,0.727,1,1.076,929
P82dd1ca59f,,,,,,,,,0,,,,,,,,,,,,,,,,,,,,,,,,,,,,,,,,
P82e84aa110,1,1.534,1,1.534,1,1.534,0,0.0,1,2,3.067,0,0.0,0,0.0,0,0.0,0,0.0,0,0.0,5,7.669,6,9.202,0,0.0,0,0.0,,9,6,0,0.0,0,9766,0.0,0.667,1,1.534,652
P82e987418b,,,,,,,,,0,,,,,,,,,,,,,,,,,,,,,,,,,,,,,,,,
P830611c613,0,0.0,1,1.905,0,0.0,5,9.524,1,5,9.524,0,0.0,0,0.0,0,0.0,0,0.0,0,0.0,0,0.0,5,9.524,0,0.0,1,1.905,,6,7,0,0.0,0,5791,0.0,0.625,0,0.0,525
P830efff813,,,,,,,,,0,,,,,,,,,,,,,,,,,,,,,,,,,,,,,,,,
P831df49905,2,2.066,3,3.099,0,0.0,7,7.231,1,4,4.132,1,1.033,0,0.0,0,0.0,0,0.0,2,2.066,0,0.0,8,8.264,0,0.0,0,0.0,,44,4,3,3.099,0,16622,0.0,0.462,1,1.033,968
P838aeb9cb6,0,0.0,0,0.0,0,0.0,2,5.168,1,1,2.584,0,0.0,0,0.0,2,5.168,0,0.0,0,0.0,6,15.504,1,2.584,0,0.0,0,0.0,,7,6,4,10.336,0,5422,0.0,0.25,0,0.0,387
P83b3d780d7,0,0.0,0,0.0,0,0.0,0,0.0,1,15,24.116,0,0.0,0,0.0,0,0.0,0,0.0,0,0.0,1,1.608,7,11.254,0,0.0,1,1.608,,15,10,1,1.608,0,9330,0.0,0.7,0,0.0,622
P83cf60968a,0,0.0,1,3.436,0,0.0,0,0.0,1,1,3.436,0,0.0,0,0.0,4,13.746,0,0.0,0,0.0,0,0.0,2,6.873,0,0.0,1,6.873,,9,5,0,0.0,0,4552,0.0,0.4,0,0.0,291
P83de6de3ec,0,0.0,0,0.0,0,0.0,6,4.552,1,7,5.311,5,3.794,0,0.0,0,0.0,0,0.0,2,1.517,4,3.035,12,9.105,0,0.0,0,0.0,,34,10,1,0.759,0,20406,0.0,0.588,0,0.0,1318
P83f12f36b1,,,,,,,,,0,,,,,,,,,,,,,,,,,,,,,,,,,,,,,,,,
P83f985b4bd,,,,,,,,,0,,,,,,,,,,,,,,,,,,,,,,,,,,,,,,,,
P84101ffd6c,3,2.58,1,0.86,1,0.86,1,0.86,1,13,11.178,0,0.0,0,0.0,0,0.0,1,1.72,0,0.0,2,1.72,17,14.617,0,0.0,1,1.72,10,19,9,3,2.58,0,12370,0.0,0.85,0,0.0,1163
P842513fba1,0,0.0,0,0.0,0,0.0,3,12.048,1,0,0.0,0,0.0,0,0.0,0,0.0,0,0.0,0,0.0,0,0.0,3,12.048,0,0.0,0,0.0,,0,3,0,0.0,0,1579,0.0,0.5,0,0.0,249
P842a2f3c2e,,,,,,,,,0,,,,,,,,,,,,,,,,,,,,,,,,,,,,,,,,
P842bafbfda,0,0.0,0,0.0,1,1.124,6,6.742,1,2,2.247,3,3.371,0,0.0,26,29.213,0,0.0,0,0.0,4,4.494,3,3.371,0,0.0,0,0.0,,22,8,3,3.371,0,11528,0.0,0.5,0,0.0,890
P8438cd9418,,,,,,,,,0,,,,,,,,,,,,,,,,,,,,,,,,,,,,,,,,
P846172a369,0,0.0,0,0.0,0,0.0,1,2.024,1,3,6.073,1,2.024,0,0.0,0,0.0,0,0.0,0,0.0,2,4.049,2,4.049,0,0.0,0,0.0,,7,6,2,4.049,0,7575,0.0,0.4,0,0.0,494
P8482acfde2,0,0.0,0,0.0,0,0.0,0,0.0,1,0,0.0,0,0.0,0,0.0,0,0.0,0,0.0,0,0.0,0,0.0,0,0.0,0,0.0,0,0.0,,1,2,0,0.0,0,1222,0.0,0.0,0,0.0,64
P84dee8d837,1,1.764,0,0.0,1,1.764,0,0.0,1,1,1.764,0,0.0,0,0.0,3,5.291,0,0.0,0,0.0,0,0.0,1,1.764,0,0.0,0,0.0,,10,9,0,0.0,0,7188,0.0,0.25,0,0.0,567
P84e9dcbb3e,0,0.0,1,0.902,0,0.0,14,12.624,1,9,8.115,5,4.509,0,0.0,4,3.607,0,0.0,0,0.0,0,0.0,5,4.509,1,1.803,0,0.0,,38,10,1,0.902,0,19311,0.0,0.625,0,0.0,1109
P84f7cbd5a8,0,0.0,0,0.0,0,0.0,0,0.0,1,1,1.429,2,2.857,0,0.0,0,0.0,0,0.0,0,0.0,0,0.0,4,5.714,0,0.0,0,0.0,,30,6,7,10.0,0,14275,0.0,0.571,1,2.857,700
P85135a294f,0,0.0,0,0.0,0,0.0,0,0.0,1,1,3.759,0,0.0,0,0.0,0,0.0,0,0.0,0,0.0,0,0.0,1,3.759,0,0.0,0,0.0,,0,3,1,3.759,0,2584,0.0,0.25,1,3.759,266
P8514f39741,0,0.0,0,0.0,0,0.0,0,0.0,1,0,0.0,0,0.0,0,0.0,1,3.268,0,0.0,0,0.0,0,0.0,0,0.0,0,0.0,1,9.804,,2,5,0,0.0,0,2646,0.0,0.0,0,0.0,306
P854a3a23a2,0,0.0,1,1.435,0,0.0,1,1.435,1,4,5.739,0,0.0,0,0.0,7,10.043,0,0.0,0,0.0,9,12.912,6,8.608,0,0.0,1,2.869,,20,10,0,0.0,0,11158,0.0,0.667,0,0.0,697
P854bff0ae3,1,1.059,0,0.0,0,0.0,12,12.712,1,8,8.475,3,3.178,0,0.0,0,0.0,0,0.0,0,0.0,2,2.119,10,10.593,0,0.0,1,1.059,,12,9,0,0.0,0,11237,0.0,0.769,1,2.119,944
P854c694553,,,,,,,,,0,,,,,,,,,,,,,,,,,,,,,,,,,,,,,,,,
P855a9cc2ba,0,0.0,0,0.0,0,0.0,9,15.491,1,2,3.442,1,1.721,0,0.0,0,0.0,0,0.0,0,0.0,5,8.606,4,6.885,0,0.0,0,0.0,,19,8,0,0.0,0,10267,0.0,0.571,1,1.721,581
P85b94bf602,0,0.0,0,0.0,0,0.0,1,2.695,1,1,2.695,0,0.0,0,0.0,0,0.0,0,0.0,0,0.0,4,10.782,5,13.477,0,0.0,0,0.0,,7,4,2,5.391,0,4004,0.0,0.625,0,0.0,371
P85fbcb1dce,2,4.04,0,0.0,1,2.02,0,0.0,1,1,2.02,3,6.061,0,0.0,0,0.0,1,2.02,0,0.0,0,0.0,1,2.02,0,0.0,1,2.02,,2,5,0,0.0,0,4478,0.0,0.25,0,0.0,495
P86042c98c9,0,0.0,0,0.0,0,0.0,1,1.799,1,3,5.396,0,0.0,0,0.0,0,0.0,0,0.0,0,0.0,3,5.396,4,7.194,0,0.0,1,1.799,,14,6,2,3.597,0,9641,0.0,0.571,0,0.0,556
P865ed42223,0,0.0,0,0.0,1,1.121,4,4.484,1,13,14.574,2,2.242,0,0.0,4,4.484,0,0.0,1,1.121,7,7.848,9,10.09,1,6.726,1,1.121,,33,9,2,2.242,0,17774,0.0,0.615,1,3.363,892
P866e6f90bf,0,0.0,0,0.0,0,0.0,3,5.172,1,3,5.172,0,0.0,0,0.0,0,0.0,0,0.0,0,0.0,2,3.448,5,8.621,0,0.0,0,0.0,,20,6,6,10.345,0,10784,0.0,0.625,0,0.0,580
P86df290cda,1,2.096,0,0.0,0,0.0,4,8.386,1,2,4.193,1,2.096,0,0.0,0,0.0,0,0.0,0,0.0,0,0.0,5,10.482,0,0.0,1,2.096,,17,7,1,2.096,0,10255,0.0,0.625,0,0.0,477
P86ef73625c,0,0.0,0,0.0,0,0.0,3,5.988,1,0,0.0,0,0.0,0,0.0,0,0.0,0,0.0,0,0.0,3,5.988,3,5.988,1,9.98,0,0.0,,7,4,3,5.988,0,5970,0.0,0.5,1,3.992,501
P86f7665380,,,,,,,,,0,,,,,,,,,,,,,,,,,,,,,,,,,,,,,,,,
P871b04878c,0,0.0,0,0.0,0,0.0,0,0.0,1,2,6.211,0,0.0,0,0.0,0,0.0,0,0.0,0,0.0,0,0.0,0,0.0,1,6.211,0,0.0,,7,4,1,3.106,0,4187,0.0,0.0,1,3.106,322
P87ada0d006,0,0.0,0,0.0,0,0.0,5,14.881,1,1,2.976,0,0.0,0,0.0,0,0.0,0,0.0,0,0.0,0,0.0,2,5.952,0,0.0,0,0.0,,10,7,0,0.0,0,7649,0.0,0.4,1,2.976,336
P87be528da0,0,0.0,0,0.0,0,0.0,3,4.431,1,0,0.0,0,0.0,0,0.0,13,19.202,0,0.0,0,0.0,3,4.431,1,1.477,0,0.0,0,0.0,,12,7,5,7.386,0,8541,0.0,0.25,0,0.0,677
P88064c1c05,1,0.275,5,1.373,1,0.275,8,2.197,1,76,20.873,2,0.549,0,0.0,4,1.099,1,0.275,3,0.824,31,8.514,53,14.556,0,0.0,1,1.099,,118,26,18,4.944,0,51528,0.0,0.847,0,0.0,3641
P88205fde52,1,1.088,0,0.0,0,0.0,4,4.353,1,15,16.322,0,0.0,0,0.0,5,5.441,0,0.0,0,0.0,4,4.353,3,3.264,0,0.0,1,2.176,5,22,9,6,6.529,0,15582,0.0,0.5,0,0.0,919
P884e8ee6b6,0,0.0,0,0.0,0,0.0,0,0.0,1,2,4.717,0,0.0,0,0.0,0,0.0,0,0.0,0,0.0,1,2.358,3,7.075,0,0.0,1,2.358,,11,8,0,0.0,0,7005,0.0,0.5,0,0.0,424
P8884c4fd03,0,0.0,0,0.0,0,0.0,3,5.747,1,4,7.663,0,0.0,0,0.0,0,0.0,0,0.0,0,0.0,5,9.579,0,0.0,0,0.0,0,0.0,,13,4,5,9.579,0,7620,0.0,0.0,0,0.0,522
P88f4dbf943,,,,,,,,,0,,,,,,,,,,,,,,,,,,,,,,,,,,,,,,,,
P8926a62cc8,0,0.0,0,0.0,0,0.0,2,8.13,1,3,12.195,0,0.0,0,0.0,0,0.0,0,0.0,0,0.0,0,0.0,2,8.13,0,0.0,0,0.0,,10,5,0,0.0,0,4568,0.0,0.4,0,0.0,246
P89e5a35bc7,0,0.0,0,0.0,0,0.0,0,0.0,1,5,14.62,0,0.0,0,0.0,0,0.0,0,0.0,0,0.0,0,0.0,1,2.924,0,0.0,0,0.0,,14,4,2,5.848,0,8050,0.0,0.25,1,2.924,342
P8a2034c01d,0,0.0,0,0.0,0,0.0,2,2.656,1,14,18.592,0,0.0,0,0.0,7,9.296,0,0.0,0,0.0,1,1.328,5,6.64,0,0.0,0,0.0,,13,6,1,1.328,0,9545,0.0,0.625,0,0.0,753
P8a2a3c7c07,1,1.506,0,0.0,0,0.0,0,0.0,1,10,15.06,0,0.0,0,0.0,0,0.0,0,0.0,1,1.506,2,3.012,5,7.53,0,0.0,0,0.0,,15,6,1,1.506,0,9522,0.0,0.444,0,0.0,664
P8a3b7b6860,1,3.968,0,0.0,0,0.0,0,0.0,1,4,15.873,0,0.0,0,0.0,0,0.0,0,0.0,0,0.0,0,0.0,1,3.968,0,0.0,1,3.968,,0,1,0,0.0,0,2106,0.0,0.25,0,0.0,252
P8a97dbabe6,0,0.0,1,2.028,1,2.028,0,0.0,1,6,12.17,0,0.0,0,0.0,0,0.0,0,0.0,1,2.028,0,0.0,2,4.057,0,0.0,0,0.0,,10,6,1,2.028,0,6635,0.0,0.167,0,0.0,493
P8aa2e06ade,0,0.0,0,0.0,0,0.0,0,0.0,1,0,0.0,0,0.0,0,0.0,6,19.737,0,0.0,0,0.0,0,0.0,2,6.579,0,0.0,1,3.289,,1,5,1,3.289,0,4189,0.0,0.4,0,0.0,304
P8abebd0da5,,,,,,,,,0,,,,,,,,,,,,,,,,,,,,,,,,,,,,,,,,
P8afd917a6c,1,2.404,1,2.404,0,0.0,3,7.212,1,6,14.423,0,0.0,0,0.0,0,0.0,0,0.0,0,0.0,3,7.212,2,4.808,0,0.0,0,0.0,,15,6,5,12.019,0,5373,0.0,0.4,0,0.0,416
P8b3507dca4,0,0.0,0,0.0,0,0.0,6,8.982,1,3,4.491,2,2.994,0,0.0,12,17.964,0,0.0,0,0.0,0,0.0,3,4.491,0,0.0,0,0.0,,23,9,1,1.497,0,11819,0.0,0.5,0,0.0,668
P8b41334856,0,0.0,0,0.0,0,0.0,4,8.772,1,2,4.386,0,0.0,0,0.0,2,4.386,0,0.0,0,0.0,5,10.965,5,10.965,1,2.193,0,0.0,,0,3,0,0.0,0,2771,0.0,0.625,1,2.193,456
P8b55924f31,,,,,,,,,0,,,,,,,,,,,,,,,,,,,,,,,,,,,,,,,,
P8b719e2981,,,,,,,,,0,,,,,,,,,,,,,,,,,,,,,,,,,,,,,,,,
P8bc7e2260e,1,2.551,0,0.0,0,0.0,2,5.102,1,3,7.653,0,0.0,0,0.0,0,0.0,1,2.551,0,0.0,2,5.102,2,5.102,0,0.0,1,5.102,,10,7,1,2.551,0,4491,0.0,0.4,0,0.0,392
P8be99fecd0,0,0.0,0,0.0,0,0.0,0,0.0,1,9,16.216,3,5.405,0,0.0,5,9.009,0,0.0,0,0.0,0,0.0,4,7.207,0,0.0,1,1.802,,14,7,2,3.604,0,10518,0.0,0.571,0,0.0,555
P8c383a7533,1,1.531,0,0.0,0,0.0,1,1.531,1,1,1.531,0,0.0,0,0.0,3,4.594,0,0.0,0,0.0,1,1.531,0,0.0,0,0.0,0,0.0,,15,7,0,0.0,0,7058,0.0,0.0,0,0.0,653
P8c537f5a4d,,,,,,,,,0,,,,,,,,,,,,,,,,,,,,,,,,,,,,,,,,
P8c8d5105c2,0,0.0,1,1.629,0,0.0,3,4.886,1,12,19.544,0,0.0,0,0.0,5,8.143,0,0.0,1,1.629,6,9.772,4,6.515,1,3.257,0,0.0,,19,8,0,0.0,0,12358,0.0,0.375,1,1.629,614
P8d0ea24592,0,0.0,1,1.56,0,0.0,1,1.56,1,0,0.0,0,0.0,0,0.0,0,0.0,0,0.0,0,0.0,1,1.56,1,1.56,0,0.0,0,0.0,,14,7,1,1.56,0,9728,0.0,0.25,1,1.56,641
P8d6369038a,0,0.0,1,2.062,2,4.124,0,0.0,1,2,4.124,1,2.062,0,0.0,0,0.0,1,6.186,0,0.0,2,4.124,3,6.186,0,0.0,1,8.247,,11,4,3,6.186,0,8118,0.0,0.5,0,0.0,485
P8d6fb61ea0,0,0.0,0,0.0,0,0.0,2,8.197,1,0,0.0,0,0.0,0,0.0,0,0.0,0,0.0,0,0.0,0,0.0,0,0.0,0,0.0,0,0.0,,6,6,0,0.0,0,3307,0.0,0.0,1,4.098,244
P8db9055dd7,1,1.299,0,0.0,0,0.0,1,1.299,1,12,15.584,0,0.0,0,0.0,14,18.182,0,0.0,0,0.0,3,3.896,2,2.597,1,2.597,0,0.0,,26,8,1,1.299,0,19375,0.0,0.4,1,1.299,770
P8df0a8788c,,,,,,,,,0,,,,,,,,,,,,,,,,,,,,,,,,,,,,,,,,
P8e2f7481af,0,0.0,0,0.0,0,0.0,0,0.0,1,0,0.0,0,0.0,0,0.0,3,19.355,0,0.0,0,0.0,0,0.0,0,0.0,0,0.0,0,0.0,,1,4,0,0.0,0,2563,0.0,0.0,0,0.0,155
P8e68185705,,,,,,,,,0,,,,,,,,,,,,,,,,,,,,,,,,,,,,,,,,
P8e7fe9e7e9,0,0.0,0,0.0,0,0.0,0,0.0,1,8,19.9,1,2.488,0,0.0,4,9.95,0,0.0,0,0.0,3,7.463,2,4.975,1,4.975,1,2.488,,11,7,0,0.0,0,8536,0.0,0.4,1,2.488,402
P8e900c2247,0,0.0,0,0.0,0,0.0,6,22.059,1,2,7.353,0,0.0,0,0.0,0,0.0,0,0.0,0,0.0,0,0.0,2,7.353,1,3.676,0,0.0,,1,2,0,0.0,0,3353,0.0,0.4,0,0.0,272
P8ecb19c544,0,0.0,0,0.0,0,0.0,2,3.044,1,2,3.044,0,0.0,0,0.0,7,10.654,0,0.0,0,0.0,7,10.654,5,7.61,0,0.0,0,0.0,,6,5,2,3.044,0,6562,0.0,0.625,1,1.522,657
P8eebd87e26,,,,,,,,,0,,,,,,,,,,,,,,,,,,,,,,,,,,,,,,,,
P8eec131338,0,0.0,0,0.0,0,0.0,2,9.852,1,2,9.852,0,0.0,0,0.0,0,0.0,0,0.0,0,0.0,3,14.778,0,0.0,0,0.0,0,0.0,,5,2,1,4.926,0,3693,0.0,0.0,0,0.0,203
P8fac339738,0,0.0,2,3.115,0,0.0,5,7.788,1,13,20.249,0,0.0,1,1.558,0,0.0,1,1.558,1,1.558,1,1.558,7,10.903,0,0.0,1,3.115,5,19,8,1,1.558,0,6529,0.0,0.545,1,1.558,642
P90932c4b0a,0,0.0,0,0.0,0,0.0,18,23.715,1,4,5.27,4,5.27,0,0.0,6,7.905,0,0.0,0,0.0,1,1.318,7,9.223,0,0.0,1,1.318,,22,7,1,1.318,0,11543,0.0,0.7,0,0.0,759
P90a39c14ab,0,0.0,0,0.0,0,0.0,7,13.011,1,1,1.859,1,1.859,0,0.0,0,0.0,0,0.0,0,0.0,1,1.859,7,13.011,0,0.0,0,0.0,,19,6,1,1.859,0,9074,0.0,0.7,0,0.0,538
P90a7395cb0,0,0.0,0,0.0,0,0.0,5,9.091,1,6,10.909,0,0.0,0,0.0,0,0.0,0,0.0,0,0.0,0,0.0,1,1.818,0,0.0,0,0.0,25,15,8,0,0.0,0,10881,0.0,0.25,0,0.0,550
P90b2305671,0,0.0,1,1.736,2,3.472,2,3.472,1,5,8.681,3,5.208,0,0.0,0,0.0,0,0.0,1,1.736,5,8.681,4,6.944,1,5.208,1,3.472,,20,8,1,1.736,0,11918,0.0,0.375,1,1.736,576
P9106a597f3,0,0.0,0,0.0,0,0.0,0,0.0,1,7,17.073,0,0.0,0,0.0,4,9.756,0,0.0,0,0.0,0,0.0,2,4.878,1,2.439,1,7.317,,7,5,2,4.878,0,6374,0.0,0.4,0,0.0,410
P9155961dd2,0,0.0,0,0.0,0,0.0,3,4.847,1,2,3.231,3,4.847,0,0.0,0,0.0,0,0.0,0,0.0,4,6.462,4,6.462,0,0.0,0,0.0,,12,5,1,1.616,0,8513,0.0,0.571,0,0.0,619
P917b0d4d70,,,,,,,,,0,,,,,,,,,,,,,,,,,,,,,,,,,,,,,,,,
P9180c4596b,0,0.0,0,0.0,0,0.0,2,2.751,1,16,22.008,0,0.0,0,0.0,1,1.376,1,1.376,0,0.0,5,6.878,7,9.629,1,5.502,1,1.376,10,30,8,4,5.502,0,13089,0.0,0.7,0,0.0,727
P919e355315,0,0.0,0,0.0,0,0.0,1,1.587,1,9,14.286,0,0.0,0,0.0,5,7.937,0,0.0,1,1.587,0,0.0,6,9.524,0,0.0,1,3.175,,17,8,3,4.762,0,11769,0.0,0.5,0,0.0,630
P91b09695de,0,0.0,0,0.0,0,0.0,11,20.992,1,11,20.992,0,0.0,0,0.0,0,0.0,0,0.0,0,0.0,1,1.908,10,19.084,0,0.0,0,0.0,,0,6,0,0.0,0,3714,0.0,0.769,0,0.0,524
P91ba0ccfb7,,,,,,,,,0,,,,,,,,,,,,,,,,,,,,,,,,,,,,,,,,
P91e42fff83,,,,,,,,,0,,,,,,,,,,,,,,,,,,,,,,,,,,,,,,,,
P922c03ccad,1,2.119,0,0.0,0,0.0,0,0.0,1,7,14.831,0,0.0,0,0.0,1,2.119,0,0.0,0,0.0,0,0.0,2,4.237,0,0.0,0,0.0,,8,5,0,0.0,0,5294,0.0,0.4,0,0.0,472
P924fa678bb,0,0.0,0,0.0,3,9.554,0,0.0,1,1,3.185,0,0.0,0,0.0,0,0.0,0,0.0,0,0.0,1,3.185,0,0.0,0,0.0,0,0.0,,0,4,0,0.0,0,2334,0.0,0.0,0,0.0,314
P9260f65add,4,5.031,0,0.0,0,0.0,0,0.0,1,6,7.547,0,0.0,0,0.0,0,0.0,0,0.0,0,0.0,9,11.321,9,11.321,0,0.0,1,1.258,,28,10,1,1.258,0,12937,0.0,0.75,0,0.0,795
P9264b6e63a,0,0.0,0,0.0,0,0.0,1,1.949,1,9,17.544,0,0.0,0,0.0,3,5.848,0,0.0,0,0.0,1,1.949,4,7.797,0,0.0,0,0.0,,10,6,0,0.0,0,6494,0.0,0.571,0,0.0,513
P92a5884e77,,,,,,,,,0,,,,,,,,,,,,,,,,,,,,,,,,,,,,,,,,
P9345155d6a,0,0.0,1,2.294,0,0.0,3,6.881,1,3,6.881,0,0.0,0,0.0,0,0.0,0,0.0,0,0.0,0,0.0,2,4.587,0,0.0,0,0.0,,12,6,2,4.587,0,8919,0.0,0.4,1,2.294,436
P93a13b19c2,3,2.443,1,0.814,3,2.443,3,2.443,1,17,13.844,0,0.0,0,0.0,0,0.0,0,0.0,2,1.629,4,3.257,6,4.886,0,0.0,1,1.629,,35,8,6,4.886,0,18605,0.0,0.364,0,0.0,1228
P93e1b535ab,0,0.0,0,0.0,0,0.0,0,0.0,1,0,0.0,0,0.0,0,0.0,3,21.583,1,7.194,0,0.0,0,0.0,0,0.0,0,0.0,1,14.388,,0,1,0,0.0,0,1591,0.0,0.0,0,0.0,139
P944090784f,,,,,,,,,0,,,,,,,,,,,,,,,,,,,,,,,,,,,,,,,,
P944e30c99c,0,0.0,0,0.0,0,0.0,0,0.0,1,2,8.439,0,0.0,0,0.0,0,0.0,0,0.0,0,0.0,0,0.0,3,12.658,0,0.0,0,0.0,,5,2,3,12.658,0,4611,0.0,0.5,0,0.0,237
P946b6a7bec,0,0.0,0,0.0,0,0.0,0,0.0,1,8,14.625,0,0.0,0,0.0,5,9.141,0,0.0,1,1.828,1,1.828,5,9.141,0,0.0,0,0.0,,5,6,2,3.656,0,7078,0.0,0.444,0,0.0,547
P94bbcbe8b9,0,0.0,0,0.0,0,0.0,0,0.0,1,0,0.0,0,0.0,0,0.0,3,13.453,0,0.0,0,0.0,0,0.0,0,0.0,0,0.0,0,0.0,,0,4,0,0.0,0,2027,0.0,0.0,0,0.0,223
P94d904f95a,0,0.0,0,0.0,0,0.0,0,0.0,1,4,5.874,1,1.468,0,0.0,4,5.874,0,0.0,1,1.468,0,0.0,5,7.342,0,0.0,0,0.0,,8,9,1,1.468,0,8749,0.0,0.444,0,0.0,681
P951f092ec6,0,0.0,2,8.163,1,4.082,0,0.0,1,0,0.0,0,0.0,0,0.0,0,0.0,0,0.0,0,0.0,0,0.0,0,0.0,0,0.0,0,0.0,,5,1,1,4.082,0,3045,0.0,0.0,0,0.0,245
P9540818d9f,3,1.876,0,0.0,1,0.625,6,3.752,1,5,3.127,2,1.251,0,0.0,14,8.755,0,0.0,1,0.625,5,3.127,6,3.752,0,0.0,0,0.0,,75,10,8,5.003,2,27710,1.251,0.5,0,0.0,1599
P959d20dcac,,,,,,,,,0,,,,,,,,,,,,,,,,,,,,,,,,,,,,,,,,
P95c84fe799,0,0.0,0,0.0,0,0.0,0,0.0,1,0,0.0,0,0.0,0,0.0,0,0.0,0,0.0,0,0.0,3,5.566,0,0.0,0,0.0,0,0.0,,12,6,1,1.855,0,8317,0.0,0.0,1,5.566,539
P9603a14b7f,0,0.0,0,0.0,0,0.0,1,2.288,1,0,0.0,0,0.0,0,0.0,0,0.0,0,0.0,0,0.0,4,9.153,2,4.577,0,0.0,0,0.0,,16,7,3,6.865,0,10088,0.0,0.4,1,9.153,437
P962232fdc6,,,,,,,,,0,,,,,,,,,,,,,,,,,,,,,,,,,,,,,,,,
P964dd1e5f4,2,1.899,1,0.95,3,2.849,5,4.748,1,2,1.899,4,3.799,0,0.0,9,8.547,0,0.0,2,1.899,0,0.0,3,2.849,1,0.95,1,1.899,,42,8,1,0.95,0,25254,0.0,0.125,1,1.899,1053
P9650bb1a40,,,,,,,,,0,,,,,,,,,,,,,,,,,,,,,,,,,,,,,,,,
P9668122fb9,0,0.0,1,1.079,0,0.0,2,2.157,1,6,6.472,0,0.0,0,0.0,0,0.0,0,0.0,1,1.079,0,0.0,6,6.472,0,0.0,0,0.0,,16,6,0,0.0,0,10588,0.0,0.5,0,0.0,927
P966e81614a,0,0.0,1,0.878,1,0.878,4,3.512,1,1,0.878,1,0.878,0,0.0,1,0.878,0,0.0,0,0.0,7,6.146,5,4.39,0,0.0,0,0.0,,10,5,0,0.0,0,9611,0.0,0.625,0,0.0,1139
P969f2b1c13,0,0.0,1,3.891,0,0.0,0,0.0,1,2,7.782,0,0.0,0,0.0,0,0.0,0,0.0,0,0.0,0,0.0,2,7.782,0,0.0,0,0.0,,1,4,4,15.564,0,1886,0.0,0.4,0,0.0,257
P96ac6f0cd3,1,1.328,0,0.0,0,0.0,0,0.0,1,2,2.656,0,0.0,1,1.328,0,0.0,0,0.0,2,2.656,4,5.312,8,10.624,0,0.0,0,0.0,,15,8,0,0.0,0,7659,0.0,0.462,0,0.0,753
P96af95e7fd,0,0.0,2,1.15,2,1.15,1,0.575,1,5,2.875,1,0.575,0,0.0,1,0.575,0,0.0,0,0.0,0,0.0,12,6.901,0,0.0,0,0.0,,30,5,4,2.3,0,15567,0.0,0.8,0,0.0,1739
P96c6ba4e0f,3,5.505,0,0.0,0,0.0,0,0.0,1,1,1.835,0,0.0,0,0.0,0,0.0,0,0.0,3,5.505,5,9.174,2,3.67,0,0.0,1,1.835,,19,4,4,7.339,0,8116,0.0,-0.125,0,0.0,545
P9702e35c0a,0,0.0,0,0.0,0,0.0,1,4.608,1,1,4.608,0,0.0,0,0.0,3,13.825,0,0.0,1,4.608,0,0.0,0,0.0,0,0.0,0,0.0,,2,5,0,0.0,0,3116,0.0,-0.25,0,0.0,217
P971be31864,1,0.578,0,0.0,4,2.312,9,5.202,1,4,2.312,3,1.734,0,0.0,0,0.0,0,0.0,1,0.578,9,5.202,13,7.514,0,0.0,0,0.0,,22,11,29,16.763,0,11533,0.0,0.706,1,0.578,1730
P977a8945dd,,,,,,,,,0,,,,,,,,,,,,,,,,,,,,,,,,,,,,,,,,
P977d8b209e,1,7.092,0,0.0,0,0.0,0,0.0,1,3,21.277,0,0.0,0,0.0,0,0.0,0,0.0,0,0.0,0,0.0,0,0.0,0,0.0,0,0.0,,1,1,0,0.0,0,1348,0.0,0.0,0,0.0,141
P979bc77e15,,,,,,,,,0,,,,,,,,,,,,,,,,,,,,,,,,,,,,,,,,
P97ae54051b,1,6.711,0,0.0,0,0.0,1,6.711,1,0,0.0,0,0.0,0,0.0,0,0.0,0,0.0,0,0.0,0,0.0,0,0.0,0,0.0,0,0.0,,5,3,0,0.0,1,3295,6.711,0.0,0,0.0,149
P97df826a61,0,0.0,0,0.0,0,0.0,1,2.703,1,0,0.0,0,0.0,0,0.0,0,0.0,0,0.0,1,2.703,3,8.108,2,5.405,0,0.0,0,0.0,,7,4,2,5.405,0,6099,0.0,0.167,1,2.703,370
P98015d62ae,,,,,,,,,0,,,,,,,,,,,,,,,,,,,,,,,,,,,,,,,,
P9827437e3d,,,,,,,,,0,,,,,,,,,,,,,,,,,,,,,,,,,,,,,,,,
P98436c11b0,,,,,,,,,0,,,,,,,,,,,,,,,,,,,,,,,,,,,,,,,,
P984d62c606,,,,,,,,,0,,,,,,,,,,,,,,,,,,,,,,,,,,,,,,,,
P989e9714fc,,,,,,,,,0,,,,,,,,,,,,,,,,,,,,,,,,,,,,,,,,
P989fbfa539,,,,,,,,,0,,,,,,,,,,,,,,,,,,,,,,,,,,,,,,,,
P98f905fdef,,,,,,,,,0,,,,,,,,,,,,,,,,,,,,,,,,,,,,,,,,
P999bb1cbab,0,0.0,0,0.0,0,0.0,1,2.747,1,2,5.495,0,0.0,0,0.0,0,0.0,0,0.0,0,0.0,5,13.736,2,5.495,1,5.495,0,0.0,,13,4,0,0.0,0,7866,0.0,0.4,0,0.0,364
P9a02cf437c,2,0.566,0,0.0,0,0.0,3,0.849,1,48,13.582,1,0.283,0,0.0,15,4.244,0,0.0,1,0.283,23,6.508,28,7.923,0,0.0,1,0.283,,155,12,0,0.0,0,60515,0.0,0.844,0,0.0,3534
P9a144a10c5,0,0.0,0,0.0,0,0.0,2,8.547,1,0,0.0,0,0.0,0,0.0,1,4.274,0,0.0,0,0.0,0,0.0,1,4.274,0,0.0,0,0.0,,10,4,1,4.274,0,5373,0.0,0.25,0,0.0,234
P9a20aba619,0,0.0,0,0.0,0,0.0,0,0.0,1,0,0.0,0,0.0,0,0.0,0,0.0,0,0.0,0,0.0,0,0.0,1,7.937,0,0.0,0,0.0,,0,1,2,15.873,0,984,0.0,0.25,0,0.0,126
P9a2935e78c,0,0.0,0,0.0,1,1.866,0,0.0,1,1,1.866,1,1.866,0,0.0,0,0.0,0,0.0,0,0.0,0,0.0,1,1.866,0,0.0,0,0.0,,14,6,3,5.597,0,9825,0.0,0.25,1,1.866,536
P9a9f9fa8f1,0,0.0,0,0.0,0,0.0,5,4.417,1,3,2.65,0,0.0,0,0.0,17,15.018,0,0.0,1,0.883,0,0.0,5,4.417,0,0.0,0,0.0,,29,10,3,2.65,0,19160,0.0,0.444,1,2.65,1132
P9aa7ef7a41,,,,,,,,,0,,,,,,,,,,,,,,,,,,,,,,,,,,,,,,,,
P9ac54b5d6d,0,0.0,0,0.0,0,0.0,1,1.961,1,10,19.608,0,0.0,0,0.0,5,9.804,0,0.0,0,0.0,1,1.961,2,3.922,0,0.0,1,1.961,,18,7,1,1.961,0,10993,0.0,0.4,1,1.961,510
P9b0b27ae5d,0,0.0,0,0.0,0,0.0,10,14.535,1,4,5.814,6,8.721,0,0.0,0,0.0,0,0.0,1,1.453,1,1.453,3,4.36,0,0.0,0,0.0,15,2,8,2,2.907,0,5978,0.0,0.286,0,0.0,688
P9b3e496395,3,2.114,2,1.409,0,0.0,15,10.571,1,6,4.228,0,0.0,0,0.0,16,11.276,0,0.0,0,0.0,4,2.819,10,7.047,0,0.0,1,2.114,,66,9,5,3.524,0,25276,0.0,0.769,0,0.0,1419
P9b4a07a3b9,0,0.0,0,0.0,0,0.0,5,12.626,1,3,7.576,0,0.0,0,0.0,0,0.0,0,0.0,1,2.525,2,5.051,2,5.051,0,0.0,1,7.576,,12,6,4,10.101,0,7002,0.0,0.167,0,0.0,396
P9b886526e3,0,0.0,0,0.0,0,0.0,1,2.571,1,3,7.712,1,2.571,0,0.0,0,0.0,0,0.0,0,0.0,4,10.283,1,2.571,0,0.0,1,2.571,,11,7,2,5.141,0,7215,0.0,0.25,1,2.571,389
P9c1ee88716,,,,,,,,,0,,,,,,,,,,,,,,,,,,,,,,,,,,,,,,,,
P9c2d575f48,2,2.208,0,0.0,0,0.0,9,9.934,1,3,3.311,0,0.0,0,0.0,14,15.453,0,0.0,2,2.208,0,0.0,5,5.519,0,0.0,0,0.0,,11,6,1,1.104,3,7813,3.311,0.3,0,0.0,906
P9cbbbfe0cc,,,,,,,,,0,,,,,,,,,,,,,,,,,,,,,,,,,,,,,,,,
P9cc36d2c64,0,0.0,0,0.0,0,0.0,0,0.0,1,1,9.091,0,0.0,0,0.0,0,0.0,0,0.0,0,0.0,0,0.0,1,9.091,0,0.0,0,0.0,,4,1,0,0.0,0,1262,0.0,0.25,0,0.0,110
P9cddcdc1ad,0,0.0,3,4.386,0,0.0,1,1.462,1,3,4.386,0,0.0,0,0.0,9,13.158,0,0.0,0,0.0,4,5.848,1,1.462,0,0.0,1,1.462,,24,9,3,4.386,0,9294,0.0,0.25,0,0.0,684
P9d178fdf5d,0,0.0,0,0.0,0,0.0,1,3.058,1,4,12.232,0,0.0,0,0.0,0,0.0,0,0.0,0,0.0,0,0.0,1,3.058,0,0.0,0,0.0,,10,2,0,0.0,0,7333,0.0,0.25,0,0.0,327
P9d5ce33ec0,0,0.0,0,0.0,0,0.0,1,1.709,1,9,15.385,0,0.0,0,0.0,9,15.385,0,0.0,0,0.0,2,3.419,4,6.838,0,0.0,1,1.709,,19,9,0,0.0,0,11867,0.0,0.571,0,0.0,585
P9d848af991,1,1.252,0,0.0,0,0.0,0,0.0,1,9,11.264,3,3.755,0,0.0,0,0.0,0,0.0,0,0.0,0,0.0,4,5.006,0,0.0,1,2.503,,22,7,3,3.755,0,13809,0.0,0.571,0,0.0,799
P9da0cf7014,0,0.0,0,0.0,0,0.0,0,0.0,1,3,27.523,0,0.0,0,0.0,0,0.0,0,0.0,0,0.0,0,0.0,1,9.174,0,0.0,0,0.0,,4,1,2,18.349,0,2489,0.0,0.25,0,0.0,109
P9dbf445dc5,0,0.0,0,0.0,0,0.0,0,0.0,1,0,0.0,0,0.0,0,0.0,3,6.061,0,0.0,0,0.0,4,8.081,2,4.04,0,0.0,1,2.02,,12,10,1,2.02,0,6506,0.0,0.4,0,0.0,495
P9dc8436179,,,,,,,,,0,,,,,,,,,,,,,,,,,,,,,,,,,,,,,,,,
P9e30954b9f,1,3.247,1,3.247,0,0.0,0,0.0,1,2,6.494,4,12.987,0,0.0,0,0.0,0,0.0,0,0.0,1,3.247,1,3.247,0,0.0,0,0.0,,4,2,2,6.494,0,5182,0.0,0.25,0,0.0,308
P9e7b32dc92,0,0.0,0,0.0,0,0.0,2,3.643,1,3,5.464,2,3.643,0,0.0,0,0.0,0,0.0,0,0.0,3,5.464,8,14.572,0,0.0,0,0.0,,3,4,0,0.0,0,4422,0.0,0.727,0,0.0,549
P9e82692a6d,0,0.0,0,0.0,0,0.0,0,0.0,1,10,12.92,2,2.584,0,0.0,5,6.46,0,0.0,0,0.0,5,6.46,4,5.168,0,0.0,0,0.0,,23,10,2,2.584,0,13542,0.0,0.571,1,1.292,774
P9f04775c7a,0,0.0,0,0.0,0,0.0,1,3.205,1,6,19.231,0,0.0,0,0.0,0,0.0,0,0.0,0,0.0,1,3.205,3,9.615,0,0.0,0,0.0,,13,8,3,9.615,0,8307,0.0,0.5,1,3.205,312
P9f246cdbe1,0,0.0,0,0.0,0,0.0,0,0.0,1,0,0.0,0,0.0,0,0.0,0,0.0,0,0.0,0,0.0,0,0.0,0,0.0,0,0.0,0,0.0,,0,0,1,15.625,0,499,0.0,0.0,0,0.0,64
P9f5758481a,0,0.0,0,0.0,0,0.0,0,0.0,1,3,17.751,0,0.0,0,0.0,0,0.0,0,0.0,0,0.0,0,0.0,0,0.0,0,0.0,0,0.0,,3,3,0,0.0,0,2733,0.0,0.0,0,0.0,169
P9f769e6678,0,0.0,0,0.0,6,1.663,4,1.109,1,57,15.798,0,0.0,1,0.554,26,7.206,1,0.277,1,0.277,22,6.098,26,7.206,1,0.277,1,0.831,,155,11,10,2.772,0,68700,0.0,0.833,0,0.0,3608
P9f79255649,,,,,,,,,0,,,,,,,,,,,,,,,,,,,,,,,,,,,,,,,,
P9f8f735247,0,0.0,0,0.0,0,0.0,2,9.009,1,0,0.0,0,0.0,0,0.0,2,9.009,0,0.0,0,0.0,0,0.0,2,9.009,0,0.0,0,0.0,,7,4,0,0.0,0,3953,0.0,0.4,0,0.0,222
P9fc884bebd,0,0.0,0,0.0,0,0.0,2,5.277,1,0,0.0,4,10.554,0,0.0,0,0.0,0,0.0,0,0.0,3,7.916,1,2.639,0,0.0,0,0.0,,7,6,0,0.0,0,6416,0.0,0.25,0,0.0,379
P9fd480084b,0,0.0,0,0.0,0,0.0,2,1.761,1,7,6.162,2,1.761,0,0.0,9,7.923,0,0.0,0,0.0,9,7.923,6,5.282,0,0.0,0,0.0,,29,8,2,1.761,0,18804,0.0,0.667,1,0.88,1136
Pa0580e3001,,,,,,,,,0,,,,,,,,,,,,,,,,,,,,,,,,,,,,,,,,
Pa067c50f94,0,0.0,0,0.0,0,0.0,0,0.0,1,8,22.727,0,0.0,0,0.0,0,0.0,0,0.0,0,0.0,3,8.523,5,14.205,0,0.0,0,0.0,,11,7,1,2.841,0,7954,0.0,0.625,0,0.0,352
Pa0882490f6,0,0.0,0,0.0,0,0.0,3,6.787,1,5,11.312,0,0.0,0,0.0,0,0.0,0,0.0,0,0.0,3,6.787,3,6.787,1,9.05,0,0.0,,11,7,1,2.262,0,7829,0.0,0.5,1,2.262,442
Pa08cb88c9e,,,,,,,,,0,,,,,,,,,,,,,,,,,,,,,,,,,,,,,,,,
Pa090759337,5,8.013,0,0.0,2,3.205,0,0.0,1,6,9.615,5,8.013,0,0.0,0,0.0,0,0.0,0,0.0,2,3.205,5,8.013,0,0.0,0,0.0,,19,7,3,4.808,0,12135,0.0,0.625,1,1.603,624
Pa09bdf4e64,0,0.0,0,0.0,0,0.0,1,2.016,1,0,0.0,0,0.0,0,0.0,13,26.21,0,0.0,0,0.0,1,2.016,2,4.032,0,0.0,1,2.016,,10,6,2,4.032,0,6791,0.0,0.4,0,0.0,496
Pa0a2c9503f,0,0.0,0,0.0,0,0.0,0,0.0,1,0,0.0,0,0.0,0,0.0,0,0.0,0,0.0,0,0.0,0,0.0,0,0.0,0,0.0,0,0.0,,1,3,0,0.0,0,2836,0.0,0.0,0,0.0,128
Pa0dded8876,0,0.0,0,0.0,0,0.0,2,1.712,1,8,6.849,1,0.856,0,0.0,0,0.0,0,0.0,2,1.712,2,1.712,11,9.418,0,0.0,0,0.0,,7,9,11,9.418,0,11014,0.0,0.562,0,0.0,1168
Pa129b1725d,1,1.647,1,1.647,1,1.647,0,0.0,1,1,1.647,0,0.0,0,0.0,0,0.0,0,0.0,0,0.0,2,3.295,1,1.647,0,0.0,0,0.0,,10,8,1,1.647,0,7631,0.0,0.25,1,1.647,607
Pa1953f4a95,0,0.0,1,6.803,0,0.0,0,0.0,1,3,20.408,0,0.0,0,0.0,0,0.0,0,0.0,0,0.0,0,0.0,3,20.408,0,0.0,0,0.0,,0,1,0,0.0,0,1007,0.0,0.5,0,0.0,147
Pa1cb69e2d5,,,,,,,,,0,,,,,,,,,,,,,,,,,,,,,,,,,,,,,,,,
Pa245962e52,0,0.0,0,0.0,0,0.0,1,2.695,1,8,21.563,0,0.0,0,0.0,5,13.477,0,0.0,0,0.0,2,5.391,4,10.782,0,0.0,1,2.695,,12,8,0,0.0,0,8754,0.0,0.571,0,0.0,371
Pa24efaf8fd,,,,,,,,,0,,,,,,,,,,,,,,,,,,,,,,,,,,,,,,,,
Pa260a40e68,1,2.217,0,0.0,0,0.0,1,2.217,1,2,4.435,0,0.0,0,0.0,2,4.435,0,0.0,0,0.0,2,4.435,1,2.217,0,0.0,0,0.0,,7,5,2,4.435,0,5507,0.0,0.25,0,0.0,451
Pa29e5f68db,1,1.272,0,0.0,0,0.0,11,13.995,1,12,15.267,1,1.272,0,0.0,5,6.361,0,0.0,1,1.272,0,0.0,4,5.089,0,0.0,0,0.0,,18,8,1,1.272,0,12672,0.0,0.375,0,0.0,786
Pa2e0858910,,,,,,,,,0,,,,,,,,,,,,,,,,,,,,,,,,,,,,,,,,
Pa2e8c74c1f,0,0.0,0,0.0,0,0.0,3,9.404,1,5,15.674,0,0.0,0,0.0,0,0.0,0,0.0,0,0.0,1,3.135,6,18.809,0,0.0,0,0.0,,12,4,0,0.0,0,6114,0.0,0.667,0,0.0,319
Pa307fde308,0,0.0,0,0.0,0,0.0,0,0.0,1,0,0.0,0,0.0,0,0.0,1,2.058,0,0.0,0,0.0,5,10.288,1,2.058,0,0.0,0,0.0,,7,4,4,8.23,0,5245,0.0,0.25,1,2.058,486
Pa33d5803eb,0,0.0,0,0.0,0,0.0,0,0.0,1,12,21.505,0,0.0,0,0.0,0,0.0,0,0.0,0,0.0,0,0.0,7,12.545,0,0.0,0,0.0,,5,8,1,1.792,0,7553,0.0,0.7,0,0.0,558
Pa3bf9b334b,,,,,,,,,0,,,,,,,,,,,,,,,,,,,,,,,,,,,,,,,,
Pa3f4257d20,0,0.0,0,0.0,0,0.0,1,1.957,1,11,21.526,0,0.0,0,0.0,4,7.828,0,0.0,0,0.0,2,3.914,4,7.828,0,0.0,0,0.0,,17,8,2,3.914,0,10704,0.0,0.571,0,0.0,511
Pa3f9e715ae,1,6.623,0,0.0,2,13.245,1,6.623,1,1,6.623,0,0.0,0,0.0,0,0.0,0,0.0,0,0.0,0,0.0,0,0.0,0,0.0,0,0.0,,1,4,0,0.0,0,2191,0.0,0.0,0,0.0,151
Pa3fa433740,0,0.0,0,0.0,0,0.0,2,4.706,1,2,4.706,0,0.0,0,0.0,5,11.765,0,0.0,0,0.0,4,9.412,2,4.706,0,0.0,0,0.0,,9,9,2,4.706,0,6882,0.0,0.4,0,0.0,425
Pa408da26a2,0,0.0,0,0.0,0,0.0,1,2.674,1,4,10.695,0,0.0,0,0.0,0,0.0,0,0.0,0,0.0,5,13.369,4,10.695,0,0.0,0,0.0,,11,7,0,0.0,0,8274,0.0,0.571,1,2.674,374
Pa430d00e1f,1,0.561,0,0.0,2,1.121,9,5.045,1,12,6.726,0,0.0,0,0.0,28,15.695,0,0.0,0,0.0,13,7.287,6,3.363,0,0.0,1,1.121,5,56,11,10,5.605,0,26668,0.0,0.667,0,0.0,1784
Pa466887b08,0,0.0,0,0.0,1,1.475,4,5.9,1,4,5.9,1,1.475,0,0.0,0,0.0,0,0.0,0,0.0,7,10.324,4,5.9,0,0.0,0,0.0,,35,8,1,1.475,0,14331,0.0,0.571,0,0.0,678
Pa47459a77d,0,0.0,0,0.0,0,0.0,0,0.0,1,1,5.618,1,5.618,0,0.0,0,0.0,0,0.0,0,0.0,0,0.0,2,11.236,0,0.0,0,0.0,,3,1,0,0.0,0,2867,0.0,0.4,0,0.0,178
Pa4877bedac,0,0.0,2,1.412,1,0.706,1,0.706,1,2,1.412,0,0.0,0,0.0,32,22.599,0,0.0,0,0.0,2,1.412,12,8.475,0,0.0,1,0.706,,45,12,2,1.412,0,21045,0.0,0.8,0,0.0,1416
Pa4c28f80ad,0,0.0,0,0.0,0,0.0,0,0.0,1,2,11.111,0,0.0,0,0.0,1,5.556,0,0.0,0,0.0,0,0.0,2,11.111,1,5.556,0,0.0,,4,5,0,0.0,0,4867,0.0,0.4,0,0.0,180
Pa4dad52ff4,,,,,,,,,0,,,,,,,,,,,,,,,,,,,,,,,,,,,,,,,,
Pa4e79c2199,0,0.0,0,0.0,0,0.0,2,9.95,1,1,4.975,0,0.0,0,0.0,4,19.9,0,0.0,0,0.0,1,4.975,0,0.0,0,0.0,0,0.0,,6,5,0,0.0,0,3889,0.0,0.0,0,0.0,201
Pa5128e8532,1,1.799,0,0.0,0,0.0,9,16.187,1,10,17.986,0,0.0,0,0.0,0,0.0,1,1.799,0,0.0,0,0.0,5,8.993,0,0.0,1,3.597,,18,10,0,0.0,0,12397,0.0,0.625,1,1.799,556
Pa526a12aa4,,,,,,,,,0,,,,,,,,,,,,,,,,,,,,,,,,,,,,,,,,
Pa548aa166c,0,0.0,0,0.0,0,0.0,0,0.0,1,1,1.845,0,0.0,0,0.0,0,0.0,0,0.0,2,3.69,0,0.0,7,12.915,0,0.0,0,0.0,,13,3,1,1.845,0,6742,0.0,0.417,0,0.0,542
Pa56ca2c36c,0,0.0,1,5.0,0,0.0,0,0.0,1,0,0.0,0,0.0,0,0.0,0,0.0,0,0.0,0,0.0,4,20.0,2,10.0,0,0.0,0,0.0,,2,5,0,0.0,0,2112,0.0,0.4,0,0.0,200
Pa59b169e09,,,,,,,,,0,,,,,,,,,,,,,,,,,,,,,,,,,,,,,,,,
Pa5a2a6e8b9,,,,,,,,,0,,,,,,,,,,,,,,,,,,,,,,,,,,,,,,,,
Pa5d4a8fef6,0,0.0,0,0.0,0,0.0,2,3.091,1,8,12.365,0,0.0,0,0.0,5,7.728,0,0.0,1,1.546,1,1.546,4,6.182,1,4.637,1,3.091,,25,8,4,6.182,0,13106,0.0,0.375,1,3.091,647
Pa5d86611c0,,,,,,,,,0,,,,,,,,,,,,,,,,,,,,,,,,,,,,,,,,
Pa5e266180e,0,0.0,0,0.0,0,0.0,2,4.405,1,0,0.0,5,11.013,0,0.0,2,4.405,0,0.0,1,2.203,1,2.203,0,0.0,0,0.0,0,0.0,,10,6,0,0.0,0,7421,0.0,-0.25,1,2.203,454
Pa6029bb5a6,0,0.0,2,2.252,0,0.0,15,16.892,1,7,7.883,7,7.883,0,0.0,0,0.0,0,0.0,1,1.126,3,3.378,4,4.505,0,0.0,1,1.126,,51,5,4,4.505,0,23997,0.0,0.375,1,1.126,888
Pa610141ccc,0,0.0,0,0.0,0,0.0,5,14.205,1,1,2.841,2,5.682,0,0.0,0,0.0,0,0.0,1,2.841,3,8.523,4,11.364,0,0.0,1,5.682,,0,1,2,5.682,0,2547,0.0,0.375,0,0.0,352
Pa6b76d042d,0,0.0,0,0.0,0,0.0,6,7.884,1,2,2.628,1,1.314,0,0.0,4,5.256,0,0.0,0,0.0,6,7.884,5,6.57,0,0.0,1,1.314,,14,9,0,0.0,0,11595,0.0,0.625,0,0.0,761
Pa760c9001c,,,,,,,,,0,,,,,,,,,,,,,,,,,,,,,,,,,,,,,,,,
Pa76a1ce248,0,0.0,0,0.0,0,0.0,5,4.673,1,4,3.738,0,0.0,0,0.0,0,0.0,0,0.0,1,0.935,15,14.019,15,14.019,0,0.0,0,0.0,,11,10,4,3.738,0,12605,0.0,0.737,0,0.0,1070
Pa779a7b0cf,0,0.0,0,0.0,0,0.0,0,0.0,1,1,3.521,0,0.0,0,0.0,8,28.169,0,0.0,0,0.0,0,0.0,2,7.042,0,0.0,0,0.0,,4,7,0,0.0,0,4298,0.0,0.4,0,0.0,284
Pa79b34cca8,1,1.835,2,3.67,0,0.0,1,1.835,1,3,5.505,0,0.0,0,0.0,0,0.0,0,0.0,0,0.0,3,5.505,1,1.835,0,0.0,0,0.0,,9,4,1,1.835,0,6681,0.0,0.25,1,1.835,545
Pa7dbf13041,0,0.0,1,1.57,0,0.0,2,3.14,1,12,18.838,1,1.57,0,0.0,0,0.0,1,3.14,1,1.57,2,3.14,6,9.419,0,0.0,1,4.71,,23,8,2,3.14,0,12328,0.0,0.5,0,0.0,637
Pa813594724,0,0.0,0,0.0,0,0.0,3,7.444,1,3,7.444,0,0.0,0,0.0,4,9.926,0,0.0,0,0.0,4,9.926,1,2.481,0,0.0,0,0.0,,11,6,3,7.444,0,7203,0.0,0.25,1,2.481,403
Pa89859be17,0,0.0,2,9.615,0,0.0,1,4.808,1,0,0.0,1,4.808,0,0.0,0,0.0,0,0.0,0,0.0,2,9.615,0,0.0,0,0.0,0,0.0,,10,5,0,0.0,0,3783,0.0,0.0,0,0.0,208
Pa9426d162d,0,0.0,0,0.0,1,2.165,2,4.329,1,0,0.0,1,2.165,0,0.0,0,0.0,0,0.0,0,0.0,0,0.0,5,10.823,0,0.0,0,0.0,,17,5,1,2.165,0,9078,0.0,0.625,0,0.0,462
Pa95793f720,1,1.773,0,0.0,0,0.0,3,5.319,1,5,8.865,3,5.319,0,0.0,4,7.092,1,1.773,0,0.0,2,3.546,2,3.546,0,0.0,1,3.546,,16,7,0,0.0,0,10751,0.0,0.4,0,0.0,564
Pa98bcc077b,1,1.079,0,0.0,0,0.0,0,0.0,1,6,6.472,1,1.079,0,0.0,0,0.0,1,1.079,0,0.0,4,4.315,3,3.236,1,2.157,1,2.157,,17,9,5,5.394,0,11586,0.0,0.5,0,0.0,927
Pa9cae64430,2,0.775,3,1.162,1,0.387,2,0.775,1,37,14.33,0,0.0,0,0.0,38,14.717,1,0.387,1,0.387,8,3.098,22,8.521,1,5.809,1,2.711,3,94,15,3,1.162,0,42848,0.0,0.808,1,0.775,2582
Pa9d4084dfb,0,0.0,0,0.0,0,0.0,0,0.0,1,0,0.0,0,0.0,0,0.0,6,26.087,0,0.0,0,0.0,1,4.348,1,4.348,0,0.0,0,0.0,,2,4,0,0.0,0,3091,0.0,0.25,0,0.0,230
Paa277db6ca,,,,,,,,,0,,,,,,,,,,,,,,,,,,,,,,,,,,,,,,,,
Paa36360f59,2,4.854,0,0.0,0,0.0,5,12.136,1,3,7.282,0,0.0,0,0.0,0,0.0,0,0.0,0,0.0,0,0.0,3,7.282,0,0.0,0,0.0,,3,7,1,2.427,0,4080,0.0,0.5,0,0.0,412
Paa92a86ff3,1,3.077,0,0.0,0,0.0,1,3.077,1,3,9.231,0,0.0,0,0.0,0,0.0,0,0.0,0,0.0,3,9.231,1,3.077,0,0.0,0,0.0,,6,6,0,0.0,0,5793,0.0,0.25,0,0.0,325
Paac5dcb74c,0,0.0,0,0.0,0,0.0,1,1.754,1,12,21.053,0,0.0,0,0.0,4,7.018,0,0.0,0,0.0,3,5.263,4,7.018,0,0.0,1,3.509,,17,9,5,8.772,0,11961,0.0,0.571,0,0.0,570
Paae5adeebf,0,0.0,0,0.0,0,0.0,2,1.907,1,21,20.019,2,1.907,0,0.0,8,7.626,1,0.953,0,0.0,7,6.673,10,9.533,0,0.0,1,1.907,,41,9,0,0.0,0,25533,0.0,0.769,0,0.0,1049
Pab169ed872,0,0.0,0,0.0,0,0.0,0,0.0,1,2,6.135,0,0.0,0,0.0,0,0.0,0,0.0,0,0.0,0,0.0,2,6.135,0,0.0,1,3.067,,8,4,0,0.0,0,5855,0.0,0.4,0,0.0,326
Pab257f8a15,0,0.0,0,0.0,0,0.0,1,2.488,1,4,9.95,0,0.0,0,0.0,0,0.0,0,0.0,0,0.0,1,2.488,2,4.975,0,0.0,1,2.488,,4,5,1,2.488,0,3826,0.0,0.4,0,0.0,402
Pab39ee5462,0,0.0,1,2.481,0,0.0,1,2.481,1,1,2.481,0,0.0,0,0.0,6,14.888,1,2.481,0,0.0,2,4.963,0,0.0,0,0.0,1,7.444,,15,5,2,4.963,0,7529,0.0,0.0,0,0.0,403
Pab534e249b,1,2.075,0,0.0,0,0.0,2,4.149,1,5,10.373,1,2.075,0,0.0,7,14.523,0,0.0,2,4.149,1,2.075,3,6.224,0,0.0,0,0.0,,6,5,2,4.149,0,4375,0.0,0.125,0,0.0,482
Pab86c7dfaf,0,0.0,0,0.0,2,5.865,0,0.0,1,1,2.933,0,0.0,0,0.0,0,0.0,0,0.0,0,0.0,0,0.0,1,2.933,0,0.0,1,5.865,,1,3,0,0.0,0,3198,0.0,0.25,0,0.0,341
Pab87e9a8b8,0,0.0,2,2.99,0,0.0,1,1.495,1,3,4.484,2,2.99,0,0.0,0,0.0,0,0.0,0,0.0,6,8.969,5,7.474,0,0.0,0,0.0,,3,7,3,4.484,0,6498,0.0,0.625,0,0.0,669
Pabb4255b19,,,,,,,,,0,,,,,,,,,,,,,,,,,,,,,,,,,,,,,,,,
Pac178f1473,1,1.274,0,0.0,0,0.0,0,0.0,1,5,6.369,0,0.0,0,0.0,0,0.0,0,0.0,1,1.274,0,0.0,6,7.643,0,0.0,0,0.0,,23,7,8,10.191,0,14022,0.0,0.5,0,0.0,785
Pac419c235c,,,,,,,,,0,,,,,,,,,,,,,,,,,,,,,,,,,,,,,,,,
Pac436e0a75,0,0.0,0,0.0,3,9.967,0,0.0,1,2,6.645,0,0.0,0,0.0,0,0.0,0,0.0,0,0.0,5,16.611,2,6.645,0,0.0,0,0.0,,0,4,0,0.0,0,2122,0.0,0.4,0,0.0,301
Pac5bd0e496,1,2.347,1,2.347,0,0.0,0,0.0,1,4,9.39,0,0.0,0,0.0,2,4.695,0,0.0,0,0.0,0,0.0,1,2.347,0,0.0,0,0.0,,0,4,4,9.39,0,3081,0.0,0.25,0,0.0,426
Paca468f5b5,0,0.0,0,0.0,1,1.17,2,2.339,1,1,1.17,0,0.0,0,0.0,32,37.427,0,0.0,0,0.0,0,0.0,1,1.17,0,0.0,0,0.0,,21,11,0,0.0,0,11485,0.0,0.25,1,1.17,855
Pace4fe8116,,,,,,,,,0,,,,,,,,,,,,,,,,,,,,,,,,,,,,,,,,
Pad0b972baf,0,0.0,0,0.0,0,0.0,4,4.301,1,13,13.978,0,0.0,0,0.0,0,0.0,0,0.0,0,0.0,1,1.075,13,13.978,1,1.075,1,1.075,,26,8,0,0.0,0,15411,0.0,0.812,0,0.0,930
Pad16010a79,0,0.0,2,2.191,1,1.095,3,3.286,1,2,2.191,0,0.0,0,0.0,2,2.191,0,0.0,0,0.0,0,0.0,5,5.476,0,0.0,0,0.0,,13,8,0,0.0,0,10183,0.0,0.625,1,1.095,913
Pad2abbabb5,4,2.046,1,0.512,1,0.512,12,6.138,1,27,13.811,2,1.023,0,0.0,1,0.512,0,0.0,4,2.046,8,4.092,10,5.115,0,0.0,0,0.0,,71,12,3,1.535,0,33844,0.0,0.353,1,2.046,1955
Pad8df3794d,0,0.0,0,0.0,0,0.0,0,0.0,1,1,3.436,0,0.0,0,0.0,0,0.0,0,0.0,0,0.0,0,0.0,0,0.0,0,0.0,0,0.0,,0,1,0,0.0,0,2600,0.0,0.0,0,0.0,291
Pad8e6fd6b0,1,2.041,0,0.0,0,0.0,0,0.0,1,9,18.367,0,0.0,0,0.0,0,0.0,0,0.0,0,0.0,0,0.0,3,6.122,0,0.0,0,0.0,,10,6,1,2.041,0,5556,0.0,0.5,0,0.0,490
Pad940d555c,,,,,,,,,0,,,,,,,,,,,,,,,,,,,,,,,,,,,,,,,,
Pad9c27fcb6,0,0.0,0,0.0,0,0.0,6,9.063,1,5,7.553,1,1.511,0,0.0,0,0.0,1,1.511,0,0.0,1,1.511,2,3.021,0,0.0,1,1.511,,16,8,0,0.0,0,12644,0.0,0.4,1,4.532,662
Pada60a9da7,0,0.0,0,0.0,0,0.0,7,10.417,1,7,10.417,0,0.0,0,0.0,5,7.44,0,0.0,3,4.464,1,1.488,1,1.488,1,1.488,0,0.0,,19,8,2,2.976,0,13015,0.0,-0.286,1,2.976,672
Padf63a93ad,0,0.0,0,0.0,0,0.0,3,6.696,1,6,13.393,0,0.0,0,0.0,5,11.161,0,0.0,0,0.0,2,4.464,2,4.464,1,8.929,1,2.232,,16,9,0,0.0,0,11067,0.0,0.4,1,4.464,448
Pae0e6be256,,,,,,,,,0,,,,,,,,,,,,,,,,,,,,,,,,,,,,,,,,
Pae17b87a4a,0,0.0,0,0.0,0,0.0,4,5.722,1,7,10.014,0,0.0,0,0.0,5,7.153,1,1.431,1,1.431,0,0.0,4,5.722,1,1.431,1,2.861,5,14,8,1,1.431,0,8766,0.0,0.375,1,1.431,699
Pae46fa4aa5,0,0.0,0,0.0,0,0.0,1,2.618,1,3,7.853,0,0.0,0,0.0,0,0.0,0,0.0,1,2.618,2,5.236,2,5.236,0,0.0,0,0.0,,15,7,2,5.236,0,8349,0.0,0.167,0,0.0,382
Paeace7e70c,,,,,,,,,0,,,,,,,,,,,,,,,,,,,,,,,,,,,,,,,,
Paee04abbe6,0,0.0,0,0.0,0,0.0,0,0.0,1,0,0.0,0,0.0,0,0.0,7,19.022,0,0.0,0,0.0,1,2.717,1,2.717,0,0.0,0,0.0,,10,7,0,0.0,0,6433,0.0,0.25,0,0.0,368
Paef9538004,1,0.456,0,0.0,7,3.192,5,2.28,1,13,5.928,0,0.0,0,0.0,0,0.0,0,0.0,1,0.456,11,5.016,33,15.048,0,0.0,0,0.0,,83,12,11,5.016,0,38844,0.0,0.865,0,0.0,2193
Paf63a5d230,0,0.0,0,0.0,0,0.0,1,1.789,1,0,0.0,0,0.0,0,0.0,2,3.578,0,0.0,0,0.0,2,3.578,1,1.789,0,0.0,0,0.0,,3,8,2,3.578,0,5546,0.0,0.25,0,0.0,559
Paf6a9c1c9e,,,,,,,,,0,,,,,,,,,,,,,,,,,,,,,,,,,,,,,,,,
Paf6b5cd8b6,0,0.0,1,0.439,3,1.318,1,0.439,1,0,0.0,3,1.318,0,0.0,0,0.0,0,0.0,1,0.439,3,1.318,12,5.272,0,0.0,1,0.439,,103,7,10,4.394,0,44353,0.0,0.688,0,0.0,2276
Paf7b3d5c90,,,,,,,,,0,,,,,,,,,,,,,,,,,,,,,,,,,,,,,,,,
Paf95fb158c,0,0.0,0,0.0,0,0.0,0,0.0,1,0,0.0,0,0.0,0,0.0,2,4.264,0,0.0,0,0.0,0,0.0,0,0.0,0,0.0,0,0.0,,10,6,0,0.0,0,7111,0.0,0.0,0,0.0,469
Paf99c23c4d,0,0.0,0,0.0,0,0.0,5,8.606,1,9,15.491,0,0.0,0,0.0,6,10.327,0,0.0,0,0.0,2,3.442,5,8.606,1,3.442,0,0.0,,11,8,0,0.0,0,9825,0.0,0.625,1,3.442,581
Pafb050f1ad,0,0.0,0,0.0,0,0.0,1,3.145,1,1,3.145,1,3.145,0,0.0,0,0.0,0,0.0,0,0.0,4,12.579,3,9.434,0,0.0,1,3.145,,10,5,1,3.145,0,5763,0.0,0.5,0,0.0,318
Paff659398c,,,,,,,,,0,,,,,,,,,,,,,,,,,,,,,,,,,,,,,,,,
Pafffac98b2,0,0.0,0,0.0,0,0.0,3,5.859,1,0,0.0,0,0.0,0,0.0,0,0.0,0,0.0,0,0.0,1,1.953,0,0.0,0,0.0,0,0.0,,10,8,1,1.953,0,7960,0.0,0.0,1,9.766,512
Pb01091942c,0,0.0,0,0.0,0,0.0,0,0.0,1,0,0.0,0,0.0,0,0.0,0,0.0,0,0.0,0,0.0,0,0.0,0,0.0,0,0.0,0,0.0,,0,0,0,0.0,0,1159,0.0,0.0,0,0.0,91
Pb035a35ee9,0,0.0,0,0.0,1,2.375,1,2.375,1,7,16.627,0,0.0,0,0.0,0,0.0,0,0.0,0,0.0,0,0.0,5,11.876,0,0.0,0,0.0,,18,6,2,4.751,0,7138,0.0,0.625,0,0.0,421
Pb047bb4747,,,,,,,,,0,,,,,,,,,,,,,,,,,,,,,,,,,,,,,,,,
Pb067831a66,0,0.0,0,0.0,0,0.0,0,0.0,1,2,6.557,1,3.279,0,0.0,0,0.0,0,0.0,1,3.279,0,0.0,1,3.279,0,0.0,0,0.0,,2,3,1,3.279,0,5030,0.0,0.0,0,0.0,305
Pb07d6373bb,0,0.0,0,0.0,1,1.695,1,1.695,1,1,1.695,4,6.78,0,0.0,0,0.0,0,0.0,0,0.0,1,1.695,5,8.475,0,0.0,0,0.0,,19,6,2,3.39,0,10093,0.0,0.625,1,6.78,590
Pb0cd5d409b,2,3.711,0,0.0,0,0.0,5,9.276,1,4,7.421,1,1.855,0,0.0,0,0.0,0,0.0,0,0.0,1,1.855,2,3.711,0,0.0,1,1.855,,19,7,2,3.711,0,11402,0.0,0.4,0,0.0,539
Pb0e43997bd,0,0.0,0,0.0,3,5.445,0,0.0,1,3,5.445,0,0.0,0,0.0,0,0.0,1,1.815,0,0.0,0,0.0,13,23.593,0,0.0,1,7.26,,27,8,5,9.074,0,9039,0.0,0.812,0,0.0,551
Pb1001f743e,0,0.0,0,0.0,0,0.0,1,1.969,1,0,0.0,0,0.0,0,0.0,5,9.843,0,0.0,0,0.0,3,5.906,2,3.937,0,0.0,1,3.937,,14,7,3,5.906,0,8102,0.0,0.4,0,0.0,508
Pb10604e423,,,,,,,,,0,,,,,,,,,,,,,,,,,,,,,,,,,,,,,,,,
Pb149e1d8c2,0,0.0,0,0.0,0,0.0,2,3.584,1,1,1.792,2,3.584,0,0.0,0,0.0,0,0.0,0,0.0,7,12.545,2,3.584,0,0.0,0,0.0,,10,7,0,0.0,0,8865,0.0,0.4,1,1.792,558
Pb14f594f0a,0,0.0,1,1.957,0,0.0,0,0.0,1,0,0.0,8,15.656,0,0.0,0,0.0,0,0.0,0,0.0,2,3.914,1,1.957,0,0.0,0,0.0,,6,8,1,1.957,0,6609,0.0,0.25,0,0.0,511
Pb15c668c3a,0,0.0,0,0.0,1,1.605,4,6.421,1,6,9.631,1,1.605,0,0.0,0,0.0,0,0.0,0,0.0,2,3.21,4,6.421,0,0.0,0,0.0,,26,4,0,0.0,0,12959,0.0,0.571,0,0.0,623
Pb16e641fe9,0,0.0,0,0.0,0,0.0,0,0.0,1,0,0.0,1,1.984,0,0.0,0,0.0,0,0.0,1,1.984,6,11.905,1,1.984,0,0.0,0,0.0,,8,7,1,1.984,0,7900,0.0,0.0,0,0.0,504
Pb172e7dcfc,0,0.0,0,0.0,0,0.0,0,0.0,1,0,0.0,0,0.0,0,0.0,0,0.0,0,0.0,0,0.0,0,0.0,0,0.0,0,0.0,1,4.386,,1,1,1,4.386,0,3149,0.0,0.0,0,0.0,228
Pb18185e9fe,1,4.608,0,0.0,0,0.0,0,0.0,1,1,4.608,0,0.0,0,0.0,7,32.258,0,0.0,0,0.0,0,0.0,0,0.0,0,0.0,0,0.0,,2,6,0,0.0,2,2821,9.217,0.0,0,0.0,217
Pb1c5565b99,0,0.0,0,0.0,0,0.0,1,2.488,1,1,2.488,0,0.0,0,0.0,3,7.463,0,0.0,0,0.0,0,0.0,2,4.975,1,9.95,0,0.0,,13,6,0,0.0,0,6299,0.0,0.4,0,0.0,402
Pb1d56c9c96,1,1.119,0,0.0,0,0.0,1,1.119,1,11,12.304,0,0.0,0,0.0,4,4.474,0,0.0,0,0.0,0,0.0,6,6.711,0,0.0,0,0.0,,22,12,4,4.474,0,14630,0.0,0.667,1,2.237,894
Pb2632428b5,0,0.0,0,0.0,0,0.0,3,3.974,1,0,0.0,2,2.649,0,0.0,10,13.245,1,2.649,1,1.325,0,0.0,9,11.921,0,0.0,1,3.974,,27,12,1,1.325,0,15047,0.0,0.615,0,0.0,755
Pb380360b47,,,,,,,,,0,,,,,,,,,,,,,,,,,,,,,,,,,,,,,,,,
Pb3a7a6f86b,0,0.0,0,0.0,0,0.0,0,0.0,1,12,31.414,0,0.0,0,0.0,0,0.0,0,0.0,1,2.618,0,0.0,3,7.853,0,0.0,0,0.0,,1,8,0,0.0,0,3936,0.0,0.286,0,0.0,382
Pb3be83363c,0,0.0,0,0.0,0,0.0,1,2.404,1,7,16.827,0,0.0,0,0.0,0,0.0,0,0.0,0,0.0,0,0.0,2,4.808,0,0.0,0,0.0,,6,7,0,0.0,0,5336,0.0,0.4,0,0.0,416
Pb3cfb2c388,0,0.0,0,0.0,0,0.0,20,10.272,1,3,1.541,0,0.0,0,0.0,29,14.895,0,0.0,0,0.0,10,5.136,1,0.514,0,0.0,0,0.0,,34,16,18,9.245,0,19555,0.0,0.25,0,0.0,1947
Pb3e080e381,,,,,,,,,0,,,,,,,,,,,,,,,,,,,,,,,,,,,,,,,,
Pb3e461d4cf,0,0.0,1,2.825,0,0.0,0,0.0,1,0,0.0,0,0.0,0,0.0,0,0.0,0,0.0,0,0.0,2,5.65,1,2.825,0,0.0,0,0.0,,11,7,5,14.124,0,7460,0.0,0.25,1,2.825,354
Pb46ac34cd7,1,2.564,0,0.0,1,2.564,0,0.0,1,6,15.385,0,0.0,0,0.0,1,2.564,0,0.0,0,0.0,0,0.0,3,7.692,0,0.0,0,0.0,,5,5,3,7.692,0,4505,0.0,0.5,0,0.0,390
Pb4a7c38947,0,0.0,0,0.0,0,0.0,0,0.0,1,9,23.81,2,5.291,0,0.0,0,0.0,0,0.0,0,0.0,0,0.0,2,5.291,0,0.0,0,0.0,,10,5,1,2.646,0,6708,0.0,0.4,1,2.646,378
Pb4d81376d2,0,0.0,0,0.0,0,0.0,3,4.144,1,1,1.381,0,0.0,0,0.0,0,0.0,0,0.0,0,0.0,1,1.381,3,4.144,0,0.0,0,0.0,,20,9,2,2.762,0,12319,0.0,0.5,1,2.762,724
Pb4e1522182,0,0.0,2,2.387,0,0.0,4,4.773,1,6,7.16,1,1.193,0,0.0,0,0.0,0,0.0,1,1.193,2,2.387,6,7.16,0,0.0,1,1.193,,19,6,3,3.58,0,11305,0.0,0.5,0,0.0,838
Pb51c66667f,0,0.0,0,0.0,0,0.0,1,3.003,1,10,30.03,0,0.0,0,0.0,0,0.0,1,3.003,0,0.0,0,0.0,4,12.012,0,0.0,1,6.006,,8,8,1,3.003,0,6083,0.0,0.571,0,0.0,333
Pb53e68dfee,,,,,,,,,0,,,,,,,,,,,,,,,,,,,,,,,,,,,,,,,,
Pb58f931dd3,0,0.0,0,0.0,0,0.0,0,0.0,1,4,7.663,0,0.0,0,0.0,3,5.747,0,0.0,0,0.0,1,1.916,3,5.747,0,0.0,1,1.916,,7,7,0,0.0,0,5954,0.0,0.5,0,0.0,522
Pb59be03b24,,,,,,,,,0,,,,,,,,,,,,,,,,,,,,,,,,,,,,,,,,
Pb5af3844f5,,,,,,,,,0,,,,,,,,,,,,,,,,,,,,,,,,,,,,,,,,
Pb5da2dd439,0,0.0,0,0.0,0,0.0,2,4.843,1,3,7.264,0,0.0,0,0.0,7,16.949,0,0.0,0,0.0,0,0.0,4,9.685,0,0.0,0,0.0,,0,4,1,2.421,0,5650,0.0,0.571,0,0.0,413
Pb5ebcb5d6c,0,0.0,0,0.0,0,0.0,1,0.947,1,14,13.258,0,0.0,0,0.0,0,0.0,0,0.0,0,0.0,1,0.947,9,8.523,0,0.0,0,0.0,,28,12,0,0.0,0,15601,0.0,0.75,0,0.0,1056
Pb5f59c2405,0,0.0,2,1.18,0,0.0,8,4.72,1,12,7.08,2,1.18,0,0.0,13,7.67,0,0.0,2,1.18,0,0.0,7,4.13,0,0.0,0,0.0,,65,10,7,4.13,1,38354,0.59,0.417,0,0.0,1695
Pb69fbd28c6,1,1.511,0,0.0,0,0.0,0,0.0,1,10,15.106,0,0.0,0,0.0,0,0.0,0,0.0,0,0.0,1,1.511,4,6.042,0,0.0,0,0.0,,20,7,5,7.553,0,13447,0.0,0.571,0,0.0,662
Pb70d7d0b57,0,0.0,0,0.0,0,0.0,2,6.897,1,3,10.345,0,0.0,0,0.0,0,0.0,0,0.0,0,0.0,2,6.897,2,6.897,0,0.0,0,0.0,,0,3,3,10.345,0,3237,0.0,0.4,0,0.0,290
Pb7270acc46,0,0.0,0,0.0,0,0.0,5,11.111,1,1,2.222,0,0.0,0,0.0,8,17.778,0,0.0,1,2.222,0,0.0,2,4.444,0,0.0,0,0.0,,24,5,2,4.444,0,12437,0.0,0.167,0,0.0,450
Pb74259d44e,,,,,,,,,0,,,,,,,,,,,,,,,,,,,,,,,,,,,,,,,,
Pb74dcb5e35,0,0.0,2,1.802,1,0.901,1,0.901,1,8,7.207,1,0.901,0,0.0,2,1.802,0,0.0,1,0.901,5,4.505,15,13.514,0,0.0,1,0.901,,51,7,0,0.0,0,23977,0.0,0.737,0,0.0,1110
Pb7d583a85a,2,3.367,0,0.0,0,0.0,3,5.051,1,10,16.835,0,0.0,0,0.0,0,0.0,0,0.0,0,0.0,0,0.0,4,6.734,1,10.101,1,1.684,,23,8,0,0.0,0,13345,0.0,0.571,1,1.684,594
Pb7edd3ead7,,,,,,,,,0,,,,,,,,,,,,,,,,,,,,,,,,,,,,,,,,
Pb7f87f6748,,,,,,,,,0,,,,,,,,,,,,,,,,,,,,,,,,,,,,,,,,
Pb8a773b356,0,0.0,1,5.525,0,0.0,0,0.0,1,0,0.0,0,0.0,0,0.0,0,0.0,0,0.0,0,0.0,2,11.05,2,11.05,1,5.525,0,0.0,,3,4,0,0.0,0,3575,0.0,0.4,0,0.0,181
Pb9c495a67d,12,1.781,1,0.148,6,0.89,16,2.375,1,75,11.131,3,0.445,0,0.0,22,3.265,0,0.0,1,0.148,5,0.742,38,5.64,1,0.445,1,0.445,,328,17,3,0.445,0,133942,0.0,0.881,0,0.0,6738
Pb9c8134dba,,,,,,,,,0,,,,,,,,,,,,,,,,,,,,,,,,,,,,,,,,
Pb9eccb67f7,0,0.0,0,0.0,0,0.0,4,5.291,1,2,2.646,0,0.0,0,0.0,12,15.873,0,0.0,0,0.0,0,0.0,3,3.968,1,3.968,0,0.0,,19,9,0,0.0,0,11451,0.0,0.5,0,0.0,756
Pba03162225,0,0.0,0,0.0,1,1.821,0,0.0,1,4,7.286,2,3.643,1,1.821,0,0.0,0,0.0,1,1.821,2,3.643,4,7.286,0,0.0,1,5.464,,22,7,2,3.643,0,10779,0.0,0.375,0,0.0,549
Pba0c961d37,0,0.0,0,0.0,0,0.0,0,0.0,1,3,7.229,1,2.41,0,0.0,0,0.0,1,4.819,2,4.819,0,0.0,2,4.819,0,0.0,1,7.229,10,3,2,1,2.41,0,4464,0.0,0.0,0,0.0,415
Pba3a4faeb9,0,0.0,1,0.446,4,1.786,21,9.375,1,24,10.714,4,1.786,0,0.0,3,1.339,0,0.0,1,0.446,27,12.054,20,8.929,1,2.679,0,0.0,,45,10,34,15.179,0,25674,0.0,0.792,1,0.446,2240
Pba698d642d,5,4.003,0,0.0,5,4.003,5,4.003,1,25,20.016,4,3.203,0,0.0,7,5.604,0,0.0,0,0.0,1,0.801,4,3.203,0,0.0,0,0.0,3,42,8,0,0.0,0,22974,0.0,0.571,1,1.601,1249
Pba95727095,0,0.0,0,0.0,0,0.0,2,4.193,1,1,2.096,4,8.386,0,0.0,0,0.0,0,0.0,0,0.0,1,2.096,1,2.096,0,0.0,1,4.193,,14,7,0,0.0,0,8700,0.0,0.25,0,0.0,477
Pbac4f67696,0,0.0,0,0.0,0,0.0,0,0.0,1,0,0.0,0,0.0,0,0.0,0,0.0,0,0.0,0,0.0,0,0.0,0,0.0,0,0.0,0,0.0,,3,6,0,0.0,0,2356,0.0,0.0,0,0.0,125
Pbb4d6101de,,,,,,,,,0,,,,,,,,,,,,,,,,,,,,,,,,,,,,,,,,
Pbb5225b691,0,0.0,0,0.0,0,0.0,0,0.0,1,2,7.692,5,19.231,0,0.0,0,0.0,0,0.0,0,0.0,0,0.0,2,7.692,0,0.0,0,0.0,,4,3,0,0.0,0,3682,0.0,0.4,0,0.0,260
Pbb988d44ca,1,0.493,0,0.0,0,0.0,10,4.929,1,5,2.464,2,0.986,0,0.0,1,0.493,0,0.0,2,0.986,2,0.986,16,7.886,0,0.0,1,0.493,,69,11,1,0.493,0,29671,0.0,0.667,0,0.0,2029
Pbbde966f1e,,,,,,,,,0,,,,,,,,,,,,,,,,,,,,,,,,,,,,,,,,
Pbbec177bac,,,,,,,,,0,,,,,,,,,,,,,,,,,,,,,,,,,,,,,,,,
Pbbefe0eca9,1,2.392,0,0.0,0,0.0,7,16.746,1,7,16.746,3,7.177,0,0.0,0,0.0,0,0.0,0,0.0,2,4.785,2,4.785,0,0.0,0,0.0,,12,7,0,0.0,0,9131,0.0,0.4,0,0.0,418
Pbbfb6a2c4a,,,,,,,,,0,,,,,,,,,,,,,,,,,,,,,,,,,,,,,,,,
Pbc201d669f,,,,,,,,,0,,,,,,,,,,,,,,,,,,,,,,,,,,,,,,,,
Pbc4309c829,0,0.0,1,0.959,0,0.0,4,3.835,1,8,7.67,1,0.959,0,0.0,0,0.0,0,0.0,2,1.918,5,4.794,11,10.547,0,0.0,0,0.0,,33,10,4,3.835,0,17298,0.0,0.562,0,0.0,1043
Pbc5a0470c9,1,1.271,0,0.0,4,5.083,1,1.271,1,6,7.624,0,0.0,0,0.0,0,0.0,0,0.0,1,1.271,1,1.271,4,5.083,0,0.0,1,1.271,,0,0,0,0.0,0,4558,0.0,0.375,0,0.0,787
Pbc5d4fc393,1,1.024,0,0.0,0,0.0,0,0.0,1,6,6.141,6,6.141,0,0.0,0,0.0,1,2.047,2,2.047,0,0.0,4,4.094,0,0.0,1,2.047,,11,6,8,8.188,0,10913,0.0,0.222,0,0.0,977
Pbc9cc4070d,,,,,,,,,0,,,,,,,,,,,,,,,,,,,,,,,,,,,,,,,,
Pbcd324b348,0,0.0,0,0.0,0,0.0,0,0.0,1,8,17.094,0,0.0,0,0.0,1,2.137,0,0.0,0,0.0,4,8.547,4,8.547,0,0.0,0,0.0,,1,3,0,0.0,0,3951,0.0,0.571,0,0.0,468
Pbcdd20a9f9,0,0.0,0,0.0,0,0.0,1,2.809,1,0,0.0,0,0.0,0,0.0,3,8.427,0,0.0,0,0.0,0,0.0,2,5.618,1,5.618,1,2.809,,15,5,0,0.0,0,8190,0.0,0.4,1,8.427,356
Pbd1bd31363,,,,,,,,,0,,,,,,,,,,,,,,,,,,,,,,,,,,,,,,,,
Pbd2eb786d3,1,0.439,0,0.0,0,0.0,3,1.317,1,2,0.878,4,1.756,0,0.0,0,0.0,0,0.0,4,1.756,9,3.951,6,2.634,0,0.0,0,0.0,,9,8,3,1.317,0,18649,0.0,0.154,0,0.0,2278
Pbdde11b624,1,1.681,0,0.0,0,0.0,4,6.723,1,8,13.445,1,1.681,0,0.0,0,0.0,0,0.0,0,0.0,7,11.765,7,11.765,0,0.0,0,0.0,,8,6,2,3.361,0,8718,0.0,0.7,1,1.681,595
Pbe096a5b87,0,0.0,1,3.215,0,0.0,0,0.0,1,0,0.0,0,0.0,0,0.0,0,0.0,0,0.0,0,0.0,1,3.215,1,3.215,1,3.215,0,0.0,,11,4,2,6.431,0,6559,0.0,0.25,1,3.215,311
Pbe6b6d05a9,0,0.0,1,3.891,0,0.0,1,3.891,1,2,7.782,0,0.0,0,0.0,0,0.0,0,0.0,1,3.891,1,3.891,2,7.782,0,0.0,0,0.0,,5,2,1,3.891,0,3928,0.0,0.167,0,0.0,257
Pbe6ed6fd51,0,0.0,0,0.0,0,0.0,1,1.1,1,6,6.601,7,7.701,0,0.0,0,0.0,0,0.0,0,0.0,11,12.101,7,7.701,0,0.0,0,0.0,,14,6,0,0.0,0,9924,0.0,0.7,0,0.0,909
Pbea2d75e26,0,0.0,0,0.0,0,0.0,2,1.646,1,5,4.115,2,1.646,0,0.0,17,13.992,0,0.0,2,1.646,2,1.646,3,2.469,0,0.0,0,0.0,,45,8,1,0.823,0,22705,0.0,0.125,0,0.0,1215
Pbed27928bf,0,0.0,0,0.0,0,0.0,0,0.0,1,0,0.0,1,2.778,0,0.0,15,41.667,0,0.0,0,0.0,3,8.333,2,5.556,0,0.0,1,2.778,,6,5,0,0.0,0,5101,0.0,0.4,0,0.0,360
Pbf5a7a4d5b,0,0.0,1,1.29,0,0.0,4,5.161,1,2,2.581,0,0.0,0,0.0,10,12.903,0,0.0,0,0.0,7,9.032,3,3.871,0,0.0,0,0.0,,32,6,3,3.871,0,12413,0.0,0.5,0,0.0,775
Pbf890a872a,2,1.925,3,2.887,1,0.962,4,3.85,1,4,3.85,1,0.962,0,0.0,1,0.962,0,0.0,1,0.962,1,0.962,12,11.55,0,0.0,1,0.962,,25,9,3,2.887,0,9112,0.0,0.688,0,0.0,1039
Pbfadf35dca,0,0.0,1,0.803,0,0.0,3,2.41,1,1,0.803,7,5.622,0,0.0,0,0.0,0,0.0,1,0.803,3,2.41,5,4.016,0,0.0,0,0.0,,55,10,5,4.016,0,27829,0.0,0.444,0,0.0,1245
Pbfcceae701,,,,,,,,,0,,,,,,,,,,,,,,,,,,,,,,,,,,,,,,,,
Pbfdaa31fd0,4,3.81,2,1.905,0,0.0,10,9.524,1,21,20.0,0,0.0,0,0.0,8,7.619,0,0.0,0,0.0,4,3.81,7,6.667,0,0.0,1,0.952,,26,11,9,8.571,3,16831,2.857,0.7,0,0.0,1050
Pbfe4edf289,0,0.0,0,0.0,0,0.0,0,0.0,1,0,0.0,0,0.0,0,0.0,0,0.0,0,0.0,0,0.0,0,0.0,5,14.535,0,0.0,0,0.0,,7,5,1,2.907,0,5844,0.0,0.625,0,0.0,344
Pc02213b2fe,,,,,,,,,0,,,,,,,,,,,,,,,,,,,,,,,,,,,,,,,,
Pc047806c80,0,0.0,1,2.74,0,0.0,1,2.74,1,7,19.178,0,0.0,0,0.0,0,0.0,0,0.0,0,0.0,4,10.959,8,21.918,0,0.0,0,0.0,10,0,2,2,5.479,0,2388,0.0,0.727,0,0.0,365
Pc0571f7238,,,,,,,,,0,,,,,,,,,,,,,,,,,,,,,,,,,,,,,,,,
Pc074e62881,0,0.0,0,0.0,0,0.0,0,0.0,1,0,0.0,0,0.0,0,0.0,0,0.0,0,0.0,0,0.0,0,0.0,0,0.0,0,0.0,0,0.0,,8,4,1,4.016,0,4969,0.0,0.0,1,4.016,249
Pc0a66d6cca,0,0.0,1,2.584,0,0.0,0,0.0,1,1,2.584,0,0.0,0,0.0,0,0.0,0,0.0,0,0.0,0,0.0,1,2.584,0,0.0,0,0.0,,10,5,1,2.584,0,8195,0.0,0.25,1,5.168,387
Pc0b16a51f2,,,,,,,,,0,,,,,,,,,,,,,,,,,,,,,,,,,,,,,,,,
Pc0e29b5887,,,,,,,,,0,,,,,,,,,,,,,,,,,,,,,,,,,,,,,,,,
Pc0e2cf5bcc,,,,,,,,,0,,,,,,,,,,,,,,,,,,,,,,,,,,,,,,,,
Pc0fff42784,0,0.0,0,0.0,0,0.0,0,0.0,1,0,0.0,0,0.0,0,0.0,0,0.0,0,0.0,0,0.0,0,0.0,3,20.69,0,0.0,0,0.0,,3,2,1,6.897,0,2758,0.0,0.5,0,0.0,145
Pc131e1ee6f,1,1.988,0,0.0,0,0.0,0,0.0,1,1,1.988,0,0.0,0,0.0,0,0.0,0,0.0,1,1.988,2,3.976,1,1.988,0,0.0,0,0.0,,16,6,6,11.928,0,9609,0.0,0.0,1,1.988,503
Pc1c99fe2be,0,0.0,0,0.0,0,0.0,0,0.0,1,0,0.0,0,0.0,0,0.0,0,0.0,0,0.0,0,0.0,1,5.495,2,10.989,0,0.0,0,0.0,,5,2,0,0.0,0,3831,0.0,0.4,0,0.0,182
Pc295aab61a,,,,,,,,,0,,,,,,,,,,,,,,,,,,,,,,,,,,,,,,,,
Pc2a67f2add,1,2.364,0,0.0,0,0.0,0,0.0,1,0,0.0,0,0.0,0,0.0,0,0.0,0,0.0,0,0.0,0,0.0,1,2.364,0,0.0,0,0.0,,10,6,0,0.0,1,7691,2.364,0.25,0,0.0,423
Pc2d24d5902,0,0.0,0,0.0,0,0.0,3,2.441,1,13,10.578,1,0.814,0,0.0,11,8.95,1,0.814,0,0.0,12,9.764,10,8.137,0,0.0,1,1.627,,54,10,2,1.627,0,25572,0.0,0.769,0,0.0,1229
Pc2ef5dcf11,0,0.0,0,0.0,0,0.0,3,4.249,1,0,0.0,0,0.0,0,0.0,0,0.0,0,0.0,0,0.0,5,7.082,1,1.416,0,0.0,0,0.0,,20,9,2,2.833,0,12374,0.0,0.25,1,5.666,706
Pc32fe4a167,0,0.0,0,0.0,0,0.0,0,0.0,1,6,10.791,1,1.799,0,0.0,4,7.194,0,0.0,0,0.0,1,1.799,1,1.799,1,3.597,0,0.0,,9,5,1,1.799,0,7444,0.0,0.25,0,0.0,556
Pc3390f55d0,0,0.0,0,0.0,0,0.0,2,5.076,1,4,10.152,0,0.0,0,0.0,0,0.0,0,0.0,0,0.0,1,2.538,0,0.0,0,0.0,0,0.0,5,5,4,1,2.538,0,5523,0.0,0.0,0,0.0,394
Pc3a5f10000,0,0.0,0,0.0,0,0.0,5,7.987,1,8,12.78,0,0.0,0,0.0,3,4.792,0,0.0,0,0.0,0,0.0,3,4.792,0,0.0,0,0.0,,5,6,0,0.0,0,6249,0.0,0.5,0,0.0,626
Pc3d030ae81,0,0.0,0,0.0,0,0.0,0,0.0,1,1,3.546,0,0.0,0,0.0,0,0.0,0,0.0,0,0.0,2,7.092,0,0.0,0,0.0,0,0.0,,4,5,1,3.546,0,3915,0.0,0.0,0,0.0,282
Pc3df7f8dbd,,,,,,,,,0,,,,,,,,,,,,,,,,,,,,,,,,,,,,,,,,
Pc3e0235987,1,1.17,0,0.0,0,0.0,8,9.357,1,19,22.222,0,0.0,0,0.0,9,10.526,0,0.0,1,1.17,3,3.509,5,5.848,0,0.0,1,2.339,,25,9,1,1.17,0,15739,0.0,0.444,0,0.0,855
Pc430805a15,0,0.0,0,0.0,0,0.0,1,3.546,1,0,0.0,0,0.0,0,0.0,0,0.0,0,0.0,1,3.546,1,3.546,0,0.0,0,0.0,0,0.0,,3,2,1,3.546,0,4039,0.0,-0.25,0,0.0,282
Pc441e97a64,,,,,,,,,0,,,,,,,,,,,,,,,,,,,,,,,,,,,,,,,,
Pc4acbf93e3,1,1.724,0,0.0,2,3.448,1,1.724,1,2,3.448,2,3.448,0,0.0,0,0.0,0,0.0,0,0.0,2,3.448,2,3.448,0,0.0,0,0.0,,12,6,0,0.0,0,7208,0.0,0.4,0,0.0,580
Pc4ba85a58f,4,4.197,0,0.0,3,3.148,3,3.148,1,7,7.345,1,1.049,0,0.0,1,1.049,0,0.0,1,1.049,8,8.395,9,9.444,0,0.0,0,0.0,,21,6,5,5.247,0,14367,0.0,0.615,0,0.0,953
Pc4f84bc197,1,3.984,0,0.0,0,0.0,0,0.0,1,2,7.968,1,3.984,0,0.0,0,0.0,0,0.0,0,0.0,0,0.0,1,3.984,0,0.0,0,0.0,,4,2,0,0.0,0,4500,0.0,0.25,1,3.984,251
Pc544b8efa0,0,0.0,0,0.0,0,0.0,0,0.0,1,1,9.091,0,0.0,0,0.0,0,0.0,0,0.0,0,0.0,0,0.0,0,0.0,0,0.0,0,0.0,,0,0,2,18.182,0,875,0.0,0.0,0,0.0,110
Pc58bcc8049,0,0.0,0,0.0,0,0.0,0,0.0,1,2,11.561,0,0.0,0,0.0,0,0.0,0,0.0,0,0.0,0,0.0,3,17.341,0,0.0,0,0.0,,2,4,0,0.0,0,2768,0.0,0.5,0,0.0,173
Pc5a3285209,,,,,,,,,0,,,,,,,,,,,,,,,,,,,,,,,,,,,,,,,,
Pc5a8d9d1d6,1,2.525,0,0.0,0,0.0,0,0.0,1,1,2.525,0,0.0,0,0.0,1,2.525,0,0.0,1,2.525,0,0.0,4,10.101,0,0.0,0,0.0,,4,5,0,0.0,0,4171,0.0,0.375,0,0.0,396
Pc5cf3e8f14,,,,,,,,,0,,,,,,,,,,,,,,,,,,,,,,,,,,,,,,,,
Pc5e44c9142,0,0.0,0,0.0,0,0.0,1,2.105,1,1,2.105,0,0.0,0,0.0,0,0.0,0,0.0,0,0.0,0,0.0,4,8.421,0,0.0,0,0.0,,2,2,3,6.316,0,4391,0.0,0.571,0,0.0,475
Pc5f6ac0bb7,0,0.0,0,0.0,2,3.091,1,1.546,1,8,12.365,0,0.0,0,0.0,5,7.728,0,0.0,1,1.546,1,1.546,5,7.728,1,6.182,0,0.0,,20,9,0,0.0,0,12468,0.0,0.444,1,1.546,647
Pc624860c4a,0,0.0,0,0.0,0,0.0,1,2.976,1,1,2.976,0,0.0,0,0.0,0,0.0,0,0.0,0,0.0,0,0.0,2,5.952,1,2.976,1,2.976,,12,7,3,8.929,0,6730,0.0,0.4,1,2.976,336
Pc62b6f4e46,1,0.72,1,0.72,1,0.72,0,0.0,1,2,1.44,2,1.44,0,0.0,0,0.0,0,0.0,3,2.16,0,0.0,4,2.88,0,0.0,1,1.44,,26,8,0,0.0,0,14554,0.0,0.1,0,0.0,1389
Pc643573699,0,0.0,0,0.0,0,0.0,0,0.0,1,1,2.874,0,0.0,0,0.0,0,0.0,0,0.0,0,0.0,0,0.0,1,2.874,0,0.0,0,0.0,,9,5,0,0.0,0,4064,0.0,0.25,0,0.0,348
Pc692096d48,,,,,,,,,0,,,,,,,,,,,,,,,,,,,,,,,,,,,,,,,,
Pc69570e4d2,0,0.0,0,0.0,0,0.0,1,1.821,1,11,20.036,0,0.0,0,0.0,5,9.107,0,0.0,1,1.821,1,1.821,3,5.464,0,0.0,1,1.821,,18,9,4,7.286,0,10936,0.0,0.286,0,0.0,549
Pc6a39f466a,,,,,,,,,0,,,,,,,,,,,,,,,,,,,,,,,,,,,,,,,,
Pc6c9992e46,1,0.601,3,1.803,4,2.404,2,1.202,1,3,1.803,3,1.803,0,0.0,0,0.0,0,0.0,1,0.601,0,0.0,2,1.202,0,0.0,0,0.0,,30,8,0,0.0,0,15605,0.0,0.167,0,0.0,1664
Pc72bfd628e,0,0.0,0,0.0,0,0.0,3,4.115,1,0,0.0,0,0.0,0,0.0,0,0.0,0,0.0,0,0.0,2,2.743,9,12.346,0,0.0,0,0.0,,8,8,5,6.859,0,8956,0.0,0.75,1,1.372,729
Pc7c312fdc1,,,,,,,,,0,,,,,,,,,,,,,,,,,,,,,,,,,,,,,,,,
Pc7e0f691c6,1,1.029,1,1.029,0,0.0,0,0.0,1,12,12.346,2,2.058,0,0.0,4,4.115,0,0.0,0,0.0,0,0.0,12,12.346,0,0.0,0,0.0,,25,7,5,5.144,0,15063,0.0,0.8,0,0.0,972
Pc858ff68e6,,,,,,,,,0,,,,,,,,,,,,,,,,,,,,,,,,,,,,,,,,
Pc8a80657b3,0,0.0,0,0.0,1,2.933,0,0.0,1,6,17.595,0,0.0,0,0.0,0,0.0,0,0.0,0,0.0,0,0.0,1,2.933,0,0.0,0,0.0,,4,3,0,0.0,0,4075,0.0,0.25,0,0.0,341
Pc8dae45369,0,0.0,0,0.0,0,0.0,1,1.3,1,6,7.802,0,0.0,0,0.0,5,6.502,0,0.0,0,0.0,0,0.0,4,5.202,1,1.3,0,0.0,,16,8,0,0.0,0,10053,0.0,0.571,1,2.601,769
Pc9371b494a,1,3.185,0,0.0,0,0.0,0,0.0,1,0,0.0,0,0.0,0,0.0,0,0.0,1,3.185,0,0.0,0,0.0,0,0.0,0,0.0,1,6.369,,2,2,0,0.0,0,3167,0.0,0.0,1,3.185,314
Pc97a1282a3,0,0.0,0,0.0,0,0.0,3,2.681,1,17,15.192,1,0.894,0,0.0,12,10.724,1,0.894,0,0.0,10,8.937,12,10.724,0,0.0,1,3.575,,30,10,8,7.149,0,18963,0.0,0.8,0,0.0,1119
Pc99e2f6730,,,,,,,,,0,,,,,,,,,,,,,,,,,,,,,,,,,,,,,,,,
Pc9a1f10582,0,0.0,0,0.0,0,0.0,0,0.0,1,0,0.0,0,0.0,0,0.0,9,22.727,1,2.525,0,0.0,2,5.051,1,2.525,0,0.0,1,5.051,,12,5,1,2.525,0,6099,0.0,0.25,0,0.0,396
Pc9a523c1e4,,,,,,,,,0,,,,,,,,,,,,,,,,,,,,,,,,,,,,,,,,
Pca1c024cab,13,9.503,6,4.386,0,0.0,17,12.427,1,12,8.772,0,0.0,0,0.0,0,0.0,0,0.0,0,0.0,2,1.462,8,5.848,0,0.0,1,0.731,,25,10,13,9.503,0,15374,0.0,0.727,0,0.0,1368
Pca1e2194fa,1,1.984,0,0.0,0,0.0,0,0.0,1,5,9.921,1,1.984,0,0.0,0,0.0,0,0.0,1,1.984,10,19.841,10,19.841,0,0.0,0,0.0,15,7,7,1,1.984,0,5327,0.0,0.643,1,1.984,504
Pcaa6f4e965,1,0.288,7,2.014,0,0.0,6,1.727,1,41,11.799,3,0.863,0,0.0,37,10.647,1,0.576,2,0.576,15,4.317,38,10.935,0,0.0,1,0.863,,83,26,11,3.165,0,43551,0.0,0.837,0,0.0,3475
Pcabff956fe,0,0.0,1,1.536,0,0.0,0,0.0,1,6,9.217,0,0.0,0,0.0,4,6.144,0,0.0,0,0.0,5,7.68,4,6.144,0,0.0,1,1.536,,6,7,3,4.608,0,6643,0.0,0.571,0,0.0,651
Pcad0645e5a,1,2.288,0,0.0,0,0.0,0,0.0,1,5,11.442,0,0.0,0,0.0,0,0.0,0,0.0,0,0.0,0,0.0,1,2.288,0,0.0,0,0.0,,9,6,6,13.73,0,7493,0.0,0.25,0,0.0,437
Pcb0e772806,0,0.0,0,0.0,0,0.0,0,0.0,1,0,0.0,0,0.0,0,0.0,2,5.682,0,0.0,1,2.841,1,2.841,0,0.0,0,0.0,0,0.0,,7,4,0,0.0,0,5211,0.0,-0.25,0,0.0,352
Pcb16689c6c,0,0.0,1,2.257,0,0.0,1,2.257,1,3,6.772,0,0.0,0,0.0,9,20.316,0,0.0,0,0.0,0,0.0,1,2.257,1,9.029,0,0.0,,13,9,0,0.0,0,8278,0.0,0.25,1,2.257,443
Pcb4360a784,0,0.0,0,0.0,0,0.0,0,0.0,1,0,0.0,0,0.0,0,0.0,0,0.0,0,0.0,0,0.0,0,0.0,1,8.264,0,0.0,0,0.0,,0,0,0,0.0,0,803,0.0,0.25,0,0.0,121
Pcb5c1e8ac6,0,0.0,0,0.0,0,0.0,0,0.0,1,0,0.0,0,0.0,0,0.0,0,0.0,0,0.0,0,0.0,0,0.0,0,0.0,0,0.0,0,0.0,,0,0,0,0.0,0,1047,0.0,0.0,0,0.0,155
Pcb72b419f2,0,0.0,0,0.0,0,0.0,0,0.0,1,2,7.326,0,0.0,0,0.0,0,0.0,0,0.0,0,0.0,0,0.0,1,3.663,0,0.0,0,0.0,,5,4,0,0.0,0,3388,0.0,0.25,0,0.0,273
Pcba63fe240,,,,,,,,,0,,,,,,,,,,,,,,,,,,,,,,,,,,,,,,,,
Pcc7ddb9ab9,1,1.029,0,0.0,0,0.0,3,3.086,1,15,15.432,2,2.058,0,0.0,8,8.23,0,0.0,0,0.0,3,3.086,7,7.202,0,0.0,1,1.029,,44,7,3,3.086,0,19618,0.0,0.7,0,0.0,972
Pcc92138fb2,,,,,,,,,0,,,,,,,,,,,,,,,,,,,,,,,,,,,,,,,,
Pcc98298533,0,0.0,0,0.0,0,0.0,3,5.3,1,5,8.834,0,0.0,0,0.0,0,0.0,0,0.0,0,0.0,1,1.767,2,3.534,0,0.0,0,0.0,,9,5,0,0.0,0,5806,0.0,0.4,0,0.0,566
Pcca6045f01,,,,,,,,,0,,,,,,,,,,,,,,,,,,,,,,,,,,,,,,,,
Pccb83c9fcb,0,0.0,0,0.0,0,0.0,0,0.0,1,5,11.71,0,0.0,0,0.0,0,0.0,0,0.0,0,0.0,0,0.0,2,4.684,0,0.0,0,0.0,,13,6,3,7.026,0,7056,0.0,0.4,0,0.0,427
Pccdaab2014,4,1.133,0,0.0,1,0.283,8,2.267,1,20,5.667,7,1.984,1,0.283,0,0.0,0,0.0,4,1.133,4,1.133,13,3.684,1,0.85,1,1.133,,187,11,8,2.267,0,72729,0.0,0.45,1,0.567,3529
Pcd53db286a,1,1.517,0,0.0,0,0.0,0,0.0,1,6,9.105,0,0.0,0,0.0,0,0.0,0,0.0,0,0.0,4,6.07,8,12.14,0,0.0,0,0.0,,7,5,2,3.035,0,6733,0.0,0.727,1,1.517,659
Pcdb1e8afaa,,,,,,,,,0,,,,,,,,,,,,,,,,,,,,,,,,,,,,,,,,
Pce1d0d3699,,,,,,,,,0,,,,,,,,,,,,,,,,,,,,,,,,,,,,,,,,
Pce2a43b358,0,0.0,0,0.0,0,0.0,2,15.152,1,1,7.576,0,0.0,0,0.0,0,0.0,0,0.0,0,0.0,2,15.152,0,0.0,0,0.0,0,0.0,,3,2,0,0.0,0,2863,0.0,0.0,0,0.0,132
Pce366ff1b3,0,0.0,1,2.041,0,0.0,2,4.082,1,3,6.122,0,0.0,0,0.0,15,30.612,0,0.0,0,0.0,0,0.0,2,4.082,0,0.0,0,0.0,,8,4,0,0.0,0,6981,0.0,0.4,0,0.0,490
Pce38c03d45,,,,,,,,,0,,,,,,,,,,,,,,,,,,,,,,,,,,,,,,,,
Pce627023f0,0,0.0,0,0.0,0,0.0,0,0.0,1,3,18.182,0,0.0,0,0.0,0,0.0,0,0.0,0,0.0,0,0.0,0,0.0,0,0.0,0,0.0,,1,3,0,0.0,0,2452,0.0,0.0,0,0.0,165
Pce7c8a9da0,0,0.0,0,0.0,0,0.0,0,0.0,1,8,13.423,0,0.0,0,0.0,6,10.067,0,0.0,0,0.0,1,1.678,1,1.678,1,1.678,1,1.678,,19,8,8,13.423,0,11957,0.0,0.25,0,0.0,596
Pce8689cb8f,0,0.0,0,0.0,0,0.0,0,0.0,1,0,0.0,0,0.0,0,0.0,0,0.0,0,0.0,0,0.0,0,0.0,0,0.0,0,0.0,0,0.0,,0,1,0,0.0,0,1106,0.0,0.0,0,0.0,104
Pced63c164c,,,,,,,,,0,,,,,,,,,,,,,,,,,,,,,,,,,,,,,,,,
Pcf591b3097,0,0.0,0,0.0,0,0.0,0,0.0,1,0,0.0,0,0.0,0,0.0,0,0.0,1,3.861,0,0.0,1,3.861,1,3.861,0,0.0,1,3.861,,8,7,1,3.861,0,5602,0.0,0.25,0,0.0,259
Pcf60b82b9d,0,0.0,0,0.0,0,0.0,0,0.0,1,1,1.919,1,1.919,0,0.0,10,19.194,0,0.0,0,0.0,4,7.678,5,9.597,0,0.0,0,0.0,,7,10,2,3.839,0,6564,0.0,0.625,0,0.0,521
Pcf63b744fe,0,0.0,0,0.0,0,0.0,0,0.0,1,4,32.52,0,0.0,0,0.0,0,0.0,0,0.0,0,0.0,0,0.0,0,0.0,1,8.13,0,0.0,,3,1,1,8.13,0,3032,0.0,0.0,0,0.0,123
Pcfae2f19b7,0,0.0,0,0.0,0,0.0,0,0.0,1,6,9.95,0,0.0,0,0.0,0,0.0,0,0.0,1,1.658,0,0.0,5,8.292,0,0.0,0,0.0,,17,7,1,1.658,0,9446,0.0,0.444,0,0.0,603
Pcfbeb8a341,0,0.0,0,0.0,0,0.0,7,25.926,1,3,11.111,0,0.0,0,0.0,0,0.0,0,0.0,0,0.0,2,7.407,2,7.407,0,0.0,0,0.0,,0,3,0,0.0,0,2323,0.0,0.4,0,0.0,270
Pd018d62aee,0,0.0,0,0.0,0,0.0,1,0.957,1,1,0.957,3,2.871,0,0.0,14,13.397,0,0.0,2,1.914,7,6.699,2,1.914,0,0.0,1,2.871,,18,13,1,0.957,0,13982,0.0,0.0,0,0.0,1045
Pd01ecb3669,0,0.0,0,0.0,3,2.041,4,2.721,1,14,9.524,0,0.0,0,0.0,0,0.0,0,0.0,0,0.0,10,6.803,7,4.762,0,0.0,0,0.0,,39,9,1,0.68,0,17696,0.0,0.7,0,0.0,1470
Pd064221ae2,4,3.597,3,2.698,2,1.799,6,5.396,1,5,4.496,0,0.0,0,0.0,4,3.597,0,0.0,0,0.0,0,0.0,6,5.396,0,0.0,0,0.0,,22,6,4,3.597,2,12810,1.799,0.667,1,0.899,1112
Pd06a43915a,,,,,,,,,0,,,,,,,,,,,,,,,,,,,,,,,,,,,,,,,,
Pd084613a9a,1,1.364,0,0.0,0,0.0,11,15.007,1,3,4.093,3,4.093,0,0.0,0,0.0,0,0.0,1,1.364,3,4.093,2,2.729,0,0.0,0,0.0,,27,10,1,1.364,0,12706,0.0,0.167,1,1.364,733
Pd0d6a519f5,0,0.0,0,0.0,0,0.0,2,4.132,1,5,10.331,2,4.132,0,0.0,0,0.0,0,0.0,0,0.0,3,6.198,3,6.198,1,4.132,0,0.0,,12,7,0,0.0,0,10382,0.0,0.5,1,4.132,484
Pd0eaa15469,0,0.0,0,0.0,0,0.0,0,0.0,1,5,18.45,0,0.0,0,0.0,0,0.0,0,0.0,0,0.0,0,0.0,2,7.38,0,0.0,0,0.0,,2,6,1,3.69,0,3712,0.0,0.4,0,0.0,271
Pd0fb9bca1b,,,,,,,,,0,,,,,,,,,,,,,,,,,,,,,,,,,,,,,,,,
Pd10e0b97d9,0,0.0,0,0.0,0,0.0,0,0.0,1,0,0.0,1,2.882,0,0.0,1,2.882,0,0.0,0,0.0,1,2.882,1,2.882,0,0.0,1,2.882,,11,6,2,5.764,0,7706,0.0,0.25,1,5.764,347
Pd1118f9ab3,0,0.0,0,0.0,0,0.0,2,5.181,1,0,0.0,0,0.0,0,0.0,0,0.0,0,0.0,0,0.0,1,2.591,1,2.591,0,0.0,0,0.0,,8,7,1,2.591,0,6924,0.0,0.25,0,0.0,386
Pd11ab06c36,,,,,,,,,0,,,,,,,,,,,,,,,,,,,,,,,,,,,,,,,,
Pd11fd10026,,,,,,,,,0,,,,,,,,,,,,,,,,,,,,,,,,,,,,,,,,
Pd1401169e8,0,0.0,0,0.0,0,0.0,2,3.578,1,6,10.733,0,0.0,0,0.0,0,0.0,0,0.0,0,0.0,5,8.945,2,3.578,0,0.0,1,3.578,,16,7,0,0.0,0,11971,0.0,0.4,1,5.367,559
Pd1415c96b7,1,3.623,0,0.0,0,0.0,0,0.0,1,1,3.623,0,0.0,0,0.0,0,0.0,0,0.0,0,0.0,0,0.0,0,0.0,0,0.0,0,0.0,,1,2,0,0.0,0,4228,0.0,0.0,0,0.0,276
Pd17e70140c,0,0.0,2,3.2,2,3.2,1,1.6,1,5,8.0,1,1.6,0,0.0,0,0.0,0,0.0,0,0.0,3,4.8,3,4.8,0,0.0,0,0.0,,30,7,1,1.6,0,11868,0.0,0.5,0,0.0,625
Pd19bde5a19,,,,,,,,,0,,,,,,,,,,,,,,,,,,,,,,,,,,,,,,,,
Pd2430f6dfc,,,,,,,,,0,,,,,,,,,,,,,,,,,,,,,,,,,,,,,,,,
Pd2b56a96a1,1,3.185,0,0.0,0,0.0,0,0.0,1,8,25.478,0,0.0,0,0.0,0,0.0,0,0.0,0,0.0,4,12.739,5,15.924,0,0.0,0,0.0,,5,2,0,0.0,0,5653,0.0,0.625,0,0.0,314
Pd2c0348ebe,,,,,,,,,0,,,,,,,,,,,,,,,,,,,,,,,,,,,,,,,,
Pd2dc1d3e0e,,,,,,,,,0,,,,,,,,,,,,,,,,,,,,,,,,,,,,,,,,
Pd31d743729,3,7.264,3,7.264,0,0.0,1,2.421,1,3,7.264,4,9.685,0,0.0,0,0.0,0,0.0,2,4.843,1,2.421,3,7.264,0,0.0,0,0.0,,0,4,0,0.0,0,2915,0.0,0.125,0,0.0,413
Pd353deb783,,,,,,,,,0,,,,,,,,,,,,,,,,,,,,,,,,,,,,,,,,
Pd35ff5934d,1,3.215,0,0.0,0,0.0,2,6.431,1,1,3.215,0,0.0,0,0.0,0,0.0,0,0.0,0,0.0,0,0.0,2,6.431,0,0.0,0,0.0,,3,4,0,0.0,1,3374,3.215,0.4,0,0.0,311
Pd382320a3c,,,,,,,,,0,,,,,,,,,,,,,,,,,,,,,,,,,,,,,,,,
Pd3b6bf6d79,,,,,,,,,0,,,,,,,,,,,,,,,,,,,,,,,,,,,,,,,,
Pd3eb42d2a8,0,0.0,0,0.0,0,0.0,0,0.0,1,0,0.0,0,0.0,0,0.0,6,27.778,0,0.0,0,0.0,0,0.0,0,0.0,0,0.0,1,4.63,,6,5,0,0.0,0,3958,0.0,0.0,0,0.0,216
Pd4282e2cb6,0,0.0,1,0.766,0,0.0,2,1.533,1,15,11.494,0,0.0,0,0.0,5,3.831,0,0.0,1,0.766,21,16.092,12,9.195,0,0.0,1,0.766,,18,10,4,3.065,0,14965,0.0,0.688,0,0.0,1305
Pd4287ba490,1,0.955,4,3.82,0,0.0,6,5.731,1,2,1.91,2,1.91,0,0.0,9,8.596,0,0.0,3,2.865,6,5.731,2,1.91,0,0.0,0,0.0,,50,6,1,0.955,0,22545,0.0,-0.125,0,0.0,1047
Pd43d378f42,1,0.808,0,0.0,2,1.617,0,0.0,1,2,1.617,0,0.0,0,0.0,0,0.0,0,0.0,5,4.042,2,1.617,1,0.808,0,0.0,0,0.0,,36,9,12,9.701,0,15130,0.0,-0.444,0,0.0,1237
Pd46f6361f5,0,0.0,0,0.0,0,0.0,1,4.219,1,3,12.658,0,0.0,0,0.0,0,0.0,0,0.0,0,0.0,0,0.0,0,0.0,0,0.0,0,0.0,,3,2,0,0.0,0,4329,0.0,0.0,0,0.0,237
Pd47bfc21b1,,,,,,,,,0,,,,,,,,,,,,,,,,,,,,,,,,,,,,,,,,
Pd4900db84d,,,,,,,,,0,,,,,,,,,,,,,,,,,,,,,,,,,,,,,,,,
Pd4c3f94c64,0,0.0,0,0.0,0,0.0,7,16.787,1,1,2.398,0,0.0,0,0.0,0,0.0,0,0.0,0,0.0,8,19.185,0,0.0,0,0.0,0,0.0,,15,7,1,2.398,0,7410,0.0,0.0,1,9.592,417
Pd4f1d19d77,,,,,,,,,0,,,,,,,,,,,,,,,,,,,,,,,,,,,,,,,,
Pd50459cb6d,0,0.0,0,0.0,1,1.718,3,5.155,1,10,17.182,0,0.0,0,0.0,0,0.0,0,0.0,1,1.718,0,0.0,1,1.718,0,0.0,0,0.0,,6,7,0,0.0,0,5780,0.0,0.0,0,0.0,582
Pd50729b5d0,0,0.0,0,0.0,0,0.0,2,1.279,1,4,2.558,0,0.0,1,1.279,8,5.115,0,0.0,0,0.0,1,0.639,14,8.951,0,0.0,1,0.639,,69,8,1,0.639,0,32245,0.0,0.824,0,0.0,1564
Pd51160cf5e,0,0.0,0,0.0,1,1.002,8,8.016,1,5,5.01,1,1.002,0,0.0,0,0.0,0,0.0,0,0.0,2,2.004,7,7.014,0,0.0,0,0.0,,20,6,1,1.002,0,13899,0.0,0.7,1,2.004,998
Pd5316f2e65,0,0.0,0,0.0,0,0.0,0,0.0,1,5,10.267,1,2.053,0,0.0,0,0.0,0,0.0,0,0.0,4,8.214,6,12.32,0,0.0,1,4.107,,15,8,3,6.16,0,10837,0.0,0.667,1,2.053,487
Pd5729dac8f,0,0.0,0,0.0,0,0.0,0,0.0,1,4,11.765,0,0.0,0,0.0,0,0.0,0,0.0,0,0.0,0,0.0,5,14.706,0,0.0,0,0.0,,8,2,1,2.941,0,6603,0.0,0.625,0,0.0,340
Pd59c0506ca,,,,,,,,,0,,,,,,,,,,,,,,,,,,,,,,,,,,,,,,,,
Pd5a40a7ee0,1,4.545,2,9.091,0,0.0,0,0.0,1,0,0.0,0,0.0,0,0.0,0,0.0,0,0.0,0,0.0,0,0.0,1,4.545,0,0.0,0,0.0,,3,2,0,0.0,0,3428,0.0,0.25,0,0.0,220
Pd5c75d3b01,,,,,,,,,0,,,,,,,,,,,,,,,,,,,,,,,,,,,,,,,,
Pd5f2794063,0,0.0,0,0.0,0,0.0,0,0.0,1,5,8.475,0,0.0,0,0.0,0,0.0,0,0.0,0,0.0,4,6.78,2,3.39,0,0.0,0,0.0,,16,7,2,3.39,0,11444,0.0,0.4,1,1.695,590
Pd62847824a,0,0.0,0,0.0,0,0.0,3,5.008,1,3,5.008,5,8.347,0,0.0,0,0.0,0,0.0,0,0.0,2,3.339,1,1.669,0,0.0,1,1.669,,14,7,2,3.339,0,10577,0.0,0.25,1,3.339,599
Pd646388a2b,,,,,,,,,0,,,,,,,,,,,,,,,,,,,,,,,,,,,,,,,,
Pd6905b8ed2,2,1.448,1,0.724,0,0.0,7,5.069,1,12,8.689,1,0.724,0,0.0,2,1.448,0,0.0,2,1.448,2,1.448,16,11.586,0,0.0,0,0.0,,50,10,1,0.724,0,15505,0.0,0.667,1,1.448,1381
Pd6b4848f72,0,0.0,0,0.0,0,0.0,0,0.0,1,6,13.889,0,0.0,0,0.0,0,0.0,0,0.0,0,0.0,0,0.0,6,13.889,1,2.315,1,4.63,,13,8,1,2.315,0,8859,0.0,0.667,1,2.315,432
Pd6e0b051bb,0,0.0,0,0.0,0,0.0,0,0.0,1,0,0.0,0,0.0,0,0.0,0,0.0,0,0.0,0,0.0,0,0.0,0,0.0,0,0.0,0,0.0,,2,2,0,0.0,0,2426,0.0,0.0,0,0.0,147
Pd6f3aa739f,,,,,,,,,0,,,,,,,,,,,,,,,,,,,,,,,,,,,,,,,,
Pd70c9ef8df,0,0.0,0,0.0,0,0.0,2,3.717,1,1,1.859,0,0.0,0,0.0,0,0.0,0,0.0,0,0.0,1,1.859,2,3.717,0,0.0,1,1.859,,20,7,5,9.294,0,11204,0.0,0.4,0,0.0,538
Pd742da0a27,0,0.0,0,0.0,0,0.0,0,0.0,1,11,34.7,0,0.0,0,0.0,0,0.0,0,0.0,0,0.0,1,3.155,3,9.464,1,12.618,1,3.155,,8,7,0,0.0,0,6439,0.0,0.5,0,0.0,317
Pd764197a9d,,,,,,,,,0,,,,,,,,,,,,,,,,,,,,,,,,,,,,,,,,
Pd7c989b67a,0,0.0,0,0.0,0,0.0,0,0.0,1,1,3.831,0,0.0,0,0.0,2,7.663,0,0.0,0,0.0,1,3.831,1,3.831,0,0.0,0,0.0,,8,4,0,0.0,0,4212,0.0,0.25,0,0.0,261
Pd808e1b5f8,3,5.245,0,0.0,0,0.0,8,13.986,1,3,5.245,5,8.741,0,0.0,0,0.0,0,0.0,3,5.245,0,0.0,3,5.245,0,0.0,0,0.0,,33,4,0,0.0,0,13915,0.0,0.0,1,1.748,572
Pd8244d9a42,0,0.0,0,0.0,0,0.0,1,2.445,1,0,0.0,1,2.445,0,0.0,0,0.0,1,4.89,0,0.0,0,0.0,0,0.0,0,0.0,1,4.89,,2,5,0,0.0,0,3958,0.0,0.0,0,0.0,409
Pd8381f9e2c,0,0.0,1,0.692,0,0.0,20,13.841,1,6,4.152,1,0.692,0,0.0,10,6.92,0,0.0,1,0.692,5,3.46,5,3.46,0,0.0,1,1.384,,51,10,3,2.076,0,25516,0.0,0.444,1,1.384,1445
Pd84423f7e2,1,3.021,0,0.0,0,0.0,0,0.0,1,4,12.085,0,0.0,0,0.0,0,0.0,0,0.0,1,3.021,0,0.0,2,6.042,0,0.0,0,0.0,,3,4,0,0.0,1,2987,3.021,0.167,0,0.0,331
Pd856e50561,0,0.0,0,0.0,1,1.894,1,1.894,1,2,3.788,0,0.0,0,0.0,0,0.0,0,0.0,2,3.788,0,0.0,2,3.788,0,0.0,0,0.0,,20,7,0,0.0,0,9491,0.0,0.0,0,0.0,528
Pd88150bb39,0,0.0,0,0.0,0,0.0,1,3.215,1,5,16.077,0,0.0,0,0.0,0,0.0,0,0.0,0,0.0,2,6.431,1,3.215,1,9.646,1,3.215,,11,5,2,6.431,0,7305,0.0,0.25,0,0.0,311
Pd88f1bdac2,1,0.7,2,1.4,1,0.7,3,2.099,1,10,6.998,3,2.099,0,0.0,0,0.0,1,0.7,0,0.0,10,6.998,10,6.998,0,0.0,1,0.7,50,47,11,5,3.499,0,19335,0.0,0.769,0,0.0,1429
Pd8afdd28b5,,,,,,,,,0,,,,,,,,,,,,,,,,,,,,,,,,,,,,,,,,
Pd8f68848a0,0,0.0,0,0.0,0,0.0,0,0.0,1,2,3.534,0,0.0,0,0.0,4,7.067,0,0.0,0,0.0,1,1.767,7,12.367,0,0.0,1,3.534,,27,4,1,1.767,0,11024,0.0,0.7,0,0.0,566
Pd907989bcb,2,2.21,0,0.0,2,2.21,5,5.525,1,2,2.21,1,1.105,0,0.0,0,0.0,0,0.0,0,0.0,0,0.0,7,7.735,1,1.105,0,0.0,,27,4,7,7.735,0,14267,0.0,0.7,0,0.0,905
Pd9273beb4e,0,0.0,0,0.0,2,6.098,0,0.0,1,3,9.146,0,0.0,0,0.0,3,9.146,0,0.0,0,0.0,5,15.244,2,6.098,0,0.0,0,0.0,,7,7,1,3.049,0,4525,0.0,0.4,0,0.0,328
Pd9ad951135,0,0.0,2,10.05,0,0.0,0,0.0,1,1,5.025,0,0.0,0,0.0,0,0.0,0,0.0,0,0.0,0,0.0,0,0.0,0,0.0,0,0.0,,0,1,0,0.0,0,1868,0.0,0.0,0,0.0,199
Pd9bc466fd2,,,,,,,,,0,,,,,,,,,,,,,,,,,,,,,,,,,,,,,,,,
Pda7ff44e77,0,0.0,0,0.0,0,0.0,13,26.915,1,4,8.282,0,0.0,0,0.0,6,12.422,0,0.0,0,0.0,10,20.704,2,4.141,0,0.0,0,0.0,,12,6,2,4.141,0,4963,0.0,0.4,0,0.0,483
Pdaa5dc2ffe,,,,,,,,,0,,,,,,,,,,,,,,,,,,,,,,,,,,,,,,,,
Pdaafce7eb6,1,8.621,0,0.0,0,0.0,0,0.0,1,0,0.0,0,0.0,0,0.0,0,0.0,0,0.0,0,0.0,0,0.0,3,25.862,0,0.0,1,17.241,,3,2,0,0.0,0,2293,0.0,0.5,0,0.0,116
Pdacd6ab94d,,,,,,,,,0,,,,,,,,,,,,,,,,,,,,,,,,,,,,,,,,
Pdacee2a50f,,,,,,,,,0,,,,,,,,,,,,,,,,,,,,,,,,,,,,,,,,
Pdb057d444b,0,0.0,0,0.0,0,0.0,0,0.0,1,0,0.0,0,0.0,0,0.0,0,0.0,0,0.0,0,0.0,1,14.925,0,0.0,0,0.0,0,0.0,,0,0,1,14.925,0,609,0.0,0.0,0,0.0,67
Pdb1689c286,3,3.797,0,0.0,0,0.0,0,0.0,1,17,21.519,0,0.0,0,0.0,7,8.861,1,1.266,0,0.0,0,0.0,2,2.532,1,3.797,1,3.797,,34,8,2,2.532,0,14247,0.0,0.4,1,1.266,790
Pdb3bcb3fc8,0,0.0,0,0.0,0,0.0,0,0.0,1,0,0.0,0,0.0,0,0.0,0,0.0,0,0.0,0,0.0,2,11.561,0,0.0,1,5.78,0,0.0,,8,2,0,0.0,0,3345,0.0,0.0,1,5.78,173
Pdb3f441dab,0,0.0,0,0.0,0,0.0,1,5.319,1,3,15.957,0,0.0,0,0.0,0,0.0,0,0.0,0,0.0,0,0.0,0,0.0,0,0.0,0,0.0,,4,1,0,0.0,0,2797,0.0,0.0,0,0.0,188
Pdb7c6b10a9,1,3.546,0,0.0,0,0.0,0,0.0,1,1,3.546,0,0.0,0,0.0,0,0.0,0,0.0,0,0.0,0,0.0,1,3.546,0,0.0,0,0.0,,0,4,3,10.638,0,1881,0.0,0.25,0,0.0,282
Pdb9cad4004,2,2.714,0,0.0,4,5.427,0,0.0,1,10,13.569,0,0.0,0,0.0,0,0.0,0,0.0,0,0.0,0,0.0,1,1.357,0,0.0,0,0.0,,25,6,8,10.855,0,13075,0.0,0.25,0,0.0,737
Pdbcc4b2801,0,0.0,1,1.117,0,0.0,3,3.352,1,0,0.0,1,1.117,0,0.0,0,0.0,0,0.0,3,3.352,5,5.587,1,1.117,0,0.0,0,0.0,,14,5,6,6.704,0,10131,0.0,-0.286,0,0.0,895
Pdc083a80a9,3,3.672,1,1.224,2,2.448,1,1.224,1,2,2.448,7,8.568,0,0.0,0,0.0,0,0.0,1,1.224,3,3.672,6,7.344,0,0.0,1,1.224,,22,8,1,1.224,0,12040,0.0,0.5,1,2.448,817
Pdc16ca4e2e,0,0.0,0,0.0,0,0.0,0,0.0,1,3,21.127,0,0.0,0,0.0,0,0.0,0,0.0,0,0.0,0,0.0,0,0.0,0,0.0,1,7.042,,1,2,0,0.0,0,1941,0.0,0.0,0,0.0,142
Pdc49b6ecb0,1,1.597,0,0.0,0,0.0,1,1.597,1,1,1.597,4,6.39,0,0.0,0,0.0,0,0.0,0,0.0,3,4.792,6,9.585,0,0.0,0,0.0,,14,6,0,0.0,0,10112,0.0,0.667,0,0.0,626
Pdcc28d7d6b,0,0.0,0,0.0,0,0.0,0,0.0,1,6,23.81,0,0.0,0,0.0,0,0.0,0,0.0,0,0.0,0,0.0,2,7.937,0,0.0,0,0.0,,7,6,0,0.0,0,5443,0.0,0.4,0,0.0,252
Pdcd864f0fb,,,,,,,,,0,,,,,,,,,,,,,,,,,,,,,,,,,,,,,,,,
Pdd125f24cc,0,0.0,0,0.0,0,0.0,0,0.0,1,0,0.0,0,0.0,0,0.0,0,0.0,0,0.0,0,0.0,0,0.0,2,6.667,0,0.0,0,0.0,,2,4,3,10.0,0,2886,0.0,0.4,0,0.0,300
Pdd1f325a63,0,0.0,1,1.508,0,0.0,1,1.508,1,0,0.0,0,0.0,0,0.0,3,4.525,0,0.0,0,0.0,0,0.0,1,1.508,0,0.0,0,0.0,,32,5,0,0.0,0,9440,0.0,0.25,1,1.508,663
Pdd79d6ef7f,11,3.085,3,0.841,0,0.0,9,2.524,1,26,7.291,4,1.122,0,0.0,3,0.841,1,0.841,3,0.841,2,0.561,23,6.45,0,0.0,1,1.122,20,171,9,9,2.524,0,65682,0.0,0.69,0,0.0,3566
Pdd8eeaed18,1,2.309,0,0.0,0,0.0,1,2.309,1,0,0.0,2,4.619,0,0.0,0,0.0,0,0.0,0,0.0,1,2.309,1,2.309,0,0.0,1,2.309,,14,7,3,6.928,0,8411,0.0,0.25,1,2.309,433
Pdd972253d5,0,0.0,0,0.0,0,0.0,0,0.0,1,1,7.299,0,0.0,0,0.0,0,0.0,0,0.0,0,0.0,0,0.0,1,7.299,0,0.0,0,0.0,,0,1,0,0.0,0,1046,0.0,0.25,0,0.0,137
Pddcf4609af,0,0.0,0,0.0,0,0.0,1,3.831,1,2,7.663,0,0.0,0,0.0,0,0.0,0,0.0,0,0.0,0,0.0,1,3.831,0,0.0,0,0.0,,1,3,0,0.0,0,3581,0.0,0.25,0,0.0,261
Pdde13713ff,0,0.0,0,0.0,0,0.0,0,0.0,1,0,0.0,0,0.0,0,0.0,4,12.346,0,0.0,0,0.0,1,3.086,0,0.0,0,0.0,0,0.0,,14,4,0,0.0,0,6114,0.0,0.0,0,0.0,324
Pde25a111c0,1,1.592,0,0.0,0,0.0,3,4.777,1,4,6.369,1,1.592,0,0.0,4,6.369,0,0.0,0,0.0,0,0.0,3,4.777,0,0.0,0,0.0,5,6,6,0,0.0,1,6562,1.592,0.5,0,0.0,628
Pde7308c87b,0,0.0,1,0.693,1,0.693,3,2.079,1,4,2.772,2,1.386,0,0.0,28,19.404,0,0.0,0,0.0,18,12.474,14,9.702,0,0.0,1,0.693,,53,13,2,1.386,0,30941,0.0,0.824,0,0.0,1443
Pde91f9542b,0,0.0,0,0.0,1,1.143,1,1.143,1,6,6.857,0,0.0,0,0.0,1,1.143,0,0.0,0,0.0,14,16.0,14,16.0,0,0.0,0,0.0,,33,4,1,1.143,0,16450,0.0,0.824,0,0.0,875
Pdec9ef7c46,0,0.0,1,2.169,0,0.0,0,0.0,1,1,2.169,0,0.0,0,0.0,9,19.523,0,0.0,0,0.0,1,2.169,4,8.677,0,0.0,0,0.0,,23,6,1,2.169,0,8179,0.0,0.571,0,0.0,461
Pdee21247bb,1,3.472,1,3.472,0,0.0,1,3.472,1,3,10.417,0,0.0,0,0.0,0,0.0,0,0.0,0,0.0,1,3.472,1,3.472,0,0.0,0,0.0,,6,2,0,0.0,0,4970,0.0,0.25,0,0.0,288
Pdf5a3388b3,0,0.0,0,0.0,0,0.0,0,0.0,1,0,0.0,0,0.0,0,0.0,4,8.869,0,0.0,0,0.0,0,0.0,2,4.435,1,2.217,1,2.217,,17,9,1,2.217,0,8499,0.0,0.4,0,0.0,451
Pdf653f9244,0,0.0,0,0.0,0,0.0,2,4.914,1,6,14.742,0,0.0,0,0.0,6,14.742,0,0.0,0,0.0,1,2.457,1,2.457,0,0.0,0,0.0,,13,7,0,0.0,0,7934,0.0,0.25,1,2.457,407
Pdfcccbc0ee,,,,,,,,,0,,,,,,,,,,,,,,,,,,,,,,,,,,,,,,,,
Pdfe2a49906,1,0.988,0,0.0,1,0.988,0,0.0,1,26,25.692,0,0.0,0,0.0,0,0.0,1,0.988,1,0.988,0,0.0,7,6.917,0,0.0,1,1.976,,20,8,0,0.0,0,10309,0.0,0.545,0,0.0,1012
Pe03992058c,1,3.236,0,0.0,0,0.0,17,55.016,1,2,6.472,0,0.0,0,0.0,0,0.0,0,0.0,0,0.0,1,3.236,7,22.654,0,0.0,0,0.0,,4,2,0,0.0,1,4203,3.236,0.7,0,0.0,309
Pe056071397,,,,,,,,,0,,,,,,,,,,,,,,,,,,,,,,,,,,,,,,,,
Pe083952d4c,,,,,,,,,0,,,,,,,,,,,,,,,,,,,,,,,,,,,,,,,,
Pe0b660d280,2,2.212,0,0.0,0,0.0,5,5.531,1,16,17.699,0,0.0,0,0.0,6,6.637,0,0.0,0,0.0,0,0.0,7,7.743,1,5.531,0,0.0,,33,10,0,0.0,0,16798,0.0,0.7,1,2.212,904
Pe0dd44e42b,,,,,,,,,0,,,,,,,,,,,,,,,,,,,,,,,,,,,,,,,,
Pe0f44d3916,,,,,,,,,0,,,,,,,,,,,,,,,,,,,,,,,,,,,,,,,,
Pe1228b6b2c,0,0.0,0,0.0,0,0.0,0,0.0,1,1,12.658,0,0.0,0,0.0,0,0.0,0,0.0,0,0.0,0,0.0,0,0.0,0,0.0,0,0.0,,2,2,0,0.0,0,1847,0.0,0.0,0,0.0,79
Pe22f69b7a0,0,0.0,0,0.0,0,0.0,4,6.59,1,5,8.237,0,0.0,0,0.0,0,0.0,0,0.0,1,1.647,1,1.647,3,4.942,0,0.0,0,0.0,,19,7,0,0.0,0,11424,0.0,0.286,0,0.0,607
Pe237a28a37,0,0.0,0,0.0,0,0.0,0,0.0,1,1,2.155,0,0.0,0,0.0,0,0.0,0,0.0,0,0.0,0,0.0,3,6.466,0,0.0,0,0.0,,11,8,1,2.155,0,8823,0.0,0.5,1,2.155,464
Pe28113186c,0,0.0,0,0.0,0,0.0,0,0.0,1,4,9.112,0,0.0,0,0.0,0,0.0,0,0.0,0,0.0,3,6.834,5,11.39,1,6.834,0,0.0,,14,7,2,4.556,0,9046,0.0,0.625,1,2.278,439
Pe2d0a4cddd,0,0.0,0,0.0,0,0.0,0,0.0,1,6,13.953,0,0.0,0,0.0,0,0.0,0,0.0,1,2.326,4,9.302,4,9.302,0,0.0,0,0.0,,9,6,1,2.326,0,4718,0.0,0.375,0,0.0,430
Pe2eac4ddf4,,,,,,,,,0,,,,,,,,,,,,,,,,,,,,,,,,,,,,,,,,
Pe356195976,0,0.0,0,0.0,0,0.0,2,8.032,1,3,12.048,0,0.0,0,0.0,0,0.0,0,0.0,1,4.016,2,8.032,2,8.032,0,0.0,0,0.0,,11,5,1,4.016,0,6150,0.0,0.167,1,4.016,249
Pe3864f9800,0,0.0,0,0.0,0,0.0,1,1.3,1,3,3.901,0,0.0,0,0.0,0,0.0,0,0.0,0,0.0,0,0.0,6,7.802,1,2.601,0,0.0,,5,7,0,0.0,0,7934,0.0,0.667,0,0.0,769
Pe3c0fc5a9e,0,0.0,0,0.0,0,0.0,2,3.883,1,2,3.883,2,3.883,0,0.0,7,13.592,0,0.0,0,0.0,0,0.0,2,3.883,1,5.825,0,0.0,,10,9,2,3.883,0,6574,0.0,0.4,0,0.0,515
Pe4182c4c9a,,,,,,,,,0,,,,,,,,,,,,,,,,,,,,,,,,,,,,,,,,
Pe46a376580,0,0.0,0,0.0,0,0.0,0,0.0,1,0,0.0,1,2.841,0,0.0,1,2.841,0,0.0,1,2.841,0,0.0,1,2.841,0,0.0,0,0.0,,11,5,1,2.841,0,6238,0.0,0.0,0,0.0,352
Pe4a1b20238,,,,,,,,,0,,,,,,,,,,,,,,,,,,,,,,,,,,,,,,,,
Pe4a9ff24c9,,,,,,,,,0,,,,,,,,,,,,,,,,,,,,,,,,,,,,,,,,
Pe4baee43bf,0,0.0,0,0.0,0,0.0,2,18.349,1,0,0.0,0,0.0,0,0.0,0,0.0,0,0.0,0,0.0,0,0.0,1,9.174,0,0.0,0,0.0,,0,0,0,0.0,0,1167,0.0,0.25,0,0.0,109
Pe4ea2d8948,,,,,,,,,0,,,,,,,,,,,,,,,,,,,,,,,,,,,,,,,,
Pe56ae9c7aa,0,0.0,0,0.0,7,5.538,3,2.373,1,22,17.405,0,0.0,0,0.0,0,0.0,0,0.0,0,0.0,6,4.747,6,4.747,1,0.791,1,0.791,,38,9,4,3.165,0,19234,0.0,0.667,1,0.791,1264
Pe581c6d22f,0,0.0,0,0.0,0,0.0,0,0.0,1,0,0.0,3,10.067,0,0.0,0,0.0,0,0.0,0,0.0,1,3.356,1,3.356,0,0.0,0,0.0,,5,5,3,10.067,0,4411,0.0,0.25,1,3.356,298
Pe5c2b5692d,0,0.0,0,0.0,1,4.032,0,0.0,1,0,0.0,0,0.0,0,0.0,0,0.0,0,0.0,0,0.0,1,4.032,1,4.032,0,0.0,0,0.0,,0,4,3,12.097,0,1592,0.0,0.25,0,0.0,248
Pe5fb05fea3,0,0.0,0,0.0,0,0.0,0,0.0,1,1,3.559,0,0.0,0,0.0,10,35.587,0,0.0,0,0.0,0,0.0,2,7.117,0,0.0,0,0.0,,2,6,0,0.0,0,3804,0.0,0.4,0,0.0,281
Pe60cc64195,5,10.183,0,0.0,0,0.0,3,6.11,1,1,2.037,1,2.037,0,0.0,0,0.0,0,0.0,0,0.0,0,0.0,5,10.183,0,0.0,0,0.0,,25,4,0,0.0,0,11579,0.0,0.625,1,2.037,491
Pe661d7acde,0,0.0,0,0.0,0,0.0,3,6.098,1,0,0.0,0,0.0,0,0.0,7,14.228,0,0.0,0,0.0,0,0.0,2,4.065,0,0.0,1,4.065,,15,8,0,0.0,0,8605,0.0,0.4,0,0.0,492
Pe67238da8c,0,0.0,0,0.0,0,0.0,0,0.0,1,2,4.854,0,0.0,0,0.0,12,29.126,0,0.0,0,0.0,0,0.0,1,2.427,0,0.0,0,0.0,,0,8,0,0.0,0,4071,0.0,0.25,0,0.0,412
Pe68742d859,,,,,,,,,0,,,,,,,,,,,,,,,,,,,,,,,,,,,,,,,,
Pe6bde91a1f,1,3.021,0,0.0,0,0.0,3,9.063,1,5,15.106,3,9.063,0,0.0,0,0.0,0,0.0,1,3.021,0,0.0,4,12.085,0,0.0,0,0.0,,16,4,0,0.0,0,5649,0.0,0.375,0,0.0,331
Pe6c8b117c8,,,,,,,,,0,,,,,,,,,,,,,,,,,,,,,,,,,,,,,,,,
Pe6c9de6d86,1,1.443,0,0.0,1,1.443,0,0.0,1,2,2.886,3,4.329,0,0.0,0,0.0,0,0.0,0,0.0,1,1.443,3,4.329,0,0.0,0,0.0,,18,7,9,12.987,0,11668,0.0,0.5,0,0.0,693
Pe6ceea2b5e,0,0.0,0,0.0,0,0.0,3,16.76,1,1,5.587,0,0.0,0,0.0,0,0.0,0,0.0,0,0.0,0,0.0,0,0.0,0,0.0,0,0.0,,0,1,0,0.0,0,2089,0.0,0.0,0,0.0,179
Pe6fe5c747b,0,0.0,0,0.0,0,0.0,3,4.545,1,12,18.182,0,0.0,0,0.0,2,3.03,0,0.0,2,3.03,2,3.03,5,7.576,0,0.0,0,0.0,,22,8,2,3.03,1,10895,1.515,0.3,1,1.515,660
Pe71646e585,0,0.0,0,0.0,0,0.0,1,4.566,1,2,9.132,0,0.0,0,0.0,0,0.0,0,0.0,0,0.0,2,9.132,2,9.132,0,0.0,0,0.0,,3,3,1,4.566,0,3336,0.0,0.4,0,0.0,219
Pe728a39ea0,0,0.0,0,0.0,0,0.0,0,0.0,1,5,11.82,0,0.0,0,0.0,0,0.0,0,0.0,0,0.0,0,0.0,4,9.456,1,9.456,0,0.0,,11,7,1,2.364,0,7841,0.0,0.571,1,2.364,423
Pe73b4eac92,,,,,,,,,0,,,,,,,,,,,,,,,,,,,,,,,,,,,,,,,,
Pe79941522f,,,,,,,,,0,,,,,,,,,,,,,,,,,,,,,,,,,,,,,,,,
Pe79de9d05b,0,0.0,0,0.0,0,0.0,0,0.0,1,0,0.0,0,0.0,0,0.0,7,17.903,0,0.0,0,0.0,2,5.115,0,0.0,0,0.0,0,0.0,,18,6,3,7.673,0,6823,0.0,0.0,0,0.0,391
Pe79f6d1bdb,0,0.0,0,0.0,0,0.0,1,2.268,1,2,4.535,0,0.0,0,0.0,0,0.0,0,0.0,0,0.0,3,6.803,3,6.803,0,0.0,0,0.0,,5,7,1,2.268,0,4152,0.0,0.5,0,0.0,441
Pe7ad570728,0,0.0,0,0.0,0,0.0,0,0.0,1,0,0.0,0,0.0,0,0.0,0,0.0,0,0.0,0,0.0,0,0.0,0,0.0,0,0.0,0,0.0,,0,2,0,0.0,0,991,0.0,0.0,0,0.0,52
Pe7f5f31a46,0,0.0,0,0.0,0,0.0,0,0.0,1,0,0.0,0,0.0,0,0.0,0,0.0,0,0.0,0,0.0,0,0.0,0,0.0,0,0.0,0,0.0,,4,1,0,0.0,0,2006,0.0,0.0,0,0.0,82
Pe82bc0553e,0,0.0,0,0.0,0,0.0,0,0.0,1,2,6.135,0,0.0,0,0.0,0,0.0,0,0.0,0,0.0,0,0.0,2,6.135,0,0.0,0,0.0,,11,4,0,0.0,0,4077,0.0,0.4,0,0.0,326
Pe88af25410,,,,,,,,,0,,,,,,,,,,,,,,,,,,,,,,,,,,,,,,,,
Pe929ebb536,,,,,,,,,0,,,,,,,,,,,,,,,,,,,,,,,,,,,,,,,,
Pe961cc9c52,,,,,,,,,0,,,,,,,,,,,,,,,,,,,,,,,,,,,,,,,,
Pe966e23e9c,1,6.061,0,0.0,0,0.0,0,0.0,1,0,0.0,0,0.0,0,0.0,0,0.0,0,0.0,0,0.0,0,0.0,0,0.0,0,0.0,0,0.0,,3,4,3,18.182,0,3356,0.0,0.0,0,0.0,165
Pe97fa79993,1,2.37,0,0.0,0,0.0,0,0.0,1,0,0.0,0,0.0,0,0.0,4,9.479,0,0.0,0,0.0,1,2.37,3,7.109,0,0.0,0,0.0,,1,5,2,4.739,0,4285,0.0,0.5,0,0.0,422
Pea46ee56c1,1,3.205,0,0.0,5,16.026,0,0.0,1,3,9.615,0,0.0,0,0.0,0,0.0,0,0.0,0,0.0,0,0.0,1,3.205,0,0.0,0,0.0,,11,5,1,3.205,0,5288,0.0,0.25,0,0.0,312
Pea4d2012e7,0,0.0,1,1.522,1,1.522,2,3.044,1,2,3.044,0,0.0,0,0.0,0,0.0,0,0.0,1,1.522,0,0.0,4,6.088,0,0.0,0,0.0,,7,5,1,1.522,0,6945,0.0,0.375,0,0.0,657
Pea73008ab4,2,1.73,1,0.865,0,0.0,0,0.0,1,2,1.73,0,0.0,0,0.0,0,0.0,0,0.0,0,0.0,2,1.73,3,2.595,0,0.0,0,0.0,,28,7,0,0.0,0,14656,0.0,0.5,0,0.0,1156
Pea7725adea,0,0.0,0,0.0,0,0.0,4,8.163,1,3,6.122,0,0.0,0,0.0,5,10.204,0,0.0,0,0.0,4,8.163,4,8.163,0,0.0,0,0.0,,11,5,1,2.041,0,6318,0.0,0.571,0,0.0,490
Peab571b95d,,,,,,,,,0,,,,,,,,,,,,,,,,,,,,,,,,,,,,,,,,
Peaf1686cc0,1,1.401,1,1.401,0,0.0,3,4.202,1,10,14.006,0,0.0,0,0.0,3,4.202,0,0.0,0,0.0,2,2.801,4,5.602,0,0.0,0,0.0,,19,4,1,1.401,0,11458,0.0,0.571,0,0.0,714
Peb2d46202e,,,,,,,,,0,,,,,,,,,,,,,,,,,,,,,,,,,,,,,,,,
Peb3b7288c1,0,0.0,0,0.0,0,0.0,0,0.0,1,3,4.076,1,1.359,0,0.0,0,0.0,0,0.0,1,1.359,3,4.076,3,4.076,0,0.0,0,0.0,,11,9,0,0.0,0,11246,0.0,0.286,1,4.076,736
Peb77360d78,1,1.193,2,2.387,0,0.0,7,8.353,1,7,8.353,2,2.387,0,0.0,0,0.0,0,0.0,1,1.193,1,1.193,2,2.387,0,0.0,0,0.0,,19,8,5,5.967,0,11220,0.0,0.167,0,0.0,838
Peb88f22502,0,0.0,0,0.0,0,0.0,1,2.053,1,5,10.267,2,4.107,0,0.0,0,0.0,0,0.0,0,0.0,0,0.0,1,2.053,0,0.0,0,0.0,,11,9,3,6.16,0,6841,0.0,0.25,0,0.0,487
Pebd90a92ff,,,,,,,,,0,,,,,,,,,,,,,,,,,,,,,,,,,,,,,,,,
Pec20f0f060,0,0.0,0,0.0,0,0.0,0,0.0,1,0,0.0,0,0.0,0,0.0,0,0.0,0,0.0,0,0.0,0,0.0,0,0.0,0,0.0,0,0.0,,0,0,0,0.0,0,332,0.0,0.0,0,0.0,44
Pec2bc35d4f,0,0.0,0,0.0,0,0.0,0,0.0,1,0,0.0,0,0.0,0,0.0,0,0.0,0,0.0,0,0.0,0,0.0,0,0.0,0,0.0,0,0.0,,2,2,2,21.505,0,1637,0.0,0.0,0,0.0,93
Pec8256037d,0,0.0,1,4.065,0,0.0,1,4.065,1,1,4.065,0,0.0,0,0.0,11,44.715,0,0.0,0,0.0,2,8.13,3,12.195,0,0.0,0,0.0,,8,4,1,4.065,0,5522,0.0,0.5,0,0.0,246
Pec84345bbc,1,2.994,0,0.0,0,0.0,0,0.0,1,6,17.964,2,5.988,0,0.0,0,0.0,0,0.0,1,2.994,0,0.0,3,8.982,0,0.0,0,0.0,,0,2,0,0.0,0,1952,0.0,0.286,0,0.0,334
Pec96a14b85,0,0.0,0,0.0,0,0.0,1,1.188,1,10,11.876,0,0.0,0,0.0,0,0.0,0,0.0,0,0.0,1,1.188,9,10.689,0,0.0,1,1.188,,17,9,4,4.751,0,11988,0.0,0.75,0,0.0,842
Peca9b04dbf,,,,,,,,,0,,,,,,,,,,,,,,,,,,,,,,,,,,,,,,,,
Ped46c6be82,0,0.0,1,1.789,1,1.789,1,1.789,1,2,3.578,0,0.0,0,0.0,0,0.0,0,0.0,0,0.0,2,3.578,0,0.0,0,0.0,0,0.0,,25,5,2,3.578,0,11608,0.0,0.0,0,0.0,559
Ped4ca8f8d6,0,0.0,0,0.0,0,0.0,0,0.0,1,0,0.0,0,0.0,0,0.0,0,0.0,0,0.0,0,0.0,0,0.0,0,0.0,1,4.902,0,0.0,,6,6,0,0.0,0,3908,0.0,0.0,1,4.902,204
Ped6b9a1a7c,0,0.0,1,4.219,0,0.0,1,4.219,1,2,8.439,0,0.0,0,0.0,0,0.0,0,0.0,0,0.0,0,0.0,1,4.219,0,0.0,1,8.439,,5,6,0,0.0,0,3902,0.0,0.25,0,0.0,237
Ped95bfcd7e,1,0.357,1,0.357,0,0.0,5,1.784,1,26,9.276,3,1.07,0,0.0,1,0.357,0,0.0,0,0.0,11,3.924,35,12.487,0,0.0,1,0.357,25,116,12,3,1.07,0,52027,0.0,0.921,0,0.0,2803
Peda84f3898,0,0.0,1,3.663,0,0.0,0,0.0,1,1,3.663,0,0.0,0,0.0,0,0.0,0,0.0,0,0.0,0,0.0,2,7.326,0,0.0,1,3.663,,2,5,0,0.0,0,2301,0.0,0.4,0,0.0,273
Pee12c1b431,2,2.421,0,0.0,6,7.264,1,1.211,1,9,10.896,0,0.0,0,0.0,0,0.0,0,0.0,1,1.211,1,1.211,3,3.632,0,0.0,0,0.0,,30,7,4,4.843,0,14147,0.0,0.286,1,2.421,826
Peecc71d248,0,0.0,0,0.0,0,0.0,6,10.49,1,4,6.993,1,1.748,0,0.0,0,0.0,0,0.0,0,0.0,2,3.497,4,6.993,0,0.0,0,0.0,,8,6,1,1.748,0,7125,0.0,0.571,0,0.0,572
Peed487fb04,,,,,,,,,0,,,,,,,,,,,,,,,,,,,,,,,,,,,,,,,,
Peef8948765,0,0.0,0,0.0,0,0.0,1,2.488,1,0,0.0,0,0.0,0,0.0,0,0.0,1,2.488,0,0.0,3,7.463,2,4.975,0,0.0,1,4.975,,10,5,4,9.95,0,6269,0.0,0.4,0,0.0,402
Peefc30f89c,,,,,,,,,0,,,,,,,,,,,,,,,,,,,,,,,,,,,,,,,,
Pef77516e2b,1,3.135,0,0.0,0,0.0,1,3.135,1,1,3.135,0,0.0,0,0.0,0,0.0,0,0.0,0,0.0,0,0.0,0,0.0,0,0.0,1,3.135,,3,2,2,6.27,0,3894,0.0,0.0,0,0.0,319
Pef94ae3f83,0,0.0,0,0.0,1,1.439,7,10.072,1,7,10.072,0,0.0,0,0.0,0,0.0,1,1.439,1,1.439,0,0.0,4,5.755,0,0.0,1,1.439,,18,8,0,0.0,0,10832,0.0,0.375,1,1.439,695
Pefa2378416,0,0.0,0,0.0,0,0.0,1,0.672,1,3,2.017,0,0.0,0,0.0,0,0.0,0,0.0,1,0.672,2,1.345,5,3.362,1,4.035,0,0.0,,73,9,15,10.087,0,40019,0.0,0.444,1,0.672,1487
Pefaae49c8b,0,0.0,2,12.821,0,0.0,0,0.0,1,0,0.0,0,0.0,0,0.0,4,25.641,0,0.0,0,0.0,0,0.0,4,25.641,0,0.0,0,0.0,,7,4,0,0.0,0,4642,0.0,0.571,0,0.0,156
Pefc5241948,0,0.0,0,0.0,0,0.0,0,0.0,1,0,0.0,0,0.0,0,0.0,13,23.723,0,0.0,0,0.0,2,3.65,0,0.0,0,0.0,1,1.825,,18,5,0,0.0,0,8860,0.0,0.0,0,0.0,548
Pefcb67dee7,,,,,,,,,0,,,,,,,,,,,,,,,,,,,,,,,,,,,,,,,,
Pf02a0c42ed,0,0.0,0,0.0,0,0.0,12,9.441,1,16,12.589,1,0.787,0,0.0,17,13.375,0,0.0,0,0.0,10,7.868,6,4.721,0,0.0,1,3.147,,44,8,2,1.574,0,20648,0.0,0.667,0,0.0,1271
Pf069f7ce7d,0,0.0,0,0.0,0,0.0,0,0.0,1,1,2.141,1,2.141,0,0.0,0,0.0,0,0.0,0,0.0,0,0.0,1,2.141,0,0.0,0,0.0,,8,5,1,2.141,0,7584,0.0,0.25,1,6.424,467
Pf07b0c62fd,0,0.0,0,0.0,0,0.0,0,0.0,1,3,3.856,0,0.0,0,0.0,0,0.0,0,0.0,0,0.0,1,1.285,3,3.856,1,7.712,0,0.0,,6,8,1,1.285,0,8338,0.0,0.5,1,1.285,778
Pf0ef0714b6,0,0.0,0,0.0,0,0.0,0,0.0,1,8,28.674,0,0.0,0,0.0,0,0.0,0,0.0,0,0.0,2,7.168,2,7.168,0,0.0,0,0.0,,6,6,1,3.584,0,4534,0.0,0.4,0,0.0,279
Pf120e8dc11,0,0.0,0,0.0,1,1.855,1,1.855,1,1,1.855,0,0.0,0,0.0,0,0.0,0,0.0,0,0.0,2,3.711,2,3.711,0,0.0,0,0.0,,16,7,3,5.566,0,9101,0.0,0.4,1,3.711,539
Pf1323eea4d,,,,,,,,,0,,,,,,,,,,,,,,,,,,,,,,,,,,,,,,,,
Pf14243ec5e,1,2.77,0,0.0,0,0.0,0,0.0,1,1,2.77,3,8.31,0,0.0,0,0.0,0,0.0,0,0.0,0,0.0,0,0.0,0,0.0,0,0.0,,0,3,3,8.31,0,2692,0.0,0.0,0,0.0,361
Pf18fe42b62,1,1.22,0,0.0,0,0.0,3,3.659,1,17,20.732,0,0.0,0,0.0,0,0.0,0,0.0,0,0.0,1,1.22,6,7.317,0,0.0,0,0.0,15,8,4,0,0.0,0,9433,0.0,0.667,1,1.22,820
Pf1b3205a09,0,0.0,1,1.887,0,0.0,2,3.774,1,1,1.887,0,0.0,0,0.0,0,0.0,0,0.0,1,1.887,1,1.887,2,3.774,0,0.0,0,0.0,,6,6,8,15.094,0,6066,0.0,0.167,0,0.0,530
Pf1e6555cfc,0,0.0,0,0.0,0,0.0,0,0.0,1,5,16.34,6,19.608,0,0.0,0,0.0,0,0.0,0,0.0,0,0.0,1,3.268,0,0.0,0,0.0,,6,4,0,0.0,0,3690,0.0,0.25,0,0.0,306
Pf1eb0b11c1,1,0.485,2,0.97,0,0.0,6,2.91,1,4,1.94,0,0.0,0,0.0,7,3.395,0,0.0,1,0.485,2,0.97,7,3.395,0,0.0,1,0.485,,50,9,5,2.425,0,22110,0.0,0.545,0,0.0,2062
Pf20205fffb,,,,,,,,,0,,,,,,,,,,,,,,,,,,,,,,,,,,,,,,,,
Pf209014384,0,0.0,0,0.0,0,0.0,5,7.485,1,7,10.479,0,0.0,0,0.0,0,0.0,0,0.0,0,0.0,6,8.982,9,13.473,0,0.0,0,0.0,,23,5,0,0.0,0,8092,0.0,0.75,0,0.0,668
Pf21d262b1c,1,3.067,0,0.0,0,0.0,0,0.0,1,7,21.472,0,0.0,0,0.0,0,0.0,0,0.0,0,0.0,0,0.0,1,3.067,1,6.135,0,0.0,,1,4,0,0.0,0,3566,0.0,0.25,0,0.0,326
Pf25d15a954,0,0.0,0,0.0,0,0.0,0,0.0,1,0,0.0,3,6.961,0,0.0,2,4.64,0,0.0,1,2.32,1,2.32,0,0.0,0,0.0,0,0.0,,20,4,3,6.961,0,7142,0.0,-0.25,1,4.64,431
Pf271325d7b,0,0.0,0,0.0,0,0.0,3,6.849,1,2,4.566,0,0.0,0,0.0,1,2.283,0,0.0,1,2.283,2,4.566,2,4.566,1,11.416,0,0.0,,16,3,1,2.283,0,7078,0.0,0.167,1,2.283,438
Pf2b2bf7c90,,,,,,,,,0,,,,,,,,,,,,,,,,,,,,,,,,,,,,,,,,
Pf2b6b60b16,,,,,,,,,0,,,,,,,,,,,,,,,,,,,,,,,,,,,,,,,,
Pf2c709b50b,1,2.66,0,0.0,0,0.0,0,0.0,1,5,13.298,0,0.0,0,0.0,0,0.0,0,0.0,0,0.0,0,0.0,6,15.957,0,0.0,0,0.0,,7,4,2,5.319,0,6323,0.0,0.667,1,2.66,376
Pf38454d2db,0,0.0,6,4.274,0,0.0,3,2.137,1,6,4.274,3,2.137,1,0.712,0,0.0,0,0.0,0,0.0,2,1.425,4,2.849,0,0.0,1,2.849,,48,9,18,12.821,0,20815,0.0,0.571,0,0.0,1404
Pf3b62cae3c,1,2.079,0,0.0,0,0.0,1,2.079,1,6,12.474,0,0.0,0,0.0,6,12.474,1,4.158,0,0.0,2,4.158,3,6.237,0,0.0,1,6.237,,15,8,1,2.079,0,10534,0.0,0.5,0,0.0,481
Pf3fb310df6,,,,,,,,,0,,,,,,,,,,,,,,,,,,,,,,,,,,,,,,,,
Pf46613d969,0,0.0,0,0.0,0,0.0,1,0.989,1,13,12.859,0,0.0,0,0.0,9,8.902,0,0.0,1,0.989,11,10.88,8,7.913,0,0.0,1,0.989,,17,7,2,1.978,0,12932,0.0,0.583,0,0.0,1011
Pf4a65045a1,0,0.0,1,2.494,0,0.0,1,2.494,1,0,0.0,1,2.494,0,0.0,6,14.963,0,0.0,0,0.0,1,2.494,1,2.494,0,0.0,1,2.494,,18,8,1,2.494,0,7329,0.0,0.25,0,0.0,401
Pf4d331b9a5,,,,,,,,,0,,,,,,,,,,,,,,,,,,,,,,,,,,,,,,,,
Pf4d4553b6f,,,,,,,,,0,,,,,,,,,,,,,,,,,,,,,,,,,,,,,,,,
Pf4e651b50c,0,0.0,0,0.0,0,0.0,2,6.601,1,4,13.201,0,0.0,0,0.0,0,0.0,0,0.0,0,0.0,1,3.3,1,3.3,0,0.0,1,3.3,,10,8,0,0.0,0,7572,0.0,0.25,1,6.601,303
Pf507011aa5,0,0.0,0,0.0,0,0.0,0,0.0,1,0,0.0,7,25.735,0,0.0,0,0.0,0,0.0,0,0.0,3,11.029,2,7.353,0,0.0,0,0.0,,7,2,3,11.029,0,4612,0.0,0.4,0,0.0,272
Pf532d918b8,,,,,,,,,0,,,,,,,,,,,,,,,,,,,,,,,,,,,,,,,,
Pf54bd6bbc8,0,0.0,0,0.0,0,0.0,0,0.0,1,0,0.0,2,3.454,0,0.0,4,6.908,0,0.0,0,0.0,1,1.727,0,0.0,0,0.0,0,0.0,,11,9,2,3.454,0,10063,0.0,0.0,0,0.0,579
Pf596e595fa,,,,,,,,,0,,,,,,,,,,,,,,,,,,,,,,,,,,,,,,,,
Pf5e2b9f7f1,0,0.0,0,0.0,0,0.0,0,0.0,1,1,4.405,0,0.0,0,0.0,0,0.0,1,4.405,0,0.0,1,4.405,1,4.405,0,0.0,1,8.811,,0,0,0,0.0,0,2781,0.0,0.25,0,0.0,227
Pf5ec6d144b,1,0.592,1,0.592,0,0.0,8,4.737,1,1,0.592,0,0.0,0,0.0,19,11.249,0,0.0,3,1.776,15,8.881,7,4.144,0,0.0,1,1.184,,50,11,9,5.329,0,21363,0.0,0.308,0,0.0,1689
Pf5fb4e36b6,0,0.0,0,0.0,1,1.859,4,7.435,1,14,26.022,2,3.717,0,0.0,1,1.859,0,0.0,0,0.0,1,1.859,3,5.576,0,0.0,0,0.0,,5,4,2,3.717,0,6791,0.0,0.5,0,0.0,538
Pf6213e9937,1,1.835,0,0.0,0,0.0,2,3.67,1,5,9.174,2,3.67,0,0.0,0,0.0,1,3.67,2,3.67,3,5.505,3,5.505,0,0.0,1,5.505,,17,8,3,5.505,0,10012,0.0,0.125,0,0.0,545
Pf62abcdcde,0,0.0,0,0.0,0,0.0,1,1.704,1,2,3.407,0,0.0,0,0.0,8,13.629,0,0.0,0,0.0,0,0.0,9,15.332,0,0.0,1,6.814,,23,9,1,1.704,2,11461,3.407,0.75,0,0.0,587
Pf634b73f97,0,0.0,0,0.0,0,0.0,0,0.0,1,0,0.0,0,0.0,0,0.0,0,0.0,0,0.0,0,0.0,1,11.765,0,0.0,0,0.0,0,0.0,,2,2,0,0.0,0,1982,0.0,0.0,0,0.0,85
Pf65d71b77e,,,,,,,,,0,,,,,,,,,,,,,,,,,,,,,,,,,,,,,,,,
Pf6d18cb839,0,0.0,0,0.0,0,0.0,2,5.698,1,0,0.0,3,8.547,0,0.0,0,0.0,0,0.0,0,0.0,0,0.0,3,8.547,0,0.0,0,0.0,,2,5,0,0.0,0,3706,0.0,0.5,0,0.0,351
Pf6db5ed983,0,0.0,0,0.0,0,0.0,0,0.0,1,1,2.74,0,0.0,0,0.0,0,0.0,0,0.0,0,0.0,3,8.219,1,2.74,0,0.0,0,0.0,,7,6,1,2.74,0,5236,0.0,0.25,0,0.0,365
Pf72d9be4b9,,,,,,,,,0,,,,,,,,,,,,,,,,,,,,,,,,,,,,,,,,
Pf781dda14b,0,0.0,0,0.0,0,0.0,1,1.112,1,17,18.91,0,0.0,0,0.0,6,6.674,0,0.0,0,0.0,1,1.112,7,7.786,0,0.0,0,0.0,,11,7,1,1.112,0,10567,0.0,0.7,0,0.0,899
Pf78412d8c5,0,0.0,0,0.0,0,0.0,0,0.0,1,0,0.0,0,0.0,0,0.0,2,19.417,0,0.0,0,0.0,0,0.0,1,9.709,0,0.0,0,0.0,,2,2,0,0.0,0,2671,0.0,0.25,0,0.0,103
Pf7c7a85a9a,0,0.0,0,0.0,0,0.0,1,3.289,1,3,9.868,0,0.0,0,0.0,0,0.0,0,0.0,0,0.0,3,9.868,2,6.579,0,0.0,0,0.0,,5,4,3,9.868,0,3995,0.0,0.4,0,0.0,304
Pf7cf72315c,1,0.438,2,0.876,4,1.751,9,3.94,1,15,6.567,7,3.065,0,0.0,1,0.438,0,0.0,6,2.627,11,4.816,13,5.692,0,0.0,1,0.876,,107,14,8,3.503,0,49573,0.0,0.318,1,1.313,2284
Pf7f191defd,1,2.591,0,0.0,0,0.0,0,0.0,1,1,2.591,0,0.0,0,0.0,0,0.0,0,0.0,0,0.0,1,2.591,5,12.953,0,0.0,1,2.591,,7,5,0,0.0,0,5511,0.0,0.625,0,0.0,386
Pf804162018,,,,,,,,,0,,,,,,,,,,,,,,,,,,,,,,,,,,,,,,,,
Pf825457ab4,4,1.517,2,0.758,0,0.0,3,1.138,1,8,3.034,1,0.379,0,0.0,9,3.413,1,1.138,3,1.138,6,2.275,25,9.48,0,0.0,1,2.275,,112,10,26,9.86,0,48504,0.0,0.71,1,0.379,2637
Pf849910cdc,0,0.0,0,0.0,0,0.0,1,1.992,1,10,19.92,0,0.0,0,0.0,0,0.0,0,0.0,0,0.0,0,0.0,7,13.944,1,1.992,0,0.0,,14,6,0,0.0,0,7506,0.0,0.7,0,0.0,502
Pf85863f4bd,0,0.0,0,0.0,0,0.0,1,1.253,1,9,11.278,6,7.519,0,0.0,4,5.013,0,0.0,0,0.0,5,6.266,5,6.266,0,0.0,1,1.253,,38,9,4,5.013,0,17412,0.0,0.625,0,0.0,798
Pf8b83ac1f0,0,0.0,0,0.0,0,0.0,0,0.0,1,6,20.761,2,6.92,0,0.0,0,0.0,0,0.0,0,0.0,0,0.0,3,10.381,0,0.0,0,0.0,,4,5,1,3.46,0,3985,0.0,0.5,0,0.0,289
Pf919ba1bb3,0,0.0,0,0.0,0,0.0,0,0.0,1,5,10.06,2,4.024,0,0.0,0,0.0,0,0.0,0,0.0,0,0.0,6,12.072,0,0.0,0,0.0,10,0,1,0,0.0,0,3135,0.0,0.667,0,0.0,497
Pf93789f1b5,0,0.0,0,0.0,0,0.0,0,0.0,1,1,5.0,0,0.0,0,0.0,0,0.0,0,0.0,0,0.0,2,10.0,1,5.0,0,0.0,0,0.0,20,8,3,1,5.0,0,4040,0.0,0.25,1,5.0,200
Pf9e0178b31,1,2.028,0,0.0,0,0.0,0,0.0,1,4,8.114,4,8.114,0,0.0,0,0.0,0,0.0,0,0.0,3,6.085,8,16.227,0,0.0,0,0.0,,8,4,1,2.028,0,5676,0.0,0.727,0,0.0,493
Pf9ebd1b271,1,1.629,0,0.0,0,0.0,1,1.629,1,4,6.515,0,0.0,0,0.0,5,8.143,0,0.0,0,0.0,1,1.629,1,1.629,0,0.0,1,1.629,,24,7,3,4.886,0,8462,0.0,0.25,1,1.629,614
Pf9f33f79e7,0,0.0,0,0.0,0,0.0,0,0.0,1,0,0.0,0,0.0,0,0.0,5,11.574,0,0.0,0,0.0,0,0.0,0,0.0,0,0.0,1,2.315,,13,7,0,0.0,0,8086,0.0,0.0,0,0.0,432
Pfa4c05beee,1,2.41,0,0.0,1,2.41,1,2.41,1,12,28.916,0,0.0,0,0.0,0,0.0,0,0.0,0,0.0,0,0.0,2,4.819,0,0.0,0,0.0,,11,6,0,0.0,0,6132,0.0,0.4,0,0.0,415
Pfa7a6f2536,0,0.0,1,1.271,2,2.541,1,1.271,1,12,15.248,0,0.0,0,0.0,2,2.541,0,0.0,0,0.0,3,3.812,4,5.083,0,0.0,1,5.083,3,30,10,0,0.0,0,16121,0.0,0.571,0,0.0,787
Pfa91aaf1ef,,,,,,,,,0,,,,,,,,,,,,,,,,,,,,,,,,,,,,,,,,
Pfb151947b8,,,,,,,,,0,,,,,,,,,,,,,,,,,,,,,,,,,,,,,,,,
Pfb1f867cde,0,0.0,0,0.0,0,0.0,0,0.0,1,5,10.246,0,0.0,0,0.0,0,0.0,0,0.0,0,0.0,0,0.0,3,6.148,0,0.0,0,0.0,,8,5,3,6.148,0,7019,0.0,0.5,0,0.0,488
Pfb5ad97400,1,3.906,0,0.0,2,7.812,1,3.906,1,1,3.906,0,0.0,0,0.0,0,0.0,0,0.0,0,0.0,0,0.0,3,11.719,0,0.0,1,3.906,,0,1,0,0.0,0,1696,0.0,0.5,0,0.0,256
Pfc563b417e,0,0.0,0,0.0,0,0.0,1,2.457,1,0,0.0,0,0.0,0,0.0,0,0.0,0,0.0,0,0.0,2,4.914,3,7.371,0,0.0,0,0.0,,12,6,4,9.828,0,7141,0.0,0.5,1,4.914,407
Pfc8df2f375,1,1.805,1,1.805,2,3.61,0,0.0,1,0,0.0,0,0.0,0,0.0,7,12.635,0,0.0,1,1.805,1,1.805,1,1.805,0,0.0,0,0.0,,23,5,2,3.61,0,9923,0.0,0.0,1,1.805,554
Pfcb4575061,0,0.0,0,0.0,0,0.0,2,16.0,1,0,0.0,0,0.0,0,0.0,0,0.0,1,8.0,0,0.0,1,8.0,2,16.0,0,0.0,1,16.0,,0,1,0,0.0,0,1485,0.0,0.4,0,0.0,125
Pfcc31e3705,,,,,,,,,0,,,,,,,,,,,,,,,,,,,,,,,,,,,,,,,,
Pfce02776de,0,0.0,0,0.0,0,0.0,1,2.257,1,4,9.029,2,4.515,0,0.0,0,0.0,0,0.0,0,0.0,2,4.515,2,4.515,0,0.0,0,0.0,,10,7,1,2.257,0,8137,0.0,0.4,0,0.0,443
Pfd12de1732,0,0.0,1,1.422,0,0.0,0,0.0,1,4,5.69,0,0.0,0,0.0,30,42.674,0,0.0,0,0.0,8,11.38,4,5.69,1,4.267,1,1.422,,19,7,3,4.267,0,12202,0.0,0.571,0,0.0,703
Pfd3b474513,0,0.0,0,0.0,0,0.0,0,0.0,1,3,4.615,0,0.0,0,0.0,0,0.0,0,0.0,0,0.0,6,9.231,2,3.077,0,0.0,1,1.538,,14,8,6,9.231,0,10757,0.0,0.4,1,1.538,650
Pfd95ad31d4,0,0.0,3,3.783,0,0.0,2,2.522,1,1,1.261,1,1.261,0,0.0,4,5.044,0,0.0,2,2.522,1,1.261,5,6.305,0,0.0,0,0.0,,25,6,6,7.566,0,9776,0.0,0.3,0,0.0,793
Pfd96fb33e5,,,,,,,,,0,,,,,,,,,,,,,,,,,,,,,,,,,,,,,,,,
Pfdab72198e,,,,,,,,,0,,,,,,,,,,,,,,,,,,,,,,,,,,,,,,,,
Pfdb326aa01,,,,,,,,,0,,,,,,,,,,,,,,,,,,,,,,,,,,,,,,,,
Pfdcf13c664,0,0.0,1,1.689,0,0.0,2,3.378,1,8,13.514,0,0.0,0,0.0,7,11.824,0,0.0,0,0.0,3,5.068,2,3.378,1,5.068,0,0.0,,16,9,2,3.378,0,10298,0.0,0.4,1,1.689,592
Pfe357344e4,0,0.0,2,2.959,1,1.479,1,1.479,1,2,2.959,1,1.479,0,0.0,0,0.0,0,0.0,0,0.0,1,1.479,1,1.479,0,0.0,0,0.0,,11,6,4,5.917,0,7256,0.0,0.25,0,0.0,676
Pfe4fcea486,3,1.784,4,2.378,0,0.0,4,2.378,1,12,7.134,0,0.0,0,0.0,0,0.0,0,0.0,0,0.0,25,14.863,13,7.729,0,0.0,1,1.784,,62,11,5,2.973,0,27983,0.0,0.812,0,0.0,1682
Pfe5913c014,2,1.216,0,0.0,1,0.608,8,4.863,1,8,4.863,1,0.608,1,1.216,20,12.158,0,0.0,1,0.608,22,13.374,9,5.471,0,0.0,1,2.432,,57,11,12,7.295,1,24410,0.608,0.615,0,0.0,1645
Pff029e3151,,,,,,,,,0,,,,,,,,,,,,,,,,,,,,,,,,,,,,,,,,
Pff1fab2e32,1,6.369,0,0.0,0,0.0,0,0.0,1,0,0.0,0,0.0,0,0.0,0,0.0,0,0.0,0,0.0,0,0.0,0,0.0,0,0.0,0,0.0,,0,1,2,12.739,2,1754,12.739,0.0,0,0.0,157
Pff47b96114,,,,,,,,,0,,,,,,,,,,,,,,,,,,,,,,,,,,,,,,,,
Pff73e1eace,,,,,,,,,0,,,,,,,,,,,,,,,,,,,,,,,,,,,,,,,,
Pff7518dc75,,,,,,,,,0,,,,,,,,,,,,,,,,,,,,,,,,,,,,,,,,
Pff77feae98,1,0.97,0,0.0,0,0.0,0,0.0,1,21,20.369,0,0.0,0,0.0,7,6.79,0,0.0,0,0.0,0,0.0,7,6.79,0,0.0,1,0.97,,15,13,0,0.0,0,13063,0.0,0.7,0,0.0,1031
Pffd0721d82,0,0.0,1,4.274,0,0.0,0,0.0,1,1,4.274,0,0.0,0,0.0,1,4.274,0,0.0,0,0.0,0,0.0,2,8.547,0,0.0,0,0.0,,0,2,0,0.0,0,1526,0.0,0.4,0,0.0,234
Pffe825f9b7,0,0.0,0,0.0,0,0.0,0,0.0,1,2,8.13,0,0.0,0,0.0,0,0.0,0,0.0,0,0.0,0,0.0,1,4.065,0,0.0,0,0.0,,0,2,0,0.0,0,2064,0.0,0.25,0,0.0,246
Pfff8cbaa74,,,,,,,,,0,,,,,,,,,,,,,,,,,,,,,,,,,,,,,,,,
