pid,draft_year,was_drafted,actual_pick,ctx_base_gp,ctx_base_minutes_share,ctx_base_usage,ctx_base_efg,ctx_base_ts,ctx_base_orb,ctx_base_drb,ctx_base_ast_pct,ctx_base_tov_pct,ctx_base_ftm,ctx_base_fta,ctx_base_ft_pct,ctx_base_fg2m,ctx_base_fg2a,ctx_base_fg2_pct,ctx_base_fg3m,ctx_base_fg3a,ctx_base_fg3_pct,ctx_base_blk_pct,ctx_base_stl_pct,ctx_base_ftr,ctx_base_fouls40,ctx_base_ast_tov,ctx_base_rim_made,ctx_base_rim_attempts,ctx_base_mid_made,ctx_base_mid_attempts,ctx_base_dunk_made,ctx_base_dunk_attempts,ctx_base_mpg,ctx_base_oreb_pg,ctx_base_dreb_pg,ctx_base_ast_pg,ctx_base_stl_pg,ctx_base_blk_pg,ctx_base_pts_pg,ctx_base_three_share,ctx_skill_defense_discipline,ctx_skill_creation_control,ctx_skill_usage_efficiency,ctx_skill_ft_volume
P58604dcdcf,2017,0,,37.0,80.0,24.9,48.5,51.37,8.0,16.5,16.8,13.0,135.0,230.0,0.587,158.0,324.0,0.488,22.0,70.0,0.314,1.3,1.4,58.4,2.2,1.58730244,102.0,161.0,56.0,161.0,24.0,26.0,32.4324,2.2162,4.4054,2.7027,0.7568,0.3784,13.973,0.1776649746192893,0.84375,1.2,0.0671299999999998,3.1946991960762925
P16f60c6002,2016,0,,35.0,81.9,21.2,58.4,64.52,2.1,9.2,9.9,10.9,160.0,191.0,0.838,121.0,213.0,0.568,56.0,138.0,0.406,0.8,1.9,54.4,2.2,1.2727707,80.0,114.0,41.0,99.0,26.0,29.0,32.8857,0.5429,2.6571,1.6,1.0286,0.2571,16.2857,0.3931623931623931,0.84375,0.8319327731092437,0.1742399999999998,4.405781121759281
P267f5baf8e,2008,0,,,,,,,,,,,,,,,,,,,,,,,,,,,,,,,,,,,,,,,,,,
P8955b1a9c4,2000,0,,,,,,,,,,,,,,,,,,,,,,,,,,,,,,,,,,,,,,,,,,
P099a8d0c1c,2005,1,1.0,,,,,,,,,,,,,,,,,,,,,,,,,,,,,,,,,,,,,,,,,
P3470a61a00,2005,1,2.0,,,,,,,,,,,,,,,,,,,,,,,,,,,,,,,,,,,,,,,,,
P5e4491e5c3,2005,1,4.0,,,,,,,,,,,,,,,,,,,,,,,,,,,,,,,,,,,,,,,,,
Pc047806c80,2005,1,5.0,,,,,,,,,,,,,,,,,,,,,,,,,,,,,,,,,,,,,,,,,
Pf804162018,2005,1,6.0,,,,,,,,,,,,,,,,,,,,,,,,,,,,,,,,,,,,,,,,,
P572a4194e6,2005,1,7.0,,,,,,,,,,,,,,,,,,,,,,,,,,,,,,,,,,,,,,,,,
Pcb4360a784,2005,1,9.0,,,,,,,,,,,,,,,,,,,,,,,,,,,,,,,,,,,,,,,,,
P5afd5b991d,2005,1,3.0,,,,,,,,,,,,,,,,,,,,,,,,,,,,,,,,,,,,,,,,,
Pff47b96114,2005,1,10.0,,,,,,,,,,,,,,,,,,,,,,,,,,,,,,,,,,,,,,,,,
P2f15d5867f,2005,1,12.0,,,,,,,,,,,,,,,,,,,,,,,,,,,,,,,,,,,,,,,,,
P8a3b7b6860,2005,1,13.0,,,,,,,,,,,,,,,,,,,,,,,,,,,,,,,,,,,,,,,,,
P9f246cdbe1,2005,1,14.0,,,,,,,,,,,,,,,,,,,,,,,,,,,,,,,,,,,,,,,,,
Pf4d4553b6f,2005,1,15.0,,,,,,,,,,,,,,,,,,,,,,,,,,,,,,,,,,,,,,,,,
Pc295aab61a,2005,1,16.0,,,,,,,,,,,,,,,,,,,,,,,,,,,,,,,,,,,,,,,,,
P81f3558def,2005,1,18.0,,,,,,,,,,,,,,,,,,,,,,,,,,,,,,,,,,,,,,,,,
P959d20dcac,2005,1,20.0,,,,,,,,,,,,,,,,,,,,,,,,,,,,,,,,,,,,,,,,,
P9cbbbfe0cc,2005,1,21.0,,,,,,,,,,,,,,,,,,,,,,,,,,,,,,,,,,,,,,,,,
Pa4dad52ff4,2005,1,22.0,,,,,,,,,,,,,,,,,,,,,,,,,,,,,,,,,,,,,,,,,
P311b5f6b41,2005,1,23.0,,,,,,,,,,,,,,,,,,,,,,,,,,,,,,,,,,,,,,,,,
P6f59c256f3,2005,1,24.0,,,,,,,,,,,,,,,,,,,,,,,,,,,,,,,,,,,,,,,,,
P5ea12f1777,2005,1,25.0,,,,,,,,,,,,,,,,,,,,,,,,,,,,,,,,,,,,,,,,,
P17786d3599,2005,1,26.0,,,,,,,,,,,,,,,,,,,,,,,,,,,,,,,,,,,,,,,,,
Pd11ab06c36,2005,1,27.0,,,,,,,,,,,,,,,,,,,,,,,,,,,,,,,,,,,,,,,,,
P3e3a854ff5,2005,1,28.0,,,,,,,,,,,,,,,,,,,,,,,,,,,,,,,,,,,,,,,,,
P8c537f5a4d,2005,1,29.0,,,,,,,,,,,,,,,,,,,,,,,,,,,,,,,,,,,,,,,,,
P13a7a5112c,2005,1,31.0,,,,,,,,,,,,,,,,,,,,,,,,,,,,,,,,,,,,,,,,,
Pdb057d444b,2005,1,32.0,,,,,,,,,,,,,,,,,,,,,,,,,,,,,,,,,,,,,,,,,
P690d8b352a,2005,1,33.0,,,,,,,,,,,,,,,,,,,,,,,,,,,,,,,,,,,,,,,,,
P19de9513b3,2005,1,34.0,,,,,,,,,,,,,,,,,,,,,,,,,,,,,,,,,,,,,,,,,
Pc6a39f466a,2005,1,36.0,,,,,,,,,,,,,,,,,,,,,,,,,,,,,,,,,,,,,,,,,
Pd382320a3c,2005,1,37.0,,,,,,,,,,,,,,,,,,,,,,,,,,,,,,,,,,,,,,,,,
Peb2d46202e,2005,1,38.0,,,,,,,,,,,,,,,,,,,,,,,,,,,,,,,,,,,,,,,,,
P83f985b4bd,2005,1,39.0,,,,,,,,,,,,,,,,,,,,,,,,,,,,,,,,,,,,,,,,,
Pce1d0d3699,2005,1,41.0,,,,,,,,,,,,,,,,,,,,,,,,,,,,,,,,,,,,,,,,,
P01bc9a886e,2005,1,42.0,,,,,,,,,,,,,,,,,,,,,,,,,,,,,,,,,,,,,,,,,
P6b0e9b0b2a,2005,1,43.0,,,,,,,,,,,,,,,,,,,,,,,,,,,,,,,,,,,,,,,,,
P11475d8eed,2005,1,44.0,,,,,,,,,,,,,,,,,,,,,,,,,,,,,,,,,,,,,,,,,
P43e7adb565,2005,1,47.0,,,,,,,,,,,,,,,,,,,,,,,,,,,,,,,,,,,,,,,,,
Pdacd6ab94d,2005,1,48.0,,,,,,,,,,,,,,,,,,,,,,,,,,,,,,,,,,,,,,,,,
P63a21fbef6,2005,1,49.0,,,,,,,,,,,,,,,,,,,,,,,,,,,,,,,,,,,,,,,,,
P74b71b0d31,2005,1,50.0,,,,,,,,,,,,,,,,,,,,,,,,,,,,,,,,,,,,,,,,,
P83f12f36b1,2005,1,51.0,,,,,,,,,,,,,,,,,,,,,,,,,,,,,,,,,,,,,,,,,
P1378011126,2005,1,53.0,,,,,,,,,,,,,,,,,,,,,,,,,,,,,,,,,,,,,,,,,
P2b78092e41,2005,1,54.0,,,,,,,,,,,,,,,,,,,,,,,,,,,,,,,,,,,,,,,,,
Pbb4d6101de,2005,1,55.0,,,,,,,,,,,,,,,,,,,,,,,,,,,,,,,,,,,,,,,,,
P1dfb3826fd,2005,1,56.0,,,,,,,,,,,,,,,,,,,,,,,,,,,,,,,,,,,,,,,,,
P38dadf836a,2005,1,57.0,,,,,,,,,,,,,,,,,,,,,,,,,,,,,,,,,,,,,,,,,
Pb5af3844f5,2005,1,60.0,,,,,,,,,,,,,,,,,,,,,,,,,,,,,,,,,,,,,,,,,
P0820723beb,2005,1,58.0,,,,,,,,,,,,,,,,,,,,,,,,,,,,,,,,,,,,,,,,,
P927dcf71a8,2005,0,,,,,,,,,,,,,,,,,,,,,,,,,,,,,,,,,,,,,,,,,,
Pf4d757d073,2005,0,,,,,,,,,,,,,,,,,,,,,,,,,,,,,,,,,,,,,,,,,,
P5840594df8,2005,0,,,,,,,,,,,,,,,,,,,,,,,,,,,,,,,,,,,,,,,,,,
P5b1d935a26,2005,0,,,,,,,,,,,,,,,,,,,,,,,,,,,,,,,,,,,,,,,,,,
Pc067530e3e,2005,0,,,,,,,,,,,,,,,,,,,,,,,,,,,,,,,,,,,,,,,,,,
P21b2b49a34,2005,0,,,,,,,,,,,,,,,,,,,,,,,,,,,,,,,,,,,,,,,,,,
Pb87f242f46,2005,0,,,,,,,,,,,,,,,,,,,,,,,,,,,,,,,,,,,,,,,,,,
Pd650e439a2,2005,0,,,,,,,,,,,,,,,,,,,,,,,,,,,,,,,,,,,,,,,,,,
P5104e01e75,2005,0,,,,,,,,,,,,,,,,,,,,,,,,,,,,,,,,,,,,,,,,,,
P32b8c3a5cb,2005,0,,,,,,,,,,,,,,,,,,,,,,,,,,,,,,,,,,,,,,,,,,
Pbe0a02c2fd,2005,0,,,,,,,,,,,,,,,,,,,,,,,,,,,,,,,,,,,,,,,,,,
Pa68189cdce,2005,0,,,,,,,,,,,,,,,,,,,,,,,,,,,,,,,,,,,,,,,,,,
Pef98a54ad0,2005,0,,,,,,,,,,,,,,,,,,,,,,,,,,,,,,,,,,,,,,,,,,
P3928bad8a7,2005,0,,,,,,,,,,,,,,,,,,,,,,,,,,,,,,,,,,,,,,,,,,
Pb945050559,2005,0,,,,,,,,,,,,,,,,,,,,,,,,,,,,,,,,,,,,,,,,,,
Pf0c178cb1c,2005,0,,,,,,,,,,,,,,,,,,,,,,,,,,,,,,,,,,,,,,,,,,
P7f2c8eb929,2005,0,,,,,,,,,,,,,,,,,,,,,,,,,,,,,,,,,,,,,,,,,,
Pd7ea309dee,2005,0,,,,,,,,,,,,,,,,,,,,,,,,,,,,,,,,,,,,,,,,,,
P16dd82b034,2005,0,,,,,,,,,,,,,,,,,,,,,,,,,,,,,,,,,,,,,,,,,,
Pc1044ed1f5,2005,0,,,,,,,,,,,,,,,,,,,,,,,,,,,,,,,,,,,,,,,,,,
P103e95dd1f,2008,0,,,,,,,,,,,,,,,,,,,,,,,,,,,,,,,,,,,,,,,,,,
Pb8998ddf4a,2006,0,,,,,,,,,,,,,,,,,,,,,,,,,,,,,,,,,,,,,,,,,,
P403a83bdf0,2005,0,,,,,,,,,,,,,,,,,,,,,,,,,,,,,,,,,,,,,,,,,,
Pdf59a363f3,2005,0,,,,,,,,,,,,,,,,,,,,,,,,,,,,,,,,,,,,,,,,,,
P7363f8a8b4,2006,0,,,,,,,,,,,,,,,,,,,,,,,,,,,,,,,,,,,,,,,,,,
P6f687d1dcc,2006,0,,,,,,,,,,,,,,,,,,,,,,,,,,,,,,,,,,,,,,,,,,
P1259ebdf13,2005,0,,,,,,,,,,,,,,,,,,,,,,,,,,,,,,,,,,,,,,,,,,
P1605b30cec,2007,0,,,,,,,,,,,,,,,,,,,,,,,,,,,,,,,,,,,,,,,,,,
Pa09c3091c5,2005,0,,,,,,,,,,,,,,,,,,,,,,,,,,,,,,,,,,,,,,,,,,
P187b6721ca,2002,0,,,,,,,,,,,,,,,,,,,,,,,,,,,,,,,,,,,,,,,,,,
Pdbacaefe1b,2003,0,,,,,,,,,,,,,,,,,,,,,,,,,,,,,,,,,,,,,,,,,,
P9e0485e8f6,2000,0,,,,,,,,,,,,,,,,,,,,,,,,,,,,,,,,,,,,,,,,,,
P6d9b6a98b1,2002,0,,,,,,,,,,,,,,,,,,,,,,,,,,,,,,,,,,,,,,,,,,
Pd72f71c2bb,2000,0,,,,,,,,,,,,,,,,,,,,,,,,,,,,,,,,,,,,,,,,,,
Pb9c495a67d,2015,1,3.0,38.0,72.8,27.6,66.4,64.14,14.8,18.2,9.4,18.2,99.0,194.0,0.51,279.0,420.0,0.664,0.0,0.0,0.0,4.5,1.5,46.2,2.8,0.5158,213.0,270.0,66.0,150.0,64.0,67.0,30.0789,3.5263,4.9474,1.2895,0.7632,1.4211,17.2895,0.0,1.5789473684210529,0.4895833333333333,1.0746400000000005,2.689229774867511
P3e493925a2,2015,1,7.0,,,,,,,,,,,,,,,,,,,,,,,,,,,,,,,,,,,,,,,,,
P9a02cf437c,2015,1,24.0,39.0,84.2,19.9,48.9,57.49,1.8,9.9,27.5,17.4,144.0,162.0,0.889,88.0,200.0,0.44,47.0,124.0,0.379,0.2,2.7,50.0,1.4,2.8552881,51.0,87.0,37.0,113.0,0.0,0.0,33.8974,0.4872,3.0256,5.5641,1.5128,0.0769,11.8205,0.382716049382716,1.2083333333333337,1.4945652173913044,-0.0074900000000001,4.528343928517212
Pb067831a66,2015,1,21.0,26.0,52.8,22.0,57.2,60.97,3.1,14.5,14.0,13.2,64.0,82.0,0.78,56.0,117.0,0.479,47.0,104.0,0.452,2.5,1.6,37.1,1.7,1.45164815,44.0,66.0,12.0,51.0,18.0,21.0,27.8462,0.6538,3.3846,1.7308,0.6538,0.5385,12.1923,0.4705882352941176,1.5185185185185184,0.9859154929577464,0.2193999999999999,3.446695674081347
Pf634b73f97,2015,1,34.0,37.0,87.7,21.2,52.8,57.3,3.8,18.8,15.2,15.7,116.0,146.0,0.795,97.0,229.0,0.424,79.0,179.0,0.441,0.6,1.3,35.8,2.4,1.30556553,58.0,96.0,39.0,133.0,8.0,9.0,35.6757,1.1351,5.7838,2.5405,0.7568,0.1892,14.7838,0.4387254901960784,0.5588235294117647,0.9101796407185628,0.0875999999999999,3.9673939064890953
P1b292d5147,2015,1,32.0,35.0,84.8,22.6,57.8,58.81,10.0,19.1,9.2,15.1,114.0,191.0,0.597,204.0,339.0,0.602,9.0,37.0,0.243,3.7,1.6,50.8,2.4,0.7101552,148.0,190.0,56.0,148.0,74.0,78.0,35.1143,3.1714,6.0,1.4,0.9429,1.2,15.6857,0.0984042553191489,1.558823529411765,0.5714285714285713,0.2290600000000002,3.1387247371005853
P0ba0d4e186,2015,1,44.0,39.0,63.1,21.8,44.6,53.13,1.7,8.1,26.0,18.4,126.0,159.0,0.792,65.0,173.0,0.376,36.0,94.0,0.383,0.9,2.5,59.6,2.8,2.17190735,35.0,58.0,30.0,115.0,5.0,5.0,25.4872,0.3333,1.8974,3.5641,1.0256,0.2051,9.3333,0.352059925093633,0.8947368421052632,1.3402061855670104,0.05634,4.019537661665191
Peda2227014,2015,0,,39.0,63.8,21.1,47.4,51.44,1.9,9.2,11.1,10.3,79.0,101.0,0.782,87.0,183.0,0.475,59.0,187.0,0.316,0.6,2.7,27.3,2.4,1.57153998,54.0,77.0,35.0,108.0,15.0,18.0,25.7692,0.3846,2.1795,1.4103,1.1026,0.1538,11.0256,0.5054054054054054,0.9705882352941178,0.982300884955752,0.0158399999999999,3.6167287399883
P16f77dc0c6,2015,1,20.0,34.0,83.7,24.2,54.5,61.66,4.1,13.6,32.8,15.4,152.0,182.0,0.835,135.0,246.0,0.549,26.0,73.0,0.356,3.2,3.9,57.1,1.7,2.61758206,101.0,149.0,34.0,98.0,17.0,18.0,33.2857,0.9714,3.9714,5.0857,2.0857,0.9714,14.5429,0.2288401253918495,2.6296296296296293,2.0,0.4897199999999998,4.349920937622587
P3cfad83e39,2015,1,28.0,34.0,92.1,28.5,46.8,54.93,2.8,12.4,19.7,12.9,197.0,222.0,0.887,121.0,247.0,0.49,75.0,252.0,0.298,3.6,3.6,44.5,2.6,1.63636356,59.0,81.0,63.0,165.0,5.0,5.0,36.9714,0.7714,3.9429,3.6,2.1429,1.0,19.6571,0.5050100200400801,2.0,1.4172661870503596,0.41905,4.796161361285125
P94d904f95a,2015,1,18.0,40.0,77.0,22.4,58.6,60.48,8.4,14.8,8.6,8.7,80.0,113.0,0.708,163.0,255.0,0.639,50.0,151.0,0.331,1.5,1.1,27.8,1.4,1.36111117,134.0,178.0,29.0,78.0,28.0,31.0,30.975,1.925,3.575,1.225,0.525,0.45,13.9,0.3719211822660098,1.0833333333333337,0.88659793814433,0.2515199999999997,3.3532285014633025
P67cf99c3eb,2015,1,2.0,35.0,84.3,29.9,54.1,57.29,3.6,15.4,30.1,17.3,118.0,156.0,0.756,136.0,284.0,0.479,95.0,231.0,0.411,1.1,2.8,30.3,2.5,1.71567788,70.0,110.0,66.0,174.0,4.0,4.0,33.9429,1.0,4.6571,5.0,1.5714,0.3143,19.2857,0.4485436893203883,1.1142857142857143,1.644808743169399,0.7217099999999997,3.8225218288433207
P5a591d3e24,2015,1,1.0,39.0,52.3,24.2,57.0,62.72,14.1,22.2,11.5,16.6,109.0,134.0,0.813,143.0,248.0,0.577,2.0,8.0,0.25,11.4,1.4,52.3,5.6,0.8301693,87.0,121.0,56.0,128.0,22.0,24.0,21.1282,2.359,4.3333,1.1282,0.4615,2.2564,10.2821,0.03125,1.9393939393939397,0.6534090909090908,0.5342399999999998,3.987988394870443
Pe7f5f31a46,2015,1,37.0,30.0,67.1,25.1,59.3,62.31,11.5,21.0,7.2,16.5,101.0,142.0,0.711,139.0,237.0,0.586,18.0,43.0,0.419,11.3,1.5,50.7,3.4,0.43332471,107.0,155.0,32.0,82.0,45.0,46.0,28.7742,2.871,5.1613,0.8387,0.7097,2.6452,14.8065,0.1535714285714285,2.909090909090909,0.4114285714285714,0.6278100000000003,3.5285825321147937
Pc3390f55d0,2015,1,10.0,39.0,72.3,22.4,55.1,57.2,5.4,19.8,13.2,16.8,100.0,156.0,0.641,127.0,246.0,0.516,46.0,110.0,0.418,2.9,2.8,43.8,3.8,1.15495747,112.0,163.0,15.0,85.0,24.0,25.0,29.1026,1.2564,5.2051,2.1026,1.3333,0.8718,12.6154,0.3089887640449438,1.1875,0.7415730337078651,0.1727999999999999,3.241053561228265
P9b0b27ae5d,2015,1,6.0,39.0,64.3,18.3,57.2,58.79,11.1,17.3,7.4,16.2,79.0,128.0,0.617,135.0,236.0,0.572,0.0,0.0,0.0,7.1,2.9,54.2,3.1,0.79168017,106.0,141.0,30.0,96.0,69.0,74.0,25.9487,2.2821,4.1538,0.9744,1.2051,1.7179,8.9487,0.0,2.439024390243903,0.4302325581395349,-0.1494299999999999,2.9985042534911517
Ped4ca8f8d6,2015,1,15.0,36.0,52.3,22.0,51.2,55.45,6.4,19.2,8.1,15.4,79.0,110.0,0.718,76.0,153.0,0.497,34.0,95.0,0.358,1.8,3.3,44.4,3.8,0.65120567,48.0,77.0,28.0,75.0,17.0,22.0,21.0,1.1389,3.8333,0.7778,1.1389,0.3611,9.25,0.3830645161290322,1.0625,0.4939024390243902,0.109,3.3814426845422556
Pec96a14b85,2015,1,9.0,39.0,81.4,28.1,59.0,62.78,6.0,25.7,18.4,11.5,156.0,200.0,0.78,225.0,387.0,0.581,42.0,101.0,0.416,4.5,1.7,41.0,2.0,1.63488926,137.0,180.0,88.0,207.0,31.0,34.0,33.6154,1.4872,6.7179,2.641,0.8462,1.4615,18.7692,0.2069672131147541,2.066666666666667,1.472,1.0351800000000002,4.136577828286079
P7d77f683c0,2015,1,13.0,38.0,51.9,20.5,57.1,60.02,2.6,7.8,10.9,13.8,53.0,64.0,0.828,77.0,146.0,0.527,58.0,141.0,0.411,0.3,1.3,22.3,2.8,1.13515453,42.0,59.0,35.0,88.0,8.0,9.0,21.5,0.4474,1.5526,1.1053,0.4474,0.0526,10.0263,0.4912891986062718,0.4210526315789474,0.7364864864864865,0.0501,3.456392659473587
Pce2a43b358,2015,1,14.0,33.0,81.4,31.3,52.9,56.73,2.3,10.7,39.8,14.9,126.0,161.0,0.783,149.0,294.0,0.507,82.0,220.0,0.373,1.6,3.2,31.3,2.5,2.40230118,53.0,87.0,96.0,208.0,3.0,3.0,32.1714,0.6,3.0857,5.9714,1.9429,0.4857,20.2,0.4280155642023346,1.3714285714285717,2.50314465408805,0.7604899999999997,3.983587930486957
Peaf1686cc0,2015,1,11.0,34.0,54.9,23.8,48.8,55.61,7.2,24.9,6.2,16.6,94.0,112.0,0.839,100.0,195.0,0.513,17.0,62.0,0.274,12.3,0.8,43.6,4.3,0.42549187,40.0,54.0,60.0,141.0,11.0,13.0,22.2059,1.2941,5.2353,0.5882,0.2941,2.6176,10.1471,0.2412451361867704,2.4716981132075477,0.3522727272727272,0.21318,3.966278379899654
P2297a93a7f,2015,1,12.0,36.0,52.6,20.6,49.6,54.26,9.9,16.1,9.2,15.0,75.0,102.0,0.735,113.0,211.0,0.536,4.0,29.0,0.138,2.1,1.4,42.5,2.8,0.92685926,69.0,88.0,44.0,123.0,28.0,30.0,23.0,1.8056,3.4167,1.0556,0.5278,0.4444,8.6944,0.1208333333333333,0.9210526315789476,0.575,0.02556,3.406525806348782
P8d6369038a,2015,1,19.0,38.0,91.1,25.6,53.6,59.18,1.3,8.3,33.5,14.2,170.0,218.0,0.78,154.0,269.0,0.572,50.0,158.0,0.316,1.4,2.8,51.1,2.1,3.07317281,107.0,142.0,47.0,127.0,10.0,11.0,37.0526,0.3421,2.6842,6.6316,1.6579,0.5,16.5263,0.3700234192037471,1.354838709677419,2.2039473684210527,0.5140800000000001,4.2034759492568705
P5492e07ad3,2015,1,22.0,36.0,74.2,25.7,55.2,58.23,13.6,20.2,8.8,11.5,115.0,156.0,0.737,236.0,436.0,0.541,14.0,30.0,0.467,4.8,2.1,33.5,2.9,0.74999998,149.0,204.0,87.0,229.0,32.0,36.0,29.8889,3.6944,5.2222,1.1667,1.0833,1.3889,17.4722,0.0643776824034334,1.7692307692307694,0.7040000000000001,0.4691099999999997,3.7264531585417022
P1c43036b93,2015,1,30.0,36.0,76.8,20.0,50.5,53.22,12.2,21.0,9.1,11.9,92.0,147.0,0.626,129.0,268.0,0.481,22.0,53.0,0.415,3.3,2.5,45.8,3.7,1.13336,100.0,156.0,29.0,111.0,24.0,24.0,30.9444,3.3889,5.8056,1.4167,1.2778,0.8889,11.5556,0.1651090342679127,1.2340425531914894,0.7054263565891472,0.0,3.1282548833763357
Pcf63b744fe,2015,1,17.0,23.0,57.3,28.8,52.1,54.73,2.3,13.9,12.2,14.4,68.0,98.0,0.694,90.0,187.0,0.481,54.0,141.0,0.383,1.1,1.5,29.9,2.9,0.71999634,48.0,87.0,42.0,100.0,3.0,4.0,32.2609,0.6087,4.2174,1.5652,0.7826,0.3478,17.8261,0.4298780487804878,0.6666666666666667,0.7922077922077921,0.4162399999999997,3.1890131759934053
P4a125216bc,2015,1,33.0,31.0,80.1,24.7,50.5,53.25,10.5,19.6,7.6,21.7,95.0,147.0,0.646,190.0,370.0,0.514,1.0,9.0,0.111,9.7,1.5,38.8,3.0,0.39602836,117.0,181.0,73.0,189.0,33.0,35.0,34.871,3.1935,6.7419,1.2903,0.9355,3.6452,15.4194,0.0237467018469656,2.8,0.3348017621145374,0.15275,3.2281991288516183
P2e8c779b09,2015,1,36.0,31.0,85.1,25.5,55.3,59.21,10.1,19.3,10.5,17.3,136.0,191.0,0.712,203.0,366.0,0.555,0.0,1.0,0.0,8.4,1.6,52.0,3.9,0.60255955,139.0,186.0,64.0,182.0,46.0,49.0,34.3226,3.0968,5.9032,1.5161,0.9355,2.4839,17.4839,0.0027247956403269,2.0408163265306123,0.5737704918032787,0.5065500000000001,3.743336704883781
Pf21d262b1c,2015,1,48.0,39.0,40.3,23.1,50.6,55.26,13.4,19.1,8.9,17.9,90.0,144.0,0.625,79.0,156.0,0.506,0.0,0.0,0.0,6.1,1.4,92.3,4.3,0.69050052,58.0,91.0,21.0,65.0,14.0,14.0,16.2821,1.7179,2.8718,0.7436,0.359,0.9231,6.359,0.0,1.4150943396226416,0.4708994708994709,0.16306,3.110458589012859
Pb4e1522182,2015,1,23.0,38.0,71.5,20.9,51.3,57.33,9.0,20.1,10.1,15.5,145.0,205.0,0.707,132.0,246.0,0.537,6.0,29.0,0.207,3.4,2.4,74.5,3.4,1.0,91.0,127.0,41.0,119.0,40.0,43.0,28.6842,2.0263,4.8158,1.5526,1.1579,0.8421,11.2368,0.1054545454545454,1.318181818181818,0.6121212121212121,0.0659699999999998,3.7668084513342337
Pe71646e585,2015,1,16.0,36.0,86.9,26.8,45.7,50.86,3.8,13.9,19.7,14.1,139.0,176.0,0.79,166.0,364.0,0.456,48.0,157.0,0.306,0.5,3.5,33.8,2.0,1.36711625,78.0,145.0,88.0,218.0,8.0,9.0,35.0,1.1944,4.3611,3.0,2.0,0.1667,17.0833,0.3013435700575815,1.3333333333333333,1.304635761589404,0.0584799999999999,4.089158288733325
P831df49905,2015,1,46.0,36.0,85.7,24.0,49.7,53.99,1.9,13.3,12.8,15.8,127.0,169.0,0.751,175.0,348.0,0.503,38.0,119.0,0.319,1.5,3.2,36.2,2.9,0.93749446,132.0,217.0,43.0,131.0,34.0,38.0,34.5278,0.5833,4.1111,2.0833,1.8333,0.4444,16.4167,0.2548179871520342,1.2051282051282053,0.7619047619047619,0.1596,3.856984626224747
Ped46c6be82,2015,1,56.0,35.0,65.7,23.4,53.5,53.29,11.9,23.5,12.2,17.1,51.0,104.0,0.49,182.0,340.0,0.535,0.0,0.0,0.0,6.3,2.5,30.6,2.7,0.88058303,123.0,164.0,59.0,176.0,44.0,47.0,30.1429,2.9143,6.1714,1.6857,1.2,1.6571,11.8571,0.0,2.3783783783783785,0.6740331491712707,0.1118599999999999,2.280440571577186
Pc381c2ab50,2016,0,,37.0,89.5,26.5,48.6,55.92,1.0,9.7,18.8,12.8,200.0,228.0,0.877,127.0,291.0,0.436,90.0,248.0,0.363,0.4,2.3,42.3,2.4,1.49333992,70.0,131.0,57.0,160.0,6.0,6.0,36.4054,0.2973,3.027,3.027,1.3514,0.1351,19.5676,0.4601113172541744,0.7941176470588235,1.3623188405797102,0.3848000000000001,4.765374197117069
Pd0eaa15469,2015,1,25.0,33.0,85.9,24.6,52.6,56.54,9.7,18.1,10.5,18.4,140.0,203.0,0.69,188.0,345.0,0.545,14.0,52.0,0.269,1.8,1.9,51.1,3.2,0.64130707,137.0,206.0,51.0,139.0,45.0,45.0,35.1212,2.9697,6.2727,1.7879,1.1515,0.697,16.9091,0.1309823677581864,0.8809523809523809,0.5412371134020619,0.30084,3.669502795752509
P9b79feb6a3,2016,0,,39.0,88.9,18.5,56.9,60.87,1.4,9.2,13.2,11.0,98.0,110.0,0.891,97.0,181.0,0.536,102.0,258.0,0.395,0.1,1.7,25.1,2.2,2.19151929,64.0,100.0,33.0,81.0,0.0,0.0,35.7949,0.3846,2.9744,2.641,1.0,0.0256,15.3333,0.5876993166287016,0.5625,1.1,-0.1630499999999999,4.196191409369289
P128f74a48f,2015,1,29.0,16.0,36.0,21.1,48.2,50.78,9.0,18.5,8.2,22.2,40.0,71.0,0.563,53.0,112.0,0.473,1.0,1.0,1.0,8.5,3.6,62.8,3.6,0.51428571,35.0,59.0,19.0,55.0,11.0,14.0,28.125,2.25,4.625,1.125,1.6875,2.0625,9.3125,0.0088495575221238,2.630434782608696,0.3534482758620689,0.00858,2.407763025006039
Pea73008ab4,2015,1,41.0,38.0,87.4,16.7,59.7,61.46,4.2,20.4,7.6,12.2,50.0,64.0,0.781,73.0,136.0,0.537,93.0,220.0,0.423,2.7,1.3,18.0,2.2,1.29544868,51.0,91.0,22.0,45.0,11.0,13.0,35.5526,1.0789,6.3421,1.5,0.7105,0.9474,12.5,0.6179775280898876,1.25,0.5757575757575758,-0.3781800000000001,3.2601964577884925
Pa779a7b0cf,2015,1,35.0,,,,,,,,,,,,,,,,,,,,,,,,,,,,,,,,,,,,,,,,,
P944090784f,2015,1,40.0,32.0,90.4,25.3,51.9,56.02,2.9,13.2,24.4,18.9,99.0,124.0,0.798,138.0,271.0,0.509,46.0,128.0,0.359,2.0,3.8,31.1,2.7,1.35298553,49.0,71.0,89.0,200.0,8.0,8.0,36.3125,0.875,3.5938,3.5938,2.0938,0.5,16.0312,0.3208020050125313,1.5675675675675675,1.2261306532663316,0.3190600000000002,3.852994362367237
Pf38454d2db,2015,1,38.0,35.0,69.4,23.1,54.3,57.6,2.0,10.7,15.9,11.1,82.0,103.0,0.796,91.0,182.0,0.5,79.0,204.0,0.387,1.3,3.8,26.7,3.1,1.76191661,54.0,89.0,37.0,93.0,12.0,13.0,28.7714,0.4571,2.6571,2.1143,1.8,0.3429,14.3143,0.5284974093264249,1.2439024390243902,1.3140495867768596,0.2356000000000001,3.696935155716533
P6c859977a5,2015,1,43.0,,,,,,,,,,,,,,,,,,,,,,,,,,,,,,,,,,,,,,,,,
Pc5e9e5bdd9,2016,0,,33.0,65.7,26.6,50.7,54.61,8.0,20.6,12.7,8.8,125.0,181.0,0.691,108.0,234.0,0.462,64.0,168.0,0.381,1.1,1.2,45.0,2.8,1.39478939,50.0,103.0,58.0,131.0,2.0,2.0,29.3636,2.2121,4.9091,1.6061,0.6061,0.2727,16.1515,0.417910447761194,0.6052631578947368,1.2959183673469383,0.30426,3.595968620770065
Pdaafce7eb6,2015,1,27.0,29.0,77.3,27.9,52.7,57.66,6.2,20.5,19.7,15.9,113.0,144.0,0.785,162.0,306.0,0.529,14.0,41.0,0.341,4.3,2.3,41.5,2.6,1.08569153,93.0,118.0,69.0,188.0,46.0,50.0,34.9032,1.4194,5.8065,2.4516,1.1935,1.1935,16.0645,0.1181556195965417,1.8333333333333333,1.165680473372781,0.6051399999999996,3.906735987800151
P49f423e70e,2017,0,,,,,,,,,,,,,,,,,,,,,,,,,,,,,,,,,,,,,,,,,,
P6f3f385e9b,2015,0,,24.0,63.2,30.7,45.6,52.04,12.4,32.0,11.9,12.7,122.0,161.0,0.758,150.0,326.0,0.46,0.0,3.0,0.0,6.4,2.1,48.9,3.5,0.88238592,57.0,97.0,93.0,229.0,4.0,4.0,32.5769,3.3077,8.5385,1.7308,1.1923,1.8077,17.2692,0.0091185410334346,1.8888888888888888,0.8686131386861314,0.2182799999999999,3.8563980221061462
P7570f82c10,2015,0,,33.0,55.9,23.6,53.0,57.12,6.1,16.3,17.2,15.6,83.0,115.0,0.722,92.0,168.0,0.548,27.0,82.0,0.329,1.3,2.6,46.0,3.0,1.42860999,59.0,85.0,33.0,83.0,26.0,28.0,23.0303,1.1818,3.5152,2.1212,1.0606,0.303,10.5455,0.328,0.975,1.0361445783132528,0.25632,3.432092117978795
P4074fe9b9e,2017,0,,,,,,,,,,,,,,,,,,,,,,,,,,,,,,,,,,,,,,,,,,
P5849f19551,2015,1,31.0,,,,,,,,,,,,,,,,,,,,,,,,,,,,,,,,,,,,,,,,,
P4ba2b4830d,2015,0,,,,,,,,,,,,,,,,,,,,,,,,,,,,,,,,,,,,,,,,,,
P04e5776a76,2015,0,,,,,,,,,,,,,,,,,,,,,,,,,,,,,,,,,,,,,,,,,,
Pfc32d168da,2015,0,,,,,,,,,,,,,,,,,,,,,,,,,,,,,,,,,,,,,,,,,,
P0029c9d3a9,2015,0,,38.0,37.6,18.9,48.1,50.89,6.3,14.9,7.5,14.7,31.0,46.0,0.674,31.0,64.0,0.484,29.0,91.0,0.319,0.5,0.9,29.7,3.2,0.96002439,23.0,36.0,8.0,27.0,4.0,5.0,15.9211,0.7368,1.8421,0.6316,0.2105,0.0789,4.7368,0.5870967741935483,0.3333333333333333,0.4777070063694267,-0.00979,2.5949994835525794
P1ef5f1c321,2015,0,,,,,,,,,,,,,,,,,,,,,,,,,,,,,,,,,,,,,,,,,,
P9f8d851f22,2016,0,,30.0,86.9,25.4,52.4,57.84,7.6,19.3,10.5,19.9,124.0,158.0,0.785,137.0,277.0,0.495,27.0,62.0,0.435,6.4,1.9,46.6,3.2,0.55054434,92.0,153.0,45.0,123.0,34.0,38.0,34.9,2.2667,6.0667,1.6333,1.1,2.1667,15.9667,0.1828908554572271,1.9761904761904765,0.5023923444976077,0.42336,3.9790897987428817
P35fcccf6c9,2015,0,,,,,,,,,,,,,,,,,,,,,,,,,,,,,,,,,,,,,,,,,,
P7312c1c32d,2017,0,,,,,,,,,,,,,,,,,,,,,,,,,,,,,,,,,,,,,,,,,,
Pa1aae2a35c,2015,0,,34.0,54.9,21.4,49.4,55.58,6.7,20.2,20.0,15.3,85.0,105.0,0.81,80.0,180.0,0.444,25.0,58.0,0.431,2.4,3.7,44.1,5.4,1.80007553,44.0,74.0,36.0,106.0,9.0,10.0,22.2647,1.3824,4.2059,2.3824,1.5,0.5294,9.4118,0.2436974789915966,0.953125,1.2269938650306749,0.0781199999999999,3.7773856662307743
P46c8e8cb1c,2015,0,,35.0,82.4,19.7,47.9,50.25,7.8,11.3,17.2,15.4,58.0,91.0,0.637,135.0,279.0,0.484,10.0,34.0,0.294,0.7,2.7,29.1,1.6,1.62960005,86.0,128.0,49.0,150.0,5.0,5.0,32.8611,2.1944,3.0,2.4444,1.4167,0.1944,10.1944,0.108626198083067,1.3076923076923077,1.048780487804878,-0.00075,2.880379323580238
Pf326870436,2015,0,,,,,,,,,,,,,,,,,,,,,,,,,,,,,,,,,,,,,,,,,,
Pb88771c23a,2018,0,,,,,,,,,,,,,,,,,,,,,,,,,,,,,,,,,,,,,,,,,,
P96a831649e,2017,0,,,,,,,,,,,,,,,,,,,,,,,,,,,,,,,,,,,,,,,,,,
Pcb1e0b77ca,2016,0,,,,,,,,,,,,,,,,,,,,,,,,,,,,,,,,,,,,,,,,,,
P4879fe4868,2016,0,,,,,,,,,,,,,,,,,,,,,,,,,,,,,,,,,,,,,,,,,,
Pe528778159,2017,0,,,,,,,,,,,,,,,,,,,,,,,,,,,,,,,,,,,,,,,,,,
Pef9b8757a6,2015,0,,,,,,,,,,,,,,,,,,,,,,,,,,,,,,,,,,,,,,,,,,
P7ab7e9a49e,2018,0,,,,,,,,,,,,,,,,,,,,,,,,,,,,,,,,,,,,,,,,,,
P0fde3dedb2,2016,1,1.0,33.0,86.5,28.2,56.1,59.95,9.6,26.8,27.4,18.6,199.0,297.0,0.67,215.0,383.0,0.561,1.0,3.0,0.333,2.5,3.1,76.9,3.2,1.4234451,159.0,220.0,55.0,161.0,56.0,61.0,34.8788,3.1212,8.6364,4.7879,1.9697,0.8182,19.1515,0.0077720207253886,1.3333333333333333,1.3979591836734693,0.8159000000000002,3.817052635958621
P53f786523f,2016,1,4.0,,,,,,,,,,,,,,,,,,,,,,,,,,,,,,,,,,,,,,,,,
P620501ed0d,2016,1,11.0,35.0,79.9,26.0,61.2,65.09,11.6,28.2,11.4,18.5,149.0,194.0,0.768,224.0,364.0,0.615,5.0,14.0,0.357,2.7,1.1,51.3,4.0,0.68477518,157.0,214.0,67.0,149.0,22.0,24.0,32.0571,3.0286,8.8,1.8,0.6,0.8857,17.4857,0.037037037037037,0.76,0.5846153846153846,0.9054000000000002,4.049663660976957
Pf93789f1b5,2016,1,17.0,33.0,75.3,26.4,49.2,57.09,1.5,11.6,33.7,19.7,155.0,194.0,0.799,94.0,215.0,0.437,41.0,101.0,0.406,1.0,2.3,61.4,3.4,1.89008554,63.0,118.0,31.0,98.0,13.0,15.0,30.3636,0.3939,3.6061,5.2121,1.2121,0.3333,14.1212,0.3196202531645569,0.7499999999999999,1.6280193236714977,0.4537600000000001,4.213126647292434
P4a1b07df85,2016,1,19.0,34.0,74.3,23.0,54.1,58.29,5.0,15.1,9.8,14.0,104.0,128.0,0.813,130.0,251.0,0.518,55.0,142.0,0.387,0.6,1.8,32.6,3.0,0.86440388,87.0,129.0,43.0,122.0,23.0,25.0,29.8235,1.2941,4.0,1.5,0.9412,0.1765,15.5588,0.361323155216285,0.6,0.6533333333333334,0.2486999999999999,3.951027484746039
P47380ec945,2016,1,8.0,34.0,61.2,23.7,56.2,58.64,9.8,11.7,6.3,17.6,89.0,130.0,0.685,159.0,279.0,0.57,21.0,60.0,0.35,5.9,1.9,38.3,6.5,0.37681086,102.0,145.0,56.0,133.0,52.0,65.0,24.9118,2.5,2.8824,0.7647,0.9412,1.6176,13.8235,0.1769911504424778,1.04,0.3387096774193548,0.3196799999999999,3.3395101663927886
P9668122fb9,2016,1,31.0,35.0,46.1,18.5,59.8,60.12,13.6,19.0,7.5,14.8,23.0,38.0,0.605,119.0,199.0,0.598,0.0,0.0,0.0,10.2,0.8,19.1,4.9,0.86676001,87.0,121.0,32.0,77.0,50.0,51.0,18.5714,2.0571,3.4,0.7429,0.2571,1.8286,7.4571,0.0,1.8644067796610169,0.4746835443037974,-0.1517999999999999,2.2164547959084357
P9155961dd2,2016,1,5.0,33.0,76.9,29.3,49.9,54.06,3.5,14.8,41.8,20.9,132.0,190.0,0.695,142.0,298.0,0.477,42.0,113.0,0.372,1.9,4.3,46.2,3.4,1.77583078,99.0,157.0,42.0,138.0,27.0,29.0,32.9697,1.0909,4.2424,6.2424,2.4848,0.6061,16.4242,0.2749391727493917,1.4090909090909087,1.908675799086758,0.3775800000000002,3.650330032492408
P9264b6e63a,2016,1,18.0,33.0,82.6,25.8,48.0,53.35,7.8,24.1,11.0,15.0,143.0,191.0,0.749,164.0,331.0,0.495,30.0,104.0,0.288,4.4,1.4,43.9,3.0,0.75643085,69.0,112.0,95.0,218.0,5.0,6.0,33.5455,2.1515,7.5758,1.7879,0.8485,1.4848,17.0,0.2390804597701149,1.4500000000000002,0.6875,0.1943000000000001,3.937864033648808
P4ec4ee54f1,2016,1,6.0,37.0,87.6,28.4,62.3,66.45,4.0,13.0,12.7,17.1,176.0,200.0,0.88,154.0,279.0,0.552,147.0,322.0,0.457,1.4,1.8,33.3,2.3,0.66369796,119.0,178.0,35.0,101.0,18.0,22.0,35.3784,1.2432,4.4865,2.027,1.1351,0.4865,25.0,0.5357737104825291,0.9696969696969698,0.7016574585635358,1.3818,4.666908319091987
P117a6c6fb1,2016,1,2.0,36.0,85.9,24.6,52.5,55.25,6.1,15.4,11.3,13.7,116.0,170.0,0.682,134.0,289.0,0.464,80.0,195.0,0.41,3.6,1.9,35.1,2.4,0.98610002,69.0,117.0,65.0,172.0,17.0,17.0,34.6111,1.8611,4.9167,1.9722,1.1111,1.3611,17.3333,0.402892561983471,1.6176470588235294,0.7687074829931974,0.2415,3.5066145455348146
Pa466887b08,2016,1,45.0,35.0,87.1,24.4,51.4,55.97,3.1,7.9,25.1,15.3,113.0,139.0,0.813,139.0,265.0,0.525,54.0,163.0,0.331,0.8,2.1,32.5,2.2,2.15791645,92.0,146.0,47.0,119.0,16.0,16.0,35.9429,0.8857,2.5714,4.6857,1.2286,0.2857,15.8,0.3808411214953271,0.90625,1.539877300613497,0.2626799999999998,4.017555289581364
Pbfe4edf289,2016,1,25.0,40.0,70.1,24.5,61.4,64.89,11.7,28.5,9.7,14.5,144.0,184.0,0.783,267.0,435.0,0.614,0.0,0.0,0.0,5.5,2.2,42.3,3.8,0.82857146,156.0,190.0,111.0,245.0,70.0,73.0,28.025,2.875,7.525,1.45,1.075,1.475,16.95,0.0,1.6041666666666667,0.6258064516129032,0.6700499999999999,4.0875386110363285
P25bfc6427b,2016,1,30.0,33.0,65.1,26.4,59.0,58.45,9.9,17.3,10.2,16.3,90.0,168.0,0.536,184.0,309.0,0.595,0.0,3.0,0.0,5.9,0.5,53.8,5.0,0.58460679,125.0,171.0,59.0,138.0,38.0,43.0,26.2424,2.2424,4.6364,1.1515,0.2424,1.6364,13.8788,0.0096153846153846,1.0666666666666669,0.5895953757225433,0.5408000000000001,2.7496257111987674
Pd856e50561,2016,1,28.0,36.0,39.0,20.9,51.6,54.0,7.3,14.6,3.6,16.3,41.0,62.0,0.661,98.0,188.0,0.521,0.0,2.0,0.0,10.3,0.9,32.6,7.6,0.33336968,37.0,56.0,61.0,132.0,26.0,31.0,15.75,0.9722,2.1667,0.3056,0.25,1.6389,6.5833,0.0105263157894736,1.302325581395349,0.2080924855491329,0.0359999999999999,2.738612054144803
P55d1c5e102,2016,1,20.0,14.0,31.0,26.0,59.0,63.14,2.5,19.0,32.9,11.9,52.0,66.0,0.788,48.0,90.0,0.533,27.0,60.0,0.45,0.8,1.8,44.0,1.7,3.13643865,36.0,48.0,12.0,42.0,9.0,9.0,31.0714,0.6429,4.7857,4.9286,0.9286,0.2143,16.3571,0.4,0.9629629629629628,2.5503875968992245,0.7884,3.3132977840800812
P4b59f5fe56,2016,1,10.0,,,,,,,,,,,,,,,,,,,,,,,,,,,,,,,,,,,,,,,,,
Pc1c99fe2be,2016,1,29.0,34.0,82.2,26.0,45.1,48.51,4.1,13.7,25.7,19.0,110.0,166.0,0.663,168.0,368.0,0.457,34.0,118.0,0.288,0.8,2.8,34.2,3.2,1.38181932,100.0,166.0,68.0,201.0,14.0,17.0,33.5,1.4118,4.5588,4.4706,1.8235,0.2941,16.1176,0.242798353909465,0.857142857142857,1.285,-0.0894000000000001,3.393229897632309
Pf9ebd1b271,2016,1,7.0,36.0,87.1,25.4,55.9,59.0,4.9,11.1,12.1,15.3,119.0,152.0,0.783,131.0,261.0,0.502,113.0,277.0,0.408,0.9,1.6,28.3,2.4,0.94047056,77.0,111.0,54.0,150.0,18.0,19.0,35.1944,1.4722,3.6944,2.1944,0.9722,0.3056,20.0,0.5148698884758365,0.7352941176470589,0.7423312883435582,0.4859999999999999,3.938832892450277
P88f4dbf943,2016,1,9.0,35.0,75.4,26.0,64.0,66.23,11.9,22.0,13.9,14.9,161.0,231.0,0.697,222.0,347.0,0.64,0.0,0.0,0.0,4.8,1.2,66.6,3.0,0.95714998,199.0,284.0,23.0,62.0,32.0,34.0,30.6,2.8286,6.2286,1.9143,0.6,1.5143,17.2857,0.0,1.5,0.8742138364779874,0.9738000000000002,3.7963759480514176
Pc5a8d9d1d6,2016,1,12.0,33.0,76.2,27.2,49.3,53.66,8.9,14.7,15.4,18.9,110.0,143.0,0.769,130.0,278.0,0.468,53.0,147.0,0.361,2.7,2.3,33.6,3.3,0.86361423,78.0,123.0,52.0,156.0,14.0,15.0,30.8182,2.303,3.6364,2.303,1.2121,0.7273,16.0303,0.3458823529411765,1.162790697674419,0.7738693467336684,0.2635199999999997,3.8217864273739446
P9c2d575f48,2016,1,43.0,,,,,,,,,,,,,,,,,,,,,,,,,,,,,,,,,,,,,,,,,
Pfa4c05beee,2016,1,40.0,34.0,55.1,26.4,56.8,60.67,13.0,15.3,4.1,15.1,96.0,128.0,0.75,163.0,287.0,0.568,0.0,0.0,0.0,7.2,1.3,44.6,4.1,0.26925592,123.0,177.0,40.0,110.0,48.0,48.0,22.7647,2.2353,3.2353,0.4118,0.5,1.5882,12.4118,0.0,1.6666666666666667,0.2546583850931677,0.6828799999999999,3.6448593032712537
P0edb7d3b99,2016,1,34.0,35.0,88.5,24.1,49.7,56.68,1.7,7.1,34.3,13.0,167.0,195.0,0.856,137.0,282.0,0.486,55.0,160.0,0.344,0.3,2.3,44.1,2.0,3.56528362,47.0,82.0,90.0,200.0,0.0,0.0,36.8,0.5429,2.4571,7.0286,1.4571,0.1143,17.3143,0.3619909502262443,0.8666666666666666,2.4499999999999997,0.27388,4.5180661483013225
P88064c1c05,2016,1,14.0,31.0,72.5,28.9,57.9,60.82,3.0,21.1,45.8,17.1,81.0,95.0,0.853,101.0,210.0,0.481,104.0,234.0,0.444,0.7,1.9,21.4,2.0,2.83533318,38.0,61.0,63.0,148.0,5.0,7.0,32.9677,0.8065,6.7097,7.7742,1.0323,0.2258,19.1935,0.527027027027027,0.8666666666666666,2.5303867403314912,0.9629799999999998,3.893389007322064
Pb3a7a6f86b,2016,1,41.0,25.0,51.8,21.9,47.3,50.99,9.0,26.1,6.5,19.5,63.0,99.0,0.636,91.0,189.0,0.481,4.0,16.0,0.25,7.2,1.0,48.3,4.7,0.40384616,56.0,95.0,35.0,94.0,17.0,19.0,26.32,2.2,6.48,0.84,0.48,1.92,10.28,0.0780487804878048,1.43859649122807,0.3170731707317073,0.01881,2.9288882382884265
Pce6ddda209,2016,0,,34.0,78.5,22.2,50.8,55.27,1.6,16.4,21.5,13.2,98.0,125.0,0.784,92.0,186.0,0.495,62.0,178.0,0.348,2.4,2.9,34.3,1.9,2.09618149,48.0,77.0,44.0,109.0,5.0,6.0,31.6176,0.4706,4.3235,3.2059,1.5294,0.5882,13.7647,0.489010989010989,1.827586206896552,1.5140845070422535,0.11594,3.791645015049959
P8a2a3c7c07,2016,1,3.0,34.0,68.3,30.9,47.1,51.76,4.5,16.5,15.1,21.0,142.0,217.0,0.654,133.0,276.0,0.482,30.0,102.0,0.294,2.2,1.7,57.4,4.6,0.63810632,98.0,160.0,35.0,116.0,21.0,25.0,27.6176,1.0588,4.2941,1.9706,0.7941,0.6471,14.6471,0.2698412698412698,0.6964285714285715,0.6863636363636364,0.1918399999999997,3.5214597710640643
Pddcf4609af,2016,1,21.0,36.0,92.8,24.5,51.3,53.91,4.3,18.0,24.1,12.6,117.0,178.0,0.657,204.0,369.0,0.553,34.0,128.0,0.266,2.5,2.2,35.8,2.6,2.20544419,139.0,193.0,66.0,177.0,29.0,30.0,37.25,1.4167,6.3333,4.4722,1.4167,0.8333,17.4167,0.2575452716297787,1.3055555555555556,1.772058823529412,0.1759499999999998,3.408112474437376
Pd46f6361f5,2016,1,52.0,30.0,75.6,26.2,58.3,61.82,12.5,30.6,7.9,17.1,148.0,215.0,0.688,155.0,259.0,0.598,18.0,53.0,0.34,3.2,1.1,68.9,2.9,0.44736114,108.0,145.0,47.0,114.0,61.0,70.0,32.7667,3.2667,9.3333,1.1333,0.6333,1.1333,17.0667,0.1698717948717948,1.1025641025641029,0.43646408839779,0.7328399999999999,3.6981915444867055
Pf5fb4e36b6,2016,1,36.0,37.0,85.1,26.8,53.2,58.48,2.1,13.3,19.5,10.0,140.0,156.0,0.897,155.0,311.0,0.498,75.0,192.0,0.391,0.9,1.8,31.0,2.4,2.21154109,89.0,137.0,66.0,174.0,5.0,5.0,34.1351,0.5135,3.5405,3.1081,0.9459,0.2432,18.2432,0.3817097415506958,0.7941176470588236,1.7727272727272727,0.5766399999999998,4.535452487397432
Pd50459cb6d,2016,1,33.0,27.0,13.5,21.3,56.9,57.18,10.4,27.2,0.9,22.7,15.0,27.0,0.556,33.0,58.0,0.569,0.0,0.0,0.0,11.9,2.0,46.6,7.5,0.05876747,17.0,23.0,16.0,35.0,11.0,13.0,7.4815,0.6296,1.8889,0.037,0.2593,0.8519,3.0,0.0,1.6352941176470588,0.0379746835443038,0.09334,1.8527057076574136
P9260f65add,2016,1,54.0,,,,,,,,,,,,,,,,,,,,,,,,,,,,,,,,,,,,,,,,,
Pa307fde308,2016,1,49.0,37.0,93.8,24.8,55.4,57.36,3.2,8.7,26.5,18.5,106.0,160.0,0.662,134.0,255.0,0.525,91.0,233.0,0.391,1.1,3.1,32.8,2.8,1.52382119,98.0,151.0,36.0,105.0,22.0,26.0,37.8919,1.0811,3.0,4.3243,1.9189,0.3514,17.4865,0.4774590163934426,1.105263157894737,1.358974358974359,0.35328,3.3638896896197146
P3ea09a4d42,2016,1,56.0,36.0,79.0,25.6,44.4,49.18,3.5,26.8,29.0,17.4,86.0,100.0,0.86,112.0,269.0,0.416,47.0,142.0,0.331,1.5,2.0,24.3,2.3,2.0,45.0,76.0,67.0,194.0,5.0,5.0,32.0278,0.9167,8.0,4.7222,1.0556,0.4167,12.5278,0.3454987834549878,1.0606060606060606,1.5760869565217392,-0.04592,3.9690036444834833
P8e900c2247,2016,1,46.0,33.0,57.5,27.2,60.1,62.32,11.5,24.8,10.5,17.3,90.0,127.0,0.709,193.0,325.0,0.594,6.0,11.0,0.545,10.4,0.7,37.8,3.8,0.56922373,115.0,141.0,78.0,184.0,44.0,49.0,24.6364,2.3333,5.8485,1.1212,0.2727,2.5455,14.9697,0.0327380952380952,2.3125,0.5737704918032787,0.8870399999999999,3.4400894571190084
Pfd95ad31d4,2016,1,47.0,35.0,79.1,17.2,60.1,64.02,4.3,14.4,6.8,18.1,77.0,91.0,0.846,81.0,134.0,0.604,57.0,143.0,0.399,3.4,2.1,32.9,2.5,0.68969888,57.0,72.0,24.0,62.0,22.0,24.0,31.7429,1.0286,4.2571,1.1429,1.1429,1.0286,11.7143,0.516245487364621,1.5714285714285714,0.3560209424083769,-0.39256,3.825433136183488
Pf20205fffb,2016,1,38.0,31.0,83.4,20.3,54.6,57.93,3.4,12.7,23.0,16.3,80.0,104.0,0.769,92.0,163.0,0.564,62.0,176.0,0.352,1.2,3.8,30.7,2.6,1.84614646,69.0,104.0,23.0,59.0,13.0,14.0,34.1613,1.0968,4.0968,3.871,2.4194,0.4194,14.5161,0.5191740412979351,1.3888888888888888,1.329479768786127,0.02379,3.578895509271135
P521ea871d2,2016,1,50.0,35.0,82.1,28.0,60.0,62.49,4.8,15.6,19.2,15.8,96.0,119.0,0.807,227.0,375.0,0.605,56.0,143.0,0.392,1.8,1.5,23.0,3.8,1.27174168,129.0,169.0,98.0,206.0,4.0,4.0,33.2,1.3143,4.9143,3.3429,0.8857,0.6286,20.5143,0.276061776061776,0.6875,1.1428571428571428,0.9992000000000002,3.8635058364251114
P22b18d36a6,2016,1,55.0,34.0,67.2,18.4,50.3,53.75,1.6,7.0,18.6,12.1,72.0,93.0,0.774,67.0,146.0,0.459,74.0,208.0,0.356,1.5,2.1,26.3,1.9,3.04759986,40.0,69.0,27.0,76.0,3.0,3.0,31.6176,0.4412,2.0882,3.7647,1.1471,0.4412,12.5882,0.5875706214689266,1.2413793103448276,1.419847328244275,-0.06,3.516510161476983
P55f0d03e7b,2016,0,,31.0,86.0,26.5,51.0,52.99,7.7,18.2,32.6,14.4,75.0,116.0,0.647,177.0,343.0,0.516,22.0,69.0,0.319,1.5,4.2,28.2,3.0,2.21425089,133.0,204.0,44.0,139.0,35.0,36.0,34.3871,2.3871,5.5161,5.0,2.4839,0.4516,15.9677,0.1674757281553398,1.425,2.116883116883117,0.1943500000000001,3.0811265358141484
P6f92e02de4,2016,1,22.0,37.0,85.1,22.0,46.5,50.97,1.7,12.1,12.8,17.3,113.0,157.0,0.72,73.0,188.0,0.388,79.0,224.0,0.353,0.9,2.1,38.1,2.9,0.97470849,47.0,84.0,26.0,104.0,5.0,5.0,34.3784,0.5135,3.7568,2.0811,1.1622,0.2703,13.4054,0.5436893203883495,0.7692307692307693,0.6994535519125683,0.0193999999999999,3.645068423779416
Pa7cb2c7354,2016,0,,37.0,74.1,22.0,55.9,57.05,3.2,9.4,15.7,15.7,71.0,115.0,0.617,112.0,205.0,0.546,70.0,183.0,0.383,0.9,1.4,29.6,2.7,1.38806055,74.0,108.0,38.0,97.0,22.0,27.0,30.0541,0.7838,2.6216,2.5135,0.7297,0.2703,13.6486,0.4716494845360824,0.6216216216216215,0.940119760479042,0.1409999999999999,2.932965147912627
P85fbcb1dce,2016,1,27.0,32.0,87.0,28.0,54.0,56.88,13.4,23.5,11.2,12.6,133.0,194.0,0.686,255.0,466.0,0.547,3.0,15.0,0.2,6.4,1.7,40.3,3.1,0.76119968,129.0,175.0,126.0,291.0,31.0,32.0,35.3438,4.0,7.8438,1.5938,1.0,2.2188,20.375,0.0311850311850311,1.975609756097561,0.8235294117647058,0.5504000000000002,3.6172776971747305
Pa8fc4b7ad7,2016,0,,33.0,78.2,26.0,51.5,55.89,5.0,16.4,7.3,8.1,122.0,150.0,0.813,152.0,314.0,0.484,66.0,173.0,0.382,8.6,1.8,30.8,2.0,0.94737295,78.0,108.0,74.0,205.0,13.0,16.0,31.5152,1.4545,4.8788,1.0909,0.9697,2.5455,18.9091,0.3552361396303901,3.466666666666667,0.8021978021978022,0.3534,4.079048507330533
Pf8b83ac1f0,2016,1,42.0,34.0,80.4,31.1,45.8,51.07,1.8,9.8,33.0,19.5,149.0,196.0,0.76,113.0,290.0,0.39,81.0,222.0,0.365,4.5,2.1,38.3,2.8,1.45377145,47.0,96.0,66.0,193.0,0.0,1.0,32.2941,0.5294,3.0588,5.0882,1.1765,1.4412,18.1765,0.43359375,1.736842105263158,1.6097560975609757,0.11877,4.015234833840871
P251ed0e7a3,2016,0,,35.0,65.2,26.2,55.3,58.74,6.9,19.1,13.9,22.4,112.0,162.0,0.691,137.0,243.0,0.564,26.0,75.0,0.347,3.1,2.5,50.9,3.3,0.75270032,116.0,179.0,21.0,64.0,28.0,32.0,26.1714,1.4286,4.4,2.0,1.1143,0.8,13.2571,0.2358490566037736,1.3023255813953487,0.594017094017094,0.5418800000000001,3.5197813887574725
Pe40a7b9665,2016,0,,35.0,84.1,26.3,58.0,61.75,5.8,14.0,9.3,13.6,123.0,144.0,0.854,164.0,310.0,0.529,89.0,203.0,0.438,2.3,0.6,28.1,2.2,0.73613337,70.0,97.0,94.0,213.0,0.0,0.0,33.7714,1.6,4.6,1.5143,0.3714,0.8,20.5143,0.3957115009746588,0.90625,0.6369863013698631,0.7402500000000001,4.25013061602717
Pcb0e772806,2016,1,24.0,,,,,,,,,,,,,,,,,,,,,,,,,,,,,,,,,,,,,,,,,
P1a32cd4176,2016,1,23.0,,,,,,,,,,,,,,,,,,,,,,,,,,,,,,,,,,,,,,,,,
Pd5a40a7ee0,2016,1,51.0,35.0,84.7,28.1,51.0,56.7,8.4,16.7,8.0,11.4,194.0,248.0,0.782,194.0,375.0,0.517,52.0,158.0,0.329,3.1,1.4,46.5,3.2,0.59703286,124.0,192.0,71.0,187.0,29.0,34.0,34.2286,2.6857,4.9714,1.1429,0.8571,1.0286,21.0857,0.2964352720450281,1.0714285714285714,0.6451612903225806,0.5427000000000003,4.314648165035401
P5f3e1d9a7e,2016,0,,35.0,86.5,24.7,55.0,59.99,3.5,9.3,28.4,16.9,136.0,164.0,0.829,117.0,240.0,0.487,79.0,188.0,0.42,0.1,1.8,38.3,1.9,2.21588511,75.0,123.0,42.0,117.0,0.0,0.0,34.7143,0.9714,2.8286,5.5714,1.0857,0.0286,17.3429,0.4392523364485981,0.6551724137931035,1.5865921787709498,0.46953,4.232828797863581
Pb920680006,2017,0,,30.0,81.1,21.8,51.4,57.09,2.2,11.1,10.7,13.6,113.0,134.0,0.843,91.0,176.0,0.517,61.0,179.0,0.341,0.1,2.8,37.7,2.5,1.17999637,65.0,100.0,26.0,76.0,6.0,6.0,33.5333,0.6333,3.2667,1.9667,1.5333,0.0333,15.9333,0.504225352112676,0.8285714285714285,0.732876712328767,0.1276200000000001,4.135146638223596
P09fcc624c4,2016,0,,31.0,50.3,18.7,61.9,64.31,8.9,19.1,2.5,15.8,72.0,102.0,0.706,112.0,175.0,0.64,7.0,23.0,0.304,2.8,1.5,51.5,6.1,0.27029744,90.0,115.0,22.0,60.0,39.0,41.0,23.6129,1.7742,4.2581,0.3226,0.6129,0.6774,10.2258,0.1161616161616161,0.6056338028169014,0.1488095238095238,-0.1860300000000001,3.272118665690123
Pd7225b3a0b,2016,0,,33.0,71.6,20.7,50.0,53.0,5.9,11.5,22.3,14.6,84.0,133.0,0.632,70.0,144.0,0.486,48.0,140.0,0.343,1.4,1.8,46.8,3.3,2.26411809,61.0,95.0,9.0,49.0,9.0,9.0,28.8485,1.5758,3.0606,3.6364,0.9697,0.3939,11.1515,0.4929577464788732,0.744186046511628,1.4294871794871795,0.0209999999999999,3.0954347535689757
Pc01c642a9f,2016,0,,33.0,76.6,27.7,44.6,52.63,1.5,9.0,35.4,12.9,159.0,196.0,0.811,141.0,318.0,0.443,19.0,62.0,0.306,0.7,1.7,51.6,3.5,2.6885041,93.0,182.0,47.0,136.0,2.0,3.0,30.8788,0.4242,2.3636,4.9697,0.8788,0.2121,15.0909,0.1631578947368421,0.5333333333333333,2.5467625899280573,0.2025100000000002,4.284678224006509
P85b94bf602,2016,1,60.0,28.0,65.5,27.6,47.8,51.43,3.5,14.3,28.5,17.3,100.0,154.0,0.649,126.0,258.0,0.488,25.0,84.0,0.298,1.3,1.8,45.0,2.8,1.66215143,70.0,110.0,56.0,149.0,6.0,7.0,32.1786,0.9643,4.3214,4.3929,0.9643,0.4286,15.25,0.2456140350877192,0.8157894736842106,1.5573770491803278,0.10868,3.2731829008805913
P80ec619552,2017,0,,29.0,75.0,24.7,53.2,56.59,8.3,26.5,7.6,11.9,106.0,155.0,0.684,146.0,237.0,0.616,23.0,102.0,0.225,2.4,2.5,45.7,4.1,0.65959154,99.0,129.0,47.0,108.0,38.0,40.0,31.2759,2.2069,6.7586,1.069,1.3793,0.6552,16.1034,0.3008849557522124,0.9607843137254904,0.5891472868217054,0.3097300000000001,3.4541015089586837
P83cf60968a,2016,1,53.0,,,,,,,,,,,,,,,,,,,,,,,,,,,,,,,,,,,,,,,,,
P7222e0f90b,2016,1,15.0,,,,,,,,,,,,,,,,,,,,,,,,,,,,,,,,,,,,,,,,,
Pd7c989b67a,2016,1,16.0,,,,,,,,,,,,,,,,,,,,,,,,,,,,,,,,,,,,,,,,,
P64adb31e4d,2016,1,32.0,,,,,,,,,,,,,,,,,,,,,,,,,,,,,,,,,,,,,,,,,
Pbd6175d1ad,2016,0,,36.0,79.1,22.4,52.8,56.94,7.9,19.4,13.2,15.0,121.0,165.0,0.733,98.0,194.0,0.505,71.0,193.0,0.368,2.6,1.6,42.6,2.7,1.10291708,71.0,100.0,27.0,94.0,17.0,19.0,31.75,2.4722,5.8611,2.0833,0.9167,0.8056,14.7222,0.4987080103359173,1.135135135135135,0.825,0.1665599999999998,3.7470870488653465
Paca468f5b5,2016,1,13.0,,,,,,,,,,,,,,,,,,,,,,,,,,,,,,,,,,,,,,,,,
Pcf60b82b9d,2016,1,48.0,,,,,,,,,,,,,,,,,,,,,,,,,,,,,,,,,,,,,,,,,
Pc72bfd628e,2016,1,58.0,35.0,76.9,20.7,55.5,58.35,2.9,14.3,8.0,19.7,78.0,106.0,0.736,109.0,197.0,0.553,52.0,140.0,0.371,2.2,1.9,31.5,3.6,0.68357622,76.0,110.0,33.0,87.0,26.0,27.0,31.0857,0.7429,4.2286,1.5429,1.0571,0.6857,12.9143,0.4154302670623145,0.8913043478260869,0.3864734299516908,0.0584499999999999,3.4392020221639625
P6bc657fff3,2016,0,,31.0,74.2,29.1,53.2,57.07,14.2,28.4,10.1,17.1,144.0,208.0,0.692,193.0,349.0,0.553,15.0,56.0,0.268,5.8,1.3,51.4,3.7,0.50589008,174.0,258.0,28.0,103.0,38.0,40.0,30.871,4.1613,7.8387,1.3871,0.7097,1.8387,18.5484,0.1382716049382716,1.5106382978723405,0.5580110497237568,0.6433700000000002,3.696895302359649
P287f82c404,2016,0,,37.0,53.9,21.3,62.7,64.16,11.3,25.6,14.6,16.2,65.0,95.0,0.684,153.0,243.0,0.63,0.0,1.0,0.0,7.5,2.0,38.9,4.2,1.25995264,115.0,161.0,38.0,82.0,37.0,40.0,23.3784,2.0541,5.4595,1.7027,0.7838,1.5405,10.027,0.0040983606557377,1.8269230769230769,0.8488372093023256,0.18408,3.122014162964
Pa78dfd4260,2016,0,,36.0,75.8,13.8,68.8,66.17,12.2,18.7,5.9,14.9,88.0,153.0,0.575,106.0,154.0,0.688,0.0,0.0,0.0,4.9,1.5,99.4,3.6,0.97443003,104.0,144.0,2.0,10.0,60.0,65.0,30.5278,3.3056,5.25,1.0556,0.8056,1.6389,8.3333,0.0,1.3913043478260871,0.3710691823899371,-1.00254,2.8962477463878367
P049f342950,2016,0,,,,,,,,,,,,,,,,,,,,,,,,,,,,,,,,,,,,,,,,,,
P41923cb473,2016,0,,,,,,,,,,,,,,,,,,,,,,,,,,,,,,,,,,,,,,,,,,
P982f4d9f47,2017,0,,40.0,79.9,20.1,54.7,58.83,1.5,8.7,24.1,14.1,92.0,110.0,0.836,89.0,178.0,0.5,76.0,193.0,0.394,0.1,2.5,29.6,1.9,2.77049178,45.0,63.0,44.0,115.0,0.0,0.0,32.05,0.375,2.55,4.225,1.35,0.025,12.45,0.5202156334231806,0.896551724137931,1.596026490066225,0.0088300000000001,3.937167248297111
P53698aab75,2016,0,,35.0,69.6,18.1,64.4,66.69,1.5,6.5,9.7,10.0,63.0,75.0,0.84,53.0,110.0,0.482,112.0,233.0,0.481,0.1,0.9,21.9,2.1,1.73340333,17.0,28.0,36.0,82.0,0.0,0.0,28.0286,0.3429,1.7429,1.4857,0.4,0.0286,14.4286,0.6793002915451894,0.3225806451612903,0.8818181818181817,-0.3171099999999997,3.637816005840518
P94ee422c65,2016,0,,,,,,,,,,,,,,,,,,,,,,,,,,,,,,,,,,,,,,,,,,
Pfafab37502,2017,0,,35.0,56.9,22.0,56.4,59.94,15.6,24.1,10.8,12.9,76.0,101.0,0.752,146.0,256.0,0.57,2.0,8.0,0.25,5.4,1.7,38.3,3.7,1.21055531,107.0,146.0,39.0,110.0,36.0,38.0,22.9143,2.9143,5.3143,1.3143,0.6571,1.2,10.6857,0.0303030303030303,1.5106382978723405,0.7769784172661871,0.1987999999999999,3.4779795555897715
P8e9f5cd10b,2017,0,,36.0,84.7,28.0,47.1,51.3,7.1,18.1,39.1,19.6,144.0,221.0,0.652,192.0,399.0,0.481,9.0,37.0,0.243,1.6,3.2,50.7,2.4,2.16802035,115.0,179.0,77.0,221.0,25.0,25.0,34.0,2.3333,5.8889,7.5278,2.0,0.5,15.4167,0.0848623853211009,1.4117647058823533,1.8980582524271843,0.1039999999999997,3.5225456529807264
P6f658be6bb,2016,0,,37.0,39.2,23.2,60.6,61.1,13.2,23.2,5.8,12.0,31.0,50.0,0.62,117.0,188.0,0.622,2.0,10.0,0.2,4.8,1.1,25.3,5.4,0.5999704,85.0,110.0,32.0,76.0,32.0,33.0,15.7297,1.5135,2.8378,0.4054,0.2703,0.5946,7.3243,0.0505050505050505,0.921875,0.4461538461538461,0.3551999999999999,2.437731892289082
Pe1b87bba68,2017,0,,31.0,84.0,25.2,62.9,63.16,14.8,21.3,10.3,9.4,105.0,171.0,0.614,259.0,412.0,0.629,0.0,0.0,0.0,9.8,1.6,41.5,2.7,1.14289937,211.0,291.0,48.0,121.0,41.0,44.0,33.7419,4.3871,6.3548,1.5484,0.9032,3.0968,20.0968,0.0,3.081081081081081,0.9903846153846154,0.6843199999999997,3.16056160876346
Pe0da967ad1,2016,0,,38.0,79.5,20.5,58.3,59.89,5.0,10.0,9.7,17.1,73.0,106.0,0.689,145.0,263.0,0.551,58.0,135.0,0.43,2.7,2.5,26.6,3.2,0.77780124,106.0,167.0,39.0,94.0,15.0,15.0,32.0263,1.3684,2.8684,1.4737,1.3684,0.8158,14.1316,0.3391959798994975,1.238095238095238,0.5359116022099447,0.04945,3.2195790669442528
Pdc4a696341,2016,0,,36.0,80.8,25.2,50.5,58.89,3.2,8.8,19.8,15.2,205.0,249.0,0.823,138.0,275.0,0.502,40.0,117.0,0.342,1.4,1.6,63.5,3.2,1.60809498,82.0,137.0,56.0,138.0,9.0,11.0,32.4167,0.8889,2.5,3.3056,0.8611,0.4444,16.6944,0.298469387755102,0.7142857142857143,1.2222222222222223,0.4622799999999999,4.544162335400628
P2bc89b6490,2016,0,,,,,,,,,,,,,,,,,,,,,,,,,,,,,,,,,,,,,,,,,,
P7e57b76eb8,2017,0,,,,,,,,,,,,,,,,,,,,,,,,,,,,,,,,,,,,,,,,,,
Pc9bdc2e95f,2016,0,,28.0,47.1,22.2,60.2,60.9,7.9,13.5,8.2,14.7,74.0,123.0,0.602,105.0,155.0,0.677,7.0,37.0,0.189,6.1,1.8,64.1,6.0,0.61110683,93.0,125.0,12.0,30.0,37.0,42.0,21.3571,1.5714,2.7143,0.7857,0.7143,1.3214,10.8929,0.1927083333333333,1.1285714285714286,0.5222929936305732,0.2397999999999999,2.901809502494232
Pa67da64cf8,2017,0,,32.0,80.2,26.4,48.5,52.22,3.6,15.6,27.3,14.1,127.0,201.0,0.632,166.0,326.0,0.509,8.0,41.0,0.195,0.8,3.4,54.8,2.7,1.97010214,138.0,230.0,28.0,96.0,22.0,23.0,32.3125,1.0312,4.5,4.125,1.875,0.2188,15.0938,0.1117166212534059,1.135135135135135,1.8079470198675496,0.1420799999999999,3.3548251847575616
P4370ef2bf5,2017,0,,37.0,71.1,17.5,56.6,59.75,4.1,9.5,31.1,26.8,51.0,65.0,0.785,83.0,145.0,0.572,28.0,76.0,0.368,1.6,4.2,29.4,3.4,2.12639288,70.0,101.0,13.0,44.0,16.0,18.0,28.8378,1.0811,2.5405,5.0,2.0811,0.3784,8.1351,0.3438914027149321,1.3181818181818183,1.118705035971223,-0.24375,3.288878972490744
P9ac225720c,2017,0,,32.0,37.3,21.5,46.5,48.88,1.7,12.7,21.4,23.4,26.0,40.0,0.65,62.0,121.0,0.512,8.0,38.0,0.211,0.2,3.4,25.2,4.4,1.26086957,52.0,88.0,11.0,34.0,0.0,0.0,15.5,0.25,1.8125,1.8125,0.9688,0.0312,5.4375,0.2389937106918239,0.6666666666666666,0.8770491803278688,-0.0167999999999999,2.4138218433578
Pe75e4da903,2017,0,,31.0,72.0,24.0,57.1,59.3,8.9,16.5,8.4,20.6,63.0,87.0,0.724,148.0,257.0,0.576,22.0,60.0,0.367,1.1,1.7,27.4,4.2,0.40789687,86.0,114.0,62.0,142.0,11.0,13.0,28.9032,2.129,4.0645,1.0,0.8387,0.2581,13.7097,0.1892744479495268,0.5384615384615384,0.3888888888888889,0.3719999999999999,3.2415918536822215
P7719d3d89b,2016,0,,28.0,68.3,27.5,45.8,50.68,8.0,17.8,26.9,16.2,106.0,167.0,0.635,120.0,254.0,0.472,1.0,11.0,0.091,1.9,2.6,63.0,3.1,1.61022257,86.0,152.0,34.0,102.0,14.0,15.0,27.8214,2.1071,4.1071,3.3929,1.2143,0.5,12.4643,0.0415094339622641,1.0975609756097562,1.563953488372093,0.0509999999999999,3.253717126921069
Pb571c7aa88,2017,0,,,,,,,,,,,,,,,,,,,,,,,,,,,,,,,,,,,,,,,,,,
Pb2b564e4f2,2018,0,,,,,,,,,,,,,,,,,,,,,,,,,,,,,,,,,,,,,,,,,,
P55c2defaf8,2018,0,,,,,,,,,,,,,,,,,,,,,,,,,,,,,,,,,,,,,,,,,,
P25e61f80f8,2017,1,1.0,25.0,71.6,31.7,53.5,55.8,4.0,14.0,35.5,15.6,109.0,168.0,0.649,157.0,313.0,0.502,52.0,126.0,0.413,3.1,2.4,38.3,2.8,1.85,71.0,115.0,86.0,198.0,14.0,15.0,35.68,1.32,4.4,5.92,1.56,1.2,23.16,0.2870159453302961,1.4473684210526316,2.13855421686747,0.6785999999999995,3.329304265985075
P6e7d02b021,2017,1,2.0,36.0,87.6,20.1,66.8,67.26,3.2,14.3,31.4,18.9,66.0,98.0,0.673,109.0,149.0,0.732,80.0,194.0,0.412,2.1,2.8,28.6,2.1,3.07867505,94.0,120.0,15.0,29.0,37.0,40.0,35.0556,0.9167,5.0833,7.6111,1.8333,0.7778,14.5556,0.565597667638484,1.5806451612903227,1.5778894472361809,0.0172600000000002,3.092515659140579
Pe56ae9c7aa,2017,1,4.0,35.0,74.0,27.3,55.2,55.95,8.7,17.4,18.2,18.4,98.0,173.0,0.566,186.0,339.0,0.549,34.0,90.0,0.378,3.5,3.1,40.3,3.9,1.07216571,131.0,190.0,55.0,149.0,57.0,67.0,30.7714,2.3143,5.0571,2.9714,1.6857,1.0571,16.3429,0.2097902097902098,1.3469387755102038,0.9381443298969072,0.4343500000000002,2.920025299355423
P6f43cf2ee3,2017,1,5.0,36.0,69.8,27.6,49.7,54.81,2.1,12.2,28.6,15.8,156.0,211.0,0.739,197.0,379.0,0.52,17.0,69.0,0.246,0.7,2.7,47.1,3.4,1.89651191,131.0,203.0,66.0,176.0,20.0,21.0,29.5556,0.5833,3.3889,4.5833,1.4722,0.1944,16.6944,0.1540178571428571,0.7727272727272727,1.7023809523809523,0.3655600000000003,3.958517256982617
P8a2034c01d,2017,1,3.0,29.0,65.3,25.4,50.7,56.61,4.9,19.7,12.4,17.7,118.0,139.0,0.849,125.0,248.0,0.504,40.0,117.0,0.342,3.2,2.3,38.1,3.6,0.81577449,79.0,126.0,46.0,122.0,18.0,21.0,33.3103,1.3448,6.0,2.1379,1.3448,1.1379,16.8276,0.3205479452054794,1.1956521739130437,0.663101604278075,0.3569399999999998,4.1954544167952985
P4a000d48b0,2017,1,11.0,38.0,79.9,25.1,54.3,58.59,1.1,7.2,13.3,13.3,148.0,180.0,0.822,147.0,296.0,0.497,104.0,262.0,0.397,1.5,1.6,32.3,2.4,1.14475,72.0,111.0,75.0,187.0,24.0,28.0,32.0526,0.3158,2.1842,2.2895,0.9474,0.5,19.8421,0.4695340501792114,0.911764705882353,0.93006993006993,0.4380900000000003,4.273164559700509
Pe3864f9800,2017,1,6.0,32.0,59.9,20.0,56.8,61.37,7.7,25.0,7.5,15.7,92.0,118.0,0.78,99.0,167.0,0.593,31.0,89.0,0.348,6.2,2.4,46.1,3.3,0.77080003,73.0,107.0,26.0,60.0,34.0,39.0,26.1875,1.75,6.0938,1.1562,1.1562,1.5312,11.9688,0.34765625,2.0,0.4491017964071856,0.0,3.7277163246269938
Pbe6ed6fd51,2017,1,9.0,32.0,86.4,28.2,52.0,56.31,2.7,11.5,34.2,19.0,143.0,200.0,0.715,136.0,267.0,0.509,55.0,153.0,0.359,1.2,3.1,47.6,2.4,1.82405924,103.0,161.0,33.0,107.0,22.0,22.0,34.8125,0.8125,3.75,6.1562,1.9375,0.4375,18.125,0.3642857142857142,1.2647058823529411,1.7100000000000002,0.5174200000000001,3.791863009262239
P46cfb45fde,2017,1,8.0,,,,,,,,,,,,,,,,,,,,,,,,,,,,,,,,,,,,,,,,,
Pf62abcdcde,2017,1,7.0,37.0,77.0,21.5,58.4,63.45,10.0,17.5,5.6,9.8,137.0,164.0,0.835,116.0,213.0,0.545,69.0,163.0,0.423,1.8,0.8,43.6,2.6,0.8000185,65.0,100.0,51.0,113.0,20.0,24.0,30.8108,2.3784,4.8108,0.8649,0.4054,0.5135,15.5676,0.4335106382978723,0.7222222222222222,0.5185185185185185,0.20175,4.263464470706984
Pdb3bcb3fc8,2017,1,13.0,,,,,,,,,,,,,,,,,,,,,,,,,,,,,,,,,,,,,,,,,
P71b16faf7a,2017,1,12.0,37.0,88.8,23.0,57.9,62.91,3.9,12.1,13.6,11.2,160.0,187.0,0.856,149.0,284.0,0.525,88.0,201.0,0.438,0.9,1.4,38.6,2.5,1.54239316,55.0,87.0,94.0,198.0,3.0,3.0,35.5135,1.1622,3.9189,2.4595,0.8378,0.3514,19.5135,0.4144329896907217,0.6571428571428571,1.114754098360656,0.3872999999999999,4.482394320182436
Pe6fe5c747b,2017,1,10.0,39.0,43.1,24.8,67.6,70.32,12.2,23.2,4.4,20.2,110.0,148.0,0.743,125.0,186.0,0.672,10.0,21.0,0.476,9.8,1.5,71.5,6.3,0.26668833,95.0,127.0,30.0,59.0,20.0,24.0,17.2308,1.6923,4.2051,0.4103,0.4615,1.7692,10.0,0.1014492753623188,1.5479452054794522,0.2075471698113208,0.97536,3.717932105317476
P49d50fc2b5,2017,1,19.0,33.0,66.5,29.2,62.2,65.76,16.4,25.7,4.5,13.2,164.0,220.0,0.745,234.0,375.0,0.624,0.0,1.0,0.0,6.6,1.3,58.5,4.5,0.27871248,168.0,223.0,66.0,149.0,59.0,62.0,26.6061,3.7576,6.0606,0.5152,0.6364,1.5758,19.1515,0.0026595744680851,1.4363636363636365,0.3169014084507042,1.4499200000000003,4.021631212630726
P24e5e8b7dc,2017,1,15.0,,,,,,,,,,,,,,,,,,,,,,,,,,,,,,,,,,,,,,,,,
P2c3a1eb46b,2017,1,16.0,34.0,63.8,21.1,69.2,67.45,7.7,18.9,8.6,17.7,43.0,83.0,0.518,186.0,272.0,0.684,8.0,14.0,0.571,5.9,1.9,29.0,4.4,0.68331093,160.0,196.0,27.0,77.0,67.0,68.0,25.2857,1.6857,4.5429,1.1714,0.8571,1.4286,12.9429,0.0489510489510489,1.4444444444444444,0.4598930481283422,0.1919500000000003,2.2951631018008363
P1e22570fac,2017,1,23.0,16.0,28.9,20.5,61.5,61.12,8.5,16.1,11.0,18.0,27.0,48.0,0.563,54.0,77.0,0.701,14.0,45.0,0.311,5.5,3.0,39.3,3.3,0.88461538,49.0,63.0,5.0,14.0,27.0,29.0,25.125,1.75,3.6875,1.4375,1.3125,1.3125,11.0625,0.3688524590163934,1.976744186046512,0.5789473684210527,0.0555999999999999,2.1910948278362823
P3e0fd9667f,2017,1,20.0,26.0,20.2,19.2,57.7,57.05,16.5,21.6,5.6,18.0,12.0,24.0,0.5,45.0,78.0,0.577,0.0,0.0,0.0,5.3,1.7,30.8,7.8,0.50007219,34.0,45.0,11.0,31.0,15.0,17.0,11.5,1.5769,2.2692,0.3462,0.3462,0.6538,3.9231,0.0,0.7954545454545454,0.2947368421052631,-0.0564,1.6094379124341005
P0af0ac79ae,2017,1,22.0,33.0,80.4,22.9,56.6,57.14,11.0,18.8,5.5,20.1,84.0,149.0,0.564,179.0,309.0,0.579,0.0,7.0,0.0,5.0,1.0,47.2,2.6,0.3095266,98.0,138.0,81.0,170.0,45.0,48.0,32.1515,3.0303,5.3939,0.7879,0.5758,1.5455,13.3939,0.0221518987341772,1.6666666666666663,0.2606635071090047,0.2070599999999999,2.825998305870288
Pd808e1b5f8,2017,1,47.0,29.0,26.2,18.7,56.4,56.41,13.3,19.9,2.3,18.4,23.0,43.0,0.535,57.0,101.0,0.564,0.0,0.0,0.0,8.8,0.7,42.6,7.6,0.25,40.0,58.0,17.0,43.0,23.0,28.0,13.0,1.4138,2.6207,0.2069,0.1724,1.2069,4.7241,0.0,1.1046511627906976,0.1185567010309278,-0.08333,2.0245414541462696
Pcc7ddb9ab9,2017,1,18.0,35.0,72.8,21.5,65.2,65.96,9.1,19.7,13.2,12.4,72.0,106.0,0.679,208.0,323.0,0.644,27.0,58.0,0.466,3.5,1.1,27.8,3.4,1.63465037,143.0,184.0,66.0,139.0,56.0,56.0,29.9429,2.2286,5.9714,2.4286,0.6286,1.1143,16.2571,0.1522309711286089,1.0454545454545452,0.9850746268656716,0.2393999999999999,3.172850778599634
Pf18fe42b62,2017,1,14.0,,,,,,,,,,,,,,,,,,,,,,,,,,,,,,,,,,,,,,,,,
P54d4de841c,2017,1,21.0,,,,,,,,,,,,,,,,,,,,,,,,,,,,,,,,,,,,,,,,,
P459acdec33,2017,1,17.0,38.0,75.2,18.1,60.5,62.82,6.7,16.3,8.5,12.7,50.0,60.0,0.833,123.0,195.0,0.631,41.0,110.0,0.373,5.2,1.0,19.7,2.5,1.19044604,72.0,87.0,51.0,108.0,38.0,38.0,30.3947,1.5,3.8421,1.3158,0.5,1.5,11.0263,0.360655737704918,1.7714285714285716,0.6204379562043796,-0.2435799999999998,3.4243579288563684
P2ad4235514,2017,1,43.0,,,,,,,,,,,,,,,,,,,,,,,,,,,,,,,,,,,,,,,,,
P16938f3fa9,2017,1,39.0,31.0,70.8,33.3,47.5,53.31,2.8,10.8,44.2,15.9,145.0,180.0,0.806,169.0,373.0,0.453,35.0,93.0,0.376,0.5,3.2,38.6,3.1,2.26666667,93.0,191.0,76.0,182.0,0.0,0.0,29.1875,0.75,2.6875,6.375,1.7812,0.125,19.1562,0.1995708154506437,0.902439024390244,2.615384615384616,0.4402300000000002,4.189988607200256
Pe5fb05fea3,2017,1,25.0,,,,,,,,,,,,,,,,,,,,,,,,,,,,,,,,,,,,,,,,,
P551a484de7,2017,1,38.0,,,,,,,,,,,,,,,,,,,,,,,,,,,,,,,,,,,,,,,,,
P2e6be7d23b,2017,1,28.0,37.0,34.3,21.4,56.4,58.21,18.2,19.0,7.4,11.5,61.0,99.0,0.616,97.0,172.0,0.564,0.0,0.0,0.0,4.6,1.0,57.6,5.0,0.92004869,75.0,100.0,22.0,71.0,19.0,23.0,14.6053,2.5789,2.5526,0.6053,0.2632,0.5789,7.0789,0.0,0.9333333333333332,0.5920000000000001,0.1149399999999998,2.8367848345686646
Pf781dda14b,2017,1,35.0,31.0,73.3,24.2,49.7,54.14,10.7,25.7,10.9,16.5,124.0,187.0,0.663,143.0,292.0,0.49,8.0,20.0,0.4,3.3,1.3,59.9,3.8,0.71642071,86.0,133.0,57.0,159.0,21.0,22.0,32.6452,3.0323,7.4516,1.5484,0.6774,1.0,14.0,0.0641025641025641,0.9583333333333331,0.6228571428571429,0.1738799999999999,3.4717610213562566
P032d23c9d9,2017,1,27.0,27.0,69.6,26.7,53.9,56.34,11.2,22.7,15.0,14.7,81.0,121.0,0.669,142.0,255.0,0.557,25.0,78.0,0.321,1.6,1.1,36.3,2.1,1.14518909,106.0,153.0,36.0,101.0,13.0,13.0,30.8276,2.7931,6.5517,2.4483,0.6207,0.4828,16.4138,0.2342342342342342,0.8709677419354839,0.9554140127388536,0.4247800000000001,3.213890078926549
P63f00af37c,2017,1,24.0,34.0,89.6,18.0,54.8,59.72,7.7,19.2,10.8,15.7,97.0,116.0,0.836,102.0,195.0,0.523,49.0,125.0,0.392,4.7,1.7,36.3,2.7,1.18642312,69.0,99.0,33.0,96.0,25.0,28.0,36.0882,2.3235,6.3235,2.0588,1.0294,1.4412,13.1765,0.390625,1.7297297297297298,0.6467065868263474,-0.1944,3.981177409490924
Pc4f84bc197,2017,1,37.0,35.0,85.4,24.5,57.2,62.15,8.4,15.0,9.3,10.7,172.0,219.0,0.785,137.0,259.0,0.529,73.0,172.0,0.424,1.6,0.8,50.8,2.1,1.05998883,84.0,132.0,53.0,125.0,28.0,34.0,34.1429,2.2857,4.5714,1.5143,0.4286,0.4,19.0,0.3990719257540603,0.7741935483870969,0.7948717948717949,0.54675,4.233997623886604
Pa79b34cca8,2017,1,29.0,33.0,81.6,25.9,58.1,62.67,3.5,10.7,28.3,16.6,140.0,174.0,0.805,147.0,258.0,0.57,57.0,142.0,0.401,4.8,2.2,43.5,2.7,1.8271071,96.0,142.0,51.0,115.0,7.0,7.0,32.8235,1.0294,3.0588,4.3529,1.2353,1.4412,18.0882,0.355,1.891891891891892,1.6079545454545454,0.7475299999999998,4.157652709008429
P38e6db5ca1,2017,1,31.0,36.0,60.5,20.4,56.4,59.8,3.1,8.2,12.6,15.4,77.0,102.0,0.755,82.0,152.0,0.539,51.0,129.0,0.395,0.2,1.3,36.3,3.8,1.24487547,60.0,90.0,22.0,62.0,4.0,4.0,24.8889,0.6389,1.8611,1.6944,0.5556,0.0556,10.9444,0.4590747330960854,0.3125,0.7682926829268293,0.0391999999999998,3.4992203861133753
P204a101867,2017,1,26.0,35.0,80.5,28.5,57.2,62.03,10.7,32.7,18.7,20.9,164.0,210.0,0.781,184.0,336.0,0.548,38.0,85.0,0.447,2.5,0.8,49.9,3.4,0.89832113,111.0,146.0,73.0,189.0,19.0,20.0,32.5429,2.7429,9.7143,3.0286,0.4286,0.8,18.4571,0.2019002375296912,0.7499999999999999,0.8538812785388128,1.02255,4.179801202244808
P1ea9c7c88d,2017,1,30.0,36.0,82.9,27.1,59.0,61.89,5.9,17.5,18.8,13.4,127.0,170.0,0.747,162.0,280.0,0.579,74.0,183.0,0.404,1.0,2.9,36.7,2.7,1.49295204,114.0,160.0,48.0,120.0,20.0,21.0,33.1667,1.4167,4.9722,2.9444,1.5556,0.2778,18.6944,0.3952483801295896,1.054054054054054,1.3055555555555556,0.8441900000000002,3.840822676707487
Pdb78b3595b,2017,0,,33.0,74.9,30.3,52.7,56.28,14.9,22.9,16.7,19.2,125.0,178.0,0.702,210.0,390.0,0.538,8.0,31.0,0.258,3.9,0.7,42.3,4.0,0.78998365,133.0,204.0,77.0,187.0,43.0,46.0,30.5,3.7059,6.1471,2.3235,0.3529,1.0588,17.3235,0.0736342042755344,0.92,0.8267326732673267,0.6468400000000001,3.6415448357002096
P86ef73625c,2017,1,40.0,35.0,72.0,27.4,51.0,54.37,4.0,11.9,11.6,14.1,104.0,138.0,0.754,164.0,318.0,0.516,57.0,171.0,0.333,0.4,1.9,28.2,2.2,0.85916397,94.0,150.0,70.0,167.0,22.0,26.0,28.8,1.0,3.2,1.7429,1.0,0.1143,17.2286,0.3496932515337423,0.7187499999999999,0.7682119205298014,0.3233799999999997,3.7205933455805416
P0d567b6867,2017,0,,35.0,68.8,28.0,44.5,46.62,4.1,15.5,23.0,15.9,77.0,129.0,0.597,146.0,323.0,0.452,39.0,137.0,0.285,1.2,3.3,28.0,3.8,1.29487242,77.0,115.0,69.0,208.0,9.0,10.0,28.6944,1.0833,3.7222,2.8056,1.6667,0.2778,13.9167,0.2978260869565217,0.9375,1.3609467455621302,-0.2704000000000002,2.9059180669219824
P9d178fdf5d,2017,1,54.0,28.0,76.3,29.5,52.7,59.63,8.0,23.2,15.0,13.5,167.0,188.0,0.888,149.0,290.0,0.514,55.0,149.0,0.369,1.0,1.2,42.8,2.6,0.90140097,79.0,119.0,70.0,171.0,7.0,9.0,35.1379,2.5517,7.5517,2.2069,0.7931,0.3793,22.9655,0.3394077448747152,0.6111111111111112,1.0344827586206895,0.9148500000000004,4.654671349372963
P2acab9acdb,2017,1,52.0,21.0,45.6,24.8,50.7,56.97,1.8,13.5,30.3,19.6,100.0,136.0,0.735,89.0,167.0,0.533,12.0,44.0,0.273,2.7,2.3,64.5,2.9,1.81034798,64.0,104.0,17.0,50.0,14.0,15.0,33.1429,0.5238,3.8095,5.0,1.2857,0.7619,14.9524,0.2085308056872037,1.2820512820512822,1.470873786407767,0.3345599999999999,3.616185980483672
P57703dc960,2017,1,33.0,,,,,,,,,,,,,,,,,,,,,,,,,,,,,,,,,,,,,,,,,
P5351e63d76,2017,1,34.0,36.0,89.4,25.5,57.3,62.23,2.0,10.4,26.1,14.4,189.0,238.0,0.794,159.0,318.0,0.5,82.0,174.0,0.471,0.2,2.0,48.4,2.2,2.17438978,107.0,191.0,52.0,127.0,1.0,1.0,36.1389,0.6111,3.5556,5.1944,1.3056,0.0556,20.9167,0.3536585365853658,0.6875,1.6948051948051948,0.6726499999999999,4.34831206023362
P964dd1e5f4,2017,1,36.0,31.0,51.9,12.4,45.1,49.87,5.8,17.5,7.8,17.3,33.0,45.0,0.733,42.0,87.0,0.483,9.0,36.0,0.25,4.2,1.7,36.6,3.8,1.26922616,25.0,41.0,17.0,46.0,4.0,4.0,21.6774,1.1613,3.6774,1.0645,0.6774,0.871,4.6452,0.2926829268292683,1.2291666666666667,0.4262295081967213,0.0098800000000001,2.8063941436265067
P10187f6389,2017,1,48.0,32.0,71.9,29.2,51.0,58.98,8.0,16.2,19.4,14.2,215.0,259.0,0.83,137.0,291.0,0.471,58.0,148.0,0.392,3.4,3.6,59.0,2.7,1.13157895,88.0,153.0,49.0,138.0,9.0,11.0,32.9062,2.4062,4.5,2.6875,2.0625,0.9375,20.7188,0.337129840546697,1.891891891891892,1.276315789473684,0.8261599999999997,4.615365753742887
Pc32fe4a167,2017,1,45.0,34.0,56.9,30.1,55.4,58.2,4.7,9.9,23.0,15.8,90.0,121.0,0.744,141.0,268.0,0.526,57.0,141.0,0.404,2.0,2.5,29.6,4.4,1.3194788,85.0,129.0,56.0,138.0,10.0,10.0,25.3143,1.0,2.2286,2.7143,1.0857,0.4571,16.1143,0.3447432762836185,0.8333333333333333,1.369047619047619,0.8282000000000004,3.574191657281543
P1804943702,2017,1,41.0,38.0,75.4,21.5,57.4,60.49,3.3,9.6,10.9,13.9,103.0,137.0,0.752,99.0,194.0,0.51,86.0,203.0,0.424,0.4,1.5,34.5,2.0,1.13557646,74.0,117.0,25.0,77.0,5.0,5.0,29.9744,0.8462,2.6154,1.7179,0.7692,0.1026,14.641,0.5113350125944585,0.6333333333333333,0.7315436241610739,0.15735,3.705294771238218
P5f230da818,2017,1,59.0,33.0,85.5,24.8,52.6,56.07,5.9,15.5,9.7,11.5,120.0,168.0,0.714,196.0,347.0,0.565,24.0,94.0,0.255,2.9,1.4,38.1,1.9,0.92728148,134.0,185.0,62.0,162.0,41.0,44.0,34.3333,1.7879,4.4848,1.5455,0.8182,0.9091,17.697,0.2131519274376417,1.4827586206896552,0.7759999999999999,0.29136,3.662747682455074
P74d19df6a2,2017,1,42.0,34.0,68.6,22.3,56.0,60.09,9.7,17.2,9.8,20.9,108.0,148.0,0.73,125.0,225.0,0.556,23.0,60.0,0.383,5.7,1.6,51.9,4.4,0.64103569,97.0,144.0,28.0,81.0,37.0,38.0,28.0588,2.2353,4.4118,1.4706,0.7647,1.5294,12.5588,0.2105263157894736,1.351851851851852,0.4474885844748859,0.2320700000000001,3.652880803340185
Pa76a1ce248,2017,1,51.0,35.0,86.8,23.8,52.3,55.53,3.7,11.3,32.0,8.1,89.0,111.0,0.802,162.0,322.0,0.503,54.0,143.0,0.378,0.8,2.4,23.9,1.6,5.1666663,80.0,128.0,82.0,194.0,2.0,2.0,35.3429,1.1429,3.6857,6.2,1.5143,0.2857,16.4286,0.3075268817204301,1.2307692307692308,3.5164835164835164,0.2101400000000001,3.7842360947786657
Pea59b43adb,2017,0,,36.0,65.4,19.1,54.7,57.64,7.3,18.5,4.8,12.2,73.0,101.0,0.723,99.0,189.0,0.524,43.0,110.0,0.391,3.1,1.9,33.8,3.4,0.58977198,62.0,86.0,37.0,104.0,28.0,32.0,26.4444,1.7222,4.3889,0.6389,0.8611,0.8056,11.1111,0.3678929765886287,1.1363636363636362,0.3636363636363636,-0.0687599999999998,3.3438553440045276
P22340c4458,2017,1,46.0,35.0,81.6,21.6,54.6,58.28,6.0,16.9,17.9,17.3,87.0,110.0,0.791,100.0,215.0,0.465,61.0,136.0,0.449,2.2,2.7,31.3,3.2,1.54408363,49.0,93.0,51.0,121.0,7.0,9.0,32.6571,1.5714,4.9143,3.0,1.4286,0.5429,13.4286,0.3874643874643874,1.1666666666666667,0.978142076502732,0.1324800000000001,3.725238389238057
P3e5c820c70,2017,1,49.0,,,,,,,,,,,,,,,,,,,,,,,,,,,,,,,,,,,,,,,,,
P7697c4ecb8,2017,0,,28.0,71.0,25.6,52.7,56.31,3.9,15.3,18.8,15.3,102.0,147.0,0.694,98.0,202.0,0.485,47.0,118.0,0.398,3.5,2.0,45.9,2.5,1.34429971,69.0,110.0,29.0,92.0,6.0,7.0,31.5517,1.0,4.1379,2.8276,1.1034,0.9655,15.7586,0.36875,1.5714285714285714,1.1533742331288344,0.3533600000000002,3.4680653179922953
Pba3a4faeb9,2017,1,55.0,38.0,79.6,24.9,53.3,59.37,2.2,15.7,25.8,14.8,157.0,181.0,0.867,177.0,336.0,0.527,43.0,117.0,0.368,0.2,2.9,40.0,1.9,2.1829091,84.0,128.0,93.0,208.0,5.0,5.0,32.6579,0.5789,5.3947,4.7105,1.6842,0.0789,16.8421,0.2582781456953642,1.0689655172413794,1.6329113924050631,0.4591299999999997,4.511873797695581
P27a35575e9,2017,1,32.0,33.0,87.9,21.3,53.9,58.0,2.9,13.1,14.4,16.6,90.0,108.0,0.833,82.0,173.0,0.474,79.0,199.0,0.397,1.5,2.3,29.0,1.8,1.19401082,55.0,89.0,27.0,81.0,9.0,11.0,35.303,0.8485,3.9394,2.4242,1.303,0.4848,14.8788,0.5349462365591398,1.3571428571428572,0.8181818181818181,0.104,3.907892785896877
Pfde95d41d3,2017,0,,35.0,78.4,21.9,48.0,54.66,5.9,16.6,8.5,11.2,120.0,140.0,0.857,92.0,195.0,0.472,53.0,162.0,0.327,6.7,1.0,39.2,2.9,0.93334377,55.0,83.0,37.0,112.0,29.0,31.0,31.4571,1.5143,4.6857,1.2,0.5429,2.0286,13.2286,0.453781512605042,1.9743589743589745,0.6967213114754098,0.0885399999999998,4.24108722605409
P4396f0664b,2017,0,,38.0,56.2,21.5,57.2,61.82,8.5,16.7,10.9,18.3,107.0,137.0,0.781,166.0,290.0,0.572,0.0,0.0,0.0,3.7,1.0,47.2,5.4,0.85941498,106.0,146.0,59.0,143.0,46.0,49.0,23.2564,1.8462,3.6154,1.4103,0.4103,0.7436,11.8205,0.0,0.734375,0.5647668393782384,0.1773,3.8481851281077777
P2a1ab2724b,2017,1,53.0,34.0,68.9,18.4,52.1,57.03,1.5,13.7,17.8,20.7,86.0,116.0,0.741,75.0,161.0,0.466,32.0,75.0,0.427,2.3,3.1,49.2,3.3,1.55382354,45.0,85.0,30.0,76.0,4.0,4.0,30.0,0.3529,3.6765,2.9706,1.5588,0.6176,9.7647,0.3177966101694915,1.2558139534883723,0.8202764976958526,-0.1124800000000001,3.5287708856851374
Pa0580e3001,2017,1,56.0,27.0,62.5,21.6,54.2,56.23,3.5,13.2,7.7,16.1,42.0,55.0,0.764,75.0,140.0,0.536,65.0,178.0,0.365,0.8,1.3,17.3,2.4,0.55996541,47.0,69.0,28.0,70.0,18.0,20.0,31.963,0.963,3.7407,1.037,0.6667,0.2222,14.3333,0.559748427672956,0.6176470588235294,0.4502923976608187,0.09968,3.0753686917216543
Pc5ec91aab0,2017,0,,30.0,46.5,21.8,58.9,58.98,9.3,19.6,3.1,11.3,47.0,83.0,0.566,100.0,158.0,0.633,35.0,101.0,0.347,11.7,1.0,32.0,4.7,0.40627725,83.0,118.0,17.0,40.0,52.0,54.0,23.5484,1.7419,4.3226,0.4194,0.3871,2.5484,11.8065,0.3899613899613899,2.2280701754385963,0.2520325203252032,0.16164,2.507842308145315
Pe204bd6fa0,2017,0,,32.0,83.6,29.5,64.9,68.87,10.1,21.0,15.1,22.5,155.0,188.0,0.824,252.0,393.0,0.641,5.0,7.0,0.714,8.6,1.3,47.0,3.6,0.62499006,171.0,240.0,81.0,153.0,28.0,28.0,34.2647,2.7941,6.2941,2.3529,0.7647,2.7647,20.4118,0.0175,2.1521739130434785,0.6425531914893617,1.7926500000000003,4.319199540409145
Pd9320fa884,2017,0,,,,,,,,,,,,,,,,,,,,,,,,,,,,,,,,,,,,,,,,,,
P00fdb72e43,2017,0,,35.0,80.4,28.4,52.4,58.94,8.9,21.4,15.4,17.4,173.0,204.0,0.848,133.0,282.0,0.472,67.0,164.0,0.409,1.3,1.0,45.7,3.5,0.76346393,83.0,139.0,50.0,145.0,0.0,2.0,32.1714,2.4857,5.9143,2.0286,0.5429,0.4,18.2857,0.3677130044843049,0.5111111111111111,0.8369565217391305,0.7509599999999997,4.51391246230937
P4d32b8b12e,2017,0,,,,,,,,,,,,,,,,,,,,,,,,,,,,,,,,,,,,,,,,,,
P420fe29f13,2017,0,,31.0,82.2,24.0,52.0,55.03,3.4,12.8,10.7,14.2,92.0,127.0,0.724,141.0,276.0,0.511,53.0,148.0,0.358,0.3,1.1,30.0,1.9,0.84373935,63.0,100.0,78.0,178.0,6.0,8.0,32.871,1.0323,3.7742,1.7419,0.6774,0.0968,17.1935,0.3490566037735849,0.4827586206896552,0.7039473684210527,0.2012,3.5128699110778023
P6358a22feb,2017,0,,36.0,91.0,20.1,53.0,55.29,1.5,10.5,12.0,14.8,60.0,74.0,0.811,52.0,127.0,0.409,126.0,328.0,0.384,0.1,1.1,16.3,1.9,1.06153077,13.0,23.0,39.0,104.0,0.0,0.0,36.5278,0.4444,3.8333,1.9167,0.6944,0.0278,15.0556,0.7208791208791209,0.4137931034482759,0.7594936708860759,0.00529,3.5014828600779477
Pcac223d7f8,2017,0,,38.0,86.2,23.8,56.1,62.3,1.7,16.1,27.3,13.2,149.0,170.0,0.876,73.0,160.0,0.456,98.0,232.0,0.422,0.1,2.0,43.4,2.0,2.86371498,37.0,62.0,36.0,97.0,0.0,0.0,34.8158,0.4474,4.3421,4.9737,1.1316,0.0263,15.5,0.5918367346938775,0.7000000000000001,1.9225352112676055,0.4673999999999999,4.50409727549633
P5fd682a91b,2017,0,,27.0,72.6,27.1,51.7,54.19,4.1,14.3,11.6,11.7,88.0,127.0,0.693,115.0,247.0,0.466,78.0,202.0,0.386,2.3,3.2,28.3,2.4,0.88675494,47.0,82.0,68.0,165.0,2.0,3.0,36.5556,1.3704,4.9259,1.7407,1.963,0.7407,20.4444,0.4498886414253897,1.6176470588235294,0.9133858267716536,0.2974899999999998,3.362456972896294
Pba3d18fabf,2017,0,,33.0,50.1,20.0,53.1,55.79,13.7,18.2,6.4,16.1,51.0,76.0,0.671,104.0,196.0,0.531,0.0,0.0,0.0,6.1,1.4,38.8,4.8,0.63161094,73.0,116.0,32.0,83.0,13.0,15.0,20.7879,2.5758,3.4242,0.7273,0.5152,1.1212,7.8485,0.0,1.293103448275862,0.3742690058479532,0.0,2.9146934380638223
P2cac6d11e4,2017,0,,30.0,82.0,28.5,50.3,54.78,2.2,17.1,27.4,18.6,98.0,126.0,0.778,121.0,252.0,0.48,40.0,108.0,0.37,2.4,3.2,35.0,3.1,1.54347826,65.0,113.0,55.0,138.0,12.0,12.0,32.625,0.5938,4.4375,4.4375,1.7188,0.6875,15.2812,0.3,1.3658536585365857,1.3979591836734693,0.4063000000000001,3.768777553264784
P7dfb5a7395,2017,0,,31.0,81.8,23.7,58.0,59.93,3.1,16.5,14.6,14.8,101.0,153.0,0.66,165.0,287.0,0.575,28.0,70.0,0.4,3.4,2.3,42.9,3.2,1.10605001,93.0,130.0,72.0,157.0,35.0,36.0,32.9091,0.8485,4.2727,2.2121,1.4242,0.9091,16.6364,0.196078431372549,1.357142857142857,0.9240506329113924,0.3674099999999999,3.3243887175929956
P73cc673745,2017,0,,35.0,80.8,19.5,56.2,57.86,10.1,18.0,14.5,16.1,80.0,128.0,0.625,158.0,279.0,0.566,1.0,5.0,0.2,4.5,1.7,45.1,3.3,1.47365841,104.0,148.0,55.0,135.0,30.0,31.0,32.3143,2.6,5.1714,2.4,0.8857,1.0857,11.4,0.0176056338028169,1.4418604651162792,0.8479532163742689,-0.0392999999999999,3.037382752726045
P95ea622240,2017,0,,32.0,81.9,26.7,56.4,59.63,4.4,11.8,22.8,16.8,116.0,158.0,0.734,122.0,224.0,0.545,74.0,189.0,0.392,0.8,0.7,38.3,2.2,1.27708378,55.0,91.0,67.0,132.0,2.0,2.0,34.3125,1.25,3.625,3.3125,0.4062,0.2812,18.1875,0.4576271186440678,0.46875,1.2808988764044944,0.6452100000000002,3.72057568442965
Pf0bc046ece,2017,0,,35.0,69.2,21.5,52.0,52.62,2.6,10.0,28.8,17.2,62.0,117.0,0.53,94.0,172.0,0.547,40.0,124.0,0.323,0.4,1.9,39.5,2.9,2.58467512,64.0,87.0,30.0,84.0,2.0,2.0,27.6857,0.6286,2.5714,4.8,0.9429,0.1143,10.5714,0.4189189189189189,0.5897435897435898,1.5824175824175826,0.0392999999999999,2.5284628509668026
Pf5a8190f4f,2018,0,,36.0,80.1,19.1,46.8,50.0,2.3,14.1,24.4,12.9,68.0,99.0,0.687,81.0,179.0,0.453,49.0,151.0,0.325,1.1,2.2,30.0,1.8,3.36159593,42.0,70.0,39.0,108.0,2.0,3.0,32.2778,0.6389,3.9444,4.3889,1.1667,0.3056,10.4722,0.4575757575757576,1.1785714285714288,1.7553956834532372,-0.0,3.163751917773819
P163e85d6f0,2017,0,,34.0,79.2,24.0,50.6,54.39,1.3,10.6,24.7,14.7,74.0,91.0,0.813,81.0,179.0,0.453,65.0,174.0,0.374,0.3,1.5,25.8,1.2,2.2068703,37.0,67.0,44.0,113.0,0.0,0.0,32.1471,0.3235,2.6765,3.7647,0.7353,0.0588,12.6765,0.4929178470254957,0.8181818181818181,1.5732484076433122,0.1756,3.6762141131408694
P705a98169f,2017,0,,34.0,92.4,20.9,56.3,60.39,2.6,11.3,6.1,12.4,118.0,141.0,0.837,87.0,173.0,0.503,112.0,280.0,0.4,1.1,2.6,31.1,2.3,0.67852588,37.0,59.0,50.0,112.0,2.0,3.0,37.2353,0.8235,3.8235,1.1176,1.6176,0.3529,18.4706,0.6181015452538632,1.121212121212121,0.4552238805970149,0.0935099999999998,4.148027247212255
P35bbbcf03e,2017,0,,,,,,,,,,,,,,,,,,,,,,,,,,,,,,,,,,,,,,,,,,
Pf3d3c05896,2018,0,,36.0,71.8,22.3,49.4,52.36,5.3,13.7,23.3,19.5,94.0,148.0,0.635,146.0,288.0,0.507,17.0,59.0,0.288,0.6,1.5,42.7,3.4,1.70787156,115.0,188.0,30.0,99.0,1.0,1.0,30.4167,1.4722,3.9444,4.2222,0.8333,0.1944,12.1389,0.170028818443804,0.4772727272727272,1.1365853658536589,0.05428,3.1775059042753666
P1ee493f763,2017,0,,,,,,,,,,,,,,,,,,,,,,,,,,,,,,,,,,,,,,,,,,
Pc0a7512363,2017,0,,31.0,80.2,26.3,53.9,58.13,6.0,25.4,8.6,17.7,121.0,158.0,0.766,138.0,261.0,0.529,51.0,137.0,0.372,1.6,0.7,39.7,2.0,0.52378706,88.0,123.0,50.0,138.0,4.0,4.0,31.697,1.6061,7.3333,1.3333,0.4545,0.4545,17.7273,0.3442211055276382,0.7666666666666666,0.4598930481283422,0.5121900000000003,3.8827806189006977
Pf3241f5074,2018,0,,36.0,61.9,25.0,53.5,58.93,2.6,5.0,9.6,15.0,108.0,119.0,0.908,94.0,192.0,0.49,74.0,191.0,0.387,0.5,1.0,31.1,2.8,0.71662564,56.0,84.0,38.0,107.0,0.0,0.0,24.75,0.5556,1.1667,1.1944,0.4444,0.1111,14.3889,0.4986945169712793,0.3947368421052631,0.6,0.4465,4.347042502446098
P9bb134b52c,2018,0,,32.0,73.0,29.3,44.5,53.64,1.5,10.7,25.1,22.0,157.0,178.0,0.882,99.0,248.0,0.399,41.0,113.0,0.363,0.7,2.3,49.3,3.5,1.01907843,58.0,99.0,40.0,148.0,1.0,1.0,29.3125,0.375,2.5,3.3438,1.1562,0.1562,14.9375,0.3130193905817174,0.6666666666666666,1.091304347826087,0.3385200000000001,4.575274280751546
Pcdc707f847,2017,0,,32.0,91.3,20.8,46.3,50.21,1.2,10.9,14.8,14.3,74.0,91.0,0.813,70.0,171.0,0.409,73.0,217.0,0.336,0.7,1.7,23.5,2.4,1.42373739,41.0,64.0,29.0,106.0,12.0,13.0,36.8788,0.3939,3.8182,2.5455,1.0303,0.2424,13.8182,0.5592783505154639,0.7058823529411765,0.9673202614379084,0.00168,3.6762141131408694
Pa84706eb34,2018,0,,25.0,72.2,29.1,45.3,50.69,5.2,11.5,34.4,23.1,115.0,177.0,0.65,111.0,239.0,0.464,9.0,36.0,0.25,2.2,5.0,64.4,4.1,1.40401453,83.0,148.0,28.0,91.0,7.0,10.0,32.1481,1.5556,3.4074,5.1481,2.8148,0.4815,14.2963,0.1309090909090909,1.411764705882353,1.4273858921161824,0.0627899999999998,3.3681593076898553
P3f77f707c0,2018,0,,23.0,50.8,23.8,50.4,54.8,8.0,10.7,14.0,20.1,71.0,98.0,0.724,66.0,137.0,0.482,33.0,92.0,0.359,2.5,2.3,42.8,2.8,0.98304219,55.0,87.0,11.0,51.0,7.0,8.0,31.3913,1.8696,2.913,2.5217,1.2174,0.7391,13.1304,0.4017467248908297,1.263157894736842,0.6635071090047393,0.1823999999999999,3.3268667714974427
Pdb9cad4004,2018,1,21.0,37.0,88.3,20.3,53.6,57.97,1.8,8.0,21.2,16.7,108.0,127.0,0.85,79.0,157.0,0.503,102.0,276.0,0.37,0.2,2.8,29.3,2.4,2.17722839,38.0,64.0,41.0,93.0,18.0,18.0,35.5676,0.5405,2.7838,4.6486,1.7297,0.0541,15.4595,0.6374133949191686,0.8823529411764706,1.1977401129943503,0.02391,4.124225724331675
P4f854a47d9,2018,1,60.0,29.0,34.8,20.8,58.4,57.46,7.3,16.8,5.9,25.6,33.0,64.0,0.516,56.0,86.0,0.651,2.0,15.0,0.133,8.3,1.0,63.4,6.0,0.33335812,46.0,64.0,10.0,23.0,27.0,27.0,15.1034,0.8276,2.0345,0.4483,0.2414,1.069,5.2069,0.1485148514851485,1.3285714285714287,0.2218045112781954,0.05968,2.153983831266149
P42b9d239c3,2018,1,2.0,33.0,74.8,25.8,64.0,64.35,13.8,21.4,8.8,14.7,131.0,209.0,0.627,247.0,382.0,0.647,23.0,58.0,0.397,2.6,1.4,47.5,2.2,0.66669599,193.0,264.0,54.0,118.0,94.0,98.0,33.7576,4.0,7.0909,1.5152,0.8182,0.8788,21.0303,0.1318181818181818,1.25,0.5605095541401275,0.8322999999999997,3.3526364217598528
P35e592001a,2018,1,6.0,,,,,,,,,,,,,,,,,,,,,,,,,,,,,,,,,,,,,,,,,
P6786e0dd88,2018,1,48.0,34.0,81.8,27.5,54.4,57.73,5.7,24.5,10.5,11.8,112.0,141.0,0.794,181.0,331.0,0.547,66.0,184.0,0.359,5.9,1.6,27.4,2.0,0.90326292,92.0,137.0,89.0,194.0,17.0,18.0,33.0882,1.5294,7.1765,1.6471,0.9118,1.6471,19.7647,0.3572815533980582,2.5,0.8203125,0.5797499999999998,3.934926683735401
Peb77360d78,2018,1,10.0,40.0,79.7,22.0,62.3,65.53,5.2,13.7,10.6,10.9,114.0,134.0,0.851,140.0,236.0,0.593,104.0,239.0,0.435,3.5,2.7,28.2,2.7,1.42592587,109.0,161.0,31.0,75.0,35.0,42.0,32.175,1.35,3.95,1.925,1.525,1.075,17.65,0.5031578947368421,1.6756756756756757,0.8907563025210083,0.3106,4.1743888364511035
P57ab80ef44,2018,1,12.0,34.0,75.9,25.0,53.6,57.26,5.2,18.1,16.6,14.7,93.0,110.0,0.845,138.0,262.0,0.527,71.0,194.0,0.366,2.5,1.2,24.1,2.0,1.34329644,84.0,128.0,54.0,137.0,30.0,35.0,31.3824,1.2647,5.7059,2.6471,0.6176,0.7647,17.1176,0.425438596491228,1.2333333333333334,1.0573248407643314,0.3629999999999999,3.979553020108922
Pe581c6d22f,2018,1,42.0,19.0,49.6,22.1,45.7,48.81,4.6,20.0,21.3,17.9,44.0,70.0,0.629,62.0,128.0,0.484,16.0,60.0,0.267,2.5,2.3,37.2,2.7,1.76740894,48.0,89.0,14.0,39.0,14.0,15.0,33.6842,1.3158,5.7895,4.0,1.3158,0.7895,11.3684,0.3191489361702128,1.2972972972972971,1.1269841269841272,-0.0249899999999999,2.6812256426589873
Pcabff956fe,2018,1,15.0,35.0,74.7,21.7,49.4,53.24,5.9,18.1,18.7,21.0,78.0,105.0,0.743,111.0,212.0,0.524,32.0,110.0,0.291,0.8,2.9,32.6,2.9,1.29070863,85.0,135.0,26.0,77.0,13.0,17.0,31.1714,1.5143,4.6857,3.1714,1.5714,0.2,11.3143,0.3416149068322981,0.9487179487179488,0.85,0.05508,3.4649352469252657
P9f769e6678,2018,1,33.0,40.0,78.8,26.1,60.4,63.53,1.2,9.7,26.6,12.3,130.0,162.0,0.802,184.0,307.0,0.599,86.0,211.0,0.408,0.1,1.7,31.3,2.5,2.59154928,101.0,142.0,83.0,163.0,6.0,6.0,31.8,0.3,2.75,4.6,0.925,0.025,18.9,0.4073359073359073,0.5142857142857143,2.0,0.8253300000000003,4.085187661047024
P15b5ca7021,2018,1,32.0,37.0,88.3,25.1,49.8,54.92,2.3,12.9,35.2,16.8,133.0,155.0,0.858,138.0,313.0,0.441,77.0,196.0,0.393,1.2,4.8,30.5,3.4,2.51023176,68.0,145.0,70.0,167.0,2.0,2.0,35.4324,0.7838,3.8649,6.6486,3.027,0.3514,17.2973,0.3850687622789784,1.3636363636363635,1.9775280898876408,0.2509200000000001,4.332776454220102
P6f990ff013,2018,1,7.0,37.0,66.6,23.4,59.1,62.81,12.8,23.1,13.0,18.2,124.0,168.0,0.738,160.0,273.0,0.586,19.0,46.0,0.413,7.6,1.7,52.7,4.2,0.98667985,120.0,175.0,40.0,97.0,56.0,58.0,26.8378,2.9459,6.1081,2.0,0.8108,2.0541,13.5405,0.1442006269592476,1.788461538461538,0.6770833333333334,0.4355399999999998,3.785865251613228
P8ecb19c544,2018,1,45.0,37.0,61.8,21.3,47.0,49.75,4.2,11.5,9.5,14.8,77.0,126.0,0.611,108.0,236.0,0.458,26.0,77.0,0.338,1.6,1.8,40.3,4.2,0.90191524,78.0,124.0,30.0,112.0,19.0,23.0,24.8108,0.8649,2.7568,1.2432,0.7568,0.3514,10.027,0.2460063897763578,0.6538461538461539,0.6012658227848101,-0.00325,2.959798309826199
P58e5b2eaa8,2018,1,17.0,40.0,72.5,22.8,59.0,60.77,4.9,13.8,20.0,17.0,76.0,107.0,0.71,103.0,179.0,0.575,85.0,212.0,0.401,0.7,2.1,27.4,2.8,1.7594936,72.0,111.0,31.0,67.0,10.0,10.0,29.275,1.15,3.6,3.475,1.05,0.2,13.425,0.5421994884910486,0.7368421052631579,1.1111111111111112,0.3015600000000001,3.324313171258196
Pa08fe4841f,2018,0,,37.0,73.8,22.4,47.3,48.93,2.1,4.9,30.3,23.4,53.0,89.0,0.596,117.0,239.0,0.49,31.0,107.0,0.29,0.5,2.8,25.7,3.2,2.02938201,87.0,167.0,30.0,72.0,12.0,15.0,29.7297,0.5405,1.4324,5.5946,1.4595,0.1351,10.2703,0.3092485549132948,0.7857142857142856,1.2418032786885247,-0.0256799999999999,2.6818865635168376
Pbe6b6d05a9,2018,1,28.0,36.0,76.9,22.0,50.7,54.27,5.2,12.0,20.0,15.6,86.0,114.0,0.754,101.0,215.0,0.47,60.0,162.0,0.37,3.7,2.6,30.2,2.6,1.79365717,52.0,84.0,49.0,133.0,13.0,15.0,30.75,1.3889,3.3333,3.1389,1.3056,0.9722,13.0,0.4297082228116711,1.7500000000000002,1.2048192771084336,0.0854,3.577678824785891
Pb53e68dfee,2018,1,35.0,30.0,82.6,21.8,61.0,63.09,3.9,14.6,17.9,19.5,84.0,118.0,0.712,144.0,231.0,0.623,35.0,91.0,0.385,2.2,3.5,36.6,2.3,1.11688158,131.0,186.0,13.0,44.0,36.0,39.0,34.4,1.1667,4.4333,2.8667,2.1,0.7333,15.9,0.2826086956521739,1.7272727272727275,0.873170731707317,0.2356200000000001,3.4027359270954087
P50c2524b85,2018,1,11.0,37.0,84.0,22.8,51.6,57.87,3.2,10.0,28.8,19.8,143.0,174.0,0.822,160.0,320.0,0.5,23.0,57.0,0.404,1.7,2.8,46.2,2.0,1.90907054,108.0,182.0,52.0,138.0,11.0,11.0,33.7297,0.8919,3.2432,5.1081,1.6486,0.4865,14.3784,0.1511936339522546,1.5,1.3846153846153846,0.2203599999999999,4.2454540705651285
P15b4774186,2018,1,34.0,39.0,94.2,25.2,51.0,56.82,2.0,9.6,31.4,16.7,167.0,202.0,0.827,89.0,227.0,0.392,110.0,271.0,0.406,0.1,2.4,40.6,1.5,2.58714097,54.0,125.0,35.0,103.0,1.0,1.0,37.8205,0.6154,3.4103,7.2308,1.5897,0.0513,17.3077,0.5441767068273092,1.0,1.7740112994350283,0.35464,4.394021344667558
P1597c7370a,2018,1,53.0,34.0,79.9,19.4,55.2,59.9,1.4,14.9,19.6,10.9,76.0,85.0,0.894,75.0,159.0,0.472,57.0,132.0,0.432,0.6,1.8,29.2,1.8,3.0572178,49.0,88.0,26.0,71.0,3.0,3.0,32.0588,0.3529,3.8529,3.1471,0.8529,0.1471,11.6765,0.4536082474226804,0.8571428571428572,1.647058823529412,-0.0594000000000001,3.982186482850635
Pbb5225b691,2018,1,57.0,33.0,80.3,29.5,51.7,55.27,8.0,20.1,15.2,15.5,113.0,140.0,0.807,166.0,318.0,0.522,77.0,227.0,0.339,2.2,2.1,25.7,2.3,0.81109525,103.0,156.0,59.0,152.0,18.0,20.0,32.2424,2.3333,6.2121,2.2121,1.2424,0.6061,20.4848,0.4165137614678899,1.3030303030303032,0.9212121212121211,0.5006500000000003,3.993649231535182
P75b2e5cfed,2018,1,23.0,33.0,92.1,27.2,55.7,60.87,1.6,8.7,29.9,20.6,159.0,192.0,0.828,124.0,255.0,0.486,88.0,205.0,0.429,0.7,1.9,41.7,2.8,1.53599624,86.0,151.0,38.0,104.0,4.0,4.0,37.697,0.5152,3.1515,5.8182,1.2727,0.2424,20.3333,0.4456521739130434,0.6842105263157894,1.384259259259259,0.7826399999999997,4.357507476413245
P26d2a90c5b,2018,1,19.0,31.0,85.5,21.5,61.1,63.6,3.9,13.1,20.0,20.4,74.0,97.0,0.763,87.0,145.0,0.6,70.0,169.0,0.414,2.1,1.1,30.9,2.8,1.35,54.0,76.0,32.0,67.0,5.0,5.0,34.3438,0.9688,4.0625,3.375,0.625,0.6562,14.75,0.5382165605095541,0.8421052631578948,0.9345794392523366,0.204,3.4983301862256466
P4d03279429,2018,1,22.0,30.0,74.3,33.0,52.5,57.31,3.2,25.6,23.6,18.8,158.0,216.0,0.731,156.0,297.0,0.525,43.0,123.0,0.35,1.0,2.8,51.4,3.1,1.02885421,115.0,165.0,41.0,132.0,26.0,29.0,31.0,0.871,6.8065,3.4516,1.4839,0.2581,19.9677,0.2928571428571428,0.926829268292683,1.191919191919192,0.9503000000000004,3.932704965438076
Pae17b87a4a,2018,1,4.0,35.0,54.4,22.8,59.5,64.71,8.7,19.7,9.3,20.8,106.0,133.0,0.797,81.0,136.0,0.596,38.0,96.0,0.396,14.2,1.6,57.3,5.9,0.62905048,61.0,93.0,20.0,43.0,31.0,31.0,21.8571,1.4857,4.3143,1.1143,0.6,3.0,10.9143,0.4137931034482758,2.2898550724637676,0.4266055045871559,0.4118799999999999,3.903578320560877
Pa129b1725d,2018,1,50.0,32.0,78.5,27.9,48.0,52.73,11.5,30.6,19.2,15.9,110.0,145.0,0.759,128.0,249.0,0.514,40.0,143.0,0.28,1.5,0.8,37.0,2.7,1.2702908,64.0,101.0,64.0,148.0,9.0,11.0,31.1515,3.1515,8.4848,2.8485,0.4545,0.4242,15.0,0.3647959183673469,0.6216216216216215,1.136094674556213,0.2156699999999997,3.782557425876627
P004efe3965,2018,1,59.0,32.0,70.5,22.5,54.2,57.45,7.2,23.2,8.2,17.9,68.0,87.0,0.782,80.0,162.0,0.494,62.0,157.0,0.395,2.6,1.1,27.3,3.4,0.54689997,48.0,93.0,32.0,69.0,5.0,5.0,28.5312,1.75,6.0625,1.0938,0.5312,0.6562,12.9375,0.4921630094043887,0.8409090909090908,0.4338624338624338,0.18625,3.5012773889219577
Pfc813e5d63,2018,0,,33.0,84.5,28.2,49.7,56.74,11.8,15.7,11.6,12.8,193.0,241.0,0.801,178.0,361.0,0.493,29.0,85.0,0.341,4.7,0.8,54.0,2.5,0.76121761,109.0,177.0,69.0,186.0,18.0,18.0,34.303,3.5152,5.0606,1.5455,0.4545,1.4848,19.2727,0.1905829596412556,1.5714285714285714,0.8405797101449275,0.5526800000000002,4.396639118651506
P27d264f43c,2018,1,46.0,36.0,67.3,19.1,48.3,53.05,6.0,13.6,22.5,19.7,77.0,109.0,0.706,80.0,157.0,0.51,21.0,74.0,0.284,3.9,4.1,47.2,3.3,1.95308808,67.0,107.0,13.0,51.0,18.0,22.0,27.0,1.3889,3.3333,3.4722,1.9167,1.0278,8.3333,0.3203463203463203,1.8604651162790695,1.0869565217391304,-0.0274499999999999,3.318539138249446
P1a46c41bff,2018,1,49.0,34.0,72.1,25.1,53.8,57.41,7.3,21.2,10.0,15.1,111.0,152.0,0.73,193.0,352.0,0.548,12.0,40.0,0.3,6.3,1.5,38.8,3.3,0.77939999,122.0,181.0,71.0,172.0,81.0,92.0,30.9706,1.8824,5.5588,1.5588,0.7941,1.7353,15.6765,0.1020408163265306,1.8139534883720931,0.6211180124223602,0.3779099999999999,3.6722196826164777
Paa92a86ff3,2018,1,54.0,22.0,60.6,24.7,55.1,60.6,2.1,13.5,25.9,15.7,94.0,111.0,0.847,67.0,145.0,0.462,56.0,129.0,0.434,2.3,2.4,40.5,1.9,1.92000688,31.0,64.0,36.0,81.0,1.0,2.0,36.3636,0.6364,4.0455,4.3636,1.4091,0.6364,18.0,0.4708029197080292,1.6206896551724137,1.5508982035928145,0.4982,3.9965685439869447
P0ca52587ca,2018,1,47.0,,,,,,,,,,,,,,,,,,,,,,,,,,,,,,,,,,,,,,,,,
P82bbff96e6,2018,1,20.0,24.0,67.9,26.8,47.5,55.04,7.3,13.1,15.6,15.7,133.0,162.0,0.821,95.0,220.0,0.432,38.0,100.0,0.38,2.8,2.9,50.6,3.2,0.9671874,68.0,127.0,27.0,93.0,16.0,17.0,36.375,2.25,4.0,2.4583,1.75,0.9583,18.2083,0.3125,1.357142857142857,0.934131736526946,0.3427199999999999,4.181968914862352
P17f11f33c2,2018,1,14.0,3.0,4.1,33.3,38.3,43.76,9.5,32.5,4.6,10.1,7.0,9.0,0.778,7.0,20.0,0.35,3.0,10.0,0.3,2.0,3.4,30.0,4.5,0.33329999,7.0,13.0,0.0,7.0,0.0,0.0,17.6667,1.3333,5.3333,0.3333,1.0,0.3333,10.0,0.3333333333333333,0.981818181818182,0.4144144144144144,-0.82992,1.7914112023493678
P6ab3598ab0,2018,1,13.0,35.0,89.0,26.3,56.4,60.73,1.6,9.4,19.5,16.5,146.0,176.0,0.83,169.0,317.0,0.533,81.0,198.0,0.409,0.4,1.4,34.2,2.8,1.20831973,98.0,157.0,71.0,161.0,12.0,13.0,36.0,0.5143,3.0857,3.3143,0.8571,0.1429,20.7714,0.3844660194174757,0.4736842105263157,1.1142857142857143,0.6759899999999999,4.296204278036278
Pd064221ae2,2018,1,36.0,,,,,,,,,,,,,,,,,,,,,,,,,,,,,,,,,,,,,,,,,
P4467431c36,2018,1,8.0,33.0,68.6,32.5,49.8,56.66,4.0,9.7,27.8,16.2,196.0,252.0,0.778,152.0,307.0,0.495,44.0,131.0,0.336,0.3,1.6,57.5,3.3,1.29348259,103.0,182.0,49.0,124.0,5.0,8.0,29.9394,1.0303,2.7273,3.6061,0.8485,0.0909,19.1515,0.2990867579908676,0.4418604651162791,1.616279069767442,0.8324999999999996,4.304977022230011
Pf507011aa5,2018,1,26.0,32.0,76.3,21.0,62.2,65.54,1.6,9.7,28.8,17.9,85.0,103.0,0.825,70.0,125.0,0.56,84.0,190.0,0.442,0.7,1.3,32.7,2.4,2.47755269,51.0,77.0,19.0,49.0,6.0,7.0,31.7188,0.4375,2.7812,5.1875,0.7188,0.1875,14.9062,0.6031746031746031,0.5882352941176471,1.523809523809524,0.1554,3.831622491791632
Pf271325d7b,2018,1,24.0,,,,,,,,,,,,,,,,,,,,,,,,,,,,,,,,,,,,,,,,,
P1f3e01b488,2018,1,16.0,37.0,70.5,18.6,58.5,61.51,9.1,11.2,12.1,12.6,91.0,127.0,0.717,135.0,237.0,0.57,18.0,40.0,0.45,4.4,2.4,45.8,2.5,1.52383046,111.0,179.0,25.0,57.0,63.0,70.0,28.4054,2.1351,2.7568,1.7297,1.1622,1.027,11.2162,0.1444043321299639,1.942857142857143,0.8897058823529411,-0.1611399999999997,3.4789056992303653
P688b157768,2018,1,30.0,40.0,69.7,17.9,57.3,58.77,9.9,23.0,4.3,11.4,49.0,70.0,0.7,95.0,186.0,0.511,65.0,150.0,0.433,5.5,1.3,20.8,3.3,0.75,59.0,103.0,36.0,81.0,26.0,35.0,28.125,2.25,5.775,0.75,0.65,1.475,10.85,0.4464285714285714,1.5813953488372092,0.346774193548387,-0.1841700000000002,2.983875913928921
P8eec131338,2018,1,38.0,32.0,79.5,20.7,62.9,65.04,4.0,11.1,15.4,15.2,67.0,85.0,0.788,117.0,185.0,0.632,62.0,149.0,0.416,0.7,3.0,25.4,2.4,1.55931541,85.0,111.0,32.0,74.0,20.0,20.0,31.697,1.0606,3.303,2.7879,1.697,0.2424,15.0606,0.4461077844311377,1.0882352941176472,0.9506172839506174,0.1052799999999999,3.510025669447764
P9106a597f3,2018,1,37.0,37.0,83.8,17.3,52.8,56.65,2.9,10.3,6.8,9.9,85.0,97.0,0.876,80.0,186.0,0.43,97.0,241.0,0.402,0.4,2.0,22.7,2.0,1.3684519,40.0,63.0,40.0,124.0,6.0,6.0,33.7568,0.8378,3.4054,1.4054,1.1622,0.1351,14.4865,0.5644028103044496,0.7999999999999999,0.6238532110091742,-0.1795499999999999,4.016431511315421
Pa5c483aef9,2018,0,,33.0,79.2,23.1,59.3,65.44,1.3,9.1,17.4,15.5,160.0,185.0,0.865,114.0,185.0,0.616,70.0,184.0,0.38,1.1,1.1,50.1,2.0,1.55071979,82.0,107.0,32.0,77.0,14.0,15.0,34.0606,0.3333,2.697,3.2424,0.6364,0.3333,18.1212,0.4986449864498645,0.7333333333333334,1.0545454545454545,0.4786400000000001,4.52027087276192
P3e065b4b4e,2018,1,41.0,14.0,16.0,22.9,42.6,47.65,23.2,27.9,10.7,15.7,24.0,38.0,0.632,29.0,67.0,0.433,0.0,1.0,0.0,5.3,1.4,55.9,6.2,0.93335818,23.0,43.0,6.0,23.0,8.0,8.0,17.0,3.2857,4.5714,1.0,0.4286,0.7857,5.8571,0.0147058823529411,0.9305555555555556,0.6407185628742514,-0.06815,2.3153709603539365
P5da3d9ffcd,2018,1,25.0,38.0,65.5,24.6,60.3,61.76,6.5,25.0,6.7,13.1,74.0,106.0,0.698,150.0,245.0,0.612,62.0,158.0,0.392,2.0,2.2,26.3,4.5,0.58931681,126.0,174.0,24.0,72.0,23.0,23.0,27.641,1.4615,5.6667,0.8462,0.9744,0.5128,14.6154,0.3920595533498759,0.7636363636363637,0.475177304964539,0.5409600000000001,3.26163452645441
P5e4a09f56c,2018,1,18.0,32.0,68.8,21.1,50.3,52.74,1.7,9.2,13.0,11.6,48.0,65.0,0.738,76.0,156.0,0.487,56.0,162.0,0.346,1.8,2.0,20.4,2.3,1.64867667,59.0,100.0,17.0,56.0,12.0,13.0,27.75,0.4062,2.1875,1.9062,0.9375,0.4688,11.5,0.5094339622641509,1.1515151515151516,1.031746031746032,0.03014,3.0919651996155015
P67e5a8f825,2018,0,,32.0,85.7,19.5,54.4,56.65,9.7,21.5,18.1,16.5,66.0,96.0,0.688,110.0,211.0,0.521,45.0,115.0,0.391,1.4,2.8,29.4,2.8,1.90773933,76.0,121.0,34.0,87.0,14.0,19.0,36.0312,2.7812,6.5,3.875,1.75,0.4688,13.1562,0.352760736196319,1.1052631578947367,1.0342857142857145,-0.0332499999999999,3.147401153210327
Pd4282e2cb6,2018,1,5.0,32.0,87.5,38.4,51.9,58.62,1.3,9.9,48.3,20.0,236.0,274.0,0.861,143.0,290.0,0.493,118.0,327.0,0.361,0.7,2.5,44.4,2.0,1.65865722,105.0,201.0,38.0,89.0,0.0,0.0,35.4062,0.4375,3.4688,8.6562,1.6875,0.25,27.375,0.5299837925445705,1.0666666666666669,2.3,1.5860799999999995,4.836039915090918
P55d017c927,2018,1,1.0,35.0,82.5,26.2,62.5,64.98,13.5,28.2,10.2,13.1,140.0,191.0,0.733,264.0,416.0,0.635,12.0,35.0,0.343,6.1,1.0,42.4,2.8,0.82611341,185.0,229.0,79.0,187.0,87.0,89.0,33.4857,3.3714,8.2,1.6286,0.5714,1.8857,20.1143,0.0776053215077605,1.868421052631579,0.7234042553191489,0.92876,3.853744107696364
Pcaa6f4e965,2018,1,3.0,,,,,,,,,,,,,,,,,,,,,,,,,,,,,,,,,,,,,,,,,
P64a44986ea,2018,0,,37.0,74.1,20.1,49.5,56.26,5.4,17.6,27.2,22.5,108.0,132.0,0.818,118.0,222.0,0.532,12.0,53.0,0.226,2.0,2.0,48.0,3.1,2.1011474,96.0,148.0,22.0,73.0,15.0,17.0,29.7297,1.4865,5.0,5.0541,1.0811,0.5405,10.2703,0.1927272727272727,0.9756097560975612,1.1574468085106382,0.00626,4.0003055868853945
P3e655a07ed,2018,1,56.0,36.0,68.2,23.5,55.0,56.76,13.3,20.9,9.6,15.1,73.0,114.0,0.64,178.0,318.0,0.56,5.0,19.0,0.263,6.3,3.1,33.8,4.3,0.75413126,123.0,183.0,55.0,134.0,44.0,50.0,27.6389,3.1389,5.5278,1.2778,1.5,1.7222,12.3333,0.0563798219584569,1.7735849056603774,0.5962732919254657,0.2365999999999999,3.03675656215248
P2b78ea748d,2018,0,,20.0,45.9,28.5,52.2,55.87,8.4,26.8,7.0,10.4,77.0,103.0,0.748,133.0,244.0,0.545,16.0,57.0,0.281,7.3,3.2,34.2,2.1,0.5937787,60.0,85.0,73.0,159.0,4.0,4.0,32.381,2.2857,7.8095,0.9048,1.6667,2.2381,19.7143,0.1893687707641196,3.3870967741935485,0.6140350877192983,0.4989499999999998,3.474004392557746
Peef8948765,2018,1,52.0,35.0,74.5,24.1,54.4,58.74,8.4,18.6,17.1,15.6,100.0,120.0,0.833,129.0,250.0,0.516,51.0,128.0,0.398,2.0,1.0,31.7,2.2,1.42250814,89.0,135.0,40.0,115.0,10.0,11.0,31.6,2.0286,5.3714,2.8857,0.5143,0.6,14.6,0.3386243386243386,0.9375,1.0301204819277108,0.3583400000000001,3.9948935244820856
P8c5417b762,2018,0,,19.0,42.9,20.3,63.2,65.37,6.1,18.4,15.9,14.9,39.0,50.0,0.78,76.0,120.0,0.633,26.0,62.0,0.419,3.1,1.5,27.5,2.5,1.45158131,66.0,87.0,10.0,33.0,27.0,28.0,31.8421,1.5789,5.3158,2.3684,0.7895,0.8947,14.1579,0.3406593406593406,1.3142857142857145,1.0,0.0461100000000001,3.066823993524974
P8926a62cc8,2018,1,27.0,30.0,54.9,19.3,63.2,61.4,10.2,26.8,10.8,19.6,33.0,70.0,0.471,139.0,208.0,0.668,0.0,12.0,0.0,10.0,1.8,31.8,3.4,0.82691977,109.0,131.0,30.0,77.0,68.0,71.0,25.6333,2.3667,6.8667,1.4333,0.8,2.5,10.3667,0.0545454545454545,2.6818181818181817,0.5242718446601942,-0.0797999999999999,2.0077222220864597
P61add2364f,2018,1,29.0,,,,,,,,,,,,,,,,,,,,,,,,,,,,,,,,,,,,,,,,,
Pf5ec6d144b,2018,1,31.0,,,,,,,,,,,,,,,,,,,,,,,,,,,,,,,,,,,,,,,,,
Pb779a9fa56,2018,0,,34.0,77.1,23.5,51.1,55.42,2.3,14.3,16.5,16.8,103.0,131.0,0.786,128.0,254.0,0.504,50.0,143.0,0.35,1.0,1.1,33.0,1.7,1.2207798,70.0,110.0,58.0,145.0,11.0,14.0,33.1176,0.6471,4.5294,2.7647,0.6176,0.3235,14.9706,0.3602015113350126,0.7777777777777778,0.9269662921348314,0.1897,3.837882311152887
P379ec45447,2018,1,40.0,,,,,,,,,,,,,,,,,,,,,,,,,,,,,,,,,,,,,,,,,
Pefc5241948,2018,1,39.0,,,,,,,,,,,,,,,,,,,,,,,,,,,,,,,,,,,,,,,,,
P5ff9cbca0f,2018,1,55.0,,,,,,,,,,,,,,,,,,,,,,,,,,,,,,,,,,,,,,,,,
P88accb87c9,2018,0,,35.0,72.7,23.6,59.5,60.61,13.3,18.7,8.7,16.3,101.0,162.0,0.623,199.0,327.0,0.609,7.0,25.0,0.28,4.8,0.7,46.0,3.5,0.62854999,156.0,220.0,43.0,107.0,25.0,29.0,29.0857,3.5143,5.4286,1.2571,0.3429,1.3714,14.8571,0.0710227272727272,1.2222222222222223,0.5028901734104045,0.3819600000000001,3.173406375102613
P86827217ed,2018,0,,29.0,75.1,21.4,58.4,64.03,8.5,20.0,10.2,17.7,113.0,131.0,0.863,103.0,196.0,0.526,47.0,101.0,0.465,2.2,1.2,44.1,3.0,0.73016019,52.0,81.0,51.0,115.0,2.0,3.0,31.9655,2.3103,5.7586,1.5862,0.6897,0.6552,15.8621,0.3400673400673401,0.8500000000000001,0.5454545454545454,0.1964199999999998,4.213858059192038
Pef380f9642,2018,0,,27.0,38.4,19.3,57.1,59.74,4.3,11.9,7.8,15.9,40.0,57.0,0.702,42.0,67.0,0.627,28.0,80.0,0.35,0.5,2.4,38.8,3.5,0.81480002,33.0,48.0,9.0,20.0,13.0,14.0,18.8519,0.6667,1.9259,0.8148,0.7778,0.0741,7.7037,0.54421768707483,0.6444444444444444,0.4615384615384615,-0.0681799999999999,2.850430993403586
Pf2fe8710f7,2018,0,,36.0,71.2,20.8,57.1,61.21,12.1,22.2,14.8,10.2,117.0,158.0,0.741,133.0,242.0,0.55,27.0,62.0,0.435,5.0,3.0,52.0,2.9,2.11109996,98.0,152.0,35.0,90.0,28.0,29.0,28.4722,2.9722,5.7222,2.1111,1.4167,1.2222,12.8889,0.2039473684210526,2.0512820512820515,1.3214285714285716,0.08968,3.756058013845192
P61e8cd7d80,2018,0,,34.0,76.6,25.3,50.5,52.75,14.7,28.0,16.9,17.9,90.0,147.0,0.612,187.0,368.0,0.508,0.0,2.0,0.0,2.3,1.4,39.7,2.9,1.10587997,117.0,191.0,70.0,177.0,10.0,12.0,30.8529,4.0294,7.7941,2.7647,0.7647,0.6765,13.6471,0.0054054054054054,0.9487179487179488,0.8941798941798942,0.14575,3.0582939115436383
Pb5f59c2405,2018,1,58.0,33.0,81.2,17.4,55.2,57.67,9.1,25.8,7.8,9.9,48.0,58.0,0.828,117.0,222.0,0.527,45.0,112.0,0.402,2.8,1.1,17.4,2.9,1.35290693,40.0,61.0,77.0,161.0,10.0,10.0,33.2121,2.6364,8.2121,1.3939,0.6667,0.8788,12.6364,0.3353293413173652,1.0,0.7155963302752293,-0.1994200000000001,3.376201003553936
Pc317d28310,2018,0,,34.0,71.4,20.8,55.9,60.6,5.5,11.6,17.2,17.9,96.0,117.0,0.821,97.0,175.0,0.554,49.0,130.0,0.377,1.4,2.7,38.4,3.0,1.45589995,80.0,127.0,17.0,48.0,4.0,7.0,29.7059,1.3235,3.1471,2.9118,1.4412,0.3824,12.8529,0.4262295081967213,1.025,0.91005291005291,0.0848000000000001,3.9167320766863103
P87c0df2ff6,2018,0,,34.0,82.4,23.9,51.1,55.7,3.1,9.7,13.4,12.6,115.0,140.0,0.821,116.0,266.0,0.436,75.0,181.0,0.414,0.7,2.6,31.3,2.8,1.35590394,74.0,133.0,42.0,134.0,8.0,11.0,33.2059,0.9412,2.5588,2.3529,1.4706,0.2059,16.8235,0.4049217002237136,0.868421052631579,0.9852941176470588,0.2223,4.062931870000476
Pda6183deac,2018,0,,35.0,72.6,27.2,50.3,52.64,4.4,18.6,11.4,16.1,79.0,117.0,0.675,161.0,333.0,0.483,42.0,112.0,0.375,4.8,3.3,26.3,4.1,0.7749923,84.0,131.0,77.0,203.0,16.0,21.0,29.5429,1.1429,5.0857,1.7714,1.7143,1.4,15.0571,0.251685393258427,1.5882352941176472,0.6666666666666666,0.19008,3.220212121514324
P4c0563638d,2018,0,,40.0,63.8,15.8,57.9,61.57,2.2,9.5,7.4,9.3,57.0,64.0,0.891,43.0,72.0,0.597,74.0,194.0,0.381,1.7,1.6,24.1,3.8,1.75992132,33.0,49.0,10.0,23.0,3.0,3.0,25.8293,0.4634,1.9756,1.0732,0.6585,0.3902,9.2439,0.7293233082706767,0.6875,0.7184466019417476,-0.4859399999999999,3.719379057477013
Pdd2dc8d5b8,2018,0,,35.0,76.5,24.1,55.7,62.1,1.4,9.2,23.2,13.5,154.0,176.0,0.875,89.0,187.0,0.476,85.0,202.0,0.421,0.2,1.9,45.2,2.3,2.19050003,59.0,105.0,30.0,82.0,5.0,5.0,30.9143,0.3714,2.5143,3.9429,1.0286,0.0571,16.7714,0.519280205655527,0.6363636363636365,1.6,0.4961000000000002,4.5291310160021006
Pfa8477edf9,2018,0,,33.0,91.4,22.1,50.0,53.96,4.2,15.7,9.2,11.5,96.0,119.0,0.807,137.0,288.0,0.476,56.0,154.0,0.364,4.7,1.3,26.9,1.7,1.01960524,61.0,103.0,76.0,186.0,22.0,23.0,36.5758,1.2727,4.7879,1.5758,0.7879,1.6364,16.303,0.3484162895927601,2.222222222222222,0.736,0.08316,3.8635058364251114
Pdda77ad869,2018,0,,37.0,71.9,23.9,57.4,57.32,9.7,22.7,9.6,17.8,94.0,174.0,0.54,189.0,315.0,0.6,8.0,35.0,0.229,4.0,1.4,49.7,3.6,0.73748959,134.0,193.0,55.0,122.0,50.0,50.0,29.1622,2.3514,6.1081,1.5946,0.7297,1.0811,13.4054,0.1,1.173913043478261,0.5106382978723404,0.2854799999999999,2.7889844259186978
P4e98315e7d,2018,0,,32.0,87.4,26.9,45.9,55.59,1.9,13.4,19.4,11.4,204.0,238.0,0.857,102.0,239.0,0.427,56.0,166.0,0.337,0.4,1.5,58.8,2.6,2.06776938,52.0,99.0,43.0,124.0,0.0,0.0,35.3529,0.6471,4.0,3.5882,0.8529,0.1176,17.9706,0.4098765432098765,0.5277777777777778,1.564516129032258,0.3857100000000001,4.693329264005305
P8fc9787b05,2018,0,,,,,,,,,,,,,,,,,,,,,,,,,,,,,,,,,,,,,,,,,,
Pefe5f00afd,2018,0,,,,,,,,,,,,,,,,,,,,,,,,,,,,,,,,,,,,,,,,,,
P4098a4e5cd,2018,0,,,,,,,,,,,,,,,,,,,,,,,,,,,,,,,,,,,,,,,,,,
Pde1bad3875,2018,0,,31.0,78.5,27.8,53.0,57.47,3.8,14.1,11.1,13.9,132.0,169.0,0.781,117.0,231.0,0.506,80.0,216.0,0.37,0.5,1.8,37.8,2.6,0.80001884,81.0,130.0,30.0,90.0,3.0,3.0,31.3636,1.1212,3.9394,1.697,1.0606,0.1212,20.0,0.4832214765100671,0.6388888888888888,0.7449664429530201,0.58266,4.011058579336255
P8843180e2e,2018,0,,31.0,82.1,28.1,51.9,56.14,4.3,14.1,24.4,16.5,133.0,179.0,0.743,169.0,302.0,0.56,41.0,142.0,0.289,0.3,2.2,40.3,1.8,1.63634181,128.0,193.0,36.0,100.0,8.0,8.0,33.4118,1.1176,4.4118,4.7647,1.3235,0.1176,18.5882,0.3198198198198198,0.8928571428571429,1.394285714285714,0.4973400000000001,3.8583669402114262
Pf9200340d9,2018,0,,27.0,72.2,29.4,50.0,55.67,6.9,20.9,4.8,14.2,126.0,145.0,0.869,147.0,304.0,0.484,47.0,131.0,0.359,2.1,2.1,33.3,2.4,0.27941234,70.0,107.0,75.0,188.0,27.0,28.0,35.1852,2.1111,6.2222,0.7037,1.2963,0.7037,20.7778,0.3011494252873563,1.2352941176470589,0.3157894736842105,0.5329800000000001,4.330754154264544
Pb10189ae74,2018,0,,34.0,79.3,21.0,47.9,52.57,1.8,13.8,35.9,15.5,76.0,94.0,0.809,93.0,204.0,0.456,38.0,109.0,0.349,0.4,3.5,30.0,2.7,3.39345629,71.0,135.0,22.0,68.0,0.0,0.0,32.0588,0.5294,3.8529,6.0882,1.9118,0.1176,11.0588,0.3482428115015974,1.054054054054054,2.175757575757576,0.0257,3.684086405304838
P82f3368572,2018,0,,31.0,69.2,24.5,50.3,50.79,14.1,37.3,19.4,20.6,35.0,67.0,0.522,145.0,259.0,0.56,3.0,38.0,0.079,2.0,2.1,22.6,3.4,1.30859634,107.0,164.0,33.0,89.0,14.0,15.0,27.7059,3.7353,9.4706,3.1176,1.0588,0.5588,11.0882,0.1279461279461279,0.9318181818181815,0.898148148148148,0.0355499999999999,2.202583022101928
P4294404a76,2018,0,,32.0,77.2,19.1,62.4,64.6,7.3,18.7,7.3,17.2,94.0,134.0,0.701,164.0,263.0,0.624,0.0,0.0,0.0,6.4,0.9,51.0,3.5,0.62502854,122.0,170.0,42.0,93.0,69.0,76.0,31.3438,1.8438,4.9688,1.0938,0.4688,1.7188,13.1875,0.0,1.6222222222222225,0.4010989010989011,-0.1313999999999997,3.438597619685339
P8c68a86e22,2018,0,,31.0,89.4,21.6,48.1,50.52,3.7,16.2,12.5,11.1,64.0,91.0,0.703,110.0,246.0,0.447,61.0,173.0,0.353,1.7,1.2,21.7,2.8,1.44680428,50.0,91.0,60.0,156.0,5.0,7.0,36.0323,1.1613,5.1613,2.1935,0.7742,0.5806,15.0645,0.4128878281622912,0.7631578947368421,1.0330578512396695,0.00832,3.178817369665475
P5c0dd77b3d,2018,0,,,,,,,,,,,,,,,,,,,,,,,,,,,,,,,,,,,,,,,,,,
P9ce3123e64,2018,0,,38.0,20.7,18.1,51.1,52.57,17.6,18.5,4.8,15.0,15.0,25.0,0.6,45.0,88.0,0.511,0.0,0.0,0.0,5.7,1.4,28.4,7.4,0.56233675,27.0,39.0,18.0,47.0,5.0,6.0,8.2895,1.3421,1.4474,0.2368,0.2105,0.4737,2.7632,0.0,0.8452380952380951,0.3,-0.0488299999999999,1.9548579228128893
P7f30d796bb,2018,0,,,,,,,,,,,,,,,,,,,,,,,,,,,,,,,,,,,,,,,,,,
P666726f41f,2001,0,,,,,,,,,,,,,,,,,,,,,,,,,,,,,,,,,,,,,,,,,,
P2864fd765b,2000,0,,,,,,,,,,,,,,,,,,,,,,,,,,,,,,,,,,,,,,,,,,
P530a84e49c,2000,0,,,,,,,,,,,,,,,,,,,,,,,,,,,,,,,,,,,,,,,,,,
P3cfed129a3,2000,0,,,,,,,,,,,,,,,,,,,,,,,,,,,,,,,,,,,,,,,,,,
P8105ba296c,2000,0,,,,,,,,,,,,,,,,,,,,,,,,,,,,,,,,,,,,,,,,,,
Pc86b9a08db,2007,0,,,,,,,,,,,,,,,,,,,,,,,,,,,,,,,,,,,,,,,,,,
Pff1fab2e32,2006,1,1.0,,,,,,,,,,,,,,,,,,,,,,,,,,,,,,,,,,,,,,,,,
P27f732ca1a,2006,1,2.0,,,,,,,,,,,,,,,,,,,,,,,,,,,,,,,,,,,,,,,,,
P49164b4255,2006,1,3.0,,,,,,,,,,,,,,,,,,,,,,,,,,,,,,,,,,,,,,,,,
Pf919ba1bb3,2006,1,7.0,,,,,,,,,,,,,,,,,,,,,,,,,,,,,,,,,,,,,,,,,
P4634e39421,2006,1,8.0,,,,,,,,,,,,,,,,,,,,,,,,,,,,,,,,,,,,,,,,,
P4b8155700b,2006,1,9.0,,,,,,,,,,,,,,,,,,,,,,,,,,,,,,,,,,,,,,,,,
P14d000eef5,2006,1,11.0,,,,,,,,,,,,,,,,,,,,,,,,,,,,,,,,,,,,,,,,,
P4dc7399d2c,2006,1,12.0,,,,,,,,,,,,,,,,,,,,,,,,,,,,,,,,,,,,,,,,,
P40fd812f54,2006,1,13.0,,,,,,,,,,,,,,,,,,,,,,,,,,,,,,,,,,,,,,,,,
P058ee51b71,2006,1,14.0,,,,,,,,,,,,,,,,,,,,,,,,,,,,,,,,,,,,,,,,,
P54e5c21a96,2006,1,15.0,,,,,,,,,,,,,,,,,,,,,,,,,,,,,,,,,,,,,,,,,
Pd47bfc21b1,2006,1,17.0,,,,,,,,,,,,,,,,,,,,,,,,,,,,,,,,,,,,,,,,,
Pe056071397,2006,1,18.0,,,,,,,,,,,,,,,,,,,,,,,,,,,,,,,,,,,,,,,,,
P74ff916074,2006,1,20.0,,,,,,,,,,,,,,,,,,,,,,,,,,,,,,,,,,,,,,,,,
P8b41334856,2006,1,21.0,,,,,,,,,,,,,,,,,,,,,,,,,,,,,,,,,,,,,,,,,
P842513fba1,2006,1,23.0,,,,,,,,,,,,,,,,,,,,,,,,,,,,,,,,,,,,,,,,,
P574724b2cd,2006,1,24.0,,,,,,,,,,,,,,,,,,,,,,,,,,,,,,,,,,,,,,,,,
P570dcb4282,2006,1,25.0,,,,,,,,,,,,,,,,,,,,,,,,,,,,,,,,,,,,,,,,,
P6f3dd59527,2006,1,26.0,,,,,,,,,,,,,,,,,,,,,,,,,,,,,,,,,,,,,,,,,
P20a1183fcf,2006,1,27.0,,,,,,,,,,,,,,,,,,,,,,,,,,,,,,,,,,,,,,,,,
Pdb7c6b10a9,2006,1,28.0,,,,,,,,,,,,,,,,,,,,,,,,,,,,,,,,,,,,,,,,,
P1bf2734620,2006,1,29.0,,,,,,,,,,,,,,,,,,,,,,,,,,,,,,,,,,,,,,,,,
P51a666d7f5,2006,1,31.0,,,,,,,,,,,,,,,,,,,,,,,,,,,,,,,,,,,,,,,,,
P7781579610,2006,1,32.0,,,,,,,,,,,,,,,,,,,,,,,,,,,,,,,,,,,,,,,,,
Pad940d555c,2006,1,33.0,,,,,,,,,,,,,,,,,,,,,,,,,,,,,,,,,,,,,,,,,
Pce8689cb8f,2006,1,34.0,,,,,,,,,,,,,,,,,,,,,,,,,,,,,,,,,,,,,,,,,
P641f1ca8a3,2006,1,35.0,,,,,,,,,,,,,,,,,,,,,,,,,,,,,,,,,,,,,,,,,
Pa760c9001c,2006,1,38.0,,,,,,,,,,,,,,,,,,,,,,,,,,,,,,,,,,,,,,,,,
P6565076e45,2006,1,39.0,,,,,,,,,,,,,,,,,,,,,,,,,,,,,,,,,,,,,,,,,
P2650c293bf,2006,1,41.0,,,,,,,,,,,,,,,,,,,,,,,,,,,,,,,,,,,,,,,,,
P9a20aba619,2006,1,42.0,,,,,,,,,,,,,,,,,,,,,,,,,,,,,,,,,,,,,,,,,
Peed487fb04,2006,1,43.0,,,,,,,,,,,,,,,,,,,,,,,,,,,,,,,,,,,,,,,,,
Pa24efaf8fd,2006,1,45.0,,,,,,,,,,,,,,,,,,,,,,,,,,,,,,,,,,,,,,,,,
P117ae491b1,2006,1,47.0,,,,,,,,,,,,,,,,,,,,,,,,,,,,,,,,,,,,,,,,,
Pec84345bbc,2006,1,49.0,,,,,,,,,,,,,,,,,,,,,,,,,,,,,,,,,,,,,,,,,
P4bb660105c,2006,1,50.0,,,,,,,,,,,,,,,,,,,,,,,,,,,,,,,,,,,,,,,,,
P09caf918fb,2006,1,51.0,,,,,,,,,,,,,,,,,,,,,,,,,,,,,,,,,,,,,,,,,
P20979c9b9c,2006,1,52.0,,,,,,,,,,,,,,,,,,,,,,,,,,,,,,,,,,,,,,,,,
Pac436e0a75,2006,1,54.0,,,,,,,,,,,,,,,,,,,,,,,,,,,,,,,,,,,,,,,,,
Pc858ff68e6,2006,1,59.0,,,,,,,,,,,,,,,,,,,,,,,,,,,,,,,,,,,,,,,,,
P552922b6fa,2006,1,60.0,,,,,,,,,,,,,,,,,,,,,,,,,,,,,,,,,,,,,,,,,
P633e796e6a,2006,0,,,,,,,,,,,,,,,,,,,,,,,,,,,,,,,,,,,,,,,,,,
Pf037b649bc,2006,0,,,,,,,,,,,,,,,,,,,,,,,,,,,,,,,,,,,,,,,,,,
P5551ba72f6,2006,0,,,,,,,,,,,,,,,,,,,,,,,,,,,,,,,,,,,,,,,,,,
Pcbdc976fea,2006,0,,,,,,,,,,,,,,,,,,,,,,,,,,,,,,,,,,,,,,,,,,
P40d4a587d5,2006,0,,,,,,,,,,,,,,,,,,,,,,,,,,,,,,,,,,,,,,,,,,
P29710a392c,2010,0,,,,,,,,,,,,,,,,,,,,,,,,,,,,,,,,,,,,,,,,,,
Pd1e1adb03d,2006,0,,,,,,,,,,,,,,,,,,,,,,,,,,,,,,,,,,,,,,,,,,
P3bad279cb0,2006,0,,,,,,,,,,,,,,,,,,,,,,,,,,,,,,,,,,,,,,,,,,
P4c433fbf72,2006,0,,,,,,,,,,,,,,,,,,,,,,,,,,,,,,,,,,,,,,,,,,
P09e349620c,2006,0,,,,,,,,,,,,,,,,,,,,,,,,,,,,,,,,,,,,,,,,,,
P49a2cdbcb5,2007,0,,,,,,,,,,,,,,,,,,,,,,,,,,,,,,,,,,,,,,,,,,
P2611750e05,2006,0,,,,,,,,,,,,,,,,,,,,,,,,,,,,,,,,,,,,,,,,,,
Pa0908fe6ff,2006,0,,,,,,,,,,,,,,,,,,,,,,,,,,,,,,,,,,,,,,,,,,
Pe77ed0b343,2006,0,,,,,,,,,,,,,,,,,,,,,,,,,,,,,,,,,,,,,,,,,,
Pb87d740adf,2006,0,,,,,,,,,,,,,,,,,,,,,,,,,,,,,,,,,,,,,,,,,,
Pd5893ad4c2,2007,0,,,,,,,,,,,,,,,,,,,,,,,,,,,,,,,,,,,,,,,,,,
P3765a7e186,2006,0,,,,,,,,,,,,,,,,,,,,,,,,,,,,,,,,,,,,,,,,,,
P2815fbec81,2006,0,,,,,,,,,,,,,,,,,,,,,,,,,,,,,,,,,,,,,,,,,,
Pe047befac5,2006,0,,,,,,,,,,,,,,,,,,,,,,,,,,,,,,,,,,,,,,,,,,
P5fde6f13a3,2006,0,,,,,,,,,,,,,,,,,,,,,,,,,,,,,,,,,,,,,,,,,,
Pc90f94ed67,2008,0,,,,,,,,,,,,,,,,,,,,,,,,,,,,,,,,,,,,,,,,,,
P05a3993fb1,2006,0,,,,,,,,,,,,,,,,,,,,,,,,,,,,,,,,,,,,,,,,,,
P71e6d4319f,2007,0,,,,,,,,,,,,,,,,,,,,,,,,,,,,,,,,,,,,,,,,,,
Pd12b8cef29,2006,0,,,,,,,,,,,,,,,,,,,,,,,,,,,,,,,,,,,,,,,,,,
P5713a8b541,2007,1,2.0,,,,,,,,,,,,,,,,,,,,,,,,,,,,,,,,,,,,,,,,,
Pba0c961d37,2007,1,3.0,,,,,,,,,,,,,,,,,,,,,,,,,,,,,,,,,,,,,,,,,
Pbcd324b348,2007,1,4.0,,,,,,,,,,,,,,,,,,,,,,,,,,,,,,,,,,,,,,,,,
Pea4d2012e7,2007,1,5.0,,,,,,,,,,,,,,,,,,,,,,,,,,,,,,,,,,,,,,,,,
P23d9f5804f,2007,1,6.0,,,,,,,,,,,,,,,,,,,,,,,,,,,,,,,,,,,,,,,,,
P4a79922b86,2007,1,7.0,,,,,,,,,,,,,,,,,,,,,,,,,,,,,,,,,,,,,,,,,
Pd35ff5934d,2007,1,8.0,,,,,,,,,,,,,,,,,,,,,,,,,,,,,,,,,,,,,,,,,
Pad16010a79,2007,1,9.0,,,,,,,,,,,,,,,,,,,,,,,,,,,,,,,,,,,,,,,,,
P49b077589e,2007,1,11.0,,,,,,,,,,,,,,,,,,,,,,,,,,,,,,,,,,,,,,,,,
P8bc7e2260e,2007,1,12.0,,,,,,,,,,,,,,,,,,,,,,,,,,,,,,,,,,,,,,,,,
P25a045baff,2007,1,13.0,,,,,,,,,,,,,,,,,,,,,,,,,,,,,,,,,,,,,,,,,
Pd84423f7e2,2007,1,14.0,,,,,,,,,,,,,,,,,,,,,,,,,,,,,,,,,,,,,,,,,
P243742fc34,2007,1,15.0,,,,,,,,,,,,,,,,,,,,,,,,,,,,,,,,,,,,,,,,,
Pdd125f24cc,2007,1,16.0,,,,,,,,,,,,,,,,,,,,,,,,,,,,,,,,,,,,,,,,,
P61624e71c6,2007,1,17.0,,,,,,,,,,,,,,,,,,,,,,,,,,,,,,,,,,,,,,,,,
Pc544b8efa0,2007,1,18.0,,,,,,,,,,,,,,,,,,,,,,,,,,,,,,,,,,,,,,,,,
P2f5200d27c,2007,1,19.0,,,,,,,,,,,,,,,,,,,,,,,,,,,,,,,,,,,,,,,,,
Pd6f3aa739f,2007,1,20.0,,,,,,,,,,,,,,,,,,,,,,,,,,,,,,,,,,,,,,,,,
P41fad117db,2007,1,22.0,,,,,,,,,,,,,,,,,,,,,,,,,,,,,,,,,,,,,,,,,
P42adf8ab25,2007,1,24.0,,,,,,,,,,,,,,,,,,,,,,,,,,,,,,,,,,,,,,,,,
Pd9ad951135,2007,1,25.0,,,,,,,,,,,,,,,,,,,,,,,,,,,,,,,,,,,,,,,,,
P168e9ad8d4,2007,1,26.0,,,,,,,,,,,,,,,,,,,,,,,,,,,,,,,,,,,,,,,,,
P1311f2955b,2007,1,27.0,,,,,,,,,,,,,,,,,,,,,,,,,,,,,,,,,,,,,,,,,
P6950e00d3b,2007,1,28.0,,,,,,,,,,,,,,,,,,,,,,,,,,,,,,,,,,,,,,,,,
P6a22b03d03,2007,1,29.0,,,,,,,,,,,,,,,,,,,,,,,,,,,,,,,,,,,,,,,,,
P56d107e80a,2007,1,31.0,,,,,,,,,,,,,,,,,,,,,,,,,,,,,,,,,,,,,,,,,
P971be31864,2007,1,32.0,,,,,,,,,,,,,,,,,,,,,,,,,,,,,,,,,,,,,,,,,
P7703cc27be,2007,1,34.0,,,,,,,,,,,,,,,,,,,,,,,,,,,,,,,,,,,,,,,,,
P6525188e53,2007,1,35.0,,,,,,,,,,,,,,,,,,,,,,,,,,,,,,,,,,,,,,,,,
Pf6d18cb839,2007,1,36.0,,,,,,,,,,,,,,,,,,,,,,,,,,,,,,,,,,,,,,,,,
P67d2056db6,2007,1,37.0,,,,,,,,,,,,,,,,,,,,,,,,,,,,,,,,,,,,,,,,,
P8e68185705,2007,1,38.0,,,,,,,,,,,,,,,,,,,,,,,,,,,,,,,,,,,,,,,,,
Pb380360b47,2007,1,41.0,,,,,,,,,,,,,,,,,,,,,,,,,,,,,,,,,,,,,,,,,
Pcd53db286a,2007,1,42.0,,,,,,,,,,,,,,,,,,,,,,,,,,,,,,,,,,,,,,,,,
Pcfbeb8a341,2007,1,46.0,,,,,,,,,,,,,,,,,,,,,,,,,,,,,,,,,,,,,,,,,
P0f110bb83f,2007,1,47.0,,,,,,,,,,,,,,,,,,,,,,,,,,,,,,,,,,,,,,,,,
P93e1b535ab,2007,1,48.0,,,,,,,,,,,,,,,,,,,,,,,,,,,,,,,,,,,,,,,,,
Pd1415c96b7,2007,1,49.0,,,,,,,,,,,,,,,,,,,,,,,,,,,,,,,,,,,,,,,,,
Pf5e2b9f7f1,2007,1,52.0,,,,,,,,,,,,,,,,,,,,,,,,,,,,,,,,,,,,,,,,,
Pac5bd0e496,2007,1,53.0,,,,,,,,,,,,,,,,,,,,,,,,,,,,,,,,,,,,,,,,,
P544e2d56ac,2007,1,56.0,,,,,,,,,,,,,,,,,,,,,,,,,,,,,,,,,,,,,,,,,
Pa610141ccc,2007,1,59.0,,,,,,,,,,,,,,,,,,,,,,,,,,,,,,,,,,,,,,,,,
P586a0d2a81,2007,0,,,,,,,,,,,,,,,,,,,,,,,,,,,,,,,,,,,,,,,,,,
P220e9380db,2010,0,,,,,,,,,,,,,,,,,,,,,,,,,,,,,,,,,,,,,,,,,,
P02f9f17423,2007,0,,,,,,,,,,,,,,,,,,,,,,,,,,,,,,,,,,,,,,,,,,
P9bd8ef5672,2007,0,,,,,,,,,,,,,,,,,,,,,,,,,,,,,,,,,,,,,,,,,,
P801bf131e6,2007,0,,,,,,,,,,,,,,,,,,,,,,,,,,,,,,,,,,,,,,,,,,
Pc9bef9c2e0,2008,0,,,,,,,,,,,,,,,,,,,,,,,,,,,,,,,,,,,,,,,,,,
Pd175d5631f,2007,0,,,,,,,,,,,,,,,,,,,,,,,,,,,,,,,,,,,,,,,,,,
Pc47bd1a1ea,2007,0,,,,,,,,,,,,,,,,,,,,,,,,,,,,,,,,,,,,,,,,,,
Pa5107e2b9c,2007,0,,,,,,,,,,,,,,,,,,,,,,,,,,,,,,,,,,,,,,,,,,
Pa2b1e0c1b9,2011,0,,23.0,20.5,22.0,21.2,30.29,2.8,12.3,13.5,21.8,27.0,40.0,0.675,12.0,56.0,0.214,4.0,29.0,0.138,1.7,4.2,47.1,2.9,0.772713,10.0,22.0,2.0,34.0,0.0,0.0,11.8696,0.3043,1.2174,0.7391,0.8261,0.1739,2.7391,0.3411764705882353,1.512820512820513,0.5921052631578947,-0.3942,2.506661145025408
P10d6b2ba68,2017,0,,,,,,,,,,,,,,,,,,,,,,,,,,,,,,,,,,,,,,,,,,
P16bad3a52e,2011,0,,,,,,,,,,,,,,,,,,,,,,,,,,,,,,,,,,,,,,,,,,
P4f54eef176,2011,0,,,,,,,,,,,,,,,,,,,,,,,,,,,,,,,,,,,,,,,,,,
Pda7f31dba8,2007,0,,,,,,,,,,,,,,,,,,,,,,,,,,,,,,,,,,,,,,,,,,
Pb047bb4747,2008,1,55.0,,,,,,,,,,,,,,,,,,,,,,,,,,,,,,,,,,,,,,,,,
P722aa856f7,2008,1,2.0,32.0,78.4,33.3,56.0,60.83,13.0,30.0,8.7,15.3,211.0,272.0,0.776,260.0,466.0,0.558,35.0,92.0,0.38,5.6,2.3,48.7,3.2,0.39999306,,,,,,,31.5152,3.9697,8.3939,1.1515,1.2727,1.6364,26.2424,0.1648745519713261,1.8809523809523807,0.5337423312883435,1.4403899999999996,4.352950113063529
P552ea773e2,2008,1,3.0,33.0,91.1,30.5,52.4,56.23,3.9,10.2,21.4,19.0,122.0,152.0,0.803,149.0,321.0,0.464,88.0,215.0,0.409,1.1,2.5,28.4,2.6,0.93160342,,,,,,,36.8485,1.0606,3.4848,3.303,1.5455,0.3939,20.7273,0.4011194029850746,1.0,1.0699999999999998,0.6541499999999997,4.039441650878126
P2d45174d7f,2008,1,1.0,40.0,72.5,26.8,51.7,55.96,5.0,11.7,30.4,19.2,146.0,205.0,0.712,173.0,332.0,0.521,35.0,104.0,0.337,1.3,2.3,47.0,2.3,1.76635514,,,,,,,29.2,1.35,3.175,4.725,1.2,0.375,14.925,0.2385321100917431,1.0909090909090908,1.504950495049505,0.4052800000000001,3.7934478321781815
P67ee7c4408,2008,1,4.0,38.0,84.6,22.5,49.3,53.28,5.9,8.4,24.0,19.9,105.0,148.0,0.709,153.0,308.0,0.497,24.0,75.0,0.32,0.6,2.9,38.6,2.9,1.73963044,,,,,,,33.7949,1.5641,2.359,4.2821,1.6154,0.1795,12.7436,0.195822454308094,0.8974358974358975,1.1483253588516746,0.082,3.5477979309153302
Pdfe2a49906,2008,1,5.0,38.0,74.1,27.2,59.2,64.24,15.3,28.6,13.8,14.8,193.0,251.0,0.769,191.0,314.0,0.608,29.0,82.0,0.354,5.0,1.5,63.4,2.6,0.96155,,,,,,,29.641,3.641,7.0,1.9231,0.6923,1.4359,17.4615,0.207070707070707,1.8055555555555556,0.8734177215189873,1.0252799999999995,4.252130968296284
Peda84f3898,2008,1,6.0,,,,,,,,,,,,,,,,,,,,,,,,,,,,,,,,,,,,,,,,,
Pd43d378f42,2008,1,7.0,32.0,83.1,29.7,51.5,60.1,2.6,8.0,15.2,20.7,231.0,277.0,0.834,114.0,217.0,0.525,70.0,208.0,0.337,2.0,2.3,65.2,2.5,0.67825142,,,,,,,34.6875,0.7188,2.5312,2.4375,1.3125,0.625,20.9062,0.4894117647058824,1.2285714285714284,0.7004608294930875,0.9797,4.693436008817991
P2e38e474e2,2008,1,8.0,35.0,76.1,28.3,47.3,53.63,6.8,16.8,17.0,15.0,156.0,191.0,0.817,203.0,426.0,0.477,11.0,38.0,0.289,5.5,1.4,41.2,3.6,1.09999107,,,,,,,31.5833,1.8889,4.5,2.4444,0.7222,1.5,16.8611,0.0818965517241379,1.5000000000000002,1.0625,0.3012900000000002,4.295373718946697
P376f10f64c,2008,1,9.0,37.0,94.0,28.0,50.6,55.79,1.5,6.9,30.6,16.0,173.0,221.0,0.783,167.0,354.0,0.472,72.0,189.0,0.381,0.0,1.9,40.7,1.7,2.08569764,,,,,,,37.2895,0.5263,2.4211,5.7632,1.2368,0.0,19.2368,0.3480662983425414,0.7037037037037036,1.8,0.4631999999999999,4.230296390005995
Pab86c7dfaf,2008,1,10.0,27.0,56.8,32.0,46.8,53.69,11.1,19.3,11.3,13.5,153.0,194.0,0.789,184.0,387.0,0.475,0.0,6.0,0.0,6.8,1.2,49.4,3.2,0.63795913,,,,,,,30.7407,2.8519,5.3333,1.3704,0.5926,2.0741,19.2963,0.015267175572519,1.9047619047619049,0.7793103448275862,0.4427999999999997,4.1603966517067965
Pf1e6555cfc,2008,1,13.0,37.0,71.0,21.6,52.9,55.63,6.4,13.1,12.4,16.6,67.0,85.0,0.788,98.0,220.0,0.445,79.0,189.0,0.418,3.2,1.6,20.8,2.2,1.17391781,,,,,,,29.6579,1.5,3.6316,2.1316,0.8421,0.8421,13.3421,0.4621026894865526,1.5000000000000002,0.7045454545454545,0.0900800000000001,3.510025669447764
P7c81e9aca5,2008,1,14.0,30.0,81.7,27.7,46.1,50.55,9.8,18.3,8.4,19.0,112.0,162.0,0.691,172.0,361.0,0.476,2.0,19.0,0.105,6.7,2.0,42.6,3.4,0.41304715,,,,,,,32.7742,2.7742,5.7097,1.2258,1.129,2.2581,15.5806,0.05,1.9772727272727268,0.42,0.0423499999999997,3.5197813887574725
P7e5e28e6b3,2008,1,15.0,36.0,60.5,22.6,53.6,56.51,12.6,14.0,5.4,19.5,86.0,132.0,0.652,139.0,261.0,0.533,1.0,1.0,1.0,9.5,1.3,50.4,4.3,0.34920001,,,,,,,24.5278,2.5833,3.0833,0.6111,0.5,2.3056,10.1944,0.0038167938931297,2.037735849056604,0.2634146341463415,0.16926,3.1885076316005834
Pdb3f441dab,2008,1,16.0,36.0,60.5,25.8,62.4,64.01,12.8,26.2,8.4,16.1,90.0,130.0,0.692,216.0,346.0,0.624,0.0,0.0,0.0,5.9,1.0,37.6,3.8,0.54836836,,,,,,,24.2778,2.5833,5.4722,0.9444,0.4167,1.3611,14.5,0.0,1.4375000000000002,0.4912280701754385,0.8125800000000004,3.373636547655196
P4afc5fb3f7,2008,1,17.0,34.0,65.3,25.6,61.4,62.64,11.3,17.0,16.6,15.7,93.0,144.0,0.646,176.0,291.0,0.605,3.0,3.0,1.0,9.7,1.3,49.0,4.1,1.10521925,,,,,,,26.3235,2.2059,4.1471,1.8529,0.5294,2.2059,13.3529,0.010204081632653,2.1568627450980395,0.9940119760479044,0.7078400000000002,3.214969997603691
Pfcb4575061,2008,1,18.0,32.0,68.8,26.6,54.8,54.62,10.7,18.5,4.9,18.6,69.0,135.0,0.511,170.0,306.0,0.556,13.0,40.0,0.325,9.3,1.7,39.0,3.7,0.25002063,,,,,,,27.3333,2.5152,4.8182,0.6061,0.7879,2.7879,14.1212,0.1156069364161849,2.3404255319148937,0.25,0.3049199999999999,2.5103666466111227
Pffe825f9b7,2008,1,19.0,30.0,69.4,27.6,59.0,62.22,12.3,22.8,10.0,21.0,131.0,192.0,0.682,158.0,267.0,0.592,0.0,1.0,0.0,5.0,1.5,71.6,2.7,0.38270371,,,,,,,28.8,2.6,5.9667,1.0333,0.7333,1.5333,14.9,0.003731343283582,1.7567567567567566,0.4545454545454545,0.92872,3.5891547088331324
P3d1eff1bca,2008,1,20.0,,,,,,,,,,,,,,,,,,,,,,,,,,,,,,,,,,,,,,,,,
P969f2b1c13,2008,1,21.0,,,,,,,,,,,,,,,,,,,,,,,,,,,,,,,,,,,,,,,,,
Pd19bde5a19,2008,1,22.0,34.0,74.3,30.3,52.7,57.39,5.4,14.0,15.5,14.7,143.0,174.0,0.822,170.0,345.0,0.493,65.0,163.0,0.399,3.0,3.3,34.3,3.2,0.89285562,,,,,,,29.9722,1.3333,3.5278,2.0833,1.8056,0.7778,20.4167,0.3208661417322834,1.5,0.9872611464968152,0.76117,4.2454540705651285
Pc3a5f10000,2008,1,23.0,37.0,67.5,26.4,53.3,55.11,12.2,15.7,4.5,12.7,68.0,100.0,0.68,200.0,374.0,0.535,22.0,63.0,0.349,7.7,1.0,22.9,3.2,0.34544229,,,,,,,27.0811,2.6486,4.027,0.5135,0.4324,1.8108,14.4324,0.1441647597254004,2.071428571428571,0.3284671532846716,0.3270399999999999,3.138281951452057
P0157d20b94,2008,1,24.0,,,,,,,,,,,,,,,,,,,,,,,,,,,,,,,,,,,,,,,,,
Pda7ff44e77,2008,1,25.0,,,,,,,,,,,,,,,,,,,,,,,,,,,,,,,,,,,,,,,,,
P0e7908a570,2008,1,26.0,28.0,86.6,30.2,59.2,65.07,5.5,18.7,26.2,17.1,181.0,225.0,0.804,149.0,261.0,0.571,42.0,97.0,0.433,1.7,3.0,62.8,3.0,1.49420991,,,,,,,36.7742,1.5161,5.3548,4.1935,1.8065,0.4194,21.8387,0.2709497206703911,1.175,1.447513812154696,1.537139999999999,4.358110139414919
P4b0ccf34e0,2008,1,27.0,39.0,61.4,24.9,54.7,56.84,12.1,17.0,6.7,17.9,74.0,106.0,0.698,208.0,374.0,0.556,2.0,12.0,0.167,6.2,1.1,27.5,4.8,0.43999999,,,,,,,24.725,2.3,3.95,0.825,0.5,1.325,12.75,0.0310880829015544,1.2586206896551726,0.3544973544973545,0.33516,3.26163452645441
Pab534e249b,2008,1,28.0,35.0,89.2,22.8,50.5,53.07,5.4,15.6,10.6,17.3,94.0,133.0,0.707,128.0,260.0,0.492,90.0,261.0,0.345,4.8,2.0,25.5,3.2,0.78023079,,,,,,,35.8,1.7143,5.4571,2.0286,1.2857,1.6286,17.7143,0.5009596928982726,1.6190476190476188,0.5792349726775956,0.08596,3.462772738565294
P9f5758481a,2008,1,29.0,33.0,82.8,23.3,60.6,63.21,11.3,24.0,5.2,14.5,142.0,206.0,0.689,215.0,354.0,0.607,1.0,3.0,0.333,5.4,1.4,57.7,3.0,0.3968362,,,,,,,33.4848,3.0303,7.303,0.7576,0.7879,1.6364,17.4242,0.0084033613445378,1.7000000000000002,0.3354838709677419,0.4359300000000001,3.674243248559838
P41bc73e83b,2008,1,30.0,33.0,78.7,26.9,54.7,55.75,6.6,27.0,22.5,15.3,92.0,157.0,0.586,185.0,332.0,0.557,25.0,75.0,0.333,4.9,2.7,38.6,2.4,1.41096697,,,,,,,32.2121,1.7273,7.0606,3.1212,1.4242,1.1818,16.2727,0.1842751842751842,2.235294117647059,1.3803680981595092,0.3967499999999999,2.9666806893538022
Pe67238da8c,2008,1,31.0,,,,,,,,,,,,,,,,,,,,,,,,,,,,,,,,,,,,,,,,,
Pbbde966f1e,2008,1,32.0,12.0,21.7,32.2,52.3,52.84,8.8,21.8,16.8,20.5,34.0,65.0,0.523,68.0,127.0,0.535,0.0,3.0,0.0,7.6,2.7,50.0,4.8,0.58825396,,,,,,,24.9167,1.8333,5.0,1.6667,1.1667,1.8333,14.1667,0.023076923076923,1.7758620689655171,0.7813953488372093,0.3464800000000005,2.1911894300798203
Pad8df3794d,2008,1,33.0,38.0,59.5,14.5,64.7,58.38,15.1,25.6,3.5,16.6,45.0,119.0,0.378,108.0,166.0,0.651,0.0,1.0,0.0,7.6,2.4,71.3,4.5,0.48781168,,,,,,,25.2105,3.5263,6.0,0.5263,1.0789,1.9474,6.8684,0.0059880239520958,1.818181818181818,0.1988636363636363,-0.4609000000000002,1.8096718787716133
P7c1c1e7eac,2008,1,35.0,34.0,48.1,22.1,60.5,57.42,11.0,22.0,4.4,21.8,52.0,115.0,0.452,107.0,177.0,0.605,0.0,0.0,0.0,6.5,0.5,65.0,3.8,0.26317083,,,,,,,20.0857,1.8857,4.1143,0.4286,0.2,1.2571,7.9429,0.0,1.4583333333333337,0.1929824561403509,0.1558200000000001,2.1486227663800768
P246009ab63,2008,1,36.0,,,,,,,,,,,,,,,,,,,,,,,,,,,,,,,,,,,,,,,,,
P486b5c76fa,2008,1,37.0,32.0,61.0,18.5,48.3,51.42,9.5,15.7,9.4,21.0,49.0,70.0,0.7,110.0,217.0,0.507,4.0,23.0,0.174,1.7,2.1,29.2,2.3,0.82259954,,,,,,,29.0303,2.2121,3.7879,1.5455,1.0303,0.4545,8.7879,0.0958333333333333,1.1515151515151516,0.4272727272727273,-0.0213,2.983875913928921
P82dd1ca59f,2008,1,38.0,35.0,81.9,25.7,50.3,56.1,4.6,16.4,28.5,21.7,126.0,172.0,0.733,114.0,232.0,0.491,24.0,66.0,0.364,2.6,3.5,57.7,2.3,1.55672227,,,,,,,33.1143,1.0571,4.2,4.3143,1.7143,0.7143,12.1714,0.2214765100671141,1.8484848484848484,1.2555066079295154,0.3477,3.777362738766872
P8482acfde2,2008,1,39.0,34.0,76.0,24.3,52.7,55.19,6.2,10.4,17.3,21.1,61.0,76.0,0.803,143.0,279.0,0.513,54.0,146.0,0.37,0.8,2.4,17.9,2.8,0.92707634,,,,,,,31.4118,1.6471,2.8235,2.6176,1.3235,0.2353,14.9706,0.3435294117647058,0.8421052631578948,0.7828054298642534,0.2231699999999999,3.4880757537485088
P2fe87c73a6,2008,1,40.0,40.0,71.2,26.2,58.8,61.74,5.0,10.5,12.8,15.5,161.0,226.0,0.712,214.0,370.0,0.578,45.0,109.0,0.413,1.6,2.4,47.2,2.4,0.85542166,,,,,,,28.675,1.325,2.8,1.775,1.225,0.45,18.1,0.2275574112734864,1.1764705882352942,0.7757575757575758,0.7278800000000001,3.862564412446759
P6dfb5df5c6,2008,1,41.0,,,,,,,,,,,,,,,,,,,,,,,,,,,,,,,,,,,,,,,,,
P1ca581fef0,2008,1,42.0,33.0,84.0,30.8,48.7,56.15,2.5,10.1,37.7,20.8,189.0,222.0,0.851,145.0,318.0,0.456,58.0,158.0,0.367,0.1,3.0,46.6,3.1,1.578117,,,,,,,34.0,0.7879,3.0606,6.1212,1.8182,0.0303,19.7879,0.3319327731092437,0.7560975609756099,1.7293577981651378,0.6641999999999999,4.601503177512561
P4b06d66b80,2008,1,45.0,,,,,,,,,,,,,,,,,,,,,,,,,,,,,,,,,,,,,,,,,
Pf14243ec5e,2008,1,47.0,,,,,,,,,,,,,,,,,,,,,,,,,,,,,,,,,,,,,,,,,
P79f9e777a1,2008,1,48.0,31.0,75.4,23.3,60.3,63.04,5.8,12.6,14.0,14.3,101.0,138.0,0.732,124.0,215.0,0.577,52.0,120.0,0.433,2.9,1.2,41.2,3.7,1.19997745,,,,,,,31.4839,1.4516,3.3871,2.129,0.6129,0.8387,16.2903,0.3582089552238806,0.8723404255319148,0.915032679738562,0.43032,3.6120349190516663
P951f092ec6,2008,1,52.0,39.0,60.4,19.8,63.2,65.06,10.2,20.8,8.2,15.1,101.0,147.0,0.687,165.0,260.0,0.635,2.0,6.0,0.333,2.1,1.8,55.3,3.8,0.84313731,,,,,,,24.275,2.025,4.65,1.075,0.775,0.475,11.175,0.0225563909774436,0.8125000000000001,0.5093167701863354,-0.0301199999999998,3.4330848320759473
P28594efa12,2008,1,56.0,39.0,44.2,18.0,61.0,60.33,11.0,13.4,3.0,13.9,64.0,116.0,0.552,105.0,172.0,0.61,0.0,0.0,0.0,8.2,1.4,67.4,5.4,0.37500001,,,,,,,17.65,1.6,2.25,0.3,0.425,1.225,7.1,0.0,1.4999999999999998,0.2013422818791946,-0.2065999999999999,2.628720012008362
P2bc925c307,2008,1,58.0,30.0,80.1,27.1,54.7,58.13,4.2,8.7,16.0,18.5,99.0,130.0,0.762,125.0,228.0,0.548,63.0,173.0,0.364,0.6,1.0,32.4,3.2,0.77106301,,,,,,,33.6333,1.0333,2.6,2.1333,0.5667,0.1667,17.9333,0.4314214463840399,0.3809523809523809,0.8205128205128205,0.5772300000000002,3.714900360279277
P94bbcbe8b9,2008,1,60.0,,,,,,,,,,,,,,,,,,,,,,,,,,,,,,,,,,,,,,,,,
Pbbe7c2361f,2008,0,,32.0,73.7,18.4,57.9,61.12,4.6,11.4,6.8,10.4,67.0,78.0,0.859,73.0,155.0,0.471,81.0,181.0,0.448,1.2,2.1,23.2,2.5,1.03035294,,,,,,,29.7188,1.1562,2.9062,1.0625,1.125,0.3125,14.25,0.5386904761904762,0.9428571428571428,0.5964912280701754,-0.1779200000000001,3.753355705269171
P2528efc939,2008,0,,,,,,,,,,,,,,,,,,,,,,,,,,,,,,,,,,,,,,,,,,
Pc06b79b843,2008,0,,37.0,68.0,18.7,60.0,59.65,11.2,15.6,6.3,17.2,48.0,88.0,0.545,156.0,257.0,0.607,2.0,8.0,0.25,6.4,1.3,33.2,3.5,0.58489251,,,,,,,27.2973,2.4595,4.027,0.8378,0.5946,1.5135,9.8919,0.030188679245283,1.7111111111111112,0.3461538461538461,-0.12545,2.446306821504016
P8ff779ec76,2008,0,,35.0,40.4,13.0,67.8,66.53,8.8,12.2,2.8,27.1,30.0,51.0,0.588,59.0,87.0,0.678,0.0,0.0,0.0,14.2,1.9,58.6,6.1,0.25709999,,,,,,,16.2286,1.2,1.7143,0.2571,0.5429,2.1143,4.2286,0.0,2.2676056338028165,0.0996441281138789,-1.1571,2.3233313065258794
Pb7bd8922eb,2008,0,,,,,,,,,,,,,,,,,,,,,,,,,,,,,,,,,,,,,,,,,,
Pfa9e39fc67,2008,0,,33.0,71.2,20.9,52.0,59.41,7.4,17.8,12.2,19.5,122.0,143.0,0.853,86.0,179.0,0.48,39.0,99.0,0.394,4.7,1.2,51.4,4.2,0.94118214,,,,,,,28.5758,1.9091,5.1818,1.9394,0.6061,1.4545,12.4545,0.356115107913669,1.1346153846153846,0.5951219512195122,0.0846899999999998,4.239250744538328
Pb00deeb55d,2008,0,,34.0,77.0,23.1,54.7,56.4,5.1,15.4,17.5,18.6,110.0,183.0,0.601,132.0,248.0,0.532,40.0,103.0,0.388,0.9,2.7,52.1,2.9,1.19048011,,,,,,,30.9118,1.4412,4.3529,2.9412,1.5588,0.3235,14.5294,0.2934472934472934,0.9230769230769232,0.8928571428571428,0.1984,3.134176390323
P9378e87d91,2009,0,,,,,,,,,,,,,,,,,,,,,,,,,,,,,,,,,,,,,,,,,,
Pa5aab1aab8,2009,0,,,,,,,,,,,,,,,,,,,,,,,,,,,,,,,,,,,,,,,,,,
P6aab967db9,2009,0,,,,,,,,,,,,,,,,,,,,,,,,,,,,,,,,,,,,,,,,,,
P13adb32b1d,2010,0,,,,,,,,,,,,,,,,,,,,,,,,,,,,,,,,,,,,,,,,,,
Pf31133cc3c,2009,0,,29.0,67.5,28.8,49.1,55.03,8.5,16.3,16.5,19.4,128.0,167.0,0.766,147.0,282.0,0.521,15.0,63.0,0.238,2.7,2.2,48.4,3.4,0.70454545,,,,,,,27.2188,2.375,3.9062,1.9375,1.1875,0.6562,16.7188,0.1826086956521739,1.1136363636363635,0.8088235294117647,0.4426400000000001,3.924956408222896
P6e6a2db0d6,2008,0,,,,,,,,,,,,,,,,,,,,,,,,,,,,,,,,,,,,,,,,,,
P39e62f008f,2011,0,,,,,,,,,,,,,,,,,,,,,,,,,,,,,,,,,,,,,,,,,,
P146ec7320a,2009,1,1.0,35.0,80.6,31.1,65.7,64.77,14.2,32.2,16.3,18.2,191.0,324.0,0.59,297.0,451.0,0.659,3.0,8.0,0.375,3.6,1.9,70.6,3.1,0.6896479,,,,,,,33.2857,3.8571,10.5429,2.2857,1.1143,1.1714,22.6857,0.0174291938997821,1.3414634146341464,0.8489583333333334,1.6394699999999998,3.412456857574545
P26f8dd510c,2009,1,2.0,35.0,75.1,19.4,64.4,64.84,13.4,21.7,3.0,17.5,131.0,209.0,0.627,172.0,267.0,0.644,0.0,0.0,0.0,11.9,1.2,78.3,3.1,0.26153681,,,,,,,31.6286,3.6857,7.0286,0.4857,0.6286,4.2,13.5714,0.0,3.1951219512195124,0.1621621621621621,-0.0890400000000002,3.3526364217598528
P2acc089d0e,2009,1,3.0,35.0,88.3,32.6,55.3,60.66,5.5,14.6,29.2,19.0,204.0,270.0,0.756,163.0,289.0,0.564,58.0,163.0,0.356,1.1,3.1,59.7,3.2,1.25425636,,,,,,,35.8286,1.3714,4.2,4.2286,1.6857,0.3143,20.1143,0.3606194690265487,1.0,1.46,1.3431599999999997,4.235201828585054
Pe2d0a4cddd,2009,1,4.0,37.0,72.2,33.0,48.9,52.92,5.0,15.3,30.0,21.8,138.0,194.0,0.711,196.0,381.0,0.514,34.0,124.0,0.274,2.8,4.2,38.4,3.3,1.07519617,,,,,,,28.973,1.2703,4.0811,3.8649,2.0811,0.7838,17.0811,0.2455445544554455,1.627906976744186,1.3157894736842104,0.3796000000000002,3.749102686138824
P22c8154970,2009,1,5.0,,,,,,,,,,,,,,,,,,,,,,,,,,,,,,,,,,,,,,,,,
P1738f63a26,2009,1,6.0,37.0,90.7,24.9,50.6,56.57,1.9,5.9,32.6,20.5,175.0,223.0,0.785,168.0,325.0,0.517,45.0,140.0,0.321,0.4,2.0,48.0,1.5,1.95277362,,,,,,,37.4865,0.5946,2.2162,6.7027,1.3514,0.1622,17.4595,0.3010752688172043,0.96,1.516279069767442,0.3219299999999999,4.248142150706206
P7b8c6b66e0,2009,1,7.0,33.0,82.1,37.5,54.9,60.46,1.8,12.3,39.8,16.6,212.0,241.0,0.88,176.0,340.0,0.518,127.0,327.0,0.388,0.7,3.9,36.1,2.8,1.43198081,,,,,,,33.8182,0.5758,3.9091,5.4242,2.3333,0.2121,28.6364,0.4902548725637181,1.2105263157894737,2.261363636363636,1.8305,4.830265199017885
P3391f209f3,2009,1,8.0,34.0,86.3,28.0,53.7,56.04,15.4,22.2,9.6,17.5,117.0,179.0,0.654,252.0,469.0,0.537,0.0,0.0,0.0,5.6,1.5,38.2,3.4,0.51547548,,,,,,,35.6765,4.2059,6.8235,1.4706,0.8824,1.7059,18.2647,0.0,1.6136363636363635,0.518918918918919,0.4831999999999999,3.3961937804821978
Pad8e6fd6b0,2009,1,9.0,35.0,82.8,22.3,53.1,55.51,9.3,11.6,9.6,17.1,95.0,147.0,0.646,186.0,331.0,0.562,6.0,36.0,0.167,1.2,1.6,40.1,2.5,0.69861438,,,,,,,33.3714,2.4,3.3429,1.4571,0.8857,0.3714,13.8571,0.0980926430517711,0.7999999999999999,0.5303867403314917,0.12673,3.2281991288516183
P52f9046b71,2009,1,10.0,,,,,,,,,,,,,,,,,,,,,,,,,,,,,,,,,,,,,,,,,
P4417860ddd,2009,1,11.0,37.0,85.3,21.3,50.4,51.72,4.5,22.7,27.0,18.4,68.0,117.0,0.581,112.0,244.0,0.459,57.0,148.0,0.385,2.3,4.0,29.8,2.0,2.15118526,,,,,,,34.2162,1.3784,7.1892,5.0,2.3243,0.7838,12.5135,0.3775510204081632,2.1,1.3917525773195878,0.0223599999999999,2.771767766814551
P4c4f563b8c,2009,1,13.0,34.0,69.3,26.5,52.4,61.26,10.7,16.6,5.9,12.2,249.0,296.0,0.841,214.0,411.0,0.521,9.0,23.0,0.391,1.1,2.2,68.2,3.0,0.53969452,,,,,,,30.2647,3.0294,5.0882,1.0,1.2353,0.3529,20.7059,0.0529953917050691,0.8250000000000001,0.446969696969697,0.7318999999999999,4.78842872873307
Pc430805a15,2009,1,14.0,37.0,85.4,24.6,49.2,51.67,9.1,18.7,18.2,22.0,90.0,139.0,0.647,171.0,347.0,0.493,31.0,95.0,0.326,4.1,1.7,31.4,2.2,1.0,,,,,,,34.2703,2.7568,5.9459,3.2162,1.027,1.3784,14.1892,0.2149321266968326,1.8125,0.7913043478260869,0.0768200000000001,3.1972426474282196
P7ef2b1cf05,2009,1,15.0,33.0,65.4,24.4,53.6,56.16,4.7,22.1,8.1,18.9,72.0,104.0,0.692,118.0,241.0,0.49,36.0,80.0,0.45,8.1,1.6,32.4,4.3,0.53622842,,,,,,,26.3636,1.0,5.6667,1.1212,0.7273,2.0,12.6061,0.249221183800623,1.830188679245283,0.4070351758793969,0.2710399999999998,3.2205405623090058
P60425a0c89,2009,1,16.0,,,,,,,,,,,,,,,,,,,,,,,,,,,,,,,,,,,,,,,,,
Pab257f8a15,2009,1,17.0,35.0,67.6,20.5,50.4,53.15,6.0,11.8,23.8,23.4,45.0,62.0,0.726,85.0,161.0,0.528,27.0,88.0,0.307,2.1,3.5,24.9,3.2,1.71995891,,,,,,,27.1429,1.2571,2.5143,3.6857,1.5714,0.5143,8.4571,0.3534136546184739,1.3333333333333333,0.975409836065574,0.0157499999999999,3.0079158113602524
P0086aec335,2009,1,19.0,31.0,79.9,26.2,54.6,61.47,1.7,8.6,20.2,21.0,179.0,219.0,0.817,135.0,269.0,0.502,45.0,102.0,0.441,2.0,3.1,59.0,2.7,1.05770834,,,,,,,31.9677,0.4839,2.8065,3.5484,1.871,0.6452,18.8387,0.2749326145552561,1.3783783783783785,0.918181818181818,0.7111399999999999,4.40659370536988
Pe79f6d1bdb,2009,1,20.0,34.0,88.0,32.6,52.4,58.33,1.6,10.0,40.8,15.4,198.0,243.0,0.815,182.0,353.0,0.516,66.0,183.0,0.361,0.5,2.9,45.3,2.7,2.07920961,,,,,,,35.4706,0.4706,3.1176,6.1765,1.7059,0.1765,22.3529,0.3414179104477612,0.9189189189189187,2.4878048780487805,1.0495799999999995,4.48019210361396
P7d7c4d5568,2009,1,23.0,,,,,,,,,,,,,,,,,,,,,,,,,,,,,,,,,,,,,,,,,
Pcb72b419f2,2009,1,24.0,33.0,50.3,23.2,63.8,62.88,11.6,17.1,3.3,20.9,52.0,93.0,0.559,120.0,187.0,0.642,0.0,1.0,0.0,6.8,1.5,49.5,4.1,0.17644775,,,,,,,20.3333,1.6667,3.0,0.2727,0.4848,1.1212,8.8485,0.0053191489361702,1.627450980392157,0.1506849315068493,0.41216,2.5397017832889324
P57a6e7dc53,2009,1,25.0,,,,,,,,,,,,,,,,,,,,,,,,,,,,,,,,,,,,,,,,,
P38fd19ed26,2009,1,26.0,35.0,83.6,21.5,60.1,62.12,13.4,19.0,8.2,17.4,120.0,182.0,0.659,190.0,316.0,0.601,0.0,0.0,0.0,9.5,1.8,57.6,3.5,0.61110299,,,,,,,33.6857,3.5143,5.5143,1.2571,0.9714,2.8571,14.2857,0.0,2.511111111111111,0.4456521739130434,0.1817999999999999,3.433051374722497
P117b8ca478,2009,1,27.0,38.0,70.0,25.1,57.6,59.15,9.3,18.6,15.2,11.5,121.0,191.0,0.634,230.0,397.0,0.579,16.0,44.0,0.364,2.4,3.1,43.3,3.2,1.46427362,,,,,,,28.0,2.4211,4.7632,2.1579,1.5526,0.6579,16.5526,0.0997732426303854,1.3095238095238095,1.216,0.46665,3.3332520658656137
P6fd4123c4d,2009,1,28.0,37.0,76.4,20.4,57.5,60.1,5.4,10.9,14.8,13.9,87.0,112.0,0.777,126.0,236.0,0.534,83.0,200.0,0.415,0.5,1.5,25.7,1.9,1.63939096,,,,,,,30.6486,1.5405,3.3784,2.7027,0.8919,0.1622,15.8919,0.4587155963302752,0.6896551724137931,0.9932885906040269,0.0403999999999998,3.673180335139489
Pc99e2f6730,2009,1,29.0,35.0,90.7,27.6,52.5,58.11,2.7,9.1,20.2,14.6,188.0,232.0,0.81,154.0,315.0,0.489,85.0,221.0,0.385,1.3,2.9,43.3,2.4,1.17242632,,,,,,,36.5429,0.8,3.1143,2.9143,1.8,0.4286,21.4571,0.4123134328358209,1.2352941176470589,1.294871794871795,0.6163600000000001,4.415341147388218
P2805efe438,2009,1,30.0,,,,,,,,,,,,,,,,,,,,,,,,,,,,,,,,,,,,,,,,,
P2d06a24aee,2009,1,22.0,,,,,,,,,,,,,,,,,,,,,,,,,,,,,,,,,,,,,,,,,
P4f7ec9f72f,2009,1,31.0,35.0,80.2,20.2,66.0,68.99,11.0,21.9,6.7,12.3,113.0,145.0,0.779,198.0,299.0,0.662,0.0,1.0,0.0,3.3,1.0,48.3,3.3,0.72090181,,,,,,,32.5429,2.4857,5.7143,0.8857,0.4857,0.8571,14.5429,0.0033333333333333,1.0,0.5037593984962406,0.0379799999999998,3.882229558310794
P57802757ed,2009,1,32.0,30.0,79.8,36.1,55.1,58.6,7.2,12.1,17.3,14.7,133.0,165.0,0.806,189.0,348.0,0.543,90.0,240.0,0.375,2.7,2.3,28.1,2.2,0.62789967,,,,,,,32.0333,1.9,3.3,1.8,1.2333,0.7333,26.0333,0.4081632653061224,1.5625,1.101910828025478,1.3846000000000005,4.120262157415374
P3326a2a68b,2009,1,33.0,38.0,78.6,24.7,52.5,55.68,9.5,17.0,8.8,15.8,124.0,178.0,0.697,244.0,463.0,0.527,0.0,2.0,0.0,4.8,2.2,38.3,3.4,0.57314978,,,,,,,31.5526,2.6053,4.8684,1.2368,1.2368,1.2368,16.1053,0.0043010752688172,1.5909090909090908,0.5238095238095238,0.2669599999999999,3.615607906671006
P977d8b209e,2009,1,35.0,31.0,72.4,24.4,56.4,59.81,5.3,11.5,9.7,22.4,97.0,136.0,0.713,85.0,154.0,0.552,52.0,135.0,0.385,2.5,2.4,47.1,3.6,0.48149567,,,,,,,29.4194,1.1613,2.9677,1.2581,1.129,0.6774,13.6452,0.4671280276816609,1.065217391304348,0.4145299145299145,0.4316399999999999,3.5079464001154532
Pc643573699,2009,1,36.0,34.0,77.4,26.3,55.2,58.12,6.9,15.4,6.6,16.8,112.0,152.0,0.737,194.0,352.0,0.551,50.0,135.0,0.37,2.7,1.9,31.2,2.2,0.43208528,,,,,,,31.8529,1.8824,4.3529,1.0294,1.0,0.7941,19.1176,0.2772073921971252,1.4374999999999998,0.3707865168539325,0.5115599999999999,3.707432748066225
P5e4e4a8cf1,2009,1,37.0,33.0,64.5,26.2,58.4,59.33,23.7,27.6,9.3,11.0,97.0,160.0,0.606,209.0,358.0,0.584,0.0,0.0,0.0,3.6,3.5,44.7,4.1,0.93182334,,,,,,,27.3636,5.5758,6.7273,1.2424,1.6061,0.9091,15.6061,0.0,1.392156862745098,0.775,0.5784599999999999,3.0793310451805844
P16997d7184,2009,1,38.0,33.0,73.8,23.0,52.9,55.72,15.3,25.7,7.7,14.8,122.0,193.0,0.632,184.0,347.0,0.53,0.0,1.0,0.0,0.3,1.6,55.5,4.0,0.61903513,,,,,,,30.8485,4.2424,7.303,1.1818,0.9091,0.0909,14.8485,0.0028735632183908,0.38,0.4873417721518987,0.1715999999999999,3.3292863565280233
P8514f39741,2009,1,39.0,,,,,,,,,,,,,,,,,,,,,,,,,,,,,,,,,,,,,,,,,
Pe7ad570728,2009,1,40.0,34.0,71.7,23.1,54.8,58.7,10.2,13.9,14.8,15.5,99.0,132.0,0.75,127.0,243.0,0.523,36.0,87.0,0.414,2.9,1.4,40.0,3.3,1.06776931,,,,,,,29.6176,2.3824,3.7647,1.8529,0.7059,0.8235,13.5588,0.2636363636363636,1.0,0.896969696969697,0.2697000000000002,3.6677618461663153
Pa0dded8876,2009,1,41.0,36.0,85.9,27.9,56.6,62.87,2.0,8.6,11.7,15.8,211.0,234.0,0.902,146.0,280.0,0.521,117.0,288.0,0.406,0.4,2.2,41.2,2.2,0.65624182,,,,,,,34.3611,0.5278,2.8611,1.75,1.3333,0.1389,23.7222,0.5070422535211268,0.8125,0.6964285714285714,1.0167299999999997,4.924546133758032
P917b0d4d70,2009,1,42.0,35.0,84.2,18.4,51.1,53.73,4.2,18.5,12.9,18.1,85.0,132.0,0.644,71.0,158.0,0.449,65.0,172.0,0.378,1.5,2.1,40.0,2.9,1.21740898,,,,,,,33.8,1.2,5.4,2.4,1.2571,0.4571,12.0571,0.5212121212121212,0.9230769230769232,0.675392670157068,-0.05968,3.1493848385748096
P922c03ccad,2009,1,44.0,35.0,93.7,23.9,55.4,59.42,4.9,14.8,19.0,16.6,125.0,156.0,0.801,152.0,288.0,0.528,67.0,168.0,0.399,1.4,2.3,34.2,2.0,1.3882072,,,,,,,37.6286,1.4,4.8,3.3714,1.4286,0.4571,18.0,0.3684210526315789,1.2333333333333332,1.0795454545454544,0.3673799999999999,4.050052890083995
Pb58f931dd3,2009,1,45.0,36.0,83.3,27.8,56.8,59.92,3.0,15.7,35.9,20.7,135.0,191.0,0.707,132.0,238.0,0.555,73.0,187.0,0.39,0.5,3.3,44.9,2.3,1.94116046,,,,,,,33.3333,0.8611,4.4722,6.4167,1.8889,0.1667,17.1667,0.44,1.1515151515151516,1.654377880184332,0.7737600000000002,3.717049228023641
P456fdc6328,2009,1,46.0,37.0,68.6,19.5,56.3,58.65,6.8,10.3,16.3,16.4,50.0,58.0,0.862,98.0,193.0,0.508,75.0,181.0,0.414,4.4,3.4,15.5,3.3,1.62899097,,,,,,,27.5135,1.7568,2.8649,2.7297,1.7838,1.3243,12.7297,0.4839572192513369,1.8139534883720936,0.9367816091954024,-0.0432499999999999,3.5148372766467304
P5500e23cae,2009,1,48.0,36.0,74.8,16.6,54.7,58.69,9.3,12.0,7.9,19.6,91.0,130.0,0.7,120.0,219.0,0.548,5.0,14.0,0.357,3.4,2.5,55.8,3.7,0.77418416,,,,,,,30.0278,2.2778,3.5556,1.3333,1.3056,1.0,9.6111,0.0600858369098712,1.25531914893617,0.3834951456310679,-0.2954599999999998,3.4126381262408056
P322900af3b,2009,1,52.0,34.0,73.0,24.4,50.7,53.92,2.1,9.2,28.5,20.2,88.0,122.0,0.721,87.0,206.0,0.422,78.0,196.0,0.398,0.0,1.2,30.3,1.6,1.73912572,,,,,,,31.6765,0.5882,2.9706,4.7059,0.6471,0.0,14.5882,0.4875621890547263,0.4615384615384615,1.3443396226415094,0.17248,3.4695849202235127
Pfd96fb33e5,2009,1,53.0,,,,,,,,,,,,,,,,,,,,,,,,,,,,,,,,,,,,,,,,,
P1015da4297,2009,1,55.0,24.0,61.7,29.0,47.6,52.27,1.6,6.0,25.9,17.1,84.0,98.0,0.857,87.0,191.0,0.455,63.0,190.0,0.332,0.6,3.9,25.7,2.0,1.37879996,,,,,,,33.9583,0.4583,1.8333,3.7917,2.2083,0.2083,18.625,0.4986876640419947,1.5,1.4309392265193368,0.2043000000000003,3.9380177115653434
P4b1ba6339f,2009,1,58.0,30.0,90.6,35.5,51.7,56.0,6.5,18.3,27.3,15.0,144.0,164.0,0.878,197.0,381.0,0.517,98.0,284.0,0.345,1.7,3.3,24.7,3.0,1.21567639,,,,,,,36.5333,2.2,5.8667,4.1333,2.1,0.6,27.7333,0.4270676691729323,1.25,1.70625,0.93,4.48302012608471
Pfc3cc92a5c,2009,0,,35.0,75.2,15.9,43.1,49.61,4.8,11.7,21.3,23.4,66.0,82.0,0.805,47.0,116.0,0.405,29.0,94.0,0.309,2.3,3.3,39.0,3.7,2.0,,,,,,,30.2857,1.3143,3.2286,3.8286,1.7143,0.6857,7.0571,0.4476190476190476,1.1914893617021276,0.8729508196721312,0.01599,3.557166689276262
P6f23e4dd26,2009,0,,33.0,77.1,23.5,54.5,55.85,6.8,13.4,12.7,15.1,57.0,91.0,0.626,137.0,252.0,0.544,29.0,79.0,0.367,4.1,1.6,27.5,3.1,0.94445127,,,,,,,31.303,1.6061,2.9697,1.5455,0.7576,1.0606,12.6667,0.2386706948640483,1.3902439024390243,0.7888198757763975,0.20475,2.8306396492326993
Pdb8fb82c3b,2010,0,,,,,,,,,,,,,,,,,,,,,,,,,,,,,,,,,,,,,,,,,,
Pba6ba7bcf4,2010,0,,,,,,,,,,,,,,,,,,,,,,,,,,,,,,,,,,,,,,,,,,
P37b821fb18,2009,0,,30.0,80.2,24.7,47.8,50.64,9.9,13.3,8.3,16.3,94.0,150.0,0.627,140.0,307.0,0.456,27.0,71.0,0.38,2.1,1.5,39.7,2.4,0.55073915,,,,,,,32.5,2.9333,4.3,1.2667,0.8667,0.6667,15.1667,0.1878306878306878,1.0588235294117647,0.4797687861271676,0.03008,3.1458344576829576
P74a501a7bb,2013,0,,,,,,,,,,,,,,,,,,,,,,,,,,,,,,,,,,,,,,,,,,
P2d536d911b,2009,0,,34.0,85.3,25.2,43.1,47.32,4.2,16.4,33.3,25.6,97.0,153.0,0.634,96.0,226.0,0.425,31.0,105.0,0.295,0.7,5.6,46.2,3.4,1.49180645,,,,,,,34.1176,1.2353,4.6176,5.3529,3.0882,0.2059,11.2353,0.3172205438066465,1.4318181818181817,1.25187969924812,-0.1393599999999999,3.193427949930242
P50969329ac,2011,0,,,,,,,,,,,,,,,,,,,,,,,,,,,,,,,,,,,,,,,,,,
P1a8bbe3efe,2009,0,,33.0,83.4,26.4,45.6,48.51,7.2,12.8,27.1,17.4,103.0,172.0,0.599,126.0,273.0,0.462,41.0,138.0,0.297,0.3,3.1,41.8,3.0,1.6067773,,,,,,,33.6471,2.1176,3.8824,4.2059,1.7941,0.0882,14.7647,0.3357664233576642,0.85,1.472826086956522,-0.0953600000000001,3.0868216651041696
P55c8e33d89,2013,0,,,,,,,,,,,,,,,,,,,,,,,,,,,,,,,,,,,,,,,,,,
Pad180fa2f7,2010,0,,,,,,,,,,,,,,,,,,,,,,,,,,,,,,,,,,,,,,,,,,
P981540aa5d,2011,0,,,,,,,,,,,,,,,,,,,,,,,,,,,,,,,,,,,,,,,,,,
Pd01ecb3669,2010,1,1.0,37.0,83.9,26.9,50.3,56.18,2.7,10.1,34.8,24.2,175.0,232.0,0.754,165.0,324.0,0.509,37.0,114.0,0.325,1.5,2.9,53.0,2.2,1.61745724,116.0,182.0,40.0,127.0,33.0,36.0,34.8108,0.8108,3.4865,6.5135,1.7838,0.5135,16.6486,0.2602739726027397,1.375,1.380952380952381,0.4264199999999999,4.110082993988538
Ped95bfcd7e,2010,1,2.0,31.0,74.4,34.5,54.0,58.15,7.4,23.5,37.5,21.7,138.0,182.0,0.758,217.0,402.0,0.54,20.0,55.0,0.364,2.9,3.0,39.8,3.1,1.36028349,102.0,130.0,106.0,258.0,18.0,19.0,35.7419,2.0,7.1613,5.9677,1.7419,0.9032,20.3871,0.1203501094091903,1.4390243902439026,1.6519823788546255,1.18175,3.9487905038537976
Pcc98298533,2010,1,3.0,35.0,69.2,21.8,61.5,62.31,12.5,20.2,7.3,22.9,86.0,137.0,0.628,177.0,287.0,0.617,0.0,1.0,0.0,7.8,1.8,47.6,3.8,0.38374508,137.0,175.0,40.0,112.0,53.0,56.0,27.7714,3.0571,5.5714,0.9429,0.8857,2.0571,12.5714,0.0034722222222222,2.0,0.3054393305439331,0.2215800000000001,3.0943153142787247
Peb88f22502,2010,1,4.0,,,,,,,,,,,,,,,,,,,,,,,,,,,,,,,,,,,,,,,,,
P97ae54051b,2010,1,6.0,35.0,88.0,23.0,49.1,52.99,12.8,17.6,14.7,17.9,110.0,159.0,0.692,178.0,358.0,0.497,7.0,26.0,0.269,11.0,1.4,41.4,2.8,1.11631598,78.0,109.0,100.0,249.0,30.0,32.0,35.4571,3.6,6.1143,2.7429,0.8286,3.7429,13.9143,0.0677083333333333,3.2631578947368425,0.7777777777777778,0.0897,3.5120202801418077
Pc58bcc8049,2010,1,7.0,34.0,85.6,27.5,53.4,56.68,8.6,25.2,22.4,20.8,138.0,209.0,0.66,195.0,358.0,0.545,7.0,27.0,0.259,4.9,2.2,54.3,3.0,1.14286144,154.0,238.0,33.0,102.0,21.0,22.0,34.2353,2.1765,7.4706,3.7647,1.2353,1.5294,16.1471,0.0701298701298701,1.775,1.0275229357798163,0.5009999999999999,3.529090970273529
P297adbbd5f,2010,1,8.0,31.0,76.4,27.8,47.1,52.4,14.6,20.5,9.1,20.6,139.0,199.0,0.698,149.0,308.0,0.484,18.0,66.0,0.273,4.5,2.6,53.2,3.8,0.41415375,112.0,173.0,37.0,135.0,46.0,48.0,31.2903,4.2903,6.4194,1.3226,1.4194,1.4194,15.8387,0.1764705882352941,1.4791666666666667,0.4212962962962963,0.1871999999999999,3.698225521850529
P7f86ce09cc,2010,1,10.0,28.0,72.6,27.3,51.0,57.22,6.8,18.6,22.6,20.8,110.0,122.0,0.902,92.0,188.0,0.489,58.0,163.0,0.356,3.0,3.9,34.8,3.5,0.96627442,70.0,106.0,22.0,82.0,18.0,22.0,33.1786,1.9286,5.2857,3.0714,2.1429,0.8571,16.7143,0.4643874643874643,1.5333333333333334,1.036697247706422,0.52706,4.34059028854592
P7e584efe40,2010,1,11.0,36.0,66.4,20.2,56.2,59.61,13.6,25.4,5.8,16.4,108.0,159.0,0.679,149.0,265.0,0.562,0.0,0.0,0.0,13.0,1.6,60.0,3.8,0.55354846,92.0,126.0,57.0,139.0,32.0,33.0,26.75,3.0556,6.7778,0.8611,0.75,3.4722,11.2778,0.0,3.0416666666666665,0.3333333333333333,0.0192199999999999,3.4460430205437684
P10d0b75bed,2010,1,12.0,36.0,68.3,21.7,55.5,59.1,5.2,11.5,9.8,18.2,90.0,115.0,0.783,93.0,189.0,0.492,69.0,165.0,0.418,1.8,3.1,32.5,2.7,0.76809101,60.0,90.0,33.0,99.0,17.0,17.0,27.5,1.1944,3.1667,1.4722,1.5,0.5,13.4167,0.4661016949152542,1.3243243243243243,0.5104166666666667,0.1546999999999999,3.722061119636283
P8fac339738,2010,1,13.0,23.0,43.0,21.5,57.8,60.66,10.8,24.2,6.8,18.3,87.0,132.0,0.659,111.0,192.0,0.578,0.0,0.0,0.0,9.5,0.9,68.8,2.6,0.47825,42.0,50.0,61.0,132.0,26.0,27.0,27.8696,2.8696,6.6957,0.9565,0.4348,2.7826,13.4348,0.0,2.888888888888889,0.3523316062176165,0.1598999999999999,3.2227400754981357
P3f25ee2633,2010,1,14.0,38.0,81.8,17.2,60.7,62.42,10.6,13.4,5.5,10.7,90.0,130.0,0.692,191.0,305.0,0.626,24.0,69.0,0.348,4.1,1.2,34.8,1.9,0.87811659,136.0,165.0,50.0,127.0,65.0,70.0,33.0263,3.0526,4.3947,0.9474,0.7105,1.3421,14.3158,0.1844919786096256,1.827586206896552,0.4700854700854701,-0.3477600000000001,3.373636547655196
P502aba077e,2010,1,15.0,35.0,64.9,26.1,54.0,56.35,13.1,25.2,7.7,13.8,107.0,167.0,0.641,192.0,351.0,0.547,4.0,16.0,0.25,9.1,1.6,45.5,4.4,0.58620484,137.0,199.0,55.0,152.0,59.0,63.0,26.8857,3.0286,6.0857,0.9714,0.7429,2.5714,14.3714,0.0435967302452316,1.9814814814814812,0.5202702702702703,0.3873500000000002,3.284460910797489
P440f6cc00f,2010,1,17.0,,,,,,,,,,,,,,,,,,,,,,,,,,,,,,,,,,,,,,,,,
P0d0da4d2bc,2010,1,18.0,37.0,73.1,20.2,54.0,56.56,2.0,8.6,16.8,27.7,82.0,123.0,0.667,95.0,184.0,0.516,49.0,128.0,0.383,1.1,2.6,39.4,2.9,0.95536839,72.0,110.0,21.0,68.0,6.0,6.0,30.3243,0.5135,2.5676,2.8919,1.4054,0.3243,11.3243,0.4102564102564102,0.9487179487179488,0.5853658536585367,0.0131199999999999,3.21512780425856
P871b04878c,2010,1,19.0,34.0,72.9,19.0,48.9,49.58,3.5,6.6,12.4,14.6,36.0,66.0,0.545,117.0,256.0,0.457,42.0,112.0,0.375,1.6,2.4,17.9,3.2,1.36537211,47.0,89.0,70.0,167.0,14.0,16.0,29.5,0.9706,1.9118,2.0882,1.2941,0.5294,11.6471,0.3043478260869565,0.9523809523809524,0.7948717948717949,0.0042,2.2915574775680767
Pb46ac34cd7,2010,1,20.0,,,,,,,,,,,,,,,,,,,,,,,,,,,,,,,,,,,,,,,,,
P54e531f2ec,2010,1,21.0,32.0,86.5,25.1,45.0,49.8,6.6,19.4,13.1,13.8,117.0,154.0,0.76,165.0,370.0,0.446,27.0,87.0,0.31,3.3,1.3,33.7,2.3,1.01468232,53.0,69.0,112.0,301.0,35.0,38.0,35.125,2.0938,6.4375,2.1562,0.7812,1.1875,16.5,0.1903719912472647,1.3939393939393938,0.8851351351351351,-0.0102000000000001,3.833003088858628
Pd646388a2b,2010,1,22.0,34.0,83.3,27.7,53.6,59.85,2.7,11.3,24.0,18.8,194.0,256.0,0.758,118.0,224.0,0.527,60.0,164.0,0.366,0.4,2.4,66.0,2.4,1.27998773,98.0,152.0,20.0,72.0,30.0,33.0,33.3235,0.7353,3.2353,3.7647,1.3235,0.1176,17.9412,0.422680412371134,0.8235294117647058,1.2121212121212122,0.75845,4.206199672350577
P38bff88a77,2010,1,24.0,34.0,74.8,25.5,54.4,57.83,11.0,23.9,6.1,14.1,155.0,230.0,0.674,174.0,325.0,0.535,36.0,94.0,0.383,3.6,3.0,54.9,3.9,0.47826942,110.0,151.0,64.0,174.0,29.0,30.0,30.2647,3.1471,7.1471,0.9706,1.6765,1.1765,17.9706,0.2243436754176611,1.3469387755102038,0.4039735099337748,0.4306499999999999,3.668189536891689
Pa56ca2c36c,2010,1,25.0,33.0,92.0,30.2,50.3,56.22,3.6,14.9,24.4,16.0,209.0,282.0,0.741,170.0,326.0,0.521,52.0,167.0,0.311,1.6,2.8,57.2,3.0,1.23712323,102.0,148.0,68.0,178.0,11.0,12.0,37.0909,1.1212,4.9697,3.6364,1.697,0.5758,21.3636,0.3387423935091277,1.1,1.4352941176470588,0.6344399999999998,4.183276151153639
Pdc16ca4e2e,2010,1,26.0,36.0,80.4,25.2,54.7,60.82,10.3,15.0,11.2,12.8,187.0,226.0,0.827,227.0,413.0,0.55,18.0,51.0,0.353,1.8,2.2,48.7,3.1,0.92646512,113.0,143.0,114.0,270.0,34.0,35.0,32.2778,2.9722,4.3889,1.75,1.2778,0.5833,19.3056,0.1099137931034482,0.9756097560975612,0.8115942028985507,0.5626399999999999,4.48643366445712
P2c1e066057,2010,1,27.0,35.0,79.4,28.9,53.2,56.43,3.4,12.0,20.1,14.7,119.0,154.0,0.773,181.0,361.0,0.501,79.0,202.0,0.391,0.6,2.4,27.4,2.0,1.18821539,111.0,178.0,70.0,183.0,17.0,18.0,32.7714,0.9714,3.7714,2.8857,1.3429,0.2,20.5143,0.3587921847246891,1.0,1.280254777070064,0.57227,3.8985676153785778
P4793f789c0,2010,1,28.0,32.0,84.8,30.7,49.7,55.02,3.9,10.3,35.3,18.2,138.0,161.0,0.857,151.0,320.0,0.472,67.0,186.0,0.36,1.0,2.9,31.8,2.4,1.87964446,63.0,109.0,88.0,211.0,4.0,4.0,34.3125,1.1875,3.5312,6.3438,1.7188,0.3438,20.0312,0.3675889328063241,1.1470588235294117,1.8385416666666663,0.5371400000000003,4.360070059294153
Pabb4255b19,2010,1,31.0,,,,,,,,,,,,,,,,,,,,,,,,,,,,,,,,,,,,,,,,,
P581e368d46,2010,1,32.0,34.0,47.1,24.4,65.4,63.82,16.6,15.3,5.1,20.4,75.0,135.0,0.556,140.0,214.0,0.654,0.0,0.0,0.0,8.9,1.0,63.1,5.6,0.28333427,105.0,143.0,35.0,71.0,40.0,42.0,19.0588,2.9706,2.8824,0.5,0.3529,1.8529,10.4412,0.0,1.5000000000000002,0.2383177570093458,0.6080799999999997,2.7314361164692453
P830611c613,2010,1,33.0,31.0,65.6,24.9,51.0,53.55,12.0,24.0,1.8,16.4,101.0,170.0,0.594,143.0,284.0,0.504,3.0,5.0,0.6,18.3,1.2,58.8,3.8,0.11864228,77.0,107.0,66.0,177.0,40.0,41.0,26.5484,2.7742,6.129,0.2258,0.5484,5.2581,12.7742,0.0173010380622837,4.0625,0.1034482758620689,0.1739499999999998,3.05414815256258
P815e63680a,2010,1,34.0,33.0,86.4,26.4,50.8,53.24,2.7,7.7,29.8,20.8,79.0,115.0,0.687,193.0,360.0,0.536,17.0,70.0,0.243,0.9,1.4,26.7,2.0,1.63967181,84.0,126.0,109.0,234.0,7.0,9.0,34.8182,0.7879,2.5455,5.5152,0.8485,0.3636,15.6364,0.1627906976744186,0.7666666666666666,1.3669724770642202,0.20736,3.2657164612900726
Pe97fa79993,2010,1,35.0,,,,,,,,,,,,,,,,,,,,,,,,,,,,,,,,,,,,,,,,,
P96ac6f0cd3,2010,1,37.0,35.0,83.3,27.7,48.4,52.01,7.0,24.6,29.3,18.7,130.0,199.0,0.653,154.0,331.0,0.465,39.0,108.0,0.361,1.6,2.2,45.3,2.3,1.53846676,117.0,187.0,37.0,143.0,16.0,19.0,33.5714,2.1429,7.1429,4.5714,1.2571,0.4286,15.8571,0.2460136674259681,1.1515151515151516,1.487309644670051,0.1547699999999998,3.459801240355868
P7a82e40751,2010,1,38.0,35.0,81.2,18.7,60.3,63.19,2.0,8.8,23.9,25.6,66.0,81.0,0.815,32.0,56.0,0.571,98.0,241.0,0.407,0.8,3.4,27.3,2.7,1.74489297,14.0,24.0,16.0,30.0,1.0,1.0,32.4857,0.5143,2.8571,4.8857,1.9714,0.2286,12.1143,0.8114478114478114,1.135135135135135,0.8984962406015037,-0.17147,3.5914761865203664
P27a3420564,2010,1,39.0,32.0,90.3,31.0,51.9,56.04,7.9,20.6,19.6,13.6,179.0,257.0,0.696,219.0,420.0,0.521,29.0,86.0,0.337,2.3,2.6,50.8,2.2,1.07224916,126.0,186.0,93.0,233.0,27.0,32.0,36.25,2.5312,6.2188,2.7812,1.5938,0.7812,22.0,0.1699604743083003,1.53125,1.3424657534246576,0.6644,3.8648598711054456
Pe03992058c,2010,1,41.0,36.0,77.9,22.1,58.2,59.65,10.7,23.1,6.2,16.6,128.0,210.0,0.61,184.0,316.0,0.582,0.0,0.0,0.0,14.3,1.2,66.5,3.1,0.45071492,120.0,169.0,64.0,147.0,54.0,58.0,31.5,2.9722,7.2778,0.8889,0.6667,4.7222,13.7778,0.0,3.780487804878049,0.3522727272727272,0.2026500000000001,3.2646334614204005
P966e81614a,2010,1,43.0,34.0,75.1,20.6,46.2,52.69,9.5,18.0,14.7,19.4,117.0,152.0,0.77,141.0,285.0,0.495,3.0,30.0,0.1,2.2,1.9,48.3,1.9,1.10666851,90.0,136.0,51.0,149.0,10.0,10.0,34.1471,2.9118,5.1765,2.4412,1.0588,0.6765,12.0,0.0952380952380952,1.4137931034482758,0.7205882352941176,0.01614,3.8734371994721752
Pe82bc0553e,2010,1,46.0,35.0,64.6,26.0,52.3,54.11,13.2,21.7,3.6,18.2,124.0,219.0,0.566,168.0,320.0,0.525,0.0,1.0,0.0,5.7,1.0,68.2,3.2,0.19738418,117.0,164.0,51.0,156.0,45.0,53.0,25.9143,3.0,5.5714,0.4286,0.4571,1.4,13.1429,0.0031152647975077,1.5952380952380951,0.1875,0.2465999999999999,3.0527931912354367
P3d55371834,2010,1,50.0,32.0,63.8,22.2,53.4,59.63,11.6,15.7,4.4,19.7,108.0,136.0,0.794,133.0,249.0,0.534,0.0,0.0,0.0,10.4,1.4,54.6,3.7,0.26230195,83.0,114.0,50.0,135.0,38.0,41.0,25.625,2.4688,3.7188,0.5,0.625,2.3438,11.6875,0.0,2.5106382978723403,0.2125603864734299,0.21186,3.906464855107531
Pc62b6f4e46,2010,1,52.0,30.0,69.9,31.8,50.6,55.19,8.3,24.2,11.8,10.6,140.0,178.0,0.787,219.0,426.0,0.514,25.0,81.0,0.309,2.1,0.9,35.1,2.8,0.8703889,113.0,171.0,106.0,255.0,10.0,12.0,32.9667,2.2333,6.8667,1.5667,0.4667,0.6667,21.7667,0.1597633136094674,0.7894736842105263,1.017241379310345,0.6124199999999997,4.082472629196674
P989e9714fc,2010,1,53.0,,,,,,,,,,,,,,,,,,,,,,,,,,,,,,,,,,,,,,,,,
Pec2bc35d4f,2010,1,54.0,21.0,53.6,29.6,50.0,56.73,2.4,9.6,28.2,23.6,101.0,127.0,0.795,76.0,145.0,0.524,30.0,97.0,0.309,0.2,1.8,52.5,2.9,1.07499674,49.0,84.0,27.0,61.0,1.0,2.0,31.9048,0.6667,2.619,4.0952,1.0,0.0476,16.3333,0.4008264462809917,0.5128205128205129,1.146341463414634,0.6460799999999998,3.857364059816096
Pbbec177bac,2010,1,55.0,34.0,65.3,17.3,65.6,66.82,13.5,17.8,5.9,14.0,64.0,93.0,0.688,134.0,199.0,0.673,3.0,12.0,0.25,7.2,1.9,44.1,4.4,0.69446545,113.0,139.0,21.0,60.0,61.0,64.0,26.5,2.9706,3.9412,0.7353,0.8235,1.7941,10.0294,0.0568720379146919,1.6851851851851851,0.3933333333333333,-0.4541399999999997,3.1257868102017623
Pe6ceea2b5e,2010,1,56.0,31.0,70.3,16.7,58.2,59.7,9.3,17.2,3.2,17.5,72.0,117.0,0.615,113.0,194.0,0.582,0.0,0.0,0.0,14.6,0.9,60.3,4.0,0.29547697,95.0,131.0,18.0,63.0,66.0,73.0,28.2258,2.3548,4.6452,0.4194,0.4194,4.4839,9.6129,0.0,3.1,0.1729729729729729,-0.3201000000000002,2.933971044046384
P6ff85cb7e1,2010,1,58.0,27.0,53.9,27.3,57.5,59.84,12.0,21.7,9.0,22.2,80.0,119.0,0.672,144.0,246.0,0.585,4.0,15.0,0.267,3.6,2.1,45.6,4.6,0.38959989,85.0,123.0,59.0,123.0,11.0,11.0,26.6667,2.6667,5.4074,1.1111,0.963,0.8519,14.0741,0.057471264367816,1.017857142857143,0.3879310344827586,0.7183200000000004,3.217194451149535
P544c115a68,2010,1,57.0,31.0,54.8,18.3,49.1,51.58,9.9,10.0,10.1,23.2,46.0,77.0,0.597,82.0,167.0,0.491,0.0,0.0,0.0,2.6,1.5,46.1,2.6,0.68623872,45.0,71.0,37.0,96.0,5.0,5.0,22.7097,1.871,2.0968,1.129,0.5806,0.5161,6.7742,0.0,1.1388888888888888,0.4173553719008264,-0.0268599999999999,2.600955169533686
P19913201dd,2010,0,,34.0,85.9,23.6,51.5,56.22,3.3,11.7,29.6,16.6,117.0,151.0,0.775,130.0,251.0,0.518,47.0,138.0,0.341,2.0,1.6,38.8,2.0,2.0256745,68.0,107.0,62.0,144.0,10.0,10.0,34.3529,0.9412,3.7647,4.6471,0.9412,0.7353,15.2353,0.3547557840616966,1.2,1.6818181818181817,0.22392,3.893507403655864
P07a1fb349e,2011,0,,33.0,82.9,27.0,49.3,55.19,2.3,9.8,16.6,15.6,156.0,199.0,0.784,148.0,312.0,0.474,46.0,128.0,0.359,0.2,1.2,45.2,1.9,0.96154174,71.0,109.0,77.0,203.0,4.0,5.0,33.3939,0.6667,2.8788,2.2727,0.6667,0.0606,17.8788,0.2909090909090909,0.4827586206896551,1.0,0.3632999999999998,4.153880815373661
P76dbb66d26,2010,0,,,,,,,,,,,,,,,,,,,,,,,,,,,,,,,,,,,,,,,,,,
Pb486223088,2010,0,,,,,,,,,,,,,,,,,,,,,,,,,,,,,,,,,,,,,,,,,,
P4570803785,2010,0,,36.0,81.9,23.1,50.7,55.85,0.8,5.6,24.4,17.7,118.0,138.0,0.855,115.0,245.0,0.469,70.0,189.0,0.37,0.2,1.9,31.8,2.0,1.89411715,61.0,108.0,54.0,137.0,0.0,0.0,32.9722,0.2222,1.8611,4.4722,1.0833,0.0556,15.5,0.4354838709677419,0.7000000000000001,1.3048128342245988,0.1813500000000001,4.2189752128267415
P11d27a665c,2010,0,,33.0,72.5,26.2,52.4,57.56,12.2,14.7,8.5,18.9,154.0,218.0,0.706,176.0,336.0,0.524,0.0,0.0,0.0,4.1,1.2,64.9,3.6,0.4756117,126.0,180.0,50.0,155.0,35.0,41.0,29.3333,3.2121,3.7879,1.1818,0.6061,1.1212,15.3333,0.0,1.1521739130434785,0.4271356783919598,0.4687200000000001,3.8046846412504496
P467d53ba82,2010,0,,29.0,51.5,18.2,45.2,48.89,2.5,9.7,25.3,26.6,30.0,38.0,0.789,64.0,136.0,0.471,7.0,29.0,0.241,0.2,2.1,23.0,2.1,1.6949128,,,,,,,22.0,0.4828,2.1724,3.4483,0.8621,0.0345,6.1724,0.1757575757575757,0.7419354838709679,0.9166666666666666,0.0199799999999999,2.890550138796291
Pebc69ca1f1,2010,0,,35.0,82.0,20.5,51.1,53.4,10.5,19.4,9.3,14.5,110.0,184.0,0.598,185.0,361.0,0.512,0.0,1.0,0.0,3.0,0.9,50.8,2.3,0.95162023,,,,,,,34.5714,3.1429,6.8571,1.6857,0.5429,1.1429,13.7143,0.0027624309392265,1.181818181818182,0.6000000000000001,0.0169999999999999,3.121772783396838
P05848850fc,2011,0,,34.0,84.0,30.7,43.1,48.63,3.3,9.9,28.1,21.8,156.0,218.0,0.716,155.0,362.0,0.428,40.0,137.0,0.292,1.7,2.3,43.7,3.3,1.09089739,84.0,148.0,67.0,205.0,10.0,11.0,33.5882,0.9706,3.3235,4.2353,1.2941,0.6176,17.2353,0.2745490981963928,0.9302325581395348,1.2324561403508771,-0.1465899999999997,3.8585753585486144
P25609e2dfe,2014,0,,,,,,,,,,,,,,,,,,,,,,,,,,,,,,,,,,,,,,,,,,
Pcdba4ddbae,2010,0,,33.0,74.4,17.8,50.4,56.49,9.1,20.7,4.2,12.0,105.0,138.0,0.761,128.0,253.0,0.506,0.0,1.0,0.0,6.8,0.9,54.3,3.2,0.59463078,,,,,,,30.0,2.6061,5.7576,0.6667,0.4545,2.0909,10.9394,0.0039370078740157,1.8333333333333333,0.3230769230769231,-0.14278,3.755134663112457
P9c4bb7f4c2,2010,0,,30.0,87.3,30.5,47.3,53.61,5.9,14.2,26.8,16.7,147.0,184.0,0.799,128.0,268.0,0.478,47.0,152.0,0.309,1.1,3.3,43.8,1.6,1.34883316,60.0,90.0,68.0,178.0,16.0,16.0,36.3667,1.8,4.0,3.8667,1.8333,0.3667,18.1333,0.3619047619047619,1.6923076923076923,1.5141242937853108,0.3790499999999999,4.171064304237581
Pc42b84faf5,2011,0,,,,,,,,,,,,,,,,,,,,,,,,,,,,,,,,,,,,,,,,,,
P8a6c25e945,2011,0,,40.0,63.1,13.5,43.9,50.22,10.4,11.0,6.1,26.9,55.0,74.0,0.743,68.0,155.0,0.439,0.0,0.0,0.0,0.8,1.4,47.7,4.8,0.59016393,47.0,78.0,21.0,78.0,7.0,9.0,25.25,2.35,2.5,0.9,0.6,0.2,4.775,0.0,0.3793103448275862,0.2186379928315412,-0.0142999999999999,3.2078936683574786
Pf755f2c0c0,2011,0,,31.0,56.0,19.2,47.0,51.09,4.5,10.5,14.3,20.4,56.0,79.0,0.709,51.0,97.0,0.526,33.0,117.0,0.282,1.3,3.3,36.9,3.0,1.16002234,43.0,65.0,8.0,32.0,5.0,7.0,24.129,0.9677,2.2258,1.871,1.3548,0.2903,8.2903,0.5467289719626168,1.15,0.6682242990654207,-0.00872,3.106856883983782
P0074b51801,2012,0,,,,,,,,,,,,,,,,,,,,,,,,,,,,,,,,,,,,,,,,,,
Pd44ef7a78e,2013,0,,,,,,,,,,,,,,,,,,,,,,,,,,,,,,,,,,,,,,,,,,
Pc6eddeb128,2011,0,,18.0,46.3,35.3,40.7,48.34,4.7,12.8,36.0,24.2,104.0,137.0,0.759,72.0,189.0,0.381,25.0,80.0,0.313,0.5,2.3,50.9,3.1,1.11956324,59.0,125.0,13.0,64.0,1.0,1.0,33.2778,1.3889,3.7778,5.7222,1.3889,0.1667,17.9444,0.2973977695167286,0.6829268292682927,1.4285714285714286,-0.2539799999999994,3.739785547034318
Pb035a35ee9,2011,1,2.0,,,,,,,,,,,,,,,,,,,,,,,,,,,,,,,,,,,,,,,,,
P5969d3ea2a,2011,1,3.0,,,,,,,,,,,,,,,,,,,,,,,,,,,,,,,,,,,,,,,,,
Pc8dae45369,2011,1,4.0,,,,,,,,,,,,,,,,,,,,,,,,,,,,,,,,,,,,,,,,,
Pb5da2dd439,2011,1,5.0,,,,,,,,,,,,,,,,,,,,,,,,,,,,,,,,,,,,,,,,,
P4ec69893f6,2011,1,6.0,,,,,,,,,,,,,,,,,,,,,,,,,,,,,,,,,,,,,,,,,
P148aecdd52,2011,1,7.0,,,,,,,,,,,,,,,,,,,,,,,,,,,,,,,,,,,,,,,,,
P4a7a8900d7,2011,1,8.0,38.0,89.4,26.7,50.8,55.28,2.2,10.2,23.4,19.8,136.0,171.0,0.795,130.0,282.0,0.461,87.0,231.0,0.377,0.6,1.1,33.3,2.4,1.32499436,65.0,117.0,65.0,165.0,5.0,6.0,35.8684,0.6579,3.3684,4.1842,0.6579,0.2105,17.2895,0.4502923976608187,0.5000000000000001,1.125,0.3537600000000001,4.092258109066695
P2e890c30d2,2011,1,9.0,41.0,92.4,31.5,47.8,54.3,3.9,11.5,28.0,11.8,258.0,315.0,0.819,241.0,512.0,0.471,75.0,227.0,0.33,0.5,3.1,42.6,1.5,1.9784861,115.0,196.0,126.0,316.0,3.0,3.0,37.6341,1.2927,4.1463,4.4878,1.878,0.1707,23.5366,0.3071718538565629,1.44,2.1875,0.4944999999999996,4.713952872927681
Pb0e43997bd,2011,1,11.0,34.0,83.0,31.9,52.5,57.37,2.6,14.0,25.0,17.8,155.0,185.0,0.838,142.0,305.0,0.466,98.0,246.0,0.398,3.1,2.8,33.6,3.4,1.10433421,66.0,110.0,76.0,195.0,8.0,8.0,34.6765,0.7353,4.5,3.7353,1.6471,0.9412,21.5588,0.4464609800362976,1.3409090909090908,1.3297872340425532,0.8770299999999996,4.379175712571663
P9e7b32dc92,2011,1,12.0,37.0,78.2,32.1,49.8,57.71,9.1,14.7,19.8,15.0,245.0,298.0,0.822,215.0,421.0,0.511,28.0,95.0,0.295,1.0,2.0,57.8,3.0,1.13404034,122.0,186.0,93.0,235.0,26.0,28.0,31.5946,2.3514,4.1081,2.973,1.0811,0.2973,20.5135,0.1841085271317829,0.75,1.2375,0.9329100000000002,4.685764617327144
P2d49f5a403,2011,1,13.0,38.0,60.7,25.2,62.7,64.16,13.9,24.7,11.0,19.0,103.0,153.0,0.673,170.0,272.0,0.625,25.0,59.0,0.424,4.9,1.9,46.2,4.7,0.67947974,128.0,168.0,42.0,104.0,47.0,50.0,24.3684,2.7105,5.6053,1.3947,0.7895,1.1316,13.6316,0.1782477341389728,1.192982456140351,0.55,0.7363199999999998,3.389869101424373
P268ca85d2e,2011,1,14.0,38.0,70.6,25.9,60.1,62.51,11.5,19.0,11.4,13.7,148.0,215.0,0.688,214.0,345.0,0.62,26.0,76.0,0.342,2.4,1.7,51.1,3.6,0.92536297,114.0,147.0,100.0,198.0,31.0,33.0,28.3158,2.6053,5.0263,1.6316,0.8421,0.6316,17.2105,0.180522565320665,0.8913043478260869,0.7755102040816327,0.7380899999999997,3.6981915444867055
P22add316a5,2011,1,15.0,34.0,79.6,27.7,46.3,50.78,11.4,25.9,16.4,15.1,110.0,145.0,0.759,175.0,371.0,0.472,23.0,81.0,0.284,1.9,2.8,32.1,3.1,1.15998007,78.0,98.0,97.0,272.0,19.0,19.0,33.0,3.1765,7.5294,2.5588,1.4706,0.5882,15.5588,0.1792035398230088,1.146341463414634,1.0186335403726707,0.06006,3.782557425876627
Pbbfb6a2c4a,2011,1,16.0,34.0,87.0,25.1,53.9,57.8,9.8,25.6,11.0,12.1,123.0,163.0,0.755,186.0,343.0,0.542,29.0,83.0,0.349,4.4,0.9,38.3,3.2,0.93100417,97.0,138.0,89.0,205.0,20.0,24.0,34.9118,2.8529,7.4412,1.5882,0.5294,1.3824,17.1176,0.1948356807511737,1.261904761904762,0.8396946564885497,0.3977999999999999,3.85039915300727
P47e2698d94,2011,1,17.0,31.0,79.4,28.7,45.4,51.72,5.8,16.4,25.7,14.6,141.0,175.0,0.806,135.0,285.0,0.474,42.0,151.0,0.278,0.7,5.0,40.1,3.5,1.5000001,79.0,114.0,56.0,171.0,19.0,25.0,32.0,1.7419,4.1935,3.4839,2.7419,0.1935,17.3226,0.3463302752293578,1.2666666666666666,1.6474358974358974,0.1496399999999998,4.16741010000075
P701bdb09e4,2011,1,18.0,28.0,59.6,23.6,49.5,53.06,8.2,17.0,8.9,18.2,84.0,126.0,0.667,89.0,191.0,0.466,35.0,95.0,0.368,5.9,3.9,44.1,4.4,0.54098959,47.0,79.0,42.0,111.0,19.0,22.0,29.0714,2.0714,4.75,1.1786,1.9643,1.4643,13.1071,0.3321678321678322,1.8148148148148149,0.4635416666666667,0.1101600000000001,3.2310727866678803
Pce627023f0,2011,1,19.0,34.0,72.5,25.9,48.9,53.96,7.5,20.6,10.4,14.3,128.0,170.0,0.753,162.0,326.0,0.497,23.0,76.0,0.303,3.4,1.4,42.3,2.8,0.7096792,95.0,143.0,67.0,183.0,21.0,23.0,29.2059,1.9706,5.2941,1.2941,0.7059,0.8529,15.3235,0.1890547263681592,1.263157894736842,0.6797385620915033,0.23364,3.8716726580465033
Pce366ff1b3,2011,1,20.0,,,,,,,,,,,,,,,,,,,,,,,,,,,,,,,,,,,,,,,,,
Pa98bcc077b,2011,1,21.0,37.0,85.1,30.8,50.8,56.4,4.1,10.1,30.3,17.3,187.0,230.0,0.813,203.0,405.0,0.501,57.0,163.0,0.35,0.2,2.0,40.5,2.3,1.60168696,121.0,180.0,82.0,225.0,19.0,21.0,34.027,1.1892,3.2973,5.1081,1.2162,0.0811,20.6486,0.2869718309859155,0.6666666666666667,1.6557377049180328,0.6911999999999999,4.424685598654218
P0c700e1af1,2011,1,22.0,32.0,87.0,25.7,61.0,60.98,19.9,30.9,7.3,18.2,136.0,235.0,0.579,208.0,341.0,0.61,0.0,0.0,0.0,8.1,3.4,68.9,3.6,0.38822381,163.0,231.0,45.0,110.0,70.0,74.0,35.2188,5.75,8.625,1.0312,1.9062,2.1875,17.25,0.0,2.5,0.3802083333333333,0.6258599999999997,3.163558615109828
P31bc34ca23,2011,1,23.0,,,,,,,,,,,,,,,,,,,,,,,,,,,,,,,,,,,,,,,,,
P9cc36d2c64,2011,1,24.0,34.0,85.4,27.2,58.5,61.79,3.9,11.3,29.7,16.0,109.0,137.0,0.796,148.0,266.0,0.556,71.0,169.0,0.42,1.7,1.9,31.5,2.0,1.87651111,99.0,150.0,49.0,116.0,25.0,25.0,34.1471,1.0294,3.2647,4.4706,1.0588,0.5294,18.1765,0.3885057471264367,1.2,1.7470588235294118,0.8488799999999999,3.9220939333851352
Pe1228b6b2c,2011,1,26.0,,,,,,,,,,,,,,,,,,,,,,,,,,,,,,,,,,,,,,,,,
P53502448c1,2011,1,27.0,34.0,88.1,27.3,50.9,56.36,7.9,20.2,6.4,10.3,169.0,209.0,0.809,242.0,469.0,0.516,15.0,51.0,0.294,6.7,1.5,40.2,1.8,0.58927814,49.0,74.0,193.0,395.0,23.0,26.0,35.3824,2.4118,6.1471,0.9706,0.8824,2.3235,20.5294,0.098076923076923,2.9285714285714284,0.5663716814159292,0.4642799999999999,4.3258099923504325
Pd9bc466fd2,2011,1,28.0,34.0,90.2,32.8,47.0,54.83,2.5,16.7,38.0,14.3,221.0,259.0,0.853,189.0,407.0,0.464,46.0,142.0,0.324,0.3,3.7,47.2,2.8,1.94738903,114.0,181.0,75.0,226.0,6.0,8.0,36.0882,0.7647,5.1176,5.4412,2.1765,0.0882,21.6765,0.2586520947176685,1.0526315789473684,2.4836601307189543,0.6182399999999997,4.743261431256245
P4d8e3ba87c,2011,1,29.0,36.0,80.4,16.8,50.3,52.57,2.2,9.5,17.3,16.1,51.0,73.0,0.699,84.0,196.0,0.429,52.0,126.0,0.413,0.9,1.9,22.7,2.2,2.01853339,35.0,73.0,49.0,123.0,1.0,1.0,32.3889,0.6389,2.9167,3.0278,1.0278,0.3056,10.4167,0.391304347826087,0.8749999999999999,1.0116959064327484,-0.0822399999999999,3.0085415001497147
P85135a294f,2011,1,30.0,37.0,86.3,21.2,51.6,58.67,8.2,12.0,13.2,11.6,188.0,240.0,0.783,167.0,324.0,0.515,20.0,58.0,0.345,1.1,2.4,62.8,1.5,1.59253177,106.0,158.0,61.0,166.0,17.0,17.0,34.6486,2.4324,3.6486,2.3243,1.4324,0.3514,15.7297,0.1518324607329843,1.4,1.0476190476190477,0.1040399999999999,4.294595998923183
P74ab2a2c37,2011,1,32.0,37.0,79.1,24.7,61.8,64.17,6.5,18.6,8.9,12.1,94.0,118.0,0.797,168.0,287.0,0.585,77.0,172.0,0.448,4.0,1.2,25.7,2.8,0.76788899,106.0,136.0,62.0,151.0,15.0,17.0,31.8378,1.6757,5.2432,1.1622,0.6216,1.2162,17.8649,0.3747276688453159,1.368421052631579,0.6793893129770993,0.6659900000000001,3.8089614240098895
P69e13b90fc,2011,1,33.0,37.0,86.9,23.5,49.1,53.64,8.0,13.3,8.8,13.2,125.0,155.0,0.806,157.0,316.0,0.497,62.0,193.0,0.321,0.8,1.5,30.5,3.0,0.8571278,80.0,113.0,77.0,203.0,4.0,4.0,34.7568,2.3784,4.4595,1.6216,0.9189,0.3243,16.8919,0.3791748526522593,0.575,0.619718309859155,0.1274,4.070183941843127
P43d78a0411,2011,1,34.0,37.0,79.4,27.9,49.0,53.25,2.7,14.3,25.1,16.9,120.0,156.0,0.769,107.0,237.0,0.451,85.0,242.0,0.351,0.3,1.4,32.6,2.2,1.41756451,59.0,95.0,48.0,142.0,2.0,2.0,32.1892,0.7297,3.7568,3.4865,0.7297,0.0811,15.9189,0.5052192066805845,0.53125,1.4022346368715086,0.25675,3.888253024312849
P2e873db9ac,2011,1,35.0,33.0,83.9,21.7,48.3,51.93,5.3,17.8,16.8,23.6,78.0,106.0,0.736,89.0,203.0,0.438,55.0,152.0,0.362,5.6,1.5,29.9,1.8,0.930007,57.0,98.0,32.0,105.0,17.0,20.0,34.9697,1.5152,5.697,2.8182,0.8788,2.0606,12.7576,0.428169014084507,2.5357142857142856,0.6829268292682926,0.0328099999999999,3.4392020221639625
P629d2ef8de,2011,1,36.0,33.0,81.3,23.7,53.8,55.23,12.6,26.0,3.9,11.5,131.0,228.0,0.575,213.0,396.0,0.538,0.0,0.0,0.0,4.1,1.2,57.6,3.0,0.39623934,168.0,262.0,45.0,133.0,37.0,42.0,32.5152,3.6667,8.0909,0.6364,0.697,1.3636,16.8788,0.0,1.325,0.312,0.1935099999999998,3.124390152043688
P2c06075e55,2011,1,37.0,,,,,,,,,,,,,,,,,,,,,,,,,,,,,,,,,,,,,,,,,
P3e5e9d6579,2011,1,39.0,,,,,,,,,,,,,,,,,,,,,,,,,,,,,,,,,,,,,,,,,
P96af95e7fd,2011,1,40.0,34.0,83.1,29.4,52.6,56.8,6.5,22.6,12.8,11.3,113.0,134.0,0.843,173.0,337.0,0.513,54.0,146.0,0.37,3.1,1.0,27.7,2.6,1.03708601,57.0,75.0,116.0,262.0,17.0,18.0,33.5,1.6765,5.5588,1.6471,0.5,0.8824,18.2647,0.3022774327122153,1.1388888888888888,1.040650406504065,0.6391999999999997,4.135146638223596
Pde91f9542b,2011,1,41.0,34.0,86.4,29.5,50.6,54.36,3.3,10.9,43.9,18.7,106.0,148.0,0.716,178.0,335.0,0.531,15.0,61.0,0.246,0.1,1.9,37.4,2.5,2.20790428,78.0,124.0,100.0,211.0,4.0,5.0,34.7941,0.9118,3.1176,6.5588,1.0,0.0294,14.9118,0.154040404040404,0.5714285714285714,2.228426395939086,0.4141999999999999,3.582825555056949
P2606a3d161,2011,1,42.0,,,,,,,,,,,,,,,,,,,,,,,,,,,,,,,,,,,,,,,,,
P52af59d765,2011,1,43.0,33.0,79.5,19.5,49.7,55.31,2.6,7.8,12.9,15.3,112.0,144.0,0.778,102.0,191.0,0.534,39.0,132.0,0.295,0.6,1.2,44.6,2.9,1.21815557,81.0,117.0,21.0,74.0,8.0,10.0,33.1212,0.697,2.3636,2.0303,0.6364,0.2121,13.1212,0.4086687306501548,0.4615384615384615,0.7914110429447853,-0.02655,3.871898851603207
P355f728583,2011,1,44.0,32.0,92.4,28.7,57.7,62.93,1.6,8.6,31.3,12.8,179.0,217.0,0.825,176.0,317.0,0.555,63.0,152.0,0.414,1.8,2.7,46.3,2.1,2.11262838,93.0,139.0,83.0,178.0,0.0,0.0,37.4062,0.5,2.7188,4.6875,1.6562,0.625,22.5,0.32409381663113,1.4516129032258065,2.268115942028986,1.12491,4.442208426800998
P50ca99530f,2011,1,45.0,38.0,71.0,13.7,61.5,61.59,15.2,18.9,5.1,11.3,33.0,56.0,0.589,125.0,198.0,0.631,2.0,10.0,0.2,5.2,2.0,26.9,3.4,1.07152549,101.0,128.0,24.0,70.0,18.0,19.0,28.5,3.6842,4.9737,0.7895,0.9211,1.5,7.6053,0.048076923076923,1.6363636363636362,0.4146341463414633,-0.7301700000000002,2.38135719675455
Pd11fd10026,2011,1,46.0,37.0,88.0,33.1,54.9,57.5,2.3,9.9,26.4,16.3,110.0,134.0,0.821,187.0,377.0,0.496,131.0,322.0,0.407,0.5,1.5,19.2,2.0,1.31932084,41.0,68.0,146.0,309.0,7.0,8.0,35.1892,0.6757,3.1892,4.2432,0.8919,0.1892,23.7027,0.4606580829756795,0.6666666666666666,1.5260115606936415,0.9825000000000002,4.027230593097951
P36b818b767,2011,1,47.0,33.0,78.7,24.8,51.0,56.05,12.2,13.6,20.6,16.7,109.0,136.0,0.801,164.0,317.0,0.517,13.0,43.0,0.302,2.0,2.3,37.8,2.4,1.36620961,119.0,173.0,45.0,144.0,43.0,47.0,32.1818,3.2121,3.9697,2.9394,1.2121,0.6061,14.4242,0.1194444444444444,1.2647058823529411,1.163841807909605,0.2903999999999999,3.940904721588328
Pe6bde91a1f,2011,1,48.0,34.0,81.0,24.1,55.4,57.89,9.1,24.3,6.0,13.3,150.0,236.0,0.636,217.0,391.0,0.555,8.0,22.0,0.364,9.8,1.4,57.1,3.8,0.5538236,138.0,179.0,79.0,212.0,46.0,46.0,32.5,2.5588,7.5588,1.0588,0.7941,3.5882,17.8824,0.0532687651331719,2.3333333333333335,0.4195804195804196,0.3234900000000001,3.477686249761944
Pc4acbf93e3,2011,1,49.0,26.0,34.8,23.3,46.1,48.91,2.4,9.7,17.8,24.4,28.0,37.0,0.757,38.0,99.0,0.384,34.0,94.0,0.362,0.2,2.3,19.2,3.3,1.05656117,17.0,33.0,21.0,66.0,2.0,3.0,20.3846,0.3846,1.8462,2.1538,0.8077,0.0385,7.9231,0.4870466321243523,0.5813953488372093,0.7007874015748032,-0.0359700000000001,2.7536527229128738
Pbb988d44ca,2011,1,50.0,33.0,81.5,20.1,48.8,51.9,9.3,20.2,13.6,14.7,69.0,99.0,0.697,149.0,304.0,0.49,5.0,17.0,0.294,5.4,1.3,30.8,2.7,1.38884142,93.0,122.0,56.0,182.0,15.0,16.0,33.9394,2.6667,5.9091,2.2727,0.697,1.8485,11.5758,0.0529595015576324,1.8108108108108107,0.8662420382165605,0.0019,3.2098036196337
P4f47ca7b5d,2011,1,52.0,37.0,59.7,24.3,59.3,57.77,10.9,15.0,7.7,17.7,46.0,102.0,0.451,191.0,322.0,0.593,0.0,0.0,0.0,3.1,0.9,31.7,4.0,0.47618489,128.0,168.0,63.0,154.0,32.0,35.0,24.4595,2.2162,3.1622,0.8108,0.3514,0.7027,11.5676,0.0,0.8,0.411764705882353,0.3341100000000001,2.090262773691566
P7f14bdd3aa,2011,1,53.0,38.0,78.8,15.9,49.2,52.25,2.2,11.8,14.2,17.3,68.0,105.0,0.648,76.0,172.0,0.442,36.0,92.0,0.391,2.3,2.3,39.8,3.1,1.74540555,42.0,73.0,34.0,99.0,6.0,8.0,31.6053,0.5789,3.4474,2.5263,1.2105,0.7368,8.6316,0.3484848484848485,1.1219512195121952,0.7759562841530054,-0.09225,3.0219085329846194
P3ce7981258,2011,1,60.0,35.0,79.1,27.2,51.7,56.25,2.5,9.5,32.7,19.0,151.0,210.0,0.719,128.0,250.0,0.512,60.0,172.0,0.349,0.2,2.3,49.8,2.7,2.0480918,85.0,126.0,43.0,124.0,1.0,3.0,31.8571,0.7429,2.7714,6.0857,1.3429,0.0571,16.7714,0.4075829383886256,0.6756756756756757,1.6350000000000002,0.4499999999999999,3.847985997969291
P109788f4ba,2011,0,,30.0,67.6,24.1,50.9,52.52,3.7,9.6,15.2,14.7,54.0,82.0,0.659,159.0,325.0,0.489,29.0,73.0,0.397,0.7,2.0,20.6,1.6,1.15517506,58.0,93.0,101.0,232.0,7.0,7.0,30.8667,1.0333,2.6667,2.2333,1.1,0.2333,15.3,0.1834170854271356,1.0384615384615383,0.9681528662420382,0.1033200000000001,2.9120159605379583
P8ec07e793f,2013,0,,,,,,,,,,,,,,,,,,,,,,,,,,,,,,,,,,,,,,,,,,
P762dcd7f87,2011,0,,37.0,80.3,24.7,47.2,54.83,2.9,8.6,14.4,15.1,171.0,197.0,0.868,158.0,346.0,0.457,36.0,103.0,0.35,1.2,1.8,43.9,2.6,1.16880496,72.0,123.0,86.0,223.0,13.0,13.0,32.4324,0.7838,2.4595,2.4324,1.0,0.3784,16.0811,0.2293986636971046,0.8333333333333333,0.8944099378881987,0.2270099999999999,4.590215782642857
P9ee45f9ea5,2011,0,,32.0,69.4,19.8,50.0,57.0,5.8,18.4,14.3,18.0,105.0,135.0,0.778,84.0,173.0,0.486,20.0,55.0,0.364,2.1,3.7,59.2,3.0,1.18175471,59.0,86.0,24.0,84.0,10.0,10.0,28.7188,1.375,4.25,2.0312,1.75,0.4688,10.4062,0.2412280701754386,1.4500000000000002,0.7526315789473684,-0.0139999999999999,3.822045501102649
Pa5d1a1783b,2011,0,,32.0,80.0,26.0,42.2,46.62,5.7,15.8,13.1,12.8,93.0,119.0,0.782,112.0,282.0,0.397,53.0,172.0,0.308,3.5,2.0,26.2,2.5,1.0,49.0,87.0,63.0,195.0,4.0,5.0,32.25,1.625,4.2188,1.8125,1.0938,1.0,14.875,0.3788546255506608,1.5714285714285714,0.9492753623188404,-0.2028000000000001,3.74381854285556
Pf7cebccf2c,2011,0,,36.0,69.6,21.7,52.4,57.04,7.2,12.9,11.2,15.8,97.0,124.0,0.782,120.0,224.0,0.536,31.0,94.0,0.33,3.4,2.2,39.0,3.4,0.8772185,71.0,112.0,49.0,112.0,5.0,5.0,27.9167,1.7222,3.2222,1.3889,1.0,0.9722,11.9444,0.2955974842767295,1.2727272727272725,0.6666666666666666,0.1196799999999999,3.7757413425704
P4e1bce542d,2011,0,,32.0,70.9,24.1,60.9,61.08,10.5,25.0,16.9,22.3,85.0,145.0,0.586,148.0,243.0,0.609,0.0,0.0,0.0,7.8,1.1,59.7,3.5,0.96247997,97.0,149.0,45.0,81.0,33.0,37.0,28.5938,2.3125,5.7812,2.4062,0.5312,1.9688,11.9062,0.0,1.977777777777778,0.7253218884120171,0.4542800000000001,2.920393480321085
P3d4bf642e0,2011,0,,25.0,69.0,33.5,51.2,58.78,2.9,13.1,15.4,21.5,165.0,195.0,0.846,121.0,254.0,0.476,46.0,117.0,0.393,0.9,2.2,52.6,3.4,0.46534654,42.0,70.0,79.0,184.0,6.0,6.0,32.28,0.84,3.76,1.88,1.2,0.28,21.8,0.3153638814016172,0.7045454545454545,0.6844444444444444,1.1853000000000002,4.465285001709017
Pe0ab16a2ed,2011,0,,34.0,91.0,15.7,53.5,54.92,4.1,19.2,26.7,19.1,76.0,135.0,0.563,87.0,148.0,0.588,13.0,51.0,0.255,1.7,2.3,67.8,2.6,2.79680187,64.0,90.0,23.0,58.0,13.0,15.0,36.7941,1.2059,6.3824,5.2647,1.4412,0.5588,8.5,0.2562814070351759,1.1111111111111112,1.3283582089552235,-0.21156,2.765824700669397
P89d1117940,2011,0,,,,,,,,,,,,,,,,,,,,,,,,,,,,,,,,,,,,,,,,,,
P7c4530d600,2011,0,,35.0,76.7,22.0,53.5,56.17,11.2,19.1,14.1,19.0,97.0,154.0,0.63,148.0,270.0,0.548,2.0,12.0,0.167,7.2,0.9,54.6,3.0,1.08336977,101.0,125.0,47.0,145.0,31.0,32.0,30.9143,2.9143,5.2,2.2286,0.4286,2.1143,11.4,0.0425531914893617,2.025,0.705,0.1234,3.1773578236591256
Pd125ec3ee3,2018,0,,,,,,,,,,,,,,,,,,,,,,,,,,,,,,,,,,,,,,,,,,
P13a0e44cab,2011,0,,,,,,,,,,,,,,,,,,,,,,,,,,,,,,,,,,,,,,,,,,
P542c8bbfa1,2011,0,,,,,,,,,,,,,,,,,,,,,,,,,,,,,,,,,,,,,,,,,,
Pfb151947b8,2000,1,1.0,,,,,,,,,,,,,,,,,,,,,,,,,,,,,,,,,,,,,,,,,
P1edb3aa5e4,2012,0,,,,,,,,,,,,,,,,,,,,,,,,,,,,,,,,,,,,,,,,,,
P163aa00374,2012,1,1.0,40.0,80.1,19.1,62.8,65.41,11.6,23.9,7.5,10.0,144.0,203.0,0.709,207.0,317.0,0.653,3.0,20.0,0.15,13.7,2.5,60.2,2.4,1.21951222,152.0,174.0,55.0,143.0,96.0,98.0,32.025,2.975,7.4,1.25,1.35,4.65,14.175,0.059347181008902,4.764705882352941,0.6818181818181818,-0.1386899999999997,3.770547075635549
P272afc1b90,2012,1,2.0,40.0,77.8,21.3,51.1,57.05,10.3,16.1,10.8,19.6,143.0,192.0,0.745,147.0,275.0,0.535,13.0,51.0,0.255,2.8,1.9,58.9,3.1,0.86206898,100.0,143.0,47.0,132.0,34.0,36.0,31.125,2.575,4.85,1.875,0.975,0.925,11.9,0.156441717791411,1.146341463414634,0.5242718446601942,0.09165,3.92070419073414
Pa260a40e68,2012,1,3.0,37.0,84.7,22.4,52.5,57.45,4.8,18.1,12.7,17.0,133.0,173.0,0.769,112.0,207.0,0.541,63.0,186.0,0.339,2.6,2.5,44.0,2.4,1.05063003,89.0,137.0,23.0,70.0,18.0,20.0,34.2432,1.3514,5.3784,2.2432,1.3784,0.8378,14.7568,0.4732824427480916,1.5,0.7055555555555555,0.1787999999999999,3.967313525095973
P43f8251240,2012,1,4.0,,,,,,,,,,,,,,,,,,,,,,,,,,,,,,,,,,,,,,,,,
Pf849910cdc,2012,1,5.0,39.0,79.2,29.4,51.2,54.87,11.1,30.7,13.1,16.8,163.0,239.0,0.682,254.0,503.0,0.505,7.0,14.0,0.5,2.9,2.0,46.2,3.5,0.69231637,169.0,262.0,80.0,229.0,70.0,83.0,31.7949,2.8974,8.9744,1.8462,1.0769,0.8718,17.7436,0.0270793036750483,1.088888888888889,0.7359550561797752,0.4577799999999997,3.737795745719238
Pf9e0178b31,2012,1,6.0,30.0,87.2,32.3,54.5,62.11,1.9,14.1,28.0,12.0,215.0,243.0,0.885,129.0,256.0,0.504,86.0,217.0,0.396,0.7,2.5,51.4,2.3,1.78260869,98.0,169.0,31.0,87.0,13.0,17.0,35.3,0.5333,4.2667,4.1,1.5,0.2333,24.3667,0.4587737843551797,0.9696969696969698,2.1538461538461537,1.4895299999999994,4.864993879384484
Pc3d030ae81,2012,1,8.0,35.0,77.2,23.3,53.4,55.77,4.7,17.6,9.2,15.5,72.0,94.0,0.766,143.0,276.0,0.518,72.0,194.0,0.371,3.0,2.3,20.0,3.6,0.69999999,60.0,87.0,83.0,189.0,22.0,28.0,31.0857,1.3714,5.0571,1.4,1.2571,0.9429,16.4,0.4127659574468085,1.1521739130434785,0.5575757575757575,0.1904100000000001,3.4882696989660142
P4e4e438f6e,2012,1,9.0,34.0,70.3,20.8,53.8,50.93,14.2,15.5,3.4,16.0,26.0,88.0,0.295,157.0,290.0,0.541,0.0,2.0,0.0,9.9,1.8,30.1,3.1,0.28847914,130.0,185.0,27.0,105.0,80.0,89.0,28.4412,3.3529,4.2059,0.4412,0.8235,2.7059,10.0,0.0068493150684931,2.853658536585366,0.1999999999999999,0.00744,1.324147729070981
Pb5ebcb5d6c,2012,1,7.0,38.0,72.9,26.0,48.7,52.8,6.9,11.0,7.2,14.0,141.0,195.0,0.723,180.0,384.0,0.469,49.0,137.0,0.358,1.1,2.0,37.4,2.4,0.58108249,66.0,90.0,113.0,293.0,34.0,34.0,29.2368,1.9474,3.2632,1.1316,1.0789,0.3421,17.0526,0.2629558541266795,0.911764705882353,0.48,0.1679999999999998,3.816076898623664
P3f927eeca6,2012,1,11.0,32.0,78.6,22.0,58.6,61.77,9.1,23.5,9.9,18.7,93.0,127.0,0.732,169.0,280.0,0.604,1.0,11.0,0.091,6.9,0.9,43.6,3.7,0.63237645,109.0,144.0,60.0,136.0,51.0,56.0,31.8125,2.2812,5.9062,1.3438,0.4688,1.875,13.5625,0.0378006872852233,1.6595744680851066,0.5025380710659899,0.2354,3.5516861531891597
P4d2e34ba12,2012,1,12.0,34.0,92.1,22.2,55.6,58.95,3.0,11.1,10.1,15.0,98.0,121.0,0.81,146.0,243.0,0.601,71.0,211.0,0.336,1.7,2.1,26.7,1.8,0.85294998,67.0,85.0,79.0,158.0,23.0,24.0,37.2353,0.9412,3.9412,1.7059,1.2353,0.6176,17.7353,0.4647577092511013,1.3571428571428572,0.63125,0.1969,3.8912570462339384
Pca1e2194fa,2012,1,13.0,36.0,77.9,17.1,52.9,55.8,0.5,7.3,45.1,27.2,55.0,79.0,0.696,77.0,146.0,0.527,28.0,79.0,0.354,0.5,2.0,35.1,1.9,3.47519256,35.0,53.0,42.0,93.0,0.0,0.0,33.0,0.1667,2.4444,9.75,1.1944,0.1667,8.1389,0.3511111111111111,0.8620689655172414,1.599290780141844,-0.1681999999999998,3.049890537733021
P400aecdd2c,2012,1,14.0,35.0,66.8,21.9,50.0,50.51,9.1,25.1,8.0,11.0,69.0,135.0,0.511,205.0,410.0,0.5,0.0,0.0,0.0,9.6,1.1,32.9,2.2,0.97775533,83.0,115.0,122.0,295.0,55.0,57.0,29.1143,2.5429,7.4,1.2571,0.5714,2.8857,13.6857,0.0,3.3437499999999996,0.6666666666666666,0.0096899999999999,2.5103666466111227
P089ae8ca96,2012,1,15.0,,,,,,,,,,,,,,,,,,,,,,,,,,,,,,,,,,,,,,,,,
P47044d9385,2012,1,16.0,34.0,78.8,29.1,54.0,53.6,9.4,24.6,34.5,24.7,102.0,205.0,0.498,171.0,316.0,0.541,4.0,12.0,0.333,3.0,2.2,62.5,3.3,1.30770239,129.0,176.0,42.0,140.0,46.0,47.0,31.5294,2.5,6.7941,5.0,1.1765,0.9412,13.4118,0.0365853658536585,1.2093023255813955,1.3424124513618678,0.3276000000000001,2.653282332057211
Pbc5d4fc393,2012,1,17.0,38.0,70.2,24.4,55.3,61.56,14.1,20.2,6.3,15.3,181.0,224.0,0.808,220.0,398.0,0.553,0.0,0.0,0.0,5.3,1.7,56.3,3.8,0.49315494,89.0,131.0,131.0,267.0,32.0,34.0,28.1579,3.8421,5.7632,0.9474,0.8947,1.5263,16.3421,0.0,1.4583333333333337,0.3865030674846625,0.5086399999999999,4.376209124981171
Pcfae2f19b7,2012,1,18.0,38.0,69.6,22.3,52.3,54.66,10.8,16.3,8.7,14.9,99.0,158.0,0.627,161.0,305.0,0.528,16.0,49.0,0.327,5.8,2.7,44.6,3.3,0.82256681,123.0,167.0,38.0,138.0,58.0,62.0,29.3158,2.5263,4.6316,1.3421,1.2895,1.7895,12.3421,0.1384180790960452,1.976744186046512,0.5471698113207547,0.1071799999999999,3.1782029347920853
Pc2a67f2add,2012,1,19.0,32.0,74.3,28.1,60.1,63.77,11.2,22.8,9.4,18.1,128.0,165.0,0.776,197.0,332.0,0.593,23.0,53.0,0.434,7.3,1.3,42.9,3.7,0.41248002,109.0,151.0,88.0,181.0,33.0,36.0,30.0625,2.5938,5.8125,1.0312,0.6562,1.9688,18.4688,0.1376623376623376,1.829787234042553,0.4921465968586387,1.1153700000000004,3.966902523764678
P83b3d780d7,2012,1,21.0,37.0,72.0,27.3,53.8,59.11,12.5,24.0,8.6,13.7,175.0,228.0,0.768,212.0,399.0,0.531,16.0,40.0,0.4,4.0,2.3,51.9,3.9,0.64787114,118.0,173.0,94.0,226.0,16.0,17.0,30.3514,3.1351,6.0541,1.2432,1.1622,1.0541,17.4865,0.0911161731207289,1.2857142857142856,0.5850340136054422,0.66503,4.173098498729656
Pa3f9e715ae,2012,1,22.0,30.0,51.4,17.1,56.6,58.06,12.3,13.5,5.0,20.0,38.0,60.0,0.633,98.0,173.0,0.566,0.0,0.0,0.0,13.0,1.2,34.7,4.5,0.48838344,78.0,108.0,20.0,65.0,45.0,51.0,25.4333,2.6667,3.1667,0.7,0.5,2.9333,7.8,0.0,2.5818181818181816,0.238095238095238,-0.2337399999999999,2.602183156021706
P6d4d3ba13b,2012,1,23.0,35.0,80.9,23.6,62.0,65.58,1.7,8.2,8.4,12.0,128.0,153.0,0.837,83.0,153.0,0.542,134.0,305.0,0.439,1.0,1.5,33.4,1.4,0.76365026,47.0,64.0,36.0,89.0,1.0,1.0,33.6286,0.4571,2.4286,1.2,0.8286,0.3143,19.8857,0.665938864628821,1.0416666666666667,0.6461538461538462,0.5608800000000002,4.2159293282202075
P31e884be2b,2012,1,24.0,35.0,85.9,25.3,50.2,56.28,3.5,9.6,15.7,18.3,193.0,263.0,0.734,144.0,287.0,0.502,49.0,146.0,0.336,1.3,4.1,60.7,2.8,0.98037266,119.0,189.0,25.0,98.0,31.0,35.0,35.0857,1.0286,2.8286,2.8571,2.5714,0.4286,17.9429,0.3371824480369515,1.4210526315789471,0.8134715025906735,0.3328400000000001,4.092746641709396
Pb9c8134dba,2000,1,2.0,,,,,,,,,,,,,,,,,,,,,,,,,,,,,,,,,,,,,,,,,
P52c65c114a,2012,1,25.0,35.0,75.3,32.1,45.3,48.83,8.0,9.8,24.5,21.8,154.0,264.0,0.583,189.0,391.0,0.483,9.0,56.0,0.161,1.2,3.5,59.1,3.5,0.98485972,134.0,232.0,55.0,159.0,17.0,20.0,30.3429,2.2857,2.7429,3.7143,1.8857,0.3714,15.9714,0.1252796420581655,1.0444444444444445,1.0745614035087718,-0.1415700000000002,3.2529824885499674
P4bc4764e2a,2012,1,26.0,34.0,50.9,17.6,61.0,62.05,16.6,22.7,5.1,20.0,48.0,76.0,0.632,89.0,146.0,0.61,0.0,0.0,0.0,4.2,1.5,52.1,4.5,0.42855988,65.0,91.0,24.0,55.0,26.0,31.0,20.5,2.9118,4.2059,0.5294,0.5294,0.9412,6.6471,0.0,1.0363636363636364,0.2428571428571428,-0.2891999999999998,2.7452850266115285
P8d6fb61ea0,2012,1,27.0,30.0,79.5,23.6,56.1,60.96,12.2,21.7,7.0,17.5,124.0,159.0,0.78,172.0,310.0,0.555,8.0,18.0,0.444,2.1,1.4,48.5,2.5,0.47947232,121.0,164.0,51.0,146.0,62.0,66.0,35.7667,3.6667,6.8,1.1667,0.8333,0.7667,16.4,0.0548780487804878,1.0,0.3783783783783784,0.3945600000000002,3.958635575882385
Pd2430f6dfc,2012,1,28.0,32.0,66.6,22.6,51.0,53.61,10.8,18.6,8.8,14.4,71.0,102.0,0.696,169.0,328.0,0.515,10.0,33.0,0.303,2.1,1.7,28.3,3.1,0.75922966,92.0,132.0,77.0,196.0,41.0,44.0,30.9062,2.6875,5.0312,1.2812,0.875,0.5938,13.7188,0.0914127423822714,0.926829268292683,0.5714285714285715,0.09386,3.225771375807826
P838aeb9cb6,2012,1,29.0,40.0,81.4,21.0,44.9,49.08,1.6,6.7,25.5,23.8,85.0,119.0,0.714,119.0,272.0,0.438,26.0,80.0,0.325,0.8,1.7,33.8,2.8,1.75229367,86.0,155.0,33.0,117.0,7.0,7.0,32.575,0.425,2.1,4.775,0.925,0.275,10.025,0.2272727272727272,0.6578947368421053,1.0282258064516128,-0.0092,3.4182691043463804
Pc6c9992e46,2012,1,30.0,26.0,41.4,25.7,53.9,56.7,13.0,17.4,2.9,22.7,84.0,139.0,0.604,89.0,165.0,0.539,0.0,0.0,0.0,9.0,1.1,84.2,5.4,0.13793259,78.0,106.0,11.0,59.0,31.0,32.0,23.1923,2.3846,3.5385,0.3077,0.4231,2.0,10.0769,0.0,1.5781249999999998,0.1223628691983122,0.3819000000000001,2.9847520232560196
Pc0b16a51f2,2012,1,32.0,,,,,,,,,,,,,,,,,,,,,,,,,,,,,,,,,,,,,,,,,
P86f7665380,2012,1,33.0,35.0,68.9,20.2,60.6,60.17,13.6,19.7,3.6,21.7,64.0,116.0,0.552,157.0,259.0,0.606,0.0,0.0,0.0,9.5,1.6,44.8,2.8,0.21915903,132.0,195.0,25.0,64.0,54.0,56.0,27.9714,3.0571,5.0286,0.4571,0.7429,2.3429,10.8,0.0,2.9210526315789473,0.158590308370044,0.0203399999999999,2.628720012008362
Pa548aa166c,2012,1,35.0,37.0,82.8,28.2,50.4,54.22,8.2,28.5,24.2,19.7,125.0,173.0,0.723,160.0,338.0,0.473,52.0,134.0,0.388,3.4,2.7,36.7,3.4,1.25893629,101.0,165.0,59.0,173.0,13.0,14.0,33.2162,2.1351,8.4865,3.8108,1.4595,0.973,16.2432,0.2838983050847458,1.3863636363636362,1.1690821256038648,0.3460399999999998,3.729996981332104
Pf2c709b50b,2012,1,36.0,29.0,84.7,29.1,53.0,56.61,4.9,13.5,19.2,15.1,124.0,174.0,0.713,126.0,270.0,0.467,67.0,157.0,0.427,2.2,1.9,40.7,2.1,1.19715727,55.0,84.0,71.0,186.0,8.0,8.0,34.4828,1.4138,4.3103,2.931,1.0345,0.6897,19.8966,0.3676814988290398,1.3225806451612905,1.1925465838509317,0.60151,3.6824923994074656
Pff7518dc75,2012,1,37.0,37.0,74.6,19.2,57.1,62.87,10.7,18.6,6.5,19.9,132.0,170.0,0.776,145.0,257.0,0.564,3.0,5.0,0.6,6.5,1.8,64.9,4.2,0.52113189,109.0,149.0,36.0,108.0,62.0,69.0,29.9459,2.5946,4.8649,1.0,0.9189,1.8108,11.6486,0.0190839694656488,1.5961538461538465,0.3110047846889952,-0.10296,3.989930919846064
P319cf0c2e0,2012,1,39.0,19.0,44.3,28.6,45.1,48.32,5.7,15.8,19.0,16.5,39.0,52.0,0.75,77.0,160.0,0.481,19.0,74.0,0.257,1.1,2.1,22.2,2.7,1.0,24.0,39.0,53.0,121.0,2.0,3.0,29.0526,1.3684,3.7368,2.1579,0.9474,0.2632,13.1579,0.3162393162393162,0.8648648648648649,1.0857142857142856,-0.14448,2.9777189351640914
P798e5b71ce,2012,1,40.0,35.0,87.3,25.4,55.0,58.75,7.6,18.5,17.3,14.2,134.0,179.0,0.749,193.0,345.0,0.559,37.0,107.0,0.346,2.1,2.4,39.6,2.4,1.34663307,133.0,188.0,60.0,157.0,41.0,45.0,35.3143,2.0,5.9714,2.8857,1.4286,0.7143,18.0286,0.2367256637168141,1.3235294117647058,1.1381578947368425,0.4724999999999998,3.889524681316768
Pd9273beb4e,2012,1,41.0,39.0,83.3,27.5,53.8,56.9,0.7,6.9,29.7,22.7,137.0,199.0,0.688,168.0,322.0,0.522,58.0,152.0,0.382,0.5,2.4,42.0,2.4,1.34780267,88.0,145.0,78.0,171.0,15.0,15.0,33.4103,0.2051,2.1282,4.7692,1.3333,0.1538,16.5897,0.3206751054852321,0.8529411764705882,1.2531645569620251,0.5174999999999998,3.645242348185049
P47e358160b,2012,1,42.0,40.0,78.1,18.1,57.7,62.42,1.5,7.7,8.8,11.6,123.0,149.0,0.826,99.0,206.0,0.481,76.0,163.0,0.466,0.2,0.9,40.4,2.3,1.36363633,52.0,79.0,47.0,127.0,0.0,0.0,31.225,0.375,2.325,1.5,0.475,0.05,13.725,0.4417344173441734,0.3333333333333333,0.6984126984126985,-0.2359799999999998,4.138784752923507
P1ba89514b1,2012,1,43.0,32.0,77.7,29.8,57.1,62.0,9.7,24.0,10.7,14.8,139.0,172.0,0.808,209.0,362.0,0.577,6.0,20.0,0.3,1.8,1.4,45.0,2.2,0.55220175,73.0,101.0,136.0,260.0,10.0,11.0,31.2188,2.1875,6.0938,1.1562,0.6562,0.4688,17.9688,0.0523560209424083,1.0,0.6772151898734177,1.1760000000000002,4.163859608354206
P4b46fb5c89,2012,1,44.0,35.0,83.6,18.9,64.0,65.84,3.4,11.9,8.6,16.0,87.0,120.0,0.725,93.0,158.0,0.589,78.0,170.0,0.459,0.9,2.3,36.6,2.8,0.94916057,53.0,69.0,40.0,89.0,0.0,1.0,33.5714,0.8571,3.3714,1.6,1.2857,0.2857,14.4857,0.5182926829268293,0.8421052631578947,0.5058823529411764,-0.1742400000000002,3.476948145557637
Pbfcceae701,2012,1,45.0,33.0,73.9,22.6,49.8,55.31,11.8,15.3,7.0,15.4,107.0,137.0,0.781,155.0,308.0,0.503,3.0,12.0,0.25,4.7,1.5,42.8,3.4,0.52631273,77.0,124.0,78.0,184.0,17.0,20.0,30.0,3.303,3.9091,0.9091,0.7576,1.303,12.9091,0.0375,1.409090909090909,0.426829268292683,0.1380600000000001,3.8481851281077777
Pc8a80657b3,2012,1,46.0,40.0,65.2,18.6,56.6,59.29,4.3,7.3,14.3,17.8,55.0,69.0,0.797,87.0,153.0,0.569,56.0,149.0,0.376,1.2,1.9,22.8,3.3,1.41379302,36.0,49.0,51.0,104.0,9.0,10.0,26.075,0.9,1.85,2.05,0.825,0.325,9.925,0.4933774834437086,0.7209302325581395,0.7606382978723404,-0.1300599999999998,3.3860507079133395
P337fb06bb7,2012,1,47.0,31.0,85.8,30.5,51.3,54.3,3.1,15.6,17.0,18.6,113.0,159.0,0.711,148.0,330.0,0.448,76.0,181.0,0.42,0.7,1.4,31.1,2.5,0.69232142,60.0,93.0,88.0,237.0,20.0,21.0,34.6129,0.871,4.4516,2.3226,0.8065,0.2258,20.5484,0.3542074363992172,0.5999999999999999,0.8673469387755102,0.4514999999999997,3.6084485826312505
Paa36360f59,2012,1,49.0,34.0,77.2,25.0,59.6,63.0,11.6,25.0,11.2,19.5,150.0,213.0,0.704,187.0,301.0,0.621,6.0,28.0,0.214,9.1,1.1,64.7,4.1,0.56181236,140.0,187.0,47.0,114.0,38.0,38.0,31.2353,3.0294,7.0882,1.4706,0.5882,2.7059,15.9412,0.0851063829787234,2.0,0.5463414634146341,0.65,3.777647114575383
Pbf890a872a,2012,1,51.0,37.0,80.3,21.3,48.6,53.38,5.5,10.8,8.7,13.2,117.0,157.0,0.745,113.0,242.0,0.467,51.0,148.0,0.345,2.2,2.6,40.3,2.1,1.01816344,79.0,112.0,34.0,130.0,25.0,28.0,32.2162,1.5135,3.1892,1.5135,1.3514,0.6216,13.4054,0.3794871794871794,1.5483870967741935,0.6126760563380281,0.04394,3.7716332996050905
P0dca4f55c4,2012,1,53.0,,,,,,,,,,,,,,,,,,,,,,,,,,,,,,,,,,,,,,,,,
P8e2f7481af,2012,1,54.0,,,,,,,,,,,,,,,,,,,,,,,,,,,,,,,,,,,,,,,,,
P2db62bcb6f,2012,1,55.0,34.0,80.0,25.4,52.9,56.8,2.3,9.2,17.7,15.9,126.0,165.0,0.764,133.0,270.0,0.493,77.0,200.0,0.385,0.4,1.6,35.1,2.4,1.16252286,76.0,127.0,57.0,143.0,10.0,15.0,32.9412,0.6471,2.8529,2.7353,0.9412,0.1176,18.3235,0.425531914893617,0.5882352941176471,1.047337278106509,0.3671999999999997,3.9055586703044
P2cdeb4bf00,2012,1,58.0,35.0,80.6,24.8,49.5,54.05,5.5,21.7,12.6,7.1,113.0,137.0,0.825,122.0,277.0,0.44,72.0,188.0,0.383,4.2,1.3,29.5,2.6,2.06245208,17.0,27.0,105.0,250.0,0.0,0.0,32.2286,1.5714,5.6,1.8857,0.6571,1.2,16.3714,0.4043010752688172,1.5277777777777777,1.5555555555555556,0.1943999999999999,4.064984290254694
P711641b36d,2012,1,60.0,33.0,65.4,22.9,51.1,59.52,9.9,18.1,5.7,18.1,150.0,197.0,0.761,117.0,227.0,0.515,0.0,2.0,0.0,5.8,0.8,86.0,3.3,0.400011,53.0,80.0,64.0,147.0,22.0,24.0,26.2727,2.0303,4.2727,0.7273,0.3636,1.4242,11.6364,0.0087336244541484,1.5348837209302326,0.2984293193717277,0.27608,4.024371210358542
Pf3fb310df6,2012,1,52.0,,,,,,,,,,,,,,,,,,,,,,,,,,,,,,,,,,,,,,,,,
P310fe8e32c,2013,0,,32.0,76.8,21.2,55.2,56.79,5.5,15.2,10.6,15.8,53.0,79.0,0.671,95.0,195.0,0.487,57.0,132.0,0.432,1.6,1.4,24.2,2.8,0.88684936,65.0,103.0,30.0,92.0,6.0,7.0,31.1875,1.3125,4.2188,1.4688,0.6875,0.4375,12.9375,0.4036697247706422,0.7894736842105263,0.6309523809523809,0.0814799999999999,2.940339871866174
P289650de8a,2012,0,,,,,,,,,,,,,,,,,,,,,,,,,,,,,,,,,,,,,,,,,,
P909613bae5,2012,0,,,,,,,,,,,,,,,,,,,,,,,,,,,,,,,,,,,,,,,,,,
Pc6095e56a1,2012,0,,,,,,,,,,,,,,,,,,,,,,,,,,,,,,,,,,,,,,,,,,
P0c0603520c,2012,0,,,,,,,,,,,,,,,,,,,,,,,,,,,,,,,,,,,,,,,,,,
P10bdb64d5d,2012,0,,,,,,,,,,,,,,,,,,,,,,,,,,,,,,,,,,,,,,,,,,
P5ed74be24f,2012,0,,35.0,75.0,29.3,46.3,49.5,6.2,15.7,23.9,21.0,115.0,182.0,0.632,135.0,298.0,0.453,51.0,159.0,0.321,1.3,4.1,39.8,3.5,0.95534375,75.0,121.0,60.0,177.0,14.0,15.0,31.5143,1.8571,4.2286,3.0571,2.1143,0.3429,15.3714,0.3479212253829322,1.2,1.0863636363636362,-0.0465,3.292395248595778
Pbe0e1f0064,2012,0,,29.0,75.0,27.7,47.2,54.72,1.7,10.6,32.5,19.0,141.0,158.0,0.892,117.0,240.0,0.487,45.0,151.0,0.298,0.1,1.7,40.4,3.2,1.52873341,69.0,113.0,47.0,119.0,1.0,1.0,33.6207,0.5172,3.2759,4.5862,0.9655,0.0345,17.5862,0.3861892583120204,0.4285714285714285,1.625,0.3634399999999999,4.5214625483804465
Pae1e3e2903,2012,0,,,,,,,,,,,,,,,,,,,,,,,,,,,,,,,,,,,,,,,,,,
P093d3a11ad,2012,0,,33.0,93.4,23.0,54.2,57.26,12.5,21.4,7.8,8.8,103.0,132.0,0.78,226.0,383.0,0.59,34.0,128.0,0.266,2.9,1.1,25.8,1.3,0.97619242,142.0,200.0,84.0,183.0,7.0,9.0,38.3333,4.2727,6.6364,1.2424,0.697,1.0303,19.9091,0.2504892367906066,1.7391304347826089,0.7959183673469387,0.2177999999999999,3.814472320012968
Pded0fedf79,2012,0,,33.0,87.7,23.2,55.9,60.52,3.1,12.9,44.2,22.2,99.0,122.0,0.811,115.0,214.0,0.537,40.0,99.0,0.404,0.6,2.5,39.0,2.9,3.02780559,98.0,172.0,17.0,42.0,0.0,0.0,35.4848,0.9091,4.0303,9.9091,1.6061,0.2121,13.6061,0.31629392971246,0.7948717948717949,1.9051724137931036,0.33664,3.9026815122070304
P9926013d5a,2012,0,,34.0,87.1,24.9,58.6,63.46,2.6,9.6,26.8,16.7,150.0,184.0,0.815,107.0,205.0,0.522,87.0,200.0,0.435,0.3,2.1,45.4,2.9,1.79008557,76.0,112.0,31.0,93.0,6.0,6.0,35.3529,0.7353,3.1176,4.2647,1.2059,0.1176,18.3824,0.4938271604938271,0.6153846153846154,1.5141242937853108,0.6595399999999998,4.254589997438834
P58c3f134a2,2013,0,,30.0,80.9,22.9,48.2,52.27,8.5,20.4,5.2,19.7,97.0,145.0,0.669,107.0,212.0,0.505,28.0,97.0,0.289,8.4,1.8,46.9,3.6,0.29331999,80.0,103.0,27.0,109.0,34.0,36.0,32.7667,2.4667,6.0333,0.7333,1.0,2.7333,13.1667,0.313915857605178,2.2173913043478266,0.251207729468599,0.06583,3.334032829922877
P65d56567c7,2015,0,,,,,,,,,,,,,,,,,,,,,,,,,,,,,,,,,,,,,,,,,,
Pfa75ae8d76,2012,0,,32.0,90.7,27.8,47.0,49.73,1.1,9.7,33.9,18.4,66.0,80.0,0.825,155.0,333.0,0.465,59.0,185.0,0.319,0.6,2.6,15.4,1.9,1.83963776,81.0,112.0,74.0,221.0,2.0,2.0,36.7188,0.375,3.3438,6.0938,1.7188,0.2188,17.2812,0.3571428571428571,1.103448275862069,1.7474226804123711,-0.0210600000000002,3.625420552604762
P64210277c7,2012,0,,23.0,29.5,20.6,46.0,49.36,8.6,15.8,4.8,15.7,31.0,50.0,0.62,49.0,105.0,0.467,2.0,8.0,0.25,3.1,2.0,44.2,3.8,0.42858707,28.0,48.0,21.0,57.0,11.0,13.0,17.3043,1.2609,2.3478,0.3913,0.5652,0.4783,5.8696,0.0707964601769911,1.0625,0.2874251497005988,-0.00384,2.437731892289082
P70be92ee2a,2000,1,3.0,,,,,,,,,,,,,,,,,,,,,,,,,,,,,,,,,,,,,,,,,
P416dc6431a,2012,0,,35.0,70.1,17.5,54.4,56.62,7.0,13.0,12.4,16.6,44.0,57.0,0.772,91.0,166.0,0.548,47.0,131.0,0.359,2.7,2.3,19.2,2.9,1.44235039,57.0,86.0,34.0,80.0,18.0,19.0,28.2571,1.8286,3.3714,2.1429,1.1714,0.8,10.4857,0.441077441077441,1.2820512820512822,0.7045454545454545,-0.1654999999999999,3.134662004141836
Pd6736ed788,2013,0,,29.0,83.1,24.1,53.5,56.92,3.6,15.5,18.3,17.8,74.0,91.0,0.813,110.0,212.0,0.519,55.0,148.0,0.372,0.8,1.3,25.3,2.4,1.23532924,43.0,59.0,67.0,153.0,10.0,10.0,33.8276,1.0345,4.8621,2.8966,0.7241,0.2414,15.8276,0.4111111111111111,0.6176470588235294,0.973404255319149,0.2837200000000002,3.6762141131408694
P01a00a5983,2013,0,,33.0,78.1,24.3,47.9,52.13,4.0,15.6,25.2,18.2,90.0,121.0,0.744,132.0,278.0,0.475,25.0,76.0,0.329,0.4,2.2,34.2,3.0,1.74361146,63.0,99.0,69.0,179.0,2.0,2.0,32.1818,1.0,4.2727,4.1212,1.1818,0.1212,13.0,0.2146892655367231,0.65,1.3125,0.0915900000000001,3.574191657281543
P26312e5087,2013,0,,32.0,73.1,25.2,44.6,50.79,6.0,12.5,21.6,17.7,100.0,124.0,0.806,122.0,271.0,0.45,16.0,56.0,0.286,1.0,2.7,37.9,2.3,1.52109244,60.0,96.0,62.0,175.0,6.0,6.0,29.6875,1.4375,3.3438,3.375,1.3125,0.2812,12.25,0.1712538226299694,1.121212121212121,1.1550802139037435,0.0410799999999999,3.8916208722656553
Pf0384da7bc,2012,0,,,,,,,,,,,,,,,,,,,,,,,,,,,,,,,,,,,,,,,,,,
P8ea6b00194,2012,0,,,,,,,,,,,,,,,,,,,,,,,,,,,,,,,,,,,,,,,,,,
Pe4182c4c9a,2000,1,5.0,,,,,,,,,,,,,,,,,,,,,,,,,,,,,,,,,,,,,,,,,
Pcad0645e5a,2013,1,31.0,33.0,90.2,25.4,52.8,56.83,3.3,14.8,16.2,16.4,113.0,139.0,0.813,151.0,284.0,0.532,64.0,184.0,0.348,1.9,1.9,29.7,2.3,1.04818706,61.0,91.0,90.0,193.0,14.0,16.0,36.2121,1.0,5.0606,2.6364,1.1212,0.697,18.3939,0.3931623931623931,1.1515151515151516,0.9310344827586208,0.3688199999999998,4.017555289581364
P70aaa5fb09,2013,1,26.0,31.0,77.3,20.4,51.5,52.4,10.6,27.1,9.4,21.2,54.0,98.0,0.551,113.0,217.0,0.521,19.0,58.0,0.328,4.4,3.9,35.6,3.0,0.5946127,88.0,145.0,20.0,63.0,17.0,20.0,33.4194,2.9677,8.2258,1.4194,2.1613,1.3226,10.871,0.2109090909090909,2.075,0.4234234234234234,0.0095999999999999,2.5319110374241593
P00193b3ed9,2013,1,1.0,34.0,67.8,25.7,57.5,60.36,9.9,21.3,8.2,15.3,117.0,168.0,0.696,156.0,271.0,0.576,36.0,94.0,0.383,4.3,1.5,46.0,3.4,0.49209348,100.0,140.0,56.0,129.0,53.0,58.0,27.2353,2.3824,5.5882,0.9118,0.7059,1.1765,15.7941,0.2575342465753424,1.318181818181818,0.5030674846625767,0.5905199999999999,3.570409505586459
Pa33d5803eb,2013,1,29.0,33.0,78.8,27.2,46.4,50.91,5.6,10.4,16.8,21.0,135.0,212.0,0.637,140.0,293.0,0.478,17.0,64.0,0.266,1.4,2.1,59.4,3.7,0.8712997,106.0,176.0,34.0,116.0,25.0,30.0,31.7576,1.4545,3.1515,2.6667,1.0909,0.4545,14.1212,0.1792717086834734,0.7446808510638298,0.7636363636363637,0.0655199999999997,3.415143109556904
P3ede0fa0b1,2013,1,7.0,37.0,79.1,22.0,58.6,63.26,5.0,12.3,12.6,17.2,120.0,138.0,0.87,125.0,226.0,0.553,73.0,174.0,0.42,2.2,1.8,34.5,2.3,0.94805635,90.0,126.0,35.0,100.0,44.0,45.0,32.1892,1.2703,3.9189,1.973,1.0,0.6757,15.9189,0.435,1.2121212121212122,0.6923076923076923,0.2651999999999999,4.292992321823702
P1223e5ee2c,2017,0,,,,,,,,,,,,,,,,,,,,,,,,,,,,,,,,,,,,,,,,,,
P467b7b3f59,2013,1,33.0,35.0,86.7,20.7,56.9,58.61,7.1,18.5,9.6,16.1,81.0,122.0,0.664,137.0,239.0,0.573,52.0,139.0,0.374,3.2,2.4,32.3,3.4,0.8143,112.0,172.0,25.0,67.0,34.0,38.0,35.2857,2.0857,6.0571,1.6286,1.4286,1.1143,14.6,0.3677248677248677,1.2727272727272725,0.5614035087719298,0.0602699999999999,3.195290411967285
P3cb5a9e68b,2013,1,10.0,12.0,31.0,35.0,58.0,62.75,4.0,14.5,25.1,14.7,62.0,73.0,0.849,63.0,130.0,0.485,33.0,64.0,0.516,1.2,2.7,37.6,2.3,1.09374883,34.0,63.0,29.0,67.0,3.0,3.0,31.0,1.0,4.0,2.9167,1.4167,0.3333,23.9167,0.3298969072164948,1.181818181818182,1.5987261146496816,1.9125,3.654151264130341
P84101ffd6c,2013,1,4.0,36.0,73.3,26.5,56.2,62.26,12.4,18.7,9.4,17.1,196.0,259.0,0.757,199.0,352.0,0.565,0.0,2.0,0.0,4.4,2.1,73.2,3.0,0.58026669,149.0,238.0,50.0,115.0,56.0,61.0,29.5278,2.8333,5.2222,1.3056,1.0278,1.25,16.5,0.0056497175141242,1.625,0.5193370165745856,0.7968999999999998,4.2094359946787545
P9dbf445dc5,2013,1,17.0,,,,,,,,,,,,,,,,,,,,,,,,,,,,,,,,,,,,,,,,,
Pecca0a47dd,2013,0,,31.0,53.2,19.0,50.0,52.44,11.7,24.2,5.8,22.2,32.0,47.0,0.681,88.0,173.0,0.509,0.0,3.0,0.0,10.0,2.9,26.7,5.4,0.38776415,48.0,72.0,39.0,99.0,27.0,31.0,22.2903,2.2581,4.7097,0.6129,1.0968,2.129,6.7097,0.0170454545454545,2.015625,0.25,-0.0243999999999999,2.636287888428274
P85abb7e5de,2013,0,,36.0,58.7,12.9,66.8,67.23,10.2,21.3,5.2,12.5,45.0,68.0,0.662,94.0,134.0,0.701,13.0,36.0,0.361,11.4,2.2,40.0,3.1,1.0,85.0,102.0,9.0,32.0,67.0,70.0,23.6389,2.0556,4.5833,0.6667,0.9167,2.6389,7.5556,0.2117647058823529,3.317073170731708,0.3851851851851852,-1.2233300000000005,2.802978506043386
P70fe638043,2013,1,46.0,32.0,89.7,31.6,53.0,59.17,1.4,10.6,27.0,11.0,218.0,267.0,0.816,200.0,393.0,0.509,61.0,157.0,0.389,0.6,2.1,48.5,1.5,1.75364069,83.0,125.0,117.0,267.0,10.0,10.0,36.4375,0.4688,3.5,3.7812,1.3125,0.1875,25.0312,0.2854545454545454,1.08,2.25,1.0637200000000002,4.562245376096858
P17a4a5cfae,2013,1,21.0,33.0,63.1,18.2,53.4,56.23,12.9,22.1,12.3,18.9,73.0,112.0,0.652,125.0,234.0,0.534,0.0,0.0,0.0,9.4,2.6,47.9,3.3,1.11863081,71.0,104.0,54.0,130.0,23.0,26.0,31.0909,3.4242,5.9697,2.0,1.3333,2.5152,9.7879,0.0,2.7906976744186047,0.6180904522613067,-0.1121399999999999,3.0822568578004463
P5d0988f1e1,2013,1,34.0,29.0,91.2,30.7,52.4,57.63,1.7,9.1,27.7,17.3,149.0,181.0,0.823,114.0,233.0,0.489,91.0,245.0,0.371,0.4,2.6,37.9,2.1,1.29169554,51.0,94.0,63.0,139.0,3.0,5.0,37.1034,0.5172,2.931,4.2759,1.5862,0.1379,22.4138,0.5125523012552301,0.9677419354838708,1.5136612021857925,0.8164100000000002,4.282897503464202
Pfb1f867cde,2013,1,41.0,32.0,82.6,29.8,45.6,53.41,5.6,26.3,21.7,20.7,173.0,219.0,0.79,118.0,247.0,0.478,41.0,147.0,0.279,2.3,3.0,55.6,3.2,0.96330221,60.0,98.0,58.0,149.0,16.0,16.0,33.1875,1.5938,7.7812,3.2812,1.625,0.7188,16.625,0.3730964467005076,1.261904761904762,1.0,0.3341799999999997,4.260965761618366
P83fd4822e5,2013,0,,34.0,62.3,19.2,56.7,58.56,4.8,14.3,7.7,12.6,45.0,57.0,0.789,77.0,147.0,0.524,84.0,211.0,0.398,3.6,3.1,15.9,3.2,0.89995751,41.0,50.0,36.0,97.0,24.0,26.0,29.5,1.2647,3.9118,1.0588,1.4706,0.8529,13.2647,0.5893854748603352,1.5952380952380951,0.5661764705882353,-0.06848,3.203689535321125
Pef94ae3f83,2013,1,39.0,37.0,76.0,21.0,58.3,62.07,8.8,20.9,6.2,17.8,137.0,192.0,0.714,184.0,317.0,0.58,1.0,1.0,1.0,13.7,1.4,60.4,2.7,0.4794222,139.0,202.0,45.0,115.0,50.0,54.0,30.9189,2.1351,6.3784,0.9459,0.7568,3.9459,13.7297,0.0031446540880503,4.081081081081081,0.3297872340425531,0.1207,3.757560794878088
P1100d011d0,2013,1,13.0,31.0,60.3,30.4,64.4,67.83,11.8,20.1,15.1,18.4,131.0,168.0,0.78,201.0,304.0,0.661,9.0,29.0,0.31,5.1,1.6,50.5,3.5,0.6933124,152.0,212.0,48.0,91.0,25.0,28.0,26.4516,2.4194,4.8387,1.6774,0.6774,1.129,18.0645,0.087087087087087,1.4888888888888887,0.7783505154639175,1.8543199999999995,4.001320997639997
P6a23d47737,2013,1,8.0,32.0,83.5,27.2,53.0,57.91,4.3,19.7,16.8,13.8,135.0,169.0,0.799,102.0,205.0,0.498,84.0,225.0,0.373,1.9,3.8,39.3,2.6,0.90625,63.0,94.0,39.0,112.0,15.0,16.0,33.9375,1.1562,5.9062,1.8125,2.0312,0.5312,18.4688,0.5232558139534884,1.583333333333333,1.135135135135135,0.5695199999999997,4.10350295120316
P45b94f1aab,2013,1,52.0,33.0,80.4,24.7,44.9,50.94,2.4,11.4,36.7,23.6,108.0,140.0,0.771,120.0,258.0,0.465,20.0,76.0,0.263,1.6,3.4,41.9,2.3,2.09651187,81.0,133.0,39.0,125.0,12.0,12.0,34.2121,0.6667,3.6667,7.2424,1.9697,0.5758,12.3636,0.2275449101796407,1.5151515151515151,1.491869918699187,0.0441799999999998,3.815493875481568
P31b4a243f7,2013,1,22.0,36.0,86.7,25.1,59.9,62.8,9.8,23.3,11.5,19.2,173.0,254.0,0.681,221.0,369.0,0.599,0.0,0.0,0.0,4.0,1.7,68.8,2.9,0.67959875,169.0,228.0,52.0,141.0,83.0,92.0,34.6667,2.75,7.2222,1.9444,1.0,1.4444,17.0833,0.0,1.4615384615384617,0.5693069306930694,0.6528,3.773600474252888
P398088f587,2013,1,11.0,40.0,87.5,24.4,43.8,49.13,4.0,11.1,40.2,24.1,129.0,186.0,0.694,120.0,274.0,0.438,35.0,120.0,0.292,1.7,4.8,47.2,2.6,2.14705882,86.0,146.0,34.0,126.0,20.0,24.0,35.2,1.275,3.6,7.3,2.775,0.475,11.85,0.3045685279187817,1.8055555555555556,1.601593625498008,-0.0382799999999998,3.630389380097083
P36eaf9779b,2013,1,44.0,33.0,80.2,31.7,51.0,57.21,12.0,29.0,18.6,10.9,175.0,222.0,0.788,218.0,423.0,0.515,4.0,16.0,0.25,7.7,1.0,50.6,2.7,1.35083659,126.0,191.0,92.0,232.0,32.0,36.0,32.0909,2.9697,8.3333,2.3333,0.5152,2.3333,18.8788,0.0364464692482915,2.351351351351351,1.5630252100840336,0.84357,4.260851355910574
P622332ff90,2013,1,38.0,31.0,91.8,30.8,54.5,60.31,3.6,14.1,35.1,12.8,182.0,221.0,0.824,167.0,314.0,0.532,62.0,163.0,0.38,0.4,2.9,46.3,1.6,2.39997521,96.0,147.0,71.0,167.0,0.0,0.0,38.4839,1.0645,4.4516,5.8065,1.7742,0.129,22.6452,0.3417190775681342,1.2692307692307692,2.5434782608695654,1.1134800000000002,4.451806162662758
Pf7f191defd,2013,1,3.0,31.0,84.4,23.4,54.1,59.0,6.7,19.0,18.5,11.7,122.0,157.0,0.777,125.0,248.0,0.504,43.0,102.0,0.422,3.0,3.3,44.9,2.2,1.78728317,60.0,88.0,65.0,161.0,8.0,8.0,35.3871,1.7742,5.7097,2.7097,1.8387,0.9032,16.1613,0.2914285714285714,1.96875,1.4566929133858268,0.3059999999999999,3.9336363406619537
P5e50445e82,2013,1,56.0,40.0,76.7,21.1,45.9,51.34,1.1,7.6,34.3,24.0,85.0,98.0,0.867,101.0,212.0,0.476,38.0,132.0,0.288,0.6,4.3,28.5,3.3,2.15094325,75.0,125.0,26.0,86.0,7.0,8.0,31.175,0.3,2.05,5.7,2.25,0.15,10.025,0.3837209302325581,1.1395348837209305,1.372,0.01474,3.9839689100666895
Pf209014384,2013,1,36.0,31.0,93.2,24.4,52.4,56.57,4.0,13.3,23.5,12.8,138.0,193.0,0.715,158.0,290.0,0.545,39.0,123.0,0.317,1.7,3.0,46.7,2.2,2.19042468,122.0,184.0,35.0,104.0,23.0,23.0,37.2903,1.3226,3.8387,4.4516,1.9677,0.5806,18.4194,0.297820823244552,1.46875,1.7028985507246377,0.2890799999999999,3.76651858373028
Pccb83c9fcb,2013,1,25.0,34.0,76.5,18.2,59.8,61.7,6.6,15.8,16.2,12.3,56.0,73.0,0.767,80.0,149.0,0.537,85.0,198.0,0.429,0.9,2.2,21.0,1.9,2.20929859,34.0,50.0,46.0,98.0,0.0,0.0,31.6176,2.0294,4.5294,2.7941,1.2353,0.2941,13.8529,0.5706051873198847,1.0689655172413794,1.2180451127819547,-0.2106000000000001,3.3012179264875985
Pea46ee56c1,2013,1,43.0,,,,,,,,,,,,,,,,,,,,,,,,,,,,,,,,,,,,,,,,,
Pb18185e9fe,2013,1,27.0,,,,,,,,,,,,,,,,,,,,,,,,,,,,,,,,,,,,,,,,,
P36f801ddc1,2013,1,18.0,36.0,90.7,21.8,56.9,59.97,1.6,10.4,26.1,17.9,87.0,112.0,0.777,114.0,212.0,0.538,69.0,170.0,0.406,0.3,3.4,29.3,1.8,2.0,67.0,114.0,47.0,98.0,1.0,2.0,36.4167,0.4722,3.3611,4.5556,1.9722,0.1111,14.5,0.4450261780104712,1.3214285714285714,1.3809523809523812,0.17946,3.673180335139489
P84dee8d837,2013,1,12.0,32.0,56.1,18.0,57.1,55.46,15.3,19.1,5.4,16.9,31.0,70.0,0.443,100.0,175.0,0.571,0.0,0.0,0.0,11.2,1.9,40.0,2.8,0.57140248,85.0,129.0,15.0,46.0,29.0,33.0,23.4062,2.8125,3.5312,0.625,0.6562,2.0312,7.2188,0.0,3.447368421052632,0.3016759776536313,-0.1092,1.8883671855293027
Pf825457ab4,2013,1,24.0,37.0,84.2,22.3,50.4,52.71,0.8,14.5,12.9,15.0,73.0,105.0,0.695,125.0,260.0,0.481,68.0,190.0,0.358,1.4,1.2,23.3,2.2,1.30430586,63.0,85.0,62.0,175.0,20.0,22.0,34.9459,0.2162,4.2973,2.4324,0.6757,0.4595,14.2432,0.4222222222222222,0.8124999999999999,0.80625,0.06233,3.2410901704078863
Pd6905b8ed2,2013,1,37.0,,,,,,,,,,,,,,,,,,,,,,,,,,,,,,,,,,,,,,,,,
Pdbcc4b2801,2013,1,20.0,35.0,77.5,22.0,51.6,56.23,1.6,8.1,22.4,18.5,86.0,102.0,0.843,80.0,177.0,0.452,64.0,164.0,0.39,1.9,1.6,29.9,1.7,1.40280001,31.0,56.0,49.0,121.0,8.0,10.0,31.2286,0.4,2.2286,2.8857,0.8286,0.4857,12.5143,0.4809384164222874,1.2962962962962965,1.1487179487179486,0.1245999999999999,3.907076537077583
P6258e82584,2013,1,9.0,38.0,87.6,28.9,52.9,56.85,1.8,8.9,37.4,13.1,132.0,164.0,0.805,176.0,350.0,0.503,74.0,193.0,0.383,1.6,2.8,30.2,2.1,3.11109036,67.0,105.0,109.0,246.0,9.0,9.0,35.3947,0.5263,2.6842,6.6316,1.6053,0.5263,18.5789,0.3554327808471454,1.4193548387096775,2.652482269503546,0.60965,4.110286106489967
Pf22b67943e,2013,0,,34.0,79.1,23.8,50.4,54.17,2.3,9.3,12.8,18.6,96.0,127.0,0.756,143.0,271.0,0.528,40.0,132.0,0.303,0.0,2.0,31.5,2.1,0.78480745,90.0,140.0,53.0,131.0,15.0,16.0,33.0294,0.5882,2.6471,1.8235,1.0294,0.0,14.7647,0.3275434243176178,0.6451612903225806,0.6530612244897959,0.1584600000000001,3.6681348795232305
Pca1c024cab,2013,1,2.0,36.0,70.4,22.6,64.8,67.12,11.7,14.0,15.2,21.1,97.0,130.0,0.746,152.0,236.0,0.644,30.0,68.0,0.441,2.8,4.6,42.8,3.5,0.90244967,127.0,182.0,25.0,54.0,35.0,36.0,28.3611,2.5833,3.75,2.0556,2.1667,0.7778,13.6389,0.2236842105263158,1.6444444444444444,0.6877828054298641,0.4451200000000003,3.636897203108058
P2ad610b277,2013,1,15.0,,,,,,,,,,,,,,,,,,,,,,,,,,,,,,,,,,,,,,,,,
P824176de50,2013,1,19.0,,,,,,,,,,,,,,,,,,,,,,,,,,,,,,,,,,,,,,,,,
Pd2b56a96a1,2013,1,42.0,36.0,86.3,30.6,51.4,57.42,2.2,9.6,41.5,18.6,192.0,240.0,0.8,128.0,261.0,0.49,88.0,245.0,0.359,0.0,2.5,47.4,2.6,2.09014725,84.0,136.0,44.0,126.0,4.0,4.0,34.7778,0.6667,3.0833,7.0833,1.5,0.0,19.7778,0.4841897233201581,0.6944444444444444,2.11734693877551,0.7865200000000003,4.387837546792524
P9702e35c0a,2013,1,16.0,,,,,,,,,,,,,,,,,,,,,,,,,,,,,,,,,,,,,,,,,
Pb10604e423,2013,1,49.0,36.0,64.3,21.3,62.9,64.29,7.8,17.4,11.0,15.9,40.0,51.0,0.784,92.0,159.0,0.579,72.0,159.0,0.453,3.1,1.5,16.0,4.2,0.98037696,58.0,83.0,34.0,76.0,4.0,4.0,26.4444,1.6111,3.9167,1.3889,0.6389,0.6944,12.2222,0.5,0.8846153846153845,0.6508875739644971,0.1857700000000001,3.0977750753678395
P591a253b3e,2013,0,,,,,,,,,,,,,,,,,,,,,,,,,,,,,,,,,,,,,,,,,,
P5f6276e4dd,2013,1,50.0,31.0,83.5,24.0,55.9,61.02,6.3,15.5,14.2,21.0,110.0,129.0,0.853,114.0,198.0,0.576,53.0,148.0,0.358,4.1,3.1,37.3,2.7,0.74155343,86.0,115.0,28.0,83.0,27.0,29.0,33.5161,1.8065,4.6452,2.129,1.7419,1.2903,16.0323,0.4277456647398844,1.9459459459459456,0.6454545454545454,0.4408000000000001,4.1520068862386115
P56b91ee390,2013,1,32.0,,,,,,,,,,,,,,,,,,,,,,,,,,,,,,,,,,,,,,,,,
P1497c83aba,2013,0,,36.0,72.8,21.7,43.9,48.21,6.1,11.0,12.4,14.4,85.0,113.0,0.752,129.0,294.0,0.439,26.0,89.0,0.292,2.4,1.3,29.5,1.9,1.1896841,45.0,71.0,84.0,223.0,6.0,8.0,29.3333,1.5278,2.9444,1.9167,0.6667,0.6944,11.6944,0.2323759791122715,1.2758620689655171,0.8051948051948052,-0.0304299999999999,3.561621233192661
P24a562f4ba,2013,1,23.0,35.0,82.1,21.4,54.1,57.94,6.6,12.8,16.8,18.7,95.0,124.0,0.766,101.0,199.0,0.508,57.0,146.0,0.39,1.8,2.1,35.9,2.6,1.23377266,53.0,82.0,48.0,117.0,12.0,14.0,32.9714,1.7429,3.6,2.7143,1.1429,0.5714,13.3714,0.4231884057971014,1.0833333333333337,0.852791878172589,0.1111599999999998,3.698488322773563
P15f2c20d7d,2013,1,48.0,23.0,46.1,20.8,53.5,58.64,6.9,14.3,11.0,9.7,69.0,85.0,0.812,61.0,129.0,0.473,35.0,83.0,0.422,5.4,1.4,40.1,3.3,1.65219998,22.0,40.0,39.0,88.0,2.0,2.0,28.8696,1.6087,3.6957,1.6522,0.6957,1.6087,12.8696,0.3915094339622642,1.5813953488372094,1.0280373831775702,0.06912,3.616930004557848
Pa0a2c9503f,2013,1,55.0,,,,,,,,,,,,,,,,,,,,,,,,,,,,,,,,,,,,,,,,,
P05c9e8e43e,2013,0,,,,,,,,,,,,,,,,,,,,,,,,,,,,,,,,,,,,,,,,,,
P7d52184fb7,2013,0,,,,,,,,,,,,,,,,,,,,,,,,,,,,,,,,,,,,,,,,,,
P15c3bdbcba,2013,0,,,,,,,,,,,,,,,,,,,,,,,,,,,,,,,,,,,,,,,,,,
Pe364fefd34,2013,0,,,,,,,,,,,,,,,,,,,,,,,,,,,,,,,,,,,,,,,,,,
Paf55ace901,2013,0,,,,,,,,,,,,,,,,,,,,,,,,,,,,,,,,,,,,,,,,,,
P45450124ed,2013,0,,,,,,,,,,,,,,,,,,,,,,,,,,,,,,,,,,,,,,,,,,
P38145d33eb,2013,0,,34.0,69.4,26.4,51.3,57.67,9.4,21.5,11.3,14.7,149.0,194.0,0.768,161.0,290.0,0.555,8.0,47.0,0.17,2.4,2.6,57.6,2.8,0.88332291,121.0,183.0,40.0,107.0,36.0,41.0,27.7647,2.0294,5.4118,1.5588,1.1765,0.5588,14.5588,0.1394658753709199,1.3157894736842106,0.7197452229299364,0.49088,4.049663660976957
P8d3cc27d9f,2013,0,,35.0,78.5,22.6,57.7,61.67,2.2,6.8,9.7,9.6,123.0,152.0,0.809,102.0,207.0,0.493,95.0,217.0,0.438,0.5,1.6,35.8,2.1,1.28574992,30.0,54.0,72.0,151.0,0.0,0.0,32.2857,0.5714,1.9714,1.5429,0.8571,0.1714,17.4857,0.5117924528301887,0.6774193548387097,0.9150943396226416,0.3034200000000002,4.06962427840648
P2100fc35c8,2013,0,,35.0,73.8,29.7,52.4,56.6,7.7,21.9,17.5,16.8,170.0,250.0,0.68,219.0,416.0,0.526,4.0,13.0,0.308,3.4,2.6,58.3,4.3,0.92391394,107.0,148.0,113.0,269.0,27.0,28.0,29.5143,2.0857,5.9429,2.4286,1.3429,0.9429,17.7143,0.0303030303030303,1.1320754716981132,0.9831460674157304,0.6402000000000001,3.757307998609613
P1108cb2921,2014,0,,,,,,,,,,,,,,,,,,,,,,,,,,,,,,,,,,,,,,,,,,
Pf0c15e8037,2014,0,,,,,,,,,,,,,,,,,,,,,,,,,,,,,,,,,,,,,,,,,,
Pe8dc26218f,2013,0,,33.0,76.1,12.8,54.6,57.01,2.0,9.5,11.7,12.8,41.0,55.0,0.745,32.0,67.0,0.478,65.0,170.0,0.382,0.8,1.9,23.2,2.0,2.38705545,17.0,24.0,15.0,43.0,3.0,3.0,32.7273,0.5758,2.8182,2.2424,1.0909,0.2424,9.0909,0.7172995780590717,0.9,0.8478260869565216,-0.5047199999999998,2.9988870095976865
P17aee771c1,2014,0,,35.0,87.5,15.6,50.9,52.01,0.8,6.4,34.7,25.5,28.0,46.0,0.609,74.0,164.0,0.451,29.0,67.0,0.433,0.5,2.3,19.9,1.9,2.97680205,36.0,73.0,38.0,91.0,0.0,0.0,35.5143,0.2571,2.1714,7.3143,1.4,0.2,7.5143,0.29004329004329,0.9655172413793104,1.309433962264151,-0.0884399999999999,2.3447398894414255
P33a3ea1e89,2013,0,,36.0,65.2,18.0,59.1,59.62,2.6,11.8,4.5,10.9,19.0,27.0,0.704,25.0,49.0,0.51,124.0,308.0,0.403,0.4,2.0,7.6,3.2,0.71875351,7.0,14.0,18.0,35.0,1.0,1.0,26.2778,0.6389,2.4722,0.6389,0.8889,0.0833,12.25,0.8627450980392157,0.5714285714285714,0.3781512605042016,-0.1923999999999999,2.3458719751633432
Pe666c9e1f4,2016,0,,,,,,,,,,,,,,,,,,,,,,,,,,,,,,,,,,,,,,,,,,
P8bea6ece5d,2017,0,,,,,,,,,,,,,,,,,,,,,,,,,,,,,,,,,,,,,,,,,,
P0a16bf5dcd,2000,1,7.0,,,,,,,,,,,,,,,,,,,,,,,,,,,,,,,,,,,,,,,,,
Pca83b848d1,2015,0,,,,,,,,,,,,,,,,,,,,,,,,,,,,,,,,,,,,,,,,,,
P25150e1302,2014,1,51.0,,,,,,,,,,,,,,,,,,,,,,,,,,,,,,,,,,,,,,,,,
Paec8fae19e,2017,0,,,,,,,,,,,,,,,,,,,,,,,,,,,,,,,,,,,,,,,,,,
P4d044e6517,2000,1,8.0,,,,,,,,,,,,,,,,,,,,,,,,,,,,,,,,,,,,,,,,,
P5a43e18763,2017,0,,,,,,,,,,,,,,,,,,,,,,,,,,,,,,,,,,,,,,,,,,
P122cdb8b56,2017,0,,27.0,21.3,18.9,45.7,47.47,7.1,25.2,17.0,29.8,17.0,34.0,0.5,21.0,45.0,0.467,0.0,1.0,0.0,0.4,0.9,73.9,6.3,1.08003026,18.0,35.0,3.0,10.0,1.0,1.0,9.4815,0.5556,1.9259,1.0,0.1481,0.037,2.1852,0.0217391304347826,0.1780821917808219,0.551948051948052,0.02783,1.7776740307447068
Pfe357344e4,2014,1,26.0,33.0,56.2,25.2,55.1,58.47,8.5,11.3,10.6,10.7,86.0,111.0,0.775,69.0,142.0,0.486,87.0,220.0,0.395,1.8,2.8,30.7,3.1,1.10525399,35.0,59.0,34.0,83.0,9.0,13.0,23.9394,1.9697,2.4545,1.2727,1.2121,0.4242,14.697,0.6077348066298343,1.1219512195121952,0.905982905982906,0.4404399999999999,3.656836625253698
P332366fd23,2000,1,9.0,,,,,,,,,,,,,,,,,,,,,,,,,,,,,,,,,,,,,,,,,
P9c40b5aa37,2014,0,,22.0,58.9,26.8,45.0,52.43,3.4,12.8,26.4,18.7,94.0,123.0,0.764,68.0,141.0,0.482,21.0,80.0,0.263,1.2,3.6,55.7,2.1,1.48274165,54.0,95.0,14.0,45.0,1.0,2.0,32.8182,0.8182,3.4545,3.9091,1.9091,0.3636,13.3182,0.3619909502262443,1.5483870967741935,1.3401015228426396,0.16524,3.682695116122249
Pbe299942e3,2013,0,,32.0,84.3,26.3,50.2,54.58,1.3,6.9,21.5,15.8,115.0,146.0,0.788,90.0,199.0,0.452,91.0,252.0,0.361,0.3,2.1,32.4,2.4,1.42860115,43.0,71.0,47.0,128.0,1.0,1.0,34.0,0.375,2.0625,3.4375,1.1875,0.0938,17.75,0.5587583148558758,0.7058823529411765,1.2797619047619049,0.2885399999999999,3.932460878381644
Pcc25131c3d,2013,0,,,,,,,,,,,,,,,,,,,,,,,,,,,,,,,,,,,,,,,,,,
P83de6de3ec,2014,1,47.0,37.0,73.2,30.7,54.1,57.61,2.9,9.6,31.6,18.1,153.0,217.0,0.705,155.0,300.0,0.517,70.0,181.0,0.387,0.4,4.0,45.1,3.4,1.63809996,108.0,159.0,47.0,140.0,7.0,8.0,29.2703,0.7838,2.5135,4.6486,2.0,0.1081,18.1892,0.3762993762993763,1.0,1.654450261780105,0.8142699999999999,3.7960690192663074
P5c19a79a93,2014,1,24.0,40.0,87.2,28.1,51.7,59.11,3.4,15.0,30.8,17.7,207.0,238.0,0.87,126.0,281.0,0.448,87.0,215.0,0.405,1.0,3.2,48.0,2.4,1.71052637,67.0,117.0,59.0,165.0,0.0,0.0,35.1,0.95,4.9,4.875,1.825,0.325,18.0,0.4334677419354839,1.2352941176470589,1.647058823529412,0.7379100000000001,4.764523290180414
P9da0cf7014,2014,1,58.0,36.0,80.4,28.6,50.7,56.01,2.6,10.2,17.8,14.4,164.0,208.0,0.788,139.0,282.0,0.493,77.0,220.0,0.35,3.3,1.4,41.4,2.6,1.17104825,89.0,127.0,50.0,155.0,16.0,20.0,32.3889,0.7222,2.8056,2.4722,0.6944,1.0278,18.6944,0.4382470119521912,1.3055555555555554,1.155844155844156,0.5168599999999999,4.209759390548271
P96c6ba4e0f,2014,1,13.0,37.0,60.7,19.0,52.4,54.48,2.4,9.5,12.6,13.9,47.0,68.0,0.691,79.0,160.0,0.494,48.0,128.0,0.375,0.8,2.1,23.6,3.2,1.57149149,51.0,90.0,28.0,68.0,21.0,25.0,24.4324,0.4865,2.0541,1.7838,0.8919,0.1622,9.4324,0.4444444444444444,0.6904761904761906,0.8456375838926175,-0.0447999999999999,2.925767594676706
Pea7725adea,2014,1,18.0,34.0,88.7,22.7,45.3,51.07,2.6,9.0,32.5,13.8,114.0,149.0,0.765,118.0,275.0,0.429,30.0,85.0,0.353,0.7,3.9,41.4,2.3,3.2413389,68.0,123.0,51.0,153.0,2.0,2.0,35.7353,0.7941,2.5882,5.5294,2.1176,0.1765,12.9412,0.2361111111111111,1.3939393939393938,2.195945945945946,0.02889,3.8331359999836354
Pf596e595fa,2000,1,10.0,,,,,,,,,,,,,,,,,,,,,,,,,,,,,,,,,,,,,,,,,
Pb59be03b24,2014,1,44.0,34.0,86.4,22.5,54.1,59.09,3.5,12.9,16.9,11.6,149.0,194.0,0.768,135.0,257.0,0.525,55.0,145.0,0.379,3.1,1.6,48.3,2.9,1.80007417,82.0,119.0,53.0,138.0,28.0,31.0,35.3235,1.0588,4.2059,2.9118,1.0,1.0294,17.1765,0.3606965174129353,1.2051282051282053,1.3412698412698412,0.2272500000000001,4.049663660976957
P7f1d080745,2014,1,10.0,32.0,90.2,29.5,51.6,54.07,7.2,12.0,32.3,19.4,167.0,283.0,0.59,205.0,384.0,0.534,14.0,54.0,0.259,1.5,3.6,64.6,2.6,1.52068129,169.0,247.0,36.0,137.0,21.0,24.0,36.9062,2.4375,3.8125,5.75,2.3438,0.5625,19.3438,0.1232876712328767,1.4166666666666663,1.5833333333333333,0.38665,3.3328948005151116
Pb8a773b356,2014,1,55.0,34.0,87.6,26.6,50.1,54.36,1.5,7.4,25.3,16.8,157.0,235.0,0.668,182.0,371.0,0.491,19.0,49.0,0.388,0.8,2.3,56.0,2.4,1.5955455,119.0,205.0,63.0,166.0,11.0,11.0,35.2941,0.4412,2.2353,4.1765,1.3235,0.2353,17.0,0.1166666666666666,0.9117647058823528,1.4213483146067416,0.28776,3.649839645757108
P6cee28a4f3,2014,1,46.0,35.0,86.8,27.3,48.1,54.58,2.9,9.3,23.3,16.8,162.0,195.0,0.831,177.0,354.0,0.5,32.0,114.0,0.281,0.6,1.9,41.7,2.5,1.26882698,118.0,186.0,59.0,169.0,10.0,11.0,35.0857,0.8,3.0286,3.3714,1.0857,0.1714,17.4857,0.2435897435897435,0.7142857142857143,1.3089887640449438,0.3343399999999999,4.38611328182056
Pc0fff42784,2014,1,56.0,,,,,,,,,,,,,,,,,,,,,,,,,,,,,,,,,,,,,,,,,
P24fc987f38,2014,1,32.0,36.0,82.4,28.5,50.5,56.65,8.8,15.9,12.7,16.0,154.0,183.0,0.842,167.0,317.0,0.527,42.0,138.0,0.304,8.9,2.3,40.2,2.6,0.68671931,110.0,157.0,57.0,159.0,57.0,62.0,33.6667,2.3889,4.6944,1.5833,1.1389,2.7778,17.0556,0.3032967032967033,3.1111111111111107,0.7470588235294118,0.5652499999999999,4.390975907906766
Pb51c66667f,2014,1,42.0,38.0,81.5,24.8,49.9,55.0,3.0,11.2,17.6,12.7,146.0,187.0,0.781,143.0,304.0,0.47,62.0,169.0,0.367,2.0,2.1,39.5,2.4,1.67189162,82.0,126.0,61.0,176.0,29.0,31.0,33.0263,0.8158,3.2368,2.8158,1.1316,0.6579,16.2632,0.3572938689217759,1.2058823529411764,1.2846715328467155,0.24,4.089661172970191
Pe966e23e9c,2014,1,28.0,32.0,86.5,23.1,55.6,59.77,2.3,10.6,15.4,12.2,103.0,118.0,0.873,107.0,205.0,0.522,90.0,230.0,0.391,2.8,1.7,27.1,2.7,1.49997033,56.0,83.0,51.0,121.0,11.0,12.0,34.875,0.6875,3.0312,2.5312,1.0,1.0,18.3438,0.5287356321839081,1.2162162162162162,1.1666666666666667,0.3028700000000002,4.172174809486365
P331cffbdbb,2014,0,,35.0,91.5,24.7,55.9,62.17,1.7,11.5,12.2,15.5,212.0,266.0,0.797,123.0,240.0,0.512,80.0,195.0,0.41,0.4,1.0,61.1,1.8,0.81706429,78.0,116.0,45.0,124.0,7.0,10.0,37.0,0.4857,3.9429,1.9143,0.6286,0.1429,19.9429,0.4482758620689655,0.5,0.7393939393939394,0.57199,4.4530371807449995
P465ab55c02,2014,1,19.0,35.0,73.7,25.3,51.8,56.08,4.0,10.2,16.8,12.7,115.0,142.0,0.81,114.0,225.0,0.507,81.0,230.0,0.352,1.6,3.4,31.2,2.6,1.56664521,65.0,104.0,49.0,122.0,22.0,22.0,32.3143,1.0571,2.9429,2.6857,1.8,0.4286,16.7429,0.5054945054945055,1.3888888888888888,1.2262773722627738,0.3222399999999999,4.019904150510525
Pab87e9a8b8,2014,1,38.0,17.0,37.4,21.5,56.5,66.66,1.8,9.6,26.3,15.6,102.0,119.0,0.857,35.0,68.0,0.515,26.0,63.0,0.413,0.8,2.9,90.8,2.4,2.13333701,25.0,44.0,10.0,23.0,4.0,4.0,31.1176,0.4706,2.5882,3.7647,1.5294,0.2353,14.7059,0.4809160305343511,1.0882352941176472,1.5843373493975903,0.2498999999999999,4.102880423564213
P12d1ca8d35,2014,1,8.0,36.0,86.0,23.9,58.6,64.17,1.6,8.8,18.8,14.0,168.0,204.0,0.824,93.0,186.0,0.5,92.0,208.0,0.442,0.9,1.0,51.8,1.5,1.76121657,53.0,87.0,40.0,99.0,15.0,17.0,35.5833,0.4167,2.5,3.2778,0.5556,0.3056,17.5,0.5279187817258884,0.76,1.2533333333333334,0.5526299999999998,4.386160222810048
P2f95e0c256,2014,1,23.0,35.0,81.9,22.3,55.0,59.02,2.9,11.7,13.2,12.8,109.0,135.0,0.807,120.0,243.0,0.494,71.0,169.0,0.42,0.8,1.3,32.8,3.2,1.38887811,47.0,74.0,73.0,168.0,14.0,16.0,32.8571,0.8286,3.1143,2.1429,0.7143,0.2571,16.0571,0.4101941747572815,0.5,0.9565217391304348,0.2074600000000001,3.9645124927889945
Pd907989bcb,2014,1,22.0,36.0,72.6,25.7,54.5,60.33,7.5,13.1,14.7,11.0,158.0,189.0,0.836,156.0,283.0,0.551,52.0,146.0,0.356,0.6,5.0,44.1,2.9,1.55553341,93.0,131.0,63.0,155.0,0.0,0.0,30.0556,1.8611,3.4722,2.3333,2.6389,0.1389,17.3889,0.3403263403263403,1.435897435897436,1.225,0.5888099999999998,4.386512124326166
Pd3b81c81b9,2017,0,,,,,,,,,,,,,,,,,,,,,,,,,,,,,,,,,,,,,,,,,,
Pd5729dac8f,2014,1,34.0,35.0,68.5,26.4,57.3,62.88,5.6,19.0,6.1,16.2,144.0,171.0,0.842,117.0,202.0,0.579,64.0,170.0,0.376,3.4,1.7,46.0,3.5,0.373139,76.0,101.0,41.0,101.0,19.0,20.0,27.4857,1.2857,4.7143,0.7143,0.7714,0.8,16.2857,0.4569892473118279,1.1333333333333333,0.3546511627906977,0.82432,4.334190349476927
Pdd79d6ef7f,2014,1,40.0,37.0,80.1,21.2,53.2,56.59,6.0,11.5,7.6,11.6,87.0,115.0,0.757,149.0,265.0,0.562,33.0,108.0,0.306,1.0,1.9,30.8,1.8,0.95656378,92.0,120.0,57.0,146.0,37.0,39.0,32.2703,1.4595,2.973,1.1892,0.9459,0.2973,13.0811,0.289544235924933,1.0357142857142858,0.6031746031746031,0.07908,3.598467774667518
Pf7c7a85a9a,2014,1,17.0,40.0,80.2,21.8,49.8,53.64,3.7,11.0,10.8,15.9,125.0,177.0,0.706,101.0,215.0,0.47,82.0,235.0,0.349,0.6,1.4,39.3,2.6,0.89333331,56.0,89.0,45.0,126.0,20.0,22.0,32.4,1.025,3.25,1.675,0.75,0.2,14.325,0.5222222222222223,0.5555555555555556,0.6390532544378699,0.06552,3.658339186506212
Pd8244d9a42,2014,1,39.0,32.0,73.4,21.4,49.6,54.74,9.1,17.2,9.4,11.3,120.0,178.0,0.674,133.0,263.0,0.506,0.0,5.0,0.0,2.5,1.7,66.4,3.0,1.18924056,88.0,129.0,45.0,135.0,28.0,33.0,31.4062,2.4375,4.3438,1.375,0.8125,0.5625,12.0625,0.0186567164179104,1.05,0.7642276422764227,0.0663599999999999,3.496298033136669
P944e30c99c,2014,1,33.0,37.0,71.8,22.1,54.7,56.48,2.7,9.8,18.1,13.4,73.0,114.0,0.64,77.0,158.0,0.487,72.0,180.0,0.4,0.9,2.2,33.7,3.3,1.75001923,55.0,81.0,22.0,77.0,1.0,2.0,28.8108,0.5946,2.3514,2.2703,0.9459,0.2162,11.973,0.5325443786982249,0.7209302325581396,1.2569444444444444,0.13608,3.03675656215248
Pc7e0f691c6,2014,1,11.0,35.0,84.4,32.8,60.3,64.43,6.4,17.8,11.5,9.8,178.0,206.0,0.864,234.0,413.0,0.567,96.0,214.0,0.449,0.5,0.4,32.9,2.3,0.88709499,159.0,229.0,75.0,183.0,9.0,9.0,33.7429,1.6286,5.3429,1.5714,0.2286,0.1429,26.6857,0.3413078149920255,0.2727272727272727,1.0648148148148149,1.8470400000000005,4.6074690373812786
Pa47459a77d,2014,1,60.0,36.0,72.3,23.6,51.4,54.95,11.3,20.9,7.7,12.5,128.0,198.0,0.646,159.0,313.0,0.508,14.0,37.0,0.378,4.6,0.8,56.6,3.1,0.71999422,100.0,138.0,59.0,176.0,67.0,79.0,29.3056,2.7778,5.3611,1.0,0.3611,1.2778,13.5556,0.1057142857142857,1.3170731707317074,0.5703703703703704,0.1782000000000002,3.419474916772022
P59ddf4705a,2014,0,,34.0,84.5,28.8,51.5,57.73,3.6,11.5,18.5,13.3,180.0,213.0,0.845,121.0,239.0,0.506,93.0,267.0,0.348,0.1,2.6,42.1,1.6,1.22857982,85.0,116.0,36.0,125.0,6.0,6.0,33.7941,1.0588,3.2353,2.5294,1.4118,0.0294,20.6176,0.5276679841897233,1.0384615384615383,1.2937062937062938,0.6802399999999997,4.534249732693464
P11fb43c4ea,2014,1,4.0,38.0,77.1,23.2,51.6,50.27,10.4,19.3,13.0,12.4,76.0,180.0,0.422,173.0,337.0,0.513,16.0,45.0,0.356,3.4,1.8,47.1,3.0,1.36361758,137.0,198.0,36.0,140.0,54.0,56.0,31.2368,2.6842,5.2895,1.9737,0.8947,1.0263,12.3684,0.1178010471204188,1.3,0.9701492537313432,0.00864,2.1937657471941785
P49827cf895,2014,1,14.0,35.0,84.8,33.6,54.8,57.35,10.8,12.8,8.6,12.2,156.0,226.0,0.69,311.0,536.0,0.58,31.0,116.0,0.267,1.8,3.1,34.7,3.1,0.48195156,192.0,251.0,120.0,286.0,37.0,37.0,35.3714,3.2286,3.9143,1.1429,1.8,0.6,24.8857,0.1779141104294478,1.1951219512195124,0.6515151515151515,0.9996000000000004,3.743215512062167
P9e30954b9f,2014,1,48.0,36.0,80.1,28.4,52.8,56.92,3.8,14.5,29.9,17.7,132.0,175.0,0.754,122.0,252.0,0.484,80.0,206.0,0.388,1.2,2.8,38.2,2.5,1.65594391,85.0,127.0,37.0,125.0,8.0,8.0,32.5833,0.9722,3.8889,4.2778,1.4167,0.3333,17.1111,0.4497816593886463,1.1428571428571428,1.5989304812834224,0.58128,3.898544932258766
P1044a073cf,2014,1,6.0,31.0,72.9,29.9,48.6,55.18,5.1,14.9,30.1,15.4,182.0,250.0,0.728,114.0,222.0,0.514,49.0,164.0,0.299,1.9,5.0,64.8,3.6,1.80485405,78.0,110.0,36.0,113.0,16.0,18.0,32.7097,1.4194,4.4839,4.7742,2.871,0.5806,17.9677,0.4248704663212435,1.5000000000000002,1.8353658536585369,0.5128199999999999,4.022529739687938
P4f181909b7,2014,1,30.0,,,,,,,,,,,,,,,,,,,,,,,,,,,,,,,,,,,,,,,,,
P6e49424689,2014,1,45.0,36.0,80.8,26.8,47.5,52.69,7.3,17.3,20.4,19.6,145.0,211.0,0.687,165.0,340.0,0.485,10.0,39.0,0.256,2.8,2.4,55.7,3.9,1.07691506,86.0,139.0,79.0,201.0,22.0,26.0,32.4167,1.9444,4.9167,3.1111,1.3056,0.8333,14.0278,0.1029023746701846,1.0612244897959182,0.9902912621359222,0.1829199999999998,3.6799747706996726
Pa9426d162d,2014,1,15.0,31.0,56.7,27.1,56.5,60.66,6.8,22.9,10.2,16.1,109.0,138.0,0.79,134.0,250.0,0.536,44.0,104.0,0.423,3.8,1.0,39.0,3.7,0.65078975,74.0,104.0,60.0,146.0,38.0,42.0,28.0645,1.5484,5.7097,1.3226,0.4839,0.9032,16.4194,0.2937853107344633,1.0212765957446808,0.5964912280701753,0.75686,3.898234407173246
P0a4bbd8b0a,2014,1,9.0,30.0,61.8,21.5,56.0,60.43,10.8,27.3,4.9,21.8,96.0,134.0,0.716,97.0,183.0,0.53,16.0,33.0,0.485,5.4,1.9,62.0,4.1,0.2812544,73.0,122.0,24.0,61.0,24.0,27.0,26.4667,2.3667,6.6,0.6,0.8667,1.3667,11.2667,0.1527777777777778,1.431372549019608,0.2149122807017544,0.15645,3.5121767413619156
P1dca1ecf2b,2014,1,7.0,40.0,76.3,26.2,50.4,56.59,13.4,24.7,10.0,18.7,204.0,289.0,0.706,193.0,374.0,0.516,3.0,18.0,0.167,2.6,1.0,73.7,3.0,0.5643564,132.0,197.0,61.0,176.0,37.0,40.0,30.825,3.5,6.925,1.425,0.5,0.775,14.975,0.0459183673469387,0.9,0.5076142131979695,0.4085800000000001,4.002935931624247
Pee1a8f2e9d,2014,0,,32.0,74.3,22.4,50.7,53.61,8.9,21.1,7.5,15.1,82.0,123.0,0.667,153.0,281.0,0.544,12.0,56.0,0.214,8.8,0.7,36.5,3.2,0.61408035,99.0,141.0,54.0,139.0,48.0,52.0,32.0312,2.2812,6.375,1.0938,0.375,2.6562,13.25,0.1661721068249258,2.261904761904762,0.4658385093167701,0.0866399999999999,3.21512780425856
P8c383a7533,2014,1,49.0,34.0,81.1,28.9,55.8,61.14,8.5,16.6,11.8,12.8,219.0,298.0,0.735,236.0,423.0,0.558,1.0,3.0,0.333,4.9,1.0,70.0,2.6,0.77939999,136.0,193.0,100.0,230.0,33.0,34.0,32.9118,2.2353,5.1471,1.5588,0.5588,1.5,20.4118,0.0070422535211267,1.6388888888888888,0.855072463768116,0.99146,4.189826026442155
Pd6e0b051bb,2014,1,36.0,34.0,74.2,28.5,49.8,52.78,10.8,16.6,11.5,21.0,118.0,186.0,0.634,202.0,407.0,0.496,1.0,2.0,0.5,2.9,1.0,45.5,4.2,0.5092397,99.0,157.0,102.0,249.0,20.0,22.0,30.0,3.0,4.7059,1.6176,0.5,0.9118,15.4412,0.0048899755501222,0.75,0.5227272727272727,0.2363000000000001,3.316522863085808
Pa380a0ce3c,2014,0,,34.0,74.7,25.1,45.8,48.39,9.5,14.9,11.0,10.5,138.0,257.0,0.537,173.0,371.0,0.466,0.0,7.0,0.0,3.2,2.5,68.0,3.6,1.22914004,98.0,150.0,75.0,221.0,35.0,38.0,30.0882,2.6471,4.1176,1.7353,1.3235,0.9118,14.2353,0.0185185185185185,1.2391304347826089,0.9565217391304348,-0.0821099999999999,2.9819392971029086
P31e153a014,2014,1,35.0,36.0,81.2,25.7,53.7,58.01,15.1,23.2,13.4,16.1,156.0,226.0,0.69,196.0,365.0,0.537,0.0,0.0,0.0,2.8,1.4,61.9,2.5,0.92206274,141.0,208.0,56.0,158.0,25.0,26.0,32.7222,4.1944,6.4722,1.9722,0.6944,0.8889,15.2222,0.0,1.1999999999999995,0.783625730994152,0.4565699999999998,3.743215512062167
P26e74779f0,2015,0,,35.0,71.8,21.2,51.0,54.46,1.5,9.5,25.9,19.1,93.0,141.0,0.66,98.0,198.0,0.495,34.0,94.0,0.362,1.5,2.3,48.3,3.5,2.10807354,78.0,124.0,20.0,74.0,9.0,9.0,31.4857,0.3714,2.6571,4.4571,1.1714,0.4,11.1714,0.3219178082191781,0.8444444444444444,1.288557213930348,0.0535199999999999,3.2708458580168323
Pdb1689c286,2014,1,1.0,35.0,81.4,25.1,49.9,56.34,8.4,12.3,9.2,15.9,176.0,227.0,0.775,146.0,296.0,0.493,43.0,126.0,0.341,3.1,2.1,53.8,3.3,0.67502293,92.0,132.0,54.0,161.0,36.0,40.0,32.8,2.1714,3.6857,1.5429,1.1714,0.9714,17.0571,0.2985781990521327,1.2093023255813955,0.5443786982248521,0.3233400000000002,4.207742862439692
P23f1ba707f,2014,1,2.0,35.0,76.4,31.6,51.1,55.77,11.4,23.1,8.7,14.5,160.0,214.0,0.748,198.0,393.0,0.504,38.0,106.0,0.358,4.0,2.1,42.9,3.1,0.50615734,124.0,199.0,74.0,193.0,61.0,66.0,30.6571,3.0,5.7429,1.1714,1.0571,1.2286,19.1429,0.2124248496993988,1.4878048780487805,0.5612903225806452,0.6693200000000005,4.0172372450394915
P2171d2817b,2014,1,3.0,28.0,45.9,24.4,62.9,65.5,12.7,27.3,11.5,24.1,98.0,143.0,0.685,106.0,166.0,0.639,1.0,5.0,0.2,11.7,2.3,83.6,5.8,0.57574986,80.0,99.0,25.0,65.0,30.0,30.0,23.1071,2.3214,5.7857,1.3571,0.8929,2.5714,11.1786,0.0292397660818713,2.058823529411765,0.4581673306772908,0.6819999999999997,3.4043221102095607
P1b1aa3dc82,2014,0,,35.0,96.4,28.1,48.9,56.53,1.6,8.9,34.8,13.3,226.0,265.0,0.853,153.0,339.0,0.451,77.0,210.0,0.367,0.2,1.5,48.3,1.5,2.41171862,92.0,163.0,61.0,177.0,9.0,9.0,39.9429,0.5429,3.0,5.8571,1.0,0.0857,21.8,0.3825136612021858,0.6799999999999999,2.4335664335664333,0.5289300000000002,4.7627223513907895
Pc9a1f10582,2014,1,5.0,,,,,,,,,,,,,,,,,,,,,,,,,,,,,,,,,,,,,,,,,
Pd856b04e96,2014,0,,33.0,32.2,22.0,61.4,63.42,1.5,10.1,5.6,11.0,30.0,37.0,0.811,20.0,37.0,0.541,64.0,152.0,0.421,1.1,2.0,19.6,3.8,0.66654445,5.0,8.0,15.0,29.0,1.0,3.0,13.7273,0.1818,1.1212,0.3636,0.4545,0.1515,7.9394,0.8042328042328042,0.6458333333333334,0.4666666666666666,0.2684,2.950082375538099
Pbda800ed55,2014,0,,33.0,71.2,24.2,49.6,50.8,8.0,15.5,8.9,13.2,61.0,108.0,0.565,180.0,361.0,0.499,1.0,5.0,0.2,3.6,1.3,29.5,3.8,0.7499683,94.0,141.0,88.0,221.0,31.0,35.0,29.0,2.0606,4.0606,1.1818,0.6364,0.9697,12.8485,0.0136612021857923,1.0208333333333337,0.6267605633802817,0.0335999999999998,2.650611553459466
Pa76f81d8c3,2014,0,,20.0,45.4,19.4,51.2,52.83,10.0,30.0,9.1,22.8,45.0,81.0,0.556,65.0,128.0,0.508,1.0,2.0,0.5,6.5,1.3,62.3,3.3,0.62222221,51.0,85.0,14.0,43.0,9.0,9.0,29.4,2.3,7.95,1.4,0.65,1.95,8.9,0.0153846153846153,1.8139534883720931,0.3823529411764705,-0.01698,2.4501359014789252
P2dde5c1214,2014,0,,30.0,74.8,24.9,53.0,57.52,9.9,22.8,8.7,14.0,112.0,147.0,0.762,178.0,318.0,0.56,5.0,32.0,0.156,5.6,1.5,42.0,3.0,0.57894739,112.0,151.0,66.0,167.0,29.0,31.0,32.4333,2.4333,6.6,1.1,0.8,1.5667,16.1,0.0914285714285714,1.775,0.58,0.3684800000000001,3.8078757526082554
P8df71877a2,2017,0,,,,,,,,,,,,,,,,,,,,,,,,,,,,,,,,,,,,,,,,,,
P3997afa4f2,2014,1,12.0,,,,,,,,,,,,,,,,,,,,,,,,,,,,,,,,,,,,,,,,,
P23026d4d13,2014,0,,35.0,90.7,28.4,54.4,59.66,7.3,24.4,22.6,20.0,208.0,290.0,0.717,203.0,368.0,0.552,14.0,44.0,0.318,3.4,1.2,70.4,3.2,1.00841176,141.0,222.0,62.0,146.0,8.0,8.0,36.4286,2.2571,8.7714,3.4286,0.7143,1.2286,18.7429,0.1067961165048543,1.0952380952380951,1.0761904761904764,0.8114399999999996,4.06777278256196
P360c31499c,2014,1,25.0,,,,,,,,,,,,,,,,,,,,,,,,,,,,,,,,,,,,,,,,,
P44154d877a,2014,1,27.0,,,,,,,,,,,,,,,,,,,,,,,,,,,,,,,,,,,,,,,,,
Paf95fb158c,2014,1,16.0,,,,,,,,,,,,,,,,,,,,,,,,,,,,,,,,,,,,,,,,,
Pf78412d8c5,2014,1,31.0,,,,,,,,,,,,,,,,,,,,,,,,,,,,,,,,,,,,,,,,,
Pe73b4eac92,2014,1,20.0,,,,,,,,,,,,,,,,,,,,,,,,,,,,,,,,,,,,,,,,,
P962232fdc6,2014,1,41.0,,,,,,,,,,,,,,,,,,,,,,,,,,,,,,,,,,,,,,,,,
P2225ba1e79,2000,1,11.0,,,,,,,,,,,,,,,,,,,,,,,,,,,,,,,,,,,,,,,,,
Pf1eb0b11c1,2015,1,4.0,,,,,,,,,,,,,,,,,,,,,,,,,,,,,,,,,,,,,,,,,
Pbac4f67696,2014,1,43.0,,,,,,,,,,,,,,,,,,,,,,,,,,,,,,,,,,,,,,,,,
Pb59dd639f9,2014,0,,,,,,,,,,,,,,,,,,,,,,,,,,,,,,,,,,,,,,,,,,
P2dd4d0a4f4,2014,0,,33.0,75.3,23.3,53.8,57.94,5.1,18.8,20.0,10.2,102.0,127.0,0.803,125.0,261.0,0.479,57.0,130.0,0.438,1.0,1.8,32.5,3.3,2.1818796,64.0,107.0,61.0,154.0,13.0,15.0,34.4545,1.5758,5.7879,2.9091,1.0303,0.3333,15.8485,0.3324808184143222,0.6511627906976744,1.7857142857142858,0.26202,3.896180301927453
Pcb993abaa5,2014,0,,29.0,54.0,21.0,64.2,62.41,13.0,20.5,10.9,22.0,61.0,114.0,0.535,120.0,187.0,0.642,0.0,0.0,0.0,11.1,0.2,61.0,4.3,0.66665055,112.0,146.0,8.0,41.0,54.0,57.0,26.3448,2.7241,5.0345,1.3793,0.1034,3.3103,10.3793,0.0,2.132075471698113,0.4739130434782609,0.1240999999999999,2.538538688674339
Pceb2ff7429,2014,0,,35.0,71.3,23.0,58.0,61.22,17.4,24.0,6.3,13.6,111.0,158.0,0.703,172.0,297.0,0.579,1.0,2.0,0.5,4.0,1.4,52.8,3.6,0.58000841,140.0,214.0,32.0,82.0,18.0,19.0,29.3143,4.0286,6.0857,0.8286,0.6571,1.1714,13.0857,0.0066889632107023,1.173913043478261,0.4315068493150685,0.3365999999999999,3.563439654160822
P0ee95e3925,2014,0,,33.0,31.6,17.2,69.2,67.98,11.6,21.3,3.9,17.3,33.0,55.0,0.6,74.0,106.0,0.698,0.0,1.0,0.0,4.0,1.3,51.4,8.3,0.39124821,62.0,78.0,12.0,27.0,22.0,23.0,13.5152,1.2424,2.6364,0.2727,0.303,0.5152,5.4848,0.0093457943925233,0.5698924731182795,0.2131147540983606,-0.5034400000000002,2.41521101444109
Pfa73181e89,2014,0,,37.0,56.9,13.9,56.5,59.18,7.4,12.0,5.4,15.9,33.0,41.0,0.805,70.0,133.0,0.526,23.0,52.0,0.442,1.0,1.5,22.2,3.5,0.84852561,35.0,53.0,35.0,80.0,3.0,5.0,22.9189,1.4054,2.4324,0.7568,0.6216,0.1892,6.5405,0.2810810810810811,0.5555555555555556,0.3195266272189349,-0.5599799999999999,3.008824042718112
Pbbdf67d0e0,2014,0,,34.0,54.5,13.5,55.8,57.95,4.9,10.4,10.2,6.8,25.0,30.0,0.833,94.0,173.0,0.543,11.0,25.0,0.44,3.4,1.8,15.2,5.1,3.76882844,41.0,53.0,53.0,121.0,10.0,10.0,23.8824,0.9706,2.2059,1.4412,0.7353,0.6765,7.2353,0.1262626262626262,0.8524590163934427,1.3076923076923077,-0.5167500000000002,2.8605113413361267
P0acc99bae4,2014,0,,,,,,,,,,,,,,,,,,,,,,,,,,,,,,,,,,,,,,,,,,
P187235ce4e,2014,0,,,,,,,,,,,,,,,,,,,,,,,,,,,,,,,,,,,,,,,,,,
P68a89b7756,2014,0,,35.0,70.0,18.6,46.9,52.41,1.2,8.1,26.9,22.8,68.0,90.0,0.756,75.0,142.0,0.528,16.0,69.0,0.232,0.6,3.4,42.7,3.2,2.14284992,58.0,95.0,17.0,47.0,0.0,0.0,28.0,0.2571,2.1143,4.2857,1.5714,0.1714,7.6,0.3270142180094786,0.9523809523809524,1.130252100840336,-0.0337399999999999,3.4102097869267385
P5aa610b7ff,2017,0,,,,,,,,,,,,,,,,,,,,,,,,,,,,,,,,,,,,,,,,,,
Pa2709c7876,2015,0,,31.0,80.6,23.1,46.2,49.46,3.7,14.7,9.5,14.2,63.0,81.0,0.778,54.0,164.0,0.329,80.0,213.0,0.376,1.3,0.7,21.5,1.9,0.71696792,24.0,56.0,30.0,108.0,1.0,2.0,32.6129,1.0323,4.3548,1.2258,0.3548,0.3548,13.2581,0.5649867374005305,0.6896551724137931,0.625,-0.0167399999999999,3.428427574371589
P88b9812a96,2014,0,,,,,,,,,,,,,,,,,,,,,,,,,,,,,,,,,,,,,,,,,,
P9990134f41,2015,0,,31.0,88.7,25.7,47.6,51.3,2.0,10.3,15.6,17.3,106.0,151.0,0.702,118.0,257.0,0.459,61.0,183.0,0.333,1.1,1.9,34.3,2.3,0.86902605,80.0,131.0,38.0,126.0,3.0,4.0,35.6129,0.6129,3.2903,2.3548,1.129,0.3871,16.9355,0.4159090909090909,0.9090909090909092,0.8524590163934426,0.0740999999999998,3.526764125634086
Pa1cb69e2d5,2000,1,12.0,,,,,,,,,,,,,,,,,,,,,,,,,,,,,,,,,,,,,,,,,
P3fe5b0aa24,2017,0,,,,,,,,,,,,,,,,,,,,,,,,,,,,,,,,,,,,,,,,,,
Pbd1bd31363,2000,1,13.0,,,,,,,,,,,,,,,,,,,,,,,,,,,,,,,,,,,,,,,,,
P049a006ba4,2000,1,14.0,,,,,,,,,,,,,,,,,,,,,,,,,,,,,,,,,,,,,,,,,
Pf2b2bf7c90,2000,1,15.0,,,,,,,,,,,,,,,,,,,,,,,,,,,,,,,,,,,,,,,,,
Pe00e8a81b3,2015,0,,38.0,75.9,20.7,53.8,57.04,2.8,12.5,39.0,19.3,58.0,70.0,0.829,131.0,235.0,0.557,25.0,78.0,0.321,0.3,4.3,22.4,2.3,3.05134955,60.0,85.0,71.0,150.0,0.0,0.0,30.4737,0.6579,3.1842,6.2632,2.1842,0.0789,10.3947,0.2492012779552715,1.3939393939393938,1.921182266009852,0.0492799999999999,3.5337616180672504
P382ba08b06,2000,1,16.0,,,,,,,,,,,,,,,,,,,,,,,,,,,,,,,,,,,,,,,,,
Pdfcccbc0ee,2000,1,17.0,,,,,,,,,,,,,,,,,,,,,,,,,,,,,,,,,,,,,,,,,
P180bfe573f,2000,1,18.0,,,,,,,,,,,,,,,,,,,,,,,,,,,,,,,,,,,,,,,,,
P5ea8063b82,2000,1,19.0,,,,,,,,,,,,,,,,,,,,,,,,,,,,,,,,,,,,,,,,,
P8b55924f31,2000,1,20.0,,,,,,,,,,,,,,,,,,,,,,,,,,,,,,,,,,,,,,,,,
P360a02c8f3,2000,1,21.0,,,,,,,,,,,,,,,,,,,,,,,,,,,,,,,,,,,,,,,,,
P8df0a8788c,2000,1,22.0,,,,,,,,,,,,,,,,,,,,,,,,,,,,,,,,,,,,,,,,,
P22993a7ac8,2000,1,23.0,,,,,,,,,,,,,,,,,,,,,,,,,,,,,,,,,,,,,,,,,
P52ae6ebde1,2000,1,24.0,,,,,,,,,,,,,,,,,,,,,,,,,,,,,,,,,,,,,,,,,
P3ef49a42d2,2000,1,25.0,,,,,,,,,,,,,,,,,,,,,,,,,,,,,,,,,,,,,,,,,
Pa5a2a6e8b9,2000,1,26.0,,,,,,,,,,,,,,,,,,,,,,,,,,,,,,,,,,,,,,,,,
P91ba0ccfb7,2000,1,27.0,,,,,,,,,,,,,,,,,,,,,,,,,,,,,,,,,,,,,,,,,
P8b719e2981,2000,1,28.0,,,,,,,,,,,,,,,,,,,,,,,,,,,,,,,,,,,,,,,,,
Pc3df7f8dbd,2000,1,29.0,,,,,,,,,,,,,,,,,,,,,,,,,,,,,,,,,,,,,,,,,
P98015d62ae,2000,1,38.0,,,,,,,,,,,,,,,,,,,,,,,,,,,,,,,,,,,,,,,,,
P39bae689b5,2000,1,30.0,,,,,,,,,,,,,,,,,,,,,,,,,,,,,,,,,,,,,,,,,
Pd5c75d3b01,2000,1,31.0,,,,,,,,,,,,,,,,,,,,,,,,,,,,,,,,,,,,,,,,,
P189ad0416e,2000,1,32.0,,,,,,,,,,,,,,,,,,,,,,,,,,,,,,,,,,,,,,,,,
Pefcb67dee7,2000,1,33.0,,,,,,,,,,,,,,,,,,,,,,,,,,,,,,,,,,,,,,,,,
P07fb065f28,2000,1,34.0,,,,,,,,,,,,,,,,,,,,,,,,,,,,,,,,,,,,,,,,,
P6c17983aad,2000,1,35.0,,,,,,,,,,,,,,,,,,,,,,,,,,,,,,,,,,,,,,,,,
P0b8d4db24c,2000,1,36.0,,,,,,,,,,,,,,,,,,,,,,,,,,,,,,,,,,,,,,,,,
P1d1b852c8c,2000,1,37.0,,,,,,,,,,,,,,,,,,,,,,,,,,,,,,,,,,,,,,,,,
P620c88aaa1,2000,1,39.0,,,,,,,,,,,,,,,,,,,,,,,,,,,,,,,,,,,,,,,,,
P69d740b582,2000,1,40.0,,,,,,,,,,,,,,,,,,,,,,,,,,,,,,,,,,,,,,,,,
P9c1ee88716,2000,1,42.0,,,,,,,,,,,,,,,,,,,,,,,,,,,,,,,,,,,,,,,,,
Pfdb326aa01,2000,1,44.0,,,,,,,,,,,,,,,,,,,,,,,,,,,,,,,,,,,,,,,,,
Pd764197a9d,2000,1,45.0,,,,,,,,,,,,,,,,,,,,,,,,,,,,,,,,,,,,,,,,,
P7903308993,2000,1,49.0,,,,,,,,,,,,,,,,,,,,,,,,,,,,,,,,,,,,,,,,,
Paff659398c,2000,1,51.0,,,,,,,,,,,,,,,,,,,,,,,,,,,,,,,,,,,,,,,,,
P1f7c85948b,2000,1,52.0,,,,,,,,,,,,,,,,,,,,,,,,,,,,,,,,,,,,,,,,,
P0e7eb7e056,2000,1,53.0,,,,,,,,,,,,,,,,,,,,,,,,,,,,,,,,,,,,,,,,,
P497243f189,2000,1,55.0,,,,,,,,,,,,,,,,,,,,,,,,,,,,,,,,,,,,,,,,,
P7cf0118ef7,2000,0,,,,,,,,,,,,,,,,,,,,,,,,,,,,,,,,,,,,,,,,,,
P7b63dad40c,2000,0,,,,,,,,,,,,,,,,,,,,,,,,,,,,,,,,,,,,,,,,,,
Pbc657442d8,2000,0,,,,,,,,,,,,,,,,,,,,,,,,,,,,,,,,,,,,,,,,,,
Pa0da0f38dc,2000,0,,,,,,,,,,,,,,,,,,,,,,,,,,,,,,,,,,,,,,,,,,
P9a587a1a63,2000,0,,,,,,,,,,,,,,,,,,,,,,,,,,,,,,,,,,,,,,,,,,
P2899765f70,2000,0,,,,,,,,,,,,,,,,,,,,,,,,,,,,,,,,,,,,,,,,,,
P1f84c6033c,2000,0,,,,,,,,,,,,,,,,,,,,,,,,,,,,,,,,,,,,,,,,,,
Pd1e82d8666,2001,0,,,,,,,,,,,,,,,,,,,,,,,,,,,,,,,,,,,,,,,,,,
Pcb83527531,2000,0,,,,,,,,,,,,,,,,,,,,,,,,,,,,,,,,,,,,,,,,,,
P3b6ec2df2f,2003,0,,,,,,,,,,,,,,,,,,,,,,,,,,,,,,,,,,,,,,,,,,
P9aa2c80a45,2000,0,,,,,,,,,,,,,,,,,,,,,,,,,,,,,,,,,,,,,,,,,,
Pd49ad433a6,2000,0,,,,,,,,,,,,,,,,,,,,,,,,,,,,,,,,,,,,,,,,,,
P3f83cdea39,2001,1,1.0,,,,,,,,,,,,,,,,,,,,,,,,,,,,,,,,,,,,,,,,,
Pff73e1eace,2001,1,3.0,,,,,,,,,,,,,,,,,,,,,,,,,,,,,,,,,,,,,,,,,
Pe88af25410,2001,1,4.0,,,,,,,,,,,,,,,,,,,,,,,,,,,,,,,,,,,,,,,,,
P854c694553,2001,1,5.0,,,,,,,,,,,,,,,,,,,,,,,,,,,,,,,,,,,,,,,,,
Peca9b04dbf,2001,1,7.0,,,,,,,,,,,,,,,,,,,,,,,,,,,,,,,,,,,,,,,,,
P0fd2ff4395,2001,1,8.0,,,,,,,,,,,,,,,,,,,,,,,,,,,,,,,,,,,,,,,,,
Pac419c235c,2001,1,9.0,,,,,,,,,,,,,,,,,,,,,,,,,,,,,,,,,,,,,,,,,
P704a5fd478,2001,1,10.0,,,,,,,,,,,,,,,,,,,,,,,,,,,,,,,,,,,,,,,,,
P0d7e76d154,2001,1,11.0,,,,,,,,,,,,,,,,,,,,,,,,,,,,,,,,,,,,,,,,,
P98f905fdef,2001,1,12.0,,,,,,,,,,,,,,,,,,,,,,,,,,,,,,,,,,,,,,,,,
Pdcd864f0fb,2001,1,13.0,,,,,,,,,,,,,,,,,,,,,,,,,,,,,,,,,,,,,,,,,
P842a2f3c2e,2001,1,14.0,,,,,,,,,,,,,,,,,,,,,,,,,,,,,,,,,,,,,,,,,
P563df84956,2001,1,16.0,,,,,,,,,,,,,,,,,,,,,,,,,,,,,,,,,,,,,,,,,
P3a25271b04,2001,1,17.0,,,,,,,,,,,,,,,,,,,,,,,,,,,,,,,,,,,,,,,,,
P75d87cd190,2001,1,18.0,,,,,,,,,,,,,,,,,,,,,,,,,,,,,,,,,,,,,,,,,
P2ee25c689c,2001,1,20.0,,,,,,,,,,,,,,,,,,,,,,,,,,,,,,,,,,,,,,,,,
P1bd862cc0f,2001,1,21.0,,,,,,,,,,,,,,,,,,,,,,,,,,,,,,,,,,,,,,,,,
P9650bb1a40,2001,1,22.0,,,,,,,,,,,,,,,,,,,,,,,,,,,,,,,,,,,,,,,,,
Pcba63fe240,2001,1,23.0,,,,,,,,,,,,,,,,,,,,,,,,,,,,,,,,,,,,,,,,,
Pd4900db84d,2001,1,24.0,,,,,,,,,,,,,,,,,,,,,,,,,,,,,,,,,,,,,,,,,
Pfcc31e3705,2001,1,26.0,,,,,,,,,,,,,,,,,,,,,,,,,,,,,,,,,,,,,,,,,
P3ebb78aaf3,2001,1,27.0,,,,,,,,,,,,,,,,,,,,,,,,,,,,,,,,,,,,,,,,,
Pd3b6bf6d79,2001,1,32.0,,,,,,,,,,,,,,,,,,,,,,,,,,,,,,,,,,,,,,,,,
P0a2d28a2d0,2001,1,50.0,,,,,,,,,,,,,,,,,,,,,,,,,,,,,,,,,,,,,,,,,
Pf7459f37f3,2001,0,,,,,,,,,,,,,,,,,,,,,,,,,,,,,,,,,,,,,,,,,,
Pa93cedf1ed,2001,0,,,,,,,,,,,,,,,,,,,,,,,,,,,,,,,,,,,,,,,,,,
P4f8c953cc8,2001,1,47.0,,,,,,,,,,,,,,,,,,,,,,,,,,,,,,,,,,,,,,,,,
P2a8e69fc8a,2001,1,29.0,,,,,,,,,,,,,,,,,,,,,,,,,,,,,,,,,,,,,,,,,
Pc0571f7238,2001,1,31.0,,,,,,,,,,,,,,,,,,,,,,,,,,,,,,,,,,,,,,,,,
Paeace7e70c,2001,1,33.0,,,,,,,,,,,,,,,,,,,,,,,,,,,,,,,,,,,,,,,,,
P989fbfa539,2001,1,34.0,,,,,,,,,,,,,,,,,,,,,,,,,,,,,,,,,,,,,,,,,
Pe0dd44e42b,2001,1,35.0,,,,,,,,,,,,,,,,,,,,,,,,,,,,,,,,,,,,,,,,,
Pf532d918b8,2001,1,36.0,,,,,,,,,,,,,,,,,,,,,,,,,,,,,,,,,,,,,,,,,
P3d1a59b5a2,2001,1,39.0,,,,,,,,,,,,,,,,,,,,,,,,,,,,,,,,,,,,,,,,,
P002581103b,2001,1,40.0,,,,,,,,,,,,,,,,,,,,,,,,,,,,,,,,,,,,,,,,,
P6d3c0c239e,2001,1,41.0,,,,,,,,,,,,,,,,,,,,,,,,,,,,,,,,,,,,,,,,,
P5303425662,2001,1,44.0,,,,,,,,,,,,,,,,,,,,,,,,,,,,,,,,,,,,,,,,,
P0fee52cfc4,2001,1,45.0,,,,,,,,,,,,,,,,,,,,,,,,,,,,,,,,,,,,,,,,,
Pc5a3285209,2001,1,49.0,,,,,,,,,,,,,,,,,,,,,,,,,,,,,,,,,,,,,,,,,
Pc0e2cf5bcc,2001,1,52.0,,,,,,,,,,,,,,,,,,,,,,,,,,,,,,,,,,,,,,,,,
Pf65d71b77e,2001,1,53.0,,,,,,,,,,,,,,,,,,,,,,,,,,,,,,,,,,,,,,,,,
P9aa7ef7a41,2001,1,56.0,,,,,,,,,,,,,,,,,,,,,,,,,,,,,,,,,,,,,,,,,
Pbd83a701c7,2001,0,,,,,,,,,,,,,,,,,,,,,,,,,,,,,,,,,,,,,,,,,,
Pca59ea1b39,2001,0,,,,,,,,,,,,,,,,,,,,,,,,,,,,,,,,,,,,,,,,,,
P85381afe4a,2002,0,,,,,,,,,,,,,,,,,,,,,,,,,,,,,,,,,,,,,,,,,,
P2c0a429f79,2001,0,,,,,,,,,,,,,,,,,,,,,,,,,,,,,,,,,,,,,,,,,,
Pa33e366fdf,2001,0,,,,,,,,,,,,,,,,,,,,,,,,,,,,,,,,,,,,,,,,,,
P759a9434cf,2001,0,,,,,,,,,,,,,,,,,,,,,,,,,,,,,,,,,,,,,,,,,,
P8fba680b01,2001,0,,,,,,,,,,,,,,,,,,,,,,,,,,,,,,,,,,,,,,,,,,
P6d016b475a,2001,0,,,,,,,,,,,,,,,,,,,,,,,,,,,,,,,,,,,,,,,,,,
P2ca94b8a14,2002,0,,,,,,,,,,,,,,,,,,,,,,,,,,,,,,,,,,,,,,,,,,
Pc7cce81961,2004,0,,,,,,,,,,,,,,,,,,,,,,,,,,,,,,,,,,,,,,,,,,
P73f5726100,2001,0,,,,,,,,,,,,,,,,,,,,,,,,,,,,,,,,,,,,,,,,,,
Pd06a43915a,2002,1,1.0,,,,,,,,,,,,,,,,,,,,,,,,,,,,,,,,,,,,,,,,,
Pe929ebb536,2002,1,2.0,,,,,,,,,,,,,,,,,,,,,,,,,,,,,,,,,,,,,,,,,
P979bc77e15,2002,1,4.0,,,,,,,,,,,,,,,,,,,,,,,,,,,,,,,,,,,,,,,,,
Pc692096d48,2002,1,5.0,,,,,,,,,,,,,,,,,,,,,,,,,,,,,,,,,,,,,,,,,
P7662bd9a71,2002,1,12.0,,,,,,,,,,,,,,,,,,,,,,,,,,,,,,,,,,,,,,,,,
Pb7f87f6748,2002,1,13.0,,,,,,,,,,,,,,,,,,,,,,,,,,,,,,,,,,,,,,,,,
P5656ae84e7,2002,1,17.0,,,,,,,,,,,,,,,,,,,,,,,,,,,,,,,,,,,,,,,,,
P792efcc523,2002,1,18.0,,,,,,,,,,,,,,,,,,,,,,,,,,,,,,,,,,,,,,,,,
P59cd2b2d22,2002,1,19.0,,,,,,,,,,,,,,,,,,,,,,,,,,,,,,,,,,,,,,,,,
P4c416f9cab,2002,1,21.0,,,,,,,,,,,,,,,,,,,,,,,,,,,,,,,,,,,,,,,,,
P0459b830f2,2002,1,22.0,,,,,,,,,,,,,,,,,,,,,,,,,,,,,,,,,,,,,,,,,
Pd2dc1d3e0e,2002,1,23.0,,,,,,,,,,,,,,,,,,,,,,,,,,,,,,,,,,,,,,,,,
P357471422c,2002,1,24.0,,,,,,,,,,,,,,,,,,,,,,,,,,,,,,,,,,,,,,,,,
Pb74259d44e,2002,1,25.0,,,,,,,,,,,,,,,,,,,,,,,,,,,,,,,,,,,,,,,,,
Pd4f1d19d77,2002,1,27.0,,,,,,,,,,,,,,,,,,,,,,,,,,,,,,,,,,,,,,,,,
P42dd9e15a4,2002,1,28.0,,,,,,,,,,,,,,,,,,,,,,,,,,,,,,,,,,,,,,,,,
P4cd866005e,2002,1,30.0,,,,,,,,,,,,,,,,,,,,,,,,,,,,,,,,,,,,,,,,,
P70ecb2ee9d,2002,1,32.0,,,,,,,,,,,,,,,,,,,,,,,,,,,,,,,,,,,,,,,,,
P780ecd00c5,2002,1,33.0,,,,,,,,,,,,,,,,,,,,,,,,,,,,,,,,,,,,,,,,,
P2abf5d1b69,2002,1,34.0,,,,,,,,,,,,,,,,,,,,,,,,,,,,,,,,,,,,,,,,,
P7d55637f90,2002,1,36.0,,,,,,,,,,,,,,,,,,,,,,,,,,,,,,,,,,,,,,,,,
P39c99a28df,2002,1,37.0,,,,,,,,,,,,,,,,,,,,,,,,,,,,,,,,,,,,,,,,,
Pe79941522f,2002,1,39.0,,,,,,,,,,,,,,,,,,,,,,,,,,,,,,,,,,,,,,,,,
P5635d18ecc,2002,1,40.0,,,,,,,,,,,,,,,,,,,,,,,,,,,,,,,,,,,,,,,,,
Pe961cc9c52,2002,1,41.0,,,,,,,,,,,,,,,,,,,,,,,,,,,,,,,,,,,,,,,,,
P47eee57e35,2002,1,43.0,,,,,,,,,,,,,,,,,,,,,,,,,,,,,,,,,,,,,,,,,
P3514cc9b35,2002,1,45.0,,,,,,,,,,,,,,,,,,,,,,,,,,,,,,,,,,,,,,,,,
P71645345d7,2002,1,46.0,,,,,,,,,,,,,,,,,,,,,,,,,,,,,,,,,,,,,,,,,
P021e6add75,2002,1,47.0,,,,,,,,,,,,,,,,,,,,,,,,,,,,,,,,,,,,,,,,,
P830efff813,2002,1,49.0,,,,,,,,,,,,,,,,,,,,,,,,,,,,,,,,,,,,,,,,,
Pdacee2a50f,2002,1,52.0,,,,,,,,,,,,,,,,,,,,,,,,,,,,,,,,,,,,,,,,,
P3769bd015c,2002,1,53.0,,,,,,,,,,,,,,,,,,,,,,,,,,,,,,,,,,,,,,,,,
P4adcc58a26,2002,1,55.0,,,,,,,,,,,,,,,,,,,,,,,,,,,,,,,,,,,,,,,,,
P648b9117f8,2002,1,56.0,,,,,,,,,,,,,,,,,,,,,,,,,,,,,,,,,,,,,,,,,
Pebd90a92ff,2002,1,57.0,,,,,,,,,,,,,,,,,,,,,,,,,,,,,,,,,,,,,,,,,
P3c40dc7411,2002,0,,,,,,,,,,,,,,,,,,,,,,,,,,,,,,,,,,,,,,,,,,
Pe932df1062,2002,0,,,,,,,,,,,,,,,,,,,,,,,,,,,,,,,,,,,,,,,,,,
P83519063cc,2002,0,,,,,,,,,,,,,,,,,,,,,,,,,,,,,,,,,,,,,,,,,,
Pfe4a1d82f4,2002,0,,,,,,,,,,,,,,,,,,,,,,,,,,,,,,,,,,,,,,,,,,
P396b44b337,2002,0,,,,,,,,,,,,,,,,,,,,,,,,,,,,,,,,,,,,,,,,,,
Pa3f1da9bab,2002,0,,,,,,,,,,,,,,,,,,,,,,,,,,,,,,,,,,,,,,,,,,
Pce9ab1622f,2003,0,,,,,,,,,,,,,,,,,,,,,,,,,,,,,,,,,,,,,,,,,,
P98207c2747,2002,0,,,,,,,,,,,,,,,,,,,,,,,,,,,,,,,,,,,,,,,,,,
Pcf7f47cd26,2002,0,,,,,,,,,,,,,,,,,,,,,,,,,,,,,,,,,,,,,,,,,,
P4b934e1435,2002,0,,,,,,,,,,,,,,,,,,,,,,,,,,,,,,,,,,,,,,,,,,
Pca9a20b4db,2002,0,,,,,,,,,,,,,,,,,,,,,,,,,,,,,,,,,,,,,,,,,,
P8176cc6d95,2004,0,,,,,,,,,,,,,,,,,,,,,,,,,,,,,,,,,,,,,,,,,,
Pe09c2486c8,2002,0,,,,,,,,,,,,,,,,,,,,,,,,,,,,,,,,,,,,,,,,,,
Pb3905915d4,2003,0,,,,,,,,,,,,,,,,,,,,,,,,,,,,,,,,,,,,,,,,,,
Pd72acae20f,2002,0,,,,,,,,,,,,,,,,,,,,,,,,,,,,,,,,,,,,,,,,,,
P797b6b2deb,2002,0,,,,,,,,,,,,,,,,,,,,,,,,,,,,,,,,,,,,,,,,,,
Pbc5a0470c9,2003,1,1.0,,,,,,,,,,,,,,,,,,,,,,,,,,,,,,,,,,,,,,,,,
Pae0e6be256,2003,1,3.0,,,,,,,,,,,,,,,,,,,,,,,,,,,,,,,,,,,,,,,,,
P01056a0f18,2003,1,6.0,,,,,,,,,,,,,,,,,,,,,,,,,,,,,,,,,,,,,,,,,
P0efa2b4f7d,2003,1,8.0,,,,,,,,,,,,,,,,,,,,,,,,,,,,,,,,,,,,,,,,,
Pc5cf3e8f14,2003,1,11.0,,,,,,,,,,,,,,,,,,,,,,,,,,,,,,,,,,,,,,,,,
Pced63c164c,2003,1,12.0,,,,,,,,,,,,,,,,,,,,,,,,,,,,,,,,,,,,,,,,,
P64b1bc7766,2003,1,13.0,,,,,,,,,,,,,,,,,,,,,,,,,,,,,,,,,,,,,,,,,
Pace4fe8116,2003,1,15.0,,,,,,,,,,,,,,,,,,,,,,,,,,,,,,,,,,,,,,,,,
P539180f113,2003,1,16.0,,,,,,,,,,,,,,,,,,,,,,,,,,,,,,,,,,,,,,,,,
P5e97ce9bc9,2003,1,17.0,,,,,,,,,,,,,,,,,,,,,,,,,,,,,,,,,,,,,,,,,
P37455198a4,2003,1,18.0,,,,,,,,,,,,,,,,,,,,,,,,,,,,,,,,,,,,,,,,,
Pa526a12aa4,2003,1,19.0,,,,,,,,,,,,,,,,,,,,,,,,,,,,,,,,,,,,,,,,,
Pb7edd3ead7,2003,1,20.0,,,,,,,,,,,,,,,,,,,,,,,,,,,,,,,,,,,,,,,,,
P38d9dee28f,2003,1,21.0,,,,,,,,,,,,,,,,,,,,,,,,,,,,,,,,,,,,,,,,,
P53313a94c2,2003,1,22.0,,,,,,,,,,,,,,,,,,,,,,,,,,,,,,,,,,,,,,,,,
Pc441e97a64,2003,1,24.0,,,,,,,,,,,,,,,,,,,,,,,,,,,,,,,,,,,,,,,,,
P6294004747,2003,1,25.0,,,,,,,,,,,,,,,,,,,,,,,,,,,,,,,,,,,,,,,,,
P3dd5c6b05b,2003,1,26.0,,,,,,,,,,,,,,,,,,,,,,,,,,,,,,,,,,,,,,,,,
Pd0fb9bca1b,2003,1,27.0,,,,,,,,,,,,,,,,,,,,,,,,,,,,,,,,,,,,,,,,,
Pd8afdd28b5,2003,1,28.0,,,,,,,,,,,,,,,,,,,,,,,,,,,,,,,,,,,,,,,,,
P82d1799627,2003,1,29.0,,,,,,,,,,,,,,,,,,,,,,,,,,,,,,,,,,,,,,,,,
Pf4d331b9a5,2003,1,30.0,,,,,,,,,,,,,,,,,,,,,,,,,,,,,,,,,,,,,,,,,
P47846f7398,2003,1,31.0,,,,,,,,,,,,,,,,,,,,,,,,,,,,,,,,,,,,,,,,,
P08c56d3590,2003,1,32.0,,,,,,,,,,,,,,,,,,,,,,,,,,,,,,,,,,,,,,,,,
P4649b7d232,2003,1,37.0,,,,,,,,,,,,,,,,,,,,,,,,,,,,,,,,,,,,,,,,,
P9827437e3d,2003,1,39.0,,,,,,,,,,,,,,,,,,,,,,,,,,,,,,,,,,,,,,,,,
Pa2e0858910,2003,1,40.0,,,,,,,,,,,,,,,,,,,,,,,,,,,,,,,,,,,,,,,,,
Pe4a1b20238,2003,1,41.0,,,,,,,,,,,,,,,,,,,,,,,,,,,,,,,,,,,,,,,,,
Pa59b169e09,2003,1,42.0,,,,,,,,,,,,,,,,,,,,,,,,,,,,,,,,,,,,,,,,,
P3a913af04c,2003,1,43.0,,,,,,,,,,,,,,,,,,,,,,,,,,,,,,,,,,,,,,,,,
P624e80554f,2003,1,45.0,,,,,,,,,,,,,,,,,,,,,,,,,,,,,,,,,,,,,,,,,
P554dd6632a,2003,1,47.0,,,,,,,,,,,,,,,,,,,,,,,,,,,,,,,,,,,,,,,,,
P9f79255649,2003,1,48.0,,,,,,,,,,,,,,,,,,,,,,,,,,,,,,,,,,,,,,,,,
Pce38c03d45,2003,1,49.0,,,,,,,,,,,,,,,,,,,,,,,,,,,,,,,,,,,,,,,,,
P1f926eb06b,2003,1,56.0,,,,,,,,,,,,,,,,,,,,,,,,,,,,,,,,,,,,,,,,,
P5895ae6315,2003,1,58.0,,,,,,,,,,,,,,,,,,,,,,,,,,,,,,,,,,,,,,,,,
Pa3bf9b334b,2003,1,33.0,,,,,,,,,,,,,,,,,,,,,,,,,,,,,,,,,,,,,,,,,
Pf436b2be04,2003,0,,,,,,,,,,,,,,,,,,,,,,,,,,,,,,,,,,,,,,,,,,
Pd073d30524,2003,0,,,,,,,,,,,,,,,,,,,,,,,,,,,,,,,,,,,,,,,,,,
P7d5e80b812,2004,0,,,,,,,,,,,,,,,,,,,,,,,,,,,,,,,,,,,,,,,,,,
Ped90afeb58,2003,0,,,,,,,,,,,,,,,,,,,,,,,,,,,,,,,,,,,,,,,,,,
P0a4d4ad000,2005,0,,,,,,,,,,,,,,,,,,,,,,,,,,,,,,,,,,,,,,,,,,
P7d6aa2dfe0,2003,0,,,,,,,,,,,,,,,,,,,,,,,,,,,,,,,,,,,,,,,,,,
Pae24459193,2003,0,,,,,,,,,,,,,,,,,,,,,,,,,,,,,,,,,,,,,,,,,,
Pd53814d6fa,2004,0,,,,,,,,,,,,,,,,,,,,,,,,,,,,,,,,,,,,,,,,,,
P05a2123919,2003,0,,,,,,,,,,,,,,,,,,,,,,,,,,,,,,,,,,,,,,,,,,
Pbd99bc4676,2003,0,,,,,,,,,,,,,,,,,,,,,,,,,,,,,,,,,,,,,,,,,,
P06d8dc5829,2003,0,,,,,,,,,,,,,,,,,,,,,,,,,,,,,,,,,,,,,,,,,,
P78dd3f3917,2003,0,,,,,,,,,,,,,,,,,,,,,,,,,,,,,,,,,,,,,,,,,,
P769efab0d3,2003,0,,,,,,,,,,,,,,,,,,,,,,,,,,,,,,,,,,,,,,,,,,
Pf7c6d819f2,2005,0,,,,,,,,,,,,,,,,,,,,,,,,,,,,,,,,,,,,,,,,,,
P6ce52469e7,2004,0,,,,,,,,,,,,,,,,,,,,,,,,,,,,,,,,,,,,,,,,,,
P4be402ea04,2003,0,,,,,,,,,,,,,,,,,,,,,,,,,,,,,,,,,,,,,,,,,,
P023105521e,2005,0,,,,,,,,,,,,,,,,,,,,,,,,,,,,,,,,,,,,,,,,,,
P85ac223123,2006,0,,,,,,,,,,,,,,,,,,,,,,,,,,,,,,,,,,,,,,,,,,
P3070bdd73b,2003,0,,,,,,,,,,,,,,,,,,,,,,,,,,,,,,,,,,,,,,,,,,
Pfb5ad97400,2004,1,2.0,,,,,,,,,,,,,,,,,,,,,,,,,,,,,,,,,,,,,,,,,
Pd353deb783,2004,1,4.0,,,,,,,,,,,,,,,,,,,,,,,,,,,,,,,,,,,,,,,,,
P5246294b22,2004,1,5.0,,,,,,,,,,,,,,,,,,,,,,,,,,,,,,,,,,,,,,,,,
P6292223fd6,2004,1,6.0,,,,,,,,,,,,,,,,,,,,,,,,,,,,,,,,,,,,,,,,,
P8abebd0da5,2004,1,7.0,,,,,,,,,,,,,,,,,,,,,,,,,,,,,,,,,,,,,,,,,
Pcdb1e8afaa,2004,1,8.0,,,,,,,,,,,,,,,,,,,,,,,,,,,,,,,,,,,,,,,,,
Pff029e3151,2004,1,9.0,,,,,,,,,,,,,,,,,,,,,,,,,,,,,,,,,,,,,,,,,
P679159f4f1,2004,1,12.0,,,,,,,,,,,,,,,,,,,,,,,,,,,,,,,,,,,,,,,,,
P6e6444ed0f,2004,1,13.0,,,,,,,,,,,,,,,,,,,,,,,,,,,,,,,,,,,,,,,,,
Pcca6045f01,2004,1,14.0,,,,,,,,,,,,,,,,,,,,,,,,,,,,,,,,,,,,,,,,,
P67b7122a99,2004,1,15.0,,,,,,,,,,,,,,,,,,,,,,,,,,,,,,,,,,,,,,,,,
P44f5111142,2004,1,16.0,,,,,,,,,,,,,,,,,,,,,,,,,,,,,,,,,,,,,,,,,
P25c05d7b38,2004,1,17.0,,,,,,,,,,,,,,,,,,,,,,,,,,,,,,,,,,,,,,,,,
Pc9a523c1e4,2004,1,19.0,,,,,,,,,,,,,,,,,,,,,,,,,,,,,,,,,,,,,,,,,
P0685226773,2004,1,21.0,,,,,,,,,,,,,,,,,,,,,,,,,,,,,,,,,,,,,,,,,
Pe4a9ff24c9,2004,1,22.0,,,,,,,,,,,,,,,,,,,,,,,,,,,,,,,,,,,,,,,,,
Pbc9cc4070d,2004,1,23.0,,,,,,,,,,,,,,,,,,,,,,,,,,,,,,,,,,,,,,,,,
P0ad01302af,2004,1,24.0,,,,,,,,,,,,,,,,,,,,,,,,,,,,,,,,,,,,,,,,,
Pe6c8b117c8,2004,1,25.0,,,,,,,,,,,,,,,,,,,,,,,,,,,,,,,,,,,,,,,,,
P6547eb6540,2004,1,26.0,,,,,,,,,,,,,,,,,,,,,,,,,,,,,,,,,,,,,,,,,
P7aeaf13cc2,2004,1,28.0,,,,,,,,,,,,,,,,,,,,,,,,,,,,,,,,,,,,,,,,,
P3dd4b68d3d,2004,1,29.0,,,,,,,,,,,,,,,,,,,,,,,,,,,,,,,,,,,,,,,,,
Pc02213b2fe,2004,1,31.0,,,,,,,,,,,,,,,,,,,,,,,,,,,,,,,,,,,,,,,,,
Pffd0721d82,2004,1,32.0,,,,,,,,,,,,,,,,,,,,,,,,,,,,,,,,,,,,,,,,,
P984d62c606,2004,1,33.0,,,,,,,,,,,,,,,,,,,,,,,,,,,,,,,,,,,,,,,,,
Pbc201d669f,2004,1,34.0,,,,,,,,,,,,,,,,,,,,,,,,,,,,,,,,,,,,,,,,,
P8eebd87e26,2004,1,35.0,,,,,,,,,,,,,,,,,,,,,,,,,,,,,,,,,,,,,,,,,
Pcc92138fb2,2004,1,36.0,,,,,,,,,,,,,,,,,,,,,,,,,,,,,,,,,,,,,,,,,
Paf7b3d5c90,2004,1,37.0,,,,,,,,,,,,,,,,,,,,,,,,,,,,,,,,,,,,,,,,,
Pb3e080e381,2004,1,38.0,,,,,,,,,,,,,,,,,,,,,,,,,,,,,,,,,,,,,,,,,
P8438cd9418,2004,1,40.0,,,,,,,,,,,,,,,,,,,,,,,,,,,,,,,,,,,,,,,,,
P20571734e6,2004,1,43.0,,,,,,,,,,,,,,,,,,,,,,,,,,,,,,,,,,,,,,,,,
P46af6c0052,2004,1,45.0,,,,,,,,,,,,,,,,,,,,,,,,,,,,,,,,,,,,,,,,,
P92a5884e77,2004,1,46.0,,,,,,,,,,,,,,,,,,,,,,,,,,,,,,,,,,,,,,,,,
Pd2c0348ebe,2004,1,47.0,,,,,,,,,,,,,,,,,,,,,,,,,,,,,,,,,,,,,,,,,
Pfa91aaf1ef,2004,1,50.0,,,,,,,,,,,,,,,,,,,,,,,,,,,,,,,,,,,,,,,,,
Pe4ea2d8948,2004,1,53.0,,,,,,,,,,,,,,,,,,,,,,,,,,,,,,,,,,,,,,,,,
Pf2b6b60b16,2004,1,55.0,,,,,,,,,,,,,,,,,,,,,,,,,,,,,,,,,,,,,,,,,
P35d8517b9d,2004,0,,,,,,,,,,,,,,,,,,,,,,,,,,,,,,,,,,,,,,,,,,
Pd6e783f74c,2004,0,,,,,,,,,,,,,,,,,,,,,,,,,,,,,,,,,,,,,,,,,,
P27d4bedf9b,2004,0,,,,,,,,,,,,,,,,,,,,,,,,,,,,,,,,,,,,,,,,,,
P51ef89c5e3,2004,0,,,,,,,,,,,,,,,,,,,,,,,,,,,,,,,,,,,,,,,,,,
P063b0ea350,2005,0,,,,,,,,,,,,,,,,,,,,,,,,,,,,,,,,,,,,,,,,,,
P15657a7054,2006,0,,,,,,,,,,,,,,,,,,,,,,,,,,,,,,,,,,,,,,,,,,
P391abc2490,2004,0,,,,,,,,,,,,,,,,,,,,,,,,,,,,,,,,,,,,,,,,,,
P8cdc1bb5f1,2004,0,,,,,,,,,,,,,,,,,,,,,,,,,,,,,,,,,,,,,,,,,,
P80665441e6,2004,0,,,,,,,,,,,,,,,,,,,,,,,,,,,,,,,,,,,,,,,,,,
P2b413e3467,2004,0,,,,,,,,,,,,,,,,,,,,,,,,,,,,,,,,,,,,,,,,,,
P16796cf3ab,2004,0,,,,,,,,,,,,,,,,,,,,,,,,,,,,,,,,,,,,,,,,,,
P4abddfb1a4,2005,0,,,,,,,,,,,,,,,,,,,,,,,,,,,,,,,,,,,,,,,,,,
P23c2e6b3e7,2004,0,,,,,,,,,,,,,,,,,,,,,,,,,,,,,,,,,,,,,,,,,,
P868c4004ba,2004,0,,,,,,,,,,,,,,,,,,,,,,,,,,,,,,,,,,,,,,,,,,
P630cc033c0,2004,0,,,,,,,,,,,,,,,,,,,,,,,,,,,,,,,,,,,,,,,,,,
P5c6144028a,2007,0,,,,,,,,,,,,,,,,,,,,,,,,,,,,,,,,,,,,,,,,,,
P34cc8e28e0,2004,0,,,,,,,,,,,,,,,,,,,,,,,,,,,,,,,,,,,,,,,,,,
Pddd42c77c5,2004,0,,,,,,,,,,,,,,,,,,,,,,,,,,,,,,,,,,,,,,,,,,
P42d0d6de9a,2005,1,8.0,,,,,,,,,,,,,,,,,,,,,,,,,,,,,,,,,,,,,,,,,
P471bec0288,2005,1,17.0,,,,,,,,,,,,,,,,,,,,,,,,,,,,,,,,,,,,,,,,,
Pdd972253d5,2005,1,19.0,,,,,,,,,,,,,,,,,,,,,,,,,,,,,,,,,,,,,,,,,
Pe68742d859,2005,1,30.0,,,,,,,,,,,,,,,,,,,,,,,,,,,,,,,,,,,,,,,,,
P74b9613d69,2005,1,40.0,,,,,,,,,,,,,,,,,,,,,,,,,,,,,,,,,,,,,,,,,
Pf72d9be4b9,2005,1,45.0,,,,,,,,,,,,,,,,,,,,,,,,,,,,,,,,,,,,,,,,,
P0ad0c7ed95,2005,0,,,,,,,,,,,,,,,,,,,,,,,,,,,,,,,,,,,,,,,,,,
P26b57d2aae,2005,0,,,,,,,,,,,,,,,,,,,,,,,,,,,,,,,,,,,,,,,,,,
Pbd8640195d,2005,0,,,,,,,,,,,,,,,,,,,,,,,,,,,,,,,,,,,,,,,,,,
Pf1999192da,2005,0,,,,,,,,,,,,,,,,,,,,,,,,,,,,,,,,,,,,,,,,,,
Pa24dadc449,2015,0,,28.0,34.1,20.4,56.6,59.75,13.2,19.9,5.4,16.6,53.0,79.0,0.671,73.0,129.0,0.566,0.0,0.0,0.0,7.6,0.6,61.2,4.6,0.42860001,58.0,83.0,15.0,46.0,30.0,37.0,17.6071,1.9643,3.3214,0.4286,0.1786,1.3214,7.1071,0.0,1.4642857142857142,0.3068181818181818,0.0389999999999998,2.940339871866174
Pff77feae98,2015,1,8.0,38.0,70.9,26.0,50.1,55.1,8.9,19.1,11.6,17.4,132.0,178.0,0.742,131.0,274.0,0.478,43.0,116.0,0.371,1.6,3.2,45.6,3.7,0.7682932,64.0,119.0,67.0,155.0,16.0,16.0,28.4474,1.9737,4.5263,1.6579,1.5,0.3947,13.7632,0.2974358974358974,1.021276595744681,0.6304347826086957,0.3060000000000001,3.84904026793384
P84b2e1b413,2015,0,,32.0,81.5,26.5,52.5,56.56,10.4,22.7,8.5,17.2,114.0,156.0,0.731,155.0,279.0,0.556,25.0,88.0,0.284,8.0,0.6,42.5,3.2,0.5443001,101.0,151.0,54.0,127.0,57.0,59.0,32.6667,2.8485,7.1212,1.303,0.3333,2.7273,15.7273,0.2397820163487738,2.047619047619047,0.467032967032967,0.4264000000000001,3.6961156837096127
P11ed05516e,2015,1,5.0,,,,,,,,,,,,,,,,,,,,,,,,,,,,,,,,,,,,,,,,,
P98102db2bd,2015,0,,20.0,35.9,20.2,44.5,49.8,2.8,13.7,31.9,18.9,40.0,54.0,0.741,43.0,108.0,0.398,12.0,29.0,0.414,0.9,8.9,39.4,2.9,2.49999993,24.0,52.0,19.0,56.0,1.0,1.0,26.45,0.7,2.95,4.25,3.9,0.2,8.1,0.2116788321167883,2.512820512820513,1.6030150753768844,-0.0004,2.9694338902572612
Pe2eac4ddf4,2016,1,37.0,31.0,61.5,21.9,62.0,62.0,13.7,25.8,12.9,23.3,33.0,56.0,0.589,137.0,220.0,0.623,0.0,1.0,0.0,9.6,1.9,25.3,4.8,0.78462416,81.0,110.0,56.0,110.0,37.0,40.0,24.5806,2.9355,5.5484,1.6452,0.7742,2.0,9.9032,0.004524886877828,1.9827586206896552,0.5308641975308642,0.2279999999999998,2.38135719675455
P07954fea73,2016,1,26.0,,,,,,,,,,,,,,,,,,,,,,,,,,,,,,,,,,,,,,,,,
Pc00908f11e,2016,0,,31.0,65.7,24.7,46.1,52.35,1.3,11.9,39.6,14.6,98.0,120.0,0.817,76.0,192.0,0.396,43.0,113.0,0.381,0.4,3.7,39.3,2.4,3.18525749,56.0,117.0,20.0,75.0,0.0,0.0,29.0323,0.3548,2.871,5.5484,1.7742,0.0968,12.2258,0.3704918032786885,1.2058823529411766,2.5384615384615388,0.11045,3.9181608757525375
Pd7d10f6f4c,2016,0,,36.0,74.3,25.0,47.5,51.53,3.8,12.8,13.9,13.3,118.0,165.0,0.715,109.0,223.0,0.489,75.0,243.0,0.309,1.2,1.0,35.4,1.8,1.20311626,79.0,125.0,30.0,97.0,24.0,28.0,30.9444,1.0833,3.6667,2.1389,0.5278,0.3056,15.5833,0.5214592274678111,0.7857142857142858,0.972027972027972,0.0765,3.655071268674929
Pd59c0506ca,2017,1,44.0,32.0,85.4,21.2,59.5,61.08,5.0,18.2,6.9,8.6,44.0,53.0,0.83,94.0,186.0,0.505,108.0,244.0,0.443,0.6,1.6,12.3,1.9,1.02856864,34.0,54.0,60.0,131.0,7.0,7.0,34.0606,1.5455,5.2727,1.0909,0.9091,0.1515,17.4545,0.5674418604651162,0.7586206896551725,0.7187500000000001,0.1329599999999999,3.3108567586483475
Pfaef4e4fa0,2017,0,,37.0,58.9,21.1,45.4,50.11,1.9,6.0,15.8,15.0,69.0,89.0,0.775,80.0,184.0,0.435,32.0,98.0,0.327,0.4,1.6,31.6,3.2,1.58703357,43.0,85.0,36.0,96.0,15.0,18.0,23.5405,0.3514,1.2703,1.973,0.6486,0.0811,8.7838,0.3475177304964539,0.4761904761904761,0.9875,0.0012099999999999,3.4873524945059553
Pbced5f5600,2017,0,,,,,,,,,,,,,,,,,,,,,,,,,,,,,,,,,,,,,,,,,,
Pb8664aec2d,2017,0,,,,,,,,,,,,,,,,,,,,,,,,,,,,,,,,,,,,,,,,,,
Pe0f4e51abf,2018,0,,35.0,70.2,17.9,61.3,62.43,9.7,22.0,9.3,15.1,90.0,143.0,0.629,146.0,238.0,0.613,0.0,0.0,0.0,5.9,1.3,60.1,3.6,1.08164287,123.0,177.0,23.0,62.0,11.0,12.0,29.6857,2.4,5.9714,1.5143,0.6857,1.8571,10.9143,0.0,1.565217391304348,0.577639751552795,-0.2610300000000001,3.1260125654333044
Pac86c1698b,2017,0,,30.0,17.3,14.0,43.1,44.5,9.4,13.0,1.4,12.0,9.0,18.0,0.5,10.0,14.0,0.714,8.0,37.0,0.216,0.9,1.5,35.3,4.8,0.24990312,9.0,12.0,1.0,2.0,0.0,0.0,8.0968,0.6452,0.9355,0.0645,0.1935,0.0968,1.7097,0.7254901960784313,0.4137931034482758,0.1076923076923076,0.33,1.47221948958322
P946b6a7bec,2018,1,9.0,37.0,80.7,23.0,51.1,55.69,3.3,14.5,8.7,17.5,127.0,164.0,0.774,140.0,274.0,0.511,57.0,167.0,0.341,1.0,1.5,37.2,2.7,0.62351453,65.0,99.0,75.0,174.0,18.0,20.0,32.3784,0.8919,4.5135,1.4324,0.8378,0.2703,15.6216,0.3786848072562358,0.6756756756756757,0.4702702702702702,0.1706999999999999,3.952001796799049
P1de330dcda,2000,0,,,,,,,,,,,,,,,,,,,,,,,,,,,,,,,,,,,,,,,,,,
Pd31d743729,2006,1,4.0,,,,,,,,,,,,,,,,,,,,,,,,,,,,,,,,,,,,,,,,,
P91b09695de,2006,1,5.0,,,,,,,,,,,,,,,,,,,,,,,,,,,,,,,,,,,,,,,,,
Pa1953f4a95,2006,1,6.0,,,,,,,,,,,,,,,,,,,,,,,,,,,,,,,,,,,,,,,,,
P05061c84a0,2006,1,10.0,,,,,,,,,,,,,,,,,,,,,,,,,,,,,,,,,,,,,,,,,
P78afb3722d,2006,1,16.0,,,,,,,,,,,,,,,,,,,,,,,,,,,,,,,,,,,,,,,,,
Pe5c2b5692d,2006,1,19.0,,,,,,,,,,,,,,,,,,,,,,,,,,,,,,,,,,,,,,,,,
Pb01091942c,2006,1,30.0,,,,,,,,,,,,,,,,,,,,,,,,,,,,,,,,,,,,,,,,,
P82e987418b,2006,1,36.0,,,,,,,,,,,,,,,,,,,,,,,,,,,,,,,,,,,,,,,,,
P8be75213cc,2006,0,,,,,,,,,,,,,,,,,,,,,,,,,,,,,,,,,,,,,,,,,,
P2224af8be2,2007,1,1.0,,,,,,,,,,,,,,,,,,,,,,,,,,,,,,,,,,,,,,,,,
P12dc2a4dac,2007,1,10.0,,,,,,,,,,,,,,,,,,,,,,,,,,,,,,,,,,,,,,,,,
Pb70d7d0b57,2007,1,21.0,,,,,,,,,,,,,,,,,,,,,,,,,,,,,,,,,,,,,,,,,
P473b24f6eb,2007,1,23.0,,,,,,,,,,,,,,,,,,,,,,,,,,,,,,,,,,,,,,,,,
Peefc30f89c,2007,1,51.0,,,,,,,,,,,,,,,,,,,,,,,,,,,,,,,,,,,,,,,,,
P3b02df9dfc,2008,0,,,,,,,,,,,,,,,,,,,,,,,,,,,,,,,,,,,,,,,,,,
P5f07dfebd6,2008,1,11.0,29.0,77.8,28.8,53.9,61.27,1.6,7.5,24.9,17.7,179.0,214.0,0.836,111.0,228.0,0.487,59.0,142.0,0.415,0.3,1.7,57.8,2.5,1.35952399,,,,,,,35.7333,0.4333,2.3,4.0333,0.9667,0.1,19.7333,0.3837837837837838,0.5714285714285714,1.3315508021390374,0.9917600000000004,4.489853391514726
P4e0fbd7a78,2008,1,12.0,33.0,83.4,30.0,57.2,57.9,11.9,28.0,18.0,16.6,130.0,224.0,0.58,258.0,446.0,0.578,11.0,34.0,0.324,8.9,1.8,46.7,3.4,0.91837554,,,,,,,34.5152,3.3636,8.697,2.7273,1.0909,2.697,20.5758,0.0708333333333333,2.4318181818181817,1.0227272727272727,0.7899999999999998,3.1413382332785633
P51f87bc5f4,2008,1,34.0,38.0,72.7,19.7,62.8,65.45,1.6,9.6,24.4,19.3,96.0,128.0,0.75,88.0,159.0,0.553,72.0,153.0,0.471,2.2,5.0,41.0,3.4,2.25328903,,,,,,,30.0,0.359,2.7179,4.3333,2.4872,0.5897,12.7692,0.4903846153846153,1.6363636363636362,1.2019704433497536,-0.0463500000000001,3.6448593032712537
P20418f8d52,2009,1,18.0,34.0,69.3,22.7,59.8,65.29,2.3,7.6,35.7,14.9,164.0,205.0,0.8,127.0,229.0,0.555,48.0,104.0,0.462,0.4,3.8,61.6,2.2,3.39388009,,,,,,,30.2647,0.6471,2.3235,6.5882,2.1471,0.1471,16.5294,0.3123123123123123,1.3125,2.2452830188679247,0.4128300000000001,4.262300935031665
P8afd917a6c,2009,1,21.0,35.0,78.5,23.7,56.8,62.4,1.9,7.9,28.4,20.2,113.0,126.0,0.897,134.0,240.0,0.558,41.0,104.0,0.394,0.5,3.1,36.6,1.9,1.90807422,,,,,,,31.5143,0.4571,1.9429,4.7429,1.6286,0.1429,14.4,0.3023255813953488,1.2413793103448276,1.339622641509434,0.4587999999999999,4.345235816553356
P56bb4beeed,2009,1,43.0,35.0,79.1,28.9,54.4,58.01,7.1,11.9,15.4,11.6,149.0,200.0,0.745,178.0,341.0,0.522,78.0,201.0,0.388,1.2,2.9,36.9,2.6,1.17188009,,,,,,,31.8857,2.0286,3.4571,2.1429,1.6,0.3714,21.1143,0.3708487084870848,1.1388888888888888,1.2222222222222223,0.7128899999999997,3.950962156504011
Pe39c876df8,2014,0,,,,,,,,,,,,,,,,,,,,,,,,,,,,,,,,,,,,,,,,,,
Peb1d9a0135,2009,0,,37.0,85.5,17.9,48.1,53.36,3.5,11.9,23.5,21.6,99.0,135.0,0.733,113.0,220.0,0.514,18.0,71.0,0.254,1.4,2.4,46.4,2.0,1.95294458,,,,,,,34.2973,1.0541,3.7568,4.4865,1.4324,0.4595,10.2432,0.2439862542955326,1.2666666666666666,1.0398230088495577,-0.07056,3.6009760312445263
P4b68bd7095,2009,0,,35.0,84.8,24.5,52.7,60.69,4.5,15.4,14.8,16.1,213.0,257.0,0.829,151.0,292.0,0.517,42.0,114.0,0.368,1.6,2.1,63.3,2.6,1.04874296,,,,,,,34.0286,1.3143,4.4286,2.4571,1.2286,0.5143,18.3143,0.2807881773399014,1.027777777777778,0.8654970760233918,0.4810499999999999,4.603403495900021
Pb3be83363c,2010,1,5.0,38.0,58.2,30.8,56.0,57.93,19.9,24.9,9.2,16.0,162.0,268.0,0.604,205.0,363.0,0.565,1.0,6.0,0.167,7.5,2.4,72.6,5.5,0.487187,144.0,189.0,57.0,163.0,53.0,57.0,23.5,4.0526,5.7895,1.0,0.9737,1.7632,15.1316,0.016260162601626,1.5230769230769232,0.5411764705882353,0.8564400000000001,3.3792056732795106
P1402e898dc,2010,1,9.0,37.0,81.2,24.4,52.7,60.13,7.6,23.4,12.1,17.5,179.0,216.0,0.829,126.0,213.0,0.592,47.0,160.0,0.294,2.8,2.0,57.9,2.5,0.72942144,89.0,128.0,34.0,77.0,19.0,20.0,33.4865,1.9459,6.2973,1.6757,1.0811,0.8108,15.4595,0.4289544235924933,1.3714285714285714,0.654054054054054,0.4457199999999999,4.459934906085041
P6f36cd1fed,2010,1,16.0,33.0,93.2,26.0,54.0,61.23,6.5,19.1,10.9,13.9,195.0,212.0,0.92,203.0,393.0,0.517,42.0,100.0,0.42,1.9,1.5,43.0,2.7,0.88608553,72.0,115.0,131.0,278.0,12.0,12.0,37.5455,2.0606,6.8182,2.1212,1.0,0.7879,22.0303,0.2028397565922921,0.9189189189189187,0.7315436241610739,0.6737999999999998,4.932388792452672
P780225999f,2010,1,23.0,32.0,76.9,24.7,53.3,54.95,10.1,20.4,17.4,14.4,101.0,171.0,0.591,179.0,327.0,0.547,9.0,34.0,0.265,4.6,2.5,47.4,2.6,1.30642577,139.0,192.0,40.0,135.0,33.0,37.0,30.75,2.7812,5.5938,2.5312,1.3438,1.4062,15.1875,0.0941828254847645,1.972222222222222,1.1298701298701297,0.2326500000000001,3.0421692357967505
P4d2f3d5dbd,2010,1,29.0,38.0,32.7,15.9,52.7,53.34,10.3,16.3,5.0,26.8,33.0,63.0,0.524,48.0,89.0,0.539,0.0,2.0,0.0,10.6,2.4,69.2,7.0,0.39469999,31.0,43.0,17.0,46.0,13.0,16.0,13.2105,1.1842,2.1316,0.3947,0.5526,1.3947,3.3947,0.0219780219780219,1.625,0.1798561151079136,-0.1369400000000001,2.179254735680468
P7072c546bd,2010,1,30.0,34.0,79.5,29.6,49.5,53.63,8.2,21.3,11.2,12.9,107.0,127.0,0.843,157.0,328.0,0.479,65.0,186.0,0.349,1.7,3.6,24.7,4.2,0.77610879,92.0,138.0,65.0,190.0,10.0,10.0,32.2647,2.1176,5.4118,1.5294,1.8824,0.5294,18.1176,0.3618677042801556,1.0192307692307692,0.8057553956834531,0.3484800000000003,4.090261512484237
P0aa146e53e,2010,1,40.0,34.0,67.6,26.0,46.2,49.35,7.3,14.0,19.1,19.5,79.0,119.0,0.664,146.0,295.0,0.495,16.0,73.0,0.219,0.7,1.9,32.3,2.8,1.03702143,99.0,151.0,47.0,143.0,15.0,16.0,28.2353,1.8529,3.5,2.4706,0.9118,0.1765,12.3235,0.1983695652173913,0.6842105263157894,0.9317073170731708,-0.0389999999999999,3.1788945172072784
P433bbb1ab7,2010,1,44.0,34.0,74.9,25.9,55.3,59.66,9.3,23.8,10.1,17.1,165.0,240.0,0.688,183.0,331.0,0.553,0.0,0.0,0.0,7.7,0.9,72.5,3.8,0.5714223,117.0,154.0,66.0,177.0,59.0,62.0,29.9412,2.3235,6.6765,1.2941,0.4412,2.4118,15.6176,0.0,1.7916666666666667,0.5580110497237568,0.5699399999999997,3.77354029024157
P29b17f6d68,2010,0,,28.0,79.6,26.5,57.5,62.7,3.2,13.4,30.8,21.3,142.0,190.0,0.747,113.0,189.0,0.598,30.0,86.0,0.349,3.4,4.4,69.1,3.6,1.43680607,96.0,143.0,17.0,46.0,11.0,11.0,32.3929,0.75,3.6429,4.4643,2.4286,1.0,16.3571,0.3127272727272727,1.6956521739130437,1.3811659192825112,0.8255000000000001,3.9234482507508326
P575f19a655,2011,1,1.0,11.0,20.5,27.2,61.5,69.7,2.3,10.6,29.8,18.6,64.0,71.0,0.901,37.0,65.0,0.569,18.0,39.0,0.462,1.8,3.0,68.3,3.0,1.74076183,26.0,39.0,11.0,26.0,0.0,0.0,27.5455,0.5455,2.8182,4.2727,1.4545,0.5455,17.4545,0.375,1.2,1.520408163265306,1.4184,3.853276173233466
P3ef4d7a55a,2011,1,10.0,36.0,89.4,36.6,53.1,59.2,2.0,8.5,28.6,15.3,250.0,280.0,0.893,221.0,450.0,0.491,121.0,308.0,0.393,0.1,2.1,36.9,1.5,1.19232373,109.0,151.0,112.0,299.0,2.0,3.0,36.1389,0.6389,2.8611,4.3056,1.3333,0.0278,29.3056,0.4063324538258575,0.8800000000000001,1.7546012269938651,1.5272000000000006,5.035050719715035
Pc5e44c9142,2011,1,25.0,32.0,90.9,29.6,54.2,58.37,6.3,14.2,16.0,15.7,169.0,219.0,0.772,209.0,374.0,0.559,67.0,197.0,0.34,3.0,2.3,38.4,2.7,0.81632653,144.0,212.0,65.0,162.0,27.0,27.0,36.5,2.25,4.7812,2.5,1.5,1.2188,24.625,0.3450087565674256,1.4324324324324322,0.9580838323353292,0.8035199999999999,4.163880465784024
P495da5b1cd,2011,1,31.0,,,,,,,,,,,,,,,,,,,,,,,,,,,,,,,,,,,,,,,,,
P749792a28d,2011,1,38.0,36.0,81.1,20.1,54.6,55.14,7.3,19.3,21.6,20.3,54.0,97.0,0.557,112.0,206.0,0.544,43.0,117.0,0.368,1.3,1.7,30.0,2.2,1.67902226,89.0,121.0,23.0,85.0,22.0,25.0,34.1389,2.0556,5.6944,3.7778,0.9444,0.4167,11.3056,0.3622291021671827,0.9375,1.0140845070422535,0.00514,2.553826885619509
Paef9538004,2011,1,55.0,34.0,84.4,26.8,51.8,54.55,5.1,12.5,20.9,11.9,100.0,141.0,0.709,151.0,319.0,0.473,70.0,175.0,0.4,1.6,2.2,28.5,2.5,1.77052561,44.0,77.0,107.0,242.0,4.0,4.0,33.8824,1.5,3.6471,3.1765,1.2059,0.5294,18.0,0.354251012145749,1.085714285714286,1.6201550387596897,0.3093999999999998,3.5136813838392937
P2320c27578,2012,1,10.0,34.0,82.4,24.0,50.5,53.84,2.2,9.2,13.0,17.0,121.0,184.0,0.658,116.0,243.0,0.477,58.0,159.0,0.365,0.1,1.7,45.8,2.7,0.89873044,82.0,141.0,34.0,102.0,3.0,3.0,33.2059,0.6176,2.7647,2.0882,0.9706,0.0294,15.5,0.3955223880597014,0.4864864864864864,0.7222222222222222,0.1536000000000001,3.4349941329015374
Pefaae49c8b,2012,1,20.0,,,,,,,,,,,,,,,,,,,,,,,,,,,,,,,,,,,,,,,,,
P0267b55e6b,2012,1,34.0,35.0,82.4,22.0,56.8,59.85,7.0,20.5,13.5,9.8,119.0,162.0,0.735,156.0,259.0,0.602,61.0,177.0,0.345,3.1,4.3,37.2,3.2,1.65913615,128.0,171.0,28.0,88.0,8.0,8.0,32.9429,2.0,6.4,2.0857,2.5143,1.0,17.5429,0.4059633027522936,1.761904761904762,1.25,0.197,3.74390639759297
P41b1bb4705,2012,1,38.0,36.0,59.3,23.3,48.9,54.44,7.6,16.0,11.3,18.6,92.0,112.0,0.821,113.0,238.0,0.475,24.0,67.0,0.358,2.7,1.6,36.7,3.1,0.76560917,52.0,82.0,61.0,156.0,14.0,15.0,24.4444,1.5,3.4167,1.3611,0.6389,0.6111,10.8333,0.2196721311475409,1.0487804878048783,0.576530612244898,0.1465199999999999,3.881185399162832
P404f9fdfb6,2012,1,48.0,,,,,,,,,,,,,,,,,,,,,,,,,,,,,,,,,,,,,,,,,
P9fd176d178,2012,0,,32.0,68.6,28.7,45.7,52.24,8.3,17.3,26.4,23.0,117.0,162.0,0.722,129.0,281.0,0.459,0.0,1.0,0.0,5.5,1.3,57.4,3.9,1.15057468,80.0,134.0,49.0,147.0,16.0,19.0,27.875,1.7812,4.2812,3.3438,0.5938,1.3438,11.7188,0.0035460992907801,1.387755102040816,1.1,0.1948800000000001,3.6776876449824822
P9df5f3f8bb,2014,0,,,,,,,,,,,,,,,,,,,,,,,,,,,,,,,,,,,,,,,,,,
P7aebb4f3da,2000,1,4.0,,,,,,,,,,,,,,,,,,,,,,,,,,,,,,,,,,,,,,,,,
P854bff0ae3,2013,1,6.0,24.0,57.5,18.2,59.0,58.26,10.4,22.3,9.5,19.1,55.0,104.0,0.529,98.0,166.0,0.59,0.0,0.0,0.0,13.2,3.9,62.7,3.2,0.84442666,76.0,99.0,22.0,67.0,48.0,50.0,31.875,2.7083,6.75,1.5833,2.0833,4.4167,10.4583,0.0,4.071428571428571,0.4726368159203979,-0.14868,2.4619450252333297
Pde25a111c0,2013,1,5.0,38.0,65.8,22.6,53.5,56.97,13.2,19.3,7.8,15.6,105.0,153.0,0.686,172.0,316.0,0.544,1.0,8.0,0.125,8.0,0.5,47.2,4.0,0.61669517,127.0,174.0,45.0,142.0,67.0,71.0,26.4211,2.8684,4.9737,0.9737,0.2105,2.0526,11.8947,0.0246913580246913,1.7,0.4698795180722891,0.18122,3.4553494852557503
P73a117bd09,2013,0,,21.0,52.5,26.4,47.9,53.79,10.0,18.2,10.0,18.2,80.0,96.0,0.833,75.0,171.0,0.439,34.0,92.0,0.37,6.2,4.0,36.5,3.8,0.51851133,42.0,71.0,33.0,100.0,13.0,15.0,31.2381,2.619,4.9048,1.3333,2.1429,1.7619,15.8095,0.3498098859315589,2.125,0.5208333333333334,0.2425599999999999,3.8107342450933177
P93a13b19c2,2013,1,14.0,32.0,69.5,28.2,48.7,52.82,9.9,8.5,5.8,10.5,128.0,180.0,0.711,162.0,350.0,0.463,40.0,106.0,0.377,0.4,1.3,39.5,2.1,0.52942655,79.0,124.0,82.0,226.0,24.0,26.0,30.8438,2.7188,2.5,0.8438,0.7188,0.125,17.875,0.2324561403508772,0.5483870967741936,0.5043478260869565,0.23124,3.6961313892300023
Pdaa5dc2ffe,2000,1,6.0,,,,,,,,,,,,,,,,,,,,,,,,,,,,,,,,,,,,,,,,,
Pf1323eea4d,2013,1,40.0,34.0,43.1,14.7,51.3,53.51,7.6,16.4,5.7,12.8,18.0,22.0,0.818,31.0,75.0,0.413,32.0,79.0,0.405,5.8,1.6,14.3,2.9,0.94738727,18.0,28.0,13.0,47.0,8.0,9.0,17.8235,1.0882,2.5,0.5294,0.4706,0.9706,5.1765,0.512987012987013,1.8974358974358976,0.4130434782608695,-0.1860299999999999,2.5648342686300443
P8aa2e06ade,2013,1,30.0,,,,,,,,,,,,,,,,,,,,,,,,,,,,,,,,,,,,,,,,,
Pebbd613418,2013,0,,34.0,91.4,25.0,49.6,55.43,2.1,9.2,34.3,19.0,125.0,147.0,0.85,81.0,192.0,0.422,82.0,219.0,0.374,0.3,1.7,35.8,1.9,2.27086952,24.0,58.0,57.0,134.0,0.0,0.0,36.7059,0.6176,2.7941,6.4118,1.0294,0.1176,15.6765,0.5328467153284672,0.6896551724137931,1.715,0.2714999999999999,4.247630432699498
Pa9d4084dfb,2013,1,47.0,,,,,,,,,,,,,,,,,,,,,,,,,,,,,,,,,,,,,,,,,
Pccdaab2014,2014,1,21.0,8.0,13.2,24.1,54.5,57.23,15.5,27.2,12.6,17.5,16.0,24.0,0.667,30.0,53.0,0.566,0.0,2.0,0.0,3.2,4.9,43.6,5.1,0.92307692,17.0,23.0,13.0,30.0,3.0,3.0,24.625,2.875,5.375,1.5,1.875,0.75,9.5,0.0363636363636363,1.3278688524590168,0.681081081081081,0.2964299999999999,2.14699017518709
Pa5d86611c0,2014,1,29.0,36.0,87.6,17.9,48.8,50.96,8.8,18.4,6.8,11.2,64.0,102.0,0.627,130.0,269.0,0.483,26.0,77.0,0.338,5.9,1.0,29.5,2.4,1.0,66.0,91.0,64.0,178.0,32.0,33.0,35.1667,2.5278,5.6667,1.1944,0.5833,1.9167,11.1667,0.222543352601156,2.0294117647058827,0.5573770491803279,-0.02016,2.9059750756199816
P9075a4686f,2014,0,,34.0,87.0,25.9,46.3,53.59,3.0,11.4,33.1,17.9,157.0,200.0,0.785,138.0,293.0,0.471,25.0,86.0,0.291,0.6,2.7,52.8,2.9,1.97823279,71.0,114.0,68.0,179.0,3.0,3.0,35.1765,0.9118,3.5294,5.3529,1.5588,0.1765,14.9412,0.2269129287598944,0.8461538461538463,1.7513227513227516,0.2118100000000001,4.163094352826374
Pdd3e192436,2014,0,,34.0,90.2,20.3,57.0,60.99,2.8,10.5,9.3,6.7,114.0,138.0,0.826,82.0,184.0,0.446,108.0,244.0,0.443,1.5,1.8,32.2,2.6,1.8928962,40.0,68.0,42.0,117.0,12.0,13.0,36.2059,0.8235,3.4412,1.5588,1.0588,0.5,17.7059,0.5700934579439252,0.9166666666666666,1.207792207792208,0.03297,4.075875468765951
P65db320efe,2000,1,43.0,,,,,,,,,,,,,,,,,,,,,,,,,,,,,,,,,,,,,,,,,
P1c5dc0dbc6,2000,1,50.0,,,,,,,,,,,,,,,,,,,,,,,,,,,,,,,,,,,,,,,,,
Pe7b575da0a,2000,0,,,,,,,,,,,,,,,,,,,,,,,,,,,,,,,,,,,,,,,,,,
Pbcfa5eaec6,2000,0,,,,,,,,,,,,,,,,,,,,,,,,,,,,,,,,,,,,,,,,,,
Pc7c312fdc1,2001,1,2.0,,,,,,,,,,,,,,,,,,,,,,,,,,,,,,,,,,,,,,,,,
P1d7e465328,2001,1,6.0,,,,,,,,,,,,,,,,,,,,,,,,,,,,,,,,,,,,,,,,,
P675a30c147,2001,1,15.0,,,,,,,,,,,,,,,,,,,,,,,,,,,,,,,,,,,,,,,,,
Paf6a9c1c9e,2001,1,19.0,,,,,,,,,,,,,,,,,,,,,,,,,,,,,,,,,,,,,,,,,
P4da2c7e178,2001,1,25.0,,,,,,,,,,,,,,,,,,,,,,,,,,,,,,,,,,,,,,,,,
P6dc3d3ca5e,2001,1,28.0,,,,,,,,,,,,,,,,,,,,,,,,,,,,,,,,,,,,,,,,,
P07655923d4,2001,1,30.0,,,,,,,,,,,,,,,,,,,,,,,,,,,,,,,,,,,,,,,,,
Paa277db6ca,2001,1,37.0,,,,,,,,,,,,,,,,,,,,,,,,,,,,,,,,,,,,,,,,,
P0e7fc05f4f,2001,0,,,,,,,,,,,,,,,,,,,,,,,,,,,,,,,,,,,,,,,,,,
P4caf77098c,2001,0,,,,,,,,,,,,,,,,,,,,,,,,,,,,,,,,,,,,,,,,,,
Pa08cb88c9e,2002,1,6.0,,,,,,,,,,,,,,,,,,,,,,,,,,,,,,,,,,,,,,,,,
P634aaac9d4,2002,1,7.0,,,,,,,,,,,,,,,,,,,,,,,,,,,,,,,,,,,,,,,,,
P3d9db1cda1,2002,1,8.0,,,,,,,,,,,,,,,,,,,,,,,,,,,,,,,,,,,,,,,,,
P6031807405,2002,1,9.0,,,,,,,,,,,,,,,,,,,,,,,,,,,,,,,,,,,,,,,,,
P01fc763e95,2002,1,10.0,,,,,,,,,,,,,,,,,,,,,,,,,,,,,,,,,,,,,,,,,
P91e42fff83,2002,1,11.0,,,,,,,,,,,,,,,,,,,,,,,,,,,,,,,,,,,,,,,,,
P540f972282,2002,1,14.0,,,,,,,,,,,,,,,,,,,,,,,,,,,,,,,,,,,,,,,,,
P33f4d69488,2002,1,15.0,,,,,,,,,,,,,,,,,,,,,,,,,,,,,,,,,,,,,,,,,
Pc0e29b5887,2002,1,16.0,,,,,,,,,,,,,,,,,,,,,,,,,,,,,,,,,,,,,,,,,
P71d533551f,2002,1,20.0,,,,,,,,,,,,,,,,,,,,,,,,,,,,,,,,,,,,,,,,,
P33c766f164,2002,1,26.0,,,,,,,,,,,,,,,,,,,,,,,,,,,,,,,,,,,,,,,,,
Pfdab72198e,2002,1,31.0,,,,,,,,,,,,,,,,,,,,,,,,,,,,,,,,,,,,,,,,,
P014b6ed928,2003,1,2.0,,,,,,,,,,,,,,,,,,,,,,,,,,,,,,,,,,,,,,,,,
Peab571b95d,2003,1,4.0,,,,,,,,,,,,,,,,,,,,,,,,,,,,,,,,,,,,,,,,,
P39c1b5b439,2003,1,5.0,,,,,,,,,,,,,,,,,,,,,,,,,,,,,,,,,,,,,,,,,
P7feaaeffcb,2003,1,7.0,,,,,,,,,,,,,,,,,,,,,,,,,,,,,,,,,,,,,,,,,
P3d283763c2,2003,1,9.0,,,,,,,,,,,,,,,,,,,,,,,,,,,,,,,,,,,,,,,,,
P9dc8436179,2003,1,10.0,,,,,,,,,,,,,,,,,,,,,,,,,,,,,,,,,,,,,,,,,
P3c6c730bf2,2003,1,14.0,,,,,,,,,,,,,,,,,,,,,,,,,,,,,,,,,,,,,,,,,
P5e60e1df8d,2003,1,23.0,,,,,,,,,,,,,,,,,,,,,,,,,,,,,,,,,,,,,,,,,
P62fd3b7dd9,2003,1,38.0,,,,,,,,,,,,,,,,,,,,,,,,,,,,,,,,,,,,,,,,,
P3e7075c22e,2003,1,51.0,,,,,,,,,,,,,,,,,,,,,,,,,,,,,,,,,,,,,,,,,
P85bb3eb8b9,2003,0,,,,,,,,,,,,,,,,,,,,,,,,,,,,,,,,,,,,,,,,,,
P8bc3dd7f6c,2003,0,,,,,,,,,,,,,,,,,,,,,,,,,,,,,,,,,,,,,,,,,,
P269736d407,2004,1,1.0,,,,,,,,,,,,,,,,,,,,,,,,,,,,,,,,,,,,,,,,,
Pec20f0f060,2004,1,3.0,,,,,,,,,,,,,,,,,,,,,,,,,,,,,,,,,,,,,,,,,
P977a8945dd,2004,1,10.0,,,,,,,,,,,,,,,,,,,,,,,,,,,,,,,,,,,,,,,,,
P5c0fad1503,2004,1,11.0,,,,,,,,,,,,,,,,,,,,,,,,,,,,,,,,,,,,,,,,,
P0d50e77b95,2004,1,18.0,,,,,,,,,,,,,,,,,,,,,,,,,,,,,,,,,,,,,,,,,
P0b1f22f2d4,2004,1,20.0,,,,,,,,,,,,,,,,,,,,,,,,,,,,,,,,,,,,,,,,,
P1b3889c122,2004,1,27.0,,,,,,,,,,,,,,,,,,,,,,,,,,,,,,,,,,,,,,,,,
P079efef655,2004,1,30.0,,,,,,,,,,,,,,,,,,,,,,,,,,,,,,,,,,,,,,,,,
P9ba3c3f8a6,2006,0,,,,,,,,,,,,,,,,,,,,,,,,,,,,,,,,,,,,,,,,,,
