pid,draft_year,source_id,publisher,archive_url,source_url,capture_utc,draft_date,source_last_updated_date,table_sha256,html_sha256,rank_facts_sha256,cell_sha256,profile_href,source_row_ordinal,age_precision_years,layout,raw_typed_tokens_json,missing_reasons_json
Pb9c495a67d,2015,dx_2015,dx,https://web.archive.org/web/20150623175013id_/http://www.draftexpress.com/nba-mock-draft/2015/,http://www.draftexpress.com/nba-mock-draft/2015/,2015-06-23T17:50:13+00:00,2015-06-25,2015-06-22,2ecc74d1bc6cda1ec60e9d905b7d9e28369b1bd84a9ac693a1b969eeba1032ea,715adc0f72355ac15e57b147fcb1621d2e7b9c338774522f08cbf78dcb056b79,0a231e0576e7415e261451b526226f75e1762e60fb2fce1d95fe4310b3fde642,85f18f07d81b6817ac141563ddeafc0e90f6a36d5690740e13ef201b04d41056,/profile/Jahlil-Okafor-6469/,2,0.1,dx_text,{},{}
P67cf99c3eb,2015,dx_2015,dx,https://web.archive.org/web/20150623175013id_/http://www.draftexpress.com/nba-mock-draft/2015/,http://www.draftexpress.com/nba-mock-draft/2015/,2015-06-23T17:50:13+00:00,2015-06-25,2015-06-22,2ecc74d1bc6cda1ec60e9d905b7d9e28369b1bd84a9ac693a1b969eeba1032ea,715adc0f72355ac15e57b147fcb1621d2e7b9c338774522f08cbf78dcb056b79,0a231e0576e7415e261451b526226f75e1762e60fb2fce1d95fe4310b3fde642,3192353f28b10b20b821379d28468a8e012f42c4976254bff56929d652338ef2,/profile/D-Angelo-Russell-7175/,3,0.1,dx_text,{},{}
Pf1eb0b11c1,2015,dx_2015,dx,https://web.archive.org/web/20150623175013id_/http://www.draftexpress.com/nba-mock-draft/2015/,http://www.draftexpress.com/nba-mock-draft/2015/,2015-06-23T17:50:13+00:00,2015-06-25,2015-06-22,2ecc74d1bc6cda1ec60e9d905b7d9e28369b1bd84a9ac693a1b969eeba1032ea,715adc0f72355ac15e57b147fcb1621d2e7b9c338774522f08cbf78dcb056b79,0a231e0576e7415e261451b526226f75e1762e60fb2fce1d95fe4310b3fde642,45b4165ec21c861bf46ec0ee4de5c23747a042ff327b070d2c7e27b181145ca7,/profile/Kristaps-Porzingis-7119/,4,0.1,dx_text,{},{}
Pc3390f55d0,2015,dx_2015,dx,https://web.archive.org/web/20150623175013id_/http://www.draftexpress.com/nba-mock-draft/2015/,http://www.draftexpress.com/nba-mock-draft/2015/,2015-06-23T17:50:13+00:00,2015-06-25,2015-06-22,2ecc74d1bc6cda1ec60e9d905b7d9e28369b1bd84a9ac693a1b969eeba1032ea,715adc0f72355ac15e57b147fcb1621d2e7b9c338774522f08cbf78dcb056b79,0a231e0576e7415e261451b526226f75e1762e60fb2fce1d95fe4310b3fde642,14b75d4cde2b4e1dcc46e362012d9f2b9e1db209fc043b743efb7deeb38cca58,/profile/Justise-Winslow-7190/,5,0.1,dx_text,{},{}
P11ed05516e,2015,dx_2015,dx,https://web.archive.org/web/20150623175013id_/http://www.draftexpress.com/nba-mock-draft/2015/,http://www.draftexpress.com/nba-mock-draft/2015/,2015-06-23T17:50:13+00:00,2015-06-25,2015-06-22,2ecc74d1bc6cda1ec60e9d905b7d9e28369b1bd84a9ac693a1b969eeba1032ea,715adc0f72355ac15e57b147fcb1621d2e7b9c338774522f08cbf78dcb056b79,0a231e0576e7415e261451b526226f75e1762e60fb2fce1d95fe4310b3fde642,e2c82291123ce3b302ecaa3b70f345b1f4fe6703d0f09070118f3c0a506adeaf,/profile/Mario-Hezonja-6392/,6,0.1,dx_text,{},{}
P3e493925a2,2015,dx_2015,dx,https://web.archive.org/web/20150623175013id_/http://www.draftexpress.com/nba-mock-draft/2015/,http://www.draftexpress.com/nba-mock-draft/2015/,2015-06-23T17:50:13+00:00,2015-06-25,2015-06-22,2ecc74d1bc6cda1ec60e9d905b7d9e28369b1bd84a9ac693a1b969eeba1032ea,715adc0f72355ac15e57b147fcb1621d2e7b9c338774522f08cbf78dcb056b79,0a231e0576e7415e261451b526226f75e1762e60fb2fce1d95fe4310b3fde642,6d57be16a79e827c1fa92a69f5f547c947fe99888187a18fc9ec85e0cc307da2,/profile/Emmanuel-Mudiay-6472/,7,0.1,dx_text,{},{}
Pff77feae98,2015,dx_2015,dx,https://web.archive.org/web/20150623175013id_/http://www.draftexpress.com/nba-mock-draft/2015/,http://www.draftexpress.com/nba-mock-draft/2015/,2015-06-23T17:50:13+00:00,2015-06-25,2015-06-22,2ecc74d1bc6cda1ec60e9d905b7d9e28369b1bd84a9ac693a1b969eeba1032ea,715adc0f72355ac15e57b147fcb1621d2e7b9c338774522f08cbf78dcb056b79,0a231e0576e7415e261451b526226f75e1762e60fb2fce1d95fe4310b3fde642,3cc36e11c7877d94ad0b51cba6b08e810b097829bf678972ae4b401e3e2ad330,/profile/Stanley-Johnson-46065/,8,0.1,dx_text,{},{}
P7d77f683c0,2015,dx_2015,dx,https://web.archive.org/web/20150623175013id_/http://www.draftexpress.com/nba-mock-draft/2015/,http://www.draftexpress.com/nba-mock-draft/2015/,2015-06-23T17:50:13+00:00,2015-06-25,2015-06-22,2ecc74d1bc6cda1ec60e9d905b7d9e28369b1bd84a9ac693a1b969eeba1032ea,715adc0f72355ac15e57b147fcb1621d2e7b9c338774522f08cbf78dcb056b79,0a231e0576e7415e261451b526226f75e1762e60fb2fce1d95fe4310b3fde642,5742586919acca2a3c1ef90ca4cf95445a98229e31dae3ac96789748036fa965,/profile/Devin-Booker-7216/,9,0.1,dx_text,{},{}
Pec96a14b85,2015,dx_2015,dx,https://web.archive.org/web/20150623175013id_/http://www.draftexpress.com/nba-mock-draft/2015/,http://www.draftexpress.com/nba-mock-draft/2015/,2015-06-23T17:50:13+00:00,2015-06-25,2015-06-22,2ecc74d1bc6cda1ec60e9d905b7d9e28369b1bd84a9ac693a1b969eeba1032ea,715adc0f72355ac15e57b147fcb1621d2e7b9c338774522f08cbf78dcb056b79,0a231e0576e7415e261451b526226f75e1762e60fb2fce1d95fe4310b3fde642,cfb4876289864737de25fe1b89fb77866ecda7bc43ef8079d01c1808cba78a06,/profile/Frank-Kaminsky-41066/,10,0.1,dx_text,{},{}
P9b0b27ae5d,2015,dx_2015,dx,https://web.archive.org/web/20150623175013id_/http://www.draftexpress.com/nba-mock-draft/2015/,http://www.draftexpress.com/nba-mock-draft/2015/,2015-06-23T17:50:13+00:00,2015-06-25,2015-06-22,2ecc74d1bc6cda1ec60e9d905b7d9e28369b1bd84a9ac693a1b969eeba1032ea,715adc0f72355ac15e57b147fcb1621d2e7b9c338774522f08cbf78dcb056b79,0a231e0576e7415e261451b526226f75e1762e60fb2fce1d95fe4310b3fde642,2022c53c7f4f6b24de05291aa0dbf564b76c143c2f7086c99f9b835af196681c,/profile/Willie-Cauley-Stein-6441/,11,0.1,dx_text,{},{}
Peaf1686cc0,2015,dx_2015,dx,https://web.archive.org/web/20150623175013id_/http://www.draftexpress.com/nba-mock-draft/2015/,http://www.draftexpress.com/nba-mock-draft/2015/,2015-06-23T17:50:13+00:00,2015-06-25,2015-06-22,2ecc74d1bc6cda1ec60e9d905b7d9e28369b1bd84a9ac693a1b969eeba1032ea,715adc0f72355ac15e57b147fcb1621d2e7b9c338774522f08cbf78dcb056b79,0a231e0576e7415e261451b526226f75e1762e60fb2fce1d95fe4310b3fde642,3c20d566555d25c86f7fc3d5155c5137de8bc4e468a7c24084484b4d69ac6ae3,/profile/Myles-Turner-72850/,12,0.1,dx_text,{},{}
P2297a93a7f,2015,dx_2015,dx,https://web.archive.org/web/20150623175013id_/http://www.draftexpress.com/nba-mock-draft/2015/,http://www.draftexpress.com/nba-mock-draft/2015/,2015-06-23T17:50:13+00:00,2015-06-25,2015-06-22,2ecc74d1bc6cda1ec60e9d905b7d9e28369b1bd84a9ac693a1b969eeba1032ea,715adc0f72355ac15e57b147fcb1621d2e7b9c338774522f08cbf78dcb056b79,0a231e0576e7415e261451b526226f75e1762e60fb2fce1d95fe4310b3fde642,42f9ec08b4f34cefd9aa5c4bcf46812de0250ca8cfbd905f3dad98cf180664f2,/profile/Trey-Lyles-7157/,13,0.1,dx_text,{},{}
Pce2a43b358,2015,dx_2015,dx,https://web.archive.org/web/20150623175013id_/http://www.draftexpress.com/nba-mock-draft/2015/,http://www.draftexpress.com/nba-mock-draft/2015/,2015-06-23T17:50:13+00:00,2015-06-25,2015-06-22,2ecc74d1bc6cda1ec60e9d905b7d9e28369b1bd84a9ac693a1b969eeba1032ea,715adc0f72355ac15e57b147fcb1621d2e7b9c338774522f08cbf78dcb056b79,0a231e0576e7415e261451b526226f75e1762e60fb2fce1d95fe4310b3fde642,2c12c7a968b5556b3acfce4ff6fcf5d8d277d12ad903f2d3810a0fe763df6db5,/profile/Cameron-Payne-70346/,14,0.1,dx_text,{},{}
P5492e07ad3,2015,dx_2015,dx,https://web.archive.org/web/20150623175013id_/http://www.draftexpress.com/nba-mock-draft/2015/,http://www.draftexpress.com/nba-mock-draft/2015/,2015-06-23T17:50:13+00:00,2015-06-25,2015-06-22,2ecc74d1bc6cda1ec60e9d905b7d9e28369b1bd84a9ac693a1b969eeba1032ea,715adc0f72355ac15e57b147fcb1621d2e7b9c338774522f08cbf78dcb056b79,0a231e0576e7415e261451b526226f75e1762e60fb2fce1d95fe4310b3fde642,1e2f6fec0869c2a168704ade5bc2f824cdd00b629941d13b7c374529eef9df21,/profile/Bobby-Portis-7167/,16,0.1,dx_text,{},{}
P3cfad83e39,2015,dx_2015,dx,https://web.archive.org/web/20150623175013id_/http://www.draftexpress.com/nba-mock-draft/2015/,http://www.draftexpress.com/nba-mock-draft/2015/,2015-06-23T17:50:13+00:00,2015-06-25,2015-06-22,2ecc74d1bc6cda1ec60e9d905b7d9e28369b1bd84a9ac693a1b969eeba1032ea,715adc0f72355ac15e57b147fcb1621d2e7b9c338774522f08cbf78dcb056b79,0a231e0576e7415e261451b526226f75e1762e60fb2fce1d95fe4310b3fde642,d72ce5943cfa6a496d47b69ff2815a813af859942be2b9ccc3b95b9e42e46847,/profile/R.J.-Hunter-65208/,17,0.1,dx_text,{},{}
P9a02cf437c,2015,dx_2015,dx,https://web.archive.org/web/20150623175013id_/http://www.draftexpress.com/nba-mock-draft/2015/,http://www.draftexpress.com/nba-mock-draft/2015/,2015-06-23T17:50:13+00:00,2015-06-25,2015-06-22,2ecc74d1bc6cda1ec60e9d905b7d9e28369b1bd84a9ac693a1b969eeba1032ea,715adc0f72355ac15e57b147fcb1621d2e7b9c338774522f08cbf78dcb056b79,0a231e0576e7415e261451b526226f75e1762e60fb2fce1d95fe4310b3fde642,53ad32e188a40cc696a317ae9f1e12d04c04aa8df82de11f07c65fa2e9c4645a,/profile/Tyus-Jones-46062/,18,0.1,dx_text,{},{}
P8d6369038a,2015,dx_2015,dx,https://web.archive.org/web/20150623175013id_/http://www.draftexpress.com/nba-mock-draft/2015/,http://www.draftexpress.com/nba-mock-draft/2015/,2015-06-23T17:50:13+00:00,2015-06-25,2015-06-22,2ecc74d1bc6cda1ec60e9d905b7d9e28369b1bd84a9ac693a1b969eeba1032ea,715adc0f72355ac15e57b147fcb1621d2e7b9c338774522f08cbf78dcb056b79,0a231e0576e7415e261451b526226f75e1762e60fb2fce1d95fe4310b3fde642,e3c5082117f0abc2037308c2d06d8fdc373061ccc4f304e5b464bd0b48602696,/profile/Jerian-Grant-18095/,19,0.1,dx_text,{},{}
P94d904f95a,2015,dx_2015,dx,https://web.archive.org/web/20150623175013id_/http://www.draftexpress.com/nba-mock-draft/2015/,http://www.draftexpress.com/nba-mock-draft/2015/,2015-06-23T17:50:13+00:00,2015-06-25,2015-06-22,2ecc74d1bc6cda1ec60e9d905b7d9e28369b1bd84a9ac693a1b969eeba1032ea,715adc0f72355ac15e57b147fcb1621d2e7b9c338774522f08cbf78dcb056b79,0a231e0576e7415e261451b526226f75e1762e60fb2fce1d95fe4310b3fde642,c1121123b94f1ad997c7fb1e8da9b85b5dd2ea44aa866bd9252c6b394f6e448f,/profile/Sam-Dekker-6438/,20,0.1,dx_text,{},{}
P16f77dc0c6,2015,dx_2015,dx,https://web.archive.org/web/20150623175013id_/http://www.draftexpress.com/nba-mock-draft/2015/,http://www.draftexpress.com/nba-mock-draft/2015/,2015-06-23T17:50:13+00:00,2015-06-25,2015-06-22,2ecc74d1bc6cda1ec60e9d905b7d9e28369b1bd84a9ac693a1b969eeba1032ea,715adc0f72355ac15e57b147fcb1621d2e7b9c338774522f08cbf78dcb056b79,0a231e0576e7415e261451b526226f75e1762e60fb2fce1d95fe4310b3fde642,b12699607d5b2229e901943bde959b08f303b7e302e50f9b642bbacc82aea97a,/profile/Delon-Wright-78507/,21,0.1,dx_text,{},{}
Pb4e1522182,2015,dx_2015,dx,https://web.archive.org/web/20150623175013id_/http://www.draftexpress.com/nba-mock-draft/2015/,http://www.draftexpress.com/nba-mock-draft/2015/,2015-06-23T17:50:13+00:00,2015-06-25,2015-06-22,2ecc74d1bc6cda1ec60e9d905b7d9e28369b1bd84a9ac693a1b969eeba1032ea,715adc0f72355ac15e57b147fcb1621d2e7b9c338774522f08cbf78dcb056b79,0a231e0576e7415e261451b526226f75e1762e60fb2fce1d95fe4310b3fde642,d19bdbe2de16735c26cac88c09e10b6af5e291989b496fd3af29eba3ce27b819,/profile/Rondae-Hollis-Jefferson-6466/,22,0.1,dx_text,{},{}
P1c43036b93,2015,dx_2015,dx,https://web.archive.org/web/20150623175013id_/http://www.draftexpress.com/nba-mock-draft/2015/,http://www.draftexpress.com/nba-mock-draft/2015/,2015-06-23T17:50:13+00:00,2015-06-25,2015-06-22,2ecc74d1bc6cda1ec60e9d905b7d9e28369b1bd84a9ac693a1b969eeba1032ea,715adc0f72355ac15e57b147fcb1621d2e7b9c338774522f08cbf78dcb056b79,0a231e0576e7415e261451b526226f75e1762e60fb2fce1d95fe4310b3fde642,fd1ddc944cb38107749e04c5669752e3273d102fec3ea2428e31f6c556fae874,/profile/Kevon-Looney-7156/,23,0.1,dx_text,{},{}
P1b292d5147,2015,dx_2015,dx,https://web.archive.org/web/20150623175013id_/http://www.draftexpress.com/nba-mock-draft/2015/,http://www.draftexpress.com/nba-mock-draft/2015/,2015-06-23T17:50:13+00:00,2015-06-25,2015-06-22,2ecc74d1bc6cda1ec60e9d905b7d9e28369b1bd84a9ac693a1b969eeba1032ea,715adc0f72355ac15e57b147fcb1621d2e7b9c338774522f08cbf78dcb056b79,0a231e0576e7415e261451b526226f75e1762e60fb2fce1d95fe4310b3fde642,806777ec40a1efbd67d1271b66c39438c454b007f5821f298719a78fb2b7f96f,/profile/Montrezl-Harrell-7019/,24,0.1,dx_text,{},{}
Pd0eaa15469,2015,dx_2015,dx,https://web.archive.org/web/20150623175013id_/http://www.draftexpress.com/nba-mock-draft/2015/,http://www.draftexpress.com/nba-mock-draft/2015/,2015-06-23T17:50:13+00:00,2015-06-25,2015-06-22,2ecc74d1bc6cda1ec60e9d905b7d9e28369b1bd84a9ac693a1b969eeba1032ea,715adc0f72355ac15e57b147fcb1621d2e7b9c338774522f08cbf78dcb056b79,0a231e0576e7415e261451b526226f75e1762e60fb2fce1d95fe4310b3fde642,0a2b8d207343cca1297a8cfa833b55e72049f414ccda7e07ed7754c2cb98c8bd,/profile/Jarell-Martin-7159/,25,0.1,dx_text,{},{}
Pcf63b744fe,2015,dx_2015,dx,https://web.archive.org/web/20150623175013id_/http://www.draftexpress.com/nba-mock-draft/2015/,http://www.draftexpress.com/nba-mock-draft/2015/,2015-06-23T17:50:13+00:00,2015-06-25,2015-06-22,2ecc74d1bc6cda1ec60e9d905b7d9e28369b1bd84a9ac693a1b969eeba1032ea,715adc0f72355ac15e57b147fcb1621d2e7b9c338774522f08cbf78dcb056b79,0a231e0576e7415e261451b526226f75e1762e60fb2fce1d95fe4310b3fde642,927c7f3c126e21a6fabb058f6ff5ec823f532021cc34050b595353989516e404,/profile/Rashad-Vaughn-71472/,26,0.1,dx_text,{},{}
Pb067831a66,2015,dx_2015,dx,https://web.archive.org/web/20150623175013id_/http://www.draftexpress.com/nba-mock-draft/2015/,http://www.draftexpress.com/nba-mock-draft/2015/,2015-06-23T17:50:13+00:00,2015-06-25,2015-06-22,2ecc74d1bc6cda1ec60e9d905b7d9e28369b1bd84a9ac693a1b969eeba1032ea,715adc0f72355ac15e57b147fcb1621d2e7b9c338774522f08cbf78dcb056b79,0a231e0576e7415e261451b526226f75e1762e60fb2fce1d95fe4310b3fde642,0e38f7d02a01d7c5deb998af875130d7174120a90b64b335239c026b778d780b,/profile/Justin-Anderson-5676/,27,0.1,dx_text,{},{}
P128f74a48f,2015,dx_2015,dx,https://web.archive.org/web/20150623175013id_/http://www.draftexpress.com/nba-mock-draft/2015/,http://www.draftexpress.com/nba-mock-draft/2015/,2015-06-23T17:50:13+00:00,2015-06-25,2015-06-22,2ecc74d1bc6cda1ec60e9d905b7d9e28369b1bd84a9ac693a1b969eeba1032ea,715adc0f72355ac15e57b147fcb1621d2e7b9c338774522f08cbf78dcb056b79,0a231e0576e7415e261451b526226f75e1762e60fb2fce1d95fe4310b3fde642,cc2095eef2044455a89705e083c8a74d3ada6ce2d4082c49b65cfab6cef90437,/profile/Chris-McCullough-7163/,29,0.1,dx_text,{},{}
Pe71646e585,2015,dx_2015,dx,https://web.archive.org/web/20150623175013id_/http://www.draftexpress.com/nba-mock-draft/2015/,http://www.draftexpress.com/nba-mock-draft/2015/,2015-06-23T17:50:13+00:00,2015-06-25,2015-06-22,2ecc74d1bc6cda1ec60e9d905b7d9e28369b1bd84a9ac693a1b969eeba1032ea,715adc0f72355ac15e57b147fcb1621d2e7b9c338774522f08cbf78dcb056b79,0a231e0576e7415e261451b526226f75e1762e60fb2fce1d95fe4310b3fde642,d013033e36b8e65d4966f0c23196ca2ce3d241e5a51d1024ad640c7125772b86,/profile/Terry-Rozier-58730/,30,0.1,dx_text,{},{}
Pf634b73f97,2015,dx_2015,dx,https://web.archive.org/web/20150623175013id_/http://www.draftexpress.com/nba-mock-draft/2015/,http://www.draftexpress.com/nba-mock-draft/2015/,2015-06-23T17:50:13+00:00,2015-06-25,2015-06-22,2ecc74d1bc6cda1ec60e9d905b7d9e28369b1bd84a9ac693a1b969eeba1032ea,715adc0f72355ac15e57b147fcb1621d2e7b9c338774522f08cbf78dcb056b79,0a231e0576e7415e261451b526226f75e1762e60fb2fce1d95fe4310b3fde642,181feb8410c6cc99440a42a4bc4c621889d0401c7f002f01fd6c31158fd56729,/profile/Anthony-Brown-6222/,31,0.1,dx_text,{},{}
Pa24dadc449,2015,dx_2015,dx,https://web.archive.org/web/20150623175013id_/http://www.draftexpress.com/nba-mock-draft/2015/,http://www.draftexpress.com/nba-mock-draft/2015/,2015-06-23T17:50:13+00:00,2015-06-25,2015-06-22,2ecc74d1bc6cda1ec60e9d905b7d9e28369b1bd84a9ac693a1b969eeba1032ea,715adc0f72355ac15e57b147fcb1621d2e7b9c338774522f08cbf78dcb056b79,0a231e0576e7415e261451b526226f75e1762e60fb2fce1d95fe4310b3fde642,314fb6087eb5727183cfe988d8d7865abb2da60ba801086b90f6ce3b8944e7f8,/profile/Cliff-Alexander-7138/,34,0.1,dx_text,{},{}
P2e8c779b09,2015,dx_2015,dx,https://web.archive.org/web/20150623175013id_/http://www.draftexpress.com/nba-mock-draft/2015/,http://www.draftexpress.com/nba-mock-draft/2015/,2015-06-23T17:50:13+00:00,2015-06-25,2015-06-22,2ecc74d1bc6cda1ec60e9d905b7d9e28369b1bd84a9ac693a1b969eeba1032ea,715adc0f72355ac15e57b147fcb1621d2e7b9c338774522f08cbf78dcb056b79,0a231e0576e7415e261451b526226f75e1762e60fb2fce1d95fe4310b3fde642,89472fcdee36029decb8eca8550ddf481b852753d76a198d5036918b3cada329,/profile/Rakeem-Christmas-5722/,36,0.1,dx_text,{},{}
P4a125216bc,2015,dx_2015,dx,https://web.archive.org/web/20150623175013id_/http://www.draftexpress.com/nba-mock-draft/2015/,http://www.draftexpress.com/nba-mock-draft/2015/,2015-06-23T17:50:13+00:00,2015-06-25,2015-06-22,2ecc74d1bc6cda1ec60e9d905b7d9e28369b1bd84a9ac693a1b969eeba1032ea,715adc0f72355ac15e57b147fcb1621d2e7b9c338774522f08cbf78dcb056b79,0a231e0576e7415e261451b526226f75e1762e60fb2fce1d95fe4310b3fde642,479d5e045f2bcf8f52fdfcd42f4cfcfe16efc27365b62b0f015360efb1ecd6ec,/profile/Jordan-Mickey-7104/,37,0.1,dx_text,{},{}
Pd3473cff83,2015,dx_2015,dx,https://web.archive.org/web/20150623175013id_/http://www.draftexpress.com/nba-mock-draft/2015/,http://www.draftexpress.com/nba-mock-draft/2015/,2015-06-23T17:50:13+00:00,2015-06-25,2015-06-22,2ecc74d1bc6cda1ec60e9d905b7d9e28369b1bd84a9ac693a1b969eeba1032ea,715adc0f72355ac15e57b147fcb1621d2e7b9c338774522f08cbf78dcb056b79,0a231e0576e7415e261451b526226f75e1762e60fb2fce1d95fe4310b3fde642,3d6f8f2d4c5cb88f6dc47ff5668c62a805aaff1dd4b5c1f867ddba44bf5845eb,/profile/Robert-Upshaw-6447/,38,0.1,dx_text,{},{}
Pf21d262b1c,2015,dx_2015,dx,https://web.archive.org/web/20150623175013id_/http://www.draftexpress.com/nba-mock-draft/2015/,http://www.draftexpress.com/nba-mock-draft/2015/,2015-06-23T17:50:13+00:00,2015-06-25,2015-06-22,2ecc74d1bc6cda1ec60e9d905b7d9e28369b1bd84a9ac693a1b969eeba1032ea,715adc0f72355ac15e57b147fcb1621d2e7b9c338774522f08cbf78dcb056b79,0a231e0576e7415e261451b526226f75e1762e60fb2fce1d95fe4310b3fde642,6d9071ef555c62f2a48392a2e97bbce7c1da505e6a29dc2d99a3a649c7090832,/profile/Dakari-Johnson-6470/,40,0.1,dx_text,{},{}
P83f630794b,2015,dx_2015,dx,https://web.archive.org/web/20150623175013id_/http://www.draftexpress.com/nba-mock-draft/2015/,http://www.draftexpress.com/nba-mock-draft/2015/,2015-06-23T17:50:13+00:00,2015-06-25,2015-06-22,2ecc74d1bc6cda1ec60e9d905b7d9e28369b1bd84a9ac693a1b969eeba1032ea,715adc0f72355ac15e57b147fcb1621d2e7b9c338774522f08cbf78dcb056b79,0a231e0576e7415e261451b526226f75e1762e60fb2fce1d95fe4310b3fde642,8e4c321d47e05152839573f33e54341fbd2911ffef59e6538dd93fead7866fa3,/profile/J.P.-Tokoto-6285/,41,0.1,dx_text,{},{}
Pea73008ab4,2015,dx_2015,dx,https://web.archive.org/web/20150623175013id_/http://www.draftexpress.com/nba-mock-draft/2015/,http://www.draftexpress.com/nba-mock-draft/2015/,2015-06-23T17:50:13+00:00,2015-06-25,2015-06-22,2ecc74d1bc6cda1ec60e9d905b7d9e28369b1bd84a9ac693a1b969eeba1032ea,715adc0f72355ac15e57b147fcb1621d2e7b9c338774522f08cbf78dcb056b79,0a231e0576e7415e261451b526226f75e1762e60fb2fce1d95fe4310b3fde642,da5cccdccf7f42141bc2b0a0d5a5c457ab0a6609da7dfa8b5a8cf6fb8e962cfb,/profile/Pat-Connaughton-40714/,42,0.1,dx_text,{},{}
P0ba0d4e186,2015,dx_2015,dx,https://web.archive.org/web/20150623175013id_/http://www.draftexpress.com/nba-mock-draft/2015/,http://www.draftexpress.com/nba-mock-draft/2015/,2015-06-23T17:50:13+00:00,2015-06-25,2015-06-22,2ecc74d1bc6cda1ec60e9d905b7d9e28369b1bd84a9ac693a1b969eeba1032ea,715adc0f72355ac15e57b147fcb1621d2e7b9c338774522f08cbf78dcb056b79,0a231e0576e7415e261451b526226f75e1762e60fb2fce1d95fe4310b3fde642,1ab9aff974be46a3d332564260f7c2bba207f53de91e7b77fc7935c0b4096c78,/profile/Andrew-Harrison-6456/,43,0.1,dx_text,{},{}
P5849f19551,2015,dx_2015,dx,https://web.archive.org/web/20150623175013id_/http://www.draftexpress.com/nba-mock-draft/2015/,http://www.draftexpress.com/nba-mock-draft/2015/,2015-06-23T17:50:13+00:00,2015-06-25,2015-06-22,2ecc74d1bc6cda1ec60e9d905b7d9e28369b1bd84a9ac693a1b969eeba1032ea,715adc0f72355ac15e57b147fcb1621d2e7b9c338774522f08cbf78dcb056b79,0a231e0576e7415e261451b526226f75e1762e60fb2fce1d95fe4310b3fde642,d338afd26cfa0e6634352cbc6c055c4c542fe4aeeadc415bb9dd65e75c9c9d4c,/profile/Cedi-Osman-7133/,44,0.1,dx_text,{},{}
P944090784f,2015,dx_2015,dx,https://web.archive.org/web/20150623175013id_/http://www.draftexpress.com/nba-mock-draft/2015/,http://www.draftexpress.com/nba-mock-draft/2015/,2015-06-23T17:50:13+00:00,2015-06-25,2015-06-22,2ecc74d1bc6cda1ec60e9d905b7d9e28369b1bd84a9ac693a1b969eeba1032ea,715adc0f72355ac15e57b147fcb1621d2e7b9c338774522f08cbf78dcb056b79,0a231e0576e7415e261451b526226f75e1762e60fb2fce1d95fe4310b3fde642,c853ba58dda8f1f348d56d3d18264ed12a09f52b93310b3ab132b73bcc37b1a5,/profile/Josh-Richardson-42015/,45,0.1,dx_text,{},{}
P84b2e1b413,2015,dx_2015,dx,https://web.archive.org/web/20150623175013id_/http://www.draftexpress.com/nba-mock-draft/2015/,http://www.draftexpress.com/nba-mock-draft/2015/,2015-06-23T17:50:13+00:00,2015-06-25,2015-06-22,2ecc74d1bc6cda1ec60e9d905b7d9e28369b1bd84a9ac693a1b969eeba1032ea,715adc0f72355ac15e57b147fcb1621d2e7b9c338774522f08cbf78dcb056b79,0a231e0576e7415e261451b526226f75e1762e60fb2fce1d95fe4310b3fde642,03d60afdf7424a42473c14df277fc847faacc9f955263f4f91db3de374a2f084,/profile/Christian-Wood-7182/,46,0.1,dx_text,{},{}
Pe7f5f31a46,2015,dx_2015,dx,https://web.archive.org/web/20150623175013id_/http://www.draftexpress.com/nba-mock-draft/2015/,http://www.draftexpress.com/nba-mock-draft/2015/,2015-06-23T17:50:13+00:00,2015-06-25,2015-06-22,2ecc74d1bc6cda1ec60e9d905b7d9e28369b1bd84a9ac693a1b969eeba1032ea,715adc0f72355ac15e57b147fcb1621d2e7b9c338774522f08cbf78dcb056b79,0a231e0576e7415e261451b526226f75e1762e60fb2fce1d95fe4310b3fde642,b79c81cf6c19064a5ad0babd373f45269267dacc56fc82391f927f7479788d50,/profile/Richaun-Holmes-65912/,47,0.1,dx_text,{},{}
Pcfe0d93659,2015,dx_2015,dx,https://web.archive.org/web/20150623175013id_/http://www.draftexpress.com/nba-mock-draft/2015/,http://www.draftexpress.com/nba-mock-draft/2015/,2015-06-23T17:50:13+00:00,2015-06-25,2015-06-22,2ecc74d1bc6cda1ec60e9d905b7d9e28369b1bd84a9ac693a1b969eeba1032ea,715adc0f72355ac15e57b147fcb1621d2e7b9c338774522f08cbf78dcb056b79,0a231e0576e7415e261451b526226f75e1762e60fb2fce1d95fe4310b3fde642,8a4f297171c465b00cf9c0f65daa0398b782170220bbcb90659b3cd44a136aad,/profile/Olivier-Hanlan-47653/,48,0.1,dx_text,{},{}
P831df49905,2015,dx_2015,dx,https://web.archive.org/web/20150623175013id_/http://www.draftexpress.com/nba-mock-draft/2015/,http://www.draftexpress.com/nba-mock-draft/2015/,2015-06-23T17:50:13+00:00,2015-06-25,2015-06-22,2ecc74d1bc6cda1ec60e9d905b7d9e28369b1bd84a9ac693a1b969eeba1032ea,715adc0f72355ac15e57b147fcb1621d2e7b9c338774522f08cbf78dcb056b79,0a231e0576e7415e261451b526226f75e1762e60fb2fce1d95fe4310b3fde642,9ec3fe5706957c5c075d09d17c5154fa637ef77cf6cbb7856e436e7b5f102126,/profile/Norman-Powell-6268/,50,0.1,dx_text,{},{}
P9e418f4c91,2015,dx_2015,dx,https://web.archive.org/web/20150623175013id_/http://www.draftexpress.com/nba-mock-draft/2015/,http://www.draftexpress.com/nba-mock-draft/2015/,2015-06-23T17:50:13+00:00,2015-06-25,2015-06-22,2ecc74d1bc6cda1ec60e9d905b7d9e28369b1bd84a9ac693a1b969eeba1032ea,715adc0f72355ac15e57b147fcb1621d2e7b9c338774522f08cbf78dcb056b79,0a231e0576e7415e261451b526226f75e1762e60fb2fce1d95fe4310b3fde642,e73d7bb86f08da691280ee702fefded876db2cff5d527372cc8ae76bf145ba16,/profile/Michael-Frazier-58736/,53,0.1,dx_text,{},{}
P2c58b86e78,2015,dx_2015,dx,https://web.archive.org/web/20150623175013id_/http://www.draftexpress.com/nba-mock-draft/2015/,http://www.draftexpress.com/nba-mock-draft/2015/,2015-06-23T17:50:13+00:00,2015-06-25,2015-06-22,2ecc74d1bc6cda1ec60e9d905b7d9e28369b1bd84a9ac693a1b969eeba1032ea,715adc0f72355ac15e57b147fcb1621d2e7b9c338774522f08cbf78dcb056b79,0a231e0576e7415e261451b526226f75e1762e60fb2fce1d95fe4310b3fde642,3a7b674aa86bceb1f8026679e66bf5992414bd15acfbf163d2a78e4b4958d196,/profile/Vince-Hunter-72560/,54,0.1,dx_text,{},{}
Pb88d2f0541,2015,dx_2015,dx,https://web.archive.org/web/20150623175013id_/http://www.draftexpress.com/nba-mock-draft/2015/,http://www.draftexpress.com/nba-mock-draft/2015/,2015-06-23T17:50:13+00:00,2015-06-25,2015-06-22,2ecc74d1bc6cda1ec60e9d905b7d9e28369b1bd84a9ac693a1b969eeba1032ea,715adc0f72355ac15e57b147fcb1621d2e7b9c338774522f08cbf78dcb056b79,0a231e0576e7415e261451b526226f75e1762e60fb2fce1d95fe4310b3fde642,28f671e8216c9e1de1ab8fab4c5c711e80a085a170b4800f7feea9eb4e13c125,/profile/Tyler-Harvey-41234/,55,0.1,dx_text,{},{}
P0fde3dedb2,2016,dx_2016,dx,https://web.archive.org/web/20160621174050id_/http://www.draftexpress.com:80/nba-mock-draft/2016,http://www.draftexpress.com:80/nba-mock-draft/2016,2016-06-21T17:40:50+00:00,2016-06-23,2016-06-20,4f0e63d057af268b94646df373faabc42baef97cf554c55c6593e2e28fc79522,be6b016a6fd075da300696de95e03c46c08795b0090a2f97ba99a9c5dd3c1fd6,7cac22b511960927eb7bc99943a21c9789330c74f568982b18d502a5a967323c,92160f5a9d5a2b1b7dad2331b9f05b1a83c22dcd8f35da4f7d4e6c886e8f6600,/profile/Ben-Simmons-61928/,1,0.1,dx_text,{},{}
P117a6c6fb1,2016,dx_2016,dx,https://web.archive.org/web/20160621174050id_/http://www.draftexpress.com:80/nba-mock-draft/2016,http://www.draftexpress.com:80/nba-mock-draft/2016,2016-06-21T17:40:50+00:00,2016-06-23,2016-06-20,4f0e63d057af268b94646df373faabc42baef97cf554c55c6593e2e28fc79522,be6b016a6fd075da300696de95e03c46c08795b0090a2f97ba99a9c5dd3c1fd6,7cac22b511960927eb7bc99943a21c9789330c74f568982b18d502a5a967323c,db79f0cc997d0077a6078d8da936e520a2d993cedaad7a843f4ee5e2ff70a9e2,/profile/Brandon-Ingram-7260/,2,0.1,dx_text,{},{}
P9155961dd2,2016,dx_2016,dx,https://web.archive.org/web/20160621174050id_/http://www.draftexpress.com:80/nba-mock-draft/2016,http://www.draftexpress.com:80/nba-mock-draft/2016,2016-06-21T17:40:50+00:00,2016-06-23,2016-06-20,4f0e63d057af268b94646df373faabc42baef97cf554c55c6593e2e28fc79522,be6b016a6fd075da300696de95e03c46c08795b0090a2f97ba99a9c5dd3c1fd6,7cac22b511960927eb7bc99943a21c9789330c74f568982b18d502a5a967323c,405ca5889237ad54376ec0a76509d27c9182c0dbb372a63227141705da2dde89,/profile/Kris-Dunn-6440/,3,0.1,dx_text,{},{}
P47380ec945,2016,dx_2016,dx,https://web.archive.org/web/20160621174050id_/http://www.draftexpress.com:80/nba-mock-draft/2016,http://www.draftexpress.com:80/nba-mock-draft/2016,2016-06-21T17:40:50+00:00,2016-06-23,2016-06-20,4f0e63d057af268b94646df373faabc42baef97cf554c55c6593e2e28fc79522,be6b016a6fd075da300696de95e03c46c08795b0090a2f97ba99a9c5dd3c1fd6,7cac22b511960927eb7bc99943a21c9789330c74f568982b18d502a5a967323c,87cd91103a9c4648bbe7f503c9758b1489c274be5f0750f72f1d88e9ccaf3b55,/profile/Marquese-Chriss-83240/,4,0.1,dx_text,{},{}
P4ec4ee54f1,2016,dx_2016,dx,https://web.archive.org/web/20160621174050id_/http://www.draftexpress.com:80/nba-mock-draft/2016,http://www.draftexpress.com:80/nba-mock-draft/2016,2016-06-21T17:40:50+00:00,2016-06-23,2016-06-20,4f0e63d057af268b94646df373faabc42baef97cf554c55c6593e2e28fc79522,be6b016a6fd075da300696de95e03c46c08795b0090a2f97ba99a9c5dd3c1fd6,7cac22b511960927eb7bc99943a21c9789330c74f568982b18d502a5a967323c,c0713529e2038b3d4696595146db594ced3946f1a3c171331a5bed824253e42e,/profile/Buddy-Hield-58749/,5,0.1,dx_text,{},{}
Pf9ebd1b271,2016,dx_2016,dx,https://web.archive.org/web/20160621174050id_/http://www.draftexpress.com:80/nba-mock-draft/2016,http://www.draftexpress.com:80/nba-mock-draft/2016,2016-06-21T17:40:50+00:00,2016-06-23,2016-06-20,4f0e63d057af268b94646df373faabc42baef97cf554c55c6593e2e28fc79522,be6b016a6fd075da300696de95e03c46c08795b0090a2f97ba99a9c5dd3c1fd6,7cac22b511960927eb7bc99943a21c9789330c74f568982b18d502a5a967323c,ca64fb0e0d638ea725fc330e0d893031d450b658244e599309f27e1e9bec59d4,/profile/Jamal-Murray-71441/,6,0.1,dx_text,{},{}
P53f786523f,2016,dx_2016,dx,https://web.archive.org/web/20160621174050id_/http://www.draftexpress.com:80/nba-mock-draft/2016,http://www.draftexpress.com:80/nba-mock-draft/2016,2016-06-21T17:40:50+00:00,2016-06-23,2016-06-20,4f0e63d057af268b94646df373faabc42baef97cf554c55c6593e2e28fc79522,be6b016a6fd075da300696de95e03c46c08795b0090a2f97ba99a9c5dd3c1fd6,7cac22b511960927eb7bc99943a21c9789330c74f568982b18d502a5a967323c,f1dc6c33b3abf29c757f9a515d3108fcff47f9b3097cf7e55225b834eb7494b2,/profile/Dragan-Bender-62877/,7,0.1,dx_text,{},{}
P8a2a3c7c07,2016,dx_2016,dx,https://web.archive.org/web/20160621174050id_/http://www.draftexpress.com:80/nba-mock-draft/2016,http://www.draftexpress.com:80/nba-mock-draft/2016,2016-06-21T17:40:50+00:00,2016-06-23,2016-06-20,4f0e63d057af268b94646df373faabc42baef97cf554c55c6593e2e28fc79522,be6b016a6fd075da300696de95e03c46c08795b0090a2f97ba99a9c5dd3c1fd6,7cac22b511960927eb7bc99943a21c9789330c74f568982b18d502a5a967323c,ca37e11561fe33be23aa84385549f813c36955757b554e21c615832c8c7e0e0c,/profile/Jaylen-Brown-72912/,8,0.1,dx_text,{},{}
P88f4dbf943,2016,dx_2016,dx,https://web.archive.org/web/20160621174050id_/http://www.draftexpress.com:80/nba-mock-draft/2016,http://www.draftexpress.com:80/nba-mock-draft/2016,2016-06-21T17:40:50+00:00,2016-06-23,2016-06-20,4f0e63d057af268b94646df373faabc42baef97cf554c55c6593e2e28fc79522,be6b016a6fd075da300696de95e03c46c08795b0090a2f97ba99a9c5dd3c1fd6,7cac22b511960927eb7bc99943a21c9789330c74f568982b18d502a5a967323c,87225ae29ad02a91b7fa3694e2a997ac2bc32c7a8e0967cfa14b6a7a36996d45,/profile/Jakob-Poeltl-63039/,9,0.1,dx_text,{},{}
P9264b6e63a,2016,dx_2016,dx,https://web.archive.org/web/20160621174050id_/http://www.draftexpress.com:80/nba-mock-draft/2016,http://www.draftexpress.com:80/nba-mock-draft/2016,2016-06-21T17:40:50+00:00,2016-06-23,2016-06-20,4f0e63d057af268b94646df373faabc42baef97cf554c55c6593e2e28fc79522,be6b016a6fd075da300696de95e03c46c08795b0090a2f97ba99a9c5dd3c1fd6,7cac22b511960927eb7bc99943a21c9789330c74f568982b18d502a5a967323c,ae001217f343f6a8d6becb5487422c0d2b093ece94f67aa69882d539b332160d,/profile/Henry-Ellenson-7234/,10,0.1,dx_text,{},{}
Pd856e50561,2016,dx_2016,dx,https://web.archive.org/web/20160621174050id_/http://www.draftexpress.com:80/nba-mock-draft/2016,http://www.draftexpress.com:80/nba-mock-draft/2016,2016-06-21T17:40:50+00:00,2016-06-23,2016-06-20,4f0e63d057af268b94646df373faabc42baef97cf554c55c6593e2e28fc79522,be6b016a6fd075da300696de95e03c46c08795b0090a2f97ba99a9c5dd3c1fd6,7cac22b511960927eb7bc99943a21c9789330c74f568982b18d502a5a967323c,ac58f6e9ed16d6780da79be38011d07c296cd5e5b17f83d8f531825e8d33792d,/profile/Skal-Labissiere-71664/,11,0.1,dx_text,{},{}
P620501ed0d,2016,dx_2016,dx,https://web.archive.org/web/20160621174050id_/http://www.draftexpress.com:80/nba-mock-draft/2016,http://www.draftexpress.com:80/nba-mock-draft/2016,2016-06-21T17:40:50+00:00,2016-06-23,2016-06-20,4f0e63d057af268b94646df373faabc42baef97cf554c55c6593e2e28fc79522,be6b016a6fd075da300696de95e03c46c08795b0090a2f97ba99a9c5dd3c1fd6,7cac22b511960927eb7bc99943a21c9789330c74f568982b18d502a5a967323c,491893596e325cbef1a0736753c839ecb81c9a3176d8a390771262800a5a143d,/profile/Domantas-Sabonis-62889/,13,0.1,dx_text,{},{}
Pc1c99fe2be,2016,dx_2016,dx,https://web.archive.org/web/20160621174050id_/http://www.draftexpress.com:80/nba-mock-draft/2016,http://www.draftexpress.com:80/nba-mock-draft/2016,2016-06-21T17:40:50+00:00,2016-06-23,2016-06-20,4f0e63d057af268b94646df373faabc42baef97cf554c55c6593e2e28fc79522,be6b016a6fd075da300696de95e03c46c08795b0090a2f97ba99a9c5dd3c1fd6,7cac22b511960927eb7bc99943a21c9789330c74f568982b18d502a5a967323c,26ba39cbe6019ae115c428274ed02b4e3c5d08f76ea172a43c929c312d55d27f,/profile/Dejounte-Murray-7309/,15,0.1,dx_text,{},{}
P9668122fb9,2016,dx_2016,dx,https://web.archive.org/web/20160621174050id_/http://www.draftexpress.com:80/nba-mock-draft/2016,http://www.draftexpress.com:80/nba-mock-draft/2016,2016-06-21T17:40:50+00:00,2016-06-23,2016-06-20,4f0e63d057af268b94646df373faabc42baef97cf554c55c6593e2e28fc79522,be6b016a6fd075da300696de95e03c46c08795b0090a2f97ba99a9c5dd3c1fd6,7cac22b511960927eb7bc99943a21c9789330c74f568982b18d502a5a967323c,84e7767c9175f50d9e2091da751123f1969dc3d2bb1ca0739ac9edf04e01a8f1,/profile/Deyonta-Davis-81960/,16,0.1,dx_text,{},{}
P6f92e02de4,2016,dx_2016,dx,https://web.archive.org/web/20160621174050id_/http://www.draftexpress.com:80/nba-mock-draft/2016,http://www.draftexpress.com:80/nba-mock-draft/2016,2016-06-21T17:40:50+00:00,2016-06-23,2016-06-20,4f0e63d057af268b94646df373faabc42baef97cf554c55c6593e2e28fc79522,be6b016a6fd075da300696de95e03c46c08795b0090a2f97ba99a9c5dd3c1fd6,7cac22b511960927eb7bc99943a21c9789330c74f568982b18d502a5a967323c,ef0dfaf12307bf20f86690adf2993b13834999e9b14cbf056f5e042204a0f5aa,/profile/Malachi-Richardson-72512/,17,0.1,dx_text,{},{}
Pd50459cb6d,2016,dx_2016,dx,https://web.archive.org/web/20160621174050id_/http://www.draftexpress.com:80/nba-mock-draft/2016,http://www.draftexpress.com:80/nba-mock-draft/2016,2016-06-21T17:40:50+00:00,2016-06-23,2016-06-20,4f0e63d057af268b94646df373faabc42baef97cf554c55c6593e2e28fc79522,be6b016a6fd075da300696de95e03c46c08795b0090a2f97ba99a9c5dd3c1fd6,7cac22b511960927eb7bc99943a21c9789330c74f568982b18d502a5a967323c,5b9bca96cdbb80fe8d365741cccbf9ef75f763f92fb809404817995b645d5bc0,/profile/Cheick-Diallo-71440/,18,0.1,dx_text,{},{}
Pc5a8d9d1d6,2016,dx_2016,dx,https://web.archive.org/web/20160621174050id_/http://www.draftexpress.com:80/nba-mock-draft/2016,http://www.draftexpress.com:80/nba-mock-draft/2016,2016-06-21T17:40:50+00:00,2016-06-23,2016-06-20,4f0e63d057af268b94646df373faabc42baef97cf554c55c6593e2e28fc79522,be6b016a6fd075da300696de95e03c46c08795b0090a2f97ba99a9c5dd3c1fd6,7cac22b511960927eb7bc99943a21c9789330c74f568982b18d502a5a967323c,65da74b5258f1233e940ae6480756dddffc0ee9f0abfe386d150dff4ff3ed762,/profile/Taurean-Prince-65231/,20,0.1,dx_text,{},{}
P64adb31e4d,2016,dx_2016,dx,https://web.archive.org/web/20160621174050id_/http://www.draftexpress.com:80/nba-mock-draft/2016,http://www.draftexpress.com:80/nba-mock-draft/2016,2016-06-21T17:40:50+00:00,2016-06-23,2016-06-20,4f0e63d057af268b94646df373faabc42baef97cf554c55c6593e2e28fc79522,be6b016a6fd075da300696de95e03c46c08795b0090a2f97ba99a9c5dd3c1fd6,7cac22b511960927eb7bc99943a21c9789330c74f568982b18d502a5a967323c,06adca38171bb7b6476f61be679386b391d01e56a5559b0b3c8339ada5c6d8cf,/profile/Ivica-Zubac-73314/,21,0.1,dx_text,{},{}
P88064c1c05,2016,dx_2016,dx,https://web.archive.org/web/20160621174050id_/http://www.draftexpress.com:80/nba-mock-draft/2016,http://www.draftexpress.com:80/nba-mock-draft/2016,2016-06-21T17:40:50+00:00,2016-06-23,2016-06-20,4f0e63d057af268b94646df373faabc42baef97cf554c55c6593e2e28fc79522,be6b016a6fd075da300696de95e03c46c08795b0090a2f97ba99a9c5dd3c1fd6,7cac22b511960927eb7bc99943a21c9789330c74f568982b18d502a5a967323c,1dacd3991c9349833d2d4a54df42b49182a3544cfe21a4369b056dcd0c9e5918,/profile/Denzel-Valentine-58739/,22,0.1,dx_text,{},{}
P07954fea73,2016,dx_2016,dx,https://web.archive.org/web/20160621174050id_/http://www.draftexpress.com:80/nba-mock-draft/2016,http://www.draftexpress.com:80/nba-mock-draft/2016,2016-06-21T17:40:50+00:00,2016-06-23,2016-06-20,4f0e63d057af268b94646df373faabc42baef97cf554c55c6593e2e28fc79522,be6b016a6fd075da300696de95e03c46c08795b0090a2f97ba99a9c5dd3c1fd6,7cac22b511960927eb7bc99943a21c9789330c74f568982b18d502a5a967323c,02fab058d30d0432a0bf47737a5a399c4306a2f7d53410015923ab12ebe2c0db,/profile/Furkan-Korkmaz-73273/,23,0.1,dx_text,{},{}
Pa466887b08,2016,dx_2016,dx,https://web.archive.org/web/20160621174050id_/http://www.draftexpress.com:80/nba-mock-draft/2016,http://www.draftexpress.com:80/nba-mock-draft/2016,2016-06-21T17:40:50+00:00,2016-06-23,2016-06-20,4f0e63d057af268b94646df373faabc42baef97cf554c55c6593e2e28fc79522,be6b016a6fd075da300696de95e03c46c08795b0090a2f97ba99a9c5dd3c1fd6,7cac22b511960927eb7bc99943a21c9789330c74f568982b18d502a5a967323c,f75c2340362d72047cce7184a94b518e5aebc8b23fa731ebcfaf88b7fdfe8b31,/profile/Demetrius-Jackson-7218/,24,0.1,dx_text,{},{}
Pddcf4609af,2016,dx_2016,dx,https://web.archive.org/web/20160621174050id_/http://www.draftexpress.com:80/nba-mock-draft/2016,http://www.draftexpress.com:80/nba-mock-draft/2016,2016-06-21T17:40:50+00:00,2016-06-23,2016-06-20,4f0e63d057af268b94646df373faabc42baef97cf554c55c6593e2e28fc79522,be6b016a6fd075da300696de95e03c46c08795b0090a2f97ba99a9c5dd3c1fd6,7cac22b511960927eb7bc99943a21c9789330c74f568982b18d502a5a967323c,43777177f21ed3cc05194387358701695c2449bd6b9ecddf8bb0f3a80b21f3ed,/profile/DeAndre-Bembry-71444/,25,0.1,dx_text,{},{}
P4a1b07df85,2016,dx_2016,dx,https://web.archive.org/web/20160621174050id_/http://www.draftexpress.com:80/nba-mock-draft/2016,http://www.draftexpress.com:80/nba-mock-draft/2016,2016-06-21T17:40:50+00:00,2016-06-23,2016-06-20,4f0e63d057af268b94646df373faabc42baef97cf554c55c6593e2e28fc79522,be6b016a6fd075da300696de95e03c46c08795b0090a2f97ba99a9c5dd3c1fd6,7cac22b511960927eb7bc99943a21c9789330c74f568982b18d502a5a967323c,af7d74a2969984fb2d06609e5375685a21b94f01b988dae6f506f8319a14437e,/profile/Malik-Beasley-76405/,26,0.1,dx_text,{},{}
P1a32cd4176,2016,dx_2016,dx,https://web.archive.org/web/20160621174050id_/http://www.draftexpress.com:80/nba-mock-draft/2016,http://www.draftexpress.com:80/nba-mock-draft/2016,2016-06-21T17:40:50+00:00,2016-06-23,2016-06-20,4f0e63d057af268b94646df373faabc42baef97cf554c55c6593e2e28fc79522,be6b016a6fd075da300696de95e03c46c08795b0090a2f97ba99a9c5dd3c1fd6,7cac22b511960927eb7bc99943a21c9789330c74f568982b18d502a5a967323c,cf13f0acacef3b8ca823094d0be8242d9086cf117b37a6d0cc184f648a107d55,/profile/Ante-Zizic-68722/,27,0.1,dx_text,{},{}
P25bfc6427b,2016,dx_2016,dx,https://web.archive.org/web/20160621174050id_/http://www.draftexpress.com:80/nba-mock-draft/2016,http://www.draftexpress.com:80/nba-mock-draft/2016,2016-06-21T17:40:50+00:00,2016-06-23,2016-06-20,4f0e63d057af268b94646df373faabc42baef97cf554c55c6593e2e28fc79522,be6b016a6fd075da300696de95e03c46c08795b0090a2f97ba99a9c5dd3c1fd6,7cac22b511960927eb7bc99943a21c9789330c74f568982b18d502a5a967323c,206aaa12c82c97286d2f23e5ba2444ac8d9b2034255bf93e98a44eb55ad3c212,/profile/Damian-Jones-7211/,28,0.1,dx_text,{},{}
Pfa4c05beee,2016,dx_2016,dx,https://web.archive.org/web/20160621174050id_/http://www.draftexpress.com:80/nba-mock-draft/2016,http://www.draftexpress.com:80/nba-mock-draft/2016,2016-06-21T17:40:50+00:00,2016-06-23,2016-06-20,4f0e63d057af268b94646df373faabc42baef97cf554c55c6593e2e28fc79522,be6b016a6fd075da300696de95e03c46c08795b0090a2f97ba99a9c5dd3c1fd6,7cac22b511960927eb7bc99943a21c9789330c74f568982b18d502a5a967323c,2b92ad650511fb19ce0f18de75b4ad853ffbdb6f66a1703e5f9aba1a98eb5c1a,/profile/Diamond-Stone-7177/,29,0.1,dx_text,{},{}
Pbfe4edf289,2016,dx_2016,dx,https://web.archive.org/web/20160621174050id_/http://www.draftexpress.com:80/nba-mock-draft/2016,http://www.draftexpress.com:80/nba-mock-draft/2016,2016-06-21T17:40:50+00:00,2016-06-23,2016-06-20,4f0e63d057af268b94646df373faabc42baef97cf554c55c6593e2e28fc79522,be6b016a6fd075da300696de95e03c46c08795b0090a2f97ba99a9c5dd3c1fd6,7cac22b511960927eb7bc99943a21c9789330c74f568982b18d502a5a967323c,50568a91ccdb3f1d2b284e1ffaba0149146b647844e8bd3add9373931ebc7b2d,/profile/Brice-Johnson-6437/,30,0.1,dx_text,{},{}
Pd7c989b67a,2016,dx_2016,dx,https://web.archive.org/web/20160621174050id_/http://www.draftexpress.com:80/nba-mock-draft/2016,http://www.draftexpress.com:80/nba-mock-draft/2016,2016-06-21T17:40:50+00:00,2016-06-23,2016-06-20,4f0e63d057af268b94646df373faabc42baef97cf554c55c6593e2e28fc79522,be6b016a6fd075da300696de95e03c46c08795b0090a2f97ba99a9c5dd3c1fd6,7cac22b511960927eb7bc99943a21c9789330c74f568982b18d502a5a967323c,1837f10acaab7a7c3c6759239d6cfe832e50983a12f8219754b3eb170fd51b34,/profile/Guerschon-Yabusele-66311/,31,0.1,dx_text,{},{}
Pcf60b82b9d,2016,dx_2016,dx,https://web.archive.org/web/20160621174050id_/http://www.draftexpress.com:80/nba-mock-draft/2016,http://www.draftexpress.com:80/nba-mock-draft/2016,2016-06-21T17:40:50+00:00,2016-06-23,2016-06-20,4f0e63d057af268b94646df373faabc42baef97cf554c55c6593e2e28fc79522,be6b016a6fd075da300696de95e03c46c08795b0090a2f97ba99a9c5dd3c1fd6,7cac22b511960927eb7bc99943a21c9789330c74f568982b18d502a5a967323c,ad5309ae95bb7a7fb420a9388e8dd570df4bec2f959638e6cdfada6d43f09ce1,/profile/Paul-Zipser-7127/,32,0.1,dx_text,{},{}
P0edb7d3b99,2016,dx_2016,dx,https://web.archive.org/web/20160621174050id_/http://www.draftexpress.com:80/nba-mock-draft/2016,http://www.draftexpress.com:80/nba-mock-draft/2016,2016-06-21T17:40:50+00:00,2016-06-23,2016-06-20,4f0e63d057af268b94646df373faabc42baef97cf554c55c6593e2e28fc79522,be6b016a6fd075da300696de95e03c46c08795b0090a2f97ba99a9c5dd3c1fd6,7cac22b511960927eb7bc99943a21c9789330c74f568982b18d502a5a967323c,12ff4fbd7c8ad4de44d74ee67f241f5ebdff3560e0d14998f1baee614fdec3ad,/profile/Tyler-Ulis-70116/,33,0.1,dx_text,{},{}
P9c2d575f48,2016,dx_2016,dx,https://web.archive.org/web/20160621174050id_/http://www.draftexpress.com:80/nba-mock-draft/2016,http://www.draftexpress.com:80/nba-mock-draft/2016,2016-06-21T17:40:50+00:00,2016-06-23,2016-06-20,4f0e63d057af268b94646df373faabc42baef97cf554c55c6593e2e28fc79522,be6b016a6fd075da300696de95e03c46c08795b0090a2f97ba99a9c5dd3c1fd6,7cac22b511960927eb7bc99943a21c9789330c74f568982b18d502a5a967323c,cfd4c1cd5a960aa8c48001189dac0da91bbb332a62b1eb5187a2e15b97373afa,/profile/Zhou-Qi-61857/,34,0.1,dx_text,{},{}
Paca468f5b5,2016,dx_2016,dx,https://web.archive.org/web/20160621174050id_/http://www.draftexpress.com:80/nba-mock-draft/2016,http://www.draftexpress.com:80/nba-mock-draft/2016,2016-06-21T17:40:50+00:00,2016-06-23,2016-06-20,4f0e63d057af268b94646df373faabc42baef97cf554c55c6593e2e28fc79522,be6b016a6fd075da300696de95e03c46c08795b0090a2f97ba99a9c5dd3c1fd6,7cac22b511960927eb7bc99943a21c9789330c74f568982b18d502a5a967323c,cc18918a3f464831db57230d47a2a1fb45f2a1ad2676dd3382057eafddac551c,/profile/Georgios-Papagiannis-42344/,35,0.1,dx_text,{},{}
P4b59f5fe56,2016,dx_2016,dx,https://web.archive.org/web/20160621174050id_/http://www.draftexpress.com:80/nba-mock-draft/2016,http://www.draftexpress.com:80/nba-mock-draft/2016,2016-06-21T17:40:50+00:00,2016-06-23,2016-06-20,4f0e63d057af268b94646df373faabc42baef97cf554c55c6593e2e28fc79522,be6b016a6fd075da300696de95e03c46c08795b0090a2f97ba99a9c5dd3c1fd6,7cac22b511960927eb7bc99943a21c9789330c74f568982b18d502a5a967323c,18060024b797388aab4a35e3690bc25f25e7480760fff3b540bfac56eb16bd81,/profile/Thon-Maker-70462/,36,0.1,dx_text,{},{}
Pe2eac4ddf4,2016,dx_2016,dx,https://web.archive.org/web/20160621174050id_/http://www.draftexpress.com:80/nba-mock-draft/2016,http://www.draftexpress.com:80/nba-mock-draft/2016,2016-06-21T17:40:50+00:00,2016-06-23,2016-06-20,4f0e63d057af268b94646df373faabc42baef97cf554c55c6593e2e28fc79522,be6b016a6fd075da300696de95e03c46c08795b0090a2f97ba99a9c5dd3c1fd6,7cac22b511960927eb7bc99943a21c9789330c74f568982b18d502a5a967323c,ddaf3a94ce352f57b6af903875a25b303a1b5ad44de0832ba8d1630a7363a9d1,/profile/Chinanu-Onuaku-7254/,38,0.1,dx_text,{},{}
P83cf60968a,2016,dx_2016,dx,https://web.archive.org/web/20160621174050id_/http://www.draftexpress.com:80/nba-mock-draft/2016,http://www.draftexpress.com:80/nba-mock-draft/2016,2016-06-21T17:40:50+00:00,2016-06-23,2016-06-20,4f0e63d057af268b94646df373faabc42baef97cf554c55c6593e2e28fc79522,be6b016a6fd075da300696de95e03c46c08795b0090a2f97ba99a9c5dd3c1fd6,7cac22b511960927eb7bc99943a21c9789330c74f568982b18d502a5a967323c,94f14dbb152a5f0302dd7aece644231cb19169291762d23eebd7ab7289dd8567,/profile/Petr-Cornelie-61916/,39,0.1,dx_text,{},{}
Pf20205fffb,2016,dx_2016,dx,https://web.archive.org/web/20160621174050id_/http://www.draftexpress.com:80/nba-mock-draft/2016,http://www.draftexpress.com:80/nba-mock-draft/2016,2016-06-21T17:40:50+00:00,2016-06-23,2016-06-20,4f0e63d057af268b94646df373faabc42baef97cf554c55c6593e2e28fc79522,be6b016a6fd075da300696de95e03c46c08795b0090a2f97ba99a9c5dd3c1fd6,7cac22b511960927eb7bc99943a21c9789330c74f568982b18d502a5a967323c,ace43240f133365b4d1140fe68c61d65b7e19467a4c7a341a724d8f5a035531d,/profile/Patrick-McCaw-71486/,41,0.1,dx_text,{},{}
P85fbcb1dce,2016,dx_2016,dx,https://web.archive.org/web/20160621174050id_/http://www.draftexpress.com:80/nba-mock-draft/2016,http://www.draftexpress.com:80/nba-mock-draft/2016,2016-06-21T17:40:50+00:00,2016-06-23,2016-06-20,4f0e63d057af268b94646df373faabc42baef97cf554c55c6593e2e28fc79522,be6b016a6fd075da300696de95e03c46c08795b0090a2f97ba99a9c5dd3c1fd6,7cac22b511960927eb7bc99943a21c9789330c74f568982b18d502a5a967323c,38642dbec994835093969f7e93d58ecaf39badb574b228fc4afc8186c89cb13a,/profile/Pascal-Siakam-87577/,42,0.1,dx_text,{},{}
Pb3a7a6f86b,2016,dx_2016,dx,https://web.archive.org/web/20160621174050id_/http://www.draftexpress.com:80/nba-mock-draft/2016,http://www.draftexpress.com:80/nba-mock-draft/2016,2016-06-21T17:40:50+00:00,2016-06-23,2016-06-20,4f0e63d057af268b94646df373faabc42baef97cf554c55c6593e2e28fc79522,be6b016a6fd075da300696de95e03c46c08795b0090a2f97ba99a9c5dd3c1fd6,7cac22b511960927eb7bc99943a21c9789330c74f568982b18d502a5a967323c,c2e8d3423f7875cdba0672e2460415e8b2d3b4f77a901eaf673d3d5098b966c6,/profile/Stephen-Zimmerman-7099/,43,0.1,dx_text,{},{}
Pf5fb4e36b6,2016,dx_2016,dx,https://web.archive.org/web/20160621174050id_/http://www.draftexpress.com:80/nba-mock-draft/2016,http://www.draftexpress.com:80/nba-mock-draft/2016,2016-06-21T17:40:50+00:00,2016-06-23,2016-06-20,4f0e63d057af268b94646df373faabc42baef97cf554c55c6593e2e28fc79522,be6b016a6fd075da300696de95e03c46c08795b0090a2f97ba99a9c5dd3c1fd6,7cac22b511960927eb7bc99943a21c9789330c74f568982b18d502a5a967323c,19b3ed24b11389eaa4fd6b4c5ec23d98ed152e145f1bb530431a40a8a90997f6,/profile/Malcolm-Brogdon-42107/,44,0.1,dx_text,{},{}
P8e900c2247,2016,dx_2016,dx,https://web.archive.org/web/20160621174050id_/http://www.draftexpress.com:80/nba-mock-draft/2016,http://www.draftexpress.com:80/nba-mock-draft/2016,2016-06-21T17:40:50+00:00,2016-06-23,2016-06-20,4f0e63d057af268b94646df373faabc42baef97cf554c55c6593e2e28fc79522,be6b016a6fd075da300696de95e03c46c08795b0090a2f97ba99a9c5dd3c1fd6,7cac22b511960927eb7bc99943a21c9789330c74f568982b18d502a5a967323c,6cee9914987479fde348395663296887ee6c159d4b05944613a02133ec16b4b3,/profile/A.J.-Hammons-7070/,45,0.1,dx_text,{},{}
P8935abbbb4,2016,dx_2016,dx,https://web.archive.org/web/20160621174050id_/http://www.draftexpress.com:80/nba-mock-draft/2016,http://www.draftexpress.com:80/nba-mock-draft/2016,2016-06-21T17:40:50+00:00,2016-06-23,2016-06-20,4f0e63d057af268b94646df373faabc42baef97cf554c55c6593e2e28fc79522,be6b016a6fd075da300696de95e03c46c08795b0090a2f97ba99a9c5dd3c1fd6,7cac22b511960927eb7bc99943a21c9789330c74f568982b18d502a5a967323c,7ddf74b320854be272119388c2e7d59e91ff739f1e8f0be154337d534f358c8d,/profile/Robert-Carter-6287/,46,0.1,dx_text,{},{}
Pd5a40a7ee0,2016,dx_2016,dx,https://web.archive.org/web/20160621174050id_/http://www.draftexpress.com:80/nba-mock-draft/2016,http://www.draftexpress.com:80/nba-mock-draft/2016,2016-06-21T17:40:50+00:00,2016-06-23,2016-06-20,4f0e63d057af268b94646df373faabc42baef97cf554c55c6593e2e28fc79522,be6b016a6fd075da300696de95e03c46c08795b0090a2f97ba99a9c5dd3c1fd6,7cac22b511960927eb7bc99943a21c9789330c74f568982b18d502a5a967323c,97f28d0ea8d665a7beae6dde458d5acbdeb235e17153bba832133791233d0cae,/profile/Ben-Bentil-72509/,47,0.1,dx_text,{},{}
P55d1c5e102,2016,dx_2016,dx,https://web.archive.org/web/20160621174050id_/http://www.draftexpress.com:80/nba-mock-draft/2016,http://www.draftexpress.com:80/nba-mock-draft/2016,2016-06-21T17:40:50+00:00,2016-06-23,2016-06-20,4f0e63d057af268b94646df373faabc42baef97cf554c55c6593e2e28fc79522,be6b016a6fd075da300696de95e03c46c08795b0090a2f97ba99a9c5dd3c1fd6,7cac22b511960927eb7bc99943a21c9789330c74f568982b18d502a5a967323c,9b4dae7ff57678e0598904a56216f1eb27c480e09bb3d12f397015c17f71e0da,/profile/Caris-LeVert-66377/,48,0.1,dx_text,{},{}
Pa7cb2c7354,2016,dx_2016,dx,https://web.archive.org/web/20160621174050id_/http://www.draftexpress.com:80/nba-mock-draft/2016,http://www.draftexpress.com:80/nba-mock-draft/2016,2016-06-21T17:40:50+00:00,2016-06-23,2016-06-20,4f0e63d057af268b94646df373faabc42baef97cf554c55c6593e2e28fc79522,be6b016a6fd075da300696de95e03c46c08795b0090a2f97ba99a9c5dd3c1fd6,7cac22b511960927eb7bc99943a21c9789330c74f568982b18d502a5a967323c,e3dd8f044e414cb6ff483b153b44bf8f5ddd0f3aa6eeb6f76b99ddeed7130385,/profile/Wayne-Selden-6473/,49,0.1,dx_text,{},{}
P55f0d03e7b,2016,dx_2016,dx,https://web.archive.org/web/20160621174050id_/http://www.draftexpress.com:80/nba-mock-draft/2016,http://www.draftexpress.com:80/nba-mock-draft/2016,2016-06-21T17:40:50+00:00,2016-06-23,2016-06-20,4f0e63d057af268b94646df373faabc42baef97cf554c55c6593e2e28fc79522,be6b016a6fd075da300696de95e03c46c08795b0090a2f97ba99a9c5dd3c1fd6,7cac22b511960927eb7bc99943a21c9789330c74f568982b18d502a5a967323c,0d0299730a5408a0b527c95d86b8360c1bed4d55dc09aa5abe6a6e312d2b2c84,/profile/Gary-Payton-II-88099/,50,0.1,dx_text,{},{}
Pfd95ad31d4,2016,dx_2016,dx,https://web.archive.org/web/20160621174050id_/http://www.draftexpress.com:80/nba-mock-draft/2016,http://www.draftexpress.com:80/nba-mock-draft/2016,2016-06-21T17:40:50+00:00,2016-06-23,2016-06-20,4f0e63d057af268b94646df373faabc42baef97cf554c55c6593e2e28fc79522,be6b016a6fd075da300696de95e03c46c08795b0090a2f97ba99a9c5dd3c1fd6,7cac22b511960927eb7bc99943a21c9789330c74f568982b18d502a5a967323c,bfce416720bf2d8fed0cc186127d3587c4a678980ce94579b7fbc21f5deff8ae,/profile/Jake-Layman-7125/,51,0.1,dx_text,{},{}
Pa307fde308,2016,dx_2016,dx,https://web.archive.org/web/20160621174050id_/http://www.draftexpress.com:80/nba-mock-draft/2016,http://www.draftexpress.com:80/nba-mock-draft/2016,2016-06-21T17:40:50+00:00,2016-06-23,2016-06-20,4f0e63d057af268b94646df373faabc42baef97cf554c55c6593e2e28fc79522,be6b016a6fd075da300696de95e03c46c08795b0090a2f97ba99a9c5dd3c1fd6,7cac22b511960927eb7bc99943a21c9789330c74f568982b18d502a5a967323c,cb94ffce3bf3782c716566f84ee7b95c9c79995f3ec5cd7eaaf4fb2c603789ff,/profile/Michael-Gbinije-5765/,52,0.1,dx_text,{},{}
P9260f65add,2016,dx_2016,dx,https://web.archive.org/web/20160621174050id_/http://www.draftexpress.com:80/nba-mock-draft/2016,http://www.draftexpress.com:80/nba-mock-draft/2016,2016-06-21T17:40:50+00:00,2016-06-23,2016-06-20,4f0e63d057af268b94646df373faabc42baef97cf554c55c6593e2e28fc79522,be6b016a6fd075da300696de95e03c46c08795b0090a2f97ba99a9c5dd3c1fd6,7cac22b511960927eb7bc99943a21c9789330c74f568982b18d502a5a967323c,b3c56c72d0f0e7ceb1ec73b2ae353ab0dba3e3368d60b8a9f1dece5999405de6,/profile/Kay-Felder-77928/,55,0.1,dx_text,{},{}
Pf8b83ac1f0,2016,dx_2016,dx,https://web.archive.org/web/20160621174050id_/http://www.draftexpress.com:80/nba-mock-draft/2016,http://www.draftexpress.com:80/nba-mock-draft/2016,2016-06-21T17:40:50+00:00,2016-06-23,2016-06-20,4f0e63d057af268b94646df373faabc42baef97cf554c55c6593e2e28fc79522,be6b016a6fd075da300696de95e03c46c08795b0090a2f97ba99a9c5dd3c1fd6,7cac22b511960927eb7bc99943a21c9789330c74f568982b18d502a5a967323c,a2d8915d6cb6f1dde0c0764c78eb9e44e2ca6b5ecda723b87e2ea0e43138b9ab,/profile/Isaiah-Whitehead-7192/,56,0.1,dx_text,{},{}
Pbd6175d1ad,2016,dx_2016,dx,https://web.archive.org/web/20160621174050id_/http://www.draftexpress.com:80/nba-mock-draft/2016,http://www.draftexpress.com:80/nba-mock-draft/2016,2016-06-21T17:40:50+00:00,2016-06-23,2016-06-20,4f0e63d057af268b94646df373faabc42baef97cf554c55c6593e2e28fc79522,be6b016a6fd075da300696de95e03c46c08795b0090a2f97ba99a9c5dd3c1fd6,7cac22b511960927eb7bc99943a21c9789330c74f568982b18d502a5a967323c,8615b41689559112d5594aac4e0b109c11348e2e1b992961de826ce9ffdac6ba,/profile/Dorian-Finney-Smith-6249/,57,0.1,dx_text,{},{}
Pd46f6361f5,2016,dx_2016,dx,https://web.archive.org/web/20160621174050id_/http://www.draftexpress.com:80/nba-mock-draft/2016,http://www.draftexpress.com:80/nba-mock-draft/2016,2016-06-21T17:40:50+00:00,2016-06-23,2016-06-20,4f0e63d057af268b94646df373faabc42baef97cf554c55c6593e2e28fc79522,be6b016a6fd075da300696de95e03c46c08795b0090a2f97ba99a9c5dd3c1fd6,7cac22b511960927eb7bc99943a21c9789330c74f568982b18d502a5a967323c,c077f2df86cb1fb10a06b143646c6fe87491dda269142520b2a40a94d26272e7,/profile/Joel-Bolomboy-66144/,58,0.1,dx_text,{},{}
P16f60c6002,2016,dx_2016,dx,https://web.archive.org/web/20160621174050id_/http://www.draftexpress.com:80/nba-mock-draft/2016,http://www.draftexpress.com:80/nba-mock-draft/2016,2016-06-21T17:40:50+00:00,2016-06-23,2016-06-20,4f0e63d057af268b94646df373faabc42baef97cf554c55c6593e2e28fc79522,be6b016a6fd075da300696de95e03c46c08795b0090a2f97ba99a9c5dd3c1fd6,7cac22b511960927eb7bc99943a21c9789330c74f568982b18d502a5a967323c,8101c306dddb38ecf9bd63c35551133ba67d59f016852c22bac7eac28c1d701b,/profile/Sheldon-McClellan-6248/,59,0.1,dx_text,{},{}
P25e61f80f8,2017,dx_2017,dx,https://web.archive.org/web/20170621152558id_/http://www.draftexpress.com/nba-mock-draft/2017/,http://www.draftexpress.com/nba-mock-draft/2017/,2017-06-21T15:25:58+00:00,2017-06-22,2017-06-20,1e199914662a00b2dad618c3a9b809ced1257ec1d0a4a09e589b6349d492e856,a33da22d6411b9f9ea4e75f46ef86bd84084a0e939f6e931d52f7cfe0ed5b868,3b55795b0684b6f7a5cf5284510c8ecd0c43543686ff0f3a6129214a1805d87e,3396b6aabc0d6d0f3693e7cacecc4d0c0cd7ee6d767cfd613d7ee43ebadb1d70,/profile/Markelle-Fultz-90302/,1,0.1,dx_table,"{""age"": ""19.1"", ""height"": ""6'4\"""", ""position"": ""PG"", ""weight"": ""195""}",{}
P6e7d02b021,2017,dx_2017,dx,https://web.archive.org/web/20170621152558id_/http://www.draftexpress.com/nba-mock-draft/2017/,http://www.draftexpress.com/nba-mock-draft/2017/,2017-06-21T15:25:58+00:00,2017-06-22,2017-06-20,1e199914662a00b2dad618c3a9b809ced1257ec1d0a4a09e589b6349d492e856,a33da22d6411b9f9ea4e75f46ef86bd84084a0e939f6e931d52f7cfe0ed5b868,3b55795b0684b6f7a5cf5284510c8ecd0c43543686ff0f3a6129214a1805d87e,110f4b90d29f1e3c64cbaf6e8c879521e1d3a91d72671482949e91389b7f914b,/profile/Lonzo-Ball-7229/,2,0.1,dx_table,"{""age"": ""19.7"", ""height"": ""6'6\"""", ""position"": ""PG"", ""weight"": ""190""}",{}
P8a2034c01d,2017,dx_2017,dx,https://web.archive.org/web/20170621152558id_/http://www.draftexpress.com/nba-mock-draft/2017/,http://www.draftexpress.com/nba-mock-draft/2017/,2017-06-21T15:25:58+00:00,2017-06-22,2017-06-20,1e199914662a00b2dad618c3a9b809ced1257ec1d0a4a09e589b6349d492e856,a33da22d6411b9f9ea4e75f46ef86bd84084a0e939f6e931d52f7cfe0ed5b868,3b55795b0684b6f7a5cf5284510c8ecd0c43543686ff0f3a6129214a1805d87e,9a8b44b6420c8a9cb009c45653734c1f49cbaf7fe93567482bcd427ffad6494f,/profile/Jayson-Tatum-7249/,3,0.1,dx_table,"{""age"": ""19.3"", ""height"": ""6'8\"""", ""position"": ""SF"", ""weight"": ""204""}",{}
Pe56ae9c7aa,2017,dx_2017,dx,https://web.archive.org/web/20170621152558id_/http://www.draftexpress.com/nba-mock-draft/2017/,http://www.draftexpress.com/nba-mock-draft/2017/,2017-06-21T15:25:58+00:00,2017-06-22,2017-06-20,1e199914662a00b2dad618c3a9b809ced1257ec1d0a4a09e589b6349d492e856,a33da22d6411b9f9ea4e75f46ef86bd84084a0e939f6e931d52f7cfe0ed5b868,3b55795b0684b6f7a5cf5284510c8ecd0c43543686ff0f3a6129214a1805d87e,779e41b753c34581f9a205af26257247ae1bdd4c2d1e52fb0faf840d1c213ab2,/profile/Josh-Jackson-7239/,4,0.1,dx_table,"{""age"": ""20.4"", ""height"": ""6'8\"""", ""position"": ""SF"", ""weight"": ""203""}",{}
P6f43cf2ee3,2017,dx_2017,dx,https://web.archive.org/web/20170621152558id_/http://www.draftexpress.com/nba-mock-draft/2017/,http://www.draftexpress.com/nba-mock-draft/2017/,2017-06-21T15:25:58+00:00,2017-06-22,2017-06-20,1e199914662a00b2dad618c3a9b809ced1257ec1d0a4a09e589b6349d492e856,a33da22d6411b9f9ea4e75f46ef86bd84084a0e939f6e931d52f7cfe0ed5b868,3b55795b0684b6f7a5cf5284510c8ecd0c43543686ff0f3a6129214a1805d87e,0710f6d788b6d8bd23ccf6444a96d31b7648fa378ee05ac2f99ad6f69c8517d6,/profile/De-Aaron-Fox-72510/,5,0.1,dx_table,"{""age"": ""19.5"", ""height"": ""6'4\"""", ""position"": ""PG"", ""weight"": ""171""}",{}
Pe3864f9800,2017,dx_2017,dx,https://web.archive.org/web/20170621152558id_/http://www.draftexpress.com/nba-mock-draft/2017/,http://www.draftexpress.com/nba-mock-draft/2017/,2017-06-21T15:25:58+00:00,2017-06-22,2017-06-20,1e199914662a00b2dad618c3a9b809ced1257ec1d0a4a09e589b6349d492e856,a33da22d6411b9f9ea4e75f46ef86bd84084a0e939f6e931d52f7cfe0ed5b868,3b55795b0684b6f7a5cf5284510c8ecd0c43543686ff0f3a6129214a1805d87e,93054829ebdc3fe2bd4e74e0451b187b6727534eb2077ca8d66ba857a69f8cee,/profile/Jonathan-Isaac-90052/,6,0.1,dx_table,"{""age"": ""19.7"", ""height"": ""6'11\"""", ""position"": ""SF/PF"", ""weight"": ""205""}",{}
Pf62abcdcde,2017,dx_2017,dx,https://web.archive.org/web/20170621152558id_/http://www.draftexpress.com/nba-mock-draft/2017/,http://www.draftexpress.com/nba-mock-draft/2017/,2017-06-21T15:25:58+00:00,2017-06-22,2017-06-20,1e199914662a00b2dad618c3a9b809ced1257ec1d0a4a09e589b6349d492e856,a33da22d6411b9f9ea4e75f46ef86bd84084a0e939f6e931d52f7cfe0ed5b868,3b55795b0684b6f7a5cf5284510c8ecd0c43543686ff0f3a6129214a1805d87e,a7c278a08043b6bd4076ce420b57f5c71c606a01c65fff8da5e25b0a13f3ad0a,/profile/Lauri-Markkanen-73519/,7,0.1,dx_table,"{""age"": ""20.1"", ""height"": ""7'0\"""", ""position"": ""PF"", ""weight"": ""225""}",{}
P4a000d48b0,2017,dx_2017,dx,https://web.archive.org/web/20170621152558id_/http://www.draftexpress.com/nba-mock-draft/2017/,http://www.draftexpress.com/nba-mock-draft/2017/,2017-06-21T15:25:58+00:00,2017-06-22,2017-06-20,1e199914662a00b2dad618c3a9b809ced1257ec1d0a4a09e589b6349d492e856,a33da22d6411b9f9ea4e75f46ef86bd84084a0e939f6e931d52f7cfe0ed5b868,3b55795b0684b6f7a5cf5284510c8ecd0c43543686ff0f3a6129214a1805d87e,92fc6f288053c81c5add35c1c4d8bf5451a2f320fab26cdbc0552ed6bb37a436,/profile/Malik-Monk-7243/,8,0.1,dx_table,"{""age"": ""19.4"", ""height"": ""6'4\"""", ""position"": ""SG"", ""weight"": ""197""}",{}
Pe6fe5c747b,2017,dx_2017,dx,https://web.archive.org/web/20170621152558id_/http://www.draftexpress.com/nba-mock-draft/2017/,http://www.draftexpress.com/nba-mock-draft/2017/,2017-06-21T15:25:58+00:00,2017-06-22,2017-06-20,1e199914662a00b2dad618c3a9b809ced1257ec1d0a4a09e589b6349d492e856,a33da22d6411b9f9ea4e75f46ef86bd84084a0e939f6e931d52f7cfe0ed5b868,3b55795b0684b6f7a5cf5284510c8ecd0c43543686ff0f3a6129214a1805d87e,4f1d400eadc58bbb47399c35491959f96d28443d7176ffe3607ddd810612a29e,/profile/Zach-Collins-7303/,10,0.1,dx_table,"{""age"": ""19.7"", ""height"": ""7'0\"""", ""position"": ""PF/C"", ""weight"": ""230""}",{}
Pdb3bcb3fc8,2017,dx_2017,dx,https://web.archive.org/web/20170621152558id_/http://www.draftexpress.com/nba-mock-draft/2017/,http://www.draftexpress.com/nba-mock-draft/2017/,2017-06-21T15:25:58+00:00,2017-06-22,2017-06-20,1e199914662a00b2dad618c3a9b809ced1257ec1d0a4a09e589b6349d492e856,a33da22d6411b9f9ea4e75f46ef86bd84084a0e939f6e931d52f7cfe0ed5b868,3b55795b0684b6f7a5cf5284510c8ecd0c43543686ff0f3a6129214a1805d87e,875b1793c605f9365526be9a403acb87b47bbfd8019fd37d1734b098c0610759,/profile/Donovan-Mitchell-84680/,11,0.1,dx_table,"{""age"": ""20.8"", ""height"": ""6'3\"""", ""position"": ""SG"", ""weight"": ""210""}",{}
P71b16faf7a,2017,dx_2017,dx,https://web.archive.org/web/20170621152558id_/http://www.draftexpress.com/nba-mock-draft/2017/,http://www.draftexpress.com/nba-mock-draft/2017/,2017-06-21T15:25:58+00:00,2017-06-22,2017-06-20,1e199914662a00b2dad618c3a9b809ced1257ec1d0a4a09e589b6349d492e856,a33da22d6411b9f9ea4e75f46ef86bd84084a0e939f6e931d52f7cfe0ed5b868,3b55795b0684b6f7a5cf5284510c8ecd0c43543686ff0f3a6129214a1805d87e,e4222abc2e2e4487c6d2bca4d4e0ea9de97aee54e7d9143da49bc5c44f894711,/profile/Luke-Kennard-72914/,12,0.1,dx_table,"{""age"": ""21.0"", ""height"": ""6'6\"""", ""position"": ""SG"", ""weight"": ""202""}",{}
P49d50fc2b5,2017,dx_2017,dx,https://web.archive.org/web/20170621152558id_/http://www.draftexpress.com/nba-mock-draft/2017/,http://www.draftexpress.com/nba-mock-draft/2017/,2017-06-21T15:25:58+00:00,2017-06-22,2017-06-20,1e199914662a00b2dad618c3a9b809ced1257ec1d0a4a09e589b6349d492e856,a33da22d6411b9f9ea4e75f46ef86bd84084a0e939f6e931d52f7cfe0ed5b868,3b55795b0684b6f7a5cf5284510c8ecd0c43543686ff0f3a6129214a1805d87e,1a899d99dbb0d7e6d5b697e3c8701db6f3c3e77648dac5233ec9333bb2301094,/profile/John-Collins-76415/,13,0.1,dx_table,"{""age"": ""19.7"", ""height"": ""6'10\"""", ""position"": ""PF"", ""weight"": ""225""}",{}
P46cfb45fde,2017,dx_2017,dx,https://web.archive.org/web/20170621152558id_/http://www.draftexpress.com/nba-mock-draft/2017/,http://www.draftexpress.com/nba-mock-draft/2017/,2017-06-21T15:25:58+00:00,2017-06-22,2017-06-20,1e199914662a00b2dad618c3a9b809ced1257ec1d0a4a09e589b6349d492e856,a33da22d6411b9f9ea4e75f46ef86bd84084a0e939f6e931d52f7cfe0ed5b868,3b55795b0684b6f7a5cf5284510c8ecd0c43543686ff0f3a6129214a1805d87e,7ed0e41db401f5cf6b386fff00dfd5d22ad54c84291c84714af1e25533f85eeb,/profile/Frank-Ntilikina-77051/,14,0.1,dx_table,"{""age"": ""18.9"", ""height"": ""6'5\"""", ""position"": ""PG"", ""weight"": ""170""}",{}
P2c3a1eb46b,2017,dx_2017,dx,https://web.archive.org/web/20170621152558id_/http://www.draftexpress.com/nba-mock-draft/2017/,http://www.draftexpress.com/nba-mock-draft/2017/,2017-06-21T15:25:58+00:00,2017-06-22,2017-06-20,1e199914662a00b2dad618c3a9b809ced1257ec1d0a4a09e589b6349d492e856,a33da22d6411b9f9ea4e75f46ef86bd84084a0e939f6e931d52f7cfe0ed5b868,3b55795b0684b6f7a5cf5284510c8ecd0c43543686ff0f3a6129214a1805d87e,bd377bc878edf8736a75204f4fa401c07afc6defb92a4f012919204ce6334825,/profile/Justin-Patton-7310/,15,0.1,dx_table,"{""age"": ""20.0"", ""height"": ""7'0\"""", ""position"": ""C"", ""weight"": ""226""}",{}
P24e5e8b7dc,2017,dx_2017,dx,https://web.archive.org/web/20170621152558id_/http://www.draftexpress.com/nba-mock-draft/2017/,http://www.draftexpress.com/nba-mock-draft/2017/,2017-06-21T15:25:58+00:00,2017-06-22,2017-06-20,1e199914662a00b2dad618c3a9b809ced1257ec1d0a4a09e589b6349d492e856,a33da22d6411b9f9ea4e75f46ef86bd84084a0e939f6e931d52f7cfe0ed5b868,3b55795b0684b6f7a5cf5284510c8ecd0c43543686ff0f3a6129214a1805d87e,39a91f43bf079153e83a32e8a5c4f3f5f074b019646aae795b3c17d08f662d1c,/profile/Justin-Jackson-7083/,16,0.1,dx_table,"{""age"": ""22.2"", ""height"": ""6'8\"""", ""position"": ""SF"", ""weight"": ""193""}",{}
P0af0ac79ae,2017,dx_2017,dx,https://web.archive.org/web/20170621152558id_/http://www.draftexpress.com/nba-mock-draft/2017/,http://www.draftexpress.com/nba-mock-draft/2017/,2017-06-21T15:25:58+00:00,2017-06-22,2017-06-20,1e199914662a00b2dad618c3a9b809ced1257ec1d0a4a09e589b6349d492e856,a33da22d6411b9f9ea4e75f46ef86bd84084a0e939f6e931d52f7cfe0ed5b868,3b55795b0684b6f7a5cf5284510c8ecd0c43543686ff0f3a6129214a1805d87e,af67fee5780903e05b7aa38bb99770bc4d122474e5d592802cc4f257131af4d4,/profile/Jarrett-Allen-83262/,17,0.1,dx_table,"{""age"": ""19.2"", ""height"": ""6'11\"""", ""position"": ""C"", ""weight"": ""224""}",{}
Pf18fe42b62,2017,dx_2017,dx,https://web.archive.org/web/20170621152558id_/http://www.draftexpress.com/nba-mock-draft/2017/,http://www.draftexpress.com/nba-mock-draft/2017/,2017-06-21T15:25:58+00:00,2017-06-22,2017-06-20,1e199914662a00b2dad618c3a9b809ced1257ec1d0a4a09e589b6349d492e856,a33da22d6411b9f9ea4e75f46ef86bd84084a0e939f6e931d52f7cfe0ed5b868,3b55795b0684b6f7a5cf5284510c8ecd0c43543686ff0f3a6129214a1805d87e,1ff4947fb61546aaca7b01b820db823f424cc1d8c27809665097cbfe6cf04b64,/profile/Bam-Adebayo-72747/,18,0.1,dx_table,"{""age"": ""19.9"", ""height"": ""6'10\"""", ""position"": ""C"", ""weight"": ""250""}",{}
Pcc7ddb9ab9,2017,dx_2017,dx,https://web.archive.org/web/20170621152558id_/http://www.draftexpress.com/nba-mock-draft/2017/,http://www.draftexpress.com/nba-mock-draft/2017/,2017-06-21T15:25:58+00:00,2017-06-22,2017-06-20,1e199914662a00b2dad618c3a9b809ced1257ec1d0a4a09e589b6349d492e856,a33da22d6411b9f9ea4e75f46ef86bd84084a0e939f6e931d52f7cfe0ed5b868,3b55795b0684b6f7a5cf5284510c8ecd0c43543686ff0f3a6129214a1805d87e,e10c92f8f63606ea8ca68141be00504f0ded33cfcd9e118de1dcd6597faaf85e,/profile/T.J.-Leaf-7242/,19,0.1,dx_table,"{""age"": ""20.1"", ""height"": ""6'10\"""", ""position"": ""PF"", ""weight"": ""220""}",{}
P1e22570fac,2017,dx_2017,dx,https://web.archive.org/web/20170621152558id_/http://www.draftexpress.com/nba-mock-draft/2017/,http://www.draftexpress.com/nba-mock-draft/2017/,2017-06-21T15:25:58+00:00,2017-06-22,2017-06-20,1e199914662a00b2dad618c3a9b809ced1257ec1d0a4a09e589b6349d492e856,a33da22d6411b9f9ea4e75f46ef86bd84084a0e939f6e931d52f7cfe0ed5b868,3b55795b0684b6f7a5cf5284510c8ecd0c43543686ff0f3a6129214a1805d87e,80c24a2d63a162cd5e2f4a1f279916585d79acbeaffdc0713679b2761759e585,/profile/OG-Anunoby-93246/,20,0.1,dx_table,"{""age"": ""19.9"", ""height"": ""6'8\"""", ""position"": ""SF/PF"", ""weight"": ""215""}",{}
Pd808e1b5f8,2017,dx_2017,dx,https://web.archive.org/web/20170621152558id_/http://www.draftexpress.com/nba-mock-draft/2017/,http://www.draftexpress.com/nba-mock-draft/2017/,2017-06-21T15:25:58+00:00,2017-06-22,2017-06-20,1e199914662a00b2dad618c3a9b809ced1257ec1d0a4a09e589b6349d492e856,a33da22d6411b9f9ea4e75f46ef86bd84084a0e939f6e931d52f7cfe0ed5b868,3b55795b0684b6f7a5cf5284510c8ecd0c43543686ff0f3a6129214a1805d87e,40707f2e32e243c28ab11c01898d25778cbc2fba8456dcfc2051c1b62e34e878,/profile/Ike-Anigbogu-84426/,21,0.1,dx_table,"{""age"": ""18.7"", ""height"": ""6'10\"""", ""position"": ""C"", ""weight"": ""230""}",{}
P459acdec33,2017,dx_2017,dx,https://web.archive.org/web/20170621152558id_/http://www.draftexpress.com/nba-mock-draft/2017/,http://www.draftexpress.com/nba-mock-draft/2017/,2017-06-21T15:25:58+00:00,2017-06-22,2017-06-20,1e199914662a00b2dad618c3a9b809ced1257ec1d0a4a09e589b6349d492e856,a33da22d6411b9f9ea4e75f46ef86bd84084a0e939f6e931d52f7cfe0ed5b868,3b55795b0684b6f7a5cf5284510c8ecd0c43543686ff0f3a6129214a1805d87e,6aa9a4af2339b0db9412d7320a9bb20206f320dec8010d70d775bd63041bc5bb,/profile/D.J.-Wilson-82837/,22,0.1,dx_table,"{""age"": ""21.3"", ""height"": ""6'10\"""", ""position"": ""PF"", ""weight"": ""240""}",{}
P63f00af37c,2017,dx_2017,dx,https://web.archive.org/web/20170621152558id_/http://www.draftexpress.com/nba-mock-draft/2017/,http://www.draftexpress.com/nba-mock-draft/2017/,2017-06-21T15:25:58+00:00,2017-06-22,2017-06-20,1e199914662a00b2dad618c3a9b809ced1257ec1d0a4a09e589b6349d492e856,a33da22d6411b9f9ea4e75f46ef86bd84084a0e939f6e931d52f7cfe0ed5b868,3b55795b0684b6f7a5cf5284510c8ecd0c43543686ff0f3a6129214a1805d87e,c5728106431fd9e2b84c35d7664e52621ce063bceb36f7bf646ea390b812dca1,/profile/Tyler-Lydon-71672/,23,0.1,dx_table,"{""age"": ""21.2"", ""height"": ""6'10\"""", ""position"": ""SF/PF"", ""weight"": ""225""}",{}
Pc4f84bc197,2017,dx_2017,dx,https://web.archive.org/web/20170621152558id_/http://www.draftexpress.com/nba-mock-draft/2017/,http://www.draftexpress.com/nba-mock-draft/2017/,2017-06-21T15:25:58+00:00,2017-06-22,2017-06-20,1e199914662a00b2dad618c3a9b809ced1257ec1d0a4a09e589b6349d492e856,a33da22d6411b9f9ea4e75f46ef86bd84084a0e939f6e931d52f7cfe0ed5b868,3b55795b0684b6f7a5cf5284510c8ecd0c43543686ff0f3a6129214a1805d87e,98d3255fafe0261dc142528eecdd8e462b17c5f8eb0e1b4c5c268bdaa65bed48,/profile/Semi-Ojeleye-7164/,24,0.1,dx_table,"{""age"": ""22.5"", ""height"": ""6'7\"""", ""position"": ""SF/PF"", ""weight"": ""235""}",{}
Pe5fb05fea3,2017,dx_2017,dx,https://web.archive.org/web/20170621152558id_/http://www.draftexpress.com/nba-mock-draft/2017/,http://www.draftexpress.com/nba-mock-draft/2017/,2017-06-21T15:25:58+00:00,2017-06-22,2017-06-20,1e199914662a00b2dad618c3a9b809ced1257ec1d0a4a09e589b6349d492e856,a33da22d6411b9f9ea4e75f46ef86bd84084a0e939f6e931d52f7cfe0ed5b868,3b55795b0684b6f7a5cf5284510c8ecd0c43543686ff0f3a6129214a1805d87e,3234f9643e6840f2e386ea8921a9acee4fad4b5a91ffe9b829438fab77033409,/profile/Anzejs-Pasecniks-65023/,25,0.1,dx_table,"{""age"": ""21.5"", ""height"": ""7'2\"""", ""position"": ""C"", ""weight"": ""229""}",{}
Pa79b34cca8,2017,dx_2017,dx,https://web.archive.org/web/20170621152558id_/http://www.draftexpress.com/nba-mock-draft/2017/,http://www.draftexpress.com/nba-mock-draft/2017/,2017-06-21T15:25:58+00:00,2017-06-22,2017-06-20,1e199914662a00b2dad618c3a9b809ced1257ec1d0a4a09e589b6349d492e856,a33da22d6411b9f9ea4e75f46ef86bd84084a0e939f6e931d52f7cfe0ed5b868,3b55795b0684b6f7a5cf5284510c8ecd0c43543686ff0f3a6129214a1805d87e,6aaa286296ffc57dc26a256d97e1ba7878746fd41d7f70cae41223e109843cae,/profile/Derrick-White-95407/,27,0.1,dx_table,"{""age"": ""23.0"", ""height"": ""6'5\"""", ""position"": ""PG/SG"", ""weight"": ""200""}",{}
P54d4de841c,2017,dx_2017,dx,https://web.archive.org/web/20170621152558id_/http://www.draftexpress.com/nba-mock-draft/2017/,http://www.draftexpress.com/nba-mock-draft/2017/,2017-06-21T15:25:58+00:00,2017-06-22,2017-06-20,1e199914662a00b2dad618c3a9b809ced1257ec1d0a4a09e589b6349d492e856,a33da22d6411b9f9ea4e75f46ef86bd84084a0e939f6e931d52f7cfe0ed5b868,3b55795b0684b6f7a5cf5284510c8ecd0c43543686ff0f3a6129214a1805d87e,09880c22d6d503ce028ad4497bd5f61dc9b74da26e08febee8a899ec7e08c536,/profile/Terrance-Ferguson-71464/,28,0.1,dx_table,"{""age"": ""19.1"", ""height"": ""6'7\"""", ""position"": ""SG/SF"", ""weight"": ""186""}",{}
Pf781dda14b,2017,dx_2017,dx,https://web.archive.org/web/20170621152558id_/http://www.draftexpress.com/nba-mock-draft/2017/,http://www.draftexpress.com/nba-mock-draft/2017/,2017-06-21T15:25:58+00:00,2017-06-22,2017-06-20,1e199914662a00b2dad618c3a9b809ced1257ec1d0a4a09e589b6349d492e856,a33da22d6411b9f9ea4e75f46ef86bd84084a0e939f6e931d52f7cfe0ed5b868,3b55795b0684b6f7a5cf5284510c8ecd0c43543686ff0f3a6129214a1805d87e,ed3055b201ffb26470bb200bc6c4e55c7d95c2792945f530a2c2327ead72340e,/profile/Ivan-Rabb-7245/,29,0.1,dx_table,"{""age"": ""20.4"", ""height"": ""6'10\"""", ""position"": ""PF/C"", ""weight"": ""215""}",{}
P2ad4235514,2017,dx_2017,dx,https://web.archive.org/web/20170621152558id_/http://www.draftexpress.com/nba-mock-draft/2017/,http://www.draftexpress.com/nba-mock-draft/2017/,2017-06-21T15:25:58+00:00,2017-06-22,2017-06-20,1e199914662a00b2dad618c3a9b809ced1257ec1d0a4a09e589b6349d492e856,a33da22d6411b9f9ea4e75f46ef86bd84084a0e939f6e931d52f7cfe0ed5b868,3b55795b0684b6f7a5cf5284510c8ecd0c43543686ff0f3a6129214a1805d87e,b903098002f1cb2524879b8df6cfeae023df3e6b4697710a9b2e787386a572b0,/profile/Isaiah-Hartenstein-81574/,30,0.1,dx_table,"{""age"": ""19.1"", ""height"": ""7'0\"""", ""position"": ""PF/C"", ""weight"": ""225""}",{}
P2e6be7d23b,2017,dx_2017,dx,https://web.archive.org/web/20170621152558id_/http://www.draftexpress.com/nba-mock-draft/2017/,http://www.draftexpress.com/nba-mock-draft/2017/,2017-06-21T15:25:58+00:00,2017-06-22,2017-06-20,1e199914662a00b2dad618c3a9b809ced1257ec1d0a4a09e589b6349d492e856,a33da22d6411b9f9ea4e75f46ef86bd84084a0e939f6e931d52f7cfe0ed5b868,3b55795b0684b6f7a5cf5284510c8ecd0c43543686ff0f3a6129214a1805d87e,bf4dba92afec92a2a8925eb37b82435b4c1800c23b016b6e67cdac9832d467c2,/profile/Tony-Bradley-81973/,31,0.1,dx_table,"{""age"": ""19.5"", ""height"": ""6'10\"""", ""position"": ""C"", ""weight"": ""248""}",{}
P032d23c9d9,2017,dx_2017,dx,https://web.archive.org/web/20170621152558id_/http://www.draftexpress.com/nba-mock-draft/2017/,http://www.draftexpress.com/nba-mock-draft/2017/,2017-06-21T15:25:58+00:00,2017-06-22,2017-06-20,1e199914662a00b2dad618c3a9b809ced1257ec1d0a4a09e589b6349d492e856,a33da22d6411b9f9ea4e75f46ef86bd84084a0e939f6e931d52f7cfe0ed5b868,3b55795b0684b6f7a5cf5284510c8ecd0c43543686ff0f3a6129214a1805d87e,30ee9878681c633f94590755eafe8adc859f81f67b3a4498df618163a841f283,/profile/Kyle-Kuzma-82886/,32,0.1,dx_table,"{""age"": ""21.9"", ""height"": ""6'9\"""", ""position"": ""PF"", ""weight"": ""221""}",{}
P204a101867,2017,dx_2017,dx,https://web.archive.org/web/20170621152558id_/http://www.draftexpress.com/nba-mock-draft/2017/,http://www.draftexpress.com/nba-mock-draft/2017/,2017-06-21T15:25:58+00:00,2017-06-22,2017-06-20,1e199914662a00b2dad618c3a9b809ced1257ec1d0a4a09e589b6349d492e856,a33da22d6411b9f9ea4e75f46ef86bd84084a0e939f6e931d52f7cfe0ed5b868,3b55795b0684b6f7a5cf5284510c8ecd0c43543686ff0f3a6129214a1805d87e,3765b4078335f4f2a95f5475db4fc4b25574d9f49787bf79a3ae578244911c4d,/profile/Caleb-Swanigan-71578/,33,0.1,dx_table,"{""age"": ""20.2"", ""height"": ""6'9\"""", ""position"": ""PF/C"", ""weight"": ""247""}",{}
P551a484de7,2017,dx_2017,dx,https://web.archive.org/web/20170621152558id_/http://www.draftexpress.com/nba-mock-draft/2017/,http://www.draftexpress.com/nba-mock-draft/2017/,2017-06-21T15:25:58+00:00,2017-06-22,2017-06-20,1e199914662a00b2dad618c3a9b809ced1257ec1d0a4a09e589b6349d492e856,a33da22d6411b9f9ea4e75f46ef86bd84084a0e939f6e931d52f7cfe0ed5b868,3b55795b0684b6f7a5cf5284510c8ecd0c43543686ff0f3a6129214a1805d87e,ce88ab8d4f79ea6e21c9d9e23ffdd1cf1425ca90db619a2301638102ac06470a,/profile/Jordan-Bell-70316/,34,0.1,dx_table,"{""age"": ""22.5"", ""height"": ""6'9\"""", ""position"": ""PF"", ""weight"": ""227""}",{}
P38e6db5ca1,2017,dx_2017,dx,https://web.archive.org/web/20170621152558id_/http://www.draftexpress.com/nba-mock-draft/2017/,http://www.draftexpress.com/nba-mock-draft/2017/,2017-06-21T15:25:58+00:00,2017-06-22,2017-06-20,1e199914662a00b2dad618c3a9b809ced1257ec1d0a4a09e589b6349d492e856,a33da22d6411b9f9ea4e75f46ef86bd84084a0e939f6e931d52f7cfe0ed5b868,3b55795b0684b6f7a5cf5284510c8ecd0c43543686ff0f3a6129214a1805d87e,0aa55584d0942544e01bfac0ebc93cb2c9f9c36145d63b334956bd211ec6c44b,/profile/Frank-Jackson-89588/,35,0.1,dx_table,"{""age"": ""19.1"", ""height"": ""6'4\"""", ""position"": ""SG"", ""weight"": ""208""}",{}
P964dd1e5f4,2017,dx_2017,dx,https://web.archive.org/web/20170621152558id_/http://www.draftexpress.com/nba-mock-draft/2017/,http://www.draftexpress.com/nba-mock-draft/2017/,2017-06-21T15:25:58+00:00,2017-06-22,2017-06-20,1e199914662a00b2dad618c3a9b809ced1257ec1d0a4a09e589b6349d492e856,a33da22d6411b9f9ea4e75f46ef86bd84084a0e939f6e931d52f7cfe0ed5b868,3b55795b0684b6f7a5cf5284510c8ecd0c43543686ff0f3a6129214a1805d87e,df83a32fb02d5a0ecc9a271f3828ef64bc00765a88f4a0da58799cc72e7dbfa5,/profile/Jonah-Bolden-72870/,36,0.1,dx_table,"{""age"": ""21.5"", ""height"": ""6'10\"""", ""position"": ""PF"", ""weight"": ""227""}",{}
P74d19df6a2,2017,dx_2017,dx,https://web.archive.org/web/20170621152558id_/http://www.draftexpress.com/nba-mock-draft/2017/,http://www.draftexpress.com/nba-mock-draft/2017/,2017-06-21T15:25:58+00:00,2017-06-22,2017-06-20,1e199914662a00b2dad618c3a9b809ced1257ec1d0a4a09e589b6349d492e856,a33da22d6411b9f9ea4e75f46ef86bd84084a0e939f6e931d52f7cfe0ed5b868,3b55795b0684b6f7a5cf5284510c8ecd0c43543686ff0f3a6129214a1805d87e,374eb549aa34cffb9ebc6a9119267b303ea7575caa2d98cc9ea492196b7d6ae4,/profile/Thomas-Bryant-7231/,37,0.1,dx_table,"{""age"": ""19.9"", ""height"": ""6'10\"""", ""position"": ""C"", ""weight"": ""241""}",{}
P16938f3fa9,2017,dx_2017,dx,https://web.archive.org/web/20170621152558id_/http://www.draftexpress.com/nba-mock-draft/2017/,http://www.draftexpress.com/nba-mock-draft/2017/,2017-06-21T15:25:58+00:00,2017-06-22,2017-06-20,1e199914662a00b2dad618c3a9b809ced1257ec1d0a4a09e589b6349d492e856,a33da22d6411b9f9ea4e75f46ef86bd84084a0e939f6e931d52f7cfe0ed5b868,3b55795b0684b6f7a5cf5284510c8ecd0c43543686ff0f3a6129214a1805d87e,6fed03dbfb1acd4a436c53cdd7d9616584f4e37057f37482ade7983c30c2c044,/profile/Jawun-Evans-76420/,38,0.1,dx_table,"{""age"": ""20.9"", ""height"": ""6'1\"""", ""position"": ""PG"", ""weight"": ""177""}",{}
P1ea9c7c88d,2017,dx_2017,dx,https://web.archive.org/web/20170621152558id_/http://www.draftexpress.com/nba-mock-draft/2017/,http://www.draftexpress.com/nba-mock-draft/2017/,2017-06-21T15:25:58+00:00,2017-06-22,2017-06-20,1e199914662a00b2dad618c3a9b809ced1257ec1d0a4a09e589b6349d492e856,a33da22d6411b9f9ea4e75f46ef86bd84084a0e939f6e931d52f7cfe0ed5b868,3b55795b0684b6f7a5cf5284510c8ecd0c43543686ff0f3a6129214a1805d87e,bf54565542523a1f71640b73e59fb728e6538434a700c024cd7c1bb385c1152c,/profile/Josh-Hart-7149/,40,0.1,dx_table,"{""age"": ""22.3"", ""height"": ""6'6\"""", ""position"": ""SG"", ""weight"": ""204""}",{}
Pc32fe4a167,2017,dx_2017,dx,https://web.archive.org/web/20170621152558id_/http://www.draftexpress.com/nba-mock-draft/2017/,http://www.draftexpress.com/nba-mock-draft/2017/,2017-06-21T15:25:58+00:00,2017-06-22,2017-06-20,1e199914662a00b2dad618c3a9b809ced1257ec1d0a4a09e589b6349d492e856,a33da22d6411b9f9ea4e75f46ef86bd84084a0e939f6e931d52f7cfe0ed5b868,3b55795b0684b6f7a5cf5284510c8ecd0c43543686ff0f3a6129214a1805d87e,58c2218706d61a759ea04a4d4654bea9f6492089a0921e262343d755cec0b622,/profile/Dillion-Brooks-72497/,41,0.1,dx_table,"{""age"": ""21.4"", ""height"": ""6'7\"""", ""position"": ""SF"", ""weight"": ""215""}",{}
Pdb78b3595b,2017,dx_2017,dx,https://web.archive.org/web/20170621152558id_/http://www.draftexpress.com/nba-mock-draft/2017/,http://www.draftexpress.com/nba-mock-draft/2017/,2017-06-21T15:25:58+00:00,2017-06-22,2017-06-20,1e199914662a00b2dad618c3a9b809ced1257ec1d0a4a09e589b6349d492e856,a33da22d6411b9f9ea4e75f46ef86bd84084a0e939f6e931d52f7cfe0ed5b868,3b55795b0684b6f7a5cf5284510c8ecd0c43543686ff0f3a6129214a1805d87e,4779a4c3e4f9511885297e9529898b060c046654816f10561a0a3063e235ffc2,/profile/Johnathan-Motley-72553/,42,0.1,dx_table,"{""age"": ""22.1"", ""height"": ""6'9\"""", ""position"": ""PF/C"", ""weight"": ""230""}",{}
P2acab9acdb,2017,dx_2017,dx,https://web.archive.org/web/20170621152558id_/http://www.draftexpress.com/nba-mock-draft/2017/,http://www.draftexpress.com/nba-mock-draft/2017/,2017-06-21T15:25:58+00:00,2017-06-22,2017-06-20,1e199914662a00b2dad618c3a9b809ced1257ec1d0a4a09e589b6349d492e856,a33da22d6411b9f9ea4e75f46ef86bd84084a0e939f6e931d52f7cfe0ed5b868,3b55795b0684b6f7a5cf5284510c8ecd0c43543686ff0f3a6129214a1805d87e,96f45aeea44664536cd4e5e6b0be16b51ef33be53611d2b1043baadb14dee535,/profile/Edmond-Sumner-71622/,44,0.1,dx_table,"{""age"": ""21.5"", ""height"": ""6'5\"""", ""position"": ""PG"", ""weight"": ""170""}",{}
P22340c4458,2017,dx_2017,dx,https://web.archive.org/web/20170621152558id_/http://www.draftexpress.com/nba-mock-draft/2017/,http://www.draftexpress.com/nba-mock-draft/2017/,2017-06-21T15:25:58+00:00,2017-06-22,2017-06-20,1e199914662a00b2dad618c3a9b809ced1257ec1d0a4a09e589b6349d492e856,a33da22d6411b9f9ea4e75f46ef86bd84084a0e939f6e931d52f7cfe0ed5b868,3b55795b0684b6f7a5cf5284510c8ecd0c43543686ff0f3a6129214a1805d87e,973456b8cbe8a5f21b059ef78d0a0beda04ad7f99548d5e4575e219a68257e6f,/profile/Sterling-Brown-70090/,45,0.1,dx_table,"{""age"": ""22.4"", ""height"": ""6'6\"""", ""position"": ""SG"", ""weight"": ""230""}",{}
P9d178fdf5d,2017,dx_2017,dx,https://web.archive.org/web/20170621152558id_/http://www.draftexpress.com/nba-mock-draft/2017/,http://www.draftexpress.com/nba-mock-draft/2017/,2017-06-21T15:25:58+00:00,2017-06-22,2017-06-20,1e199914662a00b2dad618c3a9b809ced1257ec1d0a4a09e589b6349d492e856,a33da22d6411b9f9ea4e75f46ef86bd84084a0e939f6e931d52f7cfe0ed5b868,3b55795b0684b6f7a5cf5284510c8ecd0c43543686ff0f3a6129214a1805d87e,39d93e72b52e1950ec1f77e5022ca5e043d76eea0c5de18c903a435526c20fe5,/profile/Alec-Peters-77931/,46,0.1,dx_table,"{""age"": ""22.2"", ""height"": ""6'9\"""", ""position"": ""PF"", ""weight"": ""225""}",{}
P5351e63d76,2017,dx_2017,dx,https://web.archive.org/web/20170621152558id_/http://www.draftexpress.com/nba-mock-draft/2017/,http://www.draftexpress.com/nba-mock-draft/2017/,2017-06-21T15:25:58+00:00,2017-06-22,2017-06-20,1e199914662a00b2dad618c3a9b809ced1257ec1d0a4a09e589b6349d492e856,a33da22d6411b9f9ea4e75f46ef86bd84084a0e939f6e931d52f7cfe0ed5b868,3b55795b0684b6f7a5cf5284510c8ecd0c43543686ff0f3a6129214a1805d87e,3f3f0112d50da1a8ad02ba4dcb4a62198c6023d71724a416ffb10f5efe5a4f4f,/profile/Frank-Mason-72550/,47,0.1,dx_table,"{""age"": ""23.2"", ""height"": ""5'11\"""", ""position"": ""PG"", ""weight"": ""185""}",{}
P1804943702,2017,dx_2017,dx,https://web.archive.org/web/20170621152558id_/http://www.draftexpress.com/nba-mock-draft/2017/,http://www.draftexpress.com/nba-mock-draft/2017/,2017-06-21T15:25:58+00:00,2017-06-22,2017-06-20,1e199914662a00b2dad618c3a9b809ced1257ec1d0a4a09e589b6349d492e856,a33da22d6411b9f9ea4e75f46ef86bd84084a0e939f6e931d52f7cfe0ed5b868,3b55795b0684b6f7a5cf5284510c8ecd0c43543686ff0f3a6129214a1805d87e,77094293c7ef8656bf930ae387408d3099058fc250dda1cd0c8794e9054dbcbe,/profile/Tyler-Dorsey-72515/,49,0.1,dx_table,"{""age"": ""21.4"", ""height"": ""6'4\"""", ""position"": ""SG"", ""weight"": ""180""}",{}
P0d567b6867,2017,dx_2017,dx,https://web.archive.org/web/20170621152558id_/http://www.draftexpress.com/nba-mock-draft/2017/,http://www.draftexpress.com/nba-mock-draft/2017/,2017-06-21T15:25:58+00:00,2017-06-22,2017-06-20,1e199914662a00b2dad618c3a9b809ced1257ec1d0a4a09e589b6349d492e856,a33da22d6411b9f9ea4e75f46ef86bd84084a0e939f6e931d52f7cfe0ed5b868,3b55795b0684b6f7a5cf5284510c8ecd0c43543686ff0f3a6129214a1805d87e,fff236630e6d3c24b314bb86afd962f263f13f693368565abb5cbe3aa7352bb8,/profile/P.J.-Dozier-7268/,50,0.1,dx_table,"{""age"": ""20.7"", ""height"": ""6'6\"""", ""position"": ""SG"", ""weight"": ""200""}",{}
P3e5c820c70,2017,dx_2017,dx,https://web.archive.org/web/20170621152558id_/http://www.draftexpress.com/nba-mock-draft/2017/,http://www.draftexpress.com/nba-mock-draft/2017/,2017-06-21T15:25:58+00:00,2017-06-22,2017-06-20,1e199914662a00b2dad618c3a9b809ced1257ec1d0a4a09e589b6349d492e856,a33da22d6411b9f9ea4e75f46ef86bd84084a0e939f6e931d52f7cfe0ed5b868,3b55795b0684b6f7a5cf5284510c8ecd0c43543686ff0f3a6129214a1805d87e,55eee5b9fd1daa2a4b7bb2279d6263b58b108c77c1645e125774f6b5fb0073c5,/profile/Vlatko-Cancar-73505/,51,0.1,dx_table,"{""age"": ""20.2"", ""height"": ""6'8\"""", ""position"": ""PF"", ""weight"": ""210""}",{}
Pea59b43adb,2017,dx_2017,dx,https://web.archive.org/web/20170621152558id_/http://www.draftexpress.com/nba-mock-draft/2017/,http://www.draftexpress.com/nba-mock-draft/2017/,2017-06-21T15:25:58+00:00,2017-06-22,2017-06-20,1e199914662a00b2dad618c3a9b809ced1257ec1d0a4a09e589b6349d492e856,a33da22d6411b9f9ea4e75f46ef86bd84084a0e939f6e931d52f7cfe0ed5b868,3b55795b0684b6f7a5cf5284510c8ecd0c43543686ff0f3a6129214a1805d87e,7c55ebcea05eac1b003fb9db5a776a40baf2e2f38d21ed8be50426fe6544022b,/profile/Devin-Robinson-72830/,52,0.1,dx_table,"{""age"": ""22.3"", ""height"": ""6'8\"""", ""position"": ""SF/PF"", ""weight"": ""200""}",{}
P27a35575e9,2017,dx_2017,dx,https://web.archive.org/web/20170621152558id_/http://www.draftexpress.com/nba-mock-draft/2017/,http://www.draftexpress.com/nba-mock-draft/2017/,2017-06-21T15:25:58+00:00,2017-06-22,2017-06-20,1e199914662a00b2dad618c3a9b809ced1257ec1d0a4a09e589b6349d492e856,a33da22d6411b9f9ea4e75f46ef86bd84084a0e939f6e931d52f7cfe0ed5b868,3b55795b0684b6f7a5cf5284510c8ecd0c43543686ff0f3a6129214a1805d87e,166db98ebdb98dace35181754b32649e48b3d5f8b51ae47b1555f1d1a4fc06d4,/profile/Davon-Reed-7173/,53,0.1,dx_table,"{""age"": ""22.0"", ""height"": ""6'6\"""", ""position"": ""SG"", ""weight"": ""208""}",{}
Pa76a1ce248,2017,dx_2017,dx,https://web.archive.org/web/20170621152558id_/http://www.draftexpress.com/nba-mock-draft/2017/,http://www.draftexpress.com/nba-mock-draft/2017/,2017-06-21T15:25:58+00:00,2017-06-22,2017-06-20,1e199914662a00b2dad618c3a9b809ced1257ec1d0a4a09e589b6349d492e856,a33da22d6411b9f9ea4e75f46ef86bd84084a0e939f6e931d52f7cfe0ed5b868,3b55795b0684b6f7a5cf5284510c8ecd0c43543686ff0f3a6129214a1805d87e,9d869d5cc77693e3d8ec15282c7ab3f524fe2a880c57de0c17729487119afdb8,/profile/Monte-Morris-72551/,56,0.1,dx_table,"{""age"": ""22.0"", ""height"": ""6'3\"""", ""position"": ""PG"", ""weight"": ""175""}",{}
P86ef73625c,2017,dx_2017,dx,https://web.archive.org/web/20170621152558id_/http://www.draftexpress.com/nba-mock-draft/2017/,http://www.draftexpress.com/nba-mock-draft/2017/,2017-06-21T15:25:58+00:00,2017-06-22,2017-06-20,1e199914662a00b2dad618c3a9b809ced1257ec1d0a4a09e589b6349d492e856,a33da22d6411b9f9ea4e75f46ef86bd84084a0e939f6e931d52f7cfe0ed5b868,3b55795b0684b6f7a5cf5284510c8ecd0c43543686ff0f3a6129214a1805d87e,19d9c387c88912666ce0301d1e8c40eb70522d51a1d4d7c9a89ba10f8f4b1b42,/profile/Dwayne-Bacon-76403/,57,0.1,dx_table,"{""age"": ""21.8"", ""height"": ""6'5\"""", ""position"": ""SF"", ""weight"": ""202""}",{}
P10187f6389,2017,dx_2017,dx,https://web.archive.org/web/20170621152558id_/http://www.draftexpress.com/nba-mock-draft/2017/,http://www.draftexpress.com/nba-mock-draft/2017/,2017-06-21T15:25:58+00:00,2017-06-22,2017-06-20,1e199914662a00b2dad618c3a9b809ced1257ec1d0a4a09e589b6349d492e856,a33da22d6411b9f9ea4e75f46ef86bd84084a0e939f6e931d52f7cfe0ed5b868,3b55795b0684b6f7a5cf5284510c8ecd0c43543686ff0f3a6129214a1805d87e,3a73133c4b4757f40833fc7e24c3a67ef8dd964e54ad58d7bef8e34b4277788f,/profile/Sindarius-Thornwell-7178/,58,0.1,dx_table,"{""age"": ""22.8"", ""height"": ""6'5\"""", ""position"": ""SG"", ""weight"": ""214""}",{}
Pba3a4faeb9,2017,dx_2017,dx,https://web.archive.org/web/20170621152558id_/http://www.draftexpress.com/nba-mock-draft/2017/,http://www.draftexpress.com/nba-mock-draft/2017/,2017-06-21T15:25:58+00:00,2017-06-22,2017-06-20,1e199914662a00b2dad618c3a9b809ced1257ec1d0a4a09e589b6349d492e856,a33da22d6411b9f9ea4e75f46ef86bd84084a0e939f6e931d52f7cfe0ed5b868,3b55795b0684b6f7a5cf5284510c8ecd0c43543686ff0f3a6129214a1805d87e,09ae5c58d25332cffe62b55f3752cc3e383d191af9664d00a246fa86154c3aac,/profile/Nigel-Williams-Goss-7093/,60,0.1,dx_table,"{""age"": ""22.8"", ""height"": ""6'4\"""", ""position"": ""PG"", ""weight"": ""182""}",{}
P5a591d3e24,2015,nbadraft_2015,nbadraft,https://web.archive.org/web/20150624022313id_/http://www.nbadraft.net:80/2015mock_draft,http://www.nbadraft.net:80/2015mock_draft,2015-06-24T02:23:13+00:00,2015-06-25,2015-06-22,5b7e09faef50262025253c0889030bb12ea46be3f1773ca9bbf475e10e521c3e,e1f5688afe86471892f35a36859dd7c37897f57ea7719c59b7bb016c0b534a86,bb3c19252a65a8bab4dc79a034dffda6bee8386123af42e6446d2897bced8819,5ed3051c277a47ed264240e5e3c557631e7e04b53885e4c94fbcec797a5c8ad3,/players/karl-anthony-towns,1,,ndnet,"{""class"": ""Fr."", ""height"": ""7-0"", ""position"": ""C"", ""weight"": ""250""}",{}
Pb9c495a67d,2015,nbadraft_2015,nbadraft,https://web.archive.org/web/20150624022313id_/http://www.nbadraft.net:80/2015mock_draft,http://www.nbadraft.net:80/2015mock_draft,2015-06-24T02:23:13+00:00,2015-06-25,2015-06-22,5b7e09faef50262025253c0889030bb12ea46be3f1773ca9bbf475e10e521c3e,e1f5688afe86471892f35a36859dd7c37897f57ea7719c59b7bb016c0b534a86,bb3c19252a65a8bab4dc79a034dffda6bee8386123af42e6446d2897bced8819,deb1880fae82d32ddaf40f40ee3a9ab6fe00587daa9e644457ab2099cfd7f8a4,/players/jahlil-okafor,2,,ndnet,"{""class"": ""Fr."", ""height"": ""6-11"", ""position"": ""C"", ""weight"": ""270""}",{}
P67cf99c3eb,2015,nbadraft_2015,nbadraft,https://web.archive.org/web/20150624022313id_/http://www.nbadraft.net:80/2015mock_draft,http://www.nbadraft.net:80/2015mock_draft,2015-06-24T02:23:13+00:00,2015-06-25,2015-06-22,5b7e09faef50262025253c0889030bb12ea46be3f1773ca9bbf475e10e521c3e,e1f5688afe86471892f35a36859dd7c37897f57ea7719c59b7bb016c0b534a86,bb3c19252a65a8bab4dc79a034dffda6bee8386123af42e6446d2897bced8819,12d2b0f5aea5bc833df97b96b8f77eba53c49170d193d6e78c3e351d3140e1d8,/players/dangelo-russell,3,,ndnet,"{""class"": ""Fr."", ""height"": ""6-4"", ""position"": ""PG/SG"", ""weight"": ""195""}",{}
P3e493925a2,2015,nbadraft_2015,nbadraft,https://web.archive.org/web/20150624022313id_/http://www.nbadraft.net:80/2015mock_draft,http://www.nbadraft.net:80/2015mock_draft,2015-06-24T02:23:13+00:00,2015-06-25,2015-06-22,5b7e09faef50262025253c0889030bb12ea46be3f1773ca9bbf475e10e521c3e,e1f5688afe86471892f35a36859dd7c37897f57ea7719c59b7bb016c0b534a86,bb3c19252a65a8bab4dc79a034dffda6bee8386123af42e6446d2897bced8819,6802a6fe029b0927c92c2207c3db6129a6589d3c9ec421d2d0b7157fca70daf1,/players/emmanuel-mudiay,4,,ndnet,"{""class"": ""Intl."", ""height"": ""6-5"", ""position"": ""PG"", ""weight"": ""200""}",{}
Pf1eb0b11c1,2015,nbadraft_2015,nbadraft,https://web.archive.org/web/20150624022313id_/http://www.nbadraft.net:80/2015mock_draft,http://www.nbadraft.net:80/2015mock_draft,2015-06-24T02:23:13+00:00,2015-06-25,2015-06-22,5b7e09faef50262025253c0889030bb12ea46be3f1773ca9bbf475e10e521c3e,e1f5688afe86471892f35a36859dd7c37897f57ea7719c59b7bb016c0b534a86,bb3c19252a65a8bab4dc79a034dffda6bee8386123af42e6446d2897bced8819,a6e7dc60e418dd5c2fcdbbaf7e14211105402fcbf2cff20039685cc0a84fc314,/players/kristaps-porzingis,5,,ndnet,"{""class"": ""Intl."", ""height"": ""7-1"", ""position"": ""PF"", ""weight"": ""230""}",{}
Pc3390f55d0,2015,nbadraft_2015,nbadraft,https://web.archive.org/web/20150624022313id_/http://www.nbadraft.net:80/2015mock_draft,http://www.nbadraft.net:80/2015mock_draft,2015-06-24T02:23:13+00:00,2015-06-25,2015-06-22,5b7e09faef50262025253c0889030bb12ea46be3f1773ca9bbf475e10e521c3e,e1f5688afe86471892f35a36859dd7c37897f57ea7719c59b7bb016c0b534a86,bb3c19252a65a8bab4dc79a034dffda6bee8386123af42e6446d2897bced8819,34d6dc6e86ad7e593bd61b5dcc6e5a4ce35b4affe18b80bb763f018bbf9bb3c0,/players/justise-winslow,6,,ndnet,"{""class"": ""Fr."", ""height"": ""6-6"", ""position"": ""SG/SF"", ""weight"": ""222""}",{}
P11ed05516e,2015,nbadraft_2015,nbadraft,https://web.archive.org/web/20150624022313id_/http://www.nbadraft.net:80/2015mock_draft,http://www.nbadraft.net:80/2015mock_draft,2015-06-24T02:23:13+00:00,2015-06-25,2015-06-22,5b7e09faef50262025253c0889030bb12ea46be3f1773ca9bbf475e10e521c3e,e1f5688afe86471892f35a36859dd7c37897f57ea7719c59b7bb016c0b534a86,bb3c19252a65a8bab4dc79a034dffda6bee8386123af42e6446d2897bced8819,1a42863b12751630d3cdcf4ff94b1b133ac5741ffa0b8af28d82c859ceac1582,/players/mario-hezonja,7,,ndnet,"{""class"": ""Intl."", ""height"": ""6-8"", ""position"": ""SG/SF"", ""weight"": ""215""}",{}
P2297a93a7f,2015,nbadraft_2015,nbadraft,https://web.archive.org/web/20150624022313id_/http://www.nbadraft.net:80/2015mock_draft,http://www.nbadraft.net:80/2015mock_draft,2015-06-24T02:23:13+00:00,2015-06-25,2015-06-22,5b7e09faef50262025253c0889030bb12ea46be3f1773ca9bbf475e10e521c3e,e1f5688afe86471892f35a36859dd7c37897f57ea7719c59b7bb016c0b534a86,bb3c19252a65a8bab4dc79a034dffda6bee8386123af42e6446d2897bced8819,0611850743f557a2dc6033dedd95ba7972dc189cabb4b28217ac089076e4d393,/players/trey-lyles,8,,ndnet,"{""class"": ""Fr."", ""height"": ""6-10"", ""position"": ""PF"", ""weight"": ""240""}",{}
Pce2a43b358,2015,nbadraft_2015,nbadraft,https://web.archive.org/web/20150624022313id_/http://www.nbadraft.net:80/2015mock_draft,http://www.nbadraft.net:80/2015mock_draft,2015-06-24T02:23:13+00:00,2015-06-25,2015-06-22,5b7e09faef50262025253c0889030bb12ea46be3f1773ca9bbf475e10e521c3e,e1f5688afe86471892f35a36859dd7c37897f57ea7719c59b7bb016c0b534a86,bb3c19252a65a8bab4dc79a034dffda6bee8386123af42e6446d2897bced8819,7805544748821a451687d32d79af1a9db16789088b12c126584547f4eab86fd9,/players/cameron-payne,9,,ndnet,"{""class"": ""So."", ""height"": ""6-2"", ""position"": ""PG"", ""weight"": ""185""}",{}
Pff77feae98,2015,nbadraft_2015,nbadraft,https://web.archive.org/web/20150624022313id_/http://www.nbadraft.net:80/2015mock_draft,http://www.nbadraft.net:80/2015mock_draft,2015-06-24T02:23:13+00:00,2015-06-25,2015-06-22,5b7e09faef50262025253c0889030bb12ea46be3f1773ca9bbf475e10e521c3e,e1f5688afe86471892f35a36859dd7c37897f57ea7719c59b7bb016c0b534a86,bb3c19252a65a8bab4dc79a034dffda6bee8386123af42e6446d2897bced8819,19273909c7b110099349257a42acda1c66a31e3426581f7dc90c4e1ef3424b64,/players/stanley-johnson,10,,ndnet,"{""class"": ""Fr."", ""height"": ""6-6"", ""position"": ""SF"", ""weight"": ""242""}",{}
Peaf1686cc0,2015,nbadraft_2015,nbadraft,https://web.archive.org/web/20150624022313id_/http://www.nbadraft.net:80/2015mock_draft,http://www.nbadraft.net:80/2015mock_draft,2015-06-24T02:23:13+00:00,2015-06-25,2015-06-22,5b7e09faef50262025253c0889030bb12ea46be3f1773ca9bbf475e10e521c3e,e1f5688afe86471892f35a36859dd7c37897f57ea7719c59b7bb016c0b534a86,bb3c19252a65a8bab4dc79a034dffda6bee8386123af42e6446d2897bced8819,1689223f812a3263d490fec570326febbab5dcfef1499b5239c66a6052b88d94,/players/myles-turner,12,,ndnet,"{""class"": ""Fr."", ""height"": ""6-11"", ""position"": ""C"", ""weight"": ""240""}",{}
P5492e07ad3,2015,nbadraft_2015,nbadraft,https://web.archive.org/web/20150624022313id_/http://www.nbadraft.net:80/2015mock_draft,http://www.nbadraft.net:80/2015mock_draft,2015-06-24T02:23:13+00:00,2015-06-25,2015-06-22,5b7e09faef50262025253c0889030bb12ea46be3f1773ca9bbf475e10e521c3e,e1f5688afe86471892f35a36859dd7c37897f57ea7719c59b7bb016c0b534a86,bb3c19252a65a8bab4dc79a034dffda6bee8386123af42e6446d2897bced8819,78d1eab82b55857ad706b9549064f5c4cacd04d23b63a587113da548f55b2374,/players/bobby-portis,13,,ndnet,"{""class"": ""So."", ""height"": ""6-11"", ""position"": ""PF"", ""weight"": ""245""}",{}
Pec96a14b85,2015,nbadraft_2015,nbadraft,https://web.archive.org/web/20150624022313id_/http://www.nbadraft.net:80/2015mock_draft,http://www.nbadraft.net:80/2015mock_draft,2015-06-24T02:23:13+00:00,2015-06-25,2015-06-22,5b7e09faef50262025253c0889030bb12ea46be3f1773ca9bbf475e10e521c3e,e1f5688afe86471892f35a36859dd7c37897f57ea7719c59b7bb016c0b534a86,bb3c19252a65a8bab4dc79a034dffda6bee8386123af42e6446d2897bced8819,c7c68775f5b97eed7485ddf912061f60de9618396e43713cc9a97da9dd0eb5cc,/players/frank-kaminsky,14,,ndnet,"{""class"": ""Sr."", ""height"": ""7-1"", ""position"": ""C"", ""weight"": ""230""}",{}
P7d77f683c0,2015,nbadraft_2015,nbadraft,https://web.archive.org/web/20150624022313id_/http://www.nbadraft.net:80/2015mock_draft,http://www.nbadraft.net:80/2015mock_draft,2015-06-24T02:23:13+00:00,2015-06-25,2015-06-22,5b7e09faef50262025253c0889030bb12ea46be3f1773ca9bbf475e10e521c3e,e1f5688afe86471892f35a36859dd7c37897f57ea7719c59b7bb016c0b534a86,bb3c19252a65a8bab4dc79a034dffda6bee8386123af42e6446d2897bced8819,332e1ccf96528dfece4633b3bf060886e046f0695ea48d146c241879a43f4773,/players/devin-booker,15,,ndnet,"{""class"": ""Fr."", ""height"": ""6-6"", ""position"": ""SG"", ""weight"": ""205""}",{}
P94d904f95a,2015,nbadraft_2015,nbadraft,https://web.archive.org/web/20150624022313id_/http://www.nbadraft.net:80/2015mock_draft,http://www.nbadraft.net:80/2015mock_draft,2015-06-24T02:23:13+00:00,2015-06-25,2015-06-22,5b7e09faef50262025253c0889030bb12ea46be3f1773ca9bbf475e10e521c3e,e1f5688afe86471892f35a36859dd7c37897f57ea7719c59b7bb016c0b534a86,bb3c19252a65a8bab4dc79a034dffda6bee8386123af42e6446d2897bced8819,a6d60ef83604e2db1e54983acbac0468ff50a204184ee38804e8f79884956c20,/players/sam-dekker,16,,ndnet,"{""class"": ""Jr."", ""height"": ""6-9"", ""position"": ""SF"", ""weight"": ""220""}",{}
Pcf63b744fe,2015,nbadraft_2015,nbadraft,https://web.archive.org/web/20150624022313id_/http://www.nbadraft.net:80/2015mock_draft,http://www.nbadraft.net:80/2015mock_draft,2015-06-24T02:23:13+00:00,2015-06-25,2015-06-22,5b7e09faef50262025253c0889030bb12ea46be3f1773ca9bbf475e10e521c3e,e1f5688afe86471892f35a36859dd7c37897f57ea7719c59b7bb016c0b534a86,bb3c19252a65a8bab4dc79a034dffda6bee8386123af42e6446d2897bced8819,04180e409d95b42d91120641a2220bd7006b34ae7657dc2abb042d24568206e3,/players/rashad-vaughn,17,,ndnet,"{""class"": ""Fr."", ""height"": ""6-5"", ""position"": ""SG"", ""weight"": ""200""}",{}
P9a02cf437c,2015,nbadraft_2015,nbadraft,https://web.archive.org/web/20150624022313id_/http://www.nbadraft.net:80/2015mock_draft,http://www.nbadraft.net:80/2015mock_draft,2015-06-24T02:23:13+00:00,2015-06-25,2015-06-22,5b7e09faef50262025253c0889030bb12ea46be3f1773ca9bbf475e10e521c3e,e1f5688afe86471892f35a36859dd7c37897f57ea7719c59b7bb016c0b534a86,bb3c19252a65a8bab4dc79a034dffda6bee8386123af42e6446d2897bced8819,4a482365b4bb57776d008e54be7b9ca8d05f63895944897e3722665e8ea62164,/players/tyus-jones,18,,ndnet,"{""class"": ""Fr."", ""height"": ""6-1"", ""position"": ""PG"", ""weight"": ""185""}",{}
P1b292d5147,2015,nbadraft_2015,nbadraft,https://web.archive.org/web/20150624022313id_/http://www.nbadraft.net:80/2015mock_draft,http://www.nbadraft.net:80/2015mock_draft,2015-06-24T02:23:13+00:00,2015-06-25,2015-06-22,5b7e09faef50262025253c0889030bb12ea46be3f1773ca9bbf475e10e521c3e,e1f5688afe86471892f35a36859dd7c37897f57ea7719c59b7bb016c0b534a86,bb3c19252a65a8bab4dc79a034dffda6bee8386123af42e6446d2897bced8819,7fcc4fe220493d462f5a25c955d6e9f199acfdce90bea6f3750e766428770afa,/players/montrezl-harrell,19,,ndnet,"{""class"": ""Jr."", ""height"": ""6-8"", ""position"": ""PF"", ""weight"": ""255""}",{}
P8d6369038a,2015,nbadraft_2015,nbadraft,https://web.archive.org/web/20150624022313id_/http://www.nbadraft.net:80/2015mock_draft,http://www.nbadraft.net:80/2015mock_draft,2015-06-24T02:23:13+00:00,2015-06-25,2015-06-22,5b7e09faef50262025253c0889030bb12ea46be3f1773ca9bbf475e10e521c3e,e1f5688afe86471892f35a36859dd7c37897f57ea7719c59b7bb016c0b534a86,bb3c19252a65a8bab4dc79a034dffda6bee8386123af42e6446d2897bced8819,ba09ec57da117956054c46d25338e203d7b29255f4372d4e33f4505d98ee561b,/players/jerian-grant,21,,ndnet,"{""class"": ""Sr."", ""height"": ""6-4"", ""position"": ""PG"", ""weight"": ""200""}",{}
P1c43036b93,2015,nbadraft_2015,nbadraft,https://web.archive.org/web/20150624022313id_/http://www.nbadraft.net:80/2015mock_draft,http://www.nbadraft.net:80/2015mock_draft,2015-06-24T02:23:13+00:00,2015-06-25,2015-06-22,5b7e09faef50262025253c0889030bb12ea46be3f1773ca9bbf475e10e521c3e,e1f5688afe86471892f35a36859dd7c37897f57ea7719c59b7bb016c0b534a86,bb3c19252a65a8bab4dc79a034dffda6bee8386123af42e6446d2897bced8819,23c80b13073dedd96c4f81e968610c878fa82d0b6f6b7482c981295910969a17,/players/kevon-looney,22,,ndnet,"{""class"": ""Fr."", ""height"": ""6-9"", ""position"": ""PF"", ""weight"": ""222""}",{}
Pe71646e585,2015,nbadraft_2015,nbadraft,https://web.archive.org/web/20150624022313id_/http://www.nbadraft.net:80/2015mock_draft,http://www.nbadraft.net:80/2015mock_draft,2015-06-24T02:23:13+00:00,2015-06-25,2015-06-22,5b7e09faef50262025253c0889030bb12ea46be3f1773ca9bbf475e10e521c3e,e1f5688afe86471892f35a36859dd7c37897f57ea7719c59b7bb016c0b534a86,bb3c19252a65a8bab4dc79a034dffda6bee8386123af42e6446d2897bced8819,95fc99aac5258d5390e082a9cd924bd7b01a35d15bdc4df9ac46d7d8181a40e2,/players/terry-rozier,24,,ndnet,"{""class"": ""So."", ""height"": ""6-2"", ""position"": ""PG"", ""weight"": ""190""}",{}
P16f77dc0c6,2015,nbadraft_2015,nbadraft,https://web.archive.org/web/20150624022313id_/http://www.nbadraft.net:80/2015mock_draft,http://www.nbadraft.net:80/2015mock_draft,2015-06-24T02:23:13+00:00,2015-06-25,2015-06-22,5b7e09faef50262025253c0889030bb12ea46be3f1773ca9bbf475e10e521c3e,e1f5688afe86471892f35a36859dd7c37897f57ea7719c59b7bb016c0b534a86,bb3c19252a65a8bab4dc79a034dffda6bee8386123af42e6446d2897bced8819,fe530706a23599012c96686d106d055c7524608b34b15d59499d81a307bb96ed,/players/delon-wright,25,,ndnet,"{""class"": ""Sr."", ""height"": ""6-5"", ""position"": ""PG/SG"", ""weight"": ""180""}",{}
Pb067831a66,2015,nbadraft_2015,nbadraft,https://web.archive.org/web/20150624022313id_/http://www.nbadraft.net:80/2015mock_draft,http://www.nbadraft.net:80/2015mock_draft,2015-06-24T02:23:13+00:00,2015-06-25,2015-06-22,5b7e09faef50262025253c0889030bb12ea46be3f1773ca9bbf475e10e521c3e,e1f5688afe86471892f35a36859dd7c37897f57ea7719c59b7bb016c0b534a86,bb3c19252a65a8bab4dc79a034dffda6bee8386123af42e6446d2897bced8819,cbb3abc6f24af9c7636e6c3c8b7e9e1f3469370ef9d8de0c0bb7d186e49db6e6,/players/justin-anderson,27,,ndnet,"{""class"": ""Jr."", ""height"": ""6-6"", ""position"": ""SG/SF"", ""weight"": ""230""}",{}
P3cfad83e39,2015,nbadraft_2015,nbadraft,https://web.archive.org/web/20150624022313id_/http://www.nbadraft.net:80/2015mock_draft,http://www.nbadraft.net:80/2015mock_draft,2015-06-24T02:23:13+00:00,2015-06-25,2015-06-22,5b7e09faef50262025253c0889030bb12ea46be3f1773ca9bbf475e10e521c3e,e1f5688afe86471892f35a36859dd7c37897f57ea7719c59b7bb016c0b534a86,bb3c19252a65a8bab4dc79a034dffda6bee8386123af42e6446d2897bced8819,8c7a14dd1b8ee7b1989e03a9840b7ddf83bcc83621a5b468dd27ed18ca799c5a,/players/rj-hunter,28,,ndnet,"{""class"": ""Jr."", ""height"": ""6-6"", ""position"": ""SG"", ""weight"": ""185""}",{}
Pd0eaa15469,2015,nbadraft_2015,nbadraft,https://web.archive.org/web/20150624022313id_/http://www.nbadraft.net:80/2015mock_draft,http://www.nbadraft.net:80/2015mock_draft,2015-06-24T02:23:13+00:00,2015-06-25,2015-06-22,5b7e09faef50262025253c0889030bb12ea46be3f1773ca9bbf475e10e521c3e,e1f5688afe86471892f35a36859dd7c37897f57ea7719c59b7bb016c0b534a86,bb3c19252a65a8bab4dc79a034dffda6bee8386123af42e6446d2897bced8819,8aed5be10d9b2c7dd8db2ab3bb988bc97883a2b2de69b73a566f99864b9e444d,/players/jarell-martin,29,,ndnet,"{""class"": ""So."", ""height"": ""6-9"", ""position"": ""PF"", ""weight"": ""240""}",{}
Pe7f5f31a46,2015,nbadraft_2015,nbadraft,https://web.archive.org/web/20150624022313id_/http://www.nbadraft.net:80/2015mock_draft,http://www.nbadraft.net:80/2015mock_draft,2015-06-24T02:23:13+00:00,2015-06-25,2015-06-22,5b7e09faef50262025253c0889030bb12ea46be3f1773ca9bbf475e10e521c3e,e1f5688afe86471892f35a36859dd7c37897f57ea7719c59b7bb016c0b534a86,bb3c19252a65a8bab4dc79a034dffda6bee8386123af42e6446d2897bced8819,8721953992f5d3e181a2938d796597113ade2b27c6fee52af3c656156c8efc5f,/players/richaun-holmes,30,,ndnet,"{""class"": ""Sr."", ""height"": ""6-9"", ""position"": ""PF"", ""weight"": ""245""}",{}
P5849f19551,2015,nbadraft_2015,nbadraft,https://web.archive.org/web/20150624022313id_/http://www.nbadraft.net:80/2015mock_draft,http://www.nbadraft.net:80/2015mock_draft,2015-06-24T02:23:13+00:00,2015-06-25,2015-06-22,5b7e09faef50262025253c0889030bb12ea46be3f1773ca9bbf475e10e521c3e,e1f5688afe86471892f35a36859dd7c37897f57ea7719c59b7bb016c0b534a86,bb3c19252a65a8bab4dc79a034dffda6bee8386123af42e6446d2897bced8819,d2f91067edd0b17a3bf776a77133fe0a93f1169de49e588fa7c1af26510d712e,/players/cedi-osman,31,,ndnet,"{""class"": ""Intl."", ""height"": ""6-8"", ""position"": ""SF"", ""weight"": ""215""}",{}
P831df49905,2015,nbadraft_2015,nbadraft,https://web.archive.org/web/20150624022313id_/http://www.nbadraft.net:80/2015mock_draft,http://www.nbadraft.net:80/2015mock_draft,2015-06-24T02:23:13+00:00,2015-06-25,2015-06-22,5b7e09faef50262025253c0889030bb12ea46be3f1773ca9bbf475e10e521c3e,e1f5688afe86471892f35a36859dd7c37897f57ea7719c59b7bb016c0b534a86,bb3c19252a65a8bab4dc79a034dffda6bee8386123af42e6446d2897bced8819,0d7a8624230968f15f4435d380b72103ad52220265d18832d69dd83666a062d8,/players/norman-powell,32,,ndnet,"{""class"": ""Sr."", ""height"": ""6-4"", ""position"": ""SG"", ""weight"": ""215""}",{}
P4a125216bc,2015,nbadraft_2015,nbadraft,https://web.archive.org/web/20150624022313id_/http://www.nbadraft.net:80/2015mock_draft,http://www.nbadraft.net:80/2015mock_draft,2015-06-24T02:23:13+00:00,2015-06-25,2015-06-22,5b7e09faef50262025253c0889030bb12ea46be3f1773ca9bbf475e10e521c3e,e1f5688afe86471892f35a36859dd7c37897f57ea7719c59b7bb016c0b534a86,bb3c19252a65a8bab4dc79a034dffda6bee8386123af42e6446d2897bced8819,8d61a2c030bf81f15599fe2cecb3222dd7e893bd0cb51482e437bf1425274de8,/players/jordan-mickey,33,,ndnet,"{""class"": ""So."", ""height"": ""6-8"", ""position"": ""PF"", ""weight"": ""240""}",{}
P128f74a48f,2015,nbadraft_2015,nbadraft,https://web.archive.org/web/20150624022313id_/http://www.nbadraft.net:80/2015mock_draft,http://www.nbadraft.net:80/2015mock_draft,2015-06-24T02:23:13+00:00,2015-06-25,2015-06-22,5b7e09faef50262025253c0889030bb12ea46be3f1773ca9bbf475e10e521c3e,e1f5688afe86471892f35a36859dd7c37897f57ea7719c59b7bb016c0b534a86,bb3c19252a65a8bab4dc79a034dffda6bee8386123af42e6446d2897bced8819,f2d52583bc5bd021e4ef81fc64587a11c824fd864f7ac3551ef02337e878d8ed,/players/chris-mccullough,34,,ndnet,"{""class"": ""Fr."", ""height"": ""6-9"", ""position"": ""PF"", ""weight"": ""200""}",{}
Pa24dadc449,2015,nbadraft_2015,nbadraft,https://web.archive.org/web/20150624022313id_/http://www.nbadraft.net:80/2015mock_draft,http://www.nbadraft.net:80/2015mock_draft,2015-06-24T02:23:13+00:00,2015-06-25,2015-06-22,5b7e09faef50262025253c0889030bb12ea46be3f1773ca9bbf475e10e521c3e,e1f5688afe86471892f35a36859dd7c37897f57ea7719c59b7bb016c0b534a86,bb3c19252a65a8bab4dc79a034dffda6bee8386123af42e6446d2897bced8819,ce6aae4227f12d15fbe6014a4feee7f3b7393cced60474d44feb739e0bd80c6e,/players/cliff-alexander,36,,ndnet,"{""class"": ""Fr."", ""height"": ""6-8"", ""position"": ""PF/C"", ""weight"": ""240""}",{}
P84b2e1b413,2015,nbadraft_2015,nbadraft,https://web.archive.org/web/20150624022313id_/http://www.nbadraft.net:80/2015mock_draft,http://www.nbadraft.net:80/2015mock_draft,2015-06-24T02:23:13+00:00,2015-06-25,2015-06-22,5b7e09faef50262025253c0889030bb12ea46be3f1773ca9bbf475e10e521c3e,e1f5688afe86471892f35a36859dd7c37897f57ea7719c59b7bb016c0b534a86,bb3c19252a65a8bab4dc79a034dffda6bee8386123af42e6446d2897bced8819,8a9a80e8245eee93cf3a9f539a9172f2dde37cfa025bcf96a737c0ed1c776e81,/players/christian-wood,37,,ndnet,"{""class"": ""So."", ""height"": ""6-10"", ""position"": ""PF"", ""weight"": ""215""}",{}
Pfd690eb68d,2015,nbadraft_2015,nbadraft,https://web.archive.org/web/20150624022313id_/http://www.nbadraft.net:80/2015mock_draft,http://www.nbadraft.net:80/2015mock_draft,2015-06-24T02:23:13+00:00,2015-06-25,2015-06-22,5b7e09faef50262025253c0889030bb12ea46be3f1773ca9bbf475e10e521c3e,e1f5688afe86471892f35a36859dd7c37897f57ea7719c59b7bb016c0b534a86,bb3c19252a65a8bab4dc79a034dffda6bee8386123af42e6446d2897bced8819,fd8013190ab0e7c49d1b927bbeeb4f6ad27bd1d2b6d7bc60da74fc75c59ec326,/players/terran-petteway,38,,ndnet,"{""class"": ""Jr."", ""height"": ""6-6"", ""position"": ""SF"", ""weight"": ""210""}",{}
Pcfe0d93659,2015,nbadraft_2015,nbadraft,https://web.archive.org/web/20150624022313id_/http://www.nbadraft.net:80/2015mock_draft,http://www.nbadraft.net:80/2015mock_draft,2015-06-24T02:23:13+00:00,2015-06-25,2015-06-22,5b7e09faef50262025253c0889030bb12ea46be3f1773ca9bbf475e10e521c3e,e1f5688afe86471892f35a36859dd7c37897f57ea7719c59b7bb016c0b534a86,bb3c19252a65a8bab4dc79a034dffda6bee8386123af42e6446d2897bced8819,d931c4d2fdda1d023dddd65396677c5dc973258774160eecaf16630ff3ae31d0,/players/olivier-hanlan,39,,ndnet,"{""class"": ""Jr."", ""height"": ""6-4"", ""position"": ""PG/SG"", ""weight"": ""185""}",{}
P2e8c779b09,2015,nbadraft_2015,nbadraft,https://web.archive.org/web/20150624022313id_/http://www.nbadraft.net:80/2015mock_draft,http://www.nbadraft.net:80/2015mock_draft,2015-06-24T02:23:13+00:00,2015-06-25,2015-06-22,5b7e09faef50262025253c0889030bb12ea46be3f1773ca9bbf475e10e521c3e,e1f5688afe86471892f35a36859dd7c37897f57ea7719c59b7bb016c0b534a86,bb3c19252a65a8bab4dc79a034dffda6bee8386123af42e6446d2897bced8819,18700fe9c25711cba5dfb0624c9f6c20f70897ff734806088fc207e0298bff93,/players/rakeem-christmas,41,,ndnet,"{""class"": ""Sr."", ""height"": ""6-9"", ""position"": ""PF/C"", ""weight"": ""245""}",{}
P4ba2b4830d,2015,nbadraft_2015,nbadraft,https://web.archive.org/web/20150624022313id_/http://www.nbadraft.net:80/2015mock_draft,http://www.nbadraft.net:80/2015mock_draft,2015-06-24T02:23:13+00:00,2015-06-25,2015-06-22,5b7e09faef50262025253c0889030bb12ea46be3f1773ca9bbf475e10e521c3e,e1f5688afe86471892f35a36859dd7c37897f57ea7719c59b7bb016c0b534a86,bb3c19252a65a8bab4dc79a034dffda6bee8386123af42e6446d2897bced8819,3fcb8abaca7c3fde70d7bc1578f6c6a29d797e8ee46504bb5189356ea68bdd94,/players/luis-montero,43,,ndnet,"{""class"": ""So."", ""height"": ""6-7"", ""position"": ""SG/SF"", ""weight"": ""180""}",{}
Pf21d262b1c,2015,nbadraft_2015,nbadraft,https://web.archive.org/web/20150624022313id_/http://www.nbadraft.net:80/2015mock_draft,http://www.nbadraft.net:80/2015mock_draft,2015-06-24T02:23:13+00:00,2015-06-25,2015-06-22,5b7e09faef50262025253c0889030bb12ea46be3f1773ca9bbf475e10e521c3e,e1f5688afe86471892f35a36859dd7c37897f57ea7719c59b7bb016c0b534a86,bb3c19252a65a8bab4dc79a034dffda6bee8386123af42e6446d2897bced8819,67e956f2a2537f4275aba692fd438e2881b46b73d53ec783935a7bdb6ea65f36,/players/dakari-johnson,45,,ndnet,"{""class"": ""So."", ""height"": ""7-0"", ""position"": ""C"", ""weight"": ""260""}",{}
P83f630794b,2015,nbadraft_2015,nbadraft,https://web.archive.org/web/20150624022313id_/http://www.nbadraft.net:80/2015mock_draft,http://www.nbadraft.net:80/2015mock_draft,2015-06-24T02:23:13+00:00,2015-06-25,2015-06-22,5b7e09faef50262025253c0889030bb12ea46be3f1773ca9bbf475e10e521c3e,e1f5688afe86471892f35a36859dd7c37897f57ea7719c59b7bb016c0b534a86,bb3c19252a65a8bab4dc79a034dffda6bee8386123af42e6446d2897bced8819,db3cc330dbbf0a0a678128ddc0755e513123f075a92530d2f9f77c3d83f0642c,/players/jp-tokoto,46,,ndnet,"{""class"": ""Jr."", ""height"": ""6-6"", ""position"": ""SG/SF"", ""weight"": ""195""}",{}
Pea73008ab4,2015,nbadraft_2015,nbadraft,https://web.archive.org/web/20150624022313id_/http://www.nbadraft.net:80/2015mock_draft,http://www.nbadraft.net:80/2015mock_draft,2015-06-24T02:23:13+00:00,2015-06-25,2015-06-22,5b7e09faef50262025253c0889030bb12ea46be3f1773ca9bbf475e10e521c3e,e1f5688afe86471892f35a36859dd7c37897f57ea7719c59b7bb016c0b534a86,bb3c19252a65a8bab4dc79a034dffda6bee8386123af42e6446d2897bced8819,ad6183becfbb7cba5804aad9ff1d48e2613b40e1a51606146de07b530f528584,/players/pat-connaughton,47,,ndnet,"{""class"": ""Sr."", ""height"": ""6-5"", ""position"": ""SG/SF"", ""weight"": ""215""}",{}
P944090784f,2015,nbadraft_2015,nbadraft,https://web.archive.org/web/20150624022313id_/http://www.nbadraft.net:80/2015mock_draft,http://www.nbadraft.net:80/2015mock_draft,2015-06-24T02:23:13+00:00,2015-06-25,2015-06-22,5b7e09faef50262025253c0889030bb12ea46be3f1773ca9bbf475e10e521c3e,e1f5688afe86471892f35a36859dd7c37897f57ea7719c59b7bb016c0b534a86,bb3c19252a65a8bab4dc79a034dffda6bee8386123af42e6446d2897bced8819,ef632928e8708ebc6d37d2ea24438a83f9b232654bfcb5ced5f7ad452af0c2ef,/players/josh-richardson,49,,ndnet,"{""class"": ""Sr."", ""height"": ""6-6"", ""position"": ""SG"", ""weight"": ""200""}",{}
Pf634b73f97,2015,nbadraft_2015,nbadraft,https://web.archive.org/web/20150624022313id_/http://www.nbadraft.net:80/2015mock_draft,http://www.nbadraft.net:80/2015mock_draft,2015-06-24T02:23:13+00:00,2015-06-25,2015-06-22,5b7e09faef50262025253c0889030bb12ea46be3f1773ca9bbf475e10e521c3e,e1f5688afe86471892f35a36859dd7c37897f57ea7719c59b7bb016c0b534a86,bb3c19252a65a8bab4dc79a034dffda6bee8386123af42e6446d2897bced8819,ddeb82059868e56602911744111fbabaae536cdf2fadc475075c3d2b4bf608d0,/players/anthony-brown,50,,ndnet,"{""class"": ""Sr."", ""height"": ""6-7"", ""position"": ""SG/SF"", ""weight"": ""210""}",{}
Pa48064fa8c,2015,nbadraft_2015,nbadraft,https://web.archive.org/web/20150624022313id_/http://www.nbadraft.net:80/2015mock_draft,http://www.nbadraft.net:80/2015mock_draft,2015-06-24T02:23:13+00:00,2015-06-25,2015-06-22,5b7e09faef50262025253c0889030bb12ea46be3f1773ca9bbf475e10e521c3e,e1f5688afe86471892f35a36859dd7c37897f57ea7719c59b7bb016c0b534a86,bb3c19252a65a8bab4dc79a034dffda6bee8386123af42e6446d2897bced8819,9fcf44d8c5ee8dd072eae28cbedc28c16436bc54ee34afd825be64da9eca2fec,/players/brandon-ashley,52,,ndnet,"{""class"": ""Jr."", ""height"": ""6-8"", ""position"": ""PF"", ""weight"": ""230""}",{}
P2c58b86e78,2015,nbadraft_2015,nbadraft,https://web.archive.org/web/20150624022313id_/http://www.nbadraft.net:80/2015mock_draft,http://www.nbadraft.net:80/2015mock_draft,2015-06-24T02:23:13+00:00,2015-06-25,2015-06-22,5b7e09faef50262025253c0889030bb12ea46be3f1773ca9bbf475e10e521c3e,e1f5688afe86471892f35a36859dd7c37897f57ea7719c59b7bb016c0b534a86,bb3c19252a65a8bab4dc79a034dffda6bee8386123af42e6446d2897bced8819,3ede10e40697f17e1152035c5da654781a269a6f215167974189cf7272ac54f9,/players/vince-hunter,53,,ndnet,"{""class"": ""So."", ""height"": ""6-7"", ""position"": ""SF/PF"", ""weight"": ""210""}",{}
P0ba0d4e186,2015,nbadraft_2015,nbadraft,https://web.archive.org/web/20150624022313id_/http://www.nbadraft.net:80/2015mock_draft,http://www.nbadraft.net:80/2015mock_draft,2015-06-24T02:23:13+00:00,2015-06-25,2015-06-22,5b7e09faef50262025253c0889030bb12ea46be3f1773ca9bbf475e10e521c3e,e1f5688afe86471892f35a36859dd7c37897f57ea7719c59b7bb016c0b534a86,bb3c19252a65a8bab4dc79a034dffda6bee8386123af42e6446d2897bced8819,51bb33f2ea7899b03396361074bff888d2cdb4a23d4cd53ac8c28bcfb95d109d,/players/andrew-harrison,54,,ndnet,"{""class"": ""So."", ""height"": ""6-6"", ""position"": ""PG/SG"", ""weight"": ""215""}",{}
Pd3473cff83,2015,nbadraft_2015,nbadraft,https://web.archive.org/web/20150624022313id_/http://www.nbadraft.net:80/2015mock_draft,http://www.nbadraft.net:80/2015mock_draft,2015-06-24T02:23:13+00:00,2015-06-25,2015-06-22,5b7e09faef50262025253c0889030bb12ea46be3f1773ca9bbf475e10e521c3e,e1f5688afe86471892f35a36859dd7c37897f57ea7719c59b7bb016c0b534a86,bb3c19252a65a8bab4dc79a034dffda6bee8386123af42e6446d2897bced8819,cb1be6b95276a815fd1e31e941ae5e788113f3fef8144059981abe90e59aaf49,/players/robert-upshaw,56,,ndnet,"{""class"": ""So."", ""height"": ""7-0"", ""position"": ""C"", ""weight"": ""260""}",{}
P9e418f4c91,2015,nbadraft_2015,nbadraft,https://web.archive.org/web/20150624022313id_/http://www.nbadraft.net:80/2015mock_draft,http://www.nbadraft.net:80/2015mock_draft,2015-06-24T02:23:13+00:00,2015-06-25,2015-06-22,5b7e09faef50262025253c0889030bb12ea46be3f1773ca9bbf475e10e521c3e,e1f5688afe86471892f35a36859dd7c37897f57ea7719c59b7bb016c0b534a86,bb3c19252a65a8bab4dc79a034dffda6bee8386123af42e6446d2897bced8819,564ed3cf41face752957751a1c32115e77fac37182132a124b1dcc020ec49395,/players/michael-frazier,57,,ndnet,"{""class"": ""Jr."", ""height"": ""6-5"", ""position"": ""SG"", ""weight"": ""200""}",{}
Pdaafce7eb6,2015,nbadraft_2015,nbadraft,https://web.archive.org/web/20150624022313id_/http://www.nbadraft.net:80/2015mock_draft,http://www.nbadraft.net:80/2015mock_draft,2015-06-24T02:23:13+00:00,2015-06-25,2015-06-22,5b7e09faef50262025253c0889030bb12ea46be3f1773ca9bbf475e10e521c3e,e1f5688afe86471892f35a36859dd7c37897f57ea7719c59b7bb016c0b534a86,bb3c19252a65a8bab4dc79a034dffda6bee8386123af42e6446d2897bced8819,35d2f4c3d15984ebee7ea3f949bfe51e1995ee1dd39652010d67177f9ab7b988,/players/larry-nance-jr,58,,ndnet,"{""class"": ""Sr."", ""height"": ""6-9"", ""position"": ""PF"", ""weight"": ""230""}",{}
P0fde3dedb2,2016,nbadraft_2016_fallback,nbadraft,https://web.archive.org/web/20160620184522id_/http://www.nbadraft.net/2016mock_draft,http://www.nbadraft.net/2016mock_draft,2016-06-20T18:45:22+00:00,2016-06-23,2016-06-20,c08e0bc5c556bed4c1267385a1b9f22693a59a34128ca63ce383ce2e546edebb,51d279537df75991b14305d05ab934a396734722593aaa15cd4ffbe7e52c9c79,1f88c65101d4276466f8ab415afad7f87b0ff71229080dfa71fe5d4f53023129,674c1eec88d1e3762d26fadf16e0fca4c29d2d07b819ab13bcac3033274f93d7,/players/ben-simmons,1,,ndnet,"{""class"": ""Fr."", ""height"": ""6-10"", ""position"": ""SF/PF"", ""weight"": ""240""}",{}
P117a6c6fb1,2016,nbadraft_2016_fallback,nbadraft,https://web.archive.org/web/20160620184522id_/http://www.nbadraft.net/2016mock_draft,http://www.nbadraft.net/2016mock_draft,2016-06-20T18:45:22+00:00,2016-06-23,2016-06-20,c08e0bc5c556bed4c1267385a1b9f22693a59a34128ca63ce383ce2e546edebb,51d279537df75991b14305d05ab934a396734722593aaa15cd4ffbe7e52c9c79,1f88c65101d4276466f8ab415afad7f87b0ff71229080dfa71fe5d4f53023129,941bc25fc444caa55ff503070f7f840c98200d23c709bc8842a1700134c0efc1,/players/brandon-ingram,2,,ndnet,"{""class"": ""Fr."", ""height"": ""6-9"", ""position"": ""SF"", ""weight"": ""195""}",{}
P4ec4ee54f1,2016,nbadraft_2016_fallback,nbadraft,https://web.archive.org/web/20160620184522id_/http://www.nbadraft.net/2016mock_draft,http://www.nbadraft.net/2016mock_draft,2016-06-20T18:45:22+00:00,2016-06-23,2016-06-20,c08e0bc5c556bed4c1267385a1b9f22693a59a34128ca63ce383ce2e546edebb,51d279537df75991b14305d05ab934a396734722593aaa15cd4ffbe7e52c9c79,1f88c65101d4276466f8ab415afad7f87b0ff71229080dfa71fe5d4f53023129,83989eabb705b33b7a096a50e54eb02dd0d4b029e3c7936c5ad8e8f47199310d,/players/buddy-hield,3,,ndnet,"{""class"": ""Sr."", ""height"": ""6-5"", ""position"": ""SG"", ""weight"": ""215""}",{}
P47380ec945,2016,nbadraft_2016_fallback,nbadraft,https://web.archive.org/web/20160620184522id_/http://www.nbadraft.net/2016mock_draft,http://www.nbadraft.net/2016mock_draft,2016-06-20T18:45:22+00:00,2016-06-23,2016-06-20,c08e0bc5c556bed4c1267385a1b9f22693a59a34128ca63ce383ce2e546edebb,51d279537df75991b14305d05ab934a396734722593aaa15cd4ffbe7e52c9c79,1f88c65101d4276466f8ab415afad7f87b0ff71229080dfa71fe5d4f53023129,ab2d2a9454d90a1ed76b48fb77fe2b730d9d024411e37945c19d7692b9ed88fe,/players/marquese-chriss,4,,ndnet,"{""class"": ""Fr."", ""height"": ""6-10"", ""position"": ""PF"", ""weight"": ""235""}",{}
P9155961dd2,2016,nbadraft_2016_fallback,nbadraft,https://web.archive.org/web/20160620184522id_/http://www.nbadraft.net/2016mock_draft,http://www.nbadraft.net/2016mock_draft,2016-06-20T18:45:22+00:00,2016-06-23,2016-06-20,c08e0bc5c556bed4c1267385a1b9f22693a59a34128ca63ce383ce2e546edebb,51d279537df75991b14305d05ab934a396734722593aaa15cd4ffbe7e52c9c79,1f88c65101d4276466f8ab415afad7f87b0ff71229080dfa71fe5d4f53023129,f999000d04eeb1fd8a2e87d42ca9a1d827d73965f87cd8ba032bb04a8316f7b1,/players/kris-dunn,5,,ndnet,"{""class"": ""Jr."", ""height"": ""6-4"", ""position"": ""PG"", ""weight"": ""220""}",{}
Pf9ebd1b271,2016,nbadraft_2016_fallback,nbadraft,https://web.archive.org/web/20160620184522id_/http://www.nbadraft.net/2016mock_draft,http://www.nbadraft.net/2016mock_draft,2016-06-20T18:45:22+00:00,2016-06-23,2016-06-20,c08e0bc5c556bed4c1267385a1b9f22693a59a34128ca63ce383ce2e546edebb,51d279537df75991b14305d05ab934a396734722593aaa15cd4ffbe7e52c9c79,1f88c65101d4276466f8ab415afad7f87b0ff71229080dfa71fe5d4f53023129,2c2527f002223857ee68625fed453eac66fabd8faac95db93c25f748ca393364,/players/jamal-murray,6,,ndnet,"{""class"": ""Fr."", ""height"": ""6-4"", ""position"": ""PG/SG"", ""weight"": ""205""}",{}
P53f786523f,2016,nbadraft_2016_fallback,nbadraft,https://web.archive.org/web/20160620184522id_/http://www.nbadraft.net/2016mock_draft,http://www.nbadraft.net/2016mock_draft,2016-06-20T18:45:22+00:00,2016-06-23,2016-06-20,c08e0bc5c556bed4c1267385a1b9f22693a59a34128ca63ce383ce2e546edebb,51d279537df75991b14305d05ab934a396734722593aaa15cd4ffbe7e52c9c79,1f88c65101d4276466f8ab415afad7f87b0ff71229080dfa71fe5d4f53023129,bae2c8254e37cc03c9274080a3877f65f8ea295b93b8a6abaa840e701e596bd5,/players/dragan-bender,7,,ndnet,"{""class"": ""Intl."", ""height"": ""7-0"", ""position"": ""PF"", ""weight"": ""220""}",{}
P620501ed0d,2016,nbadraft_2016_fallback,nbadraft,https://web.archive.org/web/20160620184522id_/http://www.nbadraft.net/2016mock_draft,http://www.nbadraft.net/2016mock_draft,2016-06-20T18:45:22+00:00,2016-06-23,2016-06-20,c08e0bc5c556bed4c1267385a1b9f22693a59a34128ca63ce383ce2e546edebb,51d279537df75991b14305d05ab934a396734722593aaa15cd4ffbe7e52c9c79,1f88c65101d4276466f8ab415afad7f87b0ff71229080dfa71fe5d4f53023129,1f23a75d8be8c7089538819b0c8af362fbe88ea61e23eab62e1ad3f0ab547cd0,/players/domantas-sabonis,8,,ndnet,"{""class"": ""So."", ""height"": ""6-10"", ""position"": ""PF/C"", ""weight"": ""240""}",{}
P88f4dbf943,2016,nbadraft_2016_fallback,nbadraft,https://web.archive.org/web/20160620184522id_/http://www.nbadraft.net/2016mock_draft,http://www.nbadraft.net/2016mock_draft,2016-06-20T18:45:22+00:00,2016-06-23,2016-06-20,c08e0bc5c556bed4c1267385a1b9f22693a59a34128ca63ce383ce2e546edebb,51d279537df75991b14305d05ab934a396734722593aaa15cd4ffbe7e52c9c79,1f88c65101d4276466f8ab415afad7f87b0ff71229080dfa71fe5d4f53023129,87835d948136bcfa907d746a9ff6f4733868b1ea340c142eaad94a9000eca744,/players/jakob-poeltl,9,,ndnet,"{""class"": ""So."", ""height"": ""7-1"", ""position"": ""C"", ""weight"": ""240""}",{}
P8a2a3c7c07,2016,nbadraft_2016_fallback,nbadraft,https://web.archive.org/web/20160620184522id_/http://www.nbadraft.net/2016mock_draft,http://www.nbadraft.net/2016mock_draft,2016-06-20T18:45:22+00:00,2016-06-23,2016-06-20,c08e0bc5c556bed4c1267385a1b9f22693a59a34128ca63ce383ce2e546edebb,51d279537df75991b14305d05ab934a396734722593aaa15cd4ffbe7e52c9c79,1f88c65101d4276466f8ab415afad7f87b0ff71229080dfa71fe5d4f53023129,34a2a742a1a8cbbe39ffb25e4223aec98083fd0d7305b9da5e6f2fd82620abc0,/players/jaylen-brown,10,,ndnet,"{""class"": ""Fr."", ""height"": ""6-6"", ""position"": ""SG/SF"", ""weight"": ""225""}",{}
Pd856e50561,2016,nbadraft_2016_fallback,nbadraft,https://web.archive.org/web/20160620184522id_/http://www.nbadraft.net/2016mock_draft,http://www.nbadraft.net/2016mock_draft,2016-06-20T18:45:22+00:00,2016-06-23,2016-06-20,c08e0bc5c556bed4c1267385a1b9f22693a59a34128ca63ce383ce2e546edebb,51d279537df75991b14305d05ab934a396734722593aaa15cd4ffbe7e52c9c79,1f88c65101d4276466f8ab415afad7f87b0ff71229080dfa71fe5d4f53023129,db4495a5bfc929659ac1d5db527667ab3db81c3c1419a66d9e24529783dc5589,/players/skal-labissiere,11,,ndnet,"{""class"": ""Fr."", ""height"": ""7-0"", ""position"": ""PF/C"", ""weight"": ""215""}",{}
P6f92e02de4,2016,nbadraft_2016_fallback,nbadraft,https://web.archive.org/web/20160620184522id_/http://www.nbadraft.net/2016mock_draft,http://www.nbadraft.net/2016mock_draft,2016-06-20T18:45:22+00:00,2016-06-23,2016-06-20,c08e0bc5c556bed4c1267385a1b9f22693a59a34128ca63ce383ce2e546edebb,51d279537df75991b14305d05ab934a396734722593aaa15cd4ffbe7e52c9c79,1f88c65101d4276466f8ab415afad7f87b0ff71229080dfa71fe5d4f53023129,7867e3ee7de2d4e86cab5032b039af579842c1232b19ce57c1edc04555a9cecc,/players/malachi-richardson,12,,ndnet,"{""class"": ""Fr."", ""height"": ""6-6"", ""position"": ""SG"", ""weight"": ""200""}",{}
Pc1c99fe2be,2016,nbadraft_2016_fallback,nbadraft,https://web.archive.org/web/20160620184522id_/http://www.nbadraft.net/2016mock_draft,http://www.nbadraft.net/2016mock_draft,2016-06-20T18:45:22+00:00,2016-06-23,2016-06-20,c08e0bc5c556bed4c1267385a1b9f22693a59a34128ca63ce383ce2e546edebb,51d279537df75991b14305d05ab934a396734722593aaa15cd4ffbe7e52c9c79,1f88c65101d4276466f8ab415afad7f87b0ff71229080dfa71fe5d4f53023129,b7f8e324cc4a38f475f50047a551ddda034f41758f7617380b48b90df7da1539,/players/dejounte-murray,13,,ndnet,"{""class"": ""Fr."", ""height"": ""6-5"", ""position"": ""PG/SG"", ""weight"": ""170""}",{}
P9668122fb9,2016,nbadraft_2016_fallback,nbadraft,https://web.archive.org/web/20160620184522id_/http://www.nbadraft.net/2016mock_draft,http://www.nbadraft.net/2016mock_draft,2016-06-20T18:45:22+00:00,2016-06-23,2016-06-20,c08e0bc5c556bed4c1267385a1b9f22693a59a34128ca63ce383ce2e546edebb,51d279537df75991b14305d05ab934a396734722593aaa15cd4ffbe7e52c9c79,1f88c65101d4276466f8ab415afad7f87b0ff71229080dfa71fe5d4f53023129,2d4f7f5ef4aee838fe34edb8d88e5aa493b8775727c81646f3d3b17fd9207f8f,/players/deyonta-davis,14,,ndnet,"{""class"": ""Fr."", ""height"": ""6-10"", ""position"": ""PF/C"", ""weight"": ""240""}",{}
P07954fea73,2016,nbadraft_2016_fallback,nbadraft,https://web.archive.org/web/20160620184522id_/http://www.nbadraft.net/2016mock_draft,http://www.nbadraft.net/2016mock_draft,2016-06-20T18:45:22+00:00,2016-06-23,2016-06-20,c08e0bc5c556bed4c1267385a1b9f22693a59a34128ca63ce383ce2e546edebb,51d279537df75991b14305d05ab934a396734722593aaa15cd4ffbe7e52c9c79,1f88c65101d4276466f8ab415afad7f87b0ff71229080dfa71fe5d4f53023129,b504e39c31943af4f5744b3a045bead868c68ca185aab9d1b5c8873921c07ef2,/players/furkan-korkmaz,15,,ndnet,"{""class"": ""Intl."", ""height"": ""6-7"", ""position"": ""SG"", ""weight"": ""175""}",{}
P9264b6e63a,2016,nbadraft_2016_fallback,nbadraft,https://web.archive.org/web/20160620184522id_/http://www.nbadraft.net/2016mock_draft,http://www.nbadraft.net/2016mock_draft,2016-06-20T18:45:22+00:00,2016-06-23,2016-06-20,c08e0bc5c556bed4c1267385a1b9f22693a59a34128ca63ce383ce2e546edebb,51d279537df75991b14305d05ab934a396734722593aaa15cd4ffbe7e52c9c79,1f88c65101d4276466f8ab415afad7f87b0ff71229080dfa71fe5d4f53023129,a47919635eff9e856f9ded9596259920c8c4af96ecb4eaa76bb02ba3723ced5a,/players/henry-ellenson,16,,ndnet,"{""class"": ""Fr."", ""height"": ""6-11"", ""position"": ""PF/C"", ""weight"": ""245""}",{}
P88064c1c05,2016,nbadraft_2016_fallback,nbadraft,https://web.archive.org/web/20160620184522id_/http://www.nbadraft.net/2016mock_draft,http://www.nbadraft.net/2016mock_draft,2016-06-20T18:45:22+00:00,2016-06-23,2016-06-20,c08e0bc5c556bed4c1267385a1b9f22693a59a34128ca63ce383ce2e546edebb,51d279537df75991b14305d05ab934a396734722593aaa15cd4ffbe7e52c9c79,1f88c65101d4276466f8ab415afad7f87b0ff71229080dfa71fe5d4f53023129,58600ad83011da6672a4121c374a1e2a959373af802099d58405e3002c62a22d,/players/denzel-valentine,18,,ndnet,"{""class"": ""Sr."", ""height"": ""6-5"", ""position"": ""SG/SF"", ""weight"": ""210""}",{}
P64adb31e4d,2016,nbadraft_2016_fallback,nbadraft,https://web.archive.org/web/20160620184522id_/http://www.nbadraft.net/2016mock_draft,http://www.nbadraft.net/2016mock_draft,2016-06-20T18:45:22+00:00,2016-06-23,2016-06-20,c08e0bc5c556bed4c1267385a1b9f22693a59a34128ca63ce383ce2e546edebb,51d279537df75991b14305d05ab934a396734722593aaa15cd4ffbe7e52c9c79,1f88c65101d4276466f8ab415afad7f87b0ff71229080dfa71fe5d4f53023129,156feb9218c19b5ef81543aa7ea30935d5d743f4c8d84e168ca2d38075138200,/players/ivica-zubac,19,,ndnet,"{""class"": ""Intl."", ""height"": ""7-0"", ""position"": ""C"", ""weight"": ""245""}",{}
P4a1b07df85,2016,nbadraft_2016_fallback,nbadraft,https://web.archive.org/web/20160620184522id_/http://www.nbadraft.net/2016mock_draft,http://www.nbadraft.net/2016mock_draft,2016-06-20T18:45:22+00:00,2016-06-23,2016-06-20,c08e0bc5c556bed4c1267385a1b9f22693a59a34128ca63ce383ce2e546edebb,51d279537df75991b14305d05ab934a396734722593aaa15cd4ffbe7e52c9c79,1f88c65101d4276466f8ab415afad7f87b0ff71229080dfa71fe5d4f53023129,0ac31148f85ab48e0ec6b3449b21c7b95bc96fb699b4516abfbae044e428d2a4,/players/malik-beasley,20,,ndnet,"{""class"": ""Fr."", ""height"": ""6-5"", ""position"": ""SG"", ""weight"": ""190""}",{}
Pd50459cb6d,2016,nbadraft_2016_fallback,nbadraft,https://web.archive.org/web/20160620184522id_/http://www.nbadraft.net/2016mock_draft,http://www.nbadraft.net/2016mock_draft,2016-06-20T18:45:22+00:00,2016-06-23,2016-06-20,c08e0bc5c556bed4c1267385a1b9f22693a59a34128ca63ce383ce2e546edebb,51d279537df75991b14305d05ab934a396734722593aaa15cd4ffbe7e52c9c79,1f88c65101d4276466f8ab415afad7f87b0ff71229080dfa71fe5d4f53023129,feead4061fb72b7ddb64a447bea316fa08ddbaaafd90d17d147926a6a3823068,/players/cheick-diallo,21,,ndnet,"{""class"": ""Fr."", ""height"": ""6-9"", ""position"": ""PF/C"", ""weight"": ""220""}",{}
P25bfc6427b,2016,nbadraft_2016_fallback,nbadraft,https://web.archive.org/web/20160620184522id_/http://www.nbadraft.net/2016mock_draft,http://www.nbadraft.net/2016mock_draft,2016-06-20T18:45:22+00:00,2016-06-23,2016-06-20,c08e0bc5c556bed4c1267385a1b9f22693a59a34128ca63ce383ce2e546edebb,51d279537df75991b14305d05ab934a396734722593aaa15cd4ffbe7e52c9c79,1f88c65101d4276466f8ab415afad7f87b0ff71229080dfa71fe5d4f53023129,7aebaa4f4ae5750eab4eced787838d875afdf6399801f27a3c1fe505a0864af4,/players/damian-jones,22,,ndnet,"{""class"": ""Jr."", ""height"": ""6-11"", ""position"": ""C"", ""weight"": ""245""}",{}
Pbfe4edf289,2016,nbadraft_2016_fallback,nbadraft,https://web.archive.org/web/20160620184522id_/http://www.nbadraft.net/2016mock_draft,http://www.nbadraft.net/2016mock_draft,2016-06-20T18:45:22+00:00,2016-06-23,2016-06-20,c08e0bc5c556bed4c1267385a1b9f22693a59a34128ca63ce383ce2e546edebb,51d279537df75991b14305d05ab934a396734722593aaa15cd4ffbe7e52c9c79,1f88c65101d4276466f8ab415afad7f87b0ff71229080dfa71fe5d4f53023129,6378d1b5b8f11283377cd67a632e256cf4e97f5586ea8895989c66ebb49585bb,/players/brice-johnson,23,,ndnet,"{""class"": ""Sr."", ""height"": ""6-10"", ""position"": ""PF"", ""weight"": ""210""}",{}
Pb3a7a6f86b,2016,nbadraft_2016_fallback,nbadraft,https://web.archive.org/web/20160620184522id_/http://www.nbadraft.net/2016mock_draft,http://www.nbadraft.net/2016mock_draft,2016-06-20T18:45:22+00:00,2016-06-23,2016-06-20,c08e0bc5c556bed4c1267385a1b9f22693a59a34128ca63ce383ce2e546edebb,51d279537df75991b14305d05ab934a396734722593aaa15cd4ffbe7e52c9c79,1f88c65101d4276466f8ab415afad7f87b0ff71229080dfa71fe5d4f53023129,2de7e1ec0417ccfc2967f802efde335080ac4f7c3e83ffbae3092001f019e3f0,/players/stephen-zimmerman,24,,ndnet,"{""class"": ""Fr."", ""height"": ""6-11"", ""position"": ""PF/C"", ""weight"": ""235""}",{}
Pddcf4609af,2016,nbadraft_2016_fallback,nbadraft,https://web.archive.org/web/20160620184522id_/http://www.nbadraft.net/2016mock_draft,http://www.nbadraft.net/2016mock_draft,2016-06-20T18:45:22+00:00,2016-06-23,2016-06-20,c08e0bc5c556bed4c1267385a1b9f22693a59a34128ca63ce383ce2e546edebb,51d279537df75991b14305d05ab934a396734722593aaa15cd4ffbe7e52c9c79,1f88c65101d4276466f8ab415afad7f87b0ff71229080dfa71fe5d4f53023129,c250b3d5e200f7fe2ff21a99e80375cd7409078e68fb15d6ab9e9d53de61d703,/players/deandre-bembry,25,,ndnet,"{""class"": ""Jr."", ""height"": ""6-5"", ""position"": ""SG/SF"", ""weight"": ""205""}",{}
Pa466887b08,2016,nbadraft_2016_fallback,nbadraft,https://web.archive.org/web/20160620184522id_/http://www.nbadraft.net/2016mock_draft,http://www.nbadraft.net/2016mock_draft,2016-06-20T18:45:22+00:00,2016-06-23,2016-06-20,c08e0bc5c556bed4c1267385a1b9f22693a59a34128ca63ce383ce2e546edebb,51d279537df75991b14305d05ab934a396734722593aaa15cd4ffbe7e52c9c79,1f88c65101d4276466f8ab415afad7f87b0ff71229080dfa71fe5d4f53023129,b649d536285e82dba87f4abca8f2f073bf516d3b68fb023cd69809e1d5de4266,/players/demetrius-jackson,26,,ndnet,"{""class"": ""Jr."", ""height"": ""6-1"", ""position"": ""PG"", ""weight"": ""195""}",{}
P4b59f5fe56,2016,nbadraft_2016_fallback,nbadraft,https://web.archive.org/web/20160620184522id_/http://www.nbadraft.net/2016mock_draft,http://www.nbadraft.net/2016mock_draft,2016-06-20T18:45:22+00:00,2016-06-23,2016-06-20,c08e0bc5c556bed4c1267385a1b9f22693a59a34128ca63ce383ce2e546edebb,51d279537df75991b14305d05ab934a396734722593aaa15cd4ffbe7e52c9c79,1f88c65101d4276466f8ab415afad7f87b0ff71229080dfa71fe5d4f53023129,b049447b2818f0edc3ed1927eba057492cbeb557832f33ece998cb9453bdd320,/players/thon-maker,27,,ndnet,"{""class"": ""HSSr."", ""height"": ""7-1"", ""position"": ""PF/C"", ""weight"": ""215""}","{""class"": ""Unrecognized class token; no inferred class year""}"
P1a32cd4176,2016,nbadraft_2016_fallback,nbadraft,https://web.archive.org/web/20160620184522id_/http://www.nbadraft.net/2016mock_draft,http://www.nbadraft.net/2016mock_draft,2016-06-20T18:45:22+00:00,2016-06-23,2016-06-20,c08e0bc5c556bed4c1267385a1b9f22693a59a34128ca63ce383ce2e546edebb,51d279537df75991b14305d05ab934a396734722593aaa15cd4ffbe7e52c9c79,1f88c65101d4276466f8ab415afad7f87b0ff71229080dfa71fe5d4f53023129,29c4436ff7acef795c35dea6948cb092ae73aea11338257563a6f4fec231d5a1,/players/ante-zizic,30,,ndnet,"{""class"": ""Intl."", ""height"": ""6-11"", ""position"": ""C"", ""weight"": ""230""}",{}
Pc5a8d9d1d6,2016,nbadraft_2016_fallback,nbadraft,https://web.archive.org/web/20160620184522id_/http://www.nbadraft.net/2016mock_draft,http://www.nbadraft.net/2016mock_draft,2016-06-20T18:45:22+00:00,2016-06-23,2016-06-20,c08e0bc5c556bed4c1267385a1b9f22693a59a34128ca63ce383ce2e546edebb,51d279537df75991b14305d05ab934a396734722593aaa15cd4ffbe7e52c9c79,1f88c65101d4276466f8ab415afad7f87b0ff71229080dfa71fe5d4f53023129,43e08cd5f868abe853e613dc9f21890715e8fd0e47148d8cbd50f670fa3a14d3,/players/taurean-prince,31,,ndnet,"{""class"": ""Sr."", ""height"": ""6-8"", ""position"": ""SF"", ""weight"": ""220""}",{}
Pfa4c05beee,2016,nbadraft_2016_fallback,nbadraft,https://web.archive.org/web/20160620184522id_/http://www.nbadraft.net/2016mock_draft,http://www.nbadraft.net/2016mock_draft,2016-06-20T18:45:22+00:00,2016-06-23,2016-06-20,c08e0bc5c556bed4c1267385a1b9f22693a59a34128ca63ce383ce2e546edebb,51d279537df75991b14305d05ab934a396734722593aaa15cd4ffbe7e52c9c79,1f88c65101d4276466f8ab415afad7f87b0ff71229080dfa71fe5d4f53023129,d5d005c45840ed40981930b4c8f9c1f687a52e4673dfe57fa1f807f8335d2af6,/players/diamond-stone,32,,ndnet,"{""class"": ""Fr."", ""height"": ""6-10"", ""position"": ""C"", ""weight"": ""255""}",{}
P85fbcb1dce,2016,nbadraft_2016_fallback,nbadraft,https://web.archive.org/web/20160620184522id_/http://www.nbadraft.net/2016mock_draft,http://www.nbadraft.net/2016mock_draft,2016-06-20T18:45:22+00:00,2016-06-23,2016-06-20,c08e0bc5c556bed4c1267385a1b9f22693a59a34128ca63ce383ce2e546edebb,51d279537df75991b14305d05ab934a396734722593aaa15cd4ffbe7e52c9c79,1f88c65101d4276466f8ab415afad7f87b0ff71229080dfa71fe5d4f53023129,00411af4d0d90872a0f2e38b208ebb89a042ec94c2af07a42347ee61ecd86593,/players/pascal-siakam,33,,ndnet,"{""class"": ""So."", ""height"": ""6-9"", ""position"": ""PF"", ""weight"": ""230""}",{}
P55d1c5e102,2016,nbadraft_2016_fallback,nbadraft,https://web.archive.org/web/20160620184522id_/http://www.nbadraft.net/2016mock_draft,http://www.nbadraft.net/2016mock_draft,2016-06-20T18:45:22+00:00,2016-06-23,2016-06-20,c08e0bc5c556bed4c1267385a1b9f22693a59a34128ca63ce383ce2e546edebb,51d279537df75991b14305d05ab934a396734722593aaa15cd4ffbe7e52c9c79,1f88c65101d4276466f8ab415afad7f87b0ff71229080dfa71fe5d4f53023129,a8196732e761ebcbe1f7dfedbf95feb469696bc108e62365da8d5e5f176dd4c7,/players/caris-levert,34,,ndnet,"{""class"": ""Sr."", ""height"": ""6-7"", ""position"": ""SG"", ""weight"": ""190""}",{}
Pd7c989b67a,2016,nbadraft_2016_fallback,nbadraft,https://web.archive.org/web/20160620184522id_/http://www.nbadraft.net/2016mock_draft,http://www.nbadraft.net/2016mock_draft,2016-06-20T18:45:22+00:00,2016-06-23,2016-06-20,c08e0bc5c556bed4c1267385a1b9f22693a59a34128ca63ce383ce2e546edebb,51d279537df75991b14305d05ab934a396734722593aaa15cd4ffbe7e52c9c79,1f88c65101d4276466f8ab415afad7f87b0ff71229080dfa71fe5d4f53023129,86779998b107242e99b2bdcffdb4c2875d4e68def3404b6aa8fb8e58159b5006,/players/guerschon-yabusele,35,,ndnet,"{""class"": ""Intl."", ""height"": ""6-8"", ""position"": ""PF"", ""weight"": ""260""}",{}
Pd5a40a7ee0,2016,nbadraft_2016_fallback,nbadraft,https://web.archive.org/web/20160620184522id_/http://www.nbadraft.net/2016mock_draft,http://www.nbadraft.net/2016mock_draft,2016-06-20T18:45:22+00:00,2016-06-23,2016-06-20,c08e0bc5c556bed4c1267385a1b9f22693a59a34128ca63ce383ce2e546edebb,51d279537df75991b14305d05ab934a396734722593aaa15cd4ffbe7e52c9c79,1f88c65101d4276466f8ab415afad7f87b0ff71229080dfa71fe5d4f53023129,79a15132021725d8e3b609aec0f901b8070c55f9bfaa04a481749cdf28810269,/players/ben-bentil,36,,ndnet,"{""class"": ""So."", ""height"": ""6-8"", ""position"": ""PF"", ""weight"": ""230""}",{}
Pf20205fffb,2016,nbadraft_2016_fallback,nbadraft,https://web.archive.org/web/20160620184522id_/http://www.nbadraft.net/2016mock_draft,http://www.nbadraft.net/2016mock_draft,2016-06-20T18:45:22+00:00,2016-06-23,2016-06-20,c08e0bc5c556bed4c1267385a1b9f22693a59a34128ca63ce383ce2e546edebb,51d279537df75991b14305d05ab934a396734722593aaa15cd4ffbe7e52c9c79,1f88c65101d4276466f8ab415afad7f87b0ff71229080dfa71fe5d4f53023129,43070add9f9f9d8bd0cfb1665a81e3b2eb059c74e6ff10e211bff17b83b008d4,/players/patrick-mccaw,37,,ndnet,"{""class"": ""So."", ""height"": ""6-6"", ""position"": ""SG"", ""weight"": ""180""}",{}
Pa307fde308,2016,nbadraft_2016_fallback,nbadraft,https://web.archive.org/web/20160620184522id_/http://www.nbadraft.net/2016mock_draft,http://www.nbadraft.net/2016mock_draft,2016-06-20T18:45:22+00:00,2016-06-23,2016-06-20,c08e0bc5c556bed4c1267385a1b9f22693a59a34128ca63ce383ce2e546edebb,51d279537df75991b14305d05ab934a396734722593aaa15cd4ffbe7e52c9c79,1f88c65101d4276466f8ab415afad7f87b0ff71229080dfa71fe5d4f53023129,628ef522f145bbb95720ad360aa5c886f8519c503429e44d48d967e94a8c3c7d,/players/michael-gbinije,38,,ndnet,"{""class"": ""Sr."", ""height"": ""6-7"", ""position"": ""SG/SF"", ""weight"": ""205""}",{}
Pd46f6361f5,2016,nbadraft_2016_fallback,nbadraft,https://web.archive.org/web/20160620184522id_/http://www.nbadraft.net/2016mock_draft,http://www.nbadraft.net/2016mock_draft,2016-06-20T18:45:22+00:00,2016-06-23,2016-06-20,c08e0bc5c556bed4c1267385a1b9f22693a59a34128ca63ce383ce2e546edebb,51d279537df75991b14305d05ab934a396734722593aaa15cd4ffbe7e52c9c79,1f88c65101d4276466f8ab415afad7f87b0ff71229080dfa71fe5d4f53023129,869aec5e0379a2c85c8673fec355b803abf241c8ccaf11d05c30201ce34a6bac,/players/joel-bolomboy,40,,ndnet,"{""class"": ""Sr."", ""height"": ""6-9"", ""position"": ""PF"", ""weight"": ""225""}",{}
Pf5fb4e36b6,2016,nbadraft_2016_fallback,nbadraft,https://web.archive.org/web/20160620184522id_/http://www.nbadraft.net/2016mock_draft,http://www.nbadraft.net/2016mock_draft,2016-06-20T18:45:22+00:00,2016-06-23,2016-06-20,c08e0bc5c556bed4c1267385a1b9f22693a59a34128ca63ce383ce2e546edebb,51d279537df75991b14305d05ab934a396734722593aaa15cd4ffbe7e52c9c79,1f88c65101d4276466f8ab415afad7f87b0ff71229080dfa71fe5d4f53023129,45670b548f0ed9dbcbc9414de6d43772880796a1219dc35db65f17fffb31edd4,/players/malcolm-brogdon,41,,ndnet,"{""class"": ""Sr."", ""height"": ""6-5"", ""position"": ""SG"", ""weight"": ""225""}",{}
Pf8b83ac1f0,2016,nbadraft_2016_fallback,nbadraft,https://web.archive.org/web/20160620184522id_/http://www.nbadraft.net/2016mock_draft,http://www.nbadraft.net/2016mock_draft,2016-06-20T18:45:22+00:00,2016-06-23,2016-06-20,c08e0bc5c556bed4c1267385a1b9f22693a59a34128ca63ce383ce2e546edebb,51d279537df75991b14305d05ab934a396734722593aaa15cd4ffbe7e52c9c79,1f88c65101d4276466f8ab415afad7f87b0ff71229080dfa71fe5d4f53023129,4dff6f603e571084dac7c3961e3ec5848bd982c0299f97220d5f2a645cf5edfc,/players/isaiah-whitehead,42,,ndnet,"{""class"": ""So."", ""height"": ""6-4"", ""position"": ""PG/SG"", ""weight"": ""210""}",{}
P9c2d575f48,2016,nbadraft_2016_fallback,nbadraft,https://web.archive.org/web/20160620184522id_/http://www.nbadraft.net/2016mock_draft,http://www.nbadraft.net/2016mock_draft,2016-06-20T18:45:22+00:00,2016-06-23,2016-06-20,c08e0bc5c556bed4c1267385a1b9f22693a59a34128ca63ce383ce2e546edebb,51d279537df75991b14305d05ab934a396734722593aaa15cd4ffbe7e52c9c79,1f88c65101d4276466f8ab415afad7f87b0ff71229080dfa71fe5d4f53023129,111ebc983f688737e4b49f070ccba117eaea18cd6831199f31cf275e92a5a5d7,/players/zhou-qi,43,,ndnet,"{""class"": ""Intl."", ""height"": ""7-2"", ""position"": ""PF/C"", ""weight"": ""215""}",{}
P55f0d03e7b,2016,nbadraft_2016_fallback,nbadraft,https://web.archive.org/web/20160620184522id_/http://www.nbadraft.net/2016mock_draft,http://www.nbadraft.net/2016mock_draft,2016-06-20T18:45:22+00:00,2016-06-23,2016-06-20,c08e0bc5c556bed4c1267385a1b9f22693a59a34128ca63ce383ce2e546edebb,51d279537df75991b14305d05ab934a396734722593aaa15cd4ffbe7e52c9c79,1f88c65101d4276466f8ab415afad7f87b0ff71229080dfa71fe5d4f53023129,ef8bf21d919969895951bb2fefab93a7943e596a870411687bb5e52dbdf86c98,/players/gary-payton-ii,44,,ndnet,"{""class"": ""Sr."", ""height"": ""6-3"", ""position"": ""PG/SG"", ""weight"": ""185""}",{}
P0edb7d3b99,2016,nbadraft_2016_fallback,nbadraft,https://web.archive.org/web/20160620184522id_/http://www.nbadraft.net/2016mock_draft,http://www.nbadraft.net/2016mock_draft,2016-06-20T18:45:22+00:00,2016-06-23,2016-06-20,c08e0bc5c556bed4c1267385a1b9f22693a59a34128ca63ce383ce2e546edebb,51d279537df75991b14305d05ab934a396734722593aaa15cd4ffbe7e52c9c79,1f88c65101d4276466f8ab415afad7f87b0ff71229080dfa71fe5d4f53023129,edaa32493ca0b224db8edc533cccb0c9d31182a461cd29389c442ab22876f13f,/players/tyler-ulis,45,,ndnet,"{""class"": ""So."", ""height"": ""5-10"", ""position"": ""PG"", ""weight"": ""150""}",{}
Pcf60b82b9d,2016,nbadraft_2016_fallback,nbadraft,https://web.archive.org/web/20160620184522id_/http://www.nbadraft.net/2016mock_draft,http://www.nbadraft.net/2016mock_draft,2016-06-20T18:45:22+00:00,2016-06-23,2016-06-20,c08e0bc5c556bed4c1267385a1b9f22693a59a34128ca63ce383ce2e546edebb,51d279537df75991b14305d05ab934a396734722593aaa15cd4ffbe7e52c9c79,1f88c65101d4276466f8ab415afad7f87b0ff71229080dfa71fe5d4f53023129,7ef87c399e8f085b6ed9dc512b45815f7a3db41b0c8a3a8f2548e20576eb23fc,/players/paul-zipser,49,,ndnet,"{""class"": ""Intl."", ""height"": ""6-8"", ""position"": ""SF"", ""weight"": ""210""}",{}
P3ea09a4d42,2016,nbadraft_2016_fallback,nbadraft,https://web.archive.org/web/20160620184522id_/http://www.nbadraft.net/2016mock_draft,http://www.nbadraft.net/2016mock_draft,2016-06-20T18:45:22+00:00,2016-06-23,2016-06-20,c08e0bc5c556bed4c1267385a1b9f22693a59a34128ca63ce383ce2e546edebb,51d279537df75991b14305d05ab934a396734722593aaa15cd4ffbe7e52c9c79,1f88c65101d4276466f8ab415afad7f87b0ff71229080dfa71fe5d4f53023129,c7c61e6796c7a8ffe5293a2714a1fe7763372b529b7ceefb1114fa0eee80edd3,/players/daniel-hamilton,50,,ndnet,"{""class"": ""So."", ""height"": ""6-7"", ""position"": ""SG/SF"", ""weight"": ""200""}",{}
P83cf60968a,2016,nbadraft_2016_fallback,nbadraft,https://web.archive.org/web/20160620184522id_/http://www.nbadraft.net/2016mock_draft,http://www.nbadraft.net/2016mock_draft,2016-06-20T18:45:22+00:00,2016-06-23,2016-06-20,c08e0bc5c556bed4c1267385a1b9f22693a59a34128ca63ce383ce2e546edebb,51d279537df75991b14305d05ab934a396734722593aaa15cd4ffbe7e52c9c79,1f88c65101d4276466f8ab415afad7f87b0ff71229080dfa71fe5d4f53023129,325696c4fc7449fa29cc01306d20e90fcd0662f2f2296b7d43aa0bb16a85f008,/players/petr-cornelie,53,,ndnet,"{""class"": ""Intl."", ""height"": ""6-11"", ""position"": ""PF/C"", ""weight"": ""210""}",{}
Pa8fc4b7ad7,2016,nbadraft_2016_fallback,nbadraft,https://web.archive.org/web/20160620184522id_/http://www.nbadraft.net/2016mock_draft,http://www.nbadraft.net/2016mock_draft,2016-06-20T18:45:22+00:00,2016-06-23,2016-06-20,c08e0bc5c556bed4c1267385a1b9f22693a59a34128ca63ce383ce2e546edebb,51d279537df75991b14305d05ab934a396734722593aaa15cd4ffbe7e52c9c79,1f88c65101d4276466f8ab415afad7f87b0ff71229080dfa71fe5d4f53023129,0c4296cda08bb7addff2c176860bf31fbc57d5396566671c334ae0ed1e37fe92,/players/jarrod-uthoff,54,,ndnet,"{""class"": ""Sr."", ""height"": ""6-10"", ""position"": ""PF"", ""weight"": ""215""}",{}
Pa7cb2c7354,2016,nbadraft_2016_fallback,nbadraft,https://web.archive.org/web/20160620184522id_/http://www.nbadraft.net/2016mock_draft,http://www.nbadraft.net/2016mock_draft,2016-06-20T18:45:22+00:00,2016-06-23,2016-06-20,c08e0bc5c556bed4c1267385a1b9f22693a59a34128ca63ce383ce2e546edebb,51d279537df75991b14305d05ab934a396734722593aaa15cd4ffbe7e52c9c79,1f88c65101d4276466f8ab415afad7f87b0ff71229080dfa71fe5d4f53023129,1204d64c420dd4789462416122cb564b994d0444d11af568b927d4754c99dba8,/players/wayne-selden,56,,ndnet,"{""class"": ""Jr."", ""height"": ""6-5"", ""position"": ""SG"", ""weight"": ""230""}",{}
P85b94bf602,2016,nbadraft_2016_fallback,nbadraft,https://web.archive.org/web/20160620184522id_/http://www.nbadraft.net/2016mock_draft,http://www.nbadraft.net/2016mock_draft,2016-06-20T18:45:22+00:00,2016-06-23,2016-06-20,c08e0bc5c556bed4c1267385a1b9f22693a59a34128ca63ce383ce2e546edebb,51d279537df75991b14305d05ab934a396734722593aaa15cd4ffbe7e52c9c79,1f88c65101d4276466f8ab415afad7f87b0ff71229080dfa71fe5d4f53023129,a66580fe6cb73fd9ab1d4a52d1149b04af479fa95d9ca4264aa36d65e883c4ee,/players/tyrone-wallace,57,,ndnet,"{""class"": ""Sr."", ""height"": ""6-5"", ""position"": ""PG/SG"", ""weight"": ""205""}",{}
P8e900c2247,2016,nbadraft_2016_fallback,nbadraft,https://web.archive.org/web/20160620184522id_/http://www.nbadraft.net/2016mock_draft,http://www.nbadraft.net/2016mock_draft,2016-06-20T18:45:22+00:00,2016-06-23,2016-06-20,c08e0bc5c556bed4c1267385a1b9f22693a59a34128ca63ce383ce2e546edebb,51d279537df75991b14305d05ab934a396734722593aaa15cd4ffbe7e52c9c79,1f88c65101d4276466f8ab415afad7f87b0ff71229080dfa71fe5d4f53023129,85600bf1667de995e9f82fa262d1f9b678c54f2bf815bccd835a7fd17b91a694,/players/aj-hammons,58,,ndnet,"{""class"": ""Sr."", ""height"": ""7-0"", ""position"": ""C"", ""weight"": ""260""}",{}
Pb3e495f583,2016,nbadraft_2016_fallback,nbadraft,https://web.archive.org/web/20160620184522id_/http://www.nbadraft.net/2016mock_draft,http://www.nbadraft.net/2016mock_draft,2016-06-20T18:45:22+00:00,2016-06-23,2016-06-20,c08e0bc5c556bed4c1267385a1b9f22693a59a34128ca63ce383ce2e546edebb,51d279537df75991b14305d05ab934a396734722593aaa15cd4ffbe7e52c9c79,1f88c65101d4276466f8ab415afad7f87b0ff71229080dfa71fe5d4f53023129,83dac44d0218ae2b4b451ec36b1c87967b3d290e8f29e1cdfa259a42c45f74af,/players/julian-jacobs,59,,ndnet,"{""class"": ""Jr."", ""height"": ""6-4"", ""position"": ""PG/SG"", ""weight"": ""180""}",{}
P521ea871d2,2016,nbadraft_2016_fallback,nbadraft,https://web.archive.org/web/20160620184522id_/http://www.nbadraft.net/2016mock_draft,http://www.nbadraft.net/2016mock_draft,2016-06-20T18:45:22+00:00,2016-06-23,2016-06-20,c08e0bc5c556bed4c1267385a1b9f22693a59a34128ca63ce383ce2e546edebb,51d279537df75991b14305d05ab934a396734722593aaa15cd4ffbe7e52c9c79,1f88c65101d4276466f8ab415afad7f87b0ff71229080dfa71fe5d4f53023129,491c7e4463a7e16a77fb8d8a6055f349e702533956b6a730b31d154819b6c525,/players/georges-niang,60,,ndnet,"{""class"": ""Sr."", ""height"": ""6-8"", ""position"": ""SF/PF"", ""weight"": ""230""}",{}
P25e61f80f8,2017,nbadraft_2017,nbadraft,https://web.archive.org/web/20170621031432id_/http://www.nbadraft.net:80/2017mock_draft,http://www.nbadraft.net:80/2017mock_draft,2017-06-21T03:14:32+00:00,2017-06-22,2017-06-20,aed622adb6221d7e747bd3dc34752b7984f1095541317d01a7368c95884a209f,5c6bf4291593684805c2de7a6150a9144a1af97b5357cd86c34ad684d33a6a3c,29ae778f1d07a6d5f35f3552459da02a62281028f287fd3e10956c6199243891,2ff3503468d80f88d2b6ebab03c077f384e7fa19a495f486fda0cf7fac436bd1,/players/markelle-fultz,1,,ndnet,"{""class"": ""Fr."", ""height"": ""6-4"", ""position"": ""PG"", ""weight"": ""190""}",{}
P6e7d02b021,2017,nbadraft_2017,nbadraft,https://web.archive.org/web/20170621031432id_/http://www.nbadraft.net:80/2017mock_draft,http://www.nbadraft.net:80/2017mock_draft,2017-06-21T03:14:32+00:00,2017-06-22,2017-06-20,aed622adb6221d7e747bd3dc34752b7984f1095541317d01a7368c95884a209f,5c6bf4291593684805c2de7a6150a9144a1af97b5357cd86c34ad684d33a6a3c,29ae778f1d07a6d5f35f3552459da02a62281028f287fd3e10956c6199243891,389cbb06f4edabeb8bc024f1f196c56b532b49d01cea7185306943d5c6fff51f,/players/lonzo-ball,2,,ndnet,"{""class"": ""Fr."", ""height"": ""6-6"", ""position"": ""PG"", ""weight"": ""190""}",{}
Pe56ae9c7aa,2017,nbadraft_2017,nbadraft,https://web.archive.org/web/20170621031432id_/http://www.nbadraft.net:80/2017mock_draft,http://www.nbadraft.net:80/2017mock_draft,2017-06-21T03:14:32+00:00,2017-06-22,2017-06-20,aed622adb6221d7e747bd3dc34752b7984f1095541317d01a7368c95884a209f,5c6bf4291593684805c2de7a6150a9144a1af97b5357cd86c34ad684d33a6a3c,29ae778f1d07a6d5f35f3552459da02a62281028f287fd3e10956c6199243891,de4b4332954041a0095b2a2812f6c928cab6b394ca8a4730fb5db5f2c7c9f8ab,/players/josh-jackson,3,,ndnet,"{""class"": ""Fr."", ""height"": ""6-8"", ""position"": ""SG/SF"", ""weight"": ""205""}",{}
Pe3864f9800,2017,nbadraft_2017,nbadraft,https://web.archive.org/web/20170621031432id_/http://www.nbadraft.net:80/2017mock_draft,http://www.nbadraft.net:80/2017mock_draft,2017-06-21T03:14:32+00:00,2017-06-22,2017-06-20,aed622adb6221d7e747bd3dc34752b7984f1095541317d01a7368c95884a209f,5c6bf4291593684805c2de7a6150a9144a1af97b5357cd86c34ad684d33a6a3c,29ae778f1d07a6d5f35f3552459da02a62281028f287fd3e10956c6199243891,6c4c31467ebc9c2eca412c5a8340172d49de1736de310d2f13e4df5b59d636bc,/players/jonathan-isaac,4,,ndnet,"{""class"": ""Fr."", ""height"": ""6-10"", ""position"": ""SF/PF"", ""weight"": ""210""}",{}
P6f43cf2ee3,2017,nbadraft_2017,nbadraft,https://web.archive.org/web/20170621031432id_/http://www.nbadraft.net:80/2017mock_draft,http://www.nbadraft.net:80/2017mock_draft,2017-06-21T03:14:32+00:00,2017-06-22,2017-06-20,aed622adb6221d7e747bd3dc34752b7984f1095541317d01a7368c95884a209f,5c6bf4291593684805c2de7a6150a9144a1af97b5357cd86c34ad684d33a6a3c,29ae778f1d07a6d5f35f3552459da02a62281028f287fd3e10956c6199243891,b18ee1ed01090ea774294bcef034b222b6866fdfad38742c24fa34851a27a88e,/players/deaaron-fox,5,,ndnet,"{""class"": ""Fr."", ""height"": ""6-3"", ""position"": ""PG"", ""weight"": ""170""}",{}
P8a2034c01d,2017,nbadraft_2017,nbadraft,https://web.archive.org/web/20170621031432id_/http://www.nbadraft.net:80/2017mock_draft,http://www.nbadraft.net:80/2017mock_draft,2017-06-21T03:14:32+00:00,2017-06-22,2017-06-20,aed622adb6221d7e747bd3dc34752b7984f1095541317d01a7368c95884a209f,5c6bf4291593684805c2de7a6150a9144a1af97b5357cd86c34ad684d33a6a3c,29ae778f1d07a6d5f35f3552459da02a62281028f287fd3e10956c6199243891,961561f91d48d58ad210e4d6f2f6f13608c9fdbaf0a25c048cb3fb7aef00c7e4,/players/jayson-tatum,6,,ndnet,"{""class"": ""Fr."", ""height"": ""6-8"", ""position"": ""SF"", ""weight"": ""205""}",{}
P4a000d48b0,2017,nbadraft_2017,nbadraft,https://web.archive.org/web/20170621031432id_/http://www.nbadraft.net:80/2017mock_draft,http://www.nbadraft.net:80/2017mock_draft,2017-06-21T03:14:32+00:00,2017-06-22,2017-06-20,aed622adb6221d7e747bd3dc34752b7984f1095541317d01a7368c95884a209f,5c6bf4291593684805c2de7a6150a9144a1af97b5357cd86c34ad684d33a6a3c,29ae778f1d07a6d5f35f3552459da02a62281028f287fd3e10956c6199243891,920ae1afb37817471ec33efbff8fba7dc5f282e247d38cde7ea25f5bde2bafd7,/players/malik-monk,7,,ndnet,"{""class"": ""Fr."", ""height"": ""6-3"", ""position"": ""SG"", ""weight"": ""200""}",{}
P46cfb45fde,2017,nbadraft_2017,nbadraft,https://web.archive.org/web/20170621031432id_/http://www.nbadraft.net:80/2017mock_draft,http://www.nbadraft.net:80/2017mock_draft,2017-06-21T03:14:32+00:00,2017-06-22,2017-06-20,aed622adb6221d7e747bd3dc34752b7984f1095541317d01a7368c95884a209f,5c6bf4291593684805c2de7a6150a9144a1af97b5357cd86c34ad684d33a6a3c,29ae778f1d07a6d5f35f3552459da02a62281028f287fd3e10956c6199243891,01ba34f5a04e9f41d6a0c4056ee742cb3e0a601145b279a8674172ab400dd0b4,/players/frank-ntilikina,8,,ndnet,"{""class"": ""Intl."", ""height"": ""6-5"", ""position"": ""PG"", ""weight"": ""190""}",{}
Pe6fe5c747b,2017,nbadraft_2017,nbadraft,https://web.archive.org/web/20170621031432id_/http://www.nbadraft.net:80/2017mock_draft,http://www.nbadraft.net:80/2017mock_draft,2017-06-21T03:14:32+00:00,2017-06-22,2017-06-20,aed622adb6221d7e747bd3dc34752b7984f1095541317d01a7368c95884a209f,5c6bf4291593684805c2de7a6150a9144a1af97b5357cd86c34ad684d33a6a3c,29ae778f1d07a6d5f35f3552459da02a62281028f287fd3e10956c6199243891,2cab57b79db68d92e9100afcbc56e1f44a2a0f51156a7d7bceeb50da2e9112d5,/players/zach-collins,10,,ndnet,"{""class"": ""Fr."", ""height"": ""6-11"", ""position"": ""C"", ""weight"": ""230""}",{}
Pf62abcdcde,2017,nbadraft_2017,nbadraft,https://web.archive.org/web/20170621031432id_/http://www.nbadraft.net:80/2017mock_draft,http://www.nbadraft.net:80/2017mock_draft,2017-06-21T03:14:32+00:00,2017-06-22,2017-06-20,aed622adb6221d7e747bd3dc34752b7984f1095541317d01a7368c95884a209f,5c6bf4291593684805c2de7a6150a9144a1af97b5357cd86c34ad684d33a6a3c,29ae778f1d07a6d5f35f3552459da02a62281028f287fd3e10956c6199243891,c8fb0e27583a2085d9c94e9aff79192b44d5d041009afc1cc58ffd8309da31ab,/players/lauri-markkanen,11,,ndnet,"{""class"": ""Fr."", ""height"": ""7-0"", ""position"": ""PF"", ""weight"": ""230""}",{}
P71b16faf7a,2017,nbadraft_2017,nbadraft,https://web.archive.org/web/20170621031432id_/http://www.nbadraft.net:80/2017mock_draft,http://www.nbadraft.net:80/2017mock_draft,2017-06-21T03:14:32+00:00,2017-06-22,2017-06-20,aed622adb6221d7e747bd3dc34752b7984f1095541317d01a7368c95884a209f,5c6bf4291593684805c2de7a6150a9144a1af97b5357cd86c34ad684d33a6a3c,29ae778f1d07a6d5f35f3552459da02a62281028f287fd3e10956c6199243891,5bcba97945864c096e472599b61605737366c8f0e7ea26c7b892a916291c8638,/players/luke-kennard,12,,ndnet,"{""class"": ""So."", ""height"": ""6-6"", ""position"": ""SG"", ""weight"": ""195""}",{}
P49d50fc2b5,2017,nbadraft_2017,nbadraft,https://web.archive.org/web/20170621031432id_/http://www.nbadraft.net:80/2017mock_draft,http://www.nbadraft.net:80/2017mock_draft,2017-06-21T03:14:32+00:00,2017-06-22,2017-06-20,aed622adb6221d7e747bd3dc34752b7984f1095541317d01a7368c95884a209f,5c6bf4291593684805c2de7a6150a9144a1af97b5357cd86c34ad684d33a6a3c,29ae778f1d07a6d5f35f3552459da02a62281028f287fd3e10956c6199243891,da741282630b6b84d20b80c958bc7c0842bcfad7a858887f81894590cec29be2,/players/john-collins,13,,ndnet,"{""class"": ""So."", ""height"": ""6-9"", ""position"": ""PF/C"", ""weight"": ""225""}",{}
Pdb3bcb3fc8,2017,nbadraft_2017,nbadraft,https://web.archive.org/web/20170621031432id_/http://www.nbadraft.net:80/2017mock_draft,http://www.nbadraft.net:80/2017mock_draft,2017-06-21T03:14:32+00:00,2017-06-22,2017-06-20,aed622adb6221d7e747bd3dc34752b7984f1095541317d01a7368c95884a209f,5c6bf4291593684805c2de7a6150a9144a1af97b5357cd86c34ad684d33a6a3c,29ae778f1d07a6d5f35f3552459da02a62281028f287fd3e10956c6199243891,5c2225d1a7661613b48b3830500d78d8cf360ea740a4fcfa3836739b7670b199,/players/donovan-mitchell,14,,ndnet,"{""class"": ""So."", ""height"": ""6-2"", ""position"": ""SG"", ""weight"": ""210""}",{}
P2c3a1eb46b,2017,nbadraft_2017,nbadraft,https://web.archive.org/web/20170621031432id_/http://www.nbadraft.net:80/2017mock_draft,http://www.nbadraft.net:80/2017mock_draft,2017-06-21T03:14:32+00:00,2017-06-22,2017-06-20,aed622adb6221d7e747bd3dc34752b7984f1095541317d01a7368c95884a209f,5c6bf4291593684805c2de7a6150a9144a1af97b5357cd86c34ad684d33a6a3c,29ae778f1d07a6d5f35f3552459da02a62281028f287fd3e10956c6199243891,f44820364bbee4ff64fd0b72f6b361d39a5b43ea488152b5436fd1bbc721abf9,/players/justin-patton,15,,ndnet,"{""class"": ""Fr."", ""height"": ""6-11"", ""position"": ""C"", ""weight"": ""230""}",{}
P0af0ac79ae,2017,nbadraft_2017,nbadraft,https://web.archive.org/web/20170621031432id_/http://www.nbadraft.net:80/2017mock_draft,http://www.nbadraft.net:80/2017mock_draft,2017-06-21T03:14:32+00:00,2017-06-22,2017-06-20,aed622adb6221d7e747bd3dc34752b7984f1095541317d01a7368c95884a209f,5c6bf4291593684805c2de7a6150a9144a1af97b5357cd86c34ad684d33a6a3c,29ae778f1d07a6d5f35f3552459da02a62281028f287fd3e10956c6199243891,c054a8d6d51ac63cdbd6232429cd98e15ad143591bb3346a2d4e8509c797fd50,/players/jarrett-allen,16,,ndnet,"{""class"": ""Fr."", ""height"": ""6-10"", ""position"": ""C"", ""weight"": ""235""}",{}
Pf18fe42b62,2017,nbadraft_2017,nbadraft,https://web.archive.org/web/20170621031432id_/http://www.nbadraft.net:80/2017mock_draft,http://www.nbadraft.net:80/2017mock_draft,2017-06-21T03:14:32+00:00,2017-06-22,2017-06-20,aed622adb6221d7e747bd3dc34752b7984f1095541317d01a7368c95884a209f,5c6bf4291593684805c2de7a6150a9144a1af97b5357cd86c34ad684d33a6a3c,29ae778f1d07a6d5f35f3552459da02a62281028f287fd3e10956c6199243891,3ae1d1ad1a41c8f6666bd3e1b777eeffe4b0c3e579fca484fbe4ad9e3cf9bec6,/players/bam-adebayo,17,,ndnet,"{""class"": ""Fr."", ""height"": ""6-10"", ""position"": ""PF/C"", ""weight"": ""245""}",{}
P032d23c9d9,2017,nbadraft_2017,nbadraft,https://web.archive.org/web/20170621031432id_/http://www.nbadraft.net:80/2017mock_draft,http://www.nbadraft.net:80/2017mock_draft,2017-06-21T03:14:32+00:00,2017-06-22,2017-06-20,aed622adb6221d7e747bd3dc34752b7984f1095541317d01a7368c95884a209f,5c6bf4291593684805c2de7a6150a9144a1af97b5357cd86c34ad684d33a6a3c,29ae778f1d07a6d5f35f3552459da02a62281028f287fd3e10956c6199243891,b99a25f5067aa0527287b697cc5a0369e368cfedfb2ac99e4ff0e8095ff3aabb,/players/kyle-kuzma,18,,ndnet,"{""class"": ""Jr."", ""height"": ""6-9"", ""position"": ""PF"", ""weight"": ""225""}",{}
P24e5e8b7dc,2017,nbadraft_2017,nbadraft,https://web.archive.org/web/20170621031432id_/http://www.nbadraft.net:80/2017mock_draft,http://www.nbadraft.net:80/2017mock_draft,2017-06-21T03:14:32+00:00,2017-06-22,2017-06-20,aed622adb6221d7e747bd3dc34752b7984f1095541317d01a7368c95884a209f,5c6bf4291593684805c2de7a6150a9144a1af97b5357cd86c34ad684d33a6a3c,29ae778f1d07a6d5f35f3552459da02a62281028f287fd3e10956c6199243891,1018f580ba96377d61d87bc8209c888712f47c73b33a4b249122ca356f6fcf49,/players/justin-jackson,19,,ndnet,"{""class"": ""Jr."", ""height"": ""6-8"", ""position"": ""SF"", ""weight"": ""200""}",{}
Pcc7ddb9ab9,2017,nbadraft_2017,nbadraft,https://web.archive.org/web/20170621031432id_/http://www.nbadraft.net:80/2017mock_draft,http://www.nbadraft.net:80/2017mock_draft,2017-06-21T03:14:32+00:00,2017-06-22,2017-06-20,aed622adb6221d7e747bd3dc34752b7984f1095541317d01a7368c95884a209f,5c6bf4291593684805c2de7a6150a9144a1af97b5357cd86c34ad684d33a6a3c,29ae778f1d07a6d5f35f3552459da02a62281028f287fd3e10956c6199243891,64cd0d7d88f0185472456bbf93115735ffbcb215951bf4c8a7987123a57bf46b,/players/tj-leaf,20,,ndnet,"{""class"": ""Fr."", ""height"": ""6-10"", ""position"": ""PF"", ""weight"": ""225""}",{}
Pf781dda14b,2017,nbadraft_2017,nbadraft,https://web.archive.org/web/20170621031432id_/http://www.nbadraft.net:80/2017mock_draft,http://www.nbadraft.net:80/2017mock_draft,2017-06-21T03:14:32+00:00,2017-06-22,2017-06-20,aed622adb6221d7e747bd3dc34752b7984f1095541317d01a7368c95884a209f,5c6bf4291593684805c2de7a6150a9144a1af97b5357cd86c34ad684d33a6a3c,29ae778f1d07a6d5f35f3552459da02a62281028f287fd3e10956c6199243891,5fc95803efc12582218c666e9bb9ec967f9d88d49a68bd7a34c4a784e38c2e62,/players/ivan-rabb,21,,ndnet,"{""class"": ""So."", ""height"": ""6-10"", ""position"": ""PF/C"", ""weight"": ""220""}",{}
P16938f3fa9,2017,nbadraft_2017,nbadraft,https://web.archive.org/web/20170621031432id_/http://www.nbadraft.net:80/2017mock_draft,http://www.nbadraft.net:80/2017mock_draft,2017-06-21T03:14:32+00:00,2017-06-22,2017-06-20,aed622adb6221d7e747bd3dc34752b7984f1095541317d01a7368c95884a209f,5c6bf4291593684805c2de7a6150a9144a1af97b5357cd86c34ad684d33a6a3c,29ae778f1d07a6d5f35f3552459da02a62281028f287fd3e10956c6199243891,62c15e039f46252a0546ba8027e37d525a757bffac89b2426e9e1a3f630c241c,/players/jawun-evans,23,,ndnet,"{""class"": ""So."", ""height"": ""6-0"", ""position"": ""PG"", ""weight"": ""185""}",{}
P54d4de841c,2017,nbadraft_2017,nbadraft,https://web.archive.org/web/20170621031432id_/http://www.nbadraft.net:80/2017mock_draft,http://www.nbadraft.net:80/2017mock_draft,2017-06-21T03:14:32+00:00,2017-06-22,2017-06-20,aed622adb6221d7e747bd3dc34752b7984f1095541317d01a7368c95884a209f,5c6bf4291593684805c2de7a6150a9144a1af97b5357cd86c34ad684d33a6a3c,29ae778f1d07a6d5f35f3552459da02a62281028f287fd3e10956c6199243891,752b6c3b4deafa8496814070e7fae91c08a0a248a73942c869efa3a862562587,/players/terrance-ferguson,24,,ndnet,"{""class"": ""Intl."", ""height"": ""6-7"", ""position"": ""SG"", ""weight"": ""185""}",{}
P1e22570fac,2017,nbadraft_2017,nbadraft,https://web.archive.org/web/20170621031432id_/http://www.nbadraft.net:80/2017mock_draft,http://www.nbadraft.net:80/2017mock_draft,2017-06-21T03:14:32+00:00,2017-06-22,2017-06-20,aed622adb6221d7e747bd3dc34752b7984f1095541317d01a7368c95884a209f,5c6bf4291593684805c2de7a6150a9144a1af97b5357cd86c34ad684d33a6a3c,29ae778f1d07a6d5f35f3552459da02a62281028f287fd3e10956c6199243891,8da12d6290d8875c85d73a2639b8cce223a4ed5c52867c306776f9cef59df71c,/players/og-anunoby,25,,ndnet,"{""class"": ""So."", ""height"": ""6-7"", ""position"": ""SF/PF"", ""weight"": ""235""}",{}
P551a484de7,2017,nbadraft_2017,nbadraft,https://web.archive.org/web/20170621031432id_/http://www.nbadraft.net:80/2017mock_draft,http://www.nbadraft.net:80/2017mock_draft,2017-06-21T03:14:32+00:00,2017-06-22,2017-06-20,aed622adb6221d7e747bd3dc34752b7984f1095541317d01a7368c95884a209f,5c6bf4291593684805c2de7a6150a9144a1af97b5357cd86c34ad684d33a6a3c,29ae778f1d07a6d5f35f3552459da02a62281028f287fd3e10956c6199243891,efaa678dad9542ffbb3264bab157ac9ea74d5fbc251d67b284ea98fa283eedea,/players/jordan-bell,26,,ndnet,"{""class"": ""Jr."", ""height"": ""6-8"", ""position"": ""PF/C"", ""weight"": ""225""}",{}
P459acdec33,2017,nbadraft_2017,nbadraft,https://web.archive.org/web/20170621031432id_/http://www.nbadraft.net:80/2017mock_draft,http://www.nbadraft.net:80/2017mock_draft,2017-06-21T03:14:32+00:00,2017-06-22,2017-06-20,aed622adb6221d7e747bd3dc34752b7984f1095541317d01a7368c95884a209f,5c6bf4291593684805c2de7a6150a9144a1af97b5357cd86c34ad684d33a6a3c,29ae778f1d07a6d5f35f3552459da02a62281028f287fd3e10956c6199243891,d9c8c7ba7f5f48591b03e57fa9e1af2967df6b5942c4ccf309a5dd7ab71ce828,/players/dj-wilson,27,,ndnet,"{""class"": ""Jr."", ""height"": ""6-10"", ""position"": ""PF"", ""weight"": ""235""}",{}
Pa79b34cca8,2017,nbadraft_2017,nbadraft,https://web.archive.org/web/20170621031432id_/http://www.nbadraft.net:80/2017mock_draft,http://www.nbadraft.net:80/2017mock_draft,2017-06-21T03:14:32+00:00,2017-06-22,2017-06-20,aed622adb6221d7e747bd3dc34752b7984f1095541317d01a7368c95884a209f,5c6bf4291593684805c2de7a6150a9144a1af97b5357cd86c34ad684d33a6a3c,29ae778f1d07a6d5f35f3552459da02a62281028f287fd3e10956c6199243891,36f7b477502e23c20e5abaf10a7ec9059e700efa90cad9d4c4303c4cef6739f7,/players/derrick-white,29,,ndnet,"{""class"": ""Sr."", ""height"": ""6-4"", ""position"": ""PG/SG"", ""weight"": ""190""}",{}
P2ad4235514,2017,nbadraft_2017,nbadraft,https://web.archive.org/web/20170621031432id_/http://www.nbadraft.net:80/2017mock_draft,http://www.nbadraft.net:80/2017mock_draft,2017-06-21T03:14:32+00:00,2017-06-22,2017-06-20,aed622adb6221d7e747bd3dc34752b7984f1095541317d01a7368c95884a209f,5c6bf4291593684805c2de7a6150a9144a1af97b5357cd86c34ad684d33a6a3c,29ae778f1d07a6d5f35f3552459da02a62281028f287fd3e10956c6199243891,206c480ef432d40a6d6da831383d4a9b8a38507f381973573afb21cc3d825930,/players/isaiah-hartenstein,30,,ndnet,"{""class"": ""Intl."", ""height"": ""7-0"", ""position"": ""PF"", ""weight"": ""250""}",{}
P38e6db5ca1,2017,nbadraft_2017,nbadraft,https://web.archive.org/web/20170621031432id_/http://www.nbadraft.net:80/2017mock_draft,http://www.nbadraft.net:80/2017mock_draft,2017-06-21T03:14:32+00:00,2017-06-22,2017-06-20,aed622adb6221d7e747bd3dc34752b7984f1095541317d01a7368c95884a209f,5c6bf4291593684805c2de7a6150a9144a1af97b5357cd86c34ad684d33a6a3c,29ae778f1d07a6d5f35f3552459da02a62281028f287fd3e10956c6199243891,a03f4cb33720f2cb62e5d29e7bcda579b69631fb48c7446a00f746b093818448,/players/frank-jackson,31,,ndnet,"{""class"": ""Fr."", ""height"": ""6-3"", ""position"": ""PG/SG"", ""weight"": ""200""}",{}
P204a101867,2017,nbadraft_2017,nbadraft,https://web.archive.org/web/20170621031432id_/http://www.nbadraft.net:80/2017mock_draft,http://www.nbadraft.net:80/2017mock_draft,2017-06-21T03:14:32+00:00,2017-06-22,2017-06-20,aed622adb6221d7e747bd3dc34752b7984f1095541317d01a7368c95884a209f,5c6bf4291593684805c2de7a6150a9144a1af97b5357cd86c34ad684d33a6a3c,29ae778f1d07a6d5f35f3552459da02a62281028f287fd3e10956c6199243891,9c4e0a393b2bfc8f8d363a61e30deaeaa07946d8eb80460a367fcd22231b89c7,/players/caleb-swanigan,32,,ndnet,"{""class"": ""So."", ""height"": ""6-9"", ""position"": ""PF/C"", ""weight"": ""250""}",{}
P2e6be7d23b,2017,nbadraft_2017,nbadraft,https://web.archive.org/web/20170621031432id_/http://www.nbadraft.net:80/2017mock_draft,http://www.nbadraft.net:80/2017mock_draft,2017-06-21T03:14:32+00:00,2017-06-22,2017-06-20,aed622adb6221d7e747bd3dc34752b7984f1095541317d01a7368c95884a209f,5c6bf4291593684805c2de7a6150a9144a1af97b5357cd86c34ad684d33a6a3c,29ae778f1d07a6d5f35f3552459da02a62281028f287fd3e10956c6199243891,81779acd32b0c3badb7f943cd3678ce70f8eb6229ea605993cf42332813739fe,/players/tony-bradley,33,,ndnet,"{""class"": ""Fr."", ""height"": ""6-10"", ""position"": ""C"", ""weight"": ""250""}",{}
Pc4f84bc197,2017,nbadraft_2017,nbadraft,https://web.archive.org/web/20170621031432id_/http://www.nbadraft.net:80/2017mock_draft,http://www.nbadraft.net:80/2017mock_draft,2017-06-21T03:14:32+00:00,2017-06-22,2017-06-20,aed622adb6221d7e747bd3dc34752b7984f1095541317d01a7368c95884a209f,5c6bf4291593684805c2de7a6150a9144a1af97b5357cd86c34ad684d33a6a3c,29ae778f1d07a6d5f35f3552459da02a62281028f287fd3e10956c6199243891,cd95ba58c95e32ffc42dfed7481703c77add69d59841752a090981073bf74477,/players/semi-ojeleye,34,,ndnet,"{""class"": ""Jr."", ""height"": ""6-6"", ""position"": ""SF/PF"", ""weight"": ""240""}",{}
P63f00af37c,2017,nbadraft_2017,nbadraft,https://web.archive.org/web/20170621031432id_/http://www.nbadraft.net:80/2017mock_draft,http://www.nbadraft.net:80/2017mock_draft,2017-06-21T03:14:32+00:00,2017-06-22,2017-06-20,aed622adb6221d7e747bd3dc34752b7984f1095541317d01a7368c95884a209f,5c6bf4291593684805c2de7a6150a9144a1af97b5357cd86c34ad684d33a6a3c,29ae778f1d07a6d5f35f3552459da02a62281028f287fd3e10956c6199243891,80840a31fda2472d739606755e967675baff3b066cc2cb9a6765a81485cd096e,/players/tyler-lydon,35,,ndnet,"{""class"": ""So."", ""height"": ""6-9"", ""position"": ""PF"", ""weight"": ""215""}",{}
Pd808e1b5f8,2017,nbadraft_2017,nbadraft,https://web.archive.org/web/20170621031432id_/http://www.nbadraft.net:80/2017mock_draft,http://www.nbadraft.net:80/2017mock_draft,2017-06-21T03:14:32+00:00,2017-06-22,2017-06-20,aed622adb6221d7e747bd3dc34752b7984f1095541317d01a7368c95884a209f,5c6bf4291593684805c2de7a6150a9144a1af97b5357cd86c34ad684d33a6a3c,29ae778f1d07a6d5f35f3552459da02a62281028f287fd3e10956c6199243891,f457a35caa99c649aaf721749a6de7139ea503e82efe342921181cea096283ce,/players/ike-anigbogu,36,,ndnet,"{""class"": ""Fr."", ""height"": ""6-10"", ""position"": ""C"", ""weight"": ""250""}",{}
Pdb78b3595b,2017,nbadraft_2017,nbadraft,https://web.archive.org/web/20170621031432id_/http://www.nbadraft.net:80/2017mock_draft,http://www.nbadraft.net:80/2017mock_draft,2017-06-21T03:14:32+00:00,2017-06-22,2017-06-20,aed622adb6221d7e747bd3dc34752b7984f1095541317d01a7368c95884a209f,5c6bf4291593684805c2de7a6150a9144a1af97b5357cd86c34ad684d33a6a3c,29ae778f1d07a6d5f35f3552459da02a62281028f287fd3e10956c6199243891,1132f095423b6c7c23d36c896ee09058c9b67e9e31a4605f1e5509bf962b0e19,/players/johnathan-motley,37,,ndnet,"{""class"": ""Jr."", ""height"": ""6-9"", ""position"": ""PF"", ""weight"": ""240""}",{}
P1ea9c7c88d,2017,nbadraft_2017,nbadraft,https://web.archive.org/web/20170621031432id_/http://www.nbadraft.net:80/2017mock_draft,http://www.nbadraft.net:80/2017mock_draft,2017-06-21T03:14:32+00:00,2017-06-22,2017-06-20,aed622adb6221d7e747bd3dc34752b7984f1095541317d01a7368c95884a209f,5c6bf4291593684805c2de7a6150a9144a1af97b5357cd86c34ad684d33a6a3c,29ae778f1d07a6d5f35f3552459da02a62281028f287fd3e10956c6199243891,2ace5a1b7e6939d4a92931152df43ce4e1a4ec63e31947b6a661ba98cad5025c,/players/josh-hart,38,,ndnet,"{""class"": ""Sr."", ""height"": ""6-5"", ""position"": ""SG"", ""weight"": ""210""}",{}
Pd59c0506ca,2017,nbadraft_2017,nbadraft,https://web.archive.org/web/20170621031432id_/http://www.nbadraft.net:80/2017mock_draft,http://www.nbadraft.net:80/2017mock_draft,2017-06-21T03:14:32+00:00,2017-06-22,2017-06-20,aed622adb6221d7e747bd3dc34752b7984f1095541317d01a7368c95884a209f,5c6bf4291593684805c2de7a6150a9144a1af97b5357cd86c34ad684d33a6a3c,29ae778f1d07a6d5f35f3552459da02a62281028f287fd3e10956c6199243891,1e9124917e23af2ed1a8e451f574b07d434e247a4fe629ced6f5feeb806c4c03,/players/damyean-dotson,39,,ndnet,"{""class"": ""Sr."", ""height"": ""6-6"", ""position"": ""SG/SF"", ""weight"": ""205""}",{}
P0d567b6867,2017,nbadraft_2017,nbadraft,https://web.archive.org/web/20170621031432id_/http://www.nbadraft.net:80/2017mock_draft,http://www.nbadraft.net:80/2017mock_draft,2017-06-21T03:14:32+00:00,2017-06-22,2017-06-20,aed622adb6221d7e747bd3dc34752b7984f1095541317d01a7368c95884a209f,5c6bf4291593684805c2de7a6150a9144a1af97b5357cd86c34ad684d33a6a3c,29ae778f1d07a6d5f35f3552459da02a62281028f287fd3e10956c6199243891,d78d6d4f321060f77fee038492fb128642571b50cf7ef9b1b6f31be05842c724,/players/pj-dozier,40,,ndnet,"{""class"": ""So."", ""height"": ""6-6"", ""position"": ""PG/SG"", ""weight"": ""200""}",{}
P1804943702,2017,nbadraft_2017,nbadraft,https://web.archive.org/web/20170621031432id_/http://www.nbadraft.net:80/2017mock_draft,http://www.nbadraft.net:80/2017mock_draft,2017-06-21T03:14:32+00:00,2017-06-22,2017-06-20,aed622adb6221d7e747bd3dc34752b7984f1095541317d01a7368c95884a209f,5c6bf4291593684805c2de7a6150a9144a1af97b5357cd86c34ad684d33a6a3c,29ae778f1d07a6d5f35f3552459da02a62281028f287fd3e10956c6199243891,2720dc719a301d59f72ed5966cfdbf69c3f8b7d63bfb0b2a67da17e3d45afbee,/players/tyler-dorsey,43,,ndnet,"{""class"": ""So."", ""height"": ""6-4"", ""position"": ""SG"", ""weight"": ""185""}",{}
P86ef73625c,2017,nbadraft_2017,nbadraft,https://web.archive.org/web/20170621031432id_/http://www.nbadraft.net:80/2017mock_draft,http://www.nbadraft.net:80/2017mock_draft,2017-06-21T03:14:32+00:00,2017-06-22,2017-06-20,aed622adb6221d7e747bd3dc34752b7984f1095541317d01a7368c95884a209f,5c6bf4291593684805c2de7a6150a9144a1af97b5357cd86c34ad684d33a6a3c,29ae778f1d07a6d5f35f3552459da02a62281028f287fd3e10956c6199243891,42a922ba0f3b10ca25f6e733a90d849cca93818c745bed8adf87e17bfa904ad8,/players/dwayne-bacon,45,,ndnet,"{""class"": ""So."", ""height"": ""6-6"", ""position"": ""SG/SF"", ""weight"": ""220""}",{}
Pe5fb05fea3,2017,nbadraft_2017,nbadraft,https://web.archive.org/web/20170621031432id_/http://www.nbadraft.net:80/2017mock_draft,http://www.nbadraft.net:80/2017mock_draft,2017-06-21T03:14:32+00:00,2017-06-22,2017-06-20,aed622adb6221d7e747bd3dc34752b7984f1095541317d01a7368c95884a209f,5c6bf4291593684805c2de7a6150a9144a1af97b5357cd86c34ad684d33a6a3c,29ae778f1d07a6d5f35f3552459da02a62281028f287fd3e10956c6199243891,e3d1c93c3ecfecc27d6059bf5c21c6baecda7f974cffcd248c5f72ba9f2ad5da,/players/anzejs-pasecniks,46,,ndnet,"{""class"": ""Intl."", ""height"": ""7-1"", ""position"": ""C"", ""weight"": ""220""}",{}
P964dd1e5f4,2017,nbadraft_2017,nbadraft,https://web.archive.org/web/20170621031432id_/http://www.nbadraft.net:80/2017mock_draft,http://www.nbadraft.net:80/2017mock_draft,2017-06-21T03:14:32+00:00,2017-06-22,2017-06-20,aed622adb6221d7e747bd3dc34752b7984f1095541317d01a7368c95884a209f,5c6bf4291593684805c2de7a6150a9144a1af97b5357cd86c34ad684d33a6a3c,29ae778f1d07a6d5f35f3552459da02a62281028f287fd3e10956c6199243891,370d1f1b347ef0134db47ebb037b0e42ffafb611620664977be6425a462ce374,/players/jonah-bolden,47,,ndnet,"{""class"": ""Intl."", ""height"": ""6-10"", ""position"": ""PF"", ""weight"": ""235""}",{}
Pc32fe4a167,2017,nbadraft_2017,nbadraft,https://web.archive.org/web/20170621031432id_/http://www.nbadraft.net:80/2017mock_draft,http://www.nbadraft.net:80/2017mock_draft,2017-06-21T03:14:32+00:00,2017-06-22,2017-06-20,aed622adb6221d7e747bd3dc34752b7984f1095541317d01a7368c95884a209f,5c6bf4291593684805c2de7a6150a9144a1af97b5357cd86c34ad684d33a6a3c,29ae778f1d07a6d5f35f3552459da02a62281028f287fd3e10956c6199243891,96aa1e468b33712ab1d134da32577476d38ff672e66e47c4b4f16756745d6332,/players/dillon-brooks,48,,ndnet,"{""class"": ""Jr."", ""height"": ""6-6"", ""position"": ""SF"", ""weight"": ""220""}",{}
P3e5c820c70,2017,nbadraft_2017,nbadraft,https://web.archive.org/web/20170621031432id_/http://www.nbadraft.net:80/2017mock_draft,http://www.nbadraft.net:80/2017mock_draft,2017-06-21T03:14:32+00:00,2017-06-22,2017-06-20,aed622adb6221d7e747bd3dc34752b7984f1095541317d01a7368c95884a209f,5c6bf4291593684805c2de7a6150a9144a1af97b5357cd86c34ad684d33a6a3c,29ae778f1d07a6d5f35f3552459da02a62281028f287fd3e10956c6199243891,639d5d438fcf923572fb4217b73c0c1de608f6197de3df13b7f8ad4a1f5fd9aa,/players/vlatko-cancar,49,,ndnet,"{""class"": ""Intl."", ""height"": ""6-8"", ""position"": ""SF"", ""weight"": ""210""}",{}
P9d178fdf5d,2017,nbadraft_2017,nbadraft,https://web.archive.org/web/20170621031432id_/http://www.nbadraft.net:80/2017mock_draft,http://www.nbadraft.net:80/2017mock_draft,2017-06-21T03:14:32+00:00,2017-06-22,2017-06-20,aed622adb6221d7e747bd3dc34752b7984f1095541317d01a7368c95884a209f,5c6bf4291593684805c2de7a6150a9144a1af97b5357cd86c34ad684d33a6a3c,29ae778f1d07a6d5f35f3552459da02a62281028f287fd3e10956c6199243891,6fcf19875646e145a127d69dbe14ddc0ed6521f399b4670e63d884f310ba4f7c,/players/alec-peters,50,,ndnet,"{""class"": ""Sr."", ""height"": ""6-8"", ""position"": ""PF"", ""weight"": ""235""}",{}
P5f230da818,2017,nbadraft_2017,nbadraft,https://web.archive.org/web/20170621031432id_/http://www.nbadraft.net:80/2017mock_draft,http://www.nbadraft.net:80/2017mock_draft,2017-06-21T03:14:32+00:00,2017-06-22,2017-06-20,aed622adb6221d7e747bd3dc34752b7984f1095541317d01a7368c95884a209f,5c6bf4291593684805c2de7a6150a9144a1af97b5357cd86c34ad684d33a6a3c,29ae778f1d07a6d5f35f3552459da02a62281028f287fd3e10956c6199243891,8d838a168a6c7740940f1060c82ef6c0dc269d0de558c02e8f38954d43a71329,/players/jaron-blossomgame,51,,ndnet,"{""class"": ""Sr."", ""height"": ""6-7"", ""position"": ""SF"", ""weight"": ""220""}",{}
P5351e63d76,2017,nbadraft_2017,nbadraft,https://web.archive.org/web/20170621031432id_/http://www.nbadraft.net:80/2017mock_draft,http://www.nbadraft.net:80/2017mock_draft,2017-06-21T03:14:32+00:00,2017-06-22,2017-06-20,aed622adb6221d7e747bd3dc34752b7984f1095541317d01a7368c95884a209f,5c6bf4291593684805c2de7a6150a9144a1af97b5357cd86c34ad684d33a6a3c,29ae778f1d07a6d5f35f3552459da02a62281028f287fd3e10956c6199243891,ed635df305ff6203b0dc35181939fa8e5f125758e384614656f8594066a9effa,/players/frank-mason,53,,ndnet,"{""class"": ""Sr."", ""height"": ""6-0"", ""position"": ""PG"", ""weight"": ""190""}",{}
Pa76a1ce248,2017,nbadraft_2017,nbadraft,https://web.archive.org/web/20170621031432id_/http://www.nbadraft.net:80/2017mock_draft,http://www.nbadraft.net:80/2017mock_draft,2017-06-21T03:14:32+00:00,2017-06-22,2017-06-20,aed622adb6221d7e747bd3dc34752b7984f1095541317d01a7368c95884a209f,5c6bf4291593684805c2de7a6150a9144a1af97b5357cd86c34ad684d33a6a3c,29ae778f1d07a6d5f35f3552459da02a62281028f287fd3e10956c6199243891,60326c839abd14dca6bc3b3defb990cf24956be902b5b84655277afa40d6e768,/players/monte-morris,54,,ndnet,"{""class"": ""Sr."", ""height"": ""6-2"", ""position"": ""PG"", ""weight"": ""175""}",{}
P2acab9acdb,2017,nbadraft_2017,nbadraft,https://web.archive.org/web/20170621031432id_/http://www.nbadraft.net:80/2017mock_draft,http://www.nbadraft.net:80/2017mock_draft,2017-06-21T03:14:32+00:00,2017-06-22,2017-06-20,aed622adb6221d7e747bd3dc34752b7984f1095541317d01a7368c95884a209f,5c6bf4291593684805c2de7a6150a9144a1af97b5357cd86c34ad684d33a6a3c,29ae778f1d07a6d5f35f3552459da02a62281028f287fd3e10956c6199243891,915c9cd2c8fcd462b0f1a9d7cce45334b31986c936c515771941bd6c203d7d00,/players/edmond-sumner,55,,ndnet,"{""class"": ""So."", ""height"": ""6-5"", ""position"": ""PG/SG"", ""weight"": ""175""}",{}
P4396f0664b,2017,nbadraft_2017,nbadraft,https://web.archive.org/web/20170621031432id_/http://www.nbadraft.net:80/2017mock_draft,http://www.nbadraft.net:80/2017mock_draft,2017-06-21T03:14:32+00:00,2017-06-22,2017-06-20,aed622adb6221d7e747bd3dc34752b7984f1095541317d01a7368c95884a209f,5c6bf4291593684805c2de7a6150a9144a1af97b5357cd86c34ad684d33a6a3c,29ae778f1d07a6d5f35f3552459da02a62281028f287fd3e10956c6199243891,937bb3cfc7abb294fe97edeb9661a39068840d68d7b8d14cc86c6715ac296bd7,/players/isaiah-hicks,56,,ndnet,"{""class"": ""Sr."", ""height"": ""6-8"", ""position"": ""PF"", ""weight"": ""235""}",{}
Pfaef4e4fa0,2017,nbadraft_2017,nbadraft,https://web.archive.org/web/20170621031432id_/http://www.nbadraft.net:80/2017mock_draft,http://www.nbadraft.net:80/2017mock_draft,2017-06-21T03:14:32+00:00,2017-06-22,2017-06-20,aed622adb6221d7e747bd3dc34752b7984f1095541317d01a7368c95884a209f,5c6bf4291593684805c2de7a6150a9144a1af97b5357cd86c34ad684d33a6a3c,29ae778f1d07a6d5f35f3552459da02a62281028f287fd3e10956c6199243891,1ca5b0983b438dc1bc74444908c65498a664f40b90335e334fa12240701fe5e1,/players/kobi-simmons,60,,ndnet,"{""class"": ""Fr."", ""height"": ""6-4"", ""position"": ""PG/SG"", ""weight"": ""170""}",{}
P55d017c927,2018,nbadraft_2018,nbadraft,https://web.archive.org/web/20180619163210id_/http://www.nbadraft.net/2018mock_draft,http://www.nbadraft.net/2018mock_draft,2018-06-19T16:32:10+00:00,2018-06-21,2018-06-18,4a66df3af9055e52e037e50f83ba896c54efe0254fdc7a49e614d92de0457008,906d5624ba53919d42f0ce1d830fac99ab280bda920f64dd2b8dac62851f03a5,5c4cd64b1fd4c6ebcff1d8cc795fb2e42977b5980f478f9a7e620236cfaebb7e,1385c468c7a1cb58bbd9f302fd87b090db1a3e7ec6bfdf4cfe771797ae6e2965,/players/deandre-ayton,1,,ndnet,"{""class"": ""Fr."", ""height"": ""7-0"", ""position"": ""C"", ""weight"": ""260""}",{}
Pd4282e2cb6,2018,nbadraft_2018,nbadraft,https://web.archive.org/web/20180619163210id_/http://www.nbadraft.net/2018mock_draft,http://www.nbadraft.net/2018mock_draft,2018-06-19T16:32:10+00:00,2018-06-21,2018-06-18,4a66df3af9055e52e037e50f83ba896c54efe0254fdc7a49e614d92de0457008,906d5624ba53919d42f0ce1d830fac99ab280bda920f64dd2b8dac62851f03a5,5c4cd64b1fd4c6ebcff1d8cc795fb2e42977b5980f478f9a7e620236cfaebb7e,7a4c846a8db5530e67d5e297e90dd8890857e6444461dedb5a8e94248796660f,/players/trae-young,3,,ndnet,"{""class"": ""Fr."", ""height"": ""6-2"", ""position"": ""PG"", ""weight"": ""180""}",{}
Pae17b87a4a,2018,nbadraft_2018,nbadraft,https://web.archive.org/web/20180619163210id_/http://www.nbadraft.net/2018mock_draft,http://www.nbadraft.net/2018mock_draft,2018-06-19T16:32:10+00:00,2018-06-21,2018-06-18,4a66df3af9055e52e037e50f83ba896c54efe0254fdc7a49e614d92de0457008,906d5624ba53919d42f0ce1d830fac99ab280bda920f64dd2b8dac62851f03a5,5c4cd64b1fd4c6ebcff1d8cc795fb2e42977b5980f478f9a7e620236cfaebb7e,b0850344d5a210d38f6930ff853d6649102683fd845741e87246d7c7bff4c28d,/players/jaren-jackson-jr,4,,ndnet,"{""class"": ""Fr."", ""height"": ""6-11"", ""position"": ""PF/C"", ""weight"": ""235""}",{}
Pcaa6f4e965,2018,nbadraft_2018,nbadraft,https://web.archive.org/web/20180619163210id_/http://www.nbadraft.net/2018mock_draft,http://www.nbadraft.net/2018mock_draft,2018-06-19T16:32:10+00:00,2018-06-21,2018-06-18,4a66df3af9055e52e037e50f83ba896c54efe0254fdc7a49e614d92de0457008,906d5624ba53919d42f0ce1d830fac99ab280bda920f64dd2b8dac62851f03a5,5c4cd64b1fd4c6ebcff1d8cc795fb2e42977b5980f478f9a7e620236cfaebb7e,4fa0d052d2f40f66480ab5f0465ce4f0e6ed8dda81976bec112a6ca6900e40fb,/players/luka-doncic,5,,ndnet,"{""class"": ""Intl."", ""height"": ""6-8"", ""position"": ""SG/SF"", ""weight"": ""225""}",{}
Peb77360d78,2018,nbadraft_2018,nbadraft,https://web.archive.org/web/20180619163210id_/http://www.nbadraft.net/2018mock_draft,http://www.nbadraft.net/2018mock_draft,2018-06-19T16:32:10+00:00,2018-06-21,2018-06-18,4a66df3af9055e52e037e50f83ba896c54efe0254fdc7a49e614d92de0457008,906d5624ba53919d42f0ce1d830fac99ab280bda920f64dd2b8dac62851f03a5,5c4cd64b1fd4c6ebcff1d8cc795fb2e42977b5980f478f9a7e620236cfaebb7e,6c122e86ff4d59e32fd0fb6f928cea25a76b4b175c4255602e1a396f183e5a6e,/players/mikal-bridges,7,,ndnet,"{""class"": ""Jr."", ""height"": ""6-7"", ""position"": ""SG/SF"", ""weight"": ""210""}",{}
P946b6a7bec,2018,nbadraft_2018,nbadraft,https://web.archive.org/web/20180619163210id_/http://www.nbadraft.net/2018mock_draft,http://www.nbadraft.net/2018mock_draft,2018-06-19T16:32:10+00:00,2018-06-21,2018-06-18,4a66df3af9055e52e037e50f83ba896c54efe0254fdc7a49e614d92de0457008,906d5624ba53919d42f0ce1d830fac99ab280bda920f64dd2b8dac62851f03a5,5c4cd64b1fd4c6ebcff1d8cc795fb2e42977b5980f478f9a7e620236cfaebb7e,cfa033292af6207decb12a6c3710bc33d34f9d2ba120c6d73a77e2cf569e3b12,/players/kevin-knox,10,,ndnet,"{""class"": ""Fr."", ""height"": ""6-9"", ""position"": ""SF/PF"", ""weight"": ""215""}",{}
P4467431c36,2018,nbadraft_2018,nbadraft,https://web.archive.org/web/20180619163210id_/http://www.nbadraft.net/2018mock_draft,http://www.nbadraft.net/2018mock_draft,2018-06-19T16:32:10+00:00,2018-06-21,2018-06-18,4a66df3af9055e52e037e50f83ba896c54efe0254fdc7a49e614d92de0457008,906d5624ba53919d42f0ce1d830fac99ab280bda920f64dd2b8dac62851f03a5,5c4cd64b1fd4c6ebcff1d8cc795fb2e42977b5980f478f9a7e620236cfaebb7e,d6b68b74b6a957d0c926ace272d547fd6cb12f482e5032a773071ab61102d8f6,/players/collin-sexton,11,,ndnet,"{""class"": ""Fr."", ""height"": ""6-2"", ""position"": ""PG"", ""weight"": ""185""}",{}
P1f3e01b488,2018,nbadraft_2018,nbadraft,https://web.archive.org/web/20180619163210id_/http://www.nbadraft.net/2018mock_draft,http://www.nbadraft.net/2018mock_draft,2018-06-19T16:32:10+00:00,2018-06-21,2018-06-18,4a66df3af9055e52e037e50f83ba896c54efe0254fdc7a49e614d92de0457008,906d5624ba53919d42f0ce1d830fac99ab280bda920f64dd2b8dac62851f03a5,5c4cd64b1fd4c6ebcff1d8cc795fb2e42977b5980f478f9a7e620236cfaebb7e,37d23e4170a650c4d52bf616dcb54e60e3cc86db5ad0a87630b54c7c298d9304,/players/zhaire-smith,13,,ndnet,"{""class"": ""Fr."", ""height"": ""6-4"", ""position"": ""SG"", ""weight"": ""200""}",{}
P57ab80ef44,2018,nbadraft_2018,nbadraft,https://web.archive.org/web/20180619163210id_/http://www.nbadraft.net/2018mock_draft,http://www.nbadraft.net/2018mock_draft,2018-06-19T16:32:10+00:00,2018-06-21,2018-06-18,4a66df3af9055e52e037e50f83ba896c54efe0254fdc7a49e614d92de0457008,906d5624ba53919d42f0ce1d830fac99ab280bda920f64dd2b8dac62851f03a5,5c4cd64b1fd4c6ebcff1d8cc795fb2e42977b5980f478f9a7e620236cfaebb7e,a49d008c8b8817e98def27a1b9c6123806384270f4f1f92491ab67024af8bb70,/players/miles-bridges,15,,ndnet,"{""class"": ""So."", ""height"": ""6-6"", ""position"": ""SF/PF"", ""weight"": ""220""}",{}
P6ab3598ab0,2018,nbadraft_2018,nbadraft,https://web.archive.org/web/20180619163210id_/http://www.nbadraft.net/2018mock_draft,http://www.nbadraft.net/2018mock_draft,2018-06-19T16:32:10+00:00,2018-06-21,2018-06-18,4a66df3af9055e52e037e50f83ba896c54efe0254fdc7a49e614d92de0457008,906d5624ba53919d42f0ce1d830fac99ab280bda920f64dd2b8dac62851f03a5,5c4cd64b1fd4c6ebcff1d8cc795fb2e42977b5980f478f9a7e620236cfaebb7e,482234641782c5c0763c791d2fb658680a957c8aca4fea822fc746343022bfb9,/players/jerome-robinson,16,,ndnet,"{""class"": ""Jr."", ""height"": ""6-5"", ""position"": ""SG"", ""weight"": ""190""}",{}
P58e5b2eaa8,2018,nbadraft_2018,nbadraft,https://web.archive.org/web/20180619163210id_/http://www.nbadraft.net/2018mock_draft,http://www.nbadraft.net/2018mock_draft,2018-06-19T16:32:10+00:00,2018-06-21,2018-06-18,4a66df3af9055e52e037e50f83ba896c54efe0254fdc7a49e614d92de0457008,906d5624ba53919d42f0ce1d830fac99ab280bda920f64dd2b8dac62851f03a5,5c4cd64b1fd4c6ebcff1d8cc795fb2e42977b5980f478f9a7e620236cfaebb7e,1b00a84d918ec100ddce99107581a8e9def980b2c1b0f78b61de0327352a2f45,/players/donte-divincenzo,18,,ndnet,"{""class"": ""So."", ""height"": ""6-5"", ""position"": ""SG"", ""weight"": ""200""}",{}
P26d2a90c5b,2018,nbadraft_2018,nbadraft,https://web.archive.org/web/20180619163210id_/http://www.nbadraft.net/2018mock_draft,http://www.nbadraft.net/2018mock_draft,2018-06-19T16:32:10+00:00,2018-06-21,2018-06-18,4a66df3af9055e52e037e50f83ba896c54efe0254fdc7a49e614d92de0457008,906d5624ba53919d42f0ce1d830fac99ab280bda920f64dd2b8dac62851f03a5,5c4cd64b1fd4c6ebcff1d8cc795fb2e42977b5980f478f9a7e620236cfaebb7e,d42ff078afbd68705b96e8727a4f6e99aa75041088983d4a0cb116b27652522b,/players/kevin-huerter,19,,ndnet,"{""class"": ""So."", ""height"": ""6-7"", ""position"": ""SG"", ""weight"": ""195""}",{}
P688b157768,2018,nbadraft_2018,nbadraft,https://web.archive.org/web/20180619163210id_/http://www.nbadraft.net/2018mock_draft,http://www.nbadraft.net/2018mock_draft,2018-06-19T16:32:10+00:00,2018-06-21,2018-06-18,4a66df3af9055e52e037e50f83ba896c54efe0254fdc7a49e614d92de0457008,906d5624ba53919d42f0ce1d830fac99ab280bda920f64dd2b8dac62851f03a5,5c4cd64b1fd4c6ebcff1d8cc795fb2e42977b5980f478f9a7e620236cfaebb7e,52f93db76be6b8877ede02dd8c2bd220875f523e1959e9c74784feb385f85aff,/players/omari-spellman,21,,ndnet,"{""class"": ""Fr."", ""height"": ""6-9"", ""position"": ""PF/C"", ""weight"": ""255""}",{}
P4d03279429,2018,nbadraft_2018,nbadraft,https://web.archive.org/web/20180619163210id_/http://www.nbadraft.net/2018mock_draft,http://www.nbadraft.net/2018mock_draft,2018-06-19T16:32:10+00:00,2018-06-21,2018-06-18,4a66df3af9055e52e037e50f83ba896c54efe0254fdc7a49e614d92de0457008,906d5624ba53919d42f0ce1d830fac99ab280bda920f64dd2b8dac62851f03a5,5c4cd64b1fd4c6ebcff1d8cc795fb2e42977b5980f478f9a7e620236cfaebb7e,70afb345681d99853f2d3a10a72fe8117aa82d79691f49efda0846f95c5bd365,/players/chandler-hutchison,22,,ndnet,"{""class"": ""Sr."", ""height"": ""6-7"", ""position"": ""SG/SF"", ""weight"": ""195""}",{}
Pd064221ae2,2018,nbadraft_2018,nbadraft,https://web.archive.org/web/20180619163210id_/http://www.nbadraft.net/2018mock_draft,http://www.nbadraft.net/2018mock_draft,2018-06-19T16:32:10+00:00,2018-06-21,2018-06-18,4a66df3af9055e52e037e50f83ba896c54efe0254fdc7a49e614d92de0457008,906d5624ba53919d42f0ce1d830fac99ab280bda920f64dd2b8dac62851f03a5,5c4cd64b1fd4c6ebcff1d8cc795fb2e42977b5980f478f9a7e620236cfaebb7e,acb3982bc6a55bed9cd2ad9fffeecff10f2c996a7d9b5ec25456dce05970c61a,/players/mitchell-robinson,23,,ndnet,"{""class"": ""Fr."", ""height"": ""7-1"", ""position"": ""C"", ""weight"": ""225""}",{}
P75b2e5cfed,2018,nbadraft_2018,nbadraft,https://web.archive.org/web/20180619163210id_/http://www.nbadraft.net/2018mock_draft,http://www.nbadraft.net/2018mock_draft,2018-06-19T16:32:10+00:00,2018-06-21,2018-06-18,4a66df3af9055e52e037e50f83ba896c54efe0254fdc7a49e614d92de0457008,906d5624ba53919d42f0ce1d830fac99ab280bda920f64dd2b8dac62851f03a5,5c4cd64b1fd4c6ebcff1d8cc795fb2e42977b5980f478f9a7e620236cfaebb7e,a8399bf010ebfa496074d4f54845d7b0875a12b8f967b7c188b86873784f0f83,/players/aaron-holiday,24,,ndnet,"{""class"": ""Jr."", ""height"": ""6-1"", ""position"": ""PG"", ""weight"": ""185""}",{}
Pbe6b6d05a9,2018,nbadraft_2018,nbadraft,https://web.archive.org/web/20180619163210id_/http://www.nbadraft.net/2018mock_draft,http://www.nbadraft.net/2018mock_draft,2018-06-19T16:32:10+00:00,2018-06-21,2018-06-18,4a66df3af9055e52e037e50f83ba896c54efe0254fdc7a49e614d92de0457008,906d5624ba53919d42f0ce1d830fac99ab280bda920f64dd2b8dac62851f03a5,5c4cd64b1fd4c6ebcff1d8cc795fb2e42977b5980f478f9a7e620236cfaebb7e,54e1d9cfee7d7520555ad2ee7c518111475ae822810534a89d2dc56a97bef22a,/players/jacob-evans,25,,ndnet,"{""class"": ""Jr."", ""height"": ""6-5"", ""position"": ""SG/SF"", ""weight"": ""200""}",{}
P8eec131338,2018,nbadraft_2018,nbadraft,https://web.archive.org/web/20180619163210id_/http://www.nbadraft.net/2018mock_draft,http://www.nbadraft.net/2018mock_draft,2018-06-19T16:32:10+00:00,2018-06-21,2018-06-18,4a66df3af9055e52e037e50f83ba896c54efe0254fdc7a49e614d92de0457008,906d5624ba53919d42f0ce1d830fac99ab280bda920f64dd2b8dac62851f03a5,5c4cd64b1fd4c6ebcff1d8cc795fb2e42977b5980f478f9a7e620236cfaebb7e,d88afd7fa487823cb418168545684cd3b22e4cee9041663ad3dacefe36f83778,/players/khyri-thomas,26,,ndnet,"{""class"": ""Jr."", ""height"": ""6-4"", ""position"": ""SG"", ""weight"": ""200""}",{}
Pf507011aa5,2018,nbadraft_2018,nbadraft,https://web.archive.org/web/20180619163210id_/http://www.nbadraft.net/2018mock_draft,http://www.nbadraft.net/2018mock_draft,2018-06-19T16:32:10+00:00,2018-06-21,2018-06-18,4a66df3af9055e52e037e50f83ba896c54efe0254fdc7a49e614d92de0457008,906d5624ba53919d42f0ce1d830fac99ab280bda920f64dd2b8dac62851f03a5,5c4cd64b1fd4c6ebcff1d8cc795fb2e42977b5980f478f9a7e620236cfaebb7e,ecf05f8f5deb404932887300d94a93bce4e44f95113020fe15021bafcbed882e,/players/landry-shamet,27,,ndnet,"{""class"": ""So."", ""height"": ""6-5"", ""position"": ""PG/SG"", ""weight"": ""190""}",{}
P9106a597f3,2018,nbadraft_2018,nbadraft,https://web.archive.org/web/20180619163210id_/http://www.nbadraft.net/2018mock_draft,http://www.nbadraft.net/2018mock_draft,2018-06-19T16:32:10+00:00,2018-06-21,2018-06-18,4a66df3af9055e52e037e50f83ba896c54efe0254fdc7a49e614d92de0457008,906d5624ba53919d42f0ce1d830fac99ab280bda920f64dd2b8dac62851f03a5,5c4cd64b1fd4c6ebcff1d8cc795fb2e42977b5980f478f9a7e620236cfaebb7e,3176f8d9082759a54daa7f9985c4ec0b7173e4c73df7eca70affc356cbd039fb,/players/gary-trent-jr,28,,ndnet,"{""class"": ""Fr."", ""height"": ""6-5"", ""position"": ""SG"", ""weight"": ""205""}",{}
Pf5ec6d144b,2018,nbadraft_2018,nbadraft,https://web.archive.org/web/20180619163210id_/http://www.nbadraft.net/2018mock_draft,http://www.nbadraft.net/2018mock_draft,2018-06-19T16:32:10+00:00,2018-06-21,2018-06-18,4a66df3af9055e52e037e50f83ba896c54efe0254fdc7a49e614d92de0457008,906d5624ba53919d42f0ce1d830fac99ab280bda920f64dd2b8dac62851f03a5,5c4cd64b1fd4c6ebcff1d8cc795fb2e42977b5980f478f9a7e620236cfaebb7e,9bbbd34e7ed86da2f984b0e07ddb8fd7c7dc598563d44d12c5046009f15a55f8,/players/elie-okobo,29,,ndnet,"{""class"": ""Intl."", ""height"": ""6-2"", ""position"": ""PG"", ""weight"": ""180""}",{}
P5da3d9ffcd,2018,nbadraft_2018,nbadraft,https://web.archive.org/web/20180619163210id_/http://www.nbadraft.net/2018mock_draft,http://www.nbadraft.net/2018mock_draft,2018-06-19T16:32:10+00:00,2018-06-21,2018-06-18,4a66df3af9055e52e037e50f83ba896c54efe0254fdc7a49e614d92de0457008,906d5624ba53919d42f0ce1d830fac99ab280bda920f64dd2b8dac62851f03a5,5c4cd64b1fd4c6ebcff1d8cc795fb2e42977b5980f478f9a7e620236cfaebb7e,f990efaa778fd715b76ba726f5b0b4ce4b7450c20ecb3f8776aee0d47cc6c161,/players/moritz-wagner,30,,ndnet,"{""class"": ""Jr."", ""height"": ""6-11"", ""position"": ""PF/C"", ""weight"": ""240""}",{}
P9f769e6678,2018,nbadraft_2018,nbadraft,https://web.archive.org/web/20180619163210id_/http://www.nbadraft.net/2018mock_draft,http://www.nbadraft.net/2018mock_draft,2018-06-19T16:32:10+00:00,2018-06-21,2018-06-18,4a66df3af9055e52e037e50f83ba896c54efe0254fdc7a49e614d92de0457008,906d5624ba53919d42f0ce1d830fac99ab280bda920f64dd2b8dac62851f03a5,5c4cd64b1fd4c6ebcff1d8cc795fb2e42977b5980f478f9a7e620236cfaebb7e,50b0a5a6bdf032660ae1235c2b5d720ff0a21cd62aaa6c404d18df0a3eda5b20,/players/jalen-brunson,31,,ndnet,"{""class"": ""Jr."", ""height"": ""6-2"", ""position"": ""PG"", ""weight"": ""200""}",{}
P82bbff96e6,2018,nbadraft_2018,nbadraft,https://web.archive.org/web/20180619163210id_/http://www.nbadraft.net/2018mock_draft,http://www.nbadraft.net/2018mock_draft,2018-06-19T16:32:10+00:00,2018-06-21,2018-06-18,4a66df3af9055e52e037e50f83ba896c54efe0254fdc7a49e614d92de0457008,906d5624ba53919d42f0ce1d830fac99ab280bda920f64dd2b8dac62851f03a5,5c4cd64b1fd4c6ebcff1d8cc795fb2e42977b5980f478f9a7e620236cfaebb7e,49f049f1650c30f58393fb1ae6f7d0d2334721e5bfff3a5e796f033f998b0c20,/players/josh-okogie,32,,ndnet,"{""class"": ""So."", ""height"": ""6-4"", ""position"": ""SG/SF"", ""weight"": ""210""}",{}
Paa92a86ff3,2018,nbadraft_2018,nbadraft,https://web.archive.org/web/20180619163210id_/http://www.nbadraft.net/2018mock_draft,http://www.nbadraft.net/2018mock_draft,2018-06-19T16:32:10+00:00,2018-06-21,2018-06-18,4a66df3af9055e52e037e50f83ba896c54efe0254fdc7a49e614d92de0457008,906d5624ba53919d42f0ce1d830fac99ab280bda920f64dd2b8dac62851f03a5,5c4cd64b1fd4c6ebcff1d8cc795fb2e42977b5980f478f9a7e620236cfaebb7e,d83846bbaf0319a77da780e6ab953370b29419a51edf0ccc3b9eb0cf5993fda7,/players/shake-milton,33,,ndnet,"{""class"": ""Jr."", ""height"": ""6-6"", ""position"": ""PG/SG"", ""weight"": ""205""}",{}
Pefc5241948,2018,nbadraft_2018,nbadraft,https://web.archive.org/web/20180619163210id_/http://www.nbadraft.net/2018mock_draft,http://www.nbadraft.net/2018mock_draft,2018-06-19T16:32:10+00:00,2018-06-21,2018-06-18,4a66df3af9055e52e037e50f83ba896c54efe0254fdc7a49e614d92de0457008,906d5624ba53919d42f0ce1d830fac99ab280bda920f64dd2b8dac62851f03a5,5c4cd64b1fd4c6ebcff1d8cc795fb2e42977b5980f478f9a7e620236cfaebb7e,4916234088ff4c40fe3d5cdc4eeec203bfd918dcab5a442bccda46b7109c28b9,/players/isaac-bonga,34,,ndnet,"{""class"": ""Intl."", ""height"": ""6-9"", ""position"": ""SF"", ""weight"": ""200""}",{}
Pf271325d7b,2018,nbadraft_2018,nbadraft,https://web.archive.org/web/20180619163210id_/http://www.nbadraft.net/2018mock_draft,http://www.nbadraft.net/2018mock_draft,2018-06-19T16:32:10+00:00,2018-06-21,2018-06-18,4a66df3af9055e52e037e50f83ba896c54efe0254fdc7a49e614d92de0457008,906d5624ba53919d42f0ce1d830fac99ab280bda920f64dd2b8dac62851f03a5,5c4cd64b1fd4c6ebcff1d8cc795fb2e42977b5980f478f9a7e620236cfaebb7e,476dd75e39fffde1edab4774a83a05caee1d5e10243a5cab442cd0965f9d86f6,/players/anfernee-simons,35,,ndnet,"{""class"": ""HSSr."", ""height"": ""6-3"", ""position"": ""PG/SG"", ""weight"": ""185""}","{""class"": ""Unrecognized class token; no inferred class year""}"
Pa08fe4841f,2018,nbadraft_2018,nbadraft,https://web.archive.org/web/20180619163210id_/http://www.nbadraft.net/2018mock_draft,http://www.nbadraft.net/2018mock_draft,2018-06-19T16:32:10+00:00,2018-06-21,2018-06-18,4a66df3af9055e52e037e50f83ba896c54efe0254fdc7a49e614d92de0457008,906d5624ba53919d42f0ce1d830fac99ab280bda920f64dd2b8dac62851f03a5,5c4cd64b1fd4c6ebcff1d8cc795fb2e42977b5980f478f9a7e620236cfaebb7e,dffdc6fe874158992cb196d1074b1ba16922fae887e86ba9676545209bb4487b,/players/trevon-duval,37,,ndnet,"{""class"": ""Fr."", ""height"": ""6-3"", ""position"": ""PG"", ""weight"": ""190""}",{}
Pdb9cad4004,2018,nbadraft_2018,nbadraft,https://web.archive.org/web/20180619163210id_/http://www.nbadraft.net/2018mock_draft,http://www.nbadraft.net/2018mock_draft,2018-06-19T16:32:10+00:00,2018-06-21,2018-06-18,4a66df3af9055e52e037e50f83ba896c54efe0254fdc7a49e614d92de0457008,906d5624ba53919d42f0ce1d830fac99ab280bda920f64dd2b8dac62851f03a5,5c4cd64b1fd4c6ebcff1d8cc795fb2e42977b5980f478f9a7e620236cfaebb7e,31397e7f880fceffb60fe03ef053cfdaea345c77257dd1278560a99a34c8eb19,/players/grayson-allen,38,,ndnet,"{""class"": ""Sr."", ""height"": ""6-4"", ""position"": ""SG"", ""weight"": ""200""}",{}
P27d264f43c,2018,nbadraft_2018,nbadraft,https://web.archive.org/web/20180619163210id_/http://www.nbadraft.net/2018mock_draft,http://www.nbadraft.net/2018mock_draft,2018-06-19T16:32:10+00:00,2018-06-21,2018-06-18,4a66df3af9055e52e037e50f83ba896c54efe0254fdc7a49e614d92de0457008,906d5624ba53919d42f0ce1d830fac99ab280bda920f64dd2b8dac62851f03a5,5c4cd64b1fd4c6ebcff1d8cc795fb2e42977b5980f478f9a7e620236cfaebb7e,05bf50c80cbc9a86c15faf8f56c26122f8c0801748b2866ddcdcbb046c9d19d9,/players/deanthony-melton,39,,ndnet,"{""class"": ""So."", ""height"": ""6-3"", ""position"": ""PG/SG"", ""weight"": ""195""}",{}
P61add2364f,2018,nbadraft_2018,nbadraft,https://web.archive.org/web/20180619163210id_/http://www.nbadraft.net/2018mock_draft,http://www.nbadraft.net/2018mock_draft,2018-06-19T16:32:10+00:00,2018-06-21,2018-06-18,4a66df3af9055e52e037e50f83ba896c54efe0254fdc7a49e614d92de0457008,906d5624ba53919d42f0ce1d830fac99ab280bda920f64dd2b8dac62851f03a5,5c4cd64b1fd4c6ebcff1d8cc795fb2e42977b5980f478f9a7e620236cfaebb7e,b500205bccd1602db0ba398ffd032c2ddda61862780633ebd42efb6d8b762eb0,/players/dzanan-musa,40,,ndnet,"{""class"": ""Intl."", ""height"": ""6-9"", ""position"": ""SF"", ""weight"": ""195""}",{}
P6786e0dd88,2018,nbadraft_2018,nbadraft,https://web.archive.org/web/20180619163210id_/http://www.nbadraft.net/2018mock_draft,http://www.nbadraft.net/2018mock_draft,2018-06-19T16:32:10+00:00,2018-06-21,2018-06-18,4a66df3af9055e52e037e50f83ba896c54efe0254fdc7a49e614d92de0457008,906d5624ba53919d42f0ce1d830fac99ab280bda920f64dd2b8dac62851f03a5,5c4cd64b1fd4c6ebcff1d8cc795fb2e42977b5980f478f9a7e620236cfaebb7e,fcd315c2c811a36f77cba53ec744e0d9837bb5c4d28f3693937923eeb4489a79,/players/keita-bates-diop,41,,ndnet,"{""class"": ""Jr."", ""height"": ""6-8"", ""position"": ""SF/PF"", ""weight"": ""225""}",{}
P3f77f707c0,2018,nbadraft_2018,nbadraft,https://web.archive.org/web/20180619163210id_/http://www.nbadraft.net/2018mock_draft,http://www.nbadraft.net/2018mock_draft,2018-06-19T16:32:10+00:00,2018-06-21,2018-06-18,4a66df3af9055e52e037e50f83ba896c54efe0254fdc7a49e614d92de0457008,906d5624ba53919d42f0ce1d830fac99ab280bda920f64dd2b8dac62851f03a5,5c4cd64b1fd4c6ebcff1d8cc795fb2e42977b5980f478f9a7e620236cfaebb7e,2cca9d8ef4d1b57397e3bd2e71d3903db3e2ba46035de92b46ff4f46c0455f21,/players/rawle-alkins,42,,ndnet,"{""class"": ""So."", ""height"": ""6-4"", ""position"": ""SG"", ""weight"": ""220""}",{}
P212def8838,2018,nbadraft_2018,nbadraft,https://web.archive.org/web/20180619163210id_/http://www.nbadraft.net/2018mock_draft,http://www.nbadraft.net/2018mock_draft,2018-06-19T16:32:10+00:00,2018-06-21,2018-06-18,4a66df3af9055e52e037e50f83ba896c54efe0254fdc7a49e614d92de0457008,906d5624ba53919d42f0ce1d830fac99ab280bda920f64dd2b8dac62851f03a5,5c4cd64b1fd4c6ebcff1d8cc795fb2e42977b5980f478f9a7e620236cfaebb7e,97652145264bb2d72cf12c484958f8602ac7fb677879043bd8474a9fdd937c1b,/players/brandon-mccoy,43,,ndnet,"{""class"": ""Fr."", ""height"": ""7-1"", ""position"": ""C"", ""weight"": ""250""}",{}
P15b5ca7021,2018,nbadraft_2018,nbadraft,https://web.archive.org/web/20180619163210id_/http://www.nbadraft.net/2018mock_draft,http://www.nbadraft.net/2018mock_draft,2018-06-19T16:32:10+00:00,2018-06-21,2018-06-18,4a66df3af9055e52e037e50f83ba896c54efe0254fdc7a49e614d92de0457008,906d5624ba53919d42f0ce1d830fac99ab280bda920f64dd2b8dac62851f03a5,5c4cd64b1fd4c6ebcff1d8cc795fb2e42977b5980f478f9a7e620236cfaebb7e,eac4bc1348854896ec1e218d4c0515d80c8b7cd96b88cfdd29b71fafb875e19d,/players/jevon-carter,44,,ndnet,"{""class"": ""Sr."", ""height"": ""6-1"", ""position"": ""PG"", ""weight"": ""195""}",{}
P3e065b4b4e,2018,nbadraft_2018,nbadraft,https://web.archive.org/web/20180619163210id_/http://www.nbadraft.net/2018mock_draft,http://www.nbadraft.net/2018mock_draft,2018-06-19T16:32:10+00:00,2018-06-21,2018-06-18,4a66df3af9055e52e037e50f83ba896c54efe0254fdc7a49e614d92de0457008,906d5624ba53919d42f0ce1d830fac99ab280bda920f64dd2b8dac62851f03a5,5c4cd64b1fd4c6ebcff1d8cc795fb2e42977b5980f478f9a7e620236cfaebb7e,6e598703d5dc0f54efc781cebc90cff54a51fb5444ac5bae94f47fe8c7ffa8e5,/players/jarred-vanderbilt,46,,ndnet,"{""class"": ""Fr."", ""height"": ""6-9"", ""position"": ""SF"", ""weight"": ""215""}",{}
P379ec45447,2018,nbadraft_2018,nbadraft,https://web.archive.org/web/20180619163210id_/http://www.nbadraft.net/2018mock_draft,http://www.nbadraft.net/2018mock_draft,2018-06-19T16:32:10+00:00,2018-06-21,2018-06-18,4a66df3af9055e52e037e50f83ba896c54efe0254fdc7a49e614d92de0457008,906d5624ba53919d42f0ce1d830fac99ab280bda920f64dd2b8dac62851f03a5,5c4cd64b1fd4c6ebcff1d8cc795fb2e42977b5980f478f9a7e620236cfaebb7e,3f229423ee1cbba2b0730d1a9902c3a3001ba16286f25419f79af351eb14370e,/players/rodions-kurucs,47,,ndnet,"{""class"": ""Intl."", ""height"": ""6-9"", ""position"": ""SF"", ""weight"": ""220""}",{}
P1a46c41bff,2018,nbadraft_2018,nbadraft,https://web.archive.org/web/20180619163210id_/http://www.nbadraft.net/2018mock_draft,http://www.nbadraft.net/2018mock_draft,2018-06-19T16:32:10+00:00,2018-06-21,2018-06-18,4a66df3af9055e52e037e50f83ba896c54efe0254fdc7a49e614d92de0457008,906d5624ba53919d42f0ce1d830fac99ab280bda920f64dd2b8dac62851f03a5,5c4cd64b1fd4c6ebcff1d8cc795fb2e42977b5980f478f9a7e620236cfaebb7e,276c68e5dde4f145d2f50f6b2b449abbb1e9bf5d90ef9446b1c8ebb2e0760f86,/players/chimezie-metu,49,,ndnet,"{""class"": ""Jr."", ""height"": ""6-10"", ""position"": ""PF/C"", ""weight"": ""220""}",{}
P5ff9cbca0f,2018,nbadraft_2018,nbadraft,https://web.archive.org/web/20180619163210id_/http://www.nbadraft.net/2018mock_draft,http://www.nbadraft.net/2018mock_draft,2018-06-19T16:32:10+00:00,2018-06-21,2018-06-18,4a66df3af9055e52e037e50f83ba896c54efe0254fdc7a49e614d92de0457008,906d5624ba53919d42f0ce1d830fac99ab280bda920f64dd2b8dac62851f03a5,5c4cd64b1fd4c6ebcff1d8cc795fb2e42977b5980f478f9a7e620236cfaebb7e,7fcf8687ba387e6e7c45a3b8096983fec640818d356e8f5177bba095cd018061,/players/arnoldas-kulboka,50,,ndnet,"{""class"": ""Intl."", ""height"": ""6-11"", ""position"": ""SF"", ""weight"": ""215""}",{}
Pbb5225b691,2018,nbadraft_2018,nbadraft,https://web.archive.org/web/20180619163210id_/http://www.nbadraft.net/2018mock_draft,http://www.nbadraft.net/2018mock_draft,2018-06-19T16:32:10+00:00,2018-06-21,2018-06-18,4a66df3af9055e52e037e50f83ba896c54efe0254fdc7a49e614d92de0457008,906d5624ba53919d42f0ce1d830fac99ab280bda920f64dd2b8dac62851f03a5,5c4cd64b1fd4c6ebcff1d8cc795fb2e42977b5980f478f9a7e620236cfaebb7e,ca64b81350d7d5d0e5d98bac54fcfcda5d3a296f4c59a3ac29e6b9527a4e7005,/players/kevin-hervey,52,,ndnet,"{""class"": ""Sr."", ""height"": ""6-8"", ""position"": ""SF/PF"", ""weight"": ""215""}",{}
Pe581c6d22f,2018,nbadraft_2018,nbadraft,https://web.archive.org/web/20180619163210id_/http://www.nbadraft.net/2018mock_draft,http://www.nbadraft.net/2018mock_draft,2018-06-19T16:32:10+00:00,2018-06-21,2018-06-18,4a66df3af9055e52e037e50f83ba896c54efe0254fdc7a49e614d92de0457008,906d5624ba53919d42f0ce1d830fac99ab280bda920f64dd2b8dac62851f03a5,5c4cd64b1fd4c6ebcff1d8cc795fb2e42977b5980f478f9a7e620236cfaebb7e,3c9e2f1578e7a5214ea5254854983a136e60ac262b948362ed970ea74b89afc4,/players/bruce-brown,54,,ndnet,"{""class"": ""So."", ""height"": ""6-5"", ""position"": ""SG"", ""weight"": ""195""}",{}
Pa129b1725d,2018,nbadraft_2018,nbadraft,https://web.archive.org/web/20180619163210id_/http://www.nbadraft.net/2018mock_draft,http://www.nbadraft.net/2018mock_draft,2018-06-19T16:32:10+00:00,2018-06-21,2018-06-18,4a66df3af9055e52e037e50f83ba896c54efe0254fdc7a49e614d92de0457008,906d5624ba53919d42f0ce1d830fac99ab280bda920f64dd2b8dac62851f03a5,5c4cd64b1fd4c6ebcff1d8cc795fb2e42977b5980f478f9a7e620236cfaebb7e,4b8249e3a2079c24e832b758aa0a2b551d04dfd9f45e9b09153563ded75442cb,/players/alize-johnson,55,,ndnet,"{""class"": ""Sr."", ""height"": ""6-8"", ""position"": ""PF"", ""weight"": ""215""}",{}
P67e5a8f825,2018,nbadraft_2018,nbadraft,https://web.archive.org/web/20180619163210id_/http://www.nbadraft.net/2018mock_draft,http://www.nbadraft.net/2018mock_draft,2018-06-19T16:32:10+00:00,2018-06-21,2018-06-18,4a66df3af9055e52e037e50f83ba896c54efe0254fdc7a49e614d92de0457008,906d5624ba53919d42f0ce1d830fac99ab280bda920f64dd2b8dac62851f03a5,5c4cd64b1fd4c6ebcff1d8cc795fb2e42977b5980f478f9a7e620236cfaebb7e,3ddd05a9d4b9cba9baa796832b56e05d6b1b8f86f3a17453ce745d90d3c4d9a5,/players/kenrich-williams,56,,ndnet,"{""class"": ""Sr."", ""height"": ""6-7"", ""position"": ""SF"", ""weight"": ""200""}",{}
P8ecb19c544,2018,nbadraft_2018,nbadraft,https://web.archive.org/web/20180619163210id_/http://www.nbadraft.net/2018mock_draft,http://www.nbadraft.net/2018mock_draft,2018-06-19T16:32:10+00:00,2018-06-21,2018-06-18,4a66df3af9055e52e037e50f83ba896c54efe0254fdc7a49e614d92de0457008,906d5624ba53919d42f0ce1d830fac99ab280bda920f64dd2b8dac62851f03a5,5c4cd64b1fd4c6ebcff1d8cc795fb2e42977b5980f478f9a7e620236cfaebb7e,e20e3cb156daef9615e3c660d6fed83ad65fa2f8777e54780d45466f36db02db,/players/hamidou-diallo,57,,ndnet,"{""class"": ""Fr."", ""height"": ""6-5"", ""position"": ""SG"", ""weight"": ""195""}",{}
P4ebe015218,2018,nbadraft_2018,nbadraft,https://web.archive.org/web/20180619163210id_/http://www.nbadraft.net/2018mock_draft,http://www.nbadraft.net/2018mock_draft,2018-06-19T16:32:10+00:00,2018-06-21,2018-06-18,4a66df3af9055e52e037e50f83ba896c54efe0254fdc7a49e614d92de0457008,906d5624ba53919d42f0ce1d830fac99ab280bda920f64dd2b8dac62851f03a5,5c4cd64b1fd4c6ebcff1d8cc795fb2e42977b5980f478f9a7e620236cfaebb7e,b2ec23790b478faa464e03d227c69ab80dda41796d23fef6081a043f572a02ac,/players/tony-carr,58,,ndnet,"{""class"": ""So."", ""height"": ""6-4"", ""position"": ""PG"", ""weight"": ""200""}",{}
P00e7133fc6,2019,nbadraft_2019,nbadraft,https://web.archive.org/web/20190521150204id_/https://www.nbadraft.net/2019mock_draft,https://www.nbadraft.net/2019mock_draft,2019-05-21T15:02:04+00:00,2019-06-20,2019-05-15,53f3093c806fbf622e7b1745b007fbde974774787924e838ead2f777523e228b,b59fdfc8d7bba272ece80e7be8c76e9f4106327e31aa8d280a62a39b57232bad,af71379d9a7142321f715ce9b3c8a97e100bb128d8be5846b4ef20dc3e957b45,88b6837bf9c10de7dc1c8c405a206be76404514e1db3438435edfa33c7f0e11e,/players/zion-williamson,1,,ndnet,"{""class"": ""Fr."", ""height"": ""6-6"", ""position"": ""PF"", ""weight"": ""280""}",{}
Pfe4fcea486,2019,nbadraft_2019,nbadraft,https://web.archive.org/web/20190521150204id_/https://www.nbadraft.net/2019mock_draft,https://www.nbadraft.net/2019mock_draft,2019-05-21T15:02:04+00:00,2019-06-20,2019-05-15,53f3093c806fbf622e7b1745b007fbde974774787924e838ead2f777523e228b,b59fdfc8d7bba272ece80e7be8c76e9f4106327e31aa8d280a62a39b57232bad,af71379d9a7142321f715ce9b3c8a97e100bb128d8be5846b4ef20dc3e957b45,854cfbaac73e64b6a2d1e430e28bbb242c9ff4750584211c5c3dcbcf289762e3,/players/ja-morant,2,,ndnet,"{""class"": ""So."", ""height"": ""6-3"", ""position"": ""PG"", ""weight"": ""175""}",{}
Pa9cae64430,2019,nbadraft_2019,nbadraft,https://web.archive.org/web/20190521150204id_/https://www.nbadraft.net/2019mock_draft,https://www.nbadraft.net/2019mock_draft,2019-05-21T15:02:04+00:00,2019-06-20,2019-05-15,53f3093c806fbf622e7b1745b007fbde974774787924e838ead2f777523e228b,b59fdfc8d7bba272ece80e7be8c76e9f4106327e31aa8d280a62a39b57232bad,af71379d9a7142321f715ce9b3c8a97e100bb128d8be5846b4ef20dc3e957b45,deb2b62df75c9265872d4dbaad99c84721c3770752189fd07dad848ff6a35765,/players/rj-barrett,3,,ndnet,"{""class"": ""Fr."", ""height"": ""6-7"", ""position"": ""SG"", ""weight"": ""210""}",{}
P846172a369,2019,nbadraft_2019,nbadraft,https://web.archive.org/web/20190521150204id_/https://www.nbadraft.net/2019mock_draft,https://www.nbadraft.net/2019mock_draft,2019-05-21T15:02:04+00:00,2019-06-20,2019-05-15,53f3093c806fbf622e7b1745b007fbde974774787924e838ead2f777523e228b,b59fdfc8d7bba272ece80e7be8c76e9f4106327e31aa8d280a62a39b57232bad,af71379d9a7142321f715ce9b3c8a97e100bb128d8be5846b4ef20dc3e957b45,5da260e3303ee240b1a0609df813125b10f5515d62ca75db601a6a7046bb54d0,/players/deandre-hunter,4,,ndnet,"{""class"": ""So."", ""height"": ""6-7"", ""position"": ""SF/PF"", ""weight"": ""225""}",{}
P43dec358d1,2019,nbadraft_2019,nbadraft,https://web.archive.org/web/20190521150204id_/https://www.nbadraft.net/2019mock_draft,https://www.nbadraft.net/2019mock_draft,2019-05-21T15:02:04+00:00,2019-06-20,2019-05-15,53f3093c806fbf622e7b1745b007fbde974774787924e838ead2f777523e228b,b59fdfc8d7bba272ece80e7be8c76e9f4106327e31aa8d280a62a39b57232bad,af71379d9a7142321f715ce9b3c8a97e100bb128d8be5846b4ef20dc3e957b45,84d1050a8c343641fad366fb23b0fc13b8fcdeda0fb07b677ddbaf8c4c55984d,/players/coby-white,5,,ndnet,"{""class"": ""Fr."", ""height"": ""6-5"", ""position"": ""PG/SG"", ""weight"": ""190""}",{}
P297d12820e,2019,nbadraft_2019,nbadraft,https://web.archive.org/web/20190521150204id_/https://www.nbadraft.net/2019mock_draft,https://www.nbadraft.net/2019mock_draft,2019-05-21T15:02:04+00:00,2019-06-20,2019-05-15,53f3093c806fbf622e7b1745b007fbde974774787924e838ead2f777523e228b,b59fdfc8d7bba272ece80e7be8c76e9f4106327e31aa8d280a62a39b57232bad,af71379d9a7142321f715ce9b3c8a97e100bb128d8be5846b4ef20dc3e957b45,ec1d03d08bf850760047cddeb265f8ef4ee0a4e736defbbbe89dce2c952895e8,/players/darius-garland,6,,ndnet,"{""class"": ""Fr."", ""height"": ""6-2"", ""position"": ""PG"", ""weight"": ""175""}",{}
Pbc4309c829,2019,nbadraft_2019,nbadraft,https://web.archive.org/web/20190521150204id_/https://www.nbadraft.net/2019mock_draft,https://www.nbadraft.net/2019mock_draft,2019-05-21T15:02:04+00:00,2019-06-20,2019-05-15,53f3093c806fbf622e7b1745b007fbde974774787924e838ead2f777523e228b,b59fdfc8d7bba272ece80e7be8c76e9f4106327e31aa8d280a62a39b57232bad,af71379d9a7142321f715ce9b3c8a97e100bb128d8be5846b4ef20dc3e957b45,9ad07e66a181c9e942b4f992cf895cfd6ebef9783c963570fb21f13ce764a6ca,/players/jarrett-culver,7,,ndnet,"{""class"": ""So."", ""height"": ""6-6"", ""position"": ""SG"", ""weight"": ""195""}",{}
Ped6b9a1a7c,2019,nbadraft_2019,nbadraft,https://web.archive.org/web/20190521150204id_/https://www.nbadraft.net/2019mock_draft,https://www.nbadraft.net/2019mock_draft,2019-05-21T15:02:04+00:00,2019-06-20,2019-05-15,53f3093c806fbf622e7b1745b007fbde974774787924e838ead2f777523e228b,b59fdfc8d7bba272ece80e7be8c76e9f4106327e31aa8d280a62a39b57232bad,af71379d9a7142321f715ce9b3c8a97e100bb128d8be5846b4ef20dc3e957b45,182826642f4719ea37918ebe04a3b441697b05f3318f718176612f0dfe940615,/players/jaxson-hayes,9,,ndnet,"{""class"": ""Fr."", ""height"": ""6-11"", ""position"": ""PF/C"", ""weight"": ""220""}",{}
Pbea2d75e26,2019,nbadraft_2019,nbadraft,https://web.archive.org/web/20190521150204id_/https://www.nbadraft.net/2019mock_draft,https://www.nbadraft.net/2019mock_draft,2019-05-21T15:02:04+00:00,2019-06-20,2019-05-15,53f3093c806fbf622e7b1745b007fbde974774787924e838ead2f777523e228b,b59fdfc8d7bba272ece80e7be8c76e9f4106327e31aa8d280a62a39b57232bad,af71379d9a7142321f715ce9b3c8a97e100bb128d8be5846b4ef20dc3e957b45,9ffdd763a3c7ef1bb988bbeabd46ed9b92c92299638d59032ffdf66f7290161a,/players/rui-hachimura,10,,ndnet,"{""class"": ""Jr."", ""height"": ""6-8"", ""position"": ""SF/PF"", ""weight"": ""235""}",{}
P6a5f6ac2d8,2019,nbadraft_2019,nbadraft,https://web.archive.org/web/20190521150204id_/https://www.nbadraft.net/2019mock_draft,https://www.nbadraft.net/2019mock_draft,2019-05-21T15:02:04+00:00,2019-06-20,2019-05-15,53f3093c806fbf622e7b1745b007fbde974774787924e838ead2f777523e228b,b59fdfc8d7bba272ece80e7be8c76e9f4106327e31aa8d280a62a39b57232bad,af71379d9a7142321f715ce9b3c8a97e100bb128d8be5846b4ef20dc3e957b45,ba46a51e6a17940b6245e509067bdec22d0ef79648da7d2547e3e64713fe1a21,/players/nassir-little,11,,ndnet,"{""class"": ""Fr."", ""height"": ""6-6"", ""position"": ""SF"", ""weight"": ""225""}",{}
P5cd98708f1,2019,nbadraft_2019,nbadraft,https://web.archive.org/web/20190521150204id_/https://www.nbadraft.net/2019mock_draft,https://www.nbadraft.net/2019mock_draft,2019-05-21T15:02:04+00:00,2019-06-20,2019-05-15,53f3093c806fbf622e7b1745b007fbde974774787924e838ead2f777523e228b,b59fdfc8d7bba272ece80e7be8c76e9f4106327e31aa8d280a62a39b57232bad,af71379d9a7142321f715ce9b3c8a97e100bb128d8be5846b4ef20dc3e957b45,9a782148e72c636c96bbd157d42bc0075d1a240cdc320073cec2c3cb4e438be0,/players/bruno-fernando,12,,ndnet,"{""class"": ""So."", ""height"": ""6-10"", ""position"": ""C"", ""weight"": ""240""}",{}
P9540818d9f,2019,nbadraft_2019,nbadraft,https://web.archive.org/web/20190521150204id_/https://www.nbadraft.net/2019mock_draft,https://www.nbadraft.net/2019mock_draft,2019-05-21T15:02:04+00:00,2019-06-20,2019-05-15,53f3093c806fbf622e7b1745b007fbde974774787924e838ead2f777523e228b,b59fdfc8d7bba272ece80e7be8c76e9f4106327e31aa8d280a62a39b57232bad,af71379d9a7142321f715ce9b3c8a97e100bb128d8be5846b4ef20dc3e957b45,87819ecc00fd8fabb6c7ebf0ce4ee90dd30ff9e9bce6e0aecb3ebe3fc598ef9e,/players/sekou-doumbouya,13,,ndnet,"{""class"": ""Intl."", ""height"": ""6-9"", ""position"": ""SF/PF"", ""weight"": ""230""}",{}
Pa4c28f80ad,2019,nbadraft_2019,nbadraft,https://web.archive.org/web/20190521150204id_/https://www.nbadraft.net/2019mock_draft,https://www.nbadraft.net/2019mock_draft,2019-05-21T15:02:04+00:00,2019-06-20,2019-05-15,53f3093c806fbf622e7b1745b007fbde974774787924e838ead2f777523e228b,b59fdfc8d7bba272ece80e7be8c76e9f4106327e31aa8d280a62a39b57232bad,af71379d9a7142321f715ce9b3c8a97e100bb128d8be5846b4ef20dc3e957b45,0e89ad2f818ea1d68162d69be95dd3c112df3247eaba7aebc5ca6502ac91c905,/players/keldon-johnson,15,,ndnet,"{""class"": ""Fr."", ""height"": ""6-6"", ""position"": ""SG/SF"", ""weight"": ""215""}",{}
Pd17e70140c,2019,nbadraft_2019,nbadraft,https://web.archive.org/web/20190521150204id_/https://www.nbadraft.net/2019mock_draft,https://www.nbadraft.net/2019mock_draft,2019-05-21T15:02:04+00:00,2019-06-20,2019-05-15,53f3093c806fbf622e7b1745b007fbde974774787924e838ead2f777523e228b,b59fdfc8d7bba272ece80e7be8c76e9f4106327e31aa8d280a62a39b57232bad,af71379d9a7142321f715ce9b3c8a97e100bb128d8be5846b4ef20dc3e957b45,5084bd25350c83e11a1fa8fc640cd9c19d6ef55b6d857379253128e1ce70718c,/players/kz-okpala,16,,ndnet,"{""class"": ""So."", ""height"": ""6-8"", ""position"": ""SG/SF"", ""weight"": ""210""}",{}
P714602a9aa,2019,nbadraft_2019,nbadraft,https://web.archive.org/web/20190521150204id_/https://www.nbadraft.net/2019mock_draft,https://www.nbadraft.net/2019mock_draft,2019-05-21T15:02:04+00:00,2019-06-20,2019-05-15,53f3093c806fbf622e7b1745b007fbde974774787924e838ead2f777523e228b,b59fdfc8d7bba272ece80e7be8c76e9f4106327e31aa8d280a62a39b57232bad,af71379d9a7142321f715ce9b3c8a97e100bb128d8be5846b4ef20dc3e957b45,52a3e669776014c35c6b8e50a2412671166049f72d4b2c13c521abdc7fc9ecb4,/players/romeo-langford,17,,ndnet,"{""class"": ""Fr."", ""height"": ""6-6"", ""position"": ""SG"", ""weight"": ""210""}",{}
P273938bb97,2019,nbadraft_2019,nbadraft,https://web.archive.org/web/20190521150204id_/https://www.nbadraft.net/2019mock_draft,https://www.nbadraft.net/2019mock_draft,2019-05-21T15:02:04+00:00,2019-06-20,2019-05-15,53f3093c806fbf622e7b1745b007fbde974774787924e838ead2f777523e228b,b59fdfc8d7bba272ece80e7be8c76e9f4106327e31aa8d280a62a39b57232bad,af71379d9a7142321f715ce9b3c8a97e100bb128d8be5846b4ef20dc3e957b45,b37a1d86bb7b420ceeef21e9b0814ef1ad6731b89a38def8bb7f50b5914305cb,/players/bol-bol,18,,ndnet,"{""class"": ""Fr."", ""height"": ""7-2"", ""position"": ""C"", ""weight"": ""210""}",{}
P5277c76d51,2019,nbadraft_2019,nbadraft,https://web.archive.org/web/20190521150204id_/https://www.nbadraft.net/2019mock_draft,https://www.nbadraft.net/2019mock_draft,2019-05-21T15:02:04+00:00,2019-06-20,2019-05-15,53f3093c806fbf622e7b1745b007fbde974774787924e838ead2f777523e228b,b59fdfc8d7bba272ece80e7be8c76e9f4106327e31aa8d280a62a39b57232bad,af71379d9a7142321f715ce9b3c8a97e100bb128d8be5846b4ef20dc3e957b45,8b2c3f4323a1bc08e14a9331e7ca0ba26ca35647307c2d6666d3c87b384ed4a9,/players/goga-bitadze,20,,ndnet,"{""class"": ""Intl."", ""height"": ""6-11"", ""position"": ""C"", ""weight"": ""250""}",{}
P4ebfdd4833,2019,nbadraft_2019,nbadraft,https://web.archive.org/web/20190521150204id_/https://www.nbadraft.net/2019mock_draft,https://www.nbadraft.net/2019mock_draft,2019-05-21T15:02:04+00:00,2019-06-20,2019-05-15,53f3093c806fbf622e7b1745b007fbde974774787924e838ead2f777523e228b,b59fdfc8d7bba272ece80e7be8c76e9f4106327e31aa8d280a62a39b57232bad,af71379d9a7142321f715ce9b3c8a97e100bb128d8be5846b4ef20dc3e957b45,5cd3f584304e36632a82c884b3daf2eb1b57a98130a6535efe3268162b6d4299,/players/tyler-herro,21,,ndnet,"{""class"": ""Fr."", ""height"": ""6-6"", ""position"": ""SG"", ""weight"": ""195""}",{}
P2f4b26e6e1,2019,nbadraft_2019,nbadraft,https://web.archive.org/web/20190521150204id_/https://www.nbadraft.net/2019mock_draft,https://www.nbadraft.net/2019mock_draft,2019-05-21T15:02:04+00:00,2019-06-20,2019-05-15,53f3093c806fbf622e7b1745b007fbde974774787924e838ead2f777523e228b,b59fdfc8d7bba272ece80e7be8c76e9f4106327e31aa8d280a62a39b57232bad,af71379d9a7142321f715ce9b3c8a97e100bb128d8be5846b4ef20dc3e957b45,c3559d6d53e0af25b2507f78c51268e149b027fee99490be94eb2868fb20a3de,/players/daniel-gafford,22,,ndnet,"{""class"": ""So."", ""height"": ""6-10"", ""position"": ""PF/C"", ""weight"": ""240""}",{}
Peecc71d248,2019,nbadraft_2019,nbadraft,https://web.archive.org/web/20190521150204id_/https://www.nbadraft.net/2019mock_draft,https://www.nbadraft.net/2019mock_draft,2019-05-21T15:02:04+00:00,2019-06-20,2019-05-15,53f3093c806fbf622e7b1745b007fbde974774787924e838ead2f777523e228b,b59fdfc8d7bba272ece80e7be8c76e9f4106327e31aa8d280a62a39b57232bad,af71379d9a7142321f715ce9b3c8a97e100bb128d8be5846b4ef20dc3e957b45,e16966d797b784bfba49fba9dffd17e41629fcd6129686db14fb8b44463a3759,/players/brandon-clarke,23,,ndnet,"{""class"": ""Jr."", ""height"": ""6-8"", ""position"": ""PF/C"", ""weight"": ""210""}",{}
P8df31bfe17,2019,nbadraft_2019,nbadraft,https://web.archive.org/web/20190521150204id_/https://www.nbadraft.net/2019mock_draft,https://www.nbadraft.net/2019mock_draft,2019-05-21T15:02:04+00:00,2019-06-20,2019-05-15,53f3093c806fbf622e7b1745b007fbde974774787924e838ead2f777523e228b,b59fdfc8d7bba272ece80e7be8c76e9f4106327e31aa8d280a62a39b57232bad,af71379d9a7142321f715ce9b3c8a97e100bb128d8be5846b4ef20dc3e957b45,cfd50d46aaca11f41c5823acacbf7194971f6af18293bd1086b6e72a6cbbe8e9,/players/naz-reid,24,,ndnet,"{""class"": ""Fr."", ""height"": ""6-10"", ""position"": ""C"", ""weight"": ""255""}",{}
P8209ad6040,2019,nbadraft_2019,nbadraft,https://web.archive.org/web/20190521150204id_/https://www.nbadraft.net/2019mock_draft,https://www.nbadraft.net/2019mock_draft,2019-05-21T15:02:04+00:00,2019-06-20,2019-05-15,53f3093c806fbf622e7b1745b007fbde974774787924e838ead2f777523e228b,b59fdfc8d7bba272ece80e7be8c76e9f4106327e31aa8d280a62a39b57232bad,af71379d9a7142321f715ce9b3c8a97e100bb128d8be5846b4ef20dc3e957b45,9f5e9c3976c952a54e94578cb23e10557263d4f0cf6779a2e1809e9762d7ae11,/players/mfiondu-kabengele,25,,ndnet,"{""class"": ""So."", ""height"": ""6-10"", ""position"": ""PF/C"", ""weight"": ""255""}",{}
P4832cf3ea3,2019,nbadraft_2019,nbadraft,https://web.archive.org/web/20190521150204id_/https://www.nbadraft.net/2019mock_draft,https://www.nbadraft.net/2019mock_draft,2019-05-21T15:02:04+00:00,2019-06-20,2019-05-15,53f3093c806fbf622e7b1745b007fbde974774787924e838ead2f777523e228b,b59fdfc8d7bba272ece80e7be8c76e9f4106327e31aa8d280a62a39b57232bad,af71379d9a7142321f715ce9b3c8a97e100bb128d8be5846b4ef20dc3e957b45,23b5831cdac4d599f5aaaafaa054f38fec63927d0b777395d7d31e808e344d8c,/players/matisse-thybulle,26,,ndnet,"{""class"": ""Sr."", ""height"": ""6-6"", ""position"": ""SG/SF"", ""weight"": ""200""}",{}
P4a79c6caeb,2019,nbadraft_2019,nbadraft,https://web.archive.org/web/20190521150204id_/https://www.nbadraft.net/2019mock_draft,https://www.nbadraft.net/2019mock_draft,2019-05-21T15:02:04+00:00,2019-06-20,2019-05-15,53f3093c806fbf622e7b1745b007fbde974774787924e838ead2f777523e228b,b59fdfc8d7bba272ece80e7be8c76e9f4106327e31aa8d280a62a39b57232bad,af71379d9a7142321f715ce9b3c8a97e100bb128d8be5846b4ef20dc3e957b45,b26fc63559c9fb4800f923c52bbe7c14c2c42d455cbd40353c468446aba0671e,/players/pj-washington,27,,ndnet,"{""class"": ""So."", ""height"": ""6-8"", ""position"": ""PF"", ""weight"": ""230""}",{}
Pb14f594f0a,2019,nbadraft_2019,nbadraft,https://web.archive.org/web/20190521150204id_/https://www.nbadraft.net/2019mock_draft,https://www.nbadraft.net/2019mock_draft,2019-05-21T15:02:04+00:00,2019-06-20,2019-05-15,53f3093c806fbf622e7b1745b007fbde974774787924e838ead2f777523e228b,b59fdfc8d7bba272ece80e7be8c76e9f4106327e31aa8d280a62a39b57232bad,af71379d9a7142321f715ce9b3c8a97e100bb128d8be5846b4ef20dc3e957b45,3cfdb1187f8392e1e6e5351b366ee2bcba41eadbc759f149b660c0d322a18724,/players/cameron-johnson,29,,ndnet,"{""class"": ""Sr."", ""height"": ""6-8"", ""position"": ""SF"", ""weight"": ""205""}",{}
Pb16e641fe9,2019,nbadraft_2019,nbadraft,https://web.archive.org/web/20190521150204id_/https://www.nbadraft.net/2019mock_draft,https://www.nbadraft.net/2019mock_draft,2019-05-21T15:02:04+00:00,2019-06-20,2019-05-15,53f3093c806fbf622e7b1745b007fbde974774787924e838ead2f777523e228b,b59fdfc8d7bba272ece80e7be8c76e9f4106327e31aa8d280a62a39b57232bad,af71379d9a7142321f715ce9b3c8a97e100bb128d8be5846b4ef20dc3e957b45,2ff77916a5f3b7a81167f898f5efa33c9d736fe95aa0957503ba71cc348ac666,/players/ty-jerome,30,,ndnet,"{""class"": ""Jr."", ""height"": ""6-5"", ""position"": ""PG"", ""weight"": ""195""}",{}
P6a3fce0af3,2019,nbadraft_2019,nbadraft,https://web.archive.org/web/20190521150204id_/https://www.nbadraft.net/2019mock_draft,https://www.nbadraft.net/2019mock_draft,2019-05-21T15:02:04+00:00,2019-06-20,2019-05-15,53f3093c806fbf622e7b1745b007fbde974774787924e838ead2f777523e228b,b59fdfc8d7bba272ece80e7be8c76e9f4106327e31aa8d280a62a39b57232bad,af71379d9a7142321f715ce9b3c8a97e100bb128d8be5846b4ef20dc3e957b45,ff1e1852e1d01983c3101cfac6e203e725f62b786adf822fef9d06ca0778742c,/players/louis-king,31,,ndnet,"{""class"": ""Fr."", ""height"": ""6-8"", ""position"": ""SF"", ""weight"": ""195""}",{}
P338a42b9d0,2019,nbadraft_2019,nbadraft,https://web.archive.org/web/20190521150204id_/https://www.nbadraft.net/2019mock_draft,https://www.nbadraft.net/2019mock_draft,2019-05-21T15:02:04+00:00,2019-06-20,2019-05-15,53f3093c806fbf622e7b1745b007fbde974774787924e838ead2f777523e228b,b59fdfc8d7bba272ece80e7be8c76e9f4106327e31aa8d280a62a39b57232bad,af71379d9a7142321f715ce9b3c8a97e100bb128d8be5846b4ef20dc3e957b45,476353827dfdce5c7dcfac82f257b5ede11764918f8dc56eed7e5b25d213507b,/players/jalen-mcdaniels,33,,ndnet,"{""class"": ""So."", ""height"": ""6-9"", ""position"": ""PF"", ""weight"": ""190""}",{}
P023bbe5ec1,2019,nbadraft_2019,nbadraft,https://web.archive.org/web/20190521150204id_/https://www.nbadraft.net/2019mock_draft,https://www.nbadraft.net/2019mock_draft,2019-05-21T15:02:04+00:00,2019-06-20,2019-05-15,53f3093c806fbf622e7b1745b007fbde974774787924e838ead2f777523e228b,b59fdfc8d7bba272ece80e7be8c76e9f4106327e31aa8d280a62a39b57232bad,af71379d9a7142321f715ce9b3c8a97e100bb128d8be5846b4ef20dc3e957b45,c57122a974c8f86b88c48cb3762e0644be32c263c00dbbc7300163fda03c5319,/players/grant-williams,34,,ndnet,"{""class"": ""Jr."", ""height"": ""6-7"", ""position"": ""PF"", ""weight"": ""240""}",{}
Pb1eb09fa94,2019,nbadraft_2019,nbadraft,https://web.archive.org/web/20190521150204id_/https://www.nbadraft.net/2019mock_draft,https://www.nbadraft.net/2019mock_draft,2019-05-21T15:02:04+00:00,2019-06-20,2019-05-15,53f3093c806fbf622e7b1745b007fbde974774787924e838ead2f777523e228b,b59fdfc8d7bba272ece80e7be8c76e9f4106327e31aa8d280a62a39b57232bad,af71379d9a7142321f715ce9b3c8a97e100bb128d8be5846b4ef20dc3e957b45,2940a6782362903510b85c3f5fb7e26eeb1183c39c7b57a695e08c5d23140211,/players/kris-wilkes,35,,ndnet,"{""class"": ""So."", ""height"": ""6-7"", ""position"": ""SF"", ""weight"": ""210""}",{}
P2084d7c5fc,2019,nbadraft_2019,nbadraft,https://web.archive.org/web/20190521150204id_/https://www.nbadraft.net/2019mock_draft,https://www.nbadraft.net/2019mock_draft,2019-05-21T15:02:04+00:00,2019-06-20,2019-05-15,53f3093c806fbf622e7b1745b007fbde974774787924e838ead2f777523e228b,b59fdfc8d7bba272ece80e7be8c76e9f4106327e31aa8d280a62a39b57232bad,af71379d9a7142321f715ce9b3c8a97e100bb128d8be5846b4ef20dc3e957b45,914d2bc0dd53a5fbeddbaf6772473dbd805604b146ff591771c94f9809d47110,/players/admiral-schofield,36,,ndnet,"{""class"": ""Sr."", ""height"": ""6-5"", ""position"": ""SF"", ""weight"": ""240""}",{}
Pf1b3205a09,2019,nbadraft_2019,nbadraft,https://web.archive.org/web/20190521150204id_/https://www.nbadraft.net/2019mock_draft,https://www.nbadraft.net/2019mock_draft,2019-05-21T15:02:04+00:00,2019-06-20,2019-05-15,53f3093c806fbf622e7b1745b007fbde974774787924e838ead2f777523e228b,b59fdfc8d7bba272ece80e7be8c76e9f4106327e31aa8d280a62a39b57232bad,af71379d9a7142321f715ce9b3c8a97e100bb128d8be5846b4ef20dc3e957b45,8e859b54524d97c563a5f58869259d3c654fa86e4e28d8e3c87997409c709148,/players/dylan-windler,37,,ndnet,"{""class"": ""Sr."", ""height"": ""6-7"", ""position"": ""SG/SF"", ""weight"": ""195""}",{}
P7c5888ec9d,2019,nbadraft_2019,nbadraft,https://web.archive.org/web/20190521150204id_/https://www.nbadraft.net/2019mock_draft,https://www.nbadraft.net/2019mock_draft,2019-05-21T15:02:04+00:00,2019-06-20,2019-05-15,53f3093c806fbf622e7b1745b007fbde974774787924e838ead2f777523e228b,b59fdfc8d7bba272ece80e7be8c76e9f4106327e31aa8d280a62a39b57232bad,af71379d9a7142321f715ce9b3c8a97e100bb128d8be5846b4ef20dc3e957b45,a65ca812fae759455afd3a2b2418216cbac3af4d7f9dce7ffb678d66247c1759,/players/chuma-okeke,38,,ndnet,"{""class"": ""So."", ""height"": ""6-8"", ""position"": ""SF/PF"", ""weight"": ""235""}",{}
P14a01dedf9,2019,nbadraft_2019,nbadraft,https://web.archive.org/web/20190521150204id_/https://www.nbadraft.net/2019mock_draft,https://www.nbadraft.net/2019mock_draft,2019-05-21T15:02:04+00:00,2019-06-20,2019-05-15,53f3093c806fbf622e7b1745b007fbde974774787924e838ead2f777523e228b,b59fdfc8d7bba272ece80e7be8c76e9f4106327e31aa8d280a62a39b57232bad,af71379d9a7142321f715ce9b3c8a97e100bb128d8be5846b4ef20dc3e957b45,f0b99fca319d1240bcb4a4109d4f445c2948ff64a07b721da23cc56f3fc372a2,/players/carsen-edwards,39,,ndnet,"{""class"": ""Jr."", ""height"": ""6-0"", ""position"": ""PG"", ""weight"": ""200""}",{}
Pab169ed872,2019,nbadraft_2019,nbadraft,https://web.archive.org/web/20190521150204id_/https://www.nbadraft.net/2019mock_draft,https://www.nbadraft.net/2019mock_draft,2019-05-21T15:02:04+00:00,2019-06-20,2019-05-15,53f3093c806fbf622e7b1745b007fbde974774787924e838ead2f777523e228b,b59fdfc8d7bba272ece80e7be8c76e9f4106327e31aa8d280a62a39b57232bad,af71379d9a7142321f715ce9b3c8a97e100bb128d8be5846b4ef20dc3e957b45,9b8e76255962a319925681e58b47d09ed44b07b978e49e0677da7a2d928ea1a0,/players/jaylen-nowell,40,,ndnet,"{""class"": ""So."", ""height"": ""6-4"", ""position"": ""PG/SG"", ""weight"": ""200""}",{}
P90a39c14ab,2019,nbadraft_2019,nbadraft,https://web.archive.org/web/20190521150204id_/https://www.nbadraft.net/2019mock_draft,https://www.nbadraft.net/2019mock_draft,2019-05-21T15:02:04+00:00,2019-06-20,2019-05-15,53f3093c806fbf622e7b1745b007fbde974774787924e838ead2f777523e228b,b59fdfc8d7bba272ece80e7be8c76e9f4106327e31aa8d280a62a39b57232bad,af71379d9a7142321f715ce9b3c8a97e100bb128d8be5846b4ef20dc3e957b45,3869cb0fbd3e83be038db06e678956755843833b50d6a6f11a1d2629bb3c0c4f,/players/isaiah-roby,41,,ndnet,"{""class"": ""Jr."", ""height"": ""6-8"", ""position"": ""SF/PF"", ""weight"": ""215""}",{}
Pf450c7fe3d,2019,nbadraft_2019,nbadraft,https://web.archive.org/web/20190521150204id_/https://www.nbadraft.net/2019mock_draft,https://www.nbadraft.net/2019mock_draft,2019-05-21T15:02:04+00:00,2019-06-20,2019-05-15,53f3093c806fbf622e7b1745b007fbde974774787924e838ead2f777523e228b,b59fdfc8d7bba272ece80e7be8c76e9f4106327e31aa8d280a62a39b57232bad,af71379d9a7142321f715ce9b3c8a97e100bb128d8be5846b4ef20dc3e957b45,079bac447ceed4c12754084c14ff4e57e9c726068158d72a95551e6885fed3bb,/players/ky-bowman,43,,ndnet,"{""class"": ""Jr."", ""height"": ""6-2"", ""position"": ""PG"", ""weight"": ""180""}",{}
P9b3e496395,2019,nbadraft_2019,nbadraft,https://web.archive.org/web/20190521150204id_/https://www.nbadraft.net/2019mock_draft,https://www.nbadraft.net/2019mock_draft,2019-05-21T15:02:04+00:00,2019-06-20,2019-05-15,53f3093c806fbf622e7b1745b007fbde974774787924e838ead2f777523e228b,b59fdfc8d7bba272ece80e7be8c76e9f4106327e31aa8d280a62a39b57232bad,af71379d9a7142321f715ce9b3c8a97e100bb128d8be5846b4ef20dc3e957b45,fa7e06581e928b2e98210bb1f82358e665d33480513832fe7fdb1c87f88b249c,/players/luka-samanic,44,,ndnet,"{""class"": ""Intl."", ""height"": ""6-11"", ""position"": ""PF"", ""weight"": ""230""}",{}
Pc53511377b,2019,nbadraft_2019,nbadraft,https://web.archive.org/web/20190521150204id_/https://www.nbadraft.net/2019mock_draft,https://www.nbadraft.net/2019mock_draft,2019-05-21T15:02:04+00:00,2019-06-20,2019-05-15,53f3093c806fbf622e7b1745b007fbde974774787924e838ead2f777523e228b,b59fdfc8d7bba272ece80e7be8c76e9f4106327e31aa8d280a62a39b57232bad,af71379d9a7142321f715ce9b3c8a97e100bb128d8be5846b4ef20dc3e957b45,3c2d2fd7261ff0a8eea4447a34df68de465e8fc9d99c81bd817b01fc980b8254,/players/adam-mokoka,45,,ndnet,"{""class"": ""Intl."", ""height"": ""6-5"", ""position"": ""SG"", ""weight"": ""210""}",{}
P37457bff4f,2019,nbadraft_2019,nbadraft,https://web.archive.org/web/20190521150204id_/https://www.nbadraft.net/2019mock_draft,https://www.nbadraft.net/2019mock_draft,2019-05-21T15:02:04+00:00,2019-06-20,2019-05-15,53f3093c806fbf622e7b1745b007fbde974774787924e838ead2f777523e228b,b59fdfc8d7bba272ece80e7be8c76e9f4106327e31aa8d280a62a39b57232bad,af71379d9a7142321f715ce9b3c8a97e100bb128d8be5846b4ef20dc3e957b45,60228e032b103314040be48fc60cce6d294dc2ccc45ba06d8447eb9110c0a037,/players/luguentz-dort,46,,ndnet,"{""class"": ""Fr."", ""height"": ""6-4"", ""position"": ""SG"", ""weight"": ""220""}",{}
P7ff4af5e7c,2019,nbadraft_2019,nbadraft,https://web.archive.org/web/20190521150204id_/https://www.nbadraft.net/2019mock_draft,https://www.nbadraft.net/2019mock_draft,2019-05-21T15:02:04+00:00,2019-06-20,2019-05-15,53f3093c806fbf622e7b1745b007fbde974774787924e838ead2f777523e228b,b59fdfc8d7bba272ece80e7be8c76e9f4106327e31aa8d280a62a39b57232bad,af71379d9a7142321f715ce9b3c8a97e100bb128d8be5846b4ef20dc3e957b45,dff98f36f62db5057794c42b9668cc443f8ce2a5060d0d5092b6b12ac3e04160,/players/eric-paschall,48,,ndnet,"{""class"": ""Sr."", ""height"": ""6-7"", ""position"": ""PF"", ""weight"": ""255""}",{}
Pd50729b5d0,2019,nbadraft_2019,nbadraft,https://web.archive.org/web/20190521150204id_/https://www.nbadraft.net/2019mock_draft,https://www.nbadraft.net/2019mock_draft,2019-05-21T15:02:04+00:00,2019-06-20,2019-05-15,53f3093c806fbf622e7b1745b007fbde974774787924e838ead2f777523e228b,b59fdfc8d7bba272ece80e7be8c76e9f4106327e31aa8d280a62a39b57232bad,af71379d9a7142321f715ce9b3c8a97e100bb128d8be5846b4ef20dc3e957b45,f178cf4062377f69701c6b32e66bf35bb28a5a697a1c9d10a81b0d4d731c8fae,/players/ignas-brazdeikis,49,,ndnet,"{""class"": ""Fr."", ""height"": ""6-7"", ""position"": ""SF"", ""weight"": ""220""}",{}
Pc3b8b90cf8,2019,nbadraft_2019,nbadraft,https://web.archive.org/web/20190521150204id_/https://www.nbadraft.net/2019mock_draft,https://www.nbadraft.net/2019mock_draft,2019-05-21T15:02:04+00:00,2019-06-20,2019-05-15,53f3093c806fbf622e7b1745b007fbde974774787924e838ead2f777523e228b,b59fdfc8d7bba272ece80e7be8c76e9f4106327e31aa8d280a62a39b57232bad,af71379d9a7142321f715ce9b3c8a97e100bb128d8be5846b4ef20dc3e957b45,48a754117da35be0b4fefdbd3c8198163b605951a70493a91e502418a2d0970c,/players/tyler-cook,50,,ndnet,"{""class"": ""Jr."", ""height"": ""6-8"", ""position"": ""PF"", ""weight"": ""245""}",{}
Pb69fbd28c6,2019,nbadraft_2019,nbadraft,https://web.archive.org/web/20190521150204id_/https://www.nbadraft.net/2019mock_draft,https://www.nbadraft.net/2019mock_draft,2019-05-21T15:02:04+00:00,2019-06-20,2019-05-15,53f3093c806fbf622e7b1745b007fbde974774787924e838ead2f777523e228b,b59fdfc8d7bba272ece80e7be8c76e9f4106327e31aa8d280a62a39b57232bad,af71379d9a7142321f715ce9b3c8a97e100bb128d8be5846b4ef20dc3e957b45,19bf1405b3c6b8417ed06820d1bd324e6d95d5124ccbc9c259efff6fcf6e9f81,/players/kyle-guy,52,,ndnet,"{""class"": ""Jr."", ""height"": ""6-2"", ""position"": ""PG/SG"", ""weight"": ""170""}",{}
P18facb688d,2019,nbadraft_2019,nbadraft,https://web.archive.org/web/20190521150204id_/https://www.nbadraft.net/2019mock_draft,https://www.nbadraft.net/2019mock_draft,2019-05-21T15:02:04+00:00,2019-06-20,2019-05-15,53f3093c806fbf622e7b1745b007fbde974774787924e838ead2f777523e228b,b59fdfc8d7bba272ece80e7be8c76e9f4106327e31aa8d280a62a39b57232bad,af71379d9a7142321f715ce9b3c8a97e100bb128d8be5846b4ef20dc3e957b45,5939791556224a5725b4fa66d0d80562dc85c7cfd4088b6c9a57b940bb3dff3e,/players/terance-mann,53,,ndnet,"{""class"": ""Sr."", ""height"": ""6-6"", ""position"": ""SG"", ""weight"": ""205""}",{}
P1a41a85440,2019,nbadraft_2019,nbadraft,https://web.archive.org/web/20190521150204id_/https://www.nbadraft.net/2019mock_draft,https://www.nbadraft.net/2019mock_draft,2019-05-21T15:02:04+00:00,2019-06-20,2019-05-15,53f3093c806fbf622e7b1745b007fbde974774787924e838ead2f777523e228b,b59fdfc8d7bba272ece80e7be8c76e9f4106327e31aa8d280a62a39b57232bad,af71379d9a7142321f715ce9b3c8a97e100bb128d8be5846b4ef20dc3e957b45,f3a32565fabb7219061f4acb4264fa744942bfde7aa0cf5f4780471cc00abbbf,/players/jaylen-hoard,54,,ndnet,"{""class"": ""Fr."", ""height"": ""6-8"", ""position"": ""SF/PF"", ""weight"": ""215""}",{}
Pb14e5c1c97,2019,nbadraft_2019,nbadraft,https://web.archive.org/web/20190521150204id_/https://www.nbadraft.net/2019mock_draft,https://www.nbadraft.net/2019mock_draft,2019-05-21T15:02:04+00:00,2019-06-20,2019-05-15,53f3093c806fbf622e7b1745b007fbde974774787924e838ead2f777523e228b,b59fdfc8d7bba272ece80e7be8c76e9f4106327e31aa8d280a62a39b57232bad,af71379d9a7142321f715ce9b3c8a97e100bb128d8be5846b4ef20dc3e957b45,75e8972eb40f86b27e23418cc2acd144095199d8bd772458b431d57738fd1cb6,/players/aubrey-dawkins,55,,ndnet,"{""class"": ""Jr."", ""height"": ""6-6"", ""position"": ""SG/SF"", ""weight"": ""205""}",{}
Pd88f1bdac2,2019,nbadraft_2019,nbadraft,https://web.archive.org/web/20190521150204id_/https://www.nbadraft.net/2019mock_draft,https://www.nbadraft.net/2019mock_draft,2019-05-21T15:02:04+00:00,2019-06-20,2019-05-15,53f3093c806fbf622e7b1745b007fbde974774787924e838ead2f777523e228b,b59fdfc8d7bba272ece80e7be8c76e9f4106327e31aa8d280a62a39b57232bad,af71379d9a7142321f715ce9b3c8a97e100bb128d8be5846b4ef20dc3e957b45,74f7125ad7dfeed722c8b0497b77c24b85ef750b8a4dc904418bd66d9a145b4b,/players/miye-oni,56,,ndnet,"{""class"": ""Jr."", ""height"": ""6-5"", ""position"": ""SG"", ""weight"": ""205""}",{}
P6b5b70ee01,2019,nbadraft_2019,nbadraft,https://web.archive.org/web/20190521150204id_/https://www.nbadraft.net/2019mock_draft,https://www.nbadraft.net/2019mock_draft,2019-05-21T15:02:04+00:00,2019-06-20,2019-05-15,53f3093c806fbf622e7b1745b007fbde974774787924e838ead2f777523e228b,b59fdfc8d7bba272ece80e7be8c76e9f4106327e31aa8d280a62a39b57232bad,af71379d9a7142321f715ce9b3c8a97e100bb128d8be5846b4ef20dc3e957b45,e13c051ccddc96b631d2270c9ad5d83c7b8d41c497319e6fd6e5816d886dcab9,/players/jalen-lecque,57,,ndnet,"{""class"": ""HSSr."", ""height"": ""6-4"", ""position"": ""PG/SG"", ""weight"": ""185""}","{""class"": ""Unrecognized class token; no inferred class year""}"
Pb0f44d6b69,2019,nbadraft_2019,nbadraft,https://web.archive.org/web/20190521150204id_/https://www.nbadraft.net/2019mock_draft,https://www.nbadraft.net/2019mock_draft,2019-05-21T15:02:04+00:00,2019-06-20,2019-05-15,53f3093c806fbf622e7b1745b007fbde974774787924e838ead2f777523e228b,b59fdfc8d7bba272ece80e7be8c76e9f4106327e31aa8d280a62a39b57232bad,af71379d9a7142321f715ce9b3c8a97e100bb128d8be5846b4ef20dc3e957b45,1615ac57b45631722ca67503454070d3b4d57ef66bd504311649347e0a53ea75,/players/jaylen-hands,58,,ndnet,"{""class"": ""So."", ""height"": ""6-3"", ""position"": ""PG"", ""weight"": ""180""}",{}
P35f0fb7731,2020,nbadraft_2020_fallback,nbadraft,https://web.archive.org/web/20201101015440id_/https://www.nbadraft.net/nba-mock-drafts/,https://www.nbadraft.net/nba-mock-drafts/,2020-11-01T01:54:40+00:00,2020-11-18,2020-10-19,640d3b1ad5ccb0bb0752f476f0b4493c07c6426cfcda77c3f0d9332735c1cc0d,31fdf8733d9c8919a18b65e87689eb69e695752ac5ef742ffba02cef98575a2c,321101752adaa99a66b04e8055eb3e972fcc02bc1f927c5a96fcc6be548bd34e,5a9b7912dfbe6fdcb1633909466ab076e559fe6de4b82709aed7bb1bd32d3d40,https://www.nbadraft.net/players/anthony-edwards/,1,,ndnet,"{""class"": ""Fr."", ""height"": ""6-5"", ""position"": ""SG"", ""weight"": ""225""}",{}
Pa430d00e1f,2020,nbadraft_2020_fallback,nbadraft,https://web.archive.org/web/20201101015440id_/https://www.nbadraft.net/nba-mock-drafts/,https://www.nbadraft.net/nba-mock-drafts/,2020-11-01T01:54:40+00:00,2020-11-18,2020-10-19,640d3b1ad5ccb0bb0752f476f0b4493c07c6426cfcda77c3f0d9332735c1cc0d,31fdf8733d9c8919a18b65e87689eb69e695752ac5ef742ffba02cef98575a2c,321101752adaa99a66b04e8055eb3e972fcc02bc1f927c5a96fcc6be548bd34e,9ebb1256c3c995220aff882e838a55225aa8fc9b20a8aeb5bfa20932652bacd1,https://www.nbadraft.net/players/deni-avdija/,2,,ndnet,"{""class"": ""Intl."", ""height"": ""6-9"", ""position"": ""SF"", ""weight"": ""210""}",{}
P3ff36ffdc1,2020,nbadraft_2020_fallback,nbadraft,https://web.archive.org/web/20201101015440id_/https://www.nbadraft.net/nba-mock-drafts/,https://www.nbadraft.net/nba-mock-drafts/,2020-11-01T01:54:40+00:00,2020-11-18,2020-10-19,640d3b1ad5ccb0bb0752f476f0b4493c07c6426cfcda77c3f0d9332735c1cc0d,31fdf8733d9c8919a18b65e87689eb69e695752ac5ef742ffba02cef98575a2c,321101752adaa99a66b04e8055eb3e972fcc02bc1f927c5a96fcc6be548bd34e,abb522e203115490b1ecc18d33492e83099305544ef667a7d7f80bdaeee50240,https://www.nbadraft.net/players/lamelo-ball/,3,,ndnet,"{""class"": ""Intl."", ""height"": ""6-8"", ""position"": ""PG"", ""weight"": ""180""}",{}
Pfe5913c014,2020,nbadraft_2020_fallback,nbadraft,https://web.archive.org/web/20201101015440id_/https://www.nbadraft.net/nba-mock-drafts/,https://www.nbadraft.net/nba-mock-drafts/,2020-11-01T01:54:40+00:00,2020-11-18,2020-10-19,640d3b1ad5ccb0bb0752f476f0b4493c07c6426cfcda77c3f0d9332735c1cc0d,31fdf8733d9c8919a18b65e87689eb69e695752ac5ef742ffba02cef98575a2c,321101752adaa99a66b04e8055eb3e972fcc02bc1f927c5a96fcc6be548bd34e,08bfedbf8aa1a3e60d0aba30f7ea5aca97c8e70a79c273e1ee31b4fef3f001d7,https://www.nbadraft.net/players/killian-hayes/,4,,ndnet,"{""class"": ""Intl."", ""height"": ""6-5"", ""position"": ""PG"", ""weight"": ""195""}",{}
P41612ab4e2,2020,nbadraft_2020_fallback,nbadraft,https://web.archive.org/web/20201101015440id_/https://www.nbadraft.net/nba-mock-drafts/,https://www.nbadraft.net/nba-mock-drafts/,2020-11-01T01:54:40+00:00,2020-11-18,2020-10-19,640d3b1ad5ccb0bb0752f476f0b4493c07c6426cfcda77c3f0d9332735c1cc0d,31fdf8733d9c8919a18b65e87689eb69e695752ac5ef742ffba02cef98575a2c,321101752adaa99a66b04e8055eb3e972fcc02bc1f927c5a96fcc6be548bd34e,abfc7ebbae3a0273e5c14aa7da310a03d532c87f27cad4f78332b3472ac36f93,https://www.nbadraft.net/players/obi-toppin/,5,,ndnet,"{""class"": ""So."", ""height"": ""6-9"", ""position"": ""PF"", ""weight"": ""220""}",{}
P6232d5a44f,2020,nbadraft_2020_fallback,nbadraft,https://web.archive.org/web/20201101015440id_/https://www.nbadraft.net/nba-mock-drafts/,https://www.nbadraft.net/nba-mock-drafts/,2020-11-01T01:54:40+00:00,2020-11-18,2020-10-19,640d3b1ad5ccb0bb0752f476f0b4493c07c6426cfcda77c3f0d9332735c1cc0d,31fdf8733d9c8919a18b65e87689eb69e695752ac5ef742ffba02cef98575a2c,321101752adaa99a66b04e8055eb3e972fcc02bc1f927c5a96fcc6be548bd34e,68135b052153ec0ee7c80303c0e6ae93f6ff3e36905268d7d448d45bd74dd012,https://www.nbadraft.net/players/onyeka-okongwu/,6,,ndnet,"{""class"": ""Fr."", ""height"": ""6-9"", ""position"": ""PF/C"", ""weight"": ""235""}",{}
Pd70c9ef8df,2020,nbadraft_2020_fallback,nbadraft,https://web.archive.org/web/20201101015440id_/https://www.nbadraft.net/nba-mock-drafts/,https://www.nbadraft.net/nba-mock-drafts/,2020-11-01T01:54:40+00:00,2020-11-18,2020-10-19,640d3b1ad5ccb0bb0752f476f0b4493c07c6426cfcda77c3f0d9332735c1cc0d,31fdf8733d9c8919a18b65e87689eb69e695752ac5ef742ffba02cef98575a2c,321101752adaa99a66b04e8055eb3e972fcc02bc1f927c5a96fcc6be548bd34e,f7bdd34b5e162ad3fc19a11ff3783d5cf5addb86a604360d27262d18b8cc5f35,https://www.nbadraft.net/players/devin-vassell/,7,,ndnet,"{""class"": ""So."", ""height"": ""6-7"", ""position"": ""SG"", ""weight"": ""200""}",{}
P7699b7f669,2020,nbadraft_2020_fallback,nbadraft,https://web.archive.org/web/20201101015440id_/https://www.nbadraft.net/nba-mock-drafts/,https://www.nbadraft.net/nba-mock-drafts/,2020-11-01T01:54:40+00:00,2020-11-18,2020-10-19,640d3b1ad5ccb0bb0752f476f0b4493c07c6426cfcda77c3f0d9332735c1cc0d,31fdf8733d9c8919a18b65e87689eb69e695752ac5ef742ffba02cef98575a2c,321101752adaa99a66b04e8055eb3e972fcc02bc1f927c5a96fcc6be548bd34e,4e50b8e0c5a344561f65a54cc4b8113e31dbfca3922e7f5da775b009e142982b,https://www.nbadraft.net/players/isaac-okoro/,8,,ndnet,"{""class"": ""Fr."", ""height"": ""6-6"", ""position"": ""SG/SF"", ""weight"": ""215""}",{}
Pba698d642d,2020,nbadraft_2020_fallback,nbadraft,https://web.archive.org/web/20201101015440id_/https://www.nbadraft.net/nba-mock-drafts/,https://www.nbadraft.net/nba-mock-drafts/,2020-11-01T01:54:40+00:00,2020-11-18,2020-10-19,640d3b1ad5ccb0bb0752f476f0b4493c07c6426cfcda77c3f0d9332735c1cc0d,31fdf8733d9c8919a18b65e87689eb69e695752ac5ef742ffba02cef98575a2c,321101752adaa99a66b04e8055eb3e972fcc02bc1f927c5a96fcc6be548bd34e,c9a9efdb1a645ec95b7f6357ff80193acbf682e3d05ce8e0f886f0866e75a7bf,https://www.nbadraft.net/players/james-wiseman/,9,,ndnet,"{""class"": ""Fr."", ""height"": ""7-1"", ""position"": ""C"", ""weight"": ""235""}",{}
P272ac40c3c,2020,nbadraft_2020_fallback,nbadraft,https://web.archive.org/web/20201101015440id_/https://www.nbadraft.net/nba-mock-drafts/,https://www.nbadraft.net/nba-mock-drafts/,2020-11-01T01:54:40+00:00,2020-11-18,2020-10-19,640d3b1ad5ccb0bb0752f476f0b4493c07c6426cfcda77c3f0d9332735c1cc0d,31fdf8733d9c8919a18b65e87689eb69e695752ac5ef742ffba02cef98575a2c,321101752adaa99a66b04e8055eb3e972fcc02bc1f927c5a96fcc6be548bd34e,05251f7ddfc2d4a3e34597a06ad0b19effbf661a5cbd04ab0ad6ff8493b1da13,https://www.nbadraft.net/players/patrick-williams/,10,,ndnet,"{""class"": ""Fr."", ""height"": ""6-7"", ""position"": ""SF/PF"", ""weight"": ""215""}",{}
P1388f2fd26,2020,nbadraft_2020_fallback,nbadraft,https://web.archive.org/web/20201101015440id_/https://www.nbadraft.net/nba-mock-drafts/,https://www.nbadraft.net/nba-mock-drafts/,2020-11-01T01:54:40+00:00,2020-11-18,2020-10-19,640d3b1ad5ccb0bb0752f476f0b4493c07c6426cfcda77c3f0d9332735c1cc0d,31fdf8733d9c8919a18b65e87689eb69e695752ac5ef742ffba02cef98575a2c,321101752adaa99a66b04e8055eb3e972fcc02bc1f927c5a96fcc6be548bd34e,f24afa35cdb7df12e51ec5eb429755a9702d9ce83729b8b1b0ab22c8d1665705,https://www.nbadraft.net/players/tyrese-haliburton/,11,,ndnet,"{""class"": ""So."", ""height"": ""6-5"", ""position"": ""PG"", ""weight"": ""185""}",{}
P289da7f9c1,2020,nbadraft_2020_fallback,nbadraft,https://web.archive.org/web/20201101015440id_/https://www.nbadraft.net/nba-mock-drafts/,https://www.nbadraft.net/nba-mock-drafts/,2020-11-01T01:54:40+00:00,2020-11-18,2020-10-19,640d3b1ad5ccb0bb0752f476f0b4493c07c6426cfcda77c3f0d9332735c1cc0d,31fdf8733d9c8919a18b65e87689eb69e695752ac5ef742ffba02cef98575a2c,321101752adaa99a66b04e8055eb3e972fcc02bc1f927c5a96fcc6be548bd34e,ad6a9db5a4f903aa4bf14b8dfcc1779fab7fb2117f41e5b09e63bea88d961f6d,https://www.nbadraft.net/players/tyrell-terry/,12,,ndnet,"{""class"": ""Fr."", ""height"": ""6-3"", ""position"": ""PG"", ""weight"": ""160""}",{}
Pe6c9de6d86,2020,nbadraft_2020_fallback,nbadraft,https://web.archive.org/web/20201101015440id_/https://www.nbadraft.net/nba-mock-drafts/,https://www.nbadraft.net/nba-mock-drafts/,2020-11-01T01:54:40+00:00,2020-11-18,2020-10-19,640d3b1ad5ccb0bb0752f476f0b4493c07c6426cfcda77c3f0d9332735c1cc0d,31fdf8733d9c8919a18b65e87689eb69e695752ac5ef742ffba02cef98575a2c,321101752adaa99a66b04e8055eb3e972fcc02bc1f927c5a96fcc6be548bd34e,0d846a97af6584f850637acc17040843d5097972801ce0b5da9d71e09ab14910,https://www.nbadraft.net/players/aaron-nesmith/,13,,ndnet,"{""class"": ""So."", ""height"": ""6-6"", ""position"": ""SG/SF"", ""weight"": ""215""}",{}
P90a7395cb0,2020,nbadraft_2020_fallback,nbadraft,https://web.archive.org/web/20201101015440id_/https://www.nbadraft.net/nba-mock-drafts/,https://www.nbadraft.net/nba-mock-drafts/,2020-11-01T01:54:40+00:00,2020-11-18,2020-10-19,640d3b1ad5ccb0bb0752f476f0b4493c07c6426cfcda77c3f0d9332735c1cc0d,31fdf8733d9c8919a18b65e87689eb69e695752ac5ef742ffba02cef98575a2c,321101752adaa99a66b04e8055eb3e972fcc02bc1f927c5a96fcc6be548bd34e,d461fe8f5e7508c6e9c277c491b00ff333f97998a1a3c3b00826812c7fdfd09c,https://www.nbadraft.net/players/jalen-smith/,14,,ndnet,"{""class"": ""So."", ""height"": ""6-10"", ""position"": ""PF"", ""weight"": ""215""}",{}
Pde7308c87b,2020,nbadraft_2020_fallback,nbadraft,https://web.archive.org/web/20201101015440id_/https://www.nbadraft.net/nba-mock-drafts/,https://www.nbadraft.net/nba-mock-drafts/,2020-11-01T01:54:40+00:00,2020-11-18,2020-10-19,640d3b1ad5ccb0bb0752f476f0b4493c07c6426cfcda77c3f0d9332735c1cc0d,31fdf8733d9c8919a18b65e87689eb69e695752ac5ef742ffba02cef98575a2c,321101752adaa99a66b04e8055eb3e972fcc02bc1f927c5a96fcc6be548bd34e,95cd506c1603995b79d41c47eaa8b7432764f1068e9099543449add83b396aa4,https://www.nbadraft.net/players/theo-maledon/,16,,ndnet,"{""class"": ""Intl."", ""height"": ""6-5"", ""position"": ""PG"", ""weight"": ""175""}",{}
Pb7d583a85a,2020,nbadraft_2020_fallback,nbadraft,https://web.archive.org/web/20201101015440id_/https://www.nbadraft.net/nba-mock-drafts/,https://www.nbadraft.net/nba-mock-drafts/,2020-11-01T01:54:40+00:00,2020-11-18,2020-10-19,640d3b1ad5ccb0bb0752f476f0b4493c07c6426cfcda77c3f0d9332735c1cc0d,31fdf8733d9c8919a18b65e87689eb69e695752ac5ef742ffba02cef98575a2c,321101752adaa99a66b04e8055eb3e972fcc02bc1f927c5a96fcc6be548bd34e,4a9383fbc50522b351cd2ea844b7deace649f6080d3c17ad4718d3d7024d38fc,https://www.nbadraft.net/players/precious-achiuwa/,17,,ndnet,"{""class"": ""Fr."", ""height"": ""6-9"", ""position"": ""PF"", ""weight"": ""225""}",{}
P388cb0d5da,2020,nbadraft_2020_fallback,nbadraft,https://web.archive.org/web/20201101015440id_/https://www.nbadraft.net/nba-mock-drafts/,https://www.nbadraft.net/nba-mock-drafts/,2020-11-01T01:54:40+00:00,2020-11-18,2020-10-19,640d3b1ad5ccb0bb0752f476f0b4493c07c6426cfcda77c3f0d9332735c1cc0d,31fdf8733d9c8919a18b65e87689eb69e695752ac5ef742ffba02cef98575a2c,321101752adaa99a66b04e8055eb3e972fcc02bc1f927c5a96fcc6be548bd34e,d6575e3bc1510db610323c313ce32dd4817ba93ace172bfbd22ad32c295a4609,https://www.nbadraft.net/players/cole-anthony/,18,,ndnet,"{""class"": ""Fr."", ""height"": ""6-3"", ""position"": ""PG"", ""weight"": ""185""}",{}
P04526b8576,2020,nbadraft_2020_fallback,nbadraft,https://web.archive.org/web/20201101015440id_/https://www.nbadraft.net/nba-mock-drafts/,https://www.nbadraft.net/nba-mock-drafts/,2020-11-01T01:54:40+00:00,2020-11-18,2020-10-19,640d3b1ad5ccb0bb0752f476f0b4493c07c6426cfcda77c3f0d9332735c1cc0d,31fdf8733d9c8919a18b65e87689eb69e695752ac5ef742ffba02cef98575a2c,321101752adaa99a66b04e8055eb3e972fcc02bc1f927c5a96fcc6be548bd34e,b06c570a1af6368a3ccbe986e2cccf1ead25543d937ee8f824258a2466e27164,https://www.nbadraft.net/players/saddiq-bey/,19,,ndnet,"{""class"": ""So."", ""height"": ""6-8"", ""position"": ""SF"", ""weight"": ""215""}",{}
Pa3fa433740,2020,nbadraft_2020_fallback,nbadraft,https://web.archive.org/web/20201101015440id_/https://www.nbadraft.net/nba-mock-drafts/,https://www.nbadraft.net/nba-mock-drafts/,2020-11-01T01:54:40+00:00,2020-11-18,2020-10-19,640d3b1ad5ccb0bb0752f476f0b4493c07c6426cfcda77c3f0d9332735c1cc0d,31fdf8733d9c8919a18b65e87689eb69e695752ac5ef742ffba02cef98575a2c,321101752adaa99a66b04e8055eb3e972fcc02bc1f927c5a96fcc6be548bd34e,db98aecb4f622f11a1afae88146578e88ef1bb4d66c553a5ae7f43603832b4a7,https://www.nbadraft.net/players/tyrese-maxey/,20,,ndnet,"{""class"": ""Fr."", ""height"": ""6-3"", ""position"": ""SG"", ""weight"": ""200""}",{}
Pa7dbf13041,2020,nbadraft_2020_fallback,nbadraft,https://web.archive.org/web/20201101015440id_/https://www.nbadraft.net/nba-mock-drafts/,https://www.nbadraft.net/nba-mock-drafts/,2020-11-01T01:54:40+00:00,2020-11-18,2020-10-19,640d3b1ad5ccb0bb0752f476f0b4493c07c6426cfcda77c3f0d9332735c1cc0d,31fdf8733d9c8919a18b65e87689eb69e695752ac5ef742ffba02cef98575a2c,321101752adaa99a66b04e8055eb3e972fcc02bc1f927c5a96fcc6be548bd34e,03f8026fc8548ba46bfc1c0748bf8b11c0b69923d3b3b4c1a512839054c4cf06,https://www.nbadraft.net/players/jaden-mcdaniels/,21,,ndnet,"{""class"": ""Fr."", ""height"": ""6-10"", ""position"": ""PF"", ""weight"": ""200""}",{}
P0cd98a270c,2020,nbadraft_2020_fallback,nbadraft,https://web.archive.org/web/20201101015440id_/https://www.nbadraft.net/nba-mock-drafts/,https://www.nbadraft.net/nba-mock-drafts/,2020-11-01T01:54:40+00:00,2020-11-18,2020-10-19,640d3b1ad5ccb0bb0752f476f0b4493c07c6426cfcda77c3f0d9332735c1cc0d,31fdf8733d9c8919a18b65e87689eb69e695752ac5ef742ffba02cef98575a2c,321101752adaa99a66b04e8055eb3e972fcc02bc1f927c5a96fcc6be548bd34e,b373d385c1dca73575eaac8624fb41998290900bc0a721062867b47186c53bde,https://www.nbadraft.net/players/josh-green/,22,,ndnet,"{""class"": ""Fr."", ""height"": ""6-5"", ""position"": ""SG"", ""weight"": ""200""}",{}
Pc2d24d5902,2020,nbadraft_2020_fallback,nbadraft,https://web.archive.org/web/20201101015440id_/https://www.nbadraft.net/nba-mock-drafts/,https://www.nbadraft.net/nba-mock-drafts/,2020-11-01T01:54:40+00:00,2020-11-18,2020-10-19,640d3b1ad5ccb0bb0752f476f0b4493c07c6426cfcda77c3f0d9332735c1cc0d,31fdf8733d9c8919a18b65e87689eb69e695752ac5ef742ffba02cef98575a2c,321101752adaa99a66b04e8055eb3e972fcc02bc1f927c5a96fcc6be548bd34e,8c891e2f4877c38d33fbc27d191d1d741c70d0eac3337cc6e21f25fb7d1f962d,https://www.nbadraft.net/players/nico-mannion/,23,,ndnet,"{""class"": ""Fr."", ""height"": ""6-3"", ""position"": ""PG"", ""weight"": ""190""}",{}
P842bafbfda,2020,nbadraft_2020_fallback,nbadraft,https://web.archive.org/web/20201101015440id_/https://www.nbadraft.net/nba-mock-drafts/,https://www.nbadraft.net/nba-mock-drafts/,2020-11-01T01:54:40+00:00,2020-11-18,2020-10-19,640d3b1ad5ccb0bb0752f476f0b4493c07c6426cfcda77c3f0d9332735c1cc0d,31fdf8733d9c8919a18b65e87689eb69e695752ac5ef742ffba02cef98575a2c,321101752adaa99a66b04e8055eb3e972fcc02bc1f927c5a96fcc6be548bd34e,0a4455d9026372d6940ae69e170ad197811b2a2e6fb60223255a3827ac03c2fd,https://www.nbadraft.net/players/aleksej-pokusevski/,24,,ndnet,"{""class"": ""Intl."", ""height"": ""7-0"", ""position"": ""C"", ""weight"": ""190""}",{}
P3c885ec031,2020,nbadraft_2020_fallback,nbadraft,https://web.archive.org/web/20201101015440id_/https://www.nbadraft.net/nba-mock-drafts/,https://www.nbadraft.net/nba-mock-drafts/,2020-11-01T01:54:40+00:00,2020-11-18,2020-10-19,640d3b1ad5ccb0bb0752f476f0b4493c07c6426cfcda77c3f0d9332735c1cc0d,31fdf8733d9c8919a18b65e87689eb69e695752ac5ef742ffba02cef98575a2c,321101752adaa99a66b04e8055eb3e972fcc02bc1f927c5a96fcc6be548bd34e,6aae006f6bcea9ae40b711ac73b4a9e9eb12d1a4fc9e10dda326ce20ca16352f,https://www.nbadraft.net/players/rj-hampton/,25,,ndnet,"{""class"": ""Intl."", ""height"": ""6-4"", ""position"": ""PG/SG"", ""weight"": ""175""}",{}
P429838957d,2020,nbadraft_2020_fallback,nbadraft,https://web.archive.org/web/20201101015440id_/https://www.nbadraft.net/nba-mock-drafts/,https://www.nbadraft.net/nba-mock-drafts/,2020-11-01T01:54:40+00:00,2020-11-18,2020-10-19,640d3b1ad5ccb0bb0752f476f0b4493c07c6426cfcda77c3f0d9332735c1cc0d,31fdf8733d9c8919a18b65e87689eb69e695752ac5ef742ffba02cef98575a2c,321101752adaa99a66b04e8055eb3e972fcc02bc1f927c5a96fcc6be548bd34e,c31169fcfa15e37cf390efa6d34eb3726e96edb05879d303a96c8120ad734de4,https://www.nbadraft.net/players/jahmius-ramsey/,26,,ndnet,"{""class"": ""Fr."", ""height"": ""6-4"", ""position"": ""PG/SG"", ""weight"": ""190""}",{}
P87be528da0,2020,nbadraft_2020_fallback,nbadraft,https://web.archive.org/web/20201101015440id_/https://www.nbadraft.net/nba-mock-drafts/,https://www.nbadraft.net/nba-mock-drafts/,2020-11-01T01:54:40+00:00,2020-11-18,2020-10-19,640d3b1ad5ccb0bb0752f476f0b4493c07c6426cfcda77c3f0d9332735c1cc0d,31fdf8733d9c8919a18b65e87689eb69e695752ac5ef742ffba02cef98575a2c,321101752adaa99a66b04e8055eb3e972fcc02bc1f927c5a96fcc6be548bd34e,1bc24138c4f7e830e0607294ef82a4e4b3c0e2a0e4f2fcc67d23c394de7c85b7,https://www.nbadraft.net/players/leandro-bolmaro/,28,,ndnet,"{""class"": ""Intl."", ""height"": ""6-6"", ""position"": ""SG"", ""weight"": ""180""}",{}
Pe237a28a37,2020,nbadraft_2020_fallback,nbadraft,https://web.archive.org/web/20201101015440id_/https://www.nbadraft.net/nba-mock-drafts/,https://www.nbadraft.net/nba-mock-drafts/,2020-11-01T01:54:40+00:00,2020-11-18,2020-10-19,640d3b1ad5ccb0bb0752f476f0b4493c07c6426cfcda77c3f0d9332735c1cc0d,31fdf8733d9c8919a18b65e87689eb69e695752ac5ef742ffba02cef98575a2c,321101752adaa99a66b04e8055eb3e972fcc02bc1f927c5a96fcc6be548bd34e,199188732246111598ba3e03b92a2f71cc9269d40f65ebd8c77a2b77b0e85726,https://www.nbadraft.net/players/zeke-nnaji/,29,,ndnet,"{""class"": ""Fr."", ""height"": ""6-11"", ""position"": ""PF/C"", ""weight"": ""240""}",{}
P076dcdb147,2020,nbadraft_2020_fallback,nbadraft,https://web.archive.org/web/20201101015440id_/https://www.nbadraft.net/nba-mock-drafts/,https://www.nbadraft.net/nba-mock-drafts/,2020-11-01T01:54:40+00:00,2020-11-18,2020-10-19,640d3b1ad5ccb0bb0752f476f0b4493c07c6426cfcda77c3f0d9332735c1cc0d,31fdf8733d9c8919a18b65e87689eb69e695752ac5ef742ffba02cef98575a2c,321101752adaa99a66b04e8055eb3e972fcc02bc1f927c5a96fcc6be548bd34e,0fcda5932ba39ccf8889ef7543f497b184353f63a624163cc702a7b75913d47e,https://www.nbadraft.net/players/devon-dotson/,30,,ndnet,"{""class"": ""So."", ""height"": ""6-1"", ""position"": ""PG"", ""weight"": ""185""}",{}
Pe0b660d280,2020,nbadraft_2020_fallback,nbadraft,https://web.archive.org/web/20201101015440id_/https://www.nbadraft.net/nba-mock-drafts/,https://www.nbadraft.net/nba-mock-drafts/,2020-11-01T01:54:40+00:00,2020-11-18,2020-10-19,640d3b1ad5ccb0bb0752f476f0b4493c07c6426cfcda77c3f0d9332735c1cc0d,31fdf8733d9c8919a18b65e87689eb69e695752ac5ef742ffba02cef98575a2c,321101752adaa99a66b04e8055eb3e972fcc02bc1f927c5a96fcc6be548bd34e,4d0d08a791d6a9bb8e032240a0d2d463634b117070c6cc348eaff6048e78966b,https://www.nbadraft.net/players/isaiah-stewart/,31,,ndnet,"{""class"": ""Fr."", ""height"": ""6-9"", ""position"": ""PF/C"", ""weight"": ""250""}",{}
P32d7e7e1eb,2020,nbadraft_2020_fallback,nbadraft,https://web.archive.org/web/20201101015440id_/https://www.nbadraft.net/nba-mock-drafts/,https://www.nbadraft.net/nba-mock-drafts/,2020-11-01T01:54:40+00:00,2020-11-18,2020-10-19,640d3b1ad5ccb0bb0752f476f0b4493c07c6426cfcda77c3f0d9332735c1cc0d,31fdf8733d9c8919a18b65e87689eb69e695752ac5ef742ffba02cef98575a2c,321101752adaa99a66b04e8055eb3e972fcc02bc1f927c5a96fcc6be548bd34e,2f8d7e36bf11b57ec5406162d02de952b50d251d32aa839a6944627677773531,https://www.nbadraft.net/players/tyler-bey/,32,,ndnet,"{""class"": ""Jr."", ""height"": ""6-7"", ""position"": ""PF"", ""weight"": ""215""}",{}
Pdc083a80a9,2020,nbadraft_2020_fallback,nbadraft,https://web.archive.org/web/20201101015440id_/https://www.nbadraft.net/nba-mock-drafts/,https://www.nbadraft.net/nba-mock-drafts/,2020-11-01T01:54:40+00:00,2020-11-18,2020-10-19,640d3b1ad5ccb0bb0752f476f0b4493c07c6426cfcda77c3f0d9332735c1cc0d,31fdf8733d9c8919a18b65e87689eb69e695752ac5ef742ffba02cef98575a2c,321101752adaa99a66b04e8055eb3e972fcc02bc1f927c5a96fcc6be548bd34e,71192b5c4ef5811fd40654a191b82614cd72c008f347fb7d7c7bbcf7a9a6942d,https://www.nbadraft.net/players/elijah-hughes/,33,,ndnet,"{""class"": ""Jr."", ""height"": ""6-6"", ""position"": ""SG"", ""weight"": ""215""}",{}
P63236d3a70,2020,nbadraft_2020_fallback,nbadraft,https://web.archive.org/web/20201101015440id_/https://www.nbadraft.net/nba-mock-drafts/,https://www.nbadraft.net/nba-mock-drafts/,2020-11-01T01:54:40+00:00,2020-11-18,2020-10-19,640d3b1ad5ccb0bb0752f476f0b4493c07c6426cfcda77c3f0d9332735c1cc0d,31fdf8733d9c8919a18b65e87689eb69e695752ac5ef742ffba02cef98575a2c,321101752adaa99a66b04e8055eb3e972fcc02bc1f927c5a96fcc6be548bd34e,cdd1fdbd1261157cbaa853de50e307bfbc86630a46cc0be914274170767c06ec,https://www.nbadraft.net/players/immanuel-quickley/,34,,ndnet,"{""class"": ""So."", ""height"": ""6-3"", ""position"": ""PG/SG"", ""weight"": ""190""}",{}
P48772fff87,2020,nbadraft_2020_fallback,nbadraft,https://web.archive.org/web/20201101015440id_/https://www.nbadraft.net/nba-mock-drafts/,https://www.nbadraft.net/nba-mock-drafts/,2020-11-01T01:54:40+00:00,2020-11-18,2020-10-19,640d3b1ad5ccb0bb0752f476f0b4493c07c6426cfcda77c3f0d9332735c1cc0d,31fdf8733d9c8919a18b65e87689eb69e695752ac5ef742ffba02cef98575a2c,321101752adaa99a66b04e8055eb3e972fcc02bc1f927c5a96fcc6be548bd34e,d658f94c94514b8ce41225dffe298fe449efdf4a00cce077127f19f442b4a0cd,https://www.nbadraft.net/players/daniel-oturu/,35,,ndnet,"{""class"": ""So."", ""height"": ""6-10"", ""position"": ""C"", ""weight"": ""240""}",{}
P170284fab5,2020,nbadraft_2020_fallback,nbadraft,https://web.archive.org/web/20201101015440id_/https://www.nbadraft.net/nba-mock-drafts/,https://www.nbadraft.net/nba-mock-drafts/,2020-11-01T01:54:40+00:00,2020-11-18,2020-10-19,640d3b1ad5ccb0bb0752f476f0b4493c07c6426cfcda77c3f0d9332735c1cc0d,31fdf8733d9c8919a18b65e87689eb69e695752ac5ef742ffba02cef98575a2c,321101752adaa99a66b04e8055eb3e972fcc02bc1f927c5a96fcc6be548bd34e,4c299afd3ece15fe3158763b1a7a33aaf95b4c36ac55b12fa60ae315290e72c6,https://www.nbadraft.net/players/paul-reed/,36,,ndnet,"{""class"": ""Jr."", ""height"": ""6-9"", ""position"": ""PF"", ""weight"": ""210""}",{}
P9d5ce33ec0,2020,nbadraft_2020_fallback,nbadraft,https://web.archive.org/web/20201101015440id_/https://www.nbadraft.net/nba-mock-drafts/,https://www.nbadraft.net/nba-mock-drafts/,2020-11-01T01:54:40+00:00,2020-11-18,2020-10-19,640d3b1ad5ccb0bb0752f476f0b4493c07c6426cfcda77c3f0d9332735c1cc0d,31fdf8733d9c8919a18b65e87689eb69e695752ac5ef742ffba02cef98575a2c,321101752adaa99a66b04e8055eb3e972fcc02bc1f927c5a96fcc6be548bd34e,7771705afe86cae2a5aa7061246779adf3dfc25ab3fb6a8a3cd3c8505b33bb8e,https://www.nbadraft.net/players/reggie-perry/,37,,ndnet,"{""class"": ""So."", ""height"": ""6-9"", ""position"": ""PF"", ""weight"": ""250""}",{}
P866e6f90bf,2020,nbadraft_2020_fallback,nbadraft,https://web.archive.org/web/20201101015440id_/https://www.nbadraft.net/nba-mock-drafts/,https://www.nbadraft.net/nba-mock-drafts/,2020-11-01T01:54:40+00:00,2020-11-18,2020-10-19,640d3b1ad5ccb0bb0752f476f0b4493c07c6426cfcda77c3f0d9332735c1cc0d,31fdf8733d9c8919a18b65e87689eb69e695752ac5ef742ffba02cef98575a2c,321101752adaa99a66b04e8055eb3e972fcc02bc1f927c5a96fcc6be548bd34e,d24eaeb770057383cf8682e44f8051228da9c808ba17ecd9f5fce41ea6d31132,https://www.nbadraft.net/players/isaiah-joe/,38,,ndnet,"{""class"": ""So."", ""height"": ""6-5"", ""position"": ""PG/SG"", ""weight"": ""165""}",{}
P08bc96e9be,2020,nbadraft_2020_fallback,nbadraft,https://web.archive.org/web/20201101015440id_/https://www.nbadraft.net/nba-mock-drafts/,https://www.nbadraft.net/nba-mock-drafts/,2020-11-01T01:54:40+00:00,2020-11-18,2020-10-19,640d3b1ad5ccb0bb0752f476f0b4493c07c6426cfcda77c3f0d9332735c1cc0d,31fdf8733d9c8919a18b65e87689eb69e695752ac5ef742ffba02cef98575a2c,321101752adaa99a66b04e8055eb3e972fcc02bc1f927c5a96fcc6be548bd34e,9f8a8510ca543beaf6ff711d1826eab2a38392e47abe180ed5e9832f06ca8fd1,https://www.nbadraft.net/players/udoka-azubuike/,40,,ndnet,"{""class"": ""Sr."", ""height"": ""6-11"", ""position"": ""C"", ""weight"": ""280""}",{}
Pb3e461d4cf,2020,nbadraft_2020_fallback,nbadraft,https://web.archive.org/web/20201101015440id_/https://www.nbadraft.net/nba-mock-drafts/,https://www.nbadraft.net/nba-mock-drafts/,2020-11-01T01:54:40+00:00,2020-11-18,2020-10-19,640d3b1ad5ccb0bb0752f476f0b4493c07c6426cfcda77c3f0d9332735c1cc0d,31fdf8733d9c8919a18b65e87689eb69e695752ac5ef742ffba02cef98575a2c,321101752adaa99a66b04e8055eb3e972fcc02bc1f927c5a96fcc6be548bd34e,ba0763160a15d5920b6cee126ed0e8bb00dd389b7f73d193c61f336d2fa0a25f,https://www.nbadraft.net/players/cassius-stanley/,41,,ndnet,"{""class"": ""Fr."", ""height"": ""6-5"", ""position"": ""SG"", ""weight"": ""190""}",{}
P173da90181,2020,nbadraft_2020_fallback,nbadraft,https://web.archive.org/web/20201101015440id_/https://www.nbadraft.net/nba-mock-drafts/,https://www.nbadraft.net/nba-mock-drafts/,2020-11-01T01:54:40+00:00,2020-11-18,2020-10-19,640d3b1ad5ccb0bb0752f476f0b4493c07c6426cfcda77c3f0d9332735c1cc0d,31fdf8733d9c8919a18b65e87689eb69e695752ac5ef742ffba02cef98575a2c,321101752adaa99a66b04e8055eb3e972fcc02bc1f927c5a96fcc6be548bd34e,89eca9b4d0c78056d7710e6390a6810f5a5f2f92db033b486f1d94b1ef7044c2,https://www.nbadraft.net/players/cj-elleby/,42,,ndnet,"{""class"": ""So."", ""height"": ""6-6"", ""position"": ""SF"", ""weight"": ""185""}",{}
P716f6175e4,2020,nbadraft_2020_fallback,nbadraft,https://web.archive.org/web/20201101015440id_/https://www.nbadraft.net/nba-mock-drafts/,https://www.nbadraft.net/nba-mock-drafts/,2020-11-01T01:54:40+00:00,2020-11-18,2020-10-19,640d3b1ad5ccb0bb0752f476f0b4493c07c6426cfcda77c3f0d9332735c1cc0d,31fdf8733d9c8919a18b65e87689eb69e695752ac5ef742ffba02cef98575a2c,321101752adaa99a66b04e8055eb3e972fcc02bc1f927c5a96fcc6be548bd34e,277d305f9fcd78eda7a629f989899e6c779556ea2f61f3ab69db326ea408dc9e,https://www.nbadraft.net/players/tre-jones/,43,,ndnet,"{""class"": ""So."", ""height"": ""6-2"", ""position"": ""PG"", ""weight"": ""185""}",{}
P69f4c7679c,2020,nbadraft_2020_fallback,nbadraft,https://web.archive.org/web/20201101015440id_/https://www.nbadraft.net/nba-mock-drafts/,https://www.nbadraft.net/nba-mock-drafts/,2020-11-01T01:54:40+00:00,2020-11-18,2020-10-19,640d3b1ad5ccb0bb0752f476f0b4493c07c6426cfcda77c3f0d9332735c1cc0d,31fdf8733d9c8919a18b65e87689eb69e695752ac5ef742ffba02cef98575a2c,321101752adaa99a66b04e8055eb3e972fcc02bc1f927c5a96fcc6be548bd34e,849f8bc5b5b2e20610a737137b867bf567e8ae54d12158edade4324657ed6e95,https://www.nbadraft.net/players/malachi-flynn/,44,,ndnet,"{""class"": ""Jr."", ""height"": ""6-2"", ""position"": ""PG"", ""weight"": ""175""}",{}
Pf46613d969,2020,nbadraft_2020_fallback,nbadraft,https://web.archive.org/web/20201101015440id_/https://www.nbadraft.net/nba-mock-drafts/,https://www.nbadraft.net/nba-mock-drafts/,2020-11-01T01:54:40+00:00,2020-11-18,2020-10-19,640d3b1ad5ccb0bb0752f476f0b4493c07c6426cfcda77c3f0d9332735c1cc0d,31fdf8733d9c8919a18b65e87689eb69e695752ac5ef742ffba02cef98575a2c,321101752adaa99a66b04e8055eb3e972fcc02bc1f927c5a96fcc6be548bd34e,6568b9518a4a472c7d54aeac69261bfdc8b2611d69706a55b1c44a552374c7cd,https://www.nbadraft.net/players/payton-pritchard/,45,,ndnet,"{""class"": ""Sr."", ""height"": ""6-2"", ""position"": ""PG"", ""weight"": ""195""}",{}
P80eaeaa85d,2020,nbadraft_2020_fallback,nbadraft,https://web.archive.org/web/20201101015440id_/https://www.nbadraft.net/nba-mock-drafts/,https://www.nbadraft.net/nba-mock-drafts/,2020-11-01T01:54:40+00:00,2020-11-18,2020-10-19,640d3b1ad5ccb0bb0752f476f0b4493c07c6426cfcda77c3f0d9332735c1cc0d,31fdf8733d9c8919a18b65e87689eb69e695752ac5ef742ffba02cef98575a2c,321101752adaa99a66b04e8055eb3e972fcc02bc1f927c5a96fcc6be548bd34e,9a98c8b2daa54f4bd9189abcad39e7853f256e3221257e2ca40bab8418b9cea9,https://www.nbadraft.net/players/nate-hinton/,46,,ndnet,"{""class"": ""So."", ""height"": ""6-5"", ""position"": ""SG/SF"", ""weight"": ""210""}",{}
Pdc49b6ecb0,2020,nbadraft_2020_fallback,nbadraft,https://web.archive.org/web/20201101015440id_/https://www.nbadraft.net/nba-mock-drafts/,https://www.nbadraft.net/nba-mock-drafts/,2020-11-01T01:54:40+00:00,2020-11-18,2020-10-19,640d3b1ad5ccb0bb0752f476f0b4493c07c6426cfcda77c3f0d9332735c1cc0d,31fdf8733d9c8919a18b65e87689eb69e695752ac5ef742ffba02cef98575a2c,321101752adaa99a66b04e8055eb3e972fcc02bc1f927c5a96fcc6be548bd34e,f29659de9ec72d9bd05b98bb29f82dcff86c2d65f0415e53c14ca8716f2617ae,https://www.nbadraft.net/players/grant-riller/,47,,ndnet,"{""class"": ""Sr."", ""height"": ""6-3"", ""position"": ""PG/SG"", ""weight"": ""190""}",{}
P34a08a87d4,2020,nbadraft_2020_fallback,nbadraft,https://web.archive.org/web/20201101015440id_/https://www.nbadraft.net/nba-mock-drafts/,https://www.nbadraft.net/nba-mock-drafts/,2020-11-01T01:54:40+00:00,2020-11-18,2020-10-19,640d3b1ad5ccb0bb0752f476f0b4493c07c6426cfcda77c3f0d9332735c1cc0d,31fdf8733d9c8919a18b65e87689eb69e695752ac5ef742ffba02cef98575a2c,321101752adaa99a66b04e8055eb3e972fcc02bc1f927c5a96fcc6be548bd34e,3285bb23f1edbf84ee0a446b7654b3a01582bd055d3c6cf1642c286beac01675,https://www.nbadraft.net/players/ashton-hagans/,48,,ndnet,"{""class"": ""So."", ""height"": ""6-3"", ""position"": ""PG"", ""weight"": ""190""}",{}
P9cddcdc1ad,2020,nbadraft_2020_fallback,nbadraft,https://web.archive.org/web/20201101015440id_/https://www.nbadraft.net/nba-mock-drafts/,https://www.nbadraft.net/nba-mock-drafts/,2020-11-01T01:54:40+00:00,2020-11-18,2020-10-19,640d3b1ad5ccb0bb0752f476f0b4493c07c6426cfcda77c3f0d9332735c1cc0d,31fdf8733d9c8919a18b65e87689eb69e695752ac5ef742ffba02cef98575a2c,321101752adaa99a66b04e8055eb3e972fcc02bc1f927c5a96fcc6be548bd34e,c581dab4b15ff1447d241f970d759f8e35811560ace058405c84d5cebfa45c49,https://www.nbadraft.net/players/jordan-nwora/,49,,ndnet,"{""class"": ""Jr."", ""height"": ""6-7"", ""position"": ""SF"", ""weight"": ""220""}",{}
P1cf3ac09b1,2020,nbadraft_2020_fallback,nbadraft,https://web.archive.org/web/20201101015440id_/https://www.nbadraft.net/nba-mock-drafts/,https://www.nbadraft.net/nba-mock-drafts/,2020-11-01T01:54:40+00:00,2020-11-18,2020-10-19,640d3b1ad5ccb0bb0752f476f0b4493c07c6426cfcda77c3f0d9332735c1cc0d,31fdf8733d9c8919a18b65e87689eb69e695752ac5ef742ffba02cef98575a2c,321101752adaa99a66b04e8055eb3e972fcc02bc1f927c5a96fcc6be548bd34e,9e8a4443a8db4cf06303b0cbf671f1e61dd18d0fca419d1a910befa61d6e0331,https://www.nbadraft.net/players/cassius-winston/,50,,ndnet,"{""class"": ""Sr."", ""height"": ""6-1"", ""position"": ""PG"", ""weight"": ""185""}",{}
Pc74b3d476e,2020,nbadraft_2020_fallback,nbadraft,https://web.archive.org/web/20201101015440id_/https://www.nbadraft.net/nba-mock-drafts/,https://www.nbadraft.net/nba-mock-drafts/,2020-11-01T01:54:40+00:00,2020-11-18,2020-10-19,640d3b1ad5ccb0bb0752f476f0b4493c07c6426cfcda77c3f0d9332735c1cc0d,31fdf8733d9c8919a18b65e87689eb69e695752ac5ef742ffba02cef98575a2c,321101752adaa99a66b04e8055eb3e972fcc02bc1f927c5a96fcc6be548bd34e,c3d2da049705e480c31311e0beaa76b0ffbdd2da2fc667ce3f90231641a19afb,https://www.nbadraft.net/players/lamar-stevens/,51,,ndnet,"{""class"": ""Sr."", ""height"": ""6-7"", ""position"": ""SF/PF"", ""weight"": ""230""}",{}
Pee12c1b431,2020,nbadraft_2020_fallback,nbadraft,https://web.archive.org/web/20201101015440id_/https://www.nbadraft.net/nba-mock-drafts/,https://www.nbadraft.net/nba-mock-drafts/,2020-11-01T01:54:40+00:00,2020-11-18,2020-10-19,640d3b1ad5ccb0bb0752f476f0b4493c07c6426cfcda77c3f0d9332735c1cc0d,31fdf8733d9c8919a18b65e87689eb69e695752ac5ef742ffba02cef98575a2c,321101752adaa99a66b04e8055eb3e972fcc02bc1f927c5a96fcc6be548bd34e,c030f4a99ef0a037bf78fb4d8136d7f92f80c69af29f727e007c5f658064b9c4,https://www.nbadraft.net/players/jay-scrubb/,52,,ndnet,"{""class"": ""So."", ""height"": ""6-6"", ""position"": ""SG"", ""weight"": ""220""}",{}
P2b95cb9990,2020,nbadraft_2020_fallback,nbadraft,https://web.archive.org/web/20201101015440id_/https://www.nbadraft.net/nba-mock-drafts/,https://www.nbadraft.net/nba-mock-drafts/,2020-11-01T01:54:40+00:00,2020-11-18,2020-10-19,640d3b1ad5ccb0bb0752f476f0b4493c07c6426cfcda77c3f0d9332735c1cc0d,31fdf8733d9c8919a18b65e87689eb69e695752ac5ef742ffba02cef98575a2c,321101752adaa99a66b04e8055eb3e972fcc02bc1f927c5a96fcc6be548bd34e,129e9eabecaf2eae3e1b36f833c90ee5e6b33556e7ce07ccb45bb7221e79d73c,https://www.nbadraft.net/players/nick-richards/,53,,ndnet,"{""class"": ""Jr."", ""height"": ""6-11"", ""position"": ""C"", ""weight"": ""245""}",{}
Pceb9387e05,2020,nbadraft_2020_fallback,nbadraft,https://web.archive.org/web/20201101015440id_/https://www.nbadraft.net/nba-mock-drafts/,https://www.nbadraft.net/nba-mock-drafts/,2020-11-01T01:54:40+00:00,2020-11-18,2020-10-19,640d3b1ad5ccb0bb0752f476f0b4493c07c6426cfcda77c3f0d9332735c1cc0d,31fdf8733d9c8919a18b65e87689eb69e695752ac5ef742ffba02cef98575a2c,321101752adaa99a66b04e8055eb3e972fcc02bc1f927c5a96fcc6be548bd34e,45a827fbad1bdfecd74b819ce5d4089ae19deb6303cc0362abb05d6ad45cd9d2,https://www.nbadraft.net/players/markus-howard/,56,,ndnet,"{""class"": ""Sr."", ""height"": ""5-11"", ""position"": ""PG"", ""weight"": ""175""}",{}
P4cd6438cc3,2020,nbadraft_2020_fallback,nbadraft,https://web.archive.org/web/20201101015440id_/https://www.nbadraft.net/nba-mock-drafts/,https://www.nbadraft.net/nba-mock-drafts/,2020-11-01T01:54:40+00:00,2020-11-18,2020-10-19,640d3b1ad5ccb0bb0752f476f0b4493c07c6426cfcda77c3f0d9332735c1cc0d,31fdf8733d9c8919a18b65e87689eb69e695752ac5ef742ffba02cef98575a2c,321101752adaa99a66b04e8055eb3e972fcc02bc1f927c5a96fcc6be548bd34e,f04595c5b3f3381b250291725d6fc0c2fa0d00924b806f273e919c98b727d318,https://www.nbadraft.net/players/karim-mane/,57,,ndnet,"{""class"": ""So."", ""height"": ""6-4"", ""position"": ""SG"", ""weight"": ""200""}",{}
P6142a39d2b,2020,nbadraft_2020_fallback,nbadraft,https://web.archive.org/web/20201101015440id_/https://www.nbadraft.net/nba-mock-drafts/,https://www.nbadraft.net/nba-mock-drafts/,2020-11-01T01:54:40+00:00,2020-11-18,2020-10-19,640d3b1ad5ccb0bb0752f476f0b4493c07c6426cfcda77c3f0d9332735c1cc0d,31fdf8733d9c8919a18b65e87689eb69e695752ac5ef742ffba02cef98575a2c,321101752adaa99a66b04e8055eb3e972fcc02bc1f927c5a96fcc6be548bd34e,67fc4478c4d056692dc6c1e259bbc2266c6f4cd0c87245619cf97beb0b23f2e5,https://www.nbadraft.net/players/mamadi-diakite/,59,,ndnet,"{""class"": ""Sr."", ""height"": ""6-9"", ""position"": ""PF"", ""weight"": ""230""}",{}
P61afdc25a4,2021,nbadraft_2021,nbadraft,https://web.archive.org/web/20210722210648id_/https://www.nbadraft.net/nba-mock-drafts/,https://www.nbadraft.net/nba-mock-drafts/,2021-07-22T21:06:48+00:00,2021-07-29,2021-07-22,c30f65bae062e6d9a4c2c38a56111316115e0b9a55442a5595bb4bc8c082c98b,fd8c8ae7f4eb1c020c2de3d119eb23ee5b486aadc9ded74b7f27fd8871e0498a,94d94c106fc1cfd438dc2a5292a14e32da6173e7addb0109766c841ea19b156e,d58f3f14607f43418e1a3eebb5086ad54670164f7384b22158413730d8f864b2,https://www.nbadraft.net/players/cade-cunningham/,1,,ndnet,"{""class"": ""Fr."", ""height"": ""6-8"", ""position"": ""PG/SG"", ""weight"": ""220""}",{}
P64263ced9d,2021,nbadraft_2021,nbadraft,https://web.archive.org/web/20210722210648id_/https://www.nbadraft.net/nba-mock-drafts/,https://www.nbadraft.net/nba-mock-drafts/,2021-07-22T21:06:48+00:00,2021-07-29,2021-07-22,c30f65bae062e6d9a4c2c38a56111316115e0b9a55442a5595bb4bc8c082c98b,fd8c8ae7f4eb1c020c2de3d119eb23ee5b486aadc9ded74b7f27fd8871e0498a,94d94c106fc1cfd438dc2a5292a14e32da6173e7addb0109766c841ea19b156e,05b7268ddf770041f1abc336e26063cd32a4a332255d1952ee3493dee5a7d0d2,https://www.nbadraft.net/players/jalen-green/,2,,ndnet,"{""class"": ""Fr."", ""height"": ""6-6"", ""position"": ""SG"", ""weight"": ""180""}",{}
Pc3e0235987,2021,nbadraft_2021,nbadraft,https://web.archive.org/web/20210722210648id_/https://www.nbadraft.net/nba-mock-drafts/,https://www.nbadraft.net/nba-mock-drafts/,2021-07-22T21:06:48+00:00,2021-07-29,2021-07-22,c30f65bae062e6d9a4c2c38a56111316115e0b9a55442a5595bb4bc8c082c98b,fd8c8ae7f4eb1c020c2de3d119eb23ee5b486aadc9ded74b7f27fd8871e0498a,94d94c106fc1cfd438dc2a5292a14e32da6173e7addb0109766c841ea19b156e,7b74805512e9af0e1fa1e22eb85a7826188cd1f011ca81d17ce45a3eede4fcb1,https://www.nbadraft.net/players/evan-mobley/,3,,ndnet,"{""class"": ""Fr."", ""height"": ""7-0"", ""position"": ""PF/C"", ""weight"": ""215""}",{}
Pc97a1282a3,2021,nbadraft_2021,nbadraft,https://web.archive.org/web/20210722210648id_/https://www.nbadraft.net/nba-mock-drafts/,https://www.nbadraft.net/nba-mock-drafts/,2021-07-22T21:06:48+00:00,2021-07-29,2021-07-22,c30f65bae062e6d9a4c2c38a56111316115e0b9a55442a5595bb4bc8c082c98b,fd8c8ae7f4eb1c020c2de3d119eb23ee5b486aadc9ded74b7f27fd8871e0498a,94d94c106fc1cfd438dc2a5292a14e32da6173e7addb0109766c841ea19b156e,bf511edc19ce3f2fdc2acf41b0583a23f555144274e68e6d3794643f6edb9472,https://www.nbadraft.net/players/jalen-suggs/,4,,ndnet,"{""class"": ""Fr."", ""height"": ""6-4"", ""position"": ""PG"", ""weight"": ""205""}",{}
P7dcdc4ccdd,2021,nbadraft_2021,nbadraft,https://web.archive.org/web/20210722210648id_/https://www.nbadraft.net/nba-mock-drafts/,https://www.nbadraft.net/nba-mock-drafts/,2021-07-22T21:06:48+00:00,2021-07-29,2021-07-22,c30f65bae062e6d9a4c2c38a56111316115e0b9a55442a5595bb4bc8c082c98b,fd8c8ae7f4eb1c020c2de3d119eb23ee5b486aadc9ded74b7f27fd8871e0498a,94d94c106fc1cfd438dc2a5292a14e32da6173e7addb0109766c841ea19b156e,38a429944a29277113034f982e08f0c64c0c8b063f75939e8c9e2d6336bf3d15,https://www.nbadraft.net/players/jonathan-kuminga/,5,,ndnet,"{""class"": ""Fr."", ""height"": ""6-7"", ""position"": ""SF/PF"", ""weight"": ""220""}",{}
P45a39b68c1,2021,nbadraft_2021,nbadraft,https://web.archive.org/web/20210722210648id_/https://www.nbadraft.net/nba-mock-drafts/,https://www.nbadraft.net/nba-mock-drafts/,2021-07-22T21:06:48+00:00,2021-07-29,2021-07-22,c30f65bae062e6d9a4c2c38a56111316115e0b9a55442a5595bb4bc8c082c98b,fd8c8ae7f4eb1c020c2de3d119eb23ee5b486aadc9ded74b7f27fd8871e0498a,94d94c106fc1cfd438dc2a5292a14e32da6173e7addb0109766c841ea19b156e,867e80f5663858714bb9da549a5fea558e00591bdd3ad5dad8c0e932e443e7a4,https://www.nbadraft.net/players/scottie-barnes/,6,,ndnet,"{""class"": ""Fr."", ""height"": ""6-9"", ""position"": ""SF/PF"", ""weight"": ""225""}",{}
Pa090759337,2021,nbadraft_2021,nbadraft,https://web.archive.org/web/20210722210648id_/https://www.nbadraft.net/nba-mock-drafts/,https://www.nbadraft.net/nba-mock-drafts/,2021-07-22T21:06:48+00:00,2021-07-29,2021-07-22,c30f65bae062e6d9a4c2c38a56111316115e0b9a55442a5595bb4bc8c082c98b,fd8c8ae7f4eb1c020c2de3d119eb23ee5b486aadc9ded74b7f27fd8871e0498a,94d94c106fc1cfd438dc2a5292a14e32da6173e7addb0109766c841ea19b156e,ff15be3bd9a1c209be075f6b9c507d6e993144a87255d7aecbd29d75cd6c66bd,https://www.nbadraft.net/players/james-bouknight/,7,,ndnet,"{""class"": ""So."", ""height"": ""6-5"", ""position"": ""SG"", ""weight"": ""190""}",{}
P721d8fa8f9,2021,nbadraft_2021,nbadraft,https://web.archive.org/web/20210722210648id_/https://www.nbadraft.net/nba-mock-drafts/,https://www.nbadraft.net/nba-mock-drafts/,2021-07-22T21:06:48+00:00,2021-07-29,2021-07-22,c30f65bae062e6d9a4c2c38a56111316115e0b9a55442a5595bb4bc8c082c98b,fd8c8ae7f4eb1c020c2de3d119eb23ee5b486aadc9ded74b7f27fd8871e0498a,94d94c106fc1cfd438dc2a5292a14e32da6173e7addb0109766c841ea19b156e,a72efe0e6d9b123d7c85064e95c9b64105403af43d72bf4c40e0ef06436fb1b9,https://www.nbadraft.net/players/keon-johnson/,8,,ndnet,"{""class"": ""Fr."", ""height"": ""6-5"", ""position"": ""SG/SF"", ""weight"": ""185""}",{}
Pb2632428b5,2021,nbadraft_2021,nbadraft,https://web.archive.org/web/20210722210648id_/https://www.nbadraft.net/nba-mock-drafts/,https://www.nbadraft.net/nba-mock-drafts/,2021-07-22T21:06:48+00:00,2021-07-29,2021-07-22,c30f65bae062e6d9a4c2c38a56111316115e0b9a55442a5595bb4bc8c082c98b,fd8c8ae7f4eb1c020c2de3d119eb23ee5b486aadc9ded74b7f27fd8871e0498a,94d94c106fc1cfd438dc2a5292a14e32da6173e7addb0109766c841ea19b156e,7ba1c55c444e4782644f3191a9a4d2dfdbe4b8c8b7df088c2671588cbae4418c,https://www.nbadraft.net/players/franz-wagner/,9,,ndnet,"{""class"": ""So."", ""height"": ""6-9"", ""position"": ""SF/PF"", ""weight"": ""220""}",{}
P392363bcf2,2021,nbadraft_2021,nbadraft,https://web.archive.org/web/20210722210648id_/https://www.nbadraft.net/nba-mock-drafts/,https://www.nbadraft.net/nba-mock-drafts/,2021-07-22T21:06:48+00:00,2021-07-29,2021-07-22,c30f65bae062e6d9a4c2c38a56111316115e0b9a55442a5595bb4bc8c082c98b,fd8c8ae7f4eb1c020c2de3d119eb23ee5b486aadc9ded74b7f27fd8871e0498a,94d94c106fc1cfd438dc2a5292a14e32da6173e7addb0109766c841ea19b156e,0f4ca06e8a0c5cce03adc3bb56f89f66f4c5e43580ae9cffa2e63629563e0a4f,https://www.nbadraft.net/players/jalen-johnson/,10,,ndnet,"{""class"": ""Fr."", ""height"": ""6-9"", ""position"": ""SF/PF"", ""weight"": ""220""}",{}
P69549f38f2,2021,nbadraft_2021,nbadraft,https://web.archive.org/web/20210722210648id_/https://www.nbadraft.net/nba-mock-drafts/,https://www.nbadraft.net/nba-mock-drafts/,2021-07-22T21:06:48+00:00,2021-07-29,2021-07-22,c30f65bae062e6d9a4c2c38a56111316115e0b9a55442a5595bb4bc8c082c98b,fd8c8ae7f4eb1c020c2de3d119eb23ee5b486aadc9ded74b7f27fd8871e0498a,94d94c106fc1cfd438dc2a5292a14e32da6173e7addb0109766c841ea19b156e,a65a52d84a028eca91d83c7b987a60271acdf3e9c4b0927db7772ffc9d60952c,https://www.nbadraft.net/players/kai-jones/,11,,ndnet,"{""class"": ""So."", ""height"": ""6-11"", ""position"": ""C"", ""weight"": ""220""}",{}
P854a3a23a2,2021,nbadraft_2021,nbadraft,https://web.archive.org/web/20210722210648id_/https://www.nbadraft.net/nba-mock-drafts/,https://www.nbadraft.net/nba-mock-drafts/,2021-07-22T21:06:48+00:00,2021-07-29,2021-07-22,c30f65bae062e6d9a4c2c38a56111316115e0b9a55442a5595bb4bc8c082c98b,fd8c8ae7f4eb1c020c2de3d119eb23ee5b486aadc9ded74b7f27fd8871e0498a,94d94c106fc1cfd438dc2a5292a14e32da6173e7addb0109766c841ea19b156e,96a30112005d4dd6a54ad073825355e6bee25f860a44f155863e29f078407c89,https://www.nbadraft.net/players/josh-giddey/,12,,ndnet,"{""class"": ""Intl."", ""height"": ""6-8"", ""position"": ""PG"", ""weight"": ""205""}",{}
P2c8aa67899,2021,nbadraft_2021,nbadraft,https://web.archive.org/web/20210722210648id_/https://www.nbadraft.net/nba-mock-drafts/,https://www.nbadraft.net/nba-mock-drafts/,2021-07-22T21:06:48+00:00,2021-07-29,2021-07-22,c30f65bae062e6d9a4c2c38a56111316115e0b9a55442a5595bb4bc8c082c98b,fd8c8ae7f4eb1c020c2de3d119eb23ee5b486aadc9ded74b7f27fd8871e0498a,94d94c106fc1cfd438dc2a5292a14e32da6173e7addb0109766c841ea19b156e,b644e902ad1fc9234744246f8beba0980425990b0eadbc037f90565e4e889274,https://www.nbadraft.net/players/davion-mitchell/,13,,ndnet,"{""class"": ""Jr."", ""height"": ""6-2"", ""position"": ""PG"", ""weight"": ""205""}",{}
P9e82692a6d,2021,nbadraft_2021,nbadraft,https://web.archive.org/web/20210722210648id_/https://www.nbadraft.net/nba-mock-drafts/,https://www.nbadraft.net/nba-mock-drafts/,2021-07-22T21:06:48+00:00,2021-07-29,2021-07-22,c30f65bae062e6d9a4c2c38a56111316115e0b9a55442a5595bb4bc8c082c98b,fd8c8ae7f4eb1c020c2de3d119eb23ee5b486aadc9ded74b7f27fd8871e0498a,94d94c106fc1cfd438dc2a5292a14e32da6173e7addb0109766c841ea19b156e,c8624c75f8ba9107add4b02c8ce2f844d6780099765faa0ba7a784131b196e9f,https://www.nbadraft.net/players/ziaire-williams/,14,,ndnet,"{""class"": ""Fr."", ""height"": ""6-9"", ""position"": ""SG/SF"", ""weight"": ""190""}",{}
P05f9ca4653,2021,nbadraft_2021,nbadraft,https://web.archive.org/web/20210722210648id_/https://www.nbadraft.net/nba-mock-drafts/,https://www.nbadraft.net/nba-mock-drafts/,2021-07-22T21:06:48+00:00,2021-07-29,2021-07-22,c30f65bae062e6d9a4c2c38a56111316115e0b9a55442a5595bb4bc8c082c98b,fd8c8ae7f4eb1c020c2de3d119eb23ee5b486aadc9ded74b7f27fd8871e0498a,94d94c106fc1cfd438dc2a5292a14e32da6173e7addb0109766c841ea19b156e,a2c4b79cf3f640616852bc4b332b0db2a318dbe99ebb241a6b6922889d21c66a,https://www.nbadraft.net/players/chris-duarte/,15,,ndnet,"{""class"": ""Sr."", ""height"": ""6-6"", ""position"": ""SG"", ""weight"": ""190""}",{}
P0057628fa2,2021,nbadraft_2021,nbadraft,https://web.archive.org/web/20210722210648id_/https://www.nbadraft.net/nba-mock-drafts/,https://www.nbadraft.net/nba-mock-drafts/,2021-07-22T21:06:48+00:00,2021-07-29,2021-07-22,c30f65bae062e6d9a4c2c38a56111316115e0b9a55442a5595bb4bc8c082c98b,fd8c8ae7f4eb1c020c2de3d119eb23ee5b486aadc9ded74b7f27fd8871e0498a,94d94c106fc1cfd438dc2a5292a14e32da6173e7addb0109766c841ea19b156e,a040d16177f50360372fa9a9256f809aabe085bf97772523415a6e33ac25731b,https://www.nbadraft.net/players/corey-kispert/,17,,ndnet,"{""class"": ""Sr."", ""height"": ""6-7"", ""position"": ""SG/SF"", ""weight"": ""220""}",{}
Pa0882490f6,2021,nbadraft_2021,nbadraft,https://web.archive.org/web/20210722210648id_/https://www.nbadraft.net/nba-mock-drafts/,https://www.nbadraft.net/nba-mock-drafts/,2021-07-22T21:06:48+00:00,2021-07-29,2021-07-22,c30f65bae062e6d9a4c2c38a56111316115e0b9a55442a5595bb4bc8c082c98b,fd8c8ae7f4eb1c020c2de3d119eb23ee5b486aadc9ded74b7f27fd8871e0498a,94d94c106fc1cfd438dc2a5292a14e32da6173e7addb0109766c841ea19b156e,508e07f94be35c74daf3f9b197d5f74e44054ae67af94bd281cdf8c4ef8c5517,https://www.nbadraft.net/players/moses-moody/,18,,ndnet,"{""class"": ""Fr."", ""height"": ""6-6"", ""position"": ""SG"", ""weight"": ""205""}",{}
P606c98790a,2021,nbadraft_2021,nbadraft,https://web.archive.org/web/20210722210648id_/https://www.nbadraft.net/nba-mock-drafts/,https://www.nbadraft.net/nba-mock-drafts/,2021-07-22T21:06:48+00:00,2021-07-29,2021-07-22,c30f65bae062e6d9a4c2c38a56111316115e0b9a55442a5595bb4bc8c082c98b,fd8c8ae7f4eb1c020c2de3d119eb23ee5b486aadc9ded74b7f27fd8871e0498a,94d94c106fc1cfd438dc2a5292a14e32da6173e7addb0109766c841ea19b156e,7b88154af9d93da3c52f3347ba7e42a5fd0814c06d38e443b4eccea835631002,https://www.nbadraft.net/players/miles-mcbride/,19,,ndnet,"{""class"": ""So."", ""height"": ""6-2"", ""position"": ""PG"", ""weight"": ""195""}",{}
Pf0fd005549,2021,nbadraft_2021,nbadraft,https://web.archive.org/web/20210722210648id_/https://www.nbadraft.net/nba-mock-drafts/,https://www.nbadraft.net/nba-mock-drafts/,2021-07-22T21:06:48+00:00,2021-07-29,2021-07-22,c30f65bae062e6d9a4c2c38a56111316115e0b9a55442a5595bb4bc8c082c98b,fd8c8ae7f4eb1c020c2de3d119eb23ee5b486aadc9ded74b7f27fd8871e0498a,94d94c106fc1cfd438dc2a5292a14e32da6173e7addb0109766c841ea19b156e,15ce172e8b57772de779e709e2554ffedb9fd77b6499bf8e47e718b8b7686d1c,https://www.nbadraft.net/players/cameron-thomas/,20,,ndnet,"{""class"": ""Fr."", ""height"": ""6-4"", ""position"": ""SG"", ""weight"": ""210""}",{}
P87ada0d006,2021,nbadraft_2021,nbadraft,https://web.archive.org/web/20210722210648id_/https://www.nbadraft.net/nba-mock-drafts/,https://www.nbadraft.net/nba-mock-drafts/,2021-07-22T21:06:48+00:00,2021-07-29,2021-07-22,c30f65bae062e6d9a4c2c38a56111316115e0b9a55442a5595bb4bc8c082c98b,fd8c8ae7f4eb1c020c2de3d119eb23ee5b486aadc9ded74b7f27fd8871e0498a,94d94c106fc1cfd438dc2a5292a14e32da6173e7addb0109766c841ea19b156e,07dcf81ce326abc8799990ff80b57d05bfe1a7cc6f22a1acb16261fbee97222a,https://www.nbadraft.net/players/isaiah-jackson/,21,,ndnet,"{""class"": ""Fr."", ""height"": ""6-10"", ""position"": ""PF/C"", ""weight"": ""205""}",{}
Pf6213e9937,2021,nbadraft_2021,nbadraft,https://web.archive.org/web/20210722210648id_/https://www.nbadraft.net/nba-mock-drafts/,https://www.nbadraft.net/nba-mock-drafts/,2021-07-22T21:06:48+00:00,2021-07-29,2021-07-22,c30f65bae062e6d9a4c2c38a56111316115e0b9a55442a5595bb4bc8c082c98b,fd8c8ae7f4eb1c020c2de3d119eb23ee5b486aadc9ded74b7f27fd8871e0498a,94d94c106fc1cfd438dc2a5292a14e32da6173e7addb0109766c841ea19b156e,c74148bcc0aa6849ac2632b15061f5ad99ef9cdd2fddfc53ddecdc605dc45d26,https://www.nbadraft.net/players/josh-christopher/,22,,ndnet,"{""class"": ""Fr."", ""height"": ""6-4"", ""position"": ""SG"", ""weight"": ""215""}",{}
Pb3cfb2c388,2021,nbadraft_2021,nbadraft,https://web.archive.org/web/20210722210648id_/https://www.nbadraft.net/nba-mock-drafts/,https://www.nbadraft.net/nba-mock-drafts/,2021-07-22T21:06:48+00:00,2021-07-29,2021-07-22,c30f65bae062e6d9a4c2c38a56111316115e0b9a55442a5595bb4bc8c082c98b,fd8c8ae7f4eb1c020c2de3d119eb23ee5b486aadc9ded74b7f27fd8871e0498a,94d94c106fc1cfd438dc2a5292a14e32da6173e7addb0109766c841ea19b156e,aa850d04639635c1d24adf57b635e53d0de0bd32c2a79c90d34b5ab136e4a838,https://www.nbadraft.net/players/alperen-sengun/,23,,ndnet,"{""class"": ""Intl."", ""height"": ""6-9"", ""position"": ""PF/C"", ""weight"": ""240""}",{}
P4e35bd6add,2021,nbadraft_2021,nbadraft,https://web.archive.org/web/20210722210648id_/https://www.nbadraft.net/nba-mock-drafts/,https://www.nbadraft.net/nba-mock-drafts/,2021-07-22T21:06:48+00:00,2021-07-29,2021-07-22,c30f65bae062e6d9a4c2c38a56111316115e0b9a55442a5595bb4bc8c082c98b,fd8c8ae7f4eb1c020c2de3d119eb23ee5b486aadc9ded74b7f27fd8871e0498a,94d94c106fc1cfd438dc2a5292a14e32da6173e7addb0109766c841ea19b156e,09cf176d678b2d70b6f2c448b487375700e4d1058605e3b7e8bf5ca5a81526ad,https://www.nbadraft.net/players/joshua-primo/,25,,ndnet,"{""class"": ""Fr."", ""height"": ""6-5"", ""position"": ""SG"", ""weight"": ""190""}",{}
P90b2305671,2021,nbadraft_2021,nbadraft,https://web.archive.org/web/20210722210648id_/https://www.nbadraft.net/nba-mock-drafts/,https://www.nbadraft.net/nba-mock-drafts/,2021-07-22T21:06:48+00:00,2021-07-29,2021-07-22,c30f65bae062e6d9a4c2c38a56111316115e0b9a55442a5595bb4bc8c082c98b,fd8c8ae7f4eb1c020c2de3d119eb23ee5b486aadc9ded74b7f27fd8871e0498a,94d94c106fc1cfd438dc2a5292a14e32da6173e7addb0109766c841ea19b156e,903c1a0b29f825629811f815e285c348c8a0d400b99be273d8199aaa1c13a517,https://www.nbadraft.net/players/jaden-springer/,27,,ndnet,"{""class"": ""Fr."", ""height"": ""6-4"", ""position"": ""SG"", ""weight"": ""205""}",{}
Pfce02776de,2021,nbadraft_2021,nbadraft,https://web.archive.org/web/20210722210648id_/https://www.nbadraft.net/nba-mock-drafts/,https://www.nbadraft.net/nba-mock-drafts/,2021-07-22T21:06:48+00:00,2021-07-29,2021-07-22,c30f65bae062e6d9a4c2c38a56111316115e0b9a55442a5595bb4bc8c082c98b,fd8c8ae7f4eb1c020c2de3d119eb23ee5b486aadc9ded74b7f27fd8871e0498a,94d94c106fc1cfd438dc2a5292a14e32da6173e7addb0109766c841ea19b156e,8b36278f3dfc866d2bd62e112beb5716cebbb9317261577b92f5a7ed49500257,https://www.nbadraft.net/players/tre-mann/,28,,ndnet,"{""class"": ""So."", ""height"": ""6-5"", ""position"": ""PG"", ""weight"": ""190""}",{}
P82dc635a40,2021,nbadraft_2021,nbadraft,https://web.archive.org/web/20210722210648id_/https://www.nbadraft.net/nba-mock-drafts/,https://www.nbadraft.net/nba-mock-drafts/,2021-07-22T21:06:48+00:00,2021-07-29,2021-07-22,c30f65bae062e6d9a4c2c38a56111316115e0b9a55442a5595bb4bc8c082c98b,fd8c8ae7f4eb1c020c2de3d119eb23ee5b486aadc9ded74b7f27fd8871e0498a,94d94c106fc1cfd438dc2a5292a14e32da6173e7addb0109766c841ea19b156e,f762bca1b0f1c77e8cbd368e16a261f9d1417687209a12e606680423440d5d9c,https://www.nbadraft.net/players/jared-butler/,29,,ndnet,"{""class"": ""Jr."", ""height"": ""6-3"", ""position"": ""PG/SG"", ""weight"": ""195""}",{}
P9badd97dfe,2021,nbadraft_2021,nbadraft,https://web.archive.org/web/20210722210648id_/https://www.nbadraft.net/nba-mock-drafts/,https://www.nbadraft.net/nba-mock-drafts/,2021-07-22T21:06:48+00:00,2021-07-29,2021-07-22,c30f65bae062e6d9a4c2c38a56111316115e0b9a55442a5595bb4bc8c082c98b,fd8c8ae7f4eb1c020c2de3d119eb23ee5b486aadc9ded74b7f27fd8871e0498a,94d94c106fc1cfd438dc2a5292a14e32da6173e7addb0109766c841ea19b156e,c2c35d4d6f2906f7496796e2f03a713a4559a15f32d68dcb48dfe910427ea1c2,https://www.nbadraft.net/players/joel-ayayi/,30,,ndnet,"{""class"": ""Jr."", ""height"": ""6-5"", ""position"": ""PG/SG"", ""weight"": ""180""}",{}
Pb1d56c9c96,2021,nbadraft_2021,nbadraft,https://web.archive.org/web/20210722210648id_/https://www.nbadraft.net/nba-mock-drafts/,https://www.nbadraft.net/nba-mock-drafts/,2021-07-22T21:06:48+00:00,2021-07-29,2021-07-22,c30f65bae062e6d9a4c2c38a56111316115e0b9a55442a5595bb4bc8c082c98b,fd8c8ae7f4eb1c020c2de3d119eb23ee5b486aadc9ded74b7f27fd8871e0498a,94d94c106fc1cfd438dc2a5292a14e32da6173e7addb0109766c841ea19b156e,45dc369e97c1de95074d645d7cd5f0d9c7fecc4d33bb580ef928c486fcfa42fe,https://www.nbadraft.net/players/isaiah-todd/,31,,ndnet,"{""class"": ""Fr."", ""height"": ""6-10"", ""position"": ""PF"", ""weight"": ""210""}",{}
P9fd480084b,2021,nbadraft_2021,nbadraft,https://web.archive.org/web/20210722210648id_/https://www.nbadraft.net/nba-mock-drafts/,https://www.nbadraft.net/nba-mock-drafts/,2021-07-22T21:06:48+00:00,2021-07-29,2021-07-22,c30f65bae062e6d9a4c2c38a56111316115e0b9a55442a5595bb4bc8c082c98b,fd8c8ae7f4eb1c020c2de3d119eb23ee5b486aadc9ded74b7f27fd8871e0498a,94d94c106fc1cfd438dc2a5292a14e32da6173e7addb0109766c841ea19b156e,89caaf91afb2904403070ef73b32ac2d88235c02828853bbfc9c2b5bbf02aabc,https://www.nbadraft.net/players/ayo-dosunmu/,32,,ndnet,"{""class"": ""Jr."", ""height"": ""6-5"", ""position"": ""PG/SG"", ""weight"": ""195""}",{}
P4110110f37,2021,nbadraft_2021,nbadraft,https://web.archive.org/web/20210722210648id_/https://www.nbadraft.net/nba-mock-drafts/,https://www.nbadraft.net/nba-mock-drafts/,2021-07-22T21:06:48+00:00,2021-07-29,2021-07-22,c30f65bae062e6d9a4c2c38a56111316115e0b9a55442a5595bb4bc8c082c98b,fd8c8ae7f4eb1c020c2de3d119eb23ee5b486aadc9ded74b7f27fd8871e0498a,94d94c106fc1cfd438dc2a5292a14e32da6173e7addb0109766c841ea19b156e,470c2a8a4be44d3045581b8f903bbb6871801d754e72214d6f10b817ab5646cb,https://www.nbadraft.net/players/usman-garuba/,33,,ndnet,"{""class"": ""Intl."", ""height"": ""6-8"", ""position"": ""PF/C"", ""weight"": ""230""}",{}
P0326e23b0d,2021,nbadraft_2021,nbadraft,https://web.archive.org/web/20210722210648id_/https://www.nbadraft.net/nba-mock-drafts/,https://www.nbadraft.net/nba-mock-drafts/,2021-07-22T21:06:48+00:00,2021-07-29,2021-07-22,c30f65bae062e6d9a4c2c38a56111316115e0b9a55442a5595bb4bc8c082c98b,fd8c8ae7f4eb1c020c2de3d119eb23ee5b486aadc9ded74b7f27fd8871e0498a,94d94c106fc1cfd438dc2a5292a14e32da6173e7addb0109766c841ea19b156e,8c71034ac6eb30b1dd9a64c81e40b1751a7e23033ac9c362484b7ebf328ca441,https://www.nbadraft.net/players/charles-bassey/,34,,ndnet,"{""class"": ""Jr."", ""height"": ""6-11"", ""position"": ""PF/C"", ""weight"": ""235""}",{}
P1e1b55c58c,2021,nbadraft_2021,nbadraft,https://web.archive.org/web/20210722210648id_/https://www.nbadraft.net/nba-mock-drafts/,https://www.nbadraft.net/nba-mock-drafts/,2021-07-22T21:06:48+00:00,2021-07-29,2021-07-22,c30f65bae062e6d9a4c2c38a56111316115e0b9a55442a5595bb4bc8c082c98b,fd8c8ae7f4eb1c020c2de3d119eb23ee5b486aadc9ded74b7f27fd8871e0498a,94d94c106fc1cfd438dc2a5292a14e32da6173e7addb0109766c841ea19b156e,72eb47e453b4c06c59a66cacf344c76ac935692a4636d4ce35001453acacc0df,https://www.nbadraft.net/players/sharife-cooper/,35,,ndnet,"{""class"": ""Fr."", ""height"": ""6-1"", ""position"": ""PG"", ""weight"": ""180""}",{}
Pac178f1473,2021,nbadraft_2021,nbadraft,https://web.archive.org/web/20210722210648id_/https://www.nbadraft.net/nba-mock-drafts/,https://www.nbadraft.net/nba-mock-drafts/,2021-07-22T21:06:48+00:00,2021-07-29,2021-07-22,c30f65bae062e6d9a4c2c38a56111316115e0b9a55442a5595bb4bc8c082c98b,fd8c8ae7f4eb1c020c2de3d119eb23ee5b486aadc9ded74b7f27fd8871e0498a,94d94c106fc1cfd438dc2a5292a14e32da6173e7addb0109766c841ea19b156e,cae85f3e978274040f4f74d26bf790c00b4ddcacb7c2e8cc1d6c313dc2a526b5,https://www.nbadraft.net/players/joe-wieskamp/,36,,ndnet,"{""class"": ""Jr."", ""height"": ""6-7"", ""position"": ""SG/SF"", ""weight"": ""205""}",{}
Pc131e1ee6f,2021,nbadraft_2021,nbadraft,https://web.archive.org/web/20210722210648id_/https://www.nbadraft.net/nba-mock-drafts/,https://www.nbadraft.net/nba-mock-drafts/,2021-07-22T21:06:48+00:00,2021-07-29,2021-07-22,c30f65bae062e6d9a4c2c38a56111316115e0b9a55442a5595bb4bc8c082c98b,fd8c8ae7f4eb1c020c2de3d119eb23ee5b486aadc9ded74b7f27fd8871e0498a,94d94c106fc1cfd438dc2a5292a14e32da6173e7addb0109766c841ea19b156e,07d4135b4e80f7f8854a5524681b9479081766193b93935025c6653c93260ad1,https://www.nbadraft.net/players/aaron-wiggins/,39,,ndnet,"{""class"": ""Jr."", ""height"": ""6-6"", ""position"": ""SG"", ""weight"": ""190""}",{}
Pc624860c4a,2021,nbadraft_2021,nbadraft,https://web.archive.org/web/20210722210648id_/https://www.nbadraft.net/nba-mock-drafts/,https://www.nbadraft.net/nba-mock-drafts/,2021-07-22T21:06:48+00:00,2021-07-29,2021-07-22,c30f65bae062e6d9a4c2c38a56111316115e0b9a55442a5595bb4bc8c082c98b,fd8c8ae7f4eb1c020c2de3d119eb23ee5b486aadc9ded74b7f27fd8871e0498a,94d94c106fc1cfd438dc2a5292a14e32da6173e7addb0109766c841ea19b156e,12a7533a05c3eb69045e5dd79cdee621d8712daf32231ec91bab144bcacec002,https://www.nbadraft.net/players/jt-thor/,40,,ndnet,"{""class"": ""Fr."", ""height"": ""6-10"", ""position"": ""PF/C"", ""weight"": ""205""}",{}
P21372aaded,2021,nbadraft_2021,nbadraft,https://web.archive.org/web/20210722210648id_/https://www.nbadraft.net/nba-mock-drafts/,https://www.nbadraft.net/nba-mock-drafts/,2021-07-22T21:06:48+00:00,2021-07-29,2021-07-22,c30f65bae062e6d9a4c2c38a56111316115e0b9a55442a5595bb4bc8c082c98b,fd8c8ae7f4eb1c020c2de3d119eb23ee5b486aadc9ded74b7f27fd8871e0498a,94d94c106fc1cfd438dc2a5292a14e32da6173e7addb0109766c841ea19b156e,5d13ebc66b0b263b54c2d343baf8e89e21a106ae262abf68c87b650bbe29b90a,https://www.nbadraft.net/players/herb-jones/,41,,ndnet,"{""class"": ""Sr."", ""height"": ""6-8"", ""position"": ""SG/SF"", ""weight"": ""210""}",{}
Pba95727095,2021,nbadraft_2021,nbadraft,https://web.archive.org/web/20210722210648id_/https://www.nbadraft.net/nba-mock-drafts/,https://www.nbadraft.net/nba-mock-drafts/,2021-07-22T21:06:48+00:00,2021-07-29,2021-07-22,c30f65bae062e6d9a4c2c38a56111316115e0b9a55442a5595bb4bc8c082c98b,fd8c8ae7f4eb1c020c2de3d119eb23ee5b486aadc9ded74b7f27fd8871e0498a,94d94c106fc1cfd438dc2a5292a14e32da6173e7addb0109766c841ea19b156e,e07fd9374f4b731278a9e908b960800adb2ff2eec0f27c5cfe6b67842ed3b8c5,https://www.nbadraft.net/players/jericho-sims/,42,,ndnet,"{""class"": ""Sr."", ""height"": ""6-10"", ""position"": ""PF/C"", ""weight"": ""250""}",{}
P152905cef4,2021,nbadraft_2021,nbadraft,https://web.archive.org/web/20210722210648id_/https://www.nbadraft.net/nba-mock-drafts/,https://www.nbadraft.net/nba-mock-drafts/,2021-07-22T21:06:48+00:00,2021-07-29,2021-07-22,c30f65bae062e6d9a4c2c38a56111316115e0b9a55442a5595bb4bc8c082c98b,fd8c8ae7f4eb1c020c2de3d119eb23ee5b486aadc9ded74b7f27fd8871e0498a,94d94c106fc1cfd438dc2a5292a14e32da6173e7addb0109766c841ea19b156e,fd1924ee4efedd924d7ea58c38dc581d6af61ba8068e0fbeebdc902ce451e0b1,https://www.nbadraft.net/players/david-johnson/,45,,ndnet,"{""class"": ""So."", ""height"": ""6-4"", ""position"": ""PG"", ""weight"": ""205""}",{}
P30aaba02d5,2021,nbadraft_2021,nbadraft,https://web.archive.org/web/20210722210648id_/https://www.nbadraft.net/nba-mock-drafts/,https://www.nbadraft.net/nba-mock-drafts/,2021-07-22T21:06:48+00:00,2021-07-29,2021-07-22,c30f65bae062e6d9a4c2c38a56111316115e0b9a55442a5595bb4bc8c082c98b,fd8c8ae7f4eb1c020c2de3d119eb23ee5b486aadc9ded74b7f27fd8871e0498a,94d94c106fc1cfd438dc2a5292a14e32da6173e7addb0109766c841ea19b156e,efca0441b2be2d07e444859eed190f13249fe1e32063e6e7b1b1bbe463d05b61,https://www.nbadraft.net/players/filip-petrusev/,46,,ndnet,"{""class"": ""Intl."", ""height"": ""6-11"", ""position"": ""C"", ""weight"": ""235""}",{}
Pbfadf35dca,2021,nbadraft_2021,nbadraft,https://web.archive.org/web/20210722210648id_/https://www.nbadraft.net/nba-mock-drafts/,https://www.nbadraft.net/nba-mock-drafts/,2021-07-22T21:06:48+00:00,2021-07-29,2021-07-22,c30f65bae062e6d9a4c2c38a56111316115e0b9a55442a5595bb4bc8c082c98b,fd8c8ae7f4eb1c020c2de3d119eb23ee5b486aadc9ded74b7f27fd8871e0498a,94d94c106fc1cfd438dc2a5292a14e32da6173e7addb0109766c841ea19b156e,82fc793d226110193ec12dc0a565f9ce9afcb407c069f8be9aa8bdbaa2ebb9a4,https://www.nbadraft.net/players/isaiah-livers/,48,,ndnet,"{""class"": ""Sr."", ""height"": ""6-7"", ""position"": ""SF/PF"", ""weight"": ""230""}",{}
Pe225c37146,2021,nbadraft_2021,nbadraft,https://web.archive.org/web/20210722210648id_/https://www.nbadraft.net/nba-mock-drafts/,https://www.nbadraft.net/nba-mock-drafts/,2021-07-22T21:06:48+00:00,2021-07-29,2021-07-22,c30f65bae062e6d9a4c2c38a56111316115e0b9a55442a5595bb4bc8c082c98b,fd8c8ae7f4eb1c020c2de3d119eb23ee5b486aadc9ded74b7f27fd8871e0498a,94d94c106fc1cfd438dc2a5292a14e32da6173e7addb0109766c841ea19b156e,2ad8980da396e1819e734fff2f430ccf1cf9adfe455bf5c0e1dd094eb0c99934,https://www.nbadraft.net/players/daishen-nix/,49,,ndnet,"{""class"": ""Fr."", ""height"": ""6-4"", ""position"": ""PG"", ""weight"": ""225""}",{}
Pe728a39ea0,2021,nbadraft_2021,nbadraft,https://web.archive.org/web/20210722210648id_/https://www.nbadraft.net/nba-mock-drafts/,https://www.nbadraft.net/nba-mock-drafts/,2021-07-22T21:06:48+00:00,2021-07-29,2021-07-22,c30f65bae062e6d9a4c2c38a56111316115e0b9a55442a5595bb4bc8c082c98b,fd8c8ae7f4eb1c020c2de3d119eb23ee5b486aadc9ded74b7f27fd8871e0498a,94d94c106fc1cfd438dc2a5292a14e32da6173e7addb0109766c841ea19b156e,2633f0bc1f770bb6ce92f6bc7fafb8a7a810aff0591f7133483cbd8abbfd9c53,https://www.nbadraft.net/players/dayron-sharpe/,51,,ndnet,"{""class"": ""Fr."", ""height"": ""6-11"", ""position"": ""PF"", ""weight"": ""265""}",{}
P3364db28a5,2021,nbadraft_2021,nbadraft,https://web.archive.org/web/20210722210648id_/https://www.nbadraft.net/nba-mock-drafts/,https://www.nbadraft.net/nba-mock-drafts/,2021-07-22T21:06:48+00:00,2021-07-29,2021-07-22,c30f65bae062e6d9a4c2c38a56111316115e0b9a55442a5595bb4bc8c082c98b,fd8c8ae7f4eb1c020c2de3d119eb23ee5b486aadc9ded74b7f27fd8871e0498a,94d94c106fc1cfd438dc2a5292a14e32da6173e7addb0109766c841ea19b156e,df5196036dfcba23f417b2d4023c73ccc9e05ad1e9b4ac364c818258dc3cb71c,https://www.nbadraft.net/players/kessler-edwards/,52,,ndnet,"{""class"": ""Jr."", ""height"": ""6-8"", ""position"": ""PF"", ""weight"": ""205""}",{}
P90932c4b0a,2021,nbadraft_2021,nbadraft,https://web.archive.org/web/20210722210648id_/https://www.nbadraft.net/nba-mock-drafts/,https://www.nbadraft.net/nba-mock-drafts/,2021-07-22T21:06:48+00:00,2021-07-29,2021-07-22,c30f65bae062e6d9a4c2c38a56111316115e0b9a55442a5595bb4bc8c082c98b,fd8c8ae7f4eb1c020c2de3d119eb23ee5b486aadc9ded74b7f27fd8871e0498a,94d94c106fc1cfd438dc2a5292a14e32da6173e7addb0109766c841ea19b156e,d5ee6f89d7b0268b64366bbff9f503e0f13a9cf370123b07472e9cd386e3bd7f,https://www.nbadraft.net/players/neemias-queta/,54,,ndnet,"{""class"": ""Jr."", ""height"": ""7-0"", ""position"": ""C"", ""weight"": ""245""}",{}
P71399e9935,2021,nbadraft_2021,nbadraft,https://web.archive.org/web/20210722210648id_/https://www.nbadraft.net/nba-mock-drafts/,https://www.nbadraft.net/nba-mock-drafts/,2021-07-22T21:06:48+00:00,2021-07-29,2021-07-22,c30f65bae062e6d9a4c2c38a56111316115e0b9a55442a5595bb4bc8c082c98b,fd8c8ae7f4eb1c020c2de3d119eb23ee5b486aadc9ded74b7f27fd8871e0498a,94d94c106fc1cfd438dc2a5292a14e32da6173e7addb0109766c841ea19b156e,91a16cbb58561a20a1bcfa5af47b7800d6ea1a056363e1a4fa08172d6ef9fc1b,https://www.nbadraft.net/players/marcus-garrett/,59,,ndnet,"{""class"": ""Sr."", ""height"": ""6-5"", ""position"": ""PG/SG"", ""weight"": ""195""}",{}
Pcf11d56327,2021,nbadraft_2021,nbadraft,https://web.archive.org/web/20210722210648id_/https://www.nbadraft.net/nba-mock-drafts/,https://www.nbadraft.net/nba-mock-drafts/,2021-07-22T21:06:48+00:00,2021-07-29,2021-07-22,c30f65bae062e6d9a4c2c38a56111316115e0b9a55442a5595bb4bc8c082c98b,fd8c8ae7f4eb1c020c2de3d119eb23ee5b486aadc9ded74b7f27fd8871e0498a,94d94c106fc1cfd438dc2a5292a14e32da6173e7addb0109766c841ea19b156e,9bf915700b49efba78e96fea97303dd2ef3c3f089e897b8cc2587a872f252778,https://www.nbadraft.net/players/sam-hauser/,60,,ndnet,"{""class"": ""Sr."", ""height"": ""6-8"", ""position"": ""SF"", ""weight"": ""220""}",{}
Pbfdaa31fd0,2022,nbadraft_2022,nbadraft,https://web.archive.org/web/20220622150918id_/https://www.nbadraft.net/nba-mock-drafts/,https://www.nbadraft.net/nba-mock-drafts/,2022-06-22T15:09:18+00:00,2022-06-23,2022-06-22,a46cc63a99c2de1b4663b8d8c7331ad05e79269eb2c35da538abaf0dc6cdf5a6,961adcc7de48d4068a5e4604b5248b70bc0065051fc69fdfef532a258019178a,3630b00e3feea0db99dcce779fefcc2583be2b8813e841a96649d7b9f0fa4444,5aa0f2a103c65725e3a763ef9dec34af78eb5fa67a85c9706d3f4eca8758e289,https://www.nbadraft.net/players/chet-holmgren/,2,,ndnet,"{""class"": ""Fr."", ""height"": ""7-0"", ""position"": ""PF/C"", ""weight"": ""195""}",{}
Pfa7a6f2536,2022,nbadraft_2022,nbadraft,https://web.archive.org/web/20220622150918id_/https://www.nbadraft.net/nba-mock-drafts/,https://www.nbadraft.net/nba-mock-drafts/,2022-06-22T15:09:18+00:00,2022-06-23,2022-06-22,a46cc63a99c2de1b4663b8d8c7331ad05e79269eb2c35da538abaf0dc6cdf5a6,961adcc7de48d4068a5e4604b5248b70bc0065051fc69fdfef532a258019178a,3630b00e3feea0db99dcce779fefcc2583be2b8813e841a96649d7b9f0fa4444,b2deb4dd5d362bd70885f67586b55bd22a7d2f4b0c8856c908bd2874aff17955,https://www.nbadraft.net/players/paolo-banchero/,3,,ndnet,"{""class"": ""Fr."", ""height"": ""6-10"", ""position"": ""PF/C"", ""weight"": ""250""}",{}
P16b88a2183,2022,nbadraft_2022,nbadraft,https://web.archive.org/web/20220622150918id_/https://www.nbadraft.net/nba-mock-drafts/,https://www.nbadraft.net/nba-mock-drafts/,2022-06-22T15:09:18+00:00,2022-06-23,2022-06-22,a46cc63a99c2de1b4663b8d8c7331ad05e79269eb2c35da538abaf0dc6cdf5a6,961adcc7de48d4068a5e4604b5248b70bc0065051fc69fdfef532a258019178a,3630b00e3feea0db99dcce779fefcc2583be2b8813e841a96649d7b9f0fa4444,acc1cf971c4c06b2ae3d3bb1daa2810a469c9e6fe004213f52a2bccd24f6a10b,https://www.nbadraft.net/players/jaden-ivey/,4,,ndnet,"{""class"": ""So."", ""height"": ""6-4"", ""position"": ""PG/SG"", ""weight"": ""195""}",{}
P86df290cda,2022,nbadraft_2022,nbadraft,https://web.archive.org/web/20220622150918id_/https://www.nbadraft.net/nba-mock-drafts/,https://www.nbadraft.net/nba-mock-drafts/,2022-06-22T15:09:18+00:00,2022-06-23,2022-06-22,a46cc63a99c2de1b4663b8d8c7331ad05e79269eb2c35da538abaf0dc6cdf5a6,961adcc7de48d4068a5e4604b5248b70bc0065051fc69fdfef532a258019178a,3630b00e3feea0db99dcce779fefcc2583be2b8813e841a96649d7b9f0fa4444,b7cf656d1f0018c2267e0eeaea4b5f0d6b2cadf96752a1df89c47be7b41ee413,https://www.nbadraft.net/players/keegan-murray/,5,,ndnet,"{""class"": ""So."", ""height"": ""6-8"", ""position"": ""SF/PF"", ""weight"": ""225""}",{}
Pce7c8a9da0,2022,nbadraft_2022,nbadraft,https://web.archive.org/web/20220622150918id_/https://www.nbadraft.net/nba-mock-drafts/,https://www.nbadraft.net/nba-mock-drafts/,2022-06-22T15:09:18+00:00,2022-06-23,2022-06-22,a46cc63a99c2de1b4663b8d8c7331ad05e79269eb2c35da538abaf0dc6cdf5a6,961adcc7de48d4068a5e4604b5248b70bc0065051fc69fdfef532a258019178a,3630b00e3feea0db99dcce779fefcc2583be2b8813e841a96649d7b9f0fa4444,981fd69c9414fcc1440c68804c2cf1ea7d4558be6b6726892aabfd12e66cc468,https://www.nbadraft.net/players/bennedict-mathurin/,6,,ndnet,"{""class"": ""So."", ""height"": ""6-6"", ""position"": ""SG/SF"", ""weight"": ""205""}",{}
P919e355315,2022,nbadraft_2022,nbadraft,https://web.archive.org/web/20220622150918id_/https://www.nbadraft.net/nba-mock-drafts/,https://www.nbadraft.net/nba-mock-drafts/,2022-06-22T15:09:18+00:00,2022-06-23,2022-06-22,a46cc63a99c2de1b4663b8d8c7331ad05e79269eb2c35da538abaf0dc6cdf5a6,961adcc7de48d4068a5e4604b5248b70bc0065051fc69fdfef532a258019178a,3630b00e3feea0db99dcce779fefcc2583be2b8813e841a96649d7b9f0fa4444,98badd33affa4662b8d00482921939ddf3a092f36fb57d092ddc3bc963413e6f,https://www.nbadraft.net/players/johnny-davis/,7,,ndnet,"{""class"": ""So."", ""height"": ""6-5"", ""position"": ""SG"", ""weight"": ""195""}",{}
P7d4b1d6e8f,2022,nbadraft_2022,nbadraft,https://web.archive.org/web/20220622150918id_/https://www.nbadraft.net/nba-mock-drafts/,https://www.nbadraft.net/nba-mock-drafts/,2022-06-22T15:09:18+00:00,2022-06-23,2022-06-22,a46cc63a99c2de1b4663b8d8c7331ad05e79269eb2c35da538abaf0dc6cdf5a6,961adcc7de48d4068a5e4604b5248b70bc0065051fc69fdfef532a258019178a,3630b00e3feea0db99dcce779fefcc2583be2b8813e841a96649d7b9f0fa4444,185104cda9d18d1251438f939cf684092f7b7d09c489f0cefcfb97e329b9ead6,https://www.nbadraft.net/players/shaedon-sharpe/,8,,ndnet,"{""class"": ""Fr."", ""height"": ""6-5"", ""position"": ""SG"", ""weight"": ""200""}",{}
Pab39ee5462,2022,nbadraft_2022,nbadraft,https://web.archive.org/web/20220622150918id_/https://www.nbadraft.net/nba-mock-drafts/,https://www.nbadraft.net/nba-mock-drafts/,2022-06-22T15:09:18+00:00,2022-06-23,2022-06-22,a46cc63a99c2de1b4663b8d8c7331ad05e79269eb2c35da538abaf0dc6cdf5a6,961adcc7de48d4068a5e4604b5248b70bc0065051fc69fdfef532a258019178a,3630b00e3feea0db99dcce779fefcc2583be2b8813e841a96649d7b9f0fa4444,d9e1df5ff05084b7161bddde1a3f980996efe7b4ff6389161de10029a6823d84,https://www.nbadraft.net/players/dyson-daniels/,9,,ndnet,"{""class"": ""Intl."", ""height"": ""6-7"", ""position"": ""SG/SF"", ""weight"": ""195""}",{}
P3a5b76349f,2022,nbadraft_2022,nbadraft,https://web.archive.org/web/20220622150918id_/https://www.nbadraft.net/nba-mock-drafts/,https://www.nbadraft.net/nba-mock-drafts/,2022-06-22T15:09:18+00:00,2022-06-23,2022-06-22,a46cc63a99c2de1b4663b8d8c7331ad05e79269eb2c35da538abaf0dc6cdf5a6,961adcc7de48d4068a5e4604b5248b70bc0065051fc69fdfef532a258019178a,3630b00e3feea0db99dcce779fefcc2583be2b8813e841a96649d7b9f0fa4444,f8a30cd7e87ff15d130e3c5ce5e28207d5f9776838d404629ffb8f224e040eb0,https://www.nbadraft.net/players/mark-williams/,10,,ndnet,"{""class"": ""So."", ""height"": ""7-1"", ""position"": ""C"", ""weight"": ""240""}",{}
Pa95793f720,2022,nbadraft_2022,nbadraft,https://web.archive.org/web/20220622150918id_/https://www.nbadraft.net/nba-mock-drafts/,https://www.nbadraft.net/nba-mock-drafts/,2022-06-22T15:09:18+00:00,2022-06-23,2022-06-22,a46cc63a99c2de1b4663b8d8c7331ad05e79269eb2c35da538abaf0dc6cdf5a6,961adcc7de48d4068a5e4604b5248b70bc0065051fc69fdfef532a258019178a,3630b00e3feea0db99dcce779fefcc2583be2b8813e841a96649d7b9f0fa4444,ce9d6e87cb3a6f83ffae27bc18157aca155473b625ecc9e41599a2c4c8239c49,https://www.nbadraft.net/players/aj-griffin/,11,,ndnet,"{""class"": ""Fr."", ""height"": ""6-6"", ""position"": ""SF"", ""weight"": ""220""}",{}
Pe3c0fc5a9e,2022,nbadraft_2022,nbadraft,https://web.archive.org/web/20220622150918id_/https://www.nbadraft.net/nba-mock-drafts/,https://www.nbadraft.net/nba-mock-drafts/,2022-06-22T15:09:18+00:00,2022-06-23,2022-06-22,a46cc63a99c2de1b4663b8d8c7331ad05e79269eb2c35da538abaf0dc6cdf5a6,961adcc7de48d4068a5e4604b5248b70bc0065051fc69fdfef532a258019178a,3630b00e3feea0db99dcce779fefcc2583be2b8813e841a96649d7b9f0fa4444,a9050dcbcc6b78a6398e8f78222ddc764dba26d37e3f5dfe483d53a020280579,https://www.nbadraft.net/players/jeremy-sochan/,12,,ndnet,"{""class"": ""Fr."", ""height"": ""6-9"", ""position"": ""PF"", ""weight"": ""230""}",{}
P3a3a5bbbef,2022,nbadraft_2022,nbadraft,https://web.archive.org/web/20220622150918id_/https://www.nbadraft.net/nba-mock-drafts/,https://www.nbadraft.net/nba-mock-drafts/,2022-06-22T15:09:18+00:00,2022-06-23,2022-06-22,a46cc63a99c2de1b4663b8d8c7331ad05e79269eb2c35da538abaf0dc6cdf5a6,961adcc7de48d4068a5e4604b5248b70bc0065051fc69fdfef532a258019178a,3630b00e3feea0db99dcce779fefcc2583be2b8813e841a96649d7b9f0fa4444,1208a6b36d2c888343a5c782cce85a84d29aea0fed7249e48225a56d971c183e,https://www.nbadraft.net/players/jalen-duren/,13,,ndnet,"{""class"": ""Fr."", ""height"": ""6-11"", ""position"": ""PF/C"", ""weight"": ""250""}",{}
Pae46fa4aa5,2022,nbadraft_2022,nbadraft,https://web.archive.org/web/20220622150918id_/https://www.nbadraft.net/nba-mock-drafts/,https://www.nbadraft.net/nba-mock-drafts/,2022-06-22T15:09:18+00:00,2022-06-23,2022-06-22,a46cc63a99c2de1b4663b8d8c7331ad05e79269eb2c35da538abaf0dc6cdf5a6,961adcc7de48d4068a5e4604b5248b70bc0065051fc69fdfef532a258019178a,3630b00e3feea0db99dcce779fefcc2583be2b8813e841a96649d7b9f0fa4444,9b24e658382f005e35ec86e966ff7c265222f48c08a1f42d187206f7332bc541,https://www.nbadraft.net/players/malaki-branham/,14,,ndnet,"{""class"": ""Fr."", ""height"": ""6-5"", ""position"": ""SG/SF"", ""weight"": ""195""}",{}
P14882ceff6,2022,nbadraft_2022,nbadraft,https://web.archive.org/web/20220622150918id_/https://www.nbadraft.net/nba-mock-drafts/,https://www.nbadraft.net/nba-mock-drafts/,2022-06-22T15:09:18+00:00,2022-06-23,2022-06-22,a46cc63a99c2de1b4663b8d8c7331ad05e79269eb2c35da538abaf0dc6cdf5a6,961adcc7de48d4068a5e4604b5248b70bc0065051fc69fdfef532a258019178a,3630b00e3feea0db99dcce779fefcc2583be2b8813e841a96649d7b9f0fa4444,f53638b08ad56005e60f1f09c88c2734fa67b1137c5cd54bb8a575cd61d09879,https://www.nbadraft.net/players/tari-eason/,15,,ndnet,"{""class"": ""So."", ""height"": ""6-8"", ""position"": ""SF/PF"", ""weight"": ""215""}",{}
P5cba6e4b4b,2022,nbadraft_2022,nbadraft,https://web.archive.org/web/20220622150918id_/https://www.nbadraft.net/nba-mock-drafts/,https://www.nbadraft.net/nba-mock-drafts/,2022-06-22T15:09:18+00:00,2022-06-23,2022-06-22,a46cc63a99c2de1b4663b8d8c7331ad05e79269eb2c35da538abaf0dc6cdf5a6,961adcc7de48d4068a5e4604b5248b70bc0065051fc69fdfef532a258019178a,3630b00e3feea0db99dcce779fefcc2583be2b8813e841a96649d7b9f0fa4444,5a98babcbf2ea937ffc710b627d8cf0747ce861a94be5a74293846facc0e676b,https://www.nbadraft.net/players/blake-wesley/,16,,ndnet,"{""class"": ""Fr."", ""height"": ""6-4"", ""position"": ""PG/SG"", ""weight"": ""185""}",{}
P9d848af991,2022,nbadraft_2022,nbadraft,https://web.archive.org/web/20220622150918id_/https://www.nbadraft.net/nba-mock-drafts/,https://www.nbadraft.net/nba-mock-drafts/,2022-06-22T15:09:18+00:00,2022-06-23,2022-06-22,a46cc63a99c2de1b4663b8d8c7331ad05e79269eb2c35da538abaf0dc6cdf5a6,961adcc7de48d4068a5e4604b5248b70bc0065051fc69fdfef532a258019178a,3630b00e3feea0db99dcce779fefcc2583be2b8813e841a96649d7b9f0fa4444,0ea6357ea4e425b26bc36353e02d1726716c030dfdb749fc70c4d7df009de076,https://www.nbadraft.net/players/ochai-agbaji/,18,,ndnet,"{""class"": ""Sr."", ""height"": ""6-6"", ""position"": ""SG"", ""weight"": ""215""}",{}
P4b5f95e771,2022,nbadraft_2022,nbadraft,https://web.archive.org/web/20220622150918id_/https://www.nbadraft.net/nba-mock-drafts/,https://www.nbadraft.net/nba-mock-drafts/,2022-06-22T15:09:18+00:00,2022-06-23,2022-06-22,a46cc63a99c2de1b4663b8d8c7331ad05e79269eb2c35da538abaf0dc6cdf5a6,961adcc7de48d4068a5e4604b5248b70bc0065051fc69fdfef532a258019178a,3630b00e3feea0db99dcce779fefcc2583be2b8813e841a96649d7b9f0fa4444,e44167001d318504b6fd9d01f4735ac31fd2fdb1a04e2ffdb155018c26f0e24b,https://www.nbadraft.net/players/ousmane-dieng/,19,,ndnet,"{""class"": ""Intl."", ""height"": ""6-9"", ""position"": ""SG/SF"", ""weight"": ""185""}",{}
Pa89859be17,2022,nbadraft_2022,nbadraft,https://web.archive.org/web/20220622150918id_/https://www.nbadraft.net/nba-mock-drafts/,https://www.nbadraft.net/nba-mock-drafts/,2022-06-22T15:09:18+00:00,2022-06-23,2022-06-22,a46cc63a99c2de1b4663b8d8c7331ad05e79269eb2c35da538abaf0dc6cdf5a6,961adcc7de48d4068a5e4604b5248b70bc0065051fc69fdfef532a258019178a,3630b00e3feea0db99dcce779fefcc2583be2b8813e841a96649d7b9f0fa4444,dfd9ca53a357f89c1a88053df27d0baa8aaf79cf1b1e8934a420750ff68ac84f,https://www.nbadraft.net/players/jalen-williams/,20,,ndnet,"{""class"": ""Jr."", ""height"": ""6-6"", ""position"": ""SG/SF"", ""weight"": ""210""}",{}
P20596267f7,2022,nbadraft_2022,nbadraft,https://web.archive.org/web/20220622150918id_/https://www.nbadraft.net/nba-mock-drafts/,https://www.nbadraft.net/nba-mock-drafts/,2022-06-22T15:09:18+00:00,2022-06-23,2022-06-22,a46cc63a99c2de1b4663b8d8c7331ad05e79269eb2c35da538abaf0dc6cdf5a6,961adcc7de48d4068a5e4604b5248b70bc0065051fc69fdfef532a258019178a,3630b00e3feea0db99dcce779fefcc2583be2b8813e841a96649d7b9f0fa4444,998db4233c59cb7cff7f67b86079dfd0a8f7e32a344f86a874d532f357254a26,https://www.nbadraft.net/players/jaden-hardy/,21,,ndnet,"{""class"": ""Fr."", ""height"": ""6-4"", ""position"": ""SG"", ""weight"": ""200""}",{}
P8c8d5105c2,2022,nbadraft_2022,nbadraft,https://web.archive.org/web/20220622150918id_/https://www.nbadraft.net/nba-mock-drafts/,https://www.nbadraft.net/nba-mock-drafts/,2022-06-22T15:09:18+00:00,2022-06-23,2022-06-22,a46cc63a99c2de1b4663b8d8c7331ad05e79269eb2c35da538abaf0dc6cdf5a6,961adcc7de48d4068a5e4604b5248b70bc0065051fc69fdfef532a258019178a,3630b00e3feea0db99dcce779fefcc2583be2b8813e841a96649d7b9f0fa4444,73e6985fa62935badb174df9e7645dcbe5924f59ea1663a972a2227b5f7849f5,https://www.nbadraft.net/players/kennedy-chandler/,22,,ndnet,"{""class"": ""Fr."", ""height"": ""6-1"", ""position"": ""PG"", ""weight"": ""170""}",{}
P1191691c20,2022,nbadraft_2022,nbadraft,https://web.archive.org/web/20220622150918id_/https://www.nbadraft.net/nba-mock-drafts/,https://www.nbadraft.net/nba-mock-drafts/,2022-06-22T15:09:18+00:00,2022-06-23,2022-06-22,a46cc63a99c2de1b4663b8d8c7331ad05e79269eb2c35da538abaf0dc6cdf5a6,961adcc7de48d4068a5e4604b5248b70bc0065051fc69fdfef532a258019178a,3630b00e3feea0db99dcce779fefcc2583be2b8813e841a96649d7b9f0fa4444,53a976ecee14bd2aee9c1bef5254a76895aea8db731a047db5aeffb27895eea3,https://www.nbadraft.net/players/nikola-jovic/,23,,ndnet,"{""class"": ""Intl."", ""height"": ""6-11"", ""position"": ""SF/PF"", ""weight"": ""225""}",{}
Pe22f69b7a0,2022,nbadraft_2022,nbadraft,https://web.archive.org/web/20220622150918id_/https://www.nbadraft.net/nba-mock-drafts/,https://www.nbadraft.net/nba-mock-drafts/,2022-06-22T15:09:18+00:00,2022-06-23,2022-06-22,a46cc63a99c2de1b4663b8d8c7331ad05e79269eb2c35da538abaf0dc6cdf5a6,961adcc7de48d4068a5e4604b5248b70bc0065051fc69fdfef532a258019178a,3630b00e3feea0db99dcce779fefcc2583be2b8813e841a96649d7b9f0fa4444,cfc7292e385d097f576ceffe69d52c650660fb687225bf18772a7d73f5667baf,https://www.nbadraft.net/players/ej-liddell/,24,,ndnet,"{""class"": ""Jr."", ""height"": ""6-7"", ""position"": ""PF"", ""weight"": ""245""}",{}
Pa5128e8532,2022,nbadraft_2022,nbadraft,https://web.archive.org/web/20220622150918id_/https://www.nbadraft.net/nba-mock-drafts/,https://www.nbadraft.net/nba-mock-drafts/,2022-06-22T15:09:18+00:00,2022-06-23,2022-06-22,a46cc63a99c2de1b4663b8d8c7331ad05e79269eb2c35da538abaf0dc6cdf5a6,961adcc7de48d4068a5e4604b5248b70bc0065051fc69fdfef532a258019178a,3630b00e3feea0db99dcce779fefcc2583be2b8813e841a96649d7b9f0fa4444,c5c043c72fddc170900b4a946f338535c16feee7aac1be33048487a311dbe6ab,https://www.nbadraft.net/players/walker-kessler/,25,,ndnet,"{""class"": ""So."", ""height"": ""7-1"", ""position"": ""C"", ""weight"": ""255""}",{}
P416088a2b5,2022,nbadraft_2022,nbadraft,https://web.archive.org/web/20220622150918id_/https://www.nbadraft.net/nba-mock-drafts/,https://www.nbadraft.net/nba-mock-drafts/,2022-06-22T15:09:18+00:00,2022-06-23,2022-06-22,a46cc63a99c2de1b4663b8d8c7331ad05e79269eb2c35da538abaf0dc6cdf5a6,961adcc7de48d4068a5e4604b5248b70bc0065051fc69fdfef532a258019178a,3630b00e3feea0db99dcce779fefcc2583be2b8813e841a96649d7b9f0fa4444,f43704a119948ac3165736d8ff45b1bfeef40290adba4b0d03cc68f524afaef6,https://www.nbadraft.net/players/dalen-terry/,27,,ndnet,"{""class"": ""So."", ""height"": ""6-7"", ""position"": ""PG/SG"", ""weight"": ""195""}",{}
Paac5dcb74c,2022,nbadraft_2022,nbadraft,https://web.archive.org/web/20220622150918id_/https://www.nbadraft.net/nba-mock-drafts/,https://www.nbadraft.net/nba-mock-drafts/,2022-06-22T15:09:18+00:00,2022-06-23,2022-06-22,a46cc63a99c2de1b4663b8d8c7331ad05e79269eb2c35da538abaf0dc6cdf5a6,961adcc7de48d4068a5e4604b5248b70bc0065051fc69fdfef532a258019178a,3630b00e3feea0db99dcce779fefcc2583be2b8813e841a96649d7b9f0fa4444,fc8b4a111ced315f1c79836ddb96ceda41e3a37ba7e9293cae3acfdee820eabf,https://www.nbadraft.net/players/max-christie/,28,,ndnet,"{""class"": ""Fr."", ""height"": ""6-5"", ""position"": ""SG"", ""weight"": ""190""}",{}
Pafb050f1ad,2022,nbadraft_2022,nbadraft,https://web.archive.org/web/20220622150918id_/https://www.nbadraft.net/nba-mock-drafts/,https://www.nbadraft.net/nba-mock-drafts/,2022-06-22T15:09:18+00:00,2022-06-23,2022-06-22,a46cc63a99c2de1b4663b8d8c7331ad05e79269eb2c35da538abaf0dc6cdf5a6,961adcc7de48d4068a5e4604b5248b70bc0065051fc69fdfef532a258019178a,3630b00e3feea0db99dcce779fefcc2583be2b8813e841a96649d7b9f0fa4444,891c0816ec6cf35919e925bc47e891b98ba9c7411322244133b19fd63faaae8e,https://www.nbadraft.net/players/ryan-rollins/,31,,ndnet,"{""class"": ""So."", ""height"": ""6-3"", ""position"": ""PG/SG"", ""weight"": ""180""}",{}
P4e8883caf8,2022,nbadraft_2022,nbadraft,https://web.archive.org/web/20220622150918id_/https://www.nbadraft.net/nba-mock-drafts/,https://www.nbadraft.net/nba-mock-drafts/,2022-06-22T15:09:18+00:00,2022-06-23,2022-06-22,a46cc63a99c2de1b4663b8d8c7331ad05e79269eb2c35da538abaf0dc6cdf5a6,961adcc7de48d4068a5e4604b5248b70bc0065051fc69fdfef532a258019178a,3630b00e3feea0db99dcce779fefcc2583be2b8813e841a96649d7b9f0fa4444,88ad1842b5a9b2bb0a370afe0c6bfea00baac553dcf72d5c25b195ad5549a987,https://www.nbadraft.net/players/marjon-beauchamp/,32,,ndnet,"{""class"": ""So."", ""height"": ""6-6"", ""position"": ""SG/SF"", ""weight"": ""195""}",{}
P97df826a61,2022,nbadraft_2022,nbadraft,https://web.archive.org/web/20220622150918id_/https://www.nbadraft.net/nba-mock-drafts/,https://www.nbadraft.net/nba-mock-drafts/,2022-06-22T15:09:18+00:00,2022-06-23,2022-06-22,a46cc63a99c2de1b4663b8d8c7331ad05e79269eb2c35da538abaf0dc6cdf5a6,961adcc7de48d4068a5e4604b5248b70bc0065051fc69fdfef532a258019178a,3630b00e3feea0db99dcce779fefcc2583be2b8813e841a96649d7b9f0fa4444,a45ece10dcb4acec4651ac7fa90177ca1623f743ac8108c7a66c76f026cce8f9,https://www.nbadraft.net/players/jake-laravia/,33,,ndnet,"{""class"": ""Jr."", ""height"": ""6-8"", ""position"": ""SF/PF"", ""weight"": ""225""}",{}
Pa2e8c74c1f,2022,nbadraft_2022,nbadraft,https://web.archive.org/web/20220622150918id_/https://www.nbadraft.net/nba-mock-drafts/,https://www.nbadraft.net/nba-mock-drafts/,2022-06-22T15:09:18+00:00,2022-06-23,2022-06-22,a46cc63a99c2de1b4663b8d8c7331ad05e79269eb2c35da538abaf0dc6cdf5a6,961adcc7de48d4068a5e4604b5248b70bc0065051fc69fdfef532a258019178a,3630b00e3feea0db99dcce779fefcc2583be2b8813e841a96649d7b9f0fa4444,599d4c36805ed7d8ee3258b4768b73c3903f4626e85c64feacfc2b3daa9c6777,https://www.nbadraft.net/players/jaylin-williams/,34,,ndnet,"{""class"": ""So."", ""height"": ""6-10"", ""position"": ""PF/C"", ""weight"": ""235""}",{}
P70fa3dc827,2022,nbadraft_2022,nbadraft,https://web.archive.org/web/20220622150918id_/https://www.nbadraft.net/nba-mock-drafts/,https://www.nbadraft.net/nba-mock-drafts/,2022-06-22T15:09:18+00:00,2022-06-23,2022-06-22,a46cc63a99c2de1b4663b8d8c7331ad05e79269eb2c35da538abaf0dc6cdf5a6,961adcc7de48d4068a5e4604b5248b70bc0065051fc69fdfef532a258019178a,3630b00e3feea0db99dcce779fefcc2583be2b8813e841a96649d7b9f0fa4444,bda1433c4d078fed6646862464dcdc49444d1170f9c5b79c2b96af555c7dd2ab,https://www.nbadraft.net/players/caleb-houstan/,35,,ndnet,"{""class"": ""Fr."", ""height"": ""6-8"", ""position"": ""SG/SF"", ""weight"": ""205""}",{}
P3b1e823247,2022,nbadraft_2022,nbadraft,https://web.archive.org/web/20220622150918id_/https://www.nbadraft.net/nba-mock-drafts/,https://www.nbadraft.net/nba-mock-drafts/,2022-06-22T15:09:18+00:00,2022-06-23,2022-06-22,a46cc63a99c2de1b4663b8d8c7331ad05e79269eb2c35da538abaf0dc6cdf5a6,961adcc7de48d4068a5e4604b5248b70bc0065051fc69fdfef532a258019178a,3630b00e3feea0db99dcce779fefcc2583be2b8813e841a96649d7b9f0fa4444,d75758be68025c7ece6b849afeca9ce2274c15c6a51631a860e2ef1a0caa3925,https://www.nbadraft.net/players/christian-braun/,36,,ndnet,"{""class"": ""Jr."", ""height"": ""6-7"", ""position"": ""SG"", ""weight"": ""210""}",{}
Pd6b4848f72,2022,nbadraft_2022,nbadraft,https://web.archive.org/web/20220622150918id_/https://www.nbadraft.net/nba-mock-drafts/,https://www.nbadraft.net/nba-mock-drafts/,2022-06-22T15:09:18+00:00,2022-06-23,2022-06-22,a46cc63a99c2de1b4663b8d8c7331ad05e79269eb2c35da538abaf0dc6cdf5a6,961adcc7de48d4068a5e4604b5248b70bc0065051fc69fdfef532a258019178a,3630b00e3feea0db99dcce779fefcc2583be2b8813e841a96649d7b9f0fa4444,4ee543d65bc2f4dacd7f9b8391557297a382cdd7fba7e14e706882b106142095,https://www.nbadraft.net/players/kendall-brown/,37,,ndnet,"{""class"": ""Fr."", ""height"": ""6-7"", ""position"": ""SF/PF"", ""weight"": ""200""}",{}
P9345155d6a,2022,nbadraft_2022,nbadraft,https://web.archive.org/web/20220622150918id_/https://www.nbadraft.net/nba-mock-drafts/,https://www.nbadraft.net/nba-mock-drafts/,2022-06-22T15:09:18+00:00,2022-06-23,2022-06-22,a46cc63a99c2de1b4663b8d8c7331ad05e79269eb2c35da538abaf0dc6cdf5a6,961adcc7de48d4068a5e4604b5248b70bc0065051fc69fdfef532a258019178a,3630b00e3feea0db99dcce779fefcc2583be2b8813e841a96649d7b9f0fa4444,256fd2a7f8ab197a20a6f857ff1edeab4f0ac35d56b527903bacb759d164a3f1,https://www.nbadraft.net/players/christian-koloko/,38,,ndnet,"{""class"": ""Jr."", ""height"": ""7-0"", ""position"": ""C"", ""weight"": ""220""}",{}
Pe54f989cc8,2022,nbadraft_2022,nbadraft,https://web.archive.org/web/20220622150918id_/https://www.nbadraft.net/nba-mock-drafts/,https://www.nbadraft.net/nba-mock-drafts/,2022-06-22T15:09:18+00:00,2022-06-23,2022-06-22,a46cc63a99c2de1b4663b8d8c7331ad05e79269eb2c35da538abaf0dc6cdf5a6,961adcc7de48d4068a5e4604b5248b70bc0065051fc69fdfef532a258019178a,3630b00e3feea0db99dcce779fefcc2583be2b8813e841a96649d7b9f0fa4444,22d9101893210ab1c6b7baf5aa190e8ea590dbe26cf5c2084e97da017957cf15,https://www.nbadraft.net/players/ron-harper-jr/,39,,ndnet,"{""class"": ""Sr."", ""height"": ""6-5"", ""position"": ""SF"", ""weight"": ""240""}",{}
Pd5316f2e65,2022,nbadraft_2022,nbadraft,https://web.archive.org/web/20220622150918id_/https://www.nbadraft.net/nba-mock-drafts/,https://www.nbadraft.net/nba-mock-drafts/,2022-06-22T15:09:18+00:00,2022-06-23,2022-06-22,a46cc63a99c2de1b4663b8d8c7331ad05e79269eb2c35da538abaf0dc6cdf5a6,961adcc7de48d4068a5e4604b5248b70bc0065051fc69fdfef532a258019178a,3630b00e3feea0db99dcce779fefcc2583be2b8813e841a96649d7b9f0fa4444,13e934910ddec93c0edaedd5edf36772e0a0dd41ee5c1b193f81d71bc0a88103,https://www.nbadraft.net/players/bryce-mcgowens/,40,,ndnet,"{""class"": ""Fr."", ""height"": ""6-6"", ""position"": ""SG"", ""weight"": ""180""}",{}
P96bc00aaed,2022,nbadraft_2022,nbadraft,https://web.archive.org/web/20220622150918id_/https://www.nbadraft.net/nba-mock-drafts/,https://www.nbadraft.net/nba-mock-drafts/,2022-06-22T15:09:18+00:00,2022-06-23,2022-06-22,a46cc63a99c2de1b4663b8d8c7331ad05e79269eb2c35da538abaf0dc6cdf5a6,961adcc7de48d4068a5e4604b5248b70bc0065051fc69fdfef532a258019178a,3630b00e3feea0db99dcce779fefcc2583be2b8813e841a96649d7b9f0fa4444,60e3ca1d3d9d52fb788df645a1b7774aa60255fd744f02512767e163b2282a6f,https://www.nbadraft.net/players/iverson-molinar/,41,,ndnet,"{""class"": ""Jr."", ""height"": ""6-3"", ""position"": ""PG"", ""weight"": ""185""}",{}
Pa067c50f94,2022,nbadraft_2022,nbadraft,https://web.archive.org/web/20220622150918id_/https://www.nbadraft.net/nba-mock-drafts/,https://www.nbadraft.net/nba-mock-drafts/,2022-06-22T15:09:18+00:00,2022-06-23,2022-06-22,a46cc63a99c2de1b4663b8d8c7331ad05e79269eb2c35da538abaf0dc6cdf5a6,961adcc7de48d4068a5e4604b5248b70bc0065051fc69fdfef532a258019178a,3630b00e3feea0db99dcce779fefcc2583be2b8813e841a96649d7b9f0fa4444,f011406f8d973aac58241dfb657ecd049171136b2680a90946797095ab9fd672,https://www.nbadraft.net/players/jd-davison/,42,,ndnet,"{""class"": ""Fr."", ""height"": ""6-2"", ""position"": ""PG/SG"", ""weight"": ""190""}",{}
P50d6953351,2022,nbadraft_2022,nbadraft,https://web.archive.org/web/20220622150918id_/https://www.nbadraft.net/nba-mock-drafts/,https://www.nbadraft.net/nba-mock-drafts/,2022-06-22T15:09:18+00:00,2022-06-23,2022-06-22,a46cc63a99c2de1b4663b8d8c7331ad05e79269eb2c35da538abaf0dc6cdf5a6,961adcc7de48d4068a5e4604b5248b70bc0065051fc69fdfef532a258019178a,3630b00e3feea0db99dcce779fefcc2583be2b8813e841a96649d7b9f0fa4444,9730f6cc0fc6cf6926c33d5ff090ed3ad88571653e8a0df6ac59b08832fbe2c3,https://www.nbadraft.net/players/orlando-robinson/,44,,ndnet,"{""class"": ""Jr."", ""height"": ""6-11"", ""position"": ""C"", ""weight"": ""245""}",{}
P123f055136,2022,nbadraft_2022,nbadraft,https://web.archive.org/web/20220622150918id_/https://www.nbadraft.net/nba-mock-drafts/,https://www.nbadraft.net/nba-mock-drafts/,2022-06-22T15:09:18+00:00,2022-06-23,2022-06-22,a46cc63a99c2de1b4663b8d8c7331ad05e79269eb2c35da538abaf0dc6cdf5a6,961adcc7de48d4068a5e4604b5248b70bc0065051fc69fdfef532a258019178a,3630b00e3feea0db99dcce779fefcc2583be2b8813e841a96649d7b9f0fa4444,1b2f2a11de048669d40d6ba9372f61585cbbba8d4fb8286174799f91e7e1b8ef,https://www.nbadraft.net/players/trevor-keels/,45,,ndnet,"{""class"": ""Fr."", ""height"": ""6-4"", ""position"": ""PG/SG"", ""weight"": ""225""}",{}
Pc69570e4d2,2022,nbadraft_2022,nbadraft,https://web.archive.org/web/20220622150918id_/https://www.nbadraft.net/nba-mock-drafts/,https://www.nbadraft.net/nba-mock-drafts/,2022-06-22T15:09:18+00:00,2022-06-23,2022-06-22,a46cc63a99c2de1b4663b8d8c7331ad05e79269eb2c35da538abaf0dc6cdf5a6,961adcc7de48d4068a5e4604b5248b70bc0065051fc69fdfef532a258019178a,3630b00e3feea0db99dcce779fefcc2583be2b8813e841a96649d7b9f0fa4444,287b83aeac58d7ec5df92ce261f136fc3988693f19d66768b12a02a633262818,https://www.nbadraft.net/players/peyton-watson/,46,,ndnet,"{""class"": ""Fr."", ""height"": ""6-8"", ""position"": ""SG/SF"", ""weight"": ""205""}",{}
Pdd8eeaed18,2022,nbadraft_2022,nbadraft,https://web.archive.org/web/20220622150918id_/https://www.nbadraft.net/nba-mock-drafts/,https://www.nbadraft.net/nba-mock-drafts/,2022-06-22T15:09:18+00:00,2022-06-23,2022-06-22,a46cc63a99c2de1b4663b8d8c7331ad05e79269eb2c35da538abaf0dc6cdf5a6,961adcc7de48d4068a5e4604b5248b70bc0065051fc69fdfef532a258019178a,3630b00e3feea0db99dcce779fefcc2583be2b8813e841a96649d7b9f0fa4444,621e5446376565030bee8a2a415756bc93dcfcb3f8f8b806285e9e82dc2e64e3,https://www.nbadraft.net/players/jabari-walker/,47,,ndnet,"{""class"": ""So."", ""height"": ""6-8"", ""position"": ""SF/PF"", ""weight"": ""215""}",{}
P76f8234113,2022,nbadraft_2022,nbadraft,https://web.archive.org/web/20220622150918id_/https://www.nbadraft.net/nba-mock-drafts/,https://www.nbadraft.net/nba-mock-drafts/,2022-06-22T15:09:18+00:00,2022-06-23,2022-06-22,a46cc63a99c2de1b4663b8d8c7331ad05e79269eb2c35da538abaf0dc6cdf5a6,961adcc7de48d4068a5e4604b5248b70bc0065051fc69fdfef532a258019178a,3630b00e3feea0db99dcce779fefcc2583be2b8813e841a96649d7b9f0fa4444,9ff28db1ddbd34a69e7d5fadfec3bb07193a4e3ff21ebcfa13caa814c93d338e,https://www.nbadraft.net/players/josh-minott/,48,,ndnet,"{""class"": ""Fr."", ""height"": ""6-8"", ""position"": ""SF/PF"", ""weight"": ""205""}",{}
Pa06f6a14b5,2022,nbadraft_2022,nbadraft,https://web.archive.org/web/20220622150918id_/https://www.nbadraft.net/nba-mock-drafts/,https://www.nbadraft.net/nba-mock-drafts/,2022-06-22T15:09:18+00:00,2022-06-23,2022-06-22,a46cc63a99c2de1b4663b8d8c7331ad05e79269eb2c35da538abaf0dc6cdf5a6,961adcc7de48d4068a5e4604b5248b70bc0065051fc69fdfef532a258019178a,3630b00e3feea0db99dcce779fefcc2583be2b8813e841a96649d7b9f0fa4444,f0415a22afb6f373116a5b55ff29261f532241dcd1722d6000134ed941351386,https://www.nbadraft.net/players/jamaree-bouyea/,49,,ndnet,"{""class"": ""Sr."", ""height"": ""6-1"", ""position"": ""PG"", ""weight"": ""170""}",{}
Pbccc770021,2022,nbadraft_2022,nbadraft,https://web.archive.org/web/20220622150918id_/https://www.nbadraft.net/nba-mock-drafts/,https://www.nbadraft.net/nba-mock-drafts/,2022-06-22T15:09:18+00:00,2022-06-23,2022-06-22,a46cc63a99c2de1b4663b8d8c7331ad05e79269eb2c35da538abaf0dc6cdf5a6,961adcc7de48d4068a5e4604b5248b70bc0065051fc69fdfef532a258019178a,3630b00e3feea0db99dcce779fefcc2583be2b8813e841a96649d7b9f0fa4444,51bb27239c9609bd6d8f759ac52b1c0f95d11a039ddfb56a0796421c2124fe5d,https://www.nbadraft.net/players/jordan-hall/,51,,ndnet,"{""class"": ""So."", ""height"": ""6-7"", ""position"": ""PG/SG"", ""weight"": ""215""}",{}
P3ebbedffb1,2022,nbadraft_2022,nbadraft,https://web.archive.org/web/20220622150918id_/https://www.nbadraft.net/nba-mock-drafts/,https://www.nbadraft.net/nba-mock-drafts/,2022-06-22T15:09:18+00:00,2022-06-23,2022-06-22,a46cc63a99c2de1b4663b8d8c7331ad05e79269eb2c35da538abaf0dc6cdf5a6,961adcc7de48d4068a5e4604b5248b70bc0065051fc69fdfef532a258019178a,3630b00e3feea0db99dcce779fefcc2583be2b8813e841a96649d7b9f0fa4444,52ca27482385f540e0e7c4a7d508fc3ef7af8ba41aa339e757648a1dbc7ad4a1,https://www.nbadraft.net/players/justin-lewis/,52,,ndnet,"{""class"": ""Fr."", ""height"": ""6-7"", ""position"": ""PF/C"", ""weight"": ""235""}",{}
P6521ad0003,2022,nbadraft_2022,nbadraft,https://web.archive.org/web/20220622150918id_/https://www.nbadraft.net/nba-mock-drafts/,https://www.nbadraft.net/nba-mock-drafts/,2022-06-22T15:09:18+00:00,2022-06-23,2022-06-22,a46cc63a99c2de1b4663b8d8c7331ad05e79269eb2c35da538abaf0dc6cdf5a6,961adcc7de48d4068a5e4604b5248b70bc0065051fc69fdfef532a258019178a,3630b00e3feea0db99dcce779fefcc2583be2b8813e841a96649d7b9f0fa4444,5ef984a7c9bde8686704fc4e553e24704da6a64721d1c29b94a89d01c11cad8f,https://www.nbadraft.net/players/julian-champagnie/,56,,ndnet,"{""class"": ""Jr."", ""height"": ""6-7"", ""position"": ""SF"", ""weight"": ""210""}",{}
P76ebdc8d77,2022,nbadraft_2022,nbadraft,https://web.archive.org/web/20220622150918id_/https://www.nbadraft.net/nba-mock-drafts/,https://www.nbadraft.net/nba-mock-drafts/,2022-06-22T15:09:18+00:00,2022-06-23,2022-06-22,a46cc63a99c2de1b4663b8d8c7331ad05e79269eb2c35da538abaf0dc6cdf5a6,961adcc7de48d4068a5e4604b5248b70bc0065051fc69fdfef532a258019178a,3630b00e3feea0db99dcce779fefcc2583be2b8813e841a96649d7b9f0fa4444,311f52adc8090f73128b98a28592eaacc0feed10b5d66efe21a08b4bb47b63f9,https://www.nbadraft.net/players/andrew-nembhard/,58,,ndnet,"{""class"": ""Sr."", ""height"": ""6-4"", ""position"": ""PG"", ""weight"": ""195""}",{}
P22caf129cd,2022,nbadraft_2022,nbadraft,https://web.archive.org/web/20220622150918id_/https://www.nbadraft.net/nba-mock-drafts/,https://www.nbadraft.net/nba-mock-drafts/,2022-06-22T15:09:18+00:00,2022-06-23,2022-06-22,a46cc63a99c2de1b4663b8d8c7331ad05e79269eb2c35da538abaf0dc6cdf5a6,961adcc7de48d4068a5e4604b5248b70bc0065051fc69fdfef532a258019178a,3630b00e3feea0db99dcce779fefcc2583be2b8813e841a96649d7b9f0fa4444,e42964ee96fc1c772d17a0307221c7ef86833d8287593d96602cdfee5ed8889f,https://www.nbadraft.net/players/dereon-seabron/,59,,ndnet,"{""class"": ""So."", ""height"": ""6-6"", ""position"": ""SG/SF"", ""weight"": ""180""}",{}
P144ed94c77,2023,nbadraft_2023,nbadraft,https://web.archive.org/web/20230621061219id_/https://www.nbadraft.net/nba-mock-drafts/,https://www.nbadraft.net/nba-mock-drafts/,2023-06-21T06:12:19+00:00,2023-06-22,2023-06-21,f0d1b7bbfd68326ae9c84677938391c7a9a7f49c31dad80b76fdcd3fdfe72b57,4e3a3f06dcf29627c05962c40ca94f381530e292226207f50d41b7e64c4d995f,d76bf9f5f94577ac3367b8e37975d30e0855a7d6bc15839c42f79c0613d97d6e,940a052c11a3368ee4d242c42e18cee1d07e488572d0ff175d2cc4bd31c2b545,https://www.nbadraft.net/players/victor-wembanyama/,1,,ndnet,"{""class"": ""Intl."", ""height"": ""7-2"", ""position"": ""C"", ""weight"": ""210""}",{}
P664a2ede66,2023,nbadraft_2023,nbadraft,https://web.archive.org/web/20230621061219id_/https://www.nbadraft.net/nba-mock-drafts/,https://www.nbadraft.net/nba-mock-drafts/,2023-06-21T06:12:19+00:00,2023-06-22,2023-06-21,f0d1b7bbfd68326ae9c84677938391c7a9a7f49c31dad80b76fdcd3fdfe72b57,4e3a3f06dcf29627c05962c40ca94f381530e292226207f50d41b7e64c4d995f,d76bf9f5f94577ac3367b8e37975d30e0855a7d6bc15839c42f79c0613d97d6e,19015f0a44532085e86170b9ae29396a549d61524c01d98a0f409ef940c1154e,https://www.nbadraft.net/players/brandon-miller/,2,,ndnet,"{""class"": ""Fr."", ""height"": ""6-9"", ""position"": ""SF"", ""weight"": ""200""}",{}
P51e5ade0ce,2023,nbadraft_2023,nbadraft,https://web.archive.org/web/20230621061219id_/https://www.nbadraft.net/nba-mock-drafts/,https://www.nbadraft.net/nba-mock-drafts/,2023-06-21T06:12:19+00:00,2023-06-22,2023-06-21,f0d1b7bbfd68326ae9c84677938391c7a9a7f49c31dad80b76fdcd3fdfe72b57,4e3a3f06dcf29627c05962c40ca94f381530e292226207f50d41b7e64c4d995f,d76bf9f5f94577ac3367b8e37975d30e0855a7d6bc15839c42f79c0613d97d6e,6df79f2610952a8288bf940e70eb6a7ecb2ce3b4a99cf4073a96cddd6a8182a4,https://www.nbadraft.net/players/scoot-henderson/,3,,ndnet,"{""class"": ""Fr."", ""height"": ""6-2"", ""position"": ""PG"", ""weight"": ""195""}",{}
P1999b4880f,2023,nbadraft_2023,nbadraft,https://web.archive.org/web/20230621061219id_/https://www.nbadraft.net/nba-mock-drafts/,https://www.nbadraft.net/nba-mock-drafts/,2023-06-21T06:12:19+00:00,2023-06-22,2023-06-21,f0d1b7bbfd68326ae9c84677938391c7a9a7f49c31dad80b76fdcd3fdfe72b57,4e3a3f06dcf29627c05962c40ca94f381530e292226207f50d41b7e64c4d995f,d76bf9f5f94577ac3367b8e37975d30e0855a7d6bc15839c42f79c0613d97d6e,839b16803322fdeac32d020f872ff04159c888c778f45fb97e5ae6d5cd3249fd,https://www.nbadraft.net/players/amen-thompson/,4,,ndnet,"{""class"": ""Fr."", ""height"": ""6-7"", ""position"": ""PG/SG"", ""weight"": ""215""}",{}
P1e59a7a7a1,2023,nbadraft_2023,nbadraft,https://web.archive.org/web/20230621061219id_/https://www.nbadraft.net/nba-mock-drafts/,https://www.nbadraft.net/nba-mock-drafts/,2023-06-21T06:12:19+00:00,2023-06-22,2023-06-21,f0d1b7bbfd68326ae9c84677938391c7a9a7f49c31dad80b76fdcd3fdfe72b57,4e3a3f06dcf29627c05962c40ca94f381530e292226207f50d41b7e64c4d995f,d76bf9f5f94577ac3367b8e37975d30e0855a7d6bc15839c42f79c0613d97d6e,0c899fa728c6c0ce25fe842e69b28a7d1cc48ea5722257d98fefab532cdde04a,https://www.nbadraft.net/players/cam-whitmore/,5,,ndnet,"{""class"": ""Fr."", ""height"": ""6-7"", ""position"": ""SF"", ""weight"": ""235""}",{}
Pa813594724,2023,nbadraft_2023,nbadraft,https://web.archive.org/web/20230621061219id_/https://www.nbadraft.net/nba-mock-drafts/,https://www.nbadraft.net/nba-mock-drafts/,2023-06-21T06:12:19+00:00,2023-06-22,2023-06-21,f0d1b7bbfd68326ae9c84677938391c7a9a7f49c31dad80b76fdcd3fdfe72b57,4e3a3f06dcf29627c05962c40ca94f381530e292226207f50d41b7e64c4d995f,d76bf9f5f94577ac3367b8e37975d30e0855a7d6bc15839c42f79c0613d97d6e,f1925cc3f090329b4d942c3a71eec5298840df1c653955c808d88b39e2f6c4f6,https://www.nbadraft.net/players/anthony-black/,6,,ndnet,"{""class"": ""Fr."", ""height"": ""6-7"", ""position"": ""PG/SG"", ""weight"": ""210""}",{}
P7bf5b1ca03,2023,nbadraft_2023,nbadraft,https://web.archive.org/web/20230621061219id_/https://www.nbadraft.net/nba-mock-drafts/,https://www.nbadraft.net/nba-mock-drafts/,2023-06-21T06:12:19+00:00,2023-06-22,2023-06-21,f0d1b7bbfd68326ae9c84677938391c7a9a7f49c31dad80b76fdcd3fdfe72b57,4e3a3f06dcf29627c05962c40ca94f381530e292226207f50d41b7e64c4d995f,d76bf9f5f94577ac3367b8e37975d30e0855a7d6bc15839c42f79c0613d97d6e,19f12d04702a3eca2518af05a28a5dbdf76556d1a5a34b91f0a20f86d671e98f,https://www.nbadraft.net/players/jarace-walker/,7,,ndnet,"{""class"": ""Fr."", ""height"": ""6-8"", ""position"": ""SF/PF"", ""weight"": ""250""}",{}
Pf0ef0714b6,2023,nbadraft_2023,nbadraft,https://web.archive.org/web/20230621061219id_/https://www.nbadraft.net/nba-mock-drafts/,https://www.nbadraft.net/nba-mock-drafts/,2023-06-21T06:12:19+00:00,2023-06-22,2023-06-21,f0d1b7bbfd68326ae9c84677938391c7a9a7f49c31dad80b76fdcd3fdfe72b57,4e3a3f06dcf29627c05962c40ca94f381530e292226207f50d41b7e64c4d995f,d76bf9f5f94577ac3367b8e37975d30e0855a7d6bc15839c42f79c0613d97d6e,32f92873ba48d89a603032b08b2b31b8732171d6d668b74ca5dca53a0ee10178,https://www.nbadraft.net/players/cason-wallace/,8,,ndnet,"{""class"": ""Fr."", ""height"": ""6-4"", ""position"": ""PG/SG"", ""weight"": ""195""}",{}
Pa4e79c2199,2023,nbadraft_2023,nbadraft,https://web.archive.org/web/20230621061219id_/https://www.nbadraft.net/nba-mock-drafts/,https://www.nbadraft.net/nba-mock-drafts/,2023-06-21T06:12:19+00:00,2023-06-22,2023-06-21,f0d1b7bbfd68326ae9c84677938391c7a9a7f49c31dad80b76fdcd3fdfe72b57,4e3a3f06dcf29627c05962c40ca94f381530e292226207f50d41b7e64c4d995f,d76bf9f5f94577ac3367b8e37975d30e0855a7d6bc15839c42f79c0613d97d6e,b2cd67db08a348c4fabd12d8edb2811caa28f9be46249ac8294dded3afaf6bbf,https://www.nbadraft.net/players/bilal-coulibaly/,9,,ndnet,"{""class"": ""Intl."", ""height"": ""6-7"", ""position"": ""SF"", ""weight"": ""200""}",{}
Pe60cc64195,2023,nbadraft_2023,nbadraft,https://web.archive.org/web/20230621061219id_/https://www.nbadraft.net/nba-mock-drafts/,https://www.nbadraft.net/nba-mock-drafts/,2023-06-21T06:12:19+00:00,2023-06-22,2023-06-21,f0d1b7bbfd68326ae9c84677938391c7a9a7f49c31dad80b76fdcd3fdfe72b57,4e3a3f06dcf29627c05962c40ca94f381530e292226207f50d41b7e64c4d995f,d76bf9f5f94577ac3367b8e37975d30e0855a7d6bc15839c42f79c0613d97d6e,51be7e9f4cae8420fb2028a2f22433197838ca9720fc05e3e4f239eb50be0b10,https://www.nbadraft.net/players/taylor-hendricks/,10,,ndnet,"{""class"": ""Fr."", ""height"": ""6-9"", ""position"": ""PF"", ""weight"": ""215""}",{}
P9180c4596b,2023,nbadraft_2023,nbadraft,https://web.archive.org/web/20230621061219id_/https://www.nbadraft.net/nba-mock-drafts/,https://www.nbadraft.net/nba-mock-drafts/,2023-06-21T06:12:19+00:00,2023-06-22,2023-06-21,f0d1b7bbfd68326ae9c84677938391c7a9a7f49c31dad80b76fdcd3fdfe72b57,4e3a3f06dcf29627c05962c40ca94f381530e292226207f50d41b7e64c4d995f,d76bf9f5f94577ac3367b8e37975d30e0855a7d6bc15839c42f79c0613d97d6e,159eb184aaba292a4d18047a38485c36817753010a35d015e716ce68000316a2,https://www.nbadraft.net/players/ausar-thompson/,11,,ndnet,"{""class"": ""Fr."", ""height"": ""6-7"", ""position"": ""SG"", ""weight"": ""220""}",{}
P6b4a74f110,2023,nbadraft_2023,nbadraft,https://web.archive.org/web/20230621061219id_/https://www.nbadraft.net/nba-mock-drafts/,https://www.nbadraft.net/nba-mock-drafts/,2023-06-21T06:12:19+00:00,2023-06-22,2023-06-21,f0d1b7bbfd68326ae9c84677938391c7a9a7f49c31dad80b76fdcd3fdfe72b57,4e3a3f06dcf29627c05962c40ca94f381530e292226207f50d41b7e64c4d995f,d76bf9f5f94577ac3367b8e37975d30e0855a7d6bc15839c42f79c0613d97d6e,1a7618e4cf608c2600cdd2aed28243b2be705ea8cd6572eca9bdfd01e67310e4,https://www.nbadraft.net/players/kobe-bufkin/,13,,ndnet,"{""class"": ""So."", ""height"": ""6-5"", ""position"": ""SG"", ""weight"": ""185""}",{}
Pfdcf13c664,2023,nbadraft_2023,nbadraft,https://web.archive.org/web/20230621061219id_/https://www.nbadraft.net/nba-mock-drafts/,https://www.nbadraft.net/nba-mock-drafts/,2023-06-21T06:12:19+00:00,2023-06-22,2023-06-21,f0d1b7bbfd68326ae9c84677938391c7a9a7f49c31dad80b76fdcd3fdfe72b57,4e3a3f06dcf29627c05962c40ca94f381530e292226207f50d41b7e64c4d995f,d76bf9f5f94577ac3367b8e37975d30e0855a7d6bc15839c42f79c0613d97d6e,5ac22763ec7838ff4e34e0d1eb85020efc75f683d30b0abe9f24652d8587a7d7,https://www.nbadraft.net/players/gradey-dick/,14,,ndnet,"{""class"": ""Fr."", ""height"": ""6-7"", ""position"": ""SG"", ""weight"": ""205""}",{}
P523c5eb5e6,2023,nbadraft_2023,nbadraft,https://web.archive.org/web/20230621061219id_/https://www.nbadraft.net/nba-mock-drafts/,https://www.nbadraft.net/nba-mock-drafts/,2023-06-21T06:12:19+00:00,2023-06-22,2023-06-21,f0d1b7bbfd68326ae9c84677938391c7a9a7f49c31dad80b76fdcd3fdfe72b57,4e3a3f06dcf29627c05962c40ca94f381530e292226207f50d41b7e64c4d995f,d76bf9f5f94577ac3367b8e37975d30e0855a7d6bc15839c42f79c0613d97d6e,9872d7ca7860a47b8ada84f9a47ec485a3c2844e80ce67b4621d1672ed01a0fb,https://www.nbadraft.net/players/keyonte-george/,15,,ndnet,"{""class"": ""Fr."", ""height"": ""6-4"", ""position"": ""SG"", ""weight"": ""185""}",{}
P0b253c1504,2023,nbadraft_2023,nbadraft,https://web.archive.org/web/20230621061219id_/https://www.nbadraft.net/nba-mock-drafts/,https://www.nbadraft.net/nba-mock-drafts/,2023-06-21T06:12:19+00:00,2023-06-22,2023-06-21,f0d1b7bbfd68326ae9c84677938391c7a9a7f49c31dad80b76fdcd3fdfe72b57,4e3a3f06dcf29627c05962c40ca94f381530e292226207f50d41b7e64c4d995f,d76bf9f5f94577ac3367b8e37975d30e0855a7d6bc15839c42f79c0613d97d6e,6bcf9adfd684ea8ab99a25e0a266d40761929480c0102bacdf2a2f5e7a67920a,https://www.nbadraft.net/players/jordan-hawkins/,17,,ndnet,"{""class"": ""So."", ""height"": ""6-5"", ""position"": ""SG"", ""weight"": ""185""}",{}
P47a1cc70a3,2023,nbadraft_2023,nbadraft,https://web.archive.org/web/20230621061219id_/https://www.nbadraft.net/nba-mock-drafts/,https://www.nbadraft.net/nba-mock-drafts/,2023-06-21T06:12:19+00:00,2023-06-22,2023-06-21,f0d1b7bbfd68326ae9c84677938391c7a9a7f49c31dad80b76fdcd3fdfe72b57,4e3a3f06dcf29627c05962c40ca94f381530e292226207f50d41b7e64c4d995f,d76bf9f5f94577ac3367b8e37975d30e0855a7d6bc15839c42f79c0613d97d6e,90d395d49d326317e32f9eb01c81464e1542e84980d494ff1f24a59eab89fefb,https://www.nbadraft.net/players/kris-murray/,19,,ndnet,"{""class"": ""Jr."", ""height"": ""6-9"", ""position"": ""SF/PF"", ""weight"": ""215""}",{}
P9a144a10c5,2023,nbadraft_2023,nbadraft,https://web.archive.org/web/20230621061219id_/https://www.nbadraft.net/nba-mock-drafts/,https://www.nbadraft.net/nba-mock-drafts/,2023-06-21T06:12:19+00:00,2023-06-22,2023-06-21,f0d1b7bbfd68326ae9c84677938391c7a9a7f49c31dad80b76fdcd3fdfe72b57,4e3a3f06dcf29627c05962c40ca94f381530e292226207f50d41b7e64c4d995f,d76bf9f5f94577ac3367b8e37975d30e0855a7d6bc15839c42f79c0613d97d6e,3e5c9a2e39febfa6b8f5fa80237af578a19f44280b308fd95e329622e48fcf51,https://www.nbadraft.net/players/noah-clowney/,20,,ndnet,"{""class"": ""Fr."", ""height"": ""6-10"", ""position"": ""PF/C"", ""weight"": ""210""}",{}
P0db0d3c576,2023,nbadraft_2023,nbadraft,https://web.archive.org/web/20230621061219id_/https://www.nbadraft.net/nba-mock-drafts/,https://www.nbadraft.net/nba-mock-drafts/,2023-06-21T06:12:19+00:00,2023-06-22,2023-06-21,f0d1b7bbfd68326ae9c84677938391c7a9a7f49c31dad80b76fdcd3fdfe72b57,4e3a3f06dcf29627c05962c40ca94f381530e292226207f50d41b7e64c4d995f,d76bf9f5f94577ac3367b8e37975d30e0855a7d6bc15839c42f79c0613d97d6e,4be9826840895c730188dd6473c542c52f18dca8e1a8f0c364e43a638a5f5457,https://www.nbadraft.net/players/brandin-podziemski/,21,,ndnet,"{""class"": ""So."", ""height"": ""6-5"", ""position"": ""PG/SG"", ""weight"": ""205""}",{}
P71f8c1b48d,2023,nbadraft_2023,nbadraft,https://web.archive.org/web/20230621061219id_/https://www.nbadraft.net/nba-mock-drafts/,https://www.nbadraft.net/nba-mock-drafts/,2023-06-21T06:12:19+00:00,2023-06-22,2023-06-21,f0d1b7bbfd68326ae9c84677938391c7a9a7f49c31dad80b76fdcd3fdfe72b57,4e3a3f06dcf29627c05962c40ca94f381530e292226207f50d41b7e64c4d995f,d76bf9f5f94577ac3367b8e37975d30e0855a7d6bc15839c42f79c0613d97d6e,43c3c169fcffb7c9abd16a5ad7fe28ffebb40dc95837120ac514652c7679dc67,https://www.nbadraft.net/players/rayan-rupert/,22,,ndnet,"{""class"": ""Intl."", ""height"": ""6-7"", ""position"": ""SG/SF"", ""weight"": ""195""}",{}
P0035c2f0b3,2023,nbadraft_2023,nbadraft,https://web.archive.org/web/20230621061219id_/https://www.nbadraft.net/nba-mock-drafts/,https://www.nbadraft.net/nba-mock-drafts/,2023-06-21T06:12:19+00:00,2023-06-22,2023-06-21,f0d1b7bbfd68326ae9c84677938391c7a9a7f49c31dad80b76fdcd3fdfe72b57,4e3a3f06dcf29627c05962c40ca94f381530e292226207f50d41b7e64c4d995f,d76bf9f5f94577ac3367b8e37975d30e0855a7d6bc15839c42f79c0613d97d6e,fe2cf5583c666d84772885286afaad0c614acc2955cdf3e016604e4c48274dbc,https://www.nbadraft.net/players/jett-howard/,24,,ndnet,"{""class"": ""Fr."", ""height"": ""6-8"", ""position"": ""SG"", ""weight"": ""215""}",{}
P2a6c79e3dc,2023,nbadraft_2023,nbadraft,https://web.archive.org/web/20230621061219id_/https://www.nbadraft.net/nba-mock-drafts/,https://www.nbadraft.net/nba-mock-drafts/,2023-06-21T06:12:19+00:00,2023-06-22,2023-06-21,f0d1b7bbfd68326ae9c84677938391c7a9a7f49c31dad80b76fdcd3fdfe72b57,4e3a3f06dcf29627c05962c40ca94f381530e292226207f50d41b7e64c4d995f,d76bf9f5f94577ac3367b8e37975d30e0855a7d6bc15839c42f79c0613d97d6e,73e01c1ecbe744c46aac886a2d825650113b7b683e9fb4785192686d5cf1afc6,https://www.nbadraft.net/players/ben-sheppard/,26,,ndnet,"{""class"": ""Sr."", ""height"": ""6-6"", ""position"": ""SG"", ""weight"": ""195""}",{}
P655613d84a,2023,nbadraft_2023,nbadraft,https://web.archive.org/web/20230621061219id_/https://www.nbadraft.net/nba-mock-drafts/,https://www.nbadraft.net/nba-mock-drafts/,2023-06-21T06:12:19+00:00,2023-06-22,2023-06-21,f0d1b7bbfd68326ae9c84677938391c7a9a7f49c31dad80b76fdcd3fdfe72b57,4e3a3f06dcf29627c05962c40ca94f381530e292226207f50d41b7e64c4d995f,d76bf9f5f94577ac3367b8e37975d30e0855a7d6bc15839c42f79c0613d97d6e,6541d68f2c1e493236ea0e17d2a3269b2eb48795673084c81dd893dfe56dc3b2,https://www.nbadraft.net/players/maxwell-lewis/,28,,ndnet,"{""class"": ""So."", ""height"": ""6-7"", ""position"": ""SG/SF"", ""weight"": ""205""}",{}
P5698276a02,2023,nbadraft_2023,nbadraft,https://web.archive.org/web/20230621061219id_/https://www.nbadraft.net/nba-mock-drafts/,https://www.nbadraft.net/nba-mock-drafts/,2023-06-21T06:12:19+00:00,2023-06-22,2023-06-21,f0d1b7bbfd68326ae9c84677938391c7a9a7f49c31dad80b76fdcd3fdfe72b57,4e3a3f06dcf29627c05962c40ca94f381530e292226207f50d41b7e64c4d995f,d76bf9f5f94577ac3367b8e37975d30e0855a7d6bc15839c42f79c0613d97d6e,84e96c1d01726864feb1a89ef0ac47c601b07444684fe85139c3f8de88aa4ce7,https://www.nbadraft.net/players/julian-strawther/,29,,ndnet,"{""class"": ""Jr."", ""height"": ""6-7"", ""position"": ""SF"", ""weight"": ""210""}",{}
P89e5a35bc7,2023,nbadraft_2023,nbadraft,https://web.archive.org/web/20230621061219id_/https://www.nbadraft.net/nba-mock-drafts/,https://www.nbadraft.net/nba-mock-drafts/,2023-06-21T06:12:19+00:00,2023-06-22,2023-06-21,f0d1b7bbfd68326ae9c84677938391c7a9a7f49c31dad80b76fdcd3fdfe72b57,4e3a3f06dcf29627c05962c40ca94f381530e292226207f50d41b7e64c4d995f,d76bf9f5f94577ac3367b8e37975d30e0855a7d6bc15839c42f79c0613d97d6e,98ed228f0f91f833e3f8c5d8b47f27e6edc6cc9bb24ea7b67736058feed2ce20,https://www.nbadraft.net/players/julian-phillips/,30,,ndnet,"{""class"": ""Fr."", ""height"": ""6-8"", ""position"": ""SF/PF"", ""weight"": ""195""}",{}
Pd742da0a27,2023,nbadraft_2023,nbadraft,https://web.archive.org/web/20230621061219id_/https://www.nbadraft.net/nba-mock-drafts/,https://www.nbadraft.net/nba-mock-drafts/,2023-06-21T06:12:19+00:00,2023-06-22,2023-06-21,f0d1b7bbfd68326ae9c84677938391c7a9a7f49c31dad80b76fdcd3fdfe72b57,4e3a3f06dcf29627c05962c40ca94f381530e292226207f50d41b7e64c4d995f,d76bf9f5f94577ac3367b8e37975d30e0855a7d6bc15839c42f79c0613d97d6e,0837f0c247cd97831a6cf6b5d88c102f8e8e6874ed811b650ac72b9555af0b5b,https://www.nbadraft.net/players/dariq-whitehead/,31,,ndnet,"{""class"": ""Fr."", ""height"": ""6-7"", ""position"": ""SG/SF"", ""weight"": ""220""}",{}
Pbf5a7a4d5b,2023,nbadraft_2023,nbadraft,https://web.archive.org/web/20230621061219id_/https://www.nbadraft.net/nba-mock-drafts/,https://www.nbadraft.net/nba-mock-drafts/,2023-06-21T06:12:19+00:00,2023-06-22,2023-06-21,f0d1b7bbfd68326ae9c84677938391c7a9a7f49c31dad80b76fdcd3fdfe72b57,4e3a3f06dcf29627c05962c40ca94f381530e292226207f50d41b7e64c4d995f,d76bf9f5f94577ac3367b8e37975d30e0855a7d6bc15839c42f79c0613d97d6e,1a345d00804fa4e19dbf5b3dc28e5f7636c8a0e03f5d41b5b82d4e9c14ec3e54,https://www.nbadraft.net/players/sidy-cissoko/,33,,ndnet,"{""class"": ""Intl."", ""height"": ""6-7"", ""position"": ""SG/SF"", ""weight"": ""225""}",{}
P26ad072598,2023,nbadraft_2023,nbadraft,https://web.archive.org/web/20230621061219id_/https://www.nbadraft.net/nba-mock-drafts/,https://www.nbadraft.net/nba-mock-drafts/,2023-06-21T06:12:19+00:00,2023-06-22,2023-06-21,f0d1b7bbfd68326ae9c84677938391c7a9a7f49c31dad80b76fdcd3fdfe72b57,4e3a3f06dcf29627c05962c40ca94f381530e292226207f50d41b7e64c4d995f,d76bf9f5f94577ac3367b8e37975d30e0855a7d6bc15839c42f79c0613d97d6e,194d85da9ead17c10f86f946ca9fedfce03ec7a6b3aa43029f5675f7e8aa55b9,https://www.nbadraft.net/players/marcus-sasser/,34,,ndnet,"{""class"": ""Sr."", ""height"": ""6-2"", ""position"": ""PG/SG"", ""weight"": ""195""}",{}
P6187cee451,2023,nbadraft_2023,nbadraft,https://web.archive.org/web/20230621061219id_/https://www.nbadraft.net/nba-mock-drafts/,https://www.nbadraft.net/nba-mock-drafts/,2023-06-21T06:12:19+00:00,2023-06-22,2023-06-21,f0d1b7bbfd68326ae9c84677938391c7a9a7f49c31dad80b76fdcd3fdfe72b57,4e3a3f06dcf29627c05962c40ca94f381530e292226207f50d41b7e64c4d995f,d76bf9f5f94577ac3367b8e37975d30e0855a7d6bc15839c42f79c0613d97d6e,ad5e911d786de7d0030be002b46cff95683eb5476513361ded4e84c0062357f3,https://www.nbadraft.net/players/brice-sensabaugh/,35,,ndnet,"{""class"": ""Fr."", ""height"": ""6-6"", ""position"": ""SF/PF"", ""weight"": ""235""}",{}
P2db6f2cc8f,2023,nbadraft_2023,nbadraft,https://web.archive.org/web/20230621061219id_/https://www.nbadraft.net/nba-mock-drafts/,https://www.nbadraft.net/nba-mock-drafts/,2023-06-21T06:12:19+00:00,2023-06-22,2023-06-21,f0d1b7bbfd68326ae9c84677938391c7a9a7f49c31dad80b76fdcd3fdfe72b57,4e3a3f06dcf29627c05962c40ca94f381530e292226207f50d41b7e64c4d995f,d76bf9f5f94577ac3367b8e37975d30e0855a7d6bc15839c42f79c0613d97d6e,0ed74fdbaf54ca12174cc54493b5bb4167fdbd28c93cef47b0cb996db9308495,https://www.nbadraft.net/players/leonard-miller/,36,,ndnet,"{""class"": ""Fr."", ""height"": ""6-10"", ""position"": ""SF/PF"", ""weight"": ""210""}",{}
Pf85863f4bd,2023,nbadraft_2023,nbadraft,https://web.archive.org/web/20230621061219id_/https://www.nbadraft.net/nba-mock-drafts/,https://www.nbadraft.net/nba-mock-drafts/,2023-06-21T06:12:19+00:00,2023-06-22,2023-06-21,f0d1b7bbfd68326ae9c84677938391c7a9a7f49c31dad80b76fdcd3fdfe72b57,4e3a3f06dcf29627c05962c40ca94f381530e292226207f50d41b7e64c4d995f,d76bf9f5f94577ac3367b8e37975d30e0855a7d6bc15839c42f79c0613d97d6e,530cae2f5c9e00e105f0be1af8136502388706dbbdbe3aebb0dddaecc4a97993,https://www.nbadraft.net/players/amari-bailey/,37,,ndnet,"{""class"": ""Fr."", ""height"": ""6-4"", ""position"": ""PG/SG"", ""weight"": ""190""}",{}
P9aef7770b8,2023,nbadraft_2023,nbadraft,https://web.archive.org/web/20230621061219id_/https://www.nbadraft.net/nba-mock-drafts/,https://www.nbadraft.net/nba-mock-drafts/,2023-06-21T06:12:19+00:00,2023-06-22,2023-06-21,f0d1b7bbfd68326ae9c84677938391c7a9a7f49c31dad80b76fdcd3fdfe72b57,4e3a3f06dcf29627c05962c40ca94f381530e292226207f50d41b7e64c4d995f,d76bf9f5f94577ac3367b8e37975d30e0855a7d6bc15839c42f79c0613d97d6e,5365c02021ecacf0c0f822492f2b3b8d82fc6455e95cbdd655adf2611825dbdf,https://www.nbadraft.net/players/terquavion-smith/,38,,ndnet,"{""class"": ""So."", ""height"": ""6-4"", ""position"": ""PG/SG"", ""weight"": ""165""}",{}
P7200ebcdd8,2023,nbadraft_2023,nbadraft,https://web.archive.org/web/20230621061219id_/https://www.nbadraft.net/nba-mock-drafts/,https://www.nbadraft.net/nba-mock-drafts/,2023-06-21T06:12:19+00:00,2023-06-22,2023-06-21,f0d1b7bbfd68326ae9c84677938391c7a9a7f49c31dad80b76fdcd3fdfe72b57,4e3a3f06dcf29627c05962c40ca94f381530e292226207f50d41b7e64c4d995f,d76bf9f5f94577ac3367b8e37975d30e0855a7d6bc15839c42f79c0613d97d6e,622583c1eaf04a1e611d65c4f27a74817f97ed8cd90e6972e6cb46518b4b917a,https://www.nbadraft.net/players/gg-jackson/,39,,ndnet,"{""class"": ""Fr."", ""height"": ""6-9"", ""position"": ""PF"", ""weight"": ""215""}",{}
Pc4ba85a58f,2023,nbadraft_2023,nbadraft,https://web.archive.org/web/20230621061219id_/https://www.nbadraft.net/nba-mock-drafts/,https://www.nbadraft.net/nba-mock-drafts/,2023-06-21T06:12:19+00:00,2023-06-22,2023-06-21,f0d1b7bbfd68326ae9c84677938391c7a9a7f49c31dad80b76fdcd3fdfe72b57,4e3a3f06dcf29627c05962c40ca94f381530e292226207f50d41b7e64c4d995f,d76bf9f5f94577ac3367b8e37975d30e0855a7d6bc15839c42f79c0613d97d6e,04f38b7fe1524f8b928924d95138595dcf9822885327d26a610cb6359f2e2dcf,https://www.nbadraft.net/players/jalen-pickett/,40,,ndnet,"{""class"": ""Sr."", ""height"": ""6-3"", ""position"": ""PG/SG"", ""weight"": ""200""}",{}
Pd5f2794063,2023,nbadraft_2023,nbadraft,https://web.archive.org/web/20230621061219id_/https://www.nbadraft.net/nba-mock-drafts/,https://www.nbadraft.net/nba-mock-drafts/,2023-06-21T06:12:19+00:00,2023-06-22,2023-06-21,f0d1b7bbfd68326ae9c84677938391c7a9a7f49c31dad80b76fdcd3fdfe72b57,4e3a3f06dcf29627c05962c40ca94f381530e292226207f50d41b7e64c4d995f,d76bf9f5f94577ac3367b8e37975d30e0855a7d6bc15839c42f79c0613d97d6e,e8f27ea8d5077f059b9e3e63962db038634973435377677d90544a8ddff97e17,https://www.nbadraft.net/players/isaiah-wong/,41,,ndnet,"{""class"": ""Sr."", ""height"": ""6-4"", ""position"": ""PG/SG"", ""weight"": ""185""}",{}
P9b886526e3,2023,nbadraft_2023,nbadraft,https://web.archive.org/web/20230621061219id_/https://www.nbadraft.net/nba-mock-drafts/,https://www.nbadraft.net/nba-mock-drafts/,2023-06-21T06:12:19+00:00,2023-06-22,2023-06-21,f0d1b7bbfd68326ae9c84677938391c7a9a7f49c31dad80b76fdcd3fdfe72b57,4e3a3f06dcf29627c05962c40ca94f381530e292226207f50d41b7e64c4d995f,d76bf9f5f94577ac3367b8e37975d30e0855a7d6bc15839c42f79c0613d97d6e,daffcf9d26f40fc49bb56a19c7909e74d7f4826342a8ede83fdf682b254e62f1,https://www.nbadraft.net/players/colby-jones/,43,,ndnet,"{""class"": ""Jr."", ""height"": ""6-6"", ""position"": ""SG"", ""weight"": ""205""}",{}
Pc074e62881,2023,nbadraft_2023,nbadraft,https://web.archive.org/web/20230621061219id_/https://www.nbadraft.net/nba-mock-drafts/,https://www.nbadraft.net/nba-mock-drafts/,2023-06-21T06:12:19+00:00,2023-06-22,2023-06-21,f0d1b7bbfd68326ae9c84677938391c7a9a7f49c31dad80b76fdcd3fdfe72b57,4e3a3f06dcf29627c05962c40ca94f381530e292226207f50d41b7e64c4d995f,d76bf9f5f94577ac3367b8e37975d30e0855a7d6bc15839c42f79c0613d97d6e,972a51f33ea12ad32abbaf7afa836e598bafc406f66257002b6806de9f0c6802,https://www.nbadraft.net/players/seth-lundy/,44,,ndnet,"{""class"": ""Sr."", ""height"": ""6-5"", ""position"": ""SG/SF"", ""weight"": ""215""}",{}
Pe356195976,2023,nbadraft_2023,nbadraft,https://web.archive.org/web/20230621061219id_/https://www.nbadraft.net/nba-mock-drafts/,https://www.nbadraft.net/nba-mock-drafts/,2023-06-21T06:12:19+00:00,2023-06-22,2023-06-21,f0d1b7bbfd68326ae9c84677938391c7a9a7f49c31dad80b76fdcd3fdfe72b57,4e3a3f06dcf29627c05962c40ca94f381530e292226207f50d41b7e64c4d995f,d76bf9f5f94577ac3367b8e37975d30e0855a7d6bc15839c42f79c0613d97d6e,d2a6683331f8216b4586955f644f5cd8546be309fdac08f4a789ecb2cfa8f04e,https://www.nbadraft.net/players/jordan-walsh/,45,,ndnet,"{""class"": ""Fr."", ""height"": ""6-7"", ""position"": ""SF/PF"", ""weight"": ""205""}",{}
Pf9f33f79e7,2023,nbadraft_2023,nbadraft,https://web.archive.org/web/20230621061219id_/https://www.nbadraft.net/nba-mock-drafts/,https://www.nbadraft.net/nba-mock-drafts/,2023-06-21T06:12:19+00:00,2023-06-22,2023-06-21,f0d1b7bbfd68326ae9c84677938391c7a9a7f49c31dad80b76fdcd3fdfe72b57,4e3a3f06dcf29627c05962c40ca94f381530e292226207f50d41b7e64c4d995f,d76bf9f5f94577ac3367b8e37975d30e0855a7d6bc15839c42f79c0613d97d6e,8bb44b98ca69cc4b086b8ff702c7e52a3bb6481082ceffa7dd9e97831d9f351d,https://www.nbadraft.net/players/tristan-vukcevic/,46,,ndnet,"{""class"": ""Intl."", ""height"": ""7-0"", ""position"": ""PF/C"", ""weight"": ""225""}",{}
P18c14dbf8f,2023,nbadraft_2023,nbadraft,https://web.archive.org/web/20230621061219id_/https://www.nbadraft.net/nba-mock-drafts/,https://www.nbadraft.net/nba-mock-drafts/,2023-06-21T06:12:19+00:00,2023-06-22,2023-06-21,f0d1b7bbfd68326ae9c84677938391c7a9a7f49c31dad80b76fdcd3fdfe72b57,4e3a3f06dcf29627c05962c40ca94f381530e292226207f50d41b7e64c4d995f,d76bf9f5f94577ac3367b8e37975d30e0855a7d6bc15839c42f79c0613d97d6e,29dd42948689c41e6f42c1fcf30a0b0879f15d40da487d28b6afcfca0a7d11b9,https://www.nbadraft.net/players/jalen-wilson/,47,,ndnet,"{""class"": ""Jr."", ""height"": ""6-7"", ""position"": ""SF/PF"", ""weight"": ""225""}",{}
P7589e6b4d5,2023,nbadraft_2023,nbadraft,https://web.archive.org/web/20230621061219id_/https://www.nbadraft.net/nba-mock-drafts/,https://www.nbadraft.net/nba-mock-drafts/,2023-06-21T06:12:19+00:00,2023-06-22,2023-06-21,f0d1b7bbfd68326ae9c84677938391c7a9a7f49c31dad80b76fdcd3fdfe72b57,4e3a3f06dcf29627c05962c40ca94f381530e292226207f50d41b7e64c4d995f,d76bf9f5f94577ac3367b8e37975d30e0855a7d6bc15839c42f79c0613d97d6e,6cf7b66c5e4cb9dd9d272d82f6d5d64eda5554612f92135c1ebd702feee842b7,https://www.nbadraft.net/players/adam-flagler/,48,,ndnet,"{""class"": ""Sr."", ""height"": ""6-2"", ""position"": ""PG/SG"", ""weight"": ""190""}",{}
Pe1411c667e,2023,nbadraft_2023,nbadraft,https://web.archive.org/web/20230621061219id_/https://www.nbadraft.net/nba-mock-drafts/,https://www.nbadraft.net/nba-mock-drafts/,2023-06-21T06:12:19+00:00,2023-06-22,2023-06-21,f0d1b7bbfd68326ae9c84677938391c7a9a7f49c31dad80b76fdcd3fdfe72b57,4e3a3f06dcf29627c05962c40ca94f381530e292226207f50d41b7e64c4d995f,d76bf9f5f94577ac3367b8e37975d30e0855a7d6bc15839c42f79c0613d97d6e,bafa03b7267fddcaf1e3d49850821d045e8109dd2203edc843a93d3eda3edb56,https://www.nbadraft.net/players/adama-sanogo/,49,,ndnet,"{""class"": ""Jr."", ""height"": ""6-8"", ""position"": ""C"", ""weight"": ""260""}",{}
P07bb9cb58f,2023,nbadraft_2023,nbadraft,https://web.archive.org/web/20230621061219id_/https://www.nbadraft.net/nba-mock-drafts/,https://www.nbadraft.net/nba-mock-drafts/,2023-06-21T06:12:19+00:00,2023-06-22,2023-06-21,f0d1b7bbfd68326ae9c84677938391c7a9a7f49c31dad80b76fdcd3fdfe72b57,4e3a3f06dcf29627c05962c40ca94f381530e292226207f50d41b7e64c4d995f,d76bf9f5f94577ac3367b8e37975d30e0855a7d6bc15839c42f79c0613d97d6e,6642cec18ff894a9c5a1b971cf8110af9e40b490d763e498358572c36161caa2,https://www.nbadraft.net/players/keyontae-johnson/,51,,ndnet,"{""class"": ""Sr."", ""height"": ""6-5"", ""position"": ""SG/SF"", ""weight"": ""240""}",{}
P659b205e3c,2023,nbadraft_2023,nbadraft,https://web.archive.org/web/20230621061219id_/https://www.nbadraft.net/nba-mock-drafts/,https://www.nbadraft.net/nba-mock-drafts/,2023-06-21T06:12:19+00:00,2023-06-22,2023-06-21,f0d1b7bbfd68326ae9c84677938391c7a9a7f49c31dad80b76fdcd3fdfe72b57,4e3a3f06dcf29627c05962c40ca94f381530e292226207f50d41b7e64c4d995f,d76bf9f5f94577ac3367b8e37975d30e0855a7d6bc15839c42f79c0613d97d6e,216df1f9685fcea0a9068daaeb305ded47a3b54de1bc9a3b37b51968b1f76f26,https://www.nbadraft.net/players/emoni-bates/,52,,ndnet,"{""class"": ""So."", ""height"": ""6-10"", ""position"": ""SG"", ""weight"": ""190""}",{}
Pa6029bb5a6,2023,nbadraft_2023,nbadraft,https://web.archive.org/web/20230621061219id_/https://www.nbadraft.net/nba-mock-drafts/,https://www.nbadraft.net/nba-mock-drafts/,2023-06-21T06:12:19+00:00,2023-06-22,2023-06-21,f0d1b7bbfd68326ae9c84677938391c7a9a7f49c31dad80b76fdcd3fdfe72b57,4e3a3f06dcf29627c05962c40ca94f381530e292226207f50d41b7e64c4d995f,d76bf9f5f94577ac3367b8e37975d30e0855a7d6bc15839c42f79c0613d97d6e,015905176f52542fc342eb2681806eb0188f046d3175dfcff9153895b2363cf8,https://www.nbadraft.net/players/jaylen-clark/,53,,ndnet,"{""class"": ""Jr."", ""height"": ""6-5"", ""position"": ""SG"", ""weight"": ""205""}",{}
Pe8ffde2213,2023,nbadraft_2023,nbadraft,https://web.archive.org/web/20230621061219id_/https://www.nbadraft.net/nba-mock-drafts/,https://www.nbadraft.net/nba-mock-drafts/,2023-06-21T06:12:19+00:00,2023-06-22,2023-06-21,f0d1b7bbfd68326ae9c84677938391c7a9a7f49c31dad80b76fdcd3fdfe72b57,4e3a3f06dcf29627c05962c40ca94f381530e292226207f50d41b7e64c4d995f,d76bf9f5f94577ac3367b8e37975d30e0855a7d6bc15839c42f79c0613d97d6e,8df1f95c6608769846db25be59beac3e62335bce22ae716cc1396fff2cf90c68,https://www.nbadraft.net/players/oscar-tshiebwe/,54,,ndnet,"{""class"": ""Sr."", ""height"": ""6-8"", ""position"": ""PF/C"", ""weight"": ""255""}",{}
Pa12a517258,2023,nbadraft_2023,nbadraft,https://web.archive.org/web/20230621061219id_/https://www.nbadraft.net/nba-mock-drafts/,https://www.nbadraft.net/nba-mock-drafts/,2023-06-21T06:12:19+00:00,2023-06-22,2023-06-21,f0d1b7bbfd68326ae9c84677938391c7a9a7f49c31dad80b76fdcd3fdfe72b57,4e3a3f06dcf29627c05962c40ca94f381530e292226207f50d41b7e64c4d995f,d76bf9f5f94577ac3367b8e37975d30e0855a7d6bc15839c42f79c0613d97d6e,f2c5abf923bd5e92b4fdaaf662853057354d2ef398b4e5e375c7eafc16211b9d,https://www.nbadraft.net/players/azuolas-tubelis/,55,,ndnet,"{""class"": ""Jr."", ""height"": ""6-10"", ""position"": ""PF"", ""weight"": ""235""}",{}
P7075ac01b8,2023,nbadraft_2023,nbadraft,https://web.archive.org/web/20230621061219id_/https://www.nbadraft.net/nba-mock-drafts/,https://www.nbadraft.net/nba-mock-drafts/,2023-06-21T06:12:19+00:00,2023-06-22,2023-06-21,f0d1b7bbfd68326ae9c84677938391c7a9a7f49c31dad80b76fdcd3fdfe72b57,4e3a3f06dcf29627c05962c40ca94f381530e292226207f50d41b7e64c4d995f,d76bf9f5f94577ac3367b8e37975d30e0855a7d6bc15839c42f79c0613d97d6e,51ea5057239541b5b22b5d9606d98d7522907341dddabcd34e97fc6f02a4a620,https://www.nbadraft.net/players/kobe-brown/,56,,ndnet,"{""class"": ""Sr."", ""height"": ""6-8"", ""position"": ""SG/SF"", ""weight"": ""250""}",{}
Paf99c23c4d,2023,nbadraft_2023,nbadraft,https://web.archive.org/web/20230621061219id_/https://www.nbadraft.net/nba-mock-drafts/,https://www.nbadraft.net/nba-mock-drafts/,2023-06-21T06:12:19+00:00,2023-06-22,2023-06-21,f0d1b7bbfd68326ae9c84677938391c7a9a7f49c31dad80b76fdcd3fdfe72b57,4e3a3f06dcf29627c05962c40ca94f381530e292226207f50d41b7e64c4d995f,d76bf9f5f94577ac3367b8e37975d30e0855a7d6bc15839c42f79c0613d97d6e,83d6fadfe7f9e14cd0d44a86316e9f18a756103e89952a4fe0ee8941babd2f98,https://www.nbadraft.net/players/chris-livingston/,60,,ndnet,"{""class"": ""Fr."", ""height"": ""6-7"", ""position"": ""SF/PF"", ""weight"": ""220""}",{}
P23152d31e2,2024,nbadraft_2024,nbadraft,https://web.archive.org/web/20240624025349id_/https://www.nbadraft.net/nba-mock-drafts/,https://www.nbadraft.net/nba-mock-drafts/,2024-06-24T02:53:49+00:00,2024-06-26,2024-06-22,b1680499fa0b043a9ad8594f52ead33ba4b25258c7f5d3d8c3e54ed30b19fc4b,874e10ca8fcedfdb48b55ffc0dbdbf5ff8963f5e8e00986cf7924f7fe0856246,7bc1163b045d1e9be028cf7b6017b871fcd5a452054f238bcdbb6eb4665e3dd6,0711d51d1a1a2fcf2c35b3d94aff32c17b76cba36e3ed44ca9e93105151af4e0,https://www.nbadraft.net/players/zaccharie-risacher/,1,,ndnet,"{""class"": ""Intl."", ""height"": ""6-9"", ""position"": ""SF/PF"", ""weight"": ""200""}",{}
P473649a3ff,2024,nbadraft_2024,nbadraft,https://web.archive.org/web/20240624025349id_/https://www.nbadraft.net/nba-mock-drafts/,https://www.nbadraft.net/nba-mock-drafts/,2024-06-24T02:53:49+00:00,2024-06-26,2024-06-22,b1680499fa0b043a9ad8594f52ead33ba4b25258c7f5d3d8c3e54ed30b19fc4b,874e10ca8fcedfdb48b55ffc0dbdbf5ff8963f5e8e00986cf7924f7fe0856246,7bc1163b045d1e9be028cf7b6017b871fcd5a452054f238bcdbb6eb4665e3dd6,84a47bee87575d764c03b628ed71c5b8d40c003f3c5840106762e1555df189b9,https://www.nbadraft.net/players/reed-sheppard/,3,,ndnet,"{""class"": ""Fr."", ""height"": ""6-3"", ""position"": ""PG/SG"", ""weight"": ""180""}",{}
P2a77fa93f7,2024,nbadraft_2024,nbadraft,https://web.archive.org/web/20240624025349id_/https://www.nbadraft.net/nba-mock-drafts/,https://www.nbadraft.net/nba-mock-drafts/,2024-06-24T02:53:49+00:00,2024-06-26,2024-06-22,b1680499fa0b043a9ad8594f52ead33ba4b25258c7f5d3d8c3e54ed30b19fc4b,874e10ca8fcedfdb48b55ffc0dbdbf5ff8963f5e8e00986cf7924f7fe0856246,7bc1163b045d1e9be028cf7b6017b871fcd5a452054f238bcdbb6eb4665e3dd6,2ca1df1a494d3a25f1568ab6c3534026af628e06d292ef5699ec0a4b2a747c21,https://www.nbadraft.net/players/stephon-castle/,4,,ndnet,"{""class"": ""Fr."", ""height"": ""6-7"", ""position"": ""PG/SG"", ""weight"": ""210""}",{}
Pa5d4a8fef6,2024,nbadraft_2024,nbadraft,https://web.archive.org/web/20240624025349id_/https://www.nbadraft.net/nba-mock-drafts/,https://www.nbadraft.net/nba-mock-drafts/,2024-06-24T02:53:49+00:00,2024-06-26,2024-06-22,b1680499fa0b043a9ad8594f52ead33ba4b25258c7f5d3d8c3e54ed30b19fc4b,874e10ca8fcedfdb48b55ffc0dbdbf5ff8963f5e8e00986cf7924f7fe0856246,7bc1163b045d1e9be028cf7b6017b871fcd5a452054f238bcdbb6eb4665e3dd6,3a1065afed9766f59eb1ef3553e996c327b6c394941c7319a7cf5d35441e80ce,https://www.nbadraft.net/players/matas-buzelis/,5,,ndnet,"{""class"": ""Fr."", ""height"": ""6-10"", ""position"": ""SF/PF"", ""weight"": ""195""}",{}
Pb0cd5d409b,2024,nbadraft_2024,nbadraft,https://web.archive.org/web/20240624025349id_/https://www.nbadraft.net/nba-mock-drafts/,https://www.nbadraft.net/nba-mock-drafts/,2024-06-24T02:53:49+00:00,2024-06-26,2024-06-22,b1680499fa0b043a9ad8594f52ead33ba4b25258c7f5d3d8c3e54ed30b19fc4b,874e10ca8fcedfdb48b55ffc0dbdbf5ff8963f5e8e00986cf7924f7fe0856246,7bc1163b045d1e9be028cf7b6017b871fcd5a452054f238bcdbb6eb4665e3dd6,dd99efe01f4510d785a041154997fcfe86cf08a79aba6f7b692e32caddf1bdd8,https://www.nbadraft.net/players/donovan-clingan/,6,,ndnet,"{""class"": ""So."", ""height"": ""7-3"", ""position"": ""C"", ""weight"": ""280""}",{}
Pa245962e52,2024,nbadraft_2024,nbadraft,https://web.archive.org/web/20240624025349id_/https://www.nbadraft.net/nba-mock-drafts/,https://www.nbadraft.net/nba-mock-drafts/,2024-06-24T02:53:49+00:00,2024-06-26,2024-06-22,b1680499fa0b043a9ad8594f52ead33ba4b25258c7f5d3d8c3e54ed30b19fc4b,874e10ca8fcedfdb48b55ffc0dbdbf5ff8963f5e8e00986cf7924f7fe0856246,7bc1163b045d1e9be028cf7b6017b871fcd5a452054f238bcdbb6eb4665e3dd6,ab5208f4f13926c31fa3615636008eb33b4835b95e6cdaee8527eb3b0bebb8d8,https://www.nbadraft.net/players/cody-williams/,7,,ndnet,"{""class"": ""Fr."", ""height"": ""6-8"", ""position"": ""SF"", ""weight"": ""180""}",{}
P58407301c7,2024,nbadraft_2024,nbadraft,https://web.archive.org/web/20240624025349id_/https://www.nbadraft.net/nba-mock-drafts/,https://www.nbadraft.net/nba-mock-drafts/,2024-06-24T02:53:49+00:00,2024-06-26,2024-06-22,b1680499fa0b043a9ad8594f52ead33ba4b25258c7f5d3d8c3e54ed30b19fc4b,874e10ca8fcedfdb48b55ffc0dbdbf5ff8963f5e8e00986cf7924f7fe0856246,7bc1163b045d1e9be028cf7b6017b871fcd5a452054f238bcdbb6eb4665e3dd6,328627aecd36986a4fb964e9d1193e0265143e2f6935641d51867866a3b7ed94,https://www.nbadraft.net/players/tidjane-salaun/,8,,ndnet,"{""class"": ""Intl."", ""height"": ""6-9"", ""position"": ""PF"", ""weight"": ""210""}",{}
P7a95b991f4,2024,nbadraft_2024,nbadraft,https://web.archive.org/web/20240624025349id_/https://www.nbadraft.net/nba-mock-drafts/,https://www.nbadraft.net/nba-mock-drafts/,2024-06-24T02:53:49+00:00,2024-06-26,2024-06-22,b1680499fa0b043a9ad8594f52ead33ba4b25258c7f5d3d8c3e54ed30b19fc4b,874e10ca8fcedfdb48b55ffc0dbdbf5ff8963f5e8e00986cf7924f7fe0856246,7bc1163b045d1e9be028cf7b6017b871fcd5a452054f238bcdbb6eb4665e3dd6,0dd52d4be376cd22ba3ff80d8ae4aabfb69af44c21107d8bcf8c93fdf131eab5,https://www.nbadraft.net/players/dalton-knecht/,10,,ndnet,"{""class"": ""Sr."", ""height"": ""6-6"", ""position"": ""SG/SF"", ""weight"": ""210""}",{}
P32ff4229d3,2024,nbadraft_2024,nbadraft,https://web.archive.org/web/20240624025349id_/https://www.nbadraft.net/nba-mock-drafts/,https://www.nbadraft.net/nba-mock-drafts/,2024-06-24T02:53:49+00:00,2024-06-26,2024-06-22,b1680499fa0b043a9ad8594f52ead33ba4b25258c7f5d3d8c3e54ed30b19fc4b,874e10ca8fcedfdb48b55ffc0dbdbf5ff8963f5e8e00986cf7924f7fe0856246,7bc1163b045d1e9be028cf7b6017b871fcd5a452054f238bcdbb6eb4665e3dd6,00e78a390d5a91737e643068106d376cab22c7687af9cc105643ca9e8d489d89,https://www.nbadraft.net/players/devin-carter/,11,,ndnet,"{""class"": ""Jr."", ""height"": ""6-3"", ""position"": ""PG/SG"", ""weight"": ""195""}",{}
P424c3aa3f2,2024,nbadraft_2024,nbadraft,https://web.archive.org/web/20240624025349id_/https://www.nbadraft.net/nba-mock-drafts/,https://www.nbadraft.net/nba-mock-drafts/,2024-06-24T02:53:49+00:00,2024-06-26,2024-06-22,b1680499fa0b043a9ad8594f52ead33ba4b25258c7f5d3d8c3e54ed30b19fc4b,874e10ca8fcedfdb48b55ffc0dbdbf5ff8963f5e8e00986cf7924f7fe0856246,7bc1163b045d1e9be028cf7b6017b871fcd5a452054f238bcdbb6eb4665e3dd6,7bfcac6b99998816c3933bb55746f5309ea84d36a4325c0fc16a177d04b0d8c2,https://www.nbadraft.net/players/carlton-carrington/,12,,ndnet,"{""class"": ""Fr."", ""height"": ""6-5"", ""position"": ""PG/SG"", ""weight"": ""195""}",{}
P9f04775c7a,2024,nbadraft_2024,nbadraft,https://web.archive.org/web/20240624025349id_/https://www.nbadraft.net/nba-mock-drafts/,https://www.nbadraft.net/nba-mock-drafts/,2024-06-24T02:53:49+00:00,2024-06-26,2024-06-22,b1680499fa0b043a9ad8594f52ead33ba4b25258c7f5d3d8c3e54ed30b19fc4b,874e10ca8fcedfdb48b55ffc0dbdbf5ff8963f5e8e00986cf7924f7fe0856246,7bc1163b045d1e9be028cf7b6017b871fcd5a452054f238bcdbb6eb4665e3dd6,bbe381d77a7dd21dbf43c7a65063f969a88ec78de33aa2b3ad53a8e01b405d9a,https://www.nbadraft.net/players/jakobe-walter/,13,,ndnet,"{""class"": ""Fr."", ""height"": ""6-5"", ""position"": ""SG"", ""weight"": ""200""}",{}
Pa3f4257d20,2024,nbadraft_2024,nbadraft,https://web.archive.org/web/20240624025349id_/https://www.nbadraft.net/nba-mock-drafts/,https://www.nbadraft.net/nba-mock-drafts/,2024-06-24T02:53:49+00:00,2024-06-26,2024-06-22,b1680499fa0b043a9ad8594f52ead33ba4b25258c7f5d3d8c3e54ed30b19fc4b,874e10ca8fcedfdb48b55ffc0dbdbf5ff8963f5e8e00986cf7924f7fe0856246,7bc1163b045d1e9be028cf7b6017b871fcd5a452054f238bcdbb6eb4665e3dd6,a7a8958f960919bfdd12963ba840944d14d4544791d51164d72c8f8a6c362109,https://www.nbadraft.net/players/jared-mccain/,14,,ndnet,"{""class"": ""Fr."", ""height"": ""6-3"", ""position"": ""PG/SG"", ""weight"": ""205""}",{}
P13f5a8ca49,2024,nbadraft_2024,nbadraft,https://web.archive.org/web/20240624025349id_/https://www.nbadraft.net/nba-mock-drafts/,https://www.nbadraft.net/nba-mock-drafts/,2024-06-24T02:53:49+00:00,2024-06-26,2024-06-22,b1680499fa0b043a9ad8594f52ead33ba4b25258c7f5d3d8c3e54ed30b19fc4b,874e10ca8fcedfdb48b55ffc0dbdbf5ff8963f5e8e00986cf7924f7fe0856246,7bc1163b045d1e9be028cf7b6017b871fcd5a452054f238bcdbb6eb4665e3dd6,268ed7ee7681017c6f7982513cddc0a80474c63ee4abadb9ce0280678261460e,https://www.nbadraft.net/players/tristan-da-silva/,15,,ndnet,"{""class"": ""Sr."", ""height"": ""6-9"", ""position"": ""SF"", ""weight"": ""215""}",{}
P429241cb33,2024,nbadraft_2024,nbadraft,https://web.archive.org/web/20240624025349id_/https://www.nbadraft.net/nba-mock-drafts/,https://www.nbadraft.net/nba-mock-drafts/,2024-06-24T02:53:49+00:00,2024-06-26,2024-06-22,b1680499fa0b043a9ad8594f52ead33ba4b25258c7f5d3d8c3e54ed30b19fc4b,874e10ca8fcedfdb48b55ffc0dbdbf5ff8963f5e8e00986cf7924f7fe0856246,7bc1163b045d1e9be028cf7b6017b871fcd5a452054f238bcdbb6eb4665e3dd6,b1e9358fb70a9dac2a34b2bdd0702beff633bf384215172576cf8ddb108a70df,https://www.nbadraft.net/players/isaiah-collier/,16,,ndnet,"{""class"": ""Fr."", ""height"": ""6-4"", ""position"": ""PG"", ""weight"": ""205""}",{}
P523c7506e7,2024,nbadraft_2024,nbadraft,https://web.archive.org/web/20240624025349id_/https://www.nbadraft.net/nba-mock-drafts/,https://www.nbadraft.net/nba-mock-drafts/,2024-06-24T02:53:49+00:00,2024-06-26,2024-06-22,b1680499fa0b043a9ad8594f52ead33ba4b25258c7f5d3d8c3e54ed30b19fc4b,874e10ca8fcedfdb48b55ffc0dbdbf5ff8963f5e8e00986cf7924f7fe0856246,7bc1163b045d1e9be028cf7b6017b871fcd5a452054f238bcdbb6eb4665e3dd6,cfac52b9d0ee80ef1e5c33f2296d7a532ac25dd3a3f03d4dbc1a150fdc905c42,https://www.nbadraft.net/players/yves-missi/,17,,ndnet,"{""class"": ""Fr."", ""height"": ""7-0"", ""position"": ""C"", ""weight"": ""230""}",{}
Pf4a65045a1,2024,nbadraft_2024,nbadraft,https://web.archive.org/web/20240624025349id_/https://www.nbadraft.net/nba-mock-drafts/,https://www.nbadraft.net/nba-mock-drafts/,2024-06-24T02:53:49+00:00,2024-06-26,2024-06-22,b1680499fa0b043a9ad8594f52ead33ba4b25258c7f5d3d8c3e54ed30b19fc4b,874e10ca8fcedfdb48b55ffc0dbdbf5ff8963f5e8e00986cf7924f7fe0856246,7bc1163b045d1e9be028cf7b6017b871fcd5a452054f238bcdbb6eb4665e3dd6,9e6ed9b1a54680d9ff083d9b078bed77271cad3bf6b1db0a208f77f42541f093,https://www.nbadraft.net/players/kyshawn-george/,18,,ndnet,"{""class"": ""Fr."", ""height"": ""6-8"", ""position"": ""SF"", ""weight"": ""210""}",{}
P74240d498b,2024,nbadraft_2024,nbadraft,https://web.archive.org/web/20240624025349id_/https://www.nbadraft.net/nba-mock-drafts/,https://www.nbadraft.net/nba-mock-drafts/,2024-06-24T02:53:49+00:00,2024-06-26,2024-06-22,b1680499fa0b043a9ad8594f52ead33ba4b25258c7f5d3d8c3e54ed30b19fc4b,874e10ca8fcedfdb48b55ffc0dbdbf5ff8963f5e8e00986cf7924f7fe0856246,7bc1163b045d1e9be028cf7b6017b871fcd5a452054f238bcdbb6eb4665e3dd6,9b79dbd12ccaeea4f52fb3d8d2dbbe61e89f1eb530b70ee6cc564db3b5570a1f,https://www.nbadraft.net/players/rob-dillingham/,19,,ndnet,"{""class"": ""Fr."", ""height"": ""6-2"", ""position"": ""PG"", ""weight"": ""165""}",{}
Pd018d62aee,2024,nbadraft_2024,nbadraft,https://web.archive.org/web/20240624025349id_/https://www.nbadraft.net/nba-mock-drafts/,https://www.nbadraft.net/nba-mock-drafts/,2024-06-24T02:53:49+00:00,2024-06-26,2024-06-22,b1680499fa0b043a9ad8594f52ead33ba4b25258c7f5d3d8c3e54ed30b19fc4b,874e10ca8fcedfdb48b55ffc0dbdbf5ff8963f5e8e00986cf7924f7fe0856246,7bc1163b045d1e9be028cf7b6017b871fcd5a452054f238bcdbb6eb4665e3dd6,1aaff3c0178c74f815fac8e030fef8370158cc1910c7a5ab352a5c44dc0a9c41,https://www.nbadraft.net/players/nikola-topic/,20,,ndnet,"{""class"": ""Intl."", ""height"": ""6-6"", ""position"": ""PG"", ""weight"": ""200""}",{}
P1ccfa6c1ee,2024,nbadraft_2024,nbadraft,https://web.archive.org/web/20240624025349id_/https://www.nbadraft.net/nba-mock-drafts/,https://www.nbadraft.net/nba-mock-drafts/,2024-06-24T02:53:49+00:00,2024-06-26,2024-06-22,b1680499fa0b043a9ad8594f52ead33ba4b25258c7f5d3d8c3e54ed30b19fc4b,874e10ca8fcedfdb48b55ffc0dbdbf5ff8963f5e8e00986cf7924f7fe0856246,7bc1163b045d1e9be028cf7b6017b871fcd5a452054f238bcdbb6eb4665e3dd6,e54bdfea0e8eeaa383300713da7a01b950faff414e3c0b7d1415f18dd4c4e0ec,https://www.nbadraft.net/players/zach-edey/,21,,ndnet,"{""class"": ""Sr."", ""height"": ""7-5"", ""position"": ""C"", ""weight"": ""300""}",{}
Pf120e8dc11,2024,nbadraft_2024,nbadraft,https://web.archive.org/web/20240624025349id_/https://www.nbadraft.net/nba-mock-drafts/,https://www.nbadraft.net/nba-mock-drafts/,2024-06-24T02:53:49+00:00,2024-06-26,2024-06-22,b1680499fa0b043a9ad8594f52ead33ba4b25258c7f5d3d8c3e54ed30b19fc4b,874e10ca8fcedfdb48b55ffc0dbdbf5ff8963f5e8e00986cf7924f7fe0856246,7bc1163b045d1e9be028cf7b6017b871fcd5a452054f238bcdbb6eb4665e3dd6,9c83da5ac94aaa234684cd6cb18a4c4985761482186a734ffd809346eb0d526e,https://www.nbadraft.net/players/jaylon-tyson/,23,,ndnet,"{""class"": ""Jr."", ""height"": ""6-7"", ""position"": ""SG/SF"", ""weight"": ""220""}",{}
Pada60a9da7,2024,nbadraft_2024,nbadraft,https://web.archive.org/web/20240624025349id_/https://www.nbadraft.net/nba-mock-drafts/,https://www.nbadraft.net/nba-mock-drafts/,2024-06-24T02:53:49+00:00,2024-06-26,2024-06-22,b1680499fa0b043a9ad8594f52ead33ba4b25258c7f5d3d8c3e54ed30b19fc4b,874e10ca8fcedfdb48b55ffc0dbdbf5ff8963f5e8e00986cf7924f7fe0856246,7bc1163b045d1e9be028cf7b6017b871fcd5a452054f238bcdbb6eb4665e3dd6,6fe0d94bb93681a3e53283d28a4890baa5c6aad6f2a10511c0db19fbf70840d9,https://www.nbadraft.net/players/kelel-ware/,25,,ndnet,"{""class"": ""So."", ""height"": ""7-1"", ""position"": ""C"", ""weight"": ""230""}",{}
Pd1401169e8,2024,nbadraft_2024,nbadraft,https://web.archive.org/web/20240624025349id_/https://www.nbadraft.net/nba-mock-drafts/,https://www.nbadraft.net/nba-mock-drafts/,2024-06-24T02:53:49+00:00,2024-06-26,2024-06-22,b1680499fa0b043a9ad8594f52ead33ba4b25258c7f5d3d8c3e54ed30b19fc4b,874e10ca8fcedfdb48b55ffc0dbdbf5ff8963f5e8e00986cf7924f7fe0856246,7bc1163b045d1e9be028cf7b6017b871fcd5a452054f238bcdbb6eb4665e3dd6,d69adc86f8dd403af3cffdeb47e849dedb551d81475f2461bbfb669de66be6d1,https://www.nbadraft.net/players/tyler-kolek/,26,,ndnet,"{""class"": ""Sr."", ""height"": ""6-2"", ""position"": ""PG"", ""weight"": ""195""}",{}
Pcf591b3097,2024,nbadraft_2024,nbadraft,https://web.archive.org/web/20240624025349id_/https://www.nbadraft.net/nba-mock-drafts/,https://www.nbadraft.net/nba-mock-drafts/,2024-06-24T02:53:49+00:00,2024-06-26,2024-06-22,b1680499fa0b043a9ad8594f52ead33ba4b25258c7f5d3d8c3e54ed30b19fc4b,874e10ca8fcedfdb48b55ffc0dbdbf5ff8963f5e8e00986cf7924f7fe0856246,7bc1163b045d1e9be028cf7b6017b871fcd5a452054f238bcdbb6eb4665e3dd6,34341adf86f7cbf47daeb3fa7feb7d0d1e3c7c295ea8779b4f44d04394e67832,https://www.nbadraft.net/players/cam-christie/,27,,ndnet,"{""class"": ""Fr."", ""height"": ""6-6"", ""position"": ""SG"", ""weight"": ""190""}",{}
P2bc6f2a3aa,2024,nbadraft_2024,nbadraft,https://web.archive.org/web/20240624025349id_/https://www.nbadraft.net/nba-mock-drafts/,https://www.nbadraft.net/nba-mock-drafts/,2024-06-24T02:53:49+00:00,2024-06-26,2024-06-22,b1680499fa0b043a9ad8594f52ead33ba4b25258c7f5d3d8c3e54ed30b19fc4b,874e10ca8fcedfdb48b55ffc0dbdbf5ff8963f5e8e00986cf7924f7fe0856246,7bc1163b045d1e9be028cf7b6017b871fcd5a452054f238bcdbb6eb4665e3dd6,706d9f8616ec99adedc5cf0b36ebf56d93045bc6c0ba8529ed0d7346be1ae83b,https://www.nbadraft.net/players/kyle-filipowski/,28,,ndnet,"{""class"": ""So."", ""height"": ""7-0"", ""position"": ""PF/C"", ""weight"": ""230""}",{}
P35654567c0,2024,nbadraft_2024,nbadraft,https://web.archive.org/web/20240624025349id_/https://www.nbadraft.net/nba-mock-drafts/,https://www.nbadraft.net/nba-mock-drafts/,2024-06-24T02:53:49+00:00,2024-06-26,2024-06-22,b1680499fa0b043a9ad8594f52ead33ba4b25258c7f5d3d8c3e54ed30b19fc4b,874e10ca8fcedfdb48b55ffc0dbdbf5ff8963f5e8e00986cf7924f7fe0856246,7bc1163b045d1e9be028cf7b6017b871fcd5a452054f238bcdbb6eb4665e3dd6,870b5ab6e7558753376e45844d9184dfd7a0d12ae1a129b0683cfe1b5d52cee8,https://www.nbadraft.net/players/johnny-furphy/,29,,ndnet,"{""class"": ""Fr."", ""height"": ""6-9"", ""position"": ""SG/SF"", ""weight"": ""190""}",{}
Pe79de9d05b,2024,nbadraft_2024,nbadraft,https://web.archive.org/web/20240624025349id_/https://www.nbadraft.net/nba-mock-drafts/,https://www.nbadraft.net/nba-mock-drafts/,2024-06-24T02:53:49+00:00,2024-06-26,2024-06-22,b1680499fa0b043a9ad8594f52ead33ba4b25258c7f5d3d8c3e54ed30b19fc4b,874e10ca8fcedfdb48b55ffc0dbdbf5ff8963f5e8e00986cf7924f7fe0856246,7bc1163b045d1e9be028cf7b6017b871fcd5a452054f238bcdbb6eb4665e3dd6,e19dba1ae77d3c313bbb4fc04ba874bf22d6042992a88fa8646ec5a31ae0a7e4,https://www.nbadraft.net/players/pacome-dadiet/,30,,ndnet,"{""class"": ""Intl."", ""height"": ""6-8"", ""position"": ""SF"", ""weight"": ""210""}",{}
Pfd3b474513,2024,nbadraft_2024,nbadraft,https://web.archive.org/web/20240624025349id_/https://www.nbadraft.net/nba-mock-drafts/,https://www.nbadraft.net/nba-mock-drafts/,2024-06-24T02:53:49+00:00,2024-06-26,2024-06-22,b1680499fa0b043a9ad8594f52ead33ba4b25258c7f5d3d8c3e54ed30b19fc4b,874e10ca8fcedfdb48b55ffc0dbdbf5ff8963f5e8e00986cf7924f7fe0856246,7bc1163b045d1e9be028cf7b6017b871fcd5a452054f238bcdbb6eb4665e3dd6,a679063900436c42bd06d53a86a433b2f029f74493276231876d249da7f876b0,https://www.nbadraft.net/players/baylor-scheierman/,31,,ndnet,"{""class"": ""Sr."", ""height"": ""6-7"", ""position"": ""SG"", ""weight"": ""200""}",{}
P470eca3f49,2024,nbadraft_2024,nbadraft,https://web.archive.org/web/20240624025349id_/https://www.nbadraft.net/nba-mock-drafts/,https://www.nbadraft.net/nba-mock-drafts/,2024-06-24T02:53:49+00:00,2024-06-26,2024-06-22,b1680499fa0b043a9ad8594f52ead33ba4b25258c7f5d3d8c3e54ed30b19fc4b,874e10ca8fcedfdb48b55ffc0dbdbf5ff8963f5e8e00986cf7924f7fe0856246,7bc1163b045d1e9be028cf7b6017b871fcd5a452054f238bcdbb6eb4665e3dd6,024790a1ead4bd641a60f22de94783827c7029944e9fc5196c8f76a7a2f0717d,https://www.nbadraft.net/players/ajay-mitchell/,32,,ndnet,"{""class"": ""Jr."", ""height"": ""6-4"", ""position"": ""PG/SG"", ""weight"": ""195""}",{}
P0edbaa5011,2024,nbadraft_2024,nbadraft,https://web.archive.org/web/20240624025349id_/https://www.nbadraft.net/nba-mock-drafts/,https://www.nbadraft.net/nba-mock-drafts/,2024-06-24T02:53:49+00:00,2024-06-26,2024-06-22,b1680499fa0b043a9ad8594f52ead33ba4b25258c7f5d3d8c3e54ed30b19fc4b,874e10ca8fcedfdb48b55ffc0dbdbf5ff8963f5e8e00986cf7924f7fe0856246,7bc1163b045d1e9be028cf7b6017b871fcd5a452054f238bcdbb6eb4665e3dd6,dd8730b97cb05ccc1a90dea2451f325fd7b0b7e61f181c035885089f422c925f,https://www.nbadraft.net/players/antonio-reeves/,33,,ndnet,"{""class"": ""Sr."", ""height"": ""6-6"", ""position"": ""SG"", ""weight"": ""185""}",{}
Pa93866e530,2024,nbadraft_2024,nbadraft,https://web.archive.org/web/20240624025349id_/https://www.nbadraft.net/nba-mock-drafts/,https://www.nbadraft.net/nba-mock-drafts/,2024-06-24T02:53:49+00:00,2024-06-26,2024-06-22,b1680499fa0b043a9ad8594f52ead33ba4b25258c7f5d3d8c3e54ed30b19fc4b,874e10ca8fcedfdb48b55ffc0dbdbf5ff8963f5e8e00986cf7924f7fe0856246,7bc1163b045d1e9be028cf7b6017b871fcd5a452054f238bcdbb6eb4665e3dd6,a50c2c8a2937707918a0c46d711417c62dd23c1afb8cbe83ab8e80b77994bc2c,https://www.nbadraft.net/players/trey-alexander/,34,,ndnet,"{""class"": ""Jr."", ""height"": ""6-4"", ""position"": ""PG"", ""weight"": ""190""}",{}
Pafffac98b2,2024,nbadraft_2024,nbadraft,https://web.archive.org/web/20240624025349id_/https://www.nbadraft.net/nba-mock-drafts/,https://www.nbadraft.net/nba-mock-drafts/,2024-06-24T02:53:49+00:00,2024-06-26,2024-06-22,b1680499fa0b043a9ad8594f52ead33ba4b25258c7f5d3d8c3e54ed30b19fc4b,874e10ca8fcedfdb48b55ffc0dbdbf5ff8963f5e8e00986cf7924f7fe0856246,7bc1163b045d1e9be028cf7b6017b871fcd5a452054f238bcdbb6eb4665e3dd6,926e01c85930d659958781a4df649246c3a15adadcc09a0275e88e2b61bf4b3e,https://www.nbadraft.net/players/jonathan-mogbo/,35,,ndnet,"{""class"": ""Jr."", ""height"": ""6-7"", ""position"": ""SF/PF"", ""weight"": ""215""}",{}
P68ff50da96,2024,nbadraft_2024,nbadraft,https://web.archive.org/web/20240624025349id_/https://www.nbadraft.net/nba-mock-drafts/,https://www.nbadraft.net/nba-mock-drafts/,2024-06-24T02:53:49+00:00,2024-06-26,2024-06-22,b1680499fa0b043a9ad8594f52ead33ba4b25258c7f5d3d8c3e54ed30b19fc4b,874e10ca8fcedfdb48b55ffc0dbdbf5ff8963f5e8e00986cf7924f7fe0856246,7bc1163b045d1e9be028cf7b6017b871fcd5a452054f238bcdbb6eb4665e3dd6,c8e2de11f834836a79f0a28aec774fb6b76b6db64c3860bcc78dabdebb040025,https://www.nbadraft.net/players/tyler-smith/,36,,ndnet,"{""class"": ""Fr."", ""height"": ""6-10"", ""position"": ""PF"", ""weight"": ""225""}",{}
Pdf5a3388b3,2024,nbadraft_2024,nbadraft,https://web.archive.org/web/20240624025349id_/https://www.nbadraft.net/nba-mock-drafts/,https://www.nbadraft.net/nba-mock-drafts/,2024-06-24T02:53:49+00:00,2024-06-26,2024-06-22,b1680499fa0b043a9ad8594f52ead33ba4b25258c7f5d3d8c3e54ed30b19fc4b,874e10ca8fcedfdb48b55ffc0dbdbf5ff8963f5e8e00986cf7924f7fe0856246,7bc1163b045d1e9be028cf7b6017b871fcd5a452054f238bcdbb6eb4665e3dd6,b77b28fb320e0911abe12123d2f2b2c2d07d2cb8507d26f30886f507b4d8836c,https://www.nbadraft.net/players/bobi-klintman/,37,,ndnet,"{""class"": ""Intl."", ""height"": ""6-10"", ""position"": ""PF"", ""weight"": ""210""}",{}
P0d7bcc4d57,2024,nbadraft_2024,nbadraft,https://web.archive.org/web/20240624025349id_/https://www.nbadraft.net/nba-mock-drafts/,https://www.nbadraft.net/nba-mock-drafts/,2024-06-24T02:53:49+00:00,2024-06-26,2024-06-22,b1680499fa0b043a9ad8594f52ead33ba4b25258c7f5d3d8c3e54ed30b19fc4b,874e10ca8fcedfdb48b55ffc0dbdbf5ff8963f5e8e00986cf7924f7fe0856246,7bc1163b045d1e9be028cf7b6017b871fcd5a452054f238bcdbb6eb4665e3dd6,3b1dddc8e04d8f19f28a22293745c3634ec65d28aad7108cb412f79a022f09ad,https://www.nbadraft.net/players/ryan-dunn/,38,,ndnet,"{""class"": ""So."", ""height"": ""6-7"", ""position"": ""SF/PF"", ""weight"": ""215""}",{}
P1a8fd8dc98,2024,nbadraft_2024,nbadraft,https://web.archive.org/web/20240624025349id_/https://www.nbadraft.net/nba-mock-drafts/,https://www.nbadraft.net/nba-mock-drafts/,2024-06-24T02:53:49+00:00,2024-06-26,2024-06-22,b1680499fa0b043a9ad8594f52ead33ba4b25258c7f5d3d8c3e54ed30b19fc4b,874e10ca8fcedfdb48b55ffc0dbdbf5ff8963f5e8e00986cf7924f7fe0856246,7bc1163b045d1e9be028cf7b6017b871fcd5a452054f238bcdbb6eb4665e3dd6,7de67e4c9c97f48b651dd4bd314bd76089b452ed6b5e8754044be051649df5e1,https://www.nbadraft.net/players/dillon-jones/,39,,ndnet,"{""class"": ""Jr."", ""height"": ""6-6"", ""position"": ""SF"", ""weight"": ""235""}",{}
P7070c905f3,2024,nbadraft_2024,nbadraft,https://web.archive.org/web/20240624025349id_/https://www.nbadraft.net/nba-mock-drafts/,https://www.nbadraft.net/nba-mock-drafts/,2024-06-24T02:53:49+00:00,2024-06-26,2024-06-22,b1680499fa0b043a9ad8594f52ead33ba4b25258c7f5d3d8c3e54ed30b19fc4b,874e10ca8fcedfdb48b55ffc0dbdbf5ff8963f5e8e00986cf7924f7fe0856246,7bc1163b045d1e9be028cf7b6017b871fcd5a452054f238bcdbb6eb4665e3dd6,3ebc8c931b3c586eb80a208935ee3e31b1a9ca2f3d40c813ee310306320d02f6,https://www.nbadraft.net/players/aj-johnson/,40,,ndnet,"{""class"": ""Intl."", ""height"": ""6-5"", ""position"": ""PG/SG"", ""weight"": ""165""}",{}
P8cc9424d6a,2024,nbadraft_2024,nbadraft,https://web.archive.org/web/20240624025349id_/https://www.nbadraft.net/nba-mock-drafts/,https://www.nbadraft.net/nba-mock-drafts/,2024-06-24T02:53:49+00:00,2024-06-26,2024-06-22,b1680499fa0b043a9ad8594f52ead33ba4b25258c7f5d3d8c3e54ed30b19fc4b,874e10ca8fcedfdb48b55ffc0dbdbf5ff8963f5e8e00986cf7924f7fe0856246,7bc1163b045d1e9be028cf7b6017b871fcd5a452054f238bcdbb6eb4665e3dd6,d367be646a4837b6be0347860fc18602a2b12eadd839d0ce1b13d23531622bed,https://www.nbadraft.net/players/trentyn-flowers/,42,,ndnet,"{""class"": ""Intl."", ""height"": ""6-8"", ""position"": ""SF/PF"", ""weight"": ""200""}",{}
P4b73f3a250,2024,nbadraft_2024,nbadraft,https://web.archive.org/web/20240624025349id_/https://www.nbadraft.net/nba-mock-drafts/,https://www.nbadraft.net/nba-mock-drafts/,2024-06-24T02:53:49+00:00,2024-06-26,2024-06-22,b1680499fa0b043a9ad8594f52ead33ba4b25258c7f5d3d8c3e54ed30b19fc4b,874e10ca8fcedfdb48b55ffc0dbdbf5ff8963f5e8e00986cf7924f7fe0856246,7bc1163b045d1e9be028cf7b6017b871fcd5a452054f238bcdbb6eb4665e3dd6,e252d8e4b08130a2efba616e19164933e18679a3e5ed5a249b62378aa2c5caef,https://www.nbadraft.net/players/cam-spencer/,43,,ndnet,"{""class"": ""Sr."", ""height"": ""6-4"", ""position"": ""SG"", ""weight"": ""200""}",{}
P82e84aa110,2024,nbadraft_2024,nbadraft,https://web.archive.org/web/20240624025349id_/https://www.nbadraft.net/nba-mock-drafts/,https://www.nbadraft.net/nba-mock-drafts/,2024-06-24T02:53:49+00:00,2024-06-26,2024-06-22,b1680499fa0b043a9ad8594f52ead33ba4b25258c7f5d3d8c3e54ed30b19fc4b,874e10ca8fcedfdb48b55ffc0dbdbf5ff8963f5e8e00986cf7924f7fe0856246,7bc1163b045d1e9be028cf7b6017b871fcd5a452054f238bcdbb6eb4665e3dd6,d1dd9e38f2a0e5e619c9fc6a641d7e3cde24882998cdebd32e1483b9219a2d0c,https://www.nbadraft.net/players/tristen-newton/,44,,ndnet,"{""class"": ""Sr."", ""height"": ""6-4"", ""position"": ""PG/SG"", ""weight"": ""190""}",{}
Pdbf2a4e286,2024,nbadraft_2024,nbadraft,https://web.archive.org/web/20240624025349id_/https://www.nbadraft.net/nba-mock-drafts/,https://www.nbadraft.net/nba-mock-drafts/,2024-06-24T02:53:49+00:00,2024-06-26,2024-06-22,b1680499fa0b043a9ad8594f52ead33ba4b25258c7f5d3d8c3e54ed30b19fc4b,874e10ca8fcedfdb48b55ffc0dbdbf5ff8963f5e8e00986cf7924f7fe0856246,7bc1163b045d1e9be028cf7b6017b871fcd5a452054f238bcdbb6eb4665e3dd6,26aaaaf53cfb9c1372a16315c1a31a5027ef35e64814e62b0b10d11fecfde269,https://www.nbadraft.net/players/justin-edwards/,45,,ndnet,"{""class"": ""Fr."", ""height"": ""6-7"", ""position"": ""SG"", ""weight"": ""210""}",{}
P2c7c71307b,2024,nbadraft_2024,nbadraft,https://web.archive.org/web/20240624025349id_/https://www.nbadraft.net/nba-mock-drafts/,https://www.nbadraft.net/nba-mock-drafts/,2024-06-24T02:53:49+00:00,2024-06-26,2024-06-22,b1680499fa0b043a9ad8594f52ead33ba4b25258c7f5d3d8c3e54ed30b19fc4b,874e10ca8fcedfdb48b55ffc0dbdbf5ff8963f5e8e00986cf7924f7fe0856246,7bc1163b045d1e9be028cf7b6017b871fcd5a452054f238bcdbb6eb4665e3dd6,756a839ed1146dff49a84b1f0c5904d400c79c518e8bdf53cd7b34e2da2d22a2,https://www.nbadraft.net/players/reece-beekman/,46,,ndnet,"{""class"": ""Sr."", ""height"": ""6-2"", ""position"": ""PG"", ""weight"": ""195""}",{}
Pa306b38c4f,2024,nbadraft_2024,nbadraft,https://web.archive.org/web/20240624025349id_/https://www.nbadraft.net/nba-mock-drafts/,https://www.nbadraft.net/nba-mock-drafts/,2024-06-24T02:53:49+00:00,2024-06-26,2024-06-22,b1680499fa0b043a9ad8594f52ead33ba4b25258c7f5d3d8c3e54ed30b19fc4b,874e10ca8fcedfdb48b55ffc0dbdbf5ff8963f5e8e00986cf7924f7fe0856246,7bc1163b045d1e9be028cf7b6017b871fcd5a452054f238bcdbb6eb4665e3dd6,b4295cc53557922651b0bde70f4ae4c045c096b92cee29c0917ddd202773175a,https://www.nbadraft.net/players/keshad-johnson/,48,,ndnet,"{""class"": ""Sr."", ""height"": ""6-7"", ""position"": ""PF/C"", ""weight"": ""225""}",{}
Pb1001f743e,2024,nbadraft_2024,nbadraft,https://web.archive.org/web/20240624025349id_/https://www.nbadraft.net/nba-mock-drafts/,https://www.nbadraft.net/nba-mock-drafts/,2024-06-24T02:53:49+00:00,2024-06-26,2024-06-22,b1680499fa0b043a9ad8594f52ead33ba4b25258c7f5d3d8c3e54ed30b19fc4b,874e10ca8fcedfdb48b55ffc0dbdbf5ff8963f5e8e00986cf7924f7fe0856246,7bc1163b045d1e9be028cf7b6017b871fcd5a452054f238bcdbb6eb4665e3dd6,e80f0f2c6039f04f6d937440080d72be5ce84b758c01f995dc11061091617a59,https://www.nbadraft.net/players/pelle-larsson/,51,,ndnet,"{""class"": ""Sr."", ""height"": ""6-6"", ""position"": ""SG/SF"", ""weight"": ""210""}",{}
Pb1c5565b99,2024,nbadraft_2024,nbadraft,https://web.archive.org/web/20240624025349id_/https://www.nbadraft.net/nba-mock-drafts/,https://www.nbadraft.net/nba-mock-drafts/,2024-06-24T02:53:49+00:00,2024-06-26,2024-06-22,b1680499fa0b043a9ad8594f52ead33ba4b25258c7f5d3d8c3e54ed30b19fc4b,874e10ca8fcedfdb48b55ffc0dbdbf5ff8963f5e8e00986cf7924f7fe0856246,7bc1163b045d1e9be028cf7b6017b871fcd5a452054f238bcdbb6eb4665e3dd6,c0180bc11899bff5d30bef26e984448379c403c719d6034d578c37675668d67f,https://www.nbadraft.net/players/ulrich-chomche/,52,,ndnet,"{""class"": ""Intl."", ""height"": ""6-7"", ""position"": ""C"", ""weight"": ""230""}",{}
P9fc884bebd,2024,nbadraft_2024,nbadraft,https://web.archive.org/web/20240624025349id_/https://www.nbadraft.net/nba-mock-drafts/,https://www.nbadraft.net/nba-mock-drafts/,2024-06-24T02:53:49+00:00,2024-06-26,2024-06-22,b1680499fa0b043a9ad8594f52ead33ba4b25258c7f5d3d8c3e54ed30b19fc4b,874e10ca8fcedfdb48b55ffc0dbdbf5ff8963f5e8e00986cf7924f7fe0856246,7bc1163b045d1e9be028cf7b6017b871fcd5a452054f238bcdbb6eb4665e3dd6,de8c5f1b9ba6450a03783bc59574c554ab2efcfebe26a00dfb48c86bff731a97,https://www.nbadraft.net/players/oso-ighodaro/,53,,ndnet,"{""class"": ""Sr."", ""height"": ""6-11"", ""position"": ""PF/C"", ""weight"": ""220""}",{}
P0f6f43de8d,2024,nbadraft_2024,nbadraft,https://web.archive.org/web/20240624025349id_/https://www.nbadraft.net/nba-mock-drafts/,https://www.nbadraft.net/nba-mock-drafts/,2024-06-24T02:53:49+00:00,2024-06-26,2024-06-22,b1680499fa0b043a9ad8594f52ead33ba4b25258c7f5d3d8c3e54ed30b19fc4b,874e10ca8fcedfdb48b55ffc0dbdbf5ff8963f5e8e00986cf7924f7fe0856246,7bc1163b045d1e9be028cf7b6017b871fcd5a452054f238bcdbb6eb4665e3dd6,7136667064ce2cf39538cf05f4bf3405f26e45ea5c57731758e2a6e896f7e3b6,https://www.nbadraft.net/players/jaylen-wells/,54,,ndnet,"{""class"": ""Jr."", ""height"": ""6-8"", ""position"": ""SF"", ""weight"": ""205""}",{}
P84e9dcbb3e,2024,nbadraft_2024,nbadraft,https://web.archive.org/web/20240624025349id_/https://www.nbadraft.net/nba-mock-drafts/,https://www.nbadraft.net/nba-mock-drafts/,2024-06-24T02:53:49+00:00,2024-06-26,2024-06-22,b1680499fa0b043a9ad8594f52ead33ba4b25258c7f5d3d8c3e54ed30b19fc4b,874e10ca8fcedfdb48b55ffc0dbdbf5ff8963f5e8e00986cf7924f7fe0856246,7bc1163b045d1e9be028cf7b6017b871fcd5a452054f238bcdbb6eb4665e3dd6,c2bf19c490eb6dd40e35a92178eb42dfe05f8a07dad5c9ec4edc21a0a794dc76,https://www.nbadraft.net/players/adem-bona/,55,,ndnet,"{""class"": ""So."", ""height"": ""6-9"", ""position"": ""C"", ""weight"": ""245""}",{}
Pf7cf72315c,2024,nbadraft_2024,nbadraft,https://web.archive.org/web/20240624025349id_/https://www.nbadraft.net/nba-mock-drafts/,https://www.nbadraft.net/nba-mock-drafts/,2024-06-24T02:53:49+00:00,2024-06-26,2024-06-22,b1680499fa0b043a9ad8594f52ead33ba4b25258c7f5d3d8c3e54ed30b19fc4b,874e10ca8fcedfdb48b55ffc0dbdbf5ff8963f5e8e00986cf7924f7fe0856246,7bc1163b045d1e9be028cf7b6017b871fcd5a452054f238bcdbb6eb4665e3dd6,eb1c62c2338881d0cbc7bea14a7c9238c8f804ce2acd953d3433e7af8361991c,https://www.nbadraft.net/players/bronny-james/,56,,ndnet,"{""class"": ""Fr."", ""height"": ""6-3"", ""position"": ""SG"", ""weight"": ""210""}",{}
Pd3ead775c1,2024,nbadraft_2024,nbadraft,https://web.archive.org/web/20240624025349id_/https://www.nbadraft.net/nba-mock-drafts/,https://www.nbadraft.net/nba-mock-drafts/,2024-06-24T02:53:49+00:00,2024-06-26,2024-06-22,b1680499fa0b043a9ad8594f52ead33ba4b25258c7f5d3d8c3e54ed30b19fc4b,874e10ca8fcedfdb48b55ffc0dbdbf5ff8963f5e8e00986cf7924f7fe0856246,7bc1163b045d1e9be028cf7b6017b871fcd5a452054f238bcdbb6eb4665e3dd6,61c51bf9781380f03209fdbc11fb5644f16f325d4a7a2d3e2744268a6608ca51,https://www.nbadraft.net/players/isaac-jones/,58,,ndnet,"{""class"": ""Sr."", ""height"": ""6-9"", ""position"": ""PF/C"", ""weight"": ""235""}",{}
P3d8ccdb639,2025,nbadraft_2025,nbadraft,https://web.archive.org/web/20250624175411id_/https://www.nbadraft.net/nba-mock-drafts/,https://www.nbadraft.net/nba-mock-drafts/,2025-06-24T17:54:11+00:00,2025-06-25,2025-06-24,27d4e3181f0ba8690b8ec6f53fe3bea146520e5bb6a779f11a6e0c74aec64a62,d814836bed1d1ba5a9db63b9cee601b925414d922f3fe8936802bccac1051c4b,a7d5e6135a580643e1ae067f6b94d4635777810c62d5e7541304660d3f9bc44d,2c3e3ebaf7c82e2a48158403ddc8b57b2800912394107b96411004d885885d73,https://www.nbadraft.net/players/cooper-flagg/,1,,ndnet,"{""class"": ""Fr."", ""height"": ""6-9"", ""position"": ""SF/PF"", ""weight"": ""220""}",{}
Pf3b62cae3c,2025,nbadraft_2025,nbadraft,https://web.archive.org/web/20250624175411id_/https://www.nbadraft.net/nba-mock-drafts/,https://www.nbadraft.net/nba-mock-drafts/,2025-06-24T17:54:11+00:00,2025-06-25,2025-06-24,27d4e3181f0ba8690b8ec6f53fe3bea146520e5bb6a779f11a6e0c74aec64a62,d814836bed1d1ba5a9db63b9cee601b925414d922f3fe8936802bccac1051c4b,a7d5e6135a580643e1ae067f6b94d4635777810c62d5e7541304660d3f9bc44d,cf057a51f00c7cecbbdf079ec75feadb5750f110837c0567e5620f24d3678585,https://www.nbadraft.net/players/dylan-harper/,2,,ndnet,"{""class"": ""Fr."", ""height"": ""6-6"", ""position"": ""PG/SG"", ""weight"": ""215""}",{}
P4e09db2338,2025,nbadraft_2025,nbadraft,https://web.archive.org/web/20250624175411id_/https://www.nbadraft.net/nba-mock-drafts/,https://www.nbadraft.net/nba-mock-drafts/,2025-06-24T17:54:11+00:00,2025-06-25,2025-06-24,27d4e3181f0ba8690b8ec6f53fe3bea146520e5bb6a779f11a6e0c74aec64a62,d814836bed1d1ba5a9db63b9cee601b925414d922f3fe8936802bccac1051c4b,a7d5e6135a580643e1ae067f6b94d4635777810c62d5e7541304660d3f9bc44d,73e42c952f25f6aaf8ee63753a676504ab2a0c63940de12b7e3442201b227d26,https://www.nbadraft.net/players/vj-edgecombe/,3,,ndnet,"{""class"": ""Fr."", ""height"": ""6-5"", ""position"": ""PG/SG"", ""weight"": ""195""}",{}
P07268bf0e1,2025,nbadraft_2025,nbadraft,https://web.archive.org/web/20250624175411id_/https://www.nbadraft.net/nba-mock-drafts/,https://www.nbadraft.net/nba-mock-drafts/,2025-06-24T17:54:11+00:00,2025-06-25,2025-06-24,27d4e3181f0ba8690b8ec6f53fe3bea146520e5bb6a779f11a6e0c74aec64a62,d814836bed1d1ba5a9db63b9cee601b925414d922f3fe8936802bccac1051c4b,a7d5e6135a580643e1ae067f6b94d4635777810c62d5e7541304660d3f9bc44d,49fe0df092add74dc9477109a80214dead0f7923003bd7512d6d8024365857b9,https://www.nbadraft.net/players/kon-knueppel/,4,,ndnet,"{""class"": ""Fr."", ""height"": ""6-7"", ""position"": ""SG/SF"", ""weight"": ""215""}",{}
P12ee990c18,2025,nbadraft_2025,nbadraft,https://web.archive.org/web/20250624175411id_/https://www.nbadraft.net/nba-mock-drafts/,https://www.nbadraft.net/nba-mock-drafts/,2025-06-24T17:54:11+00:00,2025-06-25,2025-06-24,27d4e3181f0ba8690b8ec6f53fe3bea146520e5bb6a779f11a6e0c74aec64a62,d814836bed1d1ba5a9db63b9cee601b925414d922f3fe8936802bccac1051c4b,a7d5e6135a580643e1ae067f6b94d4635777810c62d5e7541304660d3f9bc44d,d36b2480df34c7498e4f58ee52aa2d20eb0bc7e3ded8303c368c4a15df5f12d4,https://www.nbadraft.net/players/ace-bailey/,5,,ndnet,"{""class"": ""Fr."", ""height"": ""6-9"", ""position"": ""SG/SF"", ""weight"": ""205""}",{}
P3ee6bf444e,2025,nbadraft_2025,nbadraft,https://web.archive.org/web/20250624175411id_/https://www.nbadraft.net/nba-mock-drafts/,https://www.nbadraft.net/nba-mock-drafts/,2025-06-24T17:54:11+00:00,2025-06-25,2025-06-24,27d4e3181f0ba8690b8ec6f53fe3bea146520e5bb6a779f11a6e0c74aec64a62,d814836bed1d1ba5a9db63b9cee601b925414d922f3fe8936802bccac1051c4b,a7d5e6135a580643e1ae067f6b94d4635777810c62d5e7541304660d3f9bc44d,68a206efb49215b23dfe3e891ff6af1df79c3e3429ab86eabc11287be0bde15b,https://www.nbadraft.net/players/tre-johnson/,6,,ndnet,"{""class"": ""Fr."", ""height"": ""6-6"", ""position"": ""SG"", ""weight"": ""190""}",{}
P5f9ce00466,2025,nbadraft_2025,nbadraft,https://web.archive.org/web/20250624175411id_/https://www.nbadraft.net/nba-mock-drafts/,https://www.nbadraft.net/nba-mock-drafts/,2025-06-24T17:54:11+00:00,2025-06-25,2025-06-24,27d4e3181f0ba8690b8ec6f53fe3bea146520e5bb6a779f11a6e0c74aec64a62,d814836bed1d1ba5a9db63b9cee601b925414d922f3fe8936802bccac1051c4b,a7d5e6135a580643e1ae067f6b94d4635777810c62d5e7541304660d3f9bc44d,ee6d2ecda80d63c8fe1af4c2c6dcb8af23e705b227016cfcb588c46f02d5caf6,https://www.nbadraft.net/players/jeremiah-fears/,7,,ndnet,"{""class"": ""Fr."", ""height"": ""6-4"", ""position"": ""PG/SG"", ""weight"": ""180""}",{}
P1a135db58f,2025,nbadraft_2025,nbadraft,https://web.archive.org/web/20250624175411id_/https://www.nbadraft.net/nba-mock-drafts/,https://www.nbadraft.net/nba-mock-drafts/,2025-06-24T17:54:11+00:00,2025-06-25,2025-06-24,27d4e3181f0ba8690b8ec6f53fe3bea146520e5bb6a779f11a6e0c74aec64a62,d814836bed1d1ba5a9db63b9cee601b925414d922f3fe8936802bccac1051c4b,a7d5e6135a580643e1ae067f6b94d4635777810c62d5e7541304660d3f9bc44d,40a0a35ace3c3abf103ea1548339e5f5f28d4b49e321108874f0bdc48205712c,https://www.nbadraft.net/players/egor-demin/,8,,ndnet,"{""class"": ""Fr."", ""height"": ""6-9"", ""position"": ""SG/SF"", ""weight"": ""200""}",{}
Pb9eccb67f7,2025,nbadraft_2025,nbadraft,https://web.archive.org/web/20250624175411id_/https://www.nbadraft.net/nba-mock-drafts/,https://www.nbadraft.net/nba-mock-drafts/,2025-06-24T17:54:11+00:00,2025-06-25,2025-06-24,27d4e3181f0ba8690b8ec6f53fe3bea146520e5bb6a779f11a6e0c74aec64a62,d814836bed1d1ba5a9db63b9cee601b925414d922f3fe8936802bccac1051c4b,a7d5e6135a580643e1ae067f6b94d4635777810c62d5e7541304660d3f9bc44d,cd730614625e31c8819f1f3a66934e0bbb0a3812e7ea623143dbbfbf3428b9e5,https://www.nbadraft.net/players/khaman-maluach/,9,,ndnet,"{""class"": ""Fr."", ""height"": ""7-2"", ""position"": ""C"", ""weight"": ""255""}",{}
Pf4e651b50c,2025,nbadraft_2025,nbadraft,https://web.archive.org/web/20250624175411id_/https://www.nbadraft.net/nba-mock-drafts/,https://www.nbadraft.net/nba-mock-drafts/,2025-06-24T17:54:11+00:00,2025-06-25,2025-06-24,27d4e3181f0ba8690b8ec6f53fe3bea146520e5bb6a779f11a6e0c74aec64a62,d814836bed1d1ba5a9db63b9cee601b925414d922f3fe8936802bccac1051c4b,a7d5e6135a580643e1ae067f6b94d4635777810c62d5e7541304660d3f9bc44d,b688e31f5acf8034780a262db50e5cbf489730217ff926547942d180d8b0ed7a,https://www.nbadraft.net/players/carter-bryant/,11,,ndnet,"{""class"": ""Fr."", ""height"": ""6-8"", ""position"": ""SF"", ""weight"": ""215""}",{}
Pcb16689c6c,2025,nbadraft_2025,nbadraft,https://web.archive.org/web/20250624175411id_/https://www.nbadraft.net/nba-mock-drafts/,https://www.nbadraft.net/nba-mock-drafts/,2025-06-24T17:54:11+00:00,2025-06-25,2025-06-24,27d4e3181f0ba8690b8ec6f53fe3bea146520e5bb6a779f11a6e0c74aec64a62,d814836bed1d1ba5a9db63b9cee601b925414d922f3fe8936802bccac1051c4b,a7d5e6135a580643e1ae067f6b94d4635777810c62d5e7541304660d3f9bc44d,3cb46f6d3df4693604fb7ed0b6f3575c8531e05421586c654732a4f74faa73ea,https://www.nbadraft.net/players/asa-newell/,12,,ndnet,"{""class"": ""Fr."", ""height"": ""6-10"", ""position"": ""PF"", ""weight"": ""225""}",{}
P32fecc73d2,2025,nbadraft_2025,nbadraft,https://web.archive.org/web/20250624175411id_/https://www.nbadraft.net/nba-mock-drafts/,https://www.nbadraft.net/nba-mock-drafts/,2025-06-24T17:54:11+00:00,2025-06-25,2025-06-24,27d4e3181f0ba8690b8ec6f53fe3bea146520e5bb6a779f11a6e0c74aec64a62,d814836bed1d1ba5a9db63b9cee601b925414d922f3fe8936802bccac1051c4b,a7d5e6135a580643e1ae067f6b94d4635777810c62d5e7541304660d3f9bc44d,afa3f1589837ab85633095d027f37a42e40b780fca4a2cf3bb11a98f27c5b2ee,https://www.nbadraft.net/players/noa-essengue/,13,,ndnet,"{""class"": ""Intl."", ""height"": ""6-10"", ""position"": ""SF/PF"", ""weight"": ""200""}",{}
P7ba2fa977b,2025,nbadraft_2025,nbadraft,https://web.archive.org/web/20250624175411id_/https://www.nbadraft.net/nba-mock-drafts/,https://www.nbadraft.net/nba-mock-drafts/,2025-06-24T17:54:11+00:00,2025-06-25,2025-06-24,27d4e3181f0ba8690b8ec6f53fe3bea146520e5bb6a779f11a6e0c74aec64a62,d814836bed1d1ba5a9db63b9cee601b925414d922f3fe8936802bccac1051c4b,a7d5e6135a580643e1ae067f6b94d4635777810c62d5e7541304660d3f9bc44d,a65f3381b8a72c82131eedb9804a9bf31bec46cfe8bb3ea6ab9df980b4d9cf8f,https://www.nbadraft.net/players/cedric-coward/,14,,ndnet,"{""class"": ""Sr."", ""height"": ""6-6"", ""position"": ""SG/SF"", ""weight"": ""205""}",{}
Pdde13713ff,2025,nbadraft_2025,nbadraft,https://web.archive.org/web/20250624175411id_/https://www.nbadraft.net/nba-mock-drafts/,https://www.nbadraft.net/nba-mock-drafts/,2025-06-24T17:54:11+00:00,2025-06-25,2025-06-24,27d4e3181f0ba8690b8ec6f53fe3bea146520e5bb6a779f11a6e0c74aec64a62,d814836bed1d1ba5a9db63b9cee601b925414d922f3fe8936802bccac1051c4b,a7d5e6135a580643e1ae067f6b94d4635777810c62d5e7541304660d3f9bc44d,e0a247ffec3fa57029e0220f05d3e8ce6b44b0e7b87861d28891c43ee7001b9b,https://www.nbadraft.net/players/joan-beringer/,15,,ndnet,"{""class"": ""Intl."", ""height"": ""7-0"", ""position"": ""PF/C"", ""weight"": ""235""}",{}
P15b8c13058,2025,nbadraft_2025,nbadraft,https://web.archive.org/web/20250624175411id_/https://www.nbadraft.net/nba-mock-drafts/,https://www.nbadraft.net/nba-mock-drafts/,2025-06-24T17:54:11+00:00,2025-06-25,2025-06-24,27d4e3181f0ba8690b8ec6f53fe3bea146520e5bb6a779f11a6e0c74aec64a62,d814836bed1d1ba5a9db63b9cee601b925414d922f3fe8936802bccac1051c4b,a7d5e6135a580643e1ae067f6b94d4635777810c62d5e7541304660d3f9bc44d,95df165790581f686d88893db1aa6a68bb3d1c3d54df24aef737fd9a61a52363,https://www.nbadraft.net/players/derik-queen/,17,,ndnet,"{""class"": ""Fr."", ""height"": ""6-10"", ""position"": ""C"", ""weight"": ""250""}",{}
Pd8f68848a0,2025,nbadraft_2025,nbadraft,https://web.archive.org/web/20250624175411id_/https://www.nbadraft.net/nba-mock-drafts/,https://www.nbadraft.net/nba-mock-drafts/,2025-06-24T17:54:11+00:00,2025-06-25,2025-06-24,27d4e3181f0ba8690b8ec6f53fe3bea146520e5bb6a779f11a6e0c74aec64a62,d814836bed1d1ba5a9db63b9cee601b925414d922f3fe8936802bccac1051c4b,a7d5e6135a580643e1ae067f6b94d4635777810c62d5e7541304660d3f9bc44d,f4c0e106a896fdea968418c4a63abd26ced1a72cc6160623a0302e6ba6fd3c96,https://www.nbadraft.net/players/nolan-traore/,18,,ndnet,"{""class"": ""Intl."", ""height"": ""6-4"", ""position"": ""PG"", ""weight"": ""185""}",{}
P3f654a33fe,2025,nbadraft_2025,nbadraft,https://web.archive.org/web/20250624175411id_/https://www.nbadraft.net/nba-mock-drafts/,https://www.nbadraft.net/nba-mock-drafts/,2025-06-24T17:54:11+00:00,2025-06-25,2025-06-24,27d4e3181f0ba8690b8ec6f53fe3bea146520e5bb6a779f11a6e0c74aec64a62,d814836bed1d1ba5a9db63b9cee601b925414d922f3fe8936802bccac1051c4b,a7d5e6135a580643e1ae067f6b94d4635777810c62d5e7541304660d3f9bc44d,01f56601beaec6c5e6163ec12a454abd88098121d689fa5eec86a75b653bd899,https://www.nbadraft.net/players/thomas-sorber/,19,,ndnet,"{""class"": ""Fr."", ""height"": ""6-10"", ""position"": ""C"", ""weight"": ""265""}",{}
P318e86822c,2025,nbadraft_2025,nbadraft,https://web.archive.org/web/20250624175411id_/https://www.nbadraft.net/nba-mock-drafts/,https://www.nbadraft.net/nba-mock-drafts/,2025-06-24T17:54:11+00:00,2025-06-25,2025-06-24,27d4e3181f0ba8690b8ec6f53fe3bea146520e5bb6a779f11a6e0c74aec64a62,d814836bed1d1ba5a9db63b9cee601b925414d922f3fe8936802bccac1051c4b,a7d5e6135a580643e1ae067f6b94d4635777810c62d5e7541304660d3f9bc44d,93392b438f066fa651ccf0aeeb365181383c339f3d95934361f34d5a7a357606,https://www.nbadraft.net/players/nique-clifford/,20,,ndnet,"{""class"": ""Sr."", ""height"": ""6-6"", ""position"": ""SG"", ""weight"": ""200""}",{}
Padf63a93ad,2025,nbadraft_2025,nbadraft,https://web.archive.org/web/20250624175411id_/https://www.nbadraft.net/nba-mock-drafts/,https://www.nbadraft.net/nba-mock-drafts/,2025-06-24T17:54:11+00:00,2025-06-25,2025-06-24,27d4e3181f0ba8690b8ec6f53fe3bea146520e5bb6a779f11a6e0c74aec64a62,d814836bed1d1ba5a9db63b9cee601b925414d922f3fe8936802bccac1051c4b,a7d5e6135a580643e1ae067f6b94d4635777810c62d5e7541304660d3f9bc44d,4ed5bc6f13e6e084667382077b0ac483b766cbad602b5968dbe26fa5e42ed706,https://www.nbadraft.net/players/liam-mcneeley/,21,,ndnet,"{""class"": ""Fr."", ""height"": ""6-8"", ""position"": ""SF"", ""weight"": ""215""}",{}
P884e8ee6b6,2025,nbadraft_2025,nbadraft,https://web.archive.org/web/20250624175411id_/https://www.nbadraft.net/nba-mock-drafts/,https://www.nbadraft.net/nba-mock-drafts/,2025-06-24T17:54:11+00:00,2025-06-25,2025-06-24,27d4e3181f0ba8690b8ec6f53fe3bea146520e5bb6a779f11a6e0c74aec64a62,d814836bed1d1ba5a9db63b9cee601b925414d922f3fe8936802bccac1051c4b,a7d5e6135a580643e1ae067f6b94d4635777810c62d5e7541304660d3f9bc44d,507aa968400bfed9ddacad5632d1635151508e67b876a9f1732db225488b6938,https://www.nbadraft.net/players/will-riley/,22,,ndnet,"{""class"": ""Fr."", ""height"": ""6-9"", ""position"": ""SG/SF"", ""weight"": ""185""}",{}
P43b2e2aa2f,2025,nbadraft_2025,nbadraft,https://web.archive.org/web/20250624175411id_/https://www.nbadraft.net/nba-mock-drafts/,https://www.nbadraft.net/nba-mock-drafts/,2025-06-24T17:54:11+00:00,2025-06-25,2025-06-24,27d4e3181f0ba8690b8ec6f53fe3bea146520e5bb6a779f11a6e0c74aec64a62,d814836bed1d1ba5a9db63b9cee601b925414d922f3fe8936802bccac1051c4b,a7d5e6135a580643e1ae067f6b94d4635777810c62d5e7541304660d3f9bc44d,63e756bf76feda263dc405424bc27e8a3494bea044e0d983039aeb6102df1814,https://www.nbadraft.net/players/rasheer-fleming/,23,,ndnet,"{""class"": ""Jr."", ""height"": ""6-9"", ""position"": ""PF/C"", ""weight"": ""240""}",{}
P6ddd309f80,2025,nbadraft_2025,nbadraft,https://web.archive.org/web/20250624175411id_/https://www.nbadraft.net/nba-mock-drafts/,https://www.nbadraft.net/nba-mock-drafts/,2025-06-24T17:54:11+00:00,2025-06-25,2025-06-24,27d4e3181f0ba8690b8ec6f53fe3bea146520e5bb6a779f11a6e0c74aec64a62,d814836bed1d1ba5a9db63b9cee601b925414d922f3fe8936802bccac1051c4b,a7d5e6135a580643e1ae067f6b94d4635777810c62d5e7541304660d3f9bc44d,d66381a58f01a2931ba77468f7c794f09629c165d6467cc63f573ff20f4a03a4,https://www.nbadraft.net/players/hugo-gonzalez/,24,,ndnet,"{""class"": ""Intl."", ""height"": ""6-7"", ""position"": ""SG/SF"", ""weight"": ""225""}",{}
Pa29e5f68db,2025,nbadraft_2025,nbadraft,https://web.archive.org/web/20250624175411id_/https://www.nbadraft.net/nba-mock-drafts/,https://www.nbadraft.net/nba-mock-drafts/,2025-06-24T17:54:11+00:00,2025-06-25,2025-06-24,27d4e3181f0ba8690b8ec6f53fe3bea146520e5bb6a779f11a6e0c74aec64a62,d814836bed1d1ba5a9db63b9cee601b925414d922f3fe8936802bccac1051c4b,a7d5e6135a580643e1ae067f6b94d4635777810c62d5e7541304660d3f9bc44d,cdfd55032b525bc4eebd9d1ea1ccb2a90a123361e6b2ba912fcf6cb637903b27,https://www.nbadraft.net/players/ryan-kalkbrenner/,26,,ndnet,"{""class"": ""Sr."", ""height"": ""7-2"", ""position"": ""C"", ""weight"": ""260""}",{}
P9b4a07a3b9,2025,nbadraft_2025,nbadraft,https://web.archive.org/web/20250624175411id_/https://www.nbadraft.net/nba-mock-drafts/,https://www.nbadraft.net/nba-mock-drafts/,2025-06-24T17:54:11+00:00,2025-06-25,2025-06-24,27d4e3181f0ba8690b8ec6f53fe3bea146520e5bb6a779f11a6e0c74aec64a62,d814836bed1d1ba5a9db63b9cee601b925414d922f3fe8936802bccac1051c4b,a7d5e6135a580643e1ae067f6b94d4635777810c62d5e7541304660d3f9bc44d,944f5243f23d6096f013563cafae7441d5fbe4e49692e1a5ec944e2ab079b4d1,https://www.nbadraft.net/players/drake-powell/,27,,ndnet,"{""class"": ""Fr."", ""height"": ""6-6"", ""position"": ""SG/SF"", ""weight"": ""200""}",{}
P679974836f,2025,nbadraft_2025,nbadraft,https://web.archive.org/web/20250624175411id_/https://www.nbadraft.net/nba-mock-drafts/,https://www.nbadraft.net/nba-mock-drafts/,2025-06-24T17:54:11+00:00,2025-06-25,2025-06-24,27d4e3181f0ba8690b8ec6f53fe3bea146520e5bb6a779f11a6e0c74aec64a62,d814836bed1d1ba5a9db63b9cee601b925414d922f3fe8936802bccac1051c4b,a7d5e6135a580643e1ae067f6b94d4635777810c62d5e7541304660d3f9bc44d,b3d63caaf477c2b10b329e27ff4d307e99436a4b603429505366281531382c70,https://www.nbadraft.net/players/jase-richardson/,28,,ndnet,"{""class"": ""Fr."", ""height"": ""6-2"", ""position"": ""PG/SG"", ""weight"": ""180""}",{}
P24c85e006b,2025,nbadraft_2025,nbadraft,https://web.archive.org/web/20250624175411id_/https://www.nbadraft.net/nba-mock-drafts/,https://www.nbadraft.net/nba-mock-drafts/,2025-06-24T17:54:11+00:00,2025-06-25,2025-06-24,27d4e3181f0ba8690b8ec6f53fe3bea146520e5bb6a779f11a6e0c74aec64a62,d814836bed1d1ba5a9db63b9cee601b925414d922f3fe8936802bccac1051c4b,a7d5e6135a580643e1ae067f6b94d4635777810c62d5e7541304660d3f9bc44d,359394d7808a86afb927a8bd69d6b64da7440b51ecfcfabc43981b5ccf28d0fa,https://www.nbadraft.net/players/maxime-raynaud/,29,,ndnet,"{""class"": ""Sr."", ""height"": ""7-1"", ""position"": ""C"", ""weight"": ""240""}",{}
Pdec9ef7c46,2025,nbadraft_2025,nbadraft,https://web.archive.org/web/20250624175411id_/https://www.nbadraft.net/nba-mock-drafts/,https://www.nbadraft.net/nba-mock-drafts/,2025-06-24T17:54:11+00:00,2025-06-25,2025-06-24,27d4e3181f0ba8690b8ec6f53fe3bea146520e5bb6a779f11a6e0c74aec64a62,d814836bed1d1ba5a9db63b9cee601b925414d922f3fe8936802bccac1051c4b,a7d5e6135a580643e1ae067f6b94d4635777810c62d5e7541304660d3f9bc44d,237cab516c4f1a7e1da07ed359d6b5e3d12c1f7b106fc5603a771c84a40d6a30,https://www.nbadraft.net/players/noah-penda/,30,,ndnet,"{""class"": ""Intl."", ""height"": ""6-8"", ""position"": ""SG/SF"", ""weight"": ""240""}",{}
Pc0a66d6cca,2025,nbadraft_2025,nbadraft,https://web.archive.org/web/20250624175411id_/https://www.nbadraft.net/nba-mock-drafts/,https://www.nbadraft.net/nba-mock-drafts/,2025-06-24T17:54:11+00:00,2025-06-25,2025-06-24,27d4e3181f0ba8690b8ec6f53fe3bea146520e5bb6a779f11a6e0c74aec64a62,d814836bed1d1ba5a9db63b9cee601b925414d922f3fe8936802bccac1051c4b,a7d5e6135a580643e1ae067f6b94d4635777810c62d5e7541304660d3f9bc44d,ced480c5121038b0326bc4bf73b8f549aeb4845df2b38f05bbb49db9f1a028cd,https://www.nbadraft.net/players/chaz-lanier/,31,,ndnet,"{""class"": ""Sr."", ""height"": ""6-5"", ""position"": ""SG"", ""weight"": ""206""}",{}
P307cead4af,2025,nbadraft_2025,nbadraft,https://web.archive.org/web/20250624175411id_/https://www.nbadraft.net/nba-mock-drafts/,https://www.nbadraft.net/nba-mock-drafts/,2025-06-24T17:54:11+00:00,2025-06-25,2025-06-24,27d4e3181f0ba8690b8ec6f53fe3bea146520e5bb6a779f11a6e0c74aec64a62,d814836bed1d1ba5a9db63b9cee601b925414d922f3fe8936802bccac1051c4b,a7d5e6135a580643e1ae067f6b94d4635777810c62d5e7541304660d3f9bc44d,f806b49ead785cdf5713187d5ea906cd24e3274c293974e9cb2881fb661427b3,https://www.nbadraft.net/players/danny-wolf/,32,,ndnet,"{""class"": ""Jr."", ""height"": ""7-0"", ""position"": ""PF/C"", ""weight"": ""250""}",{}
P3651ab0a99,2025,nbadraft_2025,nbadraft,https://web.archive.org/web/20250624175411id_/https://www.nbadraft.net/nba-mock-drafts/,https://www.nbadraft.net/nba-mock-drafts/,2025-06-24T17:54:11+00:00,2025-06-25,2025-06-24,27d4e3181f0ba8690b8ec6f53fe3bea146520e5bb6a779f11a6e0c74aec64a62,d814836bed1d1ba5a9db63b9cee601b925414d922f3fe8936802bccac1051c4b,a7d5e6135a580643e1ae067f6b94d4635777810c62d5e7541304660d3f9bc44d,820ae282a293f23765d8eca529ca21dad84bf02e3b84d42990674f0810e0887d,https://www.nbadraft.net/players/bogoljub-markovic/,33,,ndnet,"{""class"": ""Intl."", ""height"": ""6-11"", ""position"": ""PF"", ""weight"": ""210""}",{}
Pec8256037d,2025,nbadraft_2025,nbadraft,https://web.archive.org/web/20250624175411id_/https://www.nbadraft.net/nba-mock-drafts/,https://www.nbadraft.net/nba-mock-drafts/,2025-06-24T17:54:11+00:00,2025-06-25,2025-06-24,27d4e3181f0ba8690b8ec6f53fe3bea146520e5bb6a779f11a6e0c74aec64a62,d814836bed1d1ba5a9db63b9cee601b925414d922f3fe8936802bccac1051c4b,a7d5e6135a580643e1ae067f6b94d4635777810c62d5e7541304660d3f9bc44d,404e1a26d12960d60c0bfac4d06ae3e300169505b3c58c2405bba19b673bf770,https://www.nbadraft.net/players/ben-saraf/,35,,ndnet,"{""class"": ""Intl."", ""height"": ""6-6"", ""position"": ""PG/SG"", ""weight"": ""200""}",{}
Pd4c3f94c64,2025,nbadraft_2025,nbadraft,https://web.archive.org/web/20250624175411id_/https://www.nbadraft.net/nba-mock-drafts/,https://www.nbadraft.net/nba-mock-drafts/,2025-06-24T17:54:11+00:00,2025-06-25,2025-06-24,27d4e3181f0ba8690b8ec6f53fe3bea146520e5bb6a779f11a6e0c74aec64a62,d814836bed1d1ba5a9db63b9cee601b925414d922f3fe8936802bccac1051c4b,a7d5e6135a580643e1ae067f6b94d4635777810c62d5e7541304660d3f9bc44d,e25b8de5b7a00a663830092476480fcc1dacafc6eb26a1c9de171bc24da9681c,https://www.nbadraft.net/players/micah-peavy/,37,,ndnet,"{""class"": ""Sr."", ""height"": ""6-7"", ""position"": ""SG/SF"", ""weight"": ""210""}",{}
P49b4c451ec,2025,nbadraft_2025,nbadraft,https://web.archive.org/web/20250624175411id_/https://www.nbadraft.net/nba-mock-drafts/,https://www.nbadraft.net/nba-mock-drafts/,2025-06-24T17:54:11+00:00,2025-06-25,2025-06-24,27d4e3181f0ba8690b8ec6f53fe3bea146520e5bb6a779f11a6e0c74aec64a62,d814836bed1d1ba5a9db63b9cee601b925414d922f3fe8936802bccac1051c4b,a7d5e6135a580643e1ae067f6b94d4635777810c62d5e7541304660d3f9bc44d,23894d820596948dc13edbfb10b3aa810f3e7fc55adfaf7ed6564075e7e1671b,https://www.nbadraft.net/players/tyrese-proctor/,39,,ndnet,"{""class"": ""Jr."", ""height"": ""6-5"", ""position"": ""PG"", ""weight"": ""185""}",{}
P259fbebd69,2025,nbadraft_2025,nbadraft,https://web.archive.org/web/20250624175411id_/https://www.nbadraft.net/nba-mock-drafts/,https://www.nbadraft.net/nba-mock-drafts/,2025-06-24T17:54:11+00:00,2025-06-25,2025-06-24,27d4e3181f0ba8690b8ec6f53fe3bea146520e5bb6a779f11a6e0c74aec64a62,d814836bed1d1ba5a9db63b9cee601b925414d922f3fe8936802bccac1051c4b,a7d5e6135a580643e1ae067f6b94d4635777810c62d5e7541304660d3f9bc44d,d5f1a414b9022596c33c5440a70e6b207ea2845add033fd3078137032a9aa77b,https://www.nbadraft.net/players/adou-thiero/,40,,ndnet,"{""class"": ""Jr."", ""height"": ""6-7"", ""position"": ""SF/PF"", ""weight"": ""220""}",{}
Pad9c27fcb6,2025,nbadraft_2025,nbadraft,https://web.archive.org/web/20250624175411id_/https://www.nbadraft.net/nba-mock-drafts/,https://www.nbadraft.net/nba-mock-drafts/,2025-06-24T17:54:11+00:00,2025-06-25,2025-06-24,27d4e3181f0ba8690b8ec6f53fe3bea146520e5bb6a779f11a6e0c74aec64a62,d814836bed1d1ba5a9db63b9cee601b925414d922f3fe8936802bccac1051c4b,a7d5e6135a580643e1ae067f6b94d4635777810c62d5e7541304660d3f9bc44d,782161deaa7549bb886086f738b26501affccfa64ae5a2d3273643965a530929,https://www.nbadraft.net/players/johni-broome/,41,,ndnet,"{""class"": ""Sr."", ""height"": ""6-10"", ""position"": ""PF/C"", ""weight"": ""250""}",{}
P155e770e32,2025,nbadraft_2025,nbadraft,https://web.archive.org/web/20250624175411id_/https://www.nbadraft.net/nba-mock-drafts/,https://www.nbadraft.net/nba-mock-drafts/,2025-06-24T17:54:11+00:00,2025-06-25,2025-06-24,27d4e3181f0ba8690b8ec6f53fe3bea146520e5bb6a779f11a6e0c74aec64a62,d814836bed1d1ba5a9db63b9cee601b925414d922f3fe8936802bccac1051c4b,a7d5e6135a580643e1ae067f6b94d4635777810c62d5e7541304660d3f9bc44d,53663797b40c89ca6009dbec1bfd80d2c0bb09fa56da10d8ac4b128d017ec939,https://www.nbadraft.net/players/sion-james/,43,,ndnet,"{""class"": ""Sr."", ""height"": ""6-6"", ""position"": ""SF"", ""weight"": ""220""}",{}
Pc2ef5dcf11,2025,nbadraft_2025,nbadraft,https://web.archive.org/web/20250624175411id_/https://www.nbadraft.net/nba-mock-drafts/,https://www.nbadraft.net/nba-mock-drafts/,2025-06-24T17:54:11+00:00,2025-06-25,2025-06-24,27d4e3181f0ba8690b8ec6f53fe3bea146520e5bb6a779f11a6e0c74aec64a62,d814836bed1d1ba5a9db63b9cee601b925414d922f3fe8936802bccac1051c4b,a7d5e6135a580643e1ae067f6b94d4635777810c62d5e7541304660d3f9bc44d,77bdf7a85da3166dd67ee7651b1fb6eaedfd040fe8e506eaaa73bf470f85209c,https://www.nbadraft.net/players/javon-small/,44,,ndnet,"{""class"": ""Sr."", ""height"": ""6-2"", ""position"": ""PG"", ""weight"": ""190""}",{}
P495dd3afc8,2025,nbadraft_2025,nbadraft,https://web.archive.org/web/20250624175411id_/https://www.nbadraft.net/nba-mock-drafts/,https://www.nbadraft.net/nba-mock-drafts/,2025-06-24T17:54:11+00:00,2025-06-25,2025-06-24,27d4e3181f0ba8690b8ec6f53fe3bea146520e5bb6a779f11a6e0c74aec64a62,d814836bed1d1ba5a9db63b9cee601b925414d922f3fe8936802bccac1051c4b,a7d5e6135a580643e1ae067f6b94d4635777810c62d5e7541304660d3f9bc44d,e9157a830c8d430dbcabddfbd58db1965c5de2e5395ea93d8a628cd2ffd5a6d2,https://www.nbadraft.net/players/kam-jones/,45,,ndnet,"{""class"": ""Sr."", ""height"": ""6-4"", ""position"": ""PG/SG"", ""weight"": ""200""}",{}
Pf25d15a954,2025,nbadraft_2025,nbadraft,https://web.archive.org/web/20250624175411id_/https://www.nbadraft.net/nba-mock-drafts/,https://www.nbadraft.net/nba-mock-drafts/,2025-06-24T17:54:11+00:00,2025-06-25,2025-06-24,27d4e3181f0ba8690b8ec6f53fe3bea146520e5bb6a779f11a6e0c74aec64a62,d814836bed1d1ba5a9db63b9cee601b925414d922f3fe8936802bccac1051c4b,a7d5e6135a580643e1ae067f6b94d4635777810c62d5e7541304660d3f9bc44d,4808f6775a06badcf54617bee9486fe60a51d148c1eb524ad99873713da526e4,https://www.nbadraft.net/players/koby-brea/,46,,ndnet,"{""class"": ""Sr."", ""height"": ""6-7"", ""position"": ""SG/SF"", ""weight"": ""200""}",{}
Pf38ea886b7,2025,nbadraft_2025,nbadraft,https://web.archive.org/web/20250624175411id_/https://www.nbadraft.net/nba-mock-drafts/,https://www.nbadraft.net/nba-mock-drafts/,2025-06-24T17:54:11+00:00,2025-06-25,2025-06-24,27d4e3181f0ba8690b8ec6f53fe3bea146520e5bb6a779f11a6e0c74aec64a62,d814836bed1d1ba5a9db63b9cee601b925414d922f3fe8936802bccac1051c4b,a7d5e6135a580643e1ae067f6b94d4635777810c62d5e7541304660d3f9bc44d,54b2c3e68a827ad758887451aa91e2702a34c95fff7f823e50ece4bf6cabf5c4,https://www.nbadraft.net/players/hunter-sallis/,48,,ndnet,"{""class"": ""Sr."", ""height"": ""6-5"", ""position"": ""SG"", ""weight"": ""180""}",{}
Pb74dcb5e35,2025,nbadraft_2025,nbadraft,https://web.archive.org/web/20250624175411id_/https://www.nbadraft.net/nba-mock-drafts/,https://www.nbadraft.net/nba-mock-drafts/,2025-06-24T17:54:11+00:00,2025-06-25,2025-06-24,27d4e3181f0ba8690b8ec6f53fe3bea146520e5bb6a779f11a6e0c74aec64a62,d814836bed1d1ba5a9db63b9cee601b925414d922f3fe8936802bccac1051c4b,a7d5e6135a580643e1ae067f6b94d4635777810c62d5e7541304660d3f9bc44d,4a9b9c6eb50b063a789338be34c92e9c40642f3bc7b2a8e82dfe0d470cd96cdf,https://www.nbadraft.net/players/lachlan-olbrich/,50,,ndnet,"{""class"": ""Intl."", ""height"": ""6-10"", ""position"": ""PF/C"", ""weight"": ""230""}",{}
P277e56e049,2025,nbadraft_2025,nbadraft,https://web.archive.org/web/20250624175411id_/https://www.nbadraft.net/nba-mock-drafts/,https://www.nbadraft.net/nba-mock-drafts/,2025-06-24T17:54:11+00:00,2025-06-25,2025-06-24,27d4e3181f0ba8690b8ec6f53fe3bea146520e5bb6a779f11a6e0c74aec64a62,d814836bed1d1ba5a9db63b9cee601b925414d922f3fe8936802bccac1051c4b,a7d5e6135a580643e1ae067f6b94d4635777810c62d5e7541304660d3f9bc44d,beb506fdb3047e2453b0d9a59ec084b40d891a2f50679ee15c0278448660170d,https://www.nbadraft.net/players/mohamed-diawara/,51,,ndnet,"{""class"": ""Intl."", ""height"": ""6-9"", ""position"": ""SF/PF"", ""weight"": ""225""}",{}
Pfc563b417e,2025,nbadraft_2025,nbadraft,https://web.archive.org/web/20250624175411id_/https://www.nbadraft.net/nba-mock-drafts/,https://www.nbadraft.net/nba-mock-drafts/,2025-06-24T17:54:11+00:00,2025-06-25,2025-06-24,27d4e3181f0ba8690b8ec6f53fe3bea146520e5bb6a779f11a6e0c74aec64a62,d814836bed1d1ba5a9db63b9cee601b925414d922f3fe8936802bccac1051c4b,a7d5e6135a580643e1ae067f6b94d4635777810c62d5e7541304660d3f9bc44d,a429f9ed91ddb0cc2f7dd91909f35e29a84b0dfaeb59199bd3a42ba06c31a058,https://www.nbadraft.net/players/kobe-sanders/,52,,ndnet,"{""class"": ""Sr."", ""height"": ""6-9"", ""position"": ""SF"", ""weight"": ""205""}",{}
Pb7270acc46,2025,nbadraft_2025,nbadraft,https://web.archive.org/web/20250624175411id_/https://www.nbadraft.net/nba-mock-drafts/,https://www.nbadraft.net/nba-mock-drafts/,2025-06-24T17:54:11+00:00,2025-06-25,2025-06-24,27d4e3181f0ba8690b8ec6f53fe3bea146520e5bb6a779f11a6e0c74aec64a62,d814836bed1d1ba5a9db63b9cee601b925414d922f3fe8936802bccac1051c4b,a7d5e6135a580643e1ae067f6b94d4635777810c62d5e7541304660d3f9bc44d,c161337ed8ed5bef422c3ee038e5615010fcc2d853855694557af0777e3e2cc2,https://www.nbadraft.net/players/rocco-zikarsky/,53,,ndnet,"{""class"": ""Intl."", ""height"": ""7-4"", ""position"": ""C"", ""weight"": ""260""}",{}
P75527a2d8c,2025,nbadraft_2025,nbadraft,https://web.archive.org/web/20250624175411id_/https://www.nbadraft.net/nba-mock-drafts/,https://www.nbadraft.net/nba-mock-drafts/,2025-06-24T17:54:11+00:00,2025-06-25,2025-06-24,27d4e3181f0ba8690b8ec6f53fe3bea146520e5bb6a779f11a6e0c74aec64a62,d814836bed1d1ba5a9db63b9cee601b925414d922f3fe8936802bccac1051c4b,a7d5e6135a580643e1ae067f6b94d4635777810c62d5e7541304660d3f9bc44d,2ac7718a8d358aae8219879fff70e398764c500e49d18def0bda7be24a147dc7,https://www.nbadraft.net/players/jamir-watkins/,57,,ndnet,"{""class"": ""Sr."", ""height"": ""6-6"", ""position"": ""SF"", ""weight"": ""215""}",{}
P445f167264,2025,nbadraft_2025,nbadraft,https://web.archive.org/web/20250624175411id_/https://www.nbadraft.net/nba-mock-drafts/,https://www.nbadraft.net/nba-mock-drafts/,2025-06-24T17:54:11+00:00,2025-06-25,2025-06-24,27d4e3181f0ba8690b8ec6f53fe3bea146520e5bb6a779f11a6e0c74aec64a62,d814836bed1d1ba5a9db63b9cee601b925414d922f3fe8936802bccac1051c4b,a7d5e6135a580643e1ae067f6b94d4635777810c62d5e7541304660d3f9bc44d,d028853fb91bd7343b3da6ee697452d36f8d6cf26e81691de901a7a9d50c4b8d,https://www.nbadraft.net/players/amari-williams/,58,,ndnet,"{""class"": ""Sr."", ""height"": ""7-0"", ""position"": ""C"", ""weight"": ""260""}",{}
P694212af03,2025,nbadraft_2025,nbadraft,https://web.archive.org/web/20250624175411id_/https://www.nbadraft.net/nba-mock-drafts/,https://www.nbadraft.net/nba-mock-drafts/,2025-06-24T17:54:11+00:00,2025-06-25,2025-06-24,27d4e3181f0ba8690b8ec6f53fe3bea146520e5bb6a779f11a6e0c74aec64a62,d814836bed1d1ba5a9db63b9cee601b925414d922f3fe8936802bccac1051c4b,a7d5e6135a580643e1ae067f6b94d4635777810c62d5e7541304660d3f9bc44d,3e677387590c1d2f9d00965149917fcbd05f14cf7fc41b3d6465a74f7567ca78,https://www.nbadraft.net/players/ryan-nembhard/,59,,ndnet,"{""class"": ""Sr."", ""height"": ""6-0"", ""position"": ""PG"", ""weight"": ""175""}",{}
P8db9055dd7,2026,nbadraft_2026_fallback,nbadraft,https://web.archive.org/web/20260508055636id_/https://www.nbadraft.net/nba-mock-drafts/,https://www.nbadraft.net/nba-mock-drafts/,2026-05-08T05:56:36+00:00,2026-06-23,2026-05-07,b1c1ab61ed609f14419aa1d89d64ed77f5f1b980a0ad967d064abc18e41b3ca9,50f5ee79133cdf9f01b682e1c73d25ec4c37d5c4b67661b9531cc39408c3b55c,f4ca0622496b6f8773025fca8903b8560a64d7d66939aee36e34da8f01246755,43fc7edd5bf75e1043affba08dd2f21f2bf8ceea49b9c5a85f6d18f2d5846593,https://www.nbadraft.net/players/aj-dybantsa/,1,,ndnet,"{""class"": ""Fr."", ""height"": ""6-9"", ""position"": ""SF"", ""weight"": ""210""}",{}
P865ed42223,2026,nbadraft_2026_fallback,nbadraft,https://web.archive.org/web/20260508055636id_/https://www.nbadraft.net/nba-mock-drafts/,https://www.nbadraft.net/nba-mock-drafts/,2026-05-08T05:56:36+00:00,2026-06-23,2026-05-07,b1c1ab61ed609f14419aa1d89d64ed77f5f1b980a0ad967d064abc18e41b3ca9,50f5ee79133cdf9f01b682e1c73d25ec4c37d5c4b67661b9531cc39408c3b55c,f4ca0622496b6f8773025fca8903b8560a64d7d66939aee36e34da8f01246755,21aa13ef4049c6919d00ee0b282bcafe809fd65d7914acc9beb9c475408e8300,https://www.nbadraft.net/players/darryn-peterson/,2,,ndnet,"{""class"": ""Fr."", ""height"": ""6-5"", ""position"": ""SG"", ""weight"": ""195""}",{}
Paae5adeebf,2026,nbadraft_2026_fallback,nbadraft,https://web.archive.org/web/20260508055636id_/https://www.nbadraft.net/nba-mock-drafts/,https://www.nbadraft.net/nba-mock-drafts/,2026-05-08T05:56:36+00:00,2026-06-23,2026-05-07,b1c1ab61ed609f14419aa1d89d64ed77f5f1b980a0ad967d064abc18e41b3ca9,50f5ee79133cdf9f01b682e1c73d25ec4c37d5c4b67661b9531cc39408c3b55c,f4ca0622496b6f8773025fca8903b8560a64d7d66939aee36e34da8f01246755,2387c6d8038e49ca0636aa04df8bc6d9a0545fdf137f19522850848f027569b3,https://www.nbadraft.net/players/cameron-boozer/,3,,ndnet,"{""class"": ""Fr."", ""height"": ""6-10"", ""position"": ""PF"", ""weight"": ""250""}",{}
Pbbefe0eca9,2026,nbadraft_2026_fallback,nbadraft,https://web.archive.org/web/20260508055636id_/https://www.nbadraft.net/nba-mock-drafts/,https://www.nbadraft.net/nba-mock-drafts/,2026-05-08T05:56:36+00:00,2026-06-23,2026-05-07,b1c1ab61ed609f14419aa1d89d64ed77f5f1b980a0ad967d064abc18e41b3ca9,50f5ee79133cdf9f01b682e1c73d25ec4c37d5c4b67661b9531cc39408c3b55c,f4ca0622496b6f8773025fca8903b8560a64d7d66939aee36e34da8f01246755,1bcbd2fd580886326ed28b11c17dc4957767bc49a8f896ab3ea72a37a0550ec2,https://www.nbadraft.net/players/caleb-wilson/,4,,ndnet,"{""class"": ""Fr."", ""height"": ""6-10"", ""position"": ""PF/C"", ""weight"": ""215""}",{}
P86042c98c9,2026,nbadraft_2026_fallback,nbadraft,https://web.archive.org/web/20260508055636id_/https://www.nbadraft.net/nba-mock-drafts/,https://www.nbadraft.net/nba-mock-drafts/,2026-05-08T05:56:36+00:00,2026-06-23,2026-05-07,b1c1ab61ed609f14419aa1d89d64ed77f5f1b980a0ad967d064abc18e41b3ca9,50f5ee79133cdf9f01b682e1c73d25ec4c37d5c4b67661b9531cc39408c3b55c,f4ca0622496b6f8773025fca8903b8560a64d7d66939aee36e34da8f01246755,9d0ad92a57c9faea5c2f9edbc256555712fd6328bb1fd104528d747563dd1284,https://www.nbadraft.net/players/keaton-wagler/,6,,ndnet,"{""class"": ""Fr."", ""height"": ""6-6"", ""position"": ""PG/SG"", ""weight"": ""185""}",{}
P0d5beb0152,2026,nbadraft_2026_fallback,nbadraft,https://web.archive.org/web/20260508055636id_/https://www.nbadraft.net/nba-mock-drafts/,https://www.nbadraft.net/nba-mock-drafts/,2026-05-08T05:56:36+00:00,2026-06-23,2026-05-07,b1c1ab61ed609f14419aa1d89d64ed77f5f1b980a0ad967d064abc18e41b3ca9,50f5ee79133cdf9f01b682e1c73d25ec4c37d5c4b67661b9531cc39408c3b55c,f4ca0622496b6f8773025fca8903b8560a64d7d66939aee36e34da8f01246755,ec3b9a3e8710986529048345cce8b38eec8a0f71892b1c0163c7ec65eb066612,https://www.nbadraft.net/players/kingston-flemings/,7,,ndnet,"{""class"": ""Fr."", ""height"": ""6-4"", ""position"": ""PG"", ""weight"": ""185""}",{}
P9ac54b5d6d,2026,nbadraft_2026_fallback,nbadraft,https://web.archive.org/web/20260508055636id_/https://www.nbadraft.net/nba-mock-drafts/,https://www.nbadraft.net/nba-mock-drafts/,2026-05-08T05:56:36+00:00,2026-06-23,2026-05-07,b1c1ab61ed609f14419aa1d89d64ed77f5f1b980a0ad967d064abc18e41b3ca9,50f5ee79133cdf9f01b682e1c73d25ec4c37d5c4b67661b9531cc39408c3b55c,f4ca0622496b6f8773025fca8903b8560a64d7d66939aee36e34da8f01246755,fd929bb8265ea786009c38c6fe0c60101d52ec2c0ef924a7ff627a50c08b587c,https://www.nbadraft.net/players/nate-ament/,9,,ndnet,"{""class"": ""Fr."", ""height"": ""6-9"", ""position"": ""SF/PF"", ""weight"": ""205""}",{}
P7235c3ea4e,2026,nbadraft_2026_fallback,nbadraft,https://web.archive.org/web/20260508055636id_/https://www.nbadraft.net/nba-mock-drafts/,https://www.nbadraft.net/nba-mock-drafts/,2026-05-08T05:56:36+00:00,2026-06-23,2026-05-07,b1c1ab61ed609f14419aa1d89d64ed77f5f1b980a0ad967d064abc18e41b3ca9,50f5ee79133cdf9f01b682e1c73d25ec4c37d5c4b67661b9531cc39408c3b55c,f4ca0622496b6f8773025fca8903b8560a64d7d66939aee36e34da8f01246755,71ad912986f1741f8bdcfa3479939e23f977e8973b50c53d2954a0dd488b28b4,https://www.nbadraft.net/players/hannes-steinbach/,10,,ndnet,"{""class"": ""Fr."", ""height"": ""6-10"", ""position"": ""PF/C"", ""weight"": ""225""}",{}
P3dfb31f267,2026,nbadraft_2026_fallback,nbadraft,https://web.archive.org/web/20260508055636id_/https://www.nbadraft.net/nba-mock-drafts/,https://www.nbadraft.net/nba-mock-drafts/,2026-05-08T05:56:36+00:00,2026-06-23,2026-05-07,b1c1ab61ed609f14419aa1d89d64ed77f5f1b980a0ad967d064abc18e41b3ca9,50f5ee79133cdf9f01b682e1c73d25ec4c37d5c4b67661b9531cc39408c3b55c,f4ca0622496b6f8773025fca8903b8560a64d7d66939aee36e34da8f01246755,f21c37063bf13200b1630b6e8032cf36e22a9d8315dd700619637d0f3f8d6f7a,https://www.nbadraft.net/players/brayden-burries/,11,,ndnet,"{""class"": ""Fr."", ""height"": ""6-4"", ""position"": ""PG/SG"", ""weight"": ""205""}",{}
P81fe4dcd33,2026,nbadraft_2026_fallback,nbadraft,https://web.archive.org/web/20260508055636id_/https://www.nbadraft.net/nba-mock-drafts/,https://www.nbadraft.net/nba-mock-drafts/,2026-05-08T05:56:36+00:00,2026-06-23,2026-05-07,b1c1ab61ed609f14419aa1d89d64ed77f5f1b980a0ad967d064abc18e41b3ca9,50f5ee79133cdf9f01b682e1c73d25ec4c37d5c4b67661b9531cc39408c3b55c,f4ca0622496b6f8773025fca8903b8560a64d7d66939aee36e34da8f01246755,8c68f3d3bed8da890176a475740fe9be0bb55c80651ed3b35b3133d4af183f55,https://www.nbadraft.net/players/labaron-philon/,12,,ndnet,"{""class"": ""So."", ""height"": ""6-4"", ""position"": ""PG"", ""weight"": ""185""}",{}
Pad2abbabb5,2026,nbadraft_2026_fallback,nbadraft,https://web.archive.org/web/20260508055636id_/https://www.nbadraft.net/nba-mock-drafts/,https://www.nbadraft.net/nba-mock-drafts/,2026-05-08T05:56:36+00:00,2026-06-23,2026-05-07,b1c1ab61ed609f14419aa1d89d64ed77f5f1b980a0ad967d064abc18e41b3ca9,50f5ee79133cdf9f01b682e1c73d25ec4c37d5c4b67661b9531cc39408c3b55c,f4ca0622496b6f8773025fca8903b8560a64d7d66939aee36e34da8f01246755,2b126c2c39139063957958752675466d8a76c273a6c029b229964257e8d231ec,https://www.nbadraft.net/players/yaxel-lendeborg/,13,,ndnet,"{""class"": ""Sr."", ""height"": ""6-10"", ""position"": ""PF"", ""weight"": ""240""}",{}
Pd10e0b97d9,2026,nbadraft_2026_fallback,nbadraft,https://web.archive.org/web/20260508055636id_/https://www.nbadraft.net/nba-mock-drafts/,https://www.nbadraft.net/nba-mock-drafts/,2026-05-08T05:56:36+00:00,2026-06-23,2026-05-07,b1c1ab61ed609f14419aa1d89d64ed77f5f1b980a0ad967d064abc18e41b3ca9,50f5ee79133cdf9f01b682e1c73d25ec4c37d5c4b67661b9531cc39408c3b55c,f4ca0622496b6f8773025fca8903b8560a64d7d66939aee36e34da8f01246755,84026135b73665bf318f26d3647d0bd9dd3bac962338bb727dd0b14047d70586,https://www.nbadraft.net/players/cameron-carr/,14,,ndnet,"{""class"": ""Jr."", ""height"": ""6-5"", ""position"": ""SG"", ""weight"": ""190""}",{}
P0fc299eb1c,2026,nbadraft_2026_fallback,nbadraft,https://web.archive.org/web/20260508055636id_/https://www.nbadraft.net/nba-mock-drafts/,https://www.nbadraft.net/nba-mock-drafts/,2026-05-08T05:56:36+00:00,2026-06-23,2026-05-07,b1c1ab61ed609f14419aa1d89d64ed77f5f1b980a0ad967d064abc18e41b3ca9,50f5ee79133cdf9f01b682e1c73d25ec4c37d5c4b67661b9531cc39408c3b55c,f4ca0622496b6f8773025fca8903b8560a64d7d66939aee36e34da8f01246755,d31ea658f687a74b2349e704f04b12c1ddc849d995b8f65f190b752a69561b66,https://www.nbadraft.net/players/karim-lopez/,16,,ndnet,"{""class"": ""Intl."", ""height"": ""6-8"", ""position"": ""SF/PF"", ""weight"": ""210""}",{}
P2086e31fc5,2026,nbadraft_2026_fallback,nbadraft,https://web.archive.org/web/20260508055636id_/https://www.nbadraft.net/nba-mock-drafts/,https://www.nbadraft.net/nba-mock-drafts/,2026-05-08T05:56:36+00:00,2026-06-23,2026-05-07,b1c1ab61ed609f14419aa1d89d64ed77f5f1b980a0ad967d064abc18e41b3ca9,50f5ee79133cdf9f01b682e1c73d25ec4c37d5c4b67661b9531cc39408c3b55c,f4ca0622496b6f8773025fca8903b8560a64d7d66939aee36e34da8f01246755,9af364d1f3199e81ecc6facf472d19981b20d3e2d9048ff6830967396c419e89,https://www.nbadraft.net/players/isaiah-evans/,17,,ndnet,"{""class"": ""So."", ""height"": ""6-6"", ""position"": ""SG/SF"", ""weight"": ""180""}",{}
Pd88150bb39,2026,nbadraft_2026_fallback,nbadraft,https://web.archive.org/web/20260508055636id_/https://www.nbadraft.net/nba-mock-drafts/,https://www.nbadraft.net/nba-mock-drafts/,2026-05-08T05:56:36+00:00,2026-06-23,2026-05-07,b1c1ab61ed609f14419aa1d89d64ed77f5f1b980a0ad967d064abc18e41b3ca9,50f5ee79133cdf9f01b682e1c73d25ec4c37d5c4b67661b9531cc39408c3b55c,f4ca0622496b6f8773025fca8903b8560a64d7d66939aee36e34da8f01246755,0079086a9f062998b27a6ad6a3577121f55eb223ddea4e3ee4a637f4ee8b5484,https://www.nbadraft.net/players/meleek-thomas/,18,,ndnet,"{""class"": ""Fr."", ""height"": ""6-5"", ""position"": ""PG/SG"", ""weight"": ""185""}",{}
P011de6a94b,2026,nbadraft_2026_fallback,nbadraft,https://web.archive.org/web/20260508055636id_/https://www.nbadraft.net/nba-mock-drafts/,https://www.nbadraft.net/nba-mock-drafts/,2026-05-08T05:56:36+00:00,2026-06-23,2026-05-07,b1c1ab61ed609f14419aa1d89d64ed77f5f1b980a0ad967d064abc18e41b3ca9,50f5ee79133cdf9f01b682e1c73d25ec4c37d5c4b67661b9531cc39408c3b55c,f4ca0622496b6f8773025fca8903b8560a64d7d66939aee36e34da8f01246755,c6674e6c8e58cced1af28b59db4b28b711b8a6ed0db406ade03b7fe3e6c3cb64,https://www.nbadraft.net/players/allen-graves/,19,,ndnet,"{""class"": ""Fr."", ""height"": ""6-9"", ""position"": ""PF"", ""weight"": ""225""}",{}
P03f35a2855,2026,nbadraft_2026_fallback,nbadraft,https://web.archive.org/web/20260508055636id_/https://www.nbadraft.net/nba-mock-drafts/,https://www.nbadraft.net/nba-mock-drafts/,2026-05-08T05:56:36+00:00,2026-06-23,2026-05-07,b1c1ab61ed609f14419aa1d89d64ed77f5f1b980a0ad967d064abc18e41b3ca9,50f5ee79133cdf9f01b682e1c73d25ec4c37d5c4b67661b9531cc39408c3b55c,f4ca0622496b6f8773025fca8903b8560a64d7d66939aee36e34da8f01246755,34e7c3aa3bf5d8d1761e68ef0a63a3ebb8aabc25e9b32743f07762151271be49,https://www.nbadraft.net/players/bennett-stirtz/,20,,ndnet,"{""class"": ""Sr."", ""height"": ""6-4"", ""position"": ""PG"", ""weight"": ""190""}",{}
P9a9f9fa8f1,2026,nbadraft_2026_fallback,nbadraft,https://web.archive.org/web/20260508055636id_/https://www.nbadraft.net/nba-mock-drafts/,https://www.nbadraft.net/nba-mock-drafts/,2026-05-08T05:56:36+00:00,2026-06-23,2026-05-07,b1c1ab61ed609f14419aa1d89d64ed77f5f1b980a0ad967d064abc18e41b3ca9,50f5ee79133cdf9f01b682e1c73d25ec4c37d5c4b67661b9531cc39408c3b55c,f4ca0622496b6f8773025fca8903b8560a64d7d66939aee36e34da8f01246755,50ef77620023d3d20b95994a65f792d89fbfc5ac4bf9f0a29fe679f6b858b5e5,https://www.nbadraft.net/players/morez-johnson/,21,,ndnet,"{""class"": ""So."", ""height"": ""6-9"", ""position"": ""PF/C"", ""weight"": ""250""}",{}
P279cdc2712,2026,nbadraft_2026_fallback,nbadraft,https://web.archive.org/web/20260508055636id_/https://www.nbadraft.net/nba-mock-drafts/,https://www.nbadraft.net/nba-mock-drafts/,2026-05-08T05:56:36+00:00,2026-06-23,2026-05-07,b1c1ab61ed609f14419aa1d89d64ed77f5f1b980a0ad967d064abc18e41b3ca9,50f5ee79133cdf9f01b682e1c73d25ec4c37d5c4b67661b9531cc39408c3b55c,f4ca0622496b6f8773025fca8903b8560a64d7d66939aee36e34da8f01246755,9fca75bef90e25682389f97bc0536eca75e4be387abeb11f055a61e66158731b,https://www.nbadraft.net/players/joshua-jefferson/,22,,ndnet,"{""class"": ""Sr."", ""height"": ""6-9"", ""position"": ""SF"", ""weight"": ""240""}",{}
Pfd12de1732,2026,nbadraft_2026_fallback,nbadraft,https://web.archive.org/web/20260508055636id_/https://www.nbadraft.net/nba-mock-drafts/,https://www.nbadraft.net/nba-mock-drafts/,2026-05-08T05:56:36+00:00,2026-06-23,2026-05-07,b1c1ab61ed609f14419aa1d89d64ed77f5f1b980a0ad967d064abc18e41b3ca9,50f5ee79133cdf9f01b682e1c73d25ec4c37d5c4b67661b9531cc39408c3b55c,f4ca0622496b6f8773025fca8903b8560a64d7d66939aee36e34da8f01246755,88d388a0c359b735da1b19b34d16c1b6a0e86fd807df4728f5620258af2594b9,https://www.nbadraft.net/players/christian-anderson/,23,,ndnet,"{""class"": ""So."", ""height"": ""6-0"", ""position"": ""PG"", ""weight"": ""165""}",{}
P7c5fe0ebd3,2026,nbadraft_2026_fallback,nbadraft,https://web.archive.org/web/20260508055636id_/https://www.nbadraft.net/nba-mock-drafts/,https://www.nbadraft.net/nba-mock-drafts/,2026-05-08T05:56:36+00:00,2026-06-23,2026-05-07,b1c1ab61ed609f14419aa1d89d64ed77f5f1b980a0ad967d064abc18e41b3ca9,50f5ee79133cdf9f01b682e1c73d25ec4c37d5c4b67661b9531cc39408c3b55c,f4ca0622496b6f8773025fca8903b8560a64d7d66939aee36e34da8f01246755,4fcbd8c2aff2f0ccbdf8b1588d0716dfe63df38302caaf8518b9dd302d2c2b9e,https://www.nbadraft.net/players/jayden-quaintance/,24,,ndnet,"{""class"": ""So."", ""height"": ""6-10"", ""position"": ""PF/C"", ""weight"": ""255""}",{}
Pd8381f9e2c,2026,nbadraft_2026_fallback,nbadraft,https://web.archive.org/web/20260508055636id_/https://www.nbadraft.net/nba-mock-drafts/,https://www.nbadraft.net/nba-mock-drafts/,2026-05-08T05:56:36+00:00,2026-06-23,2026-05-07,b1c1ab61ed609f14419aa1d89d64ed77f5f1b980a0ad967d064abc18e41b3ca9,50f5ee79133cdf9f01b682e1c73d25ec4c37d5c4b67661b9531cc39408c3b55c,f4ca0622496b6f8773025fca8903b8560a64d7d66939aee36e34da8f01246755,6300ef6bfc9e4dc0c65afaf531dd1e1747ef30576ae24f7a55ece750b2f42a7a,https://www.nbadraft.net/players/aday-mara/,25,,ndnet,"{""class"": ""Jr."", ""height"": ""7-3"", ""position"": ""C"", ""weight"": ""255""}",{}
P5fe334203a,2026,nbadraft_2026_fallback,nbadraft,https://web.archive.org/web/20260508055636id_/https://www.nbadraft.net/nba-mock-drafts/,https://www.nbadraft.net/nba-mock-drafts/,2026-05-08T05:56:36+00:00,2026-06-23,2026-05-07,b1c1ab61ed609f14419aa1d89d64ed77f5f1b980a0ad967d064abc18e41b3ca9,50f5ee79133cdf9f01b682e1c73d25ec4c37d5c4b67661b9531cc39408c3b55c,f4ca0622496b6f8773025fca8903b8560a64d7d66939aee36e34da8f01246755,89af63d73f6c67d9cba07f681619985023cd6239b4cd8217f4dd3753eb91c80e,https://www.nbadraft.net/players/dailyn-swain/,26,,ndnet,"{""class"": ""Jr."", ""height"": ""6-7"", ""position"": ""SF"", ""weight"": ""220""}",{}
Pf02a0c42ed,2026,nbadraft_2026_fallback,nbadraft,https://web.archive.org/web/20260508055636id_/https://www.nbadraft.net/nba-mock-drafts/,https://www.nbadraft.net/nba-mock-drafts/,2026-05-08T05:56:36+00:00,2026-06-23,2026-05-07,b1c1ab61ed609f14419aa1d89d64ed77f5f1b980a0ad967d064abc18e41b3ca9,50f5ee79133cdf9f01b682e1c73d25ec4c37d5c4b67661b9531cc39408c3b55c,f4ca0622496b6f8773025fca8903b8560a64d7d66939aee36e34da8f01246755,84f65e94ea91d66fbd3059c1fa9af78ff582c5337159d2a35abd5673e9c5303f,https://www.nbadraft.net/players/koa-peat/,27,,ndnet,"{""class"": ""Fr."", ""height"": ""6-8"", ""position"": ""PF"", ""weight"": ""235""}",{}
P999bb1cbab,2026,nbadraft_2026_fallback,nbadraft,https://web.archive.org/web/20260508055636id_/https://www.nbadraft.net/nba-mock-drafts/,https://www.nbadraft.net/nba-mock-drafts/,2026-05-08T05:56:36+00:00,2026-06-23,2026-05-07,b1c1ab61ed609f14419aa1d89d64ed77f5f1b980a0ad967d064abc18e41b3ca9,50f5ee79133cdf9f01b682e1c73d25ec4c37d5c4b67661b9531cc39408c3b55c,f4ca0622496b6f8773025fca8903b8560a64d7d66939aee36e34da8f01246755,b6d3e61533964e657c9512f0775c33502118170ca0079ec613391a85693aaed9,https://www.nbadraft.net/players/ebuka-okorie/,29,,ndnet,"{""class"": ""Fr."", ""height"": ""6-2"", ""position"": ""PG"", ""weight"": ""185""}",{}
Pa5e266180e,2026,nbadraft_2026_fallback,nbadraft,https://web.archive.org/web/20260508055636id_/https://www.nbadraft.net/nba-mock-drafts/,https://www.nbadraft.net/nba-mock-drafts/,2026-05-08T05:56:36+00:00,2026-06-23,2026-05-07,b1c1ab61ed609f14419aa1d89d64ed77f5f1b980a0ad967d064abc18e41b3ca9,50f5ee79133cdf9f01b682e1c73d25ec4c37d5c4b67661b9531cc39408c3b55c,f4ca0622496b6f8773025fca8903b8560a64d7d66939aee36e34da8f01246755,2cf58955a31c59fca73d873d85568fc3cc9ed243ac6445061e1d6294bfcb3e89,https://www.nbadraft.net/players/henri-veesaar/,32,,ndnet,"{""class"": ""Jr."", ""height"": ""7-0"", ""position"": ""PF/C"", ""weight"": ""220""}",{}
Pb07d6373bb,2026,nbadraft_2026_fallback,nbadraft,https://web.archive.org/web/20260508055636id_/https://www.nbadraft.net/nba-mock-drafts/,https://www.nbadraft.net/nba-mock-drafts/,2026-05-08T05:56:36+00:00,2026-06-23,2026-05-07,b1c1ab61ed609f14419aa1d89d64ed77f5f1b980a0ad967d064abc18e41b3ca9,50f5ee79133cdf9f01b682e1c73d25ec4c37d5c4b67661b9531cc39408c3b55c,f4ca0622496b6f8773025fca8903b8560a64d7d66939aee36e34da8f01246755,a5883998f219e832cc77307dfe0b6e67e794f3861fb23a00e6ac2eee5ea4032c,https://www.nbadraft.net/players/trevon-brazile/,33,,ndnet,"{""class"": ""Sr."", ""height"": ""6-10"", ""position"": ""PF"", ""weight"": ""215""}",{}
P0b55371179,2026,nbadraft_2026_fallback,nbadraft,https://web.archive.org/web/20260508055636id_/https://www.nbadraft.net/nba-mock-drafts/,https://www.nbadraft.net/nba-mock-drafts/,2026-05-08T05:56:36+00:00,2026-06-23,2026-05-07,b1c1ab61ed609f14419aa1d89d64ed77f5f1b980a0ad967d064abc18e41b3ca9,50f5ee79133cdf9f01b682e1c73d25ec4c37d5c4b67661b9531cc39408c3b55c,f4ca0622496b6f8773025fca8903b8560a64d7d66939aee36e34da8f01246755,4d2dcb262f39389e5159a16d98a439f4ae898444cff335727dba735bd6ac9dc4,https://www.nbadraft.net/players/braden-smith/,35,,ndnet,"{""class"": ""Sr."", ""height"": ""6-1"", ""position"": ""PG"", ""weight"": ""175""}",{}
P53d139a0c8,2026,nbadraft_2026_fallback,nbadraft,https://web.archive.org/web/20260508055636id_/https://www.nbadraft.net/nba-mock-drafts/,https://www.nbadraft.net/nba-mock-drafts/,2026-05-08T05:56:36+00:00,2026-06-23,2026-05-07,b1c1ab61ed609f14419aa1d89d64ed77f5f1b980a0ad967d064abc18e41b3ca9,50f5ee79133cdf9f01b682e1c73d25ec4c37d5c4b67661b9531cc39408c3b55c,f4ca0622496b6f8773025fca8903b8560a64d7d66939aee36e34da8f01246755,39e6f97fd74587c4e850992e577d6aa2f5cfcc1939050d9edc372939c7b06ec1,https://www.nbadraft.net/players/alex-karaban/,36,,ndnet,"{""class"": ""Sr."", ""height"": ""6-8"", ""position"": ""SF"", ""weight"": ""220""}",{}
Pd51160cf5e,2026,nbadraft_2026_fallback,nbadraft,https://web.archive.org/web/20260508055636id_/https://www.nbadraft.net/nba-mock-drafts/,https://www.nbadraft.net/nba-mock-drafts/,2026-05-08T05:56:36+00:00,2026-06-23,2026-05-07,b1c1ab61ed609f14419aa1d89d64ed77f5f1b980a0ad967d064abc18e41b3ca9,50f5ee79133cdf9f01b682e1c73d25ec4c37d5c4b67661b9531cc39408c3b55c,f4ca0622496b6f8773025fca8903b8560a64d7d66939aee36e34da8f01246755,29d8ea6372b4e67c9552a8ef996aa59553855d46b586b993a1a93e01bbc8c700,https://www.nbadraft.net/players/zuby-ejiofor/,37,,ndnet,"{""class"": ""Sr."", ""height"": ""6-9"", ""position"": ""PF/C"", ""weight"": ""240""}",{}
Pfc8df2f375,2026,nbadraft_2026_fallback,nbadraft,https://web.archive.org/web/20260508055636id_/https://www.nbadraft.net/nba-mock-drafts/,https://www.nbadraft.net/nba-mock-drafts/,2026-05-08T05:56:36+00:00,2026-06-23,2026-05-07,b1c1ab61ed609f14419aa1d89d64ed77f5f1b980a0ad967d064abc18e41b3ca9,50f5ee79133cdf9f01b682e1c73d25ec4c37d5c4b67661b9531cc39408c3b55c,f4ca0622496b6f8773025fca8903b8560a64d7d66939aee36e34da8f01246755,040a9e3524ed6615a8a4e0b503951c8d34a00cba3178c04f945fb2e62792170d,https://www.nbadraft.net/players/baba-miller/,39,,ndnet,"{""class"": ""Sr."", ""height"": ""7-0"", ""position"": ""SF/PF"", ""weight"": ""215""}",{}
Pd0d6a519f5,2026,nbadraft_2026_fallback,nbadraft,https://web.archive.org/web/20260508055636id_/https://www.nbadraft.net/nba-mock-drafts/,https://www.nbadraft.net/nba-mock-drafts/,2026-05-08T05:56:36+00:00,2026-06-23,2026-05-07,b1c1ab61ed609f14419aa1d89d64ed77f5f1b980a0ad967d064abc18e41b3ca9,50f5ee79133cdf9f01b682e1c73d25ec4c37d5c4b67661b9531cc39408c3b55c,f4ca0622496b6f8773025fca8903b8560a64d7d66939aee36e34da8f01246755,37d091f8779fc9aa904055c93d266302afe9b26bfca21fc330999bd4bdfc4ac8,https://www.nbadraft.net/players/jaden-bradley/,41,,ndnet,"{""class"": ""Sr."", ""height"": ""6-3"", ""position"": ""PG/SG"", ""weight"": ""185""}",{}
P3778eacc6f,2026,nbadraft_2026_fallback,nbadraft,https://web.archive.org/web/20260508055636id_/https://www.nbadraft.net/nba-mock-drafts/,https://www.nbadraft.net/nba-mock-drafts/,2026-05-08T05:56:36+00:00,2026-06-23,2026-05-07,b1c1ab61ed609f14419aa1d89d64ed77f5f1b980a0ad967d064abc18e41b3ca9,50f5ee79133cdf9f01b682e1c73d25ec4c37d5c4b67661b9531cc39408c3b55c,f4ca0622496b6f8773025fca8903b8560a64d7d66939aee36e34da8f01246755,897931085c2d0c464904c326939e6adf55ff46d411a4fd2692cb6756934a1164,https://www.nbadraft.net/players/jakobi-gillespie/,42,,ndnet,"{""class"": ""Sr."", ""height"": ""6-1"", ""position"": ""PG"", ""weight"": ""190""}",{}
P1715fe72c5,2026,nbadraft_2026_fallback,nbadraft,https://web.archive.org/web/20260508055636id_/https://www.nbadraft.net/nba-mock-drafts/,https://www.nbadraft.net/nba-mock-drafts/,2026-05-08T05:56:36+00:00,2026-06-23,2026-05-07,b1c1ab61ed609f14419aa1d89d64ed77f5f1b980a0ad967d064abc18e41b3ca9,50f5ee79133cdf9f01b682e1c73d25ec4c37d5c4b67661b9531cc39408c3b55c,f4ca0622496b6f8773025fca8903b8560a64d7d66939aee36e34da8f01246755,5f15e54f6711ff832929666f50aaeab965481e06d2ee0b076219e2bc42b68320,https://www.nbadraft.net/players/ryan-conwell/,44,,ndnet,"{""class"": ""Sr."", ""height"": ""6-4"", ""position"": ""SG"", ""weight"": ""215""}",{}
P56746fa0a3,2026,nbadraft_2026_fallback,nbadraft,https://web.archive.org/web/20260508055636id_/https://www.nbadraft.net/nba-mock-drafts/,https://www.nbadraft.net/nba-mock-drafts/,2026-05-08T05:56:36+00:00,2026-06-23,2026-05-07,b1c1ab61ed609f14419aa1d89d64ed77f5f1b980a0ad967d064abc18e41b3ca9,50f5ee79133cdf9f01b682e1c73d25ec4c37d5c4b67661b9531cc39408c3b55c,f4ca0622496b6f8773025fca8903b8560a64d7d66939aee36e34da8f01246755,9011c32aef20fe5366a49dc1695ed86de8e5c9cbf3e87669bfa348f8bc4c2484,https://www.nbadraft.net/players/izaiyah-nelson/,45,,ndnet,"{""class"": ""Sr."", ""height"": ""6-10"", ""position"": ""C"", ""weight"": ""220""}",{}
P8d0ea24592,2026,nbadraft_2026_fallback,nbadraft,https://web.archive.org/web/20260508055636id_/https://www.nbadraft.net/nba-mock-drafts/,https://www.nbadraft.net/nba-mock-drafts/,2026-05-08T05:56:36+00:00,2026-06-23,2026-05-07,b1c1ab61ed609f14419aa1d89d64ed77f5f1b980a0ad967d064abc18e41b3ca9,50f5ee79133cdf9f01b682e1c73d25ec4c37d5c4b67661b9531cc39408c3b55c,f4ca0622496b6f8773025fca8903b8560a64d7d66939aee36e34da8f01246755,b763543779e52b56d1632b6d94dfcd7f8d1a79ac0fbf0352e7f1fd3c492ec053,https://www.nbadraft.net/players/otega-oweh/,48,,ndnet,"{""class"": ""Sr."", ""height"": ""6-6"", ""position"": ""SG"", ""weight"": ""215""}",{}
P328a9a467a,2026,nbadraft_2026_fallback,nbadraft,https://web.archive.org/web/20260508055636id_/https://www.nbadraft.net/nba-mock-drafts/,https://www.nbadraft.net/nba-mock-drafts/,2026-05-08T05:56:36+00:00,2026-06-23,2026-05-07,b1c1ab61ed609f14419aa1d89d64ed77f5f1b980a0ad967d064abc18e41b3ca9,50f5ee79133cdf9f01b682e1c73d25ec4c37d5c4b67661b9531cc39408c3b55c,f4ca0622496b6f8773025fca8903b8560a64d7d66939aee36e34da8f01246755,b660e2064dee0344be3c72a9d8f4e3f6500109593f6d013e5c9ea5ed075687a9,https://www.nbadraft.net/players/felix-okpara/,50,,ndnet,"{""class"": ""Sr."", ""height"": ""6-11"", ""position"": ""C"", ""weight"": ""235""}",{}
P6e67770ba5,2026,nbadraft_2026_fallback,nbadraft,https://web.archive.org/web/20260508055636id_/https://www.nbadraft.net/nba-mock-drafts/,https://www.nbadraft.net/nba-mock-drafts/,2026-05-08T05:56:36+00:00,2026-06-23,2026-05-07,b1c1ab61ed609f14419aa1d89d64ed77f5f1b980a0ad967d064abc18e41b3ca9,50f5ee79133cdf9f01b682e1c73d25ec4c37d5c4b67661b9531cc39408c3b55c,f4ca0622496b6f8773025fca8903b8560a64d7d66939aee36e34da8f01246755,2872c1ec25f3af45b6241dce81a841977dde99211a78c233f492c846f5d594dd,https://www.nbadraft.net/players/dillon-mitchell/,51,,ndnet,"{""class"": ""Jr."", ""height"": ""6-8"", ""position"": ""SF"", ""weight"": ""205""}",{}
Pbe096a5b87,2026,nbadraft_2026_fallback,nbadraft,https://web.archive.org/web/20260508055636id_/https://www.nbadraft.net/nba-mock-drafts/,https://www.nbadraft.net/nba-mock-drafts/,2026-05-08T05:56:36+00:00,2026-06-23,2026-05-07,b1c1ab61ed609f14419aa1d89d64ed77f5f1b980a0ad967d064abc18e41b3ca9,50f5ee79133cdf9f01b682e1c73d25ec4c37d5c4b67661b9531cc39408c3b55c,f4ca0622496b6f8773025fca8903b8560a64d7d66939aee36e34da8f01246755,204bfd6f5ab191d0942c36e3ad0063805932a20a2c995a3b0583ea0f6bf14896,https://www.nbadraft.net/players/richie-saunders/,52,,ndnet,"{""class"": ""Sr."", ""height"": ""6-5"", ""position"": ""PG/SG"", ""weight"": ""190""}",{}
P4b7967ab2f,2026,nbadraft_2026_fallback,nbadraft,https://web.archive.org/web/20260508055636id_/https://www.nbadraft.net/nba-mock-drafts/,https://www.nbadraft.net/nba-mock-drafts/,2026-05-08T05:56:36+00:00,2026-06-23,2026-05-07,b1c1ab61ed609f14419aa1d89d64ed77f5f1b980a0ad967d064abc18e41b3ca9,50f5ee79133cdf9f01b682e1c73d25ec4c37d5c4b67661b9531cc39408c3b55c,f4ca0622496b6f8773025fca8903b8560a64d7d66939aee36e34da8f01246755,06d54929d449bf767f6434ac2e5239f27a91c45e635e7365b4027cd896711ee9,https://www.nbadraft.net/players/tobi-lawal/,53,,ndnet,"{""class"": ""Sr."", ""height"": ""6-8"", ""position"": ""PF"", ""weight"": ""215""}",{}
P1723d857f7,2026,nbadraft_2026_fallback,nbadraft,https://web.archive.org/web/20260508055636id_/https://www.nbadraft.net/nba-mock-drafts/,https://www.nbadraft.net/nba-mock-drafts/,2026-05-08T05:56:36+00:00,2026-06-23,2026-05-07,b1c1ab61ed609f14419aa1d89d64ed77f5f1b980a0ad967d064abc18e41b3ca9,50f5ee79133cdf9f01b682e1c73d25ec4c37d5c4b67661b9531cc39408c3b55c,f4ca0622496b6f8773025fca8903b8560a64d7d66939aee36e34da8f01246755,804097b9f86bfd99db4505bde0a637e9ebb0720b6fe0911a4d3479db93398784,https://www.nbadraft.net/players/ugonna-onyenso/,54,,ndnet,"{""class"": ""Sr."", ""height"": ""7-0"", ""position"": ""C"", ""weight"": ""230""}",{}
P169cb5be9a,2026,nbadraft_2026_fallback,nbadraft,https://web.archive.org/web/20260508055636id_/https://www.nbadraft.net/nba-mock-drafts/,https://www.nbadraft.net/nba-mock-drafts/,2026-05-08T05:56:36+00:00,2026-06-23,2026-05-07,b1c1ab61ed609f14419aa1d89d64ed77f5f1b980a0ad967d064abc18e41b3ca9,50f5ee79133cdf9f01b682e1c73d25ec4c37d5c4b67661b9531cc39408c3b55c,f4ca0622496b6f8773025fca8903b8560a64d7d66939aee36e34da8f01246755,102606d3851739ea6344cc54163fce8146754793ad8af7656e3ffff566b29834,https://www.nbadraft.net/players/emanuel-sharp/,55,,ndnet,"{""class"": ""So."", ""height"": ""6-3"", ""position"": ""PG/SG"", ""weight"": ""205""}",{}
P84f7cbd5a8,2026,nbadraft_2026_fallback,nbadraft,https://web.archive.org/web/20260508055636id_/https://www.nbadraft.net/nba-mock-drafts/,https://www.nbadraft.net/nba-mock-drafts/,2026-05-08T05:56:36+00:00,2026-06-23,2026-05-07,b1c1ab61ed609f14419aa1d89d64ed77f5f1b980a0ad967d064abc18e41b3ca9,50f5ee79133cdf9f01b682e1c73d25ec4c37d5c4b67661b9531cc39408c3b55c,f4ca0622496b6f8773025fca8903b8560a64d7d66939aee36e34da8f01246755,8a033b816e9d4033e2093bb575dc1168b698f5fd86d6828b0d7018898a7c01cd,https://www.nbadraft.net/players/tyler-bilodeau/,57,,ndnet,"{""class"": """", ""height"": ""6-9"", ""position"": ""PF"", ""weight"": ""235""}",{}
P79aaab38df,2026,nbadraft_2026_fallback,nbadraft,https://web.archive.org/web/20260508055636id_/https://www.nbadraft.net/nba-mock-drafts/,https://www.nbadraft.net/nba-mock-drafts/,2026-05-08T05:56:36+00:00,2026-06-23,2026-05-07,b1c1ab61ed609f14419aa1d89d64ed77f5f1b980a0ad967d064abc18e41b3ca9,50f5ee79133cdf9f01b682e1c73d25ec4c37d5c4b67661b9531cc39408c3b55c,f4ca0622496b6f8773025fca8903b8560a64d7d66939aee36e34da8f01246755,3ccdaa94c9695d28efa7380cbe60e289194e5dda7c9c19d1663460edb8bf7b96,https://www.nbadraft.net/players/jack-kayil/,58,,ndnet,"{""class"": ""Fr."", ""height"": ""6-5"", ""position"": ""PG"", ""weight"": ""185""}",{}
Paf6b5cd8b6,2026,nbadraft_2026_fallback,nbadraft,https://web.archive.org/web/20260508055636id_/https://www.nbadraft.net/nba-mock-drafts/,https://www.nbadraft.net/nba-mock-drafts/,2026-05-08T05:56:36+00:00,2026-06-23,2026-05-07,b1c1ab61ed609f14419aa1d89d64ed77f5f1b980a0ad967d064abc18e41b3ca9,50f5ee79133cdf9f01b682e1c73d25ec4c37d5c4b67661b9531cc39408c3b55c,f4ca0622496b6f8773025fca8903b8560a64d7d66939aee36e34da8f01246755,02fa177f77921fa26b705adb6fc4c7ccba4aa77d38cb6675447f739ee5dd9de8,https://www.nbadraft.net/players/nick-martinelli/,59,,ndnet,"{""class"": ""Jr."", ""height"": ""6-7"", ""position"": ""SF"", ""weight"": ""220""}",{}
P55d017c927,2018,walter_serious_2018,walter_serious,https://web.archive.org/web/20180618125339id_/http://walterfootball.com/nbadraft2018mock.php,http://walterfootball.com/nbadraft2018mock.php,2018-06-18T12:53:39+00:00,2018-06-21,2018-06-18,976fe0d382e1002bf94d1209d6069f3002b40057d2c3adfb8935808b2930c5af,1b70f8b620ddc27833fd9c8cad05383618397c41b0d001fee480417930c6e0ba,6990295cd5f91b4f31ee4d68d8a6246a827c524d1ec14c31936cc966609cddc8,efdf208e6c402bcecbb0a2db221e5ae346303986cd7c5e86ae2f56c19f306d3d,,1,,walter,"{""class"": ""Fr."", ""height"": ""7-1"", ""position"": ""C""}",{}
P42b9d239c3,2018,walter_serious_2018,walter_serious,https://web.archive.org/web/20180618125339id_/http://walterfootball.com/nbadraft2018mock.php,http://walterfootball.com/nbadraft2018mock.php,2018-06-18T12:53:39+00:00,2018-06-21,2018-06-18,976fe0d382e1002bf94d1209d6069f3002b40057d2c3adfb8935808b2930c5af,1b70f8b620ddc27833fd9c8cad05383618397c41b0d001fee480417930c6e0ba,6990295cd5f91b4f31ee4d68d8a6246a827c524d1ec14c31936cc966609cddc8,fe61bc03fd10a82a5ae1cdee2bab7b8b6df510b88b70db29e59485fa30ac17c5,,2,,walter,"{""class"": ""Fr."", ""height"": ""6-11"", ""position"": ""PF""}",{}
Pcaa6f4e965,2018,walter_serious_2018,walter_serious,https://web.archive.org/web/20180618125339id_/http://walterfootball.com/nbadraft2018mock.php,http://walterfootball.com/nbadraft2018mock.php,2018-06-18T12:53:39+00:00,2018-06-21,2018-06-18,976fe0d382e1002bf94d1209d6069f3002b40057d2c3adfb8935808b2930c5af,1b70f8b620ddc27833fd9c8cad05383618397c41b0d001fee480417930c6e0ba,6990295cd5f91b4f31ee4d68d8a6246a827c524d1ec14c31936cc966609cddc8,91170b7783cf89e3bfdb0b9323d962641952566b804f13e8150d085c9c092eef,,4,,walter,"{""class"": ""1999."", ""height"": ""6-8"", ""position"": ""SF""}","{""class"": ""Unrecognized class token; no inferred class year""}"
P17f11f33c2,2018,walter_serious_2018,walter_serious,https://web.archive.org/web/20180618125339id_/http://walterfootball.com/nbadraft2018mock.php,http://walterfootball.com/nbadraft2018mock.php,2018-06-18T12:53:39+00:00,2018-06-21,2018-06-18,976fe0d382e1002bf94d1209d6069f3002b40057d2c3adfb8935808b2930c5af,1b70f8b620ddc27833fd9c8cad05383618397c41b0d001fee480417930c6e0ba,6990295cd5f91b4f31ee4d68d8a6246a827c524d1ec14c31936cc966609cddc8,01b68fd4e470b0853ed28e141289dbd52c34f00db29e23ed2772ed28c11d07be,,5,,walter,"{""class"": ""Fr."", ""height"": ""6-11"", ""position"": ""SF""}",{}
Pd4282e2cb6,2018,walter_serious_2018,walter_serious,https://web.archive.org/web/20180618125339id_/http://walterfootball.com/nbadraft2018mock.php,http://walterfootball.com/nbadraft2018mock.php,2018-06-18T12:53:39+00:00,2018-06-21,2018-06-18,976fe0d382e1002bf94d1209d6069f3002b40057d2c3adfb8935808b2930c5af,1b70f8b620ddc27833fd9c8cad05383618397c41b0d001fee480417930c6e0ba,6990295cd5f91b4f31ee4d68d8a6246a827c524d1ec14c31936cc966609cddc8,3a4127d310a74be1b4cd4b5a3e61b527e42efbc6c7b0aecd6ddc4c2cfca05ce5,,6,,walter,"{""class"": ""Fr."", ""height"": ""6-2"", ""position"": ""PG""}",{}
Peb77360d78,2018,walter_serious_2018,walter_serious,https://web.archive.org/web/20180618125339id_/http://walterfootball.com/nbadraft2018mock.php,http://walterfootball.com/nbadraft2018mock.php,2018-06-18T12:53:39+00:00,2018-06-21,2018-06-18,976fe0d382e1002bf94d1209d6069f3002b40057d2c3adfb8935808b2930c5af,1b70f8b620ddc27833fd9c8cad05383618397c41b0d001fee480417930c6e0ba,6990295cd5f91b4f31ee4d68d8a6246a827c524d1ec14c31936cc966609cddc8,82afd99c5ca7b187e9caf0073031eb6419b4d5b8cf56a6392e2ed98e44c0c13a,,8,,walter,"{""class"": ""Jr."", ""height"": ""6-7"", ""position"": ""SF""}",{}
P6f990ff013,2018,walter_serious_2018,walter_serious,https://web.archive.org/web/20180618125339id_/http://walterfootball.com/nbadraft2018mock.php,http://walterfootball.com/nbadraft2018mock.php,2018-06-18T12:53:39+00:00,2018-06-21,2018-06-18,976fe0d382e1002bf94d1209d6069f3002b40057d2c3adfb8935808b2930c5af,1b70f8b620ddc27833fd9c8cad05383618397c41b0d001fee480417930c6e0ba,6990295cd5f91b4f31ee4d68d8a6246a827c524d1ec14c31936cc966609cddc8,f73fed22e99b71b857b2b59e27e57c4edab2b889436dae3f4fdcbbd391778f3f,,9,,walter,"{""class"": ""Fr."", ""height"": ""6-10"", ""position"": ""PF""}",{}
P946b6a7bec,2018,walter_serious_2018,walter_serious,https://web.archive.org/web/20180618125339id_/http://walterfootball.com/nbadraft2018mock.php,http://walterfootball.com/nbadraft2018mock.php,2018-06-18T12:53:39+00:00,2018-06-21,2018-06-18,976fe0d382e1002bf94d1209d6069f3002b40057d2c3adfb8935808b2930c5af,1b70f8b620ddc27833fd9c8cad05383618397c41b0d001fee480417930c6e0ba,6990295cd5f91b4f31ee4d68d8a6246a827c524d1ec14c31936cc966609cddc8,1b9af93f1ba321824288040474f3a3b98cea6e7e929e8cc9952b69f4c08bdccc,,10,,walter,"{""class"": ""Fr."", ""height"": ""6-9"", ""position"": ""F""}","{""position"": ""Unsupported or ambiguous roles; all five indicators missing""}"
P4467431c36,2018,walter_serious_2018,walter_serious,https://web.archive.org/web/20180618125339id_/http://walterfootball.com/nbadraft2018mock.php,http://walterfootball.com/nbadraft2018mock.php,2018-06-18T12:53:39+00:00,2018-06-21,2018-06-18,976fe0d382e1002bf94d1209d6069f3002b40057d2c3adfb8935808b2930c5af,1b70f8b620ddc27833fd9c8cad05383618397c41b0d001fee480417930c6e0ba,6990295cd5f91b4f31ee4d68d8a6246a827c524d1ec14c31936cc966609cddc8,63753c92c405e39b37510b3fb76b12796ce6e6d85f2a8ab55d981c449b253e48,,11,,walter,"{""class"": ""Fr."", ""height"": ""6-1"", ""position"": ""PG""}",{}
P50c2524b85,2018,walter_serious_2018,walter_serious,https://web.archive.org/web/20180618125339id_/http://walterfootball.com/nbadraft2018mock.php,http://walterfootball.com/nbadraft2018mock.php,2018-06-18T12:53:39+00:00,2018-06-21,2018-06-18,976fe0d382e1002bf94d1209d6069f3002b40057d2c3adfb8935808b2930c5af,1b70f8b620ddc27833fd9c8cad05383618397c41b0d001fee480417930c6e0ba,6990295cd5f91b4f31ee4d68d8a6246a827c524d1ec14c31936cc966609cddc8,6d749ba2c1ecbd66cdf10fbd28815cbaff66b4399e693ffbded3e1595b056211,,12,,walter,"{""class"": ""Fr."", ""height"": ""6-6"", ""position"": ""PG""}",{}
P57ab80ef44,2018,walter_serious_2018,walter_serious,https://web.archive.org/web/20180618125339id_/http://walterfootball.com/nbadraft2018mock.php,http://walterfootball.com/nbadraft2018mock.php,2018-06-18T12:53:39+00:00,2018-06-21,2018-06-18,976fe0d382e1002bf94d1209d6069f3002b40057d2c3adfb8935808b2930c5af,1b70f8b620ddc27833fd9c8cad05383618397c41b0d001fee480417930c6e0ba,6990295cd5f91b4f31ee4d68d8a6246a827c524d1ec14c31936cc966609cddc8,dad65f84428bfe2ab8b471b2fe1dfb0a85926fd9fb066a4b544013faadf1973f,,14,,walter,"{""class"": ""Soph."", ""height"": ""6-7"", ""position"": ""SF""}",{}
P00e7133fc6,2019,walter_serious_2019,walter_serious,https://web.archive.org/web/20190518055238id_/http://walterfootball.com/nbadraft2019mock.php,http://walterfootball.com/nbadraft2019mock.php,2019-05-18T05:52:38+00:00,2019-06-20,2019-05-15,85c51b1d1660a8b79ab0c8e37755dd33070287cb0cdff28e81e76c7ed68492ff,c5ff37669c84decbcbf6e7f5a38e461005967e5a4b38bbdef2a7674b349afbd2,bcca14bd044c5a18d6e7caa6dae075224994de531103f344c2f7b943748c0c60,a760d0c38c56944b4c3b38d7746f942624b78ec5b2bbfbfbe187ed58b6008bf0,,1,,walter,"{""class"": ""Fr."", ""height"": ""6-6"", ""position"": ""F""}","{""position"": ""Unsupported or ambiguous roles; all five indicators missing""}"
Pfe4fcea486,2019,walter_serious_2019,walter_serious,https://web.archive.org/web/20190518055238id_/http://walterfootball.com/nbadraft2019mock.php,http://walterfootball.com/nbadraft2019mock.php,2019-05-18T05:52:38+00:00,2019-06-20,2019-05-15,85c51b1d1660a8b79ab0c8e37755dd33070287cb0cdff28e81e76c7ed68492ff,c5ff37669c84decbcbf6e7f5a38e461005967e5a4b38bbdef2a7674b349afbd2,bcca14bd044c5a18d6e7caa6dae075224994de531103f344c2f7b943748c0c60,f84f993fb4802abd91bcc6fb4fb860d5322920d0f7abddb5051306e81eb73c4a,,2,,walter,"{""class"": ""Soph."", ""height"": ""6-3"", ""position"": ""PG""}",{}
Pa9cae64430,2019,walter_serious_2019,walter_serious,https://web.archive.org/web/20190518055238id_/http://walterfootball.com/nbadraft2019mock.php,http://walterfootball.com/nbadraft2019mock.php,2019-05-18T05:52:38+00:00,2019-06-20,2019-05-15,85c51b1d1660a8b79ab0c8e37755dd33070287cb0cdff28e81e76c7ed68492ff,c5ff37669c84decbcbf6e7f5a38e461005967e5a4b38bbdef2a7674b349afbd2,bcca14bd044c5a18d6e7caa6dae075224994de531103f344c2f7b943748c0c60,ccab3e9479040dc727b1f6c85abbfbe4874ef60934d3130ac840dc56ffd47ff1,,3,,walter,"{""class"": ""Fr."", ""height"": ""6-7"", ""position"": ""SF""}",{}
Pbc4309c829,2019,walter_serious_2019,walter_serious,https://web.archive.org/web/20190518055238id_/http://walterfootball.com/nbadraft2019mock.php,http://walterfootball.com/nbadraft2019mock.php,2019-05-18T05:52:38+00:00,2019-06-20,2019-05-15,85c51b1d1660a8b79ab0c8e37755dd33070287cb0cdff28e81e76c7ed68492ff,c5ff37669c84decbcbf6e7f5a38e461005967e5a4b38bbdef2a7674b349afbd2,bcca14bd044c5a18d6e7caa6dae075224994de531103f344c2f7b943748c0c60,a6adc4db12d4b706a2d741659e8f4edd0192b1acd39631f25f3be8cdae8801e6,,4,,walter,"{""class"": ""Soph."", ""height"": ""6-5"", ""position"": ""SG""}",{}
P846172a369,2019,walter_serious_2019,walter_serious,https://web.archive.org/web/20190518055238id_/http://walterfootball.com/nbadraft2019mock.php,http://walterfootball.com/nbadraft2019mock.php,2019-05-18T05:52:38+00:00,2019-06-20,2019-05-15,85c51b1d1660a8b79ab0c8e37755dd33070287cb0cdff28e81e76c7ed68492ff,c5ff37669c84decbcbf6e7f5a38e461005967e5a4b38bbdef2a7674b349afbd2,bcca14bd044c5a18d6e7caa6dae075224994de531103f344c2f7b943748c0c60,4bbb65990d2191854c5c15370e805e8bea6705da1409c3ec24d8e8172c9a2039,,5,,walter,"{""class"": ""Soph."", ""height"": ""6-7"", ""position"": ""SF""}",{}
P43dec358d1,2019,walter_serious_2019,walter_serious,https://web.archive.org/web/20190518055238id_/http://walterfootball.com/nbadraft2019mock.php,http://walterfootball.com/nbadraft2019mock.php,2019-05-18T05:52:38+00:00,2019-06-20,2019-05-15,85c51b1d1660a8b79ab0c8e37755dd33070287cb0cdff28e81e76c7ed68492ff,c5ff37669c84decbcbf6e7f5a38e461005967e5a4b38bbdef2a7674b349afbd2,bcca14bd044c5a18d6e7caa6dae075224994de531103f344c2f7b943748c0c60,4c7bb99e533a46f99077b64374a161f225e9bfc41c7a3220cc749b2016a2f117,,6,,walter,"{""class"": ""Fr."", ""height"": ""6-3"", ""position"": ""PG""}",{}
P297d12820e,2019,walter_serious_2019,walter_serious,https://web.archive.org/web/20190518055238id_/http://walterfootball.com/nbadraft2019mock.php,http://walterfootball.com/nbadraft2019mock.php,2019-05-18T05:52:38+00:00,2019-06-20,2019-05-15,85c51b1d1660a8b79ab0c8e37755dd33070287cb0cdff28e81e76c7ed68492ff,c5ff37669c84decbcbf6e7f5a38e461005967e5a4b38bbdef2a7674b349afbd2,bcca14bd044c5a18d6e7caa6dae075224994de531103f344c2f7b943748c0c60,d289bf06a8a2a34387395914a99d6acef2c1e293a434ef17f035c71dd3a1210d,,7,,walter,"{""class"": ""Fr."", ""height"": ""6-2"", ""position"": ""PG""}",{}
Ped6b9a1a7c,2019,walter_serious_2019,walter_serious,https://web.archive.org/web/20190518055238id_/http://walterfootball.com/nbadraft2019mock.php,http://walterfootball.com/nbadraft2019mock.php,2019-05-18T05:52:38+00:00,2019-06-20,2019-05-15,85c51b1d1660a8b79ab0c8e37755dd33070287cb0cdff28e81e76c7ed68492ff,c5ff37669c84decbcbf6e7f5a38e461005967e5a4b38bbdef2a7674b349afbd2,bcca14bd044c5a18d6e7caa6dae075224994de531103f344c2f7b943748c0c60,7c57d316d2ea0151135e28e2a79f1e1f63697aa7b2c24b1e31c262897bf9e9d3,,9,,walter,"{""class"": ""Fr."", ""height"": ""6-11"", ""position"": ""C""}",{}
Pbea2d75e26,2019,walter_serious_2019,walter_serious,https://web.archive.org/web/20190518055238id_/http://walterfootball.com/nbadraft2019mock.php,http://walterfootball.com/nbadraft2019mock.php,2019-05-18T05:52:38+00:00,2019-06-20,2019-05-15,85c51b1d1660a8b79ab0c8e37755dd33070287cb0cdff28e81e76c7ed68492ff,c5ff37669c84decbcbf6e7f5a38e461005967e5a4b38bbdef2a7674b349afbd2,bcca14bd044c5a18d6e7caa6dae075224994de531103f344c2f7b943748c0c60,bc39b7c151215fe77c1685acf1de6c131a0ff8d00e6f0d580a387810b21ba8e5,,10,,walter,"{""class"": ""Jr."", ""height"": ""6-8"", ""position"": ""F""}","{""position"": ""Unsupported or ambiguous roles; all five indicators missing""}"
P6f1d3c64d2,2019,walter_serious_2019,walter_serious,https://web.archive.org/web/20190518055238id_/http://walterfootball.com/nbadraft2019mock.php,http://walterfootball.com/nbadraft2019mock.php,2019-05-18T05:52:38+00:00,2019-06-20,2019-05-15,85c51b1d1660a8b79ab0c8e37755dd33070287cb0cdff28e81e76c7ed68492ff,c5ff37669c84decbcbf6e7f5a38e461005967e5a4b38bbdef2a7674b349afbd2,bcca14bd044c5a18d6e7caa6dae075224994de531103f344c2f7b943748c0c60,292179eeeef5b56e84355f54d927f27dd3e68fc785b09504c334d6e6930e2cd7,,11,,walter,"{""class"": ""Soph."", ""height"": ""6-5"", ""position"": ""SG""}",{}
P8209ad6040,2019,walter_serious_2019,walter_serious,https://web.archive.org/web/20190518055238id_/http://walterfootball.com/nbadraft2019mock.php,http://walterfootball.com/nbadraft2019mock.php,2019-05-18T05:52:38+00:00,2019-06-20,2019-05-15,85c51b1d1660a8b79ab0c8e37755dd33070287cb0cdff28e81e76c7ed68492ff,c5ff37669c84decbcbf6e7f5a38e461005967e5a4b38bbdef2a7674b349afbd2,bcca14bd044c5a18d6e7caa6dae075224994de531103f344c2f7b943748c0c60,8df3b679effa39b1917c4bbbb4de3a4ee1a17ec85586024908f4ce3f852d1b1f,,12,,walter,"{""class"": ""Soph."", ""height"": ""6-10"", ""position"": ""PF/C""}",{}
P9540818d9f,2019,walter_serious_2019,walter_serious,https://web.archive.org/web/20190518055238id_/http://walterfootball.com/nbadraft2019mock.php,http://walterfootball.com/nbadraft2019mock.php,2019-05-18T05:52:38+00:00,2019-06-20,2019-05-15,85c51b1d1660a8b79ab0c8e37755dd33070287cb0cdff28e81e76c7ed68492ff,c5ff37669c84decbcbf6e7f5a38e461005967e5a4b38bbdef2a7674b349afbd2,bcca14bd044c5a18d6e7caa6dae075224994de531103f344c2f7b943748c0c60,702d56d3dec9b1791a3e9b97ee9b6de33725897f54e848db9a393e663633899e,,13,,walter,"{""class"": ""2000."", ""height"": ""6-9"", ""position"": ""F""}","{""class"": ""Unrecognized class token; no inferred class year"", ""position"": ""Unsupported or ambiguous roles; all five indicators missing""}"
P5cd98708f1,2019,walter_serious_2019,walter_serious,https://web.archive.org/web/20190518055238id_/http://walterfootball.com/nbadraft2019mock.php,http://walterfootball.com/nbadraft2019mock.php,2019-05-18T05:52:38+00:00,2019-06-20,2019-05-15,85c51b1d1660a8b79ab0c8e37755dd33070287cb0cdff28e81e76c7ed68492ff,c5ff37669c84decbcbf6e7f5a38e461005967e5a4b38bbdef2a7674b349afbd2,bcca14bd044c5a18d6e7caa6dae075224994de531103f344c2f7b943748c0c60,d6469b0e5d26670df808e964ef52269638aca23b87e95bec3f3af33f6feae04e,,14,,walter,"{""class"": ""Soph."", ""height"": ""6-10"", ""position"": ""C""}",{}
P6a5f6ac2d8,2019,walter_serious_2019,walter_serious,https://web.archive.org/web/20190518055238id_/http://walterfootball.com/nbadraft2019mock.php,http://walterfootball.com/nbadraft2019mock.php,2019-05-18T05:52:38+00:00,2019-06-20,2019-05-15,85c51b1d1660a8b79ab0c8e37755dd33070287cb0cdff28e81e76c7ed68492ff,c5ff37669c84decbcbf6e7f5a38e461005967e5a4b38bbdef2a7674b349afbd2,bcca14bd044c5a18d6e7caa6dae075224994de531103f344c2f7b943748c0c60,9d084a6ae848733bd8b8926e414f3bbfefffb3100ad2e4711251e626687275c9,,15,,walter,"{""class"": ""Fr."", ""height"": ""6-7"", ""position"": ""SF""}",{}
Pba698d642d,2020,walter_serious_2020,walter_serious,https://web.archive.org/web/20201028170012id_/https://walterfootball.com/nbadraft2020mock.php,https://walterfootball.com/nbadraft2020mock.php,2020-10-28T17:00:12+00:00,2020-11-18,2019-09-25,f5e2e6c8e822577e5a57cd89651880c899931d913d1d4c1a650d8d02a0370919,4c3444db9989fc941349434b3e6dc17237fa809371f8b442e44e46a1f89ba168,40a20cb33e26095a77b7a6c19dc1c04584d114d6329a9d9559597f8654485af4,de2e8bd685bd929f8097a37bffcc76372f0250a598663f94d2e601b7a81e889c,,1,,walter,"{""class"": ""Fr."", ""height"": ""7-0"", ""position"": ""C""}",{}
P35f0fb7731,2020,walter_serious_2020,walter_serious,https://web.archive.org/web/20201028170012id_/https://walterfootball.com/nbadraft2020mock.php,https://walterfootball.com/nbadraft2020mock.php,2020-10-28T17:00:12+00:00,2020-11-18,2019-09-25,f5e2e6c8e822577e5a57cd89651880c899931d913d1d4c1a650d8d02a0370919,4c3444db9989fc941349434b3e6dc17237fa809371f8b442e44e46a1f89ba168,40a20cb33e26095a77b7a6c19dc1c04584d114d6329a9d9559597f8654485af4,8a9c57491f466f8f6902fe9726e60083651a1674f6b5487c363bcd8c1308ee1e,,2,,walter,"{""class"": ""Fr."", ""height"": ""6-4"", ""position"": ""SG""}",{}
P3c885ec031,2020,walter_serious_2020,walter_serious,https://web.archive.org/web/20201028170012id_/https://walterfootball.com/nbadraft2020mock.php,https://walterfootball.com/nbadraft2020mock.php,2020-10-28T17:00:12+00:00,2020-11-18,2019-09-25,f5e2e6c8e822577e5a57cd89651880c899931d913d1d4c1a650d8d02a0370919,4c3444db9989fc941349434b3e6dc17237fa809371f8b442e44e46a1f89ba168,40a20cb33e26095a77b7a6c19dc1c04584d114d6329a9d9559597f8654485af4,b17c64923af2fbab223db7240015e96011ea4f825564bba41f5598c157ec021b,,3,,walter,"{""class"": ""2002."", ""height"": ""6-5"", ""position"": ""SG""}","{""class"": ""Unrecognized class token; no inferred class year""}"
P388cb0d5da,2020,walter_serious_2020,walter_serious,https://web.archive.org/web/20201028170012id_/https://walterfootball.com/nbadraft2020mock.php,https://walterfootball.com/nbadraft2020mock.php,2020-10-28T17:00:12+00:00,2020-11-18,2019-09-25,f5e2e6c8e822577e5a57cd89651880c899931d913d1d4c1a650d8d02a0370919,4c3444db9989fc941349434b3e6dc17237fa809371f8b442e44e46a1f89ba168,40a20cb33e26095a77b7a6c19dc1c04584d114d6329a9d9559597f8654485af4,327f23119dbea3ac7d87ccbcc1cfd5962bf8ef0c14dca0bed711a84c40fd592d,,4,,walter,"{""class"": ""Fr."", ""height"": ""6-3"", ""position"": ""PG""}",{}
Pde7308c87b,2020,walter_serious_2020,walter_serious,https://web.archive.org/web/20201028170012id_/https://walterfootball.com/nbadraft2020mock.php,https://walterfootball.com/nbadraft2020mock.php,2020-10-28T17:00:12+00:00,2020-11-18,2019-09-25,f5e2e6c8e822577e5a57cd89651880c899931d913d1d4c1a650d8d02a0370919,4c3444db9989fc941349434b3e6dc17237fa809371f8b442e44e46a1f89ba168,40a20cb33e26095a77b7a6c19dc1c04584d114d6329a9d9559597f8654485af4,1ff731b4144436623dc3e70f3bf4490eb9760650b32395ad6aac68be162cadac,,5,,walter,"{""class"": ""2001"", ""height"": ""6-5"", ""position"": ""PG""}","{""class"": ""Unrecognized class token; no inferred class year""}"
Pe0b660d280,2020,walter_serious_2020,walter_serious,https://web.archive.org/web/20201028170012id_/https://walterfootball.com/nbadraft2020mock.php,https://walterfootball.com/nbadraft2020mock.php,2020-10-28T17:00:12+00:00,2020-11-18,2019-09-25,f5e2e6c8e822577e5a57cd89651880c899931d913d1d4c1a650d8d02a0370919,4c3444db9989fc941349434b3e6dc17237fa809371f8b442e44e46a1f89ba168,40a20cb33e26095a77b7a6c19dc1c04584d114d6329a9d9559597f8654485af4,af89c6ac197ee2d4214fbb87626e3c3266825bfe0ca590ab25bb6dfa274f7804,,6,,walter,"{""class"": ""Fr."", ""height"": ""6-9"", ""position"": ""PF""}",{}
Pa430d00e1f,2020,walter_serious_2020,walter_serious,https://web.archive.org/web/20201028170012id_/https://walterfootball.com/nbadraft2020mock.php,https://walterfootball.com/nbadraft2020mock.php,2020-10-28T17:00:12+00:00,2020-11-18,2019-09-25,f5e2e6c8e822577e5a57cd89651880c899931d913d1d4c1a650d8d02a0370919,4c3444db9989fc941349434b3e6dc17237fa809371f8b442e44e46a1f89ba168,40a20cb33e26095a77b7a6c19dc1c04584d114d6329a9d9559597f8654485af4,985a5ed718dd3bb1aef4de304e2c4e2c7fb2cae7804a4793538332a988d3d5be,,7,,walter,"{""class"": ""2000."", ""height"": ""6-9"", ""position"": ""SF""}","{""class"": ""Unrecognized class token; no inferred class year""}"
P3ff36ffdc1,2020,walter_serious_2020,walter_serious,https://web.archive.org/web/20201028170012id_/https://walterfootball.com/nbadraft2020mock.php,https://walterfootball.com/nbadraft2020mock.php,2020-10-28T17:00:12+00:00,2020-11-18,2019-09-25,f5e2e6c8e822577e5a57cd89651880c899931d913d1d4c1a650d8d02a0370919,4c3444db9989fc941349434b3e6dc17237fa809371f8b442e44e46a1f89ba168,40a20cb33e26095a77b7a6c19dc1c04584d114d6329a9d9559597f8654485af4,1dab4505c300141d04b05fbcf4a2897c56bd386c51a204a476aab459823cb56c,,8,,walter,"{""class"": ""2001."", ""height"": ""6-6"", ""position"": ""G""}","{""class"": ""Unrecognized class token; no inferred class year"", ""position"": ""Unsupported or ambiguous roles; all five indicators missing""}"
Pa7dbf13041,2020,walter_serious_2020,walter_serious,https://web.archive.org/web/20201028170012id_/https://walterfootball.com/nbadraft2020mock.php,https://walterfootball.com/nbadraft2020mock.php,2020-10-28T17:00:12+00:00,2020-11-18,2019-09-25,f5e2e6c8e822577e5a57cd89651880c899931d913d1d4c1a650d8d02a0370919,4c3444db9989fc941349434b3e6dc17237fa809371f8b442e44e46a1f89ba168,40a20cb33e26095a77b7a6c19dc1c04584d114d6329a9d9559597f8654485af4,a95cbac941260504b9f334da5265864bf890bfa88b12180d3a147e498eb88b57,,9,,walter,"{""class"": ""Fr."", ""height"": ""6-10"", ""position"": ""PF""}",{}
P90a7395cb0,2020,walter_serious_2020,walter_serious,https://web.archive.org/web/20201028170012id_/https://walterfootball.com/nbadraft2020mock.php,https://walterfootball.com/nbadraft2020mock.php,2020-10-28T17:00:12+00:00,2020-11-18,2019-09-25,f5e2e6c8e822577e5a57cd89651880c899931d913d1d4c1a650d8d02a0370919,4c3444db9989fc941349434b3e6dc17237fa809371f8b442e44e46a1f89ba168,40a20cb33e26095a77b7a6c19dc1c04584d114d6329a9d9559597f8654485af4,19a3b651531693c32b39e4e44101d1c65e6a42e40dd21b5fc759c5eaa3ff2855,,11,,walter,"{""class"": ""Soph."", ""height"": ""6-10"", ""position"": ""PF""}",{}
Pad0b972baf,2020,walter_serious_2020,walter_serious,https://web.archive.org/web/20201028170012id_/https://walterfootball.com/nbadraft2020mock.php,https://walterfootball.com/nbadraft2020mock.php,2020-10-28T17:00:12+00:00,2020-11-18,2019-09-25,f5e2e6c8e822577e5a57cd89651880c899931d913d1d4c1a650d8d02a0370919,4c3444db9989fc941349434b3e6dc17237fa809371f8b442e44e46a1f89ba168,40a20cb33e26095a77b7a6c19dc1c04584d114d6329a9d9559597f8654485af4,f5c3d69239f51f9fd43204dfc76cebdaf2bfbf31200c8a39bb14c45486fe5bd1,,14,,walter,"{""class"": ""Fr."", ""height"": ""6-10"", ""position"": ""C""}",{}
Pc2d24d5902,2020,walter_serious_2020,walter_serious,https://web.archive.org/web/20201028170012id_/https://walterfootball.com/nbadraft2020mock.php,https://walterfootball.com/nbadraft2020mock.php,2020-10-28T17:00:12+00:00,2020-11-18,2019-09-25,f5e2e6c8e822577e5a57cd89651880c899931d913d1d4c1a650d8d02a0370919,4c3444db9989fc941349434b3e6dc17237fa809371f8b442e44e46a1f89ba168,40a20cb33e26095a77b7a6c19dc1c04584d114d6329a9d9559597f8654485af4,ab73a5782eca42021aa836c92e6ed4883f866da250de8dbae91084d673161cf9,,15,,walter,"{""class"": ""Fr."", ""height"": ""6-2"", ""position"": ""PG""}",{}
