pid,draft_year,bio_height_in,bio_weight_lb,bio_pos_code,bio_age_at_draft,bio_combine_height_in,bio_combine_weight_lb,bio_combine_wingspan_in,bio_combine_reach_in,bio_combine_body_fat_pct,bio_combine_hand_length_in,bio_combine_hand_width_in,bio_combine_vertical_standing_in,bio_combine_vertical_max_in,bio_combine_lane_agility_s,bio_combine_sprint_s,bio_combine_bench_reps,bio_combine_wingspan_minus_height_in,bio_country_usa,col_age,col_gp,col_mpg,col_pts36,col_reb36,col_ast36,col_stl36,col_blk36,col_usg_pct,col_ts_pct,col_efg_pct,col_ast_pct,col_tov_pct,col_orb_pct,col_drb_pct,col_stl_pct,col_blk_pct,col_fg3ar,col_ftar,col_ft_pct,col_fg3_pct,col_fg2_pct,col_ortg,col_drtg,col_adj_ortg,col_adj_drtg,col_impact,col_impact_off,col_impact_def,col_value,col_recruit_score,col_rim_fga_share,col_rim_fg_pct,col_mid_fga_share,col_mid_fg_pct,col_dunks_per40,col_games_missed,col_minutes_share,col_usage_rank_team,col_bpm_rank_team,col_team_strength,col_bpm_pct_class,col_bpm_pct_age,col_usg_pct_age,col_ts_pct_age,col_ast_pct_age,col_stl_pct_age,col_blk_pct_age,col_bpm_pct_role,col_usg_pct_role,col_ast_pct_role,col_stl_pct_role,col_blk_pct_role,col_orb_pct_role,col_ts_pct_role,col_shot_proj_3p,col_fg3a_per40,col_gl_team_rank,col_gl_share_20min,col_gl_late_minus_early_pts40,col_gl_late_minus_early_ts,col_gl_late_minus_early_mpg,col_gl_top50_games,col_gl_top50_pts40,col_gl_top50_ts,col_gl_top50_gap_pts40,col_gl_top50_gap_ts,col_gl_mean_opp_rank,col_gl_ncaa_games,col_gl_ncaa_pts40,col_gl_ncaa_ts,col_gl_game_score_sd,col_gl_game_score_cv,col_gl_best5_game_score,col_gl_worst5_game_score,col_lu_on_off_net,col_lu_on_net,col_lu_rapm,col_lu_orapm,col_lu_drapm,col_lu_poss_on,col_lu_reliable,col_hm_share_rim,col_hm_fg_rim,col_hm_assisted_rim,col_hm_share_2pt_j,col_hm_fg_2pt_j,col_hm_assisted_2pt_j,col_hm_share_3,col_hm_assisted_3,col_hm_putback_share,col_sc_unassisted_rim,col_sc_unassisted_3,col_sc_self_created,col_pts_pg,col_reb_pg,col_ast_pg,col_stl_pg,col_blk_pg,col_final_season,col_class_index,col_n_seasons,col_minutes_total,col_first_bpm,col_bpm_delta,col_first_usg,col_usg_delta,col_bpm_mean,col_bpm_max,col_final_is_current,col_z_impact,col_z_ts_pct,col_z_usg_pct,col_z_ast_pct,col_z_stl_pct,col_z_blk_pct,col_z_orb_pct,col_z_fg3ar,col_z_pts36,bio_bmi_proxy,intl_age,intl_gp,intl_minutes,intl_mpg,intl_pts36,intl_reb36,intl_ast36,intl_stl36,intl_blk36,intl_usg_pct,intl_ts_pct,intl_efg_pct,intl_ast_pct,intl_tov_pct,intl_orb_pct,intl_drb_pct,intl_fg3ar,intl_ftar,intl_ft_pct,intl_fg3_pct,intl_impact,intl_level,intl_last_level,intl_n_seasons,intl_best_level,intl_youth_pts36,intl_youth_n,hs_mcdonalds_aa,hs_jordan_brand,hs_hoop_summit,hs_recruit_rank_first,hs_recruit_rank_final,hs_recruit_rank_delta,hs_recruit_rank_points,hs_rsci_rank,pre_transferred,pre_redshirt,pre_medical_redshirt,pre_withdrew_previous_draft,pre_green_room_invite,pre_n_schools,cons_mock_consensus_rank,cons_mock_best_rank,cons_mock_n_sources,cons_bigboard_consensus_rank,med_n_injuries,med_n_surgeries,med_major_injury,med_red_flag,med_months_since_injury,scout_motor,scout_feel_iq,scout_shooting_mechanics,scout_athleticism,scout_defense,scout_size_for_position,scout_ball_skills,scout_upside,scout_floor,scout_character_concern,scout_injury_concern,scout_consistency_concern,scout_age_concern,scout_overall_tone,scout_n_reports,cs_spot_15ft_pct,cs_spot_college3_pct,cs_spot_nba3_pct,cs_spot_attempts,cs_offdrib_15ft_pct,cs_offdrib_college3_pct,cs_onmove_15ft_pct,cs_onmove_college_pct,txt_has_report,txt_words,bio_measure_src,col_basic_fill,intl_lg_adj_pts36,intl_lg_strength,intl_prev_pts36,intl_season_gap,intl_src,intl_two_minutes,intl_two_pts36,misc_birth_month,misc_birth_q,misc_born_usa,misc_prep,mock_best,mock_delta,mock_delta_late,mock_first,mock_first_days,mock_last,mock_last_days,mock_listed,mock_mean,mock_share,mock_snaps,mock_std,mock_worst,prog_prev_hit_rate,prog_prev_mean_war5,prog_prev_n,traj_d_ast36,traj_d_blk36,traj_d_fg,traj_d_fg3,traj_d_ft,traj_d_mpg,traj_d_pts36,traj_d_reb36,traj_d_stl36,traj_last_gp,traj_last_is_peak,traj_last_mpg,traj_last_pts36,traj_mpg_growth,traj_n_seasons,traj_path,traj_slope_mpg,traj_slope_pts36,traj_years_span,tv_adjoe,tv_adrtg,tv_age_exact,tv_ast_pct,tv_ast_tov,tv_birth_month,tv_bpm,tv_bpm_is_peak,tv_d_adjoe,tv_d_adrtg,tv_d_ast_pct,tv_d_bpm,tv_d_efg,tv_d_ftr,tv_d_min_per,tv_d_ortg,tv_d_ts,tv_d_usg,tv_dbpm,tv_dgbpm,tv_dporpag,tv_drb,tv_drtg,tv_dunk_share,tv_dunks_pg,tv_efg,tv_first_bpm,tv_ftr,tv_gap,tv_gbpm,tv_gp,tv_home_intl,tv_home_state_code,tv_mid_pct,tv_mid_share,tv_min_per,tv_mp,tv_obpm,tv_ogbpm,tv_orb,tv_ortg,tv_pfr,tv_porpag,tv_pts,tv_rec_rank,tv_rim_pct,tv_rim_share,tv_role,tv_seasons,tv_slope_bpm,tv_stops,tv_three_share,tv_to_pct,tv_ts,tv_usg,tv_yr,txt_athlete,txt_athlete_per1k,txt_breakout,txt_breakout_per1k,txt_character,txt_character_per1k,txt_defender,txt_defender_per1k,txt_exists,txt_hype,txt_hype_per1k,txt_injury,txt_injury_per1k,txt_left,txt_left_per1k,txt_national,txt_national_per1k,txt_nba_family,txt_nba_family_per1k,txt_negative,txt_negative_per1k,txt_playmaker,txt_playmaker_per1k,txt_positive,txt_positive_per1k,txt_prep,txt_prep_per1k,txt_pro_family,txt_pro_family_per1k,txt_projected_pick,txt_refs,txt_sections,txt_shooter,txt_shooter_per1k,txt_size,txt_size_bytes,txt_size_per1k,txt_tone,txt_transfer,txt_transfer_per1k,wp_created_days_before,wp_editors_90d,wp_editors_pre,wp_exists,wp_revs_365d,wp_revs_90d,wp_revs_pre,wp_size_pre,ts_coach_prev_hit_rate,ts_coach_prev_mean_war5,ts_coach_prev_n,ts_conf_champ,ts_in_ncaa,ts_ncaa_round,ts_win_pct,tv_conf_tier,tv_ht_growth,tv_jersey,tv_mates_best_bpm,tv_mates_bpm_sum,tv_mates_drafted,tv_star_mate_minshare,tv_team_adjde,tv_team_adjoe,tv_team_barthag,tv_team_losses,tv_team_ncsos,tv_team_rank,tv_team_sos,tv_team_tempo,tv_team_wins,gt_class_pct,gt_days_above10,gt_last30_ratio,gt_peak_ratio,gt_ratio,gt_topic,gt_trend,gt_zero_share,rsci_avg,rsci_best,rsci_chg,rsci_dev,rsci_frac_ranked,rsci_hs_height_in,rsci_hs_pos,rsci_hs_to_pro,rsci_n_ranked,rsci_n_services,rsci_prep_5th,rsci_range,rsci_rank,rsci_std,rsci_top100,rsci_total_norm,rsci_worst,rsci_years_to_draft,cmb_bench,cmb_bmi,cmb_body_fat,cmb_hand_len,cmb_hand_width,cmb_lane_agility,cmb_max_vert,cmb_mod_lane_agility,cmb_offdrib_att,cmb_offdrib_pct,cmb_onmove_att,cmb_onmove_pct,cmb_reach_minus_height,cmb_spot15_att,cmb_spot15_pct,cmb_spotcol_att,cmb_spotcol_pct,cmb_spotnba_att,cmb_spotnba_pct,cmb_sprint,cmb_stand_vert,cmb_wing_minus_height,f50_peer_sd_usage,f50_peer_rank_usage,f50_peer_sd_ts,f50_peer_rank_ts,f50_peer_sd_ast,f50_peer_rank_ast,f50_peer_sd_tov,f50_peer_rank_tov,f50_peer_sd_orb,f50_peer_rank_orb,f50_peer_sd_drb,f50_peer_rank_drb,f50_peer_sd_stl,f50_peer_rank_stl,f50_peer_sd_blk,f50_peer_rank_blk,f50_team_share_fta,f50_team_share_three_a,f50_team_share_rim_a,f50_team_share_dunk_a,f50_team_share_ftm,f50_team_share_three_m,f50_peer_three_diet,f50_peer_rim_diet,f50_peer_defense_density,f50_peer_creation_density,f50_minutes_concentration,f50_usage_concentration,f50_career_slope_two_p,f50_career_slope_three_p,f50_career_slope_ftp,f50_career_slope_ftr,f50_career_slope_ast_tov,f50_career_slope_orb,f50_career_slope_drb,f50_career_slope_minutes,f50_career_slope_ts,f50_career_slope_usage,f50_posterior_ft,f50_posterior_three,f50_posterior_rim,f50_posterior_mid,f50_posterior_dunk,f50_posterior_two,f50_nondunk_rim_pct,f50_rim_ft_pressure,f50_perimeter_ft_agreement,f50_assist_usage_efficiency,f50_balanced_stocks,f50_foul_adjusted_rebounds,vcmb_height_without_shoes_in,vcmb_height_with_shoes_in,vcmb_weight_lb,vcmb_wingspan_in,vcmb_standing_reach_in,vcmb_body_fat_pct,vcmb_hand_length_in,vcmb_hand_width_in,vcmb_standing_vertical_in,vcmb_max_vertical_in,vcmb_lane_agility_s,vcmb_modified_lane_agility_s,vcmb_three_quarter_sprint_s,vcmb_bench_press_reps,vcmb_bmi_kg_m2,vcmb_wingspan_minus_height_in,vcmb_spot_15ft_made,vcmb_spot_15ft_attempted,vcmb_spot_15ft_pct,vcmb_spot_college3_made,vcmb_spot_college3_attempted,vcmb_spot_college3_pct,vcmb_spot_nba3_made,vcmb_spot_nba3_attempted,vcmb_spot_nba3_pct,vcmb_off_dribble_15ft_made,vcmb_off_dribble_15ft_attempted,vcmb_off_dribble_15ft_pct,vcmb_off_dribble_college3_made,vcmb_off_dribble_college3_attempted,vcmb_off_dribble_college3_pct,vcmb_on_move_15ft_made,vcmb_on_move_15ft_attempted,vcmb_on_move_15ft_pct,vcmb_on_move_college3_made,vcmb_on_move_college3_attempted,vcmb_on_move_college3_pct
P8eb153b63d,2019,,,,,,,,,,,,,,,,,,,,,,,,,,,,,,,,,,,,,,,,,,,,,,,,,,,,,,,,,,,,,,,,,,,,,,,,,,,,,,,,,,,,,,,,,,,,,,,,,,,,,,,,,,,,,,,,,,,,,,,,,,,,,,,,0.0,,,,,,,,,,,25.0,45.0,1498.975,33.31055555555555,18.228456111676312,5.980086392368119,3.6745109157924585,1.4169682616454575,0.3122133457862873,0.191,59.1,55.60000000000001,14.2,10.9,3.2,12.2,0.578125,0.2621527777777778,0.7814569536423841,0.3813813813813814,,2.0,2.0,3.0,2.0,14.496644295302014,1.0,0,0,0,,,,,,,,,,,,,,,,,,,,,,,,,,,,,,,,,,,,,80.0,68.0,50.0,,62.5,,72.3,0,,,0.0,15.4942,0.85,,0.0,0.0,,,10.0,4.0,1.0,1.0,,,,,,,,,,,,,,0.471,9.038,17.0,,,,,,,,,,,,,,,,,,,,,,,,,,,,,,,,,,,,,,,,,,,,,,,,,,,,,,,,,,,,,,,,,,,,,,,,,,,,,,,,,,,,,,,,,,,,,,,,,,,,,,,,,,,,,,,,,,,,1583.0,6.0,36.0,1.0,26.0,13.0,101.0,11966.0,,,,,,,,,,,,,,,,,,,,,,,,0.0,0.0,0.0,0.0,0.0,0.0,1.0,1.0,,,,,,,,,,,,,,,,,,,,,,,,,,,,,,,,,,,,,,,,,,,,,,,,,,,,,,,,,,,,,,,,,,,,,,,,,,,,,,,,,,,,,,,,,,,,,,,,,,,,,,,,,,,,,,,,,,,,,,,,,,,,,,,
P75585aef52,2019,,,,,,,,,,,,,,,,,,,22.31622176591376,34.0,28.6471,25.539967396350768,11.531847900834642,2.069863965287935,0.7022281487480408,2.328487002174741,31.2,59.45,52.8,12.8,14.5,11.7,20.7,1.0,6.6,0.0022675736961451,0.669,0.763,,0.53,113.7,95.3208,132.154,94.7564,5.52721,2.83338,2.69383,4.40985,92.2,0.3378684807256236,0.7114093959731543,0.655328798185941,0.4394463667820069,1.4784372999874538,0.0,0.143,1.0,1.0,7.1,92.0,92.0,99.0,85.0,54.0,17.0,95.0,89.0,99.0,89.0,34.0,84.0,81.0,77.0,0.543,0.04,75.0,0.91,-5.79,0.0,4.68,5.0,25.16,56.8,-3.85,0.0,155.32,0.0,,,7.18,0.43,20.86,12.24,10.346,11.164,4.943,2.777,2.166,1751.0,1.0,0.313,0.696,0.708,0.685,0.454,0.46,0.002,,0.087,0.091,,,20.3235,9.1765,1.6471,0.5588,1.8529,2017.0,2.0,2.0,1798.9998,2.00387,3.52334,22.2,9.0,3.76554,5.52721,0.0,1.441,0.96,2.488,0.025,-0.922,2.074,1.761,-1.449,3.167,,24.07,13.0,162.0,12.461538461538462,16.0,8.222222222222221,1.1111111111111112,0.6666666666666666,0.6666666666666666,18.133333333333333,53.3,50.0,,,,,0.0,0.8,0.55,,4.923076923076923,3.0,3.0,2.0,3.0,,,0,0,0,76.0,28.0,-48.0,5.0,39.0,,,,,,,,,,,,,,,,,,,,,,,,,,,,,,,,,,,,,,,0,,,0.0,11.52,0.72,,0.0,0.0,,,6.0,2.0,1.0,0.0,,,,,,,,,,,,,,0.0,-0.378,2.0,0.602,1.403,0.001,,0.146,3.1,8.894,2.545,0.049,34.0,1.0,28.6,25.552,3.1,2.0,1.0,3.1,8.894,3.0,,,,,,,,,,,,,,,,,,,,,,,,,,,,,,,,,,,,,,,,,,,,,,,,,,,,,,,,,,,,,,,,,,,,,,,,,,,,,,,,,,,,,,,,,,,,,,,,,763.0,2.0,19.0,1.0,11.0,2.0,38.0,4993.0,,,,,,,,,,,,,,,,,,,,,,,,0.0,0.0,0.0,0.0,0.0,0.0,1.0,1.0,40.0,28.0,46.0,9.3,1.0,81.0,5.0,0.0,6.0,6.0,0.0,24.0,39.0,8.46,1.0,0.615,52.0,6.0,,,,,,,,,,,,,,,,,,,,,,,,,,,,,,,,,,,,,,,,,,,,,,,,,,,,,,,,,,,,,,,,,,,,,,,,,,,,,,,,,,,,,,,,,,,,,,,,,,,,,,,,,,,,,
P84a6c851a9,2019,,,,,,,,,,,,,,,,,,,22.33264887063655,31.0,32.2727,12.74362541714824,5.746466828000137,1.4872880174264935,0.980296039686794,0.7436997834082676,20.3,52.05,48.8,8.0,20.2,4.1,14.5,1.6,2.3,0.4338983050847457,0.363,0.673,0.344,0.467,94.7,100.633,96.6519,99.342,0.23096,-1.14286,1.37382,0.984842,67.2,0.3152542372881356,0.5913978494623656,0.247457627118644,0.3150684931506849,0.6397097636802183,0.0,0.161,5.0,6.0,5.1,46.0,52.0,55.0,35.0,28.0,49.0,76.0,54.0,54.0,39.0,55.0,70.0,21.0,37.0,0.506,5.12,100.0,0.97,-4.64,0.0,-3.39,3.0,11.74,69.7,-2.69,18.2,143.16,0.0,,,5.75,0.86,10.24,1.42,-8.495,0.438,-0.207,-0.749,0.542,1470.0,1.0,0.317,0.582,0.14,0.256,0.329,0.346,0.427,0.756,0.102,0.273,0.104,0.544,11.4242,5.1515,1.3333,0.8788,0.6667,2017.0,4.0,4.0,3790.8268,0.672321,-0.4413609999999999,17.6,2.7,-0.48485225,0.672321,0.0,0.077,-0.239,0.179,-0.626,-0.155,0.167,-0.278,0.349,-0.027,,24.0,50.0,1541.48,30.8296,9.551859252147286,5.651711342346316,1.261125671432649,0.9808755222253938,0.6539170148169292,0.122,52.8,51.0,4.6,11.8,1.9,12.5,0.4204545454545454,0.2272727272727272,0.625,0.3445945945945945,,3.0,2.0,2.0,3.0,,,0,0,0,,,,,,,,,,,,,,,,,,,,,,,,,,,,,,,,,,,,,,,,,,,,0,,,0.0,6.8773,0.72,,0.0,0.0,,,6.0,2.0,1.0,0.0,,,,,,,,,,,,,,0.5,20.856,2.0,,,,,,,,,,,,,,,,,,,,,,,,,,,,,,,,,,,,,,,,,,,,,,,,,,,,,,,,,,,,,,,,,,,,,,,,,,,,,,,,,,,,,,,,,,,,,,,,,,,,,,,,,,,,,,,,,,,,396.0,0.0,4.0,1.0,4.0,0.0,6.0,6029.0,,,,,,,,,,,,,,,,,,,,,,,,0.809,0.0,0.0,0.01,0.0028,0.0,1.0,0.988,,,,,,,,,,,,,,,,,,,,,,,,,,,,,,,,,,,,,,,,,,,,,,,,,,,,,,,,,,,,,,,,,,,,,,,,,,,,,,,,,,,,,,,,,,,,,,,,,,,,,,,,,,,,,,,,,,,,,,,,,,,,,,,
P4a4f2b1371,2019,,,,,,,,,,,,,,,,,,,,,,,,,,,,,,,,,,,,,,,,,,,,,,,,,,,,,,,,,,,,,,,,,,,,,,,,,,,,,,,,,,,,,,,,,,,,,,,,,,,,,,,,,,,,,,,,,,,,,,,,,,,,,,,,0.0,,,,,,,,,,,20.33,28.0,433.016664,15.464880857142855,15.13105740429426,7.066702633873693,1.3302028487291655,0.4988260682734372,0.58196374631901,14.951480019715824,57.7,51.52671755725192,,,,,0.2824427480916031,0.465648854961832,0.7704918032786885,0.3513513513513513,,3.0,3.0,1.0,3.0,,,0,0,0,,,,,,,,,,,,,,,,,,,,,,,,,,,,,,,,,,,,,,,0.0,,,54.5,,0,,,0.0,10.8944,0.72,,0.0,0.0,434.0,15.097,6.0,2.0,,0.0,,,,,,,,,,,,,,,,,,,,,,,,,,,,,,,,,,,,,,,,,,,,,,,,,,,,,,,,,,,,,,,,,,,,,,,,,,,,,,,,,,,,,,,,,,,,,,,,,,,,,,,,,,,,,,,,,,,,,,,,,,,,,,,,,,,,,,,0.0,,,,,,,,,,,,,,,,,,,,,,,,,,,,0.0,0.0,0.0,0.0,0.0,0.0,1.0,1.0,17.0,13.0,1.0,3.9,1.0,79.0,3.0,0.0,5.0,5.0,0.0,8.0,16.0,3.19,1.0,0.8514,21.0,2.0,1.0,22.96,6.5,8.5,9.75,10.98,35.5,3.21,,,11.0,0.545,24.75,,,,,,,3.26,32.0,3.75,,,,,,,,,,,,,,,,,,,,,,,,,,,,,,,,,,,,,,,,,,,,,,,,,,,78.25,79.5,200.0,82.0,103.0,6.5,8.5,9.75,32.0,35.5,10.98,3.21,3.26,1.0,22.964638353410873,3.75,,,,,,,,,,,,,,,,6.0,11.0,0.5454545454545454,,,
P5cd98708f1,2019,,,,,,,,,,,,,,,,,,,20.70636550308008,34.0,29.9706,16.321835398690716,12.789053272206765,2.402354307221077,0.7772817361013794,2.261095873956477,23.8,65.28,61.2,14.5,23.5,12.0,27.5,1.3,7.0,0.0350877192982456,0.509,0.779,,0.618,114.7,91.1087,126.949,85.9819,9.88224,3.09531,6.78693,4.10696,82.8,0.6105263157894737,0.7126436781609196,0.3543859649122807,0.4554455445544554,2.0412160780309803,0.0,0.15,2.0,1.0,18.4,99.0,99.0,85.0,98.0,72.0,31.0,95.0,98.0,83.0,93.0,52.0,84.0,83.0,94.0,0.552,0.39,28.0,0.94,-7.03,0.0,4.4,20.0,15.36,60.0,-8.66,0.0,83.12,2.0,12.97,56.9,5.28,0.4,16.66,8.18,12.87,13.427,6.982,3.583,3.399,1654.0,1.0,0.6,0.708,0.438,0.365,0.471,0.163,0.035,0.667,0.158,0.337,0.012,0.654,13.5882,10.6471,2.0,0.6471,1.8824,2019.0,2.0,2.0,1690.0014,3.42479,6.45745,23.1,0.6999999999999993,6.653515,9.88224,1.0,2.641,1.864,0.928,0.278,-0.581,2.229,1.927,-1.463,0.926,,,,,,,,,,,,,,,,,,,,,,,,,,,,,0,0,0,77.0,70.0,-7.0,2.0,70.0,0.0,0.0,0.0,1.0,0.0,1.0,,,,,,,,,,,,,,,,,,,,,,,,,,,,0.0,,,71.0,,1,570.0,,0.0,,,,,0.0,,,8.0,3.0,0.0,0.0,,,,,,,,,,,,,,0.286,3.466,7.0,1.275,0.351,0.029,-0.033,0.039,7.6,-0.234,2.113,0.077,34.0,0.0,30.0,16.32,7.6,2.0,1.0,7.6,-0.234,1.0,126.949,85.9819,20.85,14.5,0.71579398,8.0,9.88224,1.0,8.028,-4.427,7.6,6.457,3.1,4.3,21.0,5.8,3.66,0.7,6.78693,4.58908,4.52146,27.5,91.1087,0.322,1.529,61.2,3.42479,50.9,0.0,9.01804,34.0,1.0,,0.4554,0.354,74.9,29.9706,3.09531,4.42896,12.0,114.7,3.6,4.10696,13.5882,82.8,0.7126,0.611,8.0,2.0,6.457,245.934,0.035,23.5,65.28,23.8,2.0,0.0,0.0,0.0,0.0,0.0,0.0,6.0,10.526,1.0,1.0,1.754,0.0,0.0,0.0,0.0,15.0,26.316,0.0,0.0,1.0,1.754,2.0,3.509,3.0,5.263,1.0,10.526,0.0,0.0,,11.0,7.0,2.0,3.509,0.0,8311.0,0.0,0.286,0.0,0.0,536.0,5.0,13.0,1.0,12.0,5.0,21.0,8311.0,0.0,0.224,2.0,1.0,1.0,2.0,0.676,3.0,0.0,23.0,6.03,23.56,2.0,0.866,94.51123945934576,112.3969553606517,0.8800768370520605,11.0,0.4470674938815971,28.0,0.7186912983841078,,23.0,0.0,0.0,0.0,0.0,0.0,0.0,1.0,1.0,,53.0,7.0,,0.6,,5.0,0.0,3.0,5.0,0.0,18.0,70.0,7.72,1.0,0.245,71.0,2.0,13.0,25.55,5.4,9.25,10.0,11.29,33.5,3.05,,,31.0,0.71,29.25,,,,,,,3.21,29.5,6.5,4.530614354903508,0.8571428571428571,5.048219146662759,0.9285714285714286,7.49965501823376,0.7857142857142857,7.1828773485452455,0.5714285714285714,3.991092334080818,0.9285714285714286,4.068112652873963,1.0,0.5609707019188935,0.7142857142857143,1.7407849322211897,0.9285714285714286,0.2312599681020733,0.0141442715700141,,,0.242489270386266,0.0121457489878542,0.4177799611797743,0.3633492582632035,3.2412429378531065,0.6817515463676438,0.1286579031669552,0.1476040859908159,0.036000000000007,-0.0330000000000064,0.042000000000008,4.300000000000833,0.3195750500000622,3.1000000000006023,2.80000000000054,21.00000000000409,3.660000000000706,0.7000000000001351,0.7696969696969697,0.3333333333333333,0.696078431372549,0.4427480916030534,0.9242424242424242,0.6031746031746031,0.6101694915254238,0.6817660550458716,0.0270069112174375,0.4472782258064516,2.192771084337349,8.58695652173913,80.75,82.25,237.0,87.25,110.0,5.4,9.25,10.0,29.5,33.5,11.29,3.05,3.21,13.0,25.554158920258914,6.5,,,,,,,,,,,,,,,,22.0,31.0,0.7096774193548387,,,
P9537391b0e,2019,,,,,,,,,,,,,,,,,,,23.586584531143053,34.0,34.1471,20.27905151535562,5.426393456545358,2.9457142773471245,1.519402818980235,0.806194376682061,26.6,55.8,51.7,16.2,11.5,2.9,13.5,2.4,2.6,0.6443089430894309,0.402,0.732,0.338,0.537,111.5,93.8568,121.822,92.5966,6.8375,5.0763,1.7612,4.07178,88.0,0.2439024390243902,0.6333333333333333,0.1117886178861788,0.3272727272727272,0.5857012747788245,0.0,0.171,1.0,2.0,19.6,95.0,97.0,89.0,58.0,70.0,84.0,77.0,98.0,91.0,61.0,73.0,96.0,54.0,71.0,0.534,10.92,29.0,0.97,-0.44,0.0,1.62,3.0,19.8,41.4,-2.99,0.0,143.53,1.0,20.0,36.6,7.72,0.56,18.62,9.54,25.688,20.394,7.87,4.742,3.128,1534.0,1.0,0.244,0.633,0.342,0.112,0.327,0.222,0.644,0.682,0.058,0.161,0.205,0.452,19.2353,5.1471,2.7941,1.4412,0.7647,2019.0,4.0,4.0,3963.9974,2.90526,3.93224,17.2,9.400000000000002,4.6332975,6.8375,1.0,1.833,0.337,1.513,0.51,0.85,0.287,-0.576,1.166,1.935,,,,,,,,,,,,,,,,,,,,,,,,,,,,,0,0,0,32.0,62.0,30.0,6.0,62.0,,,,,,,,,,,,,,,,,,,,,,,,,,,,,,,72.0,,52.0,50.0,41.7,58.3,69.0,,0,,,0.0,,,,,0.0,,,3.0,1.0,1.0,0.0,,,,,,,,,,,,,,0.0,-1.508,8.0,0.145,0.196,-0.045,-0.065,-0.017,0.8,-0.163,-0.454,0.073,34.0,0.0,34.1,20.27,17.5,4.0,1.0,5.55,3.635,4.0,,,,,,,,,,,,,,,,,,,,,,,,,,,,,,,,,,,,,,,,,,,,,,,,,,,,,,,,,,,,,,,,,,,,,,,,,,,,,,,,,,,,,,,,,,,,,,,,,455.0,3.0,11.0,1.0,17.0,5.0,22.0,7170.0,,,0.0,1.0,1.0,0.0,0.853,2.0,1.0,10.0,7.07,21.27,1.0,0.861,96.9542033119398,113.52093731073673,0.8598576745252962,5.0,0.5690543624723277,35.0,0.5580994992385491,,29.0,0.0,0.0,0.0,0.0,0.0,0.0,1.0,1.0,64.0,60.0,-7.0,2.5,1.0,78.0,3.0,0.0,6.0,6.0,0.0,7.0,62.0,2.29,1.0,0.3777,67.0,5.0,6.0,23.37,7.0,8.5,8.75,10.43,36.5,2.75,24.0,0.5,29.0,0.69,24.75,25.0,0.72,,,25.0,0.52,3.26,29.0,5.25,4.320459052839426,1.0,7.583885270248882,0.6,6.832031185125302,0.9,2.9966866734100157,0.3,2.977568689374876,0.5,6.06997180395771,0.4,0.6525159024837521,0.8,1.776586455881411,0.7,0.2426470588235294,0.3703271028037383,,,0.2508650519031142,0.3602693602693603,0.3674848838609699,0.3815384311219906,3.791847563917029,0.8042994467884574,0.13863648,0.1589652627425536,0.0296999999999959,0.0107999999999988,0.0155999999999969,1.7599999999994236,0.1417749979999751,-0.3999999999999649,0.0199999999999798,9.279999999999118,2.079999999999717,2.559999999999623,0.7293577981651376,0.3378746594005449,0.6266666666666667,0.3529411764705882,0.9629629629629628,0.5302325581395348,0.5728155339805825,0.35764608371322,0.4699317520698142,0.5194565217391304,2.496,4.205128205128205,,,,,,,,,,,,,,,,,,,,,,,,,,,,,,,,,,,,,
P1ddfe32e8c,2019,,,,,,,,,,,,,,,,,,,23.586584531143053,34.0,34.4412,12.604578237692063,4.642207588585763,5.072541026445072,1.4141319117800772,0.737848855440577,18.4,59.58,56.4,25.6,16.7,3.0,11.1,2.2,2.3,0.3187919463087248,0.326,0.763,0.358,0.576,119.0,95.2508,117.562,93.9719,6.17067,3.51255,2.65812,3.59771,85.6,0.3422818791946309,0.7156862745098039,0.3389261744966443,0.4356435643564356,0.4782234136816986,0.0,0.172,4.0,3.0,19.6,93.0,95.0,40.0,78.0,91.0,77.0,73.0,97.0,43.0,85.0,65.0,94.0,56.0,89.0,0.556,3.25,29.0,1.0,3.75,5.5,2.46,3.0,19.1,63.5,5.63,4.0,143.53,1.0,23.0,81.0,6.35,0.55,15.46,8.12,-29.018,14.461,0.296,1.215,-0.919,1562.0,0.0,0.338,0.713,0.306,0.344,0.437,0.333,0.318,0.676,0.079,0.235,0.103,0.567,12.0588,4.4412,4.8529,1.3529,0.7059,2019.0,4.0,4.0,3521.0024000000003,4.16423,2.0064400000000004,22.2,-3.8000000000000007,5.4606925,7.71628,1.0,1.656,0.946,-0.199,1.796,0.59,0.155,-0.548,-0.238,-0.022,,,,,,,,,,,,,,,,,,,,,,,,,,,,,0,0,0,33.0,91.0,58.0,5.0,70.0,1.0,1.0,0.0,1.0,0.0,2.0,,,,,,,,,,,,,,,,,,,,,,,,,,68.0,64.0,50.0,58.3,,58.1,,0,406.0,,0.0,,,,,0.0,,,3.0,1.0,1.0,0.0,,,,,,,,,,,,,,0.0,-1.508,8.0,0.388,-0.78,-0.011,0.064,0.062,-1.3,-1.455,-1.644,-0.249,34.0,0.0,34.4,12.663,23.0,4.0,1.0,7.88,1.156,4.0,,,,,,,,,,,,,,,,,,,,,,,,,,,,,,,,,,,,,,,,,,,,,,,,,,,,,,,,,0.0,0.0,0.0,0.0,0.0,0.0,1.0,2.463,1.0,1.0,2.463,1.0,2.463,0.0,0.0,0.0,0.0,1.0,2.463,0.0,0.0,2.0,4.926,1.0,2.463,0.0,0.0,1.0,2.463,,5.0,5.0,0.0,0.0,0.0,5789.0,0.0,0.25,0.0,0.0,441.0,3.0,16.0,1.0,23.0,6.0,32.0,5789.0,,,0.0,1.0,1.0,0.0,0.853,2.0,1.0,11.0,7.07,21.94,0.0,0.861,96.9542033119398,113.52093731073673,0.8598576745252962,5.0,0.5690543624723277,35.0,0.5580994992385491,,29.0,0.0,0.0,0.0,0.0,0.0,0.0,1.0,1.0,76.0,63.0,17.0,10.2,1.0,78.0,3.0,0.0,6.0,6.0,0.0,28.0,70.0,9.29,1.0,0.258,91.0,5.0,7.0,22.94,5.0,8.25,9.0,10.44,35.5,2.99,12.0,0.583,31.0,0.581,25.75,,,25.0,0.68,25.0,0.64,3.32,28.0,5.5,5.424895430206149,0.6,7.589367093425423,0.8,3.3584188946186355,1.0,3.185272398121401,0.7,2.99319841182174,0.6,5.8690928798138025,0.3,0.6931006395915514,0.65,1.7866892991949137,0.6,0.1188725490196078,0.1109813084112149,,,0.1280276816608996,0.1144781144781144,0.434763676660967,0.3612964088735271,3.893814931142788,0.772196513841924,0.13863648,0.1589652627425536,0.0158999999999964,0.0580999999999981,0.0571999999999924,0.6700000000000419,0.3285222109999551,-1.2999999999998393,0.3599999999999402,16.409999999998195,2.9099999999995783,-0.1400000000001081,0.7521367521367521,0.3517241379310344,0.6893939393939394,0.4274809160305343,0.92,0.5637860082304527,0.6781609195402298,0.4246800516613831,0.2397751391039981,1.0992164948453609,2.2488888888888887,3.615384615384616,76.75,77.5,192.2,82.25,102.5,5.0,8.25,9.0,28.0,35.5,10.44,2.99,3.32,7.0,22.940079696403597,5.5,,,,17.0,25.0,0.68,16.0,25.0,0.64,7.0,12.0,0.5833333333333334,,,,18.0,31.0,0.5806451612903226,,,
Pf6658be174,2019,,,,,,,,,,,,,,,,,,,21.1854893908282,39.0,31.641,16.13292879491799,5.7179482317246615,2.392263202806485,1.2252583673082391,0.1749881482886128,19.7,60.55,56.8,11.2,13.4,2.0,15.3,1.9,0.5,0.5099502487562189,0.286,0.835,0.415,0.513,118.2,102.472,125.361,95.323,6.19458,4.78302,1.41156,4.11102,98.6,0.3308457711442786,0.556390977443609,0.1567164179104477,0.4285714285714285,0.1296597485087103,0.0,0.158,4.0,5.0,25.8,95.0,94.0,54.0,85.0,52.0,63.0,29.0,96.0,53.0,39.0,52.0,40.0,33.0,90.0,0.617,6.65,5.0,0.97,5.83,8.2,4.24,27.0,18.17,60.7,0.84,0.0,61.54,5.0,23.1,64.9,7.81,0.71,18.72,4.42,,,,,,,,0.291,0.598,0.257,0.199,0.388,0.161,0.51,0.812,0.043,0.216,0.096,0.479,14.1795,5.0256,2.1026,1.0769,0.1538,2018.0,2.0,2.0,2037.0003,-0.788348,6.982928,21.8,-2.1000000000000014,2.703116,6.19458,0.0,1.641,1.058,0.07,-0.167,0.255,-0.633,-0.857,0.637,0.811,,22.0,42.0,913.22,21.74333333333333,18.17305797069709,4.612251155252841,3.469043603950855,0.7884190008979216,0.1182628501346882,0.217,55.0,52.7,15.0,9.0,1.4,11.3,0.4427480916030534,0.1526717557251908,0.7833333333333333,0.3563218390804598,,2.0,2.0,3.0,2.0,23.89090909090909,2.0,1,1,0,3.0,8.0,5.0,9.0,8.0,,,,,,,,,,,,,,,,,,,,,,,,,,,,,,,,,,0.0,,,,,0,,,0.0,15.4471,0.85,,0.0,0.0,,,8.0,3.0,1.0,0.0,,,,,,,,,,,,,,0.0,-0.11,3.0,-0.519,0.095,0.072,0.036,0.148,4.4,1.221,1.99,0.724,39.0,1.0,31.6,16.177,4.4,2.0,1.0,4.4,1.221,2.0,,,,,,,,,,,,,,,,,,,,,,,,,,,,,,,,,,,,,,,,,,,,,,,,,,,,,,,,,,,,,,,,,,,,,,,,,,,,,,,,,,,,,,,,,,,,,,,,,1549.0,1.0,98.0,1.0,72.0,1.0,216.0,11361.0,0.2,1.618,10.0,1.0,1.0,5.0,0.667,3.0,0.0,14.0,8.43,39.62,1.0,0.942,96.7024156305335,122.49134990199344,0.9381166629710678,8.0,0.6101338349491926,6.0,0.7759446814849174,,31.0,0.0,0.0,0.0,0.0,0.0,0.0,1.0,1.0,9.0,6.0,-5.0,2.2,1.0,75.0,2.0,0.0,6.0,6.0,0.0,6.0,8.0,2.03,1.0,0.9294,12.0,4.0,,23.96,6.25,8.5,9.5,10.9,33.5,3.18,,,,,24.0,,,,,,,3.13,27.5,3.0,4.127891520836715,0.4545454545454545,6.460587429530877,0.6363636363636364,9.733764116828048,0.7272727272727273,2.765005340551179,0.0909090909090909,4.577245154781181,0.1363636363636363,4.539604492620633,0.6363636363636364,0.5842931069298702,0.7727272727272727,3.3529896522291645,0.2727272727272727,0.1799687010954616,0.2104722792607803,0.1408898305084746,0.017094017094017,0.2119205298013245,0.217391304347826,0.3746681500325569,0.4329613374803059,4.282439487422876,0.8266346518026176,0.1432410642300456,0.156646856793175,0.0530000000000014,0.0180000000000004,0.0740000000000019,2.5000000000000684,0.1360095600000037,0.4500000000000125,2.700000000000075,7.150000000000197,4.230000000000111,-1.0500000000000296,0.8148148148148148,0.4,0.5644171779141104,0.4193548387096774,0.9285714285714286,0.510548523206751,0.5426356589147286,0.4056562085726911,0.4155150175050672,0.4685603864734299,0.7916666666666666,5.766666666666667,,,,,,,,,,,,,,,,,,,,,,,,,,,,,,,,,,,,,
P4a79c6caeb,2019,,,,,,,,,,,,,,,,,,,20.684462696783022,35.0,29.2571,18.667960939395908,9.31638474079796,2.214846994404777,1.054636310502408,1.511756120736505,25.4,59.19,56.7,13.1,15.8,10.2,19.9,1.7,4.8,0.2142857142857142,0.489,0.663,0.423,0.549,116.1,92.7403,130.806,86.8162,10.1555,5.26994,4.8856,4.36952,97.2,0.3763736263736263,0.656934306569343,0.4093406593406593,0.4496644295302013,1.2890643882779125,2.0,0.138,1.0,1.0,27.1,99.0,99.0,91.0,87.0,67.0,54.0,89.0,99.0,90.0,89.0,76.0,67.0,67.0,71.0,0.525,3.05,10.0,0.91,3.72,0.0,4.38,17.0,22.63,62.2,3.7,4.4,81.2,2.0,27.94,64.9,7.04,0.56,17.48,7.86,14.526,21.211,8.593,4.943,3.65,1452.0,1.0,0.363,0.667,0.545,0.423,0.448,0.406,0.214,0.97,0.182,0.165,0.006,0.423,15.1714,7.5714,1.8,0.8571,1.2286,2019.0,2.0,2.0,2036.0003,5.43268,4.72282,21.3,4.099999999999998,7.794090000000001,10.1555,1.0,2.714,0.883,1.262,0.086,-0.06,1.258,1.432,-0.689,1.524,,,,,,,,,,,,,,,,,,,,,,,,,,,,,0,0,0,47.0,12.0,-35.0,11.0,14.0,,,,1.0,0.0,,,,,,,,,,,,,,,,,,,,,,,,,,,,,0.0,,,,,1,455.0,,0.0,,,,,0.0,,,8.0,3.0,1.0,0.0,,,,,,,,,,,,,,0.458,9.771,24.0,0.241,0.423,0.003,0.185,0.057,1.9,4.486,1.726,-0.068,35.0,1.0,29.3,18.676,1.9,2.0,1.0,1.9,4.486,1.0,130.806,86.8162,20.82,13.1,0.91305668,8.0,10.1555,1.0,17.264,-7.176,2.7,4.723,4.0,-31.4,0.6,10.6,3.43,4.1,4.8856,3.70953,4.29842,19.9,92.7403,0.27,0.943,56.7,5.43268,48.9,0.0,10.0035,35.0,0.0,43.0,0.4497,0.409,68.7,29.2571,5.26994,6.29402,10.2,116.1,3.4,4.36952,15.1714,97.2,0.6569,0.376,7.0,2.0,4.723,220.01,0.214,15.8,59.19,25.4,2.0,0.0,0.0,0.0,0.0,0.0,0.0,0.0,0.0,1.0,7.0,15.385,2.0,4.396,0.0,0.0,0.0,0.0,0.0,0.0,0.0,0.0,0.0,0.0,1.0,2.198,1.0,4.396,1.0,2.198,,6.0,7.0,0.0,0.0,0.0,7255.0,0.0,0.25,0.0,0.0,813.0,5.0,43.0,1.0,26.0,9.0,87.0,7255.0,0.368,7.599,19.0,1.0,1.0,4.0,0.811,3.0,1.0,25.0,8.61,44.47,4.0,0.81,90.96547706575583,118.25576906314436,0.9533474637120924,7.0,0.5581559160093404,8.0,0.7225179244911001,,30.0,0.0,0.0,0.0,0.0,0.0,0.0,1.0,1.0,15.0,12.0,1.0,2.9,1.0,79.0,4.0,0.0,5.0,5.0,0.0,7.0,14.0,2.23,1.0,0.8614,19.0,2.0,,26.28,8.6,9.0,10.25,,,,,,,,28.0,,,,,,,,,8.0,2.5688993368870587,0.9,4.635326950975753,0.7,7.611850689560381,0.7,5.76215889665736,0.2,5.369082951354376,0.7,4.009150690791054,1.0,0.8577687357881406,0.65,3.35608888038404,0.8,0.2072176949941792,0.128500823723229,,,0.1858267716535433,0.1534883720930232,0.3003458881316035,0.3489476868296892,4.116125290023201,0.6257212251445089,0.122735999013857,0.1315285268475743,0.0070000000000013,0.1850000000000359,0.057000000000011,-31.400000000006127,0.1102529700000214,2.3000000000004457,5.100000000000989,0.6000000000001116,3.4300000000006707,4.100000000000795,0.6666666666666666,0.390625,0.6467065868263473,0.441340782122905,0.8936170212765957,0.5429447852760736,0.57,0.4867968891300416,0.1428571428571428,0.417810606060606,2.51076923076923,6.84090909090909,78.5,80.0,230.4,86.5,106.5,8.6,9.0,10.25,,,,,,,26.287026840660847,8.0,,,,,,,,,,,,,,,,,,,,,
P14a01dedf9,2019,,,,,,,,,,,,,,,,,,,21.13347022587269,36.0,35.4167,24.677646421038663,3.670573486519072,2.9364791186078887,1.355258959756273,0.2823752636468107,34.8,54.09,49.0,18.3,15.5,1.3,10.7,2.3,1.0,0.5405405405405406,0.314,0.837,0.355,0.44,108.0,102.371,137.001,96.5837,5.21873,5.61262,-0.393888,6.00519,76.6,0.2645803698435277,0.5,0.1963015647226173,0.3550724637681159,0.0627450389850613,0.0,0.177,1.0,7.0,28.3,92.0,90.0,100.0,47.0,78.0,78.0,44.0,,,,,,,,0.595,11.92,7.0,1.0,-5.84,0.0,3.86,23.0,27.52,54.0,0.28,0.0,65.5,4.0,33.1,65.1,8.78,0.62,20.28,6.02,6.55,15.9,6.807,5.91,0.897,2000.0,1.0,0.272,0.492,0.17,0.188,0.364,0.146,0.541,0.474,0.021,0.226,0.285,0.671,24.2778,3.6111,2.8889,1.3333,0.2778,2019.0,3.0,3.0,3183.0009,1.37854,3.84019,25.1,9.699999999999996,4.707386666666667,7.52489,1.0,1.403,0.062,3.225,0.797,0.72,-0.419,-1.016,0.719,3.056,,19.3,7.0,148.0,21.142857142857142,17.756756756756758,2.918918918918919,5.594594594594595,1.4594594594594594,0.2432432432432432,17.250810810810812,58.9,57.407407407407405,,,,,0.5370370370370371,0.3333333333333333,0.6111111111111112,0.4137931034482758,10.0,1.0,1.0,1.0,1.0,17.756756756756758,1.0,0,0,0,88.0,88.0,0.0,2.0,,0.0,0.0,0.0,1.0,0.0,1.0,,,,,,,,,,,,,,,,,,,,,,,,,68.0,,68.0,50.0,58.3,,88.0,,1,1036.0,,0.0,5.327,0.3,,2.0,0.0,,,3.0,1.0,1.0,0.0,,,,,,,,,,,,,,0.0,1.722,3.0,-0.468,0.061,-0.065,-0.051,0.013,5.9,2.136,-0.976,-0.02,36.0,1.0,35.4,24.712,12.2,3.0,1.0,6.1,4.365,2.0,137.001,96.5837,21.27,18.3,0.92035427,3.0,5.21873,0.0,-0.108,3.556,-1.2,-2.306,-6.5,-0.4,13.6,-9.3,-5.51,6.2,-0.393888,0.429332,3.98481,10.7,102.371,0.038,0.056,49.0,1.37854,31.4,0.0,7.53642,36.0,0.0,43.0,0.3551,0.196,87.3,35.4167,5.61262,7.10708,1.3,108.0,2.3,6.00519,24.2778,76.6,0.5,0.264,3.0,3.0,1.92,217.953,0.54,15.5,54.09,34.8,3.0,0.0,0.0,0.0,0.0,0.0,0.0,1.0,0.965,1.0,11.0,10.618,0.0,0.0,0.0,0.0,8.0,7.722,0.0,0.0,1.0,0.965,5.0,4.826,12.0,11.583,0.0,0.0,0.0,0.0,,20.0,10.0,12.0,11.583,0.0,12943.0,0.0,0.688,0.0,0.0,713.0,29.0,51.0,1.0,108.0,63.0,138.0,12943.0,0.0,1.722,3.0,1.0,1.0,4.0,0.722,3.0,1.0,3.0,11.22,58.32,0.0,0.835,95.57330327249244,123.490616073242,0.9501273797084594,10.0,0.602957467871331,9.0,0.763345059949149,,26.0,0.941,1.0,0.0,0.11,0.024,0.0,0.865,0.965,,,,,,,,,,,,,,,,,,,14.0,28.0,5.5,8.75,9.0,10.53,34.0,2.82,12.0,0.583,33.0,0.636,23.75,25.0,0.84,,,24.0,0.625,3.22,28.5,7.25,4.145222538590551,1.0,8.024319232319105,0.4545454545454545,4.088260185859281,1.0,4.334717352460618,0.3636363636363636,5.189912732126556,0.3636363636363636,4.554216564908602,0.3636363636363636,0.7353831323874472,0.7727272727272727,3.7873349509892975,0.5454545454545454,0.344773790951638,0.3889457523029683,0.2638297872340425,0.0795454545454545,0.4013015184381778,0.3698630136986301,0.4310462619211005,0.3605344005318445,4.562460644223783,0.790925808886023,0.1218457039415341,0.1577720574861711,0.0129999999999932,0.0074999999999955,0.0614999999999805,4.199999999998618,-0.0241824650000201,-0.449999999999862,0.149999999999864,14.899999999995703,2.824999999998868,4.849999999998671,0.8257261410788381,0.3534883720930232,0.5138888888888888,0.3630952380952381,0.6470588235294118,0.4462809917355372,0.5083798882681564,0.3539438168549435,0.4463384546372098,0.431941340782123,1.3939393939393938,3.6363636363636367,,,,,,,,,,,,,,,,,,,,,,,,,,,,,,,,,,,,,
P519f028bfb,2019,,,,,,,,,,,,,,,,,,,20.83504449007529,33.0,35.1212,20.1898568386046,4.224320353518673,5.21828411329909,2.671309636345,0.2795234786966277,27.6,57.73,52.2,29.0,11.3,3.1,10.3,4.1,0.9,0.3865546218487395,0.384,0.836,0.353,0.517,116.8,100.471,131.671,97.7754,7.89067,6.72547,1.1652,5.32766,91.2,0.361344537815126,0.5930232558139535,0.25,0.4117647058823529,0.0690250453925954,1.0,0.17,1.0,1.0,7.0,98.0,99.0,96.0,80.0,97.0,99.0,39.0,99.0,94.0,92.0,98.0,63.0,58.0,81.0,0.592,6.35,78.0,1.0,-2.85,0.0,3.08,9.0,23.71,54.4,1.78,0.0,117.73,1.0,25.64,54.2,8.32,0.49,22.98,10.52,21.145,7.365,4.581,3.216,1.366,1966.0,1.0,0.363,0.59,0.167,0.252,0.408,0.163,0.386,0.477,0.04,0.302,0.202,0.715,19.697,4.1212,5.0909,2.6061,0.2727,2019.0,3.0,3.0,3344.0006000000003,5.88294,2.0077300000000005,23.5,4.100000000000001,6.647633333333334,7.89067,1.0,2.112,0.648,1.722,2.261,3.06,-0.463,-0.521,0.054,1.912,,,,,,,,,,,,,,,,,,,,,,,,,,,,,0,1,0,41.0,36.0,-5.0,7.0,36.0,,,,,,,,,,,,,,,,,,,,,,,,,,,,,,,,60.0,64.0,50.0,58.3,,69.4,,0,,,0.0,,,,,0.0,,,6.0,2.0,1.0,0.0,,,,,,,,,,,,,,0.333,2.566,3.0,0.658,0.21,0.034,0.1,-0.021,-1.9,-0.811,-0.66,0.429,33.0,0.0,35.1,20.205,1.5,3.0,1.0,0.75,0.781,2.0,131.671,97.7754,20.97,29.0,2.58460679,6.0,7.89067,1.0,5.538,3.231,-0.7,1.721,5.8,5.3,1.5,11.9,5.43,-4.4,1.1652,2.69389,3.81783,10.3,100.471,0.012,0.061,52.2,5.88294,38.4,0.0,9.01981,33.0,0.0,32.0,0.4118,0.251,84.3,35.1212,6.72547,6.32591,3.1,116.8,2.3,5.32766,19.697,91.2,0.593,0.362,2.0,3.0,1.004,242.264,0.387,11.3,57.73,27.6,3.0,,,,,,,,,,,,,,,,,,,,,,,,,,,,,,,,,,,,,,,,,399.0,3.0,13.0,1.0,22.0,4.0,24.0,6621.0,,,0.0,1.0,1.0,0.5,0.618,3.0,0.0,2.0,4.09,4.01,0.0,0.813,100.62506301041478,108.30663112067958,0.6997269001657376,13.0,0.428507993741978,84.0,0.6236237970825703,,21.0,0.0,0.0,0.0,0.0,0.0,0.0,1.0,1.0,40.0,32.0,12.0,7.7,1.0,71.0,1.0,0.0,6.0,6.0,0.0,19.0,36.0,6.34,1.0,0.6054,51.0,3.0,0.0,24.75,9.8,7.75,8.0,11.01,37.0,3.07,12.0,0.583,36.0,0.694,25.0,,,25.0,0.6,25.0,0.64,3.2,29.0,4.0,4.541861625511868,0.9230769230769232,4.834505777312562,0.8461538461538461,4.376531555111312,1.0,3.824787103228107,0.4615384615384615,2.6448605346082843,0.4615384615384615,3.476236622422957,0.4615384615384615,0.7265118108449758,0.9230769230769232,1.9332253779192727,0.4615384615384615,0.2951612903225806,0.2277227722772277,0.2222222222222222,0.0198019801980198,0.3430493273542601,0.2249134948096885,0.4011783327096422,0.3624153845313539,4.251096121416525,0.6400233741574695,0.1334118362940614,0.1577022655366796,0.0114999999999965,-0.0109999999999923,0.006499999999997,2.999999999999239,0.4697305049998814,-0.2999999999999225,-0.2499999999999619,0.0500000000000374,0.330000000000107,2.04999999999916,0.8226600985221675,0.3504273504273504,0.594059405940594,0.4093959731543624,0.9166666666666666,0.5150602409638554,0.5882352941176471,0.4537482929634155,0.3180030632942832,0.8994055944055944,1.476,4.0606060606060606,71.5,72.5,180.0,75.5,96.5,9.8,7.75,8.0,29.0,37.0,11.01,3.07,3.2,0.0,24.75476049392121,4.0,,,,15.0,25.0,0.6,16.0,25.0,0.64,7.0,12.0,0.5833333333333334,,,,25.0,36.0,0.6944444444444444,,,
P5277c76d51,2019,,,,,,,,,,,,,,,,,,,,,,,,,,,,,,,,,,,,,,,,,,,,,,,,,,,,,,,,,,,,,,,,,,,,,,,,,,,,,,,,,,,,,,,,,,,,,,,,,,,,,,,,,,,,,,,,,,,,,,,,,,,,,,,,0.0,,,,,,,,,,,19.54,11.0,307.0,27.90909090909091,26.03257328990228,10.201954397394136,1.52442996742671,0.8208469055374593,3.2833876221498373,22.72104234527687,67.0,64.12213740458014,,,,,0.183206106870229,0.6030534351145038,0.6835443037974683,0.4166666666666667,24.63636363636364,4.0,3.0,5.0,4.0,17.04588623132496,3.0,0,0,0,,,,,,0.0,0.0,0.0,1.0,1.0,0.0,,,,,,,,,,,,,,,,,,,,,,,,,,,,,,,,,1,1987.0,,0.0,26.0326,1.0,,0.0,0.0,314.6,18.0,1.0,1.0,1.0,0.0,,,,,,,,,,,,,,,,,,,,,,,,,,13.0,1.0,24.2,18.0,0.0,1.0,0.0,,,0.0,,,,,,,,,,,,,,,,,,,,,,,,,,,,,,,,,,,,,,,,,,,,,,,,,,,,,,,,,0.0,0.0,2.0,1.007,0.0,0.0,16.0,8.052,1.0,4.0,2.013,3.0,1.51,0.0,0.0,26.0,13.085,0.0,0.0,1.0,0.503,1.0,0.503,8.0,4.026,0.0,0.0,1.0,0.503,,59.0,17.0,2.0,1.007,0.0,28320.0,0.0,0.583,0.0,0.0,932.0,14.0,42.0,1.0,63.0,31.0,107.0,28320.0,,,,,,,,,,,,,,,,,,,,,,,,0.735,0.0,0.0063,0.01,0.0014,0.0,1.033,0.994,,,,,,,,,,,,,,,,,,,,,,,,,,,,,,,,,,,,,,,,,,,,,,,,,,,,,,,,,,,,,,,,,,,,,,,,,,,,,,,,,,,,,,,,,,,,,,,,,,,,,,,,,,,,,,,,,,,,,,,,,,,,,,,
P4f7a1b04a6,2019,,,,,,,,,,,,,,,,,,,20.85968514715948,34.0,33.0,13.572218181818185,8.181818181818182,1.9572,1.0588363636363636,0.8662909090909091,23.3,47.5,43.3,11.8,15.6,7.5,18.0,1.8,3.4,0.2967914438502674,0.401,0.66,0.27,0.445,97.3,97.3627,107.187,92.8226,3.01833,0.775652,2.24268,2.25089,72.8,0.4304812834224599,0.546583850931677,0.2727272727272727,0.284313725490196,0.570409982174688,0.0,0.165,3.0,5.0,15.1,81.0,83.0,83.0,19.0,57.0,60.0,81.0,74.0,80.0,84.0,81.0,48.0,34.0,10.0,0.474,3.96,38.0,1.0,-3.83,0.0,0.77,14.0,14.13,47.4,-1.71,0.0,97.41,1.0,14.74,58.3,6.05,0.68,14.86,4.6,-21.275,1.435,-0.71,-1.855,1.145,1826.0,1.0,0.433,0.549,0.348,0.27,0.277,0.214,0.297,0.9,0.167,0.282,0.03,0.524,12.4412,7.5,1.7941,0.9706,0.7941,2019.0,2.0,2.0,2532.9987,2.25696,0.7613700000000003,22.6,0.6999999999999993,2.637645,3.01833,1.0,0.819,-0.999,0.824,-0.092,0.07,0.64,0.689,-0.333,0.225,,18.08,5.0,138.0,27.6,21.39130434782609,10.173913043478262,1.3043478260869563,3.130434782608696,0.782608695652174,21.161739130434785,53.2,44.642857142857146,,,,,0.2857142857142857,0.8571428571428571,0.6666666666666666,0.25,17.6,1.0,1.0,1.0,1.0,21.39130434782609,1.0,0,0,0,27.0,88.0,61.0,2.0,,,,,,,,,,,,,,,,,,,,,,,,,,,,,,,,,72.0,56.0,50.0,66.7,83.3,80.0,80.0,0,,,0.0,6.4174,0.3,,3.0,0.0,,,6.0,2.0,0.0,0.0,,,,,,,,,,,,,,0.231,2.579,13.0,1.113,0.117,0.039,-0.061,-0.127,-5.1,-0.551,-0.133,-0.043,34.0,0.0,33.0,13.527,-5.1,2.0,1.0,-5.1,-0.551,1.0,107.187,92.8226,21.0,11.8,0.88405438,6.0,3.01833,1.0,-3.507,2.982,6.3,0.761,1.9,-8.2,-11.9,-5.7,-1.61,0.7,2.24268,1.23103,4.17979,18.0,97.3627,0.118,0.471,43.3,2.25696,40.1,0.0,2.58976,34.0,0.0,0.0,0.2843,0.273,82.2,33.0,0.775652,1.35872,7.5,97.3,2.5,2.25089,12.4412,72.8,0.5466,0.43,6.0,2.0,0.761,221.009,0.297,15.6,47.5,23.3,2.0,,,,,,,,,,,,,,,,,,,,,,,,,,,,,,,,,,,,,,,,,353.0,4.0,6.0,1.0,14.0,4.0,14.0,4284.0,0.333,3.324,6.0,1.0,1.0,1.0,0.588,3.0,0.0,11.0,9.3,27.86,1.0,0.851,95.384096859401,111.28049208434209,0.8547849542264111,14.0,0.5502038889814878,36.0,0.6989455644492435,,20.0,0.0,0.0,0.0,0.0,0.0,0.0,1.0,1.0,,,,,,,,,,,,,,,,,,,11.0,22.89,2.9,9.0,9.5,11.3,37.5,3.18,24.0,0.75,20.0,0.8,25.0,,,25.0,0.72,25.0,0.56,3.48,34.0,5.0,4.839548213517373,0.7333333333333333,8.73098083879984,0.4666666666666667,6.067347545909088,0.4,7.196137936116984,0.4666666666666667,4.048565655915999,0.8666666666666667,4.0032130680248805,0.7333333333333333,0.7600613197926859,0.3333333333333333,3.5818647288787053,0.7333333333333333,0.2139800285306704,0.134872417982989,,,0.20625,0.1094890510948905,0.4039104451258257,0.3518460706486871,5.955337482048828,0.7711304680421713,0.12679776,0.1438542325314404,0.0790000000000153,-0.0610000000000119,-0.1270000000000248,-8.200000000001594,0.391320180000076,0.6000000000001158,-1.4000000000002728,-11.900000000002311,-1.6100000000003178,0.7000000000001351,0.6647058823529411,0.2919254658385093,0.5549738219895288,0.3106060606060606,0.8620689655172413,0.4521452145214521,0.5070422535211268,0.5159090909090909,0.1972790185592954,0.4098436213991769,2.353846153846154,7.285714285714286,79.0,80.0,203.2,84.0,104.0,2.9,9.0,9.5,34.0,37.5,11.3,3.18,3.48,11.0,22.891161445710175,5.0,,,,18.0,25.0,0.72,14.0,25.0,0.56,8.0,12.0,0.6666666666666666,10.0,12.0,0.8333333333333334,8.0,10.0,0.8,8.0,10.0,0.8
P47c5a2733b,2019,,,,,,,,,,,,,,,,,,,21.95482546201232,33.0,31.0,17.63047741935484,6.7214322580645165,4.011677419354839,1.900335483870968,0.7742322580645161,26.8,55.55,52.5,22.9,19.4,4.5,17.5,3.1,2.3,0.43424317617866,0.251,0.772,0.371,0.5,106.3,98.6274,120.184,93.7755,6.62964,3.72781,2.90182,3.50702,66.0,0.28287841191067,0.631578947368421,0.28287841191067,0.3684210526315789,0.5474095796676441,0.0,0.155,1.0,1.0,15.7,94.0,93.0,91.0,58.0,90.0,93.0,69.0,98.0,92.0,79.0,91.0,94.0,78.0,70.0,0.567,6.84,41.0,0.94,-4.11,0.0,2.25,12.0,19.39,54.7,-0.3,0.0,96.24,1.0,18.89,57.1,7.93,0.7,15.38,6.84,-5.197,6.101,1.115,3.308,-2.193,1541.0,1.0,0.285,0.635,0.411,0.28,0.363,0.293,0.434,0.754,0.096,0.168,0.107,0.473,15.1818,5.7879,3.4545,1.6364,0.6667,2019.0,4.0,4.0,2940.0022,0.38846,6.24118,16.1,10.7,4.137975,6.62964,1.0,1.778,0.297,1.555,1.426,1.76,0.155,-0.136,0.26,1.26,,,,,,,,,,,,,,,,,,,,,,,,,,,,,0,0,0,,,,,,,,,,,,,,,,,,,,,,,,,,,,,,,,,,,,,68.0,76.0,50.0,66.7,,60.6,,0,,,0.0,,,,,0.0,,,5.0,2.0,1.0,0.0,,,,,,,,,,,,,,0.0,-0.963,2.0,1.295,-0.49,0.037,0.054,0.052,3.7,-0.546,-1.44,0.671,33.0,0.0,31.0,17.652,24.4,4.0,1.0,7.52,2.05,3.0,120.184,93.7755,22.09,22.9,1.25271971,5.0,6.62964,1.0,6.464,-6.72,6.5,3.344,4.2,0.7,10.0,6.6,4.35,-0.1,2.90182,2.11529,3.82391,17.5,98.6274,0.167,0.424,52.5,0.38846,25.1,0.0,6.32531,33.0,0.0,24.0,0.3684,0.283,77.2,31.0,3.72781,4.21002,4.5,106.3,3.4,3.50702,15.1818,66.0,0.6316,0.283,4.0,4.0,1.576,220.304,0.434,19.4,55.55,26.8,4.0,,,,,,,,,,,,,,,,,,,,,,,,,,,,,,,,,,,,,,,,,,,,0.0,,,,,0.0,0.325,3.0,1.0,1.0,1.0,0.676,3.0,0.0,3.0,5.66,20.34,0.0,0.843,99.02993130669174,114.03418240274672,0.835122444611315,13.0,0.5080204276377756,40.0,0.6908051087253453,,20.0,0.0,0.0,0.0,0.0,0.0,0.0,1.0,1.0,,,,,,,,,,,,,,,,,,,13.0,24.05,4.1,9.25,10.75,10.69,34.0,2.96,12.0,0.667,33.0,0.606,26.0,,,25.0,0.68,25.0,0.76,3.28,29.5,5.75,4.336250501654314,0.9090909090909092,3.285360974605364,0.6363636363636364,4.311461455379171,1.0,4.223429135038922,0.6363636363636364,3.031605692386281,0.2727272727272727,2.997168622490228,0.9090909090909092,0.679467674971578,0.9545454545454546,1.5319666043183462,0.7272727272727273,0.1714770797962648,0.2302631578947368,0.2099447513812154,0.2261904761904762,0.1691973969631236,0.2389705882352941,0.3707278380965749,0.3031376528592486,3.746889046605157,0.662361552962323,0.1252387704986486,0.1457113423296919,-0.0150999999999989,0.0277999999999983,0.1211999999999931,-11.889999999999318,0.0237859969999977,-0.1399999999999878,2.5499999999998524,20.539999999998816,2.275999999999877,3.2399999999998177,0.7603305785123967,0.3644444444444444,0.625,0.375,0.7931034482758621,0.5,0.6105263157894737,0.3541033434650456,0.3301683653589812,0.663935251798561,2.6407407407407404,5.0,75.0,76.5,192.4,80.75,101.0,4.1,9.25,10.75,29.5,34.0,10.69,2.96,3.28,13.0,24.048104377346533,5.75,,,,17.0,25.0,0.68,19.0,25.0,0.76,8.0,12.0,0.6666666666666666,,,,20.0,33.0,0.6060606060606061,,,
Pbea2d75e26,2019,,,,,,,,,,,,,,,,,,,21.22108145106092,37.0,30.2162,23.47407020075324,7.6959379405749235,1.835373078017752,1.1269583865608517,0.8693747062833844,26.4,63.9,60.8,9.3,12.9,5.8,17.0,1.8,2.4,0.0774193548387096,0.477,0.739,0.417,0.606,121.7,91.0383,134.933,88.1289,6.43267,4.02264,2.41003,4.97774,70.6,0.5526881720430108,0.7198443579766537,0.3677419354838709,0.4385964912280701,2.075135281825733,0.0,0.151,1.0,6.0,35.1,95.0,93.0,90.0,95.0,41.0,55.0,70.0,94.0,94.0,56.0,64.0,70.0,42.0,94.0,0.553,1.29,1.0,0.97,-3.23,0.0,1.13,10.0,20.99,56.1,-7.18,0.0,126.76,4.0,23.36,51.6,6.12,0.39,19.66,9.08,-12.871,27.341,4.124,4.656,-0.532,1784.0,1.0,0.546,0.713,0.586,0.376,0.451,0.367,0.077,1.0,0.055,0.226,0.0,0.464,19.7027,6.4595,1.5405,0.9459,0.7297,2019.0,3.0,3.0,2011.9985,2.56687,3.8658,26.6,-0.2000000000000028,3.983533333333333,6.43267,1.0,1.725,1.642,1.471,-0.434,0.07,0.199,0.222,-1.28,2.749,,19.39,7.0,220.0,31.428571428571427,23.563636363636363,12.6,2.7818181818181817,0.9818181818181818,1.6363636363636365,23.943272727272724,58.4,52.0,,,,,0.25,0.53,0.7547169811320755,0.32,23.714285714285715,1.0,1.0,3.0,1.0,24.09015353689391,3.0,0,0,0,,,,,,0.0,1.0,0.0,0.0,1.0,1.0,,,,,,,,,,,,,,,,,,,,,,,,,,,,,,,,,1,1215.0,,0.0,7.0691,0.3,,2.0,0.0,,,2.0,1.0,0.0,0.0,,,,,,,,,,,,,,0.125,1.591,8.0,0.745,-0.035,0.023,0.225,-0.056,9.5,3.31,-0.426,0.203,37.0,1.0,30.2,23.483,25.6,3.0,1.0,12.8,1.568,2.0,134.933,88.1289,21.36,9.3,0.83823051,2.0,6.43267,1.0,7.725,-5.438,3.8,3.482,3.1,0.6,24.4,1.5,1.45,2.5,2.41003,2.48868,4.33341,17.0,91.0383,0.233,1.568,60.8,2.56687,47.7,0.0,8.39182,37.0,1.0,,0.4386,0.369,75.5,30.2162,4.02264,5.90314,5.8,121.7,2.6,4.97774,19.7027,70.6,0.7198,0.554,5.0,3.0,1.933,232.965,0.078,12.9,63.9,26.4,3.0,0.0,0.0,0.0,0.0,0.0,0.0,2.0,1.646,1.0,5.0,4.115,2.0,1.646,0.0,0.0,17.0,13.992,0.0,0.0,2.0,1.646,2.0,1.646,3.0,2.469,0.0,0.0,0.0,0.0,,45.0,8.0,1.0,0.823,0.0,22705.0,0.0,0.125,0.0,0.0,1215.0,26.0,63.0,1.0,70.0,37.0,128.0,22705.0,0.333,4.107,3.0,1.0,1.0,4.0,0.892,2.0,0.0,21.0,16.6,55.11,3.0,0.782,91.0071090370055,124.3618062502395,0.9731679882491514,4.0,0.5600821516433178,1.0,0.6041430274290579,,33.0,0.838,0.0,0.0,0.01,0.0042,0.0,0.968,0.982,,,,,,,,,,,,,,,,,,,,,,,,,,,,,,,,,,,,,,,,,4.35636324140854,1.0,7.029942197744742,0.6923076923076923,8.051022136863267,0.4615384615384615,4.741858471584864,0.3846153846153846,4.292049257114344,0.5384615384615384,4.726318283108014,0.6153846153846154,0.6549948746839727,0.4230769230769231,3.747982096632504,0.7692307692307693,0.2806573957016435,0.0455696202531645,0.2635897435897436,0.3614457831325301,0.2724252491694352,0.0522648083623693,0.4399804119659734,0.4036756857956555,4.93322329639236,0.9452490336620456,0.1217986398726667,0.1398661879046566,-0.0044999999999985,0.0654999999999876,0.0984999999999657,1.1999999999996385,0.294158999999917,-2.899999999999125,-1.1499999999996655,33.64999999999006,3.609999999998884,-0.0999999999998689,0.7355371900826446,0.3720930232558139,0.7073170731707317,0.4328358208955223,0.9571428571428572,0.5970149253731343,0.6446700507614214,0.6303405132579796,0.0569448147160757,0.2956313868613139,2.0571428571428574,6.333333333333333,,,,,,,,,,,,,,,,,,,,,,,,,,,,,,,,,,,,,
Pc3b8b90cf8,2019,,,,,,,,,,,,,,,,,,,21.598904859685145,33.0,30.8485,16.903667925506916,8.911629414720327,2.8290257224824544,0.8487543964860528,0.6365949722028623,26.3,54.7,51.0,16.5,19.5,8.2,20.1,1.3,2.0,0.0175953079178885,0.5920000000000001,0.644,,0.519,102.3,102.956,116.476,98.3003,2.67224,1.08797,1.58426,3.0713,85.8,0.6217008797653959,0.6556603773584906,0.3607038123167155,0.2845528455284553,2.0039282888367933,2.0,0.145,1.0,6.0,15.8,77.0,73.0,90.0,52.0,74.0,29.0,66.0,71.0,93.0,95.0,52.0,21.0,45.0,43.0,0.469,0.24,35.0,0.97,-6.83,0.0,-0.05,17.0,16.86,48.9,-4.0,0.0,90.33,2.0,11.23,31.0,6.24,0.58,18.12,4.12,-9.794,2.418,0.387,-0.049,0.436,1715.0,1.0,0.625,0.653,0.424,0.358,0.287,0.4,0.018,,0.127,0.36,,,14.4848,7.6364,2.4242,0.7273,0.5455,2019.0,3.0,3.0,2603.0001,-0.235822,2.908062,24.8,1.5,1.4510193333333332,2.67224,1.0,0.727,0.16,1.45,0.551,-0.581,0.022,0.882,-1.538,1.074,,,,,,,,,,,,,,,,,,,,,,,,,,,,,0,0,0,51.0,38.0,-13.0,5.0,63.0,,,,,,,,,,,,,,,,,,,,,,,,,,,,,,,,56.0,44.0,50.0,25.0,,50.0,,0,,,0.0,,,,,0.0,,,9.0,3.0,1.0,0.0,,,,,,,,,,,,,,0.0,-0.894,1.0,0.491,-0.187,-0.056,-0.143,-0.017,2.8,-2.723,0.14,0.047,33.0,0.0,30.8,16.948,6.3,3.0,1.0,3.15,-0.563,2.0,116.476,98.3003,21.74,16.5,0.86954341,9.0,2.67224,1.0,-5.262,-6.342,4.2,0.756,-5.8,4.9,2.5,-6.3,-4.63,0.1,1.58426,0.560825,3.29781,20.1,102.956,0.283,1.545,51.0,-0.235822,59.2,0.0,2.4643,33.0,0.0,25.0,0.2846,0.361,71.9,30.8485,1.08797,1.90347,8.2,102.3,3.0,3.0713,14.4848,85.8,0.6557,0.622,8.0,3.0,1.454,200.34,0.018,19.5,54.7,26.3,3.0,,,,,,,,,,,,,,,,,,,,,,,,,,,,,,,,,,,,,,,,,420.0,7.0,13.0,1.0,11.0,10.0,24.0,7823.0,0.0,-0.683,2.0,1.0,1.0,2.0,0.657,3.0,0.0,25.0,10.05,27.78,2.0,0.767,101.84100254536534,116.8230022761793,0.8289696733272188,12.0,0.4152340951705082,44.0,0.7061894125993244,,23.0,0.0,0.0,0.0,0.0,0.0,0.0,1.0,1.0,64.0,38.0,5.0,26.2,1.0,80.0,4.0,0.0,6.0,6.0,0.0,61.0,63.0,21.57,1.0,0.3562,99.0,3.0,11.0,27.47,6.1,9.5,10.75,11.32,32.0,3.1,12.0,0.25,30.0,0.5,27.25,,,25.0,0.56,25.0,0.44,3.28,27.5,5.25,2.8452667788408257,1.0,5.682405500419383,0.3846153846153846,6.2729501390790645,0.6923076923076923,4.335661257675062,0.6923076923076923,2.835878991908075,0.8461538461538461,4.385191910251982,0.9230769230769232,0.6962499245814747,0.3846153846153846,1.8617144351999175,0.6153846153846154,0.237926972909305,0.0076726342710997,0.2896174863387978,0.6593406593406593,0.2073365231259968,0.0,0.4707371619527892,0.3160593808397386,3.5264300723791733,0.9256599947006656,0.114335873007854,0.1227548848133913,-0.0229999999999947,-0.124999999999965,0.022999999999992,3.199999999999165,0.2347633899999307,-0.2499999999999547,2.8999999999991344,12.199999999996146,-1.2899999999997598,0.7499999999997584,0.6486486486486487,0.3035714285714285,0.6487603305785123,0.3071895424836601,0.8571428571428571,0.5173333333333333,0.5789473684210527,0.6999162556992649,0.0114131727034952,0.4865384615384615,1.575757575757576,7.075,79.25,80.75,245.4,84.5,106.5,6.1,9.5,10.75,27.5,32.0,11.32,3.1,3.28,11.0,27.47099082979426,5.25,,,,14.0,25.0,0.56,11.0,25.0,0.44,3.0,12.0,0.25,,,,15.0,30.0,0.5,,,
P60e6add6f8,2019,,,,,,,,,,,,,,,,,,,22.740588637919235,35.0,35.6857,21.4155698220856,6.312209092157364,2.017614898965132,0.7494430542205982,0.4611258851584809,28.4,56.88,52.8,11.1,13.7,3.2,18.4,1.2,1.5,0.45,0.266,0.844,0.364,0.514,109.9,103.511,127.119,95.9569,4.88104,3.9029,0.978138,4.76693,72.2,0.2706896551724138,0.6178343949044586,0.2793103448275862,0.4135802469135802,0.4163332331197891,0.0,0.178,1.0,7.0,20.5,89.0,88.0,95.0,65.0,47.0,27.0,61.0,90.0,98.0,66.0,28.0,46.0,7.0,71.0,0.601,8.36,17.0,1.0,4.13,4.7,3.17,18.0,24.78,60.4,2.12,6.5,78.17,2.0,29.09,71.3,7.99,0.58,18.48,6.54,1.184,6.946,4.556,2.612,1.945,1911.0,1.0,0.248,0.632,0.264,0.302,0.417,0.192,0.45,0.737,0.056,0.183,0.118,0.545,21.2286,6.2571,2.0,0.7429,0.4571,2018.0,4.0,4.0,3655.9978,-1.37241,6.253449999999999,27.7,0.6999999999999993,2.2507425,4.88104,0.0,1.299,0.469,1.875,-0.18,-0.656,-0.194,-0.521,0.38,2.116,,23.5,12.0,329.033,27.419416666666667,19.03760413089265,7.439983223567241,0.8752921439490872,0.8752921439490872,0.9847036619427232,20.22362498594366,50.9,46.45161290322581,,,,,0.4193548387096774,0.232258064516129,0.8333333333333334,0.3384615384615385,12.75,3.0,3.0,1.0,3.0,,,0,0,0,94.0,94.0,0.0,1.0,,,,,,,,,,,,,,,,,,,,,,,,,,,,,,,,,,,,,,,,0,,,0.0,13.7071,0.72,,0.0,0.0,,,8.0,3.0,1.0,0.0,,,,,,,,,,,,,,0.5,13.299,2.0,0.512,0.002,0.019,0.016,0.06,7.0,1.308,-0.922,-0.172,35.0,1.0,35.7,21.378,21.1,4.0,1.0,6.37,1.171,3.0,127.119,95.9569,23.88,11.1,0.8333333,8.0,4.88104,1.0,4.286,1.416,2.5,1.978,2.4,-9.7,16.0,4.3,1.78,-0.3,0.978138,0.792556,4.10267,18.4,103.511,0.096,0.371,52.8,-1.37241,26.6,1.0,6.59473,35.0,0.0,17.0,0.4136,0.279,87.3,35.6857,3.9029,5.80217,3.2,109.9,2.1,4.76693,21.2286,72.2,0.6178,0.271,5.0,4.0,1.907,223.326,0.45,13.7,56.88,28.4,4.0,,,,,,,,,,,,,,,,,,,,,,,,,,,,,,,,,,,,,,,,,715.0,0.0,13.0,1.0,14.0,0.0,35.0,19068.0,,,0.0,1.0,1.0,2.0,0.6,3.0,1.0,30.0,7.61,38.5,0.0,0.833,95.66668062862536,116.42544157838488,0.9053710666464624,14.0,0.5382569473386818,19.0,0.734825232663056,,21.0,0.0,0.0,0.0,0.0,0.0,0.0,1.0,1.0,,,,,,,,,,,,,,,,,,,,,,,,,,,,,,,,,,,,,,,,,4.189974777643953,1.0,9.47709640554123,0.6363636363636364,6.292914363661853,0.7272727272727273,4.734934684584688,0.1818181818181818,4.359964488459308,0.4545454545454545,3.976272196239252,0.9090909090909092,0.5925338622477558,0.1818181818181818,0.965491314680589,0.5,0.2740213523131672,0.3242236024844721,0.1945477075588599,0.234375,0.2981651376146789,0.3310104529616725,0.3356871262773964,0.4298141525126558,3.679694693481948,0.7544208790554727,0.1238345599999999,0.1532839941778733,0.0054000000000017,0.0322000000000042,0.0455000000000088,0.1099999999998177,0.10757295100002,-0.7400000000001972,1.7400000000001576,15.49000000000268,2.5170000000004253,0.4400000000001182,0.8275862068965517,0.360128617363344,0.6149732620320856,0.4114583333333333,0.88,0.5125348189415042,0.5915492957746479,0.3469803630974435,0.3724137931034483,0.3258265306122449,1.333333333333333,6.96774193548387,,,,,,,,,,,,,,,,,,,,,,,,,,,,,,,,,,,,,
Pa9b6b7ec3f,2019,,,,,,,,,,,,,,,,,,,21.09514031485284,37.0,23.0811,10.58081287287001,8.346673252141363,0.843027412038421,1.2646191039421866,1.686210795845952,14.9,56.13,54.8,4.1,18.3,9.1,16.2,2.0,5.4,0.5380710659898477,0.284,0.625,0.396,0.495,110.2,97.435,108.284,91.5154,7.54394,3.20913,4.33481,1.63517,97.2,0.3096446700507614,0.5573770491803278,0.1573604060913705,0.3548387096774194,0.3278685837142756,0.0,0.115,7.0,2.0,20.1,97.0,96.0,18.0,64.0,9.0,67.0,91.0,95.0,20.0,22.0,89.0,73.0,55.0,51.0,0.5,4.96,21.0,0.65,1.71,6.4,0.02,17.0,9.76,51.7,-3.57,0.0,66.95,3.0,9.41,50.9,5.66,0.99,11.66,1.32,,,,,,,,0.254,0.6,0.4,0.208,0.366,0.333,0.538,1.0,0.44,0.152,0.0,0.291,6.7838,5.3514,0.5405,0.8108,1.0811,2018.0,2.0,2.0,1526.0003,5.8578,1.68614,14.5,0.4000000000000003,6.70087,7.54394,0.0,1.992,0.348,-0.926,-1.124,0.385,1.522,1.128,0.758,-0.561,,22.0,42.0,870.2583333333333,20.72043650793651,17.622353515718512,11.500033514952456,1.9028832434813416,0.8687075676762647,1.9028832434813416,0.199,56.8,53.8,8.2,13.3,10.5,17.6,0.272189349112426,0.2485207100591716,0.7380952380952381,0.3695652173913043,,2.0,2.0,1.0,2.0,,,0,1,0,16.0,14.0,-2.0,8.0,13.0,,,,,,,,,,,,,,,,,,,,,,,,,,,,,,,,,,,,,,,0,,,0.0,14.979,0.85,,0.0,0.0,,,3.0,1.0,0.0,0.0,,,,,,,,,,,,,,0.458,9.771,24.0,-0.489,-0.116,0.037,0.079,0.007,5.4,1.241,-1.347,0.637,37.0,1.0,23.1,10.597,5.4,2.0,1.0,5.4,1.241,1.0,108.284,91.5154,22.23,4.1,0.48777182,3.0,7.54394,1.0,4.417,2.233,-1.8,1.686,7.5,-8.8,13.4,3.5,6.17,0.4,4.33481,3.32575,3.05582,16.2,97.435,0.148,0.189,54.8,5.8578,28.4,1.0,5.19098,37.0,0.0,29.0,0.3548,0.157,57.5,23.0811,3.20913,1.86524,9.1,110.2,5.3,1.63517,6.7838,97.2,0.5574,0.308,7.0,2.0,1.686,183.426,0.535,18.3,56.13,14.9,2.0,,,,,,,,,,,,,,,,,,,,,,,,,,,,,,,,,,,,,,,,,1223.0,5.0,58.0,1.0,44.0,6.0,117.0,9363.0,0.368,7.599,19.0,1.0,1.0,3.0,0.703,3.0,0.0,32.0,7.77,30.53,2.0,0.84,95.99650837264107,116.15062680100432,0.8994948550544849,11.0,0.6310845660345493,20.0,0.754694348512441,,26.0,0.0,0.0,0.0,0.0,0.0,0.0,1.0,1.0,14.0,12.0,3.0,1.9,1.0,81.0,4.0,0.0,6.0,6.0,0.0,7.0,13.0,2.41,1.0,0.8645,19.0,3.0,,,,,,,,,,,,,,,,,,,,,,,3.0286918988474225,0.3333333333333333,4.945714049753054,0.75,8.709757532468176,0.4166666666666667,3.058340294878341,0.4166666666666667,4.801376850742411,0.6666666666666666,4.869017892788754,0.75,0.7836531792784581,0.8333333333333334,1.9874173320716055,0.9166666666666666,0.0602150537634408,0.1941391941391941,,,0.0539291217257318,0.2153846153846154,0.2066968003609414,0.4210710064888538,3.950678119349005,0.6866290150140612,0.1254402110668183,0.1372387059345691,0.024000000000001,0.0790000000000036,0.0070000000000003,-8.80000000000041,-0.4087166500000187,-0.8000000000000385,-3.200000000000149,13.400000000000604,6.170000000000277,0.4000000000000184,0.6447368421052632,0.3782051282051282,0.5714285714285714,0.3770491803278688,0.8421052631578947,0.4961832061068702,0.5192307692307693,0.3863923479516333,0.346914239914507,0.2106729559748427,2.918918918918919,4.015873015873016,,,,,,,,,,,,,,,,,,,,,,,,,,,,,,,,,,,,,
Pbec5e357b6,2019,,,,,,,,,,,,,,,,,,,22.740588637919235,30.0,37.8667,24.62321776125197,4.499964348622932,3.581014453332348,1.4260550826979903,0.3486229325502354,30.4,58.03,54.7,22.9,14.1,2.7,11.0,2.2,0.9,0.5647840531561462,0.236,0.838,0.394,0.489,110.9,106.162,124.27,107.978,3.83621,5.33196,-1.49576,4.77238,89.0,0.1594684385382059,0.6145833333333334,0.260797342192691,0.4076433121019108,0.3169011294884424,3.0,0.172,1.0,2.0,-1.8,82.0,84.0,98.0,73.0,88.0,80.0,44.0,,,,,,,,0.612,11.97,161.0,1.0,-2.7,0.0,3.3,3.0,24.59,53.8,-3.07,0.0,202.3,0.0,,,7.77,0.45,22.1,9.66,19.876,4.814,2.795,1.461,1.334,1669.0,0.0,0.168,0.624,0.27,0.267,0.404,0.292,0.565,0.754,0.059,0.123,0.139,0.451,25.9,4.7333,3.7667,1.5,0.3667,2018.0,4.0,4.0,3795.9991,2.4168,1.41941,17.6,12.799999999999995,3.3620425,3.83621,0.0,1.027,0.654,2.29,1.41,0.645,-0.457,-0.661,0.872,2.909,,23.0,49.0,1422.9766666666667,29.04034013605442,23.98352748815277,4.680329731337829,3.491272988781732,1.8215337332774253,0.4047852740616501,0.265,55.7,52.7,16.1,9.9,2.9,9.7,0.3181818181818182,0.1679292929292929,0.8571428571428571,0.3333333333333333,,2.0,2.0,3.0,2.0,16.79527559055118,2.0,0,0,0,59.0,61.0,2.0,5.0,57.0,,,,,,,,,,,,,,,,,,,,,,,,,,,,,,,,,,,,,,,0,,,0.0,20.386,0.85,,1.0,0.0,,,1.0,1.0,1.0,0.0,,,,,,,,,,,,,,0.286,8.885,7.0,1.866,0.175,0.007,0.003,0.044,2.8,8.704,-0.664,-0.114,30.0,1.0,37.9,24.602,18.4,4.0,1.0,6.01,4.213,4.0,,,,,,,,,,,,,,,,,,,,,,,,,,,,,,,,,,,,,,,,,,,,,,,,,,,,,,,,,,,,,,,,,,,,,,,,,,,,,,,,,,,,,,,,,,,,,,,,,1966.0,1.0,19.0,1.0,20.0,1.0,80.0,24140.0,0.0,-0.005,1.0,0.0,0.0,,0.576,2.0,0.0,1.0,4.79,-12.04,0.0,0.779,106.48455556559996,106.0463662539192,0.4881470421280255,14.0,0.5180834835885376,167.0,0.4162439011144164,,19.0,0.0,0.0,0.0,0.0,0.0,0.0,1.0,1.0,58.0,52.0,-6.0,3.5,1.0,73.0,2.0,0.0,6.0,6.0,0.0,9.0,57.0,3.24,1.0,0.4317,61.0,6.0,,,,,,,,,,,,,,,,,,,,,,,5.309151684792523,1.0,9.857324117178283,0.8333333333333334,12.02306469603945,0.8333333333333334,7.451686287415488,0.25,2.993592407719593,0.25,5.210248136822635,0.4166666666666667,0.6638311394330192,0.7916666666666666,3.1345493914367744,0.5,0.2037302725968436,0.4347826086956521,0.1563517915309446,0.1139240506329113,0.2216014897579143,0.4872727272727272,0.3050539404544305,0.4094086704938437,4.136626506024095,0.8415261995191639,0.1199201310414497,0.1568827025483332,-8.571428571167022e-05,0.0040285714285723,0.0065428571428575,2.137142857142845,0.0197195862857095,0.3600000000000168,0.3599999999998121,7.851428571428036,0.8911428571430491,3.194285714285788,0.8209876543209876,0.3871794871794872,0.6111111111111112,0.4064171122994652,0.9473684210526316,0.4900662251655629,0.5747126436781609,0.2385022875030098,0.4636807349985645,0.626468152866242,1.2774193548387098,4.029411764705882,,,,,,,,,,,,,,,,,,,,,,,,,,,,,,,,,,,,,
P2061b46d22,2019,,,,,,,,,,,,,,,,,,,22.05612594113621,36.0,35.2778,13.039384542119972,3.7417639421959423,7.965394667467926,2.0409435962560023,0.2267488335440419,22.4,56.09,52.5,38.5,18.9,2.5,9.9,3.3,0.7,0.384180790960452,0.3329999999999999,0.746,0.397,0.482,116.7,101.885,123.262,98.2755,6.61349,5.11669,1.4968,4.28176,91.6,0.3531073446327684,0.528,0.2627118644067797,0.4193548387096774,0.0944881294562964,0.0,0.176,3.0,1.0,15.0,95.0,96.0,70.0,61.0,100.0,97.0,37.0,97.0,72.0,99.0,94.0,52.0,45.0,71.0,0.563,4.28,42.0,1.0,-0.23,0.0,0.95,5.0,14.65,58.9,0.19,2.6,112.19,0.0,,,5.67,0.42,17.14,8.48,13.487,16.998,5.828,4.131,1.697,1771.0,1.0,0.37,0.534,0.171,0.246,0.402,0.086,0.384,0.407,0.031,0.307,0.228,0.759,12.7778,3.6667,7.8056,2.0,0.2222,2018.0,4.0,4.0,4293.9998,1.78868,4.824809999999999,24.9,-2.5,4.4119175,6.61349,0.0,1.75,0.342,0.631,3.513,2.077,-0.545,-0.717,0.098,0.046,,23.0,39.0,1134.4333333333334,29.08803418803419,18.532600711074544,4.093673787206535,6.029442012164664,1.9992360356124936,0.2856051479446419,0.2,53.9,50.4,23.1,8.9,2.3,7.9,0.4857723577235772,0.2276422764227642,0.7857142857142857,0.3347280334728033,,2.0,2.0,1.0,2.0,,,0,0,0,20.0,41.0,21.0,6.0,41.0,,,,,,,,,,,,,,,,,,,,,,,,,,,,,,,,,,,,,,,0,,,0.0,15.7527,0.85,,0.0,0.0,,,4.0,2.0,1.0,0.0,,,,,,,,,,,,,,0.571,7.482,7.0,2.148,0.098,-0.01,-0.005,-0.052,1.2,-0.565,-0.027,0.456,36.0,0.0,35.3,13.054,3.7,4.0,1.0,1.28,-0.346,3.0,123.262,98.2755,23.2,38.5,3.05431225,4.0,6.61349,1.0,4.261,-3.906,8.9,3.088,0.0,-0.4,2.0,1.5,-0.81,1.6,1.4968,2.17658,3.806,9.9,101.885,0.032,0.083,52.5,1.78868,33.3,1.0,7.12171,36.0,0.0,5.0,0.4194,0.263,87.0,35.2778,5.11669,4.94513,2.5,116.7,1.2,4.28176,12.7778,91.6,0.528,0.353,1.0,4.0,1.228,240.321,0.384,18.9,56.09,22.4,4.0,,,,,,,,,,,,,,,,,,,,,,,,,,,,,,,,,,,,,,,,,346.0,1.0,11.0,1.0,26.0,1.0,26.0,8667.0,,,0.0,1.0,0.0,2.0,0.667,3.0,0.0,11.0,5.05,21.69,0.0,0.73,98.91221457759914,114.25652467186646,0.840030377594261,12.0,0.5639384094656239,45.0,0.635732980907189,,24.0,0.0,0.0,0.0,0.0,0.0,0.0,1.0,1.0,44.0,36.0,4.0,4.8,1.0,72.0,1.0,0.0,6.0,6.0,0.0,13.0,41.0,4.41,1.0,0.575,49.0,5.0,,,,,,,,,,,,,,,,,,,,,,,3.823139365763158,0.7692307692307693,5.309437516306244,0.5384615384615384,3.1653838133695142,1.0,4.687883901500212,0.7692307692307693,4.129266294081623,0.2307692307692307,5.489775431238604,0.1538461538461538,0.6008245189602824,1.0,1.9529808922082743,0.3846153846153846,0.1818181818181818,0.1725888324873096,0.1576292559899117,0.0225988700564971,0.1921397379912663,0.1824324324324324,0.3618131941016798,0.3754088081422559,4.062793512466715,0.5806975339556737,0.1199760447830449,0.1284104046837077,0.0214000000000025,0.0353000000000042,0.034200000000005,-0.5499999999999805,0.3662383440000828,0.3100000000000664,0.2600000000000289,10.58000000000172,3.2800000000004186,-0.7700000000000708,0.7391304347826086,0.3817204301075269,0.5419354838709678,0.4146341463414634,0.8571428571428571,0.4844961240310077,0.5206611570247934,0.4358494284588096,0.2839597150577254,1.334337606837607,1.1549999999999998,5.636363636363636,,,,,,,,,,,,,,,,,,,,,,,,,,,,,,,,,,,,,
P9406d39f17,2019,,,,,,,,,,,,,,,,,,,21.87542778918549,30.0,29.125,15.334702145922748,2.3561613733905578,4.017167381974249,1.3519931330472104,0.2317596566523605,20.8,57.38,53.8,20.9,11.9,0.4,7.1,2.2,0.7,0.4733333333333333,0.273,0.805,0.373,0.519,116.7,104.834,117.239,108.228,2.31119,3.5715,-1.26031,3.08932,,0.22,0.6060606060606061,0.2833333333333333,0.4588235294117647,0.0,0.0,0.146,4.0,3.0,1.4,70.0,71.0,62.0,70.0,86.0,74.0,36.0,77.0,62.0,72.0,67.0,52.0,1.0,78.0,0.583,6.5,121.0,0.91,3.16,4.3,4.68,2.0,21.09,63.0,4.31,5.6,208.87,0.0,,,5.56,0.62,13.28,3.06,10.123,8.162,3.349,2.186,1.163,1384.0,1.0,0.228,0.586,0.293,0.296,0.462,0.048,0.476,0.745,0.029,0.161,0.121,0.564,12.4062,1.9062,3.25,1.0938,0.1875,2018.0,4.0,4.0,3218.6238000000003,3.57645,-1.26526,20.1,0.6999999999999993,2.1578245,3.57645,0.0,0.63,0.549,0.299,1.141,0.645,-0.545,-1.304,0.48,0.613,,23.0,24.0,445.64666666666665,18.56861111111111,16.96411207683217,4.442981734408425,5.008452136969498,1.696411207683217,0.8078148608015319,0.22,47.2,45.0,21.8,9.0,2.5,8.8,0.492822966507177,0.1483253588516746,0.7096774193548387,0.2912621359223301,,2.0,2.0,1.0,2.0,,,0,0,0,,,,,,,,,,,,,,,,,,,,,,,,,,,,,,,,,,,,,,,,,,,,0,,,0.0,14.4195,0.85,,0.0,0.0,,,6.0,2.0,1.0,0.0,,,,,,,,,,,,,,0.0,-0.586,1.0,1.382,0.135,0.095,0.048,0.043,-2.9,-1.31,-1.812,0.461,32.0,0.0,29.1,15.34,2.9,4.0,1.0,0.87,0.517,3.0,117.239,108.228,23.01,20.9,2.73684211,6.0,2.31119,0.0,12.169,-1.579,3.2,2.786,10.5,4.5,19.2,19.6,10.57,-4.8,-1.26031,0.615029,2.26349,7.1,104.834,0.0,0.0,53.8,3.57645,27.3,1.0,2.81529,30.0,0.0,5.0,0.4588,0.29,75.6,29.125,3.5715,2.20027,0.4,116.7,4.0,3.08932,12.4062,,0.6061,0.225,2.0,4.0,-0.749,151.347,0.485,11.9,57.38,20.8,4.0,,,,,,,,,,,,,,,,,,,,,,,,,,,,,,,,,,,,,,,,,,,,0.0,,,,,,,0.0,1.0,0.0,0.0,0.719,2.0,0.0,2.0,4.87,4.88,0.0,0.844,106.52960342530145,110.52011405903936,0.6041789275548632,9.0,0.4201252016930454,125.0,0.3921223516101099,,23.0,0.0,0.0,0.0,0.0,0.0,0.0,1.0,1.0,,,,,,,,,,,,,,,,,,,,,,,,,,,,,,,,,,,,,,,,,5.557457349574662,0.6923076923076923,7.879181455569589,0.7692307692307693,6.183904467170192,0.8846153846153846,7.992156246325002,0.2307692307692307,5.334486173378547,0.2692307692307692,7.72238600748937,0.0769230769230769,0.5321528834094663,0.8461538461538461,2.6022280372337723,0.3846153846153846,0.1459074733096085,0.22397476340694,0.1269230769230769,0.0,0.1675126903553299,0.2181069958847736,0.3162283638762042,0.3363222534504771,3.4071647419278817,0.7982274943184681,0.1272690225182464,0.1514448961877103,0.0252000000000063,-0.0190000000000027,0.0358000000000044,1.8900000000005208,0.1994412560000682,-0.5400000000001269,0.0899999999999764,3.620000000000387,-0.081999999999874,0.5400000000000367,0.7843137254901961,0.3645833333333333,0.6041666666666666,0.4434782608695652,0.9,0.5151515151515151,0.6060606060606061,0.3037372054272792,0.3712418300653595,0.8446284403669724,1.0620689655172413,1.5,,,,,,,,,,,,,,,,,,,,,,,,,,,,,,,,,,,,,
P63de5d6c2a,2019,,,,,,,,,,,,,,,,,,,,,,,,,,,,,,,,,,,,,,,,,,,,,,,,,,,,,,,,,,,,,,,,,,,,,,,,,,,,,,,,,,,,,,,,,,,,,,,,,,,,,,,,,,,,,,,,,,,,,,,,,,,,,,,,0.0,,,,,,,,,,,26.0,43.0,1048.1883333333333,24.376472868217057,10.578251681870148,10.303491897925468,3.29711740733615,1.8546285416265844,1.339453946730311,0.147,48.7,46.3,13.3,13.4,7.6,19.7,0.1535714285714285,0.2964285714285714,0.5903614457831325,0.3488372093023256,,2.0,2.0,1.0,2.0,,,0,0,0,,,,,,,,,,,,,,,,,,,,,,,,,,,,,,,,,,,,,,,,,,,,0,,,0.0,7.6163,0.72,16.627,0.0,0.0,1701.6,16.451,10.0,4.0,1.0,0.0,,,,,,,,,,,,,,0.333,13.856,6.0,-0.519,-0.028,0.112,0.156,-0.178,15.0,1.951,-1.6,-1.277,31.0,1.0,28.5,10.484,24.0,4.0,1.0,7.25,1.571,3.0,,,,,,,,,,,,,,,,,,,,,,,,,,,,,,,,,,,,,,,,,,,,,,,,,,,,,,,,,,,,,,,,,,,,,,,,,,,,,,,,,,,,,,,,,,,,,,,,,672.0,3.0,13.0,1.0,22.0,13.0,37.0,8518.0,,,,,,,,,,,,,,,,,,,,,,,,0.0,0.0,0.0,0.0,0.0,0.0,1.0,1.0,,,,,,,,,,,,,,,,,,,,,,,,,,,,,,,,,,,,,,,,,,,,,,,,,,,,,,,,,,,,,,,,,,,,,,,,,,,,,,,,,,,,,,,,,,,,,,,,,,,,,,,,,,,,,,,,,,,,,,,,,,,,,,,
P76650bc6e2,2019,,,,,,,,,,,,,,,,,,,,,,,,,,,,,,,,,,,,,,,,,,,,,,,,,,,,,,,,,,,,,,,,,,,,,,,,,,,,,,,,,,,,,,,,,,,,,,,,,,,,,,,,,,,,,,,,,,,,,,,,,,,,,,,,0.0,,,,,,,,,,,18.5,47.0,817.8,17.4,18.8276,8.2759,2.069,1.8621,1.8621,,,,,,,,,,0.659,0.244,,2.0,2.0,1.0,2.0,11.666666666666666,1.0,0,0,0,,,,,,0.0,0.0,0.0,0.0,0.0,0.0,,,,,,,,,,,,,,,,,,,,,,,,,,,,,,,,,0,350.0,,0.0,16.0035,0.85,,0.0,1.0,817.8,18.828,2.0,1.0,0.0,0.0,,,,,,,,,,,,,,,,,,,,,,,,,,47.0,1.0,17.4,18.828,0.0,1.0,0.0,,,0.0,,,,,,,,,,,,,,,,,,,,,,,,,,,,,,,,,,,,,,,,,,,,,,,,,,,,,,,,,0.0,0.0,0.0,0.0,0.0,0.0,2.0,5.714,1.0,0.0,0.0,0.0,0.0,0.0,0.0,7.0,20.0,0.0,0.0,0.0,0.0,1.0,2.857,0.0,0.0,0.0,0.0,0.0,0.0,,7.0,5.0,1.0,2.857,0.0,4379.0,0.0,0.0,0.0,0.0,118.0,5.0,12.0,1.0,23.0,8.0,23.0,4379.0,,,,,,,,,,,,,,,,,,,,,,,,0.0,0.0,0.0,0.0,0.0,0.0,1.0,1.0,,,,,,,,,,,,,,,,,,,,,,,,,,,,,,,,,,,,,,,,,,,,,,,,,,,,,,,,,,,,,,,,,,,,,,,,,,,,,,,,,,,,,,,,,,,,,,,,,,,,,,,,,,,,,,,,,,,,,,,,,,,,,,,
Pd00fce6a5a,2019,,,,,,,,,,,,,,,,,,,23.449691991786448,34.0,32.2941,13.508151643798714,11.508170223043836,3.541018328425316,0.9180005016396184,0.8852267132386411,21.3,57.81,55.4,18.9,24.1,7.3,27.0,1.4,3.0,0.0932835820895522,0.6940000000000001,0.618,0.44,0.543,103.4,95.2679,108.022,92.5112,5.30054,0.879418,4.42112,2.271,85.8,0.5932835820895522,0.6918238993710691,0.3134328358208955,0.2619047619047619,1.4571956960996515,0.0,0.161,3.0,1.0,9.9,90.0,92.0,64.0,70.0,78.0,38.0,82.0,87.0,70.0,98.0,59.0,41.0,32.0,62.0,0.492,0.91,63.0,1.0,1.96,0.0,-0.56,8.0,16.68,66.8,2.25,10.3,114.94,2.0,23.61,59.9,4.67,0.43,12.88,5.2,13.072,6.969,5.251,0.644,4.607,1798.0,1.0,0.601,0.69,0.413,0.312,0.268,0.182,0.087,0.9,0.12,0.353,0.009,0.617,12.1176,10.3235,3.1765,0.8235,0.7941,2019.0,3.0,3.0,2540.583,3.46875,1.83179,21.5,-0.1999999999999993,4.590023333333334,5.30054,1.0,1.425,0.661,0.406,0.879,-0.45,0.464,0.634,-1.212,0.208,,,,,,,,,,,,,,,,,,,,,,,,,,,,,0,0,0,,,,,,,,,,,,,,,,,,,,,,,,,,,,,,,,,,,,,,,,,,,,0,,,0.0,,,,,0.0,,,5.0,2.0,1.0,0.0,,,,,,,,,,,,,,0.5,29.111,2.0,1.402,-0.034,0.015,0.273,-0.138,9.0,-0.556,1.752,-0.803,34.0,0.0,32.4,13.444,11.6,3.0,1.0,5.8,-0.114,3.0,,,,,,,,,,,,,,,,,,,,,,,,,,,,,,,,,,,,,,,,,,,,,,,,,,,,,,,,,,,,,,,,,,,,,,,,,,,,,,,,,,,,,,,,,,,,,,,,,,,,0.0,,,,,0.2,0.851,5.0,1.0,0.0,0.0,0.531,3.0,-1.0,45.0,4.45,16.26,0.0,0.778,98.68546890642278,109.57175855098296,0.7691259578663749,11.0,0.5398999795379096,64.0,0.6298043171838286,,23.0,0.0,0.0,0.0,0.0,0.0,0.0,1.0,1.0,82.0,68.0,-4.0,8.7,1.0,79.0,4.0,0.0,6.0,6.0,0.0,24.0,79.0,7.92,1.0,0.1906,92.0,5.0,,,,,,,,,,,,,,,,,,,,,,,4.476156633149063,0.7333333333333333,7.888227610245316,0.6666666666666666,9.622081423826346,0.8,4.873763925962375,0.6666666666666666,3.61997160340435,0.8,2.6556570232134837,0.9333333333333332,0.7244041409325381,0.5333333333333333,1.979708393172664,0.8,0.2108843537414966,0.0350140056022409,,,0.1916666666666666,0.0458333333333333,0.3689141988474859,0.3998449306006539,3.4496072363722923,0.7140924139903092,0.1269526574860265,0.1437808646085245,-0.0028571428571432,0.096428571428582,-0.0350000000000035,-4.5642857142863535,0.1825637314285927,-0.7428571428572137,2.657142857143145,10.007142857143965,-0.5028571428572021,-0.1285714285714385,0.6262135922330098,0.3733333333333333,0.6772486772486772,0.2982456140350877,0.8909090909090909,0.5371024734982333,0.6140350877192983,0.6884289961125085,0.0584154470366613,0.6432780269058295,1.9090909090909085,7.795454545454544,,,,,,,,,,,,,,,,,,,,,,,,,,,,,,,,,,,,,
P4862cd71b2,2019,,,,,,,,,,,,,,,,,,,21.76865160848734,30.0,36.6061,29.59267444496956,4.9768098759496375,2.80133638929031,1.4602156471189227,0.3277814353345481,37.4,59.86,53.6,19.4,10.8,2.5,14.0,2.5,1.0,0.5817610062893082,0.425,0.863,0.346,0.56,115.6,108.078,137.219,108.809,4.15965,7.42085,-3.2612,6.48269,,0.2814465408805031,0.6256983240223464,0.1367924528301886,0.425287356321839,0.4370856223416316,0.0,0.183,1.0,1.0,-5.6,83.0,84.0,100.0,83.0,82.0,82.0,44.0,,,,,,,,0.604,13.48,196.0,0.97,-1.81,0.0,4.97,0.0,,,,,202.87,0.0,,,8.26,0.39,26.18,16.8,1.632,0.057,-1.019,1.269,-2.288,1549.0,0.0,0.292,0.636,0.333,0.135,0.424,0.128,0.573,0.619,0.03,0.195,0.218,0.531,30.0909,5.0606,2.8485,1.4848,0.3333,2019.0,4.0,4.0,4094.7018,-1.51601,5.675660000000001,27.4,10.0,1.7603475,4.15965,1.0,1.122,0.991,3.768,0.948,0.98,-0.419,-0.686,0.897,4.31,,,,,,,,,,,,,,,,,,,,,,,,,,,,,0,0,0,,,,,,,,,,,,,,,,,,,,,,,,,,,,,,,,,,,,,,,,,,,,0,,,0.0,,,,,0.0,,,7.0,3.0,1.0,0.0,,,,,,,,,,,,,,,,0.0,-0.528,-0.023,-0.004,-0.014,0.008,2.6,3.242,0.146,-0.219,33.0,1.0,36.6,29.607,4.4,4.0,1.0,1.37,2.616,3.0,137.219,108.809,21.91,19.4,1.11903358,7.0,4.15965,1.0,7.224,-0.758,-0.3,2.555,-0.1,-5.5,13.6,3.2,-0.73,2.5,-3.2612,-1.20276,2.69017,14.0,108.078,0.084,0.4,53.6,-1.51601,42.5,0.0,8.03651,30.0,0.0,33.0,0.4253,0.137,93.9,36.6061,7.42085,9.23927,2.5,115.6,2.2,6.48269,30.0909,,0.6257,0.281,3.0,4.0,1.584,200.879,0.582,10.8,59.86,37.4,4.0,,,,,,,,,,,,,,,,,,,,,,,,,,,,,,,,,,,,,,,,,378.0,2.0,9.0,1.0,19.0,2.0,21.0,8723.0,,,0.0,1.0,0.0,1.0,0.606,2.0,0.0,3.0,3.61,-10.5,0.0,0.836,109.76964442495802,107.94731361951666,0.4520184285248972,13.0,0.3661027072797753,187.0,0.3843777673821968,,20.0,0.0,0.0,0.0,0.0,0.0,0.0,1.0,1.0,,,,,,,,,,,,,,,,,,,,,,,,,,,,,,,,,,,,,,,,,3.249737053866664,1.0,7.185624323863928,0.9090909090909092,5.812882324453108,0.9090909090909092,4.074277743319964,0.2727272727272727,2.228326837757564,0.2727272727272727,3.5971266210490227,0.6363636363636364,0.7052159992257032,0.9090909090909092,1.9132742707602088,0.4545454545454545,0.5027932960893855,0.4447115384615384,,,0.5767326732673267,0.4555160142348754,0.4276539251563048,0.345841256063909,3.6893622260526966,0.7562964768271683,0.13955224,0.1959554192075346,0.0283999999999983,-0.0002999999999999,0.0102999999999993,6.82999999999959,0.0754734569999951,0.3299999999999802,0.7599999999999595,2.8699999999998087,2.0689999999998787,2.7999999999998435,0.8517241379310345,0.3452380952380952,0.6220095693779905,0.4188034188034188,0.84,0.5522875816993464,0.6097560975609756,0.3945416004239534,0.4954998915636521,0.4506458333333333,1.4285714285714286,5.15625,,,,,,,,,,,,,,,,,,,,,,,,,,,,,,,,,,,,,
P1d6fd5f29a,2019,,,,,,,,,,,,,,,,,,,21.867214236824093,36.0,35.1667,17.061629325469834,3.7251263268944768,3.2700935828496847,0.9384218593157732,0.2274651872367893,24.8,53.67,48.1,19.9,15.4,2.2,9.6,1.5,0.7,0.2973568281938326,0.487,0.738,0.304,0.492,104.9,105.019,118.544,98.9749,3.63075,3.18753,0.443218,3.78024,90.4,0.3788546255506608,0.6162790697674418,0.3237885462555066,0.3469387755102041,0.6951020267595323,0.0,0.176,2.0,4.0,11.2,84.0,81.0,84.0,44.0,84.0,38.0,33.0,84.0,89.0,96.0,46.0,12.0,3.0,50.0,0.524,4.27,49.0,1.0,-0.03,0.0,5.58,19.0,19.57,53.9,1.5,0.0,74.25,2.0,22.78,50.4,7.82,0.7,19.74,4.32,21.477,1.944,4.77,2.484,2.286,2007.0,1.0,0.392,0.603,0.381,0.311,0.348,0.333,0.297,0.667,0.034,0.243,0.099,0.549,16.6667,3.6389,3.1944,0.9167,0.2222,2019.0,3.0,3.0,2932.0002000000004,4.20555,-0.5747999999999998,19.2,5.600000000000001,3.3229166666666665,4.20555,1.0,0.981,-0.005,1.137,1.016,-0.32,-0.551,-0.768,-0.331,1.114,,,,,,,,,,,,,,,,,,,,,,,,,,,,,0,1,0,34.0,32.0,-2.0,9.0,40.0,,,,,,,,,,,,,,,,,,,,,,,,,,,,,,,,,,,,,,,0,,,0.0,,,,,0.0,,,6.0,2.0,1.0,0.0,,,,,,,,,,,,,,0.0,-0.665,3.0,-0.487,-0.137,-0.039,-0.064,0.053,3.6,1.028,-0.989,0.123,36.0,1.0,35.2,16.977,2.0,3.0,1.0,1.0,1.874,2.0,118.544,98.9749,22.01,19.9,1.38549626,6.0,3.63075,0.0,4.84,-8.987,-1.0,1.498,-5.2,3.3,43.7,-4.9,-2.98,2.7,0.443218,0.952888,3.70697,9.6,105.019,0.151,0.611,48.1,4.20555,48.7,0.0,4.49418,36.0,0.0,23.0,0.3469,0.324,87.6,35.1667,3.18753,3.5413,2.2,104.9,1.7,3.78024,16.6667,90.4,0.6163,0.379,5.0,3.0,-0.287,200.658,0.297,15.4,53.67,24.8,3.0,,,,,,,,,,,,,,,,,,,,,,,,,,,,,,,,,,,,,,,,,700.0,14.0,24.0,1.0,21.0,15.0,34.0,7077.0,,,0.0,1.0,1.0,2.0,0.611,3.0,0.0,5.0,7.37,20.45,1.0,0.776,97.51219774691668,111.11365947958814,0.8178168417092763,14.0,0.4761644684370691,47.0,0.7428299288052731,,22.0,0.0,0.0,0.0,0.0,0.0,0.0,1.0,1.0,41.0,32.0,1.0,8.9,1.0,79.0,2.0,0.0,6.0,6.0,0.0,25.0,40.0,9.37,1.0,0.5736,57.0,3.0,,,,,,,,,,,,,,,,,,,,,,,4.9052101324977455,0.8333333333333334,7.581445400351516,0.6666666666666666,8.010403206244435,0.9166666666666666,5.037835051965288,0.3333333333333333,4.559467885280863,0.4166666666666667,8.727092472972917,0.3333333333333333,0.4181892494563207,0.625,2.232421166413211,0.3333333333333333,0.2606132075471698,0.2238805970149253,,,0.2820069204152249,0.2146596858638743,0.3183736592271939,0.3970264020900689,3.709185905224787,0.795707329957858,0.1264404158300408,0.1465962993297481,-0.0054999999999995,-0.0164999999999972,-0.0074999999999955,-0.6499999999996563,-0.1041220399999793,-0.0500000000000193,-4.058664302004205e-14,4.350000000000315,-1.1149999999997533,2.7999999999991987,0.7344398340248963,0.3135135135135135,0.6138613861386139,0.3559322033898305,0.8611111111111112,0.4930362116991643,0.5753424657534246,0.488426093897395,0.218390699544848,0.6525348837209302,0.9545454545454544,4.37037037037037,,,,,,,,,,,,,,,,,,,,,,,,,,,,,,,,,,,,,
Pcb86ff794b,2019,,,,,,,,,,,,,,,,,,,23.38672142368241,33.0,24.9394,16.053441542298533,10.97939806089962,0.656070314442208,0.3499041677025109,3.7181648315516815,21.9,64.74,74.8,4.2,19.4,12.4,21.2,0.6,11.5,0.0,0.7909999999999999,0.362,,0.748,108.2,89.9764,115.771,87.7667,7.88795,1.40404,6.4839,2.44093,71.8,0.8203883495145631,0.8106508875739645,0.1796116504854369,0.4594594594594595,4.277034197561556,0.0,0.125,3.0,1.0,16.7,97.0,98.0,70.0,96.0,8.0,3.0,99.0,95.0,75.0,21.0,8.0,98.0,86.0,93.0,0.346,0.0,26.0,0.82,2.88,2.4,1.62,6.0,17.53,68.5,-0.41,3.0,110.06,2.0,21.13,66.0,5.48,0.54,14.82,5.26,24.625,22.501,9.11,5.153,3.957,1267.0,1.0,0.82,0.805,0.566,0.18,0.486,0.222,0.0,,0.254,0.356,,,11.1212,7.6061,0.4545,0.2424,2.5758,2019.0,4.0,4.0,2650.0008,4.66932,3.21863,19.2,2.7,6.15927,7.88795,1.0,2.112,1.777,0.532,-1.131,-1.491,4.215,2.037,-1.614,0.857,,,,,,,,,,,,,,,,,,,,,,,,,,,,,0,0,0,,,,,,,,,,,,,,,,,,,,,,,,,,,,,,,,,,,,,16.0,12.0,50.0,33.3,,59.4,,0,,,0.0,,,,,0.0,,,12.0,4.0,0.0,0.0,,,,,,,,,,,,,,0.0,-0.68,3.0,0.23,0.636,-0.017,,-0.097,3.0,-2.672,-0.867,-0.059,32.0,0.0,24.9,15.904,7.3,4.0,1.0,1.75,0.596,3.0,115.771,87.7667,23.53,4.2,0.25420885,12.0,7.88795,1.0,4.648,1.531,-0.4,3.529,-1.9,30.6,34.8,5.1,-6.66,-3.3,6.4839,3.80376,3.59436,21.2,89.9764,0.527,2.667,74.8,4.66932,79.1,0.0,6.76879,33.0,1.0,,0.4595,0.18,62.1,24.9394,1.40404,2.96503,12.4,108.2,4.5,2.44093,11.1212,71.8,0.8107,0.82,8.0,4.0,0.629,192.622,0.0,19.4,64.74,21.9,4.0,,,,,,,,,,,,,,,,,,,,,,,,,,,,,,,,,,,,,,,,,1645.0,102.0,240.0,1.0,229.0,189.0,490.0,14781.0,1.0,8.889,1.0,1.0,1.0,2.0,0.727,2.0,0.0,24.0,6.34,30.97,0.0,0.854,94.3898605370901,113.58958205940864,0.8937203010858019,9.0,0.4685063664404616,21.0,0.6407433359524933,,24.0,0.985,3.0,0.0,0.25,0.1114,0.0,0.552,0.853,,,,,,,,,,,,,,,,,,,8.0,25.49,6.8,10.5,10.5,13.01,26.5,3.46,12.0,0.333,32.0,0.594,33.25,,,25.0,0.16,25.0,0.12,3.78,22.0,9.0,3.8882590474175625,0.7083333333333334,5.219504567646391,0.9166666666666666,6.962075224003871,0.25,5.053888995374839,0.5,3.0006287923639587,1.0,5.034825582275731,0.8333333333333334,0.5962779880306742,0.25,1.8633460865394949,1.0,0.2042606516290726,0.0,0.2522388059701492,0.559748427672956,0.1138996138996139,0.0,0.3886870306290487,0.3397407062634586,3.081407035175879,0.8498815089019901,0.1257209633565041,0.1379538127525926,0.0042999999999997,0.0,-0.0589999999999964,11.339999999999293,0.0047237999999996,-0.0999999999999835,-0.3399999999999769,1.6999999999999154,-1.8519999999998888,1.1399999999999375,0.3989071038251366,0.34,0.7788944723618091,0.4328358208955223,0.9797979797979798,0.7073170731707317,0.6125,0.8667722886360362,0.0,0.147825327510917,1.140495867768595,6.109090909090909,89.25,91.0,288.8,98.25,122.5,6.8,10.5,10.5,22.0,26.5,13.01,3.46,3.78,8.0,25.490540636620352,9.0,,,,4.0,25.0,0.16,3.0,25.0,0.12,4.0,12.0,0.3333333333333333,,,,19.0,32.0,0.59375,,,
P8534216773,2019,,,,,,,,,,,,,,,,,,,21.623545516769337,39.0,32.925,16.75626423690205,2.7061503416856496,6.287015945330297,1.2300683371298406,0.0546697038724373,25.1,56.01,50.1,32.6,16.9,1.0,8.1,2.0,0.2,0.5764966740576497,0.3989999999999999,0.828,0.369,0.429,116.7,105.007,131.886,98.4704,5.29107,6.55093,-1.25986,5.07415,82.2,0.3037694013303769,0.4963503649635036,0.1197339246119734,0.2592592592592592,0.1246033136693729,0.0,0.165,2.0,6.0,25.4,92.0,90.0,85.0,61.0,98.0,65.0,10.0,95.0,86.0,95.0,57.0,18.0,7.0,73.0,0.595,8.1,11.0,0.98,0.97,2.3,-0.9,17.0,18.27,55.8,-0.6,0.0,79.21,5.0,19.76,58.1,6.87,0.58,16.06,9.24,14.586,15.36,7.701,6.583,1.119,1901.0,1.0,0.305,0.5,0.143,0.118,0.278,0.0,0.577,0.245,0.0,0.261,0.436,0.815,15.325,2.475,5.75,1.125,0.05,2019.0,3.0,3.0,3094.0754,2.98881,2.3022600000000004,23.0,2.1000000000000014,4.0329500000000005,5.29107,1.0,1.422,0.371,1.2,2.753,0.33,-0.772,-1.098,0.874,1.037,,,,,,,,,,,,,,,,,,,,,,,,,,,,,0,0,0,91.0,96.0,5.0,5.0,87.0,,,,,,,,,,,,,,,,,,,,,,,,,,,,,,,,84.0,84.0,50.0,33.3,,56.7,,0,,,0.0,,,,,0.0,,,9.0,3.0,1.0,0.0,,,,,,,,,,,,,,1.0,10.943,3.0,-0.046,0.109,0.039,0.015,0.006,2.5,1.111,-0.106,-0.216,40.0,0.0,33.0,16.691,8.8,3.0,1.0,4.4,-0.134,2.0,131.886,98.4704,21.76,32.6,2.42105263,9.0,5.29107,1.0,7.352,-1.638,0.7,1.472,4.2,-25.7,6.1,0.7,0.43,2.5,-1.25986,0.323366,3.53921,8.1,105.007,0.029,0.103,50.1,2.98881,39.9,0.0,6.2917,39.0,0.0,10.0,0.2593,0.12,82.3,32.925,6.55093,5.96834,1.0,116.7,2.2,5.07415,15.325,82.2,0.4964,0.304,1.0,3.0,1.151,195.601,0.576,16.9,56.01,25.1,3.0,,,,,,,,,,,,,,,,,,,,,,,,,,,,,,,,,,,,,,,,,75.0,7.0,7.0,1.0,12.0,12.0,12.0,10180.0,,,0.0,1.0,1.0,5.0,0.75,3.0,1.0,1.0,12.57,51.25,1.0,0.797,96.41093993557315,122.02074282061174,0.9375597736858896,10.0,0.5384431912012896,12.0,0.7365275370655702,,30.0,0.735,0.0,0.0,0.01,0.0014,0.0,0.989,0.994,,56.0,2.0,,0.833,71.0,1.0,0.0,5.0,6.0,0.0,40.0,87.0,17.04,1.0,0.1706,96.0,3.0,8.0,24.45,3.9,8.25,9.5,10.77,40.5,3.02,12.0,0.333,30.0,0.567,24.25,,,25.0,0.84,25.0,0.84,3.04,33.5,7.75,2.9754288367340704,0.75,5.092062986952749,0.625,5.1830549356719615,1.0,3.276864225253175,0.5625,4.218421172501289,0.1875,5.377231327012097,0.5,0.8409330657669779,0.375,3.660365043715525,0.34375,0.2472527472527472,0.2220324508966695,0.1703980099502487,0.0259740259740259,0.2870905587668593,0.2152466367713004,0.4622437335754047,0.3640725011653378,6.384804977267289,0.5870716404446344,0.1156130110930437,0.1261963886401818,-0.0064999999999954,0.0124999999999964,0.0614999999999802,-7.099999999998708,0.2410905899999159,-0.1999999999999509,0.4499999999998851,11.14999999999663,1.1149999999996516,1.049999999999759,0.815,0.364516129032258,0.5149700598802395,0.3095238095238095,0.9285714285714286,0.4415584415584415,0.4812030075187969,0.4077706525839305,0.4698447893569845,1.0379540229885056,0.3636363636363636,2.84375,69.75,71.0,169.2,77.5,94.0,3.9,8.25,9.5,33.5,40.5,10.77,3.02,3.04,8.0,24.451766626830747,7.75,,,,21.0,25.0,0.84,21.0,25.0,0.84,4.0,12.0,0.3333333333333333,,,,17.0,30.0,0.5666666666666667,,,
P8a97dbabe6,2019,,,,,,,,,,,,,,,,,,,21.39,32.0,25.8,15.907,9.349,0.558,0.698,1.395,,,,,,,,,,,,0.689,0.0,,,,,,,,,,,,,,,,,,,,,,,,,,,,,,,,,,,,,,,,,,,,,,,,,,,,,,,,,,,,,,,,,,,,,,,,,,,,,,,,,2.0,,,,,,,,0.0,,,,,,,,,,,,,,,,,,,,,,,,,,,,,,,,,,,,,,0,0,0,,,,,,0.0,0.0,0.0,0.0,0.0,1.0,,,,,,,,,,,,,,,,,,,,,,,,,,52.0,52.0,50.0,66.7,58.3,41.7,66.7,0,493.0,,1.0,,,,,0.0,,,6.0,2.0,1.0,0.0,,,,,,,,,,,,,,0.2,1.84,5.0,0.144,-0.26,0.045,0.0,0.042,8.4,3.907,2.935,-0.13,32.0,1.0,25.8,15.907,8.4,2.0,1.0,8.4,3.907,1.0,,,,,,,,,,,,,,,,,,,,,,,,,,,,,,,,,,,,,,,,,,,,,,,,,,,,,,,,,0.0,0.0,1.0,2.028,1.0,2.028,0.0,0.0,1.0,6.0,12.17,0.0,0.0,0.0,0.0,0.0,0.0,0.0,0.0,1.0,2.028,0.0,0.0,2.0,4.057,0.0,0.0,0.0,0.0,,10.0,6.0,1.0,2.028,0.0,6635.0,0.0,0.167,0.0,0.0,561.0,0.0,11.0,1.0,13.0,0.0,18.0,6635.0,,,,,,,,,,,,,,,,,,,,,,,,0.0,0.0,0.0,0.0,0.0,0.0,1.0,1.0,,,,,,,,,,,,,,,,,,,13.0,24.94,6.1,9.5,10.25,11.46,35.5,3.25,24.0,0.625,24.0,0.542,26.0,,,25.0,0.52,25.0,0.52,3.28,30.5,4.75,,,,,,,,,,,,,,,,,,,,,,,,,,,,,,,,,,,,,,,,,,,,,,,,,,,81.0,82.25,232.8,85.75,107.0,6.1,9.5,10.25,30.5,35.5,11.46,3.25,3.28,13.0,24.9465932235934,4.75,,,,13.0,25.0,0.52,13.0,25.0,0.52,8.0,12.0,0.6666666666666666,7.0,12.0,0.5833333333333334,5.0,12.0,0.4166666666666667,8.0,12.0,0.6666666666666666
P5a277fef0e,2019,,,,,,,,,,,,,,,,,,,21.66461327857632,31.0,28.0968,16.69808661484582,7.150337404971384,2.3146408131886904,1.2812847014606643,1.5705987870504825,22.0,61.73,58.4,14.5,15.2,5.5,16.0,2.0,5.2,0.4472727272727272,0.4,0.755,0.366,0.612,113.8,97.379,119.717,95.185,8.19197,3.9921,4.19987,3.1199,,0.4109090909090909,0.7168141592920354,0.1418181818181818,0.3076923076923077,1.0103320226571548,1.0,0.136,4.0,1.0,3.7,97.0,97.0,70.0,89.0,68.0,65.0,91.0,97.0,71.0,89.0,74.0,98.0,38.0,89.0,0.555,5.65,112.0,0.9,-5.42,0.0,1.16,7.0,15.96,54.2,-3.39,0.0,130.1,0.0,,,6.68,0.62,15.22,5.62,-2.865,-2.63,0.387,1.106,-0.72,1309.0,1.0,0.385,0.726,0.494,0.167,0.348,0.5,0.447,1.0,0.104,0.195,0.0,0.278,13.0323,5.5806,1.8065,1.0,1.2258,2019.0,3.0,3.0,1968.9999,3.65729,4.53468,14.5,7.5,6.6141733333333335,8.19197,1.0,2.192,1.292,0.553,0.278,0.33,1.435,0.139,0.316,1.022,,,,,,,,,,,,,,,,,,,,,,,,,,,,,0,0,0,,,,,,,,,,,,,,,,,,,,,,,,,,,,,,,,,,,,,80.8,59.3,53.0,50.0,,54.8,,0,,,0.0,,,,,0.0,,,2.0,1.0,1.0,0.0,,,,,,,,,,,,,,,,0.0,0.997,-0.754,-0.04,-0.027,-0.037,6.1,0.782,-0.844,0.299,31.0,1.0,28.1,16.655,7.8,3.0,1.0,3.9,2.387,3.0,,,,,,,,,,,,,,,,,,,,,,,,,,,,,,,,,,,,,,,,,,,,,,,,,,,,,,,,,,,,,,,,,,,,,,,,,,,,,,,,,,,,,,,,,,,,,,,,,,,,0.0,,,,,0.0,-0.144,1.0,1.0,0.0,0.0,0.562,2.0,0.0,2.0,3.49,0.47,0.0,0.672,100.31477505750308,105.6788924521303,0.6454412545424921,14.0,0.4764543689340656,115.0,0.6040676713591606,,18.0,0.0,0.0,0.0,0.0,0.0,0.0,1.0,1.0,48.0,25.0,-6.0,20.9,1.0,79.0,3.0,0.0,4.0,4.0,0.0,50.0,45.0,18.1,1.0,0.5365,75.0,0.0,,26.24,3.9,9.5,10.25,,,,12.0,0.5,31.0,0.548,28.0,,,26.0,0.808,27.0,0.593,,,7.25,3.8650153382062378,0.6923076923076923,5.819285076398381,0.9230769230769232,8.273498983601492,0.7692307692307693,4.4750737387469295,0.3846153846153846,2.68952534667314,0.8076923076923077,3.3778459412442,0.7692307692307693,0.6758039712207913,0.9230769230769232,1.223555569647644,0.9230769230769232,0.1464713715046604,0.1886503067484662,,,0.1590038314176245,0.2027027027027027,0.362248672799636,0.3874023755761375,2.304231213872832,0.7684269114067579,0.1117828799999999,0.1196200997793307,0.0004999999999997,-0.0048571428571421,-0.0062857142857133,0.6357142857142819,-0.0366245442857006,-0.3571428571428272,0.1499999999999798,5.585714285713397,-0.5278571428570539,2.5571428571423485,0.7461538461538462,0.3583815028901734,0.6923076923076923,0.3478260869565217,0.8857142857142857,0.5885416666666666,0.6704545454545454,0.4990723562152134,0.3337342657342657,0.534608695652174,2.888888888888889,4.056603773584905,76.0,77.0,215.6,83.25,104.0,3.9,9.5,10.25,,,,,,,26.243386663816267,7.25,,,,21.0,26.0,0.8076923076923077,16.0,27.0,0.5925925925925926,6.0,12.0,0.5,,,,17.0,31.0,0.5483870967741935,,,
P18facb688d,2019,,,,,,,,,,,,,,,,,,,22.529774127310063,37.0,31.7297,12.9403807788917,7.359477082985342,2.88240985575029,0.7666381970204572,0.3679454895571026,18.4,60.3,55.7,15.6,17.3,9.1,14.3,1.2,1.2,0.2646048109965636,0.426,0.79,0.39,0.547,119.6,98.8553,123.507,93.3468,8.26109,5.12436,3.13673,3.91616,80.2,0.5670103092783505,0.6484848484848484,0.1683848797250859,0.2040816326530612,1.2947201228212393,0.0,0.159,8.0,1.0,20.1,97.0,97.0,39.0,84.0,72.0,26.0,53.0,97.0,46.0,93.0,26.0,29.0,87.0,86.0,0.578,2.62,19.0,0.97,-2.38,1.7,2.63,16.0,11.68,58.0,-5.0,0.0,95.7,3.0,16.8,60.9,5.8,0.57,13.96,5.04,0.262,11.203,5.62,1.711,3.908,1761.0,1.0,0.574,0.641,0.327,0.162,0.213,0.1,0.265,0.567,0.18,0.386,0.115,0.647,11.4054,6.4865,2.5405,0.6757,0.3243,2019.0,4.0,4.0,3620.0009,4.22181,4.03928,15.4,2.9999999999999982,6.3121125,8.26109,1.0,2.211,1.062,-0.199,0.428,-0.711,-0.331,1.129,-0.472,0.064,,,,,,,,,,,,,,,,,,,,,,,,,,,,,0,0,0,40.0,86.0,46.0,4.0,,0.0,0.0,0.0,0.0,0.0,1.0,,,,,,,,,,,,,,,,,,,,,,,,,,68.0,40.0,50.0,50.0,,64.5,,1,318.0,,0.0,,,,,0.0,,,10.0,4.0,1.0,0.0,,,,,,,,,,,,,,0.0,-0.748,6.0,-0.366,-0.029,-0.063,0.14,0.135,2.5,-2.588,0.724,-0.315,37.0,0.0,31.7,12.946,14.7,4.0,1.0,4.83,0.924,3.0,123.507,93.3468,22.67,15.6,1.44609509,10.0,8.26109,1.0,-0.052,-3.941,-1.0,2.01,-3.3,5.1,8.4,2.2,-0.18,-2.1,3.13673,2.17255,3.92295,14.3,98.8553,0.248,1.027,55.7,4.22181,42.6,0.0,6.61338,37.0,0.0,21.0,0.2041,0.168,78.3,31.7297,5.12436,4.44084,9.1,119.6,2.8,3.91616,11.4054,80.2,0.6485,0.567,5.0,4.0,1.186,203.024,0.265,17.3,60.3,18.4,4.0,1.0,3.145,0.0,0.0,0.0,0.0,1.0,3.145,1.0,1.0,3.145,1.0,3.145,0.0,0.0,0.0,0.0,0.0,0.0,1.0,3.145,2.0,6.289,5.0,15.723,0.0,0.0,1.0,6.289,,9.0,4.0,0.0,0.0,0.0,5301.0,0.0,0.444,0.0,0.0,102.0,4.0,5.0,1.0,7.0,6.0,7.0,5301.0,,,0.0,1.0,1.0,2.0,0.556,3.0,1.0,14.0,8.13,44.42,3.0,0.737,92.05027090477492,112.50164147137818,0.9094780960033438,8.0,0.5445174737020779,15.0,0.7087919370992818,,29.0,0.0,0.0,0.0,0.0,0.0,0.0,1.0,1.0,,,,,,,,,,,,,,,,,,,6.0,24.42,4.0,9.5,9.25,11.51,38.5,3.14,12.0,0.5,31.0,0.645,24.25,,,25.0,0.68,25.0,0.4,3.3,32.5,3.0,3.3900676454901704,0.2666666666666666,5.407464155938258,0.8666666666666667,7.385224049456114,0.8,4.125308901670326,0.2666666666666666,4.483918777740011,0.7333333333333333,5.503910442382098,0.7333333333333333,1.1463206516520392,0.2,3.533743477288572,0.6666666666666666,0.1593830334190231,0.094017094017094,0.1997578692493946,0.1906976744186046,0.1692573402417962,0.1102941176470588,0.3896616362522773,0.3532188973286763,4.994382555107844,0.5612506364503108,0.1033005430374831,0.1052057002250126,-0.0182999999999987,0.0191999999999987,0.0987999999999941,-2.119999999999874,0.0657254049999961,-0.0199999999999993,-0.3599999999999862,11.529999999999314,0.6709999999999668,1.3399999999999184,0.7777777777777778,0.3700787401574803,0.6410256410256411,0.2784810126582278,0.9215686274509804,0.5393700787401575,0.5564516129032258,0.6353744646371108,0.2058037418862161,0.6650103092783505,1.2,6.157894736842105,76.75,78.5,204.6,79.75,101.0,4.0,9.5,9.25,32.5,38.5,11.51,3.14,3.3,6.0,24.420084838107066,3.0,,,,17.0,25.0,0.68,10.0,25.0,0.4,6.0,12.0,0.5,,,,20.0,31.0,0.6451612903225806,,,
P3022e1c032,2019,,,,,,,,,,,,,,,,,,,21.54688569472964,24.0,29.6667,16.331401874829357,3.8427327609744255,6.0674089130236935,1.9719078967327004,0.1010830324909747,26.2,63.15,57.4,33.8,22.1,2.6,10.8,3.4,0.4,0.4827586206896552,0.547,0.811,0.418,0.524,116.9,95.452,128.892,92.8618,7.84963,5.99299,1.85665,4.2653,80.0,0.4285714285714285,0.5977011494252874,0.0886699507389162,0.1666666666666666,0.1685391364728803,11.0,0.102,3.0,2.0,24.7,96.0,97.0,89.0,93.0,98.0,96.0,20.0,99.0,90.0,97.0,95.0,32.0,47.0,97.0,0.6,5.51,12.0,0.92,-0.61,0.0,-10.58,6.0,23.4,80.4,7.34,22.9,135.21,3.0,16.74,59.7,6.64,0.56,15.34,6.9,14.495,28.278,5.921,2.035,3.886,802.0,1.0,0.438,0.596,0.208,0.079,0.125,0.0,0.483,0.756,0.022,0.347,0.118,0.544,13.4583,3.1667,5.0,1.625,0.0833,2019.0,4.0,4.0,3582.9983999999995,1.19556,6.654070000000001,18.7,7.5,4.312165,7.84963,1.0,2.101,1.521,1.429,2.917,2.15,-0.684,-0.658,0.469,0.928,,,,,,,,,,,,,,,,,,,,,,,,,,,,,0,0,0,95.0,95.0,0.0,1.0,95.0,,,,,,,,,,,,,,,,,,,,,,,,,,,,,,,,,,,,,,,0,,,0.0,,,,,0.0,,,10.0,4.0,1.0,0.0,,,,,,,,,,,,,,0.0,-0.227,2.0,-0.423,0.006,0.009,0.02,0.029,-1.4,0.164,0.643,0.554,24.0,1.0,29.5,16.475,6.3,4.0,1.0,1.83,1.987,3.0,128.892,92.8618,21.69,33.8,1.81818182,10.0,7.84963,1.0,2.249,-7.514,0.9,2.535,3.1,10.7,-26.0,1.9,3.99,0.8,1.85665,2.65618,3.76737,10.8,95.452,0.034,0.125,57.4,1.19556,54.7,0.0,7.808,24.0,0.0,46.0,0.1667,0.089,50.5,29.6667,5.99299,5.15181,2.6,116.9,2.0,4.2653,13.4583,80.0,0.5977,0.429,1.0,4.0,2.239,135.826,0.483,22.1,63.15,26.2,4.0,,,,,,,,,,,,,,,,,,,,,,,,,,,,,,,,,,,,,,,,,,,,0.0,,,,,0.4,11.259,5.0,1.0,1.0,3.0,0.743,3.0,1.0,5.0,8.84,36.08,1.0,0.877,94.53800620400744,118.62880174093016,0.9315323625883796,9.0,0.4277979036200894,13.0,0.6609951561359672,,26.0,0.0,0.0,0.0,0.0,0.0,0.0,1.0,1.0,,61.0,0.0,,0.333,73.0,1.0,0.0,2.0,6.0,0.0,22.0,95.0,11.0,1.0,0.0975,83.0,4.0,,,,,,,,,,,,,,,,,,,,,,,,,,,,,,,,,,,,,,,,,,,,,,,,,,,,,,,,,,,,,,,,,,,,,,,,,,,,,,,,,,,,,,,,,,,,,,,,,,,,,,,,,,,,,
P224fa713e4,2019,,,,,,,,,,,,,,,,,,,23.761806981519506,34.0,32.8824,20.511604992336327,5.37749069410992,2.1574337639588355,1.0304357346179114,0.2576089336544778,26.9,61.08,57.1,12.2,17.6,5.1,11.7,1.7,0.8,0.3995680345572354,0.266,0.878,0.384,0.568,111.9,102.592,128.385,97.5677,4.25118,4.60652,-0.35534,4.66977,67.0,0.285097192224622,0.7348484848484849,0.3153347732181425,0.4178082191780822,0.3577812411001917,1.0,0.16,1.0,5.0,24.0,84.0,85.0,91.0,83.0,54.0,54.0,43.0,91.0,92.0,45.0,40.0,57.0,83.0,93.0,0.625,6.62,14.0,0.97,-6.36,0.0,4.14,20.0,20.84,61.5,-5.11,0.0,83.53,1.0,23.0,62.8,4.68,0.37,16.16,10.08,-2.724,12.124,5.476,4.681,0.795,1799.0,1.0,0.281,0.746,0.392,0.32,0.412,0.23,0.398,0.789,0.054,0.171,0.084,0.501,18.7353,4.9118,1.9706,0.9412,0.2353,2019.0,4.0,4.0,2842.0028,6.22129,-1.97011,17.0,9.9,4.515594999999999,6.22129,1.0,1.146,1.188,1.575,-0.037,-0.06,-0.507,0.029,0.11,1.994,,16.93,8.0,200.0,25.0,17.28,7.92,1.98,2.16,0.36,23.1552,45.0,38.70967741935484,,,,,0.2795698924731182,0.3333333333333333,0.7741935483870968,0.3076923076923077,9.375,1.0,1.0,2.0,1.0,17.96727272727273,2.0,0,0,0,,,,,,1.0,1.0,0.0,0.0,0.0,2.0,,,,,,,,,,,,,,,,,,,,,,,,,,,,0.0,,,,,0,702.0,,0.0,5.184,0.3,,5.0,0.0,,,1.0,1.0,0.0,0.0,,,,,,,,,,,,,,0.0,-0.399,4.0,0.441,-0.305,0.051,0.058,0.082,12.3,4.909,1.168,-0.588,34.0,1.0,32.9,20.462,18.3,4.0,1.0,6.05,3.851,4.0,,,,,,,,,,,,,,,,,,,,,,,,,,,,,,,,,,,,,,,,,,,,,,,,,,,,,,,,,0.0,0.0,0.0,0.0,0.0,0.0,0.0,0.0,1.0,1.0,1.425,1.0,1.425,0.0,0.0,0.0,0.0,0.0,0.0,0.0,0.0,0.0,0.0,1.0,1.425,1.0,1.425,1.0,4.274,,11.0,7.0,10.0,14.245,0.0,10130.0,0.0,0.25,0.0,0.0,107.0,10.0,17.0,1.0,38.0,23.0,38.0,10130.0,0.0,-0.683,2.0,1.0,1.0,2.0,0.657,3.0,0.0,3.0,9.26,34.79,2.0,0.86,97.8064688312225,119.12664523967172,0.906171439964846,12.0,0.5072329638641289,16.0,0.7209589058769117,,23.0,0.0,0.0,0.0,0.0,0.0,0.0,1.0,1.0,,,,,,,,,,,,,,,,,,,9.0,23.64,4.7,8.75,9.25,11.16,36.5,3.04,,,,,27.0,,,,,,,3.37,29.5,7.75,5.800317489502188,0.9642857142857144,7.446998985537031,0.6428571428571429,6.0231582274954985,0.5714285714285714,3.370255173040448,0.7142857142857143,3.1963217627805385,0.5,4.432387767813534,0.2142857142857142,0.6599645355688568,0.4642857142857143,2.903138959183065,0.2857142857142857,0.2,0.2278325123152709,0.2118780096308186,0.1351351351351351,0.24,0.2414965986394557,0.4135373104030376,0.3063063559115543,4.977476190476192,0.9655064743063624,0.1297874697964198,0.1409800420324611,0.0304,-0.0052571428571397,0.0755428571428451,0.4942857142858113,-0.2372288094285513,0.7742857142856373,-0.3885714285713332,11.72571428571298,2.229714285714292,2.77428571428537,0.8531468531468531,0.3744680851063829,0.7098765432098766,0.4147727272727273,0.95,0.559748427672956,0.7131147540983607,0.3599164603960396,0.3408902113005785,0.3603154121863799,1.088,4.799999999999999,76.5,77.5,196.8,84.25,103.5,4.7,8.75,9.25,29.5,36.5,11.16,3.04,3.37,9.0,23.642888337474748,7.75,,,,,,,,,,,,,,,,,,,,,
P82887a653c,2019,,,,,,,,,,,,,,,,,,,23.08829568788501,35.0,37.4286,19.374072233532644,5.688559016367162,2.1160289190618937,0.9069107580833906,0.4671614754492554,23.4,57.49,53.3,11.3,12.7,3.5,14.7,1.4,1.6,0.5748613678373382,0.281,0.842,0.363,0.517,115.8,107.885,123.714,105.716,3.5467,5.03061,-1.4839,4.67544,,0.2033271719038817,0.6727272727272727,0.22181146025878,0.375,0.3969462618730824,1.0,0.182,1.0,2.0,3.8,80.0,80.0,75.0,68.0,49.0,38.0,64.0,86.0,79.0,40.0,24.0,85.0,65.0,81.0,0.6,9.5,115.0,1.0,3.14,4.0,3.32,7.0,16.85,47.6,-5.91,0.0,120.23,0.0,,,8.7,0.64,20.4,5.98,9.94,3.019,2.571,3.243,-0.671,2248.0,0.0,0.198,0.673,0.361,0.227,0.382,0.34,0.575,0.832,0.028,0.127,0.097,0.373,20.1429,5.9143,2.2,0.9429,0.4857,2019.0,2.0,2.0,2414.0009,5.51278,-1.9660800000000005,23.4,0.0,4.52974,5.51278,1.0,0.959,0.61,0.845,-0.16,-0.45,-0.154,-0.411,0.867,1.704,,,,,,,,,,,,,,,,,,,,,,,,,,,,,0,0,0,,,,,,,,,,,,,,,,,,,,,,,,,,,,,,,,,,,,,,,,,,,,0,,,0.0,,,,,0.0,,,3.0,1.0,1.0,0.0,,,,,,,,,,,,,,,,0.0,-0.613,-0.024,0.021,0.03,0.039,1.8,2.359,-0.085,-0.448,35.0,0.0,37.4,19.348,8.6,4.0,1.0,2.52,0.507,4.0,123.714,105.716,23.23,11.3,1.10000002,3.0,3.5467,0.0,9.588,8.418,-4.0,-1.966,2.8,-1.0,1.6,9.9,2.87,0.0,-1.4839,-1.02694,3.06177,14.7,107.885,0.136,0.371,53.3,5.51278,28.1,0.0,3.88662,35.0,0.0,13.0,0.375,0.222,90.3,37.4286,5.03061,4.91356,3.5,115.8,3.1,4.67544,20.1429,,0.6727,0.203,4.0,2.0,-1.966,233.658,0.575,12.7,57.49,23.4,4.0,,,,,,,,,,,,,,,,,,,,,,,,,,,,,,,,,,,,,,,,,,,,0.0,,,,,,,0.0,1.0,0.0,0.0,0.528,3.0,0.0,31.0,5.48,4.03,1.0,0.819,107.41058824413858,112.5696591738472,0.6316972076353796,17.0,0.3615178721765181,121.0,0.5985782833798486,,19.0,0.0,0.0,0.0,0.0,0.0,0.0,1.0,1.0,,,,,,,,,,,,,,,,,,,,,,,,,,,,,,,,,,,,,,,,,2.790156591573952,1.0,7.588213743824354,0.75,6.099512526645202,0.6666666666666666,5.071793575009169,0.1666666666666666,4.336212106492216,0.5,5.708792473813718,0.5833333333333334,0.6156701692275169,0.375,2.245693497707798,0.75,0.1966364812419146,0.4423897581792319,,,0.2277580071174377,0.4688796680497925,0.2425511017634138,0.47668388306524,3.8496339677891664,0.591435554380894,0.132209231019223,0.1453028471926027,0.0060000000000011,0.0300000000000057,0.0390000000000073,-1.000000000000201,0.0634432600000121,-1.2000000000002342,1.400000000000272,1.6000000000002907,2.8700000000005628,1.4710719676806676e-15,0.8255813953488372,0.3601108033240997,0.6571428571428571,0.38,0.88,0.5148148148148148,0.6421052631578947,0.290978482595249,0.4745948501912909,0.4042991803278689,1.4933333333333332,4.439024390243903,,,,,,,,,,,,,,,,,,,,,,,,,,,,,,,,,,,,,
Pdee21247bb,2019,,,,,,,,,,,,,,,,,,,21.505817932922657,34.0,37.7429,25.834930543228,3.842566416465084,2.7797228087931773,0.817520646267245,0.1907643556801412,31.5,63.72,59.6,17.6,13.2,1.2,11.4,1.4,0.6,0.3993710691823899,0.321,0.863,0.425,0.568,120.7,108.29,134.528,109.887,2.16423,5.48018,-3.31595,6.06199,,0.2421383647798742,0.6883116883116883,0.3584905660377358,0.4868421052631579,0.4987303416474279,0.0,0.189,1.0,3.0,8.0,69.0,69.0,98.0,94.0,76.0,33.0,28.0,,,,,,,,0.636,7.92,96.0,1.0,1.92,0.0,2.11,2.0,26.67,55.7,-2.17,0.0,232.91,0.0,,,7.17,0.39,22.78,13.94,7.951,16.701,2.278,5.039,-2.762,1204.0,0.0,0.238,0.688,0.292,0.361,0.489,0.105,0.401,0.527,0.019,0.169,0.19,0.681,27.0857,4.0286,2.9143,0.8571,0.2,2019.0,4.0,4.0,3386.2012,-5.72947,7.8937,21.4,10.1,-0.05223,2.16423,1.0,0.592,1.613,2.536,0.702,-0.45,-0.595,-1.043,0.109,3.351,,,,,,,,,,,,,,,,,,,,,,,,,,,,,0,0,0,,,,,,0.0,0.0,0.0,1.0,0.0,1.0,,,,,,,,,,,,,,,,,,,,,,,,,,,,,,,,,0,288.0,,0.0,,,,,0.0,,,10.0,4.0,1.0,0.0,,,,,,,,,,,,,,0.0,-0.869,1.0,-0.278,0.001,0.062,0.059,0.065,-0.1,2.64,0.677,0.098,35.0,1.0,37.7,25.878,33.6,4.0,1.0,11.03,3.57,3.0,134.528,109.887,21.65,17.6,1.12088464,10.0,2.16423,1.0,9.327,-2.494,-1.0,0.677,6.4,4.0,-2.1,6.0,6.98,2.5,-3.31595,-1.83007,2.52048,11.4,108.29,0.11,0.471,59.6,-5.72947,32.1,0.0,6.00316,34.0,0.0,32.0,0.4868,0.358,92.8,37.7429,5.48018,7.83323,1.2,120.7,2.0,6.06199,27.0857,,0.6883,0.242,3.0,4.0,2.33,201.713,0.399,13.2,63.72,31.5,4.0,1.0,3.472,1.0,3.472,0.0,0.0,1.0,3.472,1.0,3.0,10.417,0.0,0.0,0.0,0.0,0.0,0.0,0.0,0.0,0.0,0.0,1.0,3.472,1.0,3.472,0.0,0.0,0.0,0.0,,6.0,2.0,0.0,0.0,0.0,4970.0,0.0,0.25,0.0,0.0,438.0,2.0,8.0,1.0,13.0,2.0,17.0,4970.0,,,0.0,1.0,0.0,1.0,0.771,2.0,2.0,3.0,5.16,8.11,0.0,0.859,109.52358215295136,115.88113418074344,0.6567599067442507,8.0,0.3570081810469312,109.0,0.3783628432402118,,27.0,0.0,0.0,0.0,0.0,0.0,0.0,1.0,1.0,,,,,,,,,,,,,,,,,,,,,,,,,,,,,,,,,,,,,,,,,3.6386610947236657,1.0,8.071039313698213,0.6363636363636364,7.987536622795579,0.8181818181818182,3.1518577917956314,0.5909090909090909,4.185080146344037,0.1818181818181818,5.973222746375748,0.2727272727272727,1.122396705861522,0.5909090909090909,2.821405955474439,0.4545454545454545,0.2734584450402145,0.3311603650586701,0.2365591397849462,0.2236842105263158,0.2928452579034942,0.3636363636363636,0.3437001755127348,0.415865641603664,4.075834970530452,0.7707199614423367,0.1396963999999999,0.1758659800055597,-0.0045999999999996,0.0523999999999969,0.1118999999999935,-0.0499999999999975,0.2370301269999868,-0.1599999999999872,0.7899999999999564,28.229999999998352,4.528999999999739,3.219999999999809,0.8482142857142857,0.4111842105263157,0.6739130434782609,0.4767441860465116,0.925925925925926,0.5616113744075829,0.656934306569343,0.33586860670194,0.3387522461814914,0.4700553846153847,0.84,4.2,,,,,,,,,,,,,,,,,,,,,,,,,,,,,,,,,,,,,
P273938bb97,2019,,,,,,,,,,,,,,,,,,,19.45242984257358,9.0,29.8889,25.29367089454614,11.776974060604438,1.2044605187879114,1.0706449551505743,3.34575042908906,30.4,63.18,61.0,9.5,13.5,9.7,29.0,1.8,12.9,0.1893939393939394,0.28,0.757,0.52,0.57,116.5,85.3312,132.487,82.4762,10.5006,3.06878,7.43187,4.67012,99.4,0.4090909090909091,0.7222222222222222,0.4015151515151515,0.4150943396226415,2.230482442199836,29.0,0.035,,,16.5,,,,,,,,,,,,,,,0.575,3.72,42.0,1.0,,,,3.0,26.81,63.1,-2.16,0.0,148.0,0.0,,,5.86,0.33,20.32,16.66,11.533,20.545,2.809,2.143,0.666,475.0,0.0,0.386,0.706,0.556,0.424,0.446,0.6,0.189,1.0,0.137,0.171,0.0,0.341,21.0,9.7778,1.0,0.8889,2.7778,2019.0,1.0,1.0,269.0001,10.5006,0.0,30.4,0.0,10.5006,10.5006,1.0,2.805,1.526,2.306,-0.406,0.07,4.833,1.294,-0.797,3.213,,,,,,,,,,,,,,,,,,,,,,,,,,,,,1,1,0,12.0,4.0,-8.0,8.0,6.0,0.0,0.0,0.0,0.0,1.0,1.0,,,,,,,,,,,,,,,,,,,,,,,,,,,,0.0,,,,,1,4644.0,,0.0,,,,,0.0,,,11.0,4.0,0.0,0.0,,,,,,,,,,,,,,,,0.0,-0.735,27.257,-0.247,0.287,-0.032,-12.7,48.612,35.118,-0.49,5.0,1.0,2.0,54.0,-3.0,9.0,0.0,-0.355,1.238,9.0,132.487,82.4762,19.59,9.5,0.5,11.0,10.5006,,,,,,,,,,,,7.43187,4.00816,4.87272,29.0,85.3312,0.333,1.667,61.0,,28.0,0.0,12.2755,9.0,0.0,16.0,0.4151,0.402,17.6,29.8889,3.06878,8.2673,9.7,116.5,2.2,4.67012,21.0,99.4,0.7222,0.409,7.0,1.0,,68.8772,0.189,13.5,63.18,30.4,1.0,1.0,0.215,3.0,0.646,1.0,0.215,14.0,3.015,1.0,2.0,0.431,3.0,0.646,0.0,0.0,1.0,0.215,1.0,0.215,8.0,1.723,4.0,0.861,7.0,1.507,0.0,0.0,1.0,0.861,,113.0,27.0,6.0,1.292,1.0,54008.0,0.215,-0.056,0.0,0.0,5804.0,9.0,1072.0,1.0,66.0,13.0,2022.0,54008.0,,,0.0,1.0,1.0,3.0,0.658,3.0,,1.0,6.56,27.01,1.0,0.883,92.76695345431808,108.970126028134,0.8642805984102594,13.0,0.5434092550116405,33.0,0.6338550368930337,,25.0,0.993,0.0,0.1563,0.03,0.2257,0.0,0.917,0.124,5.0,4.0,-2.0,2.5,1.0,85.0,4.0,0.0,4.0,4.0,0.0,5.0,6.0,2.17,1.0,0.9575,9.0,1.0,,20.36,7.1,9.25,9.5,,,,,,,,30.75,,,,,,,,,6.25,2.8381603388829992,1.0,4.782649102111642,1.0,7.659417390689683,0.5,4.175978686951377,0.25,2.447419590393482,0.9166666666666666,3.272547371357851,1.0,1.1733875026537233,0.5416666666666666,3.7521600509831594,1.0,0.0592948717948717,0.0297619047619047,0.0694087403598971,0.1682242990654205,0.0622222222222222,0.0440677966101694,0.3756775780566179,0.3954943545748995,4.928364088741447,0.7235056798901174,0.1135235248690066,0.1190230384245645,,,,,,,,,,,0.7368421052631579,0.4,0.6785714285714286,0.4096385542168674,0.8571428571428571,0.5510204081632653,0.6666666666666666,0.4739681683301861,0.1395534290271132,0.2617038216560509,3.159183673469388,12.09375,84.75,86.5,208.0,91.0,115.5,7.1,9.25,9.5,,,,,,,20.360208848157622,6.25,,,,,,,,,,,,,,,,,,,,,
P00e7133fc6,2019,,,,,,,,,,,,,,,,,,,18.8145106091718,33.0,29.9697,27.1547462937567,10.665331985305158,2.4752199721718937,2.5480134936285648,2.1476491256168733,28.2,70.19,70.8,15.0,15.2,12.8,18.0,3.9,5.8,0.1632183908045977,0.467,0.64,0.338,0.747,129.2,86.7976,152.844,81.3985,16.4614,10.1571,6.30437,6.77416,99.2,0.7195402298850575,0.7891373801916933,0.1172413793103448,0.4901960784313725,2.9120320614729964,5.0,0.13,2.0,1.0,30.8,100.0,100.0,99.0,99.0,79.0,98.0,95.0,100.0,98.0,91.0,99.0,100.0,99.0,100.0,0.487,2.87,3.0,0.88,-1.29,1.8,6.37,17.0,28.69,68.5,-3.15,0.0,86.61,4.0,28.3,65.3,7.34,0.34,25.78,18.26,8.84,25.83,9.262,6.241,3.021,1720.0,1.0,0.72,0.792,0.444,0.117,0.471,0.333,0.163,0.792,0.204,0.4,0.034,0.512,22.6061,8.8788,2.0606,2.1212,1.7879,2019.0,1.0,1.0,989.0001,16.4614,0.0,28.2,0.0,16.4614,16.4614,1.0,4.388,2.654,1.847,0.346,2.8,1.699,2.147,-0.91,3.688,,,,,,,,,,,,,,,,,,,,,,,,,,,,,1,1,0,13.0,2.0,-11.0,8.0,4.0,0.0,0.0,0.0,0.0,1.0,1.0,,,,,,,,,,,,,,,,,,,,,,,,,,,,0.0,,,,,1,3239.0,,0.0,,,,,0.0,,,7.0,3.0,1.0,0.0,,,,,,,,,,,,,,0.294,5.305,17.0,,,,,,,,,,33.0,1.0,30.0,27.12,0.0,1.0,1.0,,,0.0,152.844,81.3985,18.95,15.0,0.87180573,7.0,16.4614,,,,,,,,,,,,6.30437,5.87096,4.97911,18.0,86.7976,0.252,2.182,70.8,,46.7,0.0,18.6717,33.0,0.0,40.0,0.4902,0.117,64.9,29.9697,10.1571,12.8008,12.8,129.2,2.8,6.77416,22.6061,99.2,0.7891,0.72,5.0,1.0,,256.043,0.163,15.2,70.19,28.2,1.0,15.0,4.631,3.0,0.926,1.0,0.309,23.0,7.101,1.0,31.0,9.571,8.0,2.47,1.0,0.309,0.0,0.0,0.0,0.0,3.0,0.926,11.0,3.396,33.0,10.188,0.0,0.0,1.0,0.309,,154.0,13.0,8.0,2.47,1.0,66829.0,0.309,0.769,1.0,0.309,806.0,33.0,425.0,1.0,488.0,73.0,843.0,66829.0,0.333,2.189,6.0,1.0,1.0,4.0,0.842,3.0,,1.0,10.05,42.41,3.0,0.879,90.37825284940855,119.63753375024532,0.961776217109955,6.0,0.6153691186243182,5.0,0.7399319980979776,,32.0,1.0,6.0,0.15,0.57,0.5797,0.0,0.418,0.129,4.0,2.0,-2.0,2.4,1.0,79.0,4.0,0.0,4.0,4.0,0.0,5.0,4.0,2.12,1.0,0.97,7.0,1.0,,,,,,,,,,,,,,,,,,,,,,,7.633828926091289,0.8461538461538461,8.877401465657172,0.8461538461538461,8.529419252170326,0.8461538461538461,3.6634988029325326,0.2307692307692307,3.73689228715016,0.7692307692307693,3.649428704942272,1.0,0.7586935793309745,1.0,3.0085407644859825,0.7692307692307693,0.2528019925280199,0.0786267995570321,0.3152064451158107,0.3657407407407407,0.2359346642468239,0.0863309352517985,0.3986264801414825,0.3873593749294641,5.205587491377328,0.7675030147666818,0.1226744399240288,0.1666421681655268,,,,,,,,,,,0.6457399103139013,0.3388429752066115,0.7725947521865889,0.4567901234567901,0.9101123595505618,0.7227722772277227,0.7478632478632479,0.7673176685993286,0.1053966290397402,0.4356164383561644,4.663917525773195,8.105263157894738,,,,,,,,,,,,,,,,,,,,,,,,,,,,,,,,,,,,,
Pa9cae64430,2019,,,,,,,,,,,,,,,,,,,18.874743326488705,38.0,35.2632,23.10447151704893,7.7372558361124355,4.40597563465596,0.9133941332607364,0.4298985911658612,31.3,53.19,50.6,23.5,15.9,4.8,17.2,1.4,1.2,0.3376068376068376,0.319,0.665,0.308,0.529,108.0,95.1227,131.543,89.0183,5.92941,4.58458,1.34483,5.37661,100.0,0.3732193732193732,0.6412213740458015,0.2905982905982906,0.3823529411764705,1.1940284250406867,0.0,0.176,1.0,5.0,30.8,96.0,93.0,100.0,47.0,97.0,41.0,51.0,96.0,98.0,80.0,24.0,74.0,81.0,53.0,0.488,7.07,3.0,0.97,-7.19,0.0,5.94,20.0,23.25,51.7,-5.63,0.0,82.58,4.0,21.18,52.5,6.66,0.43,23.2,11.22,5.311,21.997,9.942,5.571,4.371,2389.0,1.0,0.385,0.644,0.362,0.278,0.369,0.25,0.338,0.863,0.096,0.246,0.046,0.5,22.6316,7.5789,4.3158,0.8947,0.4211,2019.0,1.0,1.0,1340.0015999999998,5.92941,0.0,31.3,0.0,5.92941,5.92941,1.0,1.592,-0.083,2.494,1.508,-0.45,-0.331,-0.053,-0.157,2.655,,,,,,,,,,,,,,,,,,,,,,,,,,,,,1,1,0,1.0,1.0,0.0,6.0,1.0,0.0,0.0,0.0,0.0,1.0,1.0,,,,,,,,,,,,,,,,,,,,,,,,,,,,0.0,,,,,1,2582.0,,0.0,,,,,0.0,,,6.0,2.0,0.0,0.0,,,,,,,,,,,,,,0.294,5.305,17.0,,,,,,,,,,38.0,1.0,35.3,22.844,0.0,1.0,1.0,,,0.0,131.543,89.0183,19.01,23.5,1.33335401,6.0,5.92941,,,,,,,,,,,,1.34483,1.30977,4.93214,17.2,95.1227,0.16,1.053,50.6,,31.9,0.0,7.17569,38.0,0.0,0.0,0.3824,0.29,87.9,35.2632,4.58458,5.86592,4.8,108.0,2.1,5.37661,22.6316,100.0,0.6412,0.373,4.0,1.0,,254.326,0.337,15.9,53.19,31.3,1.0,2.0,0.775,3.0,1.162,1.0,0.387,2.0,0.775,1.0,37.0,14.33,0.0,0.0,0.0,0.0,38.0,14.717,1.0,0.387,1.0,0.387,8.0,3.098,22.0,8.521,1.0,5.809,1.0,2.711,3.0,94.0,15.0,3.0,1.162,0.0,42848.0,0.0,0.808,1.0,0.775,710.0,103.0,205.0,1.0,285.0,160.0,397.0,42848.0,0.333,2.189,6.0,1.0,1.0,4.0,0.842,3.0,,5.0,16.46,52.94,3.0,0.807,90.37825284940855,119.63753375024532,0.961776217109955,6.0,0.6153691186243182,5.0,0.7399319980979776,,32.0,0.963,0.0,0.0125,0.04,0.031,0.0,0.941,0.888,1.0,1.0,0.0,0.0,1.0,79.0,3.0,0.0,4.0,4.0,0.0,0.0,1.0,0.0,1.0,1.0,1.0,1.0,,,,,,,,,,,,,,,,,,,,,,,6.336577086883901,1.0,10.94797072206623,0.5384615384615384,7.196425994179613,0.9230769230769232,3.802913736407978,0.3846153846153846,4.620445666982073,0.3846153846153846,3.76608839193285,0.9230769230769232,0.8081422860423552,0.3076923076923077,3.0921048553842567,0.3846153846153846,0.2789539227895392,0.2624584717607973,0.2638469284994965,0.1944444444444444,0.2704174228675136,0.2625899280575539,0.3745566612068661,0.4427161208312243,6.469774217042972,0.6595092087004975,0.1226744399240288,0.1666421681655268,,,,,,,,,,,0.6680327868852459,0.313588850174216,0.636986301369863,0.3846153846153846,0.9423076923076924,0.5267326732673268,0.5818181818181818,0.4503847306885181,0.2255324365980104,0.6118730650154799,1.2923076923076924,7.096774193548387,,,,,,,,,,,,,,,,,,,,,,,,,,,,,,,,,,,,,
P2f61c21e93,2019,,,,,,,,,,,,,,,,,,,19.66050650239562,36.0,29.6944,16.333019020421357,4.4789051134220585,2.357292957594697,1.8859313540600249,0.7071636402823428,23.6,49.88,45.9,10.7,20.7,2.0,10.6,2.9,1.9,0.6180555555555556,0.264,0.772,0.333,0.394,96.4,94.4086,107.454,88.5017,3.1857,1.24378,1.94192,2.06037,99.8,0.1851851851851851,0.5125,0.1967592592592592,0.2823529411764706,0.2619274266453533,2.0,0.141,3.0,7.0,30.8,87.0,87.0,87.0,33.0,52.0,93.0,67.0,81.0,81.0,69.0,97.0,53.0,3.0,26.0,0.552,9.99,3.0,0.94,-5.62,0.0,9.58,18.0,17.95,52.0,-0.41,3.3,85.78,3.0,13.89,59.7,6.97,0.93,13.94,1.4,-23.749,17.223,0.983,0.739,0.243,1933.0,1.0,0.19,0.512,0.262,0.192,0.277,0.304,0.618,0.798,0.049,0.14,0.125,0.399,13.4722,3.6944,1.9444,1.5556,0.5833,2019.0,1.0,1.0,1068.9984,3.1857,0.0,23.6,0.0,3.1857,3.1857,1.0,0.863,-0.616,0.887,-0.242,1.5,-0.022,-0.823,1.053,0.929,,,,,,,,,,,,,,,,,,,,,,,,,,,,,1,1,0,3.0,3.0,0.0,3.0,,0.0,0.0,0.0,0.0,1.0,1.0,,,,,,,,,,,,,,,,,,,,,,,,,,,,0.0,,,,,0,620.0,,0.0,,,,,0.0,,,9.0,3.0,1.0,0.0,,,,,,,,,,,,,,0.294,5.305,17.0,,,,,,,,,,36.0,1.0,29.7,16.364,0.0,1.0,1.0,,,0.0,107.454,88.5017,19.8,10.7,0.7291409,9.0,3.1857,,,,,,,,,,,,1.94192,2.35019,4.22016,10.6,94.4086,0.138,0.194,45.9,,26.4,0.0,3.02984,36.0,0.0,38.0,0.2824,0.197,70.1,29.6944,1.24378,0.679645,2.0,96.4,3.2,2.06037,13.4722,99.8,0.5125,0.185,5.0,1.0,,209.227,0.618,20.7,49.88,23.6,1.0,1.0,1.613,0.0,0.0,0.0,0.0,0.0,0.0,1.0,10.0,16.129,1.0,1.613,0.0,0.0,2.0,3.226,0.0,0.0,0.0,0.0,2.0,3.226,7.0,11.29,0.0,0.0,0.0,0.0,,13.0,6.0,5.0,8.065,0.0,9521.0,0.0,0.7,1.0,1.613,539.0,37.0,67.0,1.0,112.0,65.0,127.0,9521.0,0.333,2.189,6.0,1.0,1.0,4.0,0.842,3.0,,2.0,16.46,55.69,3.0,0.879,90.37825284940855,119.63753375024532,0.961776217109955,6.0,0.6153691186243182,5.0,0.7399319980979776,,32.0,0.949,0.0,0.0,0.07,0.0254,0.0,0.857,0.941,3.0,3.0,1.0,0.0,1.0,78.0,2.0,0.0,4.0,4.0,0.0,0.0,2.0,0.0,1.0,0.98,3.0,1.0,,,,,,,,,,,,,,,,,,,,,,,8.27295686298127,0.7692307692307693,10.491335785297556,0.3846153846153846,8.507412905501633,0.6538461538461539,3.611647043471288,0.5384615384615384,4.16948320037162,0.0,3.924645837170092,0.3846153846153846,0.9452995087000612,0.7307692307692307,3.1438871958963466,0.4615384615384615,0.1419676214196762,0.2956810631229236,0.080563947633434,0.0509259259259259,0.1597096188747731,0.3201438848920863,0.3272744596981725,0.4705126171628642,5.950570165231558,0.836197849491748,0.1226744399240288,0.1666421681655268,,,,,,,,,,,0.7611940298507462,0.334384858044164,0.5363636363636364,0.3130434782608696,0.7619047619047619,0.4146341463414634,0.4927536231884058,0.2699518831923013,0.4704601990049751,0.3449227642276422,2.2958333333333334,3.0,78.5,80.0,207.8,84.5,105.5,4.7,9.0,9.0,,,,,,,23.70852507590853,6.0,,,,,,,,,,,,,,,,,,,,,
Pfe4fcea486,2019,,,,,,,,,,,,,,,,,,,19.720739219712527,31.0,36.6061,24.07939660329836,5.60267277858062,9.77482987808043,1.7284988021122163,0.8046527764498268,36.0,60.77,54.7,51.4,22.0,4.1,12.6,2.4,2.2,0.2992125984251969,0.51,0.815,0.368,0.545,115.6,97.0275,136.934,97.5618,8.98175,6.94219,2.03955,6.42415,,0.5196850393700787,0.6060606060606061,0.1811023622047244,0.3695652173913043,0.9869675343198132,0.0,0.183,1.0,1.0,12.6,99.0,100.0,100.0,93.0,100.0,82.0,73.0,100.0,100.0,100.0,73.0,93.0,73.0,92.0,0.587,5.36,52.0,0.97,0.41,0.0,2.92,5.0,26.11,58.2,-0.79,0.0,202.58,2.0,23.38,62.2,6.43,0.3,26.66,17.46,25.282,16.465,5.275,3.182,2.093,1587.0,0.0,0.531,0.61,0.273,0.173,0.391,0.083,0.296,0.368,0.043,0.386,0.187,0.732,24.4848,5.697,9.9394,1.7576,0.8182,2019.0,2.0,2.0,2154.7891,5.67653,3.3052200000000003,22.9,13.1,7.32914,8.98175,1.0,2.402,1.138,3.475,5.324,0.85,0.111,-0.246,-0.323,2.904,,,,,,,,,,,,,,,,,,,,,,,,,,,,,0,0,0,,,,,,0.0,0.0,0.0,0.0,1.0,1.0,,,,,,,,,,,,,,,,,,,,,,,,,,,,0.0,,,,,1,1682.0,,0.0,,,,,0.0,,,8.0,3.0,1.0,0.0,,,,,,,,,,,,,,0.0,1.361,1.0,3.165,0.363,0.04,0.056,0.007,2.6,10.651,-1.276,0.818,33.0,1.0,36.6,24.098,2.6,2.0,1.0,2.6,10.651,1.0,136.934,97.5618,19.86,51.4,1.92941848,8.0,8.98175,,,,,,,,,,,,2.03955,1.67621,4.14161,12.6,97.0275,0.117,0.903,54.7,,51.0,0.0,9.95319,31.0,0.0,40.0,0.3696,0.181,93.5,36.6061,6.94219,8.27698,4.1,115.6,1.6,6.42415,24.4848,,0.6061,0.52,1.0,1.0,,228.668,0.299,22.0,60.77,36.0,2.0,3.0,1.784,4.0,2.378,0.0,0.0,4.0,2.378,1.0,12.0,7.134,0.0,0.0,0.0,0.0,0.0,0.0,0.0,0.0,0.0,0.0,25.0,14.863,13.0,7.729,0.0,0.0,1.0,1.784,,62.0,11.0,5.0,2.973,0.0,27983.0,0.0,0.812,0.0,0.0,198.0,93.0,129.0,1.0,273.0,157.0,273.0,27983.0,,,0.0,1.0,0.0,0.0,0.469,2.0,,12.0,3.41,4.06,1.0,0.859,99.62110824278544,111.46025565248344,0.7843808528834924,5.0,0.4046027159156125,59.0,0.4128248662250084,,28.0,0.978,0.0,0.025,0.07,0.0804,0.0,0.75,0.8,,,,,,,,,,,,,,,,,,,,,,,,,,,,,,,,,,,,,,,,,4.0189865571067465,1.0,5.691242428749242,0.9166666666666666,2.819527262699137,1.0,5.8738237505306605,0.8333333333333334,4.728199731871396,0.5,4.1144122150529485,0.5,0.7138935712778887,0.8333333333333334,1.4276330313992716,0.6666666666666666,0.4130781499202552,0.2222222222222222,0.3105882352941176,0.1890243902439024,0.458695652173913,0.2343096234309623,0.3687123195122972,0.4436116514490517,4.172693726937269,0.5478873212894307,0.12711424,0.1802822424635469,,,,,,,,,,,0.8064516129032258,0.3613861386138614,0.6054421768707483,0.3770491803278688,0.902439024390244,0.5404040404040404,0.5665236051502146,0.6076918129783265,0.2413004826009652,1.0835675675675676,2.2956521739130435,6.4230769230769225,,,,,,,,,,,,,,,,,,,,,,,,,,,,,,,,,,,,,
P846172a369,2019,,,,,,,,,,,,,,,,,,,21.4072553045859,38.0,32.4737,16.891355158174154,5.630414766410973,2.188022923165516,0.641762410812442,0.641762410812442,23.5,61.78,57.9,13.0,11.8,5.6,13.4,1.2,2.4,0.266497461928934,0.3979999999999999,0.783,0.438,0.55,122.9,94.2741,136.484,89.8237,8.84269,6.23839,2.60431,5.47042,82.0,0.3375634517766497,0.6917293233082706,0.3959390862944162,0.4294871794871794,0.6158830068640161,0.0,0.162,2.0,4.0,34.0,98.0,99.0,77.0,89.0,61.0,24.0,70.0,98.0,80.0,83.0,26.0,70.0,39.0,90.0,0.593,3.4,2.0,0.97,-2.29,0.0,6.5,19.0,17.1,58.5,-3.6,0.0,104.53,6.0,17.04,57.3,5.97,0.5,17.42,7.76,8.449,27.547,9.692,6.624,3.068,1790.0,1.0,,,,,,,,,,,,,15.2368,5.0789,1.9737,0.5789,0.5789,2019.0,2.0,2.0,1891.0009,7.09782,1.7448699999999997,25.4,-1.8999999999999984,7.970255,8.84269,1.0,2.365,1.3,0.866,0.072,-0.711,0.199,0.167,-0.464,1.071,,,,,,,,,,,,,,,,,,,,,,,,,,,,,0,0,0,,,,,,0.0,1.0,0.0,0.0,1.0,1.0,,,,,,,,,,,,,,,,,,,,,,,,,,,,0.0,,,,,1,494.0,,0.0,,,,,0.0,,,12.0,4.0,1.0,0.0,,,,,,,,,,,,,,0.0,-0.399,4.0,0.225,-0.059,0.032,0.056,0.028,12.6,0.194,-0.682,-0.421,38.0,1.0,32.5,16.837,12.6,2.0,1.0,12.6,0.194,1.0,136.484,89.8237,21.55,13.0,1.44234148,12.0,8.84269,1.0,7.744,4.805,1.2,1.745,4.1,-6.2,32.3,7.8,3.41,-1.9,2.60431,2.63667,4.42253,13.4,94.2741,0.143,0.5,57.9,7.09782,39.8,0.0,9.41135,38.0,0.0,38.0,0.4295,0.396,80.4,32.4737,6.23839,6.77468,5.6,122.9,2.5,5.47042,15.2368,82.0,0.6917,0.338,5.0,2.0,1.745,198.406,0.266,11.8,61.78,23.5,2.0,0.0,0.0,0.0,0.0,0.0,0.0,1.0,2.024,1.0,3.0,6.073,1.0,2.024,0.0,0.0,0.0,0.0,0.0,0.0,0.0,0.0,2.0,4.049,2.0,4.049,0.0,0.0,0.0,0.0,,7.0,6.0,2.0,4.049,0.0,7575.0,0.0,0.4,0.0,0.0,353.0,19.0,24.0,1.0,61.0,36.0,61.0,7575.0,0.0,-1.636,1.0,1.0,1.0,0.0,0.921,3.0,0.0,12.0,10.67,56.38,2.0,0.876,91.0975481350158,123.7705487689506,0.971383373168519,3.0,0.4878193320537908,2.0,0.7103898916827339,,35.0,0.735,0.0,0.0,0.01,0.0014,0.0,1.0,0.994,,59.0,14.0,,0.833,79.0,3.0,0.0,5.0,6.0,0.0,33.0,74.0,11.92,1.0,0.2492,92.0,3.0,,,,,,,,,,,,,,,,,,,,,,,3.886974221847389,0.8461538461538461,6.49439235890857,0.8461538461538461,10.076715663000648,0.6923076923076923,3.29255039146534,0.1538461538461538,3.787078186182369,0.4615384615384615,4.317397208857909,0.4615384615384615,0.8890175324717422,0.3076923076923077,3.792101233475732,0.5769230769230769,0.2625418060200669,0.1291512915129151,0.1976225854383358,0.1532258064516129,0.2764044943820224,0.1433021806853582,0.4010503569834533,0.3579466193783479,4.586769964243146,0.924843247483697,0.1307611392252445,0.1432088801950534,0.0250000000000048,0.0560000000000108,0.0280000000000052,-6.200000000001213,0.2810684100000545,-2.000000000000389,-1.5000000000002942,32.300000000006285,3.410000000000657,-1.9000000000003705,0.7740112994350282,0.4064516129032258,0.6748466257668712,0.4247311827956989,0.9655172413793104,0.5440729483282675,0.6403508771929824,0.4363824825084219,0.2062720468037512,0.468,1.6,5.428571428571429,,,,,,,,,,,,,,,,,,,,,,,,,,,,,,,,,,,,,
P43dec358d1,2019,,,,,,,,,,,,,,,,,,,19.200547570157426,35.0,28.5714,20.23196623196623,4.464058464058464,5.147987147987148,1.3679833679833682,0.396018396018396,26.1,55.56,51.6,24.4,19.0,1.3,11.4,2.0,1.3,0.5247747747747747,0.293,0.8,0.352,0.502,108.7,98.1201,124.884,92.0858,6.65494,4.90004,1.7549,3.69732,95.2,0.2229729729729729,0.6666666666666666,0.2522522522522522,0.3571428571428571,0.2000002000001999,1.0,0.139,1.0,5.0,27.8,97.0,98.0,94.0,72.0,93.0,66.0,59.0,,,,,,,,0.574,9.32,8.0,0.97,-1.79,0.0,8.25,17.0,21.8,52.6,-1.45,0.0,92.43,3.0,17.32,46.4,8.14,0.74,18.28,6.56,3.806,15.159,5.077,3.582,1.495,1788.0,1.0,0.225,0.67,0.179,0.252,0.348,0.154,0.523,0.72,0.03,0.185,0.146,0.544,16.0571,3.5429,4.0857,1.0857,0.3143,2019.0,1.0,1.0,999.999,6.65494,0.0,26.1,0.0,6.65494,6.65494,1.0,1.784,0.299,1.408,1.631,0.33,-0.286,-1.016,0.651,1.923,,,,,,,,,,,,,,,,,,,,,,,,,,,,,1,1,0,49.0,23.0,-26.0,7.0,27.0,0.0,0.0,0.0,0.0,1.0,1.0,,,,,,,,,,,,,,,,,,,,,,,,,,,,0.0,,,,,1,518.0,,0.0,,,,,0.0,,,2.0,1.0,1.0,0.0,,,,,,,,,,,,,,0.333,6.633,18.0,,,,,,,,,,35.0,1.0,28.5,20.337,0.0,1.0,1.0,,,0.0,124.884,92.0858,19.34,24.4,1.52127942,2.0,6.65494,,,,,,,,,,,,1.7549,2.32841,3.69203,11.4,98.1201,0.061,0.143,51.6,,29.3,0.0,7.04794,35.0,0.0,33.0,0.3571,0.252,69.2,28.5714,4.90004,4.71953,1.3,108.7,2.7,3.69732,16.0571,95.2,0.6667,0.223,3.0,1.0,,202.343,0.525,19.0,55.56,26.1,1.0,0.0,0.0,0.0,0.0,0.0,0.0,0.0,0.0,1.0,4.0,7.722,0.0,0.0,0.0,0.0,5.0,9.653,0.0,0.0,0.0,0.0,4.0,7.722,2.0,3.861,0.0,0.0,1.0,1.931,,15.0,7.0,2.0,3.861,0.0,9614.0,0.0,0.4,0.0,0.0,222.0,10.0,20.0,1.0,57.0,21.0,57.0,9614.0,0.4,4.171,5.0,1.0,1.0,3.0,0.806,3.0,,2.0,11.36,43.96,2.0,0.77,92.61785239378642,120.81973415275142,0.9550796487601804,7.0,0.61284675342382,7.0,0.7379327072730697,,29.0,0.919,0.0,0.0,0.01,0.0113,0.0,0.938,0.953,27.0,23.0,-1.0,4.2,1.0,75.0,1.5,0.0,4.0,4.0,0.0,10.0,27.0,3.67,1.0,0.74,33.0,1.0,,23.6,4.3,7.75,9.0,,,,,,,,22.0,,,,,,,,,1.5,3.925975399882161,1.0,6.242897923817481,0.4666666666666667,5.629001537880535,0.8666666666666667,6.295104843899353,0.7333333333333333,3.0058618179301875,0.0666666666666666,6.333625368196393,0.4666666666666667,0.842319114730004,0.6,1.117053143405748,0.2333333333333333,0.1785714285714285,0.2699884125144843,0.1297509829619921,0.0530973451327433,0.1922365988909427,0.2628205128205128,0.3208206090015605,0.3410427681308668,3.847191272051996,0.7655067000307663,0.11652112,0.1286155894635877,,,,,,,,,,,0.7866666666666666,0.3498233215547703,0.6511627906976745,0.3661971830985915,0.875,0.50199203187251,0.6559139784946236,0.3116520351157222,0.4128228228228228,0.7292988929889299,1.575757575757576,3.4324324324324325,75.5,76.75,191.4,77.0,97.5,4.3,7.75,9.0,,,,,,,23.607301003102513,1.5,,,,,,,,,,,,,,,,,,,,,
Pbc4309c829,2019,,,,,,,,,,,,,,,,,,,20.188911704312115,38.0,32.4474,20.55470700271824,7.094842730080068,4.116755117513268,1.6058728896614212,0.6131030529410676,32.2,54.17,50.5,25.9,15.5,5.7,17.3,2.7,2.2,0.2921960072595281,0.377,0.707,0.304,0.526,106.9,86.158,129.506,81.6709,10.3158,5.42223,4.8936,4.70334,37.8,0.4010889292196007,0.665158371040724,0.3067150635208711,0.3431952662721893,0.9083527250419544,0.0,0.162,1.0,2.0,30.0,99.0,100.0,99.0,59.0,94.0,91.0,69.0,100.0,99.0,86.0,83.0,93.0,88.0,60.0,0.509,5.22,6.0,1.0,-4.15,0.0,3.75,21.0,20.9,49.6,-4.7,0.0,87.18,6.0,21.45,45.1,6.63,0.48,20.6,5.98,-14.263,17.314,3.563,0.657,2.906,2004.0,1.0,0.397,0.671,0.238,0.31,0.339,0.224,0.292,0.551,0.078,0.303,0.131,0.674,18.5263,6.3947,3.7105,1.4474,0.5526,2019.0,2.0,2.0,2211.0,7.28523,3.030569999999999,21.3,10.900000000000002,8.800515,10.3158,1.0,2.756,0.075,2.682,1.837,1.24,0.111,0.194,-0.353,2.005,,,,,,,,,,,,,,,,,,,,,,,,,,,,,0,0,0,,,,,,0.0,0.0,0.0,0.0,1.0,1.0,,,,,,,,,,,,,,,,,,,,,,,,,,,,0.0,,,,,1,1043.0,,0.0,,,,,0.0,,,2.0,1.0,1.0,0.0,,,,,,,,,,,,,,0.0,-0.514,2.0,1.644,-0.29,0.006,-0.078,0.059,6.1,5.22,0.544,0.051,38.0,1.0,32.5,20.492,6.1,2.0,1.0,6.1,5.22,1.0,129.506,81.6709,20.33,25.9,1.36893562,2.0,10.3158,1.0,12.52,-5.432,13.0,3.031,-3.4,3.7,15.0,-2.7,-1.75,10.9,4.8936,4.111,5.34533,17.3,86.158,0.131,0.737,50.5,7.28523,37.7,0.0,10.5206,38.0,0.0,43.0,0.3432,0.307,80.6,32.4474,5.42223,6.40962,5.7,106.9,2.4,4.70334,18.5263,37.8,0.6652,0.401,4.0,2.0,3.031,265.945,0.292,15.5,54.17,32.2,2.0,0.0,0.0,1.0,0.959,0.0,0.0,4.0,3.835,1.0,8.0,7.67,1.0,0.959,0.0,0.0,0.0,0.0,0.0,0.0,2.0,1.918,5.0,4.794,11.0,10.547,0.0,0.0,0.0,0.0,,33.0,10.0,4.0,3.835,0.0,17298.0,0.0,0.562,0.0,0.0,183.0,29.0,35.0,1.0,122.0,90.0,122.0,17298.0,0.4,11.259,5.0,1.0,1.0,3.0,0.743,3.0,0.0,23.0,12.96,47.18,0.0,0.784,86.41965263036917,115.93471851549234,0.9670366395299436,7.0,0.4432213517932305,3.0,0.7084282909568956,,31.0,0.838,0.0,0.0,0.01,0.0042,0.0,1.0,0.982,,,,,,,,,,,,,,,,,,,,22.88,5.0,8.25,8.5,,,,,,,,23.25,,,,,,,,,4.25,2.6682440919401813,1.0,8.752772158755521,0.6923076923076923,5.690003269182457,1.0,3.283621360835528,0.3076923076923077,4.927915609637183,0.5384615384615384,5.242947991365063,0.7692307692307693,0.8520646781853101,0.8461538461538461,4.2096092935463245,0.4615384615384615,0.2997118155619596,0.2121212121212121,,,0.2893700787401574,0.1768953068592057,0.3662919170838608,0.345909835739366,5.287488061127029,0.5769478609219584,0.1241845841762217,0.1487789441824164,0.0150000000000028,-0.0780000000000153,0.0590000000000113,3.700000000000721,0.2439273300000473,0.9000000000001745,1.200000000000233,15.000000000002911,-1.750000000000349,10.900000000002116,0.706140350877193,0.3127962085308057,0.6573705179282868,0.3517587939698492,0.9487179487179488,0.5232558139534884,0.6197916666666666,0.4863973105895536,0.206331391091158,0.6592018072289156,2.424489795918368,6.764705882352941,77.25,78.75,194.2,81.5,100.5,5.0,8.25,8.5,,,,,,,22.87971217158174,4.25,,,,,,,,,,,,,,,,,,,,,
Peecc71d248,2019,,,,,,,,,,,,,,,,,,,22.60917180013689,37.0,28.0811,21.72466178319226,10.983672292039842,2.39080377905424,1.4899416333405744,3.8460031836359696,24.0,69.89,69.3,12.1,12.7,13.9,19.7,2.3,10.8,0.0401069518716577,0.42,0.694,,0.705,134.3,83.897,144.86,81.2158,16.5978,7.78484,8.81295,5.59331,,0.6443850267379679,0.7966804979253111,0.3155080213903743,0.5169491525423728,2.309911822003585,0.0,0.14,2.0,1.0,35.1,100.0,100.0,81.0,100.0,55.0,79.0,99.0,100.0,84.0,85.0,94.0,97.0,94.0,99.0,0.505,0.58,1.0,1.0,-1.18,-0.0,2.07,10.0,26.24,71.9,3.03,1.7,126.76,4.0,25.31,67.2,6.08,0.33,20.62,14.22,9.115,32.307,9.796,5.426,4.37,1694.0,1.0,0.631,0.797,0.548,0.329,0.528,0.446,0.04,1.0,0.169,0.285,0.0,0.467,16.9459,8.5676,1.8649,1.1622,3.0,2019.0,3.0,3.0,2599.1999,5.45346,11.14434,17.6,6.399999999999999,10.25691,16.5978,1.0,4.424,2.606,0.97,-0.051,0.72,3.906,2.449,-1.441,2.303,,,,,,,,,,,,,,,,,,,,,,,,,,,,,0,0,0,,,,,,1.0,1.0,0.0,0.0,1.0,2.0,,,,,,,,,,,,,,,,,,,,,,,,,75.0,,44.0,49.0,66.7,,62.5,,0,572.0,,0.0,,,,,0.0,,,3.0,1.0,0.0,0.0,,,,,,,,,,,,,,,,0.0,-0.161,1.165,0.095,-0.066,0.122,-3.8,2.128,1.2,0.183,37.0,1.0,28.1,21.651,4.6,3.0,1.0,2.3,4.085,3.0,,,,,,,,,,,,,,,,,,,,,,,,,,,,,,,,,,,,,,,,,,,,,,,,,,,,,,,,,0.0,0.0,0.0,0.0,0.0,0.0,6.0,10.49,1.0,4.0,6.993,1.0,1.748,0.0,0.0,0.0,0.0,0.0,0.0,0.0,0.0,2.0,3.497,4.0,6.993,0.0,0.0,0.0,0.0,,8.0,6.0,1.0,1.748,0.0,7125.0,0.0,0.571,0.0,0.0,264.0,9.0,16.0,1.0,45.0,26.0,45.0,7125.0,0.333,4.107,3.0,1.0,1.0,4.0,0.892,2.0,0.0,15.0,8.45,44.94,3.0,0.782,91.0071090370055,124.3618062502395,0.9731679882491514,4.0,0.5600821516433178,1.0,0.6041430274290579,,33.0,0.735,0.0,0.0,0.01,0.0014,0.0,0.989,0.994,,,,,,,,,,,,,,,,,,,10.0,23.19,4.9,8.25,9.5,10.61,40.5,3.05,12.0,0.667,32.0,0.625,22.75,24.0,0.75,,,25.0,0.44,3.15,34.0,1.0,4.943801273357339,0.9230769230769232,6.0488777919902255,0.8461538461538461,8.233619832737993,0.5384615384615384,4.702609657109115,0.3076923076923077,2.200263954616775,0.9230769230769232,4.197424285230428,0.9230769230769232,0.6607740977164063,0.6923076923076923,1.2062004853508823,1.0,0.1984829329962073,0.0189873417721519,0.2471794871794871,0.3674698795180723,0.181063122923588,0.0139372822299651,0.4416053702461609,0.3905239554219363,3.4691662785281783,0.9068305631375584,0.1217986398726667,0.1398661879046566,0.0271428571428596,0.0238571428571464,0.044642857142862,-3.750000000000529,-0.0320897057142892,1.442857142857302,0.6785714285715342,2.264285714286098,3.0721428571431724,1.7500000000002327,0.6949152542372882,0.3230769230769231,0.7749077490774908,0.4932432432432432,0.971830985915493,0.6842105263157895,0.7333333333333333,0.6998284734133791,0.0278709326565757,0.4225319999999999,3.79236641221374,8.4,79.25,80.25,207.2,80.25,102.0,4.9,8.25,9.5,34.0,40.5,10.61,3.05,3.15,10.0,23.194740423526365,1.0,18.0,24.0,0.75,,,,11.0,25.0,0.44,8.0,12.0,0.6666666666666666,,,,20.0,32.0,0.625,,,
P9540818d9f,2019,,,,,,,,,,,,,,,,,,,,,,,,,,,,,,,,,,,,,,,,,,,,,,,,,,,,,,,,,,,,,,,,,,,,,,,,,,,,,,,,,,,,,,,,,,,,,,,,,,,,,,,,,,,,,,,,,,,,,,,,,,,,,,,,0.0,,,,,,,,,,,18.11,8.0,119.11666666666666,14.889583333333333,16.62235903176158,6.648943612704632,1.5111235483419618,2.1155729676787463,1.2088988386735693,16.779515880789145,60.4,59.5,,0.165,6.4,16.7,0.3809523809523809,0.1904761904761904,0.625,0.25,5.75,3.0,3.0,2.0,3.0,21.88636363636364,1.0,0,0,0,,,,,,0.0,0.0,0.0,0.0,1.0,0.0,,,,,,,,,,,,,,,,,,,,,,,,,,,,,,,,,1,1599.0,,0.0,14.129,0.85,,0.0,0.0,119.2,16.671,6.0,2.0,0.0,0.0,,,,,,,,,,,,,,,,,,,,,,,,,,8.0,1.0,14.9,16.671,0.0,1.0,0.0,,,0.0,,,,,,,,,,,,,,,,,,,,,,,,,,,,,,,,,,,,,,,,,,,,,,,,,,,,,,,,,3.0,1.876,0.0,0.0,1.0,0.625,6.0,3.752,1.0,5.0,3.127,2.0,1.251,0.0,0.0,14.0,8.755,0.0,0.0,1.0,0.625,5.0,3.127,6.0,3.752,0.0,0.0,0.0,0.0,,75.0,10.0,8.0,5.003,2.0,27710.0,1.251,0.5,0.0,0.0,909.0,7.0,36.0,1.0,72.0,10.0,97.0,27710.0,,,,,,,,,,,,,,,,,,,,,,,,0.0,0.0,0.0,0.0,0.0,0.0,1.0,1.0,,,,,,,,,,,,,,,,,,,,,,,,,,,,,,,,,,,,,,,,,,,,,,,,,,,,,,,,,,,,,,,,,,,,,,,,,,,,,,,,,,,,,,,,,,,,,,,,,,,,,,,,,,,,,,,,,,,,,,,,,,,,,,,
P297d12820e,2019,,,,,,,,,,,,,,,,,,,19.2580424366872,5.0,27.8,20.978417266187048,4.920863309352518,3.366906474820144,1.0359712230215827,0.5179856115107914,26.9,65.75,63.9,25.7,23.2,1.6,13.7,1.7,1.5,0.4259259259259259,0.296,,0.478,0.581,110.1,105.122,117.376,104.278,2.89813,2.82962,0.068508,2.88605,97.4,0.2962962962962963,0.625,0.2777777777777778,0.5333333333333333,0.0,27.0,0.022,,,0.9,,,,,,,,,,,,,,,0.377,6.62,151.0,0.8,,,,0.0,,,,,165.4,0.0,,,11.09,0.98,11.28,11.28,,,,,,,,,,,,,,,,,,,,16.2,3.8,2.6,0.8,0.4,2019.0,1.0,1.0,139.0,2.89813,0.0,26.9,0.0,2.89813,2.89813,1.0,0.787,1.939,1.575,1.809,-0.06,-0.198,-0.933,0.224,2.113,,,,,,,,,,,,,,,,,,,,,,,,,,,,,1,1,0,17.0,16.0,-1.0,9.0,15.0,0.0,0.0,0.0,0.0,1.0,1.0,,,,,,,,,,,,,,,,,,,,,,,,,,,,0.0,,,,,1,1036.0,,0.0,,,,,0.0,,,1.0,1.0,1.0,0.0,,,,,,,,,,,,,,0.25,2.509,4.0,,,,,,,,,,5.0,1.0,27.8,20.978,0.0,1.0,1.0,,,0.0,117.376,104.278,19.4,25.7,0.86666663,1.0,2.89813,,,,,,,,,,,,0.068508,1.13378,2.42906,13.7,105.122,0.0,0.0,63.9,,29.6,0.0,4.60114,5.0,0.0,42.0,0.5333,0.278,10.8,27.8,2.82962,3.46736,1.6,110.1,2.0,2.88605,16.2,97.4,0.625,0.296,3.0,1.0,,24.6937,0.426,23.2,65.75,26.9,1.0,3.0,2.896,1.0,0.965,0.0,0.0,2.0,1.931,1.0,14.0,13.514,7.0,6.757,0.0,0.0,0.0,0.0,0.0,0.0,0.0,0.0,5.0,4.826,9.0,8.687,0.0,0.0,1.0,1.931,,40.0,8.0,0.0,0.0,0.0,18772.0,0.0,0.75,0.0,0.0,402.0,9.0,24.0,1.0,44.0,11.0,57.0,18772.0,,,0.0,1.0,0.0,0.0,0.281,3.0,,10.0,2.5,-1.82,2.0,0.811,101.31635920058244,101.145062719827,0.4951352513994914,23.0,0.4831671800728696,161.0,0.6925501412354427,,9.0,0.89,0.0,0.0125,0.03,0.0085,0.0,1.067,0.976,15.0,11.0,-4.0,2.6,1.0,73.0,1.0,0.0,4.0,4.0,0.0,6.0,15.0,2.28,1.0,0.8625,17.0,1.0,,,,,,,,,,,,,,,,,,,,,,,3.753265440046208,1.0,4.477411139603766,0.9090909090909092,7.467472753650261,0.8181818181818182,4.44361729398569,0.7272727272727273,3.097602413991705,0.2727272727272727,4.46690541832559,0.6363636363636364,0.3988162125015079,0.8181818181818182,2.005935784193168,0.5454545454545454,0.0225352112676056,0.0311231393775372,,,0.0251046025104602,0.0478260869565217,0.4129551995070612,0.3998785154840536,3.474841610463928,0.673509075460667,0.1160130701314246,0.1260147257294386,,,,,,,,,,,0.7222222222222222,0.3835616438356164,0.6086956521739131,0.4444444444444444,0.9,0.5352112676056338,0.625,0.3774574049803407,0.3076131687242798,0.7074408602150538,1.5937499999999998,5.1,,,,,,,,,,,,,,,,,,,,,,,,,,,,,,,,,,,,,
Ped6b9a1a7c,2019,,,,,,,,,,,,,,,,,,,18.93497604380561,32.0,23.3438,15.421653715333408,7.710826857666704,0.4336569024751754,0.9157377976164977,3.421756526358176,16.9,73.9,72.8,2.6,13.9,8.8,16.2,1.5,10.6,0.0,0.5920000000000001,0.74,,0.728,133.8,94.8033,136.739,88.6569,10.4959,3.6047,6.89116,3.96096,79.8,0.727810650887574,0.8536585365853658,0.272189349112426,0.391304347826087,3.9625082463009447,5.0,0.101,6.0,1.0,18.6,100.0,99.0,34.0,100.0,3.0,49.0,100.0,99.0,34.0,7.0,66.0,96.0,51.0,100.0,0.535,0.0,21.0,0.69,-4.68,0.4,3.66,19.0,16.51,77.8,-1.8,6.7,65.53,0.0,,,4.38,0.45,13.5,6.78,5.262,4.02,3.339,4.635,-1.297,1132.0,1.0,0.71,0.867,0.808,0.29,0.388,0.368,0.0,,0.1,0.136,,,10.0,5.0,0.2812,0.5938,2.2188,2019.0,1.0,1.0,747.0016,10.4959,0.0,16.9,0.0,10.4959,10.4959,1.0,2.804,3.252,-0.512,-1.35,-0.32,3.818,1.047,-1.614,0.696,,,,,,,,,,,,,,,,,,,,,,,,,,,,,0,0,0,89.0,89.0,0.0,2.0,,0.0,0.0,0.0,0.0,1.0,1.0,,,,,,,,,,,,,,,,,,,,,,,,,,,,0.0,,,,,1,237.0,,0.0,,,,,0.0,,,5.0,2.0,1.0,0.0,,,,,,,,,,,,,,0.571,11.138,14.0,,,,,,,,,,32.0,1.0,23.3,15.451,0.0,1.0,1.0,,,0.0,136.739,88.6569,19.07,2.6,0.31030677,5.0,10.4959,,,,,,,,,,,,6.89116,5.02707,3.27941,16.2,94.8033,0.61,2.312,72.8,,59.2,0.0,8.98188,32.0,0.0,35.0,0.3913,0.272,50.0,23.3438,3.6047,3.95481,8.8,133.8,5.7,3.96096,10.0,79.8,0.8537,0.728,8.0,1.0,,161.475,0.0,13.9,73.9,16.9,1.0,0.0,0.0,1.0,4.219,0.0,0.0,1.0,4.219,1.0,2.0,8.439,0.0,0.0,0.0,0.0,0.0,0.0,0.0,0.0,0.0,0.0,0.0,0.0,1.0,4.219,0.0,0.0,1.0,8.439,,5.0,6.0,0.0,0.0,0.0,3902.0,0.0,0.25,0.0,0.0,145.0,4.0,11.0,1.0,19.0,5.0,19.0,3902.0,0.0,3.542,2.0,1.0,0.0,0.0,0.568,3.0,,10.0,7.5,27.96,1.0,0.759,94.94177280994737,114.13924682596476,0.8926199868071898,16.0,0.6367220143197184,22.0,0.7572273152102877,,21.0,0.0,0.0,0.0,0.0,0.0,0.0,1.0,1.0,,,,,,,,,,,,,,,,,,,5.0,22.72,5.0,9.25,10.5,11.74,34.5,3.23,,,,,28.25,,,,,,,3.37,27.0,5.25,4.0534447470850665,0.3846153846153846,5.1818793735123325,0.9230769230769232,8.906691639209855,0.3076923076923077,4.712020830615138,0.3846153846153846,4.1132919988696655,0.6153846153846154,4.3931652031812485,0.6923076923076923,0.8224554991722078,0.5384615384615384,1.2772885835004035,1.0,0.1569858712715855,0.0,0.1877862595419847,0.4777070063694267,0.1662921348314607,0.0,0.463557687728303,0.2770652472606255,3.214031576606628,0.8351280212374468,0.115141448287023,0.1231499418330587,,,,,,,,,,,0.7333333333333333,0.34,0.803921568627451,0.3947368421052631,0.976470588235294,0.6842105263157895,0.6458333333333334,0.784037558685446,0.0,0.1250614525139665,2.6280991735537187,3.7313432835820897,82.25,83.5,218.6,87.5,110.5,5.0,9.25,10.5,27.0,34.5,11.74,3.23,3.37,5.0,22.71834297305017,5.25,,,,,,,,,,,,,,,,,,,,,
P6f1d3c64d2,2019,,,,,,,,,,,,,,,,,,,20.657084188911703,34.0,34.3235,16.966626363861494,4.287884394074031,4.16454032951185,1.9743441082640167,0.5552580593470945,26.4,58.59,54.6,24.6,19.6,1.8,13.1,3.4,2.3,0.3865336658354115,0.359,0.778,0.374,0.537,109.8,93.6096,124.319,89.424,7.45051,3.80214,3.64837,4.35815,92.2,0.3740648379052369,0.6066666666666667,0.2394014962593516,0.4270833333333333,0.4113114064365093,1.0,0.167,2.0,3.0,24.7,97.0,98.0,94.0,84.0,93.0,97.0,70.0,99.0,91.0,83.0,95.0,94.0,26.0,84.0,0.571,5.31,12.0,0.97,-7.76,0.0,4.45,12.0,16.41,51.9,-3.95,0.0,109.29,3.0,14.0,50.7,6.65,0.53,18.0,5.46,22.024,19.039,6.674,4.946,1.727,1281.0,1.0,0.387,0.613,0.179,0.227,0.407,0.108,0.387,0.897,0.013,0.318,0.04,0.56,16.1765,4.0882,3.9706,1.8824,0.5294,2019.0,2.0,2.0,2006.9975,4.37119,3.07932,21.0,5.399999999999999,5.91085,7.45051,1.0,1.995,0.787,1.471,1.659,2.15,0.155,-0.878,0.054,1.09,,17.88,5.0,147.0,29.4,21.3061224489796,5.142857142857143,1.2244897959183674,2.938775510204082,0.2448979591836734,22.32489795918368,52.9,53.289473684210535,,,,,0.5394736842105263,0.1842105263157894,0.4285714285714285,0.4146341463414634,13.0,1.0,1.0,1.0,1.0,21.3061224489796,1.0,0,0,0,39.0,21.0,-18.0,4.0,,0.0,0.0,0.0,0.0,1.0,1.0,,,,,,,,,,,,,,,,,,,,,,,,,,,,0.0,,,,,1,498.0,,0.0,6.3918,0.3,,3.0,0.0,,,9.0,3.0,0.0,0.0,,,,,,,,,,,,,,0.0,-0.227,2.0,2.072,-0.184,0.025,-0.018,0.048,8.9,1.838,-1.083,0.86,34.0,1.0,34.3,17.003,8.9,2.0,1.0,8.9,1.838,1.0,124.319,89.424,20.8,24.6,1.39177674,9.0,7.45051,1.0,14.251,-8.279,14.0,3.079,-0.8,13.1,19.9,4.5,1.06,5.4,3.64837,3.69834,4.73339,13.1,93.6096,0.08,0.353,54.6,4.37119,35.9,0.0,7.93662,34.0,0.0,0.0,0.4271,0.239,82.8,34.3235,3.80214,4.23828,1.8,109.8,2.7,4.35815,16.1765,92.2,0.6067,0.374,2.0,2.0,3.079,237.568,0.387,19.6,58.59,26.4,2.0,0.0,0.0,0.0,0.0,0.0,0.0,0.0,0.0,1.0,0.0,0.0,0.0,0.0,0.0,0.0,4.0,8.032,0.0,0.0,0.0,0.0,2.0,4.016,2.0,4.016,0.0,0.0,0.0,0.0,,7.0,7.0,2.0,4.016,0.0,6288.0,0.0,0.4,0.0,0.0,300.0,8.0,13.0,1.0,23.0,9.0,23.0,6288.0,0.4,11.259,5.0,1.0,1.0,3.0,0.743,3.0,0.0,4.0,8.84,36.48,0.0,0.877,94.53800620400744,118.62880174093016,0.9315323625883796,9.0,0.4277979036200894,13.0,0.6609951561359672,,26.0,0.0,0.0,0.0,0.0,0.0,0.0,1.0,1.0,38.0,21.0,6.0,16.4,1.0,77.0,2.0,0.0,5.0,5.0,0.0,39.0,33.0,12.72,1.0,0.6365,60.0,2.0,,24.64,5.9,8.5,8.75,,,,,,,,25.75,,,,,,,,,5.25,6.03742951938563,0.8888888888888888,4.773570192535892,0.5555555555555556,8.943529991689642,0.8888888888888888,5.45670311728425,0.6666666666666666,4.607836758092535,0.3333333333333333,3.405827410919512,0.6666666666666666,0.8158250475617005,0.9444444444444444,1.4736656952566174,0.7777777777777778,0.2376237623762376,0.1865222623345367,,,0.2429501084598698,0.1773700305810397,0.4744120071682428,0.3400533675184249,3.373293413173653,0.750919490221386,0.1354981933885841,0.1541816287075831,0.021000000000004,-0.0180000000000034,0.0480000000000093,13.100000000002543,0.4495251600000874,-1.8000000000003509,-0.9000000000001777,19.900000000003867,1.0600000000002043,5.400000000001048,0.7682926829268293,0.3658536585365853,0.6055555555555555,0.4206349206349206,0.9545454545454546,0.5314685314685315,0.572463768115942,0.459471100008614,0.2969709871662307,0.7218394160583943,2.743859649122807,4.027027027027027,76.25,77.5,203.8,81.5,102.0,5.9,8.5,8.75,,,,,,,24.64465772950681,5.25,,,,,,,,,,,,,,,,,,,,,
P4ebfdd4833,2019,,,,,,,,,,,,,,,,,,,19.274469541409992,37.0,32.6216,15.479682173774432,4.951136670181721,2.7440101037349485,1.2228584741398338,0.3578855727493439,20.0,58.03,53.6,15.2,14.8,1.6,14.0,2.0,1.1,0.4193548387096774,0.231,0.935,0.355,0.538,118.2,96.8156,124.79,90.7113,7.81607,4.78191,3.03415,4.19747,92.8,0.2084367245657568,0.6666666666666666,0.3722084367245657,0.4666666666666667,0.1325601541409472,0.0,0.163,3.0,3.0,27.1,99.0,99.0,68.0,83.0,71.0,66.0,53.0,99.0,58.0,58.0,57.0,71.0,22.0,83.0,0.642,5.6,10.0,0.97,-1.63,4.8,6.43,18.0,16.24,57.6,-2.04,0.0,81.68,4.0,13.71,48.1,7.03,0.65,16.48,6.42,-3.673,17.706,6.001,3.758,2.243,1740.0,1.0,0.216,0.655,0.421,0.365,0.469,0.217,0.419,0.817,0.034,0.125,0.077,0.488,14.027,4.4865,2.4865,1.1081,0.3243,2019.0,1.0,1.0,1206.9992,7.81607,0.0,20.0,0.0,7.81607,7.81607,1.0,2.093,0.697,0.135,0.373,0.33,-0.375,-0.933,0.196,0.711,,,,,,,,,,,,,,,,,,,,,,,,,,,,,0,1,0,37.0,30.0,-7.0,6.0,35.0,0.0,0.0,0.0,0.0,1.0,1.0,,,,,,,,,,,,,,,,,,,,,,,,,,,,0.0,,,,,1,273.0,,0.0,,,,,0.0,,,1.0,1.0,1.0,0.0,,,,,,,,,,,,,,0.458,9.771,24.0,,,,,,,,,,37.0,1.0,32.6,15.46,0.0,1.0,1.0,,,0.0,124.79,90.7113,19.41,15.2,1.5333621,1.0,7.81607,,,,,,,,,,,,3.03415,3.45696,4.35661,14.0,96.8156,0.06,0.108,53.6,,23.1,0.0,8.07405,37.0,0.0,49.0,0.4667,0.372,81.0,32.6216,4.78191,4.61709,1.6,118.2,1.6,4.19747,14.027,92.8,0.6667,0.208,4.0,1.0,,222.631,0.419,14.8,58.03,20.0,1.0,0.0,0.0,0.0,0.0,0.0,0.0,1.0,3.663,1.0,0.0,0.0,0.0,0.0,0.0,0.0,0.0,0.0,0.0,0.0,0.0,0.0,1.0,3.663,0.0,0.0,0.0,0.0,0.0,0.0,,6.0,7.0,2.0,7.326,0.0,5063.0,0.0,0.0,0.0,0.0,107.0,18.0,21.0,1.0,41.0,24.0,41.0,5063.0,0.368,7.599,19.0,1.0,1.0,4.0,0.811,3.0,,14.0,10.16,46.81,4.0,0.762,90.96547706575583,118.25576906314436,0.9533474637120924,7.0,0.5581559160093404,8.0,0.7225179244911001,,30.0,0.868,0.0,0.0,0.01,0.0056,0.0,0.957,0.976,35.0,30.0,-1.0,3.4,1.0,77.0,2.0,0.0,4.0,4.0,0.0,8.0,35.0,2.95,1.0,0.6625,38.0,1.0,,23.11,7.1,8.0,8.75,,,,,,,,24.0,,,,,,,,,-1.25,3.572111327332329,0.7,4.785943676036476,0.6,7.635589204513279,0.8,5.685327913214875,0.1,5.161183674909213,0.2,4.728980538135543,0.5,0.8622993939058172,0.8,3.4428239745851923,0.6,0.1082654249126891,0.2784184514003295,,,0.137007874015748,0.2790697674418604,0.2631221951205059,0.3806986442017501,4.70384523525197,0.5859360885156791,0.122735999013857,0.1315285268475743,,,,,,,,,,,0.8938053097345132,0.3515981735159817,0.6491228070175439,0.4555555555555555,0.8666666666666667,0.5328467153284672,0.6582278481012658,0.2814020544242205,0.3748215815015701,0.6166857142857143,1.4193548387096775,6.0,76.5,78.0,192.4,75.25,100.5,7.1,8.0,8.75,,,,,,,23.11428717545803,-1.25,,,,,,,,,,,,,,,,,,,,,
Pa4c28f80ad,2019,,,,,,,,,,,,,,,,,,,19.550992470910337,37.0,30.7027,15.781739065293932,6.876802365915701,1.933041719457898,0.8873747260012963,0.190185228009263,21.7,55.75,52.1,10.6,14.5,5.5,16.5,1.5,0.6,0.3163538873994638,0.416,0.703,0.381,0.498,112.9,97.1789,121.661,91.0516,5.96443,3.8806,2.08382,3.61944,97.6,0.3109919571045576,0.5948275862068966,0.3726541554959786,0.4172661870503597,0.5633803312834799,0.0,0.154,2.0,6.0,27.1,96.0,96.0,78.0,73.0,51.0,42.0,35.0,93.0,69.0,69.0,46.0,10.0,38.0,67.0,0.535,4.15,10.0,1.0,-5.49,0.0,0.61,18.0,18.36,55.1,1.62,0.0,81.68,4.0,17.74,51.9,5.56,0.58,13.24,5.64,-8.02,16.502,4.395,2.918,1.477,1625.0,1.0,0.306,0.596,0.382,0.378,0.418,0.424,0.316,0.978,0.123,0.189,0.007,0.414,13.4595,5.8649,1.6486,0.7568,0.1622,2019.0,1.0,1.0,1135.9999,5.96443,0.0,21.7,0.0,5.96443,5.96443,1.0,1.601,0.329,0.49,-0.256,-0.32,-0.595,0.139,-0.249,0.788,,,,,,,,,,,,,,,,,,,,,,,,,,,,,1,1,0,44.0,7.0,-37.0,9.0,12.0,0.0,0.0,0.0,0.0,1.0,1.0,,,,,,,,,,,,,,,,,,,,,,,,,,,,0.0,,,,,1,180.0,,0.0,,,,,0.0,,,10.0,4.0,1.0,0.0,,,,,,,,,,,,,,0.458,9.771,24.0,,,,,,,,,,37.0,1.0,30.7,15.831,0.0,1.0,1.0,,,0.0,121.661,91.0516,19.69,10.6,1.01665019,10.0,5.96443,,,,,,,,,,,,2.08382,2.15859,4.06433,16.5,97.1789,0.172,0.432,52.1,,41.6,0.0,5.70664,37.0,0.0,46.0,0.4173,0.373,76.2,30.7027,3.8806,3.54806,5.5,112.9,2.9,3.61944,13.4595,97.6,0.5948,0.311,5.0,1.0,,206.457,0.316,14.5,55.75,21.7,1.0,0.0,0.0,0.0,0.0,0.0,0.0,0.0,0.0,1.0,2.0,11.111,0.0,0.0,0.0,0.0,1.0,5.556,0.0,0.0,0.0,0.0,0.0,0.0,2.0,11.111,1.0,5.556,0.0,0.0,,4.0,5.0,0.0,0.0,0.0,4867.0,0.0,0.4,0.0,0.0,447.0,4.0,23.0,1.0,24.0,5.0,39.0,4867.0,0.368,7.599,19.0,1.0,1.0,4.0,0.811,3.0,,3.0,10.16,48.66,4.0,0.81,90.96547706575583,118.25576906314436,0.9533474637120924,7.0,0.5581559160093404,8.0,0.7225179244911001,,30.0,0.0,0.0,0.0,0.0,0.0,0.0,1.0,1.0,12.0,7.0,1.0,5.4,1.0,77.0,3.0,0.0,4.0,4.0,0.0,11.0,12.0,4.64,1.0,0.89,18.0,1.0,,25.83,5.6,8.0,9.25,,,,,,,,27.25,,,,,,,,,4.5,3.4430248289819403,0.8,4.786331565044062,0.5,7.614757773033893,0.5,5.628837266583719,0.0,5.626017538537922,0.5,4.600302832016266,0.65,0.8578531264775809,0.5,3.371637594684577,0.4,0.1804423748544819,0.1943986820428336,,,0.1716535433070866,0.2093023255813953,0.2834690696568672,0.3602500736061291,4.8655962219598585,0.6402468079161527,0.122735999013857,0.1315285268475743,,,,,,,,,,,0.7028571428571428,0.369047619047619,0.5958904109589042,0.4142011834319526,0.8333333333333334,0.4983050847457627,0.5520833333333334,0.4174977334542157,0.2223515894293374,0.3992511013215859,0.857142857142857,5.641025641025641,76.75,78.0,216.4,81.25,104.0,5.6,8.0,9.25,,,,,,,25.82847682779261,4.5,,,,,,,,,,,,,,,,,,,,,
P714602a9aa,2019,,,,,,,,,,,,,,,,,,,19.512662559890487,32.0,34.0625,17.438532110091746,5.680733944954129,2.477117064220184,0.8256352293577981,0.8587155963302753,25.5,54.19,49.1,14.2,14.2,4.8,12.8,1.3,2.7,0.3164556962025316,0.491,0.722,0.272,0.53,106.0,100.034,120.174,94.8515,3.85764,2.60279,1.25485,3.80744,98.8,0.3493670886075949,0.6594202898550725,0.3341772151898734,0.3939393939393939,0.3669724770642202,3.0,0.156,1.0,3.0,12.8,91.0,90.0,93.0,62.0,69.0,28.0,80.0,88.0,88.0,55.0,20.0,97.0,81.0,60.0,0.505,4.59,53.0,1.0,-5.35,0.0,4.44,18.0,18.03,51.6,-3.14,0.0,82.31,0.0,,,5.7,0.49,17.68,5.86,-5.267,2.36,2.869,3.408,-0.539,1812.0,1.0,0.367,0.641,0.237,0.316,0.4,0.22,0.316,0.559,0.09,0.28,0.139,0.666,16.5,5.375,2.3438,0.7812,0.8125,2019.0,1.0,1.0,1090.0,3.85764,0.0,25.5,0.0,3.85764,3.85764,1.0,1.042,0.078,1.283,0.237,-0.581,0.331,-0.053,-0.248,1.211,,17.68,5.0,29.0,5.8,,,,,,,,,,,,,,,,,4.0,1.0,1.0,1.0,1.0,26.06896551724138,1.0,1,1,0,33.0,5.0,-28.0,8.0,5.0,0.0,0.0,0.0,0.0,1.0,1.0,,,,,,,,,,,,,,,,,,,,,,,,,,,,0.0,,,,,1,833.0,,0.0,,0.3,,2.0,0.0,,,10.0,4.0,1.0,0.0,,,,,,,,,,,,,,0.333,6.103,9.0,,,,,,,,,,32.0,1.0,34.1,17.419,0.0,1.0,1.0,,,0.0,120.174,94.8515,19.65,14.2,1.10296474,10.0,3.85764,,,,,,,,,,,,1.25485,1.0941,4.02749,12.8,100.034,0.101,0.312,49.1,,49.1,0.0,5.0485,32.0,0.0,14.0,0.3939,0.334,76.8,34.0625,2.60279,3.95441,4.8,106.0,2.2,3.80744,16.5,98.8,0.6594,0.349,4.0,1.0,,189.657,0.316,14.2,54.19,25.5,1.0,0.0,0.0,0.0,0.0,1.0,1.2,1.0,1.2,1.0,9.0,10.804,0.0,0.0,0.0,0.0,0.0,0.0,0.0,0.0,0.0,0.0,3.0,3.601,7.0,8.403,0.0,0.0,0.0,0.0,,26.0,7.0,2.0,2.401,0.0,15031.0,0.0,0.7,0.0,0.0,574.0,7.0,59.0,1.0,42.0,11.0,183.0,15031.0,0.0,1.302,1.0,0.0,0.0,0.0,0.543,3.0,,0.0,9.65,21.75,0.0,0.734,96.44143475134,108.30646246898164,0.7915563415785448,16.0,0.5018735160509483,53.0,0.7107021920197978,,19.0,0.809,0.0,0.0,0.01,0.0028,0.0,0.978,0.988,5.0,4.0,0.0,0.8,1.0,76.0,2.0,0.0,4.0,4.0,0.0,2.0,5.0,0.71,1.0,0.96,6.0,1.0,,,,9.0,9.0,,,,,,,,26.5,,,,,,,,,6.5,5.15557631482426,0.9333333333333332,7.221366234594869,0.7333333333333333,5.913461942036482,0.8,4.312162314766423,0.1333333333333333,3.8705357379375567,0.5333333333333333,4.996470402270994,0.3333333333333333,0.7486477854818014,0.2666666666666666,2.0895529318915966,0.6666666666666666,0.279136690647482,0.1849112426035503,0.1586206896551724,0.1707317073170731,0.3076923076923077,0.1611374407582938,0.370469366216089,0.4182928710890933,4.336813446969697,0.6969552974456138,0.1136278783232659,0.132313598275799,,,,,,,,,,,0.719626168224299,0.2914285714285714,0.6488095238095238,0.3950617283950617,0.7916666666666666,0.5258064516129032,0.6532258064516129,0.464984594887168,0.2277298000709807,0.4597584905660377,1.755,5.5,76.5,78.0,,83.0,103.0,,9.0,9.0,,,,,,,,6.5,,,,,,,,,,,,,,,,,,,,,
P6a5f6ac2d8,2019,,,,,,,,,,,,,,,,,,,19.21423682409309,36.0,18.1944,19.401662049861496,9.12366442421844,1.2641472101305895,1.0443213296398892,1.0443213296398892,24.0,55.07,50.5,6.1,16.1,9.2,16.9,1.5,3.3,0.1904761904761904,0.366,0.77,0.269,0.529,107.8,96.0253,120.332,90.2616,3.87422,1.85424,2.01999,2.06826,99.6,0.4615384615384615,0.6825396825396826,0.3479853479853479,0.3263157894736842,2.1374098013063847,0.0,0.091,2.0,7.0,27.8,91.0,90.0,88.0,68.0,18.0,42.0,86.0,85.0,84.0,20.0,46.0,87.0,88.0,61.0,0.535,3.18,8.0,0.47,-1.37,0.0,-2.21,17.0,17.92,45.9,-6.5,0.0,97.33,3.0,33.73,64.8,6.18,0.87,12.34,3.32,2.99,16.644,4.936,3.207,1.729,1093.0,1.0,0.44,0.683,0.488,0.37,0.347,0.286,0.19,0.857,0.2,0.225,0.027,0.517,9.8056,4.6111,0.6389,0.5278,0.5278,2019.0,1.0,1.0,654.9984000000001,3.87422,0.0,24.0,0.0,3.87422,3.87422,1.0,1.046,0.22,0.97,-0.871,-0.32,0.596,1.157,-0.792,1.711,,,,,,,,,,,,,,,,,,,,,,,,,,,,,1,1,0,34.0,6.0,-28.0,8.0,3.0,0.0,0.0,0.0,0.0,1.0,1.0,,,,,,,,,,,,,,,,,,,,,,,,,75.0,,56.0,45.0,33.3,,80.0,66.7,1,295.0,,0.0,,,,,0.0,,,2.0,1.0,1.0,0.0,,,,,,,,,,,,,,0.333,6.633,18.0,,,,,,,,,,36.0,1.0,18.2,19.385,0.0,1.0,1.0,,,0.0,120.332,90.2616,19.35,6.1,0.47918697,2.0,3.87422,,,,,,,,,,,,2.01999,1.69905,2.46611,16.9,96.0253,0.302,0.972,50.5,,36.6,0.0,4.14186,36.0,0.0,9.0,0.3263,0.348,45.3,18.1944,1.85424,2.44281,9.2,107.8,3.6,2.06826,9.8056,99.6,0.6825,0.462,5.0,1.0,,144.019,0.19,16.1,55.07,24.0,1.0,0.0,0.0,0.0,0.0,0.0,0.0,2.0,6.78,1.0,6.0,20.339,0.0,0.0,0.0,0.0,0.0,0.0,0.0,0.0,0.0,0.0,3.0,10.169,2.0,6.78,0.0,0.0,0.0,0.0,,9.0,6.0,0.0,0.0,0.0,6598.0,0.0,0.4,0.0,0.0,488.0,12.0,48.0,1.0,65.0,22.0,88.0,6598.0,0.4,4.171,5.0,1.0,1.0,3.0,0.806,3.0,,5.0,11.36,46.74,2.0,0.77,92.61785239378642,120.81973415275142,0.9550796487601804,7.0,0.61284675342382,7.0,0.7379327072730697,,29.0,0.735,0.0,0.0,0.01,0.0014,0.0,0.989,0.994,4.0,2.0,5.0,2.1,1.0,78.0,3.0,0.0,4.0,4.0,0.0,4.0,3.0,1.79,1.0,0.9725,6.0,1.0,5.0,26.93,5.9,8.75,10.0,12.15,38.5,3.1,12.0,0.333,19.0,0.737,28.0,20.0,0.75,,,25.0,0.56,3.24,31.0,8.75,4.433607414982787,0.9333333333333332,6.071769673547059,0.4,6.0738929598968445,0.2666666666666666,6.16015832858414,0.4,3.4007012070390776,0.7333333333333333,6.274636058235624,0.7333333333333333,0.8143129699962296,0.2666666666666666,1.0215809040399475,0.7333333333333333,0.1373626373626373,0.0602549246813441,0.1651376146788991,0.336283185840708,0.1423290203327172,0.0448717948717948,0.3648457474020569,0.311069412651891,3.6689905432153065,0.8754005657586258,0.11652112,0.1286155894635877,,,,,,,,,,,0.7583333333333333,0.3039215686274509,0.6666666666666666,0.344,0.9166666666666666,0.524904214559387,0.5795454545454546,0.5362776025236593,0.1444444444444444,0.2047159999999999,2.0625,5.673913043478261,76.5,78.0,224.2,85.25,104.5,5.9,8.75,10.0,31.0,38.5,12.15,3.1,3.24,5.0,26.934631937306087,8.75,,,,,,,14.0,25.0,0.56,4.0,12.0,0.3333333333333333,,,,8.0,10.0,0.8,6.0,9.0,0.6666666666666666
P7c5888ec9d,2019,,,,,,,,,,,,,,,,,,,20.698151950718685,37.0,29.0789,14.856132797320392,8.470595517712157,2.378343059744351,2.2479804944478645,1.4986123959296944,20.9,59.8,57.7,12.6,16.6,11.0,16.6,3.7,5.5,0.4136904761904761,0.268,0.722,0.388,0.574,119.1,95.517,127.534,89.9961,12.5748,6.77459,5.80024,4.05801,90.8,0.3958333333333333,0.6992481203007519,0.1904761904761904,0.3125,0.8922602280672909,2.0,0.138,4.0,1.0,25.4,100.0,100.0,70.0,89.0,63.0,98.0,92.0,100.0,68.0,87.0,100.0,75.0,74.0,74.0,0.548,5.17,11.0,0.97,3.63,0.2,0.59,15.0,17.39,58.7,1.53,0.0,83.16,3.0,20.0,65.4,5.76,0.48,15.54,6.14,5.222,14.953,5.437,4.422,1.016,1645.0,1.0,0.392,0.707,0.532,0.189,0.297,0.316,0.419,0.927,0.143,0.183,0.031,0.343,12.0,6.8421,1.9211,1.8158,1.2105,2019.0,2.0,2.0,1809.9181,6.76308,5.811719999999999,16.4,4.5,9.66894,12.5748,1.0,3.356,0.981,0.323,0.018,2.54,1.567,1.652,0.171,0.552,,,,,,,,,,,,,,,,,,,,,,,,,,,,,0,0,0,59.0,50.0,-9.0,7.0,48.0,0.0,0.0,0.0,0.0,0.0,1.0,,,,,,,,,,,,,,,,,,,,,,,,,,,,0.0,,,,,1,356.0,,0.0,,,,,0.0,,,8.0,3.0,1.0,0.0,,,,,,,,,,,,,,1.0,10.943,3.0,0.517,0.318,0.038,-0.004,0.049,7.5,2.345,-1.254,1.06,38.0,1.0,29.1,14.845,7.5,2.0,1.0,7.5,2.345,1.0,127.534,89.9961,20.84,12.6,1.1231219,8.0,12.5748,1.0,9.756,-4.704,3.0,5.812,3.5,-0.6,15.0,-0.2,3.66,4.5,5.80024,3.53416,3.9959,16.6,95.517,0.195,0.649,57.7,6.76308,26.8,0.0,10.2389,37.0,0.0,10.0,0.3125,0.19,69.0,29.0789,6.77459,6.70469,11.0,119.1,2.6,4.05801,12.0,90.8,0.6992,0.396,6.0,2.0,5.812,242.856,0.414,16.6,59.8,20.9,2.0,0.0,0.0,0.0,0.0,0.0,0.0,3.0,8.427,1.0,2.0,5.618,2.0,5.618,0.0,0.0,0.0,0.0,0.0,0.0,0.0,0.0,0.0,0.0,1.0,2.809,0.0,0.0,0.0,0.0,,8.0,7.0,0.0,0.0,0.0,5296.0,0.0,0.25,0.0,0.0,34.0,6.0,6.0,1.0,9.0,9.0,9.0,5296.0,,,0.0,1.0,1.0,5.0,0.75,3.0,0.0,5.0,6.58,43.97,0.0,0.823,96.41093993557315,122.02074282061174,0.9375597736858896,10.0,0.5384431912012896,12.0,0.7365275370655702,,30.0,0.919,0.0,0.0,0.06,0.0113,0.0,0.918,0.988,49.0,42.0,8.0,7.9,1.0,79.0,4.0,0.0,5.0,5.0,0.0,17.0,48.0,6.24,1.0,0.5201,59.0,2.0,,,,,,,,,,,,,,,,,,,,,,,3.835652111873413,0.625,4.874351526052885,0.8125,10.615116072146057,0.8125,3.2289039367733383,0.5,4.045462835358346,0.6875,5.431446831202348,0.84375,0.7450566723940141,0.875,3.713425052069746,0.6875,0.1236263736263736,0.1187019641332194,0.1654228855721393,0.1688311688311688,0.1252408477842004,0.1210762331838565,0.4918197812591915,0.3474805657849831,5.135598330241189,0.802009884292844,0.1156130110930437,0.1261963886401818,0.0650000000000125,-0.0030000000000006,0.0490000000000094,-0.6000000000001156,-0.2842575000000556,0.9000000000001748,-2.800000000000544,15.000000000002911,3.660000000000712,4.500000000000875,0.7181818181818181,0.3756613756613756,0.6809815950920245,0.3404255319148936,0.9166666666666666,0.5611814345991561,0.6448598130841121,0.4595314164004259,0.2971049783549783,0.4798356164383561,4.423913043478262,7.666666666666667,,,,,,,,,,,,,,,,,,,,,,,,,,,,,,,,,,,,,
Pd17e70140c,2019,,,,,,,,,,,,,,,,,,,20.005475701574262,29.0,32.6897,18.53163534691356,6.265863559469802,2.202528625224459,1.1012643126122297,0.5695739024830451,26.6,54.32,50.7,13.0,18.3,4.1,14.9,1.7,1.4,0.2370572207084468,0.471,0.671,0.368,0.493,100.8,100.101,111.284,97.5111,0.982659,-0.040509,1.02317,2.691,91.8,0.4468664850136239,0.5670731707317073,0.3160762942779291,0.3879310344827586,0.8860747342857018,2.0,0.153,1.0,5.0,4.0,62.0,67.0,95.0,60.0,66.0,54.0,53.0,61.0,94.0,83.0,56.0,36.0,20.0,56.0,0.513,3.67,138.0,0.97,-2.32,0.0,1.75,5.0,14.14,47.1,-7.94,0.0,126.03,0.0,,,7.89,0.75,15.76,6.14,0.186,2.447,2.205,2.79,-0.585,1632.0,1.0,0.447,0.567,0.151,0.316,0.388,0.022,0.237,0.812,0.049,0.38,0.045,0.733,16.8276,5.6897,2.0,1.0,0.5172,2019.0,2.0,2.0,1603.0022,-0.0391885,1.0218475,21.9,4.700000000000003,0.47173525,0.982659,1.0,0.278,0.099,1.513,0.072,-0.06,-0.242,-0.246,-0.591,1.489,,,,,,,,,,,,,,,,,,,,,,,,,,,,,0,0,0,,,,,,0.0,0.0,0.0,0.0,0.0,1.0,,,,,,,,,,,,,,,,,,,,,,,,,,,,0.0,,,,,1,625.0,,0.0,,,,,0.0,,,4.0,2.0,1.0,0.0,,,,,,,,,,,,,,0.75,10.516,4.0,-0.072,-0.207,0.072,0.149,-0.008,4.2,5.974,1.602,-0.162,29.0,1.0,32.7,18.606,4.2,2.0,1.0,4.2,5.974,1.0,111.284,97.5111,20.15,13.0,0.69878763,4.0,0.982659,,,,,,,,,,,,1.02317,0.819069,3.60832,14.9,100.101,0.134,0.724,50.7,,47.1,0.0,2.3393,29.0,0.0,5.0,0.3879,0.316,76.1,32.6897,-0.040509,1.52023,4.1,100.8,3.1,2.691,16.8276,91.8,0.5671,0.447,5.0,1.0,,178.801,0.237,18.3,54.32,26.6,2.0,0.0,0.0,2.0,3.2,2.0,3.2,1.0,1.6,1.0,5.0,8.0,1.0,1.6,0.0,0.0,0.0,0.0,0.0,0.0,0.0,0.0,3.0,4.8,3.0,4.8,0.0,0.0,0.0,0.0,,30.0,7.0,1.0,1.6,0.0,11868.0,0.0,0.5,0.0,0.0,166.0,3.0,7.0,1.0,20.0,3.0,20.0,11868.0,,,0.0,1.0,0.0,0.0,0.484,3.0,,0.0,3.91,4.65,0.0,0.704,98.65225954299358,102.28010880976244,0.60236088393415,16.0,0.5329597445655411,133.0,0.6064312918509798,,15.0,0.0,0.0,0.0,0.0,0.0,0.0,1.0,1.0,42.0,29.0,44.0,15.2,1.0,79.0,3.0,0.0,5.0,5.0,0.0,34.0,41.0,11.81,1.0,0.5863,63.0,2.0,9.0,23.46,4.6,9.25,9.25,10.88,37.0,3.13,,,,,27.25,,,,,,,3.38,30.5,6.5,2.2569442243620013,1.0,7.1028670525716615,0.6153846153846154,7.664947824451924,0.7692307692307693,5.00610632434966,0.4615384615384615,3.9783368917949113,0.5769230769230769,4.790937587276266,0.7692307692307693,0.6950161206679064,0.6538461538461539,1.8472960397810196,0.5384615384615384,0.2690513219284603,0.1334355828220859,,,0.2685185185185185,0.1545893719806763,0.3840217161393154,0.4658552255909202,3.923714016045304,0.5165480488229136,0.1099457739117336,0.1221960352022119,,,,,,,,,,,0.6735751295336787,0.3576642335766423,0.5721649484536082,0.3904109589041096,0.9375,0.49375,0.5070422535211268,0.5418848167539267,0.1596758481455859,0.3848188405797101,1.535483870967742,4.634146341463415,79.25,81.5,209.6,85.75,106.5,4.6,9.25,9.25,30.5,37.0,10.88,3.13,3.38,9.0,23.46340537051702,6.5,,,,,,,,,,,,,,,,,,,,,
Pba03162225,2019,,,,,,,,,,,,,,,,,,,18.98699520876112,21.0,22.0952,15.517252615952785,6.517252615952787,2.327636771787538,1.318928998153445,0.8534342300590175,22.8,55.91,56.1,12.0,20.8,4.8,15.0,2.1,2.6,0.4331210191082802,0.293,0.522,0.412,0.517,98.4,100.088,105.347,97.8478,1.85505,0.566522,1.28853,1.35539,94.6,0.3057324840764331,0.6875,0.2611464968152866,0.3170731707317073,1.4655197681375314,12.0,0.07,3.0,5.0,7.1,78.0,76.0,82.0,68.0,59.0,72.0,74.0,74.0,76.0,44.0,61.0,96.0,81.0,72.0,0.45,5.86,83.0,0.71,-5.09,0.0,1.62,3.0,14.29,43.9,-3.36,0.0,116.24,0.0,,,5.02,0.79,10.66,1.46,0.382,5.935,2.735,1.672,1.063,725.0,1.0,0.285,0.686,0.5,0.285,0.286,0.1,0.431,0.409,0.171,0.142,0.255,0.654,9.5238,4.0,1.4286,0.8095,0.5238,2019.0,1.0,1.0,463.9992,1.85505,0.0,22.8,0.0,1.85505,1.85505,1.0,0.51,0.355,0.72,-0.064,0.46,0.287,-0.053,0.255,0.721,,,,,,,,,,,,,,,,,,,,,,,,,,,,,0,0,0,43.0,40.0,-3.0,6.0,28.0,0.0,0.0,0.0,0.0,1.0,1.0,,,,,,,,,,,,,,,,,,,,,,,,,,,,0.0,,,,,1,549.0,,0.0,,,,,0.0,,,5.0,2.0,1.0,0.0,,,,,,,,,,,,,,0.571,7.482,7.0,,,,,,,,,,21.0,1.0,22.1,15.475,0.0,1.0,1.0,,,0.0,105.347,97.8478,19.13,12.0,0.76926388,5.0,1.85505,,,,,,,,,,,,1.28853,0.965492,2.39508,15.0,100.088,0.417,0.81,56.1,,29.3,0.0,2.35883,21.0,0.0,47.0,0.3171,0.261,34.6,22.0952,0.566522,1.39333,4.8,98.4,3.8,1.35539,9.5238,94.6,0.6875,0.306,4.0,1.0,,94.1094,0.433,20.8,55.91,22.8,1.0,0.0,0.0,0.0,0.0,1.0,1.821,0.0,0.0,1.0,4.0,7.286,2.0,3.643,1.0,1.821,0.0,0.0,0.0,0.0,1.0,1.821,2.0,3.643,4.0,7.286,0.0,0.0,1.0,5.464,,22.0,7.0,2.0,3.643,0.0,10779.0,0.0,0.375,0.0,0.0,211.0,10.0,22.0,1.0,51.0,16.0,51.0,10779.0,,,0.0,1.0,0.0,0.0,0.188,3.0,,4.0,6.23,12.34,0.0,0.816,101.54027262564644,109.8377710034908,0.7116298896006081,17.0,0.483553499040398,79.0,0.594827988987023,,16.0,0.0,0.0,0.0,0.0,0.0,0.0,1.0,1.0,28.0,16.0,18.0,9.8,1.0,76.0,1.5,0.0,4.0,4.0,0.0,24.0,28.0,8.5,1.0,0.735,40.0,1.0,2.0,25.88,5.1,8.75,8.75,10.82,34.0,3.03,,,,,27.0,,,,,,,3.14,27.0,5.0,3.362458686918939,0.75,5.755335007731888,0.8333333333333334,6.111692824876452,0.5833333333333334,5.459348412027552,0.75,3.7181877510787102,0.75,5.143779565780696,0.75,0.5959707585770297,0.7916666666666666,1.6392124506757837,0.8333333333333334,0.0817051509769094,0.092517006802721,0.0693641618497109,0.217391304347826,0.0661157024793388,0.099644128113879,0.346948806329132,0.356223185244645,3.5085394708539472,0.855303860899862,0.1247289732174617,0.1331940422610231,,,,,,,,,,,0.5757575757575758,0.3813559322033898,0.6538461538461539,0.352112676056338,0.8666666666666667,0.5116279069767442,0.5714285714285714,0.3850146693748589,0.2493727079714341,0.3993277310924369,2.3234042553191494,4.125,76.0,77.5,212.6,81.0,103.0,5.1,8.75,8.75,27.0,34.0,10.82,3.03,3.14,2.0,25.87821894585964,5.0,,,,,,,,,,,,,,,,,,,,,
Pb15c668c3a,2019,,,,,,,,,,,,,,,,,,,,,,,,,,,,,,,,,,,,,,,,,,,,,,,,,,,,,,,,,,,,,,,,,,,,,,,,,,,,,,,,,,,,,,,,,,,,,,,,,,,,,,,,,,,,,,,,,,,,,,,,,,,,,,,,0.0,,,,,,,,,,,,,,,,,,,,,,,,,,,,,,,,,,,,,,0,0,0,,,,,,0.0,0.0,0.0,0.0,0.0,0.0,,,,,,,,,,,,,,,,,,,,,,,,,,44.0,64.0,50.0,33.3,,61.3,,0,623.0,,0.0,,,,,0.0,,,12.0,4.0,1.0,0.0,,,,,,,,,,,,,,,,,,,,,,,,,,,,,,,,,,,,,,,,,,,,,,,,,,,,,,,,,,,,,,,,,,,,,,,,,,,,,,,,,,,,,,,,,,,,0.0,0.0,0.0,0.0,1.0,1.605,4.0,6.421,1.0,6.0,9.631,1.0,1.605,0.0,0.0,0.0,0.0,0.0,0.0,0.0,0.0,2.0,3.21,4.0,6.421,0.0,0.0,0.0,0.0,,26.0,4.0,0.0,0.0,0.0,12959.0,0.0,0.571,0.0,0.0,309.0,4.0,13.0,1.0,20.0,5.0,20.0,12959.0,,,,,,,,,,,,,,,,,,,,,,,,0.0,0.0,0.0,0.0,0.0,0.0,1.0,1.0,17.0,13.0,-3.0,4.5,1.0,81.0,3.0,0.0,4.0,4.0,0.0,10.0,17.0,3.94,1.0,0.84,23.0,1.0,4.0,23.04,3.6,9.0,9.75,11.09,37.0,2.95,12.0,0.333,31.0,0.613,27.25,,,25.0,0.44,25.0,0.64,3.27,30.5,4.25,,,,,,,,,,,,,,,,,,,,,,,,,,,,,,,,,,,,,,,,,,,,,,,,,,,79.75,81.0,208.4,84.0,107.0,3.6,9.0,9.75,30.5,37.0,11.09,2.95,3.27,4.0,23.037462351478595,4.25,,,,11.0,25.0,0.44,16.0,25.0,0.64,4.0,12.0,0.3333333333333333,,,,19.0,31.0,0.6129032258064516,,,
P2c24c6affb,2019,,,,,,,,,,,,,,,,,,,21.481177275838466,36.0,32.973,14.695114184332636,3.4819761623146217,6.344245291602221,0.7672095350741516,0.1180238376853789,21.9,55.78,52.3,30.5,15.9,2.0,8.2,1.2,0.4,0.3582474226804124,0.2289999999999999,0.831,0.36,0.514,116.6,105.844,126.58,99.9016,4.52922,5.43378,-0.904561,4.42566,66.0,0.2422680412371134,0.5638297872340425,0.3994845360824742,0.4838709677419355,0.1347904177492022,0.0,0.165,3.0,7.0,26.6,89.0,86.0,69.0,60.0,97.0,24.0,20.0,92.0,71.0,93.0,15.0,32.0,33.0,71.0,0.591,4.68,9.0,1.0,-1.72,5.3,1.75,16.0,15.11,55.9,-2.24,0.0,79.69,3.0,14.41,51.6,5.84,0.52,16.3,8.22,-9.353,12.79,2.338,3.429,-1.091,1820.0,1.0,0.251,0.564,0.151,0.403,0.497,0.2,0.347,0.826,0.011,0.213,0.06,0.596,13.4595,3.1892,5.8108,0.7027,0.1081,2019.0,3.0,3.0,2446.0281000000004,-0.764405,5.293625,22.7,-0.8000000000000007,2.022771666666667,4.52922,1.0,1.22,0.334,0.532,2.466,-0.711,-0.684,-0.823,-0.068,0.511,,,,,,,,,,,,,,,,,,,,,,,,,,,,,0,0,0,,,,,,0.0,0.0,0.0,0.0,0.0,1.0,,,,,,,,,,,,,,,,,,,,,,,,,,80.0,68.0,50.0,58.3,,61.8,,0,275.0,,0.0,,,,,0.0,,,11.0,4.0,1.0,0.0,,,,,,,,,,,,,,0.667,5.933,3.0,0.892,-0.046,0.074,-0.025,0.014,9.8,3.395,0.229,-0.325,37.0,1.0,32.9,14.772,13.3,3.0,1.0,6.65,0.774,2.0,126.58,99.9016,21.62,30.5,2.94515962,11.0,4.52922,1.0,15.126,5.055,0.7,2.226,7.4,-0.9,24.1,9.7,6.66,2.4,-0.904561,0.21613,3.34358,8.2,105.844,0.043,0.111,52.3,-0.764405,22.9,0.0,5.25539,36.0,0.0,42.0,0.4839,0.399,81.5,32.973,5.43378,5.03926,2.0,116.6,1.6,4.42566,13.4595,66.0,0.5638,0.242,2.0,3.0,2.647,176.373,0.358,15.9,55.78,21.9,3.0,0.0,0.0,1.0,3.636,0.0,0.0,0.0,0.0,1.0,0.0,0.0,0.0,0.0,0.0,0.0,0.0,0.0,0.0,0.0,0.0,0.0,3.0,10.909,0.0,0.0,0.0,0.0,0.0,0.0,,3.0,4.0,1.0,3.636,0.0,3715.0,0.0,0.0,0.0,0.0,72.0,12.0,12.0,1.0,16.0,16.0,16.0,3715.0,0.0,2.131,1.0,1.0,0.0,1.0,0.6,3.0,2.0,0.0,11.76,47.51,3.0,0.786,96.5020139539996,123.52238238051564,0.9447406399944852,6.0,0.5103679472417889,10.0,0.7012191511888378,,31.0,0.0,0.0,0.0,0.0,0.0,0.0,1.0,1.0,,,,,,,,,,,,,,,,,,,7.0,23.29,5.0,7.5,9.25,9.97,42.5,2.78,12.0,0.583,34.0,0.618,21.5,,,25.0,0.8,25.0,0.68,3.08,36.0,1.75,5.355756770116325,0.6153846153846154,5.018538583943905,0.4615384615384615,5.7093890319468885,0.9230769230769232,3.783673206839587,0.5384615384615384,4.2103206523916485,0.3846153846153846,3.621578709945191,0.0769230769230769,0.4905052196320753,0.3461538461538461,2.7581021434700608,0.2692307692307692,0.1230982019363762,0.1985714285714285,0.1340941512125535,0.0294117647058823,0.1350364963503649,0.1945525291828793,0.2991207073072708,0.3726397014742239,5.239627151051624,0.8119408323275862,0.1279627399774814,0.1505762887970325,0.0579999999999858,0.0279999999999901,0.0309999999999902,-0.4499999999998904,0.4413140399998619,0.2999999999999345,0.0999999999999356,22.69999999999358,5.154999999998593,-0.3999999999997757,0.8073394495412844,0.3544973544973545,0.5725806451612904,0.4702702702702703,0.9285714285714286,0.5121107266435986,0.5444444444444444,0.3117333083622062,0.289227277026388,1.120109170305677,0.6,3.9230769230769225,73.5,74.75,179.0,75.25,95.0,5.0,7.5,9.25,36.0,42.5,9.97,2.78,3.08,7.0,23.295748022658987,1.75,,,,20.0,25.0,0.8,17.0,25.0,0.68,7.0,12.0,0.5833333333333334,,,,21.0,34.0,0.6176470588235294,,,
Pd50729b5d0,2019,,,,,,,,,,,,,,,,,,,20.306639288158795,37.0,29.6486,17.983607994981217,6.596142819559778,1.017275689239964,0.8532342167926986,0.5907192919733142,24.6,57.29,53.1,6.1,10.5,4.6,16.1,1.5,1.7,0.3513513513513513,0.369,0.773,0.392,0.5,110.7,90.4089,124.632,86.1141,6.11654,3.37694,2.73959,3.82446,92.2,0.4078624078624078,0.6204819277108434,0.2407862407862407,0.2959183673469387,0.5104839734468115,0.0,0.148,1.0,5.0,28.1,96.0,96.0,88.0,78.0,21.0,43.0,60.0,93.0,88.0,20.0,46.0,46.0,26.0,75.0,0.574,5.21,5.0,0.95,-3.18,0.0,0.5,21.0,18.32,56.1,-4.07,0.0,83.05,3.0,16.94,46.9,6.36,0.61,16.3,4.48,2.455,19.343,5.652,4.672,0.98,1675.0,1.0,0.425,0.607,0.371,0.224,0.297,0.407,0.351,0.839,0.064,0.267,0.057,0.457,14.8108,5.4324,0.8378,0.7027,0.4865,2019.0,1.0,1.0,1096.9982,6.11654,0.0,24.6,0.0,6.11654,6.11654,1.0,1.641,0.577,1.095,-0.871,-0.32,-0.11,-0.108,-0.098,1.35,,17.46,7.0,150.0,21.428571428571427,24.72,11.52,2.88,1.44,0.24,25.152,56.7,55.487804878048784,,,,,0.3536585365853658,0.2439024390243902,0.6,0.3793103448275862,15.142857142857142,1.0,1.0,2.0,1.0,21.16851063829787,2.0,0,0,0,67.0,74.0,7.0,2.0,74.0,0.0,0.0,0.0,0.0,0.0,1.0,,,,,,,,,,,,,,,,,,,,,,,,,,68.0,72.0,50.0,50.0,,84.4,,1,1564.0,,0.0,7.416,0.3,,3.0,0.0,,,1.0,1.0,0.0,0.0,,,,,,,,,,,,,,0.111,1.07,9.0,,,,,,,,,,37.0,1.0,29.6,18.0,0.0,1.0,1.0,,,0.0,124.632,86.1141,20.45,6.1,0.6739061,1.0,6.11654,,,,,,,,,,,,2.73959,3.08998,4.45928,16.1,90.4089,0.084,0.378,53.1,,36.9,0.0,7.73753,37.0,0.0,0.0,0.2959,0.241,74.1,29.6486,3.37694,4.64755,4.6,110.7,2.9,3.82446,14.8108,92.2,0.6205,0.408,5.0,1.0,,201.859,0.351,10.5,57.29,24.6,1.0,0.0,0.0,0.0,0.0,0.0,0.0,2.0,1.279,1.0,4.0,2.558,0.0,0.0,1.0,1.279,8.0,5.115,0.0,0.0,0.0,0.0,1.0,0.639,14.0,8.951,0.0,0.0,1.0,0.639,,69.0,8.0,1.0,0.639,0.0,32245.0,0.0,0.824,0.0,0.0,443.0,10.0,49.0,1.0,126.0,32.0,182.0,32245.0,0.5,19.56,6.0,1.0,1.0,3.0,0.811,3.0,,13.0,11.47,43.86,2.0,0.847,86.76835699496428,115.32202339430336,0.9634413488718204,7.0,0.4463045239204371,4.0,0.7213980486179042,,30.0,0.735,0.0,0.0,0.01,0.0014,0.0,0.989,0.994,,41.0,0.0,,0.5,80.0,,0.0,2.0,4.0,0.0,21.0,74.0,10.5,1.0,0.2475,62.0,1.0,13.0,25.68,6.0,8.75,9.5,11.06,36.5,3.17,12.0,0.5,32.0,0.844,24.25,,,25.0,0.68,25.0,0.72,3.36,31.0,3.5,3.16555958100059,0.7857142857142857,8.083171640282917,0.7142857142857143,11.384267976790351,0.4642857142857143,4.580703399257229,0.1428571428571428,3.1330432048906687,0.5,3.73337198969336,0.7857142857142857,0.502056127644666,0.5714285714285714,2.499405717832444,0.7142857142857143,0.2590673575129533,0.1704410011918951,0.2283356258596973,0.1176470588235294,0.2857142857142857,0.1951219512195122,0.408793770559924,0.3371561329933612,4.075234962406015,0.9269251392878144,0.1347364752651871,0.1448062548695049,,,,,,,,,,,0.7647058823529411,0.3782383419689119,0.6173469387755102,0.3203125,0.9583333333333334,0.5,0.5855263157894737,0.4904862579281184,0.2686804451510334,0.2132617187499999,1.5937499999999998,5.307692307692308,77.75,79.25,220.8,81.25,102.0,6.0,8.75,9.5,31.0,36.5,11.06,3.17,3.36,13.0,25.68009233722999,3.5,,,,17.0,25.0,0.68,18.0,25.0,0.72,6.0,12.0,0.5,,,,27.0,32.0,0.84375,,,
Pe661d7acde,2019,,,,,,,,,,,,,,,,,,,20.03559206023272,32.0,31.5938,14.777481657793617,9.756661117054612,2.0652786306174,1.2106805765688204,2.884211459210351,22.2,53.31,49.0,12.2,16.9,8.4,20.6,1.9,8.0,0.2147651006711409,0.644,0.641,0.281,0.509,104.2,98.5186,111.902,93.6532,6.53893,1.36943,5.16949,2.67976,54.0,0.3724832214765101,0.7027027027027027,0.412751677852349,0.3333333333333333,1.543024264254379,0.0,0.158,5.0,1.0,3.5,95.0,97.0,77.0,53.0,59.0,65.0,97.0,92.0,75.0,86.0,85.0,89.0,47.0,35.0,0.472,2.53,,,,,,,,,,,,,,,,,,,40.0,2.81,8.908,3.154,5.754,1605.0,1.0,0.372,0.712,0.468,0.413,0.325,0.2,0.215,0.833,0.216,0.198,0.036,0.564,12.9688,8.5625,1.8125,1.0625,2.5312,2019.0,2.0,2.0,1496.0026,3.91862,2.6203099999999995,17.0,5.199999999999999,5.228775,6.53893,1.0,1.753,-0.063,0.594,-0.037,0.2,2.67,0.937,-0.687,0.532,,,,,,,,,,,,,,,,,,,,,,,,,,,,,0,0,0,,,,,,,,,0.0,0.0,,,,,,,,,,,,,,,,,,,,,,,,,,,60.0,56.0,50.0,50.0,,32.1,,0,492.0,,0.0,,,,,0.0,,,4.0,2.0,1.0,0.0,,,,,,,,,,,,,,0.2,4.354,5.0,1.561,-0.336,0.011,-0.083,0.118,16.9,5.259,0.246,0.763,32.0,1.0,31.6,14.81,16.9,2.0,1.0,16.9,5.259,1.0,111.902,93.6532,20.18,12.2,0.86565094,4.0,6.53893,1.0,11.901,1.64,9.6,2.62,0.0,-1.9,42.8,3.8,2.87,5.2,5.16949,3.01351,3.92532,20.6,98.5186,0.378,1.219,49.0,3.91862,64.4,0.0,5.01465,32.0,0.0,40.0,0.3333,0.413,79.0,31.5938,1.36943,2.00114,8.4,104.2,3.6,2.67976,12.9688,54.0,0.7027,0.372,7.0,2.0,2.62,238.255,0.215,16.9,53.31,22.2,2.0,0.0,0.0,0.0,0.0,0.0,0.0,3.0,6.098,1.0,0.0,0.0,0.0,0.0,0.0,0.0,7.0,14.228,0.0,0.0,0.0,0.0,0.0,0.0,2.0,4.065,0.0,0.0,1.0,4.065,,15.0,8.0,0.0,0.0,0.0,8605.0,0.0,0.4,0.0,0.0,33.0,4.0,4.0,1.0,6.0,6.0,6.0,8605.0,,,0.0,1.0,0.0,0.0,0.438,3.0,0.0,33.0,4.54,3.01,0.0,0.595,101.26635542096533,105.76314298705474,0.6223771837300709,21.0,0.5012436348000251,124.0,0.6961943635330812,,11.0,0.0,0.0,0.0,0.0,0.0,0.0,1.0,1.0,,,,,,,,,,,,,,,,,,,8.0,22.65,4.5,9.25,9.5,11.26,36.5,3.47,12.0,0.5,28.0,0.321,28.0,,,25.0,0.6,25.0,0.56,3.36,31.5,4.5,4.727238314304055,0.7142857142857143,6.024527288261642,0.5714285714285714,3.2452952161329685,0.4642857142857143,4.784703555070335,0.0714285714285714,2.718063857093796,0.8571428571428571,5.284467761247316,1.0,0.7560997249030312,0.7857142857142857,0.9654021294579828,1.0,0.2644628099173554,0.0981595092024539,0.1750788643533123,0.3471074380165289,0.240234375,0.0857142857142857,0.390027623769208,0.3783918089422221,3.108430301591071,0.6087161590116437,0.0986920792206286,0.109608711861944,0.0350000000000067,-0.0830000000000161,0.1180000000000228,-1.900000000000368,0.6156853200001198,-4.600000000000895,4.3000000000008365,42.800000000008325,2.870000000000557,5.200000000001008,0.6462264150943396,0.3070175438596491,0.6808510638297872,0.3464052287581699,0.9230769230769232,0.5072992700729927,0.5652173913043478,0.5110855469567036,0.1387868810940863,0.4369913793103448,3.0707070707070705,6.304347826086957,82.0,83.75,216.6,86.5,110.0,4.5,9.25,9.5,31.5,36.5,11.26,3.47,3.36,8.0,22.64795820193961,4.5,,,,15.0,25.0,0.6,14.0,25.0,0.56,6.0,12.0,0.5,,,,9.0,28.0,0.3214285714285714,,,
P37457bff4f,2019,,,,,,,,,,,,,,,,,,,20.030116358658457,34.0,31.5588,18.35225673979999,4.864861781816799,2.650481006882391,1.7446290733487966,0.2348758507928058,27.1,51.77,46.7,15.0,18.7,4.5,10.0,2.7,0.8,0.4093023255813953,0.481,0.7,0.307,0.472,98.9,100.209,110.24,97.3089,2.59491,1.73007,0.864837,2.45867,94.2,0.4860465116279069,0.5119617224880383,0.1046511627906976,0.2888888888888888,1.3420326874428237,0.0,0.158,1.0,4.0,9.9,84.0,81.0,95.0,41.0,74.0,91.0,36.0,,,,,,,,0.506,6.56,63.0,1.0,-0.34,9.7,-2.8,8.0,19.93,51.1,-0.65,0.0,114.94,2.0,20.62,58.3,6.42,0.67,15.9,3.2,-2.813,3.65,0.619,0.489,0.13,1781.0,1.0,0.488,0.518,0.456,0.098,0.275,0.182,0.414,0.667,0.05,0.265,0.138,0.483,16.0882,4.2647,2.3235,1.5294,0.2059,2019.0,1.0,1.0,1072.9992,2.59491,0.0,27.1,0.0,2.59491,2.59491,1.0,0.706,-0.311,1.617,0.346,1.24,-0.507,-0.136,0.152,1.444,,,,,,,,,,,,,,,,,,,,,,,,,,,,,0,0,0,28.0,28.0,0.0,1.0,,,,,,,,,,,,,,,,,,,,,,,,,,,,,,,,,,,0.0,,,,,0,,,0.0,,,,,0.0,,,4.0,2.0,0.0,0.0,,,,,,,,,,,,,,0.333,16.085,3.0,,,,,,,,,,34.0,1.0,31.5,18.4,0.0,1.0,1.0,,,0.0,110.24,97.3089,20.17,15.0,0.79796002,4.0,2.59491,,,,,,,,,,,,0.864837,1.11303,3.46963,10.0,100.209,0.206,1.059,46.7,,48.1,0.0,2.32672,34.0,0.0,0.0,0.2889,0.105,77.8,31.5588,1.73007,1.21369,4.5,98.9,3.8,2.45867,16.0882,94.2,0.512,0.486,3.0,1.0,,212.483,0.409,18.7,51.77,27.1,1.0,,,,,,,,,,,,,,,,,,,,,,,,,,,,,,,,,,,,,,,,,207.0,6.0,13.0,1.0,34.0,8.0,34.0,15193.0,0.2,0.851,5.0,1.0,0.0,0.0,0.531,3.0,,0.0,5.3,18.97,0.0,0.796,98.68546890642278,109.57175855098296,0.7691259578663749,11.0,0.5398999795379096,64.0,0.6298043171838286,,23.0,0.0,0.0,0.0,0.0,0.0,0.0,1.0,1.0,,33.0,0.0,,0.5,76.0,2.0,0.0,2.0,4.0,0.0,50.0,76.0,25.0,1.0,0.215,83.0,1.0,14.0,27.96,5.0,8.5,9.0,10.79,38.0,3.13,,,,,24.75,,,,,,,3.22,32.5,5.75,2.9532710433772933,0.8666666666666667,7.802097272195873,0.4,9.967890777743474,0.7333333333333333,5.609410796704483,0.5333333333333333,3.713648274325675,0.6666666666666666,6.6430276554065815,0.3333333333333333,0.5665543439313487,0.8666666666666667,1.9756389227202535,0.6,0.2346938775510204,0.2464985994397759,,,0.2416666666666666,0.225,0.3094490652442861,0.4204500364674061,3.619625503673857,0.7127032307245879,0.1269526574860265,0.1437808646085245,,,,,,,,,,,0.7004405286343612,0.3141592920353982,0.5230125523012552,0.3333333333333333,0.8490566037735849,0.4761904761904761,0.4277108433734939,0.5758808628233668,0.286691937301506,0.4339857651245551,1.2342857142857144,3.020833333333333,74.75,76.25,222.2,80.5,99.5,5.0,8.5,9.0,32.5,38.0,10.79,3.13,3.22,14.0,27.958892736469828,5.75,,,,,,,,,,,,,,,,,,,,,
P2f4b26e6e1,2019,,,,,,,,,,,,,,,,,,,20.57768651608487,32.0,28.6875,21.176470588235297,10.862682352941176,0.9020235294117648,1.1371921568627452,2.470650980392157,25.2,65.11,65.9,6.0,18.2,11.2,22.7,1.8,8.4,0.0,0.598,0.591,,0.659,112.3,95.1262,125.761,90.6893,6.45391,2.1036,4.35032,3.78328,92.4,0.6934984520123839,0.8125,0.3065015479876161,0.3131313131313131,3.747276688453159,2.0,0.135,1.0,1.0,10.3,95.0,97.0,90.0,98.0,20.0,60.0,98.0,91.0,89.0,40.0,81.0,91.0,76.0,93.0,0.46,0.0,56.0,1.0,0.98,0.0,0.33,12.0,20.85,63.3,-4.43,0.0,90.28,0.0,,,5.77,0.39,18.2,10.24,5.09,9.865,2.853,0.773,2.08,966.0,0.0,0.688,0.821,0.683,0.312,0.307,0.387,0.0,,0.179,0.218,,,16.875,8.6562,0.7188,0.9062,1.9688,2019.0,2.0,2.0,1707.999,7.67821,-1.2243000000000004,23.8,1.3999999999999986,7.06606,7.67821,1.0,1.731,1.836,1.221,-0.885,0.07,2.847,1.707,-1.614,2.164,,,,,,,,,,,,,,,,,,,,,,,,,,,,,0,0,0,35.0,36.0,1.0,5.0,36.0,0.0,0.0,0.0,0.0,0.0,1.0,,,,,,,,,,,,,,,,,,,,,,,,,,,,0.0,,,,,1,406.0,,0.0,,,,,0.0,,,10.0,4.0,1.0,0.0,,,,,,,,,,,,,,0.5,12.857,4.0,-0.237,-1.121,0.055,,0.063,6.1,2.402,0.911,0.332,32.0,1.0,28.7,21.199,6.1,2.0,1.0,6.1,2.402,1.0,125.761,90.6893,20.72,6.0,0.30265264,10.0,6.45391,0.0,-1.702,-3.461,0.0,-1.224,5.4,0.4,11.2,-3.6,5.68,1.4,4.35032,2.16258,3.82936,22.7,95.1262,0.406,2.688,65.9,7.67821,59.8,0.0,7.27677,32.0,0.0,4.0,0.3131,0.307,67.0,28.6875,2.1036,5.11419,11.2,112.3,3.8,3.78328,16.875,92.4,0.8125,0.693,8.0,2.0,-1.224,217.448,0.0,18.2,65.11,25.2,2.0,1.0,2.463,2.0,4.926,0.0,0.0,5.0,12.315,1.0,0.0,0.0,0.0,0.0,0.0,0.0,0.0,0.0,0.0,0.0,0.0,0.0,0.0,0.0,1.0,2.463,0.0,0.0,0.0,0.0,,7.0,6.0,1.0,2.463,0.0,6482.0,0.0,0.25,0.0,0.0,363.0,1.0,10.0,1.0,15.0,1.0,15.0,6482.0,,,0.0,0.0,0.0,2.0,0.529,3.0,0.0,10.0,6.12,18.37,2.0,0.764,97.87794491707878,110.10215120003576,0.7946856497578803,16.0,0.5435273531596291,52.0,0.696360544906706,,18.0,0.0,0.0,0.0,0.0,0.0,0.0,1.0,1.0,39.0,31.0,0.0,8.2,1.0,82.0,5.0,0.0,5.0,5.0,0.0,16.0,36.0,7.01,1.0,0.6124,47.0,2.0,5.0,25.3,5.9,9.25,9.25,11.61,36.5,3.19,,,,,28.75,,,,,,,3.25,32.5,5.25,1.9521824942603747,0.8333333333333334,7.971631551007953,0.9166666666666666,8.041012308069497,0.25,5.179248167893656,0.5833333333333334,2.7602979631406903,1.0,3.1950553570030875,1.0,0.4820400473723554,0.3333333333333333,2.908351403269624,0.9166666666666666,0.2509752925877763,0.0,0.3177304964539007,0.5796178343949044,0.2217898832684824,0.0,0.4169469261780832,0.3046470253439948,4.460771184483954,0.8546363654278873,0.1177315826576736,0.1243877489778894,0.0540000000000105,0.0,0.0630000000000121,0.4000000000000712,-0.3460087600000675,-9.92849122011212e-16,2.700000000000521,11.20000000000218,5.680000000001098,1.400000000000271,0.6009389671361502,0.34,0.7874015748031497,0.3333333333333333,0.9405940594059404,0.6418732782369146,0.7218045112781954,0.7573053539909786,0.0,0.1873282442748091,2.964705882352941,7.0625,81.25,82.5,237.6,86.5,110.0,5.9,9.25,9.25,32.5,36.5,11.61,3.19,3.25,5.0,25.304514214970208,5.25,,,,,,,,,,,,,,,,,,,,,
Pb69fbd28c6,2019,,,,,,,,,,,,,,,,,,,21.71663244353183,38.0,35.3947,15.684822868960604,4.576956436980678,2.087702396121453,0.695900798707151,0.0534995352411519,21.2,60.93,58.5,11.9,12.2,2.7,12.6,1.3,0.2,0.6394557823129252,0.19,0.833,0.426,0.491,120.4,95.7696,130.028,91.2486,8.19257,6.86713,1.32544,5.17729,92.8,0.1428571428571428,0.6666666666666666,0.2176870748299319,0.375,0.0594796158152134,0.0,0.177,4.0,5.0,34.0,98.0,97.0,63.0,86.0,56.0,29.0,10.0,99.0,66.0,43.0,20.0,18.0,49.0,93.0,0.622,8.39,2.0,1.0,-1.49,0.0,4.58,19.0,16.77,58.0,-1.39,0.0,104.53,6.0,14.27,47.5,6.44,0.57,16.62,6.52,11.409,27.134,9.757,6.561,3.196,1952.0,0.0,0.15,0.667,0.295,0.211,0.366,0.471,0.639,0.85,0.106,0.106,0.096,0.313,15.4211,4.5,2.0526,0.6842,0.0526,2019.0,3.0,3.0,3081.0012,5.03486,3.15771,20.7,0.5,5.89242,8.19257,1.0,2.193,1.163,0.386,-0.078,-0.581,-0.772,-0.631,1.146,0.763,,,,,,,,,,,,,,,,,,,,,,,,,,,,,1,0,0,39.0,27.0,-12.0,8.0,32.0,0.0,0.0,0.0,0.0,0.0,1.0,,,,,,,,,,,,,,,,,,,,,,,,,,80.0,80.0,50.0,66.7,,59.0,,0,662.0,,0.0,,,,,0.0,,,8.0,3.0,1.0,0.0,,,,,,,,,,,,,,0.0,-0.399,4.0,1.486,0.102,0.034,0.034,0.009,3.0,2.028,1.687,-0.399,38.0,1.0,35.4,17.695,16.8,3.0,1.0,8.4,1.589,2.0,130.028,91.2486,21.86,11.9,1.47171423,8.0,8.19257,1.0,14.478,2.392,2.0,3.743,7.3,7.1,6.9,15.2,7.87,-2.8,1.32544,1.84898,4.64705,12.6,95.7696,0.032,0.053,58.5,5.03486,19.0,0.0,8.91993,38.0,0.0,14.0,0.375,0.218,87.6,35.3947,6.86713,7.07095,2.7,120.4,1.2,5.17729,15.4211,92.8,0.6667,0.143,4.0,3.0,1.579,202.594,0.639,12.2,60.93,21.2,3.0,1.0,1.511,0.0,0.0,0.0,0.0,0.0,0.0,1.0,10.0,15.106,0.0,0.0,0.0,0.0,0.0,0.0,0.0,0.0,0.0,0.0,1.0,1.511,4.0,6.042,0.0,0.0,0.0,0.0,,20.0,7.0,5.0,7.553,0.0,13447.0,0.0,0.571,0.0,0.0,938.0,37.0,58.0,1.0,80.0,71.0,126.0,13447.0,0.0,-1.636,1.0,1.0,1.0,0.0,0.921,3.0,-1.0,5.0,10.67,57.03,2.0,0.818,91.0975481350158,123.7705487689506,0.971383373168519,3.0,0.4878193320537908,2.0,0.7103898916827339,,35.0,0.956,0.0,0.0,0.07,0.0296,0.0,0.968,0.947,36.0,27.0,1.0,7.1,1.0,74.0,1.0,0.0,6.0,6.0,0.0,16.0,32.0,6.34,1.0,0.6656,43.0,3.0,4.0,22.29,5.7,8.0,8.75,10.48,36.5,3.07,12.0,0.667,39.0,0.59,22.75,,,25.0,0.8,25.0,0.8,3.27,30.5,3.75,4.252476888621974,0.5384615384615384,6.64907804031941,0.7692307692307693,10.120354483537309,0.5384615384615384,3.372008461315931,0.2307692307692307,3.59685242472748,0.2307692307692307,4.292551702426663,0.2692307692307692,0.9077516405402132,0.4230769230769231,3.6274356167299153,0.3846153846153846,0.1404682274247491,0.3468634686346863,0.0936106983655274,0.0161290322580645,0.1573033707865168,0.3738317757009345,0.3241588507471081,0.3996711681731114,5.05018190637885,0.9475024619128876,0.1307611392252445,0.1432088801950534,0.0544999999999843,-0.0344999999999875,0.059499999999981,0.9499999999999712,-0.3356292749998801,0.849999999999772,1.0999999999998007,20.849999999993504,1.5849999999997997,0.2499999999998086,0.8076923076923077,0.4126506024096386,0.6451612903225806,0.3809523809523809,0.9166666666666666,0.4924623115577889,0.6557377049180327,0.2091388400702988,0.5164835164835165,0.4706396396396397,0.3466666666666667,6.954545454545454,72.75,74.25,167.8,76.5,95.5,5.7,8.0,8.75,30.5,36.5,10.48,3.07,3.27,4.0,22.290728822465663,3.75,,,,20.0,25.0,0.8,20.0,25.0,0.8,8.0,12.0,0.6666666666666666,,,,23.0,39.0,0.5897435897435898,,,
P5c11762ec9,2019,,,,,,,,,,,,,,,,,,,18.42573579739904,35.0,27.1714,15.6719786245832,6.397520922734935,3.104160992808616,1.7034528953237598,0.8706065936977853,25.1,48.84,47.0,16.2,14.6,2.9,16.7,2.8,2.7,0.4162303664921466,0.23,0.625,0.308,0.475,98.4,96.8317,110.256,92.0912,3.99724,1.77977,2.21747,2.1495,88.8,0.3167539267015706,0.6942148760330579,0.2670157068062827,0.2156862745098039,0.3364882612915471,0.0,0.136,3.0,6.0,24.0,91.0,88.0,92.0,25.0,80.0,93.0,76.0,89.0,86.0,61.0,85.0,97.0,54.0,24.0,0.469,6.69,14.0,0.91,-2.86,0.0,-3.64,20.0,17.47,49.4,0.16,0.4,83.63,1.0,,,7.16,0.89,14.62,3.8,-2.862,10.505,2.068,-0.125,2.193,1542.0,1.0,0.309,0.703,0.205,0.275,0.219,0.174,0.416,0.755,0.042,0.246,0.102,0.575,11.8286,4.8286,2.3429,1.2857,0.6571,2019.0,1.0,1.0,950.999,3.99724,0.0,25.1,0.0,3.99724,3.99724,1.0,1.079,-0.783,1.2,0.51,1.37,0.331,-0.576,0.182,0.76,,,,,,,,,,,,,,,,,,,,,,,,,,,,,0,0,0,98.0,66.0,-32.0,4.0,50.0,0.0,0.0,0.0,0.0,0.0,1.0,,,,,,,,,,,,,,,,,,,,,,,,,,,,0.0,,,,,1,201.0,,0.0,,,,,0.0,,,11.0,4.0,1.0,0.0,,,,,,,,,,,,,,0.0,-0.145,5.0,,,,,,,,,,35.0,1.0,27.2,15.618,0.0,1.0,1.0,,,0.0,110.256,92.0912,18.57,16.2,1.36668027,11.0,3.99724,,,,,,,,,,,,2.21747,1.91866,3.52315,16.7,96.8317,0.083,0.229,47.0,,23.0,0.0,3.15779,35.0,0.0,13.0,0.2157,0.267,67.9,27.1714,1.77977,1.23914,2.9,98.4,3.3,2.1495,11.8286,88.8,0.6942,0.317,4.0,1.0,,200.635,0.416,14.6,48.84,25.1,1.0,0.0,0.0,0.0,0.0,0.0,0.0,0.0,0.0,1.0,0.0,0.0,0.0,0.0,0.0,0.0,0.0,0.0,0.0,0.0,0.0,0.0,0.0,0.0,1.0,4.975,0.0,0.0,0.0,0.0,,4.0,6.0,1.0,4.975,0.0,4164.0,0.0,0.25,0.0,0.0,152.0,6.0,9.0,1.0,16.0,8.0,16.0,4164.0,0.0,-0.683,2.0,1.0,1.0,2.0,0.657,3.0,,11.0,9.26,35.04,2.0,0.86,97.8064688312225,119.12664523967172,0.906171439964846,12.0,0.5072329638641289,16.0,0.7209589058769117,,23.0,0.0,0.0,0.0,0.0,0.0,0.0,1.0,1.0,53.0,33.0,48.0,15.1,1.0,77.0,3.0,0.0,4.0,4.0,0.0,33.0,50.0,13.08,1.0,0.4825,66.0,1.0,10.0,29.82,8.4,9.5,9.75,11.34,34.5,3.43,,,,,28.5,,,,,,,3.34,26.0,10.75,6.229938588116817,0.8571428571428571,6.217643748222791,0.2142857142857142,5.832018932557669,0.7142857142857143,3.4213293424674536,0.3571428571428571,3.033391209422622,0.1785714285714285,4.176943652929694,0.7857142857142857,0.5974152425485317,0.9285714285714286,2.9718707280876404,0.7142857142857143,0.1430894308943089,0.1958128078817734,0.1942215088282504,0.1351351351351351,0.1222222222222222,0.1666666666666666,0.4105303575129217,0.3007415359226006,4.437129629629631,0.8967794158075325,0.1297874697964198,0.1409800420324611,,,,,,,,,,,0.6388888888888888,0.3157894736842105,0.6754966887417219,0.2575757575757575,0.85,0.4790874524714829,0.6846846846846847,0.3796349115801483,0.2659249563699825,0.5300689655172413,2.749090909090909,4.558139534883721,74.5,76.0,235.4,85.25,103.0,8.4,9.5,9.75,26.0,34.5,11.34,3.43,3.34,10.0,29.81894131742861,10.75,,,,,,,,,,,,,,,,,,,,,
Pb16e641fe9,2019,,,,,,,,,,,,,,,,,,,21.80971937029432,37.0,33.9459,14.388588901752495,4.471326434120174,5.789859747421633,1.6337171793942715,0.0286337967177184,24.1,55.5,53.2,32.6,13.3,1.8,13.0,3.0,0.1,0.4841075794621027,0.222,0.736,0.399,0.469,119.1,91.6552,133.245,87.3426,10.6691,7.8313,2.83777,5.33924,91.4,0.1687041564792176,0.6376811594202898,0.3471882640586797,0.3873239436619718,0.0,1.0,0.165,1.0,1.0,34.0,100.0,100.0,80.0,58.0,98.0,91.0,6.0,100.0,82.0,95.0,89.0,12.0,26.0,70.0,0.561,6.31,2.0,1.0,-2.92,0.0,5.92,19.0,15.51,53.1,-1.08,0.0,105.59,6.0,16.71,56.1,6.09,0.51,15.44,7.66,-15.821,24.6,5.491,4.248,1.243,1833.0,1.0,0.188,0.623,0.062,0.328,0.381,0.098,0.484,0.684,0.026,0.176,0.153,0.625,13.5676,4.2162,5.4595,1.5405,0.027,2019.0,3.0,3.0,2773.9997,5.4564,5.2127,18.4,5.700000000000003,8.019826666666667,10.6691,1.0,2.85,0.289,0.991,2.753,1.63,-0.816,-0.878,0.475,0.433,,,,,,,,,,,,,,,,,,,,,,,,,,,,,0,0,0,52.0,43.0,-9.0,7.0,46.0,0.0,0.0,0.0,0.0,0.0,1.0,,,,,,,,,,,,,,,,,,,,,,,,,,,,0.0,,,,,1,504.0,,0.0,,,,,0.0,,,7.0,3.0,1.0,0.0,,,,,,,,,,,,,,0.0,-0.399,4.0,1.282,0.0,0.014,0.02,-0.169,3.1,2.053,0.837,-0.277,37.0,1.0,33.9,14.442,20.0,3.0,1.0,10.0,1.653,2.0,133.245,87.3426,21.95,32.6,3.31159766,7.0,10.6691,1.0,15.8,2.701,7.0,2.735,1.9,8.9,5.2,9.7,1.62,2.1,2.83777,3.96469,4.91114,13.0,91.6552,0.0,0.0,53.2,5.4564,22.2,0.0,10.2961,37.0,0.0,32.0,0.3873,0.347,81.8,33.9459,7.8313,6.33137,1.8,119.1,2.0,5.33924,13.5676,91.4,0.6377,0.169,2.0,3.0,2.606,224.28,0.484,13.3,55.5,24.1,3.0,0.0,0.0,0.0,0.0,0.0,0.0,0.0,0.0,1.0,0.0,0.0,1.0,1.984,0.0,0.0,0.0,0.0,0.0,0.0,1.0,1.984,6.0,11.905,1.0,1.984,0.0,0.0,0.0,0.0,,8.0,7.0,1.0,1.984,0.0,7900.0,0.0,0.0,0.0,0.0,129.0,16.0,17.0,1.0,29.0,22.0,29.0,7900.0,0.0,-1.636,1.0,1.0,1.0,0.0,0.921,3.0,0.0,11.0,10.27,54.55,2.0,0.876,91.0975481350158,123.7705487689506,0.971383373168519,3.0,0.4878193320537908,2.0,0.7103898916827339,,35.0,0.912,0.0,0.0,0.02,0.0099,0.0,0.978,0.965,49.0,43.0,-3.0,5.7,1.0,76.0,2.0,0.0,6.0,6.0,0.0,11.0,46.0,4.64,1.0,0.5184,54.0,3.0,2.0,23.51,6.5,8.25,9.5,11.21,31.5,3.12,,,,,21.75,,,,,,,3.4,26.0,-0.25,3.736304315394501,0.9230769230769232,6.821756931640403,0.4615384615384615,4.583084769449192,1.0,3.507410151858503,0.3076923076923077,3.4093449384515653,0.0769230769230769,4.301142331587439,0.3846153846153846,0.7505556966108177,0.7692307692307693,3.602345604748556,0.3076923076923077,0.1521739130434782,0.2435424354243542,0.1025260029717682,0.0,0.1505617977528089,0.2461059190031152,0.3589261437303156,0.3910516822579756,4.687897632145419,0.6772228496491076,0.1307611392252445,0.1432088801950534,-0.0764999999999748,0.0010000000000004,-0.0209999999999998,2.8999999999994115,0.8225032449997675,0.7499999999997725,-0.7499999999996892,23.7499999999925,-3.2499999999988862,2.8499999999991608,0.7297297297297297,0.3870967741935484,0.6262626262626263,0.3895348837209302,0.9,0.4741035856573705,0.6376811594202898,0.2428291466239087,0.3532676931209939,1.1260637450199202,0.1935483870967742,4.933333333333334,76.25,77.5,194.4,76.0,98.0,6.5,8.25,9.5,26.0,31.5,11.21,3.12,3.4,2.0,23.507956146300906,-0.25,,,,,,,,,,,,,,,,,,,,,
Pb14f594f0a,2019,,,,,,,,,,,,,,,,,,,23.156741957563312,36.0,29.9444,20.30431065574865,6.946233686432187,2.872002778482788,1.4359412778349203,0.3339789743658246,20.7,64.65,62.0,13.8,12.8,6.5,13.4,2.1,1.1,0.5023923444976076,0.263,0.818,0.457,0.553,128.9,97.4104,138.448,91.5636,11.3563,8.51789,2.83839,5.27991,55.4,0.2248803827751196,0.7127659574468085,0.2727272727272727,0.4210526315789473,0.3339522581851698,0.0,0.15,4.0,1.0,27.8,99.0,99.0,59.0,96.0,64.0,73.0,53.0,99.0,64.0,87.0,80.0,25.0,53.0,96.0,0.625,7.79,8.0,0.94,-1.86,0.0,5.02,17.0,20.71,62.7,-3.69,0.0,97.33,3.0,20.63,65.3,5.48,0.38,18.86,10.58,14.685,18.295,9.321,5.671,3.65,1911.0,1.0,0.215,0.733,0.439,0.282,0.415,0.592,0.502,0.927,0.144,0.121,0.037,0.272,16.8889,5.7778,2.3889,1.1944,0.2778,2019.0,5.0,5.0,3397.623,0.457124,10.899176,16.4,4.300000000000001,5.366780799999999,11.3563,1.0,3.032,1.762,0.281,0.182,0.46,-0.375,0.414,0.554,1.941,,,,,,,,,,,,,,,,,,,,,,,,,,,,,0,0,0,,,,,,1.0,1.0,0.0,0.0,0.0,2.0,,,,,,,,,,,,,,,,,,,,,,,,,,,,0.0,,,,,1,511.0,,0.0,,,,,0.0,,,8.0,3.0,1.0,0.0,,,,,,,,,,,,,,0.333,5.711,6.0,0.064,0.115,0.079,0.116,-0.029,0.6,5.112,1.209,0.585,36.0,1.0,29.9,20.348,15.5,5.0,1.0,4.86,1.866,4.0,,,,,,,,,,,,,,,,,,,,,,,,,,,,,,,,,,,,,,,,,,,,,,,,,,,,,,,,,0.0,0.0,1.0,1.957,0.0,0.0,0.0,0.0,1.0,0.0,0.0,8.0,15.656,0.0,0.0,0.0,0.0,0.0,0.0,0.0,0.0,2.0,3.914,1.0,1.957,0.0,0.0,0.0,0.0,,6.0,8.0,1.0,1.957,0.0,6609.0,0.0,0.25,0.0,0.0,383.0,5.0,13.0,1.0,34.0,19.0,36.0,6609.0,0.4,4.171,5.0,1.0,1.0,3.0,0.806,3.0,2.0,13.0,7.77,39.26,2.0,0.77,92.61785239378642,120.81973415275142,0.9550796487601804,7.0,0.61284675342382,7.0,0.7379327072730697,,29.0,0.735,0.0,0.0,0.01,0.0014,0.0,0.989,0.994,,,,,,,,,,,,,,,,,,,,23.11,5.8,8.0,8.5,10.52,36.5,3.28,,,,,24.0,,,,,,,3.26,30.5,3.0,4.785176901631002,0.6666666666666666,4.89454732852406,0.9333333333333332,6.959099262474076,0.6,6.053546017110764,0.2,3.668318112341201,0.5333333333333333,6.505336580968979,0.5333333333333333,0.8424671428938878,0.6666666666666666,1.0941676031976435,0.0666666666666666,0.1510989010989011,0.2433371958285052,0.1231979030144167,0.0884955752212389,0.166358595194085,0.3076923076923077,0.3221567086806892,0.3422070467453766,3.871673718852844,0.798317551418087,0.11652112,0.1286155894635877,0.0084999999999988,0.0326000000000001,0.0691000000000017,2.5900000000000403,0.2328110180000083,0.9799999999999572,0.6400000000000221,15.870000000000331,3.744000000000016,0.8199999999999538,0.8,0.4346153846153846,0.6854838709677419,0.4166666666666667,0.9,0.5443548387096774,0.6904761904761905,0.3053173241852487,0.4019138755980861,0.5545437788018434,1.4437500000000003,6.633333333333333,79.0,80.5,205.2,82.0,103.0,5.8,8.0,8.5,30.5,36.5,10.52,3.28,3.26,,23.116468152852995,3.0,,,,,,,,,,,,,,,,,,,,,
P8209ad6040,2019,,,,,,,,,,,,,,,,,,,21.70841889117043,37.0,21.5405,22.087843829066177,9.937206657227083,0.4968686892133423,0.9486130776908612,2.529467746802535,27.5,59.27,53.8,3.2,12.6,11.5,20.0,1.5,8.3,0.1987767584097859,0.55,0.761,0.369,0.534,116.5,92.1315,134.563,86.9976,6.12111,2.78303,3.33807,3.47391,46.2,0.5076452599388379,0.6445783132530121,0.2935779816513761,0.34375,2.2082852100725407,0.0,0.108,1.0,4.0,20.1,94.0,92.0,93.0,79.0,4.0,38.0,97.0,90.0,96.0,12.0,66.0,91.0,78.0,71.0,0.557,3.26,19.0,0.57,-4.76,0.1,6.44,16.0,21.79,59.8,-5.2,0.0,95.7,3.0,25.82,61.1,6.3,0.6,15.56,7.26,0.28,11.271,4.38,3.43,0.95,1145.0,1.0,0.514,0.637,0.477,0.287,0.351,0.485,0.199,1.0,0.214,0.269,0.0,0.417,13.2162,5.9459,0.2973,0.5676,1.5135,2019.0,2.0,2.0,1299.9979,2.43941,3.6817,24.4,3.1000000000000014,4.28026,6.12111,1.0,1.643,0.896,1.701,-1.268,-0.32,2.803,1.789,-0.756,2.396,,,,,,,,,,,,,,,,,,,,,,,,,,,,,0,0,0,,,,,,0.0,1.0,0.0,0.0,1.0,1.0,,,,,,,,,,,,,,,,,,,,,,,,,69.6,,68.0,48.0,58.3,,68.8,,1,269.0,,0.0,,,,,0.0,,,8.0,3.0,0.0,0.0,,,,,,,,,,,,,,0.0,-0.748,6.0,-0.23,0.311,0.011,-0.016,0.104,6.8,4.486,-1.356,0.027,37.0,1.0,21.6,22.0,6.8,2.0,1.0,6.8,4.486,1.0,134.563,86.9976,21.85,3.2,0.22916828,8.0,6.12111,1.0,14.422,-4.462,-0.5,3.682,1.8,-2.2,17.7,7.9,3.59,3.1,3.33807,2.81779,3.13144,20.0,92.1315,0.289,1.189,53.8,2.43941,55.0,0.0,8.40322,37.0,0.0,0.0,0.3438,0.294,53.1,21.5405,2.78303,5.58543,11.5,116.5,4.8,3.47391,13.2162,46.2,0.6446,0.508,7.0,2.0,3.682,179.442,0.199,12.6,59.27,27.5,2.0,0.0,0.0,0.0,0.0,0.0,0.0,0.0,0.0,1.0,0.0,0.0,0.0,0.0,0.0,0.0,0.0,0.0,1.0,3.717,0.0,0.0,0.0,0.0,0.0,0.0,0.0,0.0,1.0,3.717,,5.0,5.0,0.0,0.0,0.0,4335.0,0.0,0.0,0.0,0.0,70.0,7.0,7.0,1.0,12.0,12.0,12.0,4335.0,,,0.0,1.0,1.0,2.0,0.556,3.0,2.0,25.0,8.26,46.56,3.0,0.783,92.05027090477492,112.50164147137818,0.9094780960033438,8.0,0.5445174737020779,15.0,0.7087919370992818,,29.0,0.0,0.0,0.0,0.0,0.0,0.0,1.0,1.0,,,,,,,,,,,,,,,,,,,6.0,27.62,5.1,9.25,10.75,11.21,35.5,3.3,12.0,0.583,32.0,0.688,28.75,23.0,0.696,,,25.0,0.68,3.25,28.0,6.25,1.8058687372522864,0.8666666666666667,5.64743496749043,0.8,6.598920747688188,0.2666666666666666,3.364038289912771,0.1333333333333333,4.113890790272847,0.8,4.850524719694677,0.8666666666666667,1.1608189225348613,0.2666666666666666,2.7870703877684697,0.9333333333333332,0.2313624678663239,0.0793650793650793,0.2009685230024213,0.2232558139534883,0.236614853195164,0.088235294117647,0.3904311231588169,0.3723193842467257,3.969290986356519,0.6509619030528604,0.1033005430374831,0.1052057002250126,0.0240000000000046,-0.0160000000000032,0.1040000000000202,-2.2000000000004367,-0.056532120000011,-2.900000000000565,-0.4000000000000784,17.700000000003442,3.5900000000006904,3.100000000000603,0.755,0.3565217391304348,0.6377551020408163,0.3571428571428571,0.913793103448276,0.5298013245033113,0.5338983050847458,0.603643525356967,0.1500764525993883,0.0981333333333333,2.5408163265306123,5.431034482758621,80.75,82.25,256.2,87.0,109.5,5.1,9.25,10.75,28.0,35.5,11.21,3.3,3.25,6.0,27.624369263165963,6.25,16.0,23.0,0.6956521739130435,,,,17.0,25.0,0.68,7.0,12.0,0.5833333333333334,,,,22.0,32.0,0.6875,,,
P6a3fce0af3,2019,,,,,,,,,,,,,,,,,,,20.06570841889117,32.0,29.5625,15.86886088794926,6.50746046511628,1.5221987315010572,1.0275450317124737,0.266445665961945,23.7,55.23,52.2,9.0,17.5,5.4,16.0,1.7,1.0,0.45,0.2319999999999999,0.785,0.386,0.476,103.9,96.1853,111.728,92.3978,2.03317,1.07686,0.956307,2.47034,96.2,0.2647058823529412,0.5777777777777777,0.2852941176470588,0.3814432989690721,0.1268498942917547,6.0,0.124,1.0,6.0,16.5,80.0,76.0,84.0,66.0,42.0,54.0,43.0,70.0,81.0,53.0,56.0,21.0,35.0,63.0,0.578,6.47,42.0,0.9,5.47,17.3,10.09,3.0,16.52,58.2,-1.29,2.8,105.19,3.0,19.41,70.7,5.32,0.62,12.48,2.28,-1.288,10.576,4.133,1.59,2.543,1430.0,1.0,0.265,0.578,0.385,0.285,0.381,0.324,0.45,0.847,0.167,0.163,0.069,0.424,13.0312,5.3438,1.25,0.8438,0.2188,2019.0,1.0,1.0,946.0,2.03317,0.0,23.7,0.0,2.03317,2.03317,1.0,0.557,0.246,0.907,-0.475,-0.06,-0.419,0.112,0.328,0.81,,18.24,7.0,125.0,17.857142857142858,12.384,8.928,4.32,2.304,0.576,18.28224,41.8,37.5,,,,,0.2954545454545454,0.3863636363636363,0.5882352941176471,0.2307692307692307,7.285714285714286,1.0,1.0,1.0,1.0,12.384,1.0,1,1,0,48.0,11.0,-37.0,8.0,20.0,,,,,,,,,,,,,,,,,,,,,,,,,,,,,,,,68.0,56.0,50.0,66.7,,69.0,,0,,,0.0,3.7152,0.3,,2.0,0.0,,,4.0,2.0,1.0,0.0,,,,,,,,,,,,,,0.5,4.089,4.0,,,,,,,,,,31.0,1.0,30.4,15.987,0.0,1.0,1.0,,,0.0,111.728,92.3978,20.21,9.0,0.625,4.0,2.03317,,,,,,,,,,,,0.956307,1.14476,3.77226,16.0,96.1853,0.067,0.094,52.2,,23.2,0.0,3.63467,32.0,0.0,30.0,0.3814,0.285,61.8,29.5625,1.07686,2.48991,5.4,103.9,3.3,2.47034,13.0312,96.2,0.5778,0.265,5.0,1.0,,167.162,0.45,17.5,55.23,23.7,1.0,,,,,,,,,,,,,,,,,,,,,,,,,,,,,,,,,,,,,,,,,298.0,9.0,17.0,1.0,32.0,12.0,32.0,8274.0,,,0.0,1.0,1.0,3.0,0.658,3.0,,2.0,6.56,24.98,2.0,0.883,92.76695345431808,108.970126028134,0.8642805984102594,13.0,0.5434092550116405,33.0,0.6338550368930337,,25.0,0.934,0.0,0.0,0.01,0.0141,0.0,0.978,0.941,21.0,11.0,0.0,6.8,1.0,78.0,3.0,0.0,4.0,4.0,0.0,14.0,20.0,5.93,1.0,0.7975,25.0,1.0,0.0,22.13,4.8,8.0,8.5,10.99,33.0,3.05,12.0,0.667,29.0,0.69,25.75,,,25.0,0.68,25.0,0.56,3.28,29.0,5.5,3.325291630718996,0.9166666666666666,5.300603024005006,0.5833333333333334,7.907542416513137,0.4166666666666667,4.463215766811338,0.6666666666666666,2.7323633275343653,0.5833333333333334,4.5648295380294845,0.5833333333333334,1.2095850410486269,0.4166666666666667,4.361737845513747,0.5,0.1266025641025641,0.1821428571428571,0.1156812339331619,0.0560747663551401,0.1377777777777777,0.2,0.3577097220498519,0.4144900791647163,5.635265921022597,0.7541952956605738,0.1135235248690066,0.1190230384245645,,,,,,,,,,,0.7676767676767676,0.3743842364532019,0.5833333333333334,0.3858267716535433,0.75,0.4801762114537445,0.5833333333333334,0.3329063934251254,0.3454545454545454,0.3006072874493927,1.259259259259259,4.976744186046512,78.75,80.0,195.2,84.25,104.5,4.8,8.0,8.5,29.0,33.0,10.99,3.05,3.28,0.0,22.129774866505645,5.5,,,,17.0,25.0,0.68,14.0,25.0,0.56,8.0,12.0,0.6666666666666666,,,,20.0,29.0,0.6896551724137931,,,
P6b5b70ee01,2019,,,,,,,,,,,,,,,,,,,,,,,,,,,,,,,,,,,,,,,,,,,,,,,,,,,,,,,,,,,,,,,,,,,,,,,,,,,,,,,,,,,,,,,,,,,,,,,,,,,,,,,,,,,,,,,,,,,,,,,,,,,,,,,,0.0,,,,,,,,,,,,,,,,,,,,,,,,,,,,,,,,,,,,,,0,0,0,,,,,,,,,,,,,,,,,,,,,,,,,,,,,,,,,,,,,,,0.0,,,,,0,,,0.0,,,,,0.0,,,,,1.0,0.0,,,,,,,,,,,,,,,,,,,,,,,,,,,,,,,,,,,,,,,,,,,,,,,,,,,,,,,,,,,,,,,,,,,,,,,,,,,,,,,,,,,,,,,,,,,,,,,,,,,,,,,,,,,,,,,,,,,,,,,,,,,,,,,,,,,,36.0,7.0,7.0,1.0,10.0,10.0,10.0,8714.0,,,,,,,,,,,,,,,,,,,,,,,,0.809,0.0,0.0,0.01,0.0028,0.0,1.0,0.988,38.0,30.0,-13.0,5.6,1.0,76.0,1.0,0.0,4.0,4.0,0.0,12.0,38.0,4.82,1.0,0.6322,42.0,0.0,1.0,23.46,4.0,8.75,8.5,11.09,43.0,3.3,,,,,24.0,,,,,,,3.29,35.0,6.0,,,,,,,,,,,,,,,,,,,,,,,,,,,,,,,,,,,,,,,,,,,,,,,,,,,74.5,76.25,185.2,80.5,98.5,4.0,8.75,8.5,35.0,43.0,11.09,3.3,3.29,1.0,23.459931741664303,6.0,,,,,,,,,,,,,,,,,,,,,
P338a42b9d0,2019,,,,,,,,,,,,,,,,,,,21.24298425735797,33.0,31.0588,18.44323669942174,9.579545893595371,2.454492768555128,1.29540098136438,0.545468595051966,27.9,52.66,49.3,15.9,16.5,7.3,22.7,2.1,1.9,0.1628959276018099,0.283,0.736,0.306,0.5,101.4,95.0304,111.67,93.7,2.38229,-0.147545,2.52983,2.63248,76.2,0.2126696832579185,0.6914893617021277,0.6244343891402715,0.4347826086956521,0.8195598495288117,0.0,0.155,1.0,4.0,5.2,76.0,71.0,94.0,37.0,72.0,70.0,65.0,68.0,96.0,95.0,90.0,19.0,32.0,31.0,0.526,2.81,119.0,1.0,-0.78,0.0,2.76,8.0,13.56,37.2,-8.89,0.0,155.55,0.0,,,7.74,0.69,20.42,5.16,-0.111,-0.945,-0.522,-0.404,-0.118,1473.0,1.0,0.213,0.67,0.538,0.622,0.435,0.61,0.165,0.958,0.165,0.098,0.007,0.348,15.9118,8.2647,2.1176,1.1176,0.4706,2019.0,2.0,2.0,1815.2444,6.48873,-4.106440000000001,18.6,9.299999999999995,4.43551,6.48873,1.0,0.65,-0.168,1.784,0.469,0.46,-0.022,0.634,-0.911,1.467,,,,,,,,,,,,,,,,,,,,,,,,,,,,,0,0,0,,,,,,0.0,1.0,0.0,1.0,0.0,1.0,,,,,,,,,,,,,,,,,,,,,,,,,,57.7,48.1,53.0,58.3,,66.7,,0,308.0,,0.0,,,,,0.0,,,1.0,1.0,1.0,0.0,,,,,,,,,,,,,,0.5,29.111,2.0,1.127,-0.294,-0.12,0.109,-0.056,6.3,3.161,-1.292,0.111,34.0,1.0,31.0,18.465,6.3,2.0,1.0,6.3,3.161,1.0,111.67,93.7,21.38,15.9,0.87801644,1.0,2.38229,0.0,-13.914,2.24,9.4,-4.106,-10.6,-24.1,16.2,-24.7,-12.12,9.3,2.52983,1.58813,3.88789,22.7,95.0304,0.245,0.636,49.3,6.48873,28.3,0.0,2.92532,33.0,0.0,47.0,0.4348,0.624,78.3,31.0588,-0.147545,1.33719,7.3,101.4,3.8,2.63248,15.9118,76.2,0.6915,0.213,7.0,2.0,-4.106,230.161,0.163,16.5,52.66,27.9,2.0,0.0,0.0,0.0,0.0,0.0,0.0,0.0,0.0,1.0,5.0,16.234,1.0,3.247,0.0,0.0,0.0,0.0,0.0,0.0,0.0,0.0,0.0,0.0,3.0,9.74,0.0,0.0,0.0,0.0,,5.0,6.0,0.0,0.0,0.0,5032.0,0.0,0.5,0.0,0.0,66.0,5.0,5.0,1.0,14.0,14.0,14.0,5032.0,,,0.0,1.0,0.0,1.0,0.583,2.0,0.0,5.0,4.66,10.34,0.0,0.856,97.82980193231646,103.3227072834087,0.6520859801205566,13.0,0.4624939257847061,112.0,0.5211529562621151,,21.0,0.0,0.0,0.0,0.0,0.0,0.0,1.0,1.0,,,,,,,,,,,,,,,,,,,0.0,20.92,5.7,9.0,10.0,11.54,33.5,3.23,12.0,0.583,30.0,0.667,25.25,,,26.0,0.577,27.0,0.481,3.32,29.5,4.0,4.875754792166728,1.0,5.5973741580264775,0.4545454545454545,6.617121258784393,0.7272727272727273,5.688937110912538,0.3636363636363636,4.385277863713012,0.7272727272727273,3.485158118365348,1.0,0.5014292713764152,0.8181818181818182,2.3219751419871875,0.4545454545454545,0.1902587519025875,0.1037463976945245,0.2047930283224401,0.3770491803278688,0.1945031712473573,0.0890688259109311,0.4290452144609791,0.2680140927831743,3.6930960854092527,0.7428419036249824,0.1225591477087033,0.1518161316200706,-0.1240000000000241,0.0840000000000163,-0.0660000000000129,-24.100000000004695,0.0724430400000139,-3.4000000000006625,-1.2000000000002369,16.200000000003143,-12.120000000002364,9.300000000001807,0.7310344827586207,0.319672131147541,0.6693548387096774,0.4313725490196078,0.9090909090909092,0.5,0.6197183098591549,0.2997987927565392,0.1190825401778748,0.45939446366782,1.995,6.25,80.25,81.75,191.6,84.25,105.5,5.7,9.0,10.0,29.5,33.5,11.54,3.23,3.32,0.0,20.917208716353752,4.0,,,,15.0,26.0,0.5769230769230769,13.0,27.0,0.4814814814814814,7.0,12.0,0.5833333333333334,,,,20.0,30.0,0.6666666666666666,,,
Pc1416b3728,2019,,,,,,,,,,,,,,,,,,,21.388090349075977,37.0,30.6757,17.508333958149287,5.074857297469984,3.6475646847504697,1.4907826064278893,0.0951763121949947,21.6,58.99,55.1,16.0,12.1,3.4,11.5,2.3,0.3,0.6244019138755981,0.251,0.867,0.372,0.541,121.7,93.4424,127.408,90.4561,8.44743,6.64373,1.8037,4.25241,79.6,0.277511961722488,0.6206896551724138,0.0980861244019138,0.3170731707317073,0.1762113140174602,0.0,0.153,4.0,2.0,35.1,98.0,98.0,67.0,77.0,73.0,78.0,14.0,,,,,,,,0.616,9.2,1.0,0.97,-4.52,0.0,1.13,10.0,15.98,50.4,-4.92,0.0,126.76,4.0,14.15,48.4,6.01,0.51,17.34,4.04,8.203,31.562,10.504,7.456,3.048,1840.0,1.0,0.267,0.607,0.441,0.107,0.378,0.235,0.625,0.794,0.062,0.149,0.129,0.36,14.9189,4.3243,3.1081,1.2703,0.0811,2019.0,2.0,2.0,2136.0026,6.69222,1.7552100000000008,21.8,-0.1999999999999993,7.569825,8.44743,1.0,2.26,0.851,0.469,0.483,0.72,-0.728,-0.438,1.081,1.228,,,,,,,,,,,,,,,,,,,,,,,,,,,,,0,0,0,,,,,,,,,,,,,,,,,,,,,,,,,,,,,,,,,,,,,56.0,76.0,50.0,,50.0,71.9,,0,,,0.0,,,,,0.0,,,12.0,4.0,1.0,0.0,,,,,,,,,,,,,,0.125,1.591,8.0,0.569,-0.016,-0.021,0.002,0.067,3.7,0.539,-0.158,0.058,37.0,1.0,30.7,17.472,3.7,2.0,1.0,3.7,0.539,1.0,127.408,90.4561,21.53,16.0,2.16985476,12.0,8.44743,1.0,4.498,-4.815,1.6,1.755,-1.4,-0.4,10.0,2.6,-0.52,-0.2,1.8037,2.4149,4.15158,11.5,93.4424,0.052,0.135,55.1,6.69222,25.1,0.0,7.76376,37.0,0.0,13.0,0.3171,0.098,76.7,30.6757,6.64373,5.34886,3.4,121.7,2.4,4.25241,14.9189,79.6,0.6207,0.278,3.0,2.0,1.755,214.41,0.624,12.1,58.99,21.6,2.0,,,,,,,,,,,,,,,,,,,,,,,,,,,,,,,,,,,,,,,,,353.0,4.0,8.0,1.0,29.0,11.0,29.0,10373.0,0.333,4.107,3.0,1.0,1.0,4.0,0.892,2.0,0.0,23.0,16.6,53.09,4.0,0.782,91.0071090370055,124.3618062502395,0.9731679882491514,4.0,0.5600821516433178,1.0,0.6041430274290579,,33.0,0.0,0.0,0.0,0.0,0.0,0.0,1.0,1.0,,,,,,,,,,,,,,,,,,,,24.79,7.5,8.5,9.5,11.6,30.0,3.34,12.0,0.5,32.0,0.719,24.5,,,25.0,0.56,25.0,0.76,3.43,24.0,1.5,5.249020067638168,0.7692307692307693,7.031747482626564,0.4615384615384615,8.277954557719557,0.8461538461538461,4.649476331103845,0.2307692307692307,4.187059074584063,0.3846153846153846,4.824835090037937,0.4615384615384615,0.6652556634747846,0.6923076923076923,3.5861102612650515,0.3461538461538461,0.1327433628318584,0.330379746835443,0.1189743589743589,0.036144578313253,0.1511627906976744,0.337979094076655,0.3418047463013325,0.4531606712486876,5.225490659730434,0.8458621762882598,0.1217986398726667,0.1398661879046566,-0.0380000000000073,0.0020000000000003,0.0670000000000129,-0.4000000000000754,0.7043660600001372,-1.300000000000254,0.2000000000000371,10.000000000001949,-0.5200000000000982,-0.2000000000000404,0.84,0.3665594855305466,0.6164383561643836,0.352112676056338,0.875,0.5329949238578681,0.6090909090909091,0.3494183541576906,0.5244976076555024,0.6223008849557522,0.5307692307692308,4.382352941176471,76.5,77.5,206.4,78.0,101.0,7.5,8.5,9.5,24.0,30.0,11.6,3.34,3.43,,24.796199963693024,1.5,,,,14.0,25.0,0.56,19.0,25.0,0.76,,,,6.0,12.0,0.5,23.0,32.0,0.71875,,,
Pab169ed872,2019,,,,,,,,,,,,,,,,,,,19.80835044490076,36.0,34.4167,16.910430110963574,5.520599011526381,3.254222514070205,1.336583693381411,0.2615009573840606,25.1,59.15,56.1,20.8,20.3,3.5,14.9,2.2,0.8,0.2672811059907834,0.281,0.779,0.44,0.525,108.6,97.3948,119.413,93.8526,3.51724,2.14258,1.37466,3.80296,86.8,0.2926267281105991,0.7165354330708661,0.4400921658986175,0.3979057591623036,0.258272550502776,0.0,0.172,2.0,2.0,12.5,85.0,89.0,92.0,89.0,86.0,73.0,43.0,86.0,86.0,73.0,65.0,57.0,65.0,87.0,0.593,3.74,51.0,1.0,-2.19,0.0,0.95,9.0,18.93,62.4,0.21,3.6,111.14,2.0,17.22,69.2,5.96,0.51,14.38,7.64,10.394,10.015,4.39,1.861,2.53,1905.0,1.0,0.274,0.706,0.262,0.459,0.417,0.072,0.267,0.843,0.084,0.202,0.042,0.67,16.1667,5.2778,3.1111,1.2778,0.25,2019.0,2.0,2.0,2345.0008,0.782284,2.7349560000000004,26.2,-1.099999999999998,2.149762,3.51724,1.0,0.951,0.877,1.2,1.139,0.59,-0.507,-0.411,-0.461,1.076,,15.92,4.0,52.0,13.0,13.846153846153848,4.846153846153846,2.076923076923077,3.4615384615384617,0.0,27.526153846153843,28.0,26.47058823529412,,,,,0.4117647058823529,0.1176470588235294,0.5,0.1428571428571428,0.75,1.0,1.0,1.0,1.0,13.846153846153848,1.0,0,0,0,15.0,59.0,44.0,8.0,66.0,0.0,0.0,0.0,0.0,0.0,1.0,,,,,,,,,,,,,,,,,,,,,,,,,,62.5,37.5,48.0,75.0,,82.8,,0,326.0,,0.0,4.1538,0.3,,4.0,0.0,,,7.0,3.0,1.0,0.0,,,,,,,,,,,,,,0.455,8.877,11.0,0.253,-0.018,0.051,0.089,-0.021,1.9,-0.77,1.116,0.142,36.0,0.0,34.4,16.953,1.9,2.0,1.0,1.9,-0.77,1.0,119.413,93.8526,19.95,20.8,1.05661591,7.0,3.51724,1.0,4.924,-7.507,3.1,2.735,6.7,0.3,5.3,4.4,5.65,-1.1,1.37466,1.15795,4.23753,14.9,97.3948,0.079,0.222,56.1,0.782284,28.1,0.0,4.10464,36.0,0.0,47.0,0.3979,0.44,85.7,34.4167,2.14258,2.94669,3.5,108.6,2.6,3.80296,16.1667,86.8,0.7165,0.293,4.0,2.0,2.735,221.631,0.267,20.3,59.15,25.1,2.0,0.0,0.0,0.0,0.0,0.0,0.0,0.0,0.0,1.0,2.0,6.135,0.0,0.0,0.0,0.0,0.0,0.0,0.0,0.0,0.0,0.0,0.0,0.0,2.0,6.135,0.0,0.0,1.0,3.067,,8.0,4.0,0.0,0.0,0.0,5855.0,0.0,0.4,0.0,0.0,99.0,5.0,8.0,1.0,12.0,5.0,12.0,5855.0,,,0.0,1.0,1.0,2.0,0.75,3.0,0.0,5.0,11.32,18.18,1.0,0.824,94.2227278216496,106.52509597778338,0.8039662611047523,9.0,0.5768454379332696,51.0,0.6420178294862281,,27.0,0.0,0.0,0.0,0.0,0.0,0.0,1.0,1.0,75.0,54.0,-6.0,12.3,1.0,76.0,2.0,0.0,5.0,5.0,0.0,35.0,66.0,12.55,1.0,0.3072,89.0,2.0,2.0,25.13,6.1,8.25,8.5,10.76,38.5,3.13,12.0,0.75,29.0,0.828,22.75,,,24.0,0.625,24.0,0.375,3.23,32.0,4.0,4.6314999478803855,0.8571428571428571,6.937086681685449,0.7142857142857143,4.228779420403506,1.0,4.847017954221037,0.6428571428571429,3.874869843930586,0.6071428571428571,5.64335864754548,0.75,1.8846411135653736,0.6428571428571429,3.575731644193279,0.4285714285714285,0.1796759941089838,0.1487179487179487,,,0.2012711864406779,0.1868131868131868,0.4321427189116824,0.3449993033471418,6.488118811881188,0.5340599712794503,0.1300304835819882,0.1488930838419279,0.041000000000008,0.0890000000000173,-0.0210000000000041,0.3000000000000564,-0.025744070000005,-0.1000000000000194,4.100000000000798,5.300000000001014,5.650000000001097,-1.1000000000002146,0.7676056338028169,0.4096385542168674,0.6942675159235668,0.3981900452488687,0.85,0.5223463687150838,0.7094017094017094,0.370488845144357,0.2051664827675731,0.6351570881226053,1.1733333333333336,5.111111111111111,75.25,76.25,202.4,79.25,98.0,6.1,8.25,8.5,32.0,38.5,10.76,3.13,3.23,2.0,25.13019201447505,4.0,,,,15.0,24.0,0.625,9.0,24.0,0.375,9.0,12.0,0.75,,,,24.0,29.0,0.8275862068965517,,,
Pd88f1bdac2,2019,,,,,,,,,,,,,,,,,,,21.73579739904175,28.0,30.931,19.946474410785296,7.30440011638809,4.13375577899195,1.0435356115224208,1.4849956354466394,28.0,55.82,51.2,20.7,16.9,2.5,18.7,1.6,4.2,0.4054054054054054,0.351,0.792,0.367,0.486,106.0,98.1772,117.875,98.5756,3.86169,2.31388,1.54781,3.2473,,0.3567567567567568,0.5833333333333334,0.2378378378378378,0.3409090909090909,1.0160864966723169,1.0,0.149,1.0,2.0,9.1,86.0,83.0,94.0,60.0,86.0,43.0,86.0,85.0,98.0,98.0,51.0,94.0,4.0,67.0,0.575,6.93,84.0,0.97,-0.93,0.0,2.58,2.0,10.46,31.9,-12.59,0.0,165.75,1.0,5.0,15.6,8.72,0.69,22.16,7.74,-0.546,10.166,2.72,1.259,1.462,1455.0,1.0,0.364,0.58,0.412,0.237,0.344,0.29,0.398,0.804,0.014,0.214,0.078,0.46,17.1379,6.2759,3.5517,0.8966,1.2759,2019.0,3.0,3.0,2692.8276,2.23982,1.62187,21.2,6.800000000000001,2.0845186666666664,3.86169,1.0,1.043,0.341,1.805,1.125,-0.19,0.993,-0.686,0.135,1.85,,,,,,,,,,,,,,,,,,,,,,,,,,,,,0,0,0,,,,,,0.0,0.0,0.0,0.0,0.0,1.0,,,,,,,,,,,,,,,,,,,,,,,,,,76.0,60.0,50.0,75.0,,61.3,,1,1429.0,,0.0,,,,,0.0,,,8.0,3.0,1.0,0.0,,,,,,,,,,,,,,,,0.0,0.229,0.632,0.036,0.061,0.043,-1.8,3.285,0.731,0.057,29.0,1.0,31.0,19.858,-0.2,3.0,1.0,-0.1,2.487,2.0,117.875,98.5756,21.88,20.7,1.37332771,8.0,3.86169,1.0,14.515,-7.02,-1.9,3.71,3.3,11.2,-4.4,8.3,4.74,1.2,1.54781,0.961185,3.29704,18.7,98.1772,0.182,0.786,51.2,2.23982,35.1,0.0,4.28841,28.0,0.0,5.0,0.3409,0.238,74.3,30.931,2.31388,3.32723,2.5,106.0,3.5,3.2473,17.1379,,0.5833,0.357,5.0,3.0,0.811,189.263,0.405,16.9,55.82,28.0,3.0,1.0,0.7,2.0,1.4,1.0,0.7,3.0,2.099,1.0,10.0,6.998,3.0,2.099,0.0,0.0,0.0,0.0,1.0,0.7,0.0,0.0,10.0,6.998,10.0,6.998,0.0,0.0,1.0,0.7,50.0,47.0,11.0,5.0,3.499,0.0,19335.0,0.0,0.769,0.0,0.0,92.0,11.0,13.0,1.0,23.0,17.0,23.0,19335.0,,,0.0,1.0,1.0,1.0,0.733,2.0,0.0,25.0,7.26,14.57,0.0,0.712,103.53637435087926,111.58182290384384,0.7027869160553736,8.0,0.4372489589199967,82.0,0.4872046494642151,,22.0,0.0,0.0,0.0,0.0,0.0,0.0,1.0,1.0,,,,,,,,,,,,,,,,,,,19.0,24.86,4.9,9.0,10.0,11.71,38.5,3.12,12.0,0.75,31.0,0.613,24.25,,,25.0,0.76,25.0,0.6,3.17,30.5,6.5,3.379894953527629,1.0,8.73432756195628,0.5882352941176471,5.182108384398074,0.9411764705882352,3.423616644300272,0.2941176470588235,3.708415732218801,0.2352941176470588,5.19674720429684,0.8235294117647058,0.6076511265914689,0.6764705882352942,1.950483142888573,0.9411764705882352,0.2457466918714555,0.2419354838709677,0.1888412017167382,0.2285714285714285,0.2647814910025707,0.243362831858407,0.3432585320038078,0.4263811362337966,3.419172932330827,0.7057650949657966,0.1158924723532424,0.1319601055448904,0.0044999999999981,-0.0149999999999927,0.0040000000000003,4.29999999999905,0.0881972599999744,-0.4499999999998814,-0.0999999999999557,-2.2499999999994515,-0.7399999999995704,3.3999999999989448,0.78,0.36,0.5864197530864198,0.3559322033898305,0.9117647058823528,0.4884615384615384,0.5092592592592593,0.4428838951310861,0.3162162162162162,0.5931620689655172,2.317241379310345,4.711111111111111,76.25,77.75,205.6,82.75,100.5,4.9,9.0,10.0,30.5,38.5,11.71,3.12,3.17,19.0,24.862323990120704,6.5,,,,19.0,25.0,0.76,15.0,25.0,0.6,9.0,12.0,0.75,,,,19.0,31.0,0.6129032258064516,,,
P7ff4af5e7c,2019,,,,,,,,,,,,,,,,,,,22.48323066392881,36.0,36.1111,16.47695030060009,6.120012960003987,2.132319425329054,0.7199780676855592,0.4707472217683759,23.8,57.0,52.8,12.9,16.2,4.2,16.0,1.2,1.6,0.4610091743119266,0.415,0.746,0.348,0.532,109.6,102.961,119.322,98.2883,3.15749,2.3588,0.798689,3.95148,58.2,0.2775229357798165,0.6942148760330579,0.2591743119266055,0.3628318584070796,1.0461541680474362,0.0,0.181,2.0,6.0,18.9,77.0,79.0,80.0,67.0,60.0,26.0,61.0,80.0,82.0,82.0,26.0,42.0,21.0,74.0,0.545,6.18,37.0,1.0,-1.56,0.0,4.53,9.0,15.67,51.8,-3.54,0.0,89.92,2.0,17.6,47.6,6.03,0.53,17.3,6.82,-1.133,9.543,3.861,2.786,1.075,1729.0,0.0,0.275,0.692,0.469,0.265,0.372,0.214,0.46,0.821,0.043,0.146,0.082,0.437,16.5278,6.1389,2.1389,0.7222,0.4722,2019.0,4.0,4.0,4025.813,-2.14594,5.3034300000000005,27.3,-3.5,3.5326675000000005,9.03556,1.0,0.856,0.531,0.928,0.059,-0.711,-0.154,-0.218,0.375,0.965,,,,,,,,,,,,,,,,,,,,,,,,,,,,,0,0,0,,,,,,1.0,1.0,0.0,0.0,0.0,2.0,,,,,,,,,,,,,,,,,,,,,,,,,,,,0.0,,,,,0,534.0,,0.0,,,,,0.0,,,4.0,2.0,1.0,0.0,,,,,,,,,,,,,,,,0.0,-0.564,-0.226,-0.086,-0.008,-0.067,6.3,3.649,-0.32,-0.389,36.0,0.0,36.1,16.454,4.9,4.0,1.0,2.28,-0.481,4.0,,,,,,,,,,,,,,,,,,,,,,,,,,,,,,,,,,,,,,,,,,,,,,,,,,,,,,,,,1.0,1.873,0.0,0.0,0.0,0.0,0.0,0.0,1.0,4.0,7.491,5.0,9.363,0.0,0.0,0.0,0.0,0.0,0.0,0.0,0.0,2.0,3.745,2.0,3.745,0.0,0.0,1.0,1.873,,12.0,4.0,2.0,3.745,0.0,7403.0,0.0,0.4,1.0,1.873,445.0,2.0,16.0,1.0,7.0,2.0,32.0,7403.0,0.0,-0.439,1.0,1.0,1.0,2.0,0.722,3.0,2.0,4.0,8.08,25.93,1.0,0.869,100.10720738447628,115.50876981133725,0.8383097049544024,10.0,0.6052104635423343,39.0,0.699505446151474,,26.0,0.0,0.0,0.0,0.0,0.0,0.0,1.0,1.0,,,,,,,,,,,,,,,,,,,18.0,29.4,6.3,9.0,9.5,11.63,38.0,3.26,,,,,25.5,,,,,,,3.3,33.0,9.75,5.1906722042701965,0.7692307692307693,6.345777196283065,0.7692307692307693,6.655244539312494,0.6153846153846154,3.3533499196358427,0.5384615384615384,4.889473825627166,0.4615384615384615,4.421165621026036,0.6153846153846154,0.4247257007533548,0.4230769230769231,2.123733968664841,0.6153846153846154,0.260431654676259,0.1859389454209065,,,0.266798418972332,0.1842105263157894,0.5308021800264785,0.3032183435604521,3.5240000000000005,0.9459350327741176,0.1339387259126526,0.1545411161961556,0.0187428571428552,0.0139714285714294,-0.0077142857142868,2.668571428571716,0.1929928091428617,-0.2114285714286729,0.2800000000000892,4.997142857143639,1.850571428571372,-1.268571428571329,0.7412935323383084,0.3466135458167331,0.6754966887417219,0.3706293706293706,0.9347826086956522,0.5272727272727272,0.5882352941176471,0.3891086804747498,0.341743119266055,0.4358951612903226,1.3714285714285714,5.941176470588236,78.0,79.25,254.4,87.75,103.5,6.3,9.0,9.5,33.0,38.0,11.63,3.26,3.3,18.0,29.398570193984575,9.75,,,,,,,,,,,,,,,,,,,,,
Pefa2378416,2019,,,,,,,,,,,,,,,,,,,19.863107460643395,37.0,33.027,13.905132164592606,3.240621309837405,2.356835316559179,1.1784176582795896,0.2356617313107457,20.0,57.32,53.8,13.0,14.1,0.8,9.4,2.0,0.7,0.5501355013550135,0.244,0.833,0.369,0.518,108.4,92.5991,115.577,88.2003,7.31046,3.85024,3.46022,3.22247,81.6,0.2411924119241192,0.7078651685393258,0.2086720867208672,0.2987012987012987,0.2291327570644493,0.0,0.165,3.0,4.0,28.1,97.0,98.0,68.0,80.0,64.0,66.0,40.0,,,,,,,,0.597,6.64,5.0,1.0,-1.77,0.0,1.9,21.0,15.62,54.9,0.51,0.0,83.05,3.0,16.09,58.9,5.39,0.62,15.92,3.02,4.417,19.483,6.324,5.269,1.056,1879.0,1.0,0.244,0.7,0.413,0.206,0.303,0.087,0.55,0.68,0.022,0.143,0.176,0.507,12.7568,2.973,2.1622,1.0811,0.2162,2019.0,2.0,2.0,1685.7928,4.46647,2.84399,23.2,-3.2,5.888465,7.31046,1.0,1.958,0.582,0.135,0.072,0.33,-0.551,-1.153,0.76,0.31,,,,,,,,,,,,,,,,,,,,,,,,,,,,,0,0,0,51.0,51.0,0.0,5.0,99.0,0.0,0.0,0.0,0.0,0.0,1.0,,,,,,,,,,,,,,,,,,,,,,,,,72.0,,80.0,50.0,41.7,,67.6,,0,1487.0,,0.0,,,,,0.0,,,6.0,2.0,1.0,0.0,,,,,,,,,,,,,,0.111,1.07,9.0,0.665,-0.358,0.007,-0.001,0.006,20.6,-4.408,-0.769,-0.244,37.0,0.0,33.1,13.16,20.6,2.0,1.0,20.6,-4.408,1.0,115.577,88.2003,20.0,13.0,1.42860919,6.0,7.31046,1.0,-1.746,-1.136,4.0,2.844,0.3,-5.0,53.7,0.4,-0.23,-3.2,3.46022,3.61489,4.72833,9.4,92.5991,0.079,0.189,53.8,4.46647,24.4,0.0,6.08404,37.0,0.0,49.0,0.2987,0.209,82.6,33.027,3.85024,2.46915,0.8,108.4,2.4,3.22247,12.7568,81.6,0.7079,0.241,3.0,2.0,2.844,204.665,0.55,14.1,57.32,20.0,2.0,0.0,0.0,0.0,0.0,0.0,0.0,1.0,0.672,1.0,3.0,2.017,0.0,0.0,0.0,0.0,0.0,0.0,0.0,0.0,1.0,0.672,2.0,1.345,5.0,3.362,1.0,4.035,0.0,0.0,,73.0,9.0,15.0,10.087,0.0,40019.0,0.0,0.444,1.0,0.672,455.0,21.0,42.0,1.0,66.0,36.0,179.0,40019.0,0.5,19.56,6.0,1.0,1.0,3.0,0.811,3.0,1.0,2.0,11.47,42.66,2.0,0.847,86.76835699496428,115.32202339430336,0.9634413488718204,7.0,0.4463045239204371,4.0,0.7213980486179042,,30.0,0.0,0.0,0.0,0.0,0.0,0.0,1.0,1.0,,51.0,-10.0,,0.4,76.0,2.0,0.0,2.0,5.0,0.0,49.0,99.0,24.5,1.0,0.1024,100.0,2.0,,23.53,7.5,8.25,8.5,10.59,35.5,3.14,12.0,0.417,34.0,0.676,24.0,25.0,0.72,,,25.0,0.8,3.27,28.0,3.25,3.90565819922714,0.5714285714285714,8.143406522672404,0.8571428571428571,11.96616618363568,0.8571428571428571,4.801916594814361,0.4285714285714285,2.774725869104234,0.1428571428571428,2.976174366653697,0.2142857142857142,0.5349016627046573,0.7857142857142857,2.442326233039839,0.5,0.155440414507772,0.2419547079856972,0.1224209078404401,0.0588235294117647,0.1847290640394088,0.2613240418118467,0.3705983492532119,0.3687215569399347,4.192088228242627,0.8695563986831483,0.1347364752651871,0.1448062548695049,-0.0050000000000009,0.0070000000000013,0.0130000000000023,-5.000000000000973,0.5485779100001068,-1.901068046220152e-16,-3.4000000000006625,53.70000000001044,-0.2300000000000463,-3.200000000000624,0.8090909090909091,0.3636363636363636,0.680672268907563,0.3271028037383177,0.9411764705882352,0.5145631067961165,0.6829268292682927,0.3147332354380812,0.4451096329145109,0.5317619047619048,1.037037037037037,3.0000000000000004,75.5,77.5,190.8,78.75,99.5,7.5,8.25,8.5,28.0,35.5,10.59,3.14,3.27,,23.533296924722883,3.25,18.0,25.0,0.72,,,,20.0,25.0,0.8,5.0,12.0,0.4166666666666667,,,,23.0,34.0,0.6764705882352942,,,
P8df31bfe17,2019,,,,,,,,,,,,,,,,,,,19.67693360711841,34.0,27.2059,18.019385500939137,9.49624897540607,1.1676290804568128,0.9729801256345132,0.8951734734009902,25.9,54.37,50.7,6.4,20.1,10.2,19.4,1.5,2.8,0.2301369863013698,0.351,0.727,0.333,0.509,103.8,100.796,117.363,95.4166,1.92552,1.26381,0.66171,2.7523,96.6,0.3917808219178082,0.6363636363636364,0.3780821917808219,0.3768115942028985,1.427026101388475,1.0,0.132,2.0,8.0,20.9,79.0,77.0,94.0,63.0,20.0,42.0,81.0,64.0,91.0,45.0,66.0,37.0,67.0,41.0,0.53,3.63,15.0,0.88,-4.14,0.0,9.73,13.0,17.57,50.6,-4.35,0.0,80.38,3.0,14.65,44.7,7.28,0.82,12.62,2.58,-9.011,5.709,2.217,0.869,1.348,944.0,1.0,0.403,0.643,0.467,0.363,0.388,0.26,0.234,0.926,0.175,0.215,0.017,0.501,13.6176,7.1765,0.8824,0.7353,0.6765,2019.0,1.0,1.0,925.0006,1.92552,0.0,25.9,0.0,1.92552,1.92552,1.0,0.529,0.107,1.367,-0.83,-0.32,0.376,1.432,-0.621,1.359,,,,,,,,,,,,,,,,,,,,,,,,,,,,,1,0,0,,,,,,,,,,,,,,,,,,,,,,,,,,,,,,,,,,,,56.0,,54.2,49.0,50.0,,50.0,,0,,,0.0,,,,,0.0,,,8.0,3.0,1.0,0.0,,,,,,,,,,,,,,0.0,1.562,5.0,,,,,,,,,,34.0,1.0,27.2,18.0,0.0,1.0,1.0,,,0.0,117.363,95.4166,19.82,6.4,0.35295999,8.0,1.92552,,,,,,,,,,,,0.66171,0.060109,3.13306,19.4,100.796,0.273,0.971,50.7,,35.1,0.0,1.85888,34.0,0.0,30.0,0.3768,0.378,64.5,27.2059,1.26381,1.79877,10.2,103.8,4.7,2.7523,13.6176,96.6,0.6364,0.392,7.0,1.0,,180.674,0.23,20.1,54.37,25.9,1.0,,,,,,,,,,,,,,,,,,,,,,,,,,,,,,,,,,,,,,,,,356.0,12.0,19.0,1.0,38.0,15.0,38.0,5700.0,,,,,,,,3.0,,0.0,8.58,40.35,2.0,0.807,97.85338581849688,118.69092364682469,0.9020404031029088,7.0,0.5823510085636195,18.0,0.7169806080375806,,28.0,0.735,0.0,0.0,0.01,0.0014,0.0,0.989,0.994,20.0,12.0,0.0,5.1,1.0,81.0,5.0,0.0,4.0,4.0,0.0,11.0,18.0,4.39,1.0,0.815,23.0,1.0,3.0,27.92,14.0,9.5,9.25,12.03,32.5,3.76,12.0,0.5,32.0,0.5,28.75,25.0,0.56,,,24.0,0.542,3.42,26.0,7.0,3.86876630143878,0.9,5.2028734036185655,0.5,10.644207980921902,0.5,4.712638902268152,0.8,5.905922329470982,0.7,4.008850870841099,0.9,1.4037696589137252,0.4,3.146379241091174,0.8,0.1596009975062344,0.1136671177266576,0.164367816091954,0.1940298507462686,0.154228855721393,0.1186440677966101,0.3463879100282551,0.4268086157767494,4.864293915040184,0.7105041480417997,0.12310952,0.1361673547456879,,,,,,,,,,,0.722972972972973,0.3358208955223881,0.630057803468208,0.3809523809523809,0.8571428571428571,0.5077881619937694,0.5576923076923077,0.4730845912845343,0.1663828211773417,0.1900966542750929,1.953488372093023,5.19298245614035,80.25,81.5,255.8,87.25,109.0,14.0,9.5,9.25,26.0,32.5,12.03,3.76,3.42,3.0,27.926002033628865,7.0,14.0,25.0,0.56,,,,13.0,24.0,0.5416666666666666,6.0,12.0,0.5,,,,16.0,32.0,0.5,,,
P90a39c14ab,2019,,,,,,,,,,,,,,,,,,,21.234770704996578,35.0,31.2286,13.635885054085035,7.97073195724432,2.2397545839390816,1.4491715927066855,2.1738150285315383,21.9,53.19,49.7,12.5,17.3,6.6,17.8,2.4,6.4,0.2576687116564417,0.408,0.677,0.333,0.496,102.9,96.0961,112.991,91.0843,6.17788,1.44855,4.72933,2.75693,73.6,0.5,0.6073619631901841,0.2423312883435582,0.2658227848101265,1.0247017157349352,0.0,0.156,2.0,1.0,16.9,95.0,92.0,69.0,41.0,60.0,80.0,93.0,90.0,75.0,87.0,95.0,81.0,25.0,34.0,0.505,3.07,31.0,0.91,0.17,0.0,7.78,21.0,14.98,54.5,-0.42,1.8,71.86,0.0,,,6.53,0.65,14.88,6.48,-5.241,2.519,1.899,1.59,0.309,1757.0,1.0,0.488,0.597,0.474,0.252,0.305,0.44,0.258,0.857,0.119,0.257,0.037,0.435,11.8286,6.9143,1.9429,1.2571,1.8857,2019.0,3.0,3.0,2303.7651,1.65942,4.51846,16.1,5.799999999999997,5.588673333333333,8.92872,1.0,1.658,-0.083,0.532,0.004,0.85,1.964,0.442,-0.502,0.241,,,,,,,,,,,,,,,,,,,,,,,,,,,,,0,0,0,,,,,,0.0,0.0,0.0,0.0,0.0,1.0,,,,,,,,,,,,,,,,,,,,,,,,,80.0,,68.0,50.0,75.0,,58.8,,1,538.0,,0.0,,,,,0.0,,,2.0,1.0,1.0,0.0,,,,,,,,,,,,,,,,0.0,-0.358,-0.808,-0.111,-0.072,-0.047,7.2,0.565,-1.488,0.6,35.0,1.0,31.2,13.615,16.0,3.0,1.0,8.0,3.137,2.0,112.991,91.0843,21.37,12.5,0.97144997,2.0,6.17788,0.0,-6.696,0.214,-1.4,-2.751,-11.9,-18.7,19.8,-14.6,-11.78,3.6,4.72933,3.24729,4.14353,17.8,96.0961,0.202,0.8,49.7,1.65942,40.8,0.0,5.41173,35.0,0.0,13.0,0.2658,0.242,77.8,31.2286,1.44855,2.16444,6.6,102.9,4.1,2.75693,11.8286,73.6,0.6074,0.5,6.0,3.0,2.259,238.984,0.258,17.3,53.19,21.9,3.0,0.0,0.0,0.0,0.0,0.0,0.0,7.0,13.011,1.0,1.0,1.859,1.0,1.859,0.0,0.0,0.0,0.0,0.0,0.0,0.0,0.0,1.0,1.859,7.0,13.011,0.0,0.0,0.0,0.0,,19.0,6.0,1.0,1.859,0.0,9074.0,0.0,0.7,0.0,0.0,18.0,4.0,4.0,1.0,5.0,5.0,5.0,9074.0,1.0,42.003,1.0,1.0,0.0,2.0,0.528,3.0,0.0,15.0,4.92,18.36,0.0,0.883,99.35232503789084,113.25838155615912,0.8185409023542576,17.0,0.4836553334373248,46.0,0.7305968301319384,,19.0,0.0,0.0,0.0,0.0,0.0,0.0,1.0,1.0,,,,,,,,,,,,,,,,,,,9.0,23.95,3.9,9.0,10.5,10.63,35.5,3.05,12.0,0.75,34.0,0.588,26.75,25.0,0.8,,,25.0,0.68,3.25,32.5,5.75,7.0240590497763415,0.9090909090909092,4.99529756344082,0.5454545454545454,5.815245599093625,0.4545454545454545,3.521256409824075,0.7272727272727273,3.828918839810411,0.7272727272727273,2.674151776343691,0.9090909090909092,0.4980297905573367,0.5909090909090909,1.4085552315951415,0.9545454545454546,0.1947291361639824,0.1082474226804123,0.2073791348600508,0.4230769230769231,0.189873417721519,0.1081081081081081,0.3513324683675212,0.4218592158346338,3.5296305068687825,0.9185041324679416,0.1242099999999999,0.1619599218342912,0.0264999999999865,0.0874999999999687,-0.0424999999999882,8.59999999999647,0.1801833449999364,-0.9999999999997192,2.249999999999184,21.149999999993923,4.619999999998036,2.899999999999201,0.6797385620915033,0.3358208955223881,0.6062176165803109,0.3027522935779816,0.8604651162790697,0.4964539007092198,0.5461538461538461,0.576094871528139,0.1751473595573199,0.4514192139737991,3.4909090909090903,4.784313725490196,79.25,80.5,214.0,85.0,106.0,3.9,9.0,10.5,32.5,35.5,10.63,3.05,3.25,9.0,23.955957773333218,5.75,20.0,25.0,0.8,,,,17.0,25.0,0.68,9.0,12.0,0.75,,,,20.0,34.0,0.5882352941176471,,,
P9b3e496395,2019,,,,,,,,,,,,,,,,,,,,,,,,,,,,,,,,,,,,,,,,,,,,,,,,,,,,,,,,,,,,,,,,,,,,,,,,,,,,,,,,,,,,,,,,,,,,,,,,,,,,,,,,,,,,,,,,,,,,,,,,,,,,,,,,0.0,,,,,,,,,,,19.06,12.0,232.883,19.406916666666667,15.149238029396734,9.275043691467388,1.7004246767690212,0.6183362460978259,0.4637521845733694,16.812562531399887,53.4,48.734177215189874,,,,,0.240506329113924,0.3670886075949367,0.7241379310344828,0.3684210526315789,8.916666666666666,3.0,3.0,4.0,3.0,21.833976120643865,3.0,0,0,0,,,,,,0.0,0.0,0.0,0.0,0.0,0.0,,,,,,,,,,,,,,,,,,,,,,,,,,44.0,56.0,50.0,50.0,,36.4,,0,1419.0,,0.0,10.9075,0.72,,0.0,0.0,,,6.0,2.0,0.0,0.0,,,,,,,,,,,,,,,,,,,,,,,,,,,,,,,,,,,,,,,,,,,,,,,,,,,,,,,,,,,,,,,,,,,,,,,,,,,,,,,,,,,,,,,,,,,,3.0,2.114,2.0,1.409,0.0,0.0,15.0,10.571,1.0,6.0,4.228,0.0,0.0,0.0,0.0,16.0,11.276,0.0,0.0,0.0,0.0,4.0,2.819,10.0,7.047,0.0,0.0,1.0,2.114,,66.0,9.0,5.0,3.524,0.0,25276.0,0.0,0.769,0.0,0.0,381.0,6.0,15.0,1.0,24.0,7.0,25.0,25276.0,,,,,,,,,,,,,,,,,,,,,,,,0.0,0.0,0.0,0.0,0.0,0.0,1.0,1.0,,,,,,,,,,,,,,,,,,,7.0,24.05,5.6,8.5,9.0,11.01,38.0,3.03,12.0,0.5,11.0,0.364,25.5,,,25.0,0.44,25.0,0.56,3.27,27.0,1.0,,,,,,,,,,,,,,,,,,,,,,,,,,,,,,,,,,,,,,,,,,,,,,,,,,,81.5,83.0,227.2,82.5,107.0,5.6,8.5,9.0,27.0,38.0,11.01,3.03,3.27,7.0,24.048689599761673,1.0,,,,11.0,25.0,0.44,14.0,25.0,0.56,6.0,12.0,0.5,,,,4.0,11.0,0.3636363636363636,,,
P2084d7c5fc,2019,,,,,,,,,,,,,,,,,,,22.083504449007528,36.0,31.7838,18.673475166594304,6.9489362505427295,2.295886583731335,1.0102127498914542,0.5204538160949919,24.4,56.23,54.8,11.7,14.4,4.5,16.3,1.6,1.7,0.3530612244897959,0.176,0.698,0.422,0.502,109.2,100.172,122.027,94.5481,5.04023,4.02451,1.01573,3.75338,50.0,0.2714285714285714,0.631578947368421,0.373469387755102,0.4098360655737705,0.6292513796336499,0.0,0.159,2.0,6.0,26.6,88.0,90.0,83.0,62.0,52.0,49.0,63.0,91.0,86.0,77.0,51.0,46.0,25.0,69.0,0.55,6.05,9.0,1.0,-2.67,0.0,-0.12,16.0,21.47,55.9,1.26,0.0,79.69,3.0,23.37,58.3,6.12,0.54,19.18,7.04,4.493,15.414,5.172,3.751,1.422,1784.0,1.0,0.27,0.619,0.513,0.373,0.408,0.465,0.358,0.928,0.127,0.131,0.026,0.357,16.4865,6.1351,2.027,0.8919,0.4595,2019.0,4.0,4.0,3257.2149,2.36457,2.67566,19.1,5.299999999999997,3.86499,6.31157,1.0,1.356,0.407,1.054,-0.105,-0.19,-0.11,-0.136,-0.091,1.525,,,,,,,,,,,,,,,,,,,,,,,,,,,,,0,0,0,,,,,,0.0,0.0,0.0,1.0,0.0,1.0,,,,,,,,,,,,,,,,,,,,,,,,,,,,0.0,,,,,1,577.0,,0.0,,,,,0.0,,,3.0,1.0,0.0,0.0,,,,,,,,,,,,,,0.667,5.933,3.0,0.342,0.054,0.027,0.023,-0.058,3.7,0.871,-1.294,-0.262,37.0,1.0,31.8,18.679,13.1,4.0,1.0,4.84,1.442,3.0,122.027,94.5481,22.22,11.7,1.0714097,3.0,5.04023,0.0,2.607,5.354,-0.1,-1.271,2.0,-5.1,8.6,1.2,0.85,0.0,1.01573,0.9598,3.79043,16.3,100.172,0.158,0.5,54.8,2.36457,17.6,0.0,5.40449,36.0,0.0,13.0,0.4098,0.374,78.2,31.7838,4.02451,4.44469,4.5,109.2,3.2,3.75338,16.4865,50.0,0.6316,0.272,5.0,4.0,1.259,219.529,0.354,14.4,56.23,24.4,4.0,0.0,0.0,0.0,0.0,2.0,3.466,0.0,0.0,1.0,0.0,0.0,1.0,1.733,0.0,0.0,0.0,0.0,0.0,0.0,0.0,0.0,0.0,0.0,2.0,3.466,0.0,0.0,1.0,1.733,,14.0,6.0,0.0,0.0,0.0,8500.0,0.0,0.4,0.0,0.0,395.0,6.0,67.0,1.0,84.0,7.0,86.0,8500.0,0.0,2.131,1.0,1.0,0.0,1.0,0.6,3.0,2.0,5.0,11.76,46.99,3.0,0.815,96.5020139539996,123.52238238051564,0.9447406399944852,6.0,0.5103679472417889,10.0,0.7012191511888378,,31.0,0.838,0.0,0.0,0.01,0.0042,0.0,0.968,0.982,,,,,,,,,,,,,,,,,,,15.0,29.28,6.8,8.75,9.0,10.77,34.0,2.87,,,,,26.5,,,,,,,3.37,30.0,5.75,4.991359936623183,0.6923076923076923,5.0565606095097815,0.5384615384615384,9.205999415626708,0.5384615384615384,3.69078427292684,0.3076923076923077,4.507677632804383,0.6153846153846154,4.057021506195457,0.6923076923076923,0.536866247188338,0.4615384615384615,2.953561469062257,0.5384615384615384,0.1189488243430152,0.2471428571428571,0.1897289586305278,0.1544117647058823,0.1094890510948905,0.2840466926070039,0.3005451295487638,0.3662119567747825,4.895897557505336,1.01349337147437,0.1279627399774814,0.1505762887970325,-0.0113999999999993,0.0368999999999978,-0.0619999999999962,-2.039999999999827,-0.0570934619999978,-0.6799999999999593,0.3799999999999894,12.939999999999182,0.5479999999999708,1.989999999999878,0.6981132075471698,0.4035874439461883,0.6257668711656442,0.4084507042253521,0.8709677419354839,0.5014005602240896,0.5892857142857143,0.3236586844498332,0.2464767038891028,0.3942992125984252,1.6484848484848489,4.9523809523809526,76.0,77.25,240.6,81.75,102.5,6.8,8.75,9.0,30.0,34.0,10.77,2.87,3.37,15.0,29.286450980121497,5.75,,,,,,,,,,,,,,,,,,,,,
P4832cf3ea3,2019,,,,,,,,,,,,,,,,,,,22.154688569472963,36.0,31.0,10.548348387096771,3.580606451612903,2.483883870967742,3.9999483870967736,2.548335483870968,17.2,54.17,50.0,13.5,20.5,3.0,9.0,6.6,8.1,0.5592592592592592,0.248,0.851,0.305,0.555,103.2,87.4217,102.572,84.2422,11.3248,2.07988,9.24495,1.62011,79.4,0.2925925925925925,0.759493670886076,0.1481481481481481,0.15,1.3978494623655913,0.0,0.155,5.0,1.0,12.5,99.0,99.0,30.0,50.0,62.0,100.0,97.0,,,,,,,,0.581,5.41,51.0,1.0,-1.7,0.0,3.48,9.0,9.12,48.8,-3.51,0.0,111.14,2.0,7.27,35.3,5.25,0.53,14.1,5.4,15.624,11.882,6.507,-0.115,6.622,1729.0,1.0,0.296,0.762,0.279,0.144,0.128,0.0,0.559,0.935,0.05,0.213,0.036,0.394,9.0833,3.0833,2.1389,3.4444,2.1944,2019.0,4.0,4.0,3957.9982,4.13086,7.19394,13.5,3.6999999999999993,6.644465,11.3248,1.0,3.024,0.075,-0.45,0.141,6.311,2.714,-0.548,0.799,-0.546,,,,,,,,,,,,,,,,,,,,,,,,,,,,,0,0,0,,,,,,0.0,0.0,0.0,0.0,1.0,1.0,,,,,,,,,,,,,,,,,,,,,,,,,,,,,,,,,0,951.0,,0.0,,,,,0.0,,,3.0,1.0,1.0,0.0,,,,,,,,,,,,,,0.455,8.877,11.0,-0.467,1.102,-0.03,-0.06,0.137,-1.2,-1.949,0.356,0.708,36.0,0.0,31.1,10.534,7.0,4.0,1.0,2.34,0.366,3.0,102.572,84.2422,22.29,13.5,1.16669397,3.0,11.3248,1.0,-2.005,-9.618,-2.0,3.608,-3.6,7.1,-2.4,-0.5,-1.13,-1.8,9.24495,8.37619,4.84707,9.0,87.4217,0.519,1.083,50.0,4.13086,24.8,0.0,10.5342,36.0,0.0,47.0,0.15,0.148,77.2,31.0,2.07988,2.15805,3.0,103.2,3.6,1.62011,9.0833,79.4,0.7595,0.293,3.0,4.0,2.589,284.521,0.559,20.5,54.17,17.2,4.0,2.0,2.103,0.0,0.0,0.0,0.0,33.0,34.7,1.0,5.0,5.258,0.0,0.0,0.0,0.0,0.0,0.0,0.0,0.0,0.0,0.0,1.0,1.052,11.0,11.567,0.0,0.0,0.0,0.0,,36.0,8.0,1.0,1.052,1.0,16679.0,1.052,0.786,1.0,1.052,451.0,8.0,16.0,1.0,38.0,21.0,58.0,16679.0,,,0.0,1.0,1.0,2.0,0.75,3.0,0.0,4.0,3.52,10.38,1.0,0.857,94.2227278216496,106.52509597778338,0.8039662611047523,9.0,0.5768454379332696,51.0,0.6420178294862281,,27.0,0.0,0.0,0.0,0.0,0.0,0.0,1.0,1.0,,,,,,,,,,,,,,,,,,,,,,,,,,,,,,,,,,,,,,,,,5.152852623378534,0.6428571428571429,7.284983437440001,0.4285714285714285,5.96773403229657,0.8571428571428571,4.791408669255345,0.7142857142857143,3.797326474431401,0.5,5.589589221060412,0.3571428571428571,0.4175444175262306,0.9285714285714286,2.9760428402871897,0.8571428571428571,0.0986745213549337,0.1935897435897436,,,0.1207627118644067,0.1684981684981685,0.3754080337407015,0.3439506502013587,4.280619971604354,0.6066447667131267,0.1300304835819882,0.1488930838419279,0.0407999999999975,-0.0222999999999984,0.0283999999999984,-0.69999999999998,0.0351494899999972,-0.4199999999999765,-0.0299999999999974,5.909999999999671,0.3859999999999866,1.3199999999999248,0.8160919540229885,0.3134328358208955,0.7155963302752294,0.2571428571428571,0.9411764705882352,0.5408805031446541,0.5526315789473685,0.3622278616268198,0.456406981694338,0.5896978021978022,7.273469387755101,2.608695652173913,,,,,,,,,,,,,,,,,,,,,,,,,,,,,,,,,,,,,
Pf6db5ed983,2019,,,,,,,,,,,,,,,,,,,21.300479123887747,33.0,32.4242,16.957001252151173,3.095354704202417,6.459841723157395,3.1626377828905574,0.1345661573762807,26.5,54.57,49.9,34.0,22.8,1.1,8.6,5.0,0.4,0.42643391521197,0.319,0.813,0.327,0.504,107.2,99.0344,121.953,94.25,6.94858,5.09427,1.85431,3.79486,91.4,0.3316708229426434,0.5714285714285714,0.2418952618453865,0.4123711340206185,0.1495329059309049,2.0,0.153,1.0,4.0,20.9,96.0,95.0,91.0,51.0,99.0,100.0,20.0,98.0,91.0,97.0,100.0,32.0,9.0,63.0,0.571,6.39,15.0,0.97,2.3,0.6,2.31,12.0,19.01,54.6,0.27,0.0,84.39,3.0,20.2,52.3,6.79,0.55,19.28,5.26,22.577,11.922,6.14,4.528,1.612,956.0,1.0,0.332,0.577,0.027,0.242,0.389,0.0,0.426,0.648,0.0,0.323,0.15,0.715,15.2727,2.7879,5.8182,2.8485,0.1212,2019.0,2.0,2.0,2158.9986,5.26058,1.6879999999999995,27.5,-1.0,6.10458,6.94858,1.0,1.862,0.139,1.492,2.944,4.23,-0.684,-1.071,0.226,1.088,,,,,,,,,,,,,,,,,,,,,,,,,,,,,0,1,0,24.0,34.0,10.0,10.0,38.0,0.0,0.0,0.0,1.0,0.0,1.0,,,,,,,,,,,,,,,,,,,,,,,,,,72.0,88.0,50.0,58.3,,57.1,,0,365.0,,0.0,,,,,0.0,,,1.0,1.0,1.0,0.0,,,,,,,,,,,,,,0.0,1.562,5.0,-0.101,0.002,0.012,-0.024,0.012,-0.6,-0.345,-0.598,0.929,33.0,0.0,32.4,17.0,-0.6,2.0,1.0,-0.6,-0.345,1.0,121.953,94.25,21.44,34.0,1.684238,1.0,6.94858,1.0,-3.252,-6.312,0.3,1.688,-0.7,-4.3,-7.6,-3.2,-1.0,-1.0,1.85431,3.0891,3.87333,8.6,99.0344,0.038,0.121,49.9,5.26058,31.9,0.0,8.0383,33.0,0.0,7.0,0.4124,0.242,74.6,32.4242,5.09427,4.9492,1.1,107.2,2.4,3.79486,15.2727,91.4,0.5714,0.332,1.0,2.0,1.688,223.92,0.426,22.8,54.57,26.5,2.0,0.0,0.0,0.0,0.0,0.0,0.0,0.0,0.0,1.0,1.0,2.74,0.0,0.0,0.0,0.0,0.0,0.0,0.0,0.0,0.0,0.0,3.0,8.219,1.0,2.74,0.0,0.0,0.0,0.0,,7.0,6.0,1.0,2.74,0.0,5236.0,0.0,0.25,0.0,0.0,336.0,7.0,10.0,1.0,14.0,7.0,14.0,5236.0,,,,,,,,3.0,0.0,3.0,8.58,35.32,1.0,0.807,97.85338581849688,118.69092364682469,0.9020404031029088,7.0,0.5823510085636195,18.0,0.7169806080375806,,28.0,0.0,0.0,0.0,0.0,0.0,0.0,1.0,1.0,42.0,34.0,-1.0,7.9,1.0,71.0,1.0,0.0,5.0,5.0,0.0,19.0,38.0,6.79,1.0,0.6044,53.0,2.0,5.0,25.09,6.6,8.0,9.75,10.76,40.5,3.11,12.0,0.583,21.0,0.571,24.0,,,25.0,0.72,25.0,0.88,3.07,30.5,4.75,3.544053677294612,1.0,5.268474186010072,0.6,4.10873748191868,1.0,4.175293636480442,0.9,5.594865845576756,0.0,4.35518638466234,0.2,0.8899158692834734,1.0,3.06023690046222,0.1,0.1596009975062344,0.2313937753721245,0.1528735632183908,0.0248756218905472,0.1724709784411277,0.2372881355932203,0.3147244954370721,0.4381814099505214,4.684790785143395,0.5228422871260678,0.12310952,0.1361673547456879,0.0190000000000036,-0.0240000000000046,0.0120000000000022,-4.300000000000848,-0.3466866600000678,-1.1111602716961896e-16,-2.200000000000431,-7.6000000000014944,-1.0000000000001994,-1.0000000000001976,0.7972972972972973,0.3303167420814479,0.5766871165644172,0.4094488188976378,0.8666666666666667,0.5037037037037037,0.5625,0.4139770838799965,0.3399946080744085,0.9544727272727273,0.7407407407407407,2.8529411764705883,69.5,70.75,172.4,74.25,93.5,6.6,8.0,9.75,30.5,40.5,10.76,3.11,3.07,5.0,25.093772688740973,4.75,,,,18.0,25.0,0.72,22.0,25.0,0.88,7.0,12.0,0.5833333333333334,,,,12.0,21.0,0.5714285714285714,,,
P4797fb50d3,2019,,,,,,,,,,,,,,,,,,,22.633812457221083,34.0,34.0588,19.554417654174543,4.943039684310663,2.9844269322465857,1.7720530376877637,0.341938060060836,25.8,62.16,57.4,16.6,19.3,4.7,11.6,2.9,1.1,0.3317422434367542,0.437,0.809,0.396,0.564,116.3,103.213,130.825,97.1514,6.7425,5.40572,1.33679,5.08785,79.8,0.4367541766109785,0.6120218579234973,0.2315035799522673,0.4742268041237113,0.7944737785656502,0.0,0.17,1.0,2.0,19.8,95.0,96.0,89.0,90.0,75.0,91.0,50.0,,,,,,,,0.594,4.8,20.0,1.0,1.73,6.8,3.13,14.0,20.48,61.1,-2.21,0.0,80.5,1.0,30.0,70.9,6.72,0.48,18.88,9.52,,,,,,,,0.433,0.608,0.364,0.234,0.474,0.111,0.333,0.6,0.074,0.275,0.133,0.617,18.5,4.6765,2.8235,1.6765,0.3235,2019.0,4.0,4.0,4050.5913,4.67349,2.06901,21.6,4.199999999999999,5.6375125,6.76201,1.0,1.808,1.361,1.346,0.565,1.5,-0.375,-0.081,-0.183,1.75,,,,,,,,,,,,,,,,,,,,,,,,,,,,,0,0,0,92.0,98.0,6.0,2.0,98.0,0.0,0.0,0.0,1.0,0.0,1.0,,,,,,,,,,,,,,,,,,,,,,,,,,72.0,76.0,50.0,83.3,,79.4,,0,339.0,,0.0,,,,,0.0,,,9.0,3.0,1.0,0.0,,,,,,,,,,,,,,0.0,-0.224,1.0,-0.819,-0.026,0.024,0.083,0.038,2.6,3.079,-1.903,0.195,34.0,1.0,34.0,19.588,7.0,4.0,1.0,2.05,0.865,3.0,130.825,97.1514,22.77,16.6,0.96967512,9.0,6.7425,0.0,11.131,3.038,-4.4,-0.02,4.6,3.4,6.2,7.6,4.85,0.9,1.33679,1.66253,3.7903,11.6,103.213,0.137,0.676,57.4,4.67349,43.7,0.0,7.30395,34.0,0.0,24.0,0.4742,0.232,84.5,34.0588,5.40572,5.64142,4.7,116.3,2.5,5.08785,18.5,79.8,0.612,0.437,3.0,4.0,0.86,204.2,0.332,19.3,62.16,25.8,4.0,0.0,0.0,0.0,0.0,0.0,0.0,0.0,0.0,1.0,1.0,2.95,2.0,5.9,0.0,0.0,0.0,0.0,1.0,2.95,0.0,0.0,1.0,2.95,2.0,5.9,0.0,0.0,1.0,2.95,,13.0,4.0,0.0,0.0,0.0,7154.0,0.0,0.4,0.0,0.0,353.0,5.0,10.0,1.0,18.0,8.0,18.0,7154.0,0.0,0.325,3.0,1.0,1.0,1.0,0.676,3.0,0.0,11.0,8.69,32.63,2.0,0.746,97.98243465198722,117.68542257086848,0.8915922852430865,11.0,0.5866102951549451,23.0,0.726155534677769,,23.0,0.0,0.0,0.0,0.0,0.0,0.0,1.0,1.0,,64.0,-6.0,,0.333,77.0,2.0,0.0,2.0,6.0,0.0,25.0,98.0,12.5,1.0,0.0824,89.0,4.0,,25.82,6.1,8.5,9.0,11.57,38.0,3.15,12.0,0.833,34.0,0.794,25.0,,,25.0,0.72,25.0,0.76,3.16,31.0,6.0,4.098506338720827,0.9166666666666666,4.264930788505511,0.8333333333333334,9.70909586584822,0.8333333333333334,6.8625721991690085,0.5833333333333334,4.856241453707391,0.5,6.183671145668326,0.5,0.7107145911553032,0.8333333333333334,3.178070428289472,0.5833333333333334,0.2828438948995363,0.1795865633074935,0.2846034214618974,0.1677852348993288,0.3189655172413793,0.1883561643835616,0.3586382732570777,0.3074221351358385,5.385198555956679,0.6631496819362301,0.12487744,0.1422046927391038,0.0311999999999981,-0.0074999999999996,0.0013999999999997,6.359999999999609,0.0456600389999971,-0.4099999999999764,-0.0499999999999939,5.839999999999646,2.028999999999875,1.2299999999999311,0.7980295566502463,0.3809523809523809,0.6103286384976526,0.4566929133858268,0.9142857142857144,0.55625,0.5632911392405063,0.5275464445868033,0.264740115451991,0.4998582089552238,1.595,4.6571428571428575,75.0,76.25,206.6,81.0,100.0,6.1,8.5,9.0,31.0,38.0,11.57,3.15,3.16,,25.8229644717245,6.0,,,,18.0,25.0,0.72,19.0,25.0,0.76,10.0,12.0,0.8333333333333334,,,,27.0,34.0,0.7941176470588235,,,
P023bbe5ec1,2019,,,,,,,,,,,,,,,,,,,20.413415468856947,36.0,31.8919,21.23388070325067,8.481338521693596,3.569533329779662,1.2813159454281495,1.6779809293268824,27.0,64.73,58.3,18.3,15.2,8.8,17.4,2.0,5.3,0.1086419753086419,0.637,0.818,0.318,0.596,124.5,96.9792,143.723,91.5347,11.7649,7.35688,4.40804,6.13563,62.0,0.3728395061728395,0.7218543046357616,0.5209876543209877,0.5023696682464455,0.8013180636950308,0.0,0.159,1.0,1.0,26.6,100.0,100.0,95.0,98.0,84.0,69.0,91.0,99.0,95.0,94.0,74.0,99.0,83.0,96.0,0.571,1.53,9.0,1.0,-4.8,0.0,1.28,16.0,22.8,63.4,-1.39,0.0,79.69,3.0,19.8,60.2,7.31,0.43,22.38,11.9,14.897,17.422,8.338,5.344,2.994,1791.0,1.0,0.375,0.723,0.598,0.513,0.523,0.515,0.112,1.0,0.142,0.151,0.0,0.4,18.8108,7.5135,3.1622,1.1351,1.4865,2019.0,3.0,3.0,2944.6709,7.83786,3.9270400000000008,25.0,2.0,8.566180000000001,11.7649,1.0,3.141,1.775,1.596,0.797,0.33,1.479,1.047,-1.145,2.178,,,,,,,,,,,,,,,,,,,,,,,,,,,,,0,0,0,,,,,,0.0,0.0,0.0,0.0,0.0,1.0,,,,,,,,,,,,,,,,,,,,,,,,,,52.0,72.0,50.0,66.7,,71.9,,1,273.0,,0.0,,,,,0.0,,,11.0,4.0,1.0,0.0,,,,,,,,,,,,,,0.667,5.933,3.0,1.236,0.068,0.091,0.206,0.055,3.1,2.216,0.964,0.491,37.0,1.0,31.9,21.216,6.5,3.0,1.0,3.25,1.679,2.0,143.723,91.5347,20.55,18.3,1.40968254,11.0,11.7649,1.0,19.009,0.055,3.6,5.669,10.6,8.9,7.1,16.2,10.29,-1.0,4.40804,3.69365,4.13559,17.4,96.9792,0.152,0.639,58.3,7.83786,63.7,0.0,11.7951,36.0,0.0,33.0,0.5024,0.52,78.6,31.8919,7.35688,8.10144,8.8,124.5,3.8,6.13563,18.8108,62.0,0.7219,0.372,5.0,3.0,1.964,248.894,0.108,15.2,64.73,27.0,3.0,0.0,0.0,0.0,0.0,0.0,0.0,0.0,0.0,1.0,2.0,7.326,0.0,0.0,0.0,0.0,0.0,0.0,0.0,0.0,0.0,0.0,0.0,0.0,1.0,3.663,0.0,0.0,0.0,0.0,,3.0,4.0,0.0,0.0,0.0,4596.0,0.0,0.25,0.0,0.0,470.0,6.0,36.0,1.0,67.0,10.0,76.0,4596.0,0.0,2.131,1.0,1.0,0.0,1.0,0.6,3.0,2.0,2.0,8.33,40.27,3.0,0.815,96.5020139539996,123.52238238051564,0.9447406399944852,6.0,0.5103679472417889,10.0,0.7012191511888378,,31.0,0.868,0.0,0.0,0.01,0.0056,0.0,0.968,0.976,,,,,,,,,,,,,,,,,,,20.0,27.93,5.4,9.0,10.5,10.83,31.5,3.27,12.0,0.667,32.0,0.719,26.75,,,25.0,0.52,25.0,0.72,3.33,26.0,4.0,4.2677530893048905,0.7692307692307693,4.266247446417611,0.9230769230769232,9.221957275237616,0.7692307692307693,3.7507406553680647,0.4230769230769231,4.283109937090713,0.8461538461538461,3.828279373451436,0.7692307692307693,0.5148517817975728,0.6153846153846154,2.810411060074099,0.7692307692307693,0.3568464730290456,0.0628571428571428,0.2154065620542082,0.1691176470588235,0.3850364963503649,0.0544747081712062,0.3460954417910194,0.34738217724295,4.151151198670781,0.9447257397900336,0.1279627399774814,0.1505762887970325,0.0389999999999912,-0.0344999999999809,0.0774999999999769,-4.799999999998087,0.4145186899998861,-1.6999999999994726,2.299999999999364,7.349999999997895,3.859999999999163,0.999999999999632,0.8093525179856115,0.3297872340425531,0.7016574585635359,0.4896265560165975,0.9696969696969696,0.5860349127182045,0.671875,0.5101442567306951,0.08792965627498,0.5542285714285714,2.904109589041096,5.458333333333333,77.75,79.5,240.2,81.75,104.5,5.4,9.0,10.5,26.0,31.5,10.83,3.27,3.33,20.0,27.936404798019225,4.0,,,,13.0,25.0,0.52,18.0,25.0,0.72,8.0,12.0,0.6666666666666666,,,,23.0,32.0,0.71875,,,
Pf1b3205a09,2019,,,,,,,,,,,,,,,,,,,22.60095824777549,32.0,33.1818,23.07943511201924,11.73701245863696,2.761694663942282,1.5451602987179716,0.6247039039473447,24.7,68.03,64.9,13.4,13.6,6.8,27.2,2.4,1.7,0.5146726862302483,0.305,0.852,0.425,0.66,126.6,94.7661,132.684,95.189,8.87464,6.81167,2.06297,5.25541,,0.3431151241534989,0.743421052631579,0.128668171557562,0.4210526315789473,1.054795098517862,0.0,0.166,2.0,1.0,12.1,98.0,98.0,85.0,99.0,61.0,82.0,63.0,97.0,87.0,90.0,95.0,15.0,27.0,98.0,0.63,8.59,50.0,0.91,3.98,17.2,4.93,2.0,22.7,55.1,-3.8,0.0,194.91,2.0,20.25,60.5,8.79,0.46,26.42,13.16,7.94,16.684,4.105,4.076,0.029,1462.0,1.0,0.354,0.745,0.59,0.126,0.411,0.217,0.519,0.88,0.14,0.145,0.062,0.306,21.2727,10.8182,2.5455,1.4242,0.5758,2019.0,4.0,4.0,3676.6829,2.89794,5.976699999999999,13.7,11.0,6.4144625,8.87464,1.0,2.374,2.307,1.116,0.127,0.85,-0.11,0.497,0.607,2.649,,,,,,,,,,,,,,,,,,,,,,,,,,,,,0,0,0,,,,,,0.0,0.0,0.0,0.0,0.0,1.0,,,,,,,,,,,,,,,,,,,,,,,,,,,,0.0,,,,,0,530.0,,0.0,,,,,0.0,,,9.0,3.0,1.0,0.0,,,,,,,,,,,,,,0.0,-1.574,1.0,-0.035,-0.265,-0.019,0.003,0.129,-2.2,5.503,2.253,0.501,33.0,1.0,33.2,23.096,14.8,4.0,1.0,4.97,5.064,3.0,132.684,95.189,22.74,13.4,1.21741839,9.0,8.87464,1.0,7.801,-2.397,-1.8,1.287,-0.4,-5.4,-4.8,4.9,1.2,2.1,2.06297,1.66426,3.98225,27.2,94.7661,0.184,0.875,64.9,2.89794,30.5,0.0,10.4639,32.0,0.0,14.0,0.4211,0.13,83.7,33.1818,6.81167,8.79962,6.8,126.6,2.5,5.25541,21.2727,,0.7434,0.348,6.0,4.0,1.922,266.556,0.522,13.6,68.03,24.7,4.0,0.0,0.0,1.0,1.887,0.0,0.0,2.0,3.774,1.0,1.0,1.887,0.0,0.0,0.0,0.0,0.0,0.0,0.0,0.0,1.0,1.887,1.0,1.887,2.0,3.774,0.0,0.0,0.0,0.0,,6.0,6.0,8.0,15.094,0.0,6066.0,0.0,0.167,0.0,0.0,180.0,7.0,8.0,1.0,13.0,12.0,13.0,6066.0,0.0,-1.574,1.0,1.0,1.0,1.0,0.818,2.0,1.0,3.0,7.92,16.96,0.0,0.843,102.03013467455408,115.91718175314026,0.8126754945420354,6.0,0.5211937276079094,50.0,0.447274664813833,,27.0,0.0,0.0,0.0,0.0,0.0,0.0,1.0,1.0,,,,,,,,,,,,,,,,,,,8.0,22.48,4.6,8.25,9.5,10.7,37.5,2.94,,,,,26.25,,,,,,,3.3,29.0,3.75,5.4490504302200655,0.9166666666666666,7.895328486560357,1.0,10.287254888723192,0.75,6.505834735413621,0.25,3.1495532811754035,0.6666666666666666,4.741498215285837,1.0,0.7857905612868012,0.9166666666666666,2.850828403546777,0.8333333333333334,0.2335640138408304,0.2564679415073115,0.1883519206939281,0.3373493975903614,0.2705882352941176,0.2948328267477204,0.4507593416801587,0.3948368343925375,3.438867562380038,0.9772236904837104,0.1222162053730484,0.1469804432941047,-0.0179999999999989,0.0632999999999963,0.0503999999999968,-3.929999999999777,0.0305954809999993,-0.5399999999999707,3.1699999999997983,12.50999999999928,3.389999999999806,4.15999999999974,0.832258064516129,0.4100719424460431,0.7197802197802198,0.4137931034482758,0.9736842105263158,0.6352941176470588,0.6854838709677419,0.4207802547770701,0.4283404937013034,0.4504902723735409,1.9902439024390248,9.714285714285714,78.25,79.5,195.8,82.0,104.5,4.6,8.25,9.5,29.0,37.5,10.7,2.94,3.3,8.0,22.482380947989245,3.75,,,,,,,,,,,,,,,,,,,,,
P027da49c30,2019,,,,,,,,,,,,,,,,,,,,,,,,,,,,,,,,,,,,,,,,,,,,,,,,,,,,,,,,,,,,,,,,,,,,,,,,,,,,,,,,,,,,,,,,,,,,,,,,,,,,,,,,,,,,,,,,,,,,,,,,,,,,,,,,0.0,,,,,,,,,,,,40.0,562.917,14.072925,11.191703217348206,4.92434941563321,2.3022932332830592,1.406956975895203,0.1918577694402549,12.291687762139,50.5,47.1875,,,,,0.73125,0.1875,0.8,0.3162393162393162,3.875,3.0,3.0,4.0,3.0,17.48202071526285,2.0,0,0,0,,,,,,0.0,0.0,0.0,0.0,0.0,0.0,,,,,,,,,,,,,,,,,,,,,,,,,,,,,,,,,0,259.0,,0.0,9.5129,0.85,0.0,0.0,0.0,237.9,13.892,12.0,4.0,0.0,0.0,,,,,,,,,,,,,,,,,0.263,0.0,0.484,0.463,0.765,11.2,14.19,4.993,0.263,17.0,1.0,13.7,14.19,11.2,2.0,0.0,11.2,14.19,1.0,,,,,,,,,,,,,,,,,,,,,,,,,,,,,,,,,,,,,,,,,,,,,,,,,,,,,,,,,0.0,0.0,0.0,0.0,0.0,0.0,0.0,0.0,1.0,2.0,7.722,0.0,0.0,0.0,0.0,2.0,7.722,0.0,0.0,0.0,0.0,2.0,7.722,0.0,0.0,0.0,0.0,1.0,11.583,,5.0,4.0,2.0,7.722,0.0,4061.0,0.0,0.0,0.0,0.0,501.0,2.0,11.0,1.0,7.0,3.0,14.0,4061.0,,,,,,,,,,,,,,,,,,,,,,,,0.0,0.0,0.0,0.0,0.0,0.0,1.0,1.0,,,,,,,,,,,,,,,,,,,,,,,,,,,,,,,,,,,,,,,,,,,,,,,,,,,,,,,,,,,,,,,,,,,,,,,,,,,,,,,,,,,,,,,,,,,,,,,,,,,,,,,,,,,,,,,,,,,,,,,,,,,,,,,
Pc53511377b,2019,,,,,,,,,,,,,,,,,,,,,,,,,,,,,,,,,,,,,,,,,,,,,,,,,,,,,,,,,,,,,,,,,,,,,,,,,,,,,,,,,,,,,,,,,,,,,,,,,,,,,,,,,,,,,,,,,,,,,,,,,,,,,,,,0.0,,,,,,,,,,,20.54,18.0,488.0,27.11111111111111,14.827868852459016,4.942622950819672,4.131147540983607,1.6229508196721312,0.221311475409836,18.911803278688527,49.4,44.79768786127168,,,,,0.4161849710982659,0.3988439306358382,0.6666666666666666,0.3194444444444444,8.333333333333334,3.0,3.0,4.0,3.0,10.830455197600104,3.0,0,0,0,,,,,,,,,,,,,,,,,,,,,,,,,,,,,,,,,,,,,,,,,,,,0,,,0.0,10.6761,0.72,,0.0,0.0,,,4.0,2.0,0.0,0.0,,,,,,,,,,,,,,,,,1.255,0.257,-0.023,0.097,-0.114,7.2,0.817,2.783,-0.03,34.0,1.0,14.0,8.229,13.0,3.0,0.0,6.5,4.114,2.0,,,,,,,,,,,,,,,,,,,,,,,,,,,,,,,,,,,,,,,,,,,,,,,,,,,,,,,,,,,,,,,,,,,,,,,,,,,,,,,,,,,,,,,,,,,,,,,,,902.0,3.0,15.0,1.0,19.0,6.0,34.0,6133.0,,,,,,,,,,,,,,,,,,,,,,,,0.0,0.0,0.0,0.0,0.0,0.0,1.0,1.0,,,,,,,,,,,,,,,,,,,,,,,,,,,,,,,,,,,,,,,,,,,,,,,,,,,,,,,,,,,,,,,,,,,,,,,,,,,,,,,,,,,,,,,,,,,,,,,,,,,,,,,,,,,,,,,,,,,,,,,,,,,,,,,
P2bdd03741b,2019,,,,,,,,,,,,,,,,,,,,,,,,,,,,,,,,,,,,,,,,,,,,,,,,,,,,,,,,,,,,,,,,,,,,,,,,,,,,,,,,,,,,,,,,,,,,,,,,,,,,,,,,,,,,,,,,,,,,,,,,,,,,,,,,0.0,,,,,,,,,,,19.63,33.0,627.0,19.0,18.2526,5.3684,1.8316,1.0737,0.1263,,,,,,,,,,0.7515,0.3663,,3.0,3.0,3.0,3.0,,,0,0,0,,,,,,0.0,0.0,0.0,0.0,0.0,0.0,,,,,,,,,,,,,,,,,,,,,,,,,,,,,,,,,0,,,0.0,8.2137,0.45,10.706,0.0,1.0,880.2,16.082,12.0,4.0,0.0,0.0,,,,,,,,,,,,,,,,,-0.258,-0.172,,0.093,0.154,8.45,7.546,0.335,-0.718,33.0,1.0,19.0,18.253,17.2,3.0,0.0,8.6,9.126,2.0,,,,,,,,,,,,,,,,,,,,,,,,,,,,,,,,,,,,,,,,,,,,,,,,,,,,,,,,,,,,,,,,,0.0,,,,,,,,,,,,,,,,,,,,,,,,,,,,,,,,,,,0.0,,,,,,,,,,,,,,,,,,,,,,,,,,,,0.0,0.0,0.0,0.0,0.0,0.0,1.0,1.0,,,,,,,,,,,,,,,,,,,,,,,,,,,,,,,,,,,,,,,,,,,,,,,,,,,,,,,,,,,,,,,,,,,,,,,,,,,,,,,,,,,,,,,,,,,,,,,,,,,,,,,,,,,,,,,,,,,,,,,,,,,,,,,
P6336d0d324,2019,,,,,,,,,,,,,,,,,,,22.261464750171115,31.0,38.1562,20.81575209271364,8.049103422248548,4.157206430409738,1.4152352697595674,0.5307132261598377,36.3,51.53,45.5,33.0,17.3,3.2,22.4,2.2,1.6,0.2985347985347985,0.476,0.742,0.301,0.457,95.5,103.332,112.544,103.134,2.54123,1.54525,0.995978,3.30846,23.0,0.3095238095238095,0.6035502958579881,0.3919413919413919,0.3411214953271028,0.8454213081000999,0.0,0.191,1.0,1.0,-16.4,72.0,75.0,100.0,32.0,99.0,76.0,61.0,80.0,100.0,96.0,65.0,85.0,60.0,40.0,0.525,5.51,313.0,1.0,3.51,5.8,0.7,3.0,23.59,52.3,0.51,0.0,173.77,0.0,,,8.35,0.56,21.78,4.46,-7.517,-19.281,-5.353,-3.034,-2.318,889.0,0.0,0.3,0.611,0.216,0.396,0.345,0.132,0.304,0.46,0.054,0.235,0.164,0.743,22.0625,8.5312,4.4062,1.5,0.5625,2019.0,4.0,4.0,3544.0039,-3.47023,6.01146,19.4,16.9,0.943175,2.55785,1.0,0.692,-0.35,3.538,2.808,0.59,-0.154,-0.493,-0.326,2.072,,,,,,,,,,,,,,,,,,,,,,,,,,,,,0,0,0,,,,,,0.0,0.0,0.0,1.0,0.0,1.0,,,,,,,,,,,,,,,,,,,,,,,,,,,,,,,,,0,,,0.0,,,,,0.0,,,1.0,1.0,1.0,0.0,,,,,,,,,,,,,,,,0.0,0.57,-0.011,-0.063,-0.012,0.015,7.0,-0.98,1.087,0.144,32.0,0.0,38.2,20.827,21.6,4.0,1.0,6.98,2.912,3.0,112.544,103.134,22.4,33.0,1.0601511,1.0,2.54123,0.0,-3.652,4.689,10.5,-0.017,-6.0,2.1,21.1,-7.5,-4.32,6.7,0.995978,-0.22949,3.47186,22.4,103.332,0.16,0.806,45.5,-3.47023,47.6,0.0,2.74041,31.0,0.0,9.0,0.3411,0.392,95.0,38.1562,1.54525,2.9699,3.2,95.5,2.3,3.30846,22.0625,23.0,0.6036,0.31,4.0,4.0,1.845,254.358,0.299,17.3,51.53,36.3,4.0,,,,,,,,,0.0,,,,,,,,,,,,,,,,,,,,,,,,,,,,,,,,,,,0.0,,,,,,,,,,,,2.0,0.0,1.0,-1.43,-41.16,0.0,0.664,107.5861378126778,95.2665939379769,0.1980471239793585,24.0,0.3972299081005224,310.0,0.4725399336081093,,8.0,0.0,0.0,0.0,0.0,0.0,0.0,1.0,1.0,23.0,18.0,-4.0,5.0,1.0,77.0,1.5,0.0,4.0,4.0,0.0,10.0,20.0,4.32,1.0,0.7884,28.0,0.0,,,,,,,,,,,,,,,,,,,,,,,3.321339582160703,1.0,5.420305341960482,0.4285714285714285,4.12496293251648,1.0,6.278294164954682,0.3928571428571428,1.3764974760713689,0.6428571428571429,2.4480188109500776,1.0,0.6373729442648003,0.9285714285714286,0.8956764254499743,0.5357142857142857,0.4120443740095087,0.2335243553008596,,,0.4241758241758241,0.2033195020746888,0.4769871903853025,0.3131115608756942,2.930419753086419,0.4192926876718046,0.1126811199999999,0.1689807168025966,0.0078999999999996,-0.028699999999998,0.0573999999999968,4.219999999999757,0.0520778079999967,-0.1299999999999874,3.89999999999976,17.87999999999892,0.4489999999999937,5.009999999999705,0.7392857142857143,0.3098591549295774,0.6030150753768844,0.3483606557377049,0.918918918918919,0.4609929078014184,0.5422535211267606,0.4291338582677165,0.2207025117739403,0.7316621983914209,1.8526315789473689,7.757575757575758,,,,,,,,,,,,,,,,,,,,,,,,,,,,,,,,,,,,,
P277650e4b3,2019,,,,,,,,,,,,,,,,,,,22.89390828199863,32.0,33.9394,20.571383112253017,8.90352805294142,2.571383112253016,1.4785293788340397,0.9321555478293664,29.9,58.67,54.8,15.4,15.4,6.6,23.8,2.4,3.0,0.2511111111111111,0.347,0.782,0.31,0.576,111.6,98.3259,120.786,97.3572,4.21802,2.1414,2.07662,3.90514,,0.4155555555555555,0.6951871657754011,0.3244444444444444,0.4178082191780822,0.847098063018203,0.0,0.17,2.0,2.0,2.4,84.0,86.0,99.0,74.0,71.0,82.0,80.0,82.0,99.0,95.0,95.0,41.0,25.0,67.0,0.549,4.16,131.0,1.0,-0.96,0.0,1.27,2.0,29.44,58.6,7.06,0.0,206.06,0.0,,,6.46,0.42,21.54,10.54,10.909,11.237,4.035,1.246,2.788,1495.0,1.0,0.419,0.703,0.385,0.328,0.427,0.266,0.253,0.842,0.073,0.258,0.04,0.538,19.3939,8.3939,2.4242,1.3939,0.8788,2019.0,4.0,4.0,3804.061,1.61714,2.60088,25.2,4.699999999999999,2.2656975,4.21802,1.0,1.137,0.8,2.202,0.401,0.85,0.464,0.442,-0.531,2.009,,,,,,,,,,,,,,,,,,,,,,,,,,,,,0,0,0,,,,,,0.0,0.0,0.0,0.0,0.0,1.0,,,,,,,,,,,,,,,,,,,,,,,,,,,,,,,,,0,,,0.0,,,,,0.0,,,6.0,2.0,1.0,0.0,,,,,,,,,,,,,,0.0,-0.163,1.0,0.646,0.061,0.017,-0.057,-0.036,1.7,1.259,0.981,0.368,33.0,1.0,34.0,20.541,5.6,4.0,1.0,1.71,2.044,3.0,120.786,97.3572,23.03,15.4,0.94114454,6.0,4.21802,1.0,4.864,-2.159,3.6,2.481,-0.1,3.7,24.9,1.9,-0.28,2.0,2.07662,1.14028,3.76138,23.8,98.3259,0.134,0.719,54.8,1.61714,34.7,0.0,5.07421,32.0,0.0,40.0,0.4178,0.327,84.4,33.9394,2.1414,3.93393,6.6,111.6,3.2,3.90514,19.3939,,0.6952,0.419,6.0,4.0,0.805,233.284,0.253,15.4,58.67,29.9,4.0,,,,,,,,,0.0,,,,,,,,,,,,,,,,,,,,,,,,,,,,,,,,,,,0.0,,,,,,,0.0,1.0,0.0,0.0,0.727,2.0,0.0,5.0,4.36,-2.01,1.0,0.881,104.10182993231604,107.97044296489504,0.6033902892743341,9.0,0.47944369220907,131.0,0.4179196271304624,,24.0,0.0,0.0,0.0,0.0,0.0,0.0,1.0,1.0,,,,,,,,,,,,,,,,,,,,,,,,,,,,,,,,,,,,,,,,,6.848080320048845,0.8571428571428571,7.056999735298605,0.7142857142857143,8.607331353679218,0.8571428571428571,5.7781241682479925,0.4285714285714285,2.5712428474174547,0.5714285714285714,4.881706153655047,0.8571428571428571,0.675872395891367,0.75,1.5679609940033314,0.6785714285714286,0.2639593908629442,0.174922600619195,,,0.2711111111111111,0.1605504587155963,0.4078222052472453,0.3615145455767384,2.9383578136287016,0.7146845973762638,0.1216461315652709,0.1679986477337409,0.0338999999999979,-0.0056999999999994,0.0275999999999984,-2.8199999999998138,0.1512319399999903,-0.3599999999999794,-0.1299999999999913,2.089999999999879,2.1959999999998665,1.6199999999998993,0.7727272727272727,0.3190184049079754,0.6820276497695853,0.4147727272727273,0.9142857142857144,0.5676392572944297,0.6604938271604939,0.4929045195125713,0.194040404040404,0.421631067961165,2.666666666666666,7.238095238095237,,,,,,,,,,,,,,,,,,,,,,,,,,,,,,,,,,,,,
P484d9844af,2019,,,,,,,,,,,,,,,,,,,21.03490759753593,35.0,19.0286,9.999957958021083,8.432338690182146,0.8647824853115835,1.0271065659060572,3.1350493467727527,13.0,62.22,57.9,3.6,15.7,11.2,13.3,1.6,8.5,0.0614035087719298,0.64,0.726,,0.617,123.3,92.5207,118.55,86.807,8.28562,2.65555,5.63007,2.04565,97.4,0.7368421052631579,0.7142857142857143,0.2017543859649122,0.2608695652173913,2.0420389759174538,3.0,0.088,6.0,3.0,30.8,99.0,98.0,9.0,90.0,5.0,43.0,97.0,96.0,8.0,15.0,71.0,92.0,76.0,85.0,0.508,0.42,3.0,0.51,0.56,4.2,1.27,17.0,10.25,62.5,-1.63,0.0,87.8,4.0,3.75,33.8,4.94,0.81,9.68,1.4,-5.164,19.874,2.412,1.337,1.074,1158.0,1.0,0.737,0.714,0.65,0.202,0.261,0.333,0.061,,0.226,0.258,,,5.2857,4.4571,0.4571,0.5429,1.6571,2019.0,3.0,3.0,1201.0023,-1.31624,9.60186,16.3,-3.3000000000000007,5.14275,8.45887,1.0,2.217,1.371,-1.326,-1.213,-0.19,2.891,1.707,-1.349,-0.686,,,,,,,,,,,,,,,,,,,,,,,,,,,,,1,1,0,21.0,16.0,-5.0,10.0,11.0,,,,,,,,,,,,,,,,,,,,,,,,,,,,,,,,,,,,,,,0,,,0.0,,,,,0.0,,,4.0,2.0,1.0,0.0,,,,,,,,,,,,,,0.294,5.305,17.0,-0.727,0.43,-0.036,,0.133,6.1,-0.842,-1.52,0.11,35.0,0.0,19.0,10.042,12.5,3.0,1.0,6.25,0.867,2.0,118.55,86.807,21.17,3.6,0.63992723,4.0,8.28562,0.0,-0.586,-3.247,-3.6,-0.173,-3.6,29.4,18.3,0.7,0.56,-1.2,5.63007,3.98383,2.80621,13.3,92.5207,0.429,0.971,57.9,-1.31624,64.0,0.0,5.49777,35.0,0.0,43.0,0.2609,0.202,43.7,19.0286,2.65555,1.51394,11.2,123.3,4.4,2.04565,5.2857,97.4,0.7143,0.737,8.0,3.0,4.801,140.786,0.061,15.7,62.22,13.0,3.0,,,,,,,,,,,,,,,,,,,,,,,,,,,,,,,,,,,,,,,,,701.0,3.0,16.0,1.0,12.0,3.0,24.0,8361.0,0.333,2.189,6.0,1.0,1.0,4.0,0.842,3.0,0.0,20.0,16.46,50.59,4.0,0.879,90.37825284940855,119.63753375024532,0.961776217109955,6.0,0.6153691186243182,5.0,0.7399319980979776,,32.0,0.735,0.0,0.0,0.01,0.0014,0.0,0.989,0.994,12.0,7.0,10.0,3.2,1.0,83.0,5.0,0.0,6.0,6.0,0.0,9.0,11.0,3.3,1.0,0.898,16.0,3.0,,,,,,,,,,,,,,,,,,,,,,,7.881601457409027,0.3846153846153846,10.25432579202539,0.7692307692307693,7.69358135277588,0.1538461538461538,3.662796891244515,0.3076923076923077,4.188432390627345,0.5384615384615384,4.001117410467569,0.6153846153846154,0.8868957283273543,0.3846153846153846,2.6099144748241274,1.0,0.0909090909090909,0.0077519379844961,0.0845921450151057,0.1666666666666666,0.0961887477313974,0.0,0.3974395887818807,0.4011417519762424,5.37616750712563,0.8429276352404853,0.1226744399240288,0.1666421681655268,0.0799999999999741,-0.0,0.0504999999999888,20.549999999994505,0.229084274999909,0.249999999999899,2.499999999999013,16.549999999995357,7.269999999997667,-1.6499999999995136,0.7204301075268817,0.2982456140350877,0.6842105263157895,0.3396226415094339,0.9347826086956522,0.5850340136054422,0.5416666666666666,0.7946892964686559,0.0442369364270892,0.2167714285714286,2.693069306930693,4.537037037037036,,,,,,,,,,,,,,,,,,,,,,,,,,,,,,,,,,,,,
P90d8771ad4,2019,,,,,,,,,,,,,,,,,,,21.89185489390828,25.0,22.0345,17.63378338514602,4.394435998093899,1.352134153259661,0.8450021557103633,0.0,23.6,62.49,59.0,9.9,21.0,3.2,13.3,1.5,0.0,0.3230769230769231,0.262,0.863,0.349,0.621,104.6,118.539,107.328,120.521,-5.39635,-0.166863,-5.22948,1.58409,,0.4051282051282051,0.7088607594936709,0.2717948717948718,0.490566037735849,0.1452268034219065,2.0,0.102,3.0,6.0,-27.0,7.0,6.0,77.0,91.0,45.0,38.0,2.0,9.0,80.0,32.0,30.0,5.0,60.0,96.0,0.602,4.57,342.0,0.52,3.06,0.0,2.24,2.0,9.52,36.7,-10.74,0.0,217.36,0.0,,,5.83,0.9,11.54,2.24,-7.966,-21.422,-5.281,-2.13,-3.151,912.0,1.0,0.431,0.713,0.565,0.252,0.549,0.393,0.317,0.87,0.034,0.187,0.041,0.382,10.7931,2.6897,0.8276,0.5172,0.0,2019.0,3.0,3.0,1334.1713,-4.84296,-0.5533900000000003,11.5,12.1,-4.93415,-4.56314,1.0,-1.415,1.415,0.887,-0.351,-0.32,-0.86,-0.493,-0.22,1.26,,,,,,,,,,,,,,,,,,,,,,,,,,,,,0,0,0,,,,,,,,,,,,,,,,,,,,,,,,,,,,,,,,,,,,,,,,,,,,0,,,0.0,,,,,0.0,,,6.0,2.0,1.0,0.0,,,,,,,,,,,,,,0.667,13.931,3.0,0.359,0.072,0.055,-0.028,0.026,1.4,5.74,1.007,0.27,32.0,1.0,35.6,19.213,1.4,2.0,1.0,1.4,5.74,2.0,107.328,120.521,22.03,9.9,0.46154704,6.0,-5.39635,0.0,9.972,2.719,0.7,-0.833,9.9,-13.6,-20.2,8.4,7.61,0.8,-5.22948,-3.50633,0.712535,13.3,118.539,0.025,0.08,59.0,-4.84296,26.2,0.0,-3.65427,25.0,0.0,18.0,0.4906,0.272,53.2,22.0345,-0.166863,-0.147942,3.2,104.6,4.8,1.58409,10.7931,,0.7089,0.405,4.0,3.0,-0.277,85.6866,0.323,21.0,62.49,23.6,4.0,,,,,,,,,,,,,,,,,,,,,,,,,,,,,,,,,,,,,,,,,,,,0.0,,,,,,,0.0,1.0,0.0,0.0,0.194,2.0,2.0,13.0,-2.01,-40.27,0.0,0.742,120.04522178080305,98.3069593444526,0.0913387258633058,25.0,0.4070344783097583,341.0,0.340809030434436,,6.0,0.0,0.0,0.0,0.0,0.0,0.0,1.0,1.0,,,,,,,,,,,,,,,,,,,,,,,,,,,,,,,,,,,,,,,,,5.132975953238239,0.7,7.240964995935277,0.9,5.712899070879868,0.45,6.126620386480891,0.4,1.884411579178265,0.5,3.0397269747827957,0.7,0.5458940290366675,0.2,0.9431555776061932,0.05,0.1094420600858369,0.1366594360086767,0.1425992779783393,0.0909090909090909,0.1173333333333333,0.1358024691358024,0.37101422776283,0.3873898120499882,3.00038048343778,0.5104852154754032,0.1070340799999999,0.1124705713927201,0.0443571428571356,0.1335714285713994,0.0812857142856979,-11.63571428571202,-0.1213010707142603,-1.8214285714282092,-2.657142857142295,16.942857142853395,3.702857142856464,4.264285714284839,0.8169014084507042,0.3451327433628318,0.6788990825688074,0.4578313253012048,0.9166666666666666,0.5930232558139535,0.7012987012987013,0.4665194996320824,0.2639219934994583,0.3179268292682927,0.0,2.844827586206897,,,,,,,,,,,,,,,,,,,,,,,,,,,,,,,,,,,,,
P026aafcf31,2019,,,,,,,,,,,,,,,,,,,22.55715263518138,32.0,28.8182,18.85171176548153,15.331186541838145,0.794997605679744,1.1735084078811306,0.8328486858998827,25.3,58.78,57.9,4.7,17.4,14.7,33.4,1.9,2.6,0.0059523809523809,0.432,0.6,,0.578,109.0,107.398,113.067,106.035,-1.03999,-0.216667,-0.823322,2.52518,,0.5416666666666666,0.7307692307692307,0.4523809523809524,0.3947368421052631,1.2145102747569243,0.0,0.144,1.0,3.0,-11.9,33.0,34.0,87.0,75.0,10.0,65.0,76.0,35.0,90.0,25.0,85.0,33.0,96.0,68.0,0.468,0.09,269.0,0.97,-3.43,0.0,2.71,1.0,,,,,194.22,0.0,,,7.98,0.61,21.64,4.88,18.268,-4.881,3.082,2.759,0.323,1583.0,1.0,0.545,0.745,0.579,0.449,0.4,0.694,0.006,1.0,0.186,0.229,0.0,0.367,15.0909,12.2727,0.6364,0.9394,0.6667,2019.0,4.0,4.0,2885.4784,-0.921275,-0.118715,17.3,8.0,1.4852495,7.06615,1.0,-0.259,0.817,1.241,-1.063,0.2,0.287,2.669,-1.589,1.571,,,,,,,,,,,,,,,,,,,,,,,,,,,,,0,0,0,,,,,,,,,,,,,,,,,,,,,,,,,,,,,,,,,,,,,,,,,,,,0,,,0.0,,,,,0.0,,,10.0,4.0,1.0,0.0,,,,,,,,,,,,,,,,0.0,-0.352,0.14,0.005,,-0.012,-0.6,-2.673,-1.156,-0.099,33.0,0.0,28.8,19.0,19.7,4.0,1.0,6.26,2.241,3.0,113.067,106.035,22.7,4.7,0.28380307,10.0,-1.03999,0.0,-9.138,0.236,-1.7,-1.876,-0.3,-9.1,-1.5,-5.1,-0.63,-2.1,-0.823322,-1.19745,2.30973,33.4,107.398,0.165,0.875,57.9,-0.921275,43.2,0.0,0.825061,32.0,0.0,10.0,0.3947,0.452,71.0,28.8182,-0.216667,2.02251,14.7,109.0,4.9,2.52518,15.0909,,0.7308,0.542,7.0,4.0,-0.659,212.244,0.006,17.4,58.78,25.3,4.0,,,,,,,,,,,,,,,,,,,,,,,,,,,,,,,,,,,,,,,,,416.0,1.0,8.0,1.0,8.0,2.0,11.0,5820.0,,,0.0,0.0,0.0,,0.303,2.0,0.0,15.0,2.22,-17.18,0.0,0.764,113.98242181809876,104.91044775922512,0.2781258629041612,23.0,0.5067107334336681,270.0,0.4471511687868268,,10.0,0.0,0.0,0.0,0.0,0.0,0.0,1.0,1.0,,,,,,,,,,,,,,,,,,,,,,,,,,,,,,,,,,,,,,,,,3.879691743531252,1.0,6.822471831774523,0.8461538461538461,14.80038703673798,0.5384615384615384,5.794911273857228,0.4615384615384615,2.7321559571204386,0.9230769230769232,3.6422018091944737,1.0,0.3769600452332281,0.8846153846153846,0.8032972502707287,0.9230769230769232,0.2301587301587301,0.0028129395218002,,,0.1887201735357917,0.0040160642570281,0.4351962190118473,0.2739735247981946,2.071128731343283,0.7157461913872774,0.1159236003324899,0.1291463440410124,-0.0492999999999967,0.1499999999999903,0.0809999999999954,1.9499999999999056,0.0615000149999968,0.9399999999999472,3.699999999999778,16.71999999999905,-2.736999999999797,3.459999999999785,0.6121212121212121,0.3461538461538461,0.7122641509433962,0.3956043956043956,0.925,0.56951871657754,0.6907894736842105,0.6148074037018509,0.0036435786435786,0.1476121673003802,2.1955555555555555,8.152542372881355,,,,,,,,,,,,,,,,,,,,,,,,,,,,,,,,,,,,,
Ped12aa913a,2019,,,,,,,,,,,,,,,,,,,23.1047227926078,30.0,34.2727,20.434981778500088,8.976182209163563,5.697572703638756,2.068970346660753,0.9867445517861156,28.3,62.26,59.1,30.0,16.6,7.3,20.5,3.3,3.0,0.3265822784810127,0.433,0.737,0.349,0.624,119.9,103.475,128.719,103.496,8.81829,6.41579,2.4025,4.96966,,0.4582278481012658,0.7016574585635359,0.2151898734177215,0.4588235294117647,0.5446511849567343,0.0,0.171,1.0,1.0,-5.1,98.0,98.0,95.0,89.0,96.0,97.0,82.0,100.0,95.0,93.0,94.0,98.0,97.0,96.0,0.54,5.02,173.0,1.0,0.48,0.0,1.12,1.0,,,,,203.23,0.0,,,7.25,0.38,24.74,12.56,-1.676,2.394,0.6,3.605,-3.005,1595.0,1.0,0.463,0.709,0.309,0.208,0.443,0.179,0.329,0.604,0.153,0.32,0.13,0.621,19.4545,8.5455,5.4242,1.9697,0.9394,2019.0,4.0,4.0,4267.576,7.39988,1.4184099999999995,17.0,11.3,7.800545,8.81829,1.0,2.359,1.378,1.868,2.397,2.02,0.464,0.634,-0.205,1.975,,,,,,,,,,,,,,,,,,,,,,,,,,,,,0,0,0,,,,,,,,,,,,,,,,,,,,,,,,,,,,,,,,,,,,,,,,,,,,0,,,0.0,,,,,0.0,,,3.0,1.0,1.0,0.0,,,,,,,,,,,,,,,,0.0,0.941,0.241,0.064,-0.003,0.065,-1.5,5.584,0.776,-0.415,33.0,1.0,34.3,20.466,-1.3,4.0,1.0,-0.3,2.147,3.0,128.719,103.496,23.24,30.0,1.96700026,3.0,8.81829,1.0,7.864,2.95,5.7,0.83,3.1,14.4,-6.1,-1.4,4.7,7.3,2.4025,1.77073,3.12708,20.5,103.475,0.094,0.467,59.1,7.39988,43.3,0.0,8.17348,30.0,0.0,13.0,0.4588,0.215,86.8,34.2727,6.41579,6.40275,7.3,119.9,2.6,4.96966,19.4545,,0.7017,0.458,4.0,4.0,0.525,241.372,0.327,16.6,62.26,28.3,4.0,,,,,,,,,,,,,,,,,,,,,,,,,,,,,,,,,,,,,,,,,14.0,2.0,2.0,1.0,6.0,6.0,6.0,5707.0,,,0.0,1.0,0.0,0.0,0.545,2.0,0.0,55.0,0.15,-18.95,0.0,0.763,108.12769573981733,107.60837800694463,0.4861621650257638,15.0,0.407820055790939,168.0,0.3945430068636097,,18.0,0.0,0.0,0.0,0.0,0.0,0.0,1.0,1.0,,,,,,,,,,,,,,,,,,,,,,,,,,,,,,,,,,,,,,,,,2.726453089482397,1.0,8.213512445119848,0.7,3.3705644738933995,1.0,4.694805133777209,0.6,2.893629585120894,0.8,3.6045144859316416,0.9,0.4818405470299311,1.0,1.7134457349250372,0.8,0.3454545454545454,0.1532066508313539,0.2542134831460674,0.34,0.3641618497109826,0.1437699680511182,0.48164658650901,0.3783342215660042,3.965513068731848,0.5882632016025651,0.1216855999999999,0.1423956101861406,-0.0089999999999993,-0.0377999999999974,-0.0001,-1.0299999999999592,0.0925798569999963,-0.5899999999999659,-0.2999999999999813,-0.5499999999999517,-2.017999999999856,3.759999999999761,0.7329842931937173,0.3463687150837989,0.6872037914691943,0.4434782608695652,0.8518518518518519,0.6078431372549019,0.6890243902439024,0.5449132357944879,0.2393796805619988,0.8539249146757678,3.1428571428571423,7.722222222222222,,,,,,,,,,,,,,,,,,,,,,,,,,,,,,,,,,,,,
P2318b539a3,2019,,,,,,,,,,,,,,,,,,,23.362080766598226,30.0,33.3667,16.1838000161838,6.86915997086916,3.23676000323676,1.1148480371148484,1.042991965042992,26.1,51.54,47.0,21.5,15.1,3.5,18.8,1.9,3.1,0.4383202099737532,0.307,0.786,0.335,0.444,99.3,94.6601,111.834,90.824,5.4844,1.72217,3.76223,2.81055,82.4,0.1863517060367454,0.5633802816901409,0.3753280839895013,0.3846153846153846,0.3996000003996,2.0,0.156,1.0,2.0,8.2,91.0,93.0,86.0,30.0,82.0,64.0,83.0,87.0,92.0,99.0,85.0,43.0,5.0,25.0,0.56,6.67,75.0,1.0,-6.16,0.0,1.65,14.0,15.67,48.0,-4.45,0.0,92.9,0.0,,,6.44,0.61,16.86,3.24,12.369,2.32,4.305,1.674,2.63,1612.0,1.0,0.176,0.554,0.556,0.384,0.394,0.446,0.441,0.545,0.062,0.078,0.201,0.492,15.0,6.3667,3.0,1.0333,0.9667,2019.0,4.0,4.0,3790.0008,0.802824,4.681576,19.9,6.200000000000003,3.995906,5.51486,1.0,1.473,-0.348,1.408,1.235,0.2,0.508,-0.411,0.277,0.891,,,,,,,,,,,,,,,,,,,,,,,,,,,,,0,0,0,72.0,90.0,18.0,2.0,90.0,,,,,,,,,,,,,,,,,,,,,,,,,,,,,,,,,,,,,,,0,,,0.0,,,,,0.0,,,12.0,4.0,1.0,0.0,,,,,,,,,,,,,,0.0,0.014,1.0,0.727,0.394,-0.022,-0.048,-0.038,1.8,2.497,0.291,-0.175,30.0,1.0,33.4,16.168,9.0,4.0,1.0,2.65,1.74,4.0,111.834,90.824,23.5,21.5,1.36363633,12.0,5.4844,0.0,-3.475,-5.834,6.5,-0.03,-4.5,4.6,9.4,-9.4,-3.86,5.6,3.76223,3.0795,4.45461,18.8,94.6601,0.197,0.333,47.0,0.802824,30.7,0.0,5.82102,30.0,0.0,13.0,0.3846,0.375,77.6,33.3667,1.72217,2.74152,3.5,99.3,3.5,2.81055,15.0,82.4,0.5634,0.186,6.0,4.0,1.538,199.87,0.438,15.1,51.54,26.1,4.0,,,,,,,,,,,,,,,,,,,,,,,,,,,,,,,,,,,,,,,,,,,,0.0,,,,,,,0.0,1.0,0.0,0.0,0.406,3.0,0.0,4.0,7.22,7.02,0.0,0.815,94.0051487908064,102.05145581684212,0.7200011668818542,19.0,0.4355172942462369,78.0,0.6970837095638482,,13.0,0.0,0.0,0.0,0.0,0.0,0.0,1.0,1.0,,66.0,-18.0,,0.5,79.0,3.0,0.0,3.0,6.0,0.0,23.0,90.0,10.03,1.0,0.1315,89.0,5.0,,,,,,,,,,,,,,,,,,,,,,,1.942458692679735,1.0,7.014236520870231,0.9166666666666666,4.356533563563125,0.9166666666666666,5.763753125848204,0.4166666666666667,3.60784249572622,0.6666666666666666,5.030917819633849,0.9166666666666666,0.7573597239616654,0.7916666666666666,0.9530233948444072,0.875,0.2123411978221415,0.2244623655913978,,,0.2271604938271605,0.2403433476394849,0.3874900256027169,0.3402640930004877,3.631242603550296,0.8524655246369535,0.122305992710676,0.1334329140631882,0.0108571428571434,-0.0028571428571442,0.0097714285714286,-1.1914285714285622,0.1352333142857217,-0.4085714285714651,0.2428571428571793,3.6942857142859937,0.5514285714285198,1.2685714285716148,0.7737226277372263,0.336405529953917,0.5742574257425742,0.3872832369942196,0.7916666666666666,0.452755905511811,0.5263157894736842,0.2832038475767665,0.3391382646512251,0.673560885608856,2.356,4.955555555555556,,,,,,,,,,,,,,,,,,,,,,,,,,,,,,,,,,,,,
P3e9c3ca3d7,2019,,,,,,,,,,,,,,,,,,,22.86105407255305,36.0,34.3056,20.63806492234504,4.459913250314818,4.576500629634813,2.3027843850566674,0.6704561354414441,26.1,57.67,51.8,24.4,15.6,3.5,10.1,3.4,2.1,0.3913934426229508,0.5429999999999999,0.762,0.346,0.519,114.8,97.6597,128.323,94.8543,8.14739,5.58154,2.56586,4.83104,20.8,0.3934426229508196,0.6041666666666666,0.2151639344262295,0.3619047619047619,0.2591089760531484,0.0,0.172,1.0,1.0,11.8,97.0,97.0,90.0,69.0,92.0,97.0,69.0,99.0,90.0,82.0,95.0,92.0,65.0,81.0,0.552,6.19,57.0,1.0,11.6,11.0,2.18,11.0,19.49,49.7,-5.04,0.0,119.86,0.0,,,9.06,0.57,29.0,7.12,4.704,6.438,4.454,3.279,1.175,2189.0,1.0,0.391,0.601,0.364,0.22,0.369,0.053,0.389,0.661,0.06,0.249,0.132,0.589,19.6667,4.25,4.3611,2.1944,0.6389,2019.0,4.0,4.0,3684.0019,-0.339603,8.486993,13.3,12.8,4.13711175,8.14739,1.0,2.181,0.639,1.408,1.631,2.15,0.067,-0.411,0.075,2.026,,,,,,,,,,,,,,,,,,,,,,,,,,,,,0,0,0,,,,,,,,,,,,,,,,,,,,,,,,,,,,,,,,,,,,,,,,,,,,0,,,0.0,,,,,0.0,,,6.0,2.0,1.0,0.0,,,,,,,,,,,,,,0.182,4.756,11.0,0.689,0.009,0.007,0.019,-0.022,-0.5,1.129,0.065,-0.07,36.0,1.0,34.2,20.737,20.4,4.0,1.0,6.11,5.003,3.0,128.323,94.8543,23.0,24.4,1.65262046,6.0,8.14739,1.0,2.486,-6.587,-1.1,1.517,0.2,2.0,17.4,1.5,-0.04,-1.6,2.56586,3.08094,4.09086,10.1,97.6597,0.047,0.222,51.8,-0.339603,54.3,0.0,9.50352,36.0,0.0,42.0,0.3619,0.215,85.2,34.3056,5.58154,6.42258,3.5,114.8,2.2,4.83104,19.6667,20.8,0.6042,0.393,2.0,4.0,2.998,263.23,0.391,15.6,57.67,26.1,4.0,,,,,,,,,,,,,,,,,,,,,,,,,,,,,,,,,,,,,,,,,,,,0.0,,,,,,,0.0,1.0,0.0,2.0,0.611,2.0,1.0,3.0,4.34,12.85,0.0,0.652,97.1030189997246,109.03747501827404,0.7913480594465884,14.0,0.5199248315818911,54.0,0.6202762585280505,,22.0,0.0,0.0,0.0,0.0,0.0,0.0,1.0,1.0,,,,,,,,,,,,,,,,,,,,,,,,,,,,,,,,,,,,,,,,,2.7033917993333576,1.0,4.953574172432708,0.8181818181818182,6.354325540605442,1.0,4.317058426474508,0.1818181818181818,3.274413393077489,0.2727272727272727,4.625742815584963,0.3636363636363636,0.7757314254205193,0.9090909090909092,1.8766104604568583,0.4545454545454545,0.3173652694610778,0.2366790582403965,0.2029598308668076,0.1046511627906976,0.3389261744966443,0.2538461538461538,0.3247218363910119,0.4439376403414926,4.061957569913211,0.5159394790122384,0.1169128,0.1301506507262472,0.0520999999999971,0.0182999999999988,0.048899999999997,4.35999999999973,-0.1551599899999896,0.219999999999985,1.969999999999882,14.969999999999166,5.072999999999709,4.899999999999703,0.7578947368421053,0.3443983402489626,0.6036036036036037,0.3703703703703703,0.8947368421052632,0.516320474777448,0.5901639344262295,0.5104201124710552,0.2966350301984469,0.7599114391143911,2.596363636363636,4.25,,,,,,,,,,,,,,,,,,,,,,,,,,,,,,,,,,,,,
P7d0e11d7f1,2019,,,,,,,,,,,,,,,,,,,22.51334702258727,35.0,29.2432,25.02033977129726,6.554508398533676,2.329033758275428,0.998139738469114,0.2993926793237402,28.4,61.58,55.6,12.9,14.3,2.6,17.4,1.4,0.9,0.5791666666666667,0.4379999999999999,0.857,0.403,0.49,113.9,97.241,126.443,97.8281,4.14327,4.54461,-0.401335,4.03513,,0.2020833333333333,0.5670103092783505,0.2166666666666666,0.4134615384615384,0.2344867475906486,0.0,0.146,1.0,3.0,10.9,83.0,85.0,96.0,89.0,60.0,39.0,44.0,89.0,95.0,49.0,24.0,63.0,47.0,95.0,0.624,10.86,54.0,0.94,1.84,0.0,4.27,6.0,21.91,59.7,-7.22,0.0,183.79,0.0,,,7.35,0.51,20.26,8.72,-12.965,12.626,1.603,1.969,-0.366,1550.0,1.0,0.21,0.59,0.435,0.216,0.407,0.182,0.575,0.914,0.076,0.119,0.049,0.345,20.3243,5.3243,1.8919,0.8108,0.2432,2019.0,4.0,4.0,3519.9545,0.186868,3.956402,25.4,3.0,2.4935720000000003,4.14327,1.0,1.117,1.268,1.889,0.059,-0.45,-0.463,-0.658,0.885,3.144,,,,,,,,,,,,,,,,,,,,,,,,,,,,,0,0,0,,,,,,,,,,,,,,,,,,,,,,,,,,,,,,,,,,,,,,,,,,,,0,,,0.0,,,,,0.0,,,10.0,4.0,1.0,0.0,,,,,,,,,,,,,,,,0.0,0.141,0.004,-0.022,0.022,0.061,-0.3,-0.82,0.065,-0.227,36.0,0.0,30.1,24.877,9.3,4.0,1.0,2.7,2.027,3.0,126.443,97.8281,22.65,12.9,0.85366837,10.0,4.14327,1.0,2.47,-4.914,0.8,0.575,0.3,-11.9,-1.4,-1.8,0.02,0.9,-0.401335,0.16789,3.27388,17.4,97.241,0.062,0.171,55.6,0.186868,43.8,0.0,6.59794,35.0,0.0,42.0,0.4135,0.217,74.6,29.2432,4.54461,6.43005,2.6,113.9,2.5,4.03513,20.3243,,0.567,0.203,4.0,4.0,1.336,210.111,0.58,14.3,61.58,28.4,4.0,,,,,,,,,,,,,,,,,,,,,,,,,,,,,,,,,,,,,,,,,102.0,2.0,2.0,1.0,5.0,4.0,5.0,4024.0,,,0.0,1.0,0.0,0.0,0.784,2.0,0.0,24.0,5.73,21.37,0.0,0.666,99.089486684174,111.23994796188708,0.7908673407079923,8.0,0.5317019290778006,55.0,0.4731875227583254,,29.0,0.0,0.0,0.0,0.0,0.0,0.0,1.0,1.0,,,,,,,,,,,,,,,,,,,,,,,,,,,,,,,,,,,,,,,,,4.886507147578228,1.0,7.076863240426901,0.7692307692307693,6.465322318921612,0.3846153846153846,6.422907232665584,0.1538461538461538,3.891404077825288,0.3846153846153846,6.489310408840007,0.7692307692307693,1.0195769241138752,0.5384615384615384,1.4261806237551653,0.6153846153846154,0.2774108322324967,0.3398533007334963,0.1188725490196078,0.1578947368421052,0.3130434782608696,0.3648208469055374,0.384048513493617,0.4149327003254193,3.662617481203008,0.863666239280194,0.1033328371969884,0.1211055130254717,-0.0076999999999992,0.0165999999999989,0.046199999999997,4.759999999999748,-0.0608541319999962,-0.8499999999999471,1.4799999999999107,6.6099999999996415,2.120999999999876,0.8899999999999514,0.8434782608695652,0.3932926829268293,0.5748031496062992,0.4104477611940298,0.9375,0.4917355371900826,0.5384615384615384,0.3308874912648498,0.4885144927536232,0.376030612244898,1.0956521739130436,5.714285714285714,,,,,,,,,,,,,,,,,,,,,,,,,,,,,,,,,,,,,
Pca926e63d0,2019,,,,,,,,,,,,,,,,,,,21.90280629705681,32.0,32.9375,11.578802277039848,5.430794686907022,3.2106261859582546,2.732447817836812,1.0588781783681214,19.6,52.16,50.5,18.2,22.4,5.1,12.5,4.5,3.2,0.4459459459459459,0.206,0.656,0.356,0.482,99.6,95.1347,105.935,89.7628,9.24779,3.22333,6.02446,2.08731,79.0,0.3716216216216216,0.6,0.1824324324324324,0.2407407407407407,0.9108159392789372,0.0,0.165,5.0,1.0,12.8,98.0,99.0,50.0,35.0,78.0,99.0,79.0,,,,,,,,0.502,5.01,43.0,1.0,1.79,1.5,0.2,16.0,12.83,49.7,-0.06,0.0,76.31,0.0,,,5.73,0.63,12.76,5.3,-1.565,0.424,2.008,0.375,1.633,1663.0,1.0,0.392,0.578,0.388,0.162,0.25,0.167,0.446,0.872,0.069,0.24,0.057,0.432,10.5938,4.9688,2.9375,2.5,0.9688,2019.0,4.0,4.0,3480.9988,2.88534,6.362450000000001,20.1,-0.5,7.066017499999999,10.7143,1.0,2.473,-0.249,0.051,0.784,3.58,0.552,0.029,0.31,-0.284,,,,,,,,,,,,,,,,,,,,,,,,,,,,,0,0,0,81.0,74.0,-7.0,2.0,,,,,,,,,,,,,,,,,,,,,,,,,,,,,,,,,,,,,,,,0,,,0.0,,,,,0.0,,,6.0,2.0,1.0,0.0,,,,,,,,,,,,,,,,0.0,-0.46,0.506,-0.061,-0.021,-0.051,2.2,-0.826,-0.506,0.156,32.0,0.0,33.0,11.564,10.0,4.0,1.0,3.37,0.821,3.0,105.935,89.7628,22.04,18.2,1.18984929,6.0,9.24779,0.0,-14.829,-0.166,-0.5,-1.467,-5.5,-6.9,14.6,-20.3,-6.0,1.6,6.02446,4.93831,4.48438,12.5,95.1347,0.245,0.75,50.5,2.88534,20.6,0.0,7.2885,32.0,0.0,46.0,0.2407,0.182,81.4,32.9375,3.22333,2.35019,5.1,99.6,3.7,2.08731,10.5938,79.0,0.6,0.372,3.0,4.0,2.439,232.804,0.446,22.4,52.16,19.6,4.0,,,,,,,,,,,,,,,,,,,,,,,,,,,,,,,,,,,,,,,,,,,,0.0,,,,,0.5,8.624,2.0,1.0,0.0,0.0,0.613,3.0,1.0,23.0,5.0,19.92,0.0,0.911,94.02561872315488,110.69142964653706,0.867215503581995,18.0,0.6110884619834253,32.0,0.7630867175074434,,14.0,0.0,0.0,0.0,0.0,0.0,0.0,1.0,1.0,,,,,,,,,,,,,,,,,,,,,,,,,,,,,,,,,,,,,,,,,6.806967786572058,0.6923076923076923,4.7388545753560605,0.6153846153846154,5.207240520867624,0.8461538461538461,5.3196633845638726,0.7692307692307693,3.546729781766374,0.4615384615384615,7.361496565062207,0.5384615384615384,0.8747635093711558,1.0,2.3224579772603637,0.8461538461538461,0.099510603588907,0.1904761904761904,,,0.0941176470588235,0.2117117117117117,0.3593606521775446,0.3733489641577812,3.650645315487572,0.6450881765482022,0.1285536223292838,0.1575967935274295,0.0114999999999994,0.0891999999999949,-0.0300999999999981,-0.7099999999999442,0.0539254529999967,-0.1699999999999897,0.409999999999974,11.02999999999932,3.45099999999981,-0.0799999999999997,0.6666666666666666,0.3516483516483517,0.6,0.2976190476190476,0.8918918918918919,0.4852941176470588,0.5060240963855421,0.4238632139759634,0.2972972972972972,0.6855922330097087,3.74025974025974,3.74468085106383,,,,,,,,,,,,,,,,,,,,,,,,,,,,,,,,,,,,,
P804e0e2e1c,2019,,,,,,,,,,,,,,,,,,,21.59616700889801,28.0,36.5333,20.03648178511112,6.635009703476007,1.7409103475459378,1.0839425948381345,0.3613470450246762,24.1,64.09,59.4,9.9,16.4,2.7,18.0,1.8,1.1,0.4676056338028169,0.569,0.772,0.422,0.561,113.9,103.369,118.17,102.701,2.21065,2.49999,-0.289346,3.86497,69.8,0.3267605633802817,0.6810344827586207,0.2056338028169014,0.3698630136986301,0.8602719006651858,1.0,0.176,2.0,2.0,-7.5,73.0,70.0,80.0,96.0,45.0,55.0,47.0,77.0,82.0,32.0,47.0,71.0,49.0,98.0,0.586,6.49,228.0,1.0,-0.19,0.0,0.43,1.0,,,,,174.79,0.0,,,6.29,0.43,19.52,12.06,-0.205,-4.756,-1.004,-1.302,0.299,1540.0,1.0,0.336,0.68,0.356,0.205,0.359,0.179,0.459,0.833,0.078,0.216,0.077,0.461,20.3333,6.7333,1.7667,1.1,0.3667,2019.0,3.0,3.0,2172.2357,0.0956794,2.1149706,15.8,8.3,1.0508641333333333,2.21065,1.0,0.604,1.672,0.991,-0.351,0.07,-0.375,-0.631,0.404,1.873,,,,,,,,,,,,,,,,,,,,,,,,,,,,,0,0,0,,,,,,,,,,,,,,,,,,,,,,,,,,,,,,,,,,,,,,,,,,,,0,,,0.0,,,,,0.0,,,3.0,1.0,1.0,0.0,,,,,,,,,,,,,,,,0.0,-0.144,-0.181,-0.018,-0.042,0.024,17.8,5.223,-0.878,0.316,30.0,1.0,36.6,19.967,18.1,3.0,1.0,9.05,3.951,3.0,,,,,,,,,,,,,,,,,,,,,,,,,,,,,,,,,,,,,,,,,,,,,,,,,,,,,,,,,,,,,,,,,,,,,,,,,,,,,,,,,,,,,,,,,,,,,,,,,,,,0.0,,,,,,,0.0,1.0,0.0,0.0,0.323,2.0,0.0,3.0,4.67,-16.05,0.0,0.615,105.20964029732431,99.28628740750298,0.3393043400719598,21.0,0.387707737582985,232.0,0.4455762555068806,,10.0,0.0,0.0,0.0,0.0,0.0,0.0,1.0,1.0,,,,,,,,,,,,,,,,,,,,,,,,,,,,,,,,,,,,,,,,,4.347774441070202,0.8181818181818182,8.94586704072505,0.9090909090909092,6.715263576712348,0.4545454545454545,5.735922378677467,0.1818181818181818,3.8132625758170127,0.6363636363636364,2.658038888350356,1.0,0.6622702932422896,0.8181818181818182,2.035106309462636,0.6818181818181818,0.3042168674698795,0.3108614232209737,0.1710914454277286,0.2110091743119266,0.3586206896551724,0.3684210526315789,0.2854448560992327,0.5045468885545494,3.1660683967984475,0.5592842177459771,0.1113554577288732,0.1287622342803167,-0.0171428571428597,0.0139285714285732,0.0189285714285735,-7.871428571429633,-0.0278776914285727,-0.3571428571428873,1.935714285714496,15.357142857144543,-0.0057142857143134,2.778571428571748,0.7657657657657657,0.4027777777777778,0.6643835616438356,0.3786407766990291,0.9393939393939394,0.5502183406113537,0.6129032258064516,0.4615661890601063,0.3580763862454003,0.3297370517928287,1.3655172413793104,5.914285714285714,,,,,,,,,,,,,,,,,,,,,,,,,,,,,,,,,,,,,
Pe19880ee92,2019,,,,,,,,,,,,,,,,,,,22.439425051334705,25.0,30.44,15.279894875164254,7.23784494086728,3.31143232588699,0.9934296977660972,0.5676741130091983,22.6,57.33,53.8,21.3,12.9,8.0,16.8,1.7,2.2,0.2217741935483871,0.286,0.789,0.418,0.513,116.3,92.4809,126.164,87.8825,9.36382,4.78406,4.57976,4.08835,65.8,0.2338709677419354,0.6896551724137931,0.5443548387096774,0.437037037037037,0.683311432325887,9.0,0.112,2.0,1.0,18.1,99.0,99.0,72.0,68.0,89.0,55.0,70.0,98.0,78.0,99.0,76.0,25.0,42.0,59.0,0.583,2.89,23.0,0.96,-2.88,0.0,1.77,13.0,15.05,53.0,-4.21,0.0,84.88,0.0,,,5.92,0.53,16.38,6.92,31.351,25.361,9.103,3.773,5.33,1083.0,1.0,0.234,0.69,0.5,0.544,0.437,0.458,0.222,0.957,0.207,0.117,0.01,0.421,12.92,6.12,2.8,0.84,0.48,2019.0,4.0,4.0,3689.9998,4.87965,4.484170000000001,19.1,3.5,7.91635,10.2085,1.0,2.503,0.584,0.678,1.208,-0.06,0.111,0.827,-0.657,0.66,,,,,,,,,,,,,,,,,,,,,,,,,,,,,0,0,0,,,,,,,,,,,,,,,,,,,,,,,,,,,,,,,,,,,,,,,,,,,,0,,,0.0,,,,,0.0,,,11.0,4.0,1.0,0.0,,,,,,,,,,,,,,0.0,0.74,3.0,0.352,-0.286,-0.058,-0.022,0.037,-2.4,-2.504,0.537,-0.699,25.0,0.0,30.4,15.276,4.0,4.0,1.0,1.68,1.115,3.0,126.164,87.8825,22.58,21.3,1.94444433,11.0,9.36382,0.0,-5.417,-4.0,3.0,-0.845,-6.8,-7.2,-16.9,-6.9,-5.93,-0.1,4.57976,3.48926,4.39152,16.8,92.4809,0.224,0.52,53.8,4.87965,28.6,0.0,8.88986,25.0,0.0,16.0,0.437,0.544,56.0,30.44,4.78406,5.40061,8.0,116.3,2.7,4.08835,12.92,65.8,0.6897,0.234,7.0,4.0,1.645,141.186,0.222,12.9,57.33,22.6,4.0,,,,,,,,,,,,,,,,,,,,,,,,,,,,,,,,,,,,,,,,,452.0,2.0,4.0,1.0,4.0,3.0,7.0,6246.0,,,0.0,1.0,0.0,0.0,0.344,3.0,0.0,32.0,7.46,28.06,0.0,0.874,88.97330478840793,108.77696767848744,0.9097903064906347,9.0,0.5191993818124655,14.0,0.717921200634066,,25.0,0.838,0.0,0.0,0.01,0.0042,0.0,0.968,0.982,,,,,,,,,,,,,,,,,,,,,,,,,,,,,,,,,,,,,,,,,2.995322733608884,0.8461538461538461,4.86435539999787,0.8461538461538461,6.36908598648192,0.9230769230769232,4.9798919132314925,0.0769230769230769,3.5247261822610083,0.6923076923076923,4.26556339353861,0.5384615384615384,0.7590796379225528,0.5384615384615384,1.2220565402648458,0.7692307692307693,0.1236933797909407,0.0762829403606102,0.1062271062271062,0.1444444444444444,0.1462140992167102,0.0954356846473029,0.397971558733195,0.3168206037471882,3.863972078360729,0.8071849881870506,0.1220948771653387,0.1340753283070495,0.0037999999999999,0.0439999999999974,0.0488999999999969,-5.569999999999669,0.2264006719999872,-0.4699999999999752,1.369999999999911,-2.20999999999984,1.9969999999999,1.6899999999998887,0.7692307692307693,0.3809523809523809,0.6590909090909091,0.4303030303030303,0.9565217391304348,0.5107296137339056,0.6,0.3195817218163586,0.1705955334987593,0.7861144067796609,1.9179487179487176,6.702702702702703,,,,,,,,,,,,,,,,,,,,,,,,,,,,,,,,,,,,,
P52c5169542,2019,,,,,,,,,,,,,,,,,,,22.521560574948666,36.0,23.8108,11.155542862902548,10.093117408906885,0.7763703865472811,0.6947267626455222,2.6151662270902283,15.1,63.39,62.4,3.4,17.8,13.7,18.2,1.1,8.1,0.0355029585798816,0.42,0.648,,0.62,119.9,97.2553,118.332,91.7953,7.86316,3.38575,4.47741,2.50678,27.8,0.5443786982248521,0.75,0.4142011834319526,0.4428571428571428,1.446589129489326,0.0,0.119,6.0,3.0,26.6,97.0,97.0,16.0,94.0,4.0,19.0,97.0,95.0,20.0,13.0,38.0,90.0,93.0,90.0,0.498,0.28,9.0,0.76,-5.42,0.0,-4.94,16.0,9.89,59.6,-4.06,0.0,79.69,3.0,9.74,56.0,5.61,0.73,13.52,3.64,4.063,16.236,3.236,2.625,0.612,1287.0,1.0,0.551,0.744,0.672,0.404,0.429,0.926,0.045,1.0,0.221,0.181,0.0,0.211,7.3784,6.6757,0.5135,0.4595,1.7297,2019.0,4.0,4.0,2370.221,1.00581,6.857349999999999,9.8,5.299999999999999,5.5253,10.5803,1.0,2.105,1.559,-0.888,-1.24,-0.841,2.714,2.394,-1.461,-0.391,,,,,,,,,,,,,,,,,,,,,,,,,,,,,0,0,0,,,,,,,,,,,,,,,,,,,,,,,,,,,,,,,,,,,,,,,,,,,,0,,,0.0,,,,,0.0,,,10.0,4.0,0.0,0.0,,,,,,,,,,,,,,0.667,5.933,3.0,0.224,-0.443,-0.062,-0.571,-0.054,3.5,1.262,0.203,-0.308,37.0,1.0,23.8,11.193,11.6,4.0,1.0,4.11,1.998,3.0,118.332,91.7953,22.66,3.4,0.43180286,10.0,7.86316,0.0,-4.901,4.174,0.3,-2.717,-6.2,-4.0,9.6,-10.8,-6.33,2.3,4.47741,2.28205,3.05807,18.2,97.2553,0.359,0.861,62.4,1.00581,42.0,0.0,4.63737,36.0,0.0,0.0,0.4429,0.417,58.5,23.8108,3.38575,2.35532,13.7,119.9,4.6,2.50678,7.3784,27.8,0.75,0.548,8.0,4.0,2.85,183.489,0.036,17.8,63.39,15.1,4.0,,,,,,,,,,,,,,,,,,,,,,,,,,,,,,,,,,,,,,,,,,,,0.0,,,,,0.0,2.131,1.0,1.0,0.0,1.0,0.6,3.0,2.0,11.0,11.76,44.17,4.0,0.815,96.5020139539996,123.52238238051564,0.9447406399944852,6.0,0.5103679472417889,10.0,0.7012191511888378,,31.0,0.0,0.0,0.0,0.0,0.0,0.0,1.0,1.0,,,,,,,,,,,,,,,,,,,,,,,,,,,,,,,,,,,,,,,,,4.965239374705256,0.3846153846153846,4.686499626982709,0.7692307692307693,7.930578786626979,0.0769230769230769,3.620163789662545,0.6153846153846154,3.135194274386671,1.0,3.738884111741025,0.9230769230769232,0.4774333579011504,0.2307692307692307,2.1772539828190105,0.9230769230769232,0.0982019363762102,0.0085714285714285,0.1312410841654779,0.2426470588235294,0.083941605839416,0.0116731517509727,0.344975862729707,0.3258068477831586,4.0427276846397815,1.0788900222663969,0.1279627399774814,0.1505762887970325,0.0761999999999953,0.2499999999999845,0.0187999999999985,-13.869999999999198,0.0906836319999948,0.3399999999999807,1.2899999999999274,10.30999999999936,6.080999999999618,1.439999999999917,0.6593406593406593,0.3571428571428571,0.7131147540983607,0.43,0.9302325581395348,0.5960591133004927,0.6440677966101694,0.6154614462644825,0.0234085441186032,0.1735900621118012,1.936956521739131,5.696428571428571,,,,,,,,,,,,,,,,,,,,,,,,,,,,,,,,,,,,,
P0be342d921,2019,,,,,,,,,,,,,,,,,,,22.60917180013689,31.0,26.625,20.53521126760564,10.309859154929578,1.267605633802817,1.183098591549296,2.577397183098592,26.9,59.89,53.8,7.8,18.1,10.6,21.2,1.9,8.1,0.15625,0.733,0.735,0.489,0.502,110.5,96.9312,126.851,91.7185,7.26357,2.58844,4.67513,3.63197,72.0,0.3645833333333333,0.6666666666666666,0.4791666666666667,0.3768115942028985,1.0661820384673633,0.0,0.133,1.0,1.0,6.1,96.0,96.0,92.0,82.0,27.0,65.0,97.0,94.0,95.0,58.0,85.0,90.0,70.0,75.0,0.57,2.18,68.0,0.75,4.41,8.0,3.5,14.0,23.68,63.0,1.73,1.7,87.48,0.0,,,8.55,0.69,18.0,7.34,19.464,5.618,6.258,2.714,3.544,1253.0,1.0,0.353,0.692,0.556,0.492,0.379,0.491,0.156,0.87,0.173,0.157,0.02,0.427,15.1875,7.625,0.9375,0.875,1.9062,2019.0,4.0,4.0,2810.641,0.0172979,7.2462721,22.5,4.399999999999999,4.502539475,7.26357,1.0,1.946,0.996,1.575,-0.639,0.2,2.714,1.542,-0.94,2.0,,,,,,,,,,,,,,,,,,,,,,,,,,,,,0,0,0,96.0,96.0,0.0,1.0,,,,,,,,,,,,,,,,,,,,,,,,,,,,,,,,,,,,,,,,0,,,0.0,,,,,0.0,,,9.0,3.0,0.0,0.0,,,,,,,,,,,,,,0.5,3.719,2.0,-0.461,0.608,0.041,0.083,-0.009,0.9,0.541,-0.916,0.376,32.0,1.0,26.7,20.494,13.4,4.0,1.0,4.51,2.002,3.0,126.851,91.7185,22.75,7.8,0.41096792,9.0,7.26357,1.0,1.207,1.147,-3.7,1.109,5.7,-30.4,1.2,3.0,1.61,-2.5,4.67513,3.06483,3.47957,21.2,96.9312,0.219,0.71,53.8,0.0172979,73.3,0.0,7.40864,31.0,1.0,,0.3768,0.479,66.4,26.625,2.58844,4.34381,10.6,110.5,5.4,3.63197,15.1875,72.0,0.6667,0.365,7.0,4.0,2.332,196.124,0.156,18.1,59.89,26.9,4.0,,,,,,,,,,,,,,,,,,,,,,,,,,,,,,,,,,,,,,,,,1418.0,3.0,20.0,1.0,14.0,5.0,33.0,6246.0,,,0.0,1.0,0.0,0.0,0.5,3.0,0.0,30.0,4.15,13.75,0.0,0.739,97.47806106158257,108.58169898966386,0.7756629865145165,16.0,0.523100495515023,63.0,0.6919483425595582,,16.0,0.0,0.0,0.0,0.0,0.0,0.0,1.0,1.0,,,,,,,,,,,,,,,,,,,,,,,,,,,,,,,,,,,,,,,,,3.4259033357964164,1.0,6.45434471228104,1.0,5.241942355502588,0.4615384615384615,4.98059502726269,0.4615384615384615,2.659158795374727,0.9230769230769232,2.627817020691383,1.0,0.5759611859321172,0.6923076923076923,1.148647342689615,1.0,0.3168168168168168,0.0705329153605015,,,0.3452115812917594,0.0944206008583691,0.392064935473694,0.2615968011177702,3.2216097785977853,0.6903248578392981,0.11929688,0.1287652918620422,0.0055999999999997,0.1883999999999882,0.0406999999999978,-6.649999999999613,0.1038161209999936,-0.9599999999999412,-0.1899999999999902,12.09999999999929,2.22199999999988,1.7999999999998917,0.7316017316017316,0.4105263157894737,0.6518518518518519,0.3809523809523809,0.9393939393939394,0.5017667844522968,0.5853658536585366,0.5194832475580295,0.1143127705627705,0.2289677419354839,3.078,4.968749999999999,,,,,,,,,,,,,,,,,,,,,,,,,,,,,,,,,,,,,
P77bf4c6cd4,2019,,,,,,,,,,,,,,,,,,,,,,,,,,,,,,,,,,,,,,,,,,,,,,,,,,,,,,,,,,,,,,,,,,,,,,,,,,,,,,,,,,,,,,,,,,,,,,,,,,,,,,,,,,,,,,,,,,,,,,,,,,,,,,,,0.0,,,,,,,,,,,,34.0,720.35,21.18676470588236,15.39251752620254,10.59484972582772,1.9490525439022697,1.2493926563476088,2.049003956410078,14.109141389602277,63.0,61.66666666666667,,,,,0.0095238095238095,0.3714285714285714,0.6282051282051282,0.5,13.352941176470589,4.0,3.0,4.0,4.0,9.642857142857142,1.0,0,0,0,,,,,,,,,,,,,,,,,,,,,,,,,,,,,,,,,,,,,,,,,,,,0,,,0.0,15.3925,1.0,16.492,0.0,0.0,1479.0,16.634,,,0.0,0.0,,,,,,,,,,,,,,,,,-0.464,-0.685,0.044,,0.006,7.7,0.243,1.214,-0.082,34.0,1.0,25.6,16.734,7.7,2.0,0.0,7.7,0.243,1.0,,,,,,,,,,,,,,,,,,,,,,,,,,,,,,,,,,,,,,,,,,,,,,,,,,,,,,,,,,,,,,,,,,,,,,,,,,,,,,,,,,,,,,,,,,,,,,,,,735.0,3.0,13.0,1.0,5.0,3.0,21.0,5222.0,,,,,,,,,,,,,,,,,,,,,,,,0.0,0.0,0.0,0.0,0.0,0.0,1.0,1.0,,,,,,,,,,,,,,,,,,,,,,,,,,,,,,,,,,,,,,,,,,,,,,,,,,,,,,,,,,,,,,,,,,,,,,,,,,,,,,,,,,,,,,,,,,,,,,,,,,,,,,,,,,,,,,,,,,,,,,,,,,,,,,,
P2b2d444bdd,2019,,,,,,,,,,,,,,,,,,,,,,,,,,,,,,,,,,,,,,,,,,,,,,,,,,,,,,,,,,,,,,,,,,,,,,,,,,,,,,,,,,,,,,,,,,,,,,,,,,,,,,,,,,,,,,,,,,,,,,,,,,,,,,,,0.0,,,,,,,,,,,25.27,16.0,400.4166666666667,25.026041666666668,15.2840790842872,4.49531737773153,3.14672216441207,2.4274713839750257,0.2697190426638917,13.144308012486992,65.8,62.9,,0.094,3.4,12.2,0.5689655172413793,0.2586206896551724,0.8,0.4545454545454545,13.0625,3.0,3.0,6.0,3.0,15.256224659223458,3.0,0,0,0,,,,,,,,,,,,,,,,,,,,,,,,,,,,,,,,,,,,,,,,,,,,0,,,0.0,11.0045,0.72,,0.0,0.0,,,7.0,3.0,0.0,0.0,,,,,,,,,,,,,,,,,,,,,,,,,,,,,,,,,,,,,,,,,,,,,,,,,,,,,,,,,,,,,,,,,,,,,,,,,,,,,,,,,,,,,,,,,,,,,,,,,,,,,,,,,,,,,,,,,,,,,,,,,,,,,,,,,,,,357.0,2.0,11.0,1.0,14.0,4.0,14.0,3710.0,,,,,,,,,,,,,,,,,,,,,,,,0.0,0.0,0.0,0.0,0.0,0.0,1.0,1.0,,,,,,,,,,,,,,,,,,,,,,,,,,,,,,,,,,,,,,,,,,,,,,,,,,,,,,,,,,,,,,,,,,,,,,,,,,,,,,,,,,,,,,,,,,,,,,,,,,,,,,,,,,,,,,,,,,,,,,,,,,,,,,,
P90844406b5,2019,,,,,,,,,,,,,,,,,,,,,,,,,,,,,,,,,,,,,,,,,,,,,,,,,,,,,,,,,,,,,,,,,,,,,,,,,,,,,,,,,,,,,,,,,,,,,,,,,,,,,,,,,,,,,,,,,,,,,,,,,,,,,,,,0.0,,,,,,,,,,,28.02,23.0,528.2189999999999,22.96604347826087,14.65301323882708,6.679047894907227,3.884752347037877,1.0904567991685268,,,,,,,,,0.5167785234899329,0.2483221476510067,0.8918918918918919,0.4675324675324675,12.91304347826087,4.0,3.0,11.0,4.0,15.60605285097671,3.0,0,0,0,,,,,,,,,,,,,,,,,,,,,,,,,,,,,,,,,,,,,,,,,,,,0,,,0.0,13.1994,0.9008,12.098,0.0,0.0,3574.8,12.218,10.0,4.0,0.0,0.0,,,,,,,,,,,,,,,,,0.229,0.352,-0.072,-0.04,0.061,0.55,0.237,-0.73,-0.319,72.0,0.0,25.1,12.335,14.5,12.0,0.0,0.823,0.064,11.0,,,,,,,,,,,,,,,,,,,,,,,,,,,,,,,,,,,,,,,,,,,,,,,,,,,,,,,,,,,,,,,,,,,,,,,,,,,,,,,,,,,,,,,,,,,,,,,,,2144.0,1.0,56.0,1.0,30.0,1.0,167.0,33517.0,,,,,,,,,,,,,,,,,,,,,,,,0.0,0.0,0.0,0.0,0.0,0.0,1.0,1.0,,,,,,,,,,,,,,,,,,,,,,,,,,,,,,,,,,,,,,,,,,,,,,,,,,,,,,,,,,,,,,,,,,,,,,,,,,,,,,,,,,,,,,,,,,,,,,,,,,,,,,,,,,,,,,,,,,,,,,,,,,,,,,,
P53a27c701d,2019,,,,,,,,,,,,,,,,,,,,,,,,,,,,,,,,,,,,,,,,,,,,,,,,,,,,,,,,,,,,,,,,,,,,,,,,,,,,,,,,,,,,,,,,,,,,,,,,,,,,,,,,,,,,,,,,,,,,,,,,,,,,,,,,0.0,,,,,,,,,,,23.9,22.0,512.603,23.30013636363636,16.43377038370825,4.1435574899093455,4.424476641767607,1.8259744870786947,,,,,,,,,0.5294117647058824,0.2176470588235294,0.8918918918918919,0.3888888888888889,11.818181818181818,4.0,3.0,6.0,4.0,16.939458660204544,2.0,0,0,0,,,,,,,,,,,,,,,,,,,,,,,,,,,,,,,,,,,,,,,,,,,,0,,,0.0,14.7263,0.8961,14.447,0.0,0.0,2863.2,15.272,11.0,4.0,0.0,0.0,,,,,,,,,,,,,,,,,-0.235,-0.023,-0.04,-0.019,0.02,5.05,1.426,-0.058,0.073,71.0,0.0,23.33,15.873,-0.88,6.0,0.0,-0.712,-0.455,5.0,,,,,,,,,,,,,,,,,,,,,,,,,,,,,,,,,,,,,,,,,,,,,,,,,,,,,,,,,,,,,,,,,,,,,,,,,,,,,,,,,,,,,,,,,,,,,,,,,2121.0,1.0,58.0,1.0,24.0,1.0,177.0,8443.0,,,,,,,,,,,,,,,,,,,,,,,,0.0,0.0,0.0,0.0,0.0,0.0,1.0,1.0,,,,,,,,,,,,,,,,,,,,,,,,,,,,,,,,,,,,,,,,,,,,,,,,,,,,,,,,,,,,,,,,,,,,,,,,,,,,,,,,,,,,,,,,,,,,,,,,,,,,,,,,,,,,,,,,,,,,,,,,,,,,,,,
P34557a899a,2019,,,,,,,,,,,,,,,,,,,,,,,,,,,,,,,,,,,,,,,,,,,,,,,,,,,,,,,,,,,,,,,,,,,,,,,,,,,,,,,,,,,,,,,,,,,,,,,,,,,,,,,,,,,,,,,,,,,,,,,,,,,,,,,,0.0,,,,,,,,,,,26.87,20.0,471.87000000000006,23.5935,14.571810032424183,5.645622735075338,1.525843982452794,0.8392141903490367,,,,,,,,,0.4088050314465409,0.1572327044025157,0.6,0.3384615384615385,9.4,4.0,3.0,3.0,4.0,,,0,0,0,,,,,,,,,,,,,,,,,,,,,,,,,,,,,,,,,,,,,,,,,,,,0,,,0.0,14.5718,1.0,17.684,0.0,0.0,1030.2,13.586,12.0,4.0,1.0,0.0,,,,,,,,,,,,,,0.0,-0.08,1.0,-14.018,-1.986,-0.207,-0.179,-0.251,4.7,-6.455,-12.941,-3.641,30.0,0.0,21.8,11.229,4.7,2.0,0.0,4.7,-6.455,1.0,,,,,,,,,,,,,,,,,,,,,,,,,,,,,,,,,,,,,,,,,,,,,,,,,,,,,,,,,,,,,,,,,,,,,,,,,,,,,,,,,,,,,,,,,,,,,,,,,466.0,0.0,9.0,1.0,11.0,0.0,18.0,8263.0,,,,,,,,,,,,,,,,,,,,,,,,0.0,0.0,0.0,0.0,0.0,0.0,1.0,1.0,,,,,,,,,,,,,,,,,,,,,,,,,,,,,,,,,,,,,,,,,,,,,,,,,,,,,,,,,,,,,,,,,,,,,,,,,,,,,,,,,,,,,,,,,,,,,,,,,,,,,,,,,,,,,,,,,,,,,,,,,,,,,,,
Pf0f9e6d8f5,2019,,,,,,,,,,,,,,,,,,,21.72758384668036,34.0,26.8235,14.052662777042515,11.763162898204932,0.7105113053852032,0.6315954293809534,2.210584002833337,17.2,64.75,61.8,4.1,13.5,11.3,24.6,1.0,6.1,0.0046296296296296,0.574,0.718,,0.614,124.8,96.8975,126.095,91.6228,6.64882,2.49467,4.15415,3.58306,70.0,0.6064814814814815,0.8244274809160306,0.3425925925925926,0.2567567567567567,2.719301227303977,0.0,0.134,8.0,1.0,10.5,94.0,94.0,31.0,96.0,6.0,16.0,93.0,92.0,37.0,19.0,31.0,79.0,77.0,93.0,0.531,0.04,59.0,0.91,-5.24,0.0,2.81,15.0,16.25,67.3,1.11,2.9,84.21,0.0,,,5.69,0.51,17.84,5.92,16.628,6.728,6.11,3.485,2.625,1270.0,1.0,0.615,0.821,0.644,0.38,0.276,0.571,0.005,1.0,0.187,0.219,0.0,0.382,10.4706,8.7647,0.5294,0.4706,1.6471,2019.0,4.0,4.0,2808.0014,8.29292,-1.6441000000000008,13.5,3.6999999999999993,8.1227025,9.20597,1.0,1.783,1.778,-0.45,-1.145,-0.971,1.832,1.734,-1.594,0.347,,,,,,,,,,,,,,,,,,,,,,,,,,,,,0,0,0,78.0,83.0,5.0,2.0,,,,,,,,,,,,,,,,,,,,,,,,,,,,,,,,,,,,,,,,0,,,0.0,,,,,0.0,,,8.0,3.0,1.0,0.0,,,,,,,,,,,,,,0.333,4.121,3.0,-0.24,-0.889,-0.11,,0.162,3.1,-1.997,1.796,-0.392,34.0,0.0,26.8,14.104,14.0,4.0,1.0,4.6,2.383,3.0,126.095,91.6228,21.87,4.1,0.48649146,8.0,6.64882,0.0,-1.922,1.575,-1.5,-2.557,-10.8,5.5,10.9,1.1,-5.05,-1.4,4.15415,2.90267,3.50874,24.6,96.8975,0.534,1.824,61.8,8.29292,57.4,0.0,7.29248,34.0,0.0,1.0,0.2568,0.359,66.8,26.8235,2.49467,4.3898,11.3,124.8,2.6,3.58306,10.4706,70.0,0.8244,0.636,7.0,4.0,-0.407,208.001,0.005,13.5,64.75,17.2,4.0,,,,,,,,,,,,,,,,,,,,,,,,,,,,,,,,,,,,,,,,,,,,0.0,,,,,,,0.0,1.0,0.0,1.0,0.529,3.0,0.0,0.0,4.99,15.71,2.0,0.788,97.0539347830769,108.31320619942431,0.7794119345369183,16.0,0.6131020616450346,61.0,0.7177081729627999,,18.0,0.0,0.0,0.0,0.0,0.0,0.0,1.0,1.0,,,,,,,,,,,,,,,,,,,,,,,,,,,,,,,,,,,,,,,,,2.858980218560464,0.2307692307692307,6.125697499469471,1.0,5.998032017119465,0.3076923076923077,4.928902388463535,0.3076923076923077,2.5172453645043205,0.9230769230769232,2.618975054500796,0.9230769230769232,0.6022874605367603,0.4230769230769231,1.4916286007048498,0.8461538461538461,0.1677943166441136,0.0013927576601671,,,0.1808943089430894,0.0040983606557377,0.3949855133212807,0.3205521500280264,3.1265697137580792,0.6581688345245214,0.1101464,0.1141975733168673,0.0088999999999996,0.2999999999999806,0.0813999999999951,-5.469999999999678,0.003145514,-0.389999999999978,0.0199999999999904,11.259999999999325,2.8489999999998443,1.4799999999999107,0.7152777777777778,0.3529411764705882,0.782608695652174,0.2980769230769231,0.8875,0.596078431372549,0.7540983606557377,0.6858367829686576,0.0033114711934156,0.1948626373626373,1.7183098591549295,9.972222222222223,,,,,,,,,,,,,,,,,,,,,,,,,,,,,,,,,,,,,
P6514225148,2019,,,,,,,,,,,,,,,,,,,22.7378507871321,35.0,30.9429,14.293592391146271,4.554026933480701,1.9279253075826768,1.0637270585497804,0.1329804252348681,16.4,64.73,62.3,9.1,12.8,2.3,11.5,1.7,0.4,0.6535947712418301,0.18,0.891,0.445,0.538,122.7,103.764,123.176,96.4685,6.69571,5.49739,1.19832,3.73263,89.2,0.0980392156862745,0.7,0.2483660130718954,0.4736842105263157,0.0,0.0,0.155,5.0,3.0,24.8,95.0,95.0,27.0,97.0,34.0,55.0,24.0,97.0,27.0,23.0,43.0,36.0,41.0,99.0,0.656,7.39,22.0,0.97,-0.78,14.2,3.11,22.0,15.45,70.5,-1.17,12.4,76.66,2.0,18.86,83.0,6.23,0.65,12.92,5.66,,,,,,,,0.092,0.75,0.667,0.255,0.462,0.361,0.654,0.865,0.036,0.031,0.088,0.282,12.2857,3.9143,1.6571,0.9143,0.1143,2017.0,4.0,4.0,3509.9999,2.49405,4.20166,12.6,3.799999999999999,4.0436475000000005,6.69571,0.0,1.742,1.816,-0.647,-0.477,-0.027,-0.675,-0.761,1.265,0.36,,24.5,23.0,508.0833333333333,22.09057971014493,20.760373954403807,2.054781039855667,2.6924717073970807,0.8502542233885518,0.0,17.030592094472695,69.0,65.5,,0.1009999999999999,0.5,6.5,0.5751295336787565,0.2279792746113989,0.9090909090909092,0.4774774774774775,10.869565217391305,3.0,3.0,1.0,3.0,,,0,0,0,34.0,51.0,17.0,5.0,52.0,,,,,,,,,,,,,,,,,,,,,,,,,,,,,,,,,,,,,,,0,,,0.0,14.9475,0.72,,0.0,0.0,,,1.0,1.0,1.0,0.0,,,,,,,,,,,,,,0.0,-0.145,5.0,0.159,-0.098,0.037,0.013,-0.011,-2.7,2.544,-0.171,0.191,35.0,1.0,30.9,14.33,9.7,4.0,1.0,4.74,1.523,3.0,,,,,,,,,,,,,,,,,,,,,,,,,,,,,,,,,,,,,,,,,,,,,,,,,,,,,,,,,,,,,,,,,,,,,,,,,,,,,,,,,,,,,,,,,,,,,,,,,1281.0,3.0,30.0,1.0,18.0,6.0,56.0,12705.0,,,,,,,,,,,,,,,,,,,,,,,,0.0,0.0,0.0,0.0,0.0,0.0,1.0,1.0,55.0,46.0,-4.0,8.2,1.0,75.0,2.0,0.0,6.0,6.0,0.0,23.0,52.0,7.5,1.0,0.465,69.0,6.0,,,,,,,,,,,,,,,,,,,,,,,,,,,,,,,,,,,,,,,,,,,,,,,,,,,,,,,,,,,,,,,,,,,,,,,,,,,,,,,,,,,,,,,,,,,,,,,,,,,,,,,,,,,,,
Pbda39b05ec,2019,,,,,,,,,,,,,,,,,,,23.83299110198494,38.0,25.3421,12.336436206944178,8.186977401241414,1.0466693762553223,0.6729197659231082,3.43932034046113,16.2,66.01,63.0,5.7,14.5,10.9,16.2,1.1,12.1,0.1516587677725118,0.389,0.78,0.25,0.676,126.1,85.545,125.922,81.0899,12.9629,3.80588,9.15699,3.36029,63.2,0.6066350710900474,0.7421875,0.2417061611374407,0.5098039215686274,2.1599173748530376,0.0,0.127,5.0,1.0,30.0,100.0,100.0,26.0,98.0,15.0,21.0,100.0,100.0,28.0,37.0,38.0,98.0,73.0,95.0,0.539,1.33,6.0,0.79,-1.85,12.1,4.84,21.0,11.78,63.7,-4.95,0.0,87.18,6.0,11.29,70.7,4.68,0.52,13.0,5.38,-3.418,18.452,5.481,2.308,3.173,1540.0,1.0,0.607,0.742,0.8,0.242,0.51,0.923,0.152,0.75,0.172,0.121,0.038,0.178,8.6842,5.7632,0.7368,0.4737,2.4211,2019.0,4.0,4.0,2747.6666,-2.12271,15.08561,14.2,2.0,5.070825,12.9629,1.0,3.459,1.981,-0.658,-0.926,-0.841,4.479,1.624,-0.96,-0.09,,,,,,,,,,,,,,,,,,,,,,,,,,,,,0,0,0,,,,,,,,,,,,,,,,,,,,,,,,,,,,,,,,,,,,,,,,,,,,0,,,0.0,,,,,0.0,,,12.0,4.0,1.0,0.0,,,,,,,,,,,,,,0.667,5.933,3.0,0.398,0.075,0.107,-0.074,0.09,-4.9,2.351,1.211,-0.004,38.0,1.0,25.4,12.331,17.8,4.0,1.0,6.49,1.996,4.0,,,,,,,,,,,,,,,,,,,,,,,,,,,,,,,,,,,,,,,,,,,,,,,,,,,,,,,,,,,,,,,,,,,,,,,,,,,,,,,,,,,,,,,,,,,,,,,,,,,,0.0,,,,,0.4,11.259,5.0,1.0,1.0,3.0,0.743,3.0,0.0,11.0,10.32,44.53,1.0,0.806,86.41965263036917,115.93471851549234,0.9670366395299436,7.0,0.4432213517932305,3.0,0.7084282909568956,,31.0,0.868,0.0,0.0,0.02,0.0056,0.0,1.0,0.982,,,,,,,,,,,,,,,,,,,,,,,,,,,,,,,,,,,,,,,,,6.228472632483276,0.3846153846153846,7.975567481389955,0.9230769230769232,7.659653095799095,0.3076923076923077,3.1308809670602176,0.2307692307692307,4.181440915134481,0.8461538461538461,5.321754206356531,0.6923076923076923,0.7672799604286433,0.1538461538461538,1.9452226034536089,1.0,0.1181556195965417,0.0421607378129117,,,0.1259842519685039,0.0288808664259927,0.3835428216664516,0.318521700154923,4.075738831615121,0.7904063509043676,0.1241845841762217,0.1487789441824164,0.0768571428571492,0.0777714285714322,0.0584571428571468,-5.385714285714271,0.0971829977142968,0.3285714285715338,1.3400000000000285,13.440000000000438,6.277428571429073,0.4114285714286226,0.7647058823529411,0.3048780487804878,0.7151898734177216,0.4691358024691358,0.8591549295774648,0.6438356164383562,0.6417910447761194,0.6640764124979763,0.1159743518260384,0.2833430232558139,2.016666666666667,4.839285714285714,,,,,,,,,,,,,,,,,,,,,,,,,,,,,,,,,,,,,
P4043f1171e,2019,,,,,,,,,,,,,,,,,,,,,,,,,,,,,,,,,,,,,,,,,,,,,,,,,,,,,,,,,,,,,,,,,,,,,,,,,,,,,,,,,,,,,,,,,,,,,,,,,,,,,,,,,,,,,,,,,,,,,,,,,,,,,,,,0.0,,,,,,,,,,,25.53,36.0,976.75,27.131944444444443,18.354747888405427,6.413104683900691,2.063987714358843,2.985410801126184,0.5897107755310981,16.33203992833376,63.8,60.863095238095234,,,,,0.2946428571428571,0.3660714285714285,0.7235772357723578,0.3535353535353535,16.36111111111111,3.0,3.0,1.0,3.0,,,0,0,0,,,,,,,,,,,,,,,,,,,,,,,,,,,,,,,,,,,,,,,,,,,,0,,,0.0,13.2154,0.72,,0.0,0.0,,,4.0,2.0,1.0,0.0,,,,,,,,,,,,,,,,0.0,0.239,0.393,-0.004,-0.232,0.011,0.6,-2.605,0.976,-0.061,34.0,0.0,26.2,21.16,4.2,4.0,1.0,1.05,1.82,3.0,,,,,,,,,,,,,,,,,,,,,,,,,,,,,,,,,,,,,,,,,,,,,,,,,,,,,,,,,,,,,,,,,,,,,,,,,,,,,,,,,,,,,,,,,,,,,,,,,,,,0.0,,,,,,,,,,,,,,,,,,,,,,,,,,,,0.0,0.0,0.0,0.0,0.0,0.0,1.0,1.0,,,,,,,,,,,,,,,,,,,,,,,,,,,,,,,,,,,,,,,,,,,,,,,,,,,,,,,,,,,,,,,,,,,,,,,,,,,,,,,,,,,,,,,,,,,,,,,,,,,,,,,,,,,,,,,,,,,,,,,,,,,,,,,
P20a99f84fd,2019,,,,,,,,,,,,,,,,,,,22.034223134839152,35.0,29.7714,18.794695580322056,9.91555654084121,2.2456317136580743,1.416473528285536,1.8656966081541344,25.3,60.5,59.2,14.1,15.0,9.9,21.0,2.3,5.8,0.2285714285714285,0.353,0.647,0.295,0.636,114.6,92.611,129.322,87.964,9.64684,4.74085,4.90599,4.26392,76.8,0.6467532467532467,0.7028112449799196,0.1246753246753246,0.2916666666666667,0.7677550554271164,0.0,0.149,2.0,1.0,12.8,99.0,99.0,87.0,85.0,66.0,79.0,93.0,98.0,90.0,92.0,94.0,77.0,63.0,79.0,0.477,3.38,53.0,0.97,-3.38,0.0,1.05,18.0,16.93,50.3,-7.91,0.0,85.91,0.0,,,6.56,0.48,18.56,8.48,1.808,2.903,2.879,0.913,1.966,1653.0,1.0,0.647,0.695,0.491,0.125,0.333,0.312,0.229,0.923,0.145,0.329,0.018,0.433,15.5429,8.2,1.8571,1.1714,1.5429,2019.0,4.0,4.0,2949.0004,3.86025,5.786589999999999,13.5,11.8,7.326655000000001,9.64684,1.0,2.579,1.094,1.241,0.223,0.72,1.699,1.349,-0.628,1.556,,,,,,,,,,,,,,,,,,,,,,,,,,,,,0,0,0,100.0,100.0,0.0,1.0,,,,,,,,,,,,,,,,,,,,,,,,,,,,,,,,,,,,,,,,0,,,0.0,,,,,0.0,,,4.0,2.0,0.0,0.0,,,,,,,,,,,,,,0.333,6.103,9.0,0.451,0.092,-0.021,-0.007,0.016,0.5,-1.542,0.812,-0.025,35.0,0.0,29.9,18.662,20.8,4.0,1.0,6.92,3.544,3.0,129.322,87.964,22.17,14.1,0.95583924,4.0,9.64684,1.0,-2.851,-5.506,2.1,0.359,-1.0,-14.6,0.7,-4.2,-0.92,-0.4,4.90599,3.61066,4.22627,21.0,92.611,0.092,0.571,59.2,3.86025,35.3,0.0,9.76803,35.0,0.0,25.0,0.2917,0.125,73.4,29.7714,4.74085,6.15737,9.9,114.6,3.8,4.26392,15.5429,76.8,0.7028,0.647,7.0,4.0,2.014,240.991,0.229,15.0,60.5,25.3,4.0,,,,,,,,,,,,,,,,,,,,,,,,,,,,,,,,,,,,,,,,,353.0,2.0,8.0,1.0,19.0,2.0,19.0,9486.0,0.0,1.302,1.0,0.0,0.0,0.0,0.543,3.0,1.0,13.0,3.98,15.96,1.0,0.768,96.44143475134,108.30646246898164,0.7915563415785448,16.0,0.5018735160509483,53.0,0.7107021920197978,,19.0,0.0,0.0,0.0,0.0,0.0,0.0,1.0,1.0,,,,,,,,,,,,,,,,,,,,,,,,,,,,,,,,,,,,,,,,,5.214528510518629,0.8666666666666667,6.199107157761993,0.9333333333333332,5.895906319043336,0.7333333333333333,4.422927035466781,0.2,3.074376304450971,0.8666666666666667,3.723575761075354,0.7333333333333333,0.7635334112721117,0.6,1.4309707686987765,0.9333333333333332,0.19568345323741,0.1301775147928994,0.2862068965517241,0.2804878048780488,0.1934065934065934,0.1232227488151658,0.3851876817775659,0.3664786586223765,3.627360263034289,0.7079791828606855,0.1136278783232659,0.132313598275799,0.0288999999999983,-0.0427999999999976,-0.0566999999999964,-11.989999999999268,0.1844402569999896,-0.2399999999999826,1.299999999999917,18.27999999999892,-1.1949999999999237,4.449999999999728,0.6538461538461539,0.3115942028985507,0.6917562724014337,0.3333333333333333,0.8787878787878788,0.6201780415430267,0.6858407079646017,0.6942720978329288,0.1494505494505494,0.4557034220532318,3.293827160493827,6.4375,,,,,,,,,,,,,,,,,,,,,,,,,,,,,,,,,,,,,
P41398f1a21,2019,,,,,,,,,,,,,,,,,,,,,,,,,,,,,,,,,,,,,,,,,,,,,,,,,,,,,,,,,,,,,,,,,,,,,,,,,,,,,,,,,,,,,,,,,,,,,,,,,,,,,,,,,,,,,,,,,,,,,,,,,,,,,,,,0.0,,,,,,,,,,,26.0,36.0,821.3183333333334,22.81439814814815,17.488955764208356,13.105758830822802,1.972438620023499,0.5259836320062663,4.60235678005483,0.173,72.3,70.3,8.2,20.0,10.6,22.1,0.0,0.3514644351464435,0.75,,,3.0,2.0,5.0,3.0,,,0,0,0,,,,,,,,,,,,,,,,,,,,,,,,,,,,,,,,,,,,80.0,24.0,0.0,75.0,,,,,0,,,0.0,12.592,0.72,,0.0,0.0,,,10.0,4.0,0.0,0.0,,,,,,,,,,,,,,,,,,,,,,,,,,,,,,,,,,,,,,,,,,,,,,,,,,,,,,,,,,,,,,,,,,,,,,,,,,,,,,,,,,,,,,,,,,,,,,,,,,,,,,,,,,,,,,,,,,,,,,,,,,,,,,,,,,,,326.0,6.0,27.0,1.0,60.0,11.0,60.0,17528.0,,,,,,,,,,,,,,,,,,,,,,,,0.0,0.0,0.0,0.0,0.0,0.0,1.0,1.0,,,,,,,,,,,,,,,,,,,,,,,,,,,,,,,,,,,,,,,,,,,,,,,,,,,,,,,,,,,,,,,,,,,,,,,,,,,,,,,,,,,,,,,,,,,,,,,,,,,,,,,,,,,,,,,,,,,,,,,,,,,,,,,
Pfa2560441b,2019,,,,,,,,,,,,,,,,,,,22.882956878850106,32.0,10.5625,16.083010650887577,5.112426035502959,1.2781065088757395,0.8520710059171598,0.6390532544378699,18.0,55.85,53.9,6.0,9.7,5.1,10.0,1.3,1.8,0.7441860465116279,0.1009999999999999,,0.365,0.515,117.7,99.3164,119.987,94.4493,5.22979,4.41358,0.816203,1.18003,,0.1240310077519379,0.6875,0.1240310077519379,0.3125,0.7100591715976332,6.0,0.044,6.0,9.0,28.1,89.0,90.0,37.0,63.0,15.0,31.0,68.0,92.0,38.0,8.0,21.0,89.0,85.0,70.0,0.353,11.36,4.0,0.09,-11.39,0.0,-2.59,11.0,13.33,48.8,-6.75,0.0,92.72,4.0,4.8,18.8,3.84,1.21,8.36,0.6,-7.373,16.463,1.425,-0.749,2.174,509.0,1.0,0.132,0.765,0.385,0.124,0.25,0.25,0.744,1.0,0.118,0.081,0.0,0.174,4.7188,1.5,0.375,0.25,0.1875,2017.0,2.0,2.0,428.0,2.44842,2.7813700000000003,13.2,4.800000000000001,3.839105,5.22979,0.0,1.364,0.376,-0.308,-0.897,-0.539,-0.054,-0.01,1.642,0.807,,25.0,47.0,1545.695,32.88712765957447,15.04565907245608,4.4717748326804445,1.7467870440157989,0.7452958054467408,0.4192288905637917,0.155,61.0,59.5,7.3,6.3,0.7,10.7,0.6586345381526104,0.142570281124498,0.7464788732394366,0.4115853658536585,,2.0,2.0,2.0,2.0,,,0,0,0,,,,,,,,,,,,,,,,,,,,,,,,,,,,,,,,,,,,,,,,,,,,0,,,0.0,12.7888,0.85,,0.0,0.0,,,12.0,4.0,0.0,0.0,,,,,,,,,,,,,,1.0,6.249,1.0,,,,,,,,,,,,,,,,,,,,,,,,,,,,,,,,,,,,,,,,,,,,,,,,,,,,,,,,,,,,,,,,,,,,,,,,,,,,,,,,,,,,,,,,,,,,,,,,,,,,,,,,,,,,,,,,,,,,,,,0.0,,,,,,,,,,,,,,,,,,,,,,,,,,,,0.0,0.0,0.0,0.0,0.0,0.0,1.0,1.0,,,,,,,,,,,,,,,,,,,,,,,,,,,,,,,,,,,,,,,,,,,,,,,,,,,,,,,,,,,,,,,,,,,,,,,,,,,,,,,,,,,,,,,,,,,,,,,,,,,,,,,,,,,,,,,,,,,,,,,,,,,,,,,
Pf450c7fe3d,2019,,,,,,,,,,,,,,,,,,,21.869952087611225,31.0,39.3226,17.39457716427703,6.8810200749696095,3.691587026290225,1.2698956833983512,0.5315416579778549,26.4,52.72,48.6,22.9,16.0,2.3,18.2,2.1,1.6,0.4350515463917526,0.32,0.761,0.374,0.427,103.8,101.765,116.842,97.9866,4.7484,3.20678,1.54162,3.94574,35.4,0.2824742268041237,0.5620437956204379,0.2824742268041237,0.291970802919708,0.2625101250975594,0.0,0.197,1.0,2.0,4.1,90.0,87.0,90.0,38.0,90.0,70.0,57.0,,,,,,,,0.563,6.92,126.0,1.0,-5.15,0.0,1.5,11.0,19.4,53.8,0.14,0.9,127.48,0.0,,,8.76,0.66,17.6,8.68,-6.717,-2.441,-0.252,0.029,-0.282,1804.0,0.0,0.278,0.556,0.187,0.287,0.302,0.262,0.435,0.418,0.044,0.226,0.253,0.691,19.0,7.5161,4.0323,1.3871,0.5806,2019.0,3.0,3.0,3476.0006000000003,3.30409,1.4443100000000002,24.7,1.6999999999999993,4.080886666666667,4.7484,1.0,1.278,-0.158,1.471,1.426,0.46,-0.154,-0.741,0.263,1.199,,,,,,,,,,,,,,,,,,,,,,,,,,,,,0,0,0,,,,,,,,,,,,,,,,,,,,,,,,,,,,,,,,,,,,,72.0,56.0,50.0,58.3,,63.9,,0,,,0.0,,,,,0.0,,,6.0,2.0,1.0,0.0,,,,,,,,,,,,,,0.4,8.03,5.0,-0.774,0.266,-0.018,0.012,-0.046,1.2,0.774,0.444,-0.134,31.0,0.0,39.4,17.36,10.6,3.0,1.0,5.3,-0.257,2.0,116.842,97.9866,22.01,22.9,1.40449318,6.0,4.7484,1.0,0.788,-1.121,-1.5,0.558,-1.4,9.0,2.2,-1.0,-0.72,1.1,1.54162,1.29806,4.22613,18.2,101.765,0.066,0.258,48.6,3.30409,32.0,0.0,4.97472,31.0,0.0,33.0,0.292,0.282,96.7,39.3226,3.20678,3.67666,2.3,103.8,2.7,3.94574,19.0,35.4,0.562,0.282,3.0,3.0,0.722,249.957,0.435,16.0,52.72,26.4,3.0,,,,,,,,,,,,,,,,,,,,,,,,,,,,,,,,,,,,,,,,,67.0,3.0,3.0,1.0,19.0,19.0,19.0,8432.0,,,0.0,1.0,0.0,0.0,0.452,3.0,0.0,0.0,7.04,2.29,0.0,0.763,102.67518938896758,107.07865984013476,0.6184375739469484,17.0,0.4061408490174391,128.0,0.6490122868108372,,14.0,0.0,0.0,0.0,0.0,0.0,0.0,1.0,1.0,,,,,,,,,,,,,,,,,,,4.0,23.9,4.9,8.25,9.0,11.11,33.0,3.11,12.0,0.583,36.0,0.639,25.0,,,25.0,0.72,25.0,0.56,3.26,27.5,6.0,4.262522472706567,1.0,5.942284800365494,0.7857142857142857,4.477907714855855,1.0,5.638930342365177,0.4285714285714285,3.435682910017334,0.4285714285714285,5.362561147411565,0.9285714285714286,0.8692876500424969,0.6785714285714286,1.4733540002037708,0.7142857142857143,0.244865718799368,0.3071324599708879,,,0.2669683257918552,0.3623853211009174,0.3550234713939485,0.33713716754561,3.211976196379866,0.6323242829688043,0.1222251999999999,0.1456784038852233,-0.0484999999999859,-0.0374999999999873,0.0244999999999903,3.571498548180037e-13,0.2076144149999298,-0.3999999999998745,0.7999999999997756,12.399999999996068,-4.089999999998706,0.8499999999997695,0.7542857142857143,0.367816091954023,0.5688622754491018,0.311377245508982,0.8947368421052632,0.4363057324840764,0.5390625,0.3709327548806941,0.3281531664212077,0.702043795620438,1.8162162162162163,5.54054054054054,73.0,74.25,181.2,79.0,98.0,4.9,8.25,9.0,27.5,33.0,11.11,3.11,3.26,4.0,23.90621276611291,6.0,,,,18.0,25.0,0.72,14.0,25.0,0.56,7.0,12.0,0.5833333333333334,,,,23.0,36.0,0.6388888888888888,,,
P4516ced6d5,2019,,,,,,,,,,,,,,,,,,,19.54551676933607,32.0,23.3125,15.008120107238604,12.836461126005362,0.4342391420911528,0.9169672922252012,2.991957104557641,21.3,55.58,60.7,2.4,16.6,15.7,21.1,1.4,8.8,0.0,0.584,0.352,,0.607,103.7,98.6786,108.714,94.9939,2.73398,-0.0157362,2.74972,1.69952,94.8,0.8264840182648402,0.6740331491712708,0.1735159817351598,0.2894736842105263,3.806970509383378,1.0,0.113,4.0,3.0,6.3,85.0,85.0,76.0,72.0,2.0,35.0,98.0,71.0,70.0,6.0,59.0,93.0,98.0,48.0,0.341,0.0,94.0,0.78,-7.69,0.0,-1.14,7.0,14.86,55.2,-2.29,0.0,108.81,0.0,,,7.09,0.78,15.88,3.7,2.265,0.564,1.584,-1.24,2.824,1253.0,1.0,0.817,0.676,0.521,0.183,0.3,0.417,0.0,,0.318,0.391,,,9.7188,8.3125,0.2812,0.5938,1.9375,2019.0,1.0,1.0,746.0,2.73398,0.0,21.3,0.0,2.73398,2.73398,1.0,0.743,0.302,0.406,-1.377,-0.45,3.023,2.944,-1.614,0.591,,,,,,,,,,,,,,,,,,,,,,,,,,,,,1,0,0,20.0,15.0,-5.0,7.0,24.0,,,,,,,,,,,,,,,,,,,,,,,,,,,,,,,,,,0.0,,,,,0,,,0.0,,,,,0.0,,,10.0,4.0,1.0,0.0,,,,,,,,,,,,,,0.5,9.661,16.0,,,,,,,,,,32.0,1.0,23.4,14.923,0.0,1.0,1.0,,,0.0,108.714,94.9939,19.69,2.4,0.1836468,10.0,2.73398,,,,,,,,,,,,2.74972,1.31735,2.75568,21.1,98.6786,0.409,2.219,60.7,,58.4,0.0,2.58312,32.0,0.0,32.0,0.2895,0.174,55.9,23.3125,-0.0157362,1.26577,15.7,103.7,4.0,1.69952,9.7188,94.8,0.674,0.826,8.0,1.0,,182.479,0.0,16.6,55.58,21.3,1.0,,,,,,,,,,,,,,,,,,,,,,,,,,,,,,,,,,,,,,,,,306.0,4.0,10.0,1.0,42.0,5.0,42.0,14363.0,0.0,1.364,2.0,1.0,0.0,0.0,0.515,3.0,,1.0,3.24,9.88,0.0,0.785,103.00651578360116,109.51084419469235,0.669109521503566,16.0,0.6070063295835453,102.0,0.6427509686133167,,17.0,0.0,0.0,0.0,0.0,0.0,0.0,1.0,1.0,24.0,15.0,-8.0,7.9,1.0,85.0,5.0,0.0,4.0,4.0,0.0,17.0,24.0,6.8,1.0,0.775,32.0,1.0,,22.94,7.8,9.5,10.25,11.95,31.0,3.3,,,,,27.75,,,,,,,3.51,27.0,3.5,5.198770779334432,0.75,5.068980077575131,0.6666666666666666,10.37190276252502,0.25,4.941149785164246,0.3333333333333333,2.793990746136756,1.0,4.3254973793932665,0.9166666666666666,0.6586929909853548,0.5833333333333334,0.8003772194082568,0.9166666666666666,0.1666666666666666,0.0,,,0.0925925925925925,0.0,0.372684039644336,0.4141701324127119,2.883303289770167,0.7361115758725439,0.1108081699129544,0.1307857026636909,,,,,,,,,,,0.3986486486486486,0.34,0.6635071090047393,0.3382352941176471,0.9523809523809524,0.5907335907335908,0.4766355140186916,0.861978788319047,0.0,0.0897578475336322,2.415686274509804,7.359999999999999,85.25,86.5,237.2,88.75,113.0,7.8,9.5,10.25,27.0,31.0,11.95,3.3,3.51,,22.946910231650374,3.5,,,,,,,,,,,,,,,,,,,,,
P1a41a85440,2019,,,,,,,,,,,,,,,,,,,20.08487337440109,31.0,30.1935,15.653832778578172,9.076933777137464,1.8461721893785084,0.7307665557156342,0.7692781558944806,24.8,51.87,47.6,12.5,19.8,9.0,19.6,1.2,2.5,0.1596385542168674,0.3829999999999999,0.717,0.226,0.502,99.7,107.761,110.259,103.03,1.56565,0.373129,1.19252,2.36975,95.4,0.4939759036144578,0.6524390243902439,0.3463855421686747,0.2869565217391304,0.5982915570911705,0.0,0.151,1.0,3.0,-3.2,76.0,71.0,89.0,42.0,62.0,26.0,74.0,61.0,87.0,87.0,45.0,30.0,54.0,27.0,0.497,2.26,157.0,0.94,-4.82,0.0,0.91,11.0,12.38,43.8,-7.46,0.0,126.39,0.0,,,6.56,0.72,13.86,4.66,3.344,-11.755,0.179,0.667,-0.488,1353.0,1.0,0.488,0.648,0.362,0.352,0.299,0.2,0.16,0.667,0.167,0.311,0.053,0.646,13.129,7.6129,1.5484,0.6129,0.6452,2019.0,1.0,1.0,935.9985,1.56565,0.0,24.8,0.0,1.56565,1.56565,1.0,0.433,-0.295,1.137,0.004,-0.711,0.243,1.102,-0.925,0.756,,17.23,7.0,202.0,28.857142857142858,27.980198019801986,7.128712871287129,3.9207920792079207,2.1386138613861387,0.7128712871287128,28.05861386138614,58.4,52.67857142857143,,,,,0.25,0.4553571428571428,0.7647058823529411,0.3571428571428571,20.285714285714285,1.0,1.0,2.0,1.0,20.63181023984752,2.0,0,1,0,23.0,22.0,-1.0,7.0,19.0,,,,,,,,,,,,,,,,,,,,,,,,,,,,,,,,40.0,56.0,50.0,50.0,,63.3,,0,,,0.0,8.3941,0.3,,3.0,0.0,,,3.0,1.0,0.0,0.0,,,,,,,,,,,,,,0.667,24.441,6.0,,,,,,,,,,31.0,1.0,30.2,15.616,0.0,1.0,1.0,,,0.0,110.259,103.03,20.22,12.5,0.60759696,3.0,1.56565,,,,,,,,,,,,1.19252,-0.126404,2.74683,19.6,107.761,0.098,0.452,47.6,,38.3,0.0,1.59432,31.0,1.0,,0.287,0.346,74.9,30.1935,0.373129,1.72072,9.0,99.7,2.9,2.36975,13.129,95.4,0.6524,0.494,7.0,1.0,,173.302,0.16,19.8,51.87,24.8,1.0,,,,,,,,,,,,,,,,,,,,,,,,,,,,,,,,,,,,,,,,,359.0,6.0,11.0,1.0,28.0,10.0,28.0,13778.0,,,0.0,1.0,0.0,0.0,0.355,3.0,,10.0,3.84,-4.39,0.0,0.902,104.4251548987154,104.39246804153504,0.4990999359888248,20.0,0.4013544876174028,158.0,0.6588836130213741,,11.0,0.0,0.0,0.0,0.0,0.0,0.0,1.0,1.0,21.0,17.0,6.0,4.5,1.0,80.0,3.0,0.0,4.0,4.0,0.0,10.0,19.0,3.94,1.0,0.8,27.0,1.0,,,,,,,,,,,,,,,,,,,,,,,2.966796809907726,1.0,6.580306858626015,0.6923076923076923,7.367959718619869,0.7307692307692307,4.930245739738807,0.5384615384615384,4.165634058996145,0.7692307692307693,3.0021391969758726,1.0,0.8357552365514856,0.5384615384615384,1.6003982626242967,0.8076923076923077,0.1864904552129221,0.0828125,0.2719734660033167,0.4,0.1842105263157894,0.0609137055837563,0.3639737783291508,0.317235347115202,2.698306280875088,0.5937536418494198,0.1209251999999999,0.1342272162097578,,,,,,,,,,,0.7142857142857143,0.2815533980582524,0.6443298969072165,0.3103448275862069,0.8846153846153846,0.5015673981191222,0.6283783783783784,0.5668763535113953,0.1140275387263339,0.3885658914728682,1.6216216216216215,7.333333333333334,79.25,81.0,212.6,84.75,105.5,6.7,8.75,9.75,27.5,35.5,11.44,3.32,3.34,8.0,23.799236554255337,5.5,,,,10.0,25.0,0.4,14.0,25.0,0.56,6.0,12.0,0.5,,,,19.0,30.0,0.6333333333333333,,,
P2185571f79,2019,,,,,,,,,,,,,,,,,,,22.223134839151268,38.0,30.9737,13.121519224374229,3.609216851716133,3.762056196063112,2.141029324878849,0.1223877031158692,22.4,52.66,49.3,20.3,21.2,0.8,10.6,3.5,0.4,0.3469945355191257,0.238,0.782,0.386,0.448,98.4,88.0742,106.818,83.4873,5.48027,1.65734,3.82294,2.06718,,0.2568306010928962,0.5957446808510638,0.3961748633879781,0.3517241379310344,0.0,0.0,0.155,2.0,6.0,30.0,90.0,91.0,71.0,40.0,88.0,97.0,24.0,96.0,74.0,72.0,96.0,32.0,4.0,49.0,0.576,4.32,6.0,1.0,-0.27,0.0,4.99,21.0,14.48,53.1,-0.23,0.0,87.18,6.0,15.19,53.8,5.33,0.67,11.46,3.2,-2.588,19.115,6.382,1.686,4.695,1899.0,1.0,0.257,0.596,0.268,0.396,0.352,0.216,0.347,0.694,0.011,0.188,0.106,0.605,11.2895,3.1053,3.2368,1.8421,0.1053,2019.0,4.0,4.0,3641.4598,-0.63094,6.11121,21.1,1.2999999999999972,3.41845,5.55067,1.0,1.472,-0.168,0.636,1.071,2.28,-0.684,-1.153,-0.117,0.11,,,,,,,,,,,,,,,,,,,,,,,,,,,,,0,0,0,,,,,,,,,,,,,,,,,,,,,,,,,,,,,,,,,,,,,,,,,,,,0,,,0.0,,,,,0.0,,,8.0,3.0,1.0,0.0,,,,,,,,,,,,,,,,0.0,0.185,-0.002,-0.019,0.034,-0.047,0.4,-8.877,-1.224,-0.263,38.0,0.0,31.0,13.123,11.8,4.0,1.0,3.49,0.102,4.0,,,,,,,,,,,,,,,,,,,,,,,,,,,,,,,,,,,,,,,,,,,,,,,,,,,,,,,,,,,,,,,,,,,,,,,,,,,,,,,,,,,,,,,,,,,,,,,,,76.0,23.0,23.0,1.0,32.0,32.0,32.0,6169.0,0.4,11.259,5.0,1.0,1.0,3.0,0.743,3.0,0.0,13.0,12.96,52.02,1.0,0.806,86.41965263036917,115.93471851549234,0.9670366395299436,7.0,0.4432213517932305,3.0,0.7084282909568956,,31.0,0.89,0.0,0.0,0.04,0.0085,0.0,1.0,0.982,,,,,,,,,,,,,,,,,,,,,,,,,,,,,,,,,,,,,,,,,6.383296129649616,0.9230769230769232,8.571799327557807,0.5384615384615384,7.641953211338235,0.9230769230769232,2.7424703152435304,0.8461538461538461,4.541824621516754,0.1538461538461538,5.348588382666573,0.3846153846153846,0.6263231544604126,0.9230769230769232,4.023808477486493,0.2307692307692307,0.1253602305475504,0.1673254281949934,,,0.1338582677165354,0.1768953068592057,0.3556665342961878,0.3726561143350584,5.466106508875741,0.7049109383271561,0.1241845841762217,0.1487789441824164,-0.0142285714285735,0.0020857142857148,0.0045142857142856,1.3457142857142217,-0.0700120857142843,-0.4571428571429111,0.122857142857101,8.482857142857426,-0.623428571428686,0.7942857142855789,0.7663551401869159,0.3728813559322034,0.5967741935483871,0.36,0.8181818181818182,0.4551971326164875,0.6021505376344086,0.3271989710101909,0.2659210459118533,0.6836068376068377,0.7179487179487181,3.257142857142857,,,,,,,,,,,,,,,,,,,,,,,,,,,,,,,,,,,,,
Pb14e5c1c97,2019,,,,,,,,,,,,,,,,,,,23.978097193702943,33.0,33.3636,16.871992231054204,5.427795561630041,1.50404632593605,1.1117145631766356,0.3269431356328454,21.6,59.03,55.6,9.2,13.5,3.7,12.6,1.8,1.0,0.4629156010230179,0.248,0.835,0.403,0.514,113.7,96.9002,121.247,94.5205,6.33742,4.51244,1.82498,3.89706,21.0,0.2352941176470588,0.6195652173913043,0.3017902813299232,0.4322033898305085,0.6902823145674637,0.0,0.167,4.0,2.0,16.7,95.0,95.0,67.0,75.0,36.0,60.0,50.0,97.0,69.0,27.0,47.0,67.0,68.0,87.0,0.611,6.58,26.0,1.0,0.4,3.4,1.14,6.0,17.55,59.2,-1.49,0.0,110.06,2.0,23.59,72.4,7.63,0.7,14.54,5.88,17.865,15.559,6.455,3.198,3.257,1766.0,1.0,0.235,0.62,0.404,0.302,0.432,0.569,0.463,0.822,0.13,0.14,0.082,0.353,15.6364,5.0303,1.3939,1.0303,0.303,2019.0,3.0,3.0,2241.3316,4.03382,2.303599999999999,16.4,5.200000000000003,4.44606,6.33742,1.0,1.7,0.858,0.469,-0.447,0.07,-0.419,-0.356,0.384,1.066,,,,,,,,,,,,,,,,,,,,,,,,,,,,,0,0,0,,,,,,,,,,,,,,,,,,,,,,,,,,,,,,,,,,,,,,,,,,,,0,,,0.0,,,,,0.0,,,10.0,4.0,1.0,0.0,,,,,,,,,,,,,,0.111,1.07,9.0,0.37,0.096,-0.037,-0.037,0.111,17.6,2.004,-0.307,0.166,33.0,1.0,33.4,16.814,12.7,3.0,1.0,6.35,2.32,4.0,,,,,,,,,,,,,,,,,,,,,,,,,,,,,,,,,,,,,,,,,,,,,,,,,,,,,,,,,,,,,,,,,,,,,,,,,,,,,,,,,,,,,,,,,,,,,,,,,1564.0,22.0,41.0,1.0,54.0,36.0,193.0,32931.0,1.0,8.889,1.0,1.0,1.0,2.0,0.727,2.0,0.0,15.0,7.89,32.52,0.0,0.854,94.3898605370901,113.58958205940864,0.8937203010858019,9.0,0.4685063664404616,21.0,0.6407433359524933,,24.0,0.89,0.0,0.0,0.03,0.0085,0.0,0.938,0.988,,,,,,,,,,,,,,,,,,,,,,,,,,,,,,,,,,,,,,,,,3.9787501324158674,0.5833333333333334,6.367521354784982,0.8333333333333334,7.793377939961349,0.4166666666666667,4.903072923358224,0.1666666666666666,4.348732158608237,0.5,6.19341921680123,0.5,0.7546498225273781,0.75,4.100764673931782,0.5833333333333334,0.1215538847117794,0.2882165605095541,0.1373134328358209,0.1635220125786163,0.1563706563706563,0.3187772925764192,0.3159762369586966,0.4321776788160411,4.481214011516315,0.7968759632283086,0.1257209633565041,0.1379538127525926,-0.0080384615384588,-0.0078846153846138,0.0004999999999937,2.553846153845761,0.0593785861538438,-0.1769230769230002,0.6884615384616694,10.123076923074551,-0.8580769230767371,1.2461538461537098,0.811965811965812,0.3896103896103896,0.6147540983606558,0.4256756756756756,0.7777777777777778,0.512,0.5757575757575758,0.3105515587529976,0.3758716418562965,0.3521238938053097,1.2857142857142858,4.405405405405405,,,,,,,,,,,,,,,,,,,,,,,,,,,,,,,,,,,,,
P9308e80088,2019,,,,,,,,,,,,,,,,,,,21.6454483230664,24.0,12.5,16.079904,7.920000000000001,1.4400000000000002,0.239904,3.479904,19.0,69.5,69.4,8.0,17.4,9.7,15.2,0.4,10.6,0.0,0.282,0.667,,0.694,123.9,98.1157,128.9,92.7084,7.44555,2.7536,4.69195,1.79751,71.6,0.6235294117647059,0.8301886792452831,0.3764705882352941,0.46875,2.1333333333333333,11.0,0.043,5.0,2.0,24.0,97.0,96.0,46.0,99.0,32.0,1.0,99.0,94.0,53.0,60.0,2.0,96.0,61.0,98.0,0.499,0.0,14.0,0.17,,,,16.0,16.86,72.4,-4.19,7.1,74.79,1.0,,,3.97,0.89,7.46,0.7,-1.408,9.935,1.815,1.823,-0.008,469.0,1.0,0.612,0.827,0.814,0.388,0.485,0.312,0.0,,0.115,0.114,,,5.5833,2.75,0.5,0.0833,1.2083,2019.0,2.0,2.0,1067.0007,5.3047,2.1408499999999995,23.2,-4.199999999999999,6.375125000000001,7.44555,1.0,1.994,2.543,-0.074,-0.611,-1.751,3.818,1.294,-1.614,0.864,,,,,,,,,,,,,,,,,,,,,,,,,,,,,0,0,0,,,,,,,,,,,,,,,,,,,,,,,,,,,,,,,,,,,,,,,,,,,,0,,,0.0,,,,,0.0,,,9.0,3.0,,0.0,,,,,,,,,,,,,,,,,,,,,,,,,,,,,,,,,,,,128.9,92.7084,21.79,8.0,0.70591558,9.0,7.44555,1.0,7.18,-3.847,3.0,2.141,9.3,1.0,-40.0,12.8,9.2,-4.2,4.69195,3.5655,1.59403,15.2,98.1157,0.321,0.667,69.4,5.3047,28.2,0.0,3.36965,24.0,0.0,18.0,0.4688,0.376,21.4,12.5,2.7536,-0.195844,9.7,123.9,10.1,1.79751,5.5833,71.6,0.8302,0.624,8.0,2.0,2.141,60.3597,0.0,17.4,69.5,19.0,2.0,,,,,,,,,,,,,,,,,,,,,,,,,,,,,,,,,,,,,,,,,,,,0.0,,,,,0.0,-0.683,2.0,1.0,1.0,2.0,0.657,3.0,0.0,2.0,9.26,31.59,3.0,0.86,97.8064688312225,119.12664523967172,0.906171439964846,12.0,0.5072329638641289,16.0,0.7209589058769117,,23.0,0.0,0.0,0.0,0.0,0.0,0.0,1.0,1.0,,,,,,,,,,,,,,,,,,,,,,,,,,,,,,,,,,,,,,,,,6.308530327362619,0.5,6.659385513788664,1.0,5.547159706330337,0.4285714285714285,3.255055468389772,0.6428571428571429,2.811508710073287,0.7857142857142857,4.187696297327274,0.5714285714285714,0.528394442226697,0.1428571428571428,2.2186404772404256,0.9285714285714286,0.0390243902439024,0.0,0.0850722311396468,0.2297297297297297,0.0355555555555555,0.0,0.4296993862704261,0.2885776504280782,4.294440961337515,0.9375462868637524,0.1297874697964198,0.1409800420324611,0.093000000000018,0.0,0.0780000000000151,1.000000000000194,0.3911097200000762,-4.20000000000082,-4.000000000000779,-40.00000000000779,9.200000000001786,-4.200000000000819,0.6818181818181818,0.34,0.7469879518072289,0.4354838709677419,0.925925925925926,0.632,0.7777777777777778,0.6651318543323567,0.0,0.3304,0.770909090909091,2.243243243243243,,,,,,,,,,,,,,,,,,,,,,,,,,,,,,,,,,,,,
P19aaf87bc8,2019,,,,,,,,,,,,,,,,,,,22.45311430527036,34.0,31.4706,13.96263178967036,5.753255419343769,1.6486244304207736,1.2111875846027722,0.5383310137080323,23.6,50.13,47.2,9.3,13.9,5.7,12.6,2.1,1.5,0.2732394366197183,0.349,0.645,0.299,0.481,98.0,90.679,108.676,86.7807,5.30812,1.41378,3.89434,2.31699,88.2,0.3267605633802817,0.7327586206896551,0.4,0.2746478873239437,1.1214949078523708,3.0,0.145,2.0,6.0,28.1,90.0,91.0,79.0,24.0,37.0,73.0,60.0,95.0,80.0,28.0,61.0,82.0,88.0,31.0,0.477,3.63,5.0,1.0,-4.32,0.0,1.31,18.0,13.76,49.0,-3.7,0.0,88.53,3.0,16.54,55.9,6.96,0.84,13.2,2.76,-15.27,16.377,0.283,-2.102,2.386,1650.0,1.0,0.327,0.716,0.349,0.4,0.289,0.22,0.273,0.793,0.112,0.213,0.057,0.581,12.2059,5.0294,1.4412,1.0588,0.4706,2019.0,3.0,3.0,2643.9052,3.95141,1.3567099999999996,13.0,10.6,4.745956666666667,5.30812,1.0,1.427,-0.575,0.887,-0.434,0.46,-0.198,0.194,-0.435,0.324,,,,,,,,,,,,,,,,,,,,,,,,,,,,,0,0,0,,,,,,,,,,,,,,,,,,,,,,,,,,,,,,,,,,,,,,,,,,,,0,,,0.0,,,,,0.0,,,5.0,2.0,1.0,0.0,,,,,,,,,,,,,,0.458,9.771,24.0,-1.27,-0.146,-0.064,-0.019,0.087,1.4,-1.605,-0.864,0.42,34.0,0.0,31.5,13.943,21.2,3.0,1.0,10.6,4.001,3.0,,,,,,,,,,,,,,,,,,,,,,,,,,,,,,,,,,,,,,,,,,,,,,,,,,,,,,,,,,,,,,,,,,,,,,,,,,,,,,,,,,,,,,,,,,,,,,,,,1174.0,9.0,38.0,1.0,48.0,17.0,164.0,39572.0,0.5,19.56,6.0,1.0,1.0,3.0,0.811,3.0,0.0,1.0,11.47,44.67,3.0,0.847,86.76835699496428,115.32202339430336,0.9634413488718204,7.0,0.4463045239204371,4.0,0.7213980486179042,,30.0,0.0,0.0,0.0,0.0,0.0,0.0,1.0,1.0,56.0,36.0,4.0,16.9,1.0,78.0,2.0,0.0,6.0,6.0,0.0,42.0,50.0,15.47,1.0,0.4504,78.0,4.0,9.0,23.1,3.8,8.5,8.75,11.26,37.5,3.24,12.0,0.333,28.0,0.607,26.0,,,27.0,0.556,25.0,0.32,3.38,29.5,4.5,3.444982649946503,0.7142857142857143,8.016109092739692,0.5,11.68404044862372,0.7857142857142857,4.750358190223477,0.3571428571428571,3.044215873702993,0.6428571428571429,3.716240366207237,0.4285714285714285,0.5227945733073752,0.8571428571428571,2.4870549769422534,0.6428571428571429,0.2141623488773748,0.1156138259833134,0.1595598349381017,0.2689075630252101,0.1970443349753694,0.1010452961672473,0.4217654483337228,0.351173294085598,4.003883949461861,0.9094003533800052,0.1347364752651871,0.1448062548695049,0.0129999999999965,0.0179285714285676,0.0764285714285566,-10.728571428569223,0.0846016764285503,-1.6499999999996495,2.049999999999528,16.91428571428217,2.14571428571381,3.899999999999174,0.6527777777777778,0.3129251700680272,0.7054794520547946,0.2965116279069767,0.9285714285714286,0.4832214765100671,0.6547619047619048,0.4164469186443988,0.1783646322378717,0.3255,1.7500000000000002,5.545454545454546,77.0,78.25,194.8,81.5,103.0,3.8,8.5,8.75,29.5,37.5,11.26,3.24,3.38,9.0,23.09967180194101,4.5,,,,15.0,27.0,0.5555555555555556,8.0,25.0,0.32,4.0,12.0,0.3333333333333333,,,,17.0,28.0,0.6071428571428571,,,
Pa5b07b6f43,2019,,,,,,,,,,,,,,,,,,,22.236824093086927,32.0,35.625,19.23152842105263,6.221002105263159,1.5157894736842106,1.0736842105263158,0.7894231578947369,27.3,55.12,49.7,10.1,11.1,6.4,13.1,1.7,2.7,0.3697478991596639,0.3379999999999999,0.845,0.358,0.473,108.0,105.947,120.752,106.545,2.27951,3.04744,-0.767928,4.09967,,0.2478991596638655,0.6610169491525424,0.3718487394957983,0.3502824858757062,0.3157894736842105,1.0,0.173,1.0,2.0,-2.1,75.0,73.0,94.0,54.0,42.0,55.0,77.0,72.0,96.0,63.0,56.0,79.0,52.0,62.0,0.598,6.18,164.0,1.0,-5.84,0.0,3.67,2.0,25.67,58.2,4.55,2.8,149.53,0.0,,,7.46,0.56,20.06,7.32,8.509,-0.702,1.114,1.329,-0.215,1595.0,1.0,0.253,0.661,0.385,0.38,0.35,0.371,0.367,0.678,0.229,0.156,0.118,0.513,19.0312,6.1562,1.5,1.0625,0.7812,2019.0,2.0,2.0,2199.0003,2.213,0.06651,18.2,9.1,2.246255,2.27951,1.0,0.623,0.228,1.659,-0.324,-0.06,0.331,0.387,-0.018,1.668,,,,,,,,,,,,,,,,,,,,,,,,,,,,,0,0,0,,,,,,,,,,,,,,,,,,,,,,,,,,,,,,,,,,,,,,,,,,,,0,,,0.0,,,,,0.0,,,2.0,1.0,1.0,0.0,,,,,,,,,,,,,,0.667,13.931,3.0,0.359,0.072,0.055,-0.028,0.026,1.4,5.74,1.007,0.27,32.0,1.0,35.6,19.213,1.4,2.0,1.0,1.4,5.74,2.0,120.752,106.545,22.38,10.1,0.81353728,2.0,2.27951,1.0,14.224,3.211,3.6,0.067,1.9,9.7,1.3,1.6,3.35,9.1,-0.767928,-0.73569,2.82145,13.1,105.947,0.102,0.281,49.7,2.213,33.8,0.0,3.52871,32.0,0.0,38.0,0.3503,0.376,86.0,35.625,3.04744,4.2644,6.4,108.0,2.9,4.09967,19.0312,,0.661,0.251,5.0,2.0,0.067,206.233,0.374,11.1,55.12,27.3,2.0,,,,,,,,,,,,,,,,,,,,,,,,,,,,,,,,,,,,,,,,,,,,0.0,,,,,,,0.0,1.0,0.0,0.0,0.424,2.0,0.0,2.0,3.33,-0.02,0.0,0.911,106.33600735326807,106.32870163406474,0.4998024689500653,19.0,0.5631629395220018,157.0,0.5548168374453719,,14.0,0.971,0.0,0.0188,0.02,0.0762,0.0,0.756,0.688,,,,,,,,,,,,,,,,,,,,,,,,,,,,,,,,,,,,,,,,,4.054371628883221,0.9166666666666666,3.998387059935178,0.8333333333333334,7.61475014178078,0.6666666666666666,3.58354464183603,0.4166666666666667,1.6189020810641137,0.9166666666666666,5.246495952735195,0.5,0.512730670364912,0.625,2.3012668831043483,0.8333333333333334,0.2617886178861788,0.2025316455696202,,,0.2943722943722944,0.225,0.4475515321725555,0.324908095123252,3.491493475108748,0.8821406918415347,0.1266966970861973,0.1481672765434341,0.0540000000000085,-0.013000000000002,0.0130000000000021,4.850000000000765,-0.0515539400000081,1.5500000000002458,-0.2000000000000307,0.6500000000001054,1.6750000000002612,4.550000000000721,0.8287292817679558,0.3539823008849557,0.6486486486486487,0.357487922705314,0.8181818181818182,0.4764705882352941,0.6509433962264151,0.3453295296613269,0.3064209109057988,0.3172756183745583,2.086363636363636,5.0,,,,,,,,,,,,,,,,,,,,,,,,,,,,,,,,,,,,,
P1464c171bc,2019,,,,,,,,,,,,,,,,,,,21.52498288843258,33.0,35.7059,18.53381093880844,5.011541509946536,3.647397208864641,1.2751169974710062,0.9785945740059768,31.2,49.95,46.5,21.3,18.4,2.4,12.9,2.0,3.4,0.3788461538461538,0.375,0.656,0.284,0.489,94.3,103.863,107.339,102.701,-0.0519415,-0.398747,0.346806,2.48559,61.0,0.4365384615384615,0.5594713656387665,0.1846153846153846,0.3229166666666667,0.5092104717096666,0.0,0.179,1.0,7.0,5.0,50.0,48.0,98.0,22.0,88.0,65.0,81.0,,,,,,,,0.475,6.69,111.0,1.0,-2.61,0.0,1.23,3.0,19.41,46.7,-1.29,0.0,153.61,1.0,21.18,40.3,5.74,0.53,14.92,7.16,18.146,4.942,3.194,2.192,1.002,1820.0,0.0,,,,,,,,,,,,,18.3824,4.9706,3.6176,1.2647,0.9706,2019.0,3.0,3.0,3064.1337000000003,1.31727,-1.3692115,25.8,5.399999999999999,1.311256166666667,2.66844,1.0,0.004,-0.604,2.473,1.208,0.33,0.64,-0.713,0.021,1.49,,,,,,,,,,,,,,,,,,,,,,,,,,,,,0,0,0,,,,,,,,,,,,,,,,,,,,,,,,,,,,,,,,,,,,,,,,,,,,0,,,0.0,,,,,0.0,,,10.0,4.0,1.0,0.0,,,,,,,,,,,,,,,,0.0,-0.235,-0.231,0.078,0.017,0.024,7.8,0.242,0.027,-0.172,35.0,1.0,34.9,1.238,7.8,2.0,1.0,7.8,0.242,1.0,107.339,102.701,21.66,21.3,0.9839793,10.0,-0.0519415,0.0,-11.141,3.152,-6.6,-2.72,-1.7,2.4,2.8,-6.5,-1.85,-4.4,0.346806,-0.567119,3.34535,12.9,103.863,0.075,0.455,46.5,1.31727,37.5,0.0,0.0144825,33.0,0.0,10.0,0.3229,0.185,90.1,35.7059,-0.398747,0.581602,2.4,94.3,2.7,2.48559,18.3824,61.0,0.5595,0.437,3.0,3.0,-0.685,224.504,0.379,18.4,49.95,31.2,3.0,,,,,,,,,,,,,,,,,,,,,,,,,,,,,,,,,,,,,,,,,448.0,3.0,11.0,1.0,9.0,3.0,19.0,8321.0,1.0,21.014,1.0,1.0,1.0,1.0,0.706,2.0,0.0,15.0,4.95,9.63,0.0,0.813,102.23671015390607,107.7382289721362,0.6462868489904825,10.0,0.5450290978649677,114.0,0.529025203635883,,24.0,0.0,0.0,0.0,0.0,0.0,0.0,1.0,1.0,,,,,,,,,,,,,,,,,,,,,,,,,,,,,,,,,,,,,,,,,2.7981095871650443,1.0,4.625746307752817,0.25,5.848179177356913,1.0,6.126194636202645,0.3333333333333333,3.374738296852432,0.25,3.941478123898258,0.3333333333333333,0.7698544875906904,0.5833333333333334,2.6528351121423595,0.75,0.2901785714285714,0.2387878787878788,0.2990777338603425,0.2151898734177215,0.2889390519187358,0.1783439490445859,0.4115206203493703,0.4215977325041946,4.904679502802827,0.605939678485067,0.1351499136422277,0.1608527513210942,-0.0374999999999884,-0.0359999999999877,-0.0344999999999904,-1.9499999999992763,0.1153701849999538,-1.349999999999645,0.2499999999998917,14.949999999995264,-4.649999999998568,2.699999999998949,0.6604651162790698,0.2955465587044534,0.5642023346303502,0.3412698412698413,0.8888888888888888,0.4903581267217631,0.5333333333333333,0.5163420270716409,0.2502146690518783,0.539776397515528,2.518518518518518,4.135135135135135,,,,,,,,,,,,,,,,,,,,,,,,,,,,,,,,,,,,,
Pbafaf944fd,2019,,,,,,,,,,,,,,,,,,,21.57700205338809,36.0,32.6389,21.446752188339683,11.36685366234769,1.868886512719485,1.3787229349028307,1.1643039440667426,28.5,57.82,52.5,11.1,14.0,11.0,23.2,2.2,3.7,0.1751968503937007,0.4039999999999999,0.815,0.393,0.511,114.4,93.3737,135.466,86.4803,8.40664,4.6974,3.70924,5.38115,93.0,0.4251968503937008,0.6527777777777778,0.3996062992125984,0.3596059113300492,0.068085083205078,0.0,0.163,1.0,1.0,19.8,99.0,98.0,95.0,71.0,52.0,74.0,83.0,96.0,97.0,81.0,92.0,52.0,74.0,62.0,0.593,3.03,16.0,0.97,-0.74,0.0,1.32,24.0,23.36,56.0,-1.57,0.0,53.36,2.0,31.25,66.1,7.07,0.44,20.56,12.02,-1.931,6.881,3.928,2.149,1.78,2005.0,1.0,0.415,0.654,0.428,0.409,0.365,0.316,0.175,0.914,0.209,0.237,0.015,0.532,19.4444,10.3056,1.6944,1.25,1.0556,2019.0,3.0,3.0,3340.9998,4.16632,4.24032,27.8,0.6999999999999993,6.792046666666667,8.40664,1.0,2.249,0.663,1.91,-0.187,0.59,0.773,1.652,-0.858,2.233,,,,,,,,,,,,,,,,,,,,,,,,,,,,,0,0,0,,,,,,,,,,,,,,,,,,,,,,,,,,,,,,,,,,,,,,,,,,,,0,,,0.0,,,,,0.0,,,3.0,1.0,1.0,0.0,,,,,,,,,,,,,,0.182,4.756,11.0,-1.566,-0.977,0.029,0.123,0.074,-1.9,1.389,1.044,0.079,36.0,1.0,32.6,21.423,0.4,3.0,1.0,0.2,1.879,3.0,,,,,,,,,,,,,,,,,,,,,,,,,,,,,,,,,,,,,,,,,,,,,,,,,,,,,,,,,,,,,,,,,,,,,,,,,,,,,,,,,,,,,,,,,,,,,,,,,417.0,5.0,8.0,1.0,16.0,9.0,20.0,7280.0,0.2,1.618,10.0,1.0,1.0,2.0,0.722,3.0,0.0,1.0,7.02,35.29,2.0,0.802,93.67581643553048,113.73300678674812,0.9030126801271416,10.0,0.7123646104572524,17.0,0.7929431741351609,,26.0,0.0,0.0,0.0,0.0,0.0,0.0,1.0,1.0,34.0,21.0,3.0,9.4,1.0,80.0,4.0,0.0,6.0,6.0,0.0,24.0,32.0,8.61,1.0,0.6739,45.0,4.0,10.0,26.25,8.9,9.75,9.75,11.8,26.0,3.54,12.0,0.5,31.0,0.677,28.5,,,25.0,0.64,25.0,0.4,3.6,23.5,7.25,2.6287252485226045,1.0,7.281125024912091,0.5833333333333334,4.760839251624921,0.5833333333333334,2.195396634309764,0.0,3.5133842251067144,0.8333333333333334,3.9811380127346014,0.9166666666666666,0.7140632696285235,0.75,2.546267820479206,0.75,0.2966714905933429,0.1197846567967698,0.2535211267605634,0.0227272727272727,0.3429158110882956,0.1346153846153846,0.3919062702020459,0.4023897714935272,3.724170842281079,0.5814568957377535,0.1128968742338185,0.1287312271933093,0.0247857142857175,0.0210714285714303,0.0355714285714325,-0.3785714285714555,-0.0669906278571468,0.4214285714286117,1.057142857142989,0.6000000000001117,2.772857142857473,0.2071428571428797,0.8044444444444444,0.3741007194244604,0.6463414634146342,0.3648068669527897,0.9166666666666666,0.5098039215686274,0.6495327102803738,0.5118689401537947,0.140936132983377,0.3235932203389831,2.759322033898305,8.142857142857142,79.0,80.5,233.0,86.25,107.5,8.9,9.75,9.75,23.5,26.0,11.8,3.54,3.6,10.0,26.248231382138147,7.25,,,,16.0,25.0,0.64,10.0,25.0,0.4,,,,6.0,12.0,0.5,21.0,31.0,0.6774193548387096,,,
P25c1384060,2019,,,,,,,,,,,,,,,,,,,22.376454483230663,20.0,32.05,13.254290171606868,6.570982839313572,4.942277691107646,1.8533541341653668,0.4492979719188768,24.3,47.55,45.9,28.8,19.8,2.7,19.7,3.0,1.4,0.4956896551724138,0.147,0.676,0.304,0.462,94.2,102.954,98.7745,103.717,0.0984539,0.151096,-0.0526423,1.2507,,0.2672413793103448,0.5806451612903226,0.2370689655172413,0.3272727272727272,0.0624024960998439,12.0,0.1,2.0,1.0,-11.1,52.0,48.0,83.0,14.0,97.0,93.0,57.0,,,,,,,,0.494,7.18,273.0,0.95,,,,3.0,19.58,47.8,5.71,-0.0,190.4,0.0,,,5.36,0.61,13.74,5.0,-3.866,-9.564,-0.743,-2.247,1.504,940.0,1.0,0.267,0.581,0.361,0.237,0.327,0.0,0.496,0.571,0.016,0.171,0.213,0.62,11.8,5.85,4.4,1.65,0.4,2019.0,3.0,3.0,2446.9993,0.765704,-0.6672501000000001,21.2,3.1000000000000014,2.0997993000000004,5.43524,1.0,0.043,-0.991,1.033,2.233,1.63,-0.242,-0.631,0.525,0.144,,,,,,,,,,,,,,,,,,,,,,,,,,,,,0,0,0,,,,,,,,,,,,,,,,,,,,,,,,,,,,,,,,,,,,,,,,,,,,0,,,0.0,,,,,0.0,,,12.0,4.0,1.0,0.0,,,,,,,,,,,,,,,,0.0,,,,,,,,,,,,,,,,,,,,98.7745,103.717,22.52,28.8,1.66037733,12.0,0.0984539,0.0,-19.34,4.492,0.8,-5.337,-10.0,-4.7,-33.7,-19.3,-11.47,-0.7,-0.0526423,0.350833,2.84501,19.7,102.954,0.016,0.05,45.9,0.765704,14.7,0.0,1.32176,20.0,0.0,9.0,0.3273,0.237,49.5,32.05,0.151096,0.970923,2.7,94.2,2.8,1.2507,11.8,,0.5806,0.267,3.0,3.0,-0.334,133.982,0.496,19.8,47.55,24.3,3.0,,,,,,,,,,,,,,,,,,,,,,,,,,,,,,,,,,,,,,,,,,,,0.0,,,,,,,0.0,1.0,0.0,0.0,0.469,2.0,0.0,13.0,-0.66,-22.45,0.0,0.877,111.84970598018194,102.21458107864528,0.2619341763136096,17.0,0.5706860845667067,283.0,0.3968119780868906,,15.0,0.0,0.0,0.0,0.0,0.0,0.0,1.0,1.0,,,,,,,,,,,,,,,,,,,,,,,,,,,,,,,,,,,,,,,,,4.6920944281539,0.9166666666666666,5.156686566460899,0.25,7.217567397193592,1.0,4.8436329952261445,0.5833333333333334,2.400653787795105,0.4166666666666667,1.9760747470267983,0.9583333333333334,0.7221741572832465,1.0,1.6841335848176964,0.4166666666666667,0.0591304347826086,0.1453855878634639,,,0.057788944723618,0.13671875,0.403580631015657,0.3833087610288997,3.715323117921386,0.6956486236366458,0.1164822071285496,0.1347465134571875,-0.0284999999999955,0.0204999999999911,-0.0245000000000001,-4.499999999998727,-0.0146440099999997,-0.6499999999997574,1.049999999999697,-0.950000000001021,-1.30500000000003,1.5499999999994696,0.6851851851851852,0.3151515151515151,0.5869565217391305,0.3529411764705882,0.9090909090909092,0.4713375796178344,0.5737704918032787,0.31162941367023,0.339639208173691,0.9129486166007906,1.9090909090909085,5.894736842105263,,,,,,,,,,,,,,,,,,,,,,,,,,,,,,,,,,,,,
P7c241c8e95,2019,,,,,,,,,,,,,,,,,,,20.618754277891856,25.0,19.3448,15.144348868946691,4.812828253587528,3.593523841032216,2.1817956246639927,0.1284066002233158,22.7,53.49,49.4,19.2,20.7,2.0,12.2,2.9,0.2,0.3860759493670886,0.373,0.729,0.361,0.464,100.3,106.758,101.794,110.713,-1.98343,-0.241995,-1.74144,0.936643,,0.379746835443038,0.5666666666666667,0.1962025316455696,0.2903225806451613,0.3308382614449361,0.0,0.097,2.0,3.0,-15.0,33.0,34.0,77.0,48.0,83.0,92.0,15.0,,,,,,,,0.538,5.05,298.0,0.5,2.14,4.0,1.36,2.0,,,,,225.44,0.0,,,5.19,0.91,8.74,-0.06,,,,,,,,0.426,0.551,0.279,0.197,0.306,0.273,0.377,0.625,0.064,0.307,0.141,0.592,8.1379,2.5862,1.931,1.1724,0.069,2018.0,2.0,2.0,674.054,-9.06568,7.08225,25.0,-2.3000000000000007,-5.524555,-1.98343,0.0,-0.489,-0.076,0.693,0.911,1.557,-0.765,-0.857,0.106,0.566,,,,,,,,,,,,,,,,,,,,,,,,,,,,,0,0,0,,,,,,,,,,,,,,,,,,,,,,,,,,,,,,,,,,,,,,,,,,,,0,,,0.0,,,,,0.0,,,9.0,3.0,,0.0,,,,,,,,,,,,,,,,,,,,,,,,,,,,,,,,,,,,101.794,110.713,21.76,19.2,1.07690591,9.0,-1.98343,1.0,22.434,1.657,13.0,7.082,3.6,10.6,31.1,24.4,6.15,-2.3,-1.74144,-0.363792,1.27733,12.2,106.758,0.083,0.16,49.4,-9.06568,37.3,1.0,-0.81169,25.0,0.0,18.0,0.2903,0.204,48.2,19.3448,-0.241995,-0.447897,2.0,100.3,3.2,0.936643,8.1379,,0.5667,0.395,3.0,2.0,7.082,94.7224,0.401,20.7,53.49,22.7,2.0,,,,,,,,,,,,,,,,,,,,,,,,,,,,,,,,,,,,,,,,,,,,0.0,,,,,,,0.0,1.0,1.0,2.0,0.771,2.0,0.0,12.0,1.05,-14.5,0.0,0.829,112.19517604721172,99.8870427408537,0.208119137150113,17.0,0.394344317934146,298.0,0.3370889951406262,,12.0,0.0,0.0,0.0,0.0,0.0,0.0,1.0,1.0,,,,,,,,,,,,,,,,,,,,,,,,,,,,,,,,,,,,,,,,,4.01283173921902,0.7692307692307693,5.316985189701335,0.6923076923076923,4.548366270545582,0.9230769230769232,2.0122982998821164,1.0,4.330140583240114,0.2307692307692307,5.33012064212315,0.6923076923076923,0.4435043412587124,0.8461538461538461,2.534365608094035,0.3846153846153846,0.1199186991869918,0.1212723658051689,0.1260504201680672,0.1282051282051282,0.1253644314868804,0.1264367816091954,0.3099747272796914,0.320545141157482,3.3718521796857703,0.4762728868223119,0.1280883995166573,0.1332492355714404,-0.1010000000000045,0.2900000000000133,0.1660000000000077,10.600000000000486,0.7435725900000343,-4.000000000000184,1.9000000000000847,31.100000000001423,6.150000000000277,-2.3000000000001086,0.7215189873417721,0.3513513513513513,0.5777777777777777,0.3442622950819672,0.8666666666666667,0.4744525547445255,0.5454545454545454,0.467275494672755,0.278561128024355,0.6424303797468355,0.3741935483870967,3.3809523809523805,,,,,,,,,,,,,,,,,,,,,,,,,,,,,,,,,,,,,
Pb0f44d6b69,2019,,,,,,,,,,,,,,,,,,,20.21081451060917,33.0,31.1818,16.338184453751868,4.233277103951664,7.032063575547276,1.5393210141813494,0.1749097229794303,25.5,53.71,49.9,36.5,21.5,1.3,10.5,2.3,0.5,0.4621409921671018,0.285,0.78,0.373,0.447,105.5,105.726,115.866,101.573,3.23683,3.74559,-0.508753,3.03916,95.8,0.3080939947780678,0.5169491525423728,0.2297650130548303,0.3522727272727273,0.5053452898028901,0.0,0.156,1.0,1.0,6.3,84.0,85.0,91.0,56.0,99.0,82.0,24.0,85.0,88.0,98.0,69.0,39.0,14.0,57.0,0.572,6.88,94.0,1.0,6.55,12.8,3.22,7.0,16.84,49.9,-1.68,0.0,108.39,0.0,,,6.97,0.64,19.02,6.6,-16.318,-4.461,-2.621,1.213,-3.835,1806.0,1.0,0.305,0.504,0.136,0.232,0.371,0.03,0.462,0.455,0.034,0.264,0.252,0.74,14.1515,3.6667,6.0909,1.3333,0.1515,2019.0,2.0,2.0,1809.9979,1.97057,1.26626,21.7,3.8000000000000007,2.6037,3.23683,1.0,0.877,0.001,1.283,3.286,0.72,-0.639,-1.016,0.38,0.93,,,,,,,,,,,,,,,,,,,,,,,,,,,,,0,0,0,,,,,,,,,,,,,,,,,,,,,,,,,,,,,,,,,,,,,,,,,,,,0,,,0.0,,,,,0.0,,,2.0,1.0,1.0,0.0,,,,,,,,,,,,,,0.5,9.661,16.0,3.324,-0.055,0.008,-0.001,0.042,6.0,2.242,-1.445,0.071,33.0,1.0,31.2,16.385,6.0,2.0,1.0,6.0,2.242,1.0,115.866,101.573,20.35,36.5,1.91429385,2.0,3.23683,1.0,7.43,0.812,17.8,1.266,0.9,-3.2,19.2,2.9,0.95,3.8,-0.508753,0.179725,2.98327,10.5,105.726,0.127,0.394,49.9,1.97057,28.5,0.0,4.03116,33.0,0.0,5.0,0.3523,0.23,77.1,31.1818,3.74559,3.85144,1.3,105.5,1.6,3.03916,14.1515,95.8,0.5169,0.308,1.0,2.0,1.266,192.565,0.462,21.5,53.71,25.5,2.0,,,,,,,,,,,,,,,,,,,,,,,,,,,,,,,,,,,,,,,,,750.0,4.0,36.0,1.0,32.0,6.0,108.0,21477.0,0.0,1.364,2.0,1.0,0.0,0.0,0.515,3.0,0.0,4.0,3.23,9.37,0.0,0.785,103.00651578360116,109.51084419469235,0.669109521503566,16.0,0.6070063295835453,102.0,0.6427509686133167,,17.0,0.0,0.0,0.0,0.0,0.0,0.0,1.0,1.0,23.0,20.0,7.0,2.6,1.0,73.0,1.0,0.0,5.0,5.0,0.0,6.0,22.0,2.06,1.0,0.7892,26.0,2.0,6.0,23.48,5.1,8.0,8.25,10.73,41.5,3.03,12.0,0.5,32.0,0.688,23.5,,,25.0,0.68,25.0,0.6,3.12,33.0,4.0,4.668878502812386,1.0,5.189537793719977,0.5,3.1523878900939706,1.0,4.929048623480081,0.5833333333333334,4.498085546058829,0.25,5.043238005920105,0.25,0.5869252386457253,0.8333333333333334,2.591734920179177,0.0833333333333333,0.1419270833333333,0.2454923717059639,,,0.1748971193415638,0.2578125,0.3069571639495656,0.4881848667828588,3.866327496450545,0.4951152657634383,0.1108081699129544,0.1307857026636909,0.016000000000003,-0.0010000000000002,0.0420000000000082,-3.200000000000629,0.4932355300000959,-1.3000000000002534,-3.500000000000682,19.20000000000373,0.9500000000001848,3.8000000000007352,0.7674418604651163,0.3656387665198238,0.5337837837837838,0.3644067796610169,0.88,0.4552845528455284,0.4660194174757281,0.3850937441989976,0.3546663428259153,1.0812264150943396,0.8214285714285714,4.538461538461538,73.5,75.0,180.4,77.5,97.0,5.1,8.0,8.25,33.0,41.5,10.73,3.03,3.12,6.0,23.47794940384179,4.0,,,,17.0,25.0,0.68,15.0,25.0,0.6,,,,6.0,12.0,0.5,22.0,32.0,0.6875,,,
Pbac78302af,2019,,,,,,,,,,,,,,,,,,,22.981519507186857,34.0,32.8824,11.366761550251807,5.538427851981608,3.4776658638055618,1.610028465075542,0.7084519378147581,19.8,50.22,48.0,17.2,18.3,4.0,13.5,2.5,2.4,0.1254125412541254,0.337,0.608,0.289,0.487,97.5,102.107,99.9827,99.2219,1.09532,-1.03954,2.13486,1.41346,93.6,0.5181518151815182,0.5605095541401274,0.3597359735973597,0.3761467889908257,0.8944531027504792,0.0,0.164,4.0,4.0,7.0,63.0,60.0,53.0,25.0,78.0,84.0,73.0,67.0,56.0,64.0,77.0,95.0,72.0,32.0,0.46,1.36,78.0,0.97,0.31,0.0,1.92,9.0,14.29,49.7,2.21,0.0,117.65,1.0,11.11,38.6,4.74,0.57,12.64,3.24,0.086,4.508,-0.439,-0.861,0.422,1863.0,1.0,0.505,0.575,0.42,0.37,0.366,0.293,0.125,0.909,0.072,0.293,0.011,0.566,10.3824,5.0588,3.1765,1.4706,0.6471,2019.0,3.0,3.0,2451.9408,1.40983,-0.3145099999999998,18.9,0.9000000000000021,2.7014866666666664,5.59931,1.0,0.308,-0.561,0.093,0.647,0.98,0.199,-0.273,-1.073,-0.338,,,,,,,,,,,,,,,,,,,,,,,,,,,,,0,0,0,,,,,,,,,,,,,,,,,,,,,,,,,,,,,,,,,,,,,,,,,,,,0,,,0.0,,,,,0.0,,,10.0,4.0,1.0,0.0,,,,,,,,,,,,,,0.333,6.424,12.0,-1.584,-0.141,-0.011,-0.128,-0.053,-3.2,-0.786,-1.5,-0.852,34.0,0.0,32.9,11.38,25.4,3.0,0.0,12.7,0.17,3.0,,,,,,,,,,,,,,,,,,,,,,,,,,,,,,,,,,,,,,,,,,,,,,,,,,,,,,,,,,,,,,,,,,,,,,,,,,,,,,,,,,,,,,,,,,,,,,,,,,,,0.0,,,,,,,0.0,1.0,1.0,0.5,0.618,3.0,0.0,5.0,7.89,10.81,0.0,0.843,100.62506301041478,108.30663112067958,0.6997269001657376,13.0,0.428507993741978,84.0,0.6236237970825703,,21.0,0.0,0.0,0.0,0.0,0.0,0.0,1.0,1.0,33.0,21.0,-11.0,11.1,1.0,76.0,1.0,0.0,6.0,6.0,0.0,30.0,30.0,10.14,1.0,0.6874,51.0,4.0,,,,,,,,,,,,,,,,,,,,,,,5.894837082621142,0.5384615384615384,4.842976931811307,0.4615384615384615,8.812943183191079,0.8461538461538461,3.782277036428152,0.9230769230769232,2.65271427166929,0.6153846153846154,3.790193779439568,0.6923076923076923,1.0966253203894822,0.7692307692307693,1.982951992864331,0.6153846153846154,0.164516129032258,0.047029702970297,0.2028423772609819,0.2871287128712871,0.1390134529147982,0.0380622837370242,0.451864887780837,0.3319090587178699,4.275914852906002,0.9375171350475446,0.1334118362940614,0.1577022655366796,-0.0095714285714264,-0.0065714285714286,0.0679285714285567,-3.849999999999269,0.3441867549999255,-0.3285714285713532,0.4785714285712757,24.949999999994738,0.2528571428570644,0.4499999999998881,0.6229508196721312,0.3181818181818182,0.5668449197860963,0.381294964028777,0.8717948717948718,0.4885245901639344,0.4921875,0.580315051167069,0.0781258453714223,0.6755961538461538,2.4489795918367343,4.166666666666666,,,,,,,,,,,,,,,,,,,,,,,,,,,,,,,,,,,,,
P56aec34978,2019,,,,,,,,,,,,,,,,,,,21.03490759753593,34.0,23.8235,9.555522908052971,7.244426721514472,0.977841207211367,0.5778496022834597,3.244510672235398,15.2,61.29,59.3,5.2,24.0,7.2,16.7,1.0,12.5,0.0068965517241379,0.441,0.672,,0.597,105.3,92.5995,100.757,89.3567,6.56452,-1.76957,8.33409,1.09531,74.4,0.7034482758620689,0.7156862745098039,0.296551724137931,0.3023255813953488,2.3703732967571565,4.0,0.107,8.0,1.0,16.5,95.0,93.0,19.0,87.0,11.0,16.0,99.0,92.0,21.0,30.0,31.0,99.0,31.0,82.0,0.498,0.05,42.0,0.76,-2.27,0.0,3.64,6.0,8.38,60.4,-2.69,0.0,115.65,3.0,8.3,69.8,4.99,0.83,10.52,2.3,-6.705,10.296,2.819,-0.063,2.882,1249.0,1.0,0.685,0.72,0.75,0.308,0.311,0.643,0.007,,0.1,0.171,,,6.3235,4.7941,0.6471,0.3824,2.1471,2019.0,2.0,2.0,1519.9982,7.7605,-1.1959800000000005,14.3,0.8999999999999986,7.16251,7.7605,1.0,1.76,1.221,-0.867,-0.994,-0.971,4.656,0.607,-1.585,-0.799,,,,,,,,,,,,,,,,,,,,,,,,,,,,,0,0,0,,,,,,,,,,,,,,,,,,,,,,,,,,,,,,,,,,,,,,,,,,,,0,,,0.0,,,,,0.0,,,4.0,2.0,1.0,0.0,,,,,,,,,,,,,,0.5,4.089,4.0,0.355,-1.427,-0.092,0.0,0.078,4.2,-2.186,-0.982,-0.491,34.0,0.0,24.0,9.45,4.2,2.0,1.0,4.2,-2.186,1.0,100.757,89.3567,21.17,5.2,0.45835101,4.0,6.56452,0.0,-9.756,-2.592,2.3,-1.196,-8.8,-1.3,4.3,-13.4,-5.8,0.9,8.33409,4.30301,3.30296,16.7,92.5995,0.529,1.412,59.3,7.7605,44.1,0.0,2.90976,34.0,0.0,5.0,0.3023,0.295,52.9,23.8235,-1.76957,-1.39325,7.2,105.3,4.3,1.09531,6.3235,74.4,0.7157,0.699,8.0,2.0,-1.196,164.363,0.007,24.0,61.29,15.2,2.0,,,,,,,,,,,,,,,,,,,,,,,,,,,,,,,,,,,,,,,,,,,,0.0,,,,,,,0.0,1.0,1.0,3.0,0.658,3.0,0.0,14.0,6.24,20.44,2.0,0.883,92.76695345431808,108.970126028134,0.8642805984102594,13.0,0.5434092550116405,33.0,0.6338550368930337,,25.0,0.0,0.0,0.0,0.0,0.0,0.0,1.0,1.0,,,,,,,,,,,,,,,,,,,,,,,,,,,,,,,,,,,,,,,,,3.270303974039553,0.2083333333333333,4.683260106956914,0.9166666666666666,7.467491887173777,0.3333333333333333,3.7737272904076624,0.9166666666666666,2.5960657609834845,0.8333333333333334,4.477461712682315,0.8333333333333334,1.1233966071872714,0.3333333333333333,2.672480940517714,0.9166666666666666,0.1025641025641025,0.0011904761904761,0.1311053984575835,0.5046728971962616,0.0955555555555555,0.0,0.4119861334313942,0.3595850412044084,4.298702460850111,0.78182242481826,0.1135235248690066,0.1190230384245645,-0.0890000000000174,0.0,0.0780000000000153,-1.300000000000258,0.1145553100000223,-1.0000000000001943,-2.800000000000549,4.300000000000834,-5.800000000001136,0.9000000000001742,0.6785714285714286,0.3333333333333333,0.6893939393939394,0.3424657534246575,0.890625,0.5760869565217391,0.5208333333333334,0.7516747516747516,0.004679802955665,0.2439506172839506,1.851851851851852,4.509433962264151,,,,,,,,,,,,,,,,,,,,,,,,,,,,,,,,,,,,,
P76d288c08d,2019,,,,,,,,,,,,,,,,,,,21.50034223134839,31.0,30.2258,16.59767483408214,5.878355577023603,1.3831494948024536,1.4599712828113731,0.3457575978137883,21.6,55.76,53.4,7.7,13.7,6.9,11.8,2.3,1.0,0.5842696629213483,0.185,0.788,0.356,0.534,109.5,100.296,118.119,94.5091,4.83106,3.84342,0.987643,3.16476,40.6,0.2921348314606741,0.5576923076923077,0.1235955056179775,0.4772727272727273,0.4268944347693564,6.0,0.127,3.0,4.0,15.7,91.0,87.0,67.0,60.0,31.0,78.0,44.0,89.0,69.0,41.0,88.0,21.0,59.0,67.0,0.569,8.88,40.0,0.9,-8.79,0.0,12.0,17.0,17.11,53.2,-3.31,0.0,73.97,0.0,,,6.4,0.66,13.38,3.74,0.071,6.863,4.453,3.513,0.939,1559.0,1.0,0.292,0.558,0.534,0.124,0.477,0.571,0.584,0.986,0.173,0.136,0.008,0.197,13.9355,4.9355,1.1613,1.2258,0.2903,2019.0,2.0,2.0,1662.9998,4.49883,0.33223,18.5,3.1000000000000014,4.664945,4.83106,1.0,1.3,0.331,0.469,-0.652,0.72,-0.419,0.524,0.907,0.996,,,,,,,,,,,,,,,,,,,,,,,,,,,,,0,0,0,,,,,,,,,,,,,,,,,,,,,,,,,,,,,,,,,,,,,,,,,,,,0,,,0.0,,,,,0.0,,,10.0,4.0,0.0,0.0,,,,,,,,,,,,,,,,0.0,,,,,,,,,,,,,,,,,,,,118.119,94.5091,21.64,7.7,0.74999994,10.0,4.83106,1.0,-6.127,-6.353,1.9,0.332,-8.6,-9.2,8.5,-11.6,-6.43,3.1,0.987643,1.32427,3.60741,11.8,100.296,0.125,0.323,53.4,4.49883,18.5,0.0,5.05146,31.0,1.0,,0.4773,0.124,62.5,30.2258,3.84342,3.72719,6.9,109.5,2.7,3.16476,13.9355,40.6,0.5577,0.292,5.0,2.0,0.332,168.95,0.584,13.7,55.76,21.6,2.0,,,,,,,,,,,,,,,,,,,,,,,,,,,,,,,,,,,,,,,,,136.0,4.0,6.0,1.0,10.0,6.0,10.0,5644.0,1.0,25.14,1.0,1.0,0.0,0.0,0.622,3.0,0.0,12.0,7.03,19.53,1.0,0.877,95.72923493213968,110.79276525538396,0.8429818476615596,14.0,0.506876730058356,38.0,0.7116583015243011,,23.0,0.0,0.0,0.0,0.0,0.0,0.0,1.0,1.0,,,,,,,,,,,,,,,,,,,,,,,,,,,,,,,,,,,,,,,,,3.3588430325022527,0.6923076923076923,7.396667705450974,0.6923076923076923,11.730564961058164,0.5384615384615384,6.410972415066336,0.2307692307692307,4.481439896994726,0.7692307692307693,3.1077145459177205,0.3076923076923077,0.7676604268700105,0.7307692307692307,2.689436765430921,0.3846153846153846,0.0959302325581395,0.2558425584255842,0.1181818181818181,0.1031746031746031,0.1108742004264392,0.2633451957295373,0.3185330805569026,0.44907397676515,4.37690372741825,0.8688385641236854,0.1292143908383682,0.1366411015943293,-0.0440000000000085,-0.0780000000000151,0.1820000000000354,-9.200000000001795,-0.1071597300000208,0.5000000000000957,-3.200000000000621,8.50000000000165,-6.430000000001263,3.100000000000603,0.7674418604651163,0.3527131782945736,0.5671641791044776,0.4459459459459459,0.8260869565217391,0.526595744680851,0.5274725274725275,0.3455225431124039,0.4483929971256859,0.2940309734513274,1.3939393939393938,5.054054054054054,,,,,,,,,,,,,,,,,,,,,,,,,,,,,,,,,,,,,
Pb1eb09fa94,2019,,,,,,,,,,,,,,,,,,,20.61327857631759,33.0,31.7576,19.683149860190948,5.427500818701665,1.9236970048114468,0.6870670327732574,0.4808675718568154,25.2,53.16,50.6,10.8,12.8,4.0,11.3,1.0,1.4,0.435244161358811,0.304,0.671,0.337,0.508,105.7,107.691,115.696,103.461,1.59456,2.83791,-1.24335,3.07678,96.0,0.3439490445859872,0.5925925925925926,0.2208067940552017,0.375,0.4961828273413531,0.0,0.159,2.0,6.0,6.3,68.0,72.0,90.0,52.0,52.0,16.0,53.0,66.0,90.0,71.0,14.0,36.0,18.0,48.0,0.503,7.82,94.0,0.97,-2.24,0.0,2.13,7.0,21.67,60.4,-0.26,8.4,108.39,0.0,,,5.8,0.55,13.18,7.72,8.478,0.729,4.118,4.466,-0.347,1792.0,1.0,0.342,0.59,0.421,0.223,0.381,0.425,0.435,0.841,0.118,0.198,0.069,0.395,17.3636,4.7879,1.697,0.6061,0.4242,2019.0,2.0,2.0,2031.0015,2.93749,-1.34293,22.1,3.099999999999998,2.266025,2.93749,1.0,0.441,-0.088,1.221,-0.228,-0.971,-0.242,-0.273,0.264,1.783,,,,,,,,,,,,,,,,,,,,,,,,,,,,,0,0,0,,,,,,,,,,,,,,,,,,,,,,,,,,,,,,,,,,,,,,,,,,,,0,,,0.0,,,,,0.0,,,9.0,3.0,1.0,0.0,,,,,,,,,,,,,,0.5,9.661,16.0,-0.123,-0.15,-0.008,-0.015,0.016,1.9,3.21,-0.468,-0.285,33.0,1.0,31.7,19.76,1.9,2.0,1.0,1.9,3.21,1.0,115.696,103.461,20.75,10.8,0.88890052,9.0,1.59456,0.0,-0.806,1.291,-0.1,-1.343,-1.2,-1.6,5.7,-3.8,-0.89,3.1,-1.24335,-0.834666,2.83266,11.3,107.691,0.105,0.394,50.6,2.93749,30.4,0.0,2.55483,33.0,0.0,14.0,0.375,0.221,78.5,31.7576,2.83791,3.38949,4.0,105.7,2.7,3.07678,17.3636,96.0,0.5926,0.344,5.0,2.0,-1.343,179.329,0.435,12.8,53.16,25.2,2.0,,,,,,,,,,,,,,,,,,,,,,,,,,,,,,,,,,,,,,,,,738.0,5.0,23.0,1.0,20.0,5.0,74.0,19005.0,0.0,1.364,2.0,1.0,0.0,0.0,0.515,3.0,0.0,13.0,3.24,11.02,0.0,0.771,103.00651578360116,109.51084419469235,0.669109521503566,16.0,0.6070063295835453,102.0,0.6427509686133167,,17.0,0.0,0.0,0.0,0.0,0.0,0.0,1.0,1.0,22.0,17.0,-2.0,3.5,1.0,79.0,3.0,0.0,5.0,5.0,0.0,9.0,20.0,3.31,1.0,0.8052,26.0,2.0,4.0,23.97,4.9,8.5,9.5,10.39,35.0,3.09,12.0,0.5,33.0,0.727,24.75,25.0,0.72,,,25.0,0.52,3.34,27.5,4.5,4.738368361486135,0.9166666666666666,5.169595865699843,0.4166666666666667,11.356217275560477,0.7916666666666666,4.360952670480959,0.1666666666666666,4.851641844178481,0.5,5.145496300693664,0.3333333333333333,0.624431710082678,0.25,2.6828858021621302,0.4166666666666667,0.1861979166666666,0.2843273231622746,,,0.1975308641975308,0.26953125,0.311461667775835,0.4820909448111229,3.944420702754036,0.6478496249673948,0.1108081699129544,0.1307857026636909,-0.0020000000000004,-0.0150000000000028,0.0160000000000029,-1.6000000000003192,-0.3838813200000748,-1.0000000000001952,-1.3000000000002534,5.700000000001106,-0.8900000000001729,3.1000000000005974,0.6748466257668712,0.3372549019607843,0.59375,0.3805970149253731,0.8148148148148148,0.5065359477124183,0.5724137931034483,0.4212616122265508,0.2937230536777252,0.3594503816793893,1.1666666666666667,4.135135135135135,78.25,79.75,208.8,82.75,103.0,4.9,8.5,9.5,27.5,35.0,10.39,3.09,3.34,4.0,23.975082440960954,4.5,18.0,25.0,0.72,,,,13.0,25.0,0.52,6.0,12.0,0.5,,,,24.0,33.0,0.7272727272727273,,,
P03938af6ae,2019,,,,,,,,,,,,,,,,,,,20.862422997946613,34.0,30.0588,14.30140923789373,2.3600942153379374,6.199648688570402,2.043075571879117,0.0352109864665256,24.4,53.68,52.3,31.4,24.1,2.1,5.6,3.3,0.1,0.6482558139534884,0.209,0.639,0.386,0.421,105.4,104.881,116.493,98.7207,3.16836,4.09363,-0.925265,3.00636,80.8,0.2238372093023256,0.5064935064935064,0.127906976744186,0.2727272727272727,0.0782779477713876,0.0,0.15,2.0,7.0,19.8,80.0,84.0,87.0,55.0,98.0,97.0,8.0,84.0,84.0,95.0,94.0,12.0,35.0,56.0,0.507,8.73,20.0,0.97,-5.14,0.0,2.32,14.0,16.83,55.1,1.55,1.7,80.5,1.0,24.71,70.6,6.93,0.85,17.12,2.94,24.581,6.726,3.164,1.721,1.443,446.0,0.0,0.22,0.5,0.028,0.128,0.286,0.0,0.652,0.578,0.0,0.214,0.275,0.617,11.9412,1.9706,5.1765,1.7059,0.0294,2019.0,3.0,3.0,2675.2641000000003,2.11866,1.0496999999999996,25.2,-0.8000000000000007,2.2893066666666666,3.16836,1.0,0.859,-0.004,1.054,2.589,2.02,-0.816,-0.796,1.184,0.411,,,,,,,,,,,,,,,,,,,,,,,,,,,,,0,0,0,,,,,,,,,,,,,,,,,,,,,,,,,,,,,,,,,,,,,,,,,,,,0,,,0.0,,,,,0.0,,,6.0,2.0,1.0,0.0,,,,,,,,,,,,,,0.0,-0.224,1.0,,,,,,,,,,,,,,,,,,,,116.493,98.7207,21.0,31.4,1.70875409,6.0,3.16836,1.0,13.99,2.25,2.1,1.587,7.8,0.4,11.1,11.1,7.07,0.5,-0.925265,0.491585,3.18266,5.6,104.881,0.026,0.059,52.3,2.11866,20.9,0.0,3.65262,34.0,0.0,18.0,0.2727,0.128,74.6,30.0588,4.09363,3.16103,2.1,105.4,3.8,3.00636,11.9412,80.8,0.5065,0.224,1.0,3.0,0.525,167.096,0.648,24.1,53.68,24.4,3.0,,,,,,,,,,,,,,,,,,,,,,,,,,,,,,,,,,,,,,,,,,,,0.0,,,,,0.0,0.325,3.0,1.0,1.0,1.0,0.676,3.0,0.0,2.0,8.69,36.21,3.0,0.845,97.98243465198722,117.68542257086848,0.8915922852430865,11.0,0.5866102951549451,23.0,0.726155534677769,,23.0,0.0,0.0,0.0,0.0,0.0,0.0,1.0,1.0,,55.0,3.0,,0.833,73.0,1.0,0.0,5.0,6.0,0.0,42.0,83.0,13.95,1.0,0.1906,97.0,3.0,,,,,,,,,,,,,,,,,,,,,,,4.541117569404834,0.8333333333333334,4.4585054554281935,0.3333333333333333,5.0342374084682175,1.0,6.371783496880551,0.6666666666666666,4.499311868470197,0.4166666666666667,5.057579486025517,0.25,0.6158690231967738,0.9166666666666666,3.0086773321730056,0.375,0.1112828438948995,0.2881136950904392,0.119751166407465,0.0134228187919463,0.0991379310344827,0.2945205479452055,0.3025071424254614,0.34777002646595,5.458180535966148,0.5907684819538004,0.12487744,0.1422046927391038,0.0009999999999968,0.0100000000000012,-0.0539999999999829,-3.649999999998804,0.1117335799999631,0.149999999999979,-1.3499999999996188,8.599999999997651,0.235000000000204,-0.3999999999998498,0.6521739130434783,0.3772893772893773,0.5327102803738317,0.3243243243243243,0.9166666666666666,0.4409937888198758,0.4933333333333333,0.2892887563884156,0.4227755308392316,0.9382913385826772,0.1941176470588235,1.6041666666666663,,,,,,,,,,,,,,,,,,,,,,,,,,,,,,,,,,,,,
P7a85c71bc1,2019,,,,,,,,,,,,,,,,,,,24.139630390143736,34.0,25.4,19.15412598425197,9.759259842519686,1.1338582677165356,1.5387874015748035,1.1743937007874017,23.1,63.57,62.6,6.5,15.2,8.0,23.6,2.4,3.6,0.2352941176470588,0.502,0.641,0.353,0.656,115.0,98.1323,124.351,93.4448,5.14263,2.24273,2.89989,3.25798,,0.6816608996539792,0.7055837563451777,0.0830449826989619,0.25,3.195924038906901,0.0,0.127,2.0,2.0,12.8,91.0,95.0,83.0,95.0,29.0,83.0,83.0,92.0,78.0,26.0,90.0,90.0,72.0,93.0,0.492,3.15,48.0,0.8,5.69,6.1,6.21,10.0,18.03,61.2,-4.73,0.0,85.12,0.0,,,6.42,0.57,17.16,1.8,-11.216,-1.296,-1.55,0.025,-1.576,1426.0,1.0,0.693,0.704,0.671,0.08,0.217,0.6,0.226,1.0,0.101,0.228,0.0,0.26,13.5143,6.8857,0.8,1.0857,0.8286,2019.0,4.0,4.0,1515.7041,,,,,5.413076666666666,8.34547,1.0,1.383,1.588,0.782,-0.816,0.85,0.729,0.827,-0.599,1.648,,,,,,,,,,,,,,,,,,,,,,,,,,,,,0,0,0,,,,,,,,,,,,,,,,,,,,,,,,,,,,,,,,,,,,,,,,,,,,0,,,0.0,,,,,0.0,,,3.0,1.0,0.0,0.0,,,,,,,,,,,,,,0.5,10.226,2.0,,,,,,,,,,,,,,,,,,,,124.351,93.4448,24.28,6.5,0.50910016,3.0,5.14263,0.0,-5.127,0.718,-3.2,-3.203,-6.7,12.3,29.4,-10.5,-5.14,1.9,2.89989,2.06029,3.18032,23.6,98.1323,0.365,2.029,62.6,4.21126,50.2,0.0,5.89304,34.0,1.0,,0.25,0.083,63.6,25.4,2.24273,3.83276,8.0,115.0,4.5,3.25798,13.5143,,0.7056,0.682,5.0,4.0,0.839,201.236,0.235,15.2,63.57,23.1,3.0,,,,,,,,,,,,,,,,,,,,,,,,,,,,,,,,,,,,,,,,,,,,0.0,,,,,,,0.0,1.0,0.0,0.0,0.571,3.0,0.0,15.0,6.7,18.3,0.0,0.822,98.21692867658648,111.81665432878025,0.8162796341290907,15.0,0.5834814755769409,48.0,0.68092132765539,,20.0,0.0,0.0,0.0,0.0,0.0,0.0,1.0,1.0,,,,,,,,,,,,,,,,,,,,,,,,,,,,,,,,,,,,,,,,,3.548523367004509,0.7272727272727273,4.990449999921895,0.9090909090909092,4.321929977480107,0.0909090909090909,4.988059869151376,0.2727272727272727,2.5721992390288677,0.9090909090909092,3.199176233868051,1.0,0.5456474772187694,0.8181818181818182,1.625111675126363,0.7272727272727273,0.2526132404181184,0.0735930735930736,0.2794326241134752,0.6605504587155964,0.237851662404092,0.0685714285714285,0.4969376931501209,0.3073182017552409,2.960824742268042,0.8455065081389872,0.1210717664505491,0.1273984619870679,0.0428999999999974,0.0433999999999973,0.1467999999999915,4.36999999999976,-0.1098205359999936,-5.8799999999996375,-2.9899999999998323,20.359999999998724,6.538999999999617,-1.48999999999991,0.6484848484848484,0.3474576271186441,0.6916299559471366,0.3333333333333333,0.951219512195122,0.632183908045977,0.56,0.7392290249433107,0.152584670231729,0.228713692946058,2.8800000000000003,5.745454545454546,,,,,,,,,,,,,,,,,,,,,,,,,,,,,,,,,,,,,
Pc7623d005f,2019,,,,,,,,,,,,,,,,,,,21.65639972621492,34.0,20.7059,22.44890586740977,10.53404102212413,1.176186497568326,0.5624483842769452,2.147735669543464,29.6,60.68,58.4,7.2,19.3,10.6,20.8,0.9,6.3,0.0071174377224199,0.605,0.653,,0.577,106.9,91.3451,127.791,86.0563,3.29902,0.282184,3.01684,2.87671,91.8,0.5765124555160143,0.7098765432098766,0.4163701067615658,0.3931623931623931,1.3636352014472717,5.0,0.09,1.0,8.0,31.2,82.0,79.0,96.0,85.0,26.0,12.0,93.0,75.0,98.0,53.0,25.0,80.0,70.0,80.0,0.504,0.11,4.0,0.71,-9.63,0.0,-4.62,22.0,21.48,58.9,-9.49,0.0,68.03,5.0,17.78,47.3,7.93,0.83,17.5,3.26,-7.009,16.427,2.941,2.873,0.068,1212.0,1.0,0.577,0.691,0.688,0.416,0.419,0.612,0.007,0.5,0.123,0.18,0.004,0.345,12.9118,6.0588,0.6765,0.3235,1.2353,2019.0,3.0,3.0,2060.0021,5.15236,-1.85334,32.5,-2.8999999999999986,4.861923333333333,6.13439,1.0,0.893,1.123,2.139,-0.721,-1.101,1.92,1.542,-1.584,2.488,,,,,,,,,,,,,,,,,,,,,,,,,,,,,0,0,0,,,,,,,,,,,,,,,,,,,,,,,,,,,,,,,,,,,,,,,,,,,,0,,,0.0,,,,,0.0,,,9.0,3.0,1.0,0.0,,,,,,,,,,,,,,0.2,13.916,5.0,0.259,-0.399,-0.068,0.0,0.032,1.9,-1.292,-2.966,-0.052,34.0,0.0,20.8,22.327,1.0,3.0,1.0,0.5,-1.473,2.0,127.791,86.0563,21.8,7.2,0.33825001,9.0,3.29902,0.0,-7.066,0.222,1.3,-2.835,-6.6,-10.3,-2.3,-9.9,-4.43,0.7,3.01684,2.38256,3.09565,20.8,91.3451,0.154,0.706,58.4,5.15236,60.5,0.0,4.64813,34.0,0.0,35.0,0.3932,0.416,44.8,20.7059,0.282184,2.26557,10.6,106.9,4.8,2.87671,12.9118,91.8,0.7099,0.577,7.0,3.0,-0.927,156.921,0.007,19.3,60.68,29.6,3.0,,,,,,,,,,,,,,,,,,,,,,,,,,,,,,,,,,,,,,,,,385.0,8.0,29.0,1.0,46.0,12.0,49.0,21083.0,0.5,19.56,6.0,1.0,1.0,3.0,0.811,3.0,1.0,44.0,12.88,50.32,2.0,0.833,92.25945576889458,120.60791262218112,0.9561152383774636,7.0,0.5876386255280882,6.0,0.7678356689883058,,32.0,0.809,0.0,0.0,0.01,0.0028,0.0,0.978,0.988,42.0,39.0,-7.0,3.6,1.0,80.0,4.0,0.0,6.0,6.0,0.0,19.0,44.0,6.7,1.0,0.5669,58.0,3.0,,,,,,,,,,,,,,,,,,,,,,,6.104301257150338,0.8666666666666667,5.086550509628853,0.8,13.143292454330153,0.3333333333333333,4.665795008604714,0.7333333333333333,3.976188967569328,0.8666666666666667,6.042541299289661,0.7333333333333333,0.492798018708693,0.2666666666666666,2.6868958012217603,0.8666666666666667,0.2269692923898531,0.0023696682464454,0.2074263764404609,0.2577319587628865,0.1968085106382978,0.006269592476489,0.4357255180621935,0.3265341332739975,3.9629173989455193,1.0030720133803532,0.1153910399999999,0.1346062956434722,-0.0075000000000002,0.4999999999998379,0.0189999999999951,-2.4499999999996165,0.0484322249999853,-3.449999999999184,0.299999999999809,-2.2999999999993426,0.1049999999997912,-1.4499999999995024,0.6578947368421053,0.3653846153846153,0.6927083333333334,0.3945578231292517,0.9428571428571428,0.567398119122257,0.6642335766423357,0.6655424395727937,0.0046825248173815,0.1898823529411764,1.575,5.413793103448276,,,,,,,,,,,,,,,,,,,,,,,,,,,,,,,,,,,,,
P920b587915,2019,,,,,,,,,,,,,,,,,,,19.720739219712527,34.0,13.7353,8.633783026217118,7.631780885746943,0.6167175089004245,0.5396605825864742,1.4646057967426995,13.2,58.62,58.4,3.0,21.2,11.1,12.5,0.9,4.7,0.0129870129870129,0.506,0.564,,0.592,108.5,102.039,103.836,95.6996,4.02548,1.33473,2.69074,0.761548,95.6,0.5324675324675324,0.7804878048780488,0.4675324675324675,0.3611111111111111,1.027836818913568,3.0,0.063,8.0,5.0,20.1,87.0,90.0,10.0,85.0,6.0,15.0,89.0,81.0,11.0,12.0,27.0,66.0,78.0,65.0,0.444,0.09,21.0,0.18,-2.53,4.0,-4.38,15.0,10.63,65.1,1.86,10.2,65.5,3.0,8.16,54.3,2.99,1.12,5.54,0.42,,,,,,,,0.506,0.846,0.667,0.481,0.324,0.917,0.013,,0.359,0.168,,,3.2941,2.9118,0.2353,0.2059,0.5588,2018.0,2.0,2.0,563.0002,3.97598,0.0495000000000001,21.2,-8.0,4.00073,4.02548,0.0,1.076,0.748,-1.278,-1.272,-1.047,1.214,1.687,-1.495,-1.043,,,,,,,,,,,,,,,,,,,,,,,,,,,,,0,0,0,,,,,,,,,,,,,,,,,,,,,,,,,,,,,,,,,,,,,,,,,,,,0,,,0.0,,,,,0.0,,,8.0,3.0,1.0,0.0,,,,,,,,,,,,,,0.458,9.771,24.0,,,,,,,,,,,,,,,,,,,,103.836,95.6996,20.86,3.0,0.34781966,8.0,4.02548,1.0,-2.957,7.021,-0.7,0.05,-0.2,-1.1,25.1,5.7,3.26,-8.0,2.69074,2.32259,1.61925,12.5,102.039,0.293,0.353,58.4,3.97598,50.6,1.0,1.85211,34.0,0.0,33.0,0.3611,0.462,31.4,13.7353,1.33473,-0.470484,11.1,108.5,6.2,0.761548,3.2941,95.6,0.7805,0.526,8.0,2.0,0.05,83.4727,0.013,21.2,58.62,13.2,2.0,,,,,,,,,,,,,,,,,,,,,,,,,,,,,,,,,,,,,,,,,,,,0.0,,,,,0.368,7.599,19.0,1.0,1.0,3.0,0.703,3.0,0.0,1.0,7.77,34.05,2.0,0.84,95.99650837264107,116.15062680100432,0.8994948550544849,11.0,0.6310845660345493,20.0,0.754694348512441,,26.0,0.0,0.0,0.0,0.0,0.0,0.0,1.0,1.0,25.0,18.0,4.0,1.4,1.0,82.0,4.0,0.0,6.0,6.0,0.0,9.0,21.0,2.85,1.0,0.7742,27.0,3.0,,,,,,,,,,,,,,,,,,,,,,,2.9827355592580296,0.0833333333333333,4.747643055295123,0.9166666666666666,8.649839669463296,0.2916666666666667,2.8715213258286028,0.75,4.60463703361415,0.75,4.84733777197468,0.5,0.7514039048971071,0.4166666666666667,2.10671224896092,0.75,0.0419354838709677,0.0018315018315018,,,0.0338983050847457,0.0,0.2604072866797522,0.3999067644783393,4.263479188900747,0.6653926550815649,0.1254402110668183,0.1372387059345691,0.0060000000000002,0.0,0.1640000000000074,-1.1000000000000467,0.0621971800000028,-2.500000000000116,-8.500000000000394,25.10000000000116,3.260000000000144,-8.00000000000037,0.6101694915254238,0.3333333333333333,0.704225352112676,0.3787878787878788,0.9545454545454546,0.5603448275862069,0.6896551724137931,0.6176720475785896,0.0079242791107197,0.1664788732394366,1.5107142857142857,3.2777777777777777,,,,,,,,,,,,,,,,,,,,,,,,,,,,,,,,,,,,,
P48e78aee32,2019,,,,,,,,,,,,,,,,,,,22.11362080766598,8.0,24.125,20.33160621761658,11.937823834196893,2.051813471502591,1.1191709844559583,4.103626943005182,27.0,54.39,48.8,13.4,18.1,8.0,29.3,1.7,12.4,0.2705882352941176,0.376,0.813,0.391,0.452,106.0,95.8301,117.991,95.5351,8.3139,1.22266,7.09124,2.51665,69.0,0.2941176470588235,0.56,0.4352941176470588,0.3783783783783784,1.243523316062176,28.0,0.027,,,5.1,,,,,,,,,,,,,,,0.581,4.77,87.0,0.75,,,,2.0,16.52,50.0,-7.97,0.0,150.25,0.0,,,8.92,0.8,13.66,9.66,,,,,,,,0.294,0.56,0.429,0.435,0.378,0.429,0.271,0.667,0.12,0.168,0.09,0.507,13.625,8.0,1.375,0.75,2.75,2019.0,3.0,3.0,1511.0015,8.44507,-0.1311699999999991,19.3,7.699999999999999,8.699616666666666,9.33988,1.0,2.225,0.11,1.596,0.127,-0.06,4.612,0.827,-0.446,1.948,,,,,,,,,,,,,,,,,,,,,,,,,,,,,0,0,0,,,,,,,,,,,,,,,,,,,,,,,,,,,,,,,,,,,,,,,,,,,,0,,,0.0,,,,,0.0,,,3.0,1.0,0.0,0.0,,,,,,,,,,,,,,0.0,-0.152,4.0,1.099,-0.353,-0.075,,0.023,-1.3,5.008,1.179,0.628,8.0,1.0,24.1,20.315,13.2,3.0,1.0,6.6,3.387,2.0,117.991,95.5351,22.25,13.4,0.64705882,3.0,8.3139,0.0,-3.112,7.733,8.4,-1.026,-2.2,4.7,-48.4,-8.1,-0.94,7.0,7.09124,3.80735,2.79615,29.3,95.8301,0.24,0.75,48.8,8.44507,37.6,0.0,7.14772,8.0,1.0,,0.3784,0.435,13.2,24.125,1.22266,3.34037,8.0,106.0,5.4,2.51665,13.625,69.0,0.56,0.294,7.0,3.0,-0.066,52.5733,0.271,18.1,54.39,27.0,3.0,,,,,,,,,,,,,,,,,,,,,,,,,,,,,,,,,,,,,,,,,453.0,4.0,8.0,1.0,13.0,11.0,21.0,6286.0,0.0,-1.636,1.0,1.0,1.0,0.0,0.921,3.0,0.0,50.0,5.3,19.12,0.0,0.62,101.95556310687051,109.66325995232476,0.6980626585608007,21.0,0.5397779832612637,85.0,0.7329779450435332,,15.0,0.0,0.0,0.0,0.0,0.0,0.0,1.0,1.0,,,,,,,,,,,,,,,,,,,12.0,28.06,7.35,9.25,10.0,12.28,35.0,3.36,12.0,0.75,31.0,0.613,28.0,25.0,0.64,,,25.0,0.44,3.28,31.5,5.5,4.64624985053727,0.8571428571428571,3.232142824398415,0.8571428571428571,7.212395862331046,0.5714285714285714,5.173761025359132,0.4285714285714285,4.094971304752878,0.5714285714285714,5.736689926689181,1.0,0.6288267567616366,0.5714285714285714,1.2615218576434415,1.0,0.0376914016489988,0.0269953051643192,0.0323415265200517,0.08,0.0445205479452054,0.0334572490706319,0.386795941262166,0.3703372769226086,3.2860398275508107,0.6993629623080795,0.0882065603731904,0.0872204185841927,-0.0559999999999841,0.195499999999952,0.0884999999999721,-1.1999999999994235,0.1719989699999487,-1.8499999999995116,5.699999999998397,-6.799999999999715,-1.834999999999445,3.8499999999990298,0.7692307692307693,0.3561643835616438,0.5818181818181818,0.3880597014925373,0.9375,0.4705882352941176,0.4210526315789473,0.3944287444489301,0.2081447963800905,0.39195,2.9900709219858155,5.828124999999999,,,,,,,,,,,,,,,,,,,,,,,,,,,,,,,,,,,,,
P73b9dbd92b,2019,,,,,,,,,,,,,,,,,,,22.60095824777549,31.0,27.4839,16.183030792573106,10.014124632966938,1.0140918865226551,0.7605034220034276,0.8451202340279219,21.9,53.95,50.7,6.6,12.8,8.6,20.8,1.2,2.4,0.3550488599348534,0.3289999999999999,0.713,0.303,0.535,104.6,105.349,109.84,102.781,0.0255627,0.569465,-0.543903,2.13449,64.0,0.4560260586319218,0.6142857142857143,0.1856677524429967,0.3508771929824561,0.0469483072142294,0.0,0.137,3.0,3.0,-11.2,50.0,48.0,68.0,49.0,19.0,26.0,73.0,45.0,75.0,47.0,45.0,28.0,49.0,39.0,0.512,5.12,263.0,0.9,0.78,3.2,4.4,4.0,15.59,52.1,-2.75,0.0,124.61,0.0,,,6.23,0.68,15.58,4.92,1.167,-16.025,-1.403,-0.601,-0.802,1337.0,1.0,0.459,0.61,0.733,0.186,0.351,0.85,0.355,1.0,0.206,0.123,0.0,0.15,12.3548,7.6452,0.7742,0.5806,0.6452,2019.0,3.0,3.0,1587.0003000000002,1.49643,-1.4708673,15.7,6.199999999999999,1.4272609,2.75979,1.0,0.024,0.04,0.532,-0.803,-0.711,0.199,0.992,-0.082,0.89,,,,,,,,,,,,,,,,,,,,,,,,,,,,,0,0,0,,,,,,,,,,,,,,,,,,,,,,,,,,,,,,,,,,,,,,,,,,,,0,,,0.0,,,,,0.0,,,9.0,3.0,,0.0,,,,,,,,,,,,,,,,,,,,,,,,,,,,,,,,,,,,109.84,102.781,22.74,6.6,0.55814291,9.0,0.0255627,0.0,-18.996,-2.476,-1.6,-2.734,-11.2,-27.9,18.2,-17.6,-10.84,-0.9,-0.543903,-0.576566,2.54419,20.8,105.349,0.007,0.032,50.7,1.49643,32.9,0.0,1.13138,31.0,0.0,43.0,0.3509,0.186,68.7,27.4839,0.569465,1.70795,8.6,104.6,3.6,2.13449,12.3548,64.0,0.6143,0.458,7.0,3.0,-0.735,175.474,0.356,12.8,53.95,21.9,3.0,,,,,,,,,,,,,,,,,,,,,,,,,,,,,,,,,,,,,,,,,,,,0.0,,,,,,,0.0,1.0,0.0,0.0,0.129,2.0,0.0,21.0,1.28,-15.76,0.0,0.821,106.10375224592656,97.90511817189494,0.2839780863304139,27.0,0.4513519923127229,265.0,0.6143604318708694,,4.0,0.0,0.0,0.0,0.0,0.0,0.0,1.0,1.0,,,,,,,,,,,,,,,,,,,,,,,,,,,,,,,,,,,,,,,,,5.104228944996089,0.8181818181818182,7.6839367262008285,0.5454545454545454,8.275549931808687,0.2727272727272727,5.627213368967865,0.1818181818181818,2.0556876973650104,1.0,3.405753647015951,0.9090909090909092,0.3878521474298131,0.2727272727272727,1.8545217802727336,0.6363636363636364,0.1726495726495726,0.1626865671641791,0.2258064516129032,0.0161290322580645,0.1786600496277915,0.1549295774647887,0.362432594070559,0.3343003464996232,3.0741890639481,0.748601102694361,0.1181094661212466,0.1418815843627783,0.1042857142856912,-0.0672857142857008,0.0249285714285663,-10.07857142856965,-0.5058349085713248,-1.321428571428354,0.6785714285713451,20.449999999995963,3.2492857142849205,2.278571428570947,0.7107438016528925,0.3144654088050314,0.611764705882353,0.367816091954023,0.9090909090909092,0.5294117647058824,0.6115107913669064,0.5248122012292283,0.252348776482623,0.2513187772925764,1.6,6.391304347826087,,,,,,,,,,,,,,,,,,,,,,,,,,,,,,,,,,,,,
P71e4b2b4d3,2019,,,,,,,,,,,,,,,,,,,21.598904859685145,32.0,36.3125,17.03958691910499,3.2529624784853706,2.478485370051635,1.14624991394148,0.2478485370051635,24.3,53.07,47.9,16.0,12.0,2.0,8.1,1.9,1.0,0.3004587155963302,0.397,0.763,0.321,0.479,108.0,103.051,120.208,98.383,2.68294,3.04468,-0.361741,4.11061,93.4,0.2591743119266055,0.6548672566371682,0.4403669724770642,0.375,0.4475043029259896,2.0,0.171,1.0,6.0,15.1,77.0,74.0,81.0,40.0,73.0,61.0,44.0,81.0,83.0,60.0,52.0,67.0,33.0,52.0,0.543,4.51,38.0,1.0,-3.08,0.0,0.6,13.0,17.72,49.1,-2.1,0.0,100.06,1.0,16.84,51.8,7.81,0.7,15.18,7.5,-13.404,3.71,1.779,1.369,0.41,1862.0,0.0,0.259,0.655,0.257,0.44,0.375,0.125,0.3,0.595,0.044,0.192,0.122,0.699,17.1875,3.2812,2.5,1.1562,0.25,2019.0,3.0,3.0,3646.9989,3.54162,-0.8586800000000001,16.9,7.400000000000002,2.79927,3.54162,1.0,0.73,-0.102,1.033,0.483,0.2,-0.419,-0.823,-0.318,1.109,,,,,,,,,,,,,,,,,,,,,,,,,,,,,0,0,0,,,,,,,,,,,,,,,,,,,,,,,,,,,,,,,,,,,,,,,,,,,,0,,,0.0,,,,,0.0,,,9.0,3.0,1.0,0.0,,,,,,,,,,,,,,0.231,2.579,13.0,0.541,0.113,0.032,-0.001,-0.076,-2.7,-0.665,0.596,-0.195,32.0,0.0,36.3,17.058,5.6,3.0,1.0,2.8,1.904,2.0,120.208,98.383,21.74,16.0,1.40354813,9.0,2.68294,0.0,1.611,2.706,2.6,0.51,1.4,5.7,-11.0,2.1,0.76,-1.9,-0.361741,0.894959,3.90039,8.1,103.051,0.124,0.406,47.9,3.54162,39.7,0.0,3.62057,32.0,0.0,30.0,0.375,0.44,85.1,36.3125,3.04468,2.72561,2.0,108.0,2.4,4.11061,17.1875,93.4,0.6549,0.259,4.0,3.0,-0.429,180.443,0.3,12.0,53.07,24.3,3.0,,,,,,,,,,,,,,,,,,,,,,,,,,,,,,,,,,,,,,,,,1499.0,5.0,51.0,1.0,27.0,8.0,146.0,21838.0,0.333,3.324,6.0,1.0,1.0,1.0,0.588,3.0,0.0,25.0,9.3,28.2,1.0,0.822,95.384096859401,111.28049208434209,0.8547849542264111,14.0,0.5502038889814878,36.0,0.6989455644492435,,20.0,0.735,0.0,0.0,0.01,0.0014,0.0,0.989,0.994,34.0,30.0,-4.0,1.6,1.0,78.0,2.0,0.0,6.0,6.0,0.0,6.0,31.0,1.95,1.0,0.6806,36.0,3.0,9.0,23.74,4.0,8.5,9.25,11.04,37.5,2.87,22.0,0.727,,,25.0,25.0,0.72,,,25.0,0.72,3.07,32.0,4.0,4.628131579361512,0.8666666666666667,9.32466702224725,0.6666666666666666,5.891493239347352,0.6666666666666666,6.633606734734794,0.2666666666666666,3.977908324971768,0.4666666666666667,4.443071780389341,0.2666666666666666,0.7792725625287815,0.4,3.3944575571012177,0.4666666666666667,0.2467902995720399,0.1591737545565006,,,0.275,0.1532846715328467,0.4039069641734785,0.3865418664834388,6.4323692456013495,0.6649100344920761,0.12679776,0.1438542325314404,-0.0199999999999924,-0.0234999999999924,-0.0174999999999974,4.599999999998738,-0.0417966749999654,0.4499999999998777,0.8499999999997634,4.449999999998108,-2.259999999999238,3.699999999998728,0.7564766839378239,0.3259668508287293,0.6433566433566433,0.3783783783783784,0.9166666666666666,0.4811594202898551,0.6161616161616161,0.3692884480199953,0.2272900128345296,0.5565217391304348,1.3103448275862069,2.9705882352941178,,,,,,,,,,,,,,,,,,,,,,,,,,,,,,,,,,,,,
P6d3980e9f0,2019,,,,,,,,,,,,,,,,,,,22.26694045174538,32.0,13.625,10.403669724770642,8.009042201834863,1.5689394495412845,0.4954128440366973,0.3302752293577982,19.3,44.86,38.3,8.4,17.4,6.6,17.8,0.8,1.0,0.2916666666666667,0.358,0.791,0.114,0.471,92.1,98.7564,96.3073,93.531,0.933722,-1.30839,2.24211,0.411931,95.4,0.4,0.5833333333333334,0.3083333333333333,0.3243243243243243,0.5504587155963303,2.0,0.064,4.0,9.0,19.4,61.0,58.0,48.0,6.0,31.0,8.0,48.0,60.0,54.0,46.0,6.0,21.0,54.0,8.0,0.516,3.21,17.0,0.25,-3.31,0.0,-6.5,13.0,8.1,34.2,-5.18,0.0,99.06,1.0,,,4.04,1.73,5.54,-0.84,-1.354,5.445,1.541,-0.06,1.601,587.0,1.0,0.4,0.583,0.286,0.308,0.324,0.167,0.292,0.75,0.208,0.286,0.073,0.615,3.9375,3.0312,0.5938,0.1875,0.125,2019.0,3.0,3.0,1793.9989,1.37852,-0.4447979999999999,19.6,-0.3000000000000007,0.3474373333333333,1.37852,1.0,0.265,-1.424,-0.011,-0.557,-1.231,-0.419,0.442,-0.355,-0.583,,,,,,,,,,,,,,,,,,,,,,,,,,,,,0,0,0,,,,,,,,,,,,,,,,,,,,,,,,,,,,,,,,,,,,,,,,,,,,0,,,0.0,,,,,0.0,,,1.0,1.0,1.0,0.0,,,,,,,,,,,,,,0.2,0.608,10.0,0.301,0.121,-0.031,-0.206,0.056,-11.7,-1.941,3.206,-0.325,32.0,0.0,13.7,10.248,0.2,3.0,1.0,0.1,-2.209,2.0,96.3073,93.531,22.41,8.4,0.76011267,1.0,0.933722,0.0,-2.15,-4.694,2.0,2.204,-6.1,-1.0,-31.0,-2.6,-4.41,0.0,2.24211,1.49582,1.67246,17.8,98.7564,0.125,0.188,38.3,1.37852,35.8,0.0,-0.892667,32.0,0.0,35.0,0.3243,0.308,31.6,13.625,-1.30839,-2.38849,6.6,92.1,4.0,0.411931,3.9375,95.4,0.5833,0.4,5.0,3.0,-0.222,81.6506,0.292,17.4,44.86,19.3,3.0,,,,,,,,,,,,,,,,,,,,,,,,,,,,,,,,,,,,,,,,,,,,0.0,,,,,0.0,1.365,1.0,1.0,1.0,1.0,0.588,3.0,0.0,13.0,9.01,37.55,1.0,0.786,94.26572912400913,113.70559886545212,0.8962459647045837,14.0,0.6046923687253687,20.0,0.722192589669942,,20.0,0.0,0.0,0.0,0.0,0.0,0.0,1.0,1.0,24.0,20.0,-1.0,2.8,1.0,79.0,3.0,0.0,6.0,6.0,0.0,11.0,25.0,3.4,1.0,0.7592,31.0,3.0,,,,,,,,,,,,,,,,,,,,,,,3.988884049800471,0.6666666666666666,5.720217590361853,0.25,8.76526005431377,0.4166666666666667,3.1058076841806743,0.4166666666666667,4.293295853463926,0.5833333333333334,7.371858028757874,0.5,0.4225164504379166,0.4166666666666667,2.020747465730521,0.6666666666666666,0.0625909752547307,0.0406976744186046,0.0770465489566613,0.0588235294117647,0.0636704119850187,0.0136054421768707,0.4474120950326855,0.3149912101592197,2.8381756035035246,0.6833039316264746,0.1165412074941582,0.1243304583135711,0.0174999999999959,-0.1534999999999583,-0.0149999999999928,-2.249999999999311,0.0164745099999999,1.1999999999997568,2.549999999999438,-0.400000000001097,-5.044999999998545,-0.1499999999999501,0.7619047619047619,0.2470588235294117,0.5897435897435898,0.3582089552238806,0.9375,0.48,0.5238095238095238,0.4817160955945868,0.2222222222222222,0.3417931034482759,0.888888888888889,4.88,,,,,,,,,,,,,,,,,,,,,,,,,,,,,,,,,,,,,
