pid,draft_year,vcmb_height_without_shoes_in,vcmb_height_with_shoes_in,vcmb_weight_lb,vcmb_wingspan_in,vcmb_standing_reach_in,vcmb_body_fat_pct,vcmb_hand_length_in,vcmb_hand_width_in,vcmb_standing_vertical_in,vcmb_max_vertical_in,vcmb_lane_agility_s,vcmb_modified_lane_agility_s,vcmb_three_quarter_sprint_s,vcmb_bench_press_reps,vcmb_bmi_kg_m2,vcmb_wingspan_minus_height_in,vcmb_spot_15ft_made,vcmb_spot_15ft_attempted,vcmb_spot_15ft_pct,vcmb_spot_college3_made,vcmb_spot_college3_attempted,vcmb_spot_college3_pct,vcmb_spot_nba3_made,vcmb_spot_nba3_attempted,vcmb_spot_nba3_pct,vcmb_off_dribble_15ft_made,vcmb_off_dribble_15ft_attempted,vcmb_off_dribble_15ft_pct,vcmb_off_dribble_college3_made,vcmb_off_dribble_college3_attempted,vcmb_off_dribble_college3_pct,vcmb_on_move_15ft_made,vcmb_on_move_15ft_attempted,vcmb_on_move_15ft_pct,vcmb_on_move_college3_made,vcmb_on_move_college3_attempted,vcmb_on_move_college3_pct
P58604dcdcf,2017,78.25,79.5,254.2,87.25,104.5,11.5,8.75,10.0,29.0,33.5,11.81,2.94,3.27,16.0,29.18805534718522,9.0,,,,13.0,25.0,0.52,13.0,25.0,0.52,8.0,18.0,0.4444444444444444,,,,12.0,32.0,0.375,,,
P379acc01ca,2004,,,,,,,,,,,,,,,,,,,,,,,,,,,,,,,,,,,,,
P16f60c6002,2016,,,,,,,,,,,,,,,,,,,,,,,,,,,,,,,,,,,,,
P267f5baf8e,2008,,,,,,,,,,,,,,,,,,,,,,,,,,,,,,,,,,,,,
P8955b1a9c4,2000,,,,,,,,,,,,,,,,,,,,,,,,,,,,,,,,,,,,,
P099a8d0c1c,2005,83.0,84.25,250.6,87.0,110.5,,,,27.5,33.5,12.06,,3.51,13.0,25.57544442699569,4.0,,,,,,,,,,,,,,,,,,,,,
P3470a61a00,2005,79.0,80.25,228.2,87.5,108.0,,,,29.5,35.0,11.11,,3.17,12.0,25.707495284995385,8.5,,,,,,,,,,,,,,,,,,,,,
P5e4491e5c3,2005,71.75,73.0,178.0,76.25,93.0,,,,32.0,38.0,11.09,,3.22,10.0,24.3094144983225,4.5,,,,,,,,,,,,,,,,,,,,,
Pc047806c80,2005,71.5,72.25,199.4,76.25,98.0,,,,29.0,33.5,10.5,,3.06,6.0,27.422773569377163,4.75,,,,,,,,,,,,,,,,,,,,,
Pf804162018,2005,78.0,79.5,229.6,83.0,106.0,,,,28.0,30.5,11.39,,3.39,7.0,26.532671841740793,5.0,,,,,,,,,,,,,,,,,,,,,
P572a4194e6,2005,81.0,81.5,236.6,84.25,109.0,,,,26.0,31.0,10.86,,3.3,11.0,25.353797064871987,3.25,,,,,,,,,,,,,,,,,,,,,
Pcb4360a784,2005,78.5,80.0,255.4,87.5,109.0,,,,28.0,31.0,11.94,,3.45,21.0,29.139351801670056,9.0,,,,,,,,,,,,,,,,,,,,,
P5afd5b991d,2005,73.75,74.75,202.4,78.25,98.0,,,,30.0,35.0,10.83,,3.25,15.0,26.162832826239054,4.5,,,,,,,,,,,,,,,,,,,,,
Pff47b96114,2005,,,,,,,,,,,,,,,,,,,,,,,,,,,,,,,,,,,,,
P2f15d5867f,2005,,,,,,,,,,,,,,,,,,,,,,,,,,,,,,,,,,,,,
P8a3b7b6860,2005,79.0,80.5,258.8,85.25,105.0,,,,30.0,33.0,11.04,,3.29,12.0,29.154687904280483,6.25,,,,,,,,,,,,,,,,,,,,,
P9f246cdbe1,2005,74.75,76.0,201.0,82.75,103.5,,,,32.5,34.5,10.39,,3.11,15.0,25.291347614898452,8.0,,,,,,,,,,,,,,,,,,,,,
Pf4d4553b6f,2005,77.25,78.25,202.6,80.75,104.5,,,,26.5,29.5,11.45,,3.41,12.0,23.869359865924103,3.5,,,,,,,,,,,,,,,,,,,,,
Pc295aab61a,2005,77.25,78.5,216.6,80.0,104.0,,,,30.0,36.0,10.62,,3.05,26.0,25.518772689828037,2.75,,,,,,,,,,,,,,,,,,,,,
P81f3558def,2005,78.0,79.25,192.0,81.75,104.0,,,,31.5,39.0,11.2,,3.21,7.0,22.187600146403454,3.75,,,,,,,,,,,,,,,,,,,,,
P959d20dcac,2005,78.0,79.0,202.2,84.5,107.5,,,,24.5,29.0,10.89,,3.18,14.0,23.366316404181138,6.5,,,,,,,,,,,,,,,,,,,,,
P9cbbbfe0cc,2005,,,,,,,,,,,,,,,,,,,,,,,,,,,,,,,,,,,,,
Pa4dad52ff4,2005,74.5,75.5,197.6,79.5,100.0,,,,26.0,28.5,10.87,,3.24,5.0,25.030683110976604,5.0,,,,,,,,,,,,,,,,,,,,,
P311b5f6b41,2005,77.75,79.0,189.6,82.75,103.0,,,,27.5,31.5,10.63,,3.33,5.0,22.051383637404015,5.0,,,,,,,,,,,,,,,,,,,,,
P6f59c256f3,2005,74.0,75.0,178.8,77.25,98.5,,,,31.5,38.5,11.12,,3.21,14.0,22.956325938546694,3.25,,,,,,,,,,,,,,,,,,,,,
P5ea12f1777,2005,,,,,,,,,,,,,,,,,,,,,,,,,,,,,,,,,,,,,
P17786d3599,2005,77.0,78.25,257.6,87.25,107.0,,,,,,,,,,30.546588584086262,10.25,,,,,,,,,,,,,,,,,,,,,
Pd11ab06c36,2005,,,,,,,,,,,,,,,,,,,,,,,,,,,,,,,,,,,,,
P3e3a854ff5,2005,,,,,,,,,,,,,,,,,,,,,,,,,,,,,,,,,,,,,
P8c537f5a4d,2005,79.25,81.0,255.8,84.0,107.0,,,,27.0,27.5,11.05,,3.35,11.0,28.635205600087087,4.75,,,,,,,,,,,,,,,,,,,,,
P13a7a5112c,2005,,,,,,,,,,,,,,,,,,,,,,,,,,,,,,,,,,,,,
Pdb057d444b,2005,,,,,,,,,,,,,,,,,,,,,,,,,,,,,,,,,,,,,
P690d8b352a,2005,,,,,,,,,,,,,,,,,,,,,,,,,,,,,,,,,,,,,
P19de9513b3,2005,,,,,,,,,,,,,,,,,,,,,,,,,,,,,,,,,,,,,
Pc6a39f466a,2005,79.75,81.0,208.8,85.25,109.5,,,,22.0,30.0,11.59,,3.56,2.0,23.081680129504466,5.5,,,,,,,,,,,,,,,,,,,,,
Pd382320a3c,2005,80.0,81.25,237.8,85.5,106.5,,,,30.5,33.0,11.5,,3.23,15.0,26.123429068467516,5.5,,,,,,,,,,,,,,,,,,,,,
Peb2d46202e,2005,71.75,73.0,165.2,71.75,93.5,,,,24.5,31.0,10.85,,3.26,1.0,22.561321770353242,0.0,,,,,,,,,,,,,,,,,,,,,
P83f985b4bd,2005,,,,,,,,,,,,,,,,,,,,,,,,,,,,,,,,,,,,,
Pce1d0d3699,2005,,,,,,,,,,,,,,,,,,,,,,,,,,,,,,,,,,,,,
P01bc9a886e,2005,80.5,81.5,261.0,85.75,109.0,,,,28.5,33.0,11.26,,3.27,14.0,28.316987814639965,5.25,,,,,,,,,,,,,,,,,,,,,
P6b0e9b0b2a,2005,,,,,,,,,,,,,,,,,,,,,,,,,,,,,,,,,,,,,
P11475d8eed,2005,85.25,87.0,227.8,83.25,112.5,,,,24.0,27.5,11.94,,3.42,0.0,22.037547009991382,-2.0,,,,,,,,,,,,,,,,,,,,,
P43e7adb565,2005,73.25,74.5,186.8,82.0,100.5,,,,30.0,36.0,11.58,,3.27,8.0,24.477097690427605,8.75,,,,,,,,,,,,,,,,,,,,,
Pdacd6ab94d,2005,,,,,,,,,,,,,,,,,,,,,,,,,,,,,,,,,,,,,
P63a21fbef6,2005,,,,,,,,,,,,,,,,,,,,,,,,,,,,,,,,,,,,,
P74b71b0d31,2005,,,,,,,,,,,,,,,,,,,,,,,,,,,,,,,,,,,,,
P83f12f36b1,2005,80.0,81.0,269.4,86.0,108.0,,,,28.5,33.5,12.11,,3.25,15.0,29.594835117935858,6.0,,,,,,,,,,,,,,,,,,,,,
P1378011126,2005,,,,,,,,,,,,,,,,,,,,,,,,,,,,,,,,,,,,,
P2b78092e41,2005,78.25,80.0,195.8,81.75,105.5,,,,,,,,,,22.482380947989245,3.5,,,,,,,,,,,,,,,,,,,,,
Pbb4d6101de,2005,,,,,,,,,,,,,,,,,,,,,,,,,,,,,,,,,,,,,
P1dfb3826fd,2005,,,,,,,,,,,,,,,,,,,,,,,,,,,,,,,,,,,,,
P38dadf836a,2005,83.0,84.0,225.2,87.5,110.0,,,,29.5,36.0,11.48,,3.33,18.0,22.9832006582579,4.5,,,,,,,,,,,,,,,,,,,,,
Pb5af3844f5,2005,75.75,76.75,183.0,84.0,102.5,,,,28.0,32.0,11.67,,3.35,11.0,22.422504647512323,8.25,,,,,,,,,,,,,,,,,,,,,
P0820723beb,2005,,,,,,,,,,,,,,,,,,,,,,,,,,,,,,,,,,,,,
P927dcf71a8,2005,,,,,,,,,,,,,,,,,,,,,,,,,,,,,,,,,,,,,
Pf4d757d073,2005,,,,,,,,,,,,,,,,,,,,,,,,,,,,,,,,,,,,,
P5840594df8,2005,,,,,,,,,,,,,,,,,,,,,,,,,,,,,,,,,,,,,
P5b1d935a26,2005,,,,,,,,,,,,,,,,,,,,,,,,,,,,,,,,,,,,,
Pc067530e3e,2005,,,,,,,,,,,,,,,,,,,,,,,,,,,,,,,,,,,,,
P21b2b49a34,2005,79.75,81.25,214.0,88.5,110.5,,,,31.5,35.5,12.51,,3.27,11.0,23.656511243840786,8.75,,,,,,,,,,,,,,,,,,,,,
Pb87f242f46,2005,76.5,77.75,186.6,85.0,104.0,,,,30.5,37.0,11.64,,3.21,7.0,22.417494734617822,8.5,,,,,,,,,,,,,,,,,,,,,
Pd650e439a2,2005,76.5,78.0,223.2,81.5,104.0,,,,26.5,30.5,10.32,,3.27,10.0,26.814495309575012,5.0,,,,,,,,,,,,,,,,,,,,,
P5104e01e75,2005,76.25,77.5,210.0,82.25,101.0,,,,33.0,36.5,10.52,,3.21,14.0,25.39439707162134,6.0,,,,,,,,,,,,,,,,,,,,,
P32b8c3a5cb,2005,,,,,,,,,,,,,,,,,,,,,,,,,,,,,,,,,,,,,
Pbe0a02c2fd,2005,,,,,,,,,,,,,,,,,,,,,,,,,,,,,,,,,,,,,
Pa68189cdce,2005,72.75,74.5,178.8,74.75,95.0,,,,31.5,37.0,11.17,,3.19,14.0,23.751980413926468,2.0,,,,,,,,,,,,,,,,,,,,,
Pef98a54ad0,2005,83.75,85.5,241.6,89.0,111.5,,,,23.5,26.5,12.4,,3.47,1.0,24.21729353578199,5.25,,,,,,,,,,,,,,,,,,,,,
P3928bad8a7,2005,70.5,71.5,188.8,75.5,93.0,,,,33.0,40.5,11.12,,3.0,15.0,26.706812863713754,5.0,,,,,,,,,,,,,,,,,,,,,
Pb945050559,2005,80.5,82.0,242.2,86.75,108.5,,,,28.0,31.5,11.87,,3.25,15.0,26.277296738336396,6.25,,,,,,,,,,,,,,,,,,,,,
Pf0c178cb1c,2005,,,,,,,,,,,,,,,,,,,,,,,,,,,,,,,,,,,,,
P7f2c8eb929,2005,,,,,,,,,,,,,,,,,,,,,,,,,,,,,,,,,,,,,
Pd7ea309dee,2005,,,,,,,,,,,,,,,,,,,,,,,,,,,,,,,,,,,,,
P16dd82b034,2005,,,,,,,,,,,,,,,,,,,,,,,,,,,,,,,,,,,,,
Pc1044ed1f5,2005,79.25,80.25,212.8,85.5,106.0,,,,28.5,37.0,11.92,,3.2,9.0,23.821625299837894,6.25,,,,,,,,,,,,,,,,,,,,,
P103e95dd1f,2008,,,,,,,,,,,,,,,,,,,,,,,,,,,,,,,,,,,,,
Pb8998ddf4a,2006,,,,,,,,,,,,,,,,,,,,,,,,,,,,,,,,,,,,,
P403a83bdf0,2005,72.0,73.5,174.6,75.5,94.0,,,,32.0,37.5,10.69,,3.22,7.0,23.679774036457797,3.5,,,,,,,,,,,,,,,,,,,,,
Pdf59a363f3,2005,,,,,,,,,,,,,,,,,,,,,,,,,,,,,,,,,,,,,
P7363f8a8b4,2006,,,,,,,,,,,,,,,,,,,,,,,,,,,,,,,,,,,,,
P6f687d1dcc,2006,,,,,,,,,,,,,,,,,,,,,,,,,,,,,,,,,,,,,
P1259ebdf13,2005,,,,,,,,,,,,,,,,,,,,,,,,,,,,,,,,,,,,,
P1605b30cec,2007,,,,,,,,,,,,,,,,,,,,,,,,,,,,,,,,,,,,,
P55b27de869,2005,69.25,70.5,154.4,72.0,92.0,,,,29.0,34.0,10.44,,3.14,4.0,22.636331628726808,2.75,,,,,,,,,,,,,,,,,,,,,
Pa09c3091c5,2005,,,,,,,,,,,,,,,,,,,,,,,,,,,,,,,,,,,,,
P187b6721ca,2002,,,,,,,,,,,,,,,,,,,,,,,,,,,,,,,,,,,,,
Pdbacaefe1b,2003,,,,,,,,,,,,,,,,,,,,,,,,,,,,,,,,,,,,,
P9e0485e8f6,2000,,,,,,,,,,,,,,,,,,,,,,,,,,,,,,,,,,,,,
P6d9b6a98b1,2002,,,,,,,,,,,,,,,,,,,,,,,,,,,,,,,,,,,,,
Pd72f71c2bb,2000,,,,,,,,,,,,,,,,,,,,,,,,,,,,,,,,,,,,,
Pb9c495a67d,2015,,,,,,,,,,,,,,,,,,,,,,,,,,,,,,,,,,,,,
P3e493925a2,2015,,,,,,,,,,,,,,,,,,,,,,,,,,,,,,,,,,,,,
P9a02cf437c,2015,72.5,74.0,184.6,77.0,97.0,6.5,8.25,8.75,26.5,32.5,11.84,2.95,3.32,2.0,24.69187051631654,4.5,,,,,,,,,,,,,,,,,,,,,
Pb067831a66,2015,77.25,78.25,230.6,83.75,101.0,5.0,8.5,9.5,38.0,43.0,11.13,2.88,3.22,12.0,27.168185513731974,6.5,,,,16.0,25.0,0.64,9.0,25.0,0.36,19.0,24.0,0.7916666666666666,,,,32.0,48.0,0.6666666666666666,,,
Pf634b73f97,2015,77.75,79.25,211.0,83.0,104.5,6.1,8.5,9.0,27.5,34.5,10.94,3.29,3.18,4.0,24.54030563023337,5.25,,,,21.0,25.0,0.84,21.0,25.0,0.84,17.0,24.0,0.7083333333333334,,,,30.0,44.0,0.6818181818181818,,,
P1b292d5147,2015,79.0,79.5,253.4,88.25,109.0,11.9,9.0,9.75,,,,,,,28.546359794994874,9.25,,,,,,,,,,,,,,,,,,,,,
P0ba0d4e186,2015,76.5,77.5,213.2,81.0,100.0,5.9,8.25,9.25,26.5,33.0,11.2,,3.34,,25.613129032264304,4.5,,,,15.0,25.0,0.6,8.0,25.0,0.32,15.0,24.0,0.625,,,,,,,24.0,39.0,0.6153846153846154
Peda2227014,2015,76.5,78.0,209.2,80.25,100.5,6.0,8.75,10.0,28.5,34.5,,,3.27,1.0,25.132582521340023,3.75,,,,16.0,25.0,0.64,8.0,25.0,0.32,11.0,24.0,0.4583333333333333,,,,,,,21.0,41.0,0.5121951219512195
P16f77dc0c6,2015,76.25,77.5,181.4,79.5,101.5,6.6,8.0,8.5,29.5,31.0,11.16,3.5,3.29,4.0,21.9359220418672,3.25,,,,,,,,,,,,,,,,,,,,,
P3cfad83e39,2015,76.5,78.0,185.0,82.5,104.0,6.0,8.5,8.25,27.5,33.5,10.87,2.91,3.26,1.0,22.22527613024811,6.0,,,,,,,,,,,,,,,,,,,,,
P94d904f95a,2015,79.75,81.0,218.6,83.5,106.0,7.5,8.5,9.25,25.5,34.5,10.64,2.96,3.28,5.0,24.165015691138294,3.75,,,,,,,,,,,,,,,,,,,,,
P67cf99c3eb,2015,75.25,77.0,193.4,81.75,102.0,8.3,8.75,9.75,,,,,,,24.01274276481954,6.5,,,,,,,,,,,,,,,,,,,,,
P5a591d3e24,2015,,,,,,,,,,,,,,,,,,,,,,,,,,,,,,,,,,,,,
Pe7f5f31a46,2015,80.25,81.5,242.8,85.5,108.0,8.8,8.5,8.5,32.5,36.0,11.24,3.31,3.32,15.0,26.506775972498392,5.25,,,,14.0,25.0,0.56,8.0,25.0,0.32,12.0,24.0,0.5,,,,,,,28.0,47.0,0.5957446808510638
Pc3390f55d0,2015,76.5,78.5,221.8,82.25,104.5,5.3,8.5,9.25,,,,,,,26.64630403075152,5.75,,,,,,,,,,,,,,,,,,,,,
P9b0b27ae5d,2015,83.25,84.5,242.4,87.0,111.0,6.3,9.5,9.0,,,,,,,24.59022137157442,3.75,,,,,,,,,,,,,,,,,,,,,
Ped4ca8f8d6,2015,77.75,78.75,202.8,86.25,102.5,5.7,9.0,8.75,34.5,37.0,11.09,3.12,3.32,7.0,23.586606548868854,8.5,,,,,,,,,,,,,,,,,,,,,
Pec96a14b85,2015,83.75,84.75,231.2,83.0,109.5,9.4,8.5,9.5,,,,,,,23.17482725775164,-0.75,,,,,,,,,,,,,,,,,,,,,
P7d77f683c0,2015,76.5,77.75,205.8,80.25,102.5,8.3,8.75,9.0,27.5,34.5,10.27,2.75,3.28,8.0,24.72411798705438,3.75,,,,,,,,,,,,,,,,,,,,,
Pce2a43b358,2015,72.75,73.5,182.8,79.25,97.5,6.3,8.5,8.25,29.75,35.5,10.9,2.93,3.28,0.0,24.28334462900312,6.5,,,,19.0,25.0,0.76,14.0,25.0,0.56,12.0,24.0,0.5,,,,25.0,42.0,0.5952380952380952,,,
Peaf1686cc0,2015,81.75,83.5,238.6,88.0,112.0,9.3,9.25,9.25,,,,,,,25.101127170650194,6.25,,,,,,,,,,,,,,,,,,,,,
P2297a93a7f,2015,81.0,82.25,241.2,85.5,108.0,12.1,9.25,10.25,,,,,,,25.846728030630274,4.5,,,,,,,,,,,,,,,,,,,,,
P8d6369038a,2015,75.25,76.25,198.0,79.5,100.0,5.6,8.25,8.5,,,,,,,24.583883492421243,4.25,,,,,,,,,,,,,,,,,,,,,
P5492e07ad3,2015,81.5,82.5,246.2,86.0,108.5,8.9,9.5,9.25,25.0,31.5,11.78,3.28,3.56,5.0,26.059803606783998,4.5,,,,,,,,,,,,,,,,,,,,,
P1c43036b93,2015,80.0,81.25,222.4,87.5,110.0,11.9,9.5,9.25,,,,,,,24.431667892460787,7.5,,,,,,,,,,,,,,,,,,,,,
Pcf63b744fe,2015,75.75,77.0,198.6,79.0,101.0,6.2,8.0,8.5,28.0,34.0,11.4,3.1,3.21,5.0,24.333931273201898,3.25,,,,16.0,25.0,0.64,,,,17.0,20.0,0.85,,,,28.0,40.0,0.7,,,
P4a125216bc,2015,79.0,80.25,238.0,87.25,106.0,7.2,8.75,9.5,33.0,37.5,11.72,3.13,3.28,9.0,26.811498149995188,8.25,,,,14.0,25.0,0.56,11.0,25.0,0.44,,,,19.0,24.0,0.7916666666666666,,,,28.0,47.0,0.5957446808510638
P2e8c779b09,2015,80.25,81.75,242.6,89.25,110.5,9.6,9.25,9.0,29.0,32.0,11.6,3.3,3.47,9.0,26.484941725404077,9.0,,,,16.0,25.0,0.64,9.0,25.0,0.36,,,,10.0,24.0,0.4166666666666667,,,,27.0,44.0,0.6136363636363636
Pf21d262b1c,2015,83.0,83.75,264.6,86.0,112.0,14.9,9.25,10.5,22.5,25.0,11.76,2.94,3.62,4.0,27.004240205040144,3.0,,,,,,,,,,,,,,,,,,,,,
Pb4e1522182,2015,77.5,79.0,210.8,86.0,104.0,5.0,8.75,9.75,32.0,38.0,10.41,3.19,3.12,13.0,24.675474278948563,8.5,,,,,,,,,,,,,,,,,,,,,
Pe71646e585,2015,72.5,74.25,190.2,80.25,98.5,5.6,8.25,8.5,33.0,38.0,10.84,2.84,3.15,7.0,25.440919676074788,7.75,,,,19.0,25.0,0.76,22.0,25.0,0.88,16.0,24.0,0.6666666666666666,,,,38.0,47.0,0.8085106382978723,,,
P831df49905,2015,75.0,76.25,215.4,82.75,102.5,6.4,9.25,9.0,32.5,40.5,10.69,3.2,3.2,5.0,26.922877769648874,7.75,,,,16.0,25.0,0.64,11.0,25.0,0.44,19.0,24.0,0.7916666666666666,,,,,,,26.0,42.0,0.6190476190476191
Ped46c6be82,2015,77.5,78.75,230.2,83.0,105.0,5.8,9.0,8.75,28.5,34.5,12.22,3.53,3.2,12.0,26.946367073121245,5.5,,,,10.0,25.0,0.4,13.0,25.0,0.52,,,,12.0,24.0,0.5,,,,25.0,47.0,0.5319148936170213
Pc381c2ab50,2016,,,,,,,,,,,,,,,,,,,,,,,,,,,,,,,,,,,,,
Pd0eaa15469,2015,80.0,81.25,238.6,81.0,106.5,10.1,8.25,9.5,28.5,35.0,11.2,2.97,3.27,19.0,26.211312765922404,1.0,,,,,,,,,,,,,,,,,,,,,
P9b79feb6a3,2016,,,,,,,,,,,,,,,,,,,,,,,,,,,,,,,,,,,,,
P128f74a48f,2015,80.25,81.0,199.0,87.25,109.0,6.2,8.75,8.75,,,,,,,21.725075858843407,7.0,,,,,,,,,,,,,,,,,,,,,
Pea73008ab4,2015,76.0,77.25,215.0,80.0,96.0,10.2,8.5,9.25,37.5,44.0,10.58,3.08,3.2,13.0,26.17035312022494,4.0,,,,19.0,25.0,0.76,17.0,25.0,0.68,12.0,24.0,0.5,,,,,,,15.0,32.0,0.46875
Pa779a7b0cf,2015,,,,,,,,,,,,,,,,,,,,,,,,,,,,,,,,,,,,,
P944090784f,2015,,,,,,,,,,,,,,,,,,,,,,,,,,,,,,,,,,,,,
Pf38454d2db,2015,,,,,,,,,,,,,,,,,,,,,,,,,,,,,,,,,,,,,
P6c859977a5,2015,,,,,,,,,,,,,,,,,,,,,,,,,,,,,,,,,,,,,
Pc5e9e5bdd9,2016,,,,,,,,,,,,,,,,,,,,,,,,,,,,,,,,,,,,,
Pdaafce7eb6,2015,,,,,,,,,,,,,,,,,,,,,,,,,,,,,,,,,,,,,
P49f423e70e,2017,,,,,,,,,,,,,,,,,,,,,,,,,,,,,,,,,,,,,
P6f3f385e9b,2015,79.25,80.25,261.4,85.75,106.5,12.0,8.5,9.5,25.5,28.5,12.26,3.54,3.5,8.0,29.26209047639861,6.5,,,,13.0,25.0,0.52,1.0,25.0,0.04,,,,12.0,24.0,0.5,5.0,12.0,0.4166666666666667,,,
P7570f82c10,2015,,,,,,,,,,,,,,,,,,,,,,,,,,,,,,,,,,,,,
P4074fe9b9e,2017,,,,,,,,,,,,,,,,,,,,,,,,,,,,,,,,,,,,,
P5849f19551,2015,,,,,,,,,,,,,,,,,,,,,,,,,,,,,,,,,,,,,
P4ba2b4830d,2015,,,,,,,,,,,,,,,,,,,,,,,,,,,,,,,,,,,,,
P04e5776a76,2015,,,,,,,,,,,,,,,,,,,,,,,,,,,,,,,,,,,,,
Pfc32d168da,2015,,,,,,,,,,,,,,,,,,,,,,,,,,,,,,,,,,,,,
P0029c9d3a9,2015,,,,,,,,,,,,,,,,,,,,,,,,,,,,,,,,,,,,,
P1ef5f1c321,2015,,,,,,,,,,,,,,,,,,,,,,,,,,,,,,,,,,,,,
P9f8d851f22,2016,,,,,,,,,,,,,,,,,,,,,,,,,,,,,,,,,,,,,
P35fcccf6c9,2015,,,,,,,,,,,,,,,,,,,,,,,,,,,,,,,,,,,,,
P7312c1c32d,2017,,,,,,,,,,,,,,,,,,,,,,,,,,,,,,,,,,,,,
Pa1aae2a35c,2015,,,,,,,,,,,,,,,,,,,,,,,,,,,,,,,,,,,,,
P46c8e8cb1c,2015,,,,,,,,,,,,,,,,,,,,,,,,,,,,,,,,,,,,,
Pf326870436,2015,,,,,,,,,,,,,,,,,,,,,,,,,,,,,,,,,,,,,
Pb88771c23a,2018,,,,,,,,,,,,,,,,,,,,,,,,,,,,,,,,,,,,,
P96a831649e,2017,,,,,,,,,,,,,,,,,,,,,,,,,,,,,,,,,,,,,
Pcb1e0b77ca,2016,,,,,,,,,,,,,,,,,,,,,,,,,,,,,,,,,,,,,
P4879fe4868,2016,,,,,,,,,,,,,,,,,,,,,,,,,,,,,,,,,,,,,
Pe528778159,2017,,,,,,,,,,,,,,,,,,,,,,,,,,,,,,,,,,,,,
Pef9b8757a6,2015,,,,,,,,,,,,,,,,,,,,,,,,,,,,,,,,,,,,,
P7ab7e9a49e,2018,,,,,,,,,,,,,,,,,,,,,,,,,,,,,,,,,,,,,
P0fde3dedb2,2016,,,,,,,,,,,,,,,,,,,,,,,,,,,,,,,,,,,,,
P53f786523f,2016,,,,,,,,,,,,,,,,,,,,,,,,,,,,,,,,,,,,,
P620501ed0d,2016,,,,,,,,,,,,,,,,,,,,,,,,,,,,,,,,,,,,,
Pf93789f1b5,2016,74.5,76.0,201.8,83.25,100.0,5.2,9.0,9.75,32.5,38.0,10.45,3.01,3.19,,25.562711800582385,8.75,,,,,,,,,,,,,,,,,,,,,
P4a1b07df85,2016,75.5,76.5,189.8,79.0,100.5,6.9,8.5,9.0,,,,,,,23.40995679409016,3.5,,,,,,,,,,,,,,,,,,,,,
P47380ec945,2016,80.75,82.0,233.0,84.25,105.0,8.5,9.0,9.0,32.5,38.5,11.93,3.05,3.26,,25.122865098819947,3.5,,,,,,,,,,,,,,,,,,,,,
P9668122fb9,2016,81.25,82.5,237.2,86.5,108.5,9.7,9.0,9.25,,,,,,,25.261914022689115,5.25,,,,,,,,,,,,,,,,,,,,,
P9155961dd2,2016,75.0,76.25,,81.5,100.0,,,,,,,,,,,6.5,,,,,,,,,,,,,,,,,,,,,
P9264b6e63a,2016,82.0,83.5,242.0,86.25,108.0,11.2,8.5,9.75,,,,,,,25.303812949535484,4.25,,,,,,,,,,,,,,,,,,,,,
P4ec4ee54f1,2016,75.75,77.0,212.4,81.25,101.0,6.1,8.5,9.0,,,,,,,26.024808672850366,5.5,,,,,,,,,,,,,,,,,,,,,
P117a6c6fb1,2016,,,,,,,,,,,,,,,,,,,,,,,,,,,,,,,,,,,,,
Pa466887b08,2016,72.0,73.25,193.8,77.5,93.0,6.5,8.25,9.0,37.5,43.5,10.81,2.87,3.25,,26.28373544252876,5.5,,,,,,,,,,,,,,,,,,,,,
Pbfe4edf289,2016,81.0,82.5,208.6,84.5,106.5,7.5,9.0,8.25,33.5,38.0,11.88,2.94,3.2,,22.353347708082403,3.5,,,,,,,,,,,,,,,,,,,,,
P25bfc6427b,2016,82.25,83.5,243.6,87.75,107.0,6.55,8.75,10.5,36.0,37.0,11.35,3.12,3.2,,25.316506625045843,5.5,11.0,25.0,0.44,,,,15.0,25.0,0.6,9.0,18.0,0.5,,,,18.0,31.0,0.5806451612903226,,,
Pd856e50561,2016,82.5,83.75,215.8,86.5,105.5,5.7,8.75,9.0,,,,,,,22.29163126334334,4.0,,,,,,,,,,,,,,,,,,,,,
P55d1c5e102,2016,77.75,79.0,191.0,82.0,101.0,7.55,8.5,9.25,,,,,,,22.2142103098321,4.25,,,,,,,,,,,,,,,,,,,,,
P4b59f5fe56,2016,83.75,84.75,216.0,87.0,110.5,6.05,8.75,9.5,32.0,36.5,11.15,3.09,3.33,,21.651222697553436,3.25,,,,,,,,,,,,,,,,,,,,,
Pc1c99fe2be,2016,,,,,,,,,,,,,,,,,,,,,,,,,,,,,,,,,,,,,
Pf9ebd1b271,2016,,,,,,,,,,,,,,,,,,,,,,,,,,,,,,,,,,,,,
P88f4dbf943,2016,84.25,85.0,239.0,86.75,111.5,5.8,9.25,10.25,,,,,,,23.67316849263572,2.5,,,,,,,,,,,,,,,,,,,,,
Pc5a8d9d1d6,2016,78.5,79.75,220.2,83.5,102.0,6.45,9.0,8.5,34.0,36.0,10.96,2.8,3.24,,25.12327825656909,5.0,13.0,25.0,0.52,,,,8.0,25.0,0.32,11.0,18.0,0.6111111111111112,,,,18.0,34.0,0.5294117647058824,,,
P9c2d575f48,2016,85.25,86.25,218.2,91.75,112.5,4.85,9.25,9.5,31.5,32.0,11.27,2.9,3.46,,21.108835634680066,6.5,13.0,25.0,0.52,,,,14.0,25.0,0.56,8.0,18.0,0.4444444444444444,,,,18.0,29.0,0.6206896551724138,,,
Pfa4c05beee,2016,81.0,82.25,254.4,86.75,108.5,12.85,8.5,7.75,27.0,29.5,12.02,3.22,3.5,,27.261225584545368,5.75,,,,,,,,,,,,,,,,0.0,0.0,,,,
P0edb7d3b99,2016,68.75,70.0,149.2,74.0,88.5,5.2,7.5,7.5,32.5,38.0,10.8,2.88,3.2,,22.193291907631092,5.25,,,,,,,,,,,,,,,,,,,,,
P88064c1c05,2016,76.0,77.75,210.4,82.75,102.0,9.2,8.5,9.75,27.0,32.0,10.51,3.22,3.46,,25.610429286024782,6.75,,,,,,,,,,,,,,,,,,,,,
Pb3a7a6f86b,2016,82.25,83.75,234.0,87.25,108.5,11.15,9.0,9.0,26.0,31.0,12.08,3.16,3.43,,24.318811782679504,5.0,,,,,,,,,,,,,,,,,,,,,
Pce6ddda209,2016,75.25,76.25,212.4,81.75,97.5,7.85,8.75,9.5,30.0,35.5,10.77,2.96,3.45,,26.37180229187006,6.5,,,,16.0,25.0,0.64,16.0,25.0,0.64,13.0,18.0,0.7222222222222222,,,,25.0,32.0,0.78125,,,
P8a2a3c7c07,2016,77.25,78.75,222.8,83.75,102.5,5.05,8.75,9.0,,,,,,,26.24922694041407,6.5,,,,,,,,,,,,,,,,,,,,,
Pddcf4609af,2016,76.25,77.75,206.6,81.25,101.0,7.0,8.0,9.25,32.0,38.0,10.9,2.87,3.17,,24.983249690461758,5.0,15.0,25.0,0.6,,,,12.0,25.0,0.48,7.0,18.0,0.3888888888888889,,,,4.0,9.0,0.4444444444444444,6.0,10.0,0.6
Pd46f6361f5,2016,79.5,81.0,224.4,85.75,103.5,5.15,9.0,10.25,37.5,40.5,10.26,2.86,3.17,,24.962432446663875,6.25,17.0,25.0,0.68,,,,14.0,25.0,0.56,13.0,18.0,0.7222222222222222,,,,8.0,11.0,0.7272727272727273,8.0,10.0,0.8
Pf5fb4e36b6,2016,75.75,77.5,223.0,82.5,98.0,5.4,9.0,10.25,30.5,35.5,10.77,2.64,3.31,,27.323598559536876,6.75,21.0,25.0,0.84,,,,13.0,25.0,0.52,11.0,18.0,0.6111111111111112,,,,9.0,11.0,0.8181818181818182,9.0,11.0,0.8181818181818182
Pd50459cb6d,2016,79.5,81.0,218.6,88.5,107.5,5.6,8.5,9.75,31.0,35.0,11.24,3.3,3.26,,24.31723588609948,9.0,17.0,25.0,0.68,,,,10.0,25.0,0.4,11.0,18.0,0.6111111111111112,,,,15.0,32.0,0.46875,,,
P9260f65add,2016,68.25,69.5,177.2,74.5,88.5,5.8,8.25,8.5,35.5,44.0,11.52,2.9,3.15,,26.74586902001831,6.25,15.0,25.0,0.6,,,,13.0,25.0,0.52,8.0,18.0,0.4444444444444444,,,,7.0,11.0,0.6363636363636364,7.0,10.0,0.7
Pa307fde308,2016,77.5,78.75,204.6,79.5,101.0,5.4,8.0,9.0,33.5,37.5,11.0,3.19,3.12,,23.949725035450076,2.0,12.0,25.0,0.48,,,,13.0,25.0,0.52,10.0,18.0,0.5555555555555556,,,,7.0,11.0,0.6363636363636364,6.0,11.0,0.5454545454545454
P3ea09a4d42,2016,78.25,80.0,197.0,81.0,103.5,5.95,9.0,8.5,26.0,29.0,11.48,3.2,3.4,,22.620168778109708,2.75,11.0,25.0,0.44,,,,11.0,25.0,0.44,13.0,18.0,0.7222222222222222,,,,8.0,11.0,0.7272727272727273,8.0,11.0,0.7272727272727273
P8e900c2247,2016,,,,,,,,,,,,,,,,,,,,,,,,,,,,,,,,,,,,,
Pfd95ad31d4,2016,80.0,81.25,208.6,81.25,102.0,7.1,8.25,9.25,33.0,39.5,11.35,2.82,3.24,,22.91567411136385,1.25,19.0,25.0,0.76,,,,17.0,25.0,0.68,12.0,18.0,0.6666666666666666,,,,9.0,11.0,0.8181818181818182,6.0,11.0,0.5454545454545454
Pf20205fffb,2016,77.25,78.75,180.8,82.0,100.5,4.7,8.75,8.75,30.0,38.0,11.01,2.97,3.3,,21.30098846870226,4.75,14.0,25.0,0.56,,,,13.0,25.0,0.52,12.0,18.0,0.6666666666666666,,,,6.0,9.0,0.6666666666666666,7.0,11.0,0.6363636363636364
P521ea871d2,2016,78.75,80.5,230.8,82.0,103.0,10.05,9.25,9.25,25.0,31.0,11.64,3.17,3.49,,26.16573790568393,3.25,20.0,25.0,0.8,,,,20.0,25.0,0.8,12.0,18.0,0.6666666666666666,,,,22.0,30.0,0.7333333333333333,,,
P22b18d36a6,2016,72.5,73.75,163.8,78.25,97.0,4.3,7.75,8.75,33.5,39.5,10.82,2.69,3.15,,21.909687922928764,5.75,14.0,25.0,0.56,,,,14.0,25.0,0.56,14.0,18.0,0.7777777777777778,,,,28.0,35.0,0.8,,,
P55f0d03e7b,2016,74.0,75.0,183.8,80.0,99.5,3.95,8.75,9.5,31.5,38.5,11.57,3.17,3.23,,23.59828136188413,6.0,15.0,25.0,0.6,,,,14.0,25.0,0.56,7.0,18.0,0.3888888888888889,,,,6.0,11.0,0.5454545454545454,5.0,10.0,0.5
P6f92e02de4,2016,76.75,78.25,199.6,84.0,101.5,7.0,8.75,10.0,33.0,38.0,10.56,3.25,3.33,,23.82330857129115,7.25,17.0,25.0,0.68,,,,14.0,25.0,0.56,13.0,18.0,0.7222222222222222,,,,18.0,28.0,0.6428571428571429,,,
Pa7cb2c7354,2016,76.25,77.75,232.4,82.5,101.0,7.3,9.0,9.25,,,,,,,28.103132759260955,6.25,,,,,,,,,,,,,,,,,,,,,
P85fbcb1dce,2016,80.25,81.5,226.6,87.25,107.5,5.2,9.25,10.0,30.5,36.5,11.25,3.09,3.41,,24.738201957858877,7.0,14.0,25.0,0.56,,,,12.0,25.0,0.48,5.0,18.0,0.2777777777777778,,,,15.0,32.0,0.46875,,,
Pa8fc4b7ad7,2016,80.5,81.75,214.4,83.5,104.0,6.0,8.75,9.0,29.0,34.5,11.52,3.03,3.5,,23.261157806355587,3.0,21.0,25.0,0.84,,,,15.0,25.0,0.6,15.0,18.0,0.8333333333333334,,,,22.0,32.0,0.6875,,,
Pf8b83ac1f0,2016,75.25,76.5,210.0,80.75,100.0,9.25,8.5,8.75,27.5,35.5,11.65,3.21,3.34,,26.073815825295256,5.5,17.0,25.0,0.68,,,,12.0,25.0,0.48,10.0,18.0,0.5555555555555556,,,,7.0,9.0,0.7777777777777778,5.0,8.0,0.625
P251ed0e7a3,2016,77.75,78.75,217.8,80.25,102.0,10.0,8.25,9.25,30.0,36.0,10.72,3.08,3.35,,25.331178039169803,2.5,16.0,25.0,0.64,,,,17.0,25.0,0.68,12.0,18.0,0.6666666666666666,,,,19.0,32.0,0.59375,,,
Pe40a7b9665,2016,80.75,82.0,242.8,84.25,102.5,15.25,8.25,9.5,28.5,35.5,11.35,3.04,3.48,,26.179534961345418,3.5,18.0,25.0,0.72,,,,19.0,25.0,0.76,12.0,18.0,0.6666666666666666,,,,27.0,32.0,0.84375,,,
Pcb0e772806,2016,,,,,,,,,,,,,,,,,,,,,,,,,,,,,,,,,,,,,
P1a32cd4176,2016,,,,,,,,,,,,,,,,,,,,,,,,,,,,,,,,,,,,,
Pd5a40a7ee0,2016,79.25,80.25,229.2,85.5,105.0,9.7,9.5,10.0,29.0,33.0,11.16,3.1,3.3,,25.65750243760735,6.25,17.0,25.0,0.68,,,,14.0,25.0,0.56,11.0,18.0,0.6111111111111112,,,,20.0,30.0,0.6666666666666666,,,
P5f3e1d9a7e,2016,,,,,,,,,,,,,,,,,,,,,,,,,,,,,,,,,,,,,
Pb920680006,2017,,,,,,,,,,,,,,,,,,,,,,,,,,,,,,,,,,,,,
P09fcc624c4,2016,,,,,,,,,,,,,,,,,,,,,,,,,,,,,,,,,,,,,
Pd7225b3a0b,2016,,,,,,,,,,,,,,,,,,,,,,,,,,,,,,,,,,,,,
Pc01c642a9f,2016,,,,,,,,,,,,,,,,,,,,,,,,,,,,,,,,,,,,,
P85b94bf602,2016,,,,,,,,,,,,,,,,,,,,,,,,,,,,,,,,,,,,,
P80ec619552,2017,,,,,,,,,,,,,,,,,,,,,,,,,,,,,,,,,,,,,
P83cf60968a,2016,,,,,,,,,,,,,,,,,,,,,,,,,,,,,,,,,,,,,
P7222e0f90b,2016,,,,,,,,,,,,,,,,,,,,,,,,,,,,,,,,,,,,,
Pd7c989b67a,2016,,,,,,,,,,,,,,,,,,,,,,,,,,,,,,,,,,,,,
P64adb31e4d,2016,,,,,,,,,,,,,,,,,,,,,,,,,,,,,,,,,,,,,
Pbd6175d1ad,2016,78.5,79.75,212.6,83.75,105.5,6.45,9.0,9.75,32.5,35.5,11.01,3.04,3.27,,24.25617146842229,5.25,19.0,25.0,0.76,,,,16.0,25.0,0.64,12.0,18.0,0.6666666666666666,,,,22.0,33.0,0.6666666666666666,,,
Paca468f5b5,2016,,,,,,,,,,,,,,,,,,,,,,,,,,,,,,,,,,,,,
Pcf60b82b9d,2016,,,,,,,,,,,,,,,,,,,,,,,,,,,,,,,,,,,,,
Pc72bfd628e,2016,,,,,,,,,,,,,,,,,,,,,,,,,,,,,,,,,,,,,
P6bc657fff3,2016,,,,,,,,,,,,,,,,,,,,,,,,,,,,,,,,,,,,,
P287f82c404,2016,,,,,,,,,,,,,,,,,,,,,,,,,,,,,,,,,,,,,
Pa78dfd4260,2016,,,,,,,,,,,,,,,,,,,,,,,,,,,,,,,,,,,,,
P049f342950,2016,,,,,,,,,,,,,,,,,,,,,,,,,,,,,,,,,,,,,
P41923cb473,2016,,,,,,,,,,,,,,,,,,,,,,,,,,,,,,,,,,,,,
P982f4d9f47,2017,,,,,,,,,,,,,,,,,,,,,,,,,,,,,,,,,,,,,
P53698aab75,2016,,,,,,,,,,,,,,,,,,,,,,,,,,,,,,,,,,,,,
P94ee422c65,2016,,,,,,,,,,,,,,,,,,,,,,,,,,,,,,,,,,,,,
Pfafab37502,2017,,,,,,,,,,,,,,,,,,,,,,,,,,,,,,,,,,,,,
P8e9f5cd10b,2017,,,,,,,,,,,,,,,,,,,,,,,,,,,,,,,,,,,,,
P6f658be6bb,2016,,,,,,,,,,,,,,,,,,,,,,,,,,,,,,,,,,,,,
Pe1b87bba68,2017,,,,,,,,,,,,,,,,,,,,,,,,,,,,,,,,,,,,,
Pe0da967ad1,2016,,,,,,,,,,,,,,,,,,,,,,,,,,,,,,,,,,,,,
Pdc4a696341,2016,,,,,,,,,,,,,,,,,,,,,,,,,,,,,,,,,,,,,
P2bc89b6490,2016,,,,,,,,,,,,,,,,,,,,,,,,,,,,,,,,,,,,,
P7e57b76eb8,2017,,,,,,,,,,,,,,,,,,,,,,,,,,,,,,,,,,,,,
Pc9bdc2e95f,2016,,,,,,,,,,,,,,,,,,,,,,,,,,,,,,,,,,,,,
Pa67da64cf8,2017,,,,,,,,,,,,,,,,,,,,,,,,,,,,,,,,,,,,,
P4370ef2bf5,2017,,,,,,,,,,,,,,,,,,,,,,,,,,,,,,,,,,,,,
P9ac225720c,2017,,,,,,,,,,,,,,,,,,,,,,,,,,,,,,,,,,,,,
Pe75e4da903,2017,,,,,,,,,,,,,,,,,,,,,,,,,,,,,,,,,,,,,
P7719d3d89b,2016,,,,,,,,,,,,,,,,,,,,,,,,,,,,,,,,,,,,,
Pb571c7aa88,2017,,,,,,,,,,,,,,,,,,,,,,,,,,,,,,,,,,,,,
Pb2b564e4f2,2018,,,,,,,,,,,,,,,,,,,,,,,,,,,,,,,,,,,,,
P55c2defaf8,2018,,,,,,,,,,,,,,,,,,,,,,,,,,,,,,,,,,,,,
P25e61f80f8,2017,,,,,,,,,,,,,,,,,,,,,,,,,,,,,,,,,,,,,
P6e7d02b021,2017,,,,,,,,,,,,,,,,,,,,,,,,,,,,,,,,,,,,,
Pe56ae9c7aa,2017,,,,,,,,,,,,,,,,,,,,,,,,,,,,,,,,,,,,,
P6f43cf2ee3,2017,74.0,75.25,169.6,78.5,100.0,4.5,8.5,8.5,,,,,,,21.775127959605808,4.5,,,,,,,,,,,,,,,,,,,,,
P8a2034c01d,2017,,,,,,,,,,,,,,,,,,,,,,,,,,,,,,,,,,,,,
P4a000d48b0,2017,,,,,,,,,,,,,,,,,,,,,,,,,,,,,,,,,,,,,
Pe3864f9800,2017,,,,,,,,,,,,,,,,,,,,,,,,,,,,,,,,,,,,,
Pbe6ed6fd51,2017,,,,,,,,,,,,,,,,,,,,,,,,,,,,,,,,,,,,,
P46cfb45fde,2017,,,,,,,,,,,,,,,,,,,,,,,,,,,,,,,,,,,,,
Pf62abcdcde,2017,,,,,,,,,,,,,,,,,,,,,,,,,,,,,,,,,,,,,
Pdb3bcb3fc8,2017,73.25,75.0,211.4,82.0,97.0,5.9,8.5,9.5,36.5,40.5,11.53,3.07,3.01,10.0,27.70052704366379,8.75,,,,,,,,,,,,,,,,,,,,,
P71b16faf7a,2017,76.5,77.5,196.2,77.25,98.5,6.6,8.0,8.75,,,,,,,23.5708063608361,0.75,,,,,,,,,,,,,,,,,,,,,
Pe6fe5c747b,2017,82.25,84.0,232.2,85.0,111.0,8.9,8.75,9.25,,,,,,,24.131743999735814,2.75,,,,,,,,,,,,,,,,,,,,,
P49d50fc2b5,2017,80.25,81.5,225.2,83.25,106.5,5.4,9.0,10.0,33.0,37.5,11.66,3.27,3.27,15.0,24.585362228198672,3.0,,,,14.0,25.0,0.56,16.0,25.0,0.64,11.0,24.0,0.4583333333333333,,,,21.0,33.0,0.6363636363636364,,,
P24e5e8b7dc,2017,79.0,80.25,200.8,83.0,104.5,8.1,8.75,9.25,29.5,35.5,10.8,3.06,3.3,,22.620793397138797,4.0,,,,,,,,,,,,,,,,,,,,,
P2c3a1eb46b,2017,82.0,83.25,229.0,87.0,111.5,7.8,8.75,9.75,26.0,30.5,11.8,3.31,3.46,,23.944517212576965,5.0,,,,,,,,,,,,,,,,,,,,,
P1e22570fac,2017,78.25,79.75,232.4,86.25,107.5,6.8,9.25,9.5,,,,,,,26.684909766663438,8.0,,,,,,,,,,,,,,,,,,,,,
P3e0fd9667f,2017,81.25,82.5,232.0,87.25,109.5,5.2,9.5,10.75,27.0,32.5,11.08,3.0,3.34,5.0,24.708111523034884,6.0,,,,,,,,,,,,,,,,,,,,,
P0af0ac79ae,2017,81.0,82.25,233.6,89.25,109.5,7.4,9.5,10.5,31.5,35.5,11.82,3.0,3.21,4.0,25.032320348073103,8.25,,,,,,,,,,,,,,,,,,,,,
Pd808e1b5f8,2017,80.5,81.75,252.2,90.25,110.5,5.4,9.5,10.0,29.5,32.5,12.52,3.48,3.44,11.0,27.362238800199993,9.75,,,,,,,,,,,,,,,,,,,,,
Pcc7ddb9ab9,2017,80.75,81.75,222.2,83.0,107.0,6.8,8.5,9.5,29.0,34.5,11.55,3.27,3.27,6.0,23.958371780934726,2.25,,,,,,,,,,,,,,,,,,,,,
Pf18fe42b62,2017,80.75,75.75,242.6,86.75,108.0,5.2,9.5,8.75,33.5,38.5,11.94,3.24,3.24,12.0,26.15797027027347,6.0,,,,,,,,,,,,,,,,,,,,,
P54d4de841c,2017,77.5,79.0,184.4,80.75,103.0,5.8,8.5,10.0,28.5,38.0,11.16,3.22,3.32,,21.58518717760017,3.25,,,,,,,,,,,,,,,,,,,,,
P459acdec33,2017,80.75,82.5,234.4,87.0,109.5,6.4,9.25,10.25,,,,,,,25.27381793632358,6.25,,,,,,,,,,,,,,,,,,,,,
P2ad4235514,2017,,,,,,,,,,,,,,,,,,,,,,,,,,,,,,,,,,,,,
P16938f3fa9,2017,70.75,71.5,185.2,77.5,95.0,9.1,8.0,7.75,27.5,33.5,11.34,3.26,3.21,1.0,26.01275803651883,6.75,,,,,,,,,,,,,,,,,,,,,
Pe5fb05fea3,2017,,,,,,,,,,,,,,,,,,,,,,,,,,,,,,,,,,,,,
P551a484de7,2017,79.0,80.5,223.6,83.75,104.5,5.4,9.25,9.5,31.5,38.0,10.63,2.83,3.21,16.0,25.18928985856691,4.75,8.0,25.0,0.32,,,,10.0,25.0,0.4,8.0,18.0,0.4444444444444444,,,,23.0,38.0,0.6052631578947368,,,
P2e6be7d23b,2017,81.25,82.75,248.8,89.0,112.5,12.0,9.5,9.5,24.5,27.5,11.79,2.99,3.44,5.0,26.49731959884086,7.75,,,,18.0,25.0,0.72,13.0,25.0,0.52,12.0,24.0,0.5,,,,19.0,35.0,0.5428571428571428,,,
Pf781dda14b,2017,80.75,82.0,219.6,85.5,109.0,6.8,8.75,9.0,28.5,32.5,12.68,3.23,3.35,3.0,23.678030796999398,4.75,,,,,,,,,,,,,,,,,,,,,
P032d23c9d9,2017,80.0,81.5,222.6,84.25,107.5,9.4,8.5,9.5,27.0,34.0,10.72,2.98,3.25,12.0,24.45363881682451,4.25,,,,,,,,,,,,,,,,,,,,,
P63f00af37c,2017,80.25,81.5,215.0,84.0,107.5,13.6,8.75,8.75,29.5,33.5,11.68,2.81,3.46,1.0,23.471815626388608,3.75,,,,19.0,25.0,0.76,18.0,25.0,0.72,11.0,24.0,0.4583333333333333,,,,27.0,35.0,0.7714285714285715,,,
Pc4f84bc197,2017,77.25,78.75,241.4,81.75,102.0,5.5,8.75,9.5,35.0,40.5,10.58,3.07,3.16,19.0,28.440589692172157,4.5,,,,,,,,,,,,,,,,,,,,,
Pa79b34cca8,2017,75.25,76.5,189.8,79.5,101.5,6.2,8.25,8.5,31.0,36.5,10.84,2.92,3.08,10.0,23.565763064957334,4.25,,,,14.0,25.0,0.56,14.0,25.0,0.56,8.0,18.0,0.4444444444444444,,,,23.0,33.0,0.696969696969697,,,
P38e6db5ca1,2017,74.0,75.5,201.6,79.5,98.0,6.7,8.25,9.0,34.5,42.0,10.94,2.7,3.14,9.0,25.8836426689654,5.5,,,,,,,,,,,,,,,,,,,,,
P204a101867,2017,79.5,80.5,245.6,87.0,108.0,,9.5,10.25,,,,,,,27.320737116313047,7.5,,,,,,,,,,,,,,,,,,,,,
P1ea9c7c88d,2017,75.75,77.0,209.2,80.25,101.0,5.8,8.5,9.5,27.5,35.5,11.15,3.02,3.18,9.0,25.6327211598884,4.5,,,,,,,,,,,,,,,,,,,,,
Pdb78b3595b,2017,79.75,80.75,238.2,88.0,108.0,,9.0,9.5,,,,,,,26.331686814405955,8.25,,,,,,,,,,,,,,,,,,,,,
P86ef73625c,2017,76.75,78.25,221.6,82.0,103.5,7.9,8.75,10.0,30.0,36.5,11.7,3.22,3.22,8.0,26.449124145281154,5.25,,,,,,,,,,,,,,,,,,,,,
P0d567b6867,2017,77.25,78.75,200.6,83.0,101.0,6.1,8.5,9.5,34.0,39.0,10.84,2.98,3.15,9.0,23.633729462509255,5.75,,,,13.0,25.0,0.52,10.0,25.0,0.4,10.0,18.0,0.5555555555555556,,,,25.0,37.0,0.6756756756756757,,,
P9d178fdf5d,2017,79.25,80.75,232.0,82.75,105.0,8.8,8.75,10.0,,,,,,,25.970944875763113,3.5,,,,,,,,,,,,,,,,,,,,,
P2acab9acdb,2017,76.0,77.75,176.4,81.0,102.5,8.3,8.25,9.0,,,,,,,21.471861815849675,5.0,,,,,,,,,,,,,,,,,,,,,
P57703dc960,2017,77.5,78.75,193.4,85.0,105.5,4.0,8.75,9.5,31.5,36.0,11.25,3.23,3.36,5.0,22.638694143968937,7.5,,,,19.0,25.0,0.76,17.0,25.0,0.68,,,,12.0,18.0,0.6666666666666666,,,,16.0,32.0,0.5
P5351e63d76,2017,71.0,72.0,188.8,75.25,94.0,4.3,8.0,9.25,34.0,41.0,11.41,3.09,3.18,15.0,26.331985049766576,4.25,,,,18.0,25.0,0.72,14.0,25.0,0.56,14.0,18.0,0.7777777777777778,,,,20.0,35.0,0.5714285714285714,,,
P964dd1e5f4,2017,,,,,,,,,,,,,,,,,,,,,,,,,,,,,,,,,,,,,
P10187f6389,2017,75.5,76.75,211.6,82.0,103.0,7.8,8.75,8.75,27.0,30.5,11.48,3.03,3.36,15.0,26.09877164188345,6.5,,,,16.0,25.0,0.64,12.0,25.0,0.48,13.0,24.0,0.5416666666666666,,,,23.0,39.0,0.5897435897435898,,,
Pc32fe4a167,2017,77.0,78.0,220.2,78.0,100.5,7.5,8.25,9.25,31.0,37.5,11.14,3.24,3.21,16.0,26.11164132847746,1.0,,,,20.0,25.0,0.8,18.0,25.0,0.72,9.0,24.0,0.375,,,,24.0,38.0,0.631578947368421,,,
P1804943702,2017,75.0,76.5,182.6,77.25,99.5,4.7,8.5,9.25,30.5,36.0,10.55,2.98,3.16,8.0,22.823200931930756,2.25,,,,13.0,25.0,0.52,16.0,25.0,0.64,11.0,18.0,0.6111111111111112,,,,20.0,36.0,0.5555555555555556,,,
P5f230da818,2017,77.75,78.75,218.6,82.0,104.5,5.7,8.75,10.25,31.0,35.5,11.47,3.35,3.17,16.0,25.424221851985852,4.25,,,,10.0,25.0,0.4,14.0,25.0,0.56,8.0,18.0,0.4444444444444444,,,,16.0,27.0,0.5925925925925926,,,
P74d19df6a2,2017,81.5,82.75,247.8,90.0,112.5,9.4,9.5,10.25,25.5,33.0,11.42,3.12,3.37,7.0,26.229160575796406,8.5,,,,,,,,,,,,,,,,,,,,,
Pa76a1ce248,2017,73.25,74.5,175.2,76.0,96.5,6.9,8.25,8.75,28.0,33.5,11.0,3.2,3.19,8.0,22.95710661329184,2.75,,,,17.0,25.0,0.68,15.0,25.0,0.6,16.0,18.0,0.8888888888888888,,,,26.0,34.0,0.7647058823529411,,,
Pea59b43adb,2017,79.0,80.25,189.6,84.75,106.0,3.2,9.25,10.25,35.5,41.5,12.85,3.61,3.23,10.0,21.359075837139024,5.75,,,,13.0,25.0,0.52,,,,,,,,,,,,,,,
P22340c4458,2017,,,,,,,,,,,,,,,,,,,,,,,,,,,,,,,,,,,,,
Pa4877bedac,2017,,,,,,,,,,,,,,,,,,,,,,,,,,,,,,,,,,,,,
P3e5c820c70,2017,,,,,,,,,,,,,,,,,,,,,,,,,,,,,,,,,,,,,
P7697c4ecb8,2017,,,,,,,,,,,,,,,,,,,,,,,,,,,,,,,,,,,,,
Pba3a4faeb9,2017,73.5,75.0,190.2,79.25,99.0,5.6,8.75,9.25,27.5,34.5,10.42,3.08,3.19,10.0,24.753359072121448,5.75,,,,,,,,,,,,,,,,,,,,,
P27a35575e9,2017,76.5,77.5,206.2,84.0,102.0,6.5,9.25,9.5,28.5,36.0,11.37,3.21,3.34,12.0,24.77217263814681,7.5,,,,,,,,,,,,,,,,,,,,,
Pfde95d41d3,2017,,,,,,,,,,,,,,,,,,,,,,,,,,,,,,,,,,,,,
P4396f0664b,2017,79.25,80.5,233.4,84.5,105.0,7.7,8.75,9.75,31.5,37.0,12.31,3.31,3.36,11.0,26.127666094840993,5.25,,,,,,,11.0,25.0,0.44,11.0,18.0,0.6111111111111112,,,,13.0,24.0,0.5416666666666666,,,
P2a1ab2724b,2017,73.0,74.25,192.4,81.25,99.5,6.4,8.5,8.75,33.0,35.5,11.24,2.98,3.15,7.0,25.38385947130311,8.25,,,,15.0,25.0,0.6,14.0,25.0,0.56,12.0,18.0,0.6666666666666666,,,,25.0,35.0,0.7142857142857143,,,
Pa0580e3001,2017,,,,,,,,,,,,,,,,,,,,,,,,,,,,,,,,,,,,,
Pc5ec91aab0,2017,80.0,81.5,182.2,88.0,110.5,5.4,9.25,10.5,,,,,,,20.015512095352314,8.0,,,,,,,,,,,,,,,,,,,,,
Pe204bd6fa0,2017,,,,,,,,,,,,,,,,,,,,,,,,,,,,,,,,,,,,,
Pd13759b893,2017,,,,,,,,,,,,,,,,,,,,,,,,,,,,,,,,,,,,,
Pd9320fa884,2017,,,,,,,,,,,,,,,,,,,,,,,,,,,,,,,,,,,,,
P00fdb72e43,2017,,,,,,,,,,,,,,,,,,,,,,,,,,,,,,,,,,,,,
P4d32b8b12e,2017,,,,,,,,,,,,,,,,,,,,,,,,,,,,,,,,,,,,,
P420fe29f13,2017,,,,,,,,,,,,,,,,,,,,,,,,,,,,,,,,,,,,,
P6358a22feb,2017,,,,,,,,,,,,,,,,,,,,,,,,,,,,,,,,,,,,,
Pcac223d7f8,2017,71.0,72.75,188.6,74.5,95.0,5.8,8.0,8.5,26.0,32.5,11.28,3.12,3.29,9.0,26.304090997807073,3.5,,,,,,,17.0,25.0,0.68,11.0,18.0,0.6111111111111112,,,,32.0,39.0,0.8205128205128205,,,
P5fd682a91b,2017,,,,,,,,,,,,,,,,,,,,,,,,,,,,,,,,,,,,,
Pba3d18fabf,2017,,,,,,,,,,,,,,,,,,,,,,,,,,,,,,,,,,,,,
P2cac6d11e4,2017,,,,,,,,,,,,,,,,,,,,,,,,,,,,,,,,,,,,,
P7dfb5a7395,2017,,,,,,,,,,,,,,,,,,,,,,,,,,,,,,,,,,,,,
P73cc673745,2017,,,,,,,,,,,,,,,,,,,,,,,,,,,,,,,,,,,,,
P95ea622240,2017,77.5,78.75,213.2,82.0,105.0,11.9,9.25,9.75,23.5,31.0,11.62,3.08,3.44,5.0,24.956409469980233,4.5,14.0,25.0,0.56,,,,13.0,25.0,0.52,12.0,18.0,0.6666666666666666,,,,19.0,36.0,0.5277777777777778,,,
Pf0bc046ece,2017,,,,,,,,,,,,,,,,,,,,,,,,,,,,,,,,,,,,,
Pf5a8190f4f,2018,,,,,,,,,,,,,,,,,,,,,,,,,,,,,,,,,,,,,
P163e85d6f0,2017,,,,,,,,,,,,,,,,,,,,,,,,,,,,,,,,,,,,,
P705a98169f,2017,,,,,,,,,,,,,,,,,,,,,,,,,,,,,,,,,,,,,
P35bbbcf03e,2017,,,,,,,,,,,,,,,,,,,,,,,,,,,,,,,,,,,,,
Pf3d3c05896,2018,,,,,,,,,,,,,,,,,,,,,,,,,,,,,,,,,,,,,
P1ee493f763,2017,,,,,,,,,,,,,,,,,,,,,,,,,,,,,,,,,,,,,
Pc0a7512363,2017,,,,,,,,,,,,,,,,,,,,,,,,,,,,,,,,,,,,,
Pf3241f5074,2018,,,,,,,,,,,,,,,,,,,,,,,,,,,,,,,,,,,,,
P9bb134b52c,2018,,,,,,,,,,,,,,,,,,,,,,,,,,,,,,,,,,,,,
Pcdc707f847,2017,,,,,,,,,,,,,,,,,,,,,,,,,,,,,,,,,,,,,
Pa84706eb34,2018,,,,,,,,,,,,,,,,,,,,,,,,,,,,,,,,,,,,,
P3f77f707c0,2018,74.75,76.25,217.4,80.75,99.0,8.9,8.5,10.0,32.5,40.5,11.5,3.09,3.15,10.0,27.35492025611405,6.0,16.0,25.0,0.64,,,,15.0,25.0,0.6,5.0,12.0,0.4166666666666667,,,,27.0,34.0,0.7941176470588235,,,
Pdb9cad4004,2018,75.0,76.5,198.0,79.25,97.0,5.55,8.25,10.0,32.5,40.5,10.31,3.04,3.15,,24.74804920329841,4.25,,,,,,,,,,,,,,,,,,,,,
P4f854a47d9,2018,81.0,82.5,194.8,86.25,110.0,5.0,9.25,9.5,29.5,35.0,12.48,3.48,3.21,0.0,20.87455481080754,5.25,13.0,25.0,0.52,,,,13.0,25.0,0.52,4.0,12.0,0.3333333333333333,,,,15.0,30.0,0.5,,,
P42b9d239c3,2018,,,,,,,,,,,,,,,,,,,,,,,,,,,,,,,,,,,,,
P35e592001a,2018,83.25,84.75,225.6,94.0,115.5,6.2,9.75,10.25,,,,,,,22.885948603247474,10.75,,,,,,,,,,,,,,,,,,,,,
P6786e0dd88,2018,79.25,80.5,223.8,87.25,106.5,5.35,9.0,8.5,30.5,35.0,11.2,3.28,3.17,11.0,25.053006306878384,8.0,20.0,25.0,0.8,,,,14.0,25.0,0.56,5.0,12.0,0.4166666666666667,,,,13.0,21.0,0.6190476190476191,2.0,10.0,0.2
Peb77360d78,2018,,,,,,,,,,,,,,,,,,,,,,,,,,,,,,,,,,,,,
P57ab80ef44,2018,77.25,78.75,220.4,81.5,103.5,5.9,9.0,9.75,,,,,,,25.96647045631625,4.25,,,,,,,,,,,,,,,,,,,,,
Pe581c6d22f,2018,75.5,77.0,194.6,81.0,98.5,3.75,8.5,8.5,32.5,38.0,11.11,3.44,3.2,17.0,24.001989421127213,5.5,,,,,,,,,,,,,,,,,,,,,
Pcabff956fe,2018,77.75,78.75,208.0,82.25,105.0,7.05,9.0,9.75,26.0,33.0,11.51,3.29,3.33,5.0,24.19139133217318,4.5,,,,,,,,,,,,,,,,,,,,,
P9f769e6678,2018,73.0,74.25,198.4,76.0,96.0,6.7,8.25,9.25,29.0,37.0,10.59,3.11,3.15,7.0,26.17545592051215,3.0,,,,,,,,,,,,,,,,,,,,,
P15b5ca7021,2018,72.25,73.5,196.2,76.25,95.0,4.15,9.25,8.5,29.0,36.5,11.04,3.05,3.18,14.0,26.425402286888918,4.0,17.0,25.0,0.68,,,,18.0,25.0,0.72,7.0,12.0,0.5833333333333334,,,,22.0,31.0,0.7096774193548387,,,
P6f990ff013,2018,80.75,82.0,251.4,88.5,109.0,7.85,8.5,9.0,,,,,,,27.106816677439202,7.75,,,,,,,,,,,,,,,,,,,,,
P8ecb19c544,2018,76.25,78.0,197.0,83.5,103.0,4.45,8.75,9.0,32.5,40.5,10.53,3.14,3.1,1.0,23.82236296718764,7.25,,,,,,,,,,,,,,,,,,,,,
P58e5b2eaa8,2018,75.5,76.5,200.6,78.0,97.5,5.0,8.25,9.0,34.5,42.0,10.72,3.12,3.11,12.0,24.74203020492353,2.5,23.0,25.0,0.92,,,,15.0,25.0,0.6,9.0,12.0,0.75,,,,14.0,29.0,0.4827586206896552,,,
Pa08fe4841f,2018,73.5,74.5,191.0,80.25,97.5,5.2,8.75,10.0,34.0,41.5,10.93,3.09,3.18,6.0,24.85747414708305,6.75,,,,,,,,,,,,,,,,,,,,,
Pbe6b6d05a9,2018,76.25,77.5,199.6,81.25,102.5,6.5,9.0,9.25,28.0,35.5,11.11,3.14,3.2,8.0,24.136769788074382,5.0,,,,,,,,,,,,,,,,,,,,,
Pb53e68dfee,2018,76.5,78.0,198.2,85.75,105.0,7.9,9.5,9.5,31.0,40.5,11.24,3.08,3.08,0.0,23.81107961629824,9.25,,,,,,,,,,,,,,,,,,,,,
P50c2524b85,2018,76.5,78.0,180.0,83.5,104.0,3.0,9.0,9.0,,,,,,,21.624592991592753,7.0,,,,,,,,,,,,,,,,,,,,,
P15b4774186,2018,72.25,73.5,186.4,78.25,96.0,4.8,8.5,9.5,31.0,37.0,11.28,3.15,3.21,14.0,25.10547903300762,6.0,13.0,25.0,0.52,,,,15.0,25.0,0.6,6.0,12.0,0.5,,,,23.0,35.0,0.6571428571428571,,,
P1597c7370a,2018,76.25,78.0,206.4,79.75,102.0,8.45,8.5,10.0,25.0,31.0,10.95,3.16,3.27,6.0,24.959064550393546,3.5,19.0,25.0,0.76,,,,19.0,25.0,0.76,8.0,12.0,0.6666666666666666,9.0,12.0,0.75,25.0,34.0,0.7352941176470589,,,
Pbb5225b691,2018,78.5,79.75,211.6,87.5,107.0,5.15,9.25,10.25,27.5,32.0,11.28,3.15,3.36,4.0,24.142078469981925,9.0,,,,16.0,25.0,0.64,15.0,25.0,0.6,5.0,12.0,0.4166666666666667,7.0,12.0,0.5833333333333334,28.0,36.0,0.7777777777777778,,,
P75b2e5cfed,2018,71.75,72.75,187.0,79.5,97.0,6.4,8.75,8.5,25.5,33.0,10.96,3.22,3.27,,25.538542197675884,7.75,20.0,25.0,0.8,,,,19.0,25.0,0.76,6.0,12.0,0.5,,,,,,,18.0,28.0,0.6428571428571429
P26d2a90c5b,2018,78.25,79.25,194.0,79.5,101.5,8.6,8.25,8.5,31.0,38.0,10.89,2.97,3.09,9.0,22.275699202808546,1.25,,,,16.0,25.0,0.64,20.0,25.0,0.8,4.0,12.0,0.3333333333333333,7.0,12.0,0.5833333333333334,27.0,31.0,0.8709677419354839,,,
P4d03279429,2018,,,,,,,,,,,,,,,,,,,,,,,,,,,,,,,,,,,,,
Pae17b87a4a,2018,81.75,83.25,236.0,89.25,110.0,7.2,10.0,10.0,,,,,,,24.82760273375292,7.5,,,,,,,,,,,,,,,,,,,,,
Pa129b1725d,2018,79.25,80.0,216.6,80.75,103.0,8.1,8.5,9.75,25.0,31.0,11.83,3.28,3.38,8.0,24.24701146590642,1.5,12.0,25.0,0.48,,,,11.0,25.0,0.44,6.0,12.0,0.5,,,,15.0,30.0,0.5,,,
P004efe3965,2018,76.75,78.0,218.6,83.5,101.5,7.25,9.0,10.25,31.0,39.0,10.75,3.08,3.29,15.0,26.09105838519161,6.75,18.0,25.0,0.72,,,,12.0,25.0,0.48,8.0,12.0,0.6666666666666666,7.0,12.0,0.5833333333333334,19.0,28.0,0.6785714285714286,,,
Pfc813e5d63,2018,79.25,80.5,246.2,84.5,107.5,8.1,9.25,10.0,27.0,31.5,11.35,3.13,3.17,18.0,27.560545812124477,5.25,14.0,25.0,0.56,,,,14.0,25.0,0.56,12.0,24.0,0.5,,,,16.0,27.0,0.5925925925925926,,,
P27d264f43c,2018,74.25,75.25,193.2,80.5,99.5,5.2,8.5,9.5,31.0,36.5,11.48,3.33,3.23,1.0,24.63840066864571,6.25,14.0,25.0,0.56,,,,14.0,25.0,0.56,9.0,12.0,0.75,,,,18.0,29.0,0.6206896551724138,,,
P1a46c41bff,2018,80.5,81.5,219.6,84.5,108.0,5.05,9.0,9.25,29.5,36.0,11.89,3.25,3.33,5.0,23.82532767852466,4.0,,,,13.0,25.0,0.52,16.0,25.0,0.64,6.0,12.0,0.5,,,,,,,22.0,31.0,0.7096774193548387
Paa92a86ff3,2018,76.5,77.5,207.2,84.75,99.5,6.8,8.75,9.5,30.0,33.0,11.07,3.19,3.25,2.0,24.892309265877877,8.25,,,,15.0,25.0,0.6,17.0,25.0,0.68,7.0,12.0,0.5833333333333334,5.0,12.0,0.4166666666666667,20.0,28.0,0.7142857142857143,,,
P0ca52587ca,2018,78.5,79.75,211.6,76.75,100.0,8.45,8.25,9.5,30.5,37.0,11.25,3.18,3.15,4.0,24.142078469981925,-1.75,16.0,25.0,0.64,,,,18.0,25.0,0.72,18.0,24.0,0.75,,,,,,,,,
P82bbff96e6,2018,75.0,76.5,210.8,84.0,102.0,5.2,9.0,9.75,33.0,42.0,11.08,3.03,3.04,12.0,26.347923091188406,9.0,23.0,25.0,0.92,,,,16.0,25.0,0.64,10.0,12.0,0.8333333333333334,,,,16.0,31.0,0.5161290322580645,,,
P17f11f33c2,2018,81.5,82.75,211.0,84.25,108.5,6.4,8.75,9.25,,,,,,,22.333950288511062,2.75,,,,,,,,,,,,,,,,,,,,,
P6ab3598ab0,2018,76.0,77.0,188.4,79.25,98.0,6.05,9.0,10.0,,,,,,,22.932532687676183,3.25,,,,,,,,,,,,,,,,,,,,,
Pd064221ae2,2018,,,,,,,,,,,,,,,,,,,,,,,,,,,,,,,,,,,,,
P4467431c36,2018,72.5,73.5,183.0,79.25,98.5,5.6,8.25,8.5,,,,,,,24.47785647067133,6.75,,,,,,,,,,,,,,,,,,,,,
Pf507011aa5,2018,76.0,77.25,188.6,78.75,100.0,4.85,8.0,9.0,31.0,39.5,11.26,3.21,3.11,8.0,22.95687720220662,2.75,21.0,25.0,0.84,,,,18.0,25.0,0.72,9.0,12.0,0.75,,,,26.0,35.0,0.7428571428571429,,,
Pf271325d7b,2018,74.25,75.25,183.2,81.25,99.5,7.7,8.75,9.0,32.0,41.5,11.27,3.16,3.1,1.0,23.363121130931127,7.0,,,,,,,,,,,,,,,,,,,,,
P1f3e01b488,2018,74.75,76.0,198.6,81.75,100.0,6.05,8.75,8.25,33.0,41.5,11.02,3.15,3.05,10.0,24.98936137472056,7.0,,,,,,,,,,,,,,,,,,,,,
P688b157768,2018,80.0,81.25,253.8,86.0,107.5,13.75,9.0,9.0,28.5,35.5,12.28,3.35,3.38,8.0,27.88110301756541,6.0,17.0,25.0,0.68,,,,13.0,25.0,0.52,6.0,12.0,0.5,,,,18.0,30.0,0.6,,,
P8eec131338,2018,74.5,75.75,198.8,82.5,101.0,6.4,8.75,9.25,30.0,35.0,10.96,3.18,3.18,14.0,25.182691308006827,8.0,,,,,,,,,,,,,,,,,,,,,
P9106a597f3,2018,76.25,77.75,204.2,80.75,98.0,7.0,8.5,9.5,33.5,39.5,11.37,2.99,3.12,12.0,24.69302800964323,4.5,16.0,25.0,0.64,,,,16.0,25.0,0.64,11.0,12.0,0.9166666666666666,,,,18.0,25.0,0.72,,,
Pa5c483aef9,2018,75.75,77.25,198.0,78.75,98.0,4.95,8.25,10.5,32.0,40.0,11.02,2.97,3.14,11.0,24.26041486452153,3.0,,,,23.0,25.0,0.92,17.0,25.0,0.68,6.0,12.0,0.5,10.0,12.0,0.8333333333333334,20.0,28.0,0.7142857142857143,,,
P3e065b4b4e,2018,,,,,,,,,,,,,,,,,,,,,,,,,,,,,,,,,,,,,
P5da3d9ffcd,2018,82.5,83.5,241.4,84.0,108.0,6.75,9.0,10.75,27.0,34.0,11.48,3.07,3.18,8.0,24.936050912748296,1.5,,,,,,,,,,,,,,,,,,,,,
P5e4a09f56c,2018,75.75,76.5,196.2,82.25,99.5,5.65,9.0,9.5,31.5,40.0,10.87,2.91,3.06,12.0,24.039865638480425,6.5,,,,,,,,,,,,,,,,,,,,,
P67e5a8f825,2018,78.0,79.5,200.4,79.25,103.5,5.95,8.5,9.75,28.0,33.0,10.86,3.28,3.19,14.0,23.158307652808606,1.25,16.0,25.0,0.64,,,,14.0,25.0,0.56,7.0,24.0,0.2916666666666667,,,,19.0,29.0,0.6551724137931034,,,
Pd4282e2cb6,2018,72.5,73.75,177.8,75.0,95.5,5.35,8.0,9.25,,,,,,,23.782310822324387,2.5,,,,,,,,,,,,,,,,,,,,,
P55d017c927,2018,,,,,,,,,,,,,,,,,,,,,,,,,,,,,,,,,,,,,
Pcaa6f4e965,2018,,,,,,,,,,,,,,,,,,,,,,,,,,,,,,,,,,,,,
P64a44986ea,2018,77.0,78.75,211.2,82.75,103.5,7.35,9.0,9.0,27.0,34.0,11.53,3.11,3.22,7.0,25.044408031673203,5.75,19.0,25.0,0.76,,,,14.0,25.0,0.56,3.0,12.0,0.25,,,,17.0,35.0,0.4857142857142857,,,
P3e655a07ed,2018,81.0,82.25,215.4,88.75,109.0,5.55,9.25,9.0,26.0,32.0,11.48,3.2,3.34,12.0,23.082028266159874,7.75,,,,17.0,25.0,0.68,16.0,25.0,0.64,5.0,12.0,0.4166666666666667,6.0,12.0,0.5,15.0,30.0,0.5,,,
P2b78ea748d,2018,,,,,,,,,,,,,,,,,,,,,,,,,,,,,,,,,,,,,
Peef8948765,2018,,,,,,,,,,,,,,,,,,,,,,,,,,,,,,,,,,,,,
P8c5417b762,2018,,,,,,,,,,,,,,,,,,,,,,,,,,,,,,,,,,,,,
P8926a62cc8,2018,,,,,,,,,,,,,,,,,,,,,,,,,,,,,,,,,,,,,
P61add2364f,2018,,,,,,,,,,,,,,,,,,,,,,,,,,,,,,,,,,,,,
Pf5ec6d144b,2018,,,,,,,,,,,,,,,,,,,,,,,,,,,,,,,,,,,,,
Pb779a9fa56,2018,,,,,,,,,,,,,,,,,,,,,,,,,,,,,,,,,,,,,
P379ec45447,2018,,,,,,,,,,,,,,,,,,,,,,,,,,,,,,,,,,,,,
Pefc5241948,2018,,,,,,,,,,,,,,,,,,,,,,,,,,,,,,,,,,,,,
P5ff9cbca0f,2018,,,,,,,,,,,,,,,,,,,,,,,,,,,,,,,,,,,,,
P88accb87c9,2018,,,,,,,,,,,,,,,,,,,,,,,,,,,,,,,,,,,,,
P86827217ed,2018,,,,,,,,,,,,,,,,,,,,,,,,,,,,,,,,,,,,,
Pef380f9642,2018,,,,,,,,,,,,,,,,,,,,,,,,,,,,,,,,,,,,,
Pf2fe8710f7,2018,,,,,,,,,,,,,,,,,,,,,,,,,,,,,,,,,,,,,
P61e8cd7d80,2018,,,,,,,,,,,,,,,,,,,,,,,,,,,,,,,,,,,,,
Pb5f59c2405,2018,,,,,,,,,,,,,,,,,,,,,,,,,,,,,,,,,,,,,
P98ab129fa2,2018,,,,,,,,,,,,,,,,,,,,,,,,,,,,,,,,,,,,,
Pc317d28310,2018,,,,,,,,,,,,,,,,,,,,,,,,,,,,,,,,,,,,,
P87c0df2ff6,2018,,,,,,,,,,,,,,,,,,,,,,,,,,,,,,,,,,,,,
Pda6183deac,2018,,,,,,,,,,,,,,,,,,,,,,,,,,,,,,,,,,,,,
P4c0563638d,2018,,,,,,,,,,,,,,,,,,,,,,,,,,,,,,,,,,,,,
Pdd2dc8d5b8,2018,,,,,,,,,,,,,,,,,,,,,,,,,,,,,,,,,,,,,
Pfa8477edf9,2018,,,,,,,,,,,,,,,,,,,,,,,,,,,,,,,,,,,,,
Pdda77ad869,2018,,,,,,,,,,,,,,,,,,,,,,,,,,,,,,,,,,,,,
P4e98315e7d,2018,,,,,,,,,,,,,,,,,,,,,,,,,,,,,,,,,,,,,
P8fc9787b05,2018,,,,,,,,,,,,,,,,,,,,,,,,,,,,,,,,,,,,,
Pefe5f00afd,2018,,,,,,,,,,,,,,,,,,,,,,,,,,,,,,,,,,,,,
P4098a4e5cd,2018,,,,,,,,,,,,,,,,,,,,,,,,,,,,,,,,,,,,,
Pde1bad3875,2018,,,,,,,,,,,,,,,,,,,,,,,,,,,,,,,,,,,,,
P8843180e2e,2018,,,,,,,,,,,,,,,,,,,,,,,,,,,,,,,,,,,,,
Pf9200340d9,2018,,,,,,,,,,,,,,,,,,,,,,,,,,,,,,,,,,,,,
Pb10189ae74,2018,,,,,,,,,,,,,,,,,,,,,,,,,,,,,,,,,,,,,
P82f3368572,2018,,,,,,,,,,,,,,,,,,,,,,,,,,,,,,,,,,,,,
P4294404a76,2018,,,,,,,,,,,,,,,,,,,,,,,,,,,,,,,,,,,,,
P8c68a86e22,2018,,,,,,,,,,,,,,,,,,,,,,,,,,,,,,,,,,,,,
P5c0dd77b3d,2018,,,,,,,,,,,,,,,,,,,,,,,,,,,,,,,,,,,,,
P9ce3123e64,2018,,,,,,,,,,,,,,,,,,,,,,,,,,,,,,,,,,,,,
P7f30d796bb,2018,,,,,,,,,,,,,,,,,,,,,,,,,,,,,,,,,,,,,
P666726f41f,2001,,,,,,,,,,,,,,,,,,,,,,,,,,,,,,,,,,,,,
P2864fd765b,2000,,,,,,,,,,,,,,,,,,,,,,,,,,,,,,,,,,,,,
P530a84e49c,2000,,,,,,,,,,,,,,,,,,,,,,,,,,,,,,,,,,,,,
P3cfed129a3,2000,,,,,,,,,,,,,,,,,,,,,,,,,,,,,,,,,,,,,
P8105ba296c,2000,,,,,,,,,,,,,,,,,,,,,,,,,,,,,,,,,,,,,
Pc86b9a08db,2007,,,,,,,,,,,,,,,,,,,,,,,,,,,,,,,,,,,,,
Pff1fab2e32,2006,,,,,,,,,,,,,,,,,,,,,,,,,,,,,,,,,,,,,
P27f732ca1a,2006,82.0,83.25,234.0,88.75,110.0,8.7,,,26.5,34.0,12.02,,3.43,8.0,24.467323265253317,6.75,,,,,,,,,,,,,,,,,,,,,
P49164b4255,2006,78.5,79.75,198.0,82.0,105.0,6.8,,,25.5,30.5,11.46,,3.37,11.0,22.590413691192918,3.5,,,,,,,,,,,,,,,,,,,,,
Pf919ba1bb3,2006,74.25,75.25,212.0,78.25,97.0,10.0,,,32.0,38.0,10.53,,3.23,14.0,27.03592619954912,4.0,,,,,,,,,,,,,,,,,,,,,
P4634e39421,2006,79.0,80.0,222.0,87.0,107.5,5.7,,,33.0,40.5,11.03,,3.32,9.0,25.009044492852652,8.0,,,,,,,,,,,,,,,,,,,,,
P4b8155700b,2006,83.0,84.0,249.0,89.75,113.0,10.0,,,26.5,30.0,12.68,,3.63,13.0,25.41215348093347,6.75,,,,,,,,,,,,,,,,,,,,,
P14d000eef5,2006,76.0,76.75,190.0,75.25,97.5,7.0,,,27.5,33.0,10.94,,3.29,6.0,23.127288803919715,-0.75,,,,,,,,,,,,,,,,,,,,,
P4dc7399d2c,2006,81.5,82.25,240.0,88.0,109.0,6.3,,,28.5,31.5,12.28,,3.53,13.0,25.403545351860924,6.5,,,,,,,,,,,,,,,,,,,,,
P40fd812f54,2006,,,,,,,,,,,,,,,,,,,,,,,,,,,,,,,,,,,,,
P058ee51b71,2006,77.75,78.75,223.0,83.25,103.5,5.0,,,35.0,41.0,11.32,,3.14,19.0,25.93596282247413,5.5,,,,,,,,,,,,,,,,,,,,,
P54e5c21a96,2006,80.25,81.5,223.0,88.25,108.5,5.6,,,30.5,35.0,11.05,,3.31,15.0,24.34518551016121,8.0,,,,,,,,,,,,,,,,,,,,,
Pd47bfc21b1,2006,79.25,80.75,227.0,87.0,104.0,8.0,,,32.0,31.0,10.69,,3.3,,25.411226236199255,7.75,,,,,,,,,,,,,,,,,,,,,
Pe056071397,2006,,,,,,,,,,,,,,,,,,,,,,,,,,,,,,,,,,,,,
P74ff916074,2006,77.25,78.5,206.0,85.0,104.5,4.9,,,30.5,35.0,11.58,,3.22,9.0,24.269931551729343,7.75,,,,,,,,,,,,,,,,,,,,,
P8b41334856,2006,,,,,,,,,,,,,,,,,,,,,,,,,,,,,,,,,,,,,
P924fa678bb,2006,74.0,75.25,215.0,79.0,97.5,12.4,,,24.5,28.0,11.3,,3.4,4.0,27.604083203509724,5.0,,,,,,,,,,,,,,,,,,,,,
P842513fba1,2006,,,,,,,,,,,,,,,,,,,,,,,,,,,,,,,,,,,,,
P574724b2cd,2006,,,,,,,,,,,,,,,,,,,,,,,,,,,,,,,,,,,,,
P570dcb4282,2006,,,,,,,,,,,,,,,,,,,,,,,,,,,,,,,,,,,,,
P6f3dd59527,2006,72.75,74.0,171.0,75.0,94.5,4.4,,,33.5,42.0,11.07,,3.17,11.0,22.715820194526987,2.25,,,,,,,,,,,,,,,,,,,,,
P20a1183fcf,2006,,,,,,,,,,,,,,,,,,,,,,,,,,,,,,,,,,,,,
Pdb7c6b10a9,2006,75.25,76.5,203.0,79.75,101.5,8.0,,,29.5,35.0,11.73,,3.22,11.0,25.20468863111875,4.5,,,,,,,,,,,,,,,,,,,,,
P1bf2734620,2006,76.25,77.5,224.0,82.0,103.0,10.0,,,31.5,37.5,12.0,,3.27,9.0,27.0873568763961,5.75,,,,,,,,,,,,,,,,,,,,,
P51a666d7f5,2006,,,,,,,,,,,,,,,,,,,,,,,,,,,,,,,,,,,,,
P7781579610,2006,80.0,81.25,216.0,81.5,103.0,8.1,,,24.5,31.0,11.11,,3.37,5.0,23.728598312821624,1.5,,,,,,,,,,,,,,,,,,,,,
Pad940d555c,2006,80.5,81.75,224.0,88.75,109.0,7.4,,,32.0,39.0,11.27,,3.3,6.0,24.302702185744646,8.25,,,,,,,,,,,,,,,,,,,,,
Pce8689cb8f,2006,,,,,,,,,,,,,,,,,,,,,,,,,,,,,,,,,,,,,
P641f1ca8a3,2006,,,,,,,,,,,,,,,,,,,,,,,,,,,,,,,,,,,,,
Pe4baee43bf,2006,77.75,78.75,211.0,81.5,101.5,8.0,,,28.5,34.5,11.23,,3.28,15.0,24.54030563023337,3.75,,,,,,,,,,,,,,,,,,,,,
Pa760c9001c,2006,,,,,,,,,,,,,,,,,,,,,,,,,,,,,,,,,,,,,
P6565076e45,2006,76.5,78.0,223.0,81.5,100.0,6.1,,,34.5,38.5,10.54,,3.07,20.0,26.7904679840288,5.0,,,,,,,,,,,,,,,,,,,,,
P2650c293bf,2006,80.25,81.75,227.0,84.25,104.0,5.5,,,30.0,32.5,10.54,,3.25,13.0,24.781870452047507,4.0,,,,,,,,,,,,,,,,,,,,,
P9a20aba619,2006,,,,,,,,,,,,,,,,,,,,,,,,,,,,,,,,,,,,,
Peed487fb04,2006,,,,,,,,,,,,,,,,,,,,,,,,,,,,,,,,,,,,,
Pa24efaf8fd,2006,,,,,,,,,,,,,,,,,,,,,,,,,,,,,,,,,,,,,
P156589bd1a,2006,,,,,,,,,,,,,,,,,,,,,,,,,,,,,,,,,,,,,
P117ae491b1,2006,78.25,79.25,258.0,85.5,105.5,9.7,,,28.5,32.5,11.67,,3.3,15.0,29.62438347590003,7.25,,,,,,,,,,,,,,,,,,,,,
Pec84345bbc,2006,,,,,,,,,,,,,,,,,,,,,,,,,,,,,,,,,,,,,
P4bb660105c,2006,,,,,,,,,,,,,,,,,,,,,,,,,,,,,,,,,,,,,
P09caf918fb,2006,,,,,,,,,,,,,,,,,,,,,,,,,,,,,,,,,,,,,
P20979c9b9c,2006,,,,,,,,,,,,,,,,,,,,,,,,,,,,,,,,,,,,,
Pac436e0a75,2006,,,,,,,,,,,,,,,,,,,,,,,,,,,,,,,,,,,,,
Pc858ff68e6,2006,,,,,,,,,,,,,,,,,,,,,,,,,,,,,,,,,,,,,
P552922b6fa,2006,71.25,72.5,194.0,78.0,96.5,7.2,,,35.0,40.0,11.08,,3.18,8.0,26.86768821421915,6.75,,,,,,,,,,,,,,,,,,,,,
P633e796e6a,2006,72.5,73.5,175.0,77.0,94.0,5.9,,,32.0,37.0,11.25,,3.25,7.0,23.40778624244526,4.5,,,,,,,,,,,,,,,,,,,,,
Pf037b649bc,2006,73.0,74.25,204.0,80.5,99.5,9.8,,,28.5,35.5,11.01,,3.2,9.0,26.91427927310725,7.5,,,,,,,,,,,,,,,,,,,,,
P5551ba72f6,2006,79.2,80.0,221.0,83.5,103.5,6.8,,,32.0,35.5,10.58,,3.2,14.0,24.77081055189748,4.299999999999997,,,,,,,,,,,,,,,,,,,,,
Pcbdc976fea,2006,76.75,77.5,179.0,78.75,100.5,4.1,,,29.0,35.5,10.67,,3.3,5.0,21.3645903520096,2.0,,,,,,,,,,,,,,,,,,,,,
P40d4a587d5,2006,,,,,,,,,,,,,,,,,,,,,,,,,,,,,,,,,,,,,
P29710a392c,2010,,,,,,,,,,,,,,,,,,,,,,,,,,,,,,,,,,,,,
Pd1e1adb03d,2006,79.25,80.75,211.0,85.5,109.0,6.5,,,26.5,31.5,11.9,,3.31,7.0,23.6201265895949,6.25,,,,,,,,,,,,,,,,,,,,,
P3bad279cb0,2006,,,,,,,,,,,,,,,,,,,,,,,,,,,,,,,,,,,,,
P4c433fbf72,2006,79.5,81.0,232.0,84.0,105.5,5.8,,,31.5,36.0,11.47,,3.29,19.0,25.80786242257584,4.5,,,,,,,,,,,,,,,,,,,,,
P09e349620c,2006,,,,,,,,,,,,,,,,,,,,,,,,,,,,,,,,,,,,,
P49a2cdbcb5,2007,,,,,,,,,,,,,,,,,,,,,,,,,,,,,,,,,,,,,
P2611750e05,2006,,,,,,,,,,,,,,,,,,,,,,,,,,,,,,,,,,,,,
Pa0908fe6ff,2006,,,,,,,,,,,,,,,,,,,,,,,,,,,,,,,,,,,,,
Pe77ed0b343,2006,,,,,,,,,,,,,,,,,,,,,,,,,,,,,,,,,,,,,
Pb87d740adf,2006,,,,,,,,,,,,,,,,,,,,,,,,,,,,,,,,,,,,,
Pd5893ad4c2,2007,,,,,,,,,,,,,,,,,,,,,,,,,,,,,,,,,,,,,
P3765a7e186,2006,75.0,76.0,187.0,77.75,96.5,9.6,,,30.5,39.0,11.46,,3.34,1.0,23.37315758089294,2.75,,,,,,,,,,,,,,,,,,,,,
P2815fbec81,2006,,,,,,,,,,,,,,,,,,,,,,,,,,,,,,,,,,,,,
Pe047befac5,2006,79.5,81.25,238.0,84.5,104.0,7.8,,,29.5,34.5,12.08,,3.4,15.0,26.47530714040108,5.0,,,,,,,,,,,,,,,,,,,,,
P5fde6f13a3,2006,,,,,,,,,,,,,,,,,,,,,,,,,,,,,,,,,,,,,
Pc90f94ed67,2008,,,,,,,,,,,,,,,,,,,,,,,,,,,,,,,,,,,,,
P05a3993fb1,2006,,,,,,,,,,,,,,,,,,,,,,,,,,,,,,,,,,,,,
P71e6d4319f,2007,,,,,,,,,,,,,,,,,,,,,,,,,,,,,,,,,,,,,
P0f2f594f0f,2011,,,,,,,,,,,,,,,,,,,,,,,,,,,,,,,,,,,,,
Pd12b8cef29,2006,,,,,,,,,,,,,,,,,,,,,,,,,,,,,,,,,,,,,
P5713a8b541,2007,81.0,82.25,215.0,88.75,110.0,6.6,,,26.0,33.5,12.33,,3.45,0.0,23.039164703920022,7.75,,,,,,,,,,,,,,,,,,,,,
Pba0c961d37,2007,80.0,81.75,246.0,84.75,107.0,9.1,,,31.0,35.5,12.15,,3.37,20.0,27.024236967380187,4.75,,,,,,,,,,,,,,,,,,,,,
Pbcd324b348,2007,71.0,72.75,175.0,77.75,94.5,4.2,,,35.5,40.5,11.63,,3.09,13.0,24.407295464561177,6.75,,,,,,,,,,,,,,,,,,,,,
Pea4d2012e7,2007,79.0,81.5,228.0,85.25,103.0,3.7,,,33.5,38.0,12.0,,3.34,17.0,25.684964614281103,6.25,,,,,,,,,,,,,,,,,,,,,
P23d9f5804f,2007,,,,,,,,,,,,,,,,,,,,,,,,,,,,,,,,,,,,,
P4a79922b86,2007,78.0,79.75,185.0,80.25,103.0,4.2,,,30.5,36.5,11.69,,3.22,11.0,21.378677224399162,2.25,,,,,,,,,,,,,,,,,,,,,
Pd35ff5934d,2007,80.75,82.0,200.0,87.75,108.5,5.8,,,30.5,35.5,11.76,,3.31,2.0,21.56469107194845,7.0,,,,,,,,,,,,,,,,,,,,,
Pad16010a79,2007,82.0,84.0,223.0,85.25,106.5,4.8,,,32.5,37.5,11.79,,3.47,12.0,23.317149949365344,3.25,,,,,,,,,,,,,,,,,,,,,
P49b077589e,2007,74.0,75.5,186.0,78.5,98.0,5.6,,,29.0,34.0,11.0,,3.22,8.0,23.8807417481526,4.5,,,,,,,,,,,,,,,,,,,,,
P8bc7e2260e,2007,77.75,79.5,210.0,83.5,106.0,4.9,,,34.5,37.0,11.06,,3.19,13.0,24.424000864213305,5.75,,,,,,,,,,,,,,,,,,,,,
P25a045baff,2007,78.5,80.5,211.0,86.25,108.0,6.1,,,28.5,33.5,11.48,,3.36,2.0,24.073622670917704,7.75,,,,,,,,,,,,,,,,,,,,,
Pd84423f7e2,2007,77.75,79.0,221.0,85.0,104.0,5.8,,,35.0,41.0,11.96,,3.16,9.0,25.703353290434006,7.25,,,,,,,,,,,,,,,,,,,,,
P243742fc34,2007,75.75,76.5,207.0,79.25,100.5,6.1,,,30.5,35.0,11.34,,3.11,14.0,25.36316099472705,3.5,,,,,,,,,,,,,,,,,,,,,
Pdd125f24cc,2007,77.0,78.75,206.0,84.0,100.5,6.8,,,39.5,40.5,11.0,,3.25,6.0,24.427784349075193,7.0,,,,,,,,,,,,,,,,,,,,,
P61624e71c6,2007,,,,,,,,,,,,,,,,,,,,,,,,,,,,,,,,,,,,,
Pc544b8efa0,2007,,,,,,,,,,,,,,,,,,,,,,,,,,,,,,,,,,,,,
P2f5200d27c,2007,75.0,76.75,194.0,77.5,98.0,4.5,,,32.5,38.0,11.6,,3.32,11.0,24.248088613332783,2.5,,,,,,,,,,,,,,,,,,,,,
Pd6f3aa739f,2007,82.75,83.5,233.0,82.75,106.0,7.5,,,33.5,37.5,10.96,,3.29,15.0,23.923142294199458,0.0,,,,,,,,,,,,,,,,,,,,,
P41fad117db,2007,77.0,79.25,219.0,79.0,102.0,7.1,,,28.0,32.0,11.32,,3.45,14.0,25.96934355557023,2.0,,,,,,,,,,,,,,,,,,,,,
P42adf8ab25,2007,,,,,,,,,,,,,,,,,,,,,,,,,,,,,,,,,,,,,
Pd9ad951135,2007,,,,,,,,,,,,,,,,,,,,,,,,,,,,,,,,,,,,,
P168e9ad8d4,2007,70.0,71.75,161.0,76.0,94.0,2.7,,,32.5,39.5,10.57,,3.2,6.0,23.100857616715235,6.0,,,,,,,,,,,,,,,,,,,,,
P1311f2955b,2007,,,,,,,,,,,,,,,,,,,,,,,,,,,,,,,,,,,,,
P6950e00d3b,2007,,,,,,,,,,,,,,,,,,,,,,,,,,,,,,,,,,,,,
P6a22b03d03,2007,,,,,,,,,,,,,,,,,,,,,,,,,,,,,,,,,,,,,
P56d107e80a,2007,79.0,80.5,248.0,83.0,102.5,7.5,,,31.5,36.5,11.35,,3.29,21.0,27.93803168570927,4.0,,,,,,,,,,,,,,,,,,,,,
P971be31864,2007,,,,,,,,,,,,,,,,,,,,,,,,,,,,,,,,,,,,,
P40c501f5d6,2007,,,,,,,,,,,,,,,,,,,,,,,,,,,,,,,,,,,,,
P7703cc27be,2007,,,,,,,,,,,,,,,,,,,,,,,,,,,,,,,,,,,,,
P6525188e53,2007,,,,,,,,,,,,,,,,,,,,,,,,,,,,,,,,,,,,,
Pf6d18cb839,2007,81.0,83.0,230.0,88.0,109.5,6.9,,,27.0,30.0,12.63,,3.53,7.0,24.64654828791444,7.0,,,,,,,,,,,,,,,,,,,,,
P67d2056db6,2007,80.0,82.0,240.0,85.0,106.5,13.7,,,27.5,31.5,11.7,,3.47,12.0,26.365109236468474,5.0,,,,,,,,,,,,,,,,,,,,,
P8e68185705,2007,,,,,,,,,,,,,,,,,,,,,,,,,,,,,,,,,,,,,
Pb380360b47,2007,79.0,80.75,252.0,88.5,110.5,7.5,,,26.5,30.5,11.39,,3.29,15.0,28.388645099994907,9.5,,,,,,,,,,,,,,,,,,,,,
Pcd53db286a,2007,,,,,,,,,,,,,,,,,,,,,,,,,,,,,,,,,,,,,
Pcfbeb8a341,2007,77.0,79.0,213.0,86.0,107.0,4.9,,,29.5,36.0,11.73,,3.22,17.0,25.25785469103406,9.0,,,,,,,,,,,,,,,,,,,,,
P0f110bb83f,2007,79.0,80.25,220.0,82.5,104.0,4.7,,,28.5,34.5,10.95,,3.25,12.0,24.78373778570984,3.5,,,,,,,,,,,,,,,,,,,,,
P93e1b535ab,2007,,,,,,,,,,,,,,,,,,,,,,,,,,,,,,,,,,,,,
Pd1415c96b7,2007,84.0,85.75,271.0,87.25,108.5,10.8,,,27.0,32.5,12.07,,3.7,17.0,27.002814070608302,3.25,,,,,,,,,,,,,,,,,,,,,
Pf5e2b9f7f1,2007,71.0,72.75,173.0,74.25,96.0,4.6,,,29.0,32.5,11.3,,3.26,8.0,24.128354944966194,3.25,,,,,,,,,,,,,,,,,,,,,
Pac5bd0e496,2007,78.0,79.5,211.0,84.25,105.0,6.2,,,28.5,32.5,10.39,,3.38,16.0,24.383248077557962,6.25,,,,,,,,,,,,,,,,,,,,,
P544e2d56ac,2007,74.0,75.75,185.0,76.25,97.5,6.2,,,29.5,33.5,11.65,,3.27,8.0,23.752350663485114,2.25,,,,,,,,,,,,,,,,,,,,,
Pa610141ccc,2007,75.75,77.0,199.0,78.5,101.0,4.5,,,28.5,35.0,10.87,,3.14,21.0,24.382942212322142,2.75,,,,,,,,,,,,,,,,,,,,,
P586a0d2a81,2007,,,,,,,,,,,,,,,,,,,,,,,,,,,,,,,,,,,,,
P220e9380db,2010,,,,,,,,,,,,,,,,,,,,,,,,,,,,,,,,,,,,,
P02f9f17423,2007,75.0,76.75,204.0,83.0,99.5,5.4,,,32.0,34.5,11.57,,3.41,9.0,25.497990088246848,8.0,,,,,,,,,,,,,,,,,,,,,
P9bd8ef5672,2007,80.75,82.25,241.0,87.0,110.0,6.9,,,26.5,31.0,11.65,,3.56,14.0,25.98545274169788,6.25,,,,,,,,,,,,,,,,,,,,,
P801bf131e6,2007,,,,,,,,,,,,,,,,,,,,,,,,,,,,,,,,,,,,,
Pc9bef9c2e0,2008,,,,,,,,,,,,,,,,,,,,,,,,,,,,,,,,,,,,,
Pd175d5631f,2007,,,,,,,,,,,,,,,,,,,,,,,,,,,,,,,,,,,,,
Pc47bd1a1ea,2007,,,,,,,,,,,,,,,,,,,,,,,,,,,,,,,,,,,,,
Pa5107e2b9c,2007,,,,,,,,,,,,,,,,,,,,,,,,,,,,,,,,,,,,,
Pa2b1e0c1b9,2011,,,,,,,,,,,,,,,,,,,,,,,,,,,,,,,,,,,,,
P10d6b2ba68,2017,,,,,,,,,,,,,,,,,,,,,,,,,,,,,,,,,,,,,
P16bad3a52e,2011,,,,,,,,,,,,,,,,,,,,,,,,,,,,,,,,,,,,,
P4f54eef176,2011,,,,,,,,,,,,,,,,,,,,,,,,,,,,,,,,,,,,,
Pda7f31dba8,2007,,,,,,,,,,,,,,,,,,,,,,,,,,,,,,,,,,,,,
Pb047bb4747,2008,72.75,74.0,166.2,79.25,98.0,3.8,,,31.0,39.0,10.98,,3.08,2.0,22.078183136435,6.5,,,,,,,,,,,,,,,,,,,,,
P722aa856f7,2008,79.0,80.25,239.0,84.25,107.0,7.7,,,30.0,35.0,11.06,,3.24,19.0,26.9241515035666,5.25,,,,,,,,,,,,,,,,,,,,,
P552ea773e2,2008,75.25,76.25,200.0,78.0,99.5,6.3,,,30.5,41.0,11.04,,3.14,7.0,24.832205547900244,2.75,,,,,,,,,,,,,,,,,,,,,
P2d45174d7f,2008,73.5,74.5,196.0,80.0,98.5,4.6,,,34.5,40.0,11.69,,3.05,10.0,25.50819336559308,6.5,,,,,,,,,,,,,,,,,,,,,
P67ee7c4408,2008,74.25,75.5,192.0,79.75,100.0,4.8,,,30.0,36.5,10.98,,3.08,12.0,24.48536712411996,5.5,,,,,,,,,,,,,,,,,,,,,
Pdfe2a49906,2008,79.75,81.5,255.0,83.25,106.0,12.9,,,29.5,35.0,11.17,,3.22,18.0,28.188833491492524,3.5,,,,,,,,,,,,,,,,,,,,,
Peda84f3898,2008,,,,,,,,,,,,,,,,,,,,,,,,,,,,,,,,,,,,,
Pd43d378f42,2008,74.0,75.25,222.0,81.0,99.0,8.2,,,32.0,40.0,10.81,,3.01,15.0,28.502820796182135,7.0,,,,,,,,,,,,,,,,,,,,,
P2e38e474e2,2008,79.25,80.25,220.0,83.5,106.0,5.8,,,32.5,38.5,11.33,,2.99,24.0,24.62762014080985,4.25,,,,,,,,,,,,,,,,,,,,,
P376f10f64c,2008,70.0,71.5,171.5,75.5,94.5,8.1,,,28.5,35.0,11.27,,3.07,2.0,24.607435287370574,5.5,,,,,,,,,,,,,,,,,,,,,
Pab86c7dfaf,2008,83.25,84.5,258.0,89.5,113.0,6.3,,,27.5,30.5,12.77,,3.57,7.0,26.172760370735148,6.25,,,,,,,,,,,,,,,,,,,,,
Pf1e6555cfc,2008,,,,,,,,,,,,,,,,,,,,,,,,,,,,,,,,,,,,,
P7c81e9aca5,2008,81.0,82.25,197.0,87.0,109.0,4.7,,,29.0,35.0,11.86,,3.26,7.0,21.110304403126715,6.0,,,,,,,,,,,,,,,,,,,,,
P7e5e28e6b3,2008,,,,,,,,,,,,,,,,,,,,,,,,,,,,,,,,,,,,,
Pdb3f441dab,2008,,,,,,,,,,,,,,,,,,,,,,,,,,,,,,,,,,,,,
P4afc5fb3f7,2008,,,,,,,,,,,,,,,,,,,,,,,,,,,,,,,,,,,,,
Pfcb4575061,2008,83.0,84.0,241.0,90.0,114.5,5.3,,,27.0,32.5,12.75,,3.25,7.0,24.595698750622354,7.0,,,,,,,,,,,,,,,,,,,,,
Pffe825f9b7,2008,,,,,,,,,,,,,,,,,,,,,,,,,,,,,,,,,,,,,
P3d1eff1bca,2008,,,,,,,,,,,,,,,,,,,,,,,,,,,,,,,,,,,,,
P969f2b1c13,2008,,,,,,,,,,,,,,,,,,,,,,,,,,,,,,,,,,,,,
Pd19bde5a19,2008,,,,,,,,,,,,,,,,,,,,,,,,,,,,,,,,,,,,,
Pc3a5f10000,2008,,,,,,,,,,,,,,,,,,,,,,,,,,,,,,,,,,,,,
P0157d20b94,2008,,,,,,,,,,,,,,,,,,,,,,,,,,,,,,,,,,,,,
Pda7ff44e77,2008,,,,,,,,,,,,,,,,,,,,,,,,,,,,,,,,,,,,,
P0e7908a570,2008,73.25,74.5,181.0,81.0,97.5,3.0,,,34.0,37.5,12.2,,3.07,9.0,23.717102151859724,7.75,,,,,,,,,,,,,,,,,,,,,
P4b0ccf34e0,2008,79.5,80.5,216.0,82.75,107.0,7.3,,,28.5,30.0,12.18,,3.14,12.0,24.028009841708542,3.25,,,,,,,,,,,,,,,,,,,,,
Pab534e249b,2008,80.25,81.0,221.0,82.0,108.0,7.6,,,27.5,31.5,11.21,,3.2,2.0,24.126843039218056,1.75,,,,,,,,,,,,,,,,,,,,,
P9f5758481a,2008,,,,,,,,,,,,,,,,,,,,,,,,,,,,,,,,,,,,,
P41bc73e83b,2008,76.0,76.75,208.0,83.25,103.0,5.4,,,,,,,,10.0,25.318295111659477,7.25,,,,,,,,,,,,,,,,,,,,,
Pe67238da8c,2008,,,,,,,,,,,,,,,,,,,,,,,,,,,,,,,,,,,,,
Pbbde966f1e,2008,,,,,,,,,,,,,,,,,,,,,,,,,,,,,,,,,,,,,
Pad8df3794d,2008,78.25,79.25,265.0,85.75,107.0,9.0,,,27.5,33.0,11.84,,3.2,19.0,30.428145818269407,7.5,,,,,,,,,,,,,,,,,,,,,
P7c1c1e7eac,2008,81.75,83.0,250.0,90.0,113.5,7.5,,,26.0,30.5,12.3,,3.27,8.0,26.30042662473826,8.25,,,,,,,,,,,,,,,,,,,,,
P246009ab63,2008,,,,,,,,,,,,,,,,,,,,,,,,,,,,,,,,,,,,,
P486b5c76fa,2008,77.75,79.5,221.0,86.5,103.5,7.0,,,32.0,38.5,11.71,,3.17,11.0,25.703353290434006,8.75,,,,,,,,,,,,,,,,,,,,,
P82dd1ca59f,2008,,,,,,,,,,,,,,,,,,,,,,,,,,,,,,,,,,,,,
P8482acfde2,2008,76.0,77.5,193.0,82.0,104.0,4.4,,,29.0,36.5,10.58,,2.96,12.0,23.492456521876342,6.0,,,,,,,,,,,,,,,,,,,,,
P2fe87c73a6,2008,,,,,,,,,,,,,,,,,,,,,,,,,,,,,,,,,,,,,
P6dfb5df5c6,2008,,,,,,,,,,,,,,,,,,,,,,,,,,,,,,,,,,,,,
P1ca581fef0,2008,71.0,72.0,183.8,76.5,95.0,4.2,,,26.0,,,,,18.0,25.634633750779116,5.5,,,,,,,,,,,,,,,,,,,,,
Pc9371b494a,2008,78.0,79.25,224.0,84.25,97.5,9.4,,,35.0,42.0,11.77,,3.43,2.0,25.885533504137364,6.25,,,,,,,,,,,,,,,,,,,,,
P4b06d66b80,2008,,,,,,,,,,,,,,,,,,,,,,,,,,,,,,,,,,,,,
Pf14243ec5e,2008,,,,,,,,,,,,,,,,,,,,,,,,,,,,,,,,,,,,,
P79f9e777a1,2008,76.25,77.25,204.0,81.0,103.5,6.9,,,30.5,38.0,11.33,,3.08,13.0,24.66884286957502,4.75,,,,,,,,,,,,,,,,,,,,,
P951f092ec6,2008,79.0,79.75,240.5,83.25,106.5,12.5,,,27.0,31.0,11.75,,3.26,11.0,27.093131533923707,4.25,,,,,,,,,,,,,,,,,,,,,
P28594efa12,2008,,,,,,,,,,,,,,,,,,,,,,,,,,,,,,,,,,,,,
P2bc925c307,2008,,,,,,,,,,,,,,,,,,,,,,,,,,,,,,,,,,,,,
P94bbcbe8b9,2008,,,,,,,,,,,,,,,,,,,,,,,,,,,,,,,,,,,,,
Pbbe7c2361f,2008,,,,,,,,,,,,,,,,,,,,,,,,,,,,,,,,,,,,,
P2528efc939,2008,,,,,,,,,,,,,,,,,,,,,,,,,,,,,,,,,,,,,
Pc06b79b843,2008,78.5,79.5,220.0,87.0,109.5,6.4,,,28.0,34.5,11.51,,3.18,7.0,25.100459656881018,8.5,,,,,,,,,,,,,,,,,,,,,
P8ff779ec76,2008,,,,,,,,,,,,,,,,,,,,,,,,,,,,,,,,,,,,,
Pb7bd8922eb,2008,,,,,,,,,,,,,,,,,,,,,,,,,,,,,,,,,,,,,
Pfa9e39fc67,2008,,,,,,,,,,,,,,,,,,,,,,,,,,,,,,,,,,,,,
Pb00deeb55d,2008,73.0,74.25,198.0,82.0,98.5,4.5,,,34.5,38.5,10.54,,3.13,19.0,26.122682823898213,9.0,,,,,,,,,,,,,,,,,,,,,
P9378e87d91,2009,,,,,,,,,,,,,,,,,,,,,,,,,,,,,,,,,,,,,
Pa5aab1aab8,2009,,,,,,,,,,,,,,,,,,,,,,,,,,,,,,,,,,,,,
P6aab967db9,2009,,,,,,,,,,,,,,,,,,,,,,,,,,,,,,,,,,,,,
P13adb32b1d,2010,,,,,,,,,,,,,,,,,,,,,,,,,,,,,,,,,,,,,
Pf31133cc3c,2009,,,,,,,,,,,,,,,,,,,,,,,,,,,,,,,,,,,,,
P6e6a2db0d6,2008,,,,,,,,,,,,,,,,,,,,,,,,,,,,,,,,,,,,,
P39e62f008f,2011,,,,,,,,,,,,,,,,,,,,,,,,,,,,,,,,,,,,,
P146ec7320a,2009,80.5,82.0,248.4,83.25,105.0,8.2,,,32.0,35.5,10.95,,3.28,22.0,26.94996081669183,2.75,,,,,,,,,,,,,,,,,,,,,
P26f8dd510c,2009,85.25,86.5,267.2,90.25,113.0,6.7,,,,,,,,,25.84913327949823,5.0,,,,,,,,,,,,,,,,,,,,,
P2acc089d0e,2009,76.0,77.25,222.0,82.75,103.5,10.1,,,31.5,37.0,11.1,,3.13,17.0,27.022411128790402,6.75,,,,,,,,,,,,,,,,,,,,,
Pe2d0a4cddd,2009,76.0,77.25,220.6,83.25,104.0,7.1,,,28.5,34.0,11.81,,3.17,7.0,26.851999527077314,7.25,,,,,,,,,,,,,,,,,,,,,
P22c8154970,2009,,,,,,,,,,,,,,,,,,,,,,,,,,,,,,,,,,,,,
P1738f63a26,2009,71.25,72.75,195.6,76.0,95.5,6.3,,,33.0,40.0,10.86,,3.23,10.0,27.08927739536735,4.75,,,,,,,,,,,,,,,,,,,,,
P7b8c6b66e0,2009,74.0,75.25,181.0,75.5,97.0,5.7,,,29.5,35.5,11.07,,3.28,10.0,23.238786324815162,1.5,,,,,,,,,,,,,,,,,,,,,
P3391f209f3,2009,81.25,82.25,232.4,85.5,108.0,6.0,,,31.0,35.0,12.23,,3.3,11.0,24.750711715315983,4.25,,,,,,,,,,,,,,,,,,,,,
Pad8e6fd6b0,2009,77.5,78.5,211.2,81.0,102.5,4.9,,,29.0,38.5,11.88,,3.31,5.0,24.72229681078717,3.5,,,,,,,,,,,,,,,,,,,,,
P52f9046b71,2009,,,,,,,,,,,,,,,,,,,,,,,,,,,,,,,,,,,,,
P4417860ddd,2009,77.0,78.25,213.2,81.0,103.5,5.1,,,30.5,37.0,11.15,,3.18,9.0,25.281570986518595,4.0,,,,,,,,,,,,,,,,,,,,,
Pef77516e2b,2009,76.0,77.0,214.6,82.25,102.5,4.4,,,31.5,35.0,11.17,,3.14,8.0,26.121664091164057,6.25,,,,,,,,,,,,,,,,,,,,,
P4c4f563b8c,2009,80.25,81.5,234.2,83.5,106.0,8.5,,,27.5,34.0,11.12,,3.27,18.0,25.567903347442844,3.25,,,,,,,,,,,,,,,,,,,,,
Pc430805a15,2009,80.5,82.25,228.4,86.5,109.5,5.2,,,28.5,33.0,11.17,,3.35,5.0,24.780076692964627,6.0,,,,,,,,,,,,,,,,,,,,,
P7ef2b1cf05,2009,81.75,82.75,191.8,86.75,110.0,5.5,,,25.0,28.0,12.11,,3.55,0.0,20.177687306499195,5.0,,,,,,,,,,,,,,,,,,,,,
P60425a0c89,2009,79.0,79.75,257.2,84.75,105.5,12.0,,,30.5,35.0,11.21,,3.23,18.0,28.974442538566226,5.75,,,,,,,,,,,,,,,,,,,,,
Pab257f8a15,2009,75.25,76.25,199.0,79.0,100.5,6.3,,,28.5,34.0,10.64,,3.21,6.0,24.708044520160744,3.75,,,,,,,,,,,,,,,,,,,,,
P0086aec335,2009,72.25,73.5,175.2,79.5,98.5,4.5,,,30.5,36.5,11.05,,3.18,13.0,23.59699531428613,7.25,,,,,,,,,,,,,,,,,,,,,
Pe79f6d1bdb,2009,74.25,75.25,163.6,74.5,97.0,5.4,,,28.5,31.5,10.78,,3.19,8.0,20.86357323701055,0.25,,,,,,,,,,,,,,,,,,,,,
P7d7c4d5568,2009,79.75,81.25,211.2,81.25,106.5,8.6,,,25.5,32.5,11.15,,3.28,2.0,23.346986797659685,1.5,,,,,,,,,,,,,,,,,,,,,
Pcb72b419f2,2009,83.75,85.25,258.2,85.5,111.0,8.5,,,28.5,32.5,11.1,,3.45,10.0,25.88123009494582,1.75,,,,,,,,,,,,,,,,,,,,,
P57a6e7dc53,2009,73.25,74.25,182.4,81.75,100.0,7.9,,,29.5,39.0,10.49,,3.15,3.0,23.900549350824388,8.5,,,,,,,,,,,,,,,,,,,,,
P38fd19ed26,2009,80.5,81.75,214.4,88.0,109.0,6.6,,,25.5,30.0,11.56,,3.41,12.0,23.261157806355587,7.5,,,,,,,,,,,,,,,,,,,,,
P117b8ca478,2009,78.25,79.75,207.2,82.0,105.0,6.3,,,,,,,,,23.791365334133662,3.75,,,,,,,,,,,,,,,,,,,,,
P6fd4123c4d,2009,76.25,77.25,202.4,78.5,100.0,5.5,,,31.5,38.0,11.14,,3.2,13.0,24.475361749029332,2.25,,,,,,,,,,,,,,,,,,,,,
Pc99e2f6730,2009,73.0,74.0,183.4,78.0,97.5,5.2,,,28.0,32.5,10.63,,3.03,15.0,24.196464797489554,5.0,,,,,,,,,,,,,,,,,,,,,
P2805efe438,2009,,,,,,,,,,,,,,,,,,,,,,,,,,,,,,,,,,,,,
P2d06a24aee,2009,,,,,,,,,,,,,,,,,,,,,,,,,,,,,,,,,,,,,
P4f7ec9f72f,2009,80.75,82.0,239.6,85.0,107.0,5.5,,,31.0,35.0,11.98,,3.14,15.0,25.834499904194246,4.25,,,,,,,,,,,,,,,,,,,,,
P57802757ed,2009,75.5,76.75,207.4,80.75,101.0,5.8,,,34.0,37.5,11.54,,3.32,16.0,25.580743093226026,5.25,,,,,,,,,,,,,,,,,,,,,
P3326a2a68b,2009,79.0,80.25,227.4,83.0,106.5,4.8,,,28.0,35.0,11.18,,3.26,18.0,25.61737260213826,4.0,,,,,,,,,,,,,,,,,,,,,
P977d8b209e,2009,79.25,80.5,243.0,84.75,106.5,6.6,,,29.5,34.5,10.94,,3.17,15.0,27.202325882803606,5.5,,,,,,,,,,,,,,,,,,,,,
Pc643573699,2009,77.25,78.75,222.8,82.75,105.5,4.9,,,27.5,33.0,11.47,,3.45,,26.24922694041407,5.5,,,,,,,,,,,,,,,,,,,,,
P5e4e4a8cf1,2009,77.25,78.5,276.6,86.0,106.5,12.0,,,26.0,33.0,11.5,,3.45,18.0,32.58768479227348,8.75,,,,,,,,,,,,,,,,,,,,,
P16997d7184,2009,,,,,,,,,,,,,,,,,,,,,,,,,,,,,,,,,,,,,
P8514f39741,2009,,,,,,,,,,,,,,,,,,,,,,,,,,,,,,,,,,,,,
Pe7ad570728,2009,79.5,80.5,224.6,86.5,107.5,8.6,,,30.5,35.5,11.26,,3.13,20.0,24.984680603924716,7.0,,,,,,,,,,,,,,,,,,,,,
Pa0dded8876,2009,75.0,76.0,211.4,76.5,98.0,8.0,,,28.5,37.0,10.96,,3.1,14.0,26.42291717968325,1.5,,,,,,,,,,,,,,,,,,,,,
P917b0d4d70,2009,,,,,,,,,,,,,,,,,,,,,,,,,,,,,,,,,,,,,
P922c03ccad,2009,78.25,79.0,206.4,79.0,101.0,10.0,,,29.5,38.5,11.08,,3.24,10.0,23.69950678072002,0.75,,,,,,,,,,,,,,,,,,,,,
Pb58f931dd3,2009,,,,,,,,,,,,,,,,,,,,,,,,,,,,,,,,,,,,,
P456fdc6328,2009,77.25,78.5,208.0,82.0,103.0,5.6,,,29.0,33.0,11.3,,3.3,15.0,24.505561955144195,4.75,,,,,,,,,,,,,,,,,,,,,
P5500e23cae,2009,,,,,,,,,,,,,,,,,,,,,,,,,,,,,,,,,,,,,
P322900af3b,2009,72.5,74.0,192.8,75.75,97.0,12.4,,,26.0,31.0,10.99,,3.22,11.0,25.788692500248263,3.25,,,,,,,,,,,,,,,,,,,,,
Pfd96fb33e5,2009,,,,,,,,,,,,,,,,,,,,,,,,,,,,,,,,,,,,,
P1015da4297,2009,71.25,72.5,175.4,74.0,95.0,6.9,,,27.5,33.0,10.87,,3.1,8.0,24.291713983371338,2.75,,,,,,,,,,,,,,,,,,,,,
P4b1ba6339f,2009,,,,,,,,,,,,,,,,,,,,,,,,,,,,,,,,,,,,,
Pfc3cc92a5c,2009,,,,,,,,,,,,,,,,,,,,,,,,,,,,,,,,,,,,,
P6f23e4dd26,2009,,,,,,,,,,,,,,,,,,,,,,,,,,,,,,,,,,,,,
Pdb8fb82c3b,2010,,,,,,,,,,,,,,,,,,,,,,,,,,,,,,,,,,,,,
Pba6ba7bcf4,2010,,,,,,,,,,,,,,,,,,,,,,,,,,,,,,,,,,,,,
P37b821fb18,2009,,,,,,,,,,,,,,,,,,,,,,,,,,,,,,,,,,,,,
P74a501a7bb,2013,,,,,,,,,,,,,,,,,,,,,,,,,,,,,,,,,,,,,
P6d59a1d0fb,2009,,,,,,,,,,,,,,,,,,,,,,,,,,,,,,,,,,,,,
P2d536d911b,2009,,,,,,,,,,,,,,,,,,,,,,,,,,,,,,,,,,,,,
P50969329ac,2011,,,,,,,,,,,,,,,,,,,,,,,,,,,,,,,,,,,,,
P1a8bbe3efe,2009,,,,,,,,,,,,,,,,,,,,,,,,,,,,,,,,,,,,,
P55c8e33d89,2013,,,,,,,,,,,,,,,,,,,,,,,,,,,,,,,,,,,,,
Pad180fa2f7,2010,,,,,,,,,,,,,,,,,,,,,,,,,,,,,,,,,,,,,
P981540aa5d,2011,,,,,,,,,,,,,,,,,,,,,,,,,,,,,,,,,,,,,
Pd01ecb3669,2010,74.75,76.0,195.6,81.25,101.5,5.6,8.25,9.5,30.0,39.0,10.84,,3.14,,24.611878574498196,6.5,,,,,,,,,,,,,,,,,,,,,
Ped95bfcd7e,2010,77.75,79.0,213.8,80.0,103.5,8.6,8.75,9.5,27.5,34.5,11.06,,3.27,9.0,24.865958975089548,2.25,,,,,,,,,,,,,,,,,,,,,
Pcc98298533,2010,80.75,82.25,245.2,88.0,110.0,6.5,8.75,9.25,31.5,35.5,11.74,,3.25,14.0,26.4383112542088,7.25,,,,,,,,,,,,,,,,,,,,,
Peb88f22502,2010,78.25,79.25,206.4,85.0,106.0,4.6,9.0,9.5,32.0,37.0,11.43,,3.14,16.0,23.69950678072002,6.75,,,,,,,,,,,,,,,,,,,,,
P97ae54051b,2010,80.75,81.75,237.4,88.5,106.5,8.0,9.5,8.75,31.0,33.5,11.15,,3.29,10.0,25.59728830240281,7.75,,,,,,,,,,,,,,,,,,,,,
Pc58bcc8049,2010,81.75,83.0,246.6,86.25,108.5,11.2,8.75,9.5,25.0,29.0,12.1,,3.35,15.0,25.94274082264182,4.5,,,,,,,,,,,,,,,,,,,,,
P297adbbd5f,2010,79.25,80.5,216.0,87.25,108.5,8.2,9.5,9.5,27.0,33.5,11.29,,3.3,13.0,24.179845229158758,8.0,,,,,,,,,,,,,,,,,,,,,
P7f86ce09cc,2010,79.75,80.75,214.4,83.25,107.0,5.0,8.5,9.0,,,,,,4.0,23.700729021866653,3.5,,,,,,,,,,,,,,,,,,,,,
P7e584efe40,2010,81.0,83.25,236.0,88.75,111.5,8.5,9.0,9.25,23.0,28.0,11.48,,3.35,10.0,25.28950172151221,7.75,,,,,,,,,,,,,,,,,,,,,
P10d0b75bed,2010,77.25,78.5,210.2,83.25,105.0,4.7,8.75,10.0,28.5,36.5,11.1,,3.18,8.0,24.764755398900522,6.0,,,,,,,,,,,,,,,,,,,,,
P8fac339738,2010,81.0,81.75,226.6,84.0,108.0,10.0,9.25,10.0,31.0,36.0,11.7,,3.21,,24.282208008875706,3.0,,,,,,,,,,,,,,,,,,,,,
P3f25ee2633,2010,80.0,81.25,239.6,85.25,107.0,5.3,9.25,10.25,28.5,33.5,11.14,,3.25,17.0,26.321167387741024,5.25,,,,,,,,,,,,,,,,,,,,,
P502aba077e,2010,81.25,82.5,222.4,89.75,112.0,4.6,9.75,11.0,25.5,28.0,12.49,,3.27,7.0,23.685706908288616,8.5,,,,,,,,,,,,,,,,,,,,,
P440f6cc00f,2010,,,,,,,,,,,,,,,,,,,,,,,,,,,,,,,,,,,,,
P0d0da4d2bc,2010,72.25,73.5,191.6,79.5,98.0,5.6,8.5,9.75,,,,,,9.0,25.805846473842593,7.25,,,,,,,,,,,,,,,,,,,,,
P871b04878c,2010,74.0,75.25,180.4,79.25,98.5,4.0,8.25,9.5,31.5,37.5,11.47,,3.14,2.0,23.16175167401467,5.25,,,,,,,,,,,,,,,,,,,,,
Pb46ac34cd7,2010,76.75,77.75,207.6,80.5,104.0,7.9,8.5,7.25,30.0,35.5,11.86,,3.19,14.0,24.778150598196607,3.75,,,,,,,,,,,,,,,,,,,,,
P54e531f2ec,2010,80.5,81.75,229.0,84.0,109.0,7.9,9.5,11.25,26.0,35.0,11.65,,3.39,6.0,24.845173216676443,3.5,,,,,,,,,,,,,,,,,,,,,
Pd646388a2b,2010,,,,,,,,,,,,,,,,,,,,,,,,,,,,,,,,,,,,,
P38bff88a77,2010,78.25,79.75,226.6,84.75,107.0,9.6,9.25,8.5,29.0,33.0,10.89,,3.2,13.0,26.018935254414522,6.5,,,,,,,,,,,,,,,,,,,,,
Pa56ca2c36c,2010,75.25,77.0,216.0,81.25,101.0,5.9,9.0,10.25,26.0,32.5,10.88,,3.31,19.0,26.818781991732266,6.0,,,,,,,,,,,,,,,,,,,,,
Pdc16ca4e2e,2010,,,,,,,,,,,,,,,,,,,,,,,,,,,,,,,,,,,,,
P2c1e066057,2010,75.0,76.5,198.4,79.0,101.0,4.9,8.0,9.0,31.5,34.5,11.03,,3.37,7.0,24.79804526229497,4.0,,,,,,,,,,,,,,,,,,,,,
P4793f789c0,2010,77.0,78.5,210.8,79.0,101.0,8.6,7.75,9.25,,,,,,,24.99697544070413,2.0,,,,,,,,,,,,,,,,,,,,,
Pabb4255b19,2010,,,,,,,,,,,,,,,,,,,,,,,,,,,,,,,,,,,,,
P581e368d46,2010,81.5,83.5,302.6,90.0,111.0,20.8,10.25,10.5,,,,,,,32.02963676447131,8.5,,,,,,,,,,,,,,,,,,,,,
P830611c613,2010,82.5,83.5,226.6,91.0,113.0,5.5,8.25,10.25,27.0,31.5,11.83,,3.54,12.0,23.407245802936057,8.5,,,,,,,,,,,,,,,,,,,,,
P815e63680a,2010,74.0,75.25,195.2,80.0,99.5,5.6,8.25,9.25,31.5,38.5,11.25,,3.19,18.0,25.061939727093478,6.0,,,,,,,,,,,,,,,,,,,,,
Pe97fa79993,2010,,,,,,,,,,,,,,,,,,,,,,,,,,,,,,,,,,,,,
P96ac6f0cd3,2010,77.25,78.5,203.6,81.25,104.5,6.2,8.25,9.0,29.0,34.0,11.68,,3.25,,23.987175067631526,4.0,,,,,,,,,,,,,,,,,,,,,
P7a82e40751,2010,76.25,77.0,191.6,79.0,100.0,6.2,8.0,9.75,23.5,30.5,11.27,,3.49,8.0,23.169364185345948,2.75,,,,,,,,,,,,,,,,,,,,,
P27a3420564,2010,,,,,,,,,,,,,,,,,,,,,,,,,,,,,,,,,,,,,
Pe03992058c,2010,,,,,,,,,,,,,,,,,,,,,,,,,,,,,,,,,,,,,
Pbd2eb786d3,2010,,,,,,,,,,,,,,,,,,,,,,,,,,,,,,,,,,,,,
P966e81614a,2010,79.0,80.25,207.8,84.25,107.5,7.9,8.25,9.0,23.5,32.0,11.69,,3.44,6.0,23.409366872138655,5.25,,,,,,,,,,,,,,,,,,,,,
Pe82bc0553e,2010,79.5,81.0,233.4,84.0,107.5,6.3,8.5,10.0,27.0,31.5,11.61,,3.24,20.0,25.963599523401733,4.5,,,,,,,,,,,,,,,,,,,,,
P3d55371834,2010,83.5,84.75,237.4,89.0,113.0,5.0,9.25,9.25,22.5,26.0,13.2,,3.68,10.0,23.939003651093472,5.5,,,,,,,,,,,,,,,,,,,,,
Pc62b6f4e46,2010,78.0,79.75,240.2,81.5,106.0,11.1,8.75,9.75,24.0,28.5,11.83,,3.41,23.0,27.757612266490153,3.5,,,,,,,,,,,,,,,,,,,,,
P989e9714fc,2010,,,,,,,,,,,,,,,,,,,,,,,,,,,,,,,,,,,,,
Pec2bc35d4f,2010,74.5,75.75,208.4,78.0,99.5,7.6,8.5,9.5,23.0,31.5,11.21,,3.5,10.0,26.398756884248606,3.5,,,,,,,,,,,,,,,,,,,,,
Pbbec177bac,2010,,,,,,,,,,,,,,,,,,,,,,,,,,,,,,,,,,,,,
Pe6ceea2b5e,2010,,,,,,,,,,,,,,,,,,,,,,,,,,,,,,,,,,,,,
P6ff85cb7e1,2010,80.25,81.5,280.0,84.25,107.5,12.8,9.0,10.25,25.0,30.5,12.78,,3.61,22.0,30.567945932040978,4.0,,,,,,,,,,,,,,,,,,,,,
P544c115a68,2010,,,,,,,,,,,,,,,,,,,,,,,,,,,,,,,,,,,,,
P19913201dd,2010,,,,,,,,,,,,,,,,,,,,,,,,,,,,,,,,,,,,,
P07a1fb349e,2011,,,,,,,,,,,,,,,,,,,,,,,,,,,,,,,,,,,,,
P76dbb66d26,2010,,,,,,,,,,,,,,,,,,,,,,,,,,,,,,,,,,,,,
Pb486223088,2010,,,,,,,,,,,,,,,,,,,,,,,,,,,,,,,,,,,,,
P4570803785,2010,70.25,71.75,217.2,74.5,94.0,9.2,8.5,9.5,27.5,33.0,12.31,,3.24,,30.94321757781698,4.25,,,,,,,,,,,,,,,,,,,,,
P11d27a665c,2010,,,,,,,,,,,,,,,,,,,,,,,,,,,,,,,,,,,,,
P467d53ba82,2010,,,,,,,,,,,,,,,,,,,,,,,,,,,,,,,,,,,,,
Pebc69ca1f1,2010,,,,,,,,,,,,,,,,,,,,,,,,,,,,,,,,,,,,,
P05848850fc,2011,,,,,,,,,,,,,,,,,,,,,,,,,,,,,,,,,,,,,
P25609e2dfe,2014,,,,,,,,,,,,,,,,,,,,,,,,,,,,,,,,,,,,,
Pcdba4ddbae,2010,,,,,,,,,,,,,,,,,,,,,,,,,,,,,,,,,,,,,
P9c4bb7f4c2,2010,76.0,77.5,185.1,79.25,102.0,3.8,8.5,9.0,,,,,,11.0,22.530848197923888,3.25,,,,,,,,,,,,,,,,,,,,,
P06e60a886f,2010,,,,,,,,,,,,,,,,,,,,,,,,,,,,,,,,,,,,,
Pc42b84faf5,2011,,,,,,,,,,,,,,,,,,,,,,,,,,,,,,,,,,,,,
P8a6c25e945,2011,,,,,,,,,,,,,,,,,,,,,,,,,,,,,,,,,,,,,
Pf755f2c0c0,2011,,,,,,,,,,,,,,,,,,,,,,,,,,,,,,,,,,,,,
P0074b51801,2012,,,,,,,,,,,,,,,,,,,,,,,,,,,,,,,,,,,,,
Pd44ef7a78e,2013,,,,,,,,,,,,,,,,,,,,,,,,,,,,,,,,,,,,,
Pc6eddeb128,2011,,,,,,,,,,,,,,,,,,,,,,,,,,,,,,,,,,,,,
Pb035a35ee9,2011,79.25,80.75,248.4,85.5,108.0,10.8,9.0,9.75,29.0,34.5,11.03,,3.23,19.0,27.806822013532575,6.25,,,,,,,,,,,,,,,,,,,,,
P5969d3ea2a,2011,81.75,83.25,259.2,85.5,109.5,5.9,9.5,10.75,26.0,32.5,11.3,,3.26,14.0,27.26828232452863,3.75,,,,,,,,,,,,,,,,,,,,,
Pc8dae45369,2011,79.5,80.75,227.4,85.25,108.5,6.2,8.75,9.25,30.0,35.0,10.92,,3.26,9.0,25.296154805576496,5.75,,,,,,,,,,,,,,,,,,,,,
Pb5da2dd439,2011,,,,,,,,,,,,,,,,,,,,,,,,,,,,,,,,,,,,,
P4ec69893f6,2011,,,,,,,,,,,,,,,,,,,,,,,,,,,,,,,,,,,,,
P148aecdd52,2011,,,,,,,,,,,,,,,,,,,,,,,,,,,,,,,,,,,,,
P4a7a8900d7,2011,73.5,75.25,176.8,78.75,98.5,4.2,8.25,9.5,29.0,37.5,10.74,,3.07,10.0,23.009431566514575,5.25,,,,,,,,,,,,,,,,,,,,,
P2e890c30d2,2011,71.5,73.0,184.0,75.5,91.5,5.9,8.0,9.0,32.0,39.5,10.87,,3.16,7.0,25.304866282675015,4.0,,,,,,,,,,,,,,,,,,,,,
Pb0e43997bd,2011,77.75,79.25,205.6,81.0,103.5,8.0,8.75,9.25,26.5,31.5,10.99,,3.24,5.0,23.91225989372503,3.25,,,,,,,,,,,,,,,,,,,,,
P9e7b32dc92,2011,77.0,78.0,192.6,82.0,103.5,5.1,9.0,8.25,29.0,36.0,10.96,,3.17,5.0,22.83879255161108,5.0,,,,,,,,,,,,,,,,,,,,,
P2d49f5a403,2011,79.75,81.25,240.8,82.75,106.5,10.2,8.5,8.25,27.0,31.5,,,3.4,11.0,26.61910237157412,3.0,,,,,,,,,,,,,,,,,,,,,
P268ca85d2e,2011,79.0,80.75,229.6,82.0,105.5,8.0,8.25,8.5,29.0,33.0,,,3.15,11.0,25.865209979995356,3.0,,,,,,,,,,,,,,,,,,,,,
P22add316a5,2011,78.0,79.0,227.4,87.0,106.0,5.4,9.75,11.25,25.5,32.0,11.45,,3.15,3.0,26.27843892339659,9.0,,,,,,,,,,,,,,,,,,,,,
Pbbfb6a2c4a,2011,82.25,83.75,259.8,88.5,112.5,6.1,9.25,10.25,23.5,25.0,12.02,,3.27,8.0,27.000116671539043,6.25,,,,,,,,,,,,,,,,,,,,,
P47e2698d94,2011,76.25,77.5,221.8,81.5,99.5,6.5,9.0,9.0,36.5,42.0,11.1,,3.18,18.0,26.821320335645783,5.25,,,,,,,,,,,,,,,,,,,,,
P701bdb09e4,2011,79.75,81.0,230.2,85.0,103.5,7.4,9.25,10.0,30.5,37.5,11.33,,3.09,15.0,25.447331253888542,5.25,,,,,,,,,,,,,,,,,,,,,
Pce627023f0,2011,78.5,79.75,222.8,83.0,103.5,8.4,8.75,9.0,31.5,37.5,10.96,,3.17,12.0,25.41992005251405,4.5,,,,,,,,,,,,,,,,,,,,,
Pce366ff1b3,2011,,,,,,,,,,,,,,,,,,,,,,,,,,,,,,,,,,,,,
Pa98bcc077b,2011,73.5,75.5,187.6,77.5,99.0,5.6,8.5,9.25,28.5,34.0,11.05,,3.17,9.0,24.414985078496233,4.0,,,,,,,,,,,,,,,,,,,,,
P0c700e1af1,2011,78.0,79.5,224.6,84.0,108.0,6.3,8.5,10.25,30.5,35.0,11.35,,3.26,16.0,25.95486975459487,6.0,,,,,,,,,,,,,,,,,,,,,
P31bc34ca23,2011,,,,,,,,,,,,,,,,,,,,,,,,,,,,,,,,,,,,,
P9cc36d2c64,2011,,,,,,,,,,,,,,,,,,,,,,,,,,,,,,,,,,,,,
Pe1228b6b2c,2011,78.75,80.5,228.4,81.5,104.0,9.8,9.0,9.25,25.0,32.0,11.47,,3.3,7.0,25.89365050978427,2.75,,,,,,,,,,,,,,,,,,,,,
P53502448c1,2011,81.0,82.0,219.8,86.0,107.5,7.5,9.0,10.0,33.5,38.0,11.21,,3.14,15.0,23.55352745079824,5.0,,,,,,,,,,,,,,,,,,,,,
Pd9bc466fd2,2011,72.25,73.75,174.4,74.25,95.5,4.7,8.5,9.5,29.5,38.5,10.07,,3.22,11.0,23.489246477234595,2.0,,,,,,,,,,,,,,,,,,,,,
P4d8e3ba87c,2011,74.0,75.25,186.2,77.5,99.0,9.7,8.5,10.5,27.5,35.0,10.75,,3.27,5.0,23.906419965086098,3.5,,,,,,,,,,,,,,,,,,,,,
P85135a294f,2011,78.0,79.75,222.2,79.5,101.5,5.4,9.0,9.0,32.0,39.0,11.12,,3.15,14.0,25.67752475276483,1.5,,,,,,,,,,,,,,,,,,,,,
P74ab2a2c37,2011,80.0,80.75,228.0,83.75,106.0,4.0,9.0,9.25,28.5,33.0,11.92,,3.3,19.0,25.046853774645047,3.75,,,,,,,,,,,,,,,,,,,,,
P69e13b90fc,2011,79.5,80.5,228.0,82.1,106.0,10.0,8.25,8.75,23.0,30.0,11.22,,3.21,10.0,25.362899277359016,2.5999999999999943,,,,,,,,,,,,,,,,,,,,,
P43d78a0411,2011,73.0,74.5,209.0,79.5,96.5,7.1,8.25,9.25,32.0,39.0,11.23,,3.18,17.0,27.573942980781446,6.5,,,,,,,,,,,,,,,,,,,,,
P2e873db9ac,2011,78.75,80.25,186.8,81.0,105.0,5.3,8.5,9.5,30.0,37.0,11.68,,3.07,,21.177468980856837,2.25,,,,,,,,,,,,,,,,,,,,,
P629d2ef8de,2011,79.75,81.0,247.2,84.25,106.5,12.1,9.25,10.0,25.0,30.5,12.74,,3.45,10.0,27.326586819988044,4.5,,,,,,,,,,,,,,,,,,,,,
P2c06075e55,2011,80.5,81.75,239.0,85.0,107.5,15.5,9.25,9.75,27.5,30.5,11.72,,3.41,15.0,25.930115278540047,4.5,,,,,,,,,,,,,,,,,,,,,
P3e5e9d6579,2011,81.0,82.5,262.4,89.0,110.5,13.4,9.25,9.0,28.0,33.5,11.26,,3.29,10.0,28.118496829342387,8.0,,,,,,,,,,,,,,,,,,,,,
P96af95e7fd,2011,82.0,83.5,223.2,84.0,105.5,5.4,8.75,9.75,29.5,36.5,10.82,,3.36,14.0,23.338062191472392,2.0,,,,,,,,,,,,,,,,,,,,,
Pde91f9542b,2011,75.25,77.25,190.0,79.5,102.0,5.3,8.75,10.0,24.5,32.0,11.0,,3.2,12.0,23.590595270505233,4.25,,,,,,,,,,,,,,,,,,,,,
P2606a3d161,2011,,,,,,,,,,,,,,,,,,,,,,,,,,,,,,,,,,,,,
P52af59d765,2011,76.0,77.5,198.2,81.75,101.5,5.9,8.5,9.5,30.0,35.5,11.2,,3.09,17.0,24.125413899667826,5.75,,,,,,,,,,,,,,,,,,,,,
P355f728583,2011,73.5,75.25,216.4,79.5,96.5,4.3,8.5,9.0,29.5,34.0,11.68,,3.18,16.0,28.163127777113996,6.0,,,,,,,,,,,,,,,,,,,,,
P50ca99530f,2011,,,,,,,,,,,,,,,,,,,,,,,,,,,,,,,,,,,,,
Pd11fd10026,2011,73.25,74.75,197.6,76.25,96.5,9.9,8.25,9.25,32.5,37.0,10.33,,3.1,4.0,25.892261796726416,3.0,,,,,,,,,,,,,,,,,,,,,
P36b818b767,2011,75.0,76.25,205.0,82.5,103.0,8.1,8.75,9.25,33.0,40.5,11.0,,3.13,10.0,25.62298023573825,7.5,,,,,,,,,,,,,,,,,,,,,
Pe6bde91a1f,2011,82.0,83.0,217.0,87.75,109.5,6.1,9.5,11.0,31.5,36.0,11.88,,3.35,12.0,22.68978268615372,5.75,,,,,,,,,,,,,,,,,,,,,
Pc4acbf93e3,2011,73.75,75.0,194.6,77.25,98.0,7.9,8.5,9.0,29.5,42.0,11.13,,3.2,5.0,25.154581363567786,3.5,,,,,,,,,,,,,,,,,,,,,
Pbb988d44ca,2011,,,,,,,,,,,,,,,,,,,,,,,,,,,,,,,,,,,,,
P4f47ca7b5d,2011,,,,,,,,,,,,,,,,,,,,,,,,,,,,,,,,,,,,,
P7f14bdd3aa,2011,77.0,78.25,202.2,83.0,103.5,5.0,8.75,10.0,27.0,31.0,,,3.33,6.0,23.977174734868953,6.0,,,,,,,,,,,,,,,,,,,,,
P3ce7981258,2011,68.75,70.25,186.0,73.75,91.5,6.7,8.25,9.0,31.5,40.0,10.49,,3.14,13.0,27.667240581899353,5.0,,,,,,,,,,,,,,,,,,,,,
P109788f4ba,2011,,,,,,,,,,,,,,,,,,,,,,,,,,,,,,,,,,,,,
P8ec07e793f,2013,,,,,,,,,,,,,,,,,,,,,,,,,,,,,,,,,,,,,
P762dcd7f87,2011,,,,,,,,,,,,,,,,,,,,,,,,,,,,,,,,,,,,,
P9ee45f9ea5,2011,,,,,,,,,,,,,,,,,,,,,,,,,,,,,,,,,,,,,
Pa5d1a1783b,2011,,,,,,,,,,,,,,,,,,,,,,,,,,,,,,,,,,,,,
Pf7cebccf2c,2011,,,,,,,,,,,,,,,,,,,,,,,,,,,,,,,,,,,,,
P0736b54145,2011,,,,,,,,,,,,,,,,,,,,,,,,,,,,,,,,,,,,,
P4e1bce542d,2011,,,,,,,,,,,,,,,,,,,,,,,,,,,,,,,,,,,,,
P3d4bf642e0,2011,,,,,,,,,,,,,,,,,,,,,,,,,,,,,,,,,,,,,
Pe0ab16a2ed,2011,,,,,,,,,,,,,,,,,,,,,,,,,,,,,,,,,,,,,
P89d1117940,2011,,,,,,,,,,,,,,,,,,,,,,,,,,,,,,,,,,,,,
P7c4530d600,2011,,,,,,,,,,,,,,,,,,,,,,,,,,,,,,,,,,,,,
Pd125ec3ee3,2018,,,,,,,,,,,,,,,,,,,,,,,,,,,,,,,,,,,,,
P13a0e44cab,2011,,,,,,,,,,,,,,,,,,,,,,,,,,,,,,,,,,,,,
P542c8bbfa1,2011,,,,,,,,,,,,,,,,,,,,,,,,,,,,,,,,,,,,,
Pfb151947b8,2000,,,,,,,,,,,,,,,,,,,,,,,,,,,,,,,,,,,,,
P1edb3aa5e4,2012,,,,,,,,,,,,,,,,,,,,,,,,,,,,,,,,,,,,,
P163aa00374,2012,81.25,82.5,221.8,89.5,108.0,7.9,9.0,8.5,,,,,,,23.621806619866977,8.25,,,,,,,,,,,,,,,,,,,,,
P272afc1b90,2012,77.75,79.5,232.8,84.0,104.5,7.0,9.0,10.25,32.0,35.5,11.77,,3.18,6.0,27.07574952947075,6.25,,,,,,,,,,,,,,,,,,,,,
Pa260a40e68,2012,75.25,76.75,201.8,80.0,100.0,6.0,8.5,9.0,33.0,39.0,10.95,,3.28,8.0,25.05569539783135,4.75,,,,,,,,,,,,,,,,,,,,,
P43f8251240,2012,74.5,76.0,221.0,79.25,98.0,8.5,8.5,9.5,,,,,,,27.99484295306594,4.75,,,,,,,,,,,,,,,,,,,,,
Pf849910cdc,2012,79.75,80.75,244.2,87.25,106.0,5.0,9.75,10.5,28.5,35.5,11.96,,3.17,15.0,26.994953484794014,7.5,,,,,,,,,,,,,,,,,,,,,
Pf9e0178b31,2012,73.75,74.75,188.8,79.75,95.5,5.9,8.75,9.75,34.5,39.5,11.15,,3.34,13.0,24.404855916966078,6.0,,,,,,,,,,,,,,,,,,,,,
Pc3d030ae81,2012,78.0,79.0,196.6,79.25,100.5,3.2,8.75,10.25,31.0,37.5,11.78,,3.28,2.0,22.7191780665777,1.25,,,,,,,,,,,,,,,,,,,,,
P4e4e438f6e,2012,81.75,83.75,278.6,90.25,109.5,7.5,9.5,9.5,31.5,33.5,10.83,,3.39,10.0,29.309195430608323,8.5,,,,,,,,,,,,,,,,,,,,,
Pb5ebcb5d6c,2012,79.0,80.0,227.8,83.25,101.5,9.6,9.0,8.5,38.0,39.5,10.93,,3.16,15.0,25.66243394356682,4.25,,,,,,,,,,,,,,,,,,,,,
P3f927eeca6,2012,83.75,85.25,249.8,87.0,108.0,5.7,9.25,11.0,30.0,32.5,11.34,,3.41,19.0,25.039238101152076,3.25,,,,,,,,,,,,,,,,,,,,,
P4d2e34ba12,2012,76.0,77.25,179.2,83.0,102.0,4.5,8.75,9.25,31.5,38.0,10.98,,3.25,5.0,21.812685019275854,7.0,,,,,,,,,,,,,,,,,,,,,
Pca1e2194fa,2012,75.25,76.25,198.4,77.5,96.0,7.8,8.5,9.0,31.0,37.0,12.03,,3.23,,24.633547903517044,2.25,,,,,,,,,,,,,,,,,,,,,
P400aecdd2c,2012,81.0,82.5,216.0,89.0,112.0,8.6,9.25,10.0,25.5,30.0,,,,5.0,23.146323609519648,8.0,,,,,,,,,,,,,,,,,,,,,
P089ae8ca96,2012,79.25,80.75,206.6,84.0,102.5,5.3,9.25,10.25,32.5,37.0,10.87,,3.25,5.0,23.127574186778702,4.75,,,,,,,,,,,,,,,,,,,,,
P47044d9385,2012,79.0,80.0,260.6,84.0,104.5,10.6,9.5,11.5,,,,,,,29.357463940709017,5.0,,,,,,,,,,,,,,,,,,,,,
Pbc5d4fc393,2012,83.25,84.5,247.4,84.0,104.5,6.4,9.0,9.75,30.0,34.0,11.13,,3.4,16.0,25.09744540976696,0.75,,,,,,,,,,,,,,,,,,,,,
Pcfae2f19b7,2012,80.25,81.5,252.0,86.25,107.0,7.7,9.0,10.0,29.5,34.5,11.57,,3.4,12.0,27.51115133883688,6.0,,,,,,,,,,,,,,,,,,,,,
Pc2a67f2add,2012,80.5,81.5,234.0,88.0,107.0,7.6,10.0,10.75,28.5,30.5,11.89,,3.67,10.0,25.387644247608243,7.5,,,,,,,,,,,,,,,,,,,,,
P83b3d780d7,2012,79.75,81.0,268.2,85.25,105.5,10.7,9.25,9.75,29.5,31.0,12.77,,3.81,9.0,29.64802016634625,5.5,,,,,,,,,,,,,,,,,,,,,
Pa3f9e715ae,2012,82.75,84.0,255.0,86.5,110.0,9.2,9.0,10.0,29.5,31.0,12.14,,3.44,9.0,26.181979764038033,3.75,,,,,,,,,,,,,,,,,,,,,
P6d4d3ba13b,2012,75.25,76.25,212.0,80.5,98.0,7.1,9.0,9.0,30.5,36.5,11.36,,3.37,10.0,26.32213788077426,5.25,,,,,,,,,,,,,,,,,,,,,
P31e884be2b,2012,75.5,77.0,187.6,78.5,98.0,3.6,8.25,9.0,,,,,,4.0,23.138608506698176,3.0,,,,,,,,,,,,,,,,,,,,,
Pb9c8134dba,2000,,,,,,,,,,,,,,,,,,,,,,,,,,,,,,,,,,,,,
P52c65c114a,2012,76.75,78.0,203.2,81.0,101.0,5.2,8.0,9.0,30.0,35.5,10.75,,3.24,0.0,24.252987483398602,4.25,,,,,,,,,,,,,,,,,,,,,
P4bc4764e2a,2012,82.5,83.75,252.4,84.75,105.5,11.4,9.25,9.0,34.0,40.5,10.64,,3.36,15.0,26.072324980851988,2.25,,,,,,,,,,,,,,,,,,,,,
P8d6fb61ea0,2012,81.5,82.75,232.8,86.25,106.5,7.7,9.25,9.25,33.5,37.5,11.32,,3.22,10.0,24.641438991305098,4.75,,,,,,,,,,,,,,,,,,,,,
Pd2430f6dfc,2012,82.25,83.25,233.8,85.75,107.0,4.6,9.25,9.5,33.0,38.5,11.31,,3.19,11.0,24.29802647346354,3.5,,,,,,,,,,,,,,,,,,,,,
P838aeb9cb6,2012,73.0,74.0,179.8,79.25,96.5,6.3,8.25,7.75,32.5,40.5,10.65,,3.19,8.0,23.721506927964136,6.25,,,,,,,,,,,,,,,,,,,,,
Pc6c9992e46,2012,81.75,83.5,264.2,89.75,108.0,5.5,9.0,10.75,34.0,33.5,12.35,,3.29,18.0,27.794290857023395,8.0,,,,,,,,,,,,,,,,,,,,,
Pb172e7dcfc,2012,78.0,79.25,212.8,78.25,101.5,4.2,8.25,9.75,33.5,40.0,10.87,,3.29,15.0,24.591256828930497,0.25,,,,,,,,,,,,,,,,,,,,,
Pc0b16a51f2,2012,78.5,79.5,200.6,79.25,100.0,5.2,8.5,9.5,,,,,,,22.88705548713787,0.75,,,,,,,,,,,,,,,,,,,,,
P86f7665380,2012,80.75,82.0,229.8,87.0,108.5,5.0,9.0,9.25,30.0,32.5,11.84,,3.4,6.0,24.77783004166877,6.25,,,,,,,,,,,,,,,,,,,,,
Pa548aa166c,2012,77.75,79.5,235.6,85.25,105.0,11.3,9.0,9.5,28.0,33.0,11.01,,3.4,9.0,27.401402874326926,7.5,,,,,,,,,,,,,,,,,,,,,
Pf2c709b50b,2012,75.75,77.25,223.8,83.25,99.0,7.0,9.0,9.5,32.0,39.5,10.98,,3.25,13.0,27.421620437777364,7.5,,,,,,,,,,,,,,,,,,,,,
Pff7518dc75,2012,78.5,79.75,223.8,86.75,106.5,7.1,9.5,11.0,32.0,37.0,10.48,,3.28,13.0,25.534013050954417,8.25,,,,,,,,,,,,,,,,,,,,,
P319cf0c2e0,2012,78.75,80.25,216.2,82.75,103.0,7.8,9.0,9.0,28.0,31.0,11.45,,3.47,4.0,24.510539580627665,4.0,,,,,,,,,,,,,,,,,,,,,
P798e5b71ce,2012,77.0,78.0,174.4,81.75,102.5,4.1,9.0,9.5,30.0,34.0,12.5,,3.6,0.0,20.680609662518027,4.75,,,,,,,,,,,,,,,,,,,,,
Pd9273beb4e,2012,74.75,76.0,177.0,78.25,97.5,4.2,8.75,8.75,32.0,36.5,11.48,,3.2,0.0,22.271485213119533,3.5,,,,,,,,,,,,,,,,,,,,,
P47e358160b,2012,75.25,76.75,199.4,78.75,98.5,6.7,8.5,8.75,29.0,33.5,11.12,,3.41,2.0,24.757708931256545,3.5,,,,,,,,,,,,,,,,,,,,,
P1ba89514b1,2012,79.25,80.75,240.8,82.75,104.0,10.6,8.5,9.0,27.0,32.5,11.59,,3.44,14.0,26.95604968139551,3.5,,,,,,,,,,,,,,,,,,,,,
P4b46fb5c89,2012,76.5,77.75,192.0,78.5,98.0,4.3,8.5,8.75,29.0,36.5,10.59,,3.33,,23.066232524365606,2.0,,,,,,,,,,,,,,,,,,,,,
Pbfcceae701,2012,,,,,,,,,,,,,,,,,,,,,,,,,,,,,,,,,,,,,
Pc8a80657b3,2012,78.0,79.5,233.4,81.0,101.0,7.5,8.5,8.75,33.0,37.0,11.34,,3.31,14.0,26.971801427971698,3.0,,,,,,,,,,,,,,,,,,,,,
P337fb06bb7,2012,77.0,78.25,194.0,78.75,99.0,5.8,8.5,8.5,31.0,36.5,10.97,,3.42,11.0,23.00480662000285,1.75,,,,,,,,,,,,,,,,,,,,,
Paa36360f59,2012,80.5,82.0,240.8,88.75,106.5,8.0,9.5,10.0,31.5,31.5,11.65,,3.53,,26.125404849675494,8.25,,,,,,,,,,,,,,,,,,,,,
Pbf890a872a,2012,78.0,79.0,215.0,83.0,104.0,8.6,9.0,9.0,28.5,35.0,,,3.46,6.0,24.8454897472747,5.0,,,,,,,,,,,,,,,,,,,,,
P0dca4f55c4,2012,,,,,,,,,,,,,,,,,,,,,,,,,,,,,,,,,,,,,
P8e2f7481af,2012,,,,,,,,,,,,,,,,,,,,,,,,,,,,,,,,,,,,,
P2db62bcb6f,2012,73.5,75.0,212.0,79.0,96.0,7.0,8.75,8.75,33.5,41.5,10.76,,3.21,17.0,27.590494864825168,5.5,,,,,,,,,,,,,,,,,,,,,
P2cdeb4bf00,2012,79.25,80.5,218.0,80.5,102.0,9.4,8.5,9.5,27.5,30.0,11.56,,3.41,13.0,24.403732684984305,1.25,,,,,,,,,,,,,,,,,,,,,
P711641b36d,2012,,,,,,,,,,,,,,,,,,,,,,,,,,,,,,,,,,,,,
Pf3fb310df6,2012,,,,,,,,,,,,,,,,,,,,,,,,,,,,,,,,,,,,,
P310fe8e32c,2013,,,,,,,,,,,,,,,,,,,,,,,,,,,,,,,,,,,,,
P289650de8a,2012,,,,,,,,,,,,,,,,,,,,,,,,,,,,,,,,,,,,,
P909613bae5,2012,,,,,,,,,,,,,,,,,,,,,,,,,,,,,,,,,,,,,
Pc6095e56a1,2012,,,,,,,,,,,,,,,,,,,,,,,,,,,,,,,,,,,,,
P0c0603520c,2012,,,,,,,,,,,,,,,,,,,,,,,,,,,,,,,,,,,,,
P10bdb64d5d,2012,,,,,,,,,,,,,,,,,,,,,,,,,,,,,,,,,,,,,
P5ed74be24f,2012,,,,,,,,,,,,,,,,,,,,,,,,,,,,,,,,,,,,,
Pbe0e1f0064,2012,,,,,,,,,,,,,,,,,,,,,,,,,,,,,,,,,,,,,
P8d17fbd48e,2013,,,,,,,,,,,,,,,,,,,,,,,,,,,,,,,,,,,,,
Pae1e3e2903,2012,,,,,,,,,,,,,,,,,,,,,,,,,,,,,,,,,,,,,
P093d3a11ad,2012,78.25,79.5,251.2,85.5,105.0,11.2,9.0,7.75,27.5,32.5,11.94,,3.6,17.0,28.843585771884054,7.25,,,,,,,,,,,,,,,,,,,,,
Pded0fedf79,2012,73.0,74.0,205.8,76.0,94.5,5.8,8.5,9.5,27.0,32.5,11.26,,3.3,17.0,27.15175820786996,3.0,,,,,,,,,,,,,,,,,,,,,
P9926013d5a,2012,,,,,,,,,,,,,,,,,,,,,,,,,,,,,,,,,,,,,
P58c3f134a2,2013,,,,,,,,,,,,,,,,,,,,,,,,,,,,,,,,,,,,,
P65d56567c7,2015,,,,,,,,,,,,,,,,,,,,,,,,,,,,,,,,,,,,,
Pee7c22ed91,2012,,,,,,,,,,,,,,,,,,,,,,,,,,,,,,,,,,,,,
Pfa75ae8d76,2012,,,,,,,,,,,,,,,,,,,,,,,,,,,,,,,,,,,,,
P64210277c7,2012,,,,,,,,,,,,,,,,,,,,,,,,,,,,,,,,,,,,,
P70be92ee2a,2000,,,,,,,,,,,,,,,,,,,,,,,,,,,,,,,,,,,,,
P416dc6431a,2012,,,,,,,,,,,,,,,,,,,,,,,,,,,,,,,,,,,,,
Pf37ef86b30,2012,,,,,,,,,,,,,,,,,,,,,,,,,,,,,,,,,,,,,
Pd6736ed788,2013,,,,,,,,,,,,,,,,,,,,,,,,,,,,,,,,,,,,,
P01a00a5983,2013,,,,,,,,,,,,,,,,,,,,,,,,,,,,,,,,,,,,,
P26312e5087,2013,,,,,,,,,,,,,,,,,,,,,,,,,,,,,,,,,,,,,
Pf0384da7bc,2012,,,,,,,,,,,,,,,,,,,,,,,,,,,,,,,,,,,,,
P488064c36d,2013,76.5,77.75,210.8,81.25,101.5,8.45,8.5,9.0,33.0,40.5,10.99,3.08,3.25,10.0,25.324801125709737,4.75,,,,14.0,25.0,0.56,10.0,25.0,0.4,,,,,,,,,,,,
P8ea6b00194,2012,,,,,,,,,,,,,,,,,,,,,,,,,,,,,,,,,,,,,
Pe4182c4c9a,2000,,,,,,,,,,,,,,,,,,,,,,,,,,,,,,,,,,,,,
Pcad0645e5a,2013,77.25,78.25,197.4,83.25,103.5,4.65,8.25,8.5,30.5,36.0,10.67,3.1,3.32,10.0,23.2567208170455,6.0,,,,18.0,25.0,0.72,17.0,25.0,0.68,,,,,,,,,,,,
P70aaa5fb09,2013,78.25,79.0,205.8,83.0,104.5,7.05,8.75,9.5,30.0,36.5,11.36,3.02,3.34,10.0,23.63061286565979,4.75,,,,14.0,25.0,0.56,7.0,25.0,0.28,,,,,,,,,,,,
P00193b3ed9,2013,,,,,,,,,,,,,,,,,,,,,,,,,,,,,,,,,,,,,
Pa33d5803eb,2013,75.75,77.25,189.0,81.5,102.0,4.55,8.5,9.0,30.0,36.0,10.75,3.41,3.27,1.0,23.157668734316005,5.75,,,,16.0,25.0,0.64,10.0,25.0,0.4,,,,,,,,,,,,
P3ede0fa0b1,2013,75.5,76.75,189.2,79.75,100.5,5.0,8.75,9.5,32.5,42.0,11.87,3.11,3.27,6.0,23.33595271571053,4.25,,,,,,,,,,,,,,,,,,,,,
P1223e5ee2c,2017,,,,,,,,,,,,,,,,,,,,,,,,,,,,,,,,,,,,,
P467b7b3f59,2013,76.75,78.25,202.6,81.25,103.5,3.3,8.5,9.5,32.0,38.5,11.16,3.09,3.25,15.0,24.181374331380695,4.5,,,,,,,15.0,25.0,0.6,,,,,,,,,,,,
P3cb5a9e68b,2013,74.25,75.25,197.0,78.25,96.5,8.6,8.0,9.5,32.0,38.5,11.02,2.91,3.32,13.0,25.123006892977248,4.0,,,,,,,,,,,,,,,,,,,,,
P84101ffd6c,2013,82.75,84.25,230.0,82.75,106.0,4.75,8.5,10.5,35.5,37.5,10.82,2.69,3.15,17.0,23.61511900285783,0.0,,,,,,,,,,,,,,,,,,,,,
P9dbf445dc5,2013,73.0,74.0,164.8,79.75,98.0,4.1,8.75,10.5,30.0,34.0,11.09,2.86,3.21,1.0,21.742515804941544,6.75,,,,,,,,,,,,,,,,,,,,,
Pecca0a47dd,2013,82.0,83.5,238.8,88.0,109.0,8.35,9.0,11.0,28.0,32.5,12.75,3.26,3.4,8.0,24.96921707582262,6.0,13.0,25.0,0.52,13.0,25.0,0.52,,,,,,,,,,,,,,,
P85abb7e5de,2013,,,,,,,,,,,,,,,,,,,,,,,,,,,,,,,,,,,,,
P70fe638043,2013,73.5,75.0,178.2,77.75,98.0,4.35,8.5,9.0,,,,,,5.0,23.19163294769738,4.25,,,,14.0,25.0,0.56,13.0,25.0,0.52,,,,,,,,,,,,
P17a4a5cfae,2013,81.75,82.75,229.6,87.5,111.5,5.35,9.0,10.0,,,,,,,24.154311812159616,5.75,,,,,,,,,,,,,,,,,,,,,
P5d0988f1e1,2013,71.0,72.0,188.4,76.5,94.5,5.9,8.25,9.5,33.0,40.5,10.98,2.89,3.22,16.0,26.27619694584758,5.5,,,,15.0,25.0,0.6,16.0,25.0,0.64,,,,,,,,,,,,
Pfb1f867cde,2013,76.0,77.25,190.8,83.25,103.5,8.25,8.5,8.25,,,,,,,23.224666862041484,7.25,,,,,,,,,,,,,,,,,,,,,
P83fd4822e5,2013,79.0,80.0,220.6,85.0,106.0,8.05,8.0,9.5,29.0,32.0,10.9,3.03,3.38,5.0,24.85132979785268,6.0,,,,17.0,25.0,0.68,14.0,25.0,0.56,,,,,,,,,,,,
Pef94ae3f83,2013,82.75,84.5,221.8,86.0,110.5,8.65,9.0,9.75,26.5,29.0,12.49,3.29,3.47,10.0,22.773188673190727,3.25,16.0,25.0,0.64,,,,,,,,,,,,,,,,,,
P1100d011d0,2013,82.75,84.0,234.0,81.75,108.0,6.65,8.5,10.0,24.5,29.5,11.42,2.99,3.59,5.0,24.025816724646663,-1.0,16.0,25.0,0.64,,,,13.0,25.0,0.52,,,,,,,,,,,,
P6a23d47737,2013,76.5,77.5,203.6,80.0,100.5,6.45,8.5,9.0,29.0,34.5,10.6,3.2,3.12,7.0,24.459817406046025,3.5,,,,13.0,25.0,0.52,13.0,25.0,0.52,,,,,,,,,,,,
P45b94f1aab,2013,76.0,77.25,189.2,79.0,100.0,3.95,8.25,8.5,28.0,34.0,11.78,3.24,3.4,8.0,23.02991074579795,3.0,,,,15.0,25.0,0.6,13.0,25.0,0.52,,,,,,,,,,,,
P31b4a243f7,2013,83.25,84.5,238.2,83.0,108.0,6.15,9.75,9.5,30.5,36.0,10.89,2.76,3.29,14.0,24.16415317949268,-0.25,,,,,,,,,,,,,,,,,,,,,
P398088f587,2013,76.75,77.75,184.4,79.25,101.0,4.4,7.5,8.5,31.5,41.0,10.68,3.7,3.22,8.0,22.009108720170783,2.5,,,,,,,,,,,,,,,,,,,,,
P36eaf9779b,2013,82.25,83.5,230.2,85.0,108.0,6.8,8.5,9.0,28.0,33.5,11.76,2.99,3.44,5.0,23.923890907576162,2.75,21.0,25.0,0.84,17.0,25.0,0.68,,,,,,,,,,,,,,,
P622332ff90,2013,75.5,76.75,196.4,75.75,98.0,5.5,8.25,8.75,,,,,,8.0,24.22400165626611,0.25,,,,17.0,25.0,0.68,16.0,25.0,0.64,,,,,,,,,,,,
Pf7f191defd,2013,79.5,80.5,197.6,85.5,105.5,6.65,8.75,9.25,27.0,36.0,11.25,3.06,3.4,9.0,21.981179373711146,6.0,,,,,,,,,,,,,,,,,,,,,
P5e50445e82,2013,71.5,73.0,180.6,75.0,93.0,6.05,8.0,9.75,33.5,41.5,10.59,2.93,3.16,15.0,24.83727636223428,3.5,,,,18.0,25.0,0.72,16.0,25.0,0.64,,,,,,,,,,,,
Pf209014384,2013,72.25,73.75,191.4,75.25,96.5,7.3,8.0,8.75,30.5,40.0,10.82,3.08,3.25,5.0,25.778909264579713,3.0,,,,12.0,25.0,0.48,13.0,25.0,0.52,,,,,,,,,,,,
Pccb83c9fcb,2013,77.75,79.0,199.8,80.75,102.0,6.95,8.5,9.0,31.0,36.5,11.33,3.3,3.31,11.0,23.237692250808664,3.0,,,,19.0,25.0,0.76,17.0,25.0,0.68,,,,,,,,,,,,
Pea46ee56c1,2013,76.75,78.0,197.2,79.25,102.5,10.25,8.5,9.25,27.0,33.5,10.72,3.16,3.32,4.0,23.536855963219512,2.5,,,,17.0,25.0,0.68,12.0,25.0,0.48,,,,,,,,,,,,
Pb18185e9fe,2013,84.5,86.0,237.6,92.5,115.0,4.4,9.75,10.0,25.0,29.0,12.85,3.19,3.57,7.0,23.395445834846715,8.0,16.0,25.0,0.64,,,,,,,,,,,,,,,,,,
P36f801ddc1,2013,70.25,71.5,170.8,70.75,89.5,3.8,7.5,8.75,34.5,44.0,10.64,3.03,3.08,12.0,24.33288012104577,0.5,,,,11.0,25.0,0.44,16.0,25.0,0.64,,,,,,,,,,,,
P84dee8d837,2013,82.75,84.0,254.5,88.5,109.5,6.65,9.5,11.0,28.5,33.0,11.85,3.02,3.4,16.0,26.13064254881443,5.75,18.0,25.0,0.72,,,,11.0,25.0,0.44,,,,,,,,,,,,
Pf825457ab4,2013,76.5,78.25,199.4,79.0,101.0,6.05,8.0,9.25,31.5,37.5,10.68,2.93,3.25,16.0,23.95524356957553,2.5,,,,15.0,25.0,0.6,19.0,25.0,0.76,,,,,,,,,,,,
Pd6905b8ed2,2013,79.5,80.75,236.4,86.5,106.5,5.55,9.0,10.0,33.5,38.0,11.82,3.25,3.52,13.0,26.29732188231435,7.0,15.0,25.0,0.6,15.0,25.0,0.6,,,,,,,,,,,,,,,
Pdbcc4b2801,2013,78.0,79.25,198.2,83.5,105.5,4.85,9.0,9.5,30.0,36.5,11.36,2.84,3.25,7.0,22.904074734464395,5.5,,,,20.0,25.0,0.8,17.0,25.0,0.68,,,,,,,,,,,,
P6258e82584,2013,71.75,73.25,187.0,77.5,97.5,6.9,8.25,8.75,29.5,36.5,11.2,3.01,3.16,3.0,25.538542197675884,5.75,,,,,,,,,,,,,,,,,,,,,
Pf22b67943e,2013,75.5,77.25,197.4,78.0,100.5,4.6,8.5,9.5,28.0,37.5,10.4,2.7,3.14,4.0,24.34734178689883,2.5,,,,16.0,25.0,0.64,16.0,25.0,0.64,,,,,,,,,,,,
Pca1c024cab,2013,75.25,76.25,213.2,81.25,100.5,6.55,8.75,9.25,33.0,42.0,10.69,3.14,3.25,15.0,26.47113111406166,6.0,,,,,,,,,,,,,,,,,,,,,
P2ad610b277,2013,,,,,,,,,,,,,,,,,,,,,,,,,,,,,,,,,,,,,
P824176de50,2013,,,,,,,,,,,,,,,,,,,,,,,,,,,,,,,,,,,,,
Pd2b56a96a1,2013,69.5,70.5,176.0,70.0,90.0,4.5,7.5,8.25,,,,,,,25.617772582473382,0.5,,,,13.0,25.0,0.52,13.0,25.0,0.52,,,,,,,,,,,,
P9702e35c0a,2013,,,,,,,,,,,,,,,,,,,,,,,,,,,,,,,,,,,,,
Pb10604e423,2013,80.75,81.5,239.8,82.5,108.0,7.95,8.75,9.75,24.5,29.5,12.19,2.96,3.57,13.0,25.856064595266194,1.75,15.0,25.0,0.6,,,,18.0,25.0,0.72,,,,,,,,,,,,
P591a253b3e,2013,69.5,71.5,177.0,74.25,92.0,4.7,7.75,9.75,33.0,38.5,10.86,3.02,3.13,7.0,25.763328108510162,4.75,,,,13.0,25.0,0.52,15.0,25.0,0.6,,,,,,,,,,,,
P5f6276e4dd,2013,77.75,79.0,200.8,83.5,104.5,4.5,8.5,8.75,29.5,36.5,11.55,3.06,3.4,7.0,23.353997016828725,5.75,,,,14.0,25.0,0.56,16.0,25.0,0.64,,,,,,,,,,,,
P56b91ee390,2013,,,,,,,,,,,,,,,,,,,,,,,,,,,,,,,,,,,,,
P1497c83aba,2013,76.75,77.75,231.8,85.0,99.0,7.5,9.25,9.5,34.5,40.5,11.64,3.11,3.32,13.0,27.666547729585616,8.25,,,,14.0,25.0,0.56,15.0,25.0,0.6,,,,,,,,,,,,
P24a562f4ba,2013,77.5,79.0,226.0,81.0,103.0,7.6,9.0,10.5,29.5,37.5,10.77,2.91,3.19,14.0,26.454730488815823,3.5,,,,15.0,25.0,0.6,17.0,25.0,0.68,,,,,,,,,,,,
P15f2c20d7d,2013,81.75,83.75,228.0,83.5,110.0,14.75,9.0,10.0,,,,,,,23.985989081761293,1.75,,,,,,,,,,,,,,,,,,,,,
Pa0a2c9503f,2013,,,,,,,,,,,,,,,,,,,,,,,,,,,,,,,,,,,,,
P05c9e8e43e,2013,,,,,,,,,,,,,,,,,,,,,,,,,,,,,,,,,,,,,
P7d52184fb7,2013,,,,,,,,,,,,,,,,,,,,,,,,,,,,,,,,,,,,,
P15c3bdbcba,2013,,,,,,,,,,,,,,,,,,,,,,,,,,,,,,,,,,,,,
Pe364fefd34,2013,,,,,,,,,,,,,,,,,,,,,,,,,,,,,,,,,,,,,
Paf55ace901,2013,,,,,,,,,,,,,,,,,,,,,,,,,,,,,,,,,,,,,
P45450124ed,2013,,,,,,,,,,,,,,,,,,,,,,,,,,,,,,,,,,,,,
P38145d33eb,2013,,,,,,,,,,,,,,,,,,,,,,,,,,,,,,,,,,,,,
P8d3cc27d9f,2013,73.0,75.0,179.2,76.0,97.5,9.6,8.0,8.25,,,,,,,23.642347283043225,3.0,,,,,,,,,,,,,,,,,,,,,
P2100fc35c8,2013,80.5,82.25,241.8,85.5,108.5,8.6,9.0,11.0,26.0,31.5,11.22,3.14,3.5,7.0,26.233899055861855,5.0,17.0,25.0,0.68,13.0,25.0,0.52,,,,,,,,,,,,,,,
P1108cb2921,2014,,,,,,,,,,,,,,,,,,,,,,,,,,,,,,,,,,,,,
Pf0c15e8037,2014,,,,,,,,,,,,,,,,,,,,,,,,,,,,,,,,,,,,,
Pe8dc26218f,2013,,,,,,,,,,,,,,,,,,,,,,,,,,,,,,,,,,,,,
P17aee771c1,2014,,,,,,,,,,,,,,,,,,,,,,,,,,,,,,,,,,,,,
P33a3ea1e89,2013,,,,,,,,,,,,,,,,,,,,,,,,,,,,,,,,,,,,,
Pe666c9e1f4,2016,,,,,,,,,,,,,,,,,,,,,,,,,,,,,,,,,,,,,
P8bea6ece5d,2017,,,,,,,,,,,,,,,,,,,,,,,,,,,,,,,,,,,,,
P0a16bf5dcd,2000,,,,,,,,,,,,,,,,,,,,,,,,,,,,,,,,,,,,,
Pca83b848d1,2015,,,,,,,,,,,,,,,,,,,,,,,,,,,,,,,,,,,,,
P25150e1302,2014,77.25,78.25,205.2,84.0,104.5,6.05,9.0,9.75,31.5,39.5,11.39,3.05,3.18,,24.175679390363406,6.75,,,,14.0,25.0,0.56,15.0,25.0,0.6,12.0,18.0,0.6666666666666666,,,,,,,12.0,30.0,0.4
Paec8fae19e,2017,,,,,,,,,,,,,,,,,,,,,,,,,,,,,,,,,,,,,
P4d044e6517,2000,76.5,,175.0,82.0,102.5,,,,,,,,,0.0,21.023909852937397,5.5,,,,,,,,,,,,,,,,,,,,,
P5a43e18763,2017,,,,,,,,,,,,,,,,,,,,,,,,,,,,,,,,,,,,,
P122cdb8b56,2017,,,,,,,,,,,,,,,,,,,,,,,,,,,,,,,,,,,,,
Pfe357344e4,2014,76.25,77.25,228.8,81.0,101.0,8.2,8.75,9.75,32.0,37.0,11.12,,3.32,,27.66780023803316,4.75,,,,16.0,25.0,0.64,10.0,25.0,0.4,12.0,18.0,0.6666666666666666,,,,19.0,31.0,0.6129032258064516,,,
P332366fd23,2000,,,,,,,,,,,,,,,,,,,,,,,,,,,,,,,,,,,,,
P9c40b5aa37,2014,,,,,,,,,,,,,,,,,,,,,,,,,,,,,,,,,,,,,
Pbe299942e3,2013,,,,,,,,,,,,,,,,,,,,,,,,,,,,,,,,,,,,,
Pcc25131c3d,2013,,,,,,,,,,,,,,,,,,,,,,,,,,,,,,,,,,,,,
P83de6de3ec,2014,71.5,72.75,160.0,75.5,95.0,3.5,8.25,8.5,29.5,34.0,11.57,3.01,3.27,,22.004231550152188,4.0,,,,15.0,25.0,0.6,13.0,25.0,0.52,12.0,18.0,0.6666666666666666,,,,25.0,36.0,0.6944444444444444,,,
P5c19a79a93,2014,71.0,73.0,175.2,75.25,93.0,7.35,8.25,8.5,30.5,37.5,11.6,3.13,3.2,,24.435189516520676,4.25,,,,,,,,,,,,,,,,,,,,,
P9da0cf7014,2014,75.75,77.25,179.4,84.5,104.0,5.2,8.75,8.5,27.5,34.5,11.07,3.15,3.39,,21.981406195430115,8.75,,,,19.0,25.0,0.76,15.0,25.0,0.6,11.0,18.0,0.6111111111111112,,,,,,,28.0,34.0,0.8235294117647058
P96c6ba4e0f,2014,76.5,77.75,180.9,80.25,100.0,4.7,8.25,8.75,33.5,41.5,10.42,2.8,3.19,,21.732715956550717,3.75,,,,13.0,25.0,0.52,14.0,25.0,0.56,14.0,18.0,0.7777777777777778,,,,21.0,32.0,0.65625,,,
Pea7725adea,2014,73.0,74.5,181.5,79.25,98.0,6.2,8.25,8.75,29.0,36.0,11.12,2.84,3.3,,23.945792588573358,6.25,,,,,,,,,,,,,,,,,,,,,
Pf596e595fa,2000,,,,,,,,,,,,,,,,,,,,,,,,,,,,,,,,,,,,,
Pb59be03b24,2014,74.5,75.5,184.4,80.75,100.0,4.2,8.25,9.75,36.5,43.5,12.62,2.9,3.18,,23.35859294364416,6.25,,,,13.0,25.0,0.52,12.0,25.0,0.48,13.0,18.0,0.7222222222222222,,,,18.0,32.0,0.5625,,,
P7f1d080745,2014,74.5,75.75,185.4,80.0,98.5,5.65,8.75,9.0,31.5,35.5,11.06,2.92,3.23,,23.485266441169347,5.5,,,,,,,,,,,,,,,,,,,,,
Pb8a773b356,2014,73.5,75.25,186.0,78.5,99.0,5.25,8.5,8.25,30.5,36.5,11.55,3.21,3.32,,24.206754928573027,5.0,,,,21.0,25.0,0.84,9.0,25.0,0.36,11.0,18.0,0.6111111111111112,,,,27.0,39.0,0.6923076923076923,,,
P6cee28a4f3,2014,75.25,77.0,186.3,80.0,98.0,4.3,8.25,9.0,33.0,38.5,10.76,2.98,3.28,,23.13119946786908,4.75,,,,22.0,25.0,0.88,13.0,25.0,0.52,13.0,18.0,0.7222222222222222,,,,22.0,33.0,0.6666666666666666,,,
Pc0fff42784,2014,77.0,78.5,192.4,81.0,102.0,6.9,8.25,8.5,29.0,35.0,11.32,3.08,3.28,,22.81507625612654,4.0,,,,16.0,25.0,0.64,16.0,25.0,0.64,9.0,18.0,0.5,,,,19.0,39.0,0.48717948717948717,,,
P24fc987f38,2014,76.5,78.0,195.6,83.25,102.0,4.45,8.75,9.75,33.0,37.0,12.71,3.2,3.1,,23.49872438419746,6.75,,,,17.0,25.0,0.68,8.0,25.0,0.32,11.0,18.0,0.6111111111111112,,,,23.0,39.0,0.5897435897435898,,,
Pb51c66667f,2014,73.5,75.0,198.0,79.25,96.5,6.05,8.75,9.75,33.5,41.5,10.8,2.95,3.27,,25.768481052997092,5.75,,,,19.0,25.0,0.76,12.0,25.0,0.48,14.0,18.0,0.7777777777777778,,,,,,,19.0,36.0,0.5277777777777778
Pe966e23e9c,2014,75.5,77.0,201.0,81.75,100.5,6.5,8.75,9.0,31.0,37.5,11.3,2.92,3.22,,24.791366257176623,6.25,,,,21.0,25.0,0.84,17.0,25.0,0.68,9.0,18.0,0.5,,,,23.0,34.0,0.6764705882352942,,,
P331cffbdbb,2014,75.0,76.25,201.9,80.25,100.0,6.05,9.0,9.25,28.0,32.0,11.6,3.26,3.5,,25.235510778514893,5.25,,,,16.0,25.0,0.64,16.0,25.0,0.64,12.0,18.0,0.6666666666666666,,,,21.0,36.0,0.5833333333333334,,,
P465ab55c02,2014,74.5,76.5,204.8,78.75,96.0,4.55,8.5,9.5,,,,,,,25.94273229315794,4.25,,,,,,,,,,,,,,,,,,,,,
Pab87e9a8b8,2014,76.5,78.0,204.9,80.25,103.0,5.35,8.25,9.0,,,,,,,24.615995022096417,3.75,,,,,,,,,,,,,,,,,,,,,
P12d1ca8d35,2014,77.25,78.5,206.9,79.75,102.0,12.05,8.5,8.5,29.0,35.5,10.79,2.92,3.27,,24.37596523326603,2.5,,,,,,,,,,,,,,,,,,,,,
P2f95e0c256,2014,79.25,80.5,208.2,80.5,103.0,7.45,8.5,8.5,29.0,36.0,11.21,3.14,3.38,,23.30668415143914,1.25,,,,15.0,25.0,0.6,15.0,25.0,0.6,14.0,18.0,0.7777777777777778,,,,26.0,33.0,0.7878787878787878,,,
Pd907989bcb,2014,75.5,76.75,208.8,82.0,102.0,10.8,8.5,7.5,24.5,29.5,12.13,3.05,3.5,,25.75341927611183,6.5,,,,19.0,25.0,0.76,17.0,25.0,0.68,13.0,18.0,0.7222222222222222,,,,21.0,35.0,0.6,,,
Pd3b81c81b9,2017,,,,,,,,,,,,,,,,,,,,,,,,,,,,,,,,,,,,,
Pd5729dac8f,2014,78.0,79.25,209.4,82.75,101.5,4.45,8.5,9.0,34.0,40.0,11.15,2.96,3.18,,24.198351409671265,4.75,,,,12.0,25.0,0.48,10.0,25.0,0.4,10.0,18.0,0.5555555555555556,,,,17.0,35.0,0.4857142857142857,,,
Pdd79d6ef7f,2014,77.5,78.75,211.4,82.0,100.5,5.05,9.0,9.5,36.5,41.5,11.22,3.04,3.15,,24.74570807670648,4.5,,,,18.0,25.0,0.72,13.0,25.0,0.52,16.0,18.0,0.8888888888888888,,,,25.0,39.0,0.6410256410256411,,,
Pf7c7a85a9a,2014,77.25,78.75,213.3,84.0,104.0,5.1,9.0,9.5,28.0,35.5,,,,,25.12998252419354,6.75,,,,,,,,,,,,,,,,,,,,,
Pd8244d9a42,2014,78.5,79.75,214.0,86.75,107.0,3.75,9.25,9.25,,,,,,,24.41590166623881,8.25,,,,8.0,25.0,0.32,12.0,25.0,0.48,9.0,18.0,0.5,,,,18.0,33.0,0.5454545454545454,,,
P944e30c99c,2014,76.75,78.25,215.0,78.0,100.0,6.2,8.5,9.75,28.5,33.5,11.11,2.92,3.31,,25.661379473084153,1.25,,,,18.0,25.0,0.72,16.0,25.0,0.64,14.0,18.0,0.7777777777777778,,,,30.0,37.0,0.8108108108108109,,,
Pc7e0f691c6,2014,78.25,79.75,218.0,81.25,103.0,7.1,8.75,9.75,28.5,36.5,11.1,3.15,3.29,,25.031455805217853,3.0,,,,,,,,,,,,,,,,,,,,,
Pa47459a77d,2014,79.75,81.0,218.4,84.5,105.0,5.25,8.75,9.75,33.0,37.5,12.63,3.39,3.36,,24.14290680212536,4.75,15.0,25.0,0.6,,,,14.0,25.0,0.56,8.0,18.0,0.4444444444444444,,,,25.0,34.0,0.7352941176470589,,,
P59ddf4705a,2014,74.5,76.25,218.7,79.0,99.0,9.2,9.0,9.0,,,,,,,27.703493908758013,4.5,,,,,,,,,,,,,,,,,,,,,
P11fb43c4ea,2014,79.5,80.75,220.1,83.75,105.0,5.05,8.75,10.5,32.5,39.0,10.81,2.76,3.27,,24.484097065555787,4.25,,,,,,,,,,,,,,,,,,,,,
P49827cf895,2014,79.0,80.25,220.2,82.25,104.0,7.95,8.75,9.0,27.0,35.5,11.1,3.04,3.26,,24.806268456424117,3.25,,,,,,,,,,,,,,,,,,,,,
P9e30954b9f,2014,76.0,77.25,226.0,83.0,101.0,10.75,9.0,9.25,27.5,32.5,11.63,3.13,3.45,,27.509301419399243,7.0,,,,15.0,25.0,0.6,15.0,25.0,0.6,12.0,18.0,0.6666666666666666,,,,23.0,35.0,0.6571428571428571,,,
P1044a073cf,2014,74.0,75.25,227.2,81.25,99.0,10.55,9.0,8.75,33.0,36.0,10.82,2.96,3.26,,29.170454436453067,7.25,,,,,,,,,,,,,,,,,,,,,
P4f181909b7,2014,79.5,80.5,230.1,86.75,107.5,13.35,8.25,8.75,,,,,,,25.596504928597852,7.25,,,,,,,,,,,,,,,,,,,,,
P6e49424689,2014,81.5,83.0,234.4,84.5,105.0,6.2,9.0,9.25,28.5,35.0,11.28,2.88,3.2,,24.810795960317503,3.0,20.0,25.0,0.8,,,,13.0,25.0,0.52,12.0,18.0,0.6666666666666666,,,,24.0,37.0,0.6486486486486487,,,
Pa9426d162d,2014,81.0,81.75,238.5,88.0,109.0,7.55,9.25,9.5,,,,,,,25.557398985511277,7.0,,,,,,,,,,,,,,,,,,,,,
P0a4bbd8b0a,2014,80.0,81.5,247.1,88.25,108.0,7.3,9.75,11.75,31.0,37.0,11.45,3.29,3.28,,27.145077051380664,8.25,,,,,,,,,,,,,,,,,,,,,
P1dca1ecf2b,2014,79.75,81.0,249.7,84.0,105.5,9.4,8.75,8.25,29.0,35.5,11.45,3.14,3.27,,27.602947932649737,4.25,,,,,,,,,,,,,,,,,,,,,
Pee1a8f2e9d,2014,81.25,82.75,252.0,87.5,109.5,13.6,9.25,10.5,28.5,31.5,11.2,3.19,3.48,,26.83812113708962,6.25,14.0,25.0,0.56,,,,10.0,25.0,0.4,10.0,18.0,0.5555555555555556,,,,27.0,40.0,0.675,,,
P8c383a7533,2014,80.75,81.75,252.4,84.75,107.0,8.7,8.75,9.0,31.0,33.5,11.39,3.09,3.37,,27.214640132798944,4.0,20.0,25.0,0.8,,,,15.0,25.0,0.6,13.0,18.0,0.7222222222222222,,,,21.0,37.0,0.5675675675675675,,,
Pd6e0b051bb,2014,79.25,80.5,256.8,86.25,105.0,10.75,9.25,9.5,31.0,35.5,11.57,3.32,3.45,,28.747149327999864,7.0,14.0,25.0,0.56,,,,12.0,25.0,0.48,9.0,18.0,0.5,,,,23.0,36.0,0.6388888888888888,,,
Pa380a0ce3c,2014,79.5,80.75,227.6,86.25,106.5,6.15,9.25,9.0,29.5,34.0,11.61,2.91,3.28,,25.318402962837336,6.75,15.0,25.0,0.6,,,,9.0,25.0,0.36,9.0,18.0,0.5,,,,25.0,48.0,0.5208333333333334,,,
P31e153a014,2014,79.0,80.5,262.8,85.25,103.5,8.2,9.75,10.5,31.0,36.0,11.92,3.2,3.26,,29.605301318566116,6.25,20.0,25.0,0.8,,,,9.0,25.0,0.36,12.0,18.0,0.6666666666666666,,,,21.0,36.0,0.5833333333333334,,,
P26e74779f0,2015,,,,,,,,,,,,,,,,,,,,,,,,,,,,,,,,,,,,,
Pdb1689c286,2014,,,,,,,,,,,,,,,,,,,,,,,,,,,,,,,,,,,,,
P23f1ba707f,2014,,,,,,,,,,,,,,,,,,,,,,,,,,,,,,,,,,,,,
P2171d2817b,2014,,,,,,,,,,,,,,,,,,,,,,,,,,,,,,,,,,,,,
P1b1aa3dc82,2014,,,,,,,,,,,,,,,,,,,,,,,,,,,,,,,,,,,,,
Pc9a1f10582,2014,76.5,78.0,196.3,81.5,103.0,6.4,8.5,9.5,31.5,34.5,10.75,2.88,3.19,,23.58282002360921,5.0,,,,,,,,,,,,,,,,,,,,,
Pd856b04e96,2014,,,,,,,,,,,,,,,,,,,,,,,,,,,,,,,,,,,,,
Pbda800ed55,2014,,,,,,,,,,,,,,,,,,,,,,,,,,,,,,,,,,,,,
Pa76f81d8c3,2014,,,,,,,,,,,,,,,,,,,,,,,,,,,,,,,,,,,,,
P2dde5c1214,2014,,,,,,,,,,,,,,,,,,,,,,,,,,,,,,,,,,,,,
P8df71877a2,2017,,,,,,,,,,,,,,,,,,,,,,,,,,,,,,,,,,,,,
P3997afa4f2,2014,,,,,,,,,,,,,,,,,,,,,,,,,,,,,,,,,,,,,
P23026d4d13,2014,,,,,,,,,,,,,,,,,,,,,,,,,,,,,,,,,,,,,
P360c31499c,2014,,,,,,,,,,,,,,,,,,,,,,,,,,,,,,,,,,,,,
P44154d877a,2014,,,,,,,,,,,,,,,,,,,,,,,,,,,,,,,,,,,,,
Paf95fb158c,2014,,,,,,,,,,,,,,,,,,,,,,,,,,,,,,,,,,,,,
Pbed27928bf,2014,,,,,,,,,,,,,,,,,,,,,,,,,,,,,,,,,,,,,
Pf78412d8c5,2014,,,,,,,,,,,,,,,,,,,,,,,,,,,,,,,,,,,,,
Pe73b4eac92,2014,,,,,,,,,,,,,,,,,,,,,,,,,,,,,,,,,,,,,
P962232fdc6,2014,,,,,,,,,,,,,,,,,,,,,,,,,,,,,,,,,,,,,
P2225ba1e79,2000,,,,,,,,,,,,,,,,,,,,,,,,,,,,,,,,,,,,,
Pf1eb0b11c1,2015,,,,,,,,,,,,,,,,,,,,,,,,,,,,,,,,,,,,,
Pbac4f67696,2014,,,,,,,,,,,,,,,,,,,,,,,,,,,,,,,,,,,,,
Pb59dd639f9,2014,,,,,,,,,,,,,,,,,,,,,,,,,,,,,,,,,,,,,
P2dd4d0a4f4,2014,,,,,,,,,,,,,,,,,,,,,,,,,,,,,,,,,,,,,
Pcb993abaa5,2014,,,,,,,,,,,,,,,,,,,,,,,,,,,,,,,,,,,,,
Pceb2ff7429,2014,,,,,,,,,,,,,,,,,,,,,,,,,,,,,,,,,,,,,
P0ee95e3925,2014,,,,,,,,,,,,,,,,,,,,,,,,,,,,,,,,,,,,,
Pfa73181e89,2014,,,,,,,,,,,,,,,,,,,,,,,,,,,,,,,,,,,,,
Pbbdf67d0e0,2014,,,,,,,,,,,,,,,,,,,,,,,,,,,,,,,,,,,,,
P0acc99bae4,2014,,,,,,,,,,,,,,,,,,,,,,,,,,,,,,,,,,,,,
P187235ce4e,2014,,,,,,,,,,,,,,,,,,,,,,,,,,,,,,,,,,,,,
P68a89b7756,2014,,,,,,,,,,,,,,,,,,,,,,,,,,,,,,,,,,,,,
P5aa610b7ff,2017,,,,,,,,,,,,,,,,,,,,,,,,,,,,,,,,,,,,,
Pa2709c7876,2015,,,,,,,,,,,,,,,,,,,,,,,,,,,,,,,,,,,,,
P88b9812a96,2014,,,,,,,,,,,,,,,,,,,,,,,,,,,,,,,,,,,,,
P9990134f41,2015,,,,,,,,,,,,,,,,,,,,,,,,,,,,,,,,,,,,,
Pa1cb69e2d5,2000,,,,,,,,,,,,,,,,,,,,,,,,,,,,,,,,,,,,,
P3fe5b0aa24,2017,,,,,,,,,,,,,,,,,,,,,,,,,,,,,,,,,,,,,
Pbd1bd31363,2000,,,,,,,,,,,,,,,,,,,,,,,,,,,,,,,,,,,,,
P049a006ba4,2000,,,,,,,,,,,,,,,,,,,,,,,,,,,,,,,,,,,,,
Pf2b2bf7c90,2000,,,,,,,,,,,,,,,,,,,,,,,,,,,,,,,,,,,,,
Pe00e8a81b3,2015,72.5,74.0,187.8,74.0,96.5,7.3,7.5,7.0,26.0,31.5,10.95,3.09,3.3,7.0,25.119898607606974,1.5,,,,17.0,25.0,0.68,13.0,25.0,0.52,14.0,24.0,0.5833333333333334,,,,,,,36.0,47.0,0.7659574468085106
P382ba08b06,2000,,,,,,,,,,,,,,,,,,,,,,,,,,,,,,,,,,,,,
Pdfcccbc0ee,2000,,,,,,,,,,,,,,,,,,,,,,,,,,,,,,,,,,,,,
P180bfe573f,2000,,,,,,,,,,,,,,,,,,,,,,,,,,,,,,,,,,,,,
P5ea8063b82,2000,,,,,,,,,,,,,,,,,,,,,,,,,,,,,,,,,,,,,
P8b55924f31,2000,70.5,,166.0,72.0,94.5,,,,36.0,42.5,10.48,,3.06,6.0,23.481625717036458,1.5,,,,,,,,,,,,,,,,,,,,,
P360a02c8f3,2000,,,,,,,,,,,,,,,,,,,,,,,,,,,,,,,,,,,,,
P8df0a8788c,2000,79.25,,220.0,84.5,105.5,,,,33.0,32.5,11.23,,,15.0,24.62762014080985,5.25,,,,,,,,,,,,,,,,,,,,,
P22993a7ac8,2000,,,,,,,,,,,,,,,,,,,,,,,,,,,,,,,,,,,,,
P52ae6ebde1,2000,,,,,,,,,,,,,,,,,,,,,,,,,,,,,,,,,,,,,
P3ef49a42d2,2000,,,,,,,,,,,,,,,,,,,,,,,,,,,,,,,,,,,,,
Pa5a2a6e8b9,2000,,,,,,,,,,,,,,,,,,,,,,,,,,,,,,,,,,,,,
P91ba0ccfb7,2000,84.75,,243.0,86.0,110.0,,,,26.0,29.5,11.53,,3.55,,23.78620552933799,1.25,,,,,,,,,,,,,,,,,,,,,
P8b719e2981,2000,,,,,,,,,,,,,,,,,,,,,,,,,,,,,,,,,,,,,
Pc3df7f8dbd,2000,80.0,,236.5,84.5,104.5,,,,30.5,33.5,12.12,,3.46,13.0,25.980618060103307,4.5,,,,,,,,,,,,,,,,,,,,,
P98015d62ae,2000,78.5,,234.5,83.5,104.5,,,,28.0,35.0,11.38,,3.45,15.0,26.75480813426636,5.0,,,,,,,,,,,,,,,,,,,,,
P39bae689b5,2000,78.5,,210.0,81.0,104.0,,,,27.5,33.0,11.32,,3.28,,23.959529672477334,2.5,,,,,,,,,,,,,,,,,,,,,
Pd5c75d3b01,2000,81.0,,197.5,80.0,104.0,,,,31.0,34.5,10.85,,3.24,12.0,21.163883855926528,-1.0,,,,,,,,,,,,,,,,,,,,,
P189ad0416e,2000,72.75,,175.0,75.75,97.5,,,,33.0,37.5,10.55,,3.22,9.0,23.24718440960364,3.0,,,,,,,,,,,,,,,,,,,,,
Pefcb67dee7,2000,,,,,,,,,,,,,,,,,,,,,,,,,,,,,,,,,,,,,
P07fb065f28,2000,69.0,,200.0,73.5,93.0,,,,27.5,32.0,10.59,,3.32,6.0,29.534533906286885,4.5,,,,,,,,,,,,,,,,,,,,,
P6c17983aad,2000,78.5,,198.0,80.5,103.0,,,,33.0,21.0,11.32,,3.22,12.0,22.590413691192918,2.0,,,,,,,,,,,,,,,,,,,,,
P0b8d4db24c,2000,,,,,,,,,,,,,,,,,,,,,,,,,,,,,,,,,,,,,
P1d1b852c8c,2000,71.75,,176.5,75.5,95.0,,,,29.5,38.5,11.12,,3.27,5.0,24.104559881763603,3.75,,,,,,,,,,,,,,,,,,,,,
P620c88aaa1,2000,76.5,,205.0,80.5,101.5,,,,33.5,36.5,11.79,,3.3,17.0,24.628008684869524,4.0,,,,,,,,,,,,,,,,,,,,,
P69d740b582,2000,,,,,,,,,,,,,,,,,,,,,,,,,,,,,,,,,,,,,
P9c1ee88716,2000,,,,,,,,,,,,,,,,,,,,,,,,,,,,,,,,,,,,,
Pfdb326aa01,2000,,,,,,,,,,,,,,,,,,,,,,,,,,,,,,,,,,,,,
Pd764197a9d,2000,81.75,,240.5,86.5,109.5,,,,24.5,30.0,12.45,,3.43,15.0,25.301010412998206,4.75,,,,,,,,,,,,,,,,,,,,,
P7903308993,2000,73.75,,181.0,78.0,97.5,,,,29.5,33.5,11.7,,3.34,9.0,23.396604454294806,4.25,,,,,,,,,,,,,,,,,,,,,
Paff659398c,2000,74.5,,184.0,77.25,100.0,,,,27.5,34.0,10.4,,3.1,9.0,23.307923544634086,2.75,,,,,,,,,,,,,,,,,,,,,
P1f7c85948b,2000,82.0,,222.5,85.25,109.5,,,,,,,,,2.0,23.264869344097704,3.25,,,,,,,,,,,,,,,,,,,,,
P0e7eb7e056,2000,83.0,,250.0,85.5,107.0,,,,33.0,35.0,11.52,,3.33,20.0,25.514210322222358,2.5,,,,,,,,,,,,,,,,,,,,,
P497243f189,2000,77.5,,214.0,81.5,103.5,,,,28.5,35.0,10.93,,3.2,6.0,25.05005453365746,4.0,,,,,,,,,,,,,,,,,,,,,
P7cf0118ef7,2000,,,,,,,,,,,,,,,,,,,,,,,,,,,,,,,,,,,,,
P7b63dad40c,2000,,,,,,,,,,,,,,,,,,,,,,,,,,,,,,,,,,,,,
Pbc657442d8,2000,,,,,,,,,,,,,,,,,,,,,,,,,,,,,,,,,,,,,
Pa0da0f38dc,2000,,,,,,,,,,,,,,,,,,,,,,,,,,,,,,,,,,,,,
P9a587a1a63,2000,71.75,,176.0,76.0,93.0,,,,35.0,38.5,11.12,,3.18,13.0,24.036275009577306,4.25,,,,,,,,,,,,,,,,,,,,,
P2899765f70,2000,77.5,,209.0,80.0,103.5,,,,29.0,32.5,11.66,,,11.0,24.464772885674808,2.5,,,,,,,,,,,,,,,,,,,,,
P1f84c6033c,2000,,,,,,,,,,,,,,,,,,,,,,,,,,,,,,,,,,,,,
Pd1e82d8666,2001,,,,,,,,,,,,,,,,,,,,,,,,,,,,,,,,,,,,,
Pcb83527531,2000,,,,,,,,,,,,,,,,,,,,,,,,,,,,,,,,,,,,,
P3b6ec2df2f,2003,,,,,,,,,,,,,,,,,,,,,,,,,,,,,,,,,,,,,
P9aa2c80a45,2000,,,,,,,,,,,,,,,,,,,,,,,,,,,,,,,,,,,,,
Pd49ad433a6,2000,,,,,,,,,,,,,,,,,,,,,,,,,,,,,,,,,,,,,
P3f83cdea39,2001,82.0,,243.0,85.0,108.0,8.9,,,30.0,33.0,11.59,,3.45,17.0,25.408374160070753,3.0,,,,,,,,,,,,,,,,,,,,,
Pff73e1eace,2001,,,,,,,,,,,,,,,,,,,,,,,,,,,,,,,,,,,,,
Pe88af25410,2001,82.5,,301.0,90.5,111.0,16.5,,,28.0,31.0,12.25,,3.53,16.0,31.092590409019213,8.0,,,,,,,,,,,,,,,,,,,,,
P854c694553,2001,76.75,,213.0,83.5,102.5,5.3,,,32.5,39.5,11.75,,3.12,15.0,25.422668966357787,6.75,,,,,,,,,,,,,,,,,,,,,
Peca9b04dbf,2001,81.25,,222.0,87.0,110.0,4.0,,,26.5,33.0,11.77,,3.21,3.0,23.64310671600752,5.75,,,,,,,,,,,,,,,,,,,,,
P0fd2ff4395,2001,82.0,,314.0,90.5,113.0,21.0,,,21.5,25.5,12.37,,3.56,15.0,32.83222010807497,8.5,,,,,,,,,,,,,,,,,,,,,
Pac419c235c,2001,79.5,,243.0,83.5,104.5,9.3,,,27.5,33.0,12.07,,3.47,16.0,27.03151107192211,4.0,,,,,,,,,,,,,,,,,,,,,
P704a5fd478,2001,78.75,,226.0,81.0,105.0,6.7,,,32.5,36.5,12.05,,3.4,12.0,25.621563113884612,2.25,,,,,,,,,,,,,,,,,,,,,
P0d7e76d154,2001,,,,,,,,,,,,,,,,,,,,,,,,,,,,,,,,,,,,,
P98f905fdef,2001,,,,,,,,,,,,,,,,,,,,,,,,,,,,,,,,,,,,,
Pdcd864f0fb,2001,79.25,,223.0,84.0,103.0,6.7,,,33.0,38.5,11.19,,3.15,14.0,24.963451324548167,4.75,,,,,,,,,,,,,,,,,,,,,
P842a2f3c2e,2001,81.75,,230.0,83.0,105.5,11.7,,,28.5,34.5,11.22,,3.43,11.0,24.196392494759202,1.25,,,,,,,,,,,,,,,,,,,,,
P563df84956,2001,80.0,,242.0,84.25,106.0,10.5,,,27.0,31.5,12.25,,3.35,11.0,26.58481848010571,4.25,,,,,,,,,,,,,,,,,,,,,
P3a25271b04,2001,81.5,,227.0,85.5,107.0,9.3,,,27.0,30.0,11.11,,3.35,13.0,24.027519978635123,4.0,,,,,,,,,,,,,,,,,,,,,
P75d87cd190,2001,82.25,,251.0,88.5,110.0,12.9,,,25.5,28.5,12.1,,3.54,8.0,26.085563066036563,6.25,,,,,,,,,,,,,,,,,,,,,
P2ee25c689c,2001,83.75,,266.0,90.5,113.5,12.9,,,27.0,28.5,12.87,,3.5,17.0,26.663079803468584,6.75,,,,,,,,,,,,,,,,,,,,,
P1bd862cc0f,2001,75.5,,193.0,78.5,100.5,,,,26.5,33.0,11.51,,3.19,10.0,23.804645212114863,3.0,,,,,,,,,,,,,,,,,,,,,
P9650bb1a40,2001,77.5,,194.0,82.5,103.5,6.7,,,29.0,34.0,11.47,,3.22,1.0,22.708927941726852,5.0,,,,,,,,,,,,,,,,,,,,,
Pcba63fe240,2001,75.5,,188.0,81.5,99.5,9.3,,,30.0,37.0,10.91,,3.2,6.0,23.187944558951266,6.0,,,,,,,,,,,,,,,,,,,,,
Pd4900db84d,2001,,,,,,,,,,,,,,,,,,,,,,,,,,,,,,,,,,,,,
Pfcc31e3705,2001,,,,,,,,,,,,,,,,,,,,,,,,,,,,,,,,,,,,,
P3ebb78aaf3,2001,72.75,,199.0,79.5,97.5,13.6,,,28.0,37.5,11.96,,3.2,1.0,26.43536970006357,6.75,,,,,,,,,,,,,,,,,,,,,
Pd3b6bf6d79,2001,71.75,,172.0,81.5,99.5,4.0,,,28.5,35.0,11.3,,3.22,4.0,23.489996032086907,9.75,,,,,,,,,,,,,,,,,,,,,
P0a2d28a2d0,2001,80.25,,271.0,82.5,102.5,8.0,,,34.5,36.5,11.7,,3.16,21.0,29.585404812796803,2.25,,,,,,,,,,,,,,,,,,,,,
P820aca19f1,2001,,,,,,,,,,,,,,,,,,,,,,,,,,,,,,,,,,,,,
Pf7459f37f3,2001,76.25,,221.0,80.0,101.0,4.0,,,34.5,37.5,10.08,,3.12,22.0,26.724579775372938,3.75,,,,,,,,,,,,,,,,,,,,,
Pa93cedf1ed,2001,,,,,,,,,,,,,,,,,,,,,,,,,,,,,,,,,,,,,
P4f8c953cc8,2001,,,,,,,,,,,,,,,,,,,,,,,,,,,,,,,,,,,,,
P2a8e69fc8a,2001,76.25,,205.0,80.0,99.5,5.3,,,35.5,37.5,11.57,,3.29,12.0,24.789768569916074,3.75,,,,,,,,,,,,,,,,,,,,,
Pc0571f7238,2001,71.5,,189.0,77.5,92.0,5.5,,,31.0,35.5,10.77,,3.2,9.0,25.99249851861727,6.0,,,,,,,,,,,,,,,,,,,,,
Paeace7e70c,2001,,,,,,,,,,,,,,,,,,,,,,,,,,,,,,,,,,,,,
P989fbfa539,2001,80.75,,241.0,81.75,105.5,13.6,,,27.0,30.5,11.75,,3.47,14.0,25.98545274169788,1.0,,,,,,,,,,,,,,,,,,,,,
Pe0dd44e42b,2001,,,,,,,,,,,,,,,,,,,,,,,,,,,,,,,,,,,,,
Pf532d918b8,2001,80.25,,202.0,83.75,104.5,6.7,,,32.0,37.0,11.81,,3.27,6.0,22.052589565258135,3.5,,,,,,,,,,,,,,,,,,,,,
P3d1a59b5a2,2001,72.0,,184.0,78.75,97.0,4.0,,,32.5,37.5,10.97,,3.19,4.0,24.95463014151337,6.75,,,,,,,,,,,,,,,,,,,,,
P002581103b,2001,74.5,,178.0,80.75,102.5,6.7,,,26.0,32.5,9.65,,3.15,12.0,22.54788255948297,6.25,,,,,,,,,,,,,,,,,,,,,
P6d3c0c239e,2001,78.25,,235.0,84.25,105.0,6.7,,,27.5,34.0,11.69,,3.41,12.0,26.983450065257774,6.0,,,,,,,,,,,,,,,,,,,,,
P5303425662,2001,77.5,,213.0,81.25,101.0,8.0,,,36.0,40.0,11.06,,3.12,12.0,24.932998204060926,3.75,,,,,,,,,,,,,,,,,,,,,
P0fee52cfc4,2001,84.75,,246.0,89.5,113.0,9.3,,,24.5,28.0,11.83,,3.48,10.0,24.07986238772488,4.75,,,,,,,,,,,,,,,,,,,,,
Pe0f44d3916,2001,82.75,,227.0,88.0,109.5,9.9,,,32.5,35.0,11.27,,3.12,13.0,23.307095711516208,5.25,,,,,,,,,,,,,,,,,,,,,
Pc5a3285209,2001,83.5,,245.0,88.0,111.0,6.0,,,26.5,31.0,11.84,,3.33,6.0,24.705374450370265,4.5,,,,,,,,,,,,,,,,,,,,,
Pc0e2cf5bcc,2001,81.25,,252.0,87.0,104.0,15.2,,,23.0,29.0,11.65,,3.6,10.0,26.83812113708962,5.75,,,,,,,,,,,,,,,,,,,,,
Pf65d71b77e,2001,,,,,,,,,,,,,,,,,,,,,,,,,,,,,,,,,,,,,
P9aa7ef7a41,2001,,,,,,,,,,,,,,,,,,,,,,,,,,,,,,,,,,,,,
Pbd83a701c7,2001,74.5,,200.0,79.5,97.5,6.7,,,31.5,38.0,10.59,,3.12,15.0,25.334699505037047,5.0,,,,,,,,,,,,,,,,,,,,,
Pca59ea1b39,2001,,,,,,,,,,,,,,,,,,,,,,,,,,,,,,,,,,,,,
P85381afe4a,2002,,,,,,,,,,,,,,,,,,,,,,,,,,,,,,,,,,,,,
P2c0a429f79,2001,,,,,,,,,,,,,,,,,,,,,,,,,,,,,,,,,,,,,
Pa33e366fdf,2001,,,,,,,,,,,,,,,,,,,,,,,,,,,,,,,,,,,,,
P759a9434cf,2001,,,,,,,,,,,,,,,,,,,,,,,,,,,,,,,,,,,,,
P8fba680b01,2001,,,,,,,,,,,,,,,,,,,,,,,,,,,,,,,,,,,,,
P6d016b475a,2001,,,,,,,,,,,,,,,,,,,,,,,,,,,,,,,,,,,,,
P2ca94b8a14,2002,,,,,,,,,,,,,,,,,,,,,,,,,,,,,,,,,,,,,
Pc7cce81961,2004,,,,,,,,,,,,,,,,,,,,,,,,,,,,,,,,,,,,,
P73f5726100,2001,,,,,,,,,,,,,,,,,,,,,,,,,,,,,,,,,,,,,
Pd06a43915a,2002,,,,,,,,,,,,,,,,,,,,,,,,,,,,,,,,,,,,,
Pe929ebb536,2002,72.25,,197.0,75.5,97.0,,,,28.5,36.0,10.34,,3.09,10.0,26.533151123940453,3.25,,,,,,,,,,,,,,,,,,,,,
P1199724869,2002,80.0,,230.0,81.0,106.0,,,,24.5,29.0,11.55,,3.3,11.0,25.266563018282287,1.0,,,,,,,,,,,,,,,,,,,,,
P979bc77e15,2002,80.75,,227.0,84.5,106.5,,,,29.0,33.0,11.81,,3.19,13.0,24.47592436666149,3.75,,,,,,,,,,,,,,,,,,,,,
Pc692096d48,2002,,,,,,,,,,,,,,,,,,,,,,,,,,,,,,,,,,,,,
P7662bd9a71,2002,81.0,,240.0,88.0,111.0,,,,26.0,29.0,11.96,,3.35,7.0,25.718137343910723,7.0,,,,,,,,,,,,,,,,,,,,,
Pb7f87f6748,2002,80.5,,221.0,84.0,107.0,,,,33.5,36.5,11.35,,3.21,8.0,23.977219567185564,3.5,,,,,,,,,,,,,,,,,,,,,
P5656ae84e7,2002,,,,,,,,,,,,,,,,,,,,,,,,,,,,,,,,,,,,,
P792efcc523,2002,82.75,,238.0,86.5,112.0,,,,24.0,27.0,12.56,,3.63,7.0,24.436514446435496,3.75,,,,,,,,,,,,,,,,,,,,,
P59cd2b2d22,2002,78.0,,223.0,84.0,104.5,,,,31.5,37.5,11.75,,3.2,13.0,25.76997308670818,6.0,,,,,,,,,,,,,,,,,,,,,
P4c416f9cab,2002,79.0,,213.0,82.0,105.0,,,,33.5,34.5,11.94,,3.23,2.0,23.995164310709978,3.0,,,,,,,,,,,,,,,,,,,,,
P0459b830f2,2002,,,,,,,,,,,,,,,,,,,,,,,,,,,,,,,,,,,,,
Pd2dc1d3e0e,2002,,,,,,,,,,,,,,,,,,,,,,,,,,,,,,,,,,,,,
P357471422c,2002,,,,,,,,,,,,,,,,,,,,,,,,,,,,,,,,,,,,,
Pb74259d44e,2002,73.5,,212.0,80.0,100.5,,,,26.0,31.0,11.73,,3.29,,27.590494864825168,6.5,,,,,,,,,,,,,,,,,,,,,
Pd4f1d19d77,2002,,,,,,,,,,,,,,,,,,,,,,,,,,,,,,,,,,,,,
P42dd9e15a4,2002,,,,,,,,,,,,,,,,,,,,,,,,,,,,,,,,,,,,,
P4cd866005e,2002,,,,,,,,,,,,,,,,,,,,,,,,,,,,,,,,,,,,,
P70ecb2ee9d,2002,77.5,,202.0,84.5,104.5,,,,30.0,34.0,11.7,,3.32,10.0,23.645378578499095,7.0,,,,,,,,,,,,,,,,,,,,,
P780ecd00c5,2002,,,,,,,,,,,,,,,,,,,,,,,,,,,,,,,,,,,,,
P2abf5d1b69,2002,79.75,,258.0,86.25,108.5,,,,26.5,28.5,10.77,,3.31,13.0,28.520466826686555,6.5,,,,,,,,,,,,,,,,,,,,,
P7d55637f90,2002,,,,,,,,,,,,,,,,,,,,,,,,,,,,,,,,,,,,,
P39c99a28df,2002,75.0,,200.0,77.0,99.0,,,,27.0,32.5,12.2,,3.24,0.0,24.99802949828122,2.0,,,,,,,,,,,,,,,,,,,,,
Pe79941522f,2002,,,,,,,,,,,,,,,,,,,,,,,,,,,,,,,,,,,,,
P5635d18ecc,2002,83.75,,260.0,83.5,109.0,,,,,,,,,12.0,26.061656950758767,-0.25,,,,,,,,,,,,,,,,,,,,,
Pe961cc9c52,2002,75.0,,197.0,79.5,100.5,,,,31.0,36.5,11.13,,3.16,9.0,24.623059055807,4.5,,,,,,,,,,,,,,,,,,,,,
P47eee57e35,2002,78.25,,264.0,85.5,107.5,,,,28.0,32.5,11.77,,3.21,14.0,30.313322626502355,7.25,,,,,,,,,,,,,,,,,,,,,
P3514cc9b35,2002,78.75,,226.0,81.0,96.5,,,,35.5,40.5,10.68,,3.28,11.0,25.621563113884612,2.25,,,,,,,,,,,,,,,,,,,,,
P71645345d7,2002,,,,,,,,,,,,,,,,,,,,,,,,,,,,,,,,,,,,,
P021e6add75,2002,79.0,,237.0,83.5,104.0,,,,,,,,,10.0,26.698844796423778,4.5,,,,,,,,,,,,,,,,,,,,,
P830efff813,2002,80.0,,240.0,85.0,108.5,,,,24.5,29.5,11.69,,3.52,8.0,26.365109236468474,5.0,,,,,,,,,,,,,,,,,,,,,
Pdacee2a50f,2002,78.75,,198.0,84.0,105.5,,,,31.5,37.5,11.54,,3.29,10.0,22.447210161721916,5.25,,,,,,,,,,,,,,,,,,,,,
P3769bd015c,2002,78.75,,203.0,83.5,104.0,,,,32.5,38.0,10.94,,3.09,11.0,23.01405890317954,4.75,,,,,,,,,,,,,,,,,,,,,
P4adcc58a26,2002,,,,,,,,,,,,,,,,,,,,,,,,,,,,,,,,,,,,,
P648b9117f8,2002,79.0,,225.0,85.0,105.0,,,,29.5,35.5,12.85,,3.22,15.0,25.34700455356688,6.0,,,,,,,,,,,,,,,,,,,,,
Pebd90a92ff,2002,79.25,,285.0,82.75,106.5,,,,28.5,33.0,12.18,,3.31,12.0,31.903962455140032,3.5,,,,,,,,,,,,,,,,,,,,,
P3c40dc7411,2002,73.25,,188.0,74.25,96.0,,,,30.0,35.5,10.93,,3.1,24.0,24.634338146683028,1.0,,,,,,,,,,,,,,,,,,,,,
Pe932df1062,2002,76.75,,212.0,79.0,102.0,,,,22.5,28.5,10.94,,3.38,13.0,25.30331371299461,2.25,,,,,,,,,,,,,,,,,,,,,
P83519063cc,2002,,,,,,,,,,,,,,,,,,,,,,,,,,,,,,,,,,,,,
Pfe4a1d82f4,2002,,,,,,,,,,,,,,,,,,,,,,,,,,,,,,,,,,,,,
P396b44b337,2002,72.25,,168.0,74.5,96.0,,,,25.5,29.5,11.11,,3.2,5.0,22.627255780822317,2.25,,,,,,,,,,,,,,,,,,,,,
Pa3f1da9bab,2002,,,,,,,,,,,,,,,,,,,,,,,,,,,,,,,,,,,,,
Pce9ab1622f,2003,,,,,,,,,,,,,,,,,,,,,,,,,,,,,,,,,,,,,
P98207c2747,2002,,,,,,,,,,,,,,,,,,,,,,,,,,,,,,,,,,,,,
Pcf7f47cd26,2002,74.5,,179.0,82.0,107.5,,,,21.0,28.5,12.3,,3.26,1.0,22.67455605700816,7.5,,,,,,,,,,,,,,,,,,,,,
P4b934e1435,2002,,,,,,,,,,,,,,,,,,,,,,,,,,,,,,,,,,,,,
Pca9a20b4db,2002,,,,,,,,,,,,,,,,,,,,,,,,,,,,,,,,,,,,,
P8176cc6d95,2004,,,,,,,,,,,,,,,,,,,,,,,,,,,,,,,,,,,,,
Pe09c2486c8,2002,,,,,,,,,,,,,,,,,,,,,,,,,,,,,,,,,,,,,
Pb3905915d4,2003,,,,,,,,,,,,,,,,,,,,,,,,,,,,,,,,,,,,,
Pd72acae20f,2002,79.5,,250.0,86.5,107.5,,,,26.0,29.5,12.73,,3.26,15.0,27.810196576051556,7.0,,,,,,,,,,,,,,,,,,,,,
P797b6b2deb,2002,,,,,,,,,,,,,,,,,,,,,,,,,,,,,,,,,,,,,
Pbc5a0470c9,2003,79.25,,245.0,84.25,106.25,6.7,,,,,,,,,27.42621333862915,5.0,,,,,,,,,,,,,,,,,,,,,
Pae0e6be256,2003,78.25,,233.0,84.0,105.5,8.0,,,30.5,33.5,11.4,,3.15,7.0,26.753803681723667,5.75,,,,,,,,,,,,,,,,,,,,,
P01056a0f18,2003,83.5,,252.0,83.75,110.5,16.3,,,23.5,30.5,11.33,,3.37,15.0,25.411242291809415,0.25,,,,,,,,,,,,,,,,,,,,,
P0efa2b4f7d,2003,71.0,,162.0,71.5,93.5,6.7,,,32.5,39.5,11.45,,3.2,0.0,22.594182087193776,0.5,,,,,,,,,,,,,,,,,,,,,
Pc5cf3e8f14,2003,,,,,,,,,,,,,,,,,,,,,,,,,,,,,,,,,,,,,
Pced63c164c,2003,80.75,,255.0,85.5,108.0,17.0,,,28.0,33.0,11.62,,3.28,8.0,27.494981116734277,4.75,,,,,,,,,,,,,,,,,,,,,
P64b1bc7766,2003,,,,,,,,,,,,,,,,,,,,,,,,,,,,,,,,,,,,,
Pace4fe8116,2003,,,,,,,,,,,,,,,,,,,,,,,,,,,,,,,,,,,,,
P539180f113,2003,72.25,,178.0,77.0,97.5,5.3,,,34.5,41.0,10.89,,3.06,17.0,23.9741162439665,4.75,,,,,,,,,,,,,,,,,,,,,
P5e97ce9bc9,2003,,,,,,,,,,,,,,,,,,,,,,,,,,,,,,,,,,,,,
P37455198a4,2003,80.25,,226.0,88.25,108.25,8.0,,,28.5,31.5,12.18,,3.43,11.0,24.672699216575932,8.0,,,,,,,,,,,,,,,,,,,,,
Pa526a12aa4,2003,,,,,,,,,,,,,,,,,,,,,,,,,,,,,,,,,,,,,
Pb7edd3ead7,2003,76.75,,214.0,81.0,102.5,2.6,,,30.0,39.5,10.91,,3.11,,25.54202421972097,4.25,,,,,,,,,,,,,,,,,,,,,
P38d9dee28f,2003,,,,,,,,,,,,,,,,,,,,,,,,,,,,,,,,,,,,,
P53313a94c2,2003,,,,,,,,,,,,,,,,,,,,,,,,,,,,,,,,,,,,,
Pc441e97a64,2003,81.5,,234.0,86.0,109.0,10.5,,,25.0,29.0,11.87,,3.45,6.0,24.7684567180644,4.5,,,,,,,,,,,,,,,,,,,,,
P6294004747,2003,,,,,,,,,,,,,,,,,,,,,,,,,,,,,,,,,,,,,
P3dd5c6b05b,2003,,,,,,,,,,,,,,,,,,,,,,,,,,,,,,,,,,,,,
Pd0fb9bca1b,2003,,,,,,,,,,,,,,,,,,,,,,,,,,,,,,,,,,,,,
Pd8afdd28b5,2003,,,,,,,,,,,,,,,,,,,,,,,,,,,,,,,,,,,,,
P82d1799627,2003,77.25,,202.0,86.0,105.5,6.0,,,33.0,36.5,10.89,,3.09,4.0,23.79867074489965,8.75,,,,,,,,,,,,,,,,,,,,,
Pf4d331b9a5,2003,,,,,,,,,,,,,,,,,,,,,,,,,,,,,,,,,,,,,
P47846f7398,2003,78.5,,215.0,78.5,102.0,11.7,,,23.5,30.0,11.04,,3.38,8.0,24.529994664679176,0.0,,,,,,,,,,,,,,,,,,,,,
P08c56d3590,2003,79.75,,235.0,80.5,104.0,9.3,,,28.0,,,,,12.0,25.97794459019899,0.75,,,,,,,,,,,,,,,,,,,,,
P4649b7d232,2003,76.5,,200.0,78.5,100.5,6.0,,,31.5,35.0,10.72,,3.18,16.0,24.02732554621417,2.0,,,,,,,,,,,,,,,,,,,,,
P9827437e3d,2003,,,,,,,,,,,,,,,,,,,,,,,,,,,,,,,,,,,,,
Pa2e0858910,2003,73.0,,190.0,81.0,96.25,5.3,,,34.0,40.5,11.09,,3.1,13.0,25.067220891619495,8.0,,,,,,,,,,,,,,,,,,,,,
Pe4a1b20238,2003,74.5,,201.0,79.25,100.0,8.0,,,28.5,28.5,11.86,,3.19,13.0,25.461373002562237,4.75,,,,,,,,,,,,,,,,,,,,,
Pa59b169e09,2003,,,,,,,,,,,,,,,,,,,,,,,,,,,,,,,,,,,,,
P3a913af04c,2003,76.25,,213.0,81.25,101.0,8.0,,,29.5,35.0,11.43,,3.25,10.0,25.757174172644504,5.0,,,,,,,,,,,,,,,,,,,,,
P624e80554f,2003,80.5,,242.0,80.75,105.5,13.6,,,27.0,32.0,11.52,,3.32,20.0,26.255597897099126,0.25,,,,,,,,,,,,,,,,,,,,,
P554dd6632a,2003,72.75,,189.0,77.5,98.5,6.7,,,,,,,,3.0,25.106959162371936,4.75,,,,,,,,,,,,,,,,,,,,,
P9f79255649,2003,80.25,,316.0,90.25,110.0,21.4,,,24.5,32.0,14.01,,3.55,8.0,34.49811040901768,10.0,,,,,,,,,,,,,,,,,,,,,
Pce38c03d45,2003,79.25,,218.0,86.5,107.5,6.7,,,30.5,33.0,11.18,,3.19,9.0,24.403732684984305,7.25,,,,,,,,,,,,,,,,,,,,,
P1f926eb06b,2003,78.5,,266.0,86.75,105.5,8.0,,,32.5,35.0,11.13,,3.21,25.0,30.348737585137957,8.25,,,,,,,,,,,,,,,,,,,,,
P5895ae6315,2003,,,,,,,,,,,,,,,,,,,,,,,,,,,,,,,,,,,,,
Pa3bf9b334b,2003,81.0,,237.0,84.5,107.0,9.9,,,27.0,32.0,11.36,,3.25,10.0,25.39666062711184,3.5,,,,,,,,,,,,,,,,,,,,,
Pf436b2be04,2003,78.5,,234.0,82.25,104.5,9.3,,,28.5,32.0,10.99,,3.1,25.0,26.697761635046174,3.75,,,,,,,,,,,,,,,,,,,,,
Pd073d30524,2003,,,,,,,,,,,,,,,,,,,,,,,,,,,,,,,,,,,,,
P7d5e80b812,2004,,,,,,,,,,,,,,,,,,,,,,,,,,,,,,,,,,,,,
Ped90afeb58,2003,77.0,,218.0,77.25,97.0,8.0,,,32.0,35.5,10.44,,3.04,15.0,25.850762078147536,0.25,,,,,,,,,,,,,,,,,,,,,
P0a4d4ad000,2005,,,,,,,,,,,,,,,,,,,,,,,,,,,,,,,,,,,,,
P7d6aa2dfe0,2003,82.0,,212.0,82.75,107.5,7.3,,,26.5,32.5,10.67,,3.08,13.0,22.166976633477365,0.75,,,,,,,,,,,,,,,,,,,,,
Pae24459193,2003,78.0,,209.0,80.25,101.0,6.7,,,37.5,41.5,11.09,,3.23,11.0,24.152127242699592,2.25,,,,,,,,,,,,,,,,,,,,,
Pd53814d6fa,2004,,,,,,,,,,,,,,,,,,,,,,,,,,,,,,,,,,,,,
P05a2123919,2003,,,,,,,,,,,,,,,,,,,,,,,,,,,,,,,,,,,,,
Pbd99bc4676,2003,,,,,,,,,,,,,,,,,,,,,,,,,,,,,,,,,,,,,
P06d8dc5829,2003,,,,,,,,,,,,,,,,,,,,,,,,,,,,,,,,,,,,,
P78dd3f3917,2003,77.0,,207.0,78.5,98.5,6.7,,,29.0,33.5,11.11,,3.35,13.0,24.546365826497887,1.5,,,,,,,,,,,,,,,,,,,,,
P769efab0d3,2003,,,,,,,,,,,,,,,,,,,,,,,,,,,,,,,,,,,,,
Pf7c6d819f2,2005,,,,,,,,,,,,,,,,,,,,,,,,,,,,,,,,,,,,,
P6ce52469e7,2004,,,,,,,,,,,,,,,,,,,,,,,,,,,,,,,,,,,,,
P4be402ea04,2003,,,,,,,,,,,,,,,,,,,,,,,,,,,,,,,,,,,,,
P023105521e,2005,,,,,,,,,,,,,,,,,,,,,,,,,,,,,,,,,,,,,
P85ac223123,2006,,,,,,,,,,,,,,,,,,,,,,,,,,,,,,,,,,,,,
P3070bdd73b,2003,,,,,,,,,,,,,,,,,,,,,,,,,,,,,,,,,,,,,
Pfb5ad97400,2004,80.75,82.0,257.0,88.0,110.5,5.3,,,31.5,34.0,12.32,,3.15,22.0,27.710628027453758,7.25,,,,,,,,,,,,,,,,,,,,,
Pd353deb783,2004,78.25,79.5,186.0,83.0,105.5,6.7,,,26.5,30.0,10.72,,3.23,,21.357113668672113,4.75,,,,,,,,,,,,,,,,,,,,,
P5246294b22,2004,73.75,75.0,170.0,79.5,98.5,5.3,,,30.5,37.0,11.03,,3.19,5.0,21.974711365912253,5.75,,,,,,,,,,,,,,,,,,,,,
P6292223fd6,2004,77.75,79.25,196.0,83.0,105.0,9.3,,,29.0,36.0,11.95,,3.38,11.0,22.79573413993242,5.25,,,,,,,,,,,,,,,,,,,,,
P8abebd0da5,2004,79.0,80.0,220.0,84.5,108.5,6.7,,,27.5,31.5,11.46,,3.34,5.0,24.78373778570984,5.5,,,,,,,,,,,,,,,,,,,,,
Pcdb1e8afaa,2004,,,,,,,,,,,,,,,,,,,,,,,,,,,,,,,,,,,,,
Pff029e3151,2004,77.75,78.75,217.0,83.0,105.5,6.7,,,30.5,34.5,11.17,,3.18,4.0,25.23813422635375,5.25,,,,,,,,,,,,,,,,,,,,,
P679159f4f1,2004,,,,,,,,,,,,,,,,,,,,,,,,,,,,,,,,,,,,,
P6e6444ed0f,2004,,,,,,,,,,,,,,,,,,,,,,,,,,,,,,,,,,,,,
Pcca6045f01,2004,80.25,81.5,238.0,84.5,106.5,6.7,,,29.5,36.0,11.33,,3.2,22.0,25.98275404223483,4.25,,,,,,,,,,,,,,,,,,,,,
P67b7122a99,2004,80.5,81.75,263.0,86.5,110.0,10.5,,,28.5,30.0,13.08,,3.29,3.0,28.533976227012683,6.0,,,,,,,,,,,,,,,,,,,,,
P44f5111142,2004,78.0,78.75,228.0,81.0,104.0,9.3,,,30.0,35.0,10.79,,3.13,19.0,26.3477751738541,3.0,,,,,,,,,,,,,,,,,,,,,
P25c05d7b38,2004,79.0,80.25,221.0,84.0,106.5,6.7,,,32.5,39.5,11.43,,3.24,12.0,24.896391139281246,5.0,,,,,,,,,,,,,,,,,,,,,
Pc9a523c1e4,2004,,,,,,,,,,,,,,,,,,,,,,,,,,,,,,,,,,,,,
P0685226773,2004,,,,,,,,,,,,,,,,,,,,,,,,,,,,,,,,,,,,,
Pe4a9ff24c9,2004,,,,,,,,,,,,,,,,,,,,,,,,,,,,,,,,,,,,,
Pbc9cc4070d,2004,,,,,,,,,,,,,,,,,,,,,,,,,,,,,,,,,,,,,
P0ad01302af,2004,73.5,74.75,183.0,78.0,99.5,6.7,,,30.0,35.0,11.2,,3.15,12.0,23.81632339746701,4.5,,,,,,,,,,,,,,,,,,,,,
Pe6c8b117c8,2004,75.5,76.25,214.0,81.0,102.0,6.7,,,31.5,36.5,10.7,,3.19,17.0,26.394787955401974,5.5,,,,,,,,,,,,,,,,,,,,,
P6547eb6540,2004,,,,,,,,,,,,,,,,,,,,,,,,,,,,,,,,,,,,,
P7aeaf13cc2,2004,74.5,75.75,199.0,76.5,98.0,9.3,,,,,,,,2.0,25.208026007511865,2.0,,,,,,,,,,,,,,,,,,,,,
P3dd4b68d3d,2004,,,,,,,,,,,,,,,,,,,,,,,,,,,,,,,,,,,,,
Pc02213b2fe,2004,81.25,82.75,226.0,84.0,105.5,6.7,,,29.5,33.5,10.75,,3.25,12.0,24.069108638818467,2.75,,,,,,,,,,,,,,,,,,,,,
Pffd0721d82,2004,85.75,87.25,266.0,89.5,111.5,6.7,,,24.0,26.5,12.61,,3.6,2.0,25.433825454906227,3.75,,,,,,,,,,,,,,,,,,,,,
P984d62c606,2004,,,,,,,,,,,,,,,,,,,,,,,,,,,,,,,,,,,,,
Pbc201d669f,2004,,,,,,,,,,,,,,,,,,,,,,,,,,,,,,,,,,,,,
P8eebd87e26,2004,75.5,76.5,216.0,81.0,100.0,6.7,,,,,,,,,26.641468216667413,5.5,,,,,,,,,,,,,,,,,,,,,
Pcc92138fb2,2004,72.0,72.75,191.0,78.5,96.5,9.9,,,,,,,,9.0,25.903991070810072,6.5,,,,,,,,,,,,,,,,,,,,,
Paf7b3d5c90,2004,,,,,,,,,,,,,,,,,,,,,,,,,,,,,,,,,,,,,
Pb3e080e381,2004,72.0,73.25,193.0,78.5,98.0,6.7,,,31.5,35.0,10.45,,3.14,7.0,26.175237050609134,6.5,,,,,,,,,,,,,,,,,,,,,
P8438cd9418,2004,,,,,,,,,,,,,,,,,,,,,,,,,,,,,,,,,,,,,
P20571734e6,2004,79.0,80.25,201.0,86.0,107.5,8.0,,,29.5,32.0,11.63,,3.29,8.0,22.64332406785308,7.0,,,,,,,,,,,,,,,,,,,,,
P46af6c0052,2004,77.25,78.5,208.0,82.0,102.0,6.0,,,28.5,34.5,10.91,,3.17,14.0,24.505561955144195,4.75,,,,,,,,,,,,,,,,,,,,,
P92a5884e77,2004,,,,,,,,,,,,,,,,,,,,,,,,,,,,,,,,,,,,,
Pd2c0348ebe,2004,80.5,82.0,233.0,86.0,108.5,9.3,,,28.0,31.5,12.13,,3.27,18.0,25.279150041421886,5.5,,,,,,,,,,,,,,,,,,,,,
Pfa91aaf1ef,2004,,,,,,,,,,,,,,,,,,,,,,,,,,,,,,,,,,,,,
Pe4ea2d8948,2004,80.25,81.5,234.0,85.0,108.5,10.8,,,29.5,31.0,11.15,,3.25,13.0,25.546069100348532,4.75,,,,,,,,,,,,,,,,,,,,,
Pf2b6b60b16,2004,72.5,73.75,202.0,79.5,98.5,6.0,,,29.0,32.0,10.97,,3.1,15.0,27.019273262708243,7.0,,,,,,,,,,,,,,,,,,,,,
P35d8517b9d,2004,,,,,,,,,,,,,,,,,,,,,,,,,,,,,,,,,,,,,
Pd6e783f74c,2004,,,,,,,,,,,,,,,,,,,,,,,,,,,,,,,,,,,,,
P27d4bedf9b,2004,74.75,76.0,185.0,79.0,100.0,7.3,,,,,,,,1.0,23.278106013712506,4.25,,,,,,,,,,,,,,,,,,,,,
P51ef89c5e3,2004,,,,,,,,,,,,,,,,,,,,,,,,,,,,,,,,,,,,,
P063b0ea350,2005,,,,,,,,,,,,,,,,,,,,,,,,,,,,,,,,,,,,,
P15657a7054,2006,,,,,,,,,,,,,,,,,,,,,,,,,,,,,,,,,,,,,
P391abc2490,2004,83.25,85.0,264.0,88.5,113.0,14.1,,,,,,,,15.0,26.7814292165662,5.25,,,,,,,,,,,,,,,,,,,,,
P8cdc1bb5f1,2004,,,,,,,,,,,,,,,,,,,,,,,,,,,,,,,,,,,,,
P80665441e6,2004,,,,,,,,,,,,,,,,,,,,,,,,,,,,,,,,,,,,,
P2b413e3467,2004,78.25,79.5,223.0,83.0,106.0,18.5,,,31.0,32.0,11.38,,3.19,4.0,25.605571764053124,4.75,,,,,,,,,,,,,,,,,,,,,
P16796cf3ab,2004,,,,,,,,,,,,,,,,,,,,,,,,,,,,,,,,,,,,,
P4abddfb1a4,2005,,,,,,,,,,,,,,,,,,,,,,,,,,,,,,,,,,,,,
P23c2e6b3e7,2004,68.75,69.75,171.0,73.0,92.0,6.7,,,29.0,34.5,10.63,,3.08,13.0,25.43601150271392,4.25,,,,,,,,,,,,,,,,,,,,,
P868c4004ba,2004,76.5,78.0,222.0,84.0,106.0,7.3,,,26.5,31.0,11.92,,3.15,15.0,26.67033135629773,7.5,,,,,,,,,,,,,,,,,,,,,
P630cc033c0,2004,80.0,81.5,263.0,85.5,109.0,16.3,,,23.0,25.0,13.32,,3.4,14.0,28.8917655382967,5.5,,,,,,,,,,,,,,,,,,,,,
P5c6144028a,2007,,,,,,,,,,,,,,,,,,,,,,,,,,,,,,,,,,,,,
P34cc8e28e0,2004,,,,,,,,,,,,,,,,,,,,,,,,,,,,,,,,,,,,,
Pddd42c77c5,2004,82.0,83.75,246.0,84.5,109.0,12.9,,,22.0,26.0,12.65,,3.56,15.0,25.722057791676566,2.5,,,,,,,,,,,,,,,,,,,,,
P42d0d6de9a,2005,81.5,82.5,243.6,86.5,110.5,,,,27.5,31.0,11.6,,3.38,19.0,25.784598532138837,5.0,,,,,,,,,,,,,,,,,,,,,
P471bec0288,2005,79.5,80.5,225.4,85.5,103.0,,,,31.0,34.0,10.84,,3.34,10.0,25.07367323296808,6.0,,,,,,,,,,,,,,,,,,,,,
Pdd972253d5,2005,79.25,80.5,215.0,86.0,108.0,,,,33.0,38.0,,,3.22,11.0,24.067901501245988,6.75,,,,,,,,,,,,,,,,,,,,,
Pe68742d859,2005,79.75,81.0,229.5,84.0,106.5,,,,30.5,32.5,10.8,,3.19,14.0,25.36995014234327,4.25,,,,,,,,,,,,,,,,,,,,,
P74b9613d69,2005,74.25,75.25,176.6,74.75,98.0,,,,26.5,31.5,12.13,,3.31,0.0,22.521436636039503,0.5,,,,,,,,,,,,,,,,,,,,,
Pf72d9be4b9,2005,,,,,,,,,,,,,,,,,,,,,,,,,,,,,,,,,,,,,
P0ad0c7ed95,2005,72.75,74.25,184.8,77.5,96.5,,,,31.5,39.0,10.49,,3.29,11.0,24.54902673654145,4.75,,,,,,,,,,,,,,,,,,,,,
P26b57d2aae,2005,,,,,,,,,,,,,,,,,,,,,,,,,,,,,,,,,,,,,
Pbd8640195d,2005,,,,,,,,,,,,,,,,,,,,,,,,,,,,,,,,,,,,,
Pf1999192da,2005,77.5,78.75,232.4,82.0,104.5,,,,30.0,33.0,10.7,,3.34,20.0,27.203890998233614,4.5,,,,,,,,,,,,,,,,,,,,,
Pa24dadc449,2015,79.25,80.5,239.2,87.5,109.5,5.8,9.5,10.25,,,,,,,26.77693971673507,8.25,,,,,,,,,,,,,,,,,,,,,
Pff77feae98,2015,77.0,78.5,241.8,83.5,102.0,7.5,9.0,9.0,,,,,,,28.67300124080768,6.5,,,,,,,,,,,,,,,,,,,,,
P84b2e1b413,2015,81.25,82.5,216.0,87.25,111.5,14.7,9.25,10.75,,,,,,,23.0041038317911,6.0,,,,,,,,,,,,,,,,,,,,,
P11ed05516e,2015,,,,,,,,,,,,,,,,,,,,,,,,,,,,,,,,,,,,,
P98102db2bd,2015,,,,,,,,,,,,,,,,,,,,,,,,,,,,,,,,,,,,,
Pe2eac4ddf4,2016,81.0,82.0,245.2,86.75,108.5,8.55,9.0,8.0,27.5,33.5,11.65,3.0,3.5,,26.275363653028787,5.75,15.0,25.0,0.6,,,,8.0,25.0,0.32,9.0,18.0,0.5,,,,19.0,33.0,0.5757575757575758,,,
P07954fea73,2016,,,,,,,,,,,,,,,,,,,,,,,,,,,,,,,,,,,,,
Pc00908f11e,2016,,,,,,,,,,,,,,,,,,,,,,,,,,,,,,,,,,,,,
Pd7d10f6f4c,2016,,,,,,,,,,,,,,,,,,,,,,,,,,,,,,,,,,,,,
Pd59c0506ca,2017,76.5,77.5,205.2,81.0,100.0,5.3,8.5,9.25,31.5,38.0,11.18,3.03,3.13,13.0,24.65203601041574,4.5,,,,15.0,25.0,0.6,19.0,25.0,0.76,,,,13.0,18.0,0.7222222222222222,,,,26.0,37.0,0.7027027027027027
Pfaef4e4fa0,2017,75.25,76.5,166.2,78.0,99.0,5.0,8.5,9.5,30.5,38.5,11.15,2.98,3.18,3.0,20.635562810305103,2.75,,,,15.0,25.0,0.6,15.0,25.0,0.6,,,,12.0,18.0,0.6666666666666666,,,,17.0,34.0,0.5
Pbced5f5600,2017,,,,,,,,,,,,,,,,,,,,,,,,,,,,,,,,,,,,,
Pb8664aec2d,2017,,,,,,,,,,,,,,,,,,,,,,,,,,,,,,,,,,,,,
Pe0f4e51abf,2018,,,,,,,,,,,,,,,,,,,,,,,,,,,,,,,,,,,,,
Pac86c1698b,2017,,,,,,,,,,,,,,,,,,,,,,,,,,,,,,,,,,,,,
P946b6a7bec,2018,79.75,81.0,212.6,83.75,108.0,4.95,8.75,9.25,,,,,,,23.501749020750236,4.0,,,,,,,,,,,,,,,,,,,,,
P1de330dcda,2000,,,,,,,,,,,,,,,,,,,,,,,,,,,,,,,,,,,,,
Pd31d743729,2006,79.25,80.25,217.0,87.0,108.0,5.6,,,34.0,39.5,11.36,,3.2,8.0,24.291788957071535,7.75,,,,,,,,,,,,,,,,,,,,,
P91b09695de,2006,79.5,80.5,258.0,88.25,104.0,11.4,,,29.0,33.5,11.53,,3.59,25.0,28.700122866485206,8.75,,,,,,,,,,,,,,,,,,,,,
Pa1953f4a95,2006,77.25,78.25,207.0,80.0,101.0,7.6,,,34.0,40.5,11.13,,3.27,6.0,24.387746753436765,2.75,,,,,,,,,,,,,,,,,,,,,
P05061c84a0,2006,83.0,84.0,237.0,92.5,113.0,6.6,,,28.5,31.0,12.52,,3.38,7.0,24.187471385466797,9.5,,,,,,,,,,,,,,,,,,,,,
P78afb3722d,2006,76.5,77.75,204.0,82.0,103.5,5.3,,,32.0,38.5,10.57,,3.06,10.0,24.507872057138457,5.5,,,,,,,,,,,,,,,,,,,,,
Pe5c2b5692d,2006,,,,,,,,,,,,,,,,,,,,,,,,,,,,,,,,,,,,,
Pb01091942c,2006,,,,,,,,,,,,,,,,,,,,,,,,,,,,,,,,,,,,,
P82e987418b,2006,77.5,78.5,259.0,81.5,103.5,12.2,,,30.0,29.5,11.59,,3.4,,30.317589365501316,4.0,,,,,,,,,,,,,,,,,,,,,
P8be75213cc,2006,,,,,,,,,,,,,,,,,,,,,,,,,,,,,,,,,,,,,
P2224af8be2,2007,83.0,84.0,257.0,88.25,112.0,7.8,,,32.0,34.0,11.67,,3.27,,26.228608211244584,5.25,,,,,,,,,,,,,,,,,,,,,
P12dc2a4dac,2007,82.0,84.75,244.0,84.5,110.0,13.0,,,26.0,29.0,11.88,,3.51,9.0,25.512935370606023,2.5,,,,,,,,,,,,,,,,,,,,,
Pb70d7d0b57,2007,75.0,77.75,203.0,80.25,101.5,7.0,,,30.0,34.5,11.12,,3.22,4.0,25.372999940755438,5.25,,,,,,,,,,,,,,,,,,,,,
P473b24f6eb,2007,,,,,,,,,,,,,,,,,,,,,,,,,,,,,,,,,,,,,
P1a6f58deb5,2007,79.75,80.75,212.0,81.0,105.0,5.1,,,29.0,34.0,10.68,,3.45,9.0,23.43542235371143,1.25,,,,,,,,,,,,,,,,,,,,,
Peefc30f89c,2007,,,,,,,,,,,,,,,,,,,,,,,,,,,,,,,,,,,,,
Pcb5c1e8ac6,2007,79.0,81.75,232.0,86.25,108.5,5.6,,,30.5,34.0,12.31,,3.39,15.0,26.135578028566737,7.25,,,,,,,,,,,,,,,,,,,,,
P3b02df9dfc,2008,,,,,,,,,,,,,,,,,,,,,,,,,,,,,,,,,,,,,
P5f07dfebd6,2008,73.75,75.0,204.0,75.5,97.0,4.7,,,31.0,38.0,11.26,,3.07,10.0,26.3696536390947,1.75,,,,,,,,,,,,,,,,,,,,,
P4e0fbd7a78,2008,,,,,,,,,,,,,,,,,,,,,,,,,,,,,,,,,,,,,
P51f87bc5f4,2008,,,,,,,,,,,,,,,,,,,,,,,,,,,,,,,,,,,,,
P20418f8d52,2009,71.25,72.5,196.6,72.75,94.5,6.6,,,29.0,36.5,10.98,,3.12,14.0,27.227770633584974,1.5,,,,,,,,,,,,,,,,,,,,,
P8afd917a6c,2009,72.25,73.5,166.2,75.0,96.5,5.7,,,30.5,33.5,10.45,,3.1,9.0,22.38482089745636,2.75,,,,,,,,,,,,,,,,,,,,,
P56bb4beeed,2009,74.75,75.75,194.4,77.0,99.0,4.8,,,31.0,33.0,10.73,,3.28,14.0,24.46088545440925,2.25,,,,,,,,,,,,,,,,,,,,,
P597d181897,2009,,,,,,,,,,,,,,,,,,,,,,,,,,,,,,,,,,,,,
Pe39c876df8,2014,,,,,,,,,,,,,,,,,,,,,,,,,,,,,,,,,,,,,
Peb1d9a0135,2009,,,,,,,,,,,,,,,,,,,,,,,,,,,,,,,,,,,,,
P4b68bd7095,2009,,,,,,,,,,,,,,,,,,,,,,,,,,,,,,,,,,,,,
Pb3be83363c,2010,81.5,82.75,291.8,89.75,113.0,16.4,9.25,10.0,23.5,27.5,11.4,,3.55,,30.88647722363757,8.25,,,,,,,,,,,,,,,,,,,,,
P1402e898dc,2010,78.75,80.0,211.0,79.75,103.0,6.9,8.5,9.25,30.5,34.5,11.73,,3.22,10.0,23.92101688951174,1.0,,,,,,,,,,,,,,,,,,,,,
P6f36cd1fed,2010,79.5,80.75,217.8,83.25,104.5,5.6,8.5,10.0,29.5,37.5,10.98,,3.4,15.0,24.228243257056114,3.75,,,,,,,,,,,,,,,,,,,,,
P780225999f,2010,78.25,79.5,235.8,81.75,106.0,7.3,9.0,9.5,31.0,36.0,11.15,,3.1,22.0,27.07530861867142,3.5,,,,,,,,,,,,,,,,,,,,,
P4d2f3d5dbd,2010,80.75,81.5,269.2,88.25,110.5,13.8,8.5,9.75,24.0,30.5,12.32,,3.39,13.0,29.026074182842613,7.5,,,,,,,,,,,,,,,,,,,,,
P7072c546bd,2010,76.5,77.75,225.8,84.75,102.0,7.5,9.25,9.5,31.0,36.0,10.87,,3.31,15.0,27.1268505416758,8.25,,,,,,,,,,,,,,,,,,,,,
P24b8a1c556,2010,75.75,77.0,202.6,81.0,101.0,3.7,9.0,10.5,31.0,40.0,11.38,,3.15,10.0,24.82404066440435,5.25,,,,,,,,,,,,,,,,,,,,,
P0aa146e53e,2010,76.5,77.75,227.0,82.5,103.0,9.3,9.0,10.25,27.0,33.0,11.39,,3.38,10.0,27.271014494953086,6.0,,,,,,,,,,,,,,,,,,,,,
P433bbb1ab7,2010,,,,,,,,,,,,,,,,,,,,,,,,,,,,,,,,,,,,,
P3daa0c9125,2010,,,,,,,,,,,,,,,,,,,,,,,,,,,,,,,,,,,,,
P29b17f6d68,2010,,,,,,,,,,,,,,,,,,,,,,,,,,,,,,,,,,,,,
P575f19a655,2011,73.75,75.5,191.0,76.0,99.0,10.2,8.25,9.25,,,,,,,24.689234534642583,2.25,,,,,,,,,,,,,,,,,,,,,
P3ef4d7a55a,2011,,,,,,,,,,,,,,,,,,,,,,,,,,,,,,,,,,,,,
Pc5e44c9142,2011,76.25,77.25,194.6,85.0,101.0,5.2,9.0,10.5,34.0,38.5,10.74,,3.09,5.0,23.532141286369107,8.75,,,,,,,,,,,,,,,,,,,,,
P495da5b1cd,2011,,,,,,,,,,,,,,,,,,,,,,,,,,,,,,,,,,,,,
P749792a28d,2011,80.75,81.75,221.2,81.5,104.5,7.0,8.25,10.0,25.5,31.5,11.05,,3.29,4.0,23.850548325574987,0.75,,,,,,,,,,,,,,,,,,,,,
Paef9538004,2011,74.5,76.0,191.4,81.5,99.5,7.6,9.0,10.0,32.0,34.5,11.12,,3.31,,24.24530742632046,7.0,,,,,,,,,,,,,,,,,,,,,
P2320c27578,2012,75.5,77.0,202.8,79.25,96.5,6.2,8.5,10.0,32.5,37.5,11.54,,3.32,1.0,25.013378492315518,3.75,,,,,,,,,,,,,,,,,,,,,
Pefaae49c8b,2012,,,,,,,,,,,,,,,,,,,,,,,,,,,,,,,,,,,,,
P0267b55e6b,2012,76.75,78.5,241.2,81.25,99.5,9.0,9.5,10.5,31.0,34.5,11.45,,3.37,20.0,28.788487111199522,4.5,,,,,,,,,,,,,,,,,,,,,
P41b1bb4705,2012,80.75,82.0,218.7,85.25,105.0,7.8,9.25,10.25,30.5,36.0,11.05,,3.48,8.0,23.58098968717563,4.5,,,,,,,,,,,,,,,,,,,,,
P404f9fdfb6,2012,,,,,,,,,,,,,,,,,,,,,,,,,,,,,,,,,,,,,
P9fd176d178,2012,82.0,83.75,241.2,88.0,108.0,7.7,9.25,10.0,26.5,29.5,12.33,,3.44,7.0,25.220163981107266,6.0,,,,,,,,,,,,,,,,,,,,,
P9df5f3f8bb,2014,,,,,,,,,,,,,,,,,,,,,,,,,,,,,,,,,,,,,
P7aebb4f3da,2000,,,,,,,,,,,,,,,,,,,,,,,,,,,,,,,,,,,,,
P854bff0ae3,2013,82.0,83.75,206.4,87.75,110.0,4.15,9.5,10.0,,,,,,,21.581433854479847,5.75,,,,,,,,,,,,,,,,,,,,,
Pde25a111c0,2013,,,,87.5,,6.4,9.0,10.75,,,,,,,,,,,,,,,,,,,,,,,,,,,,,
P73a117bd09,2013,78.25,79.5,208.6,85.75,106.0,4.7,9.0,8.5,29.5,36.0,11.69,3.1,3.34,9.0,23.952117802607543,7.5,18.0,25.0,0.72,,,,15.0,25.0,0.6,,,,,,,,,,,,
P93a13b19c2,2013,76.75,78.25,221.8,83.0,104.5,9.0,9.0,10.0,29.5,37.0,10.99,2.93,3.32,10.0,26.472995195953796,6.25,,,,10.0,25.0,0.4,8.0,25.0,0.32,,,,,,,,,,,,
Pdaa5dc2ffe,2000,,,,,,,,,,,,,,,,,,,,,,,,,,,,,,,,,,,,,
Pf1323eea4d,2013,80.75,82.25,232.0,86.0,109.0,10.05,8.5,9.25,28.5,34.0,11.85,3.23,3.51,2.0,25.0150416434602,5.25,20.0,25.0,0.8,,,,16.0,25.0,0.64,,,,,,,,,,,,
P8aa2e06ade,2013,,,,,,,,,,,,,,,,,,,,,,,,,,,,,,,,,,,,,
Pebbd613418,2013,,,,,,,,,,,,,,,,,,,,,,,,,,,,,,,,,,,,,
Pa9d4084dfb,2013,,,,,,,,,,,,,,,,,,,,,,,,,,,,,,,,,,,,,
Pccdaab2014,2014,,,,,,,,,,,,,,,,,,,,,,,,,,,,,,,,,,,,,
Pa5d86611c0,2014,,,,,,,,,,,,,,,,,,,,,,,,,,,,,,,,,,,,,
P9075a4686f,2014,,,,,,,,,,,,,,,,,,,,,,,,,,,,,,,,,,,,,
Pdd3e192436,2014,,,,,,,,,,,,,,,,,,,,,,,,,,,,,,,,,,,,,
P65db320efe,2000,76.75,,214.0,81.0,102.0,,,,27.0,31.0,12.06,,3.34,12.0,25.54202421972097,4.25,,,,,,,,,,,,,,,,,,,,,
P1c5dc0dbc6,2000,,,,,,,,,,,,,,,,,,,,,,,,,,,,,,,,,,,,,
Pe7b575da0a,2000,,,,,,,,,,,,,,,,,,,,,,,,,,,,,,,,,,,,,
Pbcfa5eaec6,2000,,,,,,,,,,,,,,,,,,,,,,,,,,,,,,,,,,,,,
Pc7c312fdc1,2001,83.5,,224.0,87.0,110.0,6.7,,,31.0,33.5,12.13,,3.36,2.0,22.587770926052812,3.5,,,,,,,,,,,,,,,,,,,,,
P1d7e465328,2001,80.25,,229.0,82.5,105.0,9.3,,,29.5,33.0,10.95,,3.3,12.0,25.000212922990656,2.25,,,,,,,,,,,,,,,,,,,,,
P675a30c147,2001,82.25,,224.0,88.0,108.0,5.3,,,30.5,38.5,11.99,,3.15,11.0,23.279546321881238,5.75,,,,,,,,,,,,,,,,,,,,,
Paf6a9c1c9e,2001,,,,,,,,,,,,,,,,,,,,,,,,,,,,,,,,,,,,,
P4da2c7e178,2001,,,,,,,,,,,,,,,,,,,,,,,,,,,,,,,,,,,,,
P6dc3d3ca5e,2001,,,,,,,,,,,,,,,,,,,,,,,,,,,,,,,,,,,,,
P07655923d4,2001,74.25,,199.0,81.5,99.5,5.3,,,31.5,36.0,,,3.25,12.0,25.378062800520166,7.25,,,,,,,,,,,,,,,,,,,,,
Paa277db6ca,2001,,,,,,,,,,,,,,,,,,,,,,,,,,,,,,,,,,,,,
P0e7fc05f4f,2001,,,,,,,,,,,,,,,,,,,,,,,,,,,,,,,,,,,,,
P4caf77098c,2001,75.5,,180.0,76.5,99.0,6.0,,,30.5,35.5,10.97,,3.15,2.0,22.20122351388951,1.0,,,,,,,,,,,,,,,,,,,,,
Pa08cb88c9e,2002,72.75,,193.0,74.0,99.0,,,,28.0,35.0,12.03,,3.22,16.0,25.63832337744859,1.25,,,,,,,,,,,,,,,,,,,,,
P634aaac9d4,2002,81.25,,253.0,88.5,109.0,,,,30.0,34.0,10.73,,3.19,16.0,26.944621617792354,7.25,,,,,,,,,,,,,,,,,,,,,
P3d9db1cda1,2002,80.25,,218.0,85.0,107.5,,,,31.0,34.5,11.43,,3.16,20.0,23.79932933280333,4.75,,,,,,,,,,,,,,,,,,,,,
P6031807405,2002,80.5,,233.0,85.75,108.5,,,,32.0,35.5,11.19,,3.25,12.0,25.279150041421886,5.25,,,,,,,,,,,,,,,,,,,,,
P01fc763e95,2002,77.25,,222.0,83.5,103.5,,,,27.0,31.0,12.15,,3.33,2.0,26.15497477904813,6.25,,,,,,,,,,,,,,,,,,,,,
P91e42fff83,2002,82.0,,230.0,84.5,109.0,,,,26.0,30.0,11.73,,3.4,9.0,24.04907842311224,2.5,,,,,,,,,,,,,,,,,,,,,
P540f972282,2002,74.25,,218.0,84.0,100.0,,,,33.5,37.5,11.12,,3.13,,27.80109392217787,9.75,,,,,,,,,,,,,,,,,,,,,
P33f4d69488,2002,,,,,,,,,,,,,,,,,,,,,,,,,,,,,,,,,,,,,
Pc0e29b5887,2002,,,,,,,,,,,,,,,,,,,,,,,,,,,,,,,,,,,,,
P71d533551f,2002,76.75,,199.0,81.75,103.5,,,,26.0,30.0,11.86,,3.22,15.0,23.75169541927324,5.0,,,,,,,,,,,,,,,,,,,,,
P33c766f164,2002,77.5,,207.0,82.25,104.0,,,,30.5,34.5,11.35,,3.25,12.0,24.230660226481746,4.75,,,,,,,,,,,,,,,,,,,,,
Pfdab72198e,2002,82.0,,250.0,83.75,109.5,,,,24.0,27.5,11.34,,3.33,10.0,26.140302633817647,1.75,,,,,,,,,,,,,,,,,,,,,
P014b6ed928,2003,83.5,,250.0,89.0,111.5,8.0,,,26.5,32.5,11.3,,3.36,13.0,25.209565765683944,5.5,,,,,,,,,,,,,,,,,,,,,
Peab571b95d,2003,82.25,,225.0,87.5,109.0,8.0,,,30.5,33.0,11.8,,3.3,9.0,23.38347286796106,5.25,,,,,,,,,,,,,,,,,,,,,
P39c1b5b439,2003,75.75,,212.0,82.75,102.0,6.7,,,31.5,35.0,10.56,,3.08,9.0,25.975797733730122,7.0,,,,,,,,,,,,,,,,,,,,,
P7feaaeffcb,2003,74.75,,186.0,78.0,98.5,5.3,,,29.0,33.5,10.98,,3.1,10.0,23.403933613786627,3.25,,,,,,,,,,,,,,,,,,,,,
P3d283763c2,2003,79.25,,262.0,85.0,107.5,14.1,,,26.0,31.5,12.9,,3.28,3.0,29.329256713146275,5.75,,,,,,,,,,,,,,,,,,,,,
P9dc8436179,2003,,,,,,,,,,,,,,,,,,,,,,,,,,,,,,,,,,,,,
P3c6c730bf2,2003,73.0,,167.0,75.0,95.5,5.3,,,26.0,32.5,11.0,,3.28,0.0,22.03276783631819,2.0,,,,,,,,,,,,,,,,,,,,,
P5e60e1df8d,2003,,,,,,,,,,,,,,,,,,,,,,,,,,,,,,,,,,,,,
P62fd3b7dd9,2003,,,,,,,,,,,,,,,,,,,,,,,,,,,,,,,,,,,,,
P3e7075c22e,2003,78.25,,211.0,81.5,102.5,6.7,,,25.5,31.5,11.42,,3.47,13.0,24.22769346284847,3.25,,,,,,,,,,,,,,,,,,,,,
P85bb3eb8b9,2003,77.25,,198.0,82.0,103.5,4.0,,,30.5,35.0,11.62,,3.25,6.0,23.327409938069955,4.75,,,,,,,,,,,,,,,,,,,,,
P8bc3dd7f6c,2003,,,,,,,,,,,,,,,,,,,,,,,,,,,,,,,,,,,,,
P269736d407,2004,81.0,82.25,240.0,88.5,111.5,10.5,,,30.5,35.5,11.21,,3.14,7.0,25.718137343910723,7.5,,,,,,,,,,,,,,,,,,,,,
Pec20f0f060,2004,73.0,74.25,192.0,80.5,99.0,5.3,,,31.5,37.5,11.28,,3.19,12.0,25.331086374689175,7.5,,,,,,,,,,,,,,,,,,,,,
P977a8945dd,2004,78.0,79.0,212.0,80.5,103.0,8.0,,,26.5,36.0,11.1,,3.24,13.0,24.498808494987145,2.5,,,,,,,,,,,,,,,,,,,,,
P5c0fad1503,2004,,,,,,9.3,,,,,,,,,,,,,,,,,,,,,,,,,,,,,,,
P0d50e77b95,2004,77.5,78.75,227.0,82.0,104.0,6.7,,,29.0,35.5,10.93,,3.21,5.0,26.571786818412352,4.5,,,,,,,,,,,,,,,,,,,,,
P0b1f22f2d4,2004,71.0,72.5,199.0,74.5,95.0,8.0,,,28.5,33.5,10.95,,3.14,15.0,27.754581699700996,3.5,,,,,,,,,,,,,,,,,,,,,
P1b3889c122,2004,,,,,,,,,,,,,,,,,,,,,,,,,,,,,,,,,,,,,
P079efef655,2004,,,,,,,,,,,,,,,,,,,,,,,,,,,,,,,,,,,,,
P9ba3c3f8a6,2006,,,,,,,,,,,,,,,,,,,,,,,,,,,,,,,,,,,,,
